t,x,y,z,qw,qx,qy,qz,com_x,com_y,com_z,com_ref_z,tilt,com_ref_y,n_stance,swing_z,degraded,cop_lx,cop_ly,slip_l,slip_r,patch_lx,patch_ly,fqp_l_x,fqp_l_y,fqp_l_z,fmj_l_x,fmj_l_y,fmj_l_z,fqp_r_x,fqp_r_y,fqp_r_z,fmj_r_x,fmj_r_y,fmj_r_z,cop_qp_l_x,cop_qp_l_y,fz_qp_l,cop_mj_l_x,cop_mj_l_y,fz_mj_l,cop_qp_r_x,cop_qp_r_y,fz_qp_r,cop_mj_r_x,cop_mj_r_y,fz_mj_r,left_hip_pitch_joint,left_hip_roll_joint,left_hip_yaw_joint,left_knee_joint,left_ankle_pitch_joint,left_ankle_roll_joint,right_hip_pitch_joint,right_hip_roll_joint,right_hip_yaw_joint,right_knee_joint,right_ankle_pitch_joint,right_ankle_roll_joint,left_shoulder_pitch_joint,left_elbow_joint,right_shoulder_pitch_joint,right_elbow_joint,tau_left_hip_pitch_joint,tau_left_hip_roll_joint,tau_left_hip_yaw_joint,tau_left_knee_joint,tau_left_ankle_pitch_joint,tau_left_ankle_roll_joint,tau_right_hip_pitch_joint,tau_right_hip_roll_joint,tau_right_hip_yaw_joint,tau_right_knee_joint,tau_right_ankle_pitch_joint,tau_right_ankle_roll_joint,tau_left_shoulder_pitch_joint,tau_left_elbow_joint,tau_right_shoulder_pitch_joint,tau_right_elbow_joint,lim_left_hip_pitch_joint,lim_left_hip_roll_joint,lim_left_hip_yaw_joint,lim_left_knee_joint,lim_left_ankle_pitch_joint,lim_left_ankle_roll_joint,lim_right_hip_pitch_joint,lim_right_hip_roll_joint,lim_right_hip_yaw_joint,lim_right_knee_joint,lim_right_ankle_pitch_joint,lim_right_ankle_roll_joint,lim_left_shoulder_pitch_joint,lim_left_elbow_joint,lim_right_shoulder_pitch_joint,lim_right_elbow_joint
0.0000,-0.00005,0.00000,0.75202,1.00000,-0.00000,-0.00092,-0.00000,0.03516,0.00007,0.68452,0.68452,0.00183,0.00007,2,0.03422,0,0.08500,0.03000,0.0862,0.0862,0.056853,0.118397,16.2346,-0.1224,131.5728,-8.9380,-0.6137,173.2324,16.2324,0.0509,131.3514,-8.9347,0.6301,173.0819,-0.082902,-0.000337,131.5657,0.025531,-0.000134,173.2324,-0.083028,0.000711,131.3443,0.025547,0.000147,173.0819,-0.32325,0.00004,-0.00002,0.70532,-0.38065,-0.00002,-0.32324,-0.00003,0.00001,0.70531,-0.38065,0.00002,0.00140,0.00121,0.00140,0.00121,-1.62380,-0.17733,0.11798,-14.53381,-5.57147,0.04848,-1.63003,0.17176,-0.11349,-14.51558,-5.57749,-0.09496,-1.17129,-0.78920,-1.17113,-0.78922,88.000,88.000,88.000,139.000,35.000,35.000,88.000,88.000,88.000,139.000,35.000,35.000,25.000,25.000,25.000,25.000
0.0010,-0.00006,0.00000,0.75205,1.00000,-0.00000,-0.00093,-0.00000,0.03515,0.00007,0.68455,0.68452,0.00184,0.00007,2,0.03423,0,0.08500,0.03000,0.2107,0.2109,-0.048636,0.118244,14.8877,-0.1209,133.5533,17.5333,-0.2020,138.7255,14.8858,0.0534,133.3327,17.5289,0.1472,138.5075,-0.075291,-0.000348,133.5469,-0.079959,-0.000287,138.7255,-0.075402,0.000690,133.3264,-0.080070,0.000614,138.5075,-0.32323,0.00004,-0.00002,0.70525,-0.38059,-0.00002,-0.32322,-0.00003,0.00001,0.70525,-0.38059,0.00002,0.00137,0.00120,0.00137,0.00120,-1.43744,-0.17917,0.11601,-14.26732,-4.72373,0.05062,-1.44370,0.17386,-0.11215,-14.24915,-4.72971,-0.09383,-1.18866,-0.81363,-1.18866,-0.81365,88.000,88.000,88.000,139.000,35.000,35.000,88.000,88.000,88.000,139.000,35.000,35.000,25.000,25.000,25.000,25.000
0.0020,-0.00007,0.00000,0.75207,1.00000,-0.00000,-0.00093,-0.00000,0.03514,0.00007,0.68457,0.68452,0.00185,0.00007,2,0.03425,0,0.08500,0.03000,0.1943,0.1945,-0.041682,0.118219,13.6261,-0.1199,135.3896,16.3869,-0.1608,140.6059,13.6241,0.0565,135.1699,16.3848,0.1071,140.3866,-0.068427,-0.000363,135.3840,-0.073005,-0.000312,140.6059,-0.068524,0.000675,135.1643,-0.073106,0.000619,140.3866,-0.32321,0.00004,-0.00002,0.70521,-0.38054,-0.00002,-0.32321,-0.00003,0.00001,0.70520,-0.38054,0.00002,0.00134,0.00119,0.00134,0.00119,-1.26450,-0.18177,0.11466,-14.02037,-3.93717,0.05321,-1.27071,0.17690,-0.11115,-14.00228,-3.94314,-0.09318,-1.20440,-0.83606,-1.20443,-0.83607,88.000,88.000,88.000,139.000,35.000,35.000,88.000,88.000,88.000,139.000,35.000,35.000,25.000,25.000,25.000,25.000
0.0030,-0.00008,0.00000,0.75208,1.00000,-0.00000,-0.00093,-0.00000,0.03513,0.00007,0.68459,0.68452,0.00186,0.00007,2,0.03426,0,0.08500,0.03000,0.1782,0.1784,-0.035291,0.118205,12.4522,-0.1190,137.0879,15.2225,-0.1598,142.4029,12.4503,0.0594,136.8690,15.2204,0.1090,142.1844,-0.062228,-0.000376,137.0829,-0.066614,-0.000325,142.4029,-0.062314,0.000661,136.8640,-0.066703,0.000607,142.1844,-0.32321,0.00004,-0.00002,0.70517,-0.38050,-0.00002,-0.32320,-0.00003,0.00001,0.70517,-0.38050,0.00002,0.00132,0.00118,0.00132,0.00117,-1.10375,-0.18418,0.11342,-13.79103,-3.20796,0.05562,-1.10993,0.17972,-0.11023,-13.77301,-3.21391,-0.09258,-1.21875,-0.85673,-1.21880,-0.85674,88.000,88.000,88.000,139.000,35.000,35.000,88.000,88.000,88.000,139.000,35.000,35.000,25.000,25.000,25.000,25.000
0.0040,-0.00009,0.00000,0.75210,1.00000,-0.00000,-0.00093,-0.00000,0.03512,0.00007,0.68461,0.68452,0.00186,0.00007,2,0.03428,0,0.08500,0.03000,0.1635,0.1637,-0.029505,0.118191,11.3611,-0.1181,138.6595,14.1287,-0.1579,144.0559,11.3593,0.0621,138.4413,14.1257,0.1092,143.8378,-0.056617,-0.000388,138.6549,-0.060828,-0.000340,144.0559,-0.056693,0.000649,138.4368,-0.060907,0.000598,143.8378,-0.32320,0.00004,-0.00002,0.70515,-0.38047,-0.00002,-0.32320,-0.00003,0.00001,0.70514,-0.38047,0.00002,0.00129,0.00116,0.00129,0.00116,-0.95424,-0.18643,0.11229,-13.57791,-2.53183,0.05787,-0.96041,0.18235,-0.10938,-13.55997,-2.53774,-0.09201,-1.23180,-0.87577,-1.23186,-0.87578,88.000,88.000,88.000,139.000,35.000,35.000,88.000,88.000,88.000,139.000,35.000,35.000,25.000,25.000,25.000,25.000
0.0050,-0.00010,0.00000,0.75212,1.00000,-0.00000,-0.00094,-0.00000,0.03511,0.00007,0.68462,0.68452,0.00187,0.00007,2,0.03429,0,0.08500,0.03000,0.1496,0.1498,-0.024236,0.118179,10.3508,-0.1173,140.1156,13.0680,-0.1568,145.5648,10.3490,0.0647,139.8981,13.0667,0.1103,145.3481,-0.051528,-0.000399,140.1115,-0.055559,-0.000351,145.5648,-0.051595,0.000638,139.8940,-0.055630,0.000589,145.3481,-0.32321,0.00004,-0.00002,0.70514,-0.38045,-0.00002,-0.32321,-0.00003,0.00001,0.70513,-0.38045,0.00002,0.00127,0.00116,0.00127,0.00116,-0.81504,-0.18850,0.11130,-13.37958,-1.90480,0.05997,-0.82114,0.18482,-0.10858,-13.36171,-1.91071,-0.09148,-1.24365,-0.89334,-1.24370,-0.89334,88.000,88.000,88.000,139.000,35.000,35.000,88.000,88.000,88.000,139.000,35.000,35.000,25.000,25.000,25.000,25.000
0.0060,-0.00010,0.00000,0.75213,1.00000,-0.00000,-0.00094,-0.00000,0.03511,0.00007,0.68464,0.68452,0.00187,0.00007,2,0.03430,0,0.08500,0.03000,0.1371,0.1372,-0.019448,0.118169,9.4156,-0.1164,141.4654,12.0835,-0.1557,146.9572,9.4137,0.0672,141.2486,12.0822,0.1119,146.7411,-0.046903,-0.000409,141.4617,-0.050771,-0.000362,146.9572,-0.046962,0.000627,141.2449,-0.050834,0.000580,146.7411,-0.32322,0.00004,-0.00002,0.70514,-0.38044,-0.00002,-0.32322,-0.00003,0.00001,0.70513,-0.38043,0.00002,0.00124,0.00115,0.00124,0.00115,-0.68531,-0.19043,0.11038,-13.19490,-1.32319,0.06193,-0.69136,0.18709,-0.10785,-13.17709,-1.32909,-0.09099,-1.25438,-0.90953,-1.25442,-0.90954,88.000,88.000,88.000,139.000,35.000,35.000,88.000,88.000,88.000,139.000,35.000,35.000,25.000,25.000,25.000,25.000
0.0070,-0.00011,0.00000,0.75214,1.00000,-0.00000,-0.00094,-0.00000,0.03510,0.00007,0.68465,0.68452,0.00187,0.00007,2,0.03432,0,0.08500,0.03000,0.1256,0.1258,-0.015089,0.118159,8.5500,-0.1156,142.7170,11.1699,-0.1547,148.2423,8.5482,0.0695,142.5009,11.1686,0.1135,148.0269,-0.042692,-0.000419,142.7137,-0.046411,-0.000372,148.2423,-0.042744,0.000618,142.4975,-0.046467,0.000571,148.0269,-0.32323,0.00004,-0.00002,0.70515,-0.38043,-0.00002,-0.32323,-0.00003,0.00001,0.70514,-0.38043,0.00001,0.00122,0.00114,0.00122,0.00114,-0.56436,-0.19221,0.10955,-13.02279,-0.78358,0.06374,-0.57036,0.18921,-0.10719,-13.00505,-0.78948,-0.09054,-1.26407,-0.92446,-1.26409,-0.92446,88.000,88.000,88.000,139.000,35.000,35.000,88.000,88.000,88.000,139.000,35.000,35.000,25.000,25.000,25.000,25.000
0.0080,-0.00012,0.00000,0.75216,1.00000,-0.00000,-0.00094,-0.00000,0.03510,0.00008,0.68467,0.68452,0.00188,0.00007,2,0.03433,0,0.08500,0.03000,0.1151,0.1153,-0.011113,0.118150,7.7492,-0.1149,143.8783,10.3224,-0.1538,149.4287,7.7473,0.0717,143.6627,10.3211,0.1149,149.2139,-0.038851,-0.000427,143.8753,-0.042435,-0.000381,149.4287,-0.038896,0.000610,143.6596,-0.042484,0.000563,149.2139,-0.32325,0.00004,-0.00002,0.70516,-0.38043,-0.00002,-0.32325,-0.00003,0.00001,0.70516,-0.38043,0.00001,0.00120,0.00113,0.00120,0.00113,-0.45152,-0.19387,0.10879,-12.86230,-0.28280,0.06542,-0.45747,0.19116,-0.10658,-12.84461,-0.28870,-0.09012,-1.27277,-0.93821,-1.27278,-0.93821,88.000,88.000,88.000,139.000,35.000,35.000,88.000,88.000,88.000,139.000,35.000,35.000,25.000,25.000,25.000,25.000
0.0090,-0.00012,0.00000,0.75217,1.00000,-0.00000,-0.00094,-0.00000,0.03509,0.00008,0.68468,0.68452,0.00188,0.00007,2,0.03434,0,0.08500,0.03000,0.1056,0.1057,-0.007480,0.118142,7.0085,-0.1141,144.9561,9.5364,-0.1529,150.5243,7.0066,0.0737,144.7410,9.5350,0.1163,150.3101,-0.035341,-0.000435,144.9533,-0.038801,-0.000389,150.5243,-0.035382,0.000602,144.7382,-0.038845,0.000556,150.3101,-0.32327,0.00004,-0.00002,0.70519,-0.38043,-0.00002,-0.32327,-0.00003,0.00001,0.70518,-0.38043,0.00001,0.00117,0.00113,0.00117,0.00113,-0.34619,-0.19541,0.10811,-12.71253,0.18205,0.06698,-0.35210,0.19297,-0.10603,-12.69489,0.17617,-0.08974,-1.28055,-0.95087,-1.28056,-0.95087,88.000,88.000,88.000,139.000,35.000,35.000,88.000,88.000,88.000,139.000,35.000,35.000,25.000,25.000,25.000,25.000
0.0100,-0.00013,0.00000,0.75218,1.00000,-0.00000,-0.00094,-0.00000,0.03509,0.00008,0.68469,0.68452,0.00188,0.00007,2,0.03436,0,0.08500,0.03000,0.0969,0.0970,-0.004156,0.118135,6.3235,-0.1134,145.9568,8.8076,-0.1520,151.5364,6.3216,0.0756,145.7423,8.8062,0.1176,151.3228,-0.032131,-0.000442,145.9544,-0.035476,-0.000396,151.5364,-0.032166,0.000595,145.7398,-0.035515,0.000550,151.3228,-0.32330,0.00004,-0.00002,0.70522,-0.38044,-0.00002,-0.32329,-0.00003,0.00001,0.70521,-0.38044,0.00001,0.00115,0.00112,0.00115,0.00112,-0.24780,-0.19684,0.10748,-12.57265,0.61369,0.06843,-0.25367,0.19464,-0.10553,-12.55506,0.60781,-0.08938,-1.28749,-0.96252,-1.28748,-0.96252,88.000,88.000,88.000,139.000,35.000,35.000,88.000,88.000,88.000,139.000,35.000,35.000,25.000,25.000,25.000,25.000
0.0110,-0.00014,0.00000,0.75218,1.00000,-0.00000,-0.00094,-0.00000,0.03508,0.00008,0.68470,0.68451,0.00188,0.00007,2,0.03437,0,0.08500,0.03000,0.0889,0.0890,-0.001109,0.118128,5.6902,-0.1128,146.8865,8.1320,-0.1512,152.4717,5.6883,0.0774,146.6724,8.1306,0.1188,152.2586,-0.029190,-0.000448,146.8843,-0.032430,-0.000403,152.4717,-0.029221,0.000589,146.6702,-0.032464,0.000544,152.2586,-0.32332,0.00004,-0.00002,0.70526,-0.38045,-0.00001,-0.32332,-0.00003,0.00001,0.70525,-0.38045,0.00001,0.00112,0.00112,0.00112,0.00112,-0.15584,-0.19817,0.10691,-12.44192,1.01459,0.06977,-0.16168,0.19619,-0.10508,-12.42436,1.00871,-0.08905,-1.29364,-0.97324,-1.29362,-0.97323,88.000,88.000,88.000,139.000,35.000,35.000,88.000,88.000,88.000,139.000,35.000,35.000,25.000,25.000,25.000,25.000
0.0120,-0.00014,0.00000,0.75219,1.00000,-0.00000,-0.00094,-0.00000,0.03508,0.00008,0.68471,0.68451,0.00187,0.00007,2,0.03438,0,0.08500,0.03000,0.0816,0.0817,0.001686,0.118122,5.1048,-0.1121,147.7506,7.5058,-0.1504,153.3362,5.1030,0.0791,147.5369,7.5044,0.1200,153.1236,-0.026492,-0.000454,147.7485,-0.029634,-0.000410,153.3362,-0.026519,0.000583,147.5348,-0.029664,0.000539,153.1236,-0.32336,0.00004,-0.00002,0.70530,-0.38047,-0.00001,-0.32335,-0.00003,0.00001,0.70529,-0.38047,0.00000,0.00110,0.00112,0.00110,0.00112,-0.06985,-0.19940,0.10640,-12.31962,1.38706,0.07102,-0.07565,0.19762,-0.10467,-12.30211,1.38119,-0.08875,-1.29904,-0.98309,-1.29901,-0.98308,88.000,88.000,88.000,139.000,35.000,35.000,88.000,88.000,88.000,139.000,35.000,35.000,25.000,25.000,25.000,25.000
0.0130,-0.00015,0.00000,0.75220,1.00000,-0.00000,-0.00093,-0.00000,0.03508,0.00008,0.68472,0.68451,0.00187,0.00007,2,0.03439,0,0.08500,0.03000,0.0749,0.0750,0.004253,0.118116,4.5639,-0.1115,148.5540,6.9256,-0.1497,154.1356,4.5621,0.0807,148.3407,6.9243,0.1211,153.9234,-0.024014,-0.000460,148.5522,-0.027066,-0.000415,154.1356,-0.024037,0.000578,148.3389,-0.027092,0.000534,153.9234,-0.32339,0.00004,-0.00002,0.70535,-0.38049,-0.00001,-0.32339,-0.00003,0.00001,0.70534,-0.38049,0.00000,0.00108,0.00111,0.00108,0.00111,0.01063,-0.20055,0.10594,-12.20513,1.73322,0.07217,0.00485,0.19894,-0.10431,-12.18766,1.72735,-0.08848,-1.30377,-0.99213,-1.30373,-0.99212,88.000,88.000,88.000,139.000,35.000,35.000,88.000,88.000,88.000,139.000,35.000,35.000,25.000,25.000,25.000,25.000
0.0140,-0.00015,0.00000,0.75221,1.00000,-0.00000,-0.00093,-0.00000,0.03507,0.00008,0.68473,0.68451,0.00187,0.00007,2,0.03441,0,0.08500,0.03000,0.0688,0.0688,0.006615,0.118111,4.0642,-0.1110,149.3014,6.3881,-0.1490,154.8751,4.0624,0.0822,149.0884,6.3868,0.1221,154.6633,-0.021736,-0.000465,149.2997,-0.024703,-0.000421,154.8751,-0.021755,0.000573,149.0868,-0.024726,0.000530,154.6633,-0.32343,0.00004,-0.00002,0.70540,-0.38051,-0.00001,-0.32342,-0.00003,0.00001,0.70539,-0.38051,0.00000,0.00105,0.00111,0.00105,0.00111,0.08599,-0.20161,0.10553,-12.09786,2.05503,0.07323,0.08024,0.20016,-0.10398,-12.08041,2.04917,-0.08822,-1.30786,-1.00043,-1.30781,-1.00042,88.000,88.000,88.000,139.000,35.000,35.000,88.000,88.000,88.000,139.000,35.000,35.000,25.000,25.000,25.000,25.000
0.0150,-0.00016,0.00000,0.75221,1.00000,-0.00000,-0.00093,-0.00000,0.03507,0.00008,0.68474,0.68451,0.00186,0.00007,2,0.03442,0,0.08500,0.03000,0.0631,0.0632,0.008790,0.118106,3.6027,-0.1104,149.9969,5.8903,-0.1483,155.5595,3.6009,0.0836,149.7843,5.8890,0.1231,155.3481,-0.019639,-0.000470,149.9955,-0.022527,-0.000426,155.5595,-0.019655,0.000569,149.7829,-0.022548,0.000526,155.3481,-0.32347,0.00004,-0.00002,0.70546,-0.38054,-0.00001,-0.32346,-0.00003,0.00001,0.70545,-0.38053,-0.00000,0.00103,0.00111,0.00103,0.00111,0.15660,-0.20259,0.10516,-11.99725,2.35430,0.07422,0.15087,0.20129,-0.10369,-11.97984,2.34845,-0.08799,-1.31137,-1.00805,-1.31130,-1.00803,88.000,88.000,88.000,139.000,35.000,35.000,88.000,88.000,88.000,139.000,35.000,35.000,25.000,25.000,25.000,25.000
0.0160,-0.00016,0.00000,0.75222,1.00000,-0.00000,-0.00093,-0.00000,0.03507,0.00008,0.68474,0.68450,0.00186,0.00007,2,0.03443,0,0.08500,0.03000,0.0580,0.0580,0.010795,0.118101,2.9730,89.9570,150.0042,5.4294,-0.1477,156.1930,3.3789,-89.9821,150.0053,5.4280,0.1240,155.9820,-0.016903,-0.029744,150.0002,-0.020522,-0.000430,156.1930,-0.017628,0.030002,150.0002,-0.020539,0.000523,155.9820,-0.32351,0.00004,-0.00001,0.70552,-0.38057,0.00004,-0.32351,-0.00003,0.00001,0.70552,-0.38056,-0.00005,0.00101,0.00111,0.00101,0.00111,0.16447,-45.62217,26.76289,-11.79075,2.72972,1.31301,0.32010,45.62216,-26.70792,-11.76503,2.64235,-1.35078,-1.29847,-1.00802,-1.29841,-1.00800,88.000,88.000,88.000,139.000,35.000,35.000,88.000,88.000,88.000,139.000,35.000,35.000,25.000,25.000,25.000,25.000
0.0170,-0.00017,0.00000,0.75222,1.00000,-0.00000,-0.00092,0.00000,0.03507,0.00008,0.68475,0.68450,0.00185,0.00007,2,0.03444,0,0.08500,0.03000,0.8342,0.8334,0.012576,0.096342,-8.5552,89.9553,150.0033,6.4352,81.1975,162.7383,13.8438,-89.9879,150.0135,6.8262,-81.1100,162.7865,0.004517,-0.029753,150.0002,-0.018740,-0.022186,162.7383,-0.035386,0.030002,150.0002,-0.019381,0.022337,162.7865,-0.32356,0.00003,0.00002,0.70561,-0.38060,0.00014,-0.32356,-0.00001,0.00000,0.70559,-0.38061,-0.00015,0.00098,0.00111,0.00098,0.00111,-3.99515,-44.64529,27.70747,-12.39836,5.33651,1.32551,4.58194,45.87504,-25.40271,-10.96746,0.52856,-1.36183,-1.30902,-1.01518,-1.30809,-1.01512,88.000,88.000,88.000,139.000,35.000,35.000,88.000,88.000,88.000,139.000,35.000,35.000,25.000,25.000,25.000,25.000
0.0180,-0.00017,-0.00000,0.75223,1.00000,-0.00000,-0.00092,0.00000,0.03507,0.00008,0.68476,0.68450,0.00185,0.00007,2,0.03446,1,0.08500,0.03000,0.8293,0.8371,0.030967,0.096482,-85.5996,89.7081,149.9796,-3.8429,82.0288,165.0298,89.9375,-89.9762,150.0525,15.6412,-79.1956,160.7248,0.085002,0.030002,150.0002,-0.000348,-0.022040,165.0298,-0.075120,-0.029937,150.0002,-0.034527,0.022404,160.7248,-0.32363,0.00003,0.00005,0.70570,-0.38063,0.00027,-0.32361,0.00001,-0.00000,0.70568,-0.38067,-0.00028,0.00095,0.00111,0.00096,0.00111,-3.99515,-44.64529,27.70747,-12.39836,5.33651,1.32551,4.58194,45.87504,-25.40271,-10.96746,0.52856,-1.36183,-1.30902,-1.01518,-1.30809,-1.01512,88.000,88.000,88.000,139.000,35.000,35.000,88.000,88.000,88.000,139.000,35.000,35.000,25.000,25.000,25.000,25.000
0.0190,-0.00018,-0.00000,0.75223,1.00000,-0.00000,-0.00092,0.00001,0.03507,0.00008,0.68476,0.68450,0.00184,0.00007,2,0.03447,1,0.08500,0.03000,0.8357,0.8428,0.031111,0.096398,-86.5298,89.4615,149.9907,-4.0082,82.4504,164.6244,89.9331,-89.9578,150.0643,15.6277,-79.7096,160.6294,0.073590,-0.005707,150.0002,-0.000204,-0.022115,164.6244,-0.085002,-0.030002,150.0002,-0.034484,0.022465,160.6294,-0.32370,0.00003,0.00011,0.70581,-0.38066,0.00045,-0.32366,0.00005,-0.00000,0.70577,-0.38074,-0.00046,0.00093,0.00111,0.00093,0.00111,-3.99515,-44.64529,27.70747,-12.39836,5.33651,1.32551,4.58194,45.87504,-25.40271,-10.96746,0.52856,-1.36183,-1.30902,-1.01518,-1.30809,-1.01512,88.000,88.000,88.000,139.000,35.000,35.000,88.000,88.000,88.000,139.000,35.000,35.000,25.000,25.000,25.000,25.000
0.0200,-0.00018,-0.00000,0.75223,1.00000,-0.00001,-0.00091,0.00002,0.03507,0.00008,0.68477,0.68449,0.00183,0.00007,2,0.03449,1,0.08500,0.03000,0.8414,0.8480,0.031230,0.096316,-87.4553,89.2160,150.0052,-4.1431,82.8385,164.2842,89.9348,-89.9339,150.0796,15.6180,-80.1832,160.5459,0.051798,-0.003716,150.0002,-0.000084,-0.022187,164.2842,-0.085003,-0.030002,150.0002,-0.034444,0.022519,160.5459,-0.32378,0.00004,0.00017,0.70593,-0.38069,0.00067,-0.32372,0.00009,-0.00000,0.70587,-0.38083,-0.00067,0.00090,0.00111,0.00091,0.00111,-3.99515,-44.64529,27.70747,-12.39836,5.33651,1.32551,4.58194,45.87504,-25.40271,-10.96746,0.52856,-1.36183,-1.30902,-1.01518,-1.30809,-1.01512,88.000,88.000,88.000,139.000,35.000,35.000,88.000,88.000,88.000,139.000,35.000,35.000,25.000,25.000,25.000,25.000
0.0210,-0.00019,-0.00000,0.75223,1.00000,-0.00001,-0.00090,0.00002,0.03507,0.00008,0.68478,0.68449,0.00182,0.00007,2,0.03450,1,0.08500,0.03000,0.8468,0.8529,0.031348,0.096230,-88.3693,88.9715,150.0230,-4.2790,83.1973,163.9565,89.9332,-89.9047,150.0980,15.6107,-80.6228,160.4644,0.069732,-0.011906,150.0002,0.000035,-0.022259,163.9565,-0.085003,-0.030002,150.0002,-0.034408,0.022575,160.4644,-0.32386,0.00004,0.00024,0.70606,-0.38072,0.00092,-0.32378,0.00015,0.00001,0.70598,-0.38092,-0.00091,0.00087,0.00111,0.00088,0.00112,-3.99515,-44.64529,27.70747,-12.39836,5.33651,1.32551,4.58194,45.87504,-25.40271,-10.96746,0.52856,-1.36183,-1.30902,-1.01518,-1.30809,-1.01512,88.000,88.000,88.000,139.000,35.000,35.000,88.000,88.000,88.000,139.000,35.000,35.000,25.000,25.000,25.000,25.000
0.0220,-0.00019,-0.00001,0.75224,1.00000,-0.00001,-0.00090,0.00003,0.03507,0.00008,0.68478,0.68449,0.00181,0.00007,2,0.03452,1,0.08500,0.03000,0.8519,0.8575,0.031466,0.096143,-89.2752,88.7280,150.0437,-4.4153,83.5293,163.6418,89.9314,-89.8706,150.1195,15.6059,-81.0315,160.3852,0.070256,0.000364,150.0002,0.000153,-0.022331,163.6418,-0.085003,-0.030002,150.0002,-0.034376,0.022632,160.3852,-0.32395,0.00005,0.00033,0.70621,-0.38075,0.00120,-0.32384,0.00021,0.00001,0.70609,-0.38104,-0.00118,0.00084,0.00112,0.00086,0.00112,-3.99515,-44.64529,27.70747,-12.39836,5.33651,1.32551,4.58194,45.87504,-25.40271,-10.96746,0.52856,-1.36183,-1.30902,-1.01518,-1.30809,-1.01512,88.000,88.000,88.000,139.000,35.000,35.000,88.000,88.000,88.000,139.000,35.000,35.000,25.000,25.000,25.000,25.000
0.0230,-0.00020,-0.00001,0.75224,1.00000,-0.00002,-0.00089,0.00007,0.03507,0.00008,0.68479,0.68448,0.00180,0.00007,2,0.03454,0,0.08500,0.03000,0.8566,0.8607,0.031582,0.096056,-90.0784,88.4855,150.0673,-4.5501,83.8300,163.3452,89.8357,-89.8320,150.1437,15.6250,-81.3430,160.3851,0.066289,0.025901,150.0002,0.000268,-0.022399,163.3452,-0.085003,-0.030002,150.0002,-0.034331,0.022672,160.3851,-0.32411,0.00009,0.00048,0.70643,-0.38073,0.00138,-0.32391,0.00039,0.00015,0.70629,-0.38137,-0.00124,0.00081,0.00114,0.00083,0.00115,-46.15526,-47.53341,34.32856,-30.05850,10.33579,-6.93994,46.42486,54.74800,-22.12973,6.60614,-2.91926,7.59662,0.73219,-0.42856,-3.22271,-0.71062,88.000,88.000,88.000,139.000,35.000,35.000,88.000,88.000,88.000,139.000,35.000,35.000,25.000,25.000,25.000,25.000
0.0240,-0.00021,-0.00002,0.75224,1.00000,-0.00002,-0.00088,0.00009,0.03507,0.00008,0.68480,0.68448,0.00178,0.00007,2,0.03457,0,0.08500,0.03000,0.6611,0.7291,0.049033,0.131684,-1.1772,-1.0150,146.7153,-48.2633,81.2368,238.2314,-1.2856,-3.2668,147.1275,75.5283,-45.6521,201.7355,-0.008074,-0.000125,146.7166,0.017732,0.013245,238.2314,-0.003381,-0.012606,147.1251,-0.053935,-0.018521,201.7355,-0.32426,0.00014,0.00062,0.70663,-0.38072,0.00154,-0.32398,0.00055,0.00029,0.70647,-0.38167,-0.00129,0.00077,0.00117,0.00080,0.00118,1.13027,3.27914,0.43996,-11.37899,3.75071,0.08146,-0.19849,-0.09997,1.86880,-11.45173,4.44947,1.94499,-2.29827,-1.11060,-0.68205,-1.05638,88.000,88.000,88.000,139.000,35.000,35.000,88.000,88.000,88.000,139.000,35.000,35.000,25.000,25.000,25.000,25.000
0.0250,-0.00021,-0.00002,0.75225,1.00000,-0.00003,-0.00087,0.00011,0.03507,0.00008,0.68480,0.68448,0.00176,0.00007,2,0.03459,0,0.08500,0.03000,0.0039,0.0503,0.022693,0.117638,-1.1860,-0.9177,147.8781,-0.3366,-0.1065,150.0242,-1.2997,-2.9682,148.2356,0.7729,-4.4943,151.0741,-0.007084,-0.000397,147.8793,-0.008619,-0.000758,150.0242,-0.002853,-0.011637,148.2337,-0.005343,-0.011150,151.0741,-0.32440,0.00019,0.00075,0.70682,-0.38071,0.00168,-0.32405,0.00071,0.00042,0.70663,-0.38194,-0.00132,0.00074,0.00119,0.00076,0.00121,1.12386,3.01293,0.43510,-11.34966,3.92370,0.10908,-0.09229,-0.05240,1.73042,-11.41998,4.57193,1.81181,-2.22974,-1.11084,-0.72854,-1.05972,88.000,88.000,88.000,139.000,35.000,35.000,88.000,88.000,88.000,139.000,35.000,35.000,25.000,25.000,25.000,25.000
0.0260,-0.00022,-0.00002,0.75225,1.00000,-0.00004,-0.00087,0.00012,0.03507,0.00008,0.68481,0.68447,0.00175,0.00007,2,0.03461,0,0.08500,0.03000,0.0039,0.0433,0.023634,0.117430,-1.1918,-0.8324,148.9521,-0.3079,-0.1737,151.2373,-1.3104,-2.7017,149.2577,0.6591,-3.8977,152.1119,-0.006156,-0.000616,148.9531,-0.007681,-0.000944,151.2373,-0.002339,-0.010754,149.2564,-0.004743,-0.010360,152.1119,-0.32453,0.00024,0.00088,0.70701,-0.38071,0.00180,-0.32411,0.00085,0.00055,0.70679,-0.38218,-0.00133,0.00070,0.00121,0.00073,0.00123,1.12042,2.77162,0.43012,-11.31756,4.08763,0.13057,0.00680,-0.01135,1.60529,-11.38555,4.68973,1.68841,-2.16623,-1.11084,-0.77007,-1.06255,88.000,88.000,88.000,139.000,35.000,35.000,88.000,88.000,88.000,139.000,35.000,35.000,25.000,25.000,25.000,25.000
0.0270,-0.00022,-0.00003,0.75225,1.00000,-0.00004,-0.00086,0.00014,0.03507,0.00008,0.68481,0.68447,0.00173,0.00007,2,0.03463,0,0.08500,0.03000,0.0040,0.0370,0.024512,0.117269,-25.5636,44.1691,150.0683,-0.2749,-0.2361,152.3689,23.0496,-47.3931,150.0726,0.5593,-3.3496,153.0900,0.038069,-0.030002,150.0002,-0.006806,-0.001085,152.3689,-0.045165,0.019024,150.0002,-0.004162,-0.009635,153.0900,-0.32466,0.00030,0.00103,0.70720,-0.38071,0.00196,-0.32418,0.00101,0.00069,0.70694,-0.38242,-0.00137,0.00066,0.00123,0.00069,0.00126,-8.20579,-16.81354,15.17361,-12.84848,9.46602,2.95561,9.42459,22.14670,-8.29076,-9.78687,-0.41950,-1.20017,-2.10752,-1.11064,-0.80698,-1.06493,88.000,88.000,88.000,139.000,35.000,35.000,88.000,88.000,88.000,139.000,35.000,35.000,25.000,25.000,25.000,25.000
0.0280,-0.00023,-0.00003,0.75225,1.00000,-0.00005,-0.00085,0.00015,0.03507,0.00008,0.68482,0.68446,0.00171,0.00007,2,0.03465,0,0.08500,0.03000,0.4079,0.4443,0.057063,0.095695,-33.9718,51.8309,150.0891,-17.0314,38.3691,171.5367,31.0266,-55.3195,150.0934,22.2149,-35.3236,156.5363,0.053193,-0.030002,150.0002,0.025714,-0.022679,171.5367,-0.058903,0.017498,150.0002,-0.042248,0.013849,156.5363,-0.32482,0.00038,0.00123,0.70742,-0.38068,0.00214,-0.32424,0.00120,0.00087,0.70710,-0.38270,-0.00143,0.00062,0.00125,0.00066,0.00129,-11.25705,-20.35694,18.55976,-13.35853,11.28778,2.69011,12.52066,26.94095,-9.81141,-9.22319,-2.05203,-0.69904,-2.18275,-1.11582,-0.73925,-1.06602,88.000,88.000,88.000,139.000,35.000,35.000,88.000,88.000,88.000,139.000,35.000,35.000,25.000,25.000,25.000,25.000
0.0290,-0.00023,-0.00004,0.75225,1.00000,-0.00006,-0.00084,0.00016,0.03507,0.00009,0.68482,0.68446,0.00170,0.00007,2,0.03467,0,0.08500,0.03000,0.4029,0.4548,0.059900,0.098903,-1.8277,-1.0227,148.8810,-17.8434,42.5557,190.8795,-1.9865,-3.2002,149.3503,28.2902,-33.8899,161.7774,-0.004477,-0.001843,148.8821,0.028549,-0.019456,190.8795,0.000091,-0.013675,149.3502,-0.051426,0.010359,161.7774,-0.32496,0.00046,0.00142,0.70763,-0.38066,0.00230,-0.32431,0.00138,0.00105,0.70724,-0.38295,-0.00147,0.00057,0.00126,0.00062,0.00131,1.35910,3.45452,0.59025,-11.27520,4.28938,0.32100,-0.10151,0.20153,1.98045,-11.27141,5.04636,2.13449,-2.37424,-1.12640,-0.58813,-1.06676,88.000,88.000,88.000,139.000,35.000,35.000,88.000,88.000,88.000,139.000,35.000,35.000,25.000,25.000,25.000,25.000
0.0300,-0.00024,-0.00004,0.75225,1.00000,-0.00007,-0.00083,0.00018,0.03508,0.00009,0.68483,0.68445,0.00168,0.00007,2,0.03469,0,0.08500,0.03000,0.0136,0.0399,0.026419,0.115979,-46.3256,58.2661,150.1268,-1.1384,-0.4852,151.6266,42.6286,-62.1336,150.1283,-0.1529,-3.6542,152.9462,0.075578,-0.030003,150.0002,-0.004907,-0.002305,151.6266,-0.078837,0.014972,150.0002,-0.001836,-0.012310,152.9462,-0.32514,0.00058,0.00168,0.70789,-0.38061,0.00249,-0.32437,0.00163,0.00130,0.70739,-0.38330,-0.00153,0.00052,0.00128,0.00058,0.00134,-15.70737,-23.42739,21.27643,-14.09387,13.98606,2.45971,17.05385,31.88238,-9.76790,-8.39634,-4.41185,-0.08139,-2.30058,-1.12508,-0.63562,-1.06856,88.000,88.000,88.000,139.000,35.000,35.000,88.000,88.000,88.000,139.000,35.000,35.000,25.000,25.000,25.000,25.000
0.0310,-0.00025,-0.00005,0.75225,1.00000,-0.00008,-0.00082,0.00018,0.03508,0.00009,0.68484,0.68445,0.00166,0.00007,2,0.03471,0,0.08500,0.03000,0.3928,0.4324,0.066477,0.101516,-2.3589,-1.4526,147.6106,-21.4960,45.0462,211.7933,-2.5890,-4.0836,148.2725,36.4903,-25.1380,170.8030,-0.003890,-0.002930,147.6121,0.035119,-0.016820,211.7933,0.001770,-0.017338,148.2736,-0.062742,0.005171,170.8030,-0.32531,0.00070,0.00193,0.70814,-0.38057,0.00266,-0.32444,0.00186,0.00154,0.70754,-0.38360,-0.00156,0.00047,0.00130,0.00055,0.00137,1.56597,4.35232,0.79978,-11.25970,4.29678,0.49241,-0.28592,0.39283,2.48645,-11.22293,5.24604,2.68814,-2.64941,-1.14385,-0.36834,-1.06855,88.000,88.000,88.000,139.000,35.000,35.000,88.000,88.000,88.000,139.000,35.000,35.000,25.000,25.000,25.000,25.000
0.0320,-0.00025,-0.00005,0.75225,1.00000,-0.00009,-0.00081,0.00018,0.03508,0.00009,0.68484,0.68445,0.00163,0.00007,2,0.03473,0,0.08500,0.03000,0.0238,0.0498,0.027286,0.114861,-2.2414,-1.3261,148.8040,-1.9245,-0.9210,149.6765,-2.4823,-3.7476,149.3761,-0.6649,-4.4826,151.7143,-0.003163,-0.003004,148.8051,-0.004046,-0.003365,149.6765,0.001921,-0.016120,149.3779,-0.000355,-0.015629,151.7143,-0.32546,0.00081,0.00217,0.70836,-0.38054,0.00281,-0.32451,0.00209,0.00178,0.70768,-0.38386,-0.00157,0.00042,0.00132,0.00051,0.00139,1.53323,4.03844,0.78319,-11.22769,4.44191,0.49231,-0.16151,0.40503,2.32971,-11.20069,5.32555,2.52110,-2.55778,-1.14159,-0.42871,-1.07012,88.000,88.000,88.000,139.000,35.000,35.000,88.000,88.000,88.000,139.000,35.000,35.000,25.000,25.000,25.000,25.000
0.0330,-0.00026,-0.00006,0.75225,1.00000,-0.00011,-0.00080,0.00018,0.03508,0.00009,0.68484,0.68444,0.00161,0.00007,2,0.03474,0,0.08500,0.03000,0.0237,0.1747,0.028035,0.114839,-42.6895,52.6531,150.1539,-1.8942,-1.0087,150.6447,38.1749,-57.3176,150.1331,7.1368,-15.2421,160.5736,0.070063,-0.030003,150.0002,-0.003298,-0.003364,150.6447,-0.070358,0.011482,150.0002,-0.008722,-0.000314,160.5736,-0.32564,0.00096,0.00247,0.70863,-0.38048,0.00300,-0.32457,0.00238,0.00209,0.70782,-0.38419,-0.00158,0.00036,0.00133,0.00047,0.00142,-13.95045,-20.26633,19.54048,-13.72741,13.33106,2.64345,15.40988,29.03524,-8.33162,-8.65083,-3.34514,0.27597,-2.47213,-1.13924,-0.48392,-1.07132,88.000,88.000,88.000,139.000,35.000,35.000,88.000,88.000,88.000,139.000,35.000,35.000,25.000,25.000,25.000,25.000
0.0340,-0.00026,-0.00007,0.75225,1.00000,-0.00012,-0.00079,0.00018,0.03508,0.00009,0.68485,0.68444,0.00159,0.00007,2,0.03474,0,0.08500,0.03000,0.3623,0.4660,0.065056,0.100921,-2.5952,-1.6441,148.0327,-19.9761,40.3446,207.0910,-2.9131,-4.4307,148.7515,33.0761,-10.8138,124.4667,-0.002605,-0.004026,148.0337,0.033680,-0.017361,207.0910,0.003283,-0.019197,148.7553,-0.085012,0.002744,124.4667,-0.32580,0.00110,0.00274,0.70890,-0.38045,0.00316,-0.32459,0.00269,0.00245,0.70780,-0.38393,-0.00140,0.00030,0.00134,0.00043,0.00143,1.70429,4.78289,0.97699,-11.20843,4.46622,0.65045,-0.29472,0.57996,2.76135,-11.15616,5.50359,2.98961,-2.78296,-1.15512,-0.23769,-1.07027,88.000,88.000,88.000,139.000,35.000,35.000,88.000,88.000,88.000,139.000,35.000,35.000,25.000,25.000,25.000,25.000
0.0350,-0.00027,-0.00007,0.75225,1.00000,-0.00013,-0.00078,0.00018,0.03509,0.00010,0.68485,0.68443,0.00157,0.00007,2,0.03472,1,0.08500,0.03000,0.0143,0.3658,0.027610,0.113894,-90.1130,83.0919,150.3108,-0.7014,-1.1275,154.2972,84.1154,-89.6134,150.2338,7.4415,6.6651,45.5199,0.049911,-0.030003,150.0002,-0.003730,-0.004248,154.2972,-0.085003,-0.030002,150.0002,-0.085011,-0.024998,45.5199,-0.32596,0.00122,0.00300,0.70916,-0.38043,0.00330,-0.32458,0.00301,0.00286,0.70763,-0.38310,-0.00105,0.00024,0.00135,0.00040,0.00144,1.70429,4.78289,0.97699,-11.20843,4.46622,0.65045,-0.29472,0.57996,2.76135,-11.15616,5.50359,2.98961,-2.78296,-1.15512,-0.23769,-1.07027,88.000,88.000,88.000,139.000,35.000,35.000,88.000,88.000,88.000,139.000,35.000,35.000,25.000,25.000,25.000,25.000
0.0360,-0.00027,-0.00008,0.75224,1.00000,-0.00014,-0.00077,0.00017,0.03509,0.00010,0.68485,0.68442,0.00156,0.00007,2,0.03470,1,0.08500,0.03000,0.0269,0.0581,0.028315,0.113861,-90.1155,82.6685,150.3308,-1.7940,-1.6500,151.2075,83.5623,-89.6349,150.1371,-0.5590,-5.8118,167.5919,0.085003,-0.003853,150.0002,-0.003026,-0.004258,151.2075,-0.061273,-0.030002,150.0002,-0.000241,-0.015875,167.5919,-0.32611,0.00135,0.00325,0.70940,-0.38043,0.00342,-0.32457,0.00332,0.00326,0.70749,-0.38234,-0.00071,0.00018,0.00135,0.00036,0.00145,1.70429,4.78289,0.97699,-11.20843,4.46622,0.65045,-0.29472,0.57996,2.76135,-11.15616,5.50359,2.98961,-2.78296,-1.15512,-0.23769,-1.07027,88.000,88.000,88.000,139.000,35.000,35.000,88.000,88.000,88.000,139.000,35.000,35.000,25.000,25.000,25.000,25.000
0.0370,-0.00027,-0.00008,0.75224,1.00000,-0.00015,-0.00076,0.00015,0.03509,0.00010,0.68485,0.68442,0.00154,0.00007,2,0.03469,1,0.08500,0.03000,0.0261,0.0468,0.027889,0.113929,-90.1224,83.2666,150.3509,-1.2180,-2.0536,152.5354,83.7196,-89.6535,150.0493,-0.7943,-4.6223,166.9383,0.085003,-0.016147,150.0002,-0.003453,-0.004166,152.5354,-0.060983,-0.030002,150.0002,0.000008,-0.016250,166.9383,-0.32624,0.00149,0.00350,0.70962,-0.38043,0.00353,-0.32458,0.00362,0.00364,0.70737,-0.38166,-0.00040,0.00011,0.00136,0.00032,0.00146,1.70429,4.78289,0.97699,-11.20843,4.46622,0.65045,-0.29472,0.57996,2.76135,-11.15616,5.50359,2.98961,-2.78296,-1.15512,-0.23769,-1.07027,88.000,88.000,88.000,139.000,35.000,35.000,88.000,88.000,88.000,139.000,35.000,35.000,25.000,25.000,25.000,25.000
0.0380,-0.00028,-0.00009,0.75223,1.00000,-0.00016,-0.00075,0.00012,0.03509,0.00010,0.68484,0.68441,0.00153,0.00007,2,0.03467,1,0.08500,0.03000,0.0377,0.0375,0.029726,0.112447,-90.1299,83.8036,150.3685,-3.0400,-1.4206,148.4204,83.8511,-89.6722,149.9682,-0.9460,-3.6291,166.5369,0.085003,-0.017884,150.0002,-0.001623,-0.005635,148.4204,0.004479,-0.030002,150.0002,0.000197,-0.016584,166.5369,-0.32635,0.00163,0.00376,0.70982,-0.38046,0.00361,-0.32460,0.00391,0.00402,0.70726,-0.38104,-0.00009,0.00005,0.00136,0.00028,0.00146,1.70429,4.78289,0.97699,-11.20843,4.46622,0.65045,-0.29472,0.57996,2.76135,-11.15616,5.50359,2.98961,-2.78296,-1.15512,-0.23769,-1.07027,88.000,88.000,88.000,139.000,35.000,35.000,88.000,88.000,88.000,139.000,35.000,35.000,25.000,25.000,25.000,25.000
0.0390,-0.00028,-0.00009,0.75222,1.00000,-0.00017,-0.00075,0.00008,0.03510,0.00011,0.68484,0.68441,0.00151,0.00007,2,0.03466,1,0.08500,0.03000,0.0331,0.0288,0.029220,0.112510,-90.1389,84.2112,150.3818,-2.3927,-1.7678,149.9148,84.1431,-89.6897,149.8935,-1.1446,-2.6312,166.0410,0.085003,-0.025928,150.0002,-0.002130,-0.005552,149.9148,-0.053189,-0.030002,150.0002,0.000412,-0.016927,166.0410,-0.32645,0.00178,0.00402,0.71000,-0.38049,0.00365,-0.32463,0.00419,0.00439,0.70718,-0.38048,0.00019,-0.00002,0.00136,0.00024,0.00147,1.70429,4.78289,0.97699,-11.20843,4.46622,0.65045,-0.29472,0.57996,2.76135,-11.15616,5.50359,2.98961,-2.78296,-1.15512,-0.23769,-1.07027,88.000,88.000,88.000,139.000,35.000,35.000,88.000,88.000,88.000,139.000,35.000,35.000,25.000,25.000,25.000,25.000
0.0400,-0.00028,-0.00009,0.75222,1.00000,-0.00018,-0.00074,0.00002,0.03510,0.00011,0.68483,0.68440,0.00149,0.00007,2,0.03465,1,0.08500,0.03000,0.0302,0.0218,0.028752,0.112572,-90.1495,84.5670,150.3912,-1.7849,-2.0852,151.3211,84.4019,-89.7068,149.8246,-1.3271,-1.7143,165.6001,0.085003,-0.022564,150.0002,-0.002599,-0.005472,151.3211,-0.043192,-0.030002,150.0002,0.000612,-0.017257,165.6001,-0.32653,0.00194,0.00429,0.71016,-0.38054,0.00367,-0.32467,0.00446,0.00475,0.70712,-0.37997,0.00046,-0.00009,0.00136,0.00019,0.00148,1.70429,4.78289,0.97699,-11.20843,4.46622,0.65045,-0.29472,0.57996,2.76135,-11.15616,5.50359,2.98961,-2.78296,-1.15512,-0.23769,-1.07027,88.000,88.000,88.000,139.000,35.000,35.000,88.000,88.000,88.000,139.000,35.000,35.000,25.000,25.000,25.000,25.000
0.0410,-0.00029,-0.00010,0.75221,1.00000,-0.00020,-0.00073,-0.00001,0.03510,0.00011,0.68483,0.68440,0.00148,0.00007,2,0.03465,0,0.08500,0.03000,0.0291,0.0174,0.028320,0.112632,-90.1615,84.8748,150.3970,-1.2151,-2.3760,152.6423,84.6292,-89.7235,149.7612,-1.4933,-0.8709,165.2033,0.085003,0.000784,150.0002,-0.003032,-0.005395,152.6423,-0.066235,-0.030002,150.0002,0.000796,-0.017573,165.2033,-0.32668,0.00215,0.00465,0.71040,-0.38055,0.00361,-0.32472,0.00481,0.00520,0.70714,-0.37971,0.00087,-0.00016,0.00140,0.00014,0.00153,-43.36108,-43.02214,31.91048,-27.16315,13.04156,-3.16638,44.72265,52.41884,-21.67278,7.85914,-0.43188,7.65304,1.75871,0.27090,-3.24780,-0.16002,88.000,88.000,88.000,139.000,35.000,35.000,88.000,88.000,88.000,139.000,35.000,35.000,25.000,25.000,25.000,25.000
0.0420,-0.00029,-0.00011,0.75221,1.00000,-0.00021,-0.00071,-0.00003,0.03510,0.00011,0.68482,0.68439,0.00145,0.00007,2,0.03466,0,0.08500,0.03000,0.6218,0.7346,0.061333,0.115859,-90.1664,82.9657,150.3933,-48.0283,74.2335,236.9893,82.8932,-89.7643,149.6999,69.4190,-50.5572,194.8304,0.085003,-0.005653,150.0002,0.029990,-0.002306,236.9893,-0.074817,-0.030002,150.0002,-0.041355,-0.020146,194.8304,-0.32689,0.00240,0.00509,0.71070,-0.38051,0.00350,-0.32478,0.00524,0.00574,0.70725,-0.37970,0.00141,-0.00024,0.00148,0.00007,0.00162,-41.37779,-40.79846,30.51238,-26.91740,13.07171,-2.14090,42.18167,50.73418,-21.13557,5.54025,-1.83459,7.65798,1.67662,0.22791,-3.63970,-0.25267,88.000,88.000,88.000,139.000,35.000,35.000,88.000,88.000,88.000,139.000,35.000,35.000,25.000,25.000,25.000,25.000
0.0430,-0.00030,-0.00012,0.75220,1.00000,-0.00024,-0.00070,-0.00004,0.03511,0.00011,0.68482,0.68438,0.00143,0.00007,2,0.03468,0,0.08500,0.03000,0.6190,0.7023,0.062674,0.113231,-89.2163,-90.9046,149.9233,-49.9875,70.7559,233.2750,80.4700,82.2081,150.1240,67.9730,-47.7052,197.0732,-0.066676,-0.011606,150.0002,0.031305,-0.004914,233.2750,0.084993,-0.030003,150.0002,-0.047141,-0.020249,197.0732,-0.32711,0.00273,0.00559,0.71101,-0.38060,0.00334,-0.32489,0.00572,0.00640,0.70747,-0.37966,0.00202,-0.00030,0.00156,-0.00001,0.00172,-62.08318,56.79710,-23.41493,-49.43397,-9.68797,4.83691,64.22241,-46.57766,31.82398,28.66561,22.05551,1.63750,1.31456,-0.79337,-4.16411,-1.30761,88.000,88.000,88.000,139.000,35.000,35.000,88.000,88.000,88.000,139.000,35.000,35.000,25.000,25.000,25.000,25.000
0.0440,-0.00031,-0.00013,0.75220,1.00000,-0.00026,-0.00069,-0.00008,0.03511,0.00012,0.68483,0.68438,0.00140,0.00007,2,0.03471,0,0.08500,0.03000,0.8373,0.8227,-0.022488,0.098757,-0.6489,-3.6023,148.4590,-79.5024,-50.0609,187.0029,-10.1793,-5.7435,149.6984,104.5072,58.2292,242.3468,-0.004502,-0.016023,148.4662,-0.053965,-0.018861,187.0029,0.017006,-0.027378,149.7018,0.032262,-0.010142,242.3468,-0.32730,0.00308,0.00610,0.71130,-0.38071,0.00321,-0.32500,0.00618,0.00705,0.70767,-0.37963,0.00261,-0.00037,0.00163,-0.00008,0.00182,3.17976,7.10404,3.99670,-10.66749,4.23164,2.41511,-1.54007,3.71265,5.03450,-11.70181,7.10639,4.30896,-4.43734,-1.20435,1.26135,-1.00397,88.000,88.000,88.000,139.000,35.000,35.000,88.000,88.000,88.000,139.000,35.000,35.000,25.000,25.000,25.000,25.000
0.0450,-0.00031,-0.00014,0.75220,1.00000,-0.00029,-0.00067,-0.00014,0.03512,0.00012,0.68483,0.68437,0.00137,0.00007,2,0.03474,0,0.08500,0.03000,0.9579,0.0958,0.116582,0.088484,-2.5202,-22.3417,149.9517,-35.7693,-9.2166,64.2655,-7.4204,13.6357,150.0701,-7.2808,-5.7190,161.0612,0.000173,-0.012292,150.0002,0.085009,-0.030012,64.2655,0.012066,-0.030003,150.0002,0.013245,-0.024137,161.0612,-0.32741,0.00352,0.00677,0.71146,-0.38094,0.00310,-0.32512,0.00666,0.00772,0.70788,-0.37960,0.00319,-0.00045,0.00170,-0.00016,0.00192,2.22139,17.02687,-1.35839,-10.82674,4.86159,2.53976,-0.49986,-6.28247,10.62063,-11.46962,6.53797,4.01772,-4.31501,-1.20192,1.17508,-1.00509,88.000,88.000,88.000,139.000,35.000,35.000,88.000,88.000,88.000,139.000,35.000,35.000,25.000,25.000,25.000,25.000
0.0460,-0.00032,-0.00015,0.75219,1.00000,-0.00033,-0.00066,-0.00022,0.03512,0.00012,0.68483,0.68436,0.00134,0.00007,2,0.03476,1,0.08500,0.03000,0.8646,0.1177,0.116595,0.092328,83.4551,-89.7380,149.6454,-32.5566,-17.0062,70.8039,-90.5271,81.5692,150.5525,-4.0306,10.8429,163.8683,-0.084822,0.029770,150.0002,0.085009,-0.026202,70.8039,0.083504,-0.028599,150.0002,0.007828,-0.024461,163.8683,-0.32745,0.00404,0.00757,0.71149,-0.38129,0.00301,-0.32524,0.00715,0.00839,0.70809,-0.37959,0.00376,-0.00052,0.00175,-0.00023,0.00201,2.22139,17.02687,-1.35839,-10.82674,4.86159,2.53976,-0.49986,-6.28247,10.62063,-11.46962,6.53797,4.01772,-4.31501,-1.20192,1.17508,-1.00509,88.000,88.000,88.000,139.000,35.000,35.000,88.000,88.000,88.000,139.000,35.000,35.000,25.000,25.000,25.000,25.000
0.0470,-0.00032,-0.00016,0.75218,1.00000,-0.00036,-0.00065,-0.00031,0.03512,0.00013,0.68483,0.68435,0.00132,0.00007,2,0.03478,1,0.08500,0.03000,0.1969,0.1478,0.028003,0.106006,86.3828,-89.6351,149.6766,0.9302,-19.4006,164.4281,-90.5686,81.9701,150.6160,-5.0809,13.3936,161.5819,-0.049912,0.030003,150.0002,-0.003518,-0.011847,164.4281,0.085003,-0.028359,150.0002,0.008524,-0.024957,161.5819,-0.32748,0.00457,0.00836,0.71153,-0.38163,0.00292,-0.32537,0.00764,0.00906,0.70829,-0.37957,0.00432,-0.00060,0.00181,-0.00031,0.00211,2.22139,17.02687,-1.35839,-10.82674,4.86159,2.53976,-0.49986,-6.28247,10.62063,-11.46962,6.53797,4.01772,-4.31501,-1.20192,1.17508,-1.00509,88.000,88.000,88.000,139.000,35.000,35.000,88.000,88.000,88.000,139.000,35.000,35.000,25.000,25.000,25.000,25.000
0.0480,-0.00033,-0.00017,0.75218,1.00000,-0.00040,-0.00064,-0.00042,0.03512,0.00013,0.68482,0.68435,0.00130,0.00007,2,0.03480,1,0.08500,0.03000,0.1996,0.1789,0.027706,0.106094,86.7422,-89.5549,149.7106,1.6146,-19.7241,165.2387,-90.6101,82.3563,150.6779,-6.5577,15.5974,157.6151,-0.083012,-0.000386,150.0002,-0.003848,-0.011731,165.2387,0.085003,0.000185,150.0002,0.009794,-0.027616,157.6151,-0.32750,0.00510,0.00915,0.71158,-0.38197,0.00282,-0.32551,0.00813,0.00975,0.70848,-0.37956,0.00486,-0.00067,0.00186,-0.00038,0.00220,2.22139,17.02687,-1.35839,-10.82674,4.86159,2.53976,-0.49986,-6.28247,10.62063,-11.46962,6.53797,4.01772,-4.31501,-1.20192,1.17508,-1.00509,88.000,88.000,88.000,139.000,35.000,35.000,88.000,88.000,88.000,139.000,35.000,35.000,25.000,25.000,25.000,25.000
0.0490,-0.00033,-0.00018,0.75217,1.00000,-0.00043,-0.00063,-0.00055,0.03512,0.00013,0.68482,0.68434,0.00128,0.00007,2,0.03482,1,0.08500,0.03000,0.2025,0.1874,0.027461,0.106170,87.1650,-89.4775,149.7429,2.1982,-20.0358,165.8650,-90.6505,82.5974,150.7356,-6.6399,16.4497,157.7761,0.024460,-0.023039,150.0002,-0.004123,-0.011632,165.8650,-0.018078,0.030002,150.0002,0.009720,-0.027817,157.7761,-0.32752,0.00563,0.00993,0.71162,-0.38231,0.00273,-0.32564,0.00862,0.01046,0.70867,-0.37955,0.00537,-0.00076,0.00191,-0.00046,0.00229,2.22139,17.02687,-1.35839,-10.82674,4.86159,2.53976,-0.49986,-6.28247,10.62063,-11.46962,6.53797,4.01772,-4.31501,-1.20192,1.17508,-1.00509,88.000,88.000,88.000,139.000,35.000,35.000,88.000,88.000,88.000,139.000,35.000,35.000,25.000,25.000,25.000,25.000
0.0500,-0.00034,-0.00019,0.75216,1.00000,-0.00046,-0.00061,-0.00070,0.03512,0.00013,0.68481,0.68433,0.00125,0.00007,2,0.03484,1,0.08500,0.03000,0.2053,0.1932,0.027243,0.106238,87.5489,-89.4036,149.7737,2.7250,-20.3219,166.4276,-90.6910,82.7994,150.7900,-6.6099,17.1087,158.2058,-0.010728,0.030002,150.0002,-0.004368,-0.011544,166.4276,0.085003,-0.017528,150.0002,0.009558,-0.027814,158.2058,-0.32752,0.00616,0.01071,0.71167,-0.38264,0.00264,-0.32579,0.00912,0.01117,0.70884,-0.37953,0.00587,-0.00084,0.00196,-0.00053,0.00237,2.22139,17.02687,-1.35839,-10.82674,4.86159,2.53976,-0.49986,-6.28247,10.62063,-11.46962,6.53797,4.01772,-4.31501,-1.20192,1.17508,-1.00509,88.000,88.000,88.000,139.000,35.000,35.000,88.000,88.000,88.000,139.000,35.000,35.000,25.000,25.000,25.000,25.000
0.0510,-0.00035,-0.00019,0.75216,1.00000,-0.00050,-0.00060,-0.00086,0.03513,0.00013,0.68481,0.68432,0.00123,0.00007,2,0.03486,1,0.08500,0.03000,0.2080,0.1985,0.027046,0.106300,87.8895,-89.3331,149.8031,3.2030,-20.5831,166.9410,-90.7315,82.9754,150.8414,-6.5749,17.7121,158.6012,-0.085003,0.017661,150.0002,-0.004588,-0.011464,166.9410,0.041259,0.000612,150.0002,0.009403,-0.027812,158.6012,-0.32752,0.00670,0.01149,0.71171,-0.38296,0.00254,-0.32593,0.00961,0.01191,0.70901,-0.37952,0.00635,-0.00093,0.00200,-0.00061,0.00246,2.22139,17.02687,-1.35839,-10.82674,4.86159,2.53976,-0.49986,-6.28247,10.62063,-11.46962,6.53797,4.01772,-4.31501,-1.20192,1.17508,-1.00509,88.000,88.000,88.000,139.000,35.000,35.000,88.000,88.000,88.000,139.000,35.000,35.000,25.000,25.000,25.000,25.000
0.0520,-0.00035,-0.00020,0.75215,1.00000,-0.00053,-0.00059,-0.00104,0.03513,0.00014,0.68480,0.68432,0.00120,0.00007,2,0.03488,1,0.08500,0.03000,0.2198,0.2043,0.025028,0.108312,88.1899,-89.2656,149.8312,5.8971,-22.0001,172.6715,-90.7721,83.1274,150.8901,-6.5830,18.3304,158.8560,-0.085003,0.010110,150.0002,-0.006605,-0.009415,172.6715,0.040103,-0.030002,150.0002,0.009289,-0.027811,158.8560,-0.32751,0.00724,0.01227,0.71177,-0.38328,0.00246,-0.32608,0.01012,0.01265,0.70918,-0.37950,0.00681,-0.00102,0.00205,-0.00069,0.00254,2.22139,17.02687,-1.35839,-10.82674,4.86159,2.53976,-0.49986,-6.28247,10.62063,-11.46962,6.53797,4.01772,-4.31501,-1.20192,1.17508,-1.00509,88.000,88.000,88.000,139.000,35.000,35.000,88.000,88.000,88.000,139.000,35.000,35.000,25.000,25.000,25.000,25.000
0.0530,-0.00036,-0.00020,0.75214,1.00000,-0.00057,-0.00058,-0.00123,0.03513,0.00014,0.68480,0.68431,0.00118,0.00007,2,0.03490,1,0.08500,0.03000,0.1830,0.2073,0.024884,0.105480,88.2773,-89.2067,149.8555,5.9654,-17.6968,170.0568,-90.8140,83.3495,150.9373,-6.5558,18.6812,159.1487,-0.081196,0.030002,150.0002,-0.006802,-0.012234,170.0568,0.085003,-0.028160,150.0002,0.009157,-0.027810,159.1487,-0.32750,0.00780,0.01305,0.71183,-0.38358,0.00238,-0.32624,0.01063,0.01341,0.70933,-0.37949,0.00727,-0.00112,0.00209,-0.00076,0.00262,2.22139,17.02687,-1.35839,-10.82674,4.86159,2.53976,-0.49986,-6.28247,10.62063,-11.46962,6.53797,4.01772,-4.31501,-1.20192,1.17508,-1.00509,88.000,88.000,88.000,139.000,35.000,35.000,88.000,88.000,88.000,139.000,35.000,35.000,25.000,25.000,25.000,25.000
0.0540,-0.00036,-0.00020,0.75213,1.00000,-0.00060,-0.00056,-0.00145,0.03513,0.00014,0.68479,0.68430,0.00115,0.00007,2,0.03492,0,0.08500,0.03000,0.1875,0.2114,0.024860,0.105547,88.3511,-89.1492,149.8782,6.1485,-18.1335,170.2095,-90.8511,83.2015,150.9792,-6.5035,19.1493,159.4693,-0.072551,0.001008,150.0002,-0.006843,-0.012159,170.2095,0.085003,-0.030002,150.0002,0.009013,-0.027808,159.4693,-0.32750,0.00836,0.01380,0.71198,-0.38395,0.00227,-0.32643,0.01113,0.01419,0.70951,-0.37945,0.00769,-0.00122,0.00217,-0.00085,0.00274,45.50340,45.40035,-30.02907,7.76312,-1.35690,2.92433,-43.92959,-45.88306,23.63517,-27.68864,13.25331,1.42906,-3.50503,-0.16717,1.68858,0.04532,88.000,88.000,88.000,139.000,35.000,35.000,88.000,88.000,88.000,139.000,35.000,35.000,25.000,25.000,25.000,25.000
0.0550,-0.00037,-0.00020,0.75213,1.00000,-0.00064,-0.00055,-0.00169,0.03513,0.00014,0.68479,0.68429,0.00120,0.00007,2,0.03494,1,0.08500,0.03000,0.8308,0.8258,-0.025594,0.111100,87.7671,-89.1072,149.8985,73.5527,-57.8638,187.7378,-90.8685,81.9858,151.0077,-65.8072,72.0267,196.9056,-0.075678,0.030002,150.0002,-0.057217,-0.005948,187.7378,0.085003,-0.026952,150.0002,0.050445,-0.020391,196.9056,-0.32750,0.00895,0.01451,0.71222,-0.38438,0.00213,-0.32666,0.01164,0.01498,0.70970,-0.37940,0.00808,-0.00133,0.00228,-0.00093,0.00290,45.50340,45.40035,-30.02907,7.76312,-1.35690,2.92433,-43.92959,-45.88306,23.63517,-27.68864,13.25331,1.42906,-3.50503,-0.16717,1.68858,0.04532,88.000,88.000,88.000,139.000,35.000,35.000,88.000,88.000,88.000,139.000,35.000,35.000,25.000,25.000,25.000,25.000
0.0560,-0.00038,-0.00021,0.75212,1.00000,-0.00067,-0.00053,-0.00195,0.03513,0.00015,0.68479,0.68428,0.00127,0.00007,2,0.03497,1,0.08500,0.03000,0.8310,0.8258,-0.025285,0.111013,87.1417,-89.0724,149.9167,74.0023,-57.9765,188.5412,-90.8815,80.7610,151.0321,-65.9918,72.2254,197.4531,-0.071859,0.029949,150.0002,-0.056886,-0.006045,188.5412,0.084387,-0.024528,150.0002,0.050248,-0.020344,197.4531,-0.32751,0.00955,0.01520,0.71255,-0.38488,0.00196,-0.32692,0.01215,0.01579,0.70992,-0.37933,0.00845,-0.00143,0.00242,-0.00102,0.00309,45.50340,45.40035,-30.02907,7.76312,-1.35690,2.92433,-43.92959,-45.88306,23.63517,-27.68864,13.25331,1.42906,-3.50503,-0.16717,1.68858,0.04532,88.000,88.000,88.000,139.000,35.000,35.000,88.000,88.000,88.000,139.000,35.000,35.000,25.000,25.000,25.000,25.000
0.0570,-0.00038,-0.00021,0.75211,1.00000,-0.00071,-0.00051,-0.00225,0.03513,0.00015,0.68478,0.68427,0.00134,0.00007,2,0.03499,1,0.08500,0.03000,0.8413,0.8257,-0.053380,0.106245,86.4864,-89.0441,149.9330,63.1303,-42.0764,150.2953,-90.8903,79.5273,151.0528,-66.4119,72.0939,197.8653,-0.083236,0.015231,150.0002,-0.085005,-0.010446,150.2953,0.085003,-0.030003,150.0002,0.050216,-0.020289,197.8653,-0.32750,0.01017,0.01582,0.71295,-0.38516,0.00177,-0.32722,0.01266,0.01663,0.71015,-0.37925,0.00879,-0.00155,0.00259,-0.00112,0.00331,45.50340,45.40035,-30.02907,7.76312,-1.35690,2.92433,-43.92959,-45.88306,23.63517,-27.68864,13.25331,1.42906,-3.50503,-0.16717,1.68858,0.04532,88.000,88.000,88.000,139.000,35.000,35.000,88.000,88.000,88.000,139.000,35.000,35.000,25.000,25.000,25.000,25.000
0.0580,-0.00039,-0.00020,0.75211,1.00000,-0.00074,-0.00050,-0.00257,0.03513,0.00015,0.68478,0.68427,0.00141,0.00007,2,0.03502,1,0.08500,0.03000,0.8418,0.8291,-0.053455,0.106144,86.7122,-89.0175,149.9218,63.9217,-42.3264,151.7830,-90.8754,77.0513,151.0572,-61.5655,75.3263,195.5597,-0.051835,0.019336,150.0002,-0.085004,-0.010600,151.7830,-0.008116,-0.029994,150.0002,0.049072,-0.028992,195.5597,-0.32748,0.01081,0.01637,0.71342,-0.38523,0.00156,-0.32756,0.01318,0.01749,0.71040,-0.37913,0.00898,-0.00166,0.00279,-0.00122,0.00356,45.50340,45.40035,-30.02907,7.76312,-1.35690,2.92433,-43.92959,-45.88306,23.63517,-27.68864,13.25331,1.42906,-3.50503,-0.16717,1.68858,0.04532,88.000,88.000,88.000,139.000,35.000,35.000,88.000,88.000,88.000,139.000,35.000,35.000,25.000,25.000,25.000,25.000
0.0590,-0.00040,-0.00020,0.75210,1.00000,-0.00079,-0.00049,-0.00291,0.03514,0.00016,0.68478,0.68426,0.00149,0.00007,2,0.03505,0,0.08500,0.03000,0.8435,0.8289,-0.053359,0.091828,19.5855,-60.3894,149.9078,56.8762,-36.9008,133.9670,-23.9597,45.7298,150.5584,-61.9843,75.4208,196.2931,-0.014738,0.017265,150.0005,-0.085002,-0.025008,133.9670,0.030726,-0.030007,150.0005,0.048846,-0.028987,196.2931,-0.32741,0.01152,0.01698,0.71372,-0.38490,0.00116,-0.32788,0.01373,0.01837,0.71063,-0.37901,0.00914,-0.00177,0.00297,-0.00131,0.00380,5.07187,22.53759,-10.33753,-9.37350,3.54801,-0.65657,-2.91068,-18.56261,15.01809,-12.60574,8.68049,2.71768,-2.97764,-1.17724,-0.42832,-1.00778,88.000,88.000,88.000,139.000,35.000,35.000,88.000,88.000,88.000,139.000,35.000,35.000,25.000,25.000,25.000,25.000
0.0600,-0.00040,-0.00020,0.75209,0.99999,-0.00083,-0.00047,-0.00330,0.03514,0.00016,0.68478,0.68425,0.00157,0.00007,2,0.03507,0,0.08500,0.03000,0.8843,0.5338,0.116594,0.089401,87.4570,-88.9573,149.8359,-10.2450,-23.1324,47.6820,-90.8345,72.1273,151.0364,-21.9887,45.7001,158.3561,-0.074383,0.021212,150.0005,0.085002,-0.030007,47.6820,0.085007,-0.030007,150.0005,0.026571,-0.028333,158.3561,-0.32721,0.01215,0.01730,0.71388,-0.38488,0.00067,-0.32823,0.01430,0.01928,0.71088,-0.37888,0.00917,-0.00188,0.00317,-0.00142,0.00408,39.50062,32.87002,-25.25329,4.36112,-1.85406,-0.25001,-38.55062,-36.75740,16.95083,-26.46203,13.40807,1.74317,-2.54339,-0.10673,0.11487,0.07687,88.000,88.000,88.000,139.000,35.000,35.000,88.000,88.000,88.000,139.000,35.000,35.000,25.000,25.000,25.000,25.000
0.0610,-0.00041,-0.00020,0.75208,0.99999,-0.00087,-0.00047,-0.00373,0.03514,0.00017,0.68477,0.68424,0.00165,0.00007,2,0.03510,1,0.08500,0.03000,1.1667,0.8250,0.116036,0.120173,91.4047,-88.8916,149.8136,0.0000,-11.4650,16.3785,-89.5777,67.6626,150.9894,-66.0041,64.4159,186.3142,-0.085007,0.030007,150.0005,0.085004,0.000629,16.3785,0.082169,-0.023708,150.0005,0.055261,-0.029176,186.3142,-0.32688,0.01272,0.01734,0.71392,-0.38517,0.00012,-0.32860,0.01488,0.02021,0.71114,-0.37872,0.00908,-0.00198,0.00339,-0.00153,0.00438,39.50062,32.87002,-25.25329,4.36112,-1.85406,-0.25001,-38.55062,-36.75740,16.95083,-26.46203,13.40807,1.74317,-2.54339,-0.10673,0.11487,0.07687,88.000,88.000,88.000,139.000,35.000,35.000,88.000,88.000,88.000,139.000,35.000,35.000,25.000,25.000,25.000,25.000
0.0620,-0.00041,-0.00019,0.75206,0.99999,-0.00091,-0.00046,-0.00421,0.03513,0.00018,0.68476,0.68423,0.00173,0.00007,2,0.03512,1,0.08500,0.03000,1.1667,0.8251,0.115944,0.118754,91.3654,-88.9214,149.8199,0.0000,-12.2902,17.5574,-84.2683,63.4503,150.9250,-66.3572,64.3756,186.7611,-0.079304,0.030007,150.0005,0.085004,-0.000943,17.5574,0.085007,-0.019961,150.0005,0.055089,-0.029171,186.7611,-0.32645,0.01322,0.01710,0.71382,-0.38575,-0.00049,-0.32900,0.01548,0.02117,0.71140,-0.37855,0.00889,-0.00209,0.00363,-0.00165,0.00471,39.50062,32.87002,-25.25329,4.36112,-1.85406,-0.25001,-38.55062,-36.75740,16.95083,-26.46203,13.40807,1.74317,-2.54339,-0.10673,0.11487,0.07687,88.000,88.000,88.000,139.000,35.000,35.000,88.000,88.000,88.000,139.000,35.000,35.000,25.000,25.000,25.000,25.000
0.0630,-0.00042,-0.00018,0.75205,0.99999,-0.00093,-0.00045,-0.00470,0.03513,0.00019,0.68474,0.68422,0.00181,0.00007,2,0.03514,0,0.08500,0.03000,0.8268,0.8250,-0.019785,0.104178,91.2469,-88.9887,149.8523,70.8811,-62.0125,189.8480,-78.8396,59.3230,150.8546,-65.8437,65.3297,187.3906,0.085007,0.030007,150.0005,-0.050785,-0.013937,189.8480,-0.078790,0.001123,150.0005,0.054343,-0.029148,187.3906,-0.32608,0.01362,0.01671,0.71388,-0.38631,-0.00134,-0.32941,0.01590,0.02189,0.71163,-0.37855,0.00822,-0.00220,0.00396,-0.00178,0.00511,55.67278,22.77726,-21.70105,28.27662,22.11038,-1.70137,-54.84489,-33.76382,11.02670,-46.45948,-10.51809,-2.52486,0.19340,1.33397,-0.90435,1.46483,88.000,88.000,88.000,139.000,35.000,35.000,88.000,88.000,88.000,139.000,35.000,35.000,25.000,25.000,25.000,25.000
0.0640,-0.00042,-0.00016,0.75203,0.99999,-0.00095,-0.00044,-0.00520,0.03513,0.00020,0.68473,0.68421,0.00186,0.00007,2,0.03509,1,0.08500,0.03000,0.7866,1.1667,0.065603,0.119903,91.1267,-89.0373,149.8965,105.4656,-46.6947,244.4001,-81.2543,61.2088,150.8219,-15.0020,0.0000,21.4314,0.085007,0.030007,150.0005,0.034920,0.000473,244.4001,-0.057213,-0.003992,150.0005,0.085012,-0.030046,21.4314,-0.32579,0.01390,0.01619,0.71408,-0.38685,-0.00240,-0.32972,0.01614,0.02245,0.71135,-0.37929,0.00736,-0.00231,0.00437,-0.00193,0.00558,55.67278,22.77726,-21.70105,28.27662,22.11038,-1.70137,-54.84489,-33.76382,11.02670,-46.45948,-10.51809,-2.52486,0.19340,1.33397,-0.90435,1.46483,88.000,88.000,88.000,139.000,35.000,35.000,88.000,88.000,88.000,139.000,35.000,35.000,25.000,25.000,25.000,25.000
0.0650,-0.00043,-0.00014,0.75202,0.99998,-0.00095,-0.00043,-0.00572,0.03513,0.00021,0.68471,0.68420,0.00189,0.00007,2,0.03505,1,0.08500,0.03000,0.8276,0.7994,0.115596,0.116412,91.0051,-89.0696,149.9512,74.4814,-27.5836,159.9484,-88.2855,64.8973,150.6961,-78.8207,26.4968,173.3595,-0.085007,0.030007,150.0005,0.085002,-0.003747,159.9484,0.082804,0.030007,150.0005,-0.059553,-0.025791,173.3595,-0.32550,0.01405,0.01538,0.71433,-0.38741,-0.00369,-0.33006,0.01622,0.02280,0.71111,-0.38014,0.00605,-0.00243,0.00485,-0.00210,0.00611,55.67278,22.77726,-21.70105,28.27662,22.11038,-1.70137,-54.84489,-33.76382,11.02670,-46.45948,-10.51809,-2.52486,0.19340,1.33397,-0.90435,1.46483,88.000,88.000,88.000,139.000,35.000,35.000,88.000,88.000,88.000,139.000,35.000,35.000,25.000,25.000,25.000,25.000
0.0660,-0.00043,-0.00010,0.75200,0.99998,-0.00094,-0.00042,-0.00628,0.03512,0.00022,0.68470,0.68419,0.00190,0.00007,2,0.03501,1,0.08500,0.03000,0.8245,0.7874,0.115463,0.115795,-85.7684,-90.6607,150.0966,74.3677,-27.1434,160.0324,88.9060,66.4350,150.4911,-78.3991,26.5035,175.1701,0.085007,-0.030007,150.0005,0.085002,-0.004491,160.0324,-0.073061,-0.030007,150.0005,-0.059027,-0.025800,175.1701,-0.32522,0.01406,0.01432,0.71462,-0.38799,-0.00518,-0.33041,0.01616,0.02297,0.71088,-0.38108,0.00434,-0.00254,0.00541,-0.00228,0.00670,55.67278,22.77726,-21.70105,28.27662,22.11038,-1.70137,-54.84489,-33.76382,11.02670,-46.45948,-10.51809,-2.52486,0.19340,1.33397,-0.90435,1.46483,88.000,88.000,88.000,139.000,35.000,35.000,88.000,88.000,88.000,139.000,35.000,35.000,25.000,25.000,25.000,25.000
0.0670,-0.00044,-0.00007,0.75199,0.99998,-0.00092,-0.00041,-0.00688,0.03512,0.00023,0.68468,0.68418,0.00188,0.00007,2,0.03496,1,0.08500,0.03000,0.8401,0.8761,0.115086,0.150412,-85.2627,-90.3383,150.1824,63.5418,-43.0123,152.2202,88.7517,66.0027,150.5022,-72.5869,10.5561,139.5467,0.085007,-0.011087,150.0006,0.085002,0.030008,152.2202,-0.068915,-0.030007,150.0006,-0.085008,-0.025027,139.5467,-0.32494,0.01387,0.01289,0.71497,-0.38851,-0.00646,-0.33079,0.01592,0.02296,0.71064,-0.38192,0.00229,-0.00265,0.00603,-0.00248,0.00735,55.67278,22.77726,-21.70105,28.27662,22.11038,-1.70137,-54.84489,-33.76382,11.02670,-46.45948,-10.51809,-2.52486,0.19340,1.33397,-0.90435,1.46483,88.000,88.000,88.000,139.000,35.000,35.000,88.000,88.000,88.000,139.000,35.000,35.000,25.000,25.000,25.000,25.000
0.0680,-0.00045,-0.00002,0.75197,0.99997,-0.00089,-0.00040,-0.00751,0.03512,0.00023,0.68466,0.68417,0.00183,0.00007,2,0.03491,1,0.08500,0.03000,0.8396,0.7087,0.115011,0.150528,-84.3625,-90.0118,150.2573,63.5345,-43.3416,152.6802,88.5927,68.1097,150.4935,-71.4921,9.5741,169.6216,0.085008,-0.000028,150.0006,0.085003,0.030011,152.6802,-0.062205,-0.030008,150.0006,-0.085015,0.015296,169.6216,-0.32465,0.01350,0.01110,0.71538,-0.38895,-0.00752,-0.33119,0.01559,0.02289,0.71044,-0.38257,0.00048,-0.00275,0.00671,-0.00269,0.00805,55.67278,22.77726,-21.70105,28.27662,22.11038,-1.70137,-54.84489,-33.76382,11.02670,-46.45948,-10.51809,-2.52486,0.19340,1.33397,-0.90435,1.46483,88.000,88.000,88.000,139.000,35.000,35.000,88.000,88.000,88.000,139.000,35.000,35.000,25.000,25.000,25.000,25.000
0.0690,-0.00046,0.00003,0.75195,0.99997,-0.00084,-0.00039,-0.00818,0.03512,0.00024,0.68464,0.68416,0.00177,0.00007,2,0.03487,1,0.08500,0.03000,0.8416,0.7056,0.114934,0.150640,-83.6205,-89.6866,150.3218,64.1613,-42.5926,152.5056,88.4800,70.3195,150.4712,-71.1824,10.5461,169.9785,0.085008,0.016569,150.0006,0.085004,0.030014,152.5056,-0.060182,0.030008,150.0006,-0.085021,0.015351,169.9785,-0.32436,0.01296,0.00896,0.71586,-0.38934,-0.00840,-0.33163,0.01518,0.02278,0.71029,-0.38305,-0.00111,-0.00285,0.00746,-0.00292,0.00881,55.67278,22.77726,-21.70105,28.27662,22.11038,-1.70137,-54.84489,-33.76382,11.02670,-46.45948,-10.51809,-2.52486,0.19340,1.33397,-0.90435,1.46483,88.000,88.000,88.000,139.000,35.000,35.000,88.000,88.000,88.000,139.000,35.000,35.000,25.000,25.000,25.000,25.000
0.0700,-0.00047,0.00008,0.75193,0.99996,-0.00079,-0.00038,-0.00889,0.03512,0.00025,0.68463,0.68415,0.00168,0.00007,2,0.03483,1,0.08500,0.03000,0.8437,0.6990,0.114856,0.150746,-83.0122,-89.3615,150.3766,64.7663,-41.8789,152.3503,88.4152,72.4036,150.4363,-70.9142,10.6880,170.9867,0.085008,-0.030008,150.0006,0.085006,0.030015,152.3503,-0.081896,0.015906,150.0006,-0.085026,0.015447,170.9867,-0.32407,0.01225,0.00650,0.71639,-0.38968,-0.00911,-0.33209,0.01467,0.02263,0.71018,-0.38336,-0.00250,-0.00294,0.00826,-0.00316,0.00962,55.67278,22.77726,-21.70105,28.27662,22.11038,-1.70137,-54.84489,-33.76382,11.02670,-46.45948,-10.51809,-2.52486,0.19340,1.33397,-0.90435,1.46483,88.000,88.000,88.000,139.000,35.000,35.000,88.000,88.000,88.000,139.000,35.000,35.000,25.000,25.000,25.000,25.000
0.0710,-0.00047,0.00015,0.75192,0.99995,-0.00072,-0.00037,-0.00964,0.03512,0.00025,0.68461,0.68414,0.00157,0.00007,2,0.03479,1,0.08500,0.03000,0.8459,0.6894,0.114777,0.150849,-82.5289,-89.0352,150.4221,65.3452,-41.2066,152.2168,88.3961,74.4300,150.3900,-70.5547,10.3476,172.3986,0.085008,-0.030008,150.0006,0.085009,0.030015,152.2168,-0.052077,0.026428,150.0006,-0.085029,0.015708,172.3986,-0.32376,0.01138,0.00371,0.71698,-0.38997,-0.00965,-0.33260,0.01409,0.02245,0.71011,-0.38352,-0.00370,-0.00303,0.00911,-0.00341,0.01049,55.67278,22.77726,-21.70105,28.27662,22.11038,-1.70137,-54.84489,-33.76382,11.02670,-46.45948,-10.51809,-2.52486,0.19340,1.33397,-0.90435,1.46483,88.000,88.000,88.000,139.000,35.000,35.000,88.000,88.000,88.000,139.000,35.000,35.000,25.000,25.000,25.000,25.000
0.0720,-0.00049,0.00021,0.75189,0.99995,-0.00066,-0.00034,-0.01041,0.03511,0.00025,0.68459,0.68413,0.00144,0.00007,2,0.03475,1,0.08500,0.03000,0.8480,0.6802,0.114697,0.150949,-83.3561,76.5714,149.9906,65.8989,-40.5758,152.1066,89.6048,-88.7959,150.9536,-70.1019,10.1797,173.5786,-0.040075,-0.030008,150.0006,0.085012,0.030014,152.1066,0.085008,0.029117,150.0006,-0.085032,0.015954,173.5786,-0.32350,0.01063,0.00121,0.71760,-0.39037,-0.01001,-0.33319,0.01355,0.02234,0.71017,-0.38355,-0.00464,-0.00308,0.00980,-0.00366,0.01120,-5.16867,1.62888,5.50104,-0.04072,0.65153,1.23348,-3.62230,1.07575,0.00010,1.30331,0.28747,2.45645,-1.08444,-2.95687,-0.73733,-2.99967,88.000,88.000,88.000,139.000,35.000,35.000,88.000,88.000,88.000,139.000,35.000,35.000,25.000,25.000,25.000,25.000
0.0730,-0.00050,0.00026,0.75185,0.99994,-0.00060,-0.00031,-0.01119,0.03511,0.00026,0.68456,0.68412,0.00131,0.00007,2,0.03471,1,0.08500,0.03000,1.1667,0.4715,0.114614,0.151054,-83.8423,77.6458,150.0611,0.0000,-14.7375,21.0535,89.3560,-88.7783,151.1114,10.0965,0.7110,35.7750,0.062464,-0.027227,150.0006,0.085015,0.030013,21.0535,0.085008,0.030008,150.0006,-0.085035,-0.022727,35.7750,-0.32329,0.00999,-0.00103,0.71826,-0.39087,-0.01023,-0.33387,0.01304,0.02228,0.71033,-0.38348,-0.00538,-0.00312,0.01035,-0.00389,0.01178,-5.07941,1.40144,4.95544,-0.11407,0.88121,0.86657,-3.43582,0.99310,-0.13138,1.06911,0.04040,1.96248,-1.13732,-2.64127,-0.75870,-2.70188,88.000,88.000,88.000,139.000,35.000,35.000,88.000,88.000,88.000,139.000,35.000,35.000,25.000,25.000,25.000,25.000
0.0740,-0.00052,0.00032,0.75180,0.99993,-0.00053,-0.00026,-0.01199,0.03511,0.00026,0.68453,0.68410,0.00118,0.00007,2,0.03468,1,0.08500,0.03000,1.1351,0.4396,0.114528,0.151162,-84.4141,78.7682,150.1335,0.4323,-15.3221,22.5062,89.1340,-88.7888,151.2363,9.8616,1.3275,37.7285,0.066993,-0.030008,150.0006,0.085017,0.030011,22.5062,-0.085008,-0.030008,150.0006,-0.085037,-0.014928,37.7285,-0.32311,0.00944,-0.00305,0.71894,-0.39146,-0.01035,-0.33464,0.01257,0.02227,0.71060,-0.38333,-0.00594,-0.00314,0.01078,-0.00412,0.01224,-4.98872,1.20643,4.47769,-0.18054,1.08908,0.59276,-3.26276,0.92019,-0.24137,0.84249,-0.16765,1.54946,-1.17909,-2.36627,-0.77224,-2.44133,88.000,88.000,88.000,139.000,35.000,35.000,88.000,88.000,88.000,139.000,35.000,35.000,25.000,25.000,25.000,25.000
0.0750,-0.00054,0.00038,0.75174,0.99992,-0.00047,-0.00020,-0.01279,0.03511,0.00026,0.68448,0.68409,0.00106,0.00007,2,0.03465,1,0.08500,0.03000,1.0982,0.4110,0.114443,0.151272,-85.0618,79.9437,150.2059,1.0105,-15.6482,23.7981,88.9360,-88.8220,151.3333,9.6042,1.6214,39.4982,-0.017737,-0.030008,150.0006,0.085019,0.030008,23.7981,0.085008,0.013425,150.0006,-0.085037,-0.010118,39.4982,-0.32298,0.00896,-0.00488,0.71964,-0.39213,-0.01039,-0.33547,0.01213,0.02230,0.71098,-0.38309,-0.00637,-0.00314,0.01110,-0.00435,0.01260,-4.89741,1.03955,4.05895,-0.23998,1.27744,0.38736,-3.10196,0.85613,-0.33304,0.62335,-0.34427,1.21170,-1.21124,-2.12681,-0.77934,-2.21320,88.000,88.000,88.000,139.000,35.000,35.000,88.000,88.000,88.000,139.000,35.000,35.000,25.000,25.000,25.000,25.000
0.0760,-0.00056,0.00044,0.75167,0.99991,-0.00040,-0.00015,-0.01355,0.03511,0.00027,0.68443,0.68408,0.00094,0.00007,2,0.03463,0,0.08500,0.03000,1.0723,0.3739,0.114359,0.151381,-85.7430,81.2232,150.2767,1.4793,-15.9719,24.9304,88.7600,-88.8718,151.4074,9.1114,1.3081,41.0295,0.009575,0.030008,150.0006,0.085021,0.030006,24.9304,0.085008,0.030008,150.0006,-0.085038,-0.009034,41.0295,-0.32283,0.00843,-0.00649,0.72011,-0.39323,-0.01072,-0.33626,0.01160,0.02196,0.71151,-0.38129,-0.00702,-0.00312,0.01146,-0.00459,0.01291,-69.99568,-76.38488,37.18752,-44.32491,1.11115,-7.51416,77.82581,65.45020,-40.33438,35.87223,22.73349,-1.20137,8.27275,1.07084,-9.81505,-2.05881,88.000,88.000,88.000,139.000,35.000,35.000,88.000,88.000,88.000,139.000,35.000,35.000,25.000,25.000,25.000,25.000
0.0770,-0.00058,0.00049,0.75160,0.99990,-0.00032,-0.00010,-0.01426,0.03511,0.00027,0.68438,0.68407,0.00080,0.00007,2,0.03462,0,0.08500,0.03000,0.0000,1.1667,0.000000,0.000000,-82.8066,80.4114,150.2452,0.0000,0.0000,0.0000,88.8275,-88.9321,151.3323,30.1301,0.0000,43.0430,0.038376,0.030008,150.0006,0.000000,0.000000,0.0000,0.085007,0.030007,150.0006,-0.085031,-0.024960,43.0430,-0.32264,0.00783,-0.00796,0.72018,-0.39367,-0.01161,-0.33701,0.01100,0.02128,0.71220,-0.37803,-0.00787,-0.00306,0.01184,-0.00485,0.01318,-62.45572,-70.53414,34.27424,-37.45223,5.64180,-7.45361,71.94416,60.05424,-37.53905,33.61718,22.50561,-1.32310,8.26650,0.87403,-9.29247,-2.30137,88.000,88.000,88.000,139.000,35.000,35.000,88.000,88.000,88.000,139.000,35.000,35.000,25.000,25.000,25.000,25.000
0.0780,-0.00060,0.00055,0.75153,0.99989,-0.00025,-0.00006,-0.01496,0.03510,0.00027,0.68431,0.68406,0.00065,0.00007,2,0.03463,1,0.08500,0.03000,0.9080,0.8374,0.114412,0.151386,-85.1637,80.3258,150.2045,-65.4295,24.2180,128.0680,89.1197,-89.0035,151.1182,118.9663,-78.9100,284.1237,0.085007,-0.030007,150.0005,0.085019,0.030008,128.0680,-0.030764,-0.030007,150.0005,0.022851,0.017419,284.1237,-0.32246,0.00724,-0.00920,0.72011,-0.39444,-0.01261,-0.33783,0.01039,0.02051,0.71310,-0.37503,-0.00860,-0.00297,0.01224,-0.00513,0.01342,-62.45572,-70.53414,34.27424,-37.45223,5.64180,-7.45361,71.94416,60.05424,-37.53905,33.61718,22.50561,-1.32310,8.26650,0.87403,-9.29247,-2.30137,88.000,88.000,88.000,139.000,35.000,35.000,88.000,88.000,88.000,139.000,35.000,35.000,25.000,25.000,25.000,25.000
0.0790,-0.00062,0.00060,0.75146,0.99988,-0.00017,-0.00001,-0.01562,0.03510,0.00027,0.68425,0.68405,0.00049,0.00007,2,0.03466,0,0.08500,0.03000,0.9087,0.8570,0.114525,0.151303,-86.6610,84.6541,150.0903,-66.3165,24.4087,129.6074,86.9962,-89.0881,150.8993,122.9486,-68.9393,274.1255,0.039249,0.030007,150.0005,0.085016,0.030012,129.6074,0.085007,0.030007,150.0005,0.028023,0.010598,274.1255,-0.32230,0.00667,-0.01023,0.71993,-0.39552,-0.01375,-0.33870,0.00981,0.01971,0.71412,-0.37232,-0.00936,-0.00286,0.01272,-0.00545,0.01366,-60.00178,-63.02599,30.80081,-34.97275,5.70939,-7.57558,67.67540,52.75148,-33.74773,30.66479,22.08202,-1.43503,9.66995,2.50658,-9.50971,-1.46790,88.000,88.000,88.000,139.000,35.000,35.000,88.000,88.000,88.000,139.000,35.000,35.000,25.000,25.000,25.000,25.000
0.0800,-0.00064,0.00065,0.75139,0.99987,-0.00010,0.00004,-0.01627,0.03511,0.00027,0.68419,0.68403,0.00034,0.00007,2,0.03470,1,0.08500,0.03000,0.9085,0.8550,0.114680,0.151179,86.0021,86.3185,149.5235,-64.9333,23.9397,126.9614,-90.3614,-87.5356,151.2368,117.1047,-66.9653,262.9570,-0.044783,0.030003,150.0002,0.085011,0.030017,126.9614,0.085003,0.030003,150.0002,0.029644,0.010851,262.9570,-0.32215,0.00613,-0.01105,0.71964,-0.39689,-0.01501,-0.33962,0.00927,0.01890,0.71528,-0.36988,-0.01016,-0.00271,0.01328,-0.00580,0.01392,-60.00178,-63.02599,30.80081,-34.97275,5.70939,-7.57558,67.67540,52.75148,-33.74773,30.66479,22.08202,-1.43503,9.66995,2.50658,-9.50971,-1.46790,88.000,88.000,88.000,139.000,35.000,35.000,88.000,88.000,88.000,139.000,35.000,35.000,25.000,25.000,25.000,25.000
0.0810,-0.00067,0.00069,0.75132,0.99986,-0.00002,0.00009,-0.01690,0.03511,0.00027,0.68413,0.68402,0.00020,0.00007,2,0.03476,1,0.08500,0.03000,0.0000,0.8529,0.000000,0.000000,81.7580,87.5359,149.5312,0.0000,0.0000,0.0000,-90.1303,-86.5683,151.5436,116.0768,-67.8283,262.7215,-0.009196,0.030003,150.0002,0.000000,0.000000,0.0000,0.085003,0.030003,150.0002,0.030479,0.010093,262.7215,-0.32200,0.00555,-0.01173,0.71898,-0.39758,-0.01677,-0.34058,0.00875,0.01806,0.71656,-0.36770,-0.01101,-0.00253,0.01390,-0.00619,0.01419,-60.00178,-63.02599,30.80081,-34.97275,5.70939,-7.57558,67.67540,52.75148,-33.74773,30.66479,22.08202,-1.43503,9.66995,2.50658,-9.50971,-1.46790,88.000,88.000,88.000,139.000,35.000,35.000,88.000,88.000,88.000,139.000,35.000,35.000,25.000,25.000,25.000,25.000
0.0820,-0.00069,0.00074,0.75126,0.99985,0.00005,0.00014,-0.01751,0.03512,0.00027,0.68406,0.68401,0.00017,0.00007,2,0.03483,1,0.08500,0.03000,0.8262,0.8472,0.041700,0.151670,72.3247,88.0281,149.4503,-71.5250,79.9245,216.3564,-89.8664,-81.7514,151.7866,110.2709,-68.4845,255.3649,-0.011191,0.030003,150.0002,0.011585,0.027872,216.3564,0.085003,0.030003,150.0002,0.033392,0.009787,255.3649,-0.32192,0.00502,-0.01229,0.71846,-0.39824,-0.01825,-0.34159,0.00825,0.01717,0.71796,-0.36575,-0.01193,-0.00232,0.01459,-0.00660,0.01446,-60.00178,-63.02599,30.80081,-34.97275,5.70939,-7.57558,67.67540,52.75148,-33.74773,30.66479,22.08202,-1.43503,9.66995,2.50658,-9.50971,-1.46790,88.000,88.000,88.000,139.000,35.000,35.000,88.000,88.000,88.000,139.000,35.000,35.000,25.000,25.000,25.000,25.000
0.0830,-0.00072,0.00078,0.75119,0.99984,0.00012,0.00018,-0.01809,0.03512,0.00026,0.68401,0.68400,0.00027,0.00007,2,0.03490,1,0.08500,0.03000,0.8278,0.8151,0.041561,0.151591,69.1002,88.2642,149.3726,-69.6543,82.3295,217.1197,-89.6980,-82.8608,152.0873,70.6369,-43.3648,169.4855,0.058186,0.030003,150.0002,0.011188,0.027868,217.1197,0.085003,0.030003,150.0002,0.085046,-0.000076,169.4855,-0.32190,0.00450,-0.01275,0.71807,-0.39886,-0.01949,-0.34259,0.00767,0.01602,0.71939,-0.36409,-0.01307,-0.00207,0.01535,-0.00705,0.01474,-60.00178,-63.02599,30.80081,-34.97275,5.70939,-7.57558,67.67540,52.75148,-33.74773,30.66479,22.08202,-1.43503,9.66995,2.50658,-9.50971,-1.46790,88.000,88.000,88.000,139.000,35.000,35.000,88.000,88.000,88.000,139.000,35.000,35.000,25.000,25.000,25.000,25.000
0.0840,-0.00075,0.00081,0.75112,0.99983,0.00020,0.00023,-0.01866,0.03513,0.00026,0.68395,0.68398,0.00037,0.00007,2,0.03498,1,0.08500,0.03000,0.8290,0.8342,0.041453,0.151503,68.9572,88.3492,149.3097,-68.3343,83.4256,216.7999,-89.6328,-86.1618,152.4109,70.7807,-46.8740,169.6213,-0.029143,0.030003,150.0002,0.010835,0.027864,216.7999,0.085003,0.030003,150.0002,0.085054,-0.000089,169.6213,-0.32196,0.00399,-0.01310,0.71782,-0.39945,-0.02049,-0.34358,0.00701,0.01460,0.72084,-0.36271,-0.01443,-0.00179,0.01618,-0.00753,0.01502,-60.00178,-63.02599,30.80081,-34.97275,5.70939,-7.57558,67.67540,52.75148,-33.74773,30.66479,22.08202,-1.43503,9.66995,2.50658,-9.50971,-1.46790,88.000,88.000,88.000,139.000,35.000,35.000,88.000,88.000,88.000,139.000,35.000,35.000,25.000,25.000,25.000,25.000
0.0850,-0.00078,0.00085,0.75105,0.99981,0.00029,0.00028,-0.01926,0.03514,0.00026,0.68389,0.68397,0.00047,0.00007,2,0.03505,0,0.08500,0.03000,0.8338,0.8376,0.040140,0.146589,68.6994,85.6604,149.2874,-66.7017,89.6210,223.3182,-89.5637,-85.8364,152.6784,70.0759,-49.1489,170.3211,-0.047608,0.030003,150.0002,0.009515,0.022991,223.3182,0.085003,0.030003,150.0002,0.085061,-0.000170,170.3211,-0.32202,0.00349,-0.01340,0.71769,-0.40019,-0.02150,-0.34455,0.00634,0.01307,0.72221,-0.36158,-0.01568,-0.00150,0.01712,-0.00804,0.01532,36.74282,-50.58249,26.16697,7.25658,1.06740,-7.50448,-35.58489,42.34272,-26.28036,-28.10487,12.57076,-1.58043,-1.45590,3.06777,-0.11953,-0.56790,88.000,88.000,88.000,139.000,35.000,35.000,88.000,88.000,88.000,139.000,35.000,35.000,25.000,25.000,25.000,25.000
0.0860,-0.00081,0.00089,0.75098,0.99980,0.00038,0.00032,-0.01988,0.03515,0.00026,0.68384,0.68396,0.00056,0.00007,2,0.03511,0,0.08500,0.03000,0.7212,0.9045,-0.000329,0.147972,71.4696,82.6099,149.2845,51.4662,61.9318,186.0968,-89.5534,-85.4462,152.9031,-82.9453,-31.4867,163.4742,-0.047124,0.030003,150.0002,-0.031178,0.022505,186.0968,0.085003,0.030003,150.0002,0.085065,0.017757,163.4742,-0.32207,0.00300,-0.01364,0.71769,-0.40105,-0.02250,-0.34550,0.00566,0.01144,0.72351,-0.36068,-0.01685,-0.00119,0.01815,-0.00857,0.01563,37.59214,-48.01509,24.95919,7.50384,1.24081,-7.37490,-35.67312,40.08314,-24.90502,-27.82645,12.55321,-1.57138,-1.99368,2.59127,-0.03631,-1.04966,88.000,88.000,88.000,139.000,35.000,35.000,88.000,88.000,88.000,139.000,35.000,35.000,25.000,25.000,25.000,25.000
0.0870,-0.00084,0.00093,0.75092,0.99979,0.00047,0.00036,-0.02054,0.03515,0.00026,0.68379,0.68394,0.00074,0.00007,2,0.03516,1,0.08500,0.03000,0.7281,0.9045,-0.000511,0.148059,73.9545,79.7698,149.2886,55.1015,59.4337,185.5219,-89.5986,-85.0642,153.0896,-82.8464,-31.4506,163.2814,-0.044432,0.030003,150.0002,-0.031543,0.022624,185.5219,0.085003,0.030003,150.0002,0.085069,0.017623,163.2814,-0.32213,0.00251,-0.01383,0.71780,-0.40204,-0.02351,-0.34644,0.00497,0.00972,0.72475,-0.36001,-0.01795,-0.00087,0.01927,-0.00913,0.01594,37.59214,-48.01509,24.95919,7.50384,1.24081,-7.37490,-35.67312,40.08314,-24.90502,-27.82645,12.55321,-1.57138,-1.99368,2.59127,-0.03631,-1.04966,88.000,88.000,88.000,139.000,35.000,35.000,88.000,88.000,88.000,139.000,35.000,35.000,25.000,25.000,25.000,25.000
0.0880,-0.00087,0.00098,0.75085,0.99977,0.00057,0.00041,-0.02122,0.03516,0.00026,0.68373,0.68393,0.00092,0.00007,2,0.03520,1,0.08500,0.03000,0.7428,0.9030,-0.000533,0.148099,76.3115,76.9921,149.3015,57.1677,59.2158,184.6902,-89.6973,-84.6884,153.2400,-83.0169,-31.8782,164.1359,-0.029956,0.030003,150.0002,-0.031723,0.022709,184.6902,0.085003,0.030003,150.0002,0.085072,0.017401,164.1359,-0.32218,0.00202,-0.01398,0.71802,-0.40314,-0.02451,-0.34737,0.00428,0.00792,0.72592,-0.35954,-0.01897,-0.00053,0.02047,-0.00972,0.01626,37.59214,-48.01509,24.95919,7.50384,1.24081,-7.37490,-35.67312,40.08314,-24.90502,-27.82645,12.55321,-1.57138,-1.99368,2.59127,-0.03631,-1.04966,88.000,88.000,88.000,139.000,35.000,35.000,88.000,88.000,88.000,139.000,35.000,35.000,25.000,25.000,25.000,25.000
0.0890,-0.00089,0.00102,0.75078,0.99976,0.00067,0.00045,-0.02195,0.03516,0.00026,0.68368,0.68392,0.00112,0.00007,2,0.03523,1,0.08500,0.03000,0.8952,0.9050,-0.053500,0.153264,78.5754,74.2651,149.3232,59.7448,24.3233,120.0974,-89.8474,-84.3171,153.3568,-83.9912,-31.7725,165.3767,-0.008830,0.030003,150.0002,-0.085029,0.025067,120.0974,0.085003,0.030003,150.0002,0.085075,0.017193,165.3767,-0.32221,0.00147,-0.01414,0.71826,-0.40388,-0.02572,-0.34829,0.00359,0.00603,0.72704,-0.35929,-0.01994,-0.00018,0.02175,-0.01033,0.01658,37.59214,-48.01509,24.95919,7.50384,1.24081,-7.37490,-35.67312,40.08314,-24.90502,-27.82645,12.55321,-1.57138,-1.99368,2.59127,-0.03631,-1.04966,88.000,88.000,88.000,139.000,35.000,35.000,88.000,88.000,88.000,139.000,35.000,35.000,25.000,25.000,25.000,25.000
0.0900,-0.00092,0.00107,0.75072,0.99974,0.00078,0.00048,-0.02271,0.03517,0.00026,0.68362,0.68390,0.00132,0.00007,2,0.03526,1,0.08500,0.03000,0.9000,0.9038,-0.053389,0.153286,80.7650,74.2105,149.2597,60.9654,23.9418,121.2959,-90.0486,-83.9486,153.4422,-84.1596,-32.1311,166.1296,-0.019628,0.030007,150.0005,-0.085030,0.025073,121.2959,0.085007,0.030007,150.0005,0.085076,0.016942,166.1296,-0.32221,0.00085,-0.01431,0.71853,-0.40427,-0.02710,-0.34920,0.00289,0.00408,0.72810,-0.35923,-0.02086,0.00019,0.02311,-0.01096,0.01690,37.59214,-48.01509,24.95919,7.50384,1.24081,-7.37490,-35.67312,40.08314,-24.90502,-27.82645,12.55321,-1.57138,-1.99368,2.59127,-0.03631,-1.04966,88.000,88.000,88.000,139.000,35.000,35.000,88.000,88.000,88.000,139.000,35.000,35.000,25.000,25.000,25.000,25.000
0.0910,-0.00095,0.00111,0.75065,0.99972,0.00090,0.00052,-0.02350,0.03517,0.00027,0.68357,0.68389,0.00154,0.00007,2,0.03528,1,0.08500,0.03000,0.7825,0.8993,0.001717,0.146765,82.8703,74.1781,149.1484,62.3187,63.2801,189.1662,-90.2972,-83.5795,153.4976,-83.4676,-32.9454,166.3042,-0.053211,0.030007,150.0005,-0.029724,0.021738,189.1662,0.085007,0.030007,150.0005,0.085077,0.016644,166.3042,-0.32221,0.00024,-0.01444,0.71890,-0.40486,-0.02845,-0.35010,0.00220,0.00206,0.72911,-0.35935,-0.02174,0.00058,0.02455,-0.01162,0.01722,37.59214,-48.01509,24.95919,7.50384,1.24081,-7.37490,-35.67312,40.08314,-24.90502,-27.82645,12.55321,-1.57138,-1.99368,2.59127,-0.03631,-1.04966,88.000,88.000,88.000,139.000,35.000,35.000,88.000,88.000,88.000,139.000,35.000,35.000,25.000,25.000,25.000,25.000
0.0920,-0.00098,0.00116,0.75058,0.99970,0.00102,0.00056,-0.02433,0.03517,0.00027,0.68351,0.68388,0.00177,0.00007,2,0.03530,1,0.08500,0.03000,0.7930,0.8985,0.001959,0.146861,77.6922,-91.8409,152.3213,63.0690,62.8059,187.0663,-83.4628,79.8816,150.4083,-83.5920,-33.2037,166.8510,-0.085007,0.030007,150.0005,-0.029553,0.021954,187.0663,0.081915,0.030007,150.0005,0.085078,0.016365,166.8510,-0.32221,-0.00037,-0.01452,0.71936,-0.40564,-0.02977,-0.35099,0.00150,-0.00004,0.73005,-0.35965,-0.02259,0.00098,0.02606,-0.01229,0.01754,37.59214,-48.01509,24.95919,7.50384,1.24081,-7.37490,-35.67312,40.08314,-24.90502,-27.82645,12.55321,-1.57138,-1.99368,2.59127,-0.03631,-1.04966,88.000,88.000,88.000,139.000,35.000,35.000,88.000,88.000,88.000,139.000,35.000,35.000,25.000,25.000,25.000,25.000
0.0930,-0.00100,0.00121,0.75052,0.99968,0.00115,0.00059,-0.02519,0.03517,0.00027,0.68346,0.68386,0.00201,0.00007,2,0.03530,1,0.08500,0.03000,0.8031,0.8978,0.002197,0.146952,79.1732,-91.8610,152.4909,63.7108,62.3335,184.9819,-83.3103,77.5121,150.4342,-83.7113,-33.4190,167.3291,-0.079899,0.030007,150.0005,-0.029374,0.022170,184.9819,0.085007,0.030007,150.0005,0.085077,0.016074,167.3291,-0.32221,-0.00097,-0.01457,0.71990,-0.40660,-0.03106,-0.35187,0.00081,-0.00221,0.73094,-0.36012,-0.02342,0.00140,0.02764,-0.01299,0.01787,37.59214,-48.01509,24.95919,7.50384,1.24081,-7.37490,-35.67312,40.08314,-24.90502,-27.82645,12.55321,-1.57138,-1.99368,2.59127,-0.03631,-1.04966,88.000,88.000,88.000,139.000,35.000,35.000,88.000,88.000,88.000,139.000,35.000,35.000,25.000,25.000,25.000,25.000
0.0940,-0.00103,0.00126,0.75045,0.99966,0.00128,0.00063,-0.02608,0.03517,0.00028,0.68340,0.68385,0.00226,0.00007,2,0.03530,1,0.08500,0.03000,0.8127,0.8973,0.002429,0.147035,80.6726,-91.8937,152.6678,64.2594,61.8659,182.9215,-83.1976,75.2099,150.4460,-83.8268,-33.5922,167.7414,-0.046416,0.030007,150.0005,-0.029191,0.022381,182.9215,0.085007,0.030007,150.0005,0.085077,0.015772,167.7414,-0.32221,-0.00158,-0.01458,0.72051,-0.40772,-0.03234,-0.35275,0.00012,-0.00443,0.73177,-0.36074,-0.02423,0.00184,0.02929,-0.01372,0.01820,37.59214,-48.01509,24.95919,7.50384,1.24081,-7.37490,-35.67312,40.08314,-24.90502,-27.82645,12.55321,-1.57138,-1.99368,2.59127,-0.03631,-1.04966,88.000,88.000,88.000,139.000,35.000,35.000,88.000,88.000,88.000,139.000,35.000,35.000,25.000,25.000,25.000,25.000
0.0950,-0.00106,0.00131,0.75037,0.99964,0.00140,0.00068,-0.02697,0.03518,0.00028,0.68335,0.68383,0.00252,0.00007,2,0.03530,1,0.08500,0.03000,0.8220,0.8969,0.002658,0.147108,82.1957,-91.9392,152.8525,64.7281,61.4107,180.9083,-83.1240,72.9696,150.4434,-83.9394,-33.7242,168.0908,-0.054380,0.030007,150.0005,-0.029002,0.022584,180.9083,0.085007,0.030007,150.0005,0.085075,0.015460,168.0908,-0.32229,-0.00211,-0.01447,0.72122,-0.40877,-0.03321,-0.35366,-0.00047,-0.00645,0.73260,-0.36148,-0.02490,0.00230,0.03069,-0.01441,0.01843,-4.51674,1.26788,0.21077,-0.11280,2.58480,3.02783,-2.81624,1.49435,4.46544,-0.78381,0.88764,1.98962,-2.16943,-4.84664,0.32415,-2.04359,88.000,88.000,88.000,139.000,35.000,35.000,88.000,88.000,88.000,139.000,35.000,35.000,25.000,25.000,25.000,25.000
0.0960,-0.00109,0.00136,0.75030,0.99961,0.00153,0.00072,-0.02786,0.03518,0.00029,0.68329,0.68382,0.00277,0.00007,2,0.03528,0,0.08500,0.03000,0.0000,1.0686,0.000000,0.000000,80.6739,-91.8340,152.9678,0.0000,0.0000,0.0000,-82.9666,73.0328,150.3927,-1.7097,-17.6524,27.6602,-0.085007,0.030007,150.0005,0.000000,0.000000,0.0000,0.059930,0.030007,150.0005,0.085081,-0.024620,27.6602,-0.32236,-0.00257,-0.01434,0.72198,-0.40967,-0.03397,-0.35454,-0.00099,-0.00812,0.73334,-0.36241,-0.02564,0.00276,0.03223,-0.01513,0.01871,39.22601,59.08143,-31.44453,3.11677,-3.49166,-0.96925,-40.17609,-63.50027,35.01514,-29.11905,8.75799,-6.94775,-4.55173,3.99794,2.05785,0.35177,88.000,88.000,88.000,139.000,35.000,35.000,88.000,88.000,88.000,139.000,35.000,35.000,25.000,25.000,25.000,25.000
0.0970,-0.00112,0.00141,0.75022,0.99959,0.00165,0.00077,-0.02875,0.03518,0.00029,0.68323,0.68380,0.00302,0.00007,2,0.03525,1,0.08500,0.03000,0.8332,0.8955,-0.053049,0.153352,82.5099,-91.9757,153.0792,44.5519,-59.2901,148.3457,-82.7118,75.6384,150.2581,-69.3736,28.1882,139.3740,-0.057001,0.030007,150.0005,-0.085037,0.025115,148.3457,0.085007,0.030007,150.0005,0.085068,0.030073,139.3740,-0.32242,-0.00296,-0.01419,0.72280,-0.41044,-0.03463,-0.35539,-0.00142,-0.00947,0.73397,-0.36352,-0.02644,0.00319,0.03391,-0.01586,0.01904,39.22601,59.08143,-31.44453,3.11677,-3.49166,-0.96925,-40.17609,-63.50027,35.01514,-29.11905,8.75799,-6.94775,-4.55173,3.99794,2.05785,0.35177,88.000,88.000,88.000,139.000,35.000,35.000,88.000,88.000,88.000,139.000,35.000,35.000,25.000,25.000,25.000,25.000
0.0980,-0.00115,0.00145,0.75015,0.99956,0.00178,0.00081,-0.02963,0.03518,0.00029,0.68316,0.68379,0.00326,0.00007,2,0.03521,1,0.08500,0.03000,0.8326,0.8861,-0.053076,0.153414,82.3642,-91.9999,153.1431,45.3430,-59.6324,149.9648,-82.5097,78.1290,150.0910,-68.3247,29.8261,140.2154,-0.085007,0.030007,150.0005,-0.085037,0.025119,149.9648,0.071628,0.030007,150.0005,0.085064,0.030075,140.2154,-0.32247,-0.00328,-0.01401,0.72368,-0.41108,-0.03520,-0.35620,-0.00178,-0.01049,0.73450,-0.36481,-0.02729,0.00362,0.03571,-0.01661,0.01943,39.22601,59.08143,-31.44453,3.11677,-3.49166,-0.96925,-40.17609,-63.50027,35.01514,-29.11905,8.75799,-6.94775,-4.55173,3.99794,2.05785,0.35177,88.000,88.000,88.000,139.000,35.000,35.000,88.000,88.000,88.000,139.000,35.000,35.000,25.000,25.000,25.000,25.000
0.0990,-0.00117,0.00149,0.75007,0.99953,0.00190,0.00085,-0.03052,0.03518,0.00030,0.68310,0.68377,0.00350,0.00007,2,0.03516,1,0.08500,0.03000,0.8321,0.8778,-0.053131,0.153503,82.2522,-92.0427,153.1776,45.9711,-59.9271,151.2831,-82.3617,80.5198,149.8911,-67.3032,31.4002,141.0049,-0.052390,0.030007,150.0005,-0.085036,0.025123,151.2831,0.085007,0.030007,150.0005,0.085059,0.030078,141.0049,-0.32250,-0.00353,-0.01382,0.72462,-0.41160,-0.03569,-0.35699,-0.00206,-0.01121,0.73493,-0.36628,-0.02818,0.00403,0.03763,-0.01738,0.01985,39.22601,59.08143,-31.44453,3.11677,-3.49166,-0.96925,-40.17609,-63.50027,35.01514,-29.11905,8.75799,-6.94775,-4.55173,3.99794,2.05785,0.35177,88.000,88.000,88.000,139.000,35.000,35.000,88.000,88.000,88.000,139.000,35.000,35.000,25.000,25.000,25.000,25.000
0.1000,-0.00120,0.00153,0.75000,0.99950,0.00202,0.00088,-0.03140,0.03517,0.00030,0.68303,0.68376,0.00374,0.00007,2,0.03510,1,0.08500,0.03000,0.8318,0.8705,-0.053216,0.153621,82.1728,-92.1033,153.1838,46.4467,-60.1758,152.3179,-80.3468,82.6715,149.6323,-66.3116,32.9078,141.7419,-0.050729,0.030007,150.0005,-0.085034,0.025127,152.3179,0.085007,0.030007,150.0005,0.085054,0.030081,141.7419,-0.32253,-0.00371,-0.01360,0.72562,-0.41200,-0.03609,-0.35775,-0.00228,-0.01164,0.73526,-0.36793,-0.02911,0.00444,0.03966,-0.01815,0.02033,39.22601,59.08143,-31.44453,3.11677,-3.49166,-0.96925,-40.17609,-63.50027,35.01514,-29.11905,8.75799,-6.94775,-4.55173,3.99794,2.05785,0.35177,88.000,88.000,88.000,139.000,35.000,35.000,88.000,88.000,88.000,139.000,35.000,35.000,25.000,25.000,25.000,25.000
0.1010,-0.00123,0.00157,0.74992,0.99948,0.00213,0.00092,-0.03228,0.03517,0.00030,0.68296,0.68374,0.00398,0.00007,2,0.03502,1,0.08500,0.03000,0.8316,0.8639,-0.053329,0.153766,82.1250,-92.1808,153.1628,46.7799,-60.3799,153.0855,-78.4079,84.7144,149.3485,-65.3516,34.3466,142.4259,-0.083863,0.030007,150.0005,-0.085031,0.025130,153.0855,0.085007,0.030007,150.0005,0.085047,0.030086,142.4259,-0.32255,-0.00383,-0.01336,0.72669,-0.41230,-0.03642,-0.35849,-0.00242,-0.01178,0.73548,-0.36975,-0.03005,0.00483,0.04182,-0.01894,0.02084,39.22601,59.08143,-31.44453,3.11677,-3.49166,-0.96925,-40.17609,-63.50027,35.01514,-29.11905,8.75799,-6.94775,-4.55173,3.99794,2.05785,0.35177,88.000,88.000,88.000,139.000,35.000,35.000,88.000,88.000,88.000,139.000,35.000,35.000,25.000,25.000,25.000,25.000
0.1020,-0.00125,0.00161,0.74984,0.99945,0.00225,0.00095,-0.03317,0.03517,0.00030,0.68289,0.68373,0.00421,0.00007,2,0.03496,0,0.08500,0.03000,0.8317,0.8411,-0.053470,0.153939,82.1076,-92.2745,153.1158,47.0268,-60.8410,154.0969,-76.5473,86.6502,149.0412,-61.1719,91.5209,218.1326,-0.009364,0.030007,150.0005,-0.085028,0.025133,154.0969,0.085007,0.030007,150.0005,0.022151,0.020649,218.1326,-0.32253,-0.00391,-0.01323,0.72776,-0.41190,-0.03678,-0.35926,-0.00247,-0.01172,0.73580,-0.37142,-0.03089,0.00521,0.04398,-0.01972,0.02134,41.19383,44.45236,-25.48761,10.24916,7.67726,-0.96629,-33.94185,-49.15823,27.27155,-20.33079,13.04997,-7.03747,-5.43051,1.40140,2.36646,-0.94701,88.000,88.000,88.000,139.000,35.000,35.000,88.000,88.000,88.000,139.000,35.000,35.000,25.000,25.000,25.000,25.000
0.1030,-0.00128,0.00164,0.74976,0.99942,0.00236,0.00098,-0.03405,0.03517,0.00030,0.68282,0.68371,0.00443,0.00007,2,0.03490,0,0.08500,0.03000,0.8281,0.8319,0.027322,0.150071,82.1941,-92.3906,152.9993,58.2548,-69.3866,182.3448,-73.1715,82.4727,148.8832,-57.6707,74.8409,189.3022,-0.036505,0.030007,150.0005,-0.003971,0.027525,182.3448,0.085007,0.030007,150.0005,0.051423,0.025963,189.3022,-0.32252,-0.00394,-0.01304,0.72887,-0.41164,-0.03700,-0.36004,-0.00244,-0.01152,0.73619,-0.37296,-0.03163,0.00557,0.04625,-0.02051,0.02190,34.57379,41.71747,-23.90120,5.20946,3.53733,-1.00921,-30.94440,-46.48943,25.65516,-19.28312,13.29385,-6.85322,-4.31476,3.51868,2.28461,1.00705,88.000,88.000,88.000,139.000,35.000,35.000,88.000,88.000,88.000,139.000,35.000,35.000,25.000,25.000,25.000,25.000
0.1040,-0.00131,0.00168,0.74968,0.99939,0.00246,0.00101,-0.03492,0.03516,0.00030,0.68275,0.68370,0.00464,0.00007,2,0.03486,1,0.08500,0.03000,0.8304,0.8315,0.008314,0.151150,82.2692,-92.5208,152.8802,52.4496,-66.0501,169.2852,-72.5535,82.0959,148.6988,-56.3824,72.6916,184.3914,-0.060045,0.030007,150.0005,-0.022793,0.026971,169.2852,0.085007,0.030007,150.0005,0.054193,0.026091,184.3914,-0.32252,-0.00391,-0.01279,0.73001,-0.41152,-0.03711,-0.36085,-0.00236,-0.01118,0.73665,-0.37435,-0.03227,0.00590,0.04861,-0.02129,0.02251,34.57379,41.71747,-23.90120,5.20946,3.53733,-1.00921,-30.94440,-46.48943,25.65516,-19.28312,13.29385,-6.85322,-4.31476,3.51868,2.28461,1.00705,88.000,88.000,88.000,139.000,35.000,35.000,88.000,88.000,88.000,139.000,35.000,35.000,25.000,25.000,25.000,25.000
0.1050,-0.00133,0.00171,0.74960,0.99936,0.00257,0.00104,-0.03578,0.03516,0.00030,0.68268,0.68368,0.00485,0.00007,2,0.03482,1,0.08500,0.03000,0.8309,0.8306,0.008950,0.151243,82.3333,-92.6633,152.7594,51.2651,-65.2906,166.5082,-71.9880,81.6092,148.5393,-55.6493,70.4882,180.1964,-0.080877,0.030007,150.0005,-0.021951,0.026997,166.5082,0.085007,0.030007,150.0005,0.055506,0.029237,180.1964,-0.32252,-0.00384,-0.01251,0.73117,-0.41152,-0.03712,-0.36167,-0.00222,-0.01072,0.73717,-0.37562,-0.03280,0.00622,0.05107,-0.02208,0.02317,34.57379,41.71747,-23.90120,5.20946,3.53733,-1.00921,-30.94440,-46.48943,25.65516,-19.28312,13.29385,-6.85322,-4.31476,3.51868,2.28461,1.00705,88.000,88.000,88.000,139.000,35.000,35.000,88.000,88.000,88.000,139.000,35.000,35.000,25.000,25.000,25.000,25.000
0.1060,-0.00136,0.00174,0.74952,0.99932,0.00267,0.00107,-0.03664,0.03515,0.00030,0.68261,0.68367,0.00506,0.00007,2,0.03478,1,0.08500,0.03000,0.8324,0.8322,0.009667,0.151340,82.3866,-92.8166,152.6375,49.8606,-65.3467,164.5819,-71.4082,81.2550,148.3992,-54.5328,71.2766,179.7277,-0.022082,0.030007,150.0005,-0.021028,0.027024,164.5819,0.085007,0.030007,150.0005,0.055391,0.029237,179.7277,-0.32252,-0.00373,-0.01219,0.73236,-0.41164,-0.03703,-0.36251,-0.00203,-0.01016,0.73774,-0.37676,-0.03321,0.00651,0.05362,-0.02288,0.02389,34.57379,41.71747,-23.90120,5.20946,3.53733,-1.00921,-30.94440,-46.48943,25.65516,-19.28312,13.29385,-6.85322,-4.31476,3.51868,2.28461,1.00705,88.000,88.000,88.000,139.000,35.000,35.000,88.000,88.000,88.000,139.000,35.000,35.000,25.000,25.000,25.000,25.000
0.1070,-0.00139,0.00177,0.74944,0.99929,0.00277,0.00110,-0.03749,0.03515,0.00031,0.68255,0.68365,0.00526,0.00007,2,0.03475,1,0.08500,0.03000,0.8340,0.8338,0.010212,0.151454,82.4292,-92.9794,152.5154,48.6939,-65.6232,163.3101,-70.8211,80.8645,148.2805,-53.5431,71.9326,179.2509,-0.009743,0.030007,150.0005,-0.020276,0.027046,163.3101,0.085007,0.030007,150.0005,0.055343,0.029238,179.2509,-0.32253,-0.00357,-0.01183,0.73358,-0.41188,-0.03687,-0.36336,-0.00180,-0.00949,0.73837,-0.37779,-0.03353,0.00678,0.05625,-0.02367,0.02466,34.57379,41.71747,-23.90120,5.20946,3.53733,-1.00921,-30.94440,-46.48943,25.65516,-19.28312,13.29385,-6.85322,-4.31476,3.51868,2.28461,1.00705,88.000,88.000,88.000,139.000,35.000,35.000,88.000,88.000,88.000,139.000,35.000,35.000,25.000,25.000,25.000,25.000
0.1080,-0.00142,0.00180,0.74936,0.99926,0.00287,0.00112,-0.03835,0.03514,0.00031,0.68248,0.68363,0.00546,0.00007,2,0.03473,1,0.08500,0.03000,1.0920,0.8346,0.115158,0.145547,-83.9757,-78.6184,152.6673,2.3066,-32.4617,49.6689,95.8316,65.9717,148.2477,-53.1392,72.3457,179.2642,-0.001267,0.030007,150.0005,0.085008,0.030139,49.6689,0.085007,0.030007,150.0005,0.055458,0.029244,179.2642,-0.32245,-0.00345,-0.01167,0.73468,-0.41231,-0.03681,-0.36424,-0.00151,-0.00870,0.73905,-0.37872,-0.03376,0.00704,0.05895,-0.02446,0.02546,34.57379,41.71747,-23.90120,5.20946,3.53733,-1.00921,-30.94440,-46.48943,25.65516,-19.28312,13.29385,-6.85322,-4.31476,3.51868,2.28461,1.00705,88.000,88.000,88.000,139.000,35.000,35.000,88.000,88.000,88.000,139.000,35.000,35.000,25.000,25.000,25.000,25.000
0.1090,-0.00145,0.00183,0.74928,0.99923,0.00297,0.00114,-0.03922,0.03514,0.00031,0.68240,0.68362,0.00565,0.00007,2,0.03472,1,0.08500,0.03000,1.1251,0.8358,0.114954,0.145592,-79.7029,-78.9235,152.6956,1.2902,-34.2086,50.7127,95.4701,62.7987,148.4085,-52.3923,72.7324,178.7497,-0.042291,0.030007,150.0006,0.085012,0.030137,50.7127,0.085007,0.030007,150.0006,0.055483,0.029246,178.7497,-0.32228,-0.00336,-0.01168,0.73568,-0.41293,-0.03686,-0.36514,-0.00116,-0.00780,0.73980,-0.37955,-0.03390,0.00729,0.06173,-0.02525,0.02631,34.57379,41.71747,-23.90120,5.20946,3.53733,-1.00921,-30.94440,-46.48943,25.65516,-19.28312,13.29385,-6.85322,-4.31476,3.51868,2.28461,1.00705,88.000,88.000,88.000,139.000,35.000,35.000,88.000,88.000,88.000,139.000,35.000,35.000,25.000,25.000,25.000,25.000
0.1100,-0.00148,0.00186,0.74919,0.99919,0.00307,0.00116,-0.04011,0.03513,0.00032,0.68233,0.68360,0.00585,0.00007,2,0.03471,1,0.08500,0.03000,1.1536,0.8369,0.114756,0.145653,-75.3826,-79.2248,152.7061,0.4091,-35.7735,51.6894,95.1236,59.7309,148.5611,-51.6953,73.0375,178.1898,0.059087,-0.030007,150.0006,0.085015,0.030136,51.6894,-0.085007,-0.030007,150.0006,0.055509,0.029248,178.1898,-0.32204,-0.00330,-0.01188,0.73658,-0.41373,-0.03701,-0.36607,-0.00077,-0.00680,0.74060,-0.38030,-0.03397,0.00753,0.06458,-0.02604,0.02720,34.57379,41.71747,-23.90120,5.20946,3.53733,-1.00921,-30.94440,-46.48943,25.65516,-19.28312,13.29385,-6.85322,-4.31476,3.51868,2.28461,1.00705,88.000,88.000,88.000,139.000,35.000,35.000,88.000,88.000,88.000,139.000,35.000,35.000,25.000,25.000,25.000,25.000
0.1110,-0.00150,0.00189,0.74910,0.99915,0.00316,0.00117,-0.04102,0.03512,0.00032,0.68225,0.68358,0.00604,0.00007,2,0.03470,1,0.08500,0.03000,1.1667,0.8380,0.114563,0.145728,-71.0183,-79.5261,152.7017,0.0000,-36.8328,52.6182,94.7922,56.7636,148.7052,-51.0512,73.2748,177.6085,0.085007,-0.030007,150.0006,0.085017,0.030135,52.6182,-0.050362,-0.030007,150.0006,0.055533,0.029250,177.6085,-0.32171,-0.00327,-0.01224,0.73739,-0.41470,-0.03724,-0.36702,-0.00033,-0.00570,0.74146,-0.38096,-0.03397,0.00775,0.06749,-0.02683,0.02812,34.57379,41.71747,-23.90120,5.20946,3.53733,-1.00921,-30.94440,-46.48943,25.65516,-19.28312,13.29385,-6.85322,-4.31476,3.51868,2.28461,1.00705,88.000,88.000,88.000,139.000,35.000,35.000,88.000,88.000,88.000,139.000,35.000,35.000,25.000,25.000,25.000,25.000
0.1120,-0.00153,0.00192,0.74900,0.99912,0.00325,0.00120,-0.04191,0.03511,0.00033,0.68217,0.68357,0.00622,0.00007,2,0.03469,1,0.08500,0.03000,1.1667,0.8390,0.114374,0.145819,-66.6375,-79.8291,152.6851,0.0000,-37.4528,53.5040,94.4734,53.8631,148.8415,-50.4605,73.4575,177.0257,0.085007,-0.030007,150.0006,0.085018,0.030135,53.5040,-0.052037,-0.014487,150.0006,0.055554,0.029252,177.0257,-0.32145,-0.00325,-0.01261,0.73820,-0.41572,-0.03731,-0.36803,0.00012,-0.00460,0.74239,-0.38157,-0.03380,0.00804,0.06998,-0.02755,0.02884,-5.06989,0.05376,0.88401,-0.66732,2.39622,1.01594,-2.66022,-0.69517,-2.19562,-1.00482,1.25576,0.51019,-1.80150,-7.93878,0.60953,-3.37432,88.000,88.000,88.000,139.000,35.000,35.000,88.000,88.000,88.000,139.000,35.000,35.000,25.000,25.000,25.000,25.000
0.1130,-0.00157,0.00195,0.74890,0.99908,0.00334,0.00125,-0.04278,0.03510,0.00033,0.68208,0.68355,0.00640,0.00007,2,0.03468,1,0.08500,0.03000,0.8606,0.2202,0.114198,0.145907,-67.3080,-79.6855,152.6704,7.5211,-13.8731,30.5631,94.5208,55.0307,148.8765,-0.5336,-8.1395,61.7450,0.085007,-0.030007,150.0006,0.085018,0.030134,30.5631,-0.047795,-0.030007,150.0006,-0.014978,0.027174,61.7450,-0.32126,-0.00324,-0.01297,0.73902,-0.41676,-0.03727,-0.36909,0.00056,-0.00351,0.74339,-0.38215,-0.03351,0.00838,0.07210,-0.02821,0.02938,-4.91800,0.07396,0.88180,-0.69906,2.48047,0.70488,-2.53771,-0.69459,-2.20424,-1.16642,1.17412,0.17396,-1.92999,-7.12775,0.48481,-2.98388,88.000,88.000,88.000,139.000,35.000,35.000,88.000,88.000,88.000,139.000,35.000,35.000,25.000,25.000,25.000,25.000
0.1140,-0.00160,0.00198,0.74878,0.99904,0.00343,0.00131,-0.04363,0.03509,0.00034,0.68199,0.68353,0.00657,0.00007,2,0.03468,1,0.08500,0.03000,0.8611,0.2027,0.114036,0.145991,-68.0285,-79.5518,152.6436,7.6661,-14.2111,31.2532,94.5814,56.2243,148.9116,-0.1717,-7.7502,63.7403,-0.010149,0.030007,150.0006,0.085019,0.030132,31.2532,0.085008,0.030007,150.0006,-0.015115,0.027169,63.7403,-0.32114,-0.00324,-0.01333,0.73985,-0.41783,-0.03714,-0.37021,0.00100,-0.00242,0.74446,-0.38270,-0.03311,0.00875,0.07390,-0.02882,0.02978,-4.77444,0.09316,0.88104,-0.72382,2.56064,0.47286,-2.42316,-0.69927,-2.21715,-1.32207,1.11405,-0.08901,-2.02759,-6.41917,0.37288,-2.64366,88.000,88.000,88.000,139.000,35.000,35.000,88.000,88.000,88.000,139.000,35.000,35.000,25.000,25.000,25.000,25.000
0.1150,-0.00164,0.00202,0.74865,0.99900,0.00351,0.00138,-0.04447,0.03508,0.00034,0.68188,0.68351,0.00673,0.00007,2,0.03467,1,0.08500,0.03000,0.8635,0.1882,0.113889,0.146070,-68.7934,-79.4234,152.6072,7.7008,-14.5939,31.8496,94.6554,57.4614,148.9462,1.3282,-7.5700,68.0537,0.085007,-0.030007,150.0006,0.085019,0.030130,31.8496,0.051847,-0.030007,150.0006,-0.017403,0.027100,68.0537,-0.32108,-0.00324,-0.01368,0.74068,-0.41893,-0.03695,-0.37138,0.00144,-0.00133,0.74560,-0.38324,-0.03263,0.00914,0.07541,-0.02938,0.03005,-4.63860,0.11157,0.88078,-0.74242,2.63558,0.30000,-2.31444,-0.70549,-2.22789,-1.47525,1.06891,-0.30004,-2.09898,-5.79979,0.27258,-2.34765,88.000,88.000,88.000,139.000,35.000,35.000,88.000,88.000,88.000,139.000,35.000,35.000,25.000,25.000,25.000,25.000
0.1160,-0.00168,0.00205,0.74853,0.99897,0.00359,0.00145,-0.04528,0.03507,0.00035,0.68178,0.68350,0.00689,0.00007,2,0.03467,0,0.08500,0.03000,0.8692,0.1534,0.113755,0.146143,-69.6759,-79.2894,152.5634,7.5753,-15.0954,32.3866,94.7441,58.7624,148.9795,6.9947,-3.1068,83.1385,0.067263,0.030007,150.0006,0.085019,0.030128,32.3866,0.085007,0.030007,150.0006,-0.022569,0.012903,83.1385,-0.32105,-0.00329,-0.01418,0.74147,-0.42003,-0.03665,-0.37255,0.00185,-0.00029,0.74683,-0.38376,-0.03216,0.00955,0.07699,-0.02997,0.03032,-61.78957,28.29181,-18.34058,-30.45962,10.85468,-1.06400,73.91988,-37.50643,18.83749,35.14635,22.09489,-6.19622,10.11464,3.07301,-10.12754,-1.08687,88.000,88.000,88.000,139.000,35.000,35.000,88.000,88.000,88.000,139.000,35.000,35.000,25.000,25.000,25.000,25.000
0.1170,-0.00172,0.00208,0.74840,0.99893,0.00368,0.00151,-0.04607,0.03506,0.00035,0.68167,0.68348,0.00704,0.00007,2,0.03468,0,0.08500,0.03000,0.8912,0.8817,0.113658,0.146227,-71.3605,-79.0820,152.5054,-67.1800,-28.1933,136.2475,94.6266,57.6019,149.0619,90.4969,40.9135,187.7291,0.045869,0.030007,150.0006,0.085018,0.030125,136.2475,0.085007,0.030007,150.0006,0.059562,0.025980,187.7291,-0.32104,-0.00337,-0.01479,0.74217,-0.42120,-0.03626,-0.37373,0.00222,0.00070,0.74815,-0.38427,-0.03171,0.00998,0.07865,-0.03058,0.03065,-63.65690,27.14478,-17.50023,-33.35828,7.64640,-1.06768,73.53582,-36.34627,18.26894,34.64952,22.07764,-6.16282,10.13200,4.00985,-9.79850,-0.18861,88.000,88.000,88.000,139.000,35.000,35.000,88.000,88.000,88.000,139.000,35.000,35.000,25.000,25.000,25.000,25.000
0.1180,-0.00176,0.00211,0.74827,0.99889,0.00376,0.00157,-0.04684,0.03505,0.00036,0.68156,0.68346,0.00720,0.00007,2,0.03470,1,0.08500,0.03000,0.9928,0.8852,0.113605,0.146327,-72.7784,-78.9118,152.4240,-69.2835,-13.7086,118.5601,94.4208,55.3339,149.1597,90.7117,39.9041,186.5939,0.085007,-0.030007,150.0006,0.085017,0.030122,118.5601,-0.047616,-0.030007,150.0006,0.059953,0.026041,186.5939,-0.32104,-0.00346,-0.01551,0.74279,-0.42244,-0.03578,-0.37490,0.00256,0.00165,0.74955,-0.38478,-0.03128,0.01042,0.08041,-0.03123,0.03101,-63.65690,27.14478,-17.50023,-33.35828,7.64640,-1.06768,73.53582,-36.34627,18.26894,34.64952,22.07764,-6.16282,10.13200,4.00985,-9.79850,-0.18861,88.000,88.000,88.000,139.000,35.000,35.000,88.000,88.000,88.000,139.000,35.000,35.000,25.000,25.000,25.000,25.000
0.1190,-0.00180,0.00213,0.74814,0.99886,0.00385,0.00163,-0.04758,0.03505,0.00036,0.68145,0.68344,0.00737,0.00007,2,0.03473,1,0.08500,0.03000,1.0013,0.8881,0.113593,0.146443,-74.1043,-78.7611,152.3199,-70.6383,-13.0647,119.5757,94.2254,53.0659,149.2473,91.3717,39.2797,186.6448,0.085007,-0.030007,150.0005,0.085014,0.030119,119.5757,-0.019555,-0.030007,150.0005,0.060032,0.026084,186.6448,-0.32106,-0.00358,-0.01633,0.74334,-0.42375,-0.03522,-0.37607,0.00286,0.00255,0.75102,-0.38528,-0.03086,0.01087,0.08225,-0.03191,0.03142,-63.65690,27.14478,-17.50023,-33.35828,7.64640,-1.06768,73.53582,-36.34627,18.26894,34.64952,22.07764,-6.16282,10.13200,4.00985,-9.79850,-0.18861,88.000,88.000,88.000,139.000,35.000,35.000,88.000,88.000,88.000,139.000,35.000,35.000,25.000,25.000,25.000,25.000
0.1200,-0.00184,0.00216,0.74801,0.99882,0.00393,0.00169,-0.04830,0.03504,0.00037,0.68133,0.68342,0.00753,0.00007,2,0.03476,1,0.08500,0.03000,1.0091,0.8908,0.113621,0.146576,-75.3390,-78.6300,152.1930,-71.8927,-12.4711,120.5197,94.0393,50.8002,149.3253,91.9247,38.6904,186.5930,0.085007,-0.030007,150.0005,0.085011,0.030114,120.5197,-0.006909,-0.030007,150.0005,0.060206,0.026140,186.5930,-0.32110,-0.00370,-0.01725,0.74383,-0.42512,-0.03457,-0.37724,0.00314,0.00341,0.75257,-0.38578,-0.03045,0.01134,0.08418,-0.03261,0.03187,-63.65690,27.14478,-17.50023,-33.35828,7.64640,-1.06768,73.53582,-36.34627,18.26894,34.64952,22.07764,-6.16282,10.13200,4.00985,-9.79850,-0.18861,88.000,88.000,88.000,139.000,35.000,35.000,88.000,88.000,88.000,139.000,35.000,35.000,25.000,25.000,25.000,25.000
0.1210,-0.00188,0.00218,0.74788,0.99879,0.00402,0.00174,-0.04900,0.03503,0.00038,0.68122,0.68341,0.00769,0.00007,2,0.03480,1,0.08500,0.03000,1.0166,0.8934,0.113688,0.146727,-76.4805,-78.5190,152.0437,-73.1021,-11.8977,121.4282,93.8617,48.5379,149.3944,92.3836,38.1311,186.4496,0.085007,-0.030007,150.0006,0.085007,0.030110,121.4282,-0.049299,-0.030007,150.0006,0.060463,0.026208,186.4496,-0.32116,-0.00384,-0.01826,0.74425,-0.42656,-0.03384,-0.37842,0.00338,0.00423,0.75418,-0.38628,-0.03006,0.01183,0.08618,-0.03335,0.03236,-63.65690,27.14478,-17.50023,-33.35828,7.64640,-1.06768,73.53582,-36.34627,18.26894,34.64952,22.07764,-6.16282,10.13200,4.00985,-9.79850,-0.18861,88.000,88.000,88.000,139.000,35.000,35.000,88.000,88.000,88.000,139.000,35.000,35.000,25.000,25.000,25.000,25.000
0.1220,-0.00193,0.00220,0.74774,0.99876,0.00411,0.00179,-0.04968,0.03503,0.00039,0.68111,0.68339,0.00786,0.00007,2,0.03485,1,0.08500,0.03000,0.0000,0.8980,0.000000,0.000000,-64.3691,62.7207,148.9347,0.0000,0.0000,0.0000,80.5667,-94.6196,152.5019,90.2896,35.9839,180.3907,0.085007,-0.030007,150.0006,0.000000,0.000000,0.0000,0.018683,-0.030007,150.0006,0.064426,0.029502,180.3907,-0.32121,-0.00398,-0.01940,0.74434,-0.42719,-0.03331,-0.37959,0.00359,0.00500,0.75587,-0.38680,-0.02964,0.01233,0.08825,-0.03411,0.03288,-63.65690,27.14478,-17.50023,-33.35828,7.64640,-1.06768,73.53582,-36.34627,18.26894,34.64952,22.07764,-6.16282,10.13200,4.00985,-9.79850,-0.18861,88.000,88.000,88.000,139.000,35.000,35.000,88.000,88.000,88.000,139.000,35.000,35.000,25.000,25.000,25.000,25.000
0.1230,-0.00197,0.00222,0.74760,0.99872,0.00420,0.00183,-0.05032,0.03502,0.00040,0.68099,0.68337,0.00802,0.00007,2,0.03491,1,0.08500,0.03000,0.0000,1.1667,0.000000,0.000000,-71.3923,59.9490,149.0338,0.0000,0.0000,0.0000,80.5229,-94.7215,152.4618,51.3328,0.0000,73.3326,0.085007,-0.030007,150.0005,0.000000,0.000000,0.0000,-0.015087,-0.030007,150.0005,-0.085030,0.025095,73.3326,-0.32126,-0.00416,-0.02070,0.74411,-0.42706,-0.03294,-0.38074,0.00371,0.00572,0.75772,-0.38566,-0.02961,0.01286,0.09038,-0.03490,0.03342,-63.65690,27.14478,-17.50023,-33.35828,7.64640,-1.06768,73.53582,-36.34627,18.26894,34.64952,22.07764,-6.16282,10.13200,4.00985,-9.79850,-0.18861,88.000,88.000,88.000,139.000,35.000,35.000,88.000,88.000,88.000,139.000,35.000,35.000,25.000,25.000,25.000,25.000
0.1240,-0.00201,0.00223,0.74746,0.99869,0.00429,0.00187,-0.05094,0.03502,0.00040,0.68086,0.68335,0.00820,0.00007,2,0.03497,1,0.08500,0.03000,1.0703,0.9073,0.114211,0.147271,-75.7261,59.8268,149.0950,-85.4362,-8.1091,133.6362,80.7584,-94.7852,152.2976,95.3850,35.4829,186.9542,0.085008,-0.030007,150.0006,0.085000,0.030093,133.6362,-0.046688,-0.030008,150.0006,0.064284,0.029495,186.9542,-0.32132,-0.00434,-0.02206,0.74387,-0.42719,-0.03243,-0.38188,0.00378,0.00638,0.75962,-0.38472,-0.02951,0.01340,0.09258,-0.03571,0.03400,-63.65690,27.14478,-17.50023,-33.35828,7.64640,-1.06768,73.53582,-36.34627,18.26894,34.64952,22.07764,-6.16282,10.13200,4.00985,-9.79850,-0.18861,88.000,88.000,88.000,139.000,35.000,35.000,88.000,88.000,88.000,139.000,35.000,35.000,25.000,25.000,25.000,25.000
0.1250,-0.00206,0.00225,0.74732,0.99866,0.00438,0.00191,-0.05152,0.03502,0.00042,0.68074,0.68333,0.00837,0.00007,2,0.03504,1,0.08500,0.03000,0.8323,0.9069,0.042756,0.154253,-76.5886,57.9526,149.1617,-70.4822,-92.2180,232.4288,80.9711,-94.8585,152.1390,95.6329,35.6795,187.5891,-0.018990,-0.030008,150.0006,0.012981,0.027968,232.4288,0.085008,-0.027726,150.0006,0.064606,0.029503,187.5891,-0.32149,-0.00452,-0.02330,0.74381,-0.42732,-0.03179,-0.38302,0.00380,0.00697,0.76158,-0.38396,-0.02935,0.01395,0.09486,-0.03656,0.03461,-63.65690,27.14478,-17.50023,-33.35828,7.64640,-1.06768,73.53582,-36.34627,18.26894,34.64952,22.07764,-6.16282,10.13200,4.00985,-9.79850,-0.18861,88.000,88.000,88.000,139.000,35.000,35.000,88.000,88.000,88.000,139.000,35.000,35.000,25.000,25.000,25.000,25.000
0.1260,-0.00211,0.00226,0.74717,0.99863,0.00447,0.00196,-0.05209,0.03502,0.00042,0.68061,0.68331,0.00855,0.00007,2,0.03510,1,0.08500,0.03000,0.8289,0.9080,0.044571,0.154479,-78.6102,62.9584,149.1238,-71.7418,-87.2178,227.0851,81.1620,-94.9401,151.9863,95.3023,35.2749,186.5389,-0.024840,-0.030008,150.0006,0.014517,0.028007,227.0851,0.044619,-0.030008,150.0006,0.065987,0.029542,186.5389,-0.32176,-0.00464,-0.02434,0.74394,-0.42753,-0.03119,-0.38419,0.00381,0.00754,0.76352,-0.38337,-0.02906,0.01455,0.09678,-0.03734,0.03506,-4.02179,0.55316,2.75991,0.99847,0.88697,-0.81413,-2.22608,0.12286,-1.36855,-3.47672,-1.54102,0.10444,-2.51849,-7.06777,0.83360,-2.84944,88.000,88.000,88.000,139.000,35.000,35.000,88.000,88.000,88.000,139.000,35.000,35.000,25.000,25.000,25.000,25.000
0.1270,-0.00216,0.00228,0.74701,0.99860,0.00455,0.00203,-0.05263,0.03502,0.00043,0.68048,0.68329,0.00872,0.00007,2,0.03515,1,0.08500,0.03000,0.9650,0.4302,0.014192,0.157842,97.1708,50.8411,149.1369,-0.7191,-50.1053,86.5467,-95.8795,-78.0060,151.8868,15.3655,-4.0057,61.5121,-0.020445,0.030008,150.0006,-0.016253,0.027096,86.5467,0.085008,0.030007,150.0006,-0.043709,0.026315,61.5121,-0.32213,-0.00471,-0.02520,0.74425,-0.42782,-0.03063,-0.38539,0.00383,0.00808,0.76546,-0.38294,-0.02866,0.01516,0.09841,-0.03806,0.03537,-3.81255,0.45456,2.36666,0.60754,1.06020,-0.71791,-2.14938,0.13023,-1.32317,-3.48105,-1.20503,-0.14659,-2.59874,-6.39759,0.72113,-2.53364,88.000,88.000,88.000,139.000,35.000,35.000,88.000,88.000,88.000,139.000,35.000,35.000,25.000,25.000,25.000,25.000
0.1280,-0.00221,0.00230,0.74685,0.99857,0.00463,0.00210,-0.05316,0.03502,0.00044,0.68035,0.68327,0.00887,0.00007,2,0.03520,1,0.08500,0.03000,0.9126,0.3774,0.016447,0.158000,97.8150,55.0798,149.1563,-0.5863,-47.3725,86.5204,-97.7108,-77.8148,151.9808,14.4325,-2.0621,64.3834,-0.055360,0.030008,150.0006,-0.014225,0.027150,86.5204,0.085008,0.030007,150.0006,-0.038109,0.026479,64.3834,-0.32259,-0.00474,-0.02590,0.74473,-0.42818,-0.03009,-0.38663,0.00384,0.00861,0.76739,-0.38265,-0.02818,0.01580,0.09976,-0.03874,0.03556,-3.61757,0.37092,2.01877,0.24685,1.21595,-0.66020,-2.07915,0.13079,-1.28350,-3.48926,-0.89831,-0.35784,-2.65506,-5.81259,0.61933,-2.25950,88.000,88.000,88.000,139.000,35.000,35.000,88.000,88.000,88.000,139.000,35.000,35.000,25.000,25.000,25.000,25.000
0.1290,-0.00226,0.00231,0.74667,0.99855,0.00470,0.00218,-0.05367,0.03502,0.00044,0.68021,0.68325,0.00902,0.00007,2,0.03524,1,0.08500,0.03000,0.8590,0.3415,0.018337,0.158151,97.1146,59.0992,149.1824,-0.3122,-44.8065,86.9332,-97.5902,-77.8263,152.0524,13.7358,-0.4592,67.0801,-0.052717,0.030007,150.0006,-0.012540,0.027194,86.9332,0.085007,0.030007,150.0006,-0.033671,0.026608,67.0801,-0.32313,-0.00474,-0.02646,0.74535,-0.42859,-0.02956,-0.38788,0.00386,0.00911,0.76931,-0.38248,-0.02763,0.01644,0.10089,-0.03937,0.03565,-3.43498,0.29988,1.71111,-0.08735,1.35700,-0.63318,-2.01445,0.12514,-1.24957,-3.50085,-0.61990,-0.53719,-2.69115,-5.30160,0.52714,-2.02193,88.000,88.000,88.000,139.000,35.000,35.000,88.000,88.000,88.000,139.000,35.000,35.000,25.000,25.000,25.000,25.000
0.1300,-0.00232,0.00233,0.74649,0.99852,0.00478,0.00227,-0.05417,0.03502,0.00044,0.68007,0.68323,0.00916,0.00007,2,0.03528,1,0.08500,0.03000,0.8057,0.3172,0.019916,0.158295,96.0795,62.8730,149.2139,0.0568,-42.3881,87.6855,-97.4903,-77.8494,152.1046,13.2162,0.8588,69.5994,-0.004005,0.030007,150.0005,-0.011145,0.027230,87.6855,0.085007,0.030007,150.0005,-0.030145,0.026710,69.5994,-0.32375,-0.00472,-0.02690,0.74612,-0.42907,-0.02902,-0.38917,0.00389,0.00960,0.77123,-0.38243,-0.02702,0.01707,0.10181,-0.03996,0.03565,-3.26336,0.23977,1.43962,-0.39823,1.48534,-0.62988,-1.95447,0.11398,-1.22122,-3.51531,-0.36859,-0.69070,-2.71023,-4.85491,0.44358,-1.81644,88.000,88.000,88.000,139.000,35.000,35.000,88.000,88.000,88.000,139.000,35.000,35.000,25.000,25.000,25.000,25.000
0.1310,-0.00238,0.00234,0.74630,0.99849,0.00484,0.00237,-0.05464,0.03502,0.00044,0.67992,0.68321,0.00929,0.00007,2,0.03530,1,0.08500,0.03000,0.7391,0.9013,0.020904,0.158467,95.0584,66.3882,149.2505,0.9448,-39.6723,89.4903,-97.4084,-77.8829,152.1398,-4.1753,10.7416,21.3098,-0.055269,0.030007,150.0005,-0.010324,0.027250,89.4903,0.085007,0.030007,150.0005,0.085021,0.030089,21.3098,-0.32444,-0.00468,-0.02724,0.74701,-0.42959,-0.02846,-0.39044,0.00390,0.01002,0.77308,-0.38256,-0.02645,0.01771,0.10256,-0.04051,0.03556,-3.10152,0.18915,1.20070,-0.68850,1.60265,-0.64477,-1.89851,0.09795,-1.19817,-3.53228,-0.14292,-0.82304,-2.71505,-4.46410,0.36777,-1.63904,88.000,88.000,88.000,139.000,35.000,35.000,88.000,88.000,88.000,139.000,35.000,35.000,25.000,25.000,25.000,25.000
0.1320,-0.00244,0.00236,0.74611,0.99847,0.00491,0.00248,-0.05510,0.03503,0.00044,0.67976,0.68319,0.00941,0.00007,2,0.03530,1,0.08500,0.03000,0.5903,0.8587,0.017887,0.149976,95.4210,68.8609,149.3004,4.7968,-34.8089,99.2075,-97.3628,-77.9062,152.1571,-5.9452,10.7790,23.8916,-0.015761,0.030007,150.0005,-0.012286,0.018174,99.2075,0.085007,0.030007,150.0005,0.085024,0.030087,23.8916,-0.32521,-0.00462,-0.02749,0.74804,-0.43016,-0.02794,-0.39170,0.00389,0.01038,0.77486,-0.38285,-0.02590,0.01833,0.10315,-0.04102,0.03542,-2.95142,0.16193,0.99560,-0.96434,1.71265,-0.68054,-1.91741,0.13464,-1.06738,-3.41535,0.22352,-0.75088,-2.71084,-4.12157,0.29696,-1.47938,88.000,88.000,88.000,139.000,35.000,35.000,88.000,88.000,88.000,139.000,35.000,35.000,25.000,25.000,25.000,25.000
0.1330,-0.00250,0.00238,0.74590,0.99844,0.00497,0.00259,-0.05554,0.03503,0.00044,0.67960,0.68317,0.00953,0.00007,2,0.03530,1,0.08500,0.03000,0.5390,0.8374,0.018693,0.149430,95.6227,70.9384,149.3517,5.4460,-32.2473,101.1283,-97.3488,-77.9227,152.1576,-7.6421,10.8746,26.4525,-0.085007,0.030007,150.0005,-0.011512,0.017512,101.1283,0.026671,0.030007,150.0005,0.085026,0.030084,26.4525,-0.32604,-0.00455,-0.02765,0.74920,-0.43079,-0.02745,-0.39294,0.00387,0.01069,0.77659,-0.38329,-0.02536,0.01894,0.10361,-0.04151,0.03521,-2.79759,0.13667,0.81397,-1.24460,1.82591,-0.62160,-1.93486,0.16609,-0.95236,-3.31265,0.54782,-0.71178,-2.69596,-3.82242,0.23330,-1.34204,88.000,88.000,88.000,139.000,35.000,35.000,88.000,88.000,88.000,139.000,35.000,35.000,25.000,25.000,25.000,25.000
0.1340,-0.00256,0.00239,0.74569,0.99842,0.00504,0.00271,-0.05596,0.03503,0.00044,0.67943,0.68315,0.00965,0.00007,2,0.03528,1,0.08500,0.03000,0.4913,0.8285,0.019343,0.148070,95.9255,72.8072,149.4022,6.0257,-29.8032,103.1548,-97.3622,-77.9352,152.1426,-9.1379,11.0108,28.7839,-0.046120,0.030007,150.0005,-0.010768,0.016048,103.1548,0.085007,0.030007,150.0005,0.085027,0.030082,28.7839,-0.32695,-0.00448,-0.02774,0.75047,-0.43146,-0.02699,-0.39418,0.00384,0.01096,0.77827,-0.38384,-0.02483,0.01953,0.10395,-0.04196,0.03495,-2.65118,0.11579,0.65283,-1.51007,1.93280,-0.57182,-1.95097,0.19087,-0.85292,-3.22385,0.83655,-0.69614,-2.67297,-3.55980,0.17583,-1.22382,88.000,88.000,88.000,139.000,35.000,35.000,88.000,88.000,88.000,139.000,35.000,35.000,25.000,25.000,25.000,25.000
0.1350,-0.00263,0.00241,0.74547,0.99839,0.00510,0.00283,-0.05636,0.03503,0.00044,0.67925,0.68313,0.00976,0.00007,2,0.03525,1,0.08500,0.03000,0.4486,0.8254,0.019940,0.146805,96.3156,74.4783,149.4516,6.5457,-27.5302,105.1431,-97.3995,-77.9455,152.1134,-10.4688,11.1677,30.9093,-0.085007,0.030007,150.0005,-0.010079,0.014692,105.1431,0.037015,0.030007,150.0005,0.085028,0.030080,30.9093,-0.32791,-0.00439,-0.02778,0.75186,-0.43217,-0.02654,-0.39540,0.00381,0.01118,0.77990,-0.38451,-0.02429,0.02010,0.10418,-0.04239,0.03466,-2.51160,0.09888,0.51058,-1.76221,2.03415,-0.52858,-1.96593,0.20980,-0.76699,-3.14741,1.09463,-0.69692,-2.64341,-3.32893,0.12391,-1.12231,88.000,88.000,88.000,139.000,35.000,35.000,88.000,88.000,88.000,139.000,35.000,35.000,25.000,25.000,25.000,25.000
0.1360,-0.00269,0.00243,0.74525,0.99837,0.00516,0.00296,-0.05675,0.03503,0.00044,0.67907,0.68311,0.00986,0.00007,2,0.03521,1,0.08500,0.03000,0.4026,0.8250,0.020450,0.144557,96.7826,75.9645,149.4998,7.1772,-25.0755,107.9876,-97.4577,-77.9552,152.0712,-11.6528,11.3401,32.8469,-0.033052,0.030007,150.0005,-0.009329,0.012372,107.9876,0.085007,0.030007,150.0005,0.085027,0.030077,32.8469,-0.32894,-0.00430,-0.02775,0.75335,-0.43293,-0.02613,-0.39662,0.00377,0.01138,0.78150,-0.38528,-0.02375,0.02065,0.10433,-0.04279,0.03433,-2.37835,0.08548,0.38544,-2.00218,2.13060,-0.49007,-1.97989,0.22360,-0.69276,-3.08193,1.32614,-0.70892,-2.60861,-3.12565,0.07695,-1.03541,88.000,88.000,88.000,139.000,35.000,35.000,88.000,88.000,88.000,139.000,35.000,35.000,25.000,25.000,25.000,25.000
0.1370,-0.00276,0.00244,0.74502,0.99835,0.00522,0.00309,-0.05713,0.03503,0.00044,0.67889,0.68309,0.00997,0.00007,2,0.03516,1,0.08500,0.03000,0.3692,0.7416,0.021060,0.143511,97.3036,77.2404,149.5461,7.4987,-23.1016,109.6451,-97.5340,-77.9653,152.0170,-11.5283,10.9457,35.7286,-0.064067,0.030007,150.0005,-0.008639,0.011274,109.6451,0.085007,0.030007,150.0005,0.085027,0.022550,35.7286,-0.33003,-0.00420,-0.02769,0.75494,-0.43373,-0.02574,-0.39782,0.00373,0.01154,0.78306,-0.38615,-0.02323,0.02118,0.10440,-0.04317,0.03397,-2.25011,0.07549,0.27725,-2.23342,2.22936,-0.43703,-1.99297,0.23323,-0.62857,-3.02610,1.53446,-0.72843,-2.56964,-2.94654,0.03445,-0.96125,88.000,88.000,88.000,139.000,35.000,35.000,88.000,88.000,88.000,139.000,35.000,35.000,25.000,25.000,25.000,25.000
0.1380,-0.00283,0.00246,0.74478,0.99833,0.00528,0.00323,-0.05749,0.03503,0.00043,0.67870,0.68307,0.01007,0.00007,2,0.03510,1,0.08500,0.03000,0.3392,0.6969,0.021653,0.142389,97.7114,77.9868,149.5924,7.7730,-21.2788,111.3040,-97.6284,-77.9726,151.9527,-11.9725,10.2623,37.7142,0.023774,0.030007,150.0005,-0.007946,0.010114,111.3040,0.085007,0.030007,150.0005,0.085026,0.021960,37.7142,-0.33117,-0.00410,-0.02758,0.75662,-0.43456,-0.02538,-0.39902,0.00369,0.01168,0.78459,-0.38711,-0.02272,0.02168,0.10440,-0.04353,0.03358,-2.12756,0.06753,0.18119,-2.45332,2.32361,-0.38820,-2.00388,0.23914,-0.57703,-2.97308,1.75515,-0.70161,-2.52742,-2.78842,-0.00389,-0.89834,88.000,88.000,88.000,139.000,35.000,35.000,88.000,88.000,88.000,139.000,35.000,35.000,25.000,25.000,25.000,25.000
0.1390,-0.00290,0.00248,0.74454,0.99831,0.00533,0.00337,-0.05785,0.03503,0.00043,0.67850,0.68305,0.01016,0.00007,2,0.03504,1,0.08500,0.03000,0.3270,0.3327,0.022939,0.141552,98.0246,77.8143,149.6403,6.8991,-20.5997,110.7355,-97.7393,-77.9774,151.8789,25.8307,1.1295,129.5387,-0.018132,0.030007,150.0005,-0.006601,0.009350,110.7355,0.085007,0.030007,150.0005,-0.020776,0.009505,129.5387,-0.33236,-0.00399,-0.02742,0.75839,-0.43543,-0.02504,-0.40027,0.00367,0.01186,0.78618,-0.38809,-0.02220,0.02215,0.10433,-0.04388,0.03319,-2.01034,0.06159,0.09643,-2.66300,2.41380,-0.34288,-2.01349,0.24240,-0.53518,-2.92568,1.96419,-0.67672,-2.48280,-2.64851,-0.03859,-0.84511,88.000,88.000,88.000,139.000,35.000,35.000,88.000,88.000,88.000,139.000,35.000,35.000,25.000,25.000,25.000,25.000
0.1400,-0.00298,0.00250,0.74429,0.99828,0.00538,0.00352,-0.05820,0.03503,0.00043,0.67830,0.68303,0.01026,0.00007,2,0.03499,1,0.08500,0.03000,0.3016,0.3156,0.023491,0.140582,95.3534,78.0787,149.6788,7.0619,-19.0181,112.1051,-97.8443,-77.9888,151.8054,24.2297,0.9359,128.0540,-0.085007,0.030007,150.0005,-0.005959,0.008363,112.1051,0.082969,0.030007,150.0005,-0.018469,0.009280,128.0540,-0.33360,-0.00386,-0.02723,0.76023,-0.43634,-0.02473,-0.40158,0.00369,0.01206,0.78784,-0.38908,-0.02169,0.02260,0.10421,-0.04421,0.03278,-1.89706,0.03126,0.00353,-2.85067,2.49458,-0.29578,-1.89285,0.18016,-0.60260,-3.08378,2.00091,-0.69619,-2.43238,-2.52577,-0.06492,-0.81155,88.000,88.000,88.000,139.000,35.000,35.000,88.000,88.000,88.000,139.000,35.000,35.000,25.000,25.000,25.000,25.000
0.1410,-0.00305,0.00251,0.74404,0.99826,0.00543,0.00367,-0.05854,0.03504,0.00042,0.67810,0.68301,0.01034,0.00007,2,0.03494,1,0.08500,0.03000,0.2786,0.3008,0.024098,0.139658,92.7681,78.3434,149.7135,7.0654,-17.5250,113.0244,-97.9435,-78.0058,151.7326,23.1182,0.5709,128.1201,0.040265,0.030007,150.0005,-0.005263,0.007441,113.0244,0.085007,0.030007,150.0005,-0.017821,0.009349,128.1201,-0.33489,-0.00372,-0.02701,0.76215,-0.43727,-0.02444,-0.40293,0.00373,0.01229,0.78956,-0.39008,-0.02117,0.02302,0.10405,-0.04453,0.03236,-1.78915,0.00556,-0.07508,-3.02946,2.57130,-0.25177,-1.78027,0.12520,-0.65933,-3.23522,2.03645,-0.71042,-2.38159,-2.41698,-0.08960,-0.78441,88.000,88.000,88.000,139.000,35.000,35.000,88.000,88.000,88.000,139.000,35.000,35.000,25.000,25.000,25.000,25.000
0.1420,-0.00313,0.00253,0.74379,0.99824,0.00548,0.00383,-0.05888,0.03504,0.00042,0.67790,0.68299,0.01042,0.00007,2,0.03490,1,0.08500,0.03000,0.2580,0.2865,0.024664,0.138808,90.2800,78.6055,149.7448,7.0532,-16.1622,113.9101,-97.9924,-77.6001,151.6546,22.0309,0.2419,128.1905,-0.023091,0.030007,150.0005,-0.004614,0.006597,113.9101,0.085007,0.030007,150.0005,-0.017178,0.009367,128.1905,-0.33622,-0.00358,-0.02676,0.76414,-0.43823,-0.02418,-0.40433,0.00379,0.01253,0.79134,-0.39109,-0.02065,0.02341,0.10384,-0.04483,0.03194,-1.68641,-0.01612,-0.14113,-3.19990,2.64430,-0.21058,-1.67504,0.07668,-0.70674,-3.38054,2.07084,-0.72008,-2.33080,-2.32039,-0.11286,-0.76278,88.000,88.000,88.000,139.000,35.000,35.000,88.000,88.000,88.000,139.000,35.000,35.000,25.000,25.000,25.000,25.000
0.1430,-0.00321,0.00255,0.74354,0.99822,0.00553,0.00398,-0.05921,0.03504,0.00041,0.67769,0.68297,0.01049,0.00007,2,0.03487,0,0.08500,0.03000,0.2395,0.2729,0.025194,0.138026,87.9032,78.8616,149.7732,7.0272,-14.9195,114.7627,-97.9453,-76.3534,151.5663,21.0004,-0.0469,128.2603,0.085007,0.030007,150.0005,-0.004006,0.005825,114.7627,0.085007,0.030007,150.0005,-0.016560,0.009346,128.2603,-0.33756,-0.00345,-0.02643,0.76621,-0.43922,-0.02394,-0.40575,0.00383,0.01273,0.79317,-0.39205,-0.02016,0.02386,0.10406,-0.04502,0.03194,52.02878,-63.78748,36.45225,25.34006,20.75442,-7.49599,-53.23982,53.36145,-31.73688,-27.63913,12.08044,-0.96694,7.95946,12.38012,25.00103,13.71159,88.000,88.000,88.000,139.000,35.000,35.000,88.000,88.000,88.000,139.000,35.000,35.000,25.000,25.000,25.000,25.000
0.1440,-0.00328,0.00257,0.74329,0.99820,0.00558,0.00413,-0.05953,0.03505,0.00041,0.67748,0.68294,0.01057,0.00007,2,0.03484,1,0.08500,0.03000,0.8259,0.8257,0.096366,0.146830,87.8381,78.8031,149.7953,69.7345,63.4420,190.2521,-97.8623,-74.8121,151.4819,-70.4333,-76.6515,210.1210,-0.054682,0.030007,150.0005,0.065166,0.024663,190.2521,0.085007,0.030007,150.0005,0.042543,0.020757,210.1210,-0.33891,-0.00335,-0.02604,0.76837,-0.44024,-0.02373,-0.40720,0.00384,0.01288,0.79506,-0.39298,-0.01968,0.02437,0.10469,-0.04510,0.03235,52.02878,-63.78748,36.45225,25.34006,20.75442,-7.49599,-53.23982,53.36145,-31.73688,-27.63913,12.08044,-0.96694,7.95946,12.38012,25.00103,13.71159,88.000,88.000,88.000,139.000,35.000,35.000,88.000,88.000,88.000,139.000,35.000,35.000,25.000,25.000,25.000,25.000
0.1450,-0.00335,0.00260,0.74304,0.99818,0.00564,0.00427,-0.05984,0.03505,0.00040,0.67728,0.68292,0.01065,0.00007,2,0.03483,1,0.08500,0.03000,0.8258,0.8255,0.096701,0.146958,87.7784,78.7600,149.8077,69.6522,63.4873,190.1992,-97.7786,-73.3440,151.4059,-70.6580,-76.0360,209.5630,-0.065933,0.030007,150.0005,0.065478,0.024836,190.1992,0.085007,0.030007,150.0005,0.042829,0.020625,209.5630,-0.34026,-0.00327,-0.02557,0.77062,-0.44129,-0.02354,-0.40868,0.00383,0.01299,0.79701,-0.39388,-0.01923,0.02494,0.10570,-0.04507,0.03315,52.02878,-63.78748,36.45225,25.34006,20.75442,-7.49599,-53.23982,53.36145,-31.73688,-27.63913,12.08044,-0.96694,7.95946,12.38012,25.00103,13.71159,88.000,88.000,88.000,139.000,35.000,35.000,88.000,88.000,88.000,139.000,35.000,35.000,25.000,25.000,25.000,25.000
0.1460,-0.00342,0.00264,0.74280,0.99816,0.00570,0.00441,-0.06015,0.03505,0.00040,0.67708,0.68290,0.01075,0.00007,2,0.03483,1,0.08500,0.03000,0.8258,0.8254,0.097070,0.147039,87.7306,78.7304,149.8112,69.4999,63.5209,190.0296,-97.6944,-71.9468,151.3379,-70.8722,-75.4079,208.9716,0.085007,0.030007,150.0005,0.065849,0.024987,190.0296,0.085007,0.030007,150.0005,0.043139,0.020490,208.9716,-0.34162,-0.00322,-0.02503,0.77296,-0.44237,-0.02336,-0.41018,0.00379,0.01306,0.79901,-0.39474,-0.01879,0.02557,0.10709,-0.04491,0.03432,52.02878,-63.78748,36.45225,25.34006,20.75442,-7.49599,-53.23982,53.36145,-31.73688,-27.63913,12.08044,-0.96694,7.95946,12.38012,25.00103,13.71159,88.000,88.000,88.000,139.000,35.000,35.000,88.000,88.000,88.000,139.000,35.000,35.000,25.000,25.000,25.000,25.000
0.1470,-0.00349,0.00267,0.74257,0.99814,0.00576,0.00455,-0.06045,0.03506,0.00039,0.67688,0.68288,0.01085,0.00007,2,0.03484,1,0.08500,0.03000,0.8257,0.8252,0.097469,0.147067,87.7038,78.7119,149.8063,69.2814,63.5449,189.7520,-97.6133,-70.6183,151.2773,-71.0750,-74.7698,208.3498,-0.033834,0.030007,150.0005,0.066273,0.025113,189.7520,0.085007,0.030007,150.0005,0.043470,0.020353,208.3498,-0.34299,-0.00319,-0.02443,0.77539,-0.44349,-0.02319,-0.41172,0.00374,0.01309,0.80106,-0.39558,-0.01838,0.02627,0.10884,-0.04464,0.03585,52.02878,-63.78748,36.45225,25.34006,20.75442,-7.49599,-53.23982,53.36145,-31.73688,-27.63913,12.08044,-0.96694,7.95946,12.38012,25.00103,13.71159,88.000,88.000,88.000,139.000,35.000,35.000,88.000,88.000,88.000,139.000,35.000,35.000,25.000,25.000,25.000,25.000
0.1480,-0.00356,0.00272,0.74233,0.99812,0.00583,0.00468,-0.06075,0.03506,0.00038,0.67668,0.68286,0.01096,0.00007,2,0.03486,1,0.08500,0.03000,0.8257,0.8251,0.097917,0.147058,87.6993,78.7037,149.7933,68.9957,63.5491,189.3498,-97.5318,-69.3577,151.2235,-71.2643,-74.1293,207.7052,0.085007,0.030007,150.0005,0.066767,0.025231,189.3498,0.085007,0.030007,150.0005,0.043816,0.020212,207.7052,-0.34436,-0.00318,-0.02376,0.77789,-0.44464,-0.02304,-0.41328,0.00367,0.01309,0.80317,-0.39639,-0.01799,0.02704,0.11094,-0.04424,0.03773,52.02878,-63.78748,36.45225,25.34006,20.75442,-7.49599,-53.23982,53.36145,-31.73688,-27.63913,12.08044,-0.96694,7.95946,12.38012,25.00103,13.71159,88.000,88.000,88.000,139.000,35.000,35.000,88.000,88.000,88.000,139.000,35.000,35.000,25.000,25.000,25.000,25.000
0.1490,-0.00362,0.00276,0.74210,0.99811,0.00590,0.00480,-0.06104,0.03507,0.00037,0.67649,0.68283,0.01108,0.00007,2,0.03489,1,0.08500,0.03000,0.8256,0.8250,0.098430,0.147024,87.7243,78.7042,149.7725,68.6407,63.5267,188.8106,-97.4523,-68.1623,151.1761,-71.4368,-73.4970,207.0483,0.085007,0.030007,150.0005,0.067346,0.025354,188.8106,0.085007,0.030007,150.0005,0.044168,0.020064,207.0483,-0.34574,-0.00320,-0.02303,0.78048,-0.44583,-0.02289,-0.41487,0.00359,0.01305,0.80533,-0.39718,-0.01762,0.02788,0.11337,-0.04373,0.03994,52.02878,-63.78748,36.45225,25.34006,20.75442,-7.49599,-53.23982,53.36145,-31.73688,-27.63913,12.08044,-0.96694,7.95946,12.38012,25.00103,13.71159,88.000,88.000,88.000,139.000,35.000,35.000,88.000,88.000,88.000,139.000,35.000,35.000,25.000,25.000,25.000,25.000
0.1500,-0.00368,0.00281,0.74187,0.99809,0.00598,0.00493,-0.06133,0.03507,0.00037,0.67629,0.68281,0.01120,0.00007,2,0.03493,1,0.08500,0.03000,0.8255,0.8250,0.098982,0.146973,87.7829,78.7124,149.7441,68.2429,63.4826,188.1794,-97.3743,-67.0282,151.1345,-71.5887,-72.8853,206.3914,-0.068113,0.030007,150.0005,0.067983,0.025488,188.1794,0.085007,0.030007,150.0005,0.044517,0.019908,206.3914,-0.34713,-0.00325,-0.02224,0.78316,-0.44705,-0.02276,-0.41649,0.00349,0.01298,0.80754,-0.39794,-0.01727,0.02880,0.11613,-0.04309,0.04248,52.02878,-63.78748,36.45225,25.34006,20.75442,-7.49599,-53.23982,53.36145,-31.73688,-27.63913,12.08044,-0.96694,7.95946,12.38012,25.00103,13.71159,88.000,88.000,88.000,139.000,35.000,35.000,88.000,88.000,88.000,139.000,35.000,35.000,25.000,25.000,25.000,25.000
0.1510,-0.00374,0.00286,0.74165,0.99807,0.00606,0.00505,-0.06161,0.03507,0.00036,0.67610,0.68279,0.01133,0.00007,2,0.03497,1,0.08500,0.03000,0.8254,0.8250,0.099527,0.146913,87.8768,78.7276,149.7082,67.8416,63.4271,187.5268,-97.2973,-65.9518,151.0984,-71.7154,-72.3078,205.7474,-0.081201,0.030007,150.0005,0.068631,0.025633,187.5268,0.085007,0.030007,150.0005,0.044848,0.019739,205.7474,-0.34852,-0.00332,-0.02138,0.78591,-0.44830,-0.02262,-0.41815,0.00338,0.01288,0.80980,-0.39869,-0.01694,0.02978,0.11919,-0.04232,0.04532,52.02878,-63.78748,36.45225,25.34006,20.75442,-7.49599,-53.23982,53.36145,-31.73688,-27.63913,12.08044,-0.96694,7.95946,12.38012,25.00103,13.71159,88.000,88.000,88.000,139.000,35.000,35.000,88.000,88.000,88.000,139.000,35.000,35.000,25.000,25.000,25.000,25.000
0.1520,-0.00380,0.00292,0.74142,0.99805,0.00613,0.00518,-0.06190,0.03508,0.00035,0.67591,0.68277,0.01147,0.00007,2,0.03502,1,0.08500,0.03000,0.8264,0.8250,0.101857,0.150428,88.0048,78.7497,149.6650,67.7059,60.2003,182.7232,-97.2217,-64.9296,151.0674,-71.8004,-71.8166,205.1671,0.036792,0.030007,150.0005,0.070550,0.029592,182.7232,0.085007,0.030007,150.0005,0.045142,0.019553,205.1671,-0.34992,-0.00338,-0.02055,0.78859,-0.44953,-0.02234,-0.41982,0.00330,0.01285,0.81208,-0.39947,-0.01662,0.03080,0.12183,-0.04148,0.04778,-1.38017,0.38874,-1.49283,-5.17763,3.45709,0.07509,-0.99199,0.39264,-0.06793,-4.73904,1.70147,-0.40258,-3.51822,-9.00213,-2.28953,-7.47519,88.000,88.000,88.000,139.000,35.000,35.000,88.000,88.000,88.000,139.000,35.000,35.000,25.000,25.000,25.000,25.000
0.1530,-0.00386,0.00297,0.74118,0.99803,0.00621,0.00532,-0.06218,0.03508,0.00034,0.67572,0.68274,0.01160,0.00007,2,0.03505,1,0.08500,0.03000,0.1816,0.3528,0.074682,0.153410,88.8988,78.6331,149.6392,-1.4391,6.4218,60.3945,-97.1889,-64.3195,151.0403,-11.9187,-11.6528,78.7409,-0.073103,0.030007,150.0005,0.043332,0.028792,60.3945,0.085007,0.030007,150.0005,0.008622,0.013782,78.7409,-0.35133,-0.00342,-0.01975,0.79121,-0.45073,-0.02193,-0.42152,0.00325,0.01286,0.81436,-0.40028,-0.01629,0.03186,0.12409,-0.04058,0.04989,-1.35443,0.36145,-1.44151,-5.06761,3.41758,-0.23916,-0.93947,0.32818,-0.19448,-4.79332,1.77512,-0.40150,-3.61237,-8.18073,-2.45072,-6.73430,88.000,88.000,88.000,139.000,35.000,35.000,88.000,88.000,88.000,139.000,35.000,35.000,25.000,25.000,25.000,25.000
0.1540,-0.00392,0.00302,0.74093,0.99801,0.00628,0.00546,-0.06247,0.03508,0.00033,0.67551,0.68272,0.01173,0.00007,2,0.03508,1,0.08500,0.03000,0.5465,1.0662,0.115991,0.148557,89.6344,78.5166,149.6279,-9.9228,11.2982,45.8591,-97.1511,-63.6862,151.0127,-26.1475,-2.6058,41.0762,-0.085007,0.030007,150.0005,0.085004,0.030017,45.8591,0.068216,0.030007,150.0005,0.085018,0.020338,41.0762,-0.35273,-0.00346,-0.01899,0.79375,-0.45194,-0.02145,-0.42320,0.00322,0.01289,0.81661,-0.40117,-0.01598,0.03293,0.12602,-0.03962,0.05171,-1.32550,0.33514,-1.39151,-4.98006,3.38944,-0.49275,-0.89006,0.27018,-0.30538,-4.84752,1.84493,-0.39961,-3.68015,-7.46045,-2.58361,-6.08744,88.000,88.000,88.000,139.000,35.000,35.000,88.000,88.000,88.000,139.000,35.000,35.000,25.000,25.000,25.000,25.000
0.1550,-0.00398,0.00307,0.74067,0.99799,0.00635,0.00562,-0.06276,0.03508,0.00033,0.67531,0.68270,0.01185,0.00007,2,0.03510,1,0.08500,0.03000,0.5553,1.0551,0.115894,0.148459,92.3848,78.0943,149.6265,-10.9930,11.1072,46.9026,-97.2205,-63.8929,150.9852,-26.4331,-2.9795,42.0181,-0.023266,0.030007,150.0005,0.085005,0.030016,46.9026,0.085007,0.030007,150.0005,0.085018,0.019920,42.0181,-0.35412,-0.00349,-0.01826,0.79623,-0.45317,-0.02093,-0.42487,0.00319,0.01293,0.81883,-0.40212,-0.01567,0.03401,0.12765,-0.03863,0.05327,-1.32957,0.31712,-1.32509,-4.86387,3.42579,-0.62963,-0.90189,0.25112,-0.32319,-4.80065,2.01122,-0.39271,-3.72946,-6.82498,-2.69440,-5.51694,88.000,88.000,88.000,139.000,35.000,35.000,88.000,88.000,88.000,139.000,35.000,35.000,25.000,25.000,25.000,25.000
0.1560,-0.00404,0.00312,0.74041,0.99797,0.00642,0.00577,-0.06304,0.03509,0.00032,0.67509,0.68267,0.01200,0.00007,2,0.03510,1,0.08500,0.03000,0.0000,1.0330,0.000000,0.000000,95.2787,77.6392,149.6348,0.0000,0.0000,0.0000,-97.2846,-63.9462,150.9494,-26.7711,-3.7609,43.6171,-0.055893,0.030007,150.0005,0.000000,0.000000,0.0000,0.085007,0.030007,150.0005,0.085018,0.019367,43.6171,-0.35549,-0.00353,-0.01758,0.79857,-0.45402,-0.02052,-0.42654,0.00317,0.01297,0.82101,-0.40315,-0.01537,0.03510,0.12903,-0.03761,0.05459,-1.33480,0.29960,-1.26301,-4.75835,3.47396,-0.73411,-0.91505,0.23480,-0.34012,-4.75758,2.16648,-0.38232,-3.75935,-6.26633,-2.78322,-5.01791,88.000,88.000,88.000,139.000,35.000,35.000,88.000,88.000,88.000,139.000,35.000,35.000,25.000,25.000,25.000,25.000
0.1570,-0.00410,0.00317,0.74014,0.99795,0.00648,0.00593,-0.06334,0.03508,0.00031,0.67486,0.68265,0.01233,0.00007,2,0.03510,1,0.08500,0.03000,0.0000,1.0033,0.000000,0.000000,97.0922,77.3528,149.6115,0.0000,0.0000,0.0000,-97.2664,-63.1789,150.9009,-26.7907,-4.1089,45.0248,-0.030753,0.030007,150.0005,0.000000,0.000000,0.0000,0.085007,0.030007,150.0005,0.085017,0.018245,45.0248,-0.35684,-0.00357,-0.01693,0.80078,-0.45459,-0.02019,-0.42819,0.00316,0.01303,0.82316,-0.40423,-0.01508,0.03618,0.13018,-0.03656,0.05572,-1.36770,0.30931,-1.19017,-4.51244,2.74167,-0.50916,-0.92708,0.21641,-0.36349,-4.72696,2.31678,-0.37161,-3.77558,-5.76893,-2.85271,-4.57795,88.000,88.000,88.000,139.000,35.000,35.000,88.000,88.000,88.000,139.000,35.000,35.000,25.000,25.000,25.000,25.000
0.1580,-0.00416,0.00322,0.73986,0.99793,0.00655,0.00610,-0.06363,0.03508,0.00030,0.67463,0.68263,0.01267,0.00007,2,0.03508,1,0.08500,0.03000,0.6478,0.9668,0.115660,0.148181,98.7566,77.0960,149.5634,-14.9210,10.3867,46.7744,-97.2586,-62.4149,150.8470,-26.5423,-4.1540,46.3124,-0.015034,0.030007,150.0005,0.085011,0.030013,46.7744,0.085007,0.030007,150.0005,0.085016,0.016795,46.3124,-0.35818,-0.00360,-0.01631,0.80295,-0.45526,-0.01980,-0.42983,0.00316,0.01309,0.82528,-0.40538,-0.01480,0.03725,0.13113,-0.03551,0.05667,-1.40021,0.31541,-1.12468,-4.28454,2.17181,-0.34360,-0.93940,0.19716,-0.38603,-4.69818,2.46392,-0.35778,-3.77749,-5.32960,-2.90531,-4.19271,88.000,88.000,88.000,139.000,35.000,35.000,88.000,88.000,88.000,139.000,35.000,35.000,25.000,25.000,25.000,25.000
0.1590,-0.00422,0.00326,0.73957,0.99791,0.00661,0.00627,-0.06392,0.03508,0.00030,0.67439,0.68260,0.01301,0.00007,2,0.03505,1,0.08500,0.03000,0.6922,0.9206,0.115598,0.148094,101.7093,76.6386,149.5286,-15.0613,9.3487,42.6828,-97.3282,-62.2490,150.7923,-26.1545,-3.8173,47.8513,0.013804,0.030007,150.0005,0.085013,0.030013,42.6828,0.085007,0.030007,150.0005,0.085014,0.015460,47.8513,-0.35952,-0.00361,-0.01571,0.80508,-0.45602,-0.01935,-0.43145,0.00317,0.01316,0.82737,-0.40660,-0.01453,0.03831,0.13191,-0.03444,0.05747,-1.41018,0.29016,-1.08577,-4.22423,2.38703,-0.48827,-0.95394,0.18069,-0.40131,-4.66383,2.60371,-0.33978,-3.76495,-4.94566,-2.94368,-3.85809,88.000,88.000,88.000,139.000,35.000,35.000,88.000,88.000,88.000,139.000,35.000,35.000,25.000,25.000,25.000,25.000
0.1600,-0.00428,0.00331,0.73929,0.99790,0.00667,0.00643,-0.06417,0.03508,0.00029,0.67414,0.68258,0.01336,0.00007,2,0.03503,0,0.08500,0.03000,0.6565,0.8784,0.115542,0.148014,-73.4637,101.8864,150.0655,-15.5261,8.6705,45.1473,80.8205,-87.7677,150.3104,-25.7633,-3.3429,49.2934,0.085007,0.030007,150.0005,0.085015,0.030011,45.1473,0.085007,0.030007,150.0005,0.085012,0.014127,49.2934,-0.36086,-0.00361,-0.01495,0.80713,-0.45694,-0.01899,-0.43304,0.00306,0.01297,0.82952,-0.40787,-0.01444,0.03941,0.13295,-0.03329,0.05851,-58.42747,-51.69971,29.78904,-30.24839,12.02233,-7.38718,64.92822,38.88844,-26.43372,32.42874,21.39763,-1.50539,16.01107,8.91377,9.44379,8.72230,88.000,88.000,88.000,139.000,35.000,35.000,88.000,88.000,88.000,139.000,35.000,35.000,25.000,25.000,25.000,25.000
0.1610,-0.00434,0.00335,0.73900,0.99788,0.00674,0.00659,-0.06438,0.03508,0.00028,0.67390,0.68255,0.01370,0.00007,2,0.03503,1,0.08500,0.03000,0.8265,0.8289,0.114551,0.141198,-74.1625,101.9569,150.0880,-53.6728,60.7757,163.4978,80.6470,-88.2799,150.3327,84.5276,-69.4823,220.0140,0.085007,-0.030007,150.0005,0.085016,0.023225,163.4978,-0.003778,-0.030007,150.0005,0.046229,0.013431,220.0140,-0.36223,-0.00359,-0.01406,0.80912,-0.45803,-0.01878,-0.43463,0.00290,0.01269,0.83179,-0.40916,-0.01444,0.04055,0.13424,-0.03206,0.05978,-58.42747,-51.69971,29.78904,-30.24839,12.02233,-7.38718,64.92822,38.88844,-26.43372,32.42874,21.39763,-1.50539,16.01107,8.91377,9.44379,8.72230,88.000,88.000,88.000,139.000,35.000,35.000,88.000,88.000,88.000,139.000,35.000,35.000,25.000,25.000,25.000,25.000
0.1620,-0.00440,0.00340,0.73872,0.99787,0.00681,0.00674,-0.06454,0.03507,0.00027,0.67365,0.68253,0.01402,0.00007,2,0.03505,0,0.08500,0.03000,0.8263,0.8255,0.114551,0.141002,-75.7685,102.1671,150.0702,-54.2439,60.8729,164.4526,80.6071,-87.7518,150.3434,72.8054,-78.1357,215.6303,0.085003,0.030003,150.0002,0.085015,0.023153,164.4526,0.085003,0.030003,150.0002,0.047016,0.028914,215.6303,-0.36362,-0.00355,-0.01305,0.81105,-0.45928,-0.01872,-0.43623,0.00265,0.01225,0.83420,-0.41041,-0.01425,0.04172,0.13571,-0.03079,0.06120,-54.92797,-48.39444,27.48991,-29.12943,12.02770,-7.37996,64.50274,36.02585,-24.81359,31.33407,21.32243,-1.59790,11.88249,6.26234,4.11236,5.52207,88.000,88.000,88.000,139.000,35.000,35.000,88.000,88.000,88.000,139.000,35.000,35.000,25.000,25.000,25.000,25.000
0.1630,-0.00446,0.00344,0.73844,0.99786,0.00688,0.00689,-0.06467,0.03507,0.00026,0.67340,0.68250,0.01433,0.00007,2,0.03508,0,0.08500,0.03000,0.8256,0.8251,0.114671,0.141417,-75.8788,102.1756,150.0088,-54.9470,59.3748,163.3169,79.6266,-86.1109,150.3207,73.2616,-76.3092,213.6726,0.085003,0.030003,150.0002,0.085013,0.023719,163.3169,0.085003,0.030003,150.0002,0.047407,0.028924,213.6726,-0.36503,-0.00350,-0.01194,0.81294,-0.46067,-0.01880,-0.43782,0.00232,0.01166,0.83672,-0.41163,-0.01390,0.04290,0.13731,-0.02949,0.06272,-52.63065,-46.88400,26.45834,-28.29818,12.09080,-7.38036,63.69326,34.49609,-23.79466,30.28471,21.22568,-1.63970,9.52304,4.76160,1.61779,3.86625,88.000,88.000,88.000,139.000,35.000,35.000,88.000,88.000,88.000,139.000,35.000,35.000,25.000,25.000,25.000,25.000
0.1640,-0.00451,0.00348,0.73816,0.99785,0.00695,0.00702,-0.06475,0.03507,0.00026,0.67316,0.68248,0.01463,0.00007,2,0.03512,1,0.08500,0.03000,0.8254,0.8264,0.115626,0.147486,-76.0358,102.2022,149.9117,-54.0753,57.7393,159.7350,78.3273,-84.3748,150.2734,52.7453,-59.3050,160.0719,0.072828,-0.030003,150.0002,0.085010,0.030015,159.7350,-0.085003,-0.030003,150.0002,0.085009,0.030028,160.0719,-0.36645,-0.00345,-0.01071,0.81477,-0.46217,-0.01892,-0.43937,0.00185,0.01081,0.83929,-0.41287,-0.01350,0.04410,0.13904,-0.02815,0.06434,-52.63065,-46.88400,26.45834,-28.29818,12.09080,-7.38036,63.69326,34.49609,-23.79466,30.28471,21.22568,-1.63970,9.52304,4.76160,1.61779,3.86625,88.000,88.000,88.000,139.000,35.000,35.000,88.000,88.000,88.000,139.000,35.000,35.000,25.000,25.000,25.000,25.000
0.1650,-0.00457,0.00353,0.73788,0.99784,0.00703,0.00715,-0.06486,0.03507,0.00025,0.67291,0.68245,0.01492,0.00007,2,0.03515,0,0.08500,0.03000,0.8252,0.8261,0.115713,0.147308,100.1828,77.2487,149.5725,-54.6872,57.4733,160.2292,-97.4537,-58.8920,150.5258,53.1389,-59.1687,160.4395,-0.081652,0.030003,150.0002,0.085006,0.030018,160.2292,0.085003,0.030003,150.0002,0.085009,0.030025,160.4395,-0.36774,-0.00338,-0.00933,0.81648,-0.46416,-0.01946,-0.44091,0.00137,0.00993,0.84177,-0.41414,-0.01303,0.04520,0.14121,-0.02691,0.06638,38.88494,-40.91335,25.43469,5.22361,-3.43035,-7.31290,-43.70850,32.97764,-19.67458,-28.83649,12.03788,-1.82220,-5.29117,11.32029,7.60149,11.45069,88.000,88.000,88.000,139.000,35.000,35.000,88.000,88.000,88.000,139.000,35.000,35.000,25.000,25.000,25.000,25.000
0.1660,-0.00462,0.00358,0.73760,0.99783,0.00711,0.00728,-0.06499,0.03507,0.00024,0.67267,0.68243,0.01519,0.00007,2,0.03516,1,0.08500,0.03000,0.8250,0.9091,-0.026021,0.162796,79.5057,-80.8261,150.3272,59.0626,59.3767,169.1989,-71.0005,99.9555,149.7517,-77.1269,-28.3046,150.6163,-0.065617,0.030003,150.0002,-0.057620,0.025828,169.1989,0.085003,0.030003,150.0002,0.085009,0.030022,150.6163,-0.36901,-0.00338,-0.00808,0.81829,-0.46620,-0.02002,-0.44242,0.00089,0.00900,0.84416,-0.41543,-0.01250,0.04620,0.14382,-0.02575,0.06883,38.88494,-40.91335,25.43469,5.22361,-3.43035,-7.31290,-43.70850,32.97764,-19.67458,-28.83649,12.03788,-1.82220,-5.29117,11.32029,7.60149,11.45069,88.000,88.000,88.000,139.000,35.000,35.000,88.000,88.000,88.000,139.000,35.000,35.000,25.000,25.000,25.000,25.000
0.1670,-0.00468,0.00364,0.73732,0.99782,0.00720,0.00739,-0.06514,0.03506,0.00023,0.67242,0.68240,0.01544,0.00007,2,0.03517,1,0.08500,0.03000,0.8469,0.9140,-0.053208,0.165456,78.9621,-83.7467,150.5302,64.0045,39.8896,148.4201,-68.8762,99.6838,149.8074,-78.2556,-27.7092,151.3783,-0.036688,0.030003,150.0002,-0.085007,0.025028,148.4201,0.085003,0.030003,150.0002,0.085008,0.030018,151.3783,-0.37025,-0.00350,-0.00695,0.82016,-0.46804,-0.02070,-0.44393,0.00039,0.00805,0.84647,-0.41675,-0.01191,0.04710,0.14684,-0.02467,0.07167,38.88494,-40.91335,25.43469,5.22361,-3.43035,-7.31290,-43.70850,32.97764,-19.67458,-28.83649,12.03788,-1.82220,-5.29117,11.32029,7.60149,11.45069,88.000,88.000,88.000,139.000,35.000,35.000,88.000,88.000,88.000,139.000,35.000,35.000,25.000,25.000,25.000,25.000
0.1680,-0.00474,0.00370,0.73704,0.99781,0.00730,0.00750,-0.06531,0.03506,0.00022,0.67217,0.68238,0.01569,0.00007,2,0.03517,1,0.08500,0.03000,0.8546,0.9174,-0.053194,0.165119,78.6362,-85.3332,150.7160,66.5851,38.2233,149.7263,-67.2032,99.4571,149.8640,-79.0869,-27.3273,152.0203,0.053685,0.030007,150.0005,-0.085011,0.025033,149.7263,0.085007,0.030007,150.0005,0.085007,0.030014,152.0203,-0.37147,-0.00372,-0.00593,0.82210,-0.46972,-0.02149,-0.44544,-0.00011,0.00708,0.84871,-0.41809,-0.01126,0.04793,0.15027,-0.02367,0.07488,38.88494,-40.91335,25.43469,5.22361,-3.43035,-7.31290,-43.70850,32.97764,-19.67458,-28.83649,12.03788,-1.82220,-5.29117,11.32029,7.60149,11.45069,88.000,88.000,88.000,139.000,35.000,35.000,88.000,88.000,88.000,139.000,35.000,35.000,25.000,25.000,25.000,25.000
0.1690,-0.00479,0.00378,0.73676,0.99780,0.00740,0.00761,-0.06551,0.03505,0.00022,0.67192,0.68235,0.01592,0.00007,2,0.03516,1,0.08500,0.03000,0.8630,0.9207,-0.053204,0.164798,78.3328,-86.9339,150.8924,69.1024,36.6337,151.0516,-65.6222,99.2301,149.9204,-79.9053,-26.9599,152.6646,-0.009880,0.030007,150.0005,-0.085015,0.025039,151.0516,0.085007,0.030007,150.0005,0.085005,0.030009,152.6646,-0.37266,-0.00403,-0.00503,0.82410,-0.47123,-0.02238,-0.44694,-0.00062,0.00608,0.85088,-0.41945,-0.01056,0.04867,0.15407,-0.02275,0.07845,38.88494,-40.91335,25.43469,5.22361,-3.43035,-7.31290,-43.70850,32.97764,-19.67458,-28.83649,12.03788,-1.82220,-5.29117,11.32029,7.60149,11.45069,88.000,88.000,88.000,139.000,35.000,35.000,88.000,88.000,88.000,139.000,35.000,35.000,25.000,25.000,25.000,25.000
0.1700,-0.00484,0.00385,0.73649,0.99778,0.00751,0.00770,-0.06573,0.03505,0.00021,0.67166,0.68233,0.01615,0.00007,2,0.03511,1,0.08500,0.03000,0.8735,0.0000,-0.053236,0.164492,78.0494,-88.5492,151.0619,72.4988,35.0749,153.6768,-64.1267,99.0031,149.9771,0.0000,0.0000,0.0000,0.005785,0.030007,150.0005,-0.085017,0.025046,153.6768,0.085007,0.030007,150.0005,0.000000,0.000000,0.0000,-0.37383,-0.00446,-0.00423,0.82616,-0.47261,-0.02336,-0.44839,-0.00114,0.00501,0.85266,-0.41970,-0.01012,0.04933,0.15824,-0.02190,0.08235,38.88494,-40.91335,25.43469,5.22361,-3.43035,-7.31290,-43.70850,32.97764,-19.67458,-28.83649,12.03788,-1.82220,-5.29117,11.32029,7.60149,11.45069,88.000,88.000,88.000,139.000,35.000,35.000,88.000,88.000,88.000,139.000,35.000,35.000,25.000,25.000,25.000,25.000
0.1710,-0.00490,0.00394,0.73621,0.99776,0.00764,0.00780,-0.06598,0.03504,0.00020,0.67141,0.68230,0.01636,0.00007,2,0.03504,1,0.08500,0.03000,0.8793,0.9999,-0.053289,0.164198,77.3549,-93.2702,151.2605,73.1918,33.7356,152.7534,-69.5316,99.6993,150.0805,-79.6040,-14.8811,134.9788,0.063009,0.030007,150.0005,-0.085018,0.025053,152.7534,0.085007,0.030007,150.0005,0.085004,-0.030000,134.9788,-0.37498,-0.00499,-0.00352,0.82828,-0.47386,-0.02443,-0.44984,-0.00172,0.00382,0.85438,-0.41990,-0.01033,0.04992,0.16276,-0.02113,0.08658,38.88494,-40.91335,25.43469,5.22361,-3.43035,-7.31290,-43.70850,32.97764,-19.67458,-28.83649,12.03788,-1.82220,-5.29117,11.32029,7.60149,11.45069,88.000,88.000,88.000,139.000,35.000,35.000,88.000,88.000,88.000,139.000,35.000,35.000,25.000,25.000,25.000,25.000
0.1720,-0.00495,0.00402,0.73593,0.99774,0.00775,0.00788,-0.06626,0.03504,0.00020,0.67115,0.68228,0.01657,0.00007,2,0.03497,0,0.08500,0.03000,0.8864,0.9539,-0.053361,0.163915,76.9430,-96.0555,151.4414,74.7815,32.5814,153.3756,-68.8797,99.7308,150.1225,-91.5136,-24.2820,165.4223,0.067697,0.030007,150.0005,-0.085019,0.025060,153.3756,0.085007,0.030007,150.0005,0.085006,0.016382,165.4223,-0.37605,-0.00547,-0.00299,0.83043,-0.47369,-0.02558,-0.45129,-0.00214,0.00301,0.85612,-0.42029,-0.01066,0.05048,0.16732,-0.02038,0.09078,47.56260,60.57306,-35.60825,22.45303,18.84932,-1.16799,-33.11339,-63.74064,41.89409,-20.59224,12.65878,-7.80939,-5.28356,3.85735,0.41332,1.58442,88.000,88.000,88.000,139.000,35.000,35.000,88.000,88.000,88.000,139.000,35.000,35.000,25.000,25.000,25.000,25.000
0.1730,-0.00500,0.00410,0.73564,0.99772,0.00787,0.00796,-0.06653,0.03504,0.00019,0.67088,0.68225,0.01675,0.00007,2,0.03490,0,0.08500,0.03000,0.8268,0.8261,0.077355,0.149448,76.6748,-99.3453,151.4996,63.8165,-72.8611,195.2537,-64.1300,99.2211,150.1252,-52.8456,58.7262,159.3882,0.085007,0.030007,150.0005,0.046580,0.028941,195.2537,0.085007,0.030007,150.0005,0.085006,0.025711,159.3882,-0.37716,-0.00598,-0.00264,0.83271,-0.47358,-0.02645,-0.45274,-0.00246,0.00252,0.85787,-0.42085,-0.01107,0.05105,0.17190,-0.01962,0.09493,45.51165,57.29841,-34.19966,23.50397,21.29599,-1.10836,-30.62325,-61.35921,40.17954,-18.88924,12.86078,-7.77964,-2.56801,3.91204,3.91993,2.01169,88.000,88.000,88.000,139.000,35.000,35.000,88.000,88.000,88.000,139.000,35.000,35.000,25.000,25.000,25.000,25.000
0.1740,-0.00505,0.00419,0.73536,0.99770,0.00799,0.00803,-0.06682,0.03503,0.00019,0.67062,0.68223,0.01693,0.00007,2,0.03485,0,0.08500,0.03000,0.8266,0.8156,0.084555,0.148457,76.8697,-99.2246,151.4800,66.1213,-74.9674,201.5553,-65.5631,99.5267,150.1062,-44.5967,86.9784,199.7519,0.080123,0.030007,150.0005,0.053985,0.029164,201.5553,0.085007,0.030007,150.0005,0.048648,0.020650,199.7519,-0.37830,-0.00651,-0.00243,0.83511,-0.47354,-0.02707,-0.45423,-0.00272,0.00219,0.85972,-0.42142,-0.01150,0.05158,0.17651,-0.01889,0.09904,45.91009,55.25914,-32.86351,22.51563,20.53138,-1.07233,-30.72641,-58.87079,38.59384,-19.10368,12.78910,-7.73566,-5.67172,3.00954,0.50336,1.05783,88.000,88.000,88.000,139.000,35.000,35.000,88.000,88.000,88.000,139.000,35.000,35.000,25.000,25.000,25.000,25.000
0.1750,-0.00511,0.00427,0.73507,0.99768,0.00811,0.00810,-0.06711,0.03503,0.00019,0.67036,0.68220,0.01710,0.00007,2,0.03480,1,0.08500,0.03000,0.8275,0.8158,0.082982,0.148463,77.0455,-99.1625,151.4314,64.2596,-75.1213,199.1155,-67.0214,99.8360,150.0849,-45.4043,85.3671,197.5365,-0.040814,0.030007,150.0005,0.052567,0.029125,199.1155,0.085007,0.030007,150.0005,0.049363,0.021149,197.5365,-0.37947,-0.00706,-0.00236,0.83761,-0.47355,-0.02747,-0.45575,-0.00292,0.00203,0.86167,-0.42200,-0.01194,0.05209,0.18114,-0.01819,0.10311,45.91009,55.25914,-32.86351,22.51563,20.53138,-1.07233,-30.72641,-58.87079,38.59384,-19.10368,12.78910,-7.73566,-5.67172,3.00954,0.50336,1.05783,88.000,88.000,88.000,139.000,35.000,35.000,88.000,88.000,88.000,139.000,35.000,35.000,25.000,25.000,25.000,25.000
0.1760,-0.00516,0.00434,0.73479,0.99766,0.00823,0.00817,-0.06736,0.03503,0.00018,0.67010,0.68217,0.01726,0.00007,2,0.03477,0,0.08500,0.03000,0.8292,0.8253,0.083267,0.148301,-93.2221,-75.1245,151.6852,62.8703,-77.1190,199.9847,101.4390,77.1573,149.8585,-44.2625,87.1639,197.4148,0.055105,0.030007,150.0005,0.053015,0.029141,199.9847,0.085007,0.030007,150.0005,0.049141,0.021069,197.4148,-0.38069,-0.00760,-0.00234,0.84011,-0.47363,-0.02769,-0.45726,-0.00314,0.00193,0.86375,-0.42267,-0.01237,0.05257,0.18579,-0.01752,0.10714,-60.93097,50.78406,-31.22360,-36.35224,7.83874,-1.02165,72.86353,-57.34612,36.24148,35.04697,21.46047,-7.67347,5.10638,4.09556,-9.03659,1.00542,88.000,88.000,88.000,139.000,35.000,35.000,88.000,88.000,88.000,139.000,35.000,35.000,25.000,25.000,25.000,25.000
0.1770,-0.00522,0.00442,0.73450,0.99765,0.00835,0.00823,-0.06757,0.03502,0.00018,0.66984,0.68215,0.01741,0.00007,2,0.03476,1,0.08500,0.03000,0.8301,0.8678,0.064546,0.150290,-96.0729,-74.5853,151.8470,-72.5126,-57.9795,186.4173,101.5088,77.1328,149.8238,92.6246,47.0296,199.5060,0.085007,-0.030007,150.0005,0.034318,0.028593,186.4173,-0.010713,-0.030007,150.0005,0.057802,0.025065,199.5060,-0.38195,-0.00815,-0.00239,0.84261,-0.47378,-0.02775,-0.45878,-0.00339,0.00189,0.86597,-0.42343,-0.01280,0.05304,0.19046,-0.01690,0.11115,-60.93097,50.78406,-31.22360,-36.35224,7.83874,-1.02165,72.86353,-57.34612,36.24148,35.04697,21.46047,-7.67347,5.10638,4.09556,-9.03659,1.00542,88.000,88.000,88.000,139.000,35.000,35.000,88.000,88.000,88.000,139.000,35.000,35.000,25.000,25.000,25.000,25.000
0.1780,-0.00528,0.00449,0.73421,0.99763,0.00847,0.00829,-0.06774,0.03502,0.00017,0.66958,0.68212,0.01755,0.00007,2,0.03477,1,0.08500,0.03000,1.0545,0.8694,0.114850,0.144556,-98.8101,-74.0906,151.9887,-84.3763,-9.5735,134.2140,101.5756,77.1254,149.7823,92.9580,46.5682,199.3232,0.085007,-0.030007,150.0005,0.085021,0.030083,134.2140,-0.047337,-0.030007,150.0005,0.058275,0.025439,199.3232,-0.38320,-0.00870,-0.00259,0.84501,-0.47415,-0.02766,-0.46031,-0.00365,0.00190,0.86831,-0.42427,-0.01321,0.05349,0.19513,-0.01631,0.11513,-60.93097,50.78406,-31.22360,-36.35224,7.83874,-1.02165,72.86353,-57.34612,36.24148,35.04697,21.46047,-7.67347,5.10638,4.09556,-9.03659,1.00542,88.000,88.000,88.000,139.000,35.000,35.000,88.000,88.000,88.000,139.000,35.000,35.000,25.000,25.000,25.000,25.000
0.1790,-0.00534,0.00455,0.73392,0.99762,0.00859,0.00835,-0.06788,0.03502,0.00017,0.66933,0.68209,0.01769,0.00007,2,0.03478,0,0.08500,0.03000,1.0512,0.8703,0.114797,0.144504,-99.8791,-73.8601,152.0783,-85.2466,-10.0120,136.0837,101.6395,77.1332,149.7349,93.5064,46.4563,199.9467,0.069779,0.030007,150.0005,0.085025,0.030082,136.0837,0.085006,0.030007,150.0005,0.058377,0.025716,199.9467,-0.38447,-0.00927,-0.00296,0.84734,-0.47468,-0.02741,-0.46183,-0.00394,0.00196,0.87076,-0.42518,-0.01361,0.05392,0.19974,-0.01572,0.11900,-56.67462,44.14340,-28.29855,-34.36045,9.79535,-0.98997,70.52470,-52.11915,33.14163,32.93402,21.25767,-7.56034,2.31898,1.21853,-8.21854,-0.77147,88.000,88.000,88.000,139.000,35.000,35.000,88.000,88.000,88.000,139.000,35.000,35.000,25.000,25.000,25.000,25.000
0.1800,-0.00540,0.00462,0.73363,0.99761,0.00871,0.00840,-0.06798,0.03502,0.00017,0.66907,0.68207,0.01782,0.00007,2,0.03481,1,0.08500,0.03000,1.0005,0.8701,0.114783,0.144485,-100.6276,-73.7016,152.1258,-86.7373,-16.1363,146.9623,101.7006,77.1538,149.6828,92.8598,46.2133,198.6758,0.085007,-0.030007,150.0005,0.085028,0.030081,146.9623,0.005135,-0.030007,150.0005,0.058111,0.025645,198.6758,-0.38574,-0.00986,-0.00348,0.84960,-0.47538,-0.02702,-0.46335,-0.00425,0.00204,0.87332,-0.42617,-0.01399,0.05434,0.20426,-0.01515,0.12278,-56.67462,44.14340,-28.29855,-34.36045,9.79535,-0.98997,70.52470,-52.11915,33.14163,32.93402,21.25767,-7.56034,2.31898,1.21853,-8.21854,-0.77147,88.000,88.000,88.000,139.000,35.000,35.000,88.000,88.000,88.000,139.000,35.000,35.000,25.000,25.000,25.000,25.000
0.1810,-0.00546,0.00468,0.73334,0.99761,0.00883,0.00845,-0.06803,0.03502,0.00017,0.66881,0.68204,0.01794,0.00007,2,0.03485,1,0.08500,0.03000,0.9985,0.8708,0.114805,0.144500,-100.6463,-73.6738,152.1287,-87.2149,-16.4939,148.1554,101.4328,74.8207,149.6322,93.1432,46.1055,198.9266,0.085007,-0.030007,150.0005,0.085030,0.030079,148.1554,-0.017775,-0.030007,150.0005,0.058334,0.025873,198.9266,-0.38703,-0.01047,-0.00415,0.85180,-0.47623,-0.02648,-0.46487,-0.00459,0.00214,0.87597,-0.42724,-0.01435,0.05474,0.20871,-0.01459,0.12646,-56.67462,44.14340,-28.29855,-34.36045,9.79535,-0.98997,70.52470,-52.11915,33.14163,32.93402,21.25767,-7.56034,2.31898,1.21853,-8.21854,-0.77147,88.000,88.000,88.000,139.000,35.000,35.000,88.000,88.000,88.000,139.000,35.000,35.000,25.000,25.000,25.000,25.000
0.1820,-0.00552,0.00473,0.73305,0.99761,0.00894,0.00849,-0.06805,0.03502,0.00017,0.66856,0.68201,0.01805,0.00007,2,0.03490,0,0.08500,0.03000,0.9962,0.8712,0.114864,0.144547,-100.7071,-73.6647,152.0929,-87.5735,-16.8756,149.2131,101.0936,72.0087,149.5817,93.3219,46.0323,199.0774,0.035089,0.030007,150.0005,0.085031,0.030077,149.2131,0.085007,0.030007,150.0005,0.058604,0.026067,199.0774,-0.38831,-0.01109,-0.00496,0.85387,-0.47735,-0.02584,-0.46638,-0.00497,0.00225,0.87870,-0.42836,-0.01470,0.05512,0.21308,-0.01404,0.13004,-57.82993,35.84437,-23.88451,-37.77796,4.70975,-1.01626,69.35784,-44.90020,28.79196,31.21902,21.11249,-7.27206,0.87186,0.64565,-6.96221,-0.54268,88.000,88.000,88.000,139.000,35.000,35.000,88.000,88.000,88.000,139.000,35.000,35.000,25.000,25.000,25.000,25.000
0.1830,-0.00559,0.00479,0.73275,0.99761,0.00906,0.00853,-0.06802,0.03501,0.00017,0.66830,0.68198,0.01816,0.00007,2,0.03496,1,0.08500,0.03000,1.1667,0.8789,0.114972,0.144625,-100.8336,-73.6676,152.0075,-84.9866,0.0000,121.4095,100.5943,68.0724,149.5351,93.4488,43.2084,195.2247,0.085007,-0.030007,150.0005,0.085030,0.030074,121.4095,-0.028289,-0.030007,150.0005,0.059097,0.025637,195.2247,-0.38958,-0.01172,-0.00590,0.85581,-0.47872,-0.02511,-0.46788,-0.00538,0.00236,0.88149,-0.42954,-0.01504,0.05548,0.21737,-0.01348,0.13353,-57.82993,35.84437,-23.88451,-37.77796,4.70975,-1.01626,69.35784,-44.90020,28.79196,31.21902,21.11249,-7.27206,0.87186,0.64565,-6.96221,-0.54268,88.000,88.000,88.000,139.000,35.000,35.000,88.000,88.000,88.000,139.000,35.000,35.000,25.000,25.000,25.000,25.000
0.1840,-0.00565,0.00484,0.73246,0.99761,0.00917,0.00857,-0.06795,0.03501,0.00017,0.66804,0.68196,0.01826,0.00007,2,0.03503,1,0.08500,0.03000,1.1667,0.8794,0.115126,0.144733,-101.0222,-73.6817,151.8741,-85.6183,0.0000,122.3119,100.0919,64.1489,149.4896,93.5506,43.1055,195.2230,0.085003,-0.030003,150.0002,0.085027,0.030070,122.3119,-0.059099,-0.030003,150.0002,0.059338,0.025760,195.2230,-0.39084,-0.01236,-0.00696,0.85764,-0.48034,-0.02428,-0.46936,-0.00582,0.00247,0.88436,-0.43078,-0.01536,0.05581,0.22158,-0.01292,0.13693,-57.82993,35.84437,-23.88451,-37.77796,4.70975,-1.01626,69.35784,-44.90020,28.79196,31.21902,21.11249,-7.27206,0.87186,0.64565,-6.96221,-0.54268,88.000,88.000,88.000,139.000,35.000,35.000,88.000,88.000,88.000,139.000,35.000,35.000,25.000,25.000,25.000,25.000
0.1850,-0.00572,0.00489,0.73216,0.99762,0.00928,0.00861,-0.06783,0.03501,0.00017,0.66779,0.68193,0.01836,0.00007,2,0.03510,1,0.08500,0.03000,1.1667,0.8703,0.115326,0.144871,-101.2064,-73.7176,151.6947,-85.9683,0.0000,122.8118,99.5887,60.2355,149.4462,77.4454,38.4947,165.6287,0.085003,-0.030003,150.0002,0.085023,0.030066,122.8118,-0.043927,-0.030003,150.0002,0.085012,0.030021,165.6287,-0.39210,-0.01300,-0.00815,0.85935,-0.48220,-0.02337,-0.47081,-0.00627,0.00262,0.88725,-0.43213,-0.01568,0.05611,0.22571,-0.01236,0.14025,-57.82993,35.84437,-23.88451,-37.77796,4.70975,-1.01626,69.35784,-44.90020,28.79196,31.21902,21.11249,-7.27206,0.87186,0.64565,-6.96221,-0.54268,88.000,88.000,88.000,139.000,35.000,35.000,88.000,88.000,88.000,139.000,35.000,35.000,25.000,25.000,25.000,25.000
0.1860,-0.00578,0.00494,0.73186,0.99763,0.00939,0.00864,-0.06766,0.03501,0.00018,0.66753,0.68190,0.01844,0.00007,2,0.03518,1,0.08500,0.03000,1.1667,0.8709,0.115570,0.145039,-99.1994,-74.1050,151.4632,-85.9263,0.0000,122.7519,99.1437,56.8520,149.4054,77.8270,38.4709,166.1398,0.064424,-0.030007,150.0005,0.085017,0.030061,122.7519,-0.085007,-0.030007,150.0005,0.085013,0.030024,166.1398,-0.39335,-0.01365,-0.00946,0.86095,-0.48426,-0.02238,-0.47223,-0.00675,0.00282,0.89018,-0.43357,-0.01601,0.05640,0.22977,-0.01181,0.14349,-57.82993,35.84437,-23.88451,-37.77796,4.70975,-1.01626,69.35784,-44.90020,28.79196,31.21902,21.11249,-7.27206,0.87186,0.64565,-6.96221,-0.54268,88.000,88.000,88.000,139.000,35.000,35.000,88.000,88.000,88.000,139.000,35.000,35.000,25.000,25.000,25.000,25.000
0.1870,-0.00585,0.00498,0.73156,0.99764,0.00950,0.00867,-0.06745,0.03501,0.00018,0.66727,0.68187,0.01852,0.00007,2,0.03525,1,0.08500,0.03000,1.1667,0.8714,0.115857,0.145238,76.0189,-100.8314,150.8448,-85.7623,0.0000,122.5176,-67.9094,75.1062,149.8690,78.1692,38.4663,166.6222,-0.085000,0.030000,150.0000,0.085010,0.030056,122.5176,0.070180,0.030000,150.0000,0.085014,0.030027,166.6222,-0.39460,-0.01430,-0.01089,0.86243,-0.48653,-0.02132,-0.47361,-0.00724,0.00307,0.89315,-0.43513,-0.01634,0.05666,0.23375,-0.01125,0.14665,-57.82993,35.84437,-23.88451,-37.77796,4.70975,-1.01626,69.35784,-44.90020,28.79196,31.21902,21.11249,-7.27206,0.87186,0.64565,-6.96221,-0.54268,88.000,88.000,88.000,139.000,35.000,35.000,88.000,88.000,88.000,139.000,35.000,35.000,25.000,25.000,25.000,25.000
0.1880,-0.00591,0.00502,0.73126,0.99766,0.00961,0.00870,-0.06717,0.03501,0.00019,0.66701,0.68185,0.01858,0.00007,2,0.03534,1,0.08500,0.03000,0.8254,0.8696,0.033863,0.155605,75.5778,-101.0986,150.8899,-77.0169,-82.1365,227.3621,-74.1249,76.3604,149.8523,78.2591,39.1158,167.6785,-0.008262,0.030007,150.0005,0.002091,0.027611,227.3621,0.085007,0.030007,150.0005,0.085015,0.030030,167.6785,-0.39594,-0.01497,-0.01230,0.86403,-0.48864,-0.02017,-0.47495,-0.00777,0.00333,0.89614,-0.43678,-0.01666,0.05689,0.23767,-0.01070,0.14974,-57.82993,35.84437,-23.88451,-37.77796,4.70975,-1.01626,69.35784,-44.90020,28.79196,31.21902,21.11249,-7.27206,0.87186,0.64565,-6.96221,-0.54268,88.000,88.000,88.000,139.000,35.000,35.000,88.000,88.000,88.000,139.000,35.000,35.000,25.000,25.000,25.000,25.000
0.1890,-0.00598,0.00505,0.73096,0.99768,0.00971,0.00872,-0.06684,0.03501,0.00020,0.66675,0.68182,0.01865,0.00007,2,0.03542,1,0.08500,0.03000,0.8431,0.8739,-0.052271,0.166658,75.1759,-101.3677,150.9101,-29.6749,-45.5599,107.4784,-73.9643,79.4110,149.7921,79.2640,38.1908,167.7927,-0.048115,0.030007,150.0005,-0.085008,0.025042,107.4784,0.085007,0.030007,150.0005,0.085015,0.030034,167.7927,-0.39731,-0.01560,-0.01367,0.86553,-0.48968,-0.01913,-0.47625,-0.00832,0.00363,0.89917,-0.43854,-0.01699,0.05709,0.24152,-0.01015,0.15275,-57.82993,35.84437,-23.88451,-37.77796,4.70975,-1.01626,69.35784,-44.90020,28.79196,31.21902,21.11249,-7.27206,0.87186,0.64565,-6.96221,-0.54268,88.000,88.000,88.000,139.000,35.000,35.000,88.000,88.000,88.000,139.000,35.000,35.000,25.000,25.000,25.000,25.000
0.1900,-0.00605,0.00508,0.73065,0.99770,0.00981,0.00874,-0.06646,0.03501,0.00020,0.66648,0.68179,0.01870,0.00007,2,0.03551,1,0.08500,0.03000,0.8371,0.8744,-0.051933,0.167049,99.0884,54.1709,149.7530,-31.2337,-44.2020,107.7653,-100.7460,-75.9024,150.9629,79.5868,38.2094,168.2802,-0.057089,0.030007,150.0006,-0.085012,0.025034,107.7653,0.085007,0.030007,150.0006,0.085015,0.030037,168.2802,-0.39874,-0.01618,-0.01501,0.86694,-0.48973,-0.01820,-0.47751,-0.00889,0.00396,0.90223,-0.44040,-0.01731,0.05728,0.24530,-0.00960,0.15569,-57.82993,35.84437,-23.88451,-37.77796,4.70975,-1.01626,69.35784,-44.90020,28.79196,31.21902,21.11249,-7.27206,0.87186,0.64565,-6.96221,-0.54268,88.000,88.000,88.000,139.000,35.000,35.000,88.000,88.000,88.000,139.000,35.000,35.000,25.000,25.000,25.000,25.000
0.1910,-0.00612,0.00511,0.73034,0.99772,0.00991,0.00877,-0.06611,0.03501,0.00021,0.66622,0.68176,0.01874,0.00007,2,0.03558,1,0.08500,0.03000,0.8297,0.8741,-0.053301,0.156485,98.6418,55.0628,149.8409,-34.3664,-42.6379,110.0061,-100.6816,-75.8542,151.0300,79.8112,38.3921,168.8619,0.058111,0.030008,150.0006,-0.085013,0.013952,110.0061,0.085008,0.030008,150.0006,0.085015,0.030042,168.8619,-0.40019,-0.01664,-0.01612,0.86838,-0.48948,-0.01745,-0.47880,-0.00941,0.00432,0.90518,-0.44220,-0.01738,0.05759,0.24843,-0.00895,0.15815,-1.02222,1.51136,2.84426,-3.54639,1.67076,-1.59687,-1.43380,1.49554,-0.80265,-7.55422,4.54697,0.90644,-2.14496,-12.26570,-2.17789,-9.30125,88.000,88.000,88.000,139.000,35.000,35.000,88.000,88.000,88.000,139.000,35.000,35.000,25.000,25.000,25.000,25.000
0.1920,-0.00619,0.00514,0.73002,0.99774,0.01000,0.00881,-0.06579,0.03501,0.00021,0.66595,0.68173,0.01881,0.00007,2,0.03563,1,0.08500,0.03000,0.6400,0.4368,0.027438,0.151413,99.5622,57.0188,149.8851,-17.7926,-42.8067,120.7305,-100.6282,-75.8463,151.0696,-14.0349,4.8440,56.6517,0.013904,0.030008,150.0006,-0.004699,0.021015,120.7305,0.085008,0.030007,150.0006,0.085015,0.030044,56.6517,-0.40168,-0.01705,-0.01708,0.86997,-0.48939,-0.01679,-0.48010,-0.00988,0.00471,0.90805,-0.44396,-0.01725,0.05800,0.25101,-0.00821,0.16019,-0.96687,1.26812,2.41494,-3.64132,1.06727,-1.24598,-1.38338,1.37284,-0.88058,-7.39154,4.45614,0.39608,-2.40560,-11.02209,-2.39713,-8.36992,88.000,88.000,88.000,139.000,35.000,35.000,88.000,88.000,88.000,139.000,35.000,35.000,25.000,25.000,25.000,25.000
0.1930,-0.00626,0.00517,0.72969,0.99776,0.01010,0.00886,-0.06549,0.03501,0.00022,0.66568,0.68170,0.01890,0.00007,2,0.03565,1,0.08500,0.03000,0.6190,0.0000,0.022621,0.150923,100.3574,61.0010,149.9203,-15.0702,-40.4429,116.2022,-100.5865,-75.8684,151.0862,0.0000,0.0000,0.0000,-0.085008,0.030008,150.0006,-0.009601,0.019463,116.2022,0.073767,0.030007,150.0006,0.000000,0.000000,0.0000,-0.40321,-0.01742,-0.01792,0.87169,-0.48945,-0.01620,-0.48139,-0.01033,0.00511,0.91074,-0.44522,-0.01713,0.05850,0.25311,-0.00739,0.16186,-0.87714,1.17289,2.12313,-3.95927,1.39102,-1.07075,-1.33964,1.28791,-0.93603,-7.24390,4.39931,-0.00314,-2.61542,-9.95168,-2.57774,-7.55805,88.000,88.000,88.000,139.000,35.000,35.000,88.000,88.000,88.000,139.000,35.000,35.000,25.000,25.000,25.000,25.000
0.1940,-0.00633,0.00520,0.72935,0.99778,0.01020,0.00893,-0.06521,0.03501,0.00022,0.66540,0.68167,0.01901,0.00007,2,0.03566,1,0.08500,0.03000,0.5763,0.5323,0.023704,0.147588,101.0873,65.2459,149.9570,-12.8094,-39.3787,119.7507,-100.4954,-75.8939,151.1340,-17.9120,7.4700,60.7630,-0.049722,0.030007,150.0006,-0.008209,0.016041,119.7507,0.085007,0.001100,150.0006,0.085016,0.030047,60.7630,-0.40478,-0.01777,-0.01865,0.87353,-0.48963,-0.01569,-0.48270,-0.01075,0.00553,0.91336,-0.44652,-0.01688,0.05906,0.25480,-0.00652,0.16322,-0.79926,1.12250,1.88065,-4.25171,1.67113,-0.93770,-1.34031,1.25673,-0.95657,-6.92495,3.42929,0.02702,-2.78627,-9.02136,-2.72946,-6.84350,88.000,88.000,88.000,139.000,35.000,35.000,88.000,88.000,88.000,139.000,35.000,35.000,25.000,25.000,25.000,25.000
0.1950,-0.00640,0.00522,0.72901,0.99779,0.01029,0.00899,-0.06495,0.03501,0.00022,0.66511,0.68165,0.01919,0.00007,2,0.03565,1,0.08500,0.03000,0.5603,0.6165,0.025126,0.146865,101.7119,68.8633,149.9957,-11.6334,-38.7372,120.3185,-100.4232,-75.9400,151.1588,-18.4843,7.6536,54.0870,-0.009030,0.030007,150.0005,-0.006866,0.015279,120.3185,0.085007,0.030007,150.0005,0.085017,0.030048,54.0870,-0.40638,-0.01810,-0.01927,0.87549,-0.48993,-0.01524,-0.48401,-0.01113,0.00596,0.91591,-0.44786,-0.01651,0.05967,0.25612,-0.00561,0.16429,-0.72321,1.07208,1.66607,-4.52562,1.93478,-0.78482,-1.31554,1.18949,-0.99668,-6.81142,3.52038,-0.26497,-2.91939,-8.21330,-2.85133,-6.22798,88.000,88.000,88.000,139.000,35.000,35.000,88.000,88.000,88.000,139.000,35.000,35.000,25.000,25.000,25.000,25.000
0.1960,-0.00647,0.00525,0.72866,0.99781,0.01039,0.00907,-0.06472,0.03501,0.00022,0.66482,0.68162,0.01938,0.00007,2,0.03563,1,0.08500,0.03000,0.5375,0.6224,0.026768,0.145778,102.3040,72.3110,150.0342,-10.7899,-37.4974,120.9856,-99.0239,-76.1801,151.1590,-19.4146,7.7350,55.9647,-0.057125,0.030007,150.0005,-0.005231,0.014218,120.9856,0.085007,0.030007,150.0005,0.085017,0.030048,55.9647,-0.40800,-0.01840,-0.01981,0.87755,-0.49034,-0.01485,-0.48532,-0.01149,0.00640,0.91839,-0.44925,-0.01605,0.06032,0.25713,-0.00466,0.16513,-0.65460,1.03502,1.47810,-4.77773,2.17259,-0.65904,-1.29567,1.12904,-1.02891,-6.70835,3.62315,-0.49127,-3.02224,-7.51061,-2.94919,-5.69255,88.000,88.000,88.000,139.000,35.000,35.000,88.000,88.000,88.000,139.000,35.000,35.000,25.000,25.000,25.000,25.000
0.1970,-0.00654,0.00528,0.72831,0.99782,0.01049,0.00915,-0.06450,0.03501,0.00022,0.66453,0.68159,0.01957,0.00007,2,0.03559,1,0.08500,0.03000,0.5104,0.6232,0.028180,0.144631,102.7647,74.9567,150.0719,-9.8810,-35.9934,121.8833,-96.9915,-76.5159,151.1395,-20.2235,7.5656,57.7474,-0.039529,0.026729,150.0005,-0.003796,0.013085,121.8833,0.085007,-0.030007,150.0005,0.085017,0.030047,57.7474,-0.40965,-0.01870,-0.02028,0.87971,-0.49084,-0.01451,-0.48663,-0.01182,0.00685,0.92082,-0.45068,-0.01553,0.06099,0.25787,-0.00369,0.16576,-0.59228,1.00876,1.31332,-5.01084,2.38874,-0.55381,-1.27982,1.07484,-1.05468,-6.61455,3.73418,-0.66727,-3.09931,-6.89909,-3.02619,-5.22670,88.000,88.000,88.000,139.000,35.000,35.000,88.000,88.000,88.000,139.000,35.000,35.000,25.000,25.000,25.000,25.000
0.1980,-0.00662,0.00531,0.72794,0.99783,0.01059,0.00924,-0.06430,0.03501,0.00022,0.66423,0.68156,0.01976,0.00007,2,0.03554,1,0.08500,0.03000,0.4755,0.6202,0.029209,0.143400,102.5983,73.6633,150.1059,-8.5974,-34.1291,123.3562,-88.5859,-77.6973,151.0840,-20.9122,7.2108,59.4441,-0.085000,-0.030000,150.0000,-0.002713,0.011829,123.3562,-0.085000,-0.030000,150.0000,0.085016,0.030046,59.4441,-0.41133,-0.01899,-0.02068,0.88195,-0.49143,-0.01421,-0.48795,-0.01214,0.00731,0.92319,-0.45217,-0.01497,0.06168,0.25838,-0.00270,0.16621,-0.53507,0.99122,1.16881,-5.22730,2.58609,-0.46459,-1.26724,1.02640,-1.07513,-6.52900,3.85085,-0.80481,-3.15447,-6.36642,-3.08509,-4.82130,88.000,88.000,88.000,139.000,35.000,35.000,88.000,88.000,88.000,139.000,35.000,35.000,25.000,25.000,25.000,25.000
0.1990,-0.00669,0.00533,0.72758,0.99784,0.01069,0.00933,-0.06412,0.03500,0.00022,0.66392,0.68153,0.01995,0.00007,2,0.03548,1,0.08500,0.03000,0.4405,0.6153,0.030056,0.142231,102.8068,74.7652,150.1364,-7.2767,-32.2098,124.9265,-86.3691,-78.0677,151.0377,-21.5156,6.7344,61.0657,-0.085000,0.030000,150.0000,-0.001805,0.010626,124.9265,0.042302,0.030000,150.0000,0.085015,0.030045,61.0657,-0.41303,-0.01927,-0.02102,0.88427,-0.49209,-0.01395,-0.48926,-0.01243,0.00777,0.92552,-0.45370,-0.01436,0.06237,0.25868,-0.00170,0.16651,-0.48118,0.97891,1.04009,-5.42994,2.76813,-0.38683,-1.25738,0.98323,-1.09098,-6.45066,3.97116,-0.91292,-3.19096,-5.90196,-3.12832,-4.46844,88.000,88.000,88.000,139.000,35.000,35.000,88.000,88.000,88.000,139.000,35.000,35.000,25.000,25.000,25.000,25.000
0.2000,-0.00677,0.00536,0.72720,0.99785,0.01079,0.00943,-0.06395,0.03500,0.00022,0.66361,0.68150,0.02014,0.00007,2,0.03541,1,0.08500,0.03000,0.4075,0.6093,0.030813,0.141154,102.8256,74.6875,150.1622,-6.0347,-30.3164,126.4243,-84.0823,-78.4512,150.9810,-22.0435,6.1824,62.6203,-0.085000,-0.030000,150.0000,-0.000989,0.009517,126.4243,-0.085000,-0.030000,150.0000,0.085013,0.030044,62.6203,-0.41474,-0.01954,-0.02131,0.88666,-0.49283,-0.01372,-0.49057,-0.01270,0.00823,0.92779,-0.45528,-0.01372,0.06306,0.25880,-0.00070,0.16667,-0.43021,0.97070,0.92499,-5.62002,2.93649,-0.31886,-1.24973,0.94483,-1.10305,-6.37883,4.09367,-0.99863,-3.21170,-5.49646,-3.15803,-4.16114,88.000,88.000,88.000,139.000,35.000,35.000,88.000,88.000,88.000,139.000,35.000,35.000,25.000,25.000,25.000,25.000
0.2010,-0.00685,0.00539,0.72683,0.99786,0.01089,0.00953,-0.06380,0.03499,0.00021,0.66330,0.68147,0.02033,0.00007,2,0.03533,1,0.08500,0.03000,0.3758,0.6028,0.031461,0.140135,102.8428,74.6194,150.1842,-4.8286,-28.4354,127.8993,-81.5922,-77.5489,150.9045,-22.5045,5.5852,64.1144,-0.085000,-0.030000,150.0000,-0.000277,0.008464,127.8993,-0.085000,-0.030000,150.0000,0.085011,0.030042,64.1144,-0.41648,-0.01981,-0.02155,0.88912,-0.49364,-0.01351,-0.49188,-0.01296,0.00869,0.93002,-0.45691,-0.01306,0.06375,0.25876,0.00030,0.16671,-0.38164,0.96532,0.82140,-5.79880,3.09252,-0.25873,-1.24385,0.91074,-1.11199,-6.31288,4.21729,-1.06731,-3.21917,-5.14193,-3.17609,-3.89336,88.000,88.000,88.000,139.000,35.000,35.000,88.000,88.000,88.000,139.000,35.000,35.000,25.000,25.000,25.000,25.000
0.2020,-0.00693,0.00542,0.72644,0.99786,0.01100,0.00963,-0.06366,0.03498,0.00021,0.66299,0.68144,0.02053,0.00007,2,0.03524,1,0.08500,0.03000,0.3469,0.5958,0.032083,0.139208,102.8588,74.5599,150.2028,-3.7530,-26.6369,129.2404,-78.8996,-75.3468,150.8112,-22.9004,4.9681,65.5543,-0.064871,0.030000,150.0000,0.000403,0.007513,129.2404,0.085000,0.030000,150.0000,0.085008,0.030040,65.5543,-0.41824,-0.02008,-0.02174,0.89164,-0.49450,-0.01333,-0.49319,-0.01321,0.00915,0.93221,-0.45860,-0.01239,0.06443,0.25859,0.00130,0.16665,-0.33510,0.96182,0.72754,-5.96735,3.23738,-0.20502,-1.23937,0.88051,-1.11833,-6.25227,4.34122,-1.12309,-3.21551,-4.83148,-3.18415,-3.65984,88.000,88.000,88.000,139.000,35.000,35.000,88.000,88.000,88.000,139.000,35.000,35.000,25.000,25.000,25.000,25.000
0.2030,-0.00701,0.00545,0.72605,0.99787,0.01110,0.00974,-0.06354,0.03497,0.00020,0.66266,0.68141,0.02072,0.00007,2,0.03513,1,0.08500,0.03000,0.3181,0.5883,0.032662,0.138283,102.8737,74.5079,150.2184,-2.7345,-24.7662,130.5517,-76.1828,-73.2300,150.7149,-23.2278,4.3417,66.9441,-0.005836,0.030000,150.0000,0.001050,0.006569,130.5517,0.085000,0.030000,150.0000,0.085006,0.030038,66.9441,-0.42001,-0.02034,-0.02190,0.89423,-0.49543,-0.01318,-0.49449,-0.01344,0.00961,0.93435,-0.46033,-0.01170,0.06509,0.25831,0.00228,0.16651,-0.29033,0.95920,0.64172,-6.12662,3.37242,-0.15647,-1.23599,0.85373,-1.12252,-6.19649,4.46488,-1.16913,-3.20256,-4.55913,-3.18365,-3.45602,88.000,88.000,88.000,139.000,35.000,35.000,88.000,88.000,88.000,139.000,35.000,35.000,25.000,25.000,25.000,25.000
0.2040,-0.00709,0.00548,0.72567,0.99788,0.01121,0.00984,-0.06342,0.03497,0.00020,0.66234,0.68138,0.02092,0.00007,2,0.03504,0,0.08500,0.03000,0.2957,0.1844,0.033377,0.137472,102.8892,74.4638,150.2318,-2.0881,-23.1832,131.2125,-79.0325,-69.0702,150.6099,11.4368,-10.5721,140.7571,-0.085007,0.008275,150.0005,0.001820,0.005771,131.2125,0.045181,-0.029998,150.0005,0.000235,0.027543,140.7571,-0.42177,-0.02066,-0.02202,0.89689,-0.49646,-0.01304,-0.49584,-0.01369,0.01002,0.93651,-0.46192,-0.01025,0.06563,0.25852,0.00321,0.16690,42.40200,-58.11008,38.88283,4.68562,-4.05141,-4.32906,-50.07328,56.49393,-38.58566,-27.65594,6.74208,7.80424,-7.15637,9.83269,15.45712,14.00604,88.000,88.000,88.000,139.000,35.000,35.000,88.000,88.000,88.000,139.000,35.000,35.000,25.000,25.000,25.000,25.000
0.2050,-0.00717,0.00552,0.72528,0.99788,0.01131,0.00994,-0.06331,0.03496,0.00019,0.66202,0.68135,0.02112,0.00007,2,0.03494,1,0.08500,0.03000,0.8420,0.8923,-0.031740,0.153886,-51.6601,98.8755,150.2491,72.9093,48.1559,172.9503,78.9627,-91.7482,150.5051,-36.6858,-88.1542,178.3428,-0.085000,-0.030000,150.0000,-0.065104,0.011730,172.9503,-0.085000,-0.030000,150.0000,0.014124,0.027946,178.3428,-0.42351,-0.02102,-0.02212,0.89963,-0.49760,-0.01290,-0.49723,-0.01395,0.01040,0.93869,-0.46339,-0.00810,0.06605,0.25920,0.00408,0.16780,42.40200,-58.11008,38.88283,4.68562,-4.05141,-4.32906,-50.07328,56.49393,-38.58566,-27.65594,6.74208,7.80424,-7.15637,9.83269,15.45712,14.00604,88.000,88.000,88.000,139.000,35.000,35.000,88.000,88.000,88.000,139.000,35.000,35.000,25.000,25.000,25.000,25.000
0.2060,-0.00725,0.00556,0.72490,0.99789,0.01142,0.01003,-0.06320,0.03495,0.00018,0.66169,0.68132,0.02133,0.00007,2,0.03485,1,0.08500,0.03000,0.8425,0.8883,-0.031109,0.153880,-54.2454,99.2692,150.2656,73.6951,48.3799,174.3928,79.4252,-87.7777,150.3752,-37.6450,-87.7113,179.0803,-0.085000,-0.030000,150.0000,-0.064503,0.011768,174.3928,-0.085000,-0.030000,150.0000,0.014097,0.027935,179.0803,-0.42525,-0.02144,-0.02219,0.90246,-0.49884,-0.01278,-0.49868,-0.01423,0.01073,0.94088,-0.46473,-0.00531,0.06636,0.26034,0.00490,0.16920,42.40200,-58.11008,38.88283,4.68562,-4.05141,-4.32906,-50.07328,56.49393,-38.58566,-27.65594,6.74208,7.80424,-7.15637,9.83269,15.45712,14.00604,88.000,88.000,88.000,139.000,35.000,35.000,88.000,88.000,88.000,139.000,35.000,35.000,25.000,25.000,25.000,25.000
0.2070,-0.00733,0.00560,0.72451,0.99789,0.01153,0.01012,-0.06309,0.03495,0.00018,0.66137,0.68129,0.02153,0.00007,2,0.03478,1,0.08500,0.03000,0.8420,0.8730,-0.030352,0.153913,-56.6817,99.6497,150.2757,73.7209,48.7192,174.9145,79.9506,-83.3631,150.2049,-47.9517,-98.7500,209.5739,-0.085000,-0.030000,150.0000,-0.063762,0.011890,174.9145,-0.085000,-0.030000,150.0000,0.004903,0.004096,209.5739,-0.42698,-0.02191,-0.02223,0.90537,-0.50019,-0.01265,-0.50019,-0.01453,0.01106,0.94318,-0.46593,-0.00233,0.06657,0.26191,0.00567,0.17107,42.40200,-58.11008,38.88283,4.68562,-4.05141,-4.32906,-50.07328,56.49393,-38.58566,-27.65594,6.74208,7.80424,-7.15637,9.83269,15.45712,14.00604,88.000,88.000,88.000,139.000,35.000,35.000,88.000,88.000,88.000,139.000,35.000,35.000,25.000,25.000,25.000,25.000
0.2080,-0.00741,0.00566,0.72413,0.99789,0.01165,0.01021,-0.06299,0.03494,0.00017,0.66105,0.68126,0.02175,0.00007,2,0.03473,1,0.08500,0.03000,0.8419,0.8281,-0.029656,0.153868,-58.3096,99.9121,150.2791,74.0248,48.9907,175.7365,80.6435,-77.8204,150.0298,-62.2757,-74.2499,195.0365,0.085000,-0.030000,150.0000,-0.063052,0.011953,175.7365,-0.056068,-0.030000,150.0000,0.021151,-0.021783,195.0365,-0.42870,-0.02244,-0.02225,0.90837,-0.50164,-0.01252,-0.50175,-0.01485,0.01133,0.94558,-0.46712,0.00044,0.06667,0.26389,0.00641,0.17339,42.40200,-58.11008,38.88283,4.68562,-4.05141,-4.32906,-50.07328,56.49393,-38.58566,-27.65594,6.74208,7.80424,-7.15637,9.83269,15.45712,14.00604,88.000,88.000,88.000,139.000,35.000,35.000,88.000,88.000,88.000,139.000,35.000,35.000,25.000,25.000,25.000,25.000
0.2090,-0.00749,0.00572,0.72375,0.99790,0.01176,0.01029,-0.06289,0.03494,0.00015,0.66073,0.68122,0.02196,0.00007,2,0.03469,1,0.08500,0.03000,0.8415,0.8297,-0.029048,0.153814,-77.8574,-52.2403,149.8285,73.9729,49.1984,175.9589,100.3540,77.4110,150.4547,-60.1168,-74.5879,192.4353,-0.085000,-0.030000,150.0000,-0.062407,0.012020,175.9589,-0.085000,-0.030000,150.0000,0.020373,-0.024386,192.4353,-0.43042,-0.02302,-0.02224,0.91144,-0.50320,-0.01239,-0.50336,-0.01520,0.01155,0.94807,-0.46828,0.00297,0.06668,0.26627,0.00711,0.17613,42.40200,-58.11008,38.88283,4.68562,-4.05141,-4.32906,-50.07328,56.49393,-38.58566,-27.65594,6.74208,7.80424,-7.15637,9.83269,15.45712,14.00604,88.000,88.000,88.000,139.000,35.000,35.000,88.000,88.000,88.000,139.000,35.000,35.000,25.000,25.000,25.000,25.000
0.2100,-0.00757,0.00578,0.72337,0.99790,0.01188,0.01037,-0.06280,0.03493,0.00014,0.66041,0.68119,0.02219,0.00007,2,0.03466,1,0.08500,0.03000,0.8409,0.8292,-0.028517,0.153769,-86.8291,-43.2745,149.8559,73.6686,49.3534,175.7458,100.2849,77.0757,150.6749,-60.1879,-73.7918,191.3995,0.085007,-0.030007,150.0005,-0.061821,0.012110,175.7458,-0.025679,-0.030007,150.0005,0.020863,-0.025143,191.3995,-0.43212,-0.02366,-0.02220,0.91459,-0.50486,-0.01226,-0.50502,-0.01557,0.01172,0.95064,-0.46943,0.00529,0.06659,0.26903,0.00777,0.17929,42.40200,-58.11008,38.88283,4.68562,-4.05141,-4.32906,-50.07328,56.49393,-38.58566,-27.65594,6.74208,7.80424,-7.15637,9.83269,15.45712,14.00604,88.000,88.000,88.000,139.000,35.000,35.000,88.000,88.000,88.000,139.000,35.000,35.000,25.000,25.000,25.000,25.000
0.2110,-0.00765,0.00585,0.72299,0.99791,0.01200,0.01044,-0.06266,0.03493,0.00013,0.66009,0.68116,0.02242,0.00007,2,0.03465,0,0.08500,0.03000,0.8403,0.8286,-0.028017,0.153795,-87.7088,-41.0405,149.8658,73.1809,49.4435,175.1777,100.2303,76.7612,150.8716,-60.3389,-72.9632,190.4315,0.085007,-0.030003,150.0005,-0.061258,0.012291,175.1777,-0.018255,-0.014184,150.0005,0.021407,-0.025829,190.4315,-0.43385,-0.02437,-0.02228,0.91773,-0.50643,-0.01205,-0.50665,-0.01602,0.01185,0.95330,-0.47064,0.00739,0.06647,0.27180,0.00844,0.18246,-44.41154,32.37434,-22.47105,-28.43240,12.53426,6.60900,51.74822,-36.25726,24.67809,16.03406,5.73751,-0.55287,0.63874,1.48657,-4.04256,2.05228,88.000,88.000,88.000,139.000,35.000,35.000,88.000,88.000,88.000,139.000,35.000,35.000,25.000,25.000,25.000,25.000
0.2120,-0.00773,0.00591,0.72261,0.99792,0.01212,0.01051,-0.06246,0.03493,0.00012,0.65977,0.68113,0.02266,0.00007,2,0.03464,1,0.08500,0.03000,0.7035,0.8624,0.084915,0.100886,-88.7955,-41.8089,149.8652,-68.1211,-32.4459,178.7511,100.1840,76.4849,151.0426,81.7126,43.5555,178.9545,0.085007,-0.030007,150.0005,0.058642,-0.022164,178.7511,-0.056264,-0.030007,150.0005,-0.014515,-0.009509,178.9545,-0.43561,-0.02514,-0.02247,0.92085,-0.50793,-0.01176,-0.50827,-0.01654,0.01193,0.95606,-0.47193,0.00928,0.06631,0.27458,0.00911,0.18564,-44.41154,32.37434,-22.47105,-28.43240,12.53426,6.60900,51.74822,-36.25726,24.67809,16.03406,5.73751,-0.55287,0.63874,1.48657,-4.04256,2.05228,88.000,88.000,88.000,139.000,35.000,35.000,88.000,88.000,88.000,139.000,35.000,35.000,25.000,25.000,25.000,25.000
0.2130,-0.00781,0.00597,0.72223,0.99793,0.01225,0.01057,-0.06222,0.03492,0.00011,0.65946,0.68110,0.02289,0.00007,2,0.03465,1,0.08500,0.03000,0.7246,0.8642,0.085509,0.101191,-89.8717,-42.3808,149.8628,-69.5831,-33.6902,177.8270,100.1452,76.2442,151.1900,82.4717,43.2276,179.5705,0.085007,-0.030007,150.0005,0.059235,-0.021700,177.8270,0.069374,-0.027016,150.0005,-0.014228,-0.009542,179.5705,-0.43740,-0.02599,-0.02278,0.92396,-0.50934,-0.01140,-0.50987,-0.01713,0.01197,0.95891,-0.47330,0.01100,0.06612,0.27737,0.00977,0.18883,-44.41154,32.37434,-22.47105,-28.43240,12.53426,6.60900,51.74822,-36.25726,24.67809,16.03406,5.73751,-0.55287,0.63874,1.48657,-4.04256,2.05228,88.000,88.000,88.000,139.000,35.000,35.000,88.000,88.000,88.000,139.000,35.000,35.000,25.000,25.000,25.000,25.000
0.2140,-0.00790,0.00604,0.72185,0.99795,0.01237,0.01063,-0.06193,0.03492,0.00010,0.65914,0.68107,0.02314,0.00007,2,0.03468,1,0.08500,0.03000,0.7447,0.8658,0.086107,0.101423,-90.9212,-42.7693,149.8586,-70.9999,-34.7840,176.9464,100.1132,76.0366,151.3156,83.0091,42.8889,179.8542,0.085007,-0.030007,150.0005,0.059831,-0.021318,176.9464,0.023008,-0.030007,150.0005,-0.013877,-0.009524,179.8542,-0.43921,-0.02689,-0.02318,0.92705,-0.51067,-0.01098,-0.51145,-0.01780,0.01198,0.96185,-0.47473,0.01254,0.06590,0.28017,0.01043,0.19204,-44.41154,32.37434,-22.47105,-28.43240,12.53426,6.60900,51.74822,-36.25726,24.67809,16.03406,5.73751,-0.55287,0.63874,1.48657,-4.04256,2.05228,88.000,88.000,88.000,139.000,35.000,35.000,88.000,88.000,88.000,139.000,35.000,35.000,25.000,25.000,25.000,25.000
0.2150,-0.00798,0.00610,0.72147,0.99797,0.01250,0.01069,-0.06159,0.03492,0.00008,0.65882,0.68104,0.02338,0.00007,2,0.03471,1,0.08500,0.03000,0.7637,0.8672,0.086670,0.101607,-91.9267,-42.9855,149.8523,-72.3640,-35.7543,176.1494,100.0865,75.8590,151.4211,83.3568,42.5484,179.8645,0.085003,-0.030003,150.0002,0.060390,-0.021000,176.1494,-0.006917,-0.030003,150.0002,-0.013476,-0.009455,179.8645,-0.44105,-0.02786,-0.02369,0.93014,-0.51194,-0.01048,-0.51301,-0.01854,0.01194,0.96487,-0.47625,0.01393,0.06564,0.28298,0.01109,0.19525,-44.41154,32.37434,-22.47105,-28.43240,12.53426,6.60900,51.74822,-36.25726,24.67809,16.03406,5.73751,-0.55287,0.63874,1.48657,-4.04256,2.05228,88.000,88.000,88.000,139.000,35.000,35.000,88.000,88.000,88.000,139.000,35.000,35.000,25.000,25.000,25.000,25.000
0.2160,-0.00806,0.00617,0.72108,0.99799,0.01262,0.01074,-0.06121,0.03492,0.00007,0.65851,0.68100,0.02363,0.00007,2,0.03476,1,0.08500,0.03000,0.7159,0.8369,0.084808,0.093486,-92.8772,-43.0418,149.8447,-68.2034,-28.8619,172.4260,100.0663,75.7105,151.5087,65.9864,46.7077,160.9916,0.085003,-0.030003,150.0002,0.059856,-0.029277,172.4260,-0.020480,-0.030003,150.0002,-0.005326,-0.027416,160.9916,-0.44290,-0.02890,-0.02431,0.93320,-0.51311,-0.01002,-0.51453,-0.01935,0.01188,0.96798,-0.47784,0.01496,0.06536,0.28579,0.01175,0.19846,-44.41154,32.37434,-22.47105,-28.43240,12.53426,6.60900,51.74822,-36.25726,24.67809,16.03406,5.73751,-0.55287,0.63874,1.48657,-4.04256,2.05228,88.000,88.000,88.000,139.000,35.000,35.000,88.000,88.000,88.000,139.000,35.000,35.000,25.000,25.000,25.000,25.000
0.2170,-0.00813,0.00623,0.72070,0.99801,0.01275,0.01078,-0.06078,0.03492,0.00006,0.65819,0.68097,0.02389,0.00007,2,0.03481,1,0.08500,0.03000,0.7339,0.8385,0.085208,0.093381,-92.8293,-44.0582,149.8381,-69.5424,-29.8314,171.8446,100.0557,75.6247,151.5586,66.9944,46.3383,161.9038,0.085003,-0.030003,150.0002,0.060280,-0.029290,171.8446,0.071889,-0.030003,150.0002,-0.005219,-0.027423,161.9038,-0.44478,-0.03002,-0.02505,0.93625,-0.51419,-0.00960,-0.51602,-0.02024,0.01179,0.97117,-0.47952,0.01564,0.06504,0.28861,0.01241,0.20169,-44.41154,32.37434,-22.47105,-28.43240,12.53426,6.60900,51.74822,-36.25726,24.67809,16.03406,5.73751,-0.55287,0.63874,1.48657,-4.04256,2.05228,88.000,88.000,88.000,139.000,35.000,35.000,88.000,88.000,88.000,139.000,35.000,35.000,25.000,25.000,25.000,25.000
0.2180,-0.00821,0.00630,0.72031,0.99804,0.01288,0.01082,-0.06031,0.03492,0.00005,0.65788,0.68094,0.02415,0.00007,2,0.03488,1,0.08500,0.03000,0.9319,0.8395,0.109496,0.088718,-92.8048,-45.0410,149.8352,-78.6405,-24.4603,147.2868,100.0539,75.5970,151.5736,67.4174,46.0202,162.0538,0.085003,-0.030003,150.0002,0.085003,-0.030019,147.2868,0.007114,-0.030003,150.0002,-0.004787,-0.027437,162.0538,-0.44665,-0.03123,-0.02596,0.93923,-0.51526,-0.00915,-0.51747,-0.02119,0.01169,0.97445,-0.48127,0.01601,0.06470,0.29144,0.01308,0.20492,-44.41154,32.37434,-22.47105,-28.43240,12.53426,6.60900,51.74822,-36.25726,24.67809,16.03406,5.73751,-0.55287,0.63874,1.48657,-4.04256,2.05228,88.000,88.000,88.000,139.000,35.000,35.000,88.000,88.000,88.000,139.000,35.000,35.000,25.000,25.000,25.000,25.000
0.2190,-0.00829,0.00636,0.71993,0.99807,0.01302,0.01086,-0.05979,0.03491,0.00004,0.65756,0.68091,0.02442,0.00007,2,0.03496,1,0.08500,0.03000,0.9341,0.8404,0.109505,0.088700,-92.0401,-46.4286,149.8228,-79.2647,-24.2745,147.9132,100.0610,75.6241,151.5567,67.6781,45.6600,161.9116,0.085007,-0.030007,150.0005,0.085004,-0.030020,147.9132,-0.049139,-0.030007,150.0005,-0.004345,-0.027451,161.9116,-0.44853,-0.03254,-0.02704,0.94216,-0.51631,-0.00869,-0.51890,-0.02221,0.01157,0.97780,-0.48311,0.01610,0.06433,0.29426,0.01374,0.20816,-44.41154,32.37434,-22.47105,-28.43240,12.53426,6.60900,51.74822,-36.25726,24.67809,16.03406,5.73751,-0.55287,0.63874,1.48657,-4.04256,2.05228,88.000,88.000,88.000,139.000,35.000,35.000,88.000,88.000,88.000,139.000,35.000,35.000,25.000,25.000,25.000,25.000
0.2200,-0.00837,0.00642,0.71953,0.99809,0.01315,0.01090,-0.05934,0.03491,0.00004,0.65725,0.68087,0.02470,0.00007,2,0.03503,1,0.08500,0.03000,0.0000,0.8433,0.000000,0.000000,-91.1883,-47.8080,149.8016,0.0000,0.0000,0.0000,100.0744,75.7007,151.5097,68.3580,44.4192,161.1102,0.085007,-0.030007,150.0005,0.000000,0.000000,0.0000,0.029808,-0.030007,150.0005,-0.004230,-0.027453,161.1102,-0.45034,-0.03369,-0.02792,0.94488,-0.51697,-0.00832,-0.52037,-0.02313,0.01149,0.98110,-0.48488,0.01598,0.06410,0.29652,0.01452,0.21085,0.09796,3.16430,2.50755,-7.60418,4.07361,-0.80667,-0.83596,2.48268,0.02681,-9.13007,5.14546,-0.42002,-1.07460,-11.06945,-2.62861,-10.65029,88.000,88.000,88.000,139.000,35.000,35.000,88.000,88.000,88.000,139.000,35.000,35.000,25.000,25.000,25.000,25.000
0.2210,-0.00845,0.00648,0.71913,0.99811,0.01328,0.01095,-0.05894,0.03491,0.00003,0.65692,0.68084,0.02496,0.00007,2,0.03508,1,0.08500,0.03000,0.0000,0.4683,0.000000,0.000000,-91.4748,-49.7804,149.8055,0.0000,0.0000,0.0000,100.0912,75.7995,151.4491,-1.7647,28.1949,100.5380,0.085007,-0.030007,150.0005,0.000000,0.000000,0.0000,-0.017031,-0.030007,150.0005,0.032149,-0.028521,100.5380,-0.45211,-0.03472,-0.02862,0.94741,-0.51732,-0.00805,-0.52188,-0.02396,0.01145,0.98436,-0.48660,0.01567,0.06398,0.29828,0.01540,0.21307,-0.00498,2.87536,2.11750,-7.22929,3.28694,-0.59559,-0.73434,2.28612,-0.04569,-9.06697,5.03992,0.01346,-1.34787,-9.95425,-2.87669,-9.60224,88.000,88.000,88.000,139.000,35.000,35.000,88.000,88.000,88.000,139.000,35.000,35.000,25.000,25.000,25.000,25.000
0.2220,-0.00852,0.00654,0.71873,0.99813,0.01341,0.01102,-0.05859,0.03491,0.00002,0.65659,0.68081,0.02523,0.00007,2,0.03513,1,0.08500,0.03000,0.9083,0.4025,0.109615,0.088681,-91.9787,-51.5038,149.8301,-29.3050,10.8198,57.3211,100.1097,75.9152,151.3776,-1.8925,24.9969,103.7974,0.085003,-0.030003,150.0002,0.085009,-0.030024,57.3211,0.085003,-0.030003,150.0002,0.029090,-0.028428,103.7974,-0.45383,-0.03563,-0.02919,0.94987,-0.51781,-0.00795,-0.52343,-0.02470,0.01144,0.98758,-0.48826,0.01523,0.06396,0.29961,0.01636,0.21489,-0.10481,2.61525,1.77395,-6.87836,2.67247,-0.43798,-0.63987,2.10820,-0.11361,-9.02051,4.95174,0.37120,-1.57637,-8.98569,-3.07993,-8.69188,88.000,88.000,88.000,139.000,35.000,35.000,88.000,88.000,88.000,139.000,35.000,35.000,25.000,25.000,25.000,25.000
0.2230,-0.00860,0.00660,0.71831,0.99815,0.01353,0.01108,-0.05828,0.03490,0.00002,0.65626,0.68078,0.02548,0.00007,2,0.03517,1,0.08500,0.03000,0.9355,0.3441,0.109665,0.088677,-90.0928,-53.9645,149.8477,-28.5627,8.6617,53.1776,100.1312,76.0452,151.2981,-1.9013,21.9907,106.8954,0.085003,-0.030003,150.0002,0.085011,-0.030024,53.1776,-0.004457,-0.030003,150.0002,0.026463,-0.028348,106.8954,-0.45551,-0.03645,-0.02963,0.95229,-0.51843,-0.00801,-0.52502,-0.02538,0.01146,0.99077,-0.48989,0.01467,0.06401,0.30057,0.01737,0.21635,-0.18131,2.40780,1.51469,-6.79037,2.97017,-0.06171,-0.55181,1.95640,-0.17732,-8.98483,4.87701,0.66363,-1.76486,-8.15000,-3.24361,-7.90151,88.000,88.000,88.000,139.000,35.000,35.000,88.000,88.000,88.000,139.000,35.000,35.000,25.000,25.000,25.000,25.000
0.2240,-0.00868,0.00665,0.71790,0.99816,0.01366,0.01116,-0.05801,0.03490,0.00001,0.65592,0.68074,0.02574,0.00007,2,0.03520,1,0.08500,0.03000,0.9228,0.2971,0.109714,0.088675,-87.9729,-56.4555,149.8623,-29.6091,9.1215,55.9594,100.1543,76.1858,151.2120,-1.8974,19.4483,109.6201,0.085003,-0.030003,150.0002,0.085012,-0.030023,55.9594,-0.040862,-0.030003,150.0002,0.024210,-0.028278,109.6201,-0.45715,-0.03718,-0.02998,0.95465,-0.51918,-0.00818,-0.52664,-0.02599,0.01150,0.99393,-0.49147,0.01401,0.06413,0.30121,0.01844,0.21750,-0.25455,2.22275,1.28865,-6.71768,3.24480,0.23049,-0.46983,1.81964,-0.23757,-8.96040,4.81419,0.90688,-1.91991,-7.42500,-3.37398,-7.21490,88.000,88.000,88.000,139.000,35.000,35.000,88.000,88.000,88.000,139.000,35.000,35.000,25.000,25.000,25.000,25.000
0.2250,-0.00875,0.00671,0.71747,0.99817,0.01378,0.01124,-0.05777,0.03489,0.00001,0.65557,0.68071,0.02598,0.00007,2,0.03522,1,0.08500,0.03000,0.8627,0.2594,0.109762,0.088675,-85.7185,-58.8596,149.8750,-29.3634,7.8049,58.6982,100.1787,76.3347,151.1208,-1.8721,17.3371,112.0337,0.085003,-0.030003,150.0002,0.085012,-0.030021,58.6982,-0.040682,-0.030003,150.0002,0.022328,-0.028218,112.0337,-0.45876,-0.03784,-0.03024,0.95698,-0.52005,-0.00845,-0.52828,-0.02655,0.01158,0.99707,-0.49302,0.01327,0.06430,0.30157,0.01953,0.21839,-0.32391,2.05949,1.08994,-6.65325,3.50774,0.46695,-0.39314,1.69647,-0.29493,-8.94591,4.76137,1.11056,-2.04598,-6.79594,-3.47566,-6.61808,88.000,88.000,88.000,139.000,35.000,35.000,88.000,88.000,88.000,139.000,35.000,35.000,25.000,25.000,25.000,25.000
0.2260,-0.00883,0.00676,0.71704,0.99818,0.01391,0.01133,-0.05757,0.03489,0.00000,0.65522,0.68068,0.02623,0.00007,2,0.03524,1,0.08500,0.03000,0.8305,0.2285,0.113871,0.113483,-83.3593,-61.1636,149.8864,-32.3126,-1.4623,64.9110,100.2040,76.4901,151.0254,-1.8156,15.5521,114.2033,0.085003,-0.030003,150.0002,0.085012,-0.004882,64.9110,0.085003,-0.030003,150.0002,0.020721,-0.028167,114.2033,-0.46033,-0.03843,-0.03041,0.95926,-0.52106,-0.00869,-0.52996,-0.02705,0.01168,1.00018,-0.49454,0.01246,0.06451,0.30170,0.02065,0.21904,-0.38924,1.91599,0.91483,-6.59468,3.76201,0.66253,-0.32119,1.58562,-0.34912,-8.94002,4.71725,1.28215,-2.14708,-6.24988,-3.55275,-6.09894,88.000,88.000,88.000,139.000,35.000,35.000,88.000,88.000,88.000,139.000,35.000,35.000,25.000,25.000,25.000,25.000
0.2270,-0.00891,0.00681,0.71661,0.99819,0.01404,0.01141,-0.05732,0.03488,-0.00000,0.65487,0.68064,0.02647,0.00007,2,0.03526,0,0.08500,0.03000,0.7857,0.2027,0.113539,0.111189,-80.6073,-62.6728,149.8906,-31.5542,-1.3872,67.0025,100.2300,76.6507,150.9267,-1.7870,14.0060,116.1128,0.085003,0.017430,150.0002,0.085012,-0.007206,67.0025,-0.007073,0.030001,150.0002,0.019379,-0.028122,116.1128,-0.46193,-0.03912,-0.03074,0.96159,-0.52210,-0.00894,-0.53157,-0.02761,0.01177,1.00335,-0.49610,0.01093,0.06468,0.30193,0.02175,0.21980,-38.75566,28.43370,-21.70105,-21.25032,13.14701,0.01805,45.57974,-35.60217,26.45783,12.60499,7.15699,-7.76392,1.86964,1.47153,-2.14769,1.99849,88.000,88.000,88.000,139.000,35.000,35.000,88.000,88.000,88.000,139.000,35.000,35.000,25.000,25.000,25.000,25.000
0.2280,-0.00899,0.00686,0.71618,0.99821,0.01416,0.01148,-0.05701,0.03487,-0.00000,0.65451,0.68061,0.02672,0.00007,2,0.03528,1,0.08500,0.03000,0.8795,0.9985,0.116239,0.127350,-71.0136,-74.5496,149.8418,-73.8016,-33.9730,153.9637,100.2738,76.9288,150.7552,8.6233,45.6035,77.4669,-0.085000,-0.030000,150.0000,0.085011,0.009163,153.9637,-0.085000,-0.030000,150.0000,0.085002,-0.030044,77.4669,-0.46356,-0.03991,-0.03123,0.96396,-0.52318,-0.00919,-0.53307,-0.02819,0.01195,1.00649,-0.49776,0.00882,0.06481,0.30226,0.02285,0.22065,-38.75566,28.43370,-21.70105,-21.25032,13.14701,0.01805,45.57974,-35.60217,26.45783,12.60499,7.15699,-7.76392,1.86964,1.47153,-2.14769,1.99849,88.000,88.000,88.000,139.000,35.000,35.000,88.000,88.000,88.000,139.000,35.000,35.000,25.000,25.000,25.000,25.000
0.2290,-0.00906,0.00691,0.71574,0.99823,0.01429,0.01154,-0.05662,0.03486,-0.00001,0.65415,0.68058,0.02698,0.00007,2,0.03528,1,0.08500,0.03000,0.8241,0.0000,0.097811,0.131152,-66.4689,-76.6328,149.8410,-69.9021,-48.0234,171.5150,100.3115,77.3209,150.5293,0.0000,0.0000,0.0000,-0.085000,-0.030000,150.0000,0.066154,0.009900,171.5150,-0.085000,-0.030000,150.0000,0.000000,0.000000,0.0000,-0.46522,-0.04080,-0.03185,0.96641,-0.52424,-0.00945,-0.53443,-0.02884,0.01220,1.00954,-0.49884,0.00626,0.06491,0.30268,0.02394,0.22158,-38.75566,28.43370,-21.70105,-21.25032,13.14701,0.01805,45.57974,-35.60217,26.45783,12.60499,7.15699,-7.76392,1.86964,1.47153,-2.14769,1.99849,88.000,88.000,88.000,139.000,35.000,35.000,88.000,88.000,88.000,139.000,35.000,35.000,25.000,25.000,25.000,25.000
0.2300,-0.00914,0.00697,0.71530,0.99825,0.01443,0.01159,-0.05617,0.03485,-0.00001,0.65379,0.68054,0.02724,0.00007,2,0.03526,1,0.08500,0.03000,0.8401,0.0000,0.099266,0.131214,-66.2101,-63.7061,149.8995,-70.6959,-47.8785,169.3920,100.4414,77.8002,150.1976,0.0000,0.0000,0.0000,0.085007,0.018135,150.0005,0.067525,0.010165,169.3920,-0.000718,0.030007,150.0005,0.000000,0.000000,0.0000,-0.46693,-0.04180,-0.03258,0.96894,-0.52527,-0.00972,-0.53564,-0.02958,0.01254,1.01251,-0.49936,0.00330,0.06497,0.30318,0.02502,0.22259,-38.75566,28.43370,-21.70105,-21.25032,13.14701,0.01805,45.57974,-35.60217,26.45783,12.60499,7.15699,-7.76392,1.86964,1.47153,-2.14769,1.99849,88.000,88.000,88.000,139.000,35.000,35.000,88.000,88.000,88.000,139.000,35.000,35.000,25.000,25.000,25.000,25.000
0.2310,-0.00921,0.00702,0.71486,0.99827,0.01456,0.01164,-0.05573,0.03484,-0.00001,0.65342,0.68051,0.02751,0.00007,2,0.03524,0,0.08500,0.03000,0.8351,0.8421,0.097652,0.132287,104.0291,73.9930,150.1811,-69.3780,-50.5574,171.3364,-65.4284,-59.5066,150.2715,29.0615,44.0271,104.4123,0.033232,0.031631,150.1200,0.065702,0.010926,171.3364,0.086612,0.007227,150.1200,0.085013,0.030000,104.4123,-0.46864,-0.04279,-0.03322,0.97160,-0.52637,-0.00998,-0.53689,-0.03038,0.01270,1.01546,-0.50003,0.00060,0.06497,0.30371,0.02614,0.22361,56.13658,-52.92972,39.73136,20.65064,13.62843,-7.87959,-43.91056,50.71228,-37.81141,-23.19561,13.06573,1.09050,-13.66811,-2.42552,12.01672,1.79522,88.000,88.000,88.000,139.000,35.000,35.000,88.000,88.000,88.000,139.000,35.000,35.000,25.000,25.000,25.000,25.000
0.2320,-0.00928,0.00707,0.71442,0.99829,0.01470,0.01168,-0.05529,0.03482,-0.00002,0.65305,0.68047,0.02778,0.00007,2,0.03522,0,0.08500,0.03000,0.8458,0.8254,0.064417,0.155250,103.6798,73.7596,150.0356,79.3088,50.0631,184.8169,-68.5876,-62.6044,150.4506,-57.5100,-54.0624,159.3890,0.018698,0.030007,150.0005,0.029137,0.028152,184.8169,0.085007,0.025719,150.0005,0.085018,0.010377,159.3890,-0.47037,-0.04379,-0.03377,0.97437,-0.52754,-0.01024,-0.53815,-0.03122,0.01271,1.01840,-0.50085,-0.00189,0.06491,0.30429,0.02727,0.22470,53.42510,-50.86984,38.81498,17.65478,11.40560,-7.59203,-43.75169,48.81278,-35.86609,-23.80051,12.67252,-1.48474,-13.22696,-1.11033,12.54050,3.13515,88.000,88.000,88.000,139.000,35.000,35.000,88.000,88.000,88.000,139.000,35.000,35.000,25.000,25.000,25.000,25.000
0.2330,-0.00936,0.00713,0.71397,0.99832,0.01483,0.01172,-0.05486,0.03481,-0.00002,0.65268,0.68044,0.02806,0.00007,2,0.03520,1,0.08500,0.03000,0.8451,0.8292,0.054242,0.156664,103.6965,73.7993,150.0045,77.6440,49.4105,181.5064,-71.4416,-65.9208,150.7456,-61.4913,-50.2000,159.5590,-0.085007,0.030007,150.0005,0.018853,0.027887,181.5064,0.082621,0.030007,150.0005,0.085022,0.022863,159.5590,-0.47210,-0.04479,-0.03423,0.97726,-0.52879,-0.01049,-0.53944,-0.03211,0.01257,1.02133,-0.50183,-0.00419,0.06479,0.30493,0.02842,0.22585,53.42510,-50.86984,38.81498,17.65478,11.40560,-7.59203,-43.75169,48.81278,-35.86609,-23.80051,12.67252,-1.48474,-13.22696,-1.11033,12.54050,3.13515,88.000,88.000,88.000,139.000,35.000,35.000,88.000,88.000,88.000,139.000,35.000,35.000,25.000,25.000,25.000,25.000
0.2340,-0.00943,0.00719,0.71353,0.99834,0.01497,0.01176,-0.05443,0.03480,-0.00003,0.65231,0.68040,0.02835,0.00007,2,0.03517,1,0.08500,0.03000,0.8457,0.8302,0.054690,0.156743,103.7119,73.8473,149.9680,77.7792,49.1570,181.3374,-67.7014,-77.7428,151.0585,-62.8830,-50.1074,161.4150,-0.085000,-0.030000,150.0000,0.019290,0.028060,181.3374,-0.085000,-0.030000,150.0000,0.085025,0.023214,161.4150,-0.47384,-0.04579,-0.03462,0.98025,-0.53011,-0.01072,-0.54075,-0.03304,0.01229,1.02427,-0.50295,-0.00630,0.06460,0.30563,0.02960,0.22705,53.42510,-50.86984,38.81498,17.65478,11.40560,-7.59203,-43.75169,48.81278,-35.86609,-23.80051,12.67252,-1.48474,-13.22696,-1.11033,12.54050,3.13515,88.000,88.000,88.000,139.000,35.000,35.000,88.000,88.000,88.000,139.000,35.000,35.000,25.000,25.000,25.000,25.000
0.2350,-0.00951,0.00725,0.71308,0.99836,0.01512,0.01179,-0.05401,0.03479,-0.00003,0.65194,0.68037,0.02863,0.00007,2,0.03515,1,0.08500,0.03000,0.8460,0.8309,0.055075,0.156649,103.7294,73.9055,149.9273,77.8796,49.0101,181.2710,-69.2331,-80.0885,151.3312,-63.8416,-50.1041,162.7796,0.035085,0.030000,150.0000,0.019713,0.028075,181.2710,0.085000,0.030000,150.0000,0.085028,0.023288,162.7796,-0.47558,-0.04680,-0.03493,0.98335,-0.53150,-0.01095,-0.54209,-0.03400,0.01187,1.02720,-0.50423,-0.00823,0.06435,0.30638,0.03079,0.22832,53.42510,-50.86984,38.81498,17.65478,11.40560,-7.59203,-43.75169,48.81278,-35.86609,-23.80051,12.67252,-1.48474,-13.22696,-1.11033,12.54050,3.13515,88.000,88.000,88.000,139.000,35.000,35.000,88.000,88.000,88.000,139.000,35.000,35.000,25.000,25.000,25.000,25.000
0.2360,-0.00958,0.00731,0.71263,0.99838,0.01526,0.01181,-0.05361,0.03478,-0.00004,0.65158,0.68033,0.02892,0.00007,2,0.03513,1,0.08500,0.03000,0.8250,0.8313,0.071989,0.140661,103.7474,73.9724,149.8818,57.2609,58.6384,165.5704,-70.2883,-80.1296,151.5532,-64.4945,-50.1942,163.8411,-0.085000,-0.030000,150.0000,0.039061,0.015132,165.5704,-0.085000,-0.030000,150.0000,0.085029,0.023173,163.8411,-0.47731,-0.04780,-0.03515,0.98655,-0.53306,-0.01138,-0.54345,-0.03500,0.01133,1.03014,-0.50565,-0.01001,0.06405,0.30718,0.03200,0.22963,53.42510,-50.86984,38.81498,17.65478,11.40560,-7.59203,-43.75169,48.81278,-35.86609,-23.80051,12.67252,-1.48474,-13.22696,-1.11033,12.54050,3.13515,88.000,88.000,88.000,139.000,35.000,35.000,88.000,88.000,88.000,139.000,35.000,35.000,25.000,25.000,25.000,25.000
0.2370,-0.00966,0.00737,0.71218,0.99839,0.01540,0.01184,-0.05323,0.03476,-0.00004,0.65121,0.68030,0.02922,0.00007,2,0.03510,0,0.08500,0.03000,0.8308,0.8305,0.119662,0.147740,103.7597,74.0826,149.8211,36.2912,46.1559,117.7816,-77.7345,-77.2507,151.7601,-64.4090,-50.9873,164.8519,0.008038,0.030007,150.0005,0.085008,0.030001,117.7816,0.085007,0.030007,150.0005,0.085030,0.022979,164.8519,-0.47896,-0.04868,-0.03512,0.98971,-0.53484,-0.01196,-0.54482,-0.03598,0.01070,1.03307,-0.50722,-0.01165,0.06372,0.30805,0.03319,0.23096,46.41875,-43.74670,35.15209,12.06319,9.57465,-7.51671,-37.68765,45.48013,-33.88671,-23.75405,12.44081,-1.37631,-8.31790,0.65172,6.13646,0.52277,88.000,88.000,88.000,139.000,35.000,35.000,88.000,88.000,88.000,139.000,35.000,35.000,25.000,25.000,25.000,25.000
0.2380,-0.00973,0.00744,0.71173,0.99841,0.01554,0.01185,-0.05288,0.03475,-0.00005,0.65084,0.68027,0.02951,0.00007,2,0.03507,1,0.08500,0.03000,0.8474,0.8328,0.119557,0.147643,104.0949,74.5119,149.8774,28.8482,46.5489,107.7101,-75.3244,-79.2474,152.0411,-65.2606,-49.4074,163.8113,-0.086639,0.031622,150.1197,0.085007,0.030006,107.7101,0.068378,0.031621,150.1197,0.085030,0.022068,163.8113,-0.48056,-0.04944,-0.03484,0.99284,-0.53684,-0.01268,-0.54622,-0.03694,0.00998,1.03598,-0.50893,-0.01316,0.06336,0.30899,0.03436,0.23229,46.41875,-43.74670,35.15209,12.06319,9.57465,-7.51671,-37.68765,45.48013,-33.88671,-23.75405,12.44081,-1.37631,-8.31790,0.65172,6.13646,0.52277,88.000,88.000,88.000,139.000,35.000,35.000,88.000,88.000,88.000,139.000,35.000,35.000,25.000,25.000,25.000,25.000
0.2390,-0.00981,0.00749,0.71128,0.99842,0.01568,0.01186,-0.05256,0.03474,-0.00005,0.65047,0.68023,0.02979,0.00007,2,0.03506,1,0.08500,0.03000,0.8454,0.8502,0.119434,0.147527,104.0276,74.7348,149.8154,29.3719,46.3247,108.1380,-72.0970,-79.3853,152.1409,-54.0395,-89.8882,205.6110,-0.024592,0.031628,150.1204,0.085005,0.030011,108.1380,0.086624,0.031629,150.1204,0.046957,0.024832,205.6110,-0.48208,-0.05008,-0.03434,0.99593,-0.53905,-0.01352,-0.54766,-0.03785,0.00929,1.03896,-0.51063,-0.01452,0.06298,0.30999,0.03551,0.23362,46.41875,-43.74670,35.15209,12.06319,9.57465,-7.51671,-37.68765,45.48013,-33.88671,-23.75405,12.44081,-1.37631,-8.31790,0.65172,6.13646,0.52277,88.000,88.000,88.000,139.000,35.000,35.000,88.000,88.000,88.000,139.000,35.000,35.000,25.000,25.000,25.000,25.000
0.2400,-0.00988,0.00755,0.71083,0.99844,0.01581,0.01187,-0.05227,0.03472,-0.00006,0.65009,0.68019,0.03007,0.00007,2,0.03505,0,0.08500,0.03000,0.8440,0.8484,0.119292,0.147393,103.9227,75.0092,149.7534,29.8542,46.2866,108.7725,-70.1416,-79.3937,152.2366,-54.4539,-88.8252,204.6844,-0.064876,0.031634,150.1211,0.085002,0.030018,108.7725,0.086632,0.031636,150.1211,0.047389,0.024862,204.6844,-0.48351,-0.05060,-0.03359,0.99889,-0.54165,-0.01469,-0.54915,-0.03871,0.00866,1.04199,-0.51230,-0.01575,0.06258,0.31122,0.03660,0.23512,28.05379,-40.06760,31.88670,-0.54982,-1.48279,-7.73693,-26.64190,41.19216,-31.17897,-19.95439,13.29125,-1.49998,-2.16577,5.92268,3.36284,3.87293,88.000,88.000,88.000,139.000,35.000,35.000,88.000,88.000,88.000,139.000,35.000,35.000,25.000,25.000,25.000,25.000
0.2410,-0.00996,0.00761,0.71037,0.99845,0.01595,0.01188,-0.05203,0.03471,-0.00007,0.64972,0.68016,0.03035,0.00007,2,0.03505,0,0.08500,0.03000,0.8901,0.8532,-0.049433,0.169715,103.3788,75.1027,149.5763,76.9803,32.5824,156.5182,-65.6075,-77.1312,152.1328,-51.3771,-88.2273,199.4349,-0.012797,0.030007,150.0005,-0.085003,0.025026,156.5182,0.085007,0.030007,150.0005,0.050829,0.025715,199.4349,-0.48492,-0.05110,-0.03274,1.00190,-0.54343,-0.01604,-0.55068,-0.03952,0.00808,1.04508,-0.51393,-0.01686,0.06220,0.31253,0.03763,0.23659,31.53775,-37.78656,30.48785,6.85120,6.22786,-7.49976,-23.02551,39.67965,-29.79815,-18.81008,13.27230,-1.32196,-2.11301,2.51163,-0.01450,-1.00340,88.000,88.000,88.000,139.000,35.000,35.000,88.000,88.000,88.000,139.000,35.000,35.000,25.000,25.000,25.000,25.000
0.2420,-0.01003,0.00767,0.70991,0.99846,0.01608,0.01188,-0.05183,0.03469,-0.00008,0.64934,0.68012,0.03062,0.00007,2,0.03506,0,0.08500,0.03000,1.0263,0.8564,-0.049640,0.169386,103.3360,75.4736,149.4191,76.9661,11.5014,126.3822,-67.7800,-72.6224,152.1476,-49.3225,-87.4489,195.3877,-0.000940,0.030007,150.0005,-0.085004,0.025036,126.3822,0.085007,0.030007,150.0005,0.052068,0.025283,195.3877,-0.48633,-0.05157,-0.03178,1.00495,-0.54434,-0.01759,-0.55225,-0.04027,0.00757,1.04821,-0.51555,-0.01784,0.06182,0.31389,0.03862,0.23801,32.74315,-35.53943,29.33574,8.07507,7.96185,-7.48069,-23.39681,37.63941,-28.10554,-19.63269,13.15823,-1.43064,-2.47168,1.89209,-0.46022,-1.89558,88.000,88.000,88.000,139.000,35.000,35.000,88.000,88.000,88.000,139.000,35.000,35.000,25.000,25.000,25.000,25.000
0.2430,-0.01010,0.00772,0.70945,0.99846,0.01622,0.01187,-0.05167,0.03468,-0.00009,0.64897,0.68009,0.03090,0.00007,2,0.03508,1,0.08500,0.03000,0.8447,0.8499,0.037059,0.157580,103.4302,75.8597,149.1582,79.2192,50.6512,185.5291,-69.9530,-67.9149,152.1411,-50.6858,-84.0525,192.4832,-0.014251,0.030007,150.0005,0.002665,0.027625,185.5291,0.085007,0.030007,150.0005,0.052745,0.029151,192.4832,-0.48775,-0.05202,-0.03079,1.00808,-0.54538,-0.01901,-0.55386,-0.04098,0.00712,1.05138,-0.51712,-0.01866,0.06146,0.31530,0.03956,0.23937,32.74315,-35.53943,29.33574,8.07507,7.96185,-7.48069,-23.39681,37.63941,-28.10554,-19.63269,13.15823,-1.43064,-2.47168,1.89209,-0.46022,-1.89558,88.000,88.000,88.000,139.000,35.000,35.000,88.000,88.000,88.000,139.000,35.000,35.000,25.000,25.000,25.000,25.000
0.2440,-0.01018,0.00778,0.70900,0.99847,0.01636,0.01186,-0.05156,0.03466,-0.00010,0.64859,0.68005,0.03118,0.00007,2,0.03510,0,0.08500,0.03000,0.8718,0.8509,0.118489,0.146617,103.5168,76.2229,148.9128,23.6409,48.1720,102.5899,-72.2796,-66.3655,152.1879,-50.1777,-84.0928,191.8150,-0.027541,0.030007,150.0005,0.085003,0.030056,102.5899,0.085007,0.030007,150.0005,0.053173,0.029167,191.8150,-0.48908,-0.05232,-0.02959,1.01114,-0.54678,-0.02058,-0.55549,-0.04161,0.00674,1.05458,-0.51868,-0.01934,0.06111,0.31683,0.04045,0.24075,29.17521,-32.75483,28.17851,3.29514,3.89651,-7.40974,-23.79232,35.05415,-25.79633,-21.14678,12.97267,-1.54857,-2.09457,3.67017,0.27720,-0.04525,88.000,88.000,88.000,139.000,35.000,35.000,88.000,88.000,88.000,139.000,35.000,35.000,25.000,25.000,25.000,25.000
0.2450,-0.01025,0.00783,0.70853,0.99847,0.01649,0.01185,-0.05148,0.03465,-0.00012,0.64822,0.68002,0.03146,0.00007,2,0.03513,0,0.08500,0.03000,1.0060,0.8381,0.118249,0.146396,103.5402,76.6378,148.6834,8.5856,48.2415,81.1816,-68.6534,-65.0104,152.1713,-54.6445,-78.4693,190.1626,-0.026092,0.030007,150.0005,0.085005,0.030066,81.1816,0.085007,0.030007,150.0005,0.054515,0.029209,190.1626,-0.49033,-0.05249,-0.02819,1.01414,-0.54852,-0.02229,-0.55715,-0.04216,0.00643,1.05779,-0.52021,-0.01988,0.06076,0.31846,0.04128,0.24214,26.69843,-31.99001,27.44427,3.13804,4.03746,-7.39486,-20.62876,34.09563,-25.02788,-19.98061,13.18598,-1.58020,-1.24285,3.52657,-0.84236,-0.65979,88.000,88.000,88.000,139.000,35.000,35.000,88.000,88.000,88.000,139.000,35.000,35.000,25.000,25.000,25.000,25.000
0.2460,-0.01033,0.00788,0.70807,0.99847,0.01662,0.01183,-0.05145,0.03463,-0.00013,0.64784,0.67998,0.03172,0.00007,2,0.03516,1,0.08500,0.03000,0.8487,0.8374,0.014965,0.159424,103.5062,77.0992,148.4684,80.8690,49.3896,186.0837,-65.1122,-63.5481,152.1413,-54.2558,-77.1468,187.7180,0.020278,0.030007,150.0006,-0.018840,0.027024,186.0837,0.085007,0.030007,150.0006,0.055888,0.029251,187.7180,-0.49159,-0.05265,-0.02681,1.01721,-0.55033,-0.02387,-0.55884,-0.04267,0.00618,1.06102,-0.52170,-0.02031,0.06043,0.32019,0.04205,0.24352,26.69843,-31.99001,27.44427,3.13804,4.03746,-7.39486,-20.62876,34.09563,-25.02788,-19.98061,13.18598,-1.58020,-1.24285,3.52657,-0.84236,-0.65979,88.000,88.000,88.000,139.000,35.000,35.000,88.000,88.000,88.000,139.000,35.000,35.000,25.000,25.000,25.000,25.000
0.2470,-0.01040,0.00793,0.70761,0.99846,0.01676,0.01182,-0.05146,0.03461,-0.00015,0.64746,0.67994,0.03200,0.00007,2,0.03519,0,0.08500,0.03000,0.8471,0.8367,0.015710,0.158961,103.4752,77.5306,148.2652,78.8473,49.0426,182.6999,-67.1374,-61.9708,152.1507,-54.3746,-76.5481,187.0325,-0.040487,0.030007,150.0006,-0.017832,0.027065,182.6999,0.085007,0.030007,150.0006,0.056139,0.029260,187.0325,-0.49285,-0.05280,-0.02544,1.02034,-0.55220,-0.02537,-0.56056,-0.04312,0.00601,1.06426,-0.52317,-0.02062,0.06010,0.32203,0.04277,0.24492,23.01724,-30.85871,26.90002,0.36086,1.80946,-7.33130,-18.21708,32.80397,-23.78349,-19.55363,13.30811,-1.63362,-1.02343,3.94617,-0.77430,-0.12533,88.000,88.000,88.000,139.000,35.000,35.000,88.000,88.000,88.000,139.000,35.000,35.000,25.000,25.000,25.000,25.000
0.2480,-0.01048,0.00798,0.70715,0.99846,0.01690,0.01180,-0.05150,0.03460,-0.00017,0.64709,0.67991,0.03227,0.00007,2,0.03522,0,0.08500,0.03000,0.8414,0.8350,0.005435,0.159910,103.4468,77.9364,148.0722,73.9061,49.2336,175.9139,-68.7553,-60.3892,152.1486,-54.5815,-74.8814,184.9469,-0.028780,0.030007,150.0006,-0.027932,0.026778,175.9139,0.085007,0.030007,150.0006,0.057728,0.029308,184.9469,-0.49412,-0.05295,-0.02409,1.02353,-0.55412,-0.02678,-0.56230,-0.04353,0.00590,1.06752,-0.52461,-0.02084,0.05977,0.32393,0.04344,0.24629,25.51675,-30.43652,26.95826,1.87107,3.55344,-7.29151,-19.07312,32.45238,-23.36580,-20.16675,13.21757,-1.65155,-2.73290,2.33857,-0.25338,-1.21962,88.000,88.000,88.000,139.000,35.000,35.000,88.000,88.000,88.000,139.000,35.000,35.000,25.000,25.000,25.000,25.000
0.2490,-0.01055,0.00803,0.70669,0.99845,0.01704,0.01177,-0.05158,0.03459,-0.00018,0.64671,0.67987,0.03255,0.00007,2,0.03526,1,0.08500,0.03000,0.8423,0.8322,0.014242,0.158453,103.4209,78.3187,147.8884,74.2937,48.9028,175.9949,-70.3022,-58.7666,152.1379,-55.9293,-73.1021,184.3306,-0.085008,0.030007,150.0006,-0.018811,0.027056,175.9949,0.070666,0.030007,150.0006,0.058176,0.029322,184.3306,-0.49539,-0.05308,-0.02274,1.02676,-0.55610,-0.02813,-0.56406,-0.04388,0.00586,1.07079,-0.52603,-0.02097,0.05946,0.32588,0.04407,0.24762,25.51675,-30.43652,26.95826,1.87107,3.55344,-7.29151,-19.07312,32.45238,-23.36580,-20.16675,13.21757,-1.65155,-2.73290,2.33857,-0.25338,-1.21962,88.000,88.000,88.000,139.000,35.000,35.000,88.000,88.000,88.000,139.000,35.000,35.000,25.000,25.000,25.000,25.000
0.2500,-0.01063,0.00808,0.70622,0.99845,0.01718,0.01175,-0.05169,0.03457,-0.00020,0.64634,0.67983,0.03283,0.00007,2,0.03530,1,0.08500,0.03000,1.0408,0.8333,0.117057,0.145274,103.3977,78.6808,147.7124,6.2134,47.6163,76.8995,-71.7074,-57.0212,152.1172,-55.1680,-73.4865,183.7923,-0.044550,0.030007,150.0006,0.085004,0.030117,76.8995,0.085008,0.030007,150.0006,0.058566,0.029334,183.7923,-0.49658,-0.05308,-0.02120,1.02992,-0.55836,-0.02963,-0.56583,-0.04416,0.00587,1.07406,-0.52743,-0.02102,0.05915,0.32788,0.04466,0.24892,25.51675,-30.43652,26.95826,1.87107,3.55344,-7.29151,-19.07312,32.45238,-23.36580,-20.16675,13.21757,-1.65155,-2.73290,2.33857,-0.25338,-1.21962,88.000,88.000,88.000,139.000,35.000,35.000,88.000,88.000,88.000,139.000,35.000,35.000,25.000,25.000,25.000,25.000
0.2510,-0.01070,0.00812,0.70576,0.99844,0.01732,0.01172,-0.05185,0.03456,-0.00022,0.64596,0.67980,0.03311,0.00007,2,0.03534,1,0.08500,0.03000,1.0328,0.8309,0.116820,0.145046,79.2214,-77.4709,151.6887,6.6737,47.4369,77.3009,-43.8259,100.1786,148.0638,-61.8992,-48.5853,157.8350,-0.066592,0.030007,150.0006,0.085003,0.030128,77.3009,0.085008,0.030007,150.0006,0.085029,0.030110,157.8350,-0.49769,-0.05296,-0.01947,1.03301,-0.56088,-0.03127,-0.56760,-0.04441,0.00586,1.07729,-0.52891,-0.02100,0.05886,0.32992,0.04521,0.25019,25.51675,-30.43652,26.95826,1.87107,3.55344,-7.29151,-19.07312,32.45238,-23.36580,-20.16675,13.21757,-1.65155,-2.73290,2.33857,-0.25338,-1.21962,88.000,88.000,88.000,139.000,35.000,35.000,88.000,88.000,88.000,139.000,35.000,35.000,25.000,25.000,25.000,25.000
0.2520,-0.01078,0.00817,0.70529,0.99842,0.01745,0.01168,-0.05203,0.03454,-0.00024,0.64558,0.67976,0.03338,0.00007,2,0.03536,1,0.08500,0.03000,0.8505,0.8327,0.010669,0.157821,78.8521,-79.7818,151.9653,80.0421,47.9649,182.8673,-39.3553,99.6055,148.0472,-62.8398,-47.6753,157.8788,0.012264,0.030007,150.0006,-0.021659,0.027004,182.8673,0.085008,0.030008,150.0006,0.085029,0.030110,157.8788,-0.49881,-0.05284,-0.01777,1.03615,-0.56340,-0.03281,-0.56937,-0.04463,0.00584,1.08048,-0.53045,-0.02090,0.05857,0.33202,0.04573,0.25143,25.51675,-30.43652,26.95826,1.87107,3.55344,-7.29151,-19.07312,32.45238,-23.36580,-20.16675,13.21757,-1.65155,-2.73290,2.33857,-0.25338,-1.21962,88.000,88.000,88.000,139.000,35.000,35.000,88.000,88.000,88.000,139.000,35.000,35.000,25.000,25.000,25.000,25.000
0.2530,-0.01085,0.00821,0.70482,0.99841,0.01760,0.01165,-0.05226,0.03452,-0.00026,0.64520,0.67972,0.03365,0.00007,2,0.03539,1,0.08500,0.03000,0.8486,0.8325,0.011301,0.157370,78.4131,-82.5941,152.2555,78.0101,47.6909,179.5728,-40.3176,99.7228,148.0705,-62.8313,-47.8281,158.0848,-0.001036,0.030007,150.0006,-0.020771,0.027041,179.5728,0.085008,0.030008,150.0006,0.085028,0.030110,158.0848,-0.49993,-0.05272,-0.01609,1.03936,-0.56593,-0.03427,-0.57114,-0.04482,0.00580,1.08364,-0.53205,-0.02074,0.05830,0.33416,0.04620,0.25263,25.51675,-30.43652,26.95826,1.87107,3.55344,-7.29151,-19.07312,32.45238,-23.36580,-20.16675,13.21757,-1.65155,-2.73290,2.33857,-0.25338,-1.21962,88.000,88.000,88.000,139.000,35.000,35.000,88.000,88.000,88.000,139.000,35.000,35.000,25.000,25.000,25.000,25.000
0.2540,-0.01093,0.00826,0.70436,0.99840,0.01774,0.01161,-0.05252,0.03451,-0.00028,0.64482,0.67969,0.03394,0.00007,2,0.03541,1,0.08500,0.03000,0.8469,0.8323,0.011935,0.156934,78.0065,-85.2343,152.5412,76.0956,47.4116,176.4388,-41.0123,99.7949,148.0955,-62.8082,-47.9719,158.2573,-0.014198,0.030008,150.0006,-0.019883,0.027078,176.4388,0.085008,0.030008,150.0006,0.085027,0.030109,158.2573,-0.50106,-0.05260,-0.01442,1.04262,-0.56845,-0.03566,-0.57292,-0.04499,0.00575,1.08676,-0.53371,-0.02052,0.05803,0.33634,0.04663,0.25380,25.51675,-30.43652,26.95826,1.87107,3.55344,-7.29151,-19.07312,32.45238,-23.36580,-20.16675,13.21757,-1.65155,-2.73290,2.33857,-0.25338,-1.21962,88.000,88.000,88.000,139.000,35.000,35.000,88.000,88.000,88.000,139.000,35.000,35.000,25.000,25.000,25.000,25.000
0.2550,-0.01101,0.00830,0.70389,0.99838,0.01788,0.01157,-0.05281,0.03449,-0.00030,0.64444,0.67965,0.03422,0.00007,2,0.03542,0,0.08500,0.03000,0.9777,0.8320,-0.052998,0.164381,77.6273,-87.7270,152.8230,73.1087,16.2612,127.6713,-41.4507,99.8236,148.1220,-62.7592,-48.2488,158.5828,-0.078258,0.030008,150.0006,-0.085007,0.025172,127.6713,0.085008,0.030008,150.0006,0.085026,0.030108,158.5828,-0.50216,-0.05237,-0.01280,1.04584,-0.57080,-0.03692,-0.57469,-0.04495,0.00600,1.08984,-0.53538,-0.02035,0.05779,0.33864,0.04700,0.25500,11.34073,52.08809,-35.42249,-8.53643,-3.79057,-1.14443,-9.56055,-45.08909,40.53486,-16.87161,13.68702,-7.35180,2.12675,5.28336,-3.99373,-0.55917,88.000,88.000,88.000,139.000,35.000,35.000,88.000,88.000,88.000,139.000,35.000,35.000,25.000,25.000,25.000,25.000
0.2560,-0.01108,0.00834,0.70342,0.99836,0.01801,0.01152,-0.05314,0.03448,-0.00032,0.64406,0.67961,0.03449,0.00007,2,0.03543,0,0.08500,0.03000,0.8250,0.8514,-0.053244,0.164064,77.0315,-91.8461,153.1411,43.5470,-44.4410,125.6970,-40.9391,99.7289,148.1296,-39.7115,66.8931,152.2923,-0.072719,0.030007,150.0006,-0.085009,0.025181,125.6970,0.085008,0.030007,150.0006,0.085024,0.030107,152.2923,-0.50323,-0.05204,-0.01123,1.04903,-0.57293,-0.03806,-0.57645,-0.04473,0.00653,1.09288,-0.53705,-0.02023,0.05756,0.34105,0.04731,0.25622,11.70960,51.02445,-35.17825,-7.83496,-2.97382,-0.98953,-9.39514,-44.01024,39.39173,-16.61189,13.74766,-7.33917,2.67867,5.24832,-4.74523,-0.92789,88.000,88.000,88.000,139.000,35.000,35.000,88.000,88.000,88.000,139.000,35.000,35.000,25.000,25.000,25.000,25.000
0.2570,-0.01116,0.00837,0.70295,0.99834,0.01814,0.01148,-0.05351,0.03446,-0.00034,0.64368,0.67958,0.03475,0.00007,2,0.03544,1,0.08500,0.03000,0.0000,0.8513,0.000000,0.000000,76.5100,-95.7018,153.4258,0.0000,0.0000,0.0000,-40.1241,99.5954,148.1241,-39.6523,66.7425,151.9925,-0.005300,0.030007,150.0006,0.000000,0.000000,0.0000,0.085008,0.030007,150.0006,0.085022,0.030107,151.9925,-0.50418,-0.05163,-0.00982,1.05197,-0.57511,-0.03926,-0.57821,-0.04431,0.00735,1.09590,-0.53871,-0.02016,0.05737,0.34357,0.04755,0.25745,11.70960,51.02445,-35.17825,-7.83496,-2.97382,-0.98953,-9.39514,-44.01024,39.39173,-16.61189,13.74766,-7.33917,2.67867,5.24832,-4.74523,-0.92789,88.000,88.000,88.000,139.000,35.000,35.000,88.000,88.000,88.000,139.000,35.000,35.000,25.000,25.000,25.000,25.000
0.2580,-0.01123,0.00839,0.70247,0.99831,0.01826,0.01143,-0.05393,0.03444,-0.00035,0.64329,0.67954,0.03500,0.00007,2,0.03544,1,0.08500,0.03000,0.0000,0.8553,0.000000,0.000000,76.4407,-96.2528,153.5998,0.0000,0.0000,0.0000,-35.6674,98.9813,148.0919,-38.5800,67.6882,151.8116,-0.085008,0.030007,150.0006,0.000000,0.000000,0.0000,0.055270,0.030007,150.0006,0.085020,0.030107,151.8116,-0.50500,-0.05114,-0.00856,1.05467,-0.57734,-0.04050,-0.57996,-0.04370,0.00844,1.09887,-0.54038,-0.02012,0.05721,0.34617,0.04773,0.25869,11.70960,51.02445,-35.17825,-7.83496,-2.97382,-0.98953,-9.39514,-44.01024,39.39173,-16.61189,13.74766,-7.33917,2.67867,5.24832,-4.74523,-0.92789,88.000,88.000,88.000,139.000,35.000,35.000,88.000,88.000,88.000,139.000,35.000,35.000,25.000,25.000,25.000,25.000
0.2590,-0.01130,0.00841,0.70200,0.99829,0.01837,0.01137,-0.05437,0.03443,-0.00037,0.64290,0.67950,0.03524,0.00007,2,0.03544,1,0.08500,0.03000,0.8332,0.8609,-0.053857,0.163518,76.4492,-96.0051,153.7506,41.3791,-55.0181,137.7103,-31.1766,98.3664,148.0534,-37.2299,68.8720,151.5742,-0.085008,0.030007,150.0005,-0.085012,0.025202,137.7103,-0.085007,0.030007,150.0006,0.085018,0.030107,151.5742,-0.50583,-0.05053,-0.00729,1.05740,-0.57931,-0.04162,-0.58171,-0.04292,0.00978,1.10181,-0.54205,-0.02011,0.05707,0.34887,0.04785,0.25994,11.70960,51.02445,-35.17825,-7.83496,-2.97382,-0.98953,-9.39514,-44.01024,39.39173,-16.61189,13.74766,-7.33917,2.67867,5.24832,-4.74523,-0.92789,88.000,88.000,88.000,139.000,35.000,35.000,88.000,88.000,88.000,139.000,35.000,35.000,25.000,25.000,25.000,25.000
0.2600,-0.01138,0.00842,0.70153,0.99826,0.01848,0.01132,-0.05485,0.03441,-0.00038,0.64250,0.67946,0.03546,0.00007,2,0.03543,1,0.08500,0.03000,0.8365,0.8651,-0.054034,0.163456,76.4983,-95.7934,153.8581,39.9511,-56.0633,137.1634,-30.5526,98.2658,148.0228,-36.2563,69.7130,151.3848,-0.059405,0.030007,150.0006,-0.085013,0.025207,137.1634,0.085007,0.030007,150.0006,0.085016,0.030108,151.3848,-0.50664,-0.04982,-0.00603,1.06015,-0.58103,-0.04263,-0.58344,-0.04198,0.01134,1.10470,-0.54373,-0.02013,0.05696,0.35167,0.04791,0.26120,11.70960,51.02445,-35.17825,-7.83496,-2.97382,-0.98953,-9.39514,-44.01024,39.39173,-16.61189,13.74766,-7.33917,2.67867,5.24832,-4.74523,-0.92789,88.000,88.000,88.000,139.000,35.000,35.000,88.000,88.000,88.000,139.000,35.000,35.000,25.000,25.000,25.000,25.000
0.2610,-0.01145,0.00844,0.70105,0.99823,0.01858,0.01126,-0.05533,0.03439,-0.00039,0.64211,0.67942,0.03567,0.00007,2,0.03543,0,0.08500,0.03000,0.8414,0.5994,-0.054221,0.163433,76.5869,-95.6145,153.9253,38.2214,-57.4281,136.6422,-29.8687,98.1602,147.9836,-12.9561,71.9158,203.1926,-0.085006,0.030007,150.0006,-0.085012,0.025211,136.6422,0.028453,0.030007,150.0006,0.039591,0.028775,203.1926,-0.50745,-0.04905,-0.00478,1.06293,-0.58266,-0.04351,-0.58518,-0.04103,0.01291,1.10761,-0.54535,-0.02015,0.05681,0.35470,0.04792,0.26273,7.15360,38.00475,-27.27983,-9.05240,-4.77895,-0.85808,-13.76495,-36.71731,33.05677,-21.23768,5.90910,-7.17340,0.84665,8.15056,3.30588,7.57339,88.000,88.000,88.000,139.000,35.000,35.000,88.000,88.000,88.000,139.000,35.000,35.000,25.000,25.000,25.000,25.000
0.2620,-0.01153,0.00845,0.70057,0.99820,0.01868,0.01120,-0.05581,0.03437,-0.00040,0.64171,0.67939,0.03587,0.00007,2,0.03543,1,0.08500,0.03000,0.8369,0.7318,-0.054407,0.163432,76.6881,-95.4618,153.9697,38.3751,-54.1819,132.2242,-30.0500,98.1711,147.9489,-24.1722,70.5665,169.8863,-0.053679,0.030007,150.0006,-0.085011,0.025215,132.2242,0.085007,0.030007,150.0006,0.016093,0.028086,169.8863,-0.50828,-0.04825,-0.00354,1.06573,-0.58420,-0.04428,-0.58691,-0.04008,0.01446,1.11054,-0.54692,-0.02019,0.05662,0.35796,0.04790,0.26452,7.15360,38.00475,-27.27983,-9.05240,-4.77895,-0.85808,-13.76495,-36.71731,33.05677,-21.23768,5.90910,-7.17340,0.84665,8.15056,3.30588,7.57339,88.000,88.000,88.000,139.000,35.000,35.000,88.000,88.000,88.000,139.000,35.000,35.000,25.000,25.000,25.000,25.000
0.2630,-0.01160,0.00846,0.70010,0.99817,0.01879,0.01115,-0.05630,0.03436,-0.00042,0.64131,0.67935,0.03607,0.00007,2,0.03543,1,0.08500,0.03000,0.8617,0.7495,-0.030221,0.160636,76.8019,-95.3323,153.9932,37.8303,-70.4980,154.7547,-30.2706,98.1897,147.9156,-23.8407,71.9344,168.5238,0.069985,0.030007,150.0006,-0.060484,0.025940,154.7547,-0.085007,0.030007,150.0006,0.016405,0.028096,168.5238,-0.50911,-0.04741,-0.00229,1.06856,-0.58587,-0.04495,-0.58865,-0.03914,0.01601,1.11348,-0.54843,-0.02023,0.05640,0.36144,0.04784,0.26655,7.15360,38.00475,-27.27983,-9.05240,-4.77895,-0.85808,-13.76495,-36.71731,33.05677,-21.23768,5.90910,-7.17340,0.84665,8.15056,3.30588,7.57339,88.000,88.000,88.000,139.000,35.000,35.000,88.000,88.000,88.000,139.000,35.000,35.000,25.000,25.000,25.000,25.000
0.2640,-0.01168,0.00848,0.69962,0.99815,0.01889,0.01109,-0.05680,0.03434,-0.00043,0.64091,0.67931,0.03627,0.00007,2,0.03544,1,0.08500,0.03000,0.8659,0.7599,-0.030064,0.160642,76.8991,-95.2199,154.0142,36.4268,-70.5251,152.7884,-30.6883,98.2361,147.8839,-23.4809,72.6754,167.5198,-0.053837,0.030007,150.0006,-0.060144,0.025953,152.7884,0.085007,0.030007,150.0006,0.016562,0.028102,167.5198,-0.50996,-0.04655,-0.00105,1.07144,-0.58765,-0.04551,-0.59039,-0.03821,0.01754,1.11642,-0.54990,-0.02028,0.05615,0.36513,0.04775,0.26883,7.15360,38.00475,-27.27983,-9.05240,-4.77895,-0.85808,-13.76495,-36.71731,33.05677,-21.23768,5.90910,-7.17340,0.84665,8.15056,3.30588,7.57339,88.000,88.000,88.000,139.000,35.000,35.000,88.000,88.000,88.000,139.000,35.000,35.000,25.000,25.000,25.000,25.000
0.2650,-0.01175,0.00849,0.69915,0.99812,0.01899,0.01103,-0.05730,0.03433,-0.00044,0.64051,0.67927,0.03647,0.00007,2,0.03545,1,0.08500,0.03000,0.8701,0.7700,-0.029916,0.160661,76.9813,-95.1223,154.0335,35.0887,-70.5164,150.8645,-31.0816,98.2813,147.8533,-23.2041,73.3738,166.5654,0.019368,0.030007,150.0006,-0.059820,0.025964,150.8645,0.085007,0.030007,150.0006,0.016746,0.028108,166.5654,-0.51082,-0.04565,0.00020,1.07436,-0.58954,-0.04599,-0.59213,-0.03727,0.01906,1.11938,-0.55132,-0.02034,0.05587,0.36902,0.04763,0.27132,7.15360,38.00475,-27.27983,-9.05240,-4.77895,-0.85808,-13.76495,-36.71731,33.05677,-21.23768,5.90910,-7.17340,0.84665,8.15056,3.30588,7.57339,88.000,88.000,88.000,139.000,35.000,35.000,88.000,88.000,88.000,139.000,35.000,35.000,25.000,25.000,25.000,25.000
0.2660,-0.01182,0.00851,0.69867,0.99809,0.01909,0.01097,-0.05780,0.03431,-0.00045,0.64011,0.67923,0.03666,0.00007,2,0.03546,1,0.08500,0.03000,0.8744,0.7800,-0.029781,0.160694,77.0499,-95.0372,154.0518,33.8159,-70.4768,148.9896,-31.4445,98.3244,147.8237,-22.9973,74.0333,165.6544,-0.000987,0.030007,150.0006,-0.059513,0.025976,148.9896,0.085007,0.030007,150.0006,0.016954,0.028116,165.6544,-0.51169,-0.04472,0.00145,1.07732,-0.59153,-0.04640,-0.59387,-0.03634,0.02057,1.12234,-0.55270,-0.02040,0.05557,0.37311,0.04748,0.27403,7.15360,38.00475,-27.27983,-9.05240,-4.77895,-0.85808,-13.76495,-36.71731,33.05677,-21.23768,5.90910,-7.17340,0.84665,8.15056,3.30588,7.57339,88.000,88.000,88.000,139.000,35.000,35.000,88.000,88.000,88.000,139.000,35.000,35.000,25.000,25.000,25.000,25.000
0.2670,-0.01190,0.00852,0.69819,0.99805,0.01919,0.01091,-0.05830,0.03430,-0.00046,0.63971,0.67919,0.03685,0.00007,2,0.03547,1,0.08500,0.03000,0.8787,0.7897,-0.029659,0.160739,77.1061,-94.9628,154.0695,32.6081,-70.4131,147.1731,-31.7717,98.3650,147.7951,-22.8491,74.6571,164.7830,0.021926,0.030007,150.0006,-0.059223,0.025986,147.1731,0.085008,0.030007,150.0006,0.017182,0.028124,164.7830,-0.51257,-0.04376,0.00271,1.08032,-0.59361,-0.04675,-0.59561,-0.03542,0.02207,1.12531,-0.55403,-0.02047,0.05523,0.37737,0.04730,0.27695,7.15360,38.00475,-27.27983,-9.05240,-4.77895,-0.85808,-13.76495,-36.71731,33.05677,-21.23768,5.90910,-7.17340,0.84665,8.15056,3.30588,7.57339,88.000,88.000,88.000,139.000,35.000,35.000,88.000,88.000,88.000,139.000,35.000,35.000,25.000,25.000,25.000,25.000
0.2680,-0.01197,0.00853,0.69772,0.99802,0.01928,0.01085,-0.05881,0.03428,-0.00048,0.63931,0.67915,0.03704,0.00007,2,0.03549,1,0.08500,0.03000,0.8830,0.7991,-0.029547,0.160795,77.1511,-94.8975,154.0873,31.4647,-70.3337,145.4263,-32.0595,98.4022,147.7675,-22.7496,75.2474,163.9487,-0.036997,0.030007,150.0006,-0.058948,0.025995,145.4263,-0.085008,-0.010807,150.0006,0.017426,0.028132,163.9487,-0.51346,-0.04276,0.00398,1.08334,-0.59579,-0.04705,-0.59736,-0.03449,0.02356,1.12828,-0.55534,-0.02054,0.05488,0.38182,0.04710,0.28006,7.15360,38.00475,-27.27983,-9.05240,-4.77895,-0.85808,-13.76495,-36.71731,33.05677,-21.23768,5.90910,-7.17340,0.84665,8.15056,3.30588,7.57339,88.000,88.000,88.000,139.000,35.000,35.000,88.000,88.000,88.000,139.000,35.000,35.000,25.000,25.000,25.000,25.000
0.2690,-0.01204,0.00855,0.69724,0.99799,0.01938,0.01079,-0.05934,0.03427,-0.00049,0.63891,0.67911,0.03723,0.00007,2,0.03551,1,0.08500,0.03000,0.0000,0.8117,0.000000,0.000000,77.1860,-94.8397,154.1053,0.0000,0.0000,0.0000,-32.3706,97.9119,147.7537,-23.5396,75.4839,162.3606,-0.002773,0.030007,150.0006,0.000000,0.000000,0.0000,0.085008,0.030007,150.0006,0.018135,0.028154,162.3606,-0.51425,-0.04175,0.00509,1.08614,-0.59815,-0.04745,-0.59910,-0.03355,0.02505,1.13126,-0.55661,-0.02063,0.05451,0.38642,0.04688,0.28336,7.15360,38.00475,-27.27983,-9.05240,-4.77895,-0.85808,-13.76495,-36.71731,33.05677,-21.23768,5.90910,-7.17340,0.84665,8.15056,3.30588,7.57339,88.000,88.000,88.000,139.000,35.000,35.000,88.000,88.000,88.000,139.000,35.000,35.000,25.000,25.000,25.000,25.000
0.2700,-0.01211,0.00856,0.69675,0.99796,0.01948,0.01075,-0.05987,0.03425,-0.00050,0.63851,0.67908,0.03742,0.00007,2,0.03552,1,0.08500,0.03000,0.0000,0.8204,0.000000,0.000000,77.1592,-94.7858,154.1519,0.0000,0.0000,0.0000,-30.1478,91.1226,147.8888,-23.5787,75.9381,161.5411,0.004314,0.030007,150.0006,0.000000,0.000000,0.0000,0.085008,0.030007,150.0006,0.018447,0.028165,161.5411,-0.51505,-0.04079,0.00613,1.08874,-0.59971,-0.04768,-0.60088,-0.03266,0.02649,1.13423,-0.55785,-0.02047,0.05435,0.39015,0.04684,0.28600,-1.65881,-1.40951,-2.27813,-9.20396,7.89649,1.49906,0.25795,-1.26455,-3.36137,-10.39446,5.10858,0.47066,-0.90178,-15.95823,-1.18136,-11.85509,88.000,88.000,88.000,139.000,35.000,35.000,88.000,88.000,88.000,139.000,35.000,35.000,25.000,25.000,25.000,25.000
0.2710,-0.01218,0.00858,0.69626,0.99793,0.01957,0.01072,-0.06039,0.03423,-0.00051,0.63809,0.67904,0.03760,0.00007,2,0.03552,1,0.08500,0.03000,0.8281,0.4431,-0.055845,0.164109,77.2153,-94.7779,154.1286,14.7150,-17.5537,46.0981,-28.0893,92.1204,147.8546,-21.6243,-17.8695,105.5072,-0.029174,0.030007,150.0006,-0.085008,0.025229,46.0981,0.085007,0.030007,150.0006,0.032230,0.028570,105.5072,-0.51588,-0.03986,0.00714,1.09126,-0.60055,-0.04774,-0.60268,-0.03181,0.02789,1.13721,-0.55909,-0.02012,0.05436,0.39312,0.04697,0.28808,-1.65057,-1.31742,-2.13739,-8.85338,6.34621,1.18640,0.32215,-1.18014,-3.29008,-10.43357,5.08578,-0.00761,-1.31977,-14.25337,-1.55435,-10.58210,88.000,88.000,88.000,139.000,35.000,35.000,88.000,88.000,88.000,139.000,35.000,35.000,25.000,25.000,25.000,25.000
0.2720,-0.01225,0.00860,0.69576,0.99789,0.01968,0.01069,-0.06090,0.03422,-0.00052,0.63767,0.67900,0.03779,0.00007,2,0.03552,0,0.08500,0.03000,0.7391,0.3661,0.044688,0.153055,77.3616,-94.8127,154.0338,14.6554,-59.6654,138.5355,-27.7036,94.9825,147.7967,-18.9749,-15.0658,110.3014,0.085007,0.030007,150.0006,0.016229,0.028204,138.5355,-0.068465,0.001133,150.0006,0.028440,0.028458,110.3014,-0.51677,-0.03906,0.00800,1.09393,-0.60143,-0.04763,-0.60445,-0.03100,0.02926,1.14016,-0.56032,-0.01958,0.05433,0.39610,0.04712,0.29021,32.81821,24.13961,-21.09123,16.82847,20.70549,-0.74349,-29.86069,-24.79744,26.66137,-36.05447,-8.56457,-2.60782,-6.23740,1.23993,5.26130,3.70274,88.000,88.000,88.000,139.000,35.000,35.000,88.000,88.000,88.000,139.000,35.000,35.000,25.000,25.000,25.000,25.000
0.2730,-0.01232,0.00862,0.69526,0.99786,0.01978,0.01065,-0.06136,0.03420,-0.00053,0.63726,0.67896,0.03799,0.00007,2,0.03552,0,0.08500,0.03000,0.8569,0.7925,0.094816,0.147662,-52.3612,-76.5508,153.9207,47.0790,-83.8946,187.1052,100.4408,79.9137,147.8620,-37.2110,54.0035,137.9288,0.085007,0.010877,150.0006,0.066773,0.029686,187.1052,-0.072915,0.030007,150.0006,-0.070990,0.025532,137.9288,-0.51774,-0.03837,0.00876,1.09664,-0.60228,-0.04720,-0.60620,-0.03031,0.03054,1.14318,-0.56165,-0.01916,0.05427,0.39912,0.04726,0.29239,-42.21404,27.00665,-23.19730,-22.64602,13.91984,2.14416,43.08441,-30.30400,28.96877,2.58335,-2.55769,-6.92987,3.43035,3.06844,-4.74044,2.55326,88.000,88.000,88.000,139.000,35.000,35.000,88.000,88.000,88.000,139.000,35.000,35.000,25.000,25.000,25.000,25.000
0.2740,-0.01240,0.00864,0.69476,0.99784,0.01989,0.01062,-0.06178,0.03419,-0.00054,0.63684,0.67892,0.03819,0.00007,2,0.03554,0,0.08500,0.03000,0.8332,0.8554,0.112843,0.145846,-56.7380,-76.0475,153.8996,-46.5241,-61.8767,154.8582,100.6348,81.9445,147.8460,74.0134,42.1526,165.9515,0.085007,0.016665,150.0006,0.085004,0.030215,154.8582,-0.057275,0.030005,150.0006,-0.057957,0.025914,165.9515,-0.51876,-0.03781,0.00936,1.09934,-0.60323,-0.04651,-0.60794,-0.02971,0.03174,1.14625,-0.56307,-0.01886,0.05418,0.40213,0.04741,0.29459,-41.91395,27.28040,-23.14657,-23.45958,13.73617,1.33620,44.15739,-30.53345,29.29018,4.30973,-0.26573,-7.02025,2.01917,1.90282,-4.49635,1.64034,88.000,88.000,88.000,139.000,35.000,35.000,88.000,88.000,88.000,139.000,35.000,35.000,25.000,25.000,25.000,25.000
0.2750,-0.01247,0.00866,0.69426,0.99781,0.01999,0.01059,-0.06216,0.03417,-0.00056,0.63642,0.67888,0.03839,0.00007,2,0.03556,1,0.08500,0.03000,0.8266,0.8553,0.112782,0.146050,-59.7159,-75.7764,153.8542,-51.4197,-58.3712,156.8442,100.5844,81.9661,147.8683,75.2485,42.9124,168.8013,0.085007,-0.030007,150.0006,0.085007,0.030209,156.8442,0.085007,-0.030007,150.0006,-0.044595,0.026307,168.8013,-0.51984,-0.03738,0.00978,1.10204,-0.60425,-0.04559,-0.60965,-0.02921,0.03287,1.14939,-0.56458,-0.01865,0.05407,0.40514,0.04756,0.29681,-41.91395,27.28040,-23.14657,-23.45958,13.73617,1.33620,44.15739,-30.53345,29.29018,4.30973,-0.26573,-7.02025,2.01917,1.90282,-4.49635,1.64034,88.000,88.000,88.000,139.000,35.000,35.000,88.000,88.000,88.000,139.000,35.000,35.000,25.000,25.000,25.000,25.000
0.2760,-0.01254,0.00868,0.69376,0.99779,0.02010,0.01055,-0.06250,0.03416,-0.00057,0.63600,0.67884,0.03860,0.00007,2,0.03560,1,0.08500,0.03000,0.8254,0.8576,0.112754,0.146258,-62.4163,-75.5759,153.7842,-53.3092,-56.8907,157.4284,100.5381,82.0010,147.8804,76.1072,42.4281,169.3362,0.085007,-0.030007,150.0005,0.085010,0.030202,157.4284,0.062200,-0.030007,150.0005,-0.044486,0.026310,169.3362,-0.52097,-0.03706,0.01005,1.10474,-0.60535,-0.04444,-0.61134,-0.02879,0.03393,1.15259,-0.56616,-0.01854,0.05393,0.40813,0.04772,0.29905,-41.91395,27.28040,-23.14657,-23.45958,13.73617,1.33620,44.15739,-30.53345,29.29018,4.30973,-0.26573,-7.02025,2.01917,1.90282,-4.49635,1.64034,88.000,88.000,88.000,139.000,35.000,35.000,88.000,88.000,88.000,139.000,35.000,35.000,25.000,25.000,25.000,25.000
0.2770,-0.01261,0.00871,0.69326,0.99777,0.02022,0.01051,-0.06280,0.03415,-0.00059,0.63558,0.67880,0.03882,0.00007,2,0.03563,0,0.08500,0.03000,0.8250,0.8598,0.112757,0.146469,-64.8625,-75.4401,153.6897,-54.9983,-55.4871,157.8362,100.4955,82.0484,147.8830,76.8808,41.9719,169.7897,0.084207,0.030007,150.0005,0.085012,0.030194,157.8362,-0.085007,0.030007,150.0005,-0.044364,0.026315,169.7897,-0.52214,-0.03684,0.01020,1.10743,-0.60654,-0.04325,-0.61302,-0.02846,0.03491,1.15583,-0.56783,-0.01852,0.05376,0.41122,0.04787,0.30141,-40.47064,25.16692,-20.69671,-24.24718,13.33910,-0.61951,37.90822,-28.12850,28.24307,-1.48882,-4.48541,-7.05664,3.48256,4.90700,-3.23716,4.49766,88.000,88.000,88.000,139.000,35.000,35.000,88.000,88.000,88.000,139.000,35.000,35.000,25.000,25.000,25.000,25.000
0.2780,-0.01269,0.00873,0.69275,0.99775,0.02033,0.01048,-0.06307,0.03414,-0.00060,0.63516,0.67876,0.03905,0.00007,2,0.03568,1,0.08500,0.03000,0.8302,0.8687,0.112784,0.146681,-66.2048,-75.4638,153.5813,-61.7895,-49.2388,158.6118,100.4553,82.1079,147.8772,72.3132,36.4399,155.3616,0.085007,-0.030007,150.0005,0.085013,0.030187,158.6118,0.085007,-0.030007,150.0005,-0.085005,0.025121,155.3616,-0.52335,-0.03671,0.01021,1.11012,-0.60779,-0.04200,-0.61467,-0.02822,0.03584,1.15910,-0.56941,-0.01865,0.05357,0.41441,0.04799,0.30390,-40.47064,25.16692,-20.69671,-24.24718,13.33910,-0.61951,37.90822,-28.12850,28.24307,-1.48882,-4.48541,-7.05664,3.48256,4.90700,-3.23716,4.49766,88.000,88.000,88.000,139.000,35.000,35.000,88.000,88.000,88.000,139.000,35.000,35.000,25.000,25.000,25.000,25.000
0.2790,-0.01276,0.00876,0.69225,0.99773,0.02045,0.01043,-0.06327,0.03412,-0.00062,0.63474,0.67872,0.03928,0.00007,2,0.03569,0,0.08500,0.03000,0.8324,0.0000,0.112833,0.146893,-67.3573,-75.5185,153.4610,-62.9270,-48.0186,158.4937,100.4412,82.1865,147.8432,0.0000,0.0000,0.0000,0.061588,0.030007,150.0005,0.085014,0.030179,158.4937,-0.031627,0.030007,150.0005,0.000000,0.000000,0.0000,-0.52459,-0.03668,0.01009,1.11279,-0.60919,-0.04070,-0.61618,-0.02801,0.03688,1.16221,-0.57067,-0.01935,0.05335,0.41759,0.04813,0.30639,-42.05902,24.59867,-19.90785,-27.50176,9.90278,-0.65952,43.67748,-27.01918,27.33766,5.42617,3.42894,-7.07821,0.67739,1.96442,-3.56441,1.67200,88.000,88.000,88.000,139.000,35.000,35.000,88.000,88.000,88.000,139.000,35.000,35.000,25.000,25.000,25.000,25.000
0.2800,-0.01283,0.00878,0.69174,0.99772,0.02057,0.01039,-0.06341,0.03411,-0.00063,0.63432,0.67868,0.03951,0.00007,2,0.03570,0,0.08500,0.03000,0.8781,0.0000,0.112912,0.147113,-62.5090,-76.4377,153.3054,-67.3369,-31.3509,140.9825,100.4675,82.3764,147.7196,0.0000,0.0000,0.0000,-0.031695,0.030007,150.0005,0.085014,0.030172,140.9825,0.085007,0.030007,150.0005,0.000000,0.000000,0.0000,-0.52582,-0.03672,0.00981,1.11524,-0.61117,-0.03943,-0.61758,-0.02784,0.03802,1.16532,-0.57038,-0.02056,0.05311,0.42071,0.04829,0.30882,-52.24719,23.96938,-18.76068,-39.49093,-3.80199,-0.69149,56.64858,-25.54352,25.02222,22.60727,20.81710,-7.11768,-0.34795,0.62059,-3.64510,0.20180,88.000,88.000,88.000,139.000,35.000,35.000,88.000,88.000,88.000,139.000,35.000,35.000,25.000,25.000,25.000,25.000
0.2810,-0.01290,0.00880,0.69123,0.99771,0.02068,0.01034,-0.06351,0.03409,-0.00065,0.63388,0.67864,0.03974,0.00007,2,0.03572,1,0.08500,0.03000,1.1667,0.8661,0.113071,0.147346,-57.1200,-77.4413,153.1096,-57.1697,0.0000,81.6710,100.7312,82.6445,147.3899,78.3103,40.3789,169.5560,0.085007,-0.030007,150.0006,0.085010,0.030165,81.6710,0.085007,-0.030007,150.0006,0.085005,0.030133,169.5560,-0.52703,-0.03678,0.00940,1.11748,-0.61372,-0.03817,-0.61897,-0.02767,0.03920,1.16847,-0.57037,-0.02170,0.05286,0.42377,0.04847,0.31120,-52.24719,23.96938,-18.76068,-39.49093,-3.80199,-0.69149,56.64858,-25.54352,25.02222,22.60727,20.81710,-7.11768,-0.34795,0.62059,-3.64510,0.20180,88.000,88.000,88.000,139.000,35.000,35.000,88.000,88.000,88.000,139.000,35.000,35.000,25.000,25.000,25.000,25.000
0.2820,-0.01298,0.00881,0.69071,0.99771,0.02079,0.01030,-0.06357,0.03408,-0.00066,0.63345,0.67859,0.03997,0.00007,2,0.03574,1,0.08500,0.03000,0.8254,0.8698,-0.002853,0.160890,77.0099,-97.0404,152.8179,-62.8129,-67.0498,185.5180,-34.9267,99.1332,147.4696,79.5796,39.7121,170.4167,0.063977,0.003568,150.0006,-0.031867,0.026724,185.5180,0.085007,-0.030007,150.0006,0.085013,0.030138,170.4167,-0.52832,-0.03684,0.00904,1.11981,-0.61616,-0.03689,-0.62034,-0.02749,0.04040,1.17167,-0.57062,-0.02275,0.05259,0.42677,0.04868,0.31354,-52.24719,23.96938,-18.76068,-39.49093,-3.80199,-0.69149,56.64858,-25.54352,25.02222,22.60727,20.81710,-7.11768,-0.34795,0.62059,-3.64510,0.20180,88.000,88.000,88.000,139.000,35.000,35.000,88.000,88.000,88.000,139.000,35.000,35.000,25.000,25.000,25.000,25.000
0.2830,-0.01305,0.00883,0.69020,0.99771,0.02089,0.01025,-0.06358,0.03406,-0.00068,0.63301,0.67855,0.04019,0.00007,2,0.03577,1,0.08500,0.03000,0.8250,0.8730,-0.002612,0.161187,76.8051,-96.5988,152.7825,-63.3274,-64.3030,182.3292,-38.4160,99.7411,147.4074,80.5747,39.1270,171.0024,-0.085008,0.030007,150.0006,-0.031869,0.026715,182.3292,0.078474,0.030007,150.0006,0.085020,0.030142,171.0024,-0.52966,-0.03690,0.00871,1.12223,-0.61852,-0.03558,-0.62171,-0.02731,0.04163,1.17492,-0.57113,-0.02374,0.05230,0.42972,0.04889,0.31583,-52.24719,23.96938,-18.76068,-39.49093,-3.80199,-0.69149,56.64858,-25.54352,25.02222,22.60727,20.81710,-7.11768,-0.34795,0.62059,-3.64510,0.20180,88.000,88.000,88.000,139.000,35.000,35.000,88.000,88.000,88.000,139.000,35.000,35.000,25.000,25.000,25.000,25.000
0.2840,-0.01313,0.00884,0.68968,0.99770,0.02100,0.01020,-0.06361,0.03405,-0.00070,0.63258,0.67851,0.04041,0.00007,2,0.03579,0,0.08500,0.03000,0.8250,0.8750,-0.002413,0.161469,102.2979,80.4935,147.5014,-63.7762,-61.9815,179.6538,-67.3429,-76.6289,153.0895,81.1178,38.7523,171.2431,-0.046925,0.030007,150.0006,-0.031903,0.026706,179.6538,0.085008,0.019043,150.0006,0.085026,0.030146,171.2431,-0.53101,-0.03696,0.00849,1.12476,-0.62085,-0.03445,-0.62309,-0.02717,0.04267,1.17809,-0.57182,-0.02442,0.05197,0.43270,0.04913,0.31820,32.88481,-60.33996,50.68743,3.88971,1.25037,-7.10125,-30.48606,59.25564,-47.07165,-24.94673,12.96917,0.91607,-11.19260,1.17983,11.33062,5.23510,88.000,88.000,88.000,139.000,35.000,35.000,88.000,88.000,88.000,139.000,35.000,35.000,25.000,25.000,25.000,25.000
0.2850,-0.01320,0.00886,0.68916,0.99770,0.02111,0.01015,-0.06366,0.03404,-0.00071,0.63214,0.67847,0.04063,0.00007,2,0.03580,1,0.08500,0.03000,0.8612,0.8312,-0.055003,0.167812,102.1145,80.2722,147.7487,55.8732,30.1008,122.8200,-69.1506,-77.2165,153.2847,-49.2959,-63.0999,160.5654,-0.072881,0.030007,150.0005,-0.085017,0.025134,122.8200,0.085007,0.030007,150.0005,0.085030,0.030149,160.5654,-0.53235,-0.03703,0.00843,1.12738,-0.62270,-0.03361,-0.62450,-0.02708,0.04353,1.18121,-0.57270,-0.02481,0.05158,0.43573,0.04939,0.32065,32.88481,-60.33996,50.68743,3.88971,1.25037,-7.10125,-30.48606,59.25564,-47.07165,-24.94673,12.96917,0.91607,-11.19260,1.17983,11.33062,5.23510,88.000,88.000,88.000,139.000,35.000,35.000,88.000,88.000,88.000,139.000,35.000,35.000,25.000,25.000,25.000,25.000
0.2860,-0.01328,0.00889,0.68864,0.99769,0.02122,0.01010,-0.06374,0.03402,-0.00073,0.63171,0.67843,0.04085,0.00007,2,0.03580,1,0.08500,0.03000,0.8638,0.8304,-0.054870,0.168003,102.0179,80.1041,147.9066,57.4046,30.2038,125.1548,-70.7544,-75.4899,153.3558,-50.2383,-63.3141,162.2177,-0.085007,0.030007,150.0005,-0.085020,0.025128,125.1548,0.073395,0.029559,150.0005,0.085033,0.030151,162.2177,-0.53368,-0.03711,0.00852,1.13009,-0.62408,-0.03303,-0.62593,-0.02702,0.04422,1.18428,-0.57377,-0.02494,0.05115,0.43879,0.04966,0.32316,32.88481,-60.33996,50.68743,3.88971,1.25037,-7.10125,-30.48606,59.25564,-47.07165,-24.94673,12.96917,0.91607,-11.19260,1.17983,11.33062,5.23510,88.000,88.000,88.000,139.000,35.000,35.000,88.000,88.000,88.000,139.000,35.000,35.000,25.000,25.000,25.000,25.000
0.2870,-0.01335,0.00891,0.68812,0.99768,0.02133,0.01005,-0.06383,0.03401,-0.00075,0.63127,0.67839,0.04108,0.00007,2,0.03579,1,0.08500,0.03000,0.8650,0.8299,-0.054792,0.168134,102.0021,79.9832,147.9806,58.3565,30.3768,126.7618,-63.6321,-66.5273,153.0372,-51.0528,-63.5588,163.7307,-0.023014,0.030000,150.0000,-0.085020,0.025125,126.7618,0.085000,0.030000,150.0000,0.085035,0.030151,163.7307,-0.53501,-0.03720,0.00875,1.13289,-0.62504,-0.03270,-0.62739,-0.02700,0.04474,1.18730,-0.57502,-0.02482,0.05068,0.44188,0.04996,0.32574,32.88481,-60.33996,50.68743,3.88971,1.25037,-7.10125,-30.48606,59.25564,-47.07165,-24.94673,12.96917,0.91607,-11.19260,1.17983,11.33062,5.23510,88.000,88.000,88.000,139.000,35.000,35.000,88.000,88.000,88.000,139.000,35.000,35.000,25.000,25.000,25.000,25.000
0.2880,-0.01342,0.00894,0.68759,0.99767,0.02145,0.00999,-0.06393,0.03400,-0.00077,0.63083,0.67835,0.04131,0.00007,2,0.03577,0,0.08500,0.03000,0.8647,0.8294,-0.054770,0.168205,102.0679,79.9090,147.9776,58.6774,30.6373,127.5923,-72.9432,-70.5595,153.2965,-51.7536,-63.8250,165.1123,-0.000162,0.030007,150.0005,-0.085018,0.025123,127.5923,0.085007,0.030007,150.0005,0.085036,0.030150,165.1123,-0.53635,-0.03728,0.00915,1.13576,-0.62520,-0.03269,-0.62886,-0.02700,0.04513,1.19030,-0.57642,-0.02460,0.05016,0.44490,0.05031,0.32827,35.26619,-46.92642,42.15332,7.55192,8.13733,-7.14463,-28.75068,46.81172,-36.24134,-24.29774,12.67655,-0.87071,-14.40989,-1.96661,11.47241,2.59167,88.000,88.000,88.000,139.000,35.000,35.000,88.000,88.000,88.000,139.000,35.000,35.000,25.000,25.000,25.000,25.000
0.2890,-0.01350,0.00897,0.68706,0.99766,0.02156,0.00994,-0.06404,0.03398,-0.00079,0.63039,0.67831,0.04154,0.00007,2,0.03575,0,0.08500,0.03000,0.8252,0.8254,0.042330,0.156920,102.2565,79.8896,147.8578,59.2906,56.7375,165.7544,-73.4270,-66.9338,153.1730,-58.4505,-54.8001,161.7866,-0.000195,0.030007,150.0005,0.012739,0.028001,165.7544,0.085007,0.030007,150.0005,0.085036,0.030150,161.7866,-0.53769,-0.03735,0.00962,1.13871,-0.62553,-0.03270,-0.63035,-0.02703,0.04542,1.19327,-0.57795,-0.02430,0.04959,0.44786,0.05071,0.33076,34.34400,-43.62534,39.94905,6.95811,8.07229,-7.14912,-28.25643,43.67381,-33.53322,-24.10811,12.64664,-1.00993,-14.41502,-1.89873,11.59662,2.69437,88.000,88.000,88.000,139.000,35.000,35.000,88.000,88.000,88.000,139.000,35.000,35.000,25.000,25.000,25.000,25.000
0.2900,-0.01357,0.00901,0.68653,0.99766,0.02168,0.00989,-0.06415,0.03397,-0.00081,0.62995,0.67826,0.04178,0.00007,2,0.03572,1,0.08500,0.03000,0.8254,0.8265,0.042709,0.156858,102.4291,79.8856,147.7405,59.0457,55.4384,163.5487,-73.2242,-66.6349,153.1285,-59.8443,-52.9892,161.1907,-0.085007,0.030007,150.0005,0.013182,0.028014,163.5487,0.080551,0.030007,150.0005,0.085035,0.030148,161.1907,-0.53905,-0.03742,0.01015,1.14176,-0.62602,-0.03273,-0.63185,-0.02708,0.04561,1.19621,-0.57960,-0.02391,0.04898,0.45075,0.05115,0.33321,34.34400,-43.62534,39.94905,6.95811,8.07229,-7.14912,-28.25643,43.67381,-33.53322,-24.10811,12.64664,-1.00993,-14.41502,-1.89873,11.59662,2.69437,88.000,88.000,88.000,139.000,35.000,35.000,88.000,88.000,88.000,139.000,35.000,35.000,25.000,25.000,25.000,25.000
0.2910,-0.01364,0.00904,0.68600,0.99765,0.02180,0.00983,-0.06426,0.03396,-0.00083,0.62950,0.67822,0.04201,0.00007,2,0.03569,1,0.08500,0.03000,0.8253,0.8265,0.043474,0.156731,102.5865,79.8964,147.6254,58.7389,55.4112,163.0716,-72.6610,-66.1439,153.0521,-60.1437,-53.1272,161.8155,-0.040991,0.030007,150.0005,0.014026,0.028039,163.0716,0.085007,0.030007,150.0005,0.085034,0.030147,161.8155,-0.54042,-0.03749,0.01075,1.14490,-0.62667,-0.03278,-0.63336,-0.02716,0.04570,1.19914,-0.58139,-0.02345,0.04832,0.45359,0.05164,0.33561,34.34400,-43.62534,39.94905,6.95811,8.07229,-7.14912,-28.25643,43.67381,-33.53322,-24.10811,12.64664,-1.00993,-14.41502,-1.89873,11.59662,2.69437,88.000,88.000,88.000,139.000,35.000,35.000,88.000,88.000,88.000,139.000,35.000,35.000,25.000,25.000,25.000,25.000
0.2920,-0.01371,0.00908,0.68546,0.99764,0.02192,0.00977,-0.06438,0.03394,-0.00085,0.62906,0.67818,0.04225,0.00007,2,0.03565,0,0.08500,0.03000,0.8253,0.8266,0.044219,0.156587,102.7297,79.9214,147.5122,58.4451,55.3691,162.5918,-71.7519,-65.4660,152.9461,-60.3974,-53.2634,162.3726,-0.046067,0.030007,150.0005,0.014867,0.028064,162.5918,0.085007,0.007551,150.0005,0.085032,0.030145,162.3726,-0.54178,-0.03756,0.01138,1.14809,-0.62749,-0.03288,-0.63489,-0.02726,0.04570,1.20202,-0.58325,-0.02265,0.04760,0.45640,0.05217,0.33803,26.74733,-39.33598,37.71963,-1.51804,1.08717,-7.08659,-24.20561,40.84672,-31.66734,-22.38300,12.83249,2.24890,-13.59733,-0.84523,12.10248,3.92904,88.000,88.000,88.000,139.000,35.000,35.000,88.000,88.000,88.000,139.000,35.000,35.000,25.000,25.000,25.000,25.000
0.2930,-0.01378,0.00912,0.68493,0.99763,0.02204,0.00972,-0.06451,0.03393,-0.00087,0.62862,0.67814,0.04249,0.00007,2,0.03560,0,0.08500,0.03000,0.8250,0.8261,0.004131,0.161155,102.8580,79.9605,147.4016,54.9863,55.6882,158.1064,-70.9718,-63.9052,152.7784,-51.8899,-57.5226,156.3036,-0.058342,0.030007,150.0005,-0.025373,0.026883,158.1064,0.085007,-0.005442,150.0005,0.085030,0.030142,156.3036,-0.54315,-0.03764,0.01204,1.15134,-0.62847,-0.03303,-0.63643,-0.02738,0.04564,1.20485,-0.58517,-0.02139,0.04684,0.45920,0.05274,0.34047,24.47658,-38.13860,37.18394,-3.82579,-0.78555,-7.07510,-22.71901,40.31039,-31.38816,-21.66112,12.91221,4.16233,-13.31114,-0.59590,12.08296,4.13306,88.000,88.000,88.000,139.000,35.000,35.000,88.000,88.000,88.000,139.000,35.000,35.000,25.000,25.000,25.000,25.000
0.2940,-0.01386,0.00916,0.68439,0.99762,0.02216,0.00966,-0.06464,0.03392,-0.00089,0.62818,0.67810,0.04274,0.00007,2,0.03555,1,0.08500,0.03000,0.8251,0.8305,-0.006798,0.162328,102.9721,80.0131,147.2934,53.8167,55.7870,156.5767,-70.1504,-61.3694,152.5405,-47.4802,-59.9576,153.4826,-0.085008,0.030007,150.0005,-0.036262,0.026565,156.5767,0.071139,0.030007,150.0005,0.085027,0.030136,153.4826,-0.54452,-0.03773,0.01273,1.15464,-0.62960,-0.03323,-0.63798,-0.02753,0.04549,1.20764,-0.58715,-0.01971,0.04603,0.46199,0.05335,0.34292,24.47658,-38.13860,37.18394,-3.82579,-0.78555,-7.07510,-22.71901,40.31039,-31.38816,-21.66112,12.91221,4.16233,-13.31114,-0.59590,12.08296,4.13306,88.000,88.000,88.000,139.000,35.000,35.000,88.000,88.000,88.000,139.000,35.000,35.000,25.000,25.000,25.000,25.000
0.2950,-0.01393,0.00920,0.68386,0.99761,0.02228,0.00961,-0.06477,0.03391,-0.00091,0.62773,0.67805,0.04298,0.00007,2,0.03549,1,0.08500,0.03000,1.1667,0.8308,0.113615,0.148321,103.0729,80.0784,147.1874,0.0000,42.4830,60.6900,-68.9535,-58.1152,152.2481,-47.4802,-60.3461,154.0376,-0.085008,0.030007,150.0006,0.085015,0.030128,60.6900,0.079206,0.030007,150.0006,0.085023,0.030129,154.0376,-0.54580,-0.03773,0.01363,1.15781,-0.63123,-0.03370,-0.63954,-0.02770,0.04527,1.21038,-0.58919,-0.01763,0.04517,0.46476,0.05399,0.34540,24.47658,-38.13860,37.18394,-3.82579,-0.78555,-7.07510,-22.71901,40.31039,-31.38816,-21.66112,12.91221,4.16233,-13.31114,-0.59590,12.08296,4.13306,88.000,88.000,88.000,139.000,35.000,35.000,88.000,88.000,88.000,139.000,35.000,35.000,25.000,25.000,25.000,25.000
0.2960,-0.01400,0.00924,0.68332,0.99760,0.02239,0.00955,-0.06485,0.03389,-0.00094,0.62728,0.67801,0.04323,0.00007,2,0.03540,0,0.08500,0.03000,1.1667,0.8300,0.113510,0.148212,-61.5367,-58.8446,152.1296,0.0000,43.3463,61.9232,101.0417,82.5546,147.2277,-48.0498,-59.9530,154.2896,0.065824,-0.022182,150.0006,0.085016,0.030132,61.9232,-0.085007,0.030001,150.0006,0.085019,0.030120,154.2896,-0.54712,-0.03779,0.01437,1.16088,-0.63287,-0.03342,-0.64096,-0.02784,0.04524,1.21298,-0.59175,-0.01613,0.04430,0.46754,0.05464,0.34791,-42.50797,41.73588,-32.42850,-28.50962,10.56261,6.41986,39.79187,-39.44037,39.07334,1.07558,-4.57392,-6.90113,2.02182,2.74447,-3.12281,2.42239,88.000,88.000,88.000,139.000,35.000,35.000,88.000,88.000,88.000,139.000,35.000,35.000,25.000,25.000,25.000,25.000
0.2970,-0.01407,0.00928,0.68277,0.99759,0.02251,0.00949,-0.06490,0.03388,-0.00096,0.62683,0.67797,0.04346,0.00007,2,0.03532,0,0.08500,0.03000,0.8313,0.8516,0.113451,0.148144,-57.7144,-57.7217,152.1924,-51.6630,-40.2072,131.2431,101.1889,82.5901,147.6280,74.5703,44.1754,169.6366,0.076144,-0.029165,150.1230,0.085016,0.030132,131.2431,-0.086653,0.031647,150.1230,-0.069640,0.025572,169.6366,-0.54848,-0.03793,0.01495,1.16389,-0.63448,-0.03235,-0.64239,-0.02804,0.04521,1.21568,-0.59431,-0.01487,0.04341,0.47032,0.05529,0.35043,-37.03530,39.80927,-31.45059,-24.94766,12.35168,7.51344,35.69355,-37.45403,36.82797,0.73641,-4.86921,-7.23142,1.19663,2.03443,-2.58828,1.92868,88.000,88.000,88.000,139.000,35.000,35.000,88.000,88.000,88.000,139.000,35.000,35.000,25.000,25.000,25.000,25.000
0.2980,-0.01414,0.00931,0.68223,0.99759,0.02262,0.00944,-0.06492,0.03386,-0.00098,0.62638,0.67793,0.04370,0.00007,2,0.03527,1,0.08500,0.03000,0.8257,0.8517,0.113433,0.148112,-58.8967,-55.2375,151.9511,-45.9322,-50.1284,137.2295,100.6313,82.0932,147.7657,72.4214,42.8179,164.6275,0.085007,-0.030007,150.0005,0.085016,0.030129,137.2295,0.046374,-0.030007,150.0005,-0.071131,0.025521,164.6275,-0.54987,-0.03814,0.01538,1.16683,-0.63608,-0.03056,-0.64382,-0.02831,0.04517,1.21849,-0.59687,-0.01382,0.04251,0.47308,0.05595,0.35296,-37.03530,39.80927,-31.45059,-24.94766,12.35168,7.51344,35.69355,-37.45403,36.82797,0.73641,-4.86921,-7.23142,1.19663,2.03443,-2.58828,1.92868,88.000,88.000,88.000,139.000,35.000,35.000,88.000,88.000,88.000,139.000,35.000,35.000,25.000,25.000,25.000,25.000
0.2990,-0.01421,0.00935,0.68169,0.99759,0.02274,0.00938,-0.06490,0.03385,-0.00100,0.62592,0.67788,0.04394,0.00007,2,0.03523,1,0.08500,0.03000,0.8252,0.8541,0.113452,0.148116,-60.1284,-51.8330,151.7602,-47.2525,-49.4728,138.1789,100.4507,81.9199,147.9847,73.6662,42.5348,166.0014,0.085007,-0.020663,150.0005,0.085016,0.030122,138.1789,0.085007,-0.030007,150.0005,-0.070931,0.025521,166.0014,-0.55130,-0.03842,0.01567,1.16971,-0.63765,-0.02812,-0.64524,-0.02863,0.04513,1.22140,-0.59945,-0.01295,0.04159,0.47583,0.05661,0.35550,-37.03530,39.80927,-31.45059,-24.94766,12.35168,7.51344,35.69355,-37.45403,36.82797,0.73641,-4.86921,-7.23142,1.19663,2.03443,-2.58828,1.92868,88.000,88.000,88.000,139.000,35.000,35.000,88.000,88.000,88.000,139.000,35.000,35.000,25.000,25.000,25.000,25.000
0.3000,-0.01429,0.00939,0.68114,0.99759,0.02286,0.00933,-0.06485,0.03383,-0.00103,0.62547,0.67784,0.04418,0.00007,2,0.03520,1,0.08500,0.03000,0.8250,0.8563,0.113508,0.148153,-61.0764,-47.3070,151.5057,-48.3750,-48.8748,138.9283,100.2854,81.7806,148.1737,74.8462,42.2628,167.2986,0.085007,-0.030007,150.0005,0.085015,0.030112,138.9283,0.071530,-0.024822,150.0005,-0.070735,0.025522,167.2986,-0.55277,-0.03876,0.01582,1.17254,-0.63922,-0.02506,-0.64667,-0.02902,0.04509,1.22440,-0.60205,-0.01226,0.04067,0.47856,0.05729,0.35805,-37.03530,39.80927,-31.45059,-24.94766,12.35168,7.51344,35.69355,-37.45403,36.82797,0.73641,-4.86921,-7.23142,1.19663,2.03443,-2.58828,1.92868,88.000,88.000,88.000,139.000,35.000,35.000,88.000,88.000,88.000,139.000,35.000,35.000,25.000,25.000,25.000,25.000
0.3010,-0.01436,0.00942,0.68059,0.99759,0.02297,0.00928,-0.06477,0.03382,-0.00105,0.62501,0.67780,0.04442,0.00007,2,0.03520,1,0.08500,0.03000,0.8250,0.8583,0.113599,0.148223,-35.7813,99.1757,148.2693,-49.3473,-48.3464,139.5625,82.9594,-61.0832,151.2697,75.8665,42.0134,168.3999,-0.085000,-0.030000,150.0000,0.085013,0.030099,139.5625,-0.085000,-0.030000,150.0000,-0.070521,0.025524,168.3999,-0.55427,-0.03916,0.01584,1.17531,-0.64078,-0.02146,-0.64811,-0.02946,0.04505,1.22751,-0.60466,-0.01172,0.03973,0.48129,0.05797,0.36061,-37.03530,39.80927,-31.45059,-24.94766,12.35168,7.51344,35.69355,-37.45403,36.82797,0.73641,-4.86921,-7.23142,1.19663,2.03443,-2.58828,1.92868,88.000,88.000,88.000,139.000,35.000,35.000,88.000,88.000,88.000,139.000,35.000,35.000,25.000,25.000,25.000,25.000
0.3020,-0.01444,0.00946,0.68004,0.99760,0.02309,0.00922,-0.06466,0.03381,-0.00107,0.62455,0.67775,0.04465,0.00007,2,0.03521,1,0.08500,0.03000,0.8252,0.8599,0.113725,0.148326,-37.2603,98.8645,148.5840,-50.2131,-47.8880,140.1444,82.9054,-60.1419,151.3153,76.6487,41.7978,169.2093,-0.085000,-0.030000,150.0000,0.085012,0.030083,140.1444,-0.085000,-0.030000,150.0000,-0.070270,0.025529,169.2093,-0.55580,-0.03962,0.01572,1.17804,-0.64234,-0.01733,-0.64954,-0.02996,0.04500,1.23072,-0.60729,-0.01132,0.03878,0.48401,0.05865,0.36318,-37.03530,39.80927,-31.45059,-24.94766,12.35168,7.51344,35.69355,-37.45403,36.82797,0.73641,-4.86921,-7.23142,1.19663,2.03443,-2.58828,1.92868,88.000,88.000,88.000,139.000,35.000,35.000,88.000,88.000,88.000,139.000,35.000,35.000,25.000,25.000,25.000,25.000
0.3030,-0.01451,0.00949,0.67948,0.99760,0.02320,0.00917,-0.06452,0.03380,-0.00109,0.62409,0.67771,0.04489,0.00007,2,0.03523,1,0.08500,0.03000,0.8255,0.8772,0.113883,0.148459,-38.6992,98.4674,148.9427,-51.0512,-47.4627,140.7342,82.8456,-59.3605,151.3670,76.2584,35.7745,160.0469,-0.085000,-0.030000,150.0000,0.085010,0.030063,140.7342,-0.085000,-0.030000,150.0000,-0.085020,0.025093,160.0469,-0.55737,-0.04013,0.01548,1.18072,-0.64390,-0.01274,-0.65098,-0.03051,0.04498,1.23403,-0.60978,-0.01109,0.03781,0.48672,0.05934,0.36576,-37.03530,39.80927,-31.45059,-24.94766,12.35168,7.51344,35.69355,-37.45403,36.82797,0.73641,-4.86921,-7.23142,1.19663,2.03443,-2.58828,1.92868,88.000,88.000,88.000,139.000,35.000,35.000,88.000,88.000,88.000,139.000,35.000,35.000,25.000,25.000,25.000,25.000
0.3040,-0.01458,0.00953,0.67892,0.99761,0.02331,0.00911,-0.06435,0.03379,-0.00112,0.62364,0.67767,0.04513,0.00007,2,0.03527,1,0.08500,0.03000,0.0000,0.8781,0.000000,0.000000,-40.1150,97.9921,149.3404,0.0000,0.0000,0.0000,82.8494,-58.3557,151.4056,76.4057,35.5813,159.9814,-0.085000,-0.030000,150.0000,0.000000,0.000000,0.0000,-0.085000,-0.030000,150.0000,-0.085023,0.025093,159.9814,-0.55894,-0.04066,0.01505,1.18309,-0.64434,-0.00794,-0.65242,-0.03110,0.04498,1.23744,-0.61216,-0.01101,0.03684,0.48941,0.06005,0.36834,-37.03530,39.80927,-31.45059,-24.94766,12.35168,7.51344,35.69355,-37.45403,36.82797,0.73641,-4.86921,-7.23142,1.19663,2.03443,-2.58828,1.92868,88.000,88.000,88.000,139.000,35.000,35.000,88.000,88.000,88.000,139.000,35.000,35.000,25.000,25.000,25.000,25.000
0.3050,-0.01466,0.00956,0.67836,0.99762,0.02342,0.00906,-0.06417,0.03378,-0.00114,0.62317,0.67762,0.04537,0.00007,2,0.03533,1,0.08500,0.03000,0.0000,0.8779,0.000000,0.000000,-46.4308,98.1879,149.8144,0.0000,0.0000,0.0000,82.3408,-61.8657,151.5243,76.1408,35.5092,159.5000,-0.085000,-0.030000,150.0000,0.000000,0.000000,0.0000,-0.085000,-0.030000,150.0000,-0.085026,0.025093,159.5000,-0.56051,-0.04121,0.01445,1.18517,-0.64375,-0.00295,-0.65385,-0.03172,0.04501,1.24094,-0.61444,-0.01107,0.03587,0.49209,0.06076,0.37094,-37.03530,39.80927,-31.45059,-24.94766,12.35168,7.51344,35.69355,-37.45403,36.82797,0.73641,-4.86921,-7.23142,1.19663,2.03443,-2.58828,1.92868,88.000,88.000,88.000,139.000,35.000,35.000,88.000,88.000,88.000,139.000,35.000,35.000,25.000,25.000,25.000,25.000
0.3060,-0.01473,0.00959,0.67780,0.99764,0.02353,0.00900,-0.06391,0.03378,-0.00116,0.62270,0.67758,0.04560,0.00007,2,0.03537,0,0.08500,0.03000,0.8636,0.8772,0.106763,0.095578,-62.0030,99.7022,150.3891,-80.2388,-42.2936,175.0463,82.1671,-62.8927,151.5870,75.5379,35.4351,158.5328,-0.085007,-0.030007,150.0005,0.085013,-0.024095,175.0463,0.069678,-0.007452,150.0005,-0.085027,0.025095,158.5328,-0.56205,-0.04178,0.01406,1.18694,-0.64441,0.00168,-0.65518,-0.03243,0.04483,1.24438,-0.61525,-0.01086,0.03486,0.49478,0.06149,0.37356,-57.27287,-41.65418,40.32330,-46.44498,-12.60793,2.11781,53.89131,39.89687,-33.15593,16.77240,18.47346,3.59483,-3.35948,1.69532,2.46272,3.27582,88.000,88.000,88.000,139.000,35.000,35.000,88.000,88.000,88.000,139.000,35.000,35.000,25.000,25.000,25.000,25.000
0.3070,-0.01480,0.00962,0.67723,0.99765,0.02364,0.00894,-0.06361,0.03377,-0.00118,0.62222,0.67753,0.04583,0.00007,2,0.03540,1,0.08500,0.03000,0.8290,1.1667,-0.045870,0.117710,-58.0376,98.4235,150.7608,-62.0091,75.6567,196.6655,82.4563,-61.9460,151.4549,0.5158,0.0000,0.7368,0.036694,-0.030007,150.0005,-0.069555,-0.024531,196.6655,0.085007,0.005758,150.0005,-0.085022,0.025096,0.7368,-0.56365,-0.04244,0.01365,1.18888,-0.64517,0.00589,-0.65639,-0.03319,0.04446,1.24777,-0.61471,-0.01041,0.03384,0.49747,0.06225,0.37620,-57.27287,-41.65418,40.32330,-46.44498,-12.60793,2.11781,53.89131,39.89687,-33.15593,16.77240,18.47346,3.59483,-3.35948,1.69532,2.46272,3.27582,88.000,88.000,88.000,139.000,35.000,35.000,88.000,88.000,88.000,139.000,35.000,35.000,25.000,25.000,25.000,25.000
0.3080,-0.01487,0.00965,0.67666,0.99767,0.02375,0.00887,-0.06326,0.03376,-0.00120,0.62174,0.67749,0.04606,0.00007,2,0.03541,1,0.08500,0.03000,0.8339,1.1667,-0.046529,0.117197,-51.9981,96.9062,151.0901,-58.5388,78.8622,196.2872,82.3434,-66.0128,151.2765,2.5538,0.0000,3.6483,0.085007,-0.030007,150.0005,-0.070453,-0.025374,196.2872,0.084889,-0.030007,150.0005,-0.085009,0.025096,3.6483,-0.56529,-0.04318,0.01323,1.19100,-0.64602,0.00973,-0.65750,-0.03402,0.04391,1.25111,-0.61292,-0.00972,0.03280,0.50018,0.06302,0.37887,-57.27287,-41.65418,40.32330,-46.44498,-12.60793,2.11781,53.89131,39.89687,-33.15593,16.77240,18.47346,3.59483,-3.35948,1.69532,2.46272,3.27582,88.000,88.000,88.000,139.000,35.000,35.000,88.000,88.000,88.000,139.000,35.000,35.000,25.000,25.000,25.000,25.000
0.3090,-0.01494,0.00968,0.67609,0.99770,0.02387,0.00881,-0.06289,0.03375,-0.00122,0.62126,0.67745,0.04630,0.00007,2,0.03544,1,0.08500,0.03000,0.8370,0.8878,-0.046731,0.117324,102.3235,74.0246,151.3367,-56.7633,80.2476,195.7299,-67.1853,-48.2829,151.3212,34.9386,-81.0789,165.7394,-0.066081,-0.031636,150.1211,-0.070973,-0.025481,195.7299,0.086620,-0.031644,150.1211,0.085010,0.030090,165.7394,-0.56700,-0.04400,0.01280,1.19327,-0.64696,0.01322,-0.65860,-0.03493,0.04325,1.25452,-0.61155,-0.00859,0.03173,0.50289,0.06381,0.38157,-57.27287,-41.65418,40.32330,-46.44498,-12.60793,2.11781,53.89131,39.89687,-33.15593,16.77240,18.47346,3.59483,-3.35948,1.69532,2.46272,3.27582,88.000,88.000,88.000,139.000,35.000,35.000,88.000,88.000,88.000,139.000,35.000,35.000,25.000,25.000,25.000,25.000
0.3100,-0.01500,0.00971,0.67551,0.99772,0.02398,0.00874,-0.06251,0.03374,-0.00124,0.62077,0.67740,0.04654,0.00007,2,0.03544,0,0.08500,0.03000,0.8400,0.8977,-0.046472,0.119618,102.1928,73.5024,151.6834,-55.2138,81.4324,195.2088,-71.4049,-44.6451,151.4434,33.5559,-83.9953,167.9303,-0.030440,-0.031650,150.1221,-0.071337,-0.023345,195.2088,0.086632,-0.031657,150.1221,0.085026,0.030081,167.9303,-0.56871,-0.04481,0.01243,1.19570,-0.64799,0.01643,-0.65973,-0.03587,0.04256,1.25783,-0.61051,-0.00676,0.03058,0.50550,0.06470,0.38424,51.30437,-33.42895,33.38412,11.04186,4.46107,2.03590,-48.10385,37.59438,-28.20189,-30.85331,12.23347,7.28818,-23.95220,-4.96711,22.04267,5.59923,88.000,88.000,88.000,139.000,35.000,35.000,88.000,88.000,88.000,139.000,35.000,35.000,25.000,25.000,25.000,25.000
0.3110,-0.01507,0.00975,0.67493,0.99774,0.02409,0.00868,-0.06212,0.03373,-0.00125,0.62029,0.67736,0.04678,0.00007,2,0.03545,1,0.08500,0.03000,0.8251,0.8263,0.011108,0.108537,102.0666,73.0259,151.9923,57.3449,55.1981,160.7757,-77.6685,-39.0844,151.5295,-62.0075,-55.2475,167.5073,-0.086640,0.031633,150.1205,-0.013002,-0.026072,160.7757,0.054644,0.031627,150.1206,0.085043,-0.020842,167.5073,-0.57042,-0.04562,0.01213,1.19829,-0.64910,0.01940,-0.66089,-0.03684,0.04184,1.26112,-0.60984,-0.00497,0.02933,0.50801,0.06567,0.38690,51.30437,-33.42895,33.38412,11.04186,4.46107,2.03590,-48.10385,37.59438,-28.20189,-30.85331,12.23347,7.28818,-23.95220,-4.96711,22.04267,5.59923,88.000,88.000,88.000,139.000,35.000,35.000,88.000,88.000,88.000,139.000,35.000,35.000,25.000,25.000,25.000,25.000
0.3120,-0.01514,0.00979,0.67435,0.99776,0.02421,0.00861,-0.06173,0.03372,-0.00127,0.61980,0.67731,0.04703,0.00007,2,0.03544,1,0.08500,0.03000,0.8266,0.8284,0.010862,0.109219,101.9541,72.5990,152.2697,60.3350,53.2334,162.2406,-81.5228,-34.5392,151.6272,-64.6026,-53.8166,169.1702,-0.086634,0.031626,150.1199,-0.013551,-0.025535,162.2406,0.048733,0.031620,150.1199,0.085054,-0.021998,169.1702,-0.57215,-0.04645,0.01189,1.20102,-0.65030,0.02213,-0.66209,-0.03784,0.04108,1.26439,-0.60952,-0.00321,0.02800,0.51043,0.06674,0.38954,51.30437,-33.42895,33.38412,11.04186,4.46107,2.03590,-48.10385,37.59438,-28.20189,-30.85331,12.23347,7.28818,-23.95220,-4.96711,22.04267,5.59923,88.000,88.000,88.000,139.000,35.000,35.000,88.000,88.000,88.000,139.000,35.000,35.000,25.000,25.000,25.000,25.000
0.3130,-0.01520,0.00984,0.67377,0.99779,0.02432,0.00855,-0.06130,0.03371,-0.00129,0.61932,0.67727,0.04727,0.00007,2,0.03542,0,0.08500,0.03000,0.8276,0.8314,0.010947,0.108343,101.8520,72.2164,152.5175,61.4667,52.3225,162.5560,-84.7165,-30.1227,151.7249,-67.2054,-52.2094,170.5925,0.086611,-0.031620,150.1193,-0.013509,-0.026463,162.5560,0.011062,-0.031624,150.1194,0.085062,-0.023215,170.5925,-0.57392,-0.04723,0.01177,1.20393,-0.65147,0.02458,-0.66327,-0.03889,0.04021,1.26752,-0.60987,-0.00137,0.02658,0.51273,0.06791,0.39218,65.02387,-28.53328,30.21731,25.37780,22.04614,1.87683,-61.80572,33.06270,-22.63745,-44.32275,-0.01399,6.88536,-25.24670,-5.64278,25.24690,6.48846,88.000,88.000,88.000,139.000,35.000,35.000,88.000,88.000,88.000,139.000,35.000,35.000,25.000,25.000,25.000,25.000
0.3140,-0.01527,0.00989,0.67319,0.99781,0.02443,0.00850,-0.06085,0.03370,-0.00130,0.61883,0.67722,0.04751,0.00007,2,0.03536,1,0.08500,0.03000,0.8411,1.1667,0.081577,0.098431,101.4101,71.6345,152.5925,84.3865,56.4141,201.1437,-73.3161,-42.9763,151.5600,-83.7612,0.0000,119.6588,-0.085000,0.030000,150.0000,0.057674,-0.026042,201.1437,0.067286,0.030000,150.0000,0.085068,-0.029956,119.6588,-0.57574,-0.04796,0.01178,1.20702,-0.65261,0.02676,-0.66443,-0.03999,0.03922,1.27050,-0.61086,0.00054,0.02509,0.51491,0.06917,0.39484,65.02387,-28.53328,30.21731,25.37780,22.04614,1.87683,-61.80572,33.06270,-22.63745,-44.32275,-0.01399,6.88536,-25.24670,-5.64278,25.24690,6.48846,88.000,88.000,88.000,139.000,35.000,35.000,88.000,88.000,88.000,139.000,35.000,35.000,25.000,25.000,25.000,25.000
0.3150,-0.01534,0.00994,0.67260,0.99784,0.02454,0.00844,-0.06037,0.03368,-0.00132,0.61834,0.67718,0.04774,0.00007,2,0.03528,1,0.08500,0.03000,0.8449,1.1667,0.081369,0.098658,101.3467,71.3797,152.7540,85.9696,54.8035,201.1045,-72.8046,-44.4216,151.4990,-85.4038,0.0000,122.0054,-0.041646,0.030000,150.0000,0.057329,-0.025872,201.1045,0.085000,0.030000,150.0000,0.085069,-0.029967,122.0054,-0.57761,-0.04864,0.01190,1.21029,-0.65372,0.02871,-0.66558,-0.04112,0.03814,1.27335,-0.61245,0.00251,0.02351,0.51697,0.07052,0.39750,65.02387,-28.53328,30.21731,25.37780,22.04614,1.87683,-61.80572,33.06270,-22.63745,-44.32275,-0.01399,6.88536,-25.24670,-5.64278,25.24690,6.48846,88.000,88.000,88.000,139.000,35.000,35.000,88.000,88.000,88.000,139.000,35.000,35.000,25.000,25.000,25.000,25.000
0.3160,-0.01541,0.00999,0.67201,0.99787,0.02464,0.00839,-0.05986,0.03367,-0.00133,0.61786,0.67713,0.04797,0.00007,2,0.03518,1,0.08500,0.03000,0.8487,1.1667,0.081285,0.098847,101.3002,71.1827,152.8767,87.2923,53.3043,200.8523,-71.1580,-45.7693,151.3574,-86.8954,0.0000,124.1363,-0.085000,-0.030000,150.0000,0.057140,-0.025699,200.8523,-0.085000,-0.030000,150.0000,0.085068,-0.029977,124.1363,-0.57953,-0.04928,0.01215,1.21372,-0.65482,0.03044,-0.66670,-0.04229,0.03695,1.27608,-0.61462,0.00453,0.02185,0.51893,0.07196,0.40018,65.02387,-28.53328,30.21731,25.37780,22.04614,1.87683,-61.80572,33.06270,-22.63745,-44.32275,-0.01399,6.88536,-25.24670,-5.64278,25.24690,6.48846,88.000,88.000,88.000,139.000,35.000,35.000,88.000,88.000,88.000,139.000,35.000,35.000,25.000,25.000,25.000,25.000
0.3170,-0.01547,0.01004,0.67142,0.99790,0.02474,0.00834,-0.05932,0.03366,-0.00134,0.61737,0.67709,0.04820,0.00007,2,0.03506,1,0.08500,0.03000,0.8467,1.1667,0.082804,0.094885,101.2697,71.0401,152.9632,85.0818,53.1251,197.4384,-68.4150,-47.0397,151.1440,-88.2417,0.0000,126.0595,-0.085000,0.030000,150.0000,0.059162,-0.029380,197.4384,0.044116,0.030000,150.0000,0.085065,-0.029987,126.0595,-0.58149,-0.04988,0.01253,1.21731,-0.65588,0.03191,-0.66782,-0.04350,0.03566,1.27869,-0.61734,0.00659,0.02011,0.52079,0.07349,0.40287,65.02387,-28.53328,30.21731,25.37780,22.04614,1.87683,-61.80572,33.06270,-22.63745,-44.32275,-0.01399,6.88536,-25.24670,-5.64278,25.24690,6.48846,88.000,88.000,88.000,139.000,35.000,35.000,88.000,88.000,88.000,139.000,35.000,35.000,25.000,25.000,25.000,25.000
0.3180,-0.01554,0.01010,0.67083,0.99793,0.02484,0.00830,-0.05870,0.03365,-0.00135,0.61688,0.67704,0.04842,0.00007,2,0.03488,0,0.08500,0.03000,0.8498,1.1667,0.082888,0.094819,101.2560,70.9587,153.0109,85.9625,51.8593,196.8882,-81.5645,-30.3828,151.1285,-89.4486,0.0000,127.7837,0.058640,-0.030003,150.0002,0.059229,-0.029386,196.8882,-0.085003,-0.030003,150.0002,0.085059,-0.029997,127.7837,-0.58351,-0.05055,0.01287,1.22098,-0.65692,0.03315,-0.66887,-0.04483,0.03424,1.28097,-0.62122,0.00883,0.01834,0.52254,0.07500,0.40569,63.53296,-22.29250,23.50099,16.69794,18.08714,1.58175,-70.71357,26.29899,-17.37082,-52.42187,-14.33181,6.55720,-25.00042,-4.70255,25.00042,7.85049,88.000,88.000,88.000,139.000,35.000,35.000,88.000,88.000,88.000,139.000,35.000,35.000,25.000,25.000,25.000,25.000
0.3190,-0.01560,0.01017,0.67024,0.99797,0.02493,0.00826,-0.05799,0.03364,-0.00136,0.61639,0.67700,0.04863,0.00007,2,0.03464,0,0.08500,0.03000,0.8370,1.1667,0.068552,0.097243,101.2537,70.9262,153.0288,77.2894,54.6444,188.4768,-78.8415,-31.9090,150.7733,-49.9137,0.0000,71.3053,0.011017,-0.030007,150.0005,0.044687,-0.028963,188.4768,-0.085007,-0.030007,150.0005,0.085048,-0.030008,71.3053,-0.58557,-0.05136,0.01311,1.22470,-0.65796,0.03421,-0.66987,-0.04632,0.03267,1.28295,-0.62616,0.01125,0.01656,0.52417,0.07646,0.40869,56.65897,-21.99209,22.41525,9.01394,11.03321,1.57048,-66.70515,24.75998,-17.08305,-48.81810,-14.09412,6.60859,-25.00109,-4.54814,25.00109,8.55962,88.000,88.000,88.000,139.000,35.000,35.000,88.000,88.000,88.000,139.000,35.000,35.000,25.000,25.000,25.000,25.000
0.3200,-0.01567,0.01024,0.66964,0.99802,0.02503,0.00822,-0.05717,0.03363,-0.00136,0.61590,0.67695,0.04884,0.00007,2,0.03443,1,0.08500,0.03000,0.8293,0.7824,0.041766,0.101776,101.2554,70.9255,153.0281,65.9449,53.7087,170.9337,-77.1652,-40.4597,150.2965,-79.1577,-37.2613,186.3574,-0.085007,0.030007,150.0005,0.017541,-0.028169,170.9337,0.062694,0.030007,150.0005,-0.075692,-0.025296,186.3574,-0.58767,-0.05233,0.01322,1.22847,-0.65900,0.03511,-0.67086,-0.04791,0.03109,1.28510,-0.63093,0.01351,0.01476,0.52571,0.07789,0.41185,56.65897,-21.99209,22.41525,9.01394,11.03321,1.57048,-66.70515,24.75998,-17.08305,-48.81810,-14.09412,6.60859,-25.00109,-4.54814,25.00109,8.55962,88.000,88.000,88.000,139.000,35.000,35.000,88.000,88.000,88.000,139.000,35.000,35.000,25.000,25.000,25.000,25.000
0.3210,-0.01573,0.01032,0.66905,0.99807,0.02512,0.00819,-0.05627,0.03362,-0.00137,0.61541,0.67691,0.04904,0.00007,2,0.03425,0,0.08500,0.03000,0.8307,0.8160,0.041178,0.101749,101.2613,70.9561,153.0099,67.1439,52.9227,171.5238,-73.9008,-46.8172,149.8478,-82.4542,-35.4204,183.2945,0.001111,-0.030007,150.0005,0.016991,-0.028155,171.5238,-0.085007,-0.030007,150.0005,-0.075124,-0.024217,183.2945,-0.58980,-0.05341,0.01324,1.23227,-0.66006,0.03587,-0.67187,-0.04956,0.02956,1.28739,-0.63555,0.01564,0.01289,0.52714,0.07939,0.41507,50.24806,-22.89126,22.42754,5.73332,9.42073,1.47061,-57.33921,26.18894,-21.22405,-43.99932,-13.39334,6.97180,-25.00110,-5.84000,25.00111,8.17280,88.000,88.000,88.000,139.000,35.000,35.000,88.000,88.000,88.000,139.000,35.000,35.000,25.000,25.000,25.000,25.000
0.3220,-0.01579,0.01040,0.66845,0.99812,0.02520,0.00816,-0.05530,0.03361,-0.00137,0.61492,0.67686,0.04924,0.00007,2,0.03410,0,0.08500,0.03000,0.8280,0.8240,0.035822,0.102526,-54.0710,92.8370,153.3911,63.4248,53.3797,166.8636,81.6315,-70.3759,149.4160,-74.0500,-45.1573,175.4282,-0.012200,-0.030003,150.0002,0.011622,-0.028000,166.8636,-0.085003,-0.030003,150.0002,-0.076212,-0.025302,175.4282,-0.59197,-0.05463,0.01309,1.23605,-0.66111,0.03651,-0.67287,-0.05125,0.02805,1.28985,-0.64006,0.01768,0.01090,0.52858,0.08097,0.41843,-41.93678,-24.61942,22.32179,-42.11612,-0.76150,1.35518,31.57534,21.78129,-22.52065,1.84002,-5.05009,6.94342,-10.85182,-1.63657,13.44843,9.10985,88.000,88.000,88.000,139.000,35.000,35.000,88.000,88.000,88.000,139.000,35.000,35.000,25.000,25.000,25.000,25.000
0.3230,-0.01585,0.01047,0.66785,0.99817,0.02529,0.00813,-0.05425,0.03360,-0.00138,0.61443,0.67682,0.04944,0.00007,2,0.03397,0,0.08500,0.03000,0.8689,0.8258,0.009035,0.106939,-56.9323,93.1612,153.4404,-41.1143,81.7288,175.4902,81.2007,-69.9154,149.5730,62.3779,-56.8828,170.3723,-0.018840,-0.030003,150.0002,-0.015489,-0.027207,175.4902,-0.085003,-0.030003,150.0002,-0.068519,-0.025368,170.3723,-0.59419,-0.05599,0.01276,1.23980,-0.66215,0.03703,-0.67386,-0.05299,0.02656,1.29245,-0.64448,0.01964,0.00881,0.53008,0.08262,0.42199,-43.26663,-25.02529,22.54936,-43.58433,-1.82619,1.31638,30.89327,21.12845,-22.66587,0.79229,-5.04209,6.87886,-9.40374,0.09174,13.73347,10.77210,88.000,88.000,88.000,139.000,35.000,35.000,88.000,88.000,88.000,139.000,35.000,35.000,25.000,25.000,25.000,25.000
0.3240,-0.01591,0.01054,0.66725,0.99823,0.02537,0.00811,-0.05313,0.03359,-0.00138,0.61394,0.67677,0.04963,0.00007,2,0.03387,0,0.08500,0.03000,0.8639,0.8268,0.003147,0.107786,-59.8224,93.5054,153.4797,-42.6571,81.1384,176.8507,80.7681,-69.8116,149.7110,63.7380,-55.7600,170.7114,-0.010819,-0.030003,150.0002,-0.021422,-0.027035,176.8507,-0.085003,-0.030003,150.0002,-0.068863,-0.025336,170.7114,-0.59645,-0.05750,0.01227,1.24352,-0.66317,0.03743,-0.67484,-0.05478,0.02508,1.29519,-0.64881,0.02152,0.00661,0.53165,0.08432,0.42576,-42.42818,-25.18390,22.74243,-42.87823,-0.70147,1.28794,30.26099,20.80081,-22.97629,-0.19456,-5.04579,6.83698,-9.59664,0.10752,13.65747,10.89754,88.000,88.000,88.000,139.000,35.000,35.000,88.000,88.000,88.000,139.000,35.000,35.000,25.000,25.000,25.000,25.000
0.3250,-0.01597,0.01062,0.66665,0.99829,0.02545,0.00808,-0.05194,0.03359,-0.00138,0.61345,0.67672,0.04982,0.00007,2,0.03378,0,0.08500,0.03000,0.8617,0.8278,0.009115,0.106641,-62.7277,93.8675,153.5089,-43.6245,81.3081,178.4751,80.3352,-70.0264,149.8296,64.8579,-54.8640,171.0313,0.006654,-0.030003,150.0002,-0.015351,-0.027214,178.4751,-0.085003,-0.030003,150.0002,-0.069143,-0.025360,171.0313,-0.59877,-0.05913,0.01163,1.24721,-0.66416,0.03773,-0.67582,-0.05664,0.02360,1.29804,-0.65305,0.02333,0.00430,0.53324,0.08610,0.42967,-40.17979,-25.17147,22.90399,-40.77126,1.83353,1.26867,29.68315,20.74287,-23.42281,-1.12117,-5.05859,6.81541,-10.90437,-1.08136,13.36751,9.95315,88.000,88.000,88.000,139.000,35.000,35.000,88.000,88.000,88.000,139.000,35.000,35.000,25.000,25.000,25.000,25.000
0.3260,-0.01603,0.01069,0.66605,0.99836,0.02553,0.00806,-0.05067,0.03358,-0.00138,0.61296,0.67668,0.05000,0.00007,2,0.03372,1,0.08500,0.03000,0.8612,0.8288,0.022438,0.104282,-65.6298,94.2447,153.5281,-44.2173,82.0222,180.3423,79.9050,-70.5130,149.9289,65.7689,-54.1771,171.3514,0.085003,-0.030003,150.0002,-0.001842,-0.027611,180.3423,0.080582,-0.030003,150.0002,-0.069364,-0.025420,171.3514,-0.60113,-0.06089,0.01085,1.25088,-0.66513,0.03792,-0.67678,-0.05855,0.02210,1.30101,-0.65722,0.02509,0.00188,0.53486,0.08795,0.43374,-40.17979,-25.17147,22.90399,-40.77126,1.83353,1.26867,29.68315,20.74287,-23.42281,-1.12117,-5.05859,6.81541,-10.90437,-1.08136,13.36751,9.95315,88.000,88.000,88.000,139.000,35.000,35.000,88.000,88.000,88.000,139.000,35.000,35.000,25.000,25.000,25.000,25.000
0.3270,-0.01609,0.01076,0.66545,0.99842,0.02560,0.00804,-0.04933,0.03357,-0.00139,0.61247,0.67663,0.05019,0.00007,2,0.03368,0,0.08500,0.03000,0.8583,0.8311,0.022483,0.104160,-68.4977,94.6315,153.5372,-44.9723,81.2145,180.2669,79.4772,-71.2524,150.0088,66.6377,-52.1569,169.7066,0.024696,-0.030003,150.0002,-0.001804,-0.027613,180.2669,-0.085003,-0.030003,150.0002,-0.069479,-0.025534,169.7066,-0.60354,-0.06277,0.00994,1.25453,-0.66607,0.03800,-0.67774,-0.06053,0.02059,1.30408,-0.66132,0.02678,-0.00065,0.53647,0.08988,0.43793,-38.19344,-25.46777,23.19766,-39.11993,4.36886,1.23134,28.95624,20.54666,-24.37675,-2.75485,-5.06489,6.79853,-11.73574,-1.85995,12.71746,9.25254,88.000,88.000,88.000,139.000,35.000,35.000,88.000,88.000,88.000,139.000,35.000,35.000,25.000,25.000,25.000,25.000
0.3280,-0.01615,0.01083,0.66485,0.99849,0.02568,0.00803,-0.04791,0.03356,-0.00139,0.61198,0.67659,0.05037,0.00007,2,0.03366,1,0.08500,0.03000,0.8582,0.8301,0.035140,0.101948,-71.3234,95.0272,153.5361,-45.8790,82.7702,183.7846,79.0669,-72.1135,150.0720,67.0163,-53.5034,172.1711,0.085003,-0.030003,150.0002,0.011001,-0.027988,183.7846,0.085003,-0.030003,150.0002,-0.069551,-0.025537,172.1711,-0.60600,-0.06477,0.00891,1.25816,-0.66698,0.03799,-0.67868,-0.06258,0.01905,1.30724,-0.66535,0.02842,-0.00330,0.53809,0.09188,0.44224,-38.19344,-25.46777,23.19766,-39.11993,4.36886,1.23134,28.95624,20.54666,-24.37675,-2.75485,-5.06489,6.79853,-11.73574,-1.85995,12.71746,9.25254,88.000,88.000,88.000,139.000,35.000,35.000,88.000,88.000,88.000,139.000,35.000,35.000,25.000,25.000,25.000,25.000
0.3290,-0.01621,0.01089,0.66424,0.99856,0.02575,0.00801,-0.04643,0.03356,-0.00139,0.61149,0.67654,0.05054,0.00007,2,0.03365,0,0.08500,0.03000,0.8559,0.8450,0.035138,0.101850,-74.3860,95.7855,153.6575,-46.5428,82.0764,183.7417,78.9331,-73.5412,150.2345,68.2570,-43.4749,159.6170,0.042268,-0.031628,150.1197,0.010964,-0.027987,183.7417,-0.086630,-0.031621,150.1196,-0.085061,-0.025083,159.6170,-0.60850,-0.06688,0.00776,1.26178,-0.66785,0.03789,-0.67960,-0.06469,0.01747,1.31049,-0.66916,0.03008,-0.00604,0.53967,0.09396,0.44663,-36.42563,-25.97930,23.24303,-37.64883,6.83046,1.43983,28.52502,20.60504,-25.89729,-4.30797,-5.28733,7.06942,-11.89691,-2.58270,11.20382,8.11274,88.000,88.000,88.000,139.000,35.000,35.000,88.000,88.000,88.000,139.000,35.000,35.000,25.000,25.000,25.000,25.000
0.3300,-0.01627,0.01096,0.66363,0.99863,0.02582,0.00800,-0.04487,0.03355,-0.00138,0.61100,0.67649,0.05071,0.00007,2,0.03365,0,0.08500,0.03000,0.8537,0.8400,0.047151,0.099774,-76.7378,95.8242,153.5054,-48.2137,83.1706,187.6918,78.2600,-74.6003,150.1230,68.6058,-46.5011,164.4385,0.037322,-0.030003,150.0002,0.023089,-0.028341,187.6918,-0.085003,-0.030003,150.0002,-0.085066,-0.025087,164.4385,-0.61105,-0.06911,0.00650,1.26538,-0.66869,0.03770,-0.68050,-0.06688,0.01585,1.31379,-0.67278,0.03173,-0.00890,0.54124,0.09611,0.45112,-37.00548,-26.19313,23.51510,-38.74958,6.02455,1.19354,28.21435,20.28198,-25.89168,-4.80882,-5.07034,6.84204,-12.05237,-2.17621,11.73606,8.86471,88.000,88.000,88.000,139.000,35.000,35.000,88.000,88.000,88.000,139.000,35.000,35.000,25.000,25.000,25.000,25.000
0.3310,-0.01633,0.01102,0.66303,0.99870,0.02588,0.00799,-0.04322,0.03355,-0.00138,0.61052,0.67645,0.05088,0.00007,2,0.03367,1,0.08500,0.03000,0.8964,0.8432,0.108349,0.089626,-77.1152,95.9280,153.4644,-63.4380,25.5909,127.1842,77.8758,-76.2751,150.0930,69.0103,-44.9281,162.7691,0.011993,-0.030003,150.0002,0.085023,-0.030155,127.1842,-0.085003,-0.030003,150.0002,-0.085069,-0.025091,162.7691,-0.61361,-0.07140,0.00529,1.26879,-0.66982,0.03740,-0.68138,-0.06915,0.01416,1.31717,-0.67620,0.03339,-0.01186,0.54280,0.09834,0.45572,-37.00548,-26.19313,23.51510,-38.74958,6.02455,1.19354,28.21435,20.28198,-25.89168,-4.80882,-5.07034,6.84204,-12.05237,-2.17621,11.73606,8.86471,88.000,88.000,88.000,139.000,35.000,35.000,88.000,88.000,88.000,139.000,35.000,35.000,25.000,25.000,25.000,25.000
0.3320,-0.01639,0.01108,0.66242,0.99877,0.02594,0.00798,-0.04150,0.03354,-0.00138,0.61003,0.67640,0.05104,0.00007,2,0.03370,1,0.08500,0.03000,0.8952,0.8457,0.108464,0.089522,-65.0730,91.4913,153.2035,-64.0907,26.0890,128.8281,74.1177,-104.4857,149.2960,69.2796,-43.7606,161.4860,0.085000,-0.030000,150.0000,0.085022,-0.030153,128.8281,0.080333,-0.030000,150.0000,-0.085072,-0.025096,161.4860,-0.61618,-0.07377,0.00414,1.27201,-0.67124,0.03699,-0.68224,-0.07150,0.01242,1.32060,-0.67947,0.03506,-0.01494,0.54434,0.10064,0.46041,-37.00548,-26.19313,23.51510,-38.74958,6.02455,1.19354,28.21435,20.28198,-25.89168,-4.80882,-5.07034,6.84204,-12.05237,-2.17621,11.73606,8.86471,88.000,88.000,88.000,139.000,35.000,35.000,88.000,88.000,88.000,139.000,35.000,35.000,25.000,25.000,25.000,25.000
0.3330,-0.01645,0.01114,0.66181,0.99884,0.02600,0.00798,-0.03970,0.03354,-0.00138,0.60954,0.67635,0.05119,0.00007,2,0.03374,1,0.08500,0.03000,0.8930,0.8481,0.108629,0.089377,-67.1144,89.5145,152.9857,-64.4030,26.6649,130.0970,74.0295,-104.6679,149.2121,69.4203,-42.6681,160.1264,0.085000,-0.030000,150.0000,0.085019,-0.030151,130.0970,0.085000,-0.030000,150.0000,-0.085074,-0.025101,160.1264,-0.61876,-0.07621,0.00304,1.27507,-0.67294,0.03649,-0.68306,-0.07394,0.01060,1.32409,-0.68258,0.03675,-0.01812,0.54588,0.10301,0.46521,-37.00548,-26.19313,23.51510,-38.74958,6.02455,1.19354,28.21435,20.28198,-25.89168,-4.80882,-5.07034,6.84204,-12.05237,-2.17621,11.73606,8.86471,88.000,88.000,88.000,139.000,35.000,35.000,88.000,88.000,88.000,139.000,35.000,35.000,25.000,25.000,25.000,25.000
0.3340,-0.01651,0.01120,0.66120,0.99891,0.02605,0.00798,-0.03782,0.03353,-0.00138,0.60905,0.67630,0.05134,0.00007,2,0.03379,1,0.08500,0.03000,0.8894,0.8504,0.108843,0.089192,-68.5613,87.0634,152.7041,-64.2597,27.3550,130.8780,73.9812,-104.8516,149.1071,69.4507,-41.6430,158.7053,-0.085000,-0.030000,150.0000,0.085013,-0.030148,130.8780,-0.085000,-0.030000,150.0000,-0.085076,-0.025106,158.7053,-0.62135,-0.07872,0.00200,1.27794,-0.67491,0.03590,-0.68386,-0.07646,0.00872,1.32763,-0.68556,0.03845,-0.02141,0.54740,0.10546,0.47010,-37.00548,-26.19313,23.51510,-38.74958,6.02455,1.19354,28.21435,20.28198,-25.89168,-4.80882,-5.07034,6.84204,-12.05237,-2.17621,11.73606,8.86471,88.000,88.000,88.000,139.000,35.000,35.000,88.000,88.000,88.000,139.000,35.000,35.000,25.000,25.000,25.000,25.000
0.3350,-0.01658,0.01125,0.66059,0.99898,0.02610,0.00798,-0.03587,0.03353,-0.00138,0.60856,0.67626,0.05148,0.00007,2,0.03385,1,0.08500,0.03000,0.8832,0.8504,0.032214,0.101326,-90.7241,-83.3835,147.3201,-45.8734,102.6858,212.2274,95.7579,66.3920,154.5794,68.6850,-41.1896,156.9637,0.085000,-0.030000,150.0000,0.007160,-0.027857,212.2274,0.085000,-0.030000,150.0000,-0.085077,-0.025111,156.9637,-0.62400,-0.08135,0.00081,1.28088,-0.67669,0.03525,-0.68464,-0.07905,0.00679,1.33123,-0.68842,0.04019,-0.02480,0.54891,0.10798,0.47508,-37.00548,-26.19313,23.51510,-38.74958,6.02455,1.19354,28.21435,20.28198,-25.89168,-4.80882,-5.07034,6.84204,-12.05237,-2.17621,11.73606,8.86471,88.000,88.000,88.000,139.000,35.000,35.000,88.000,88.000,88.000,139.000,35.000,35.000,25.000,25.000,25.000,25.000
0.3360,-0.01664,0.01131,0.65998,0.99905,0.02615,0.00799,-0.03386,0.03353,-0.00137,0.60807,0.67621,0.05161,0.00007,2,0.03392,1,0.08500,0.03000,0.8802,0.8519,0.032483,0.101032,-91.3727,-83.1759,147.3262,-46.0799,100.6700,209.6426,95.0125,61.0593,154.5398,68.4301,-40.3808,155.4442,-0.085000,-0.030000,150.0000,0.007180,-0.027852,209.6426,-0.085000,-0.030000,150.0000,-0.085078,-0.025117,155.4442,-0.62671,-0.08410,-0.00054,1.28387,-0.67828,0.03454,-0.68539,-0.08171,0.00479,1.33488,-0.69118,0.04195,-0.02829,0.55041,0.11058,0.48014,-37.00548,-26.19313,23.51510,-38.74958,6.02455,1.19354,28.21435,20.28198,-25.89168,-4.80882,-5.07034,6.84204,-12.05237,-2.17621,11.73606,8.86471,88.000,88.000,88.000,139.000,35.000,35.000,88.000,88.000,88.000,139.000,35.000,35.000,25.000,25.000,25.000,25.000
0.3370,-0.01670,0.01136,0.65937,0.99912,0.02620,0.00800,-0.03179,0.03352,-0.00137,0.60758,0.67616,0.05175,0.00007,2,0.03400,1,0.08500,0.03000,1.0945,0.8530,-0.058365,0.115208,-92.7500,-82.8671,147.3444,-4.9086,71.7476,109.5089,94.3437,56.0779,154.4815,68.0078,-39.7055,153.8761,-0.085000,-0.030000,150.0000,-0.085010,-0.025133,109.5089,-0.085000,-0.030000,150.0000,-0.085078,-0.025124,153.8761,-0.62946,-0.08699,-0.00201,1.28672,-0.67879,0.03398,-0.68611,-0.08443,0.00275,1.33859,-0.69383,0.04374,-0.03189,0.55189,0.11325,0.48529,-37.00548,-26.19313,23.51510,-38.74958,6.02455,1.19354,28.21435,20.28198,-25.89168,-4.80882,-5.07034,6.84204,-12.05237,-2.17621,11.73606,8.86471,88.000,88.000,88.000,139.000,35.000,35.000,88.000,88.000,88.000,139.000,35.000,35.000,25.000,25.000,25.000,25.000
0.3380,-0.01676,0.01141,0.65875,0.99918,0.02624,0.00800,-0.02965,0.03352,-0.00136,0.60708,0.67611,0.05188,0.00007,2,0.03409,1,0.08500,0.03000,1.0783,0.8541,-0.058142,0.114867,-100.0598,-70.0432,147.6992,-6.1371,71.4357,110.8183,96.4269,72.8743,155.2142,67.5973,-39.0222,152.3136,-0.034654,-0.030003,150.0002,-0.085013,-0.025126,110.8183,-0.085003,-0.030003,150.0002,-0.085077,-0.025130,152.3136,-0.63225,-0.09000,-0.00361,1.28945,-0.67829,0.03356,-0.68681,-0.08721,0.00066,1.34235,-0.69641,0.04556,-0.03558,0.55336,0.11599,0.49052,-37.00548,-26.19313,23.51510,-38.74958,6.02455,1.19354,28.21435,20.28198,-25.89168,-4.80882,-5.07034,6.84204,-12.05237,-2.17621,11.73606,8.86471,88.000,88.000,88.000,139.000,35.000,35.000,88.000,88.000,88.000,139.000,35.000,35.000,25.000,25.000,25.000,25.000
0.3390,-0.01682,0.01146,0.65813,0.99924,0.02630,0.00802,-0.02770,0.03352,-0.00136,0.60659,0.67607,0.05200,0.00007,2,0.03414,1,0.08500,0.03000,1.0635,0.8550,-0.057919,0.114544,-100.6594,-75.6848,147.6774,-7.3127,71.1164,112.0416,96.3965,72.6812,155.3249,67.1394,-38.3806,150.7428,-0.045561,-0.030007,150.0005,-0.085011,-0.025121,112.0416,-0.085007,-0.030007,150.0005,-0.085077,-0.025138,150.7428,-0.63496,-0.09273,-0.00497,1.29211,-0.67737,0.03316,-0.68764,-0.08965,-0.00112,1.34593,-0.69793,0.04699,-0.03902,0.55411,0.11892,0.49481,2.81403,7.17518,3.35028,-11.82864,3.39328,0.35427,-1.23350,6.82790,4.18582,-14.70277,9.81358,-4.32366,6.86548,-12.13165,-7.69067,-18.19701,88.000,88.000,88.000,139.000,35.000,35.000,88.000,88.000,88.000,139.000,35.000,35.000,25.000,25.000,25.000,25.000
0.3400,-0.01688,0.01151,0.65750,0.99928,0.02637,0.00805,-0.02591,0.03353,-0.00135,0.60609,0.67602,0.05215,0.00007,2,0.03415,1,0.08500,0.03000,0.5534,1.1157,0.031299,0.100367,-101.1949,-81.5109,147.6985,-9.7143,42.6414,131.7113,94.8565,59.3322,154.7984,38.7861,1.8153,58.0021,0.085000,-0.030000,150.0000,0.005050,-0.027765,131.7113,0.080233,-0.030000,150.0000,-0.085094,0.024815,58.0021,-0.63760,-0.09523,-0.00614,1.29483,-0.67664,0.03262,-0.68860,-0.09179,-0.00260,1.34937,-0.69863,0.04813,-0.04224,0.55425,0.12201,0.49825,2.65780,6.64635,2.90624,-11.75834,2.53671,0.30691,-0.94386,6.17156,3.56560,-14.41180,7.73463,-3.56467,6.40062,-10.70725,-8.09534,-16.82081,88.000,88.000,88.000,139.000,35.000,35.000,88.000,88.000,88.000,139.000,35.000,35.000,25.000,25.000,25.000,25.000
0.3410,-0.01694,0.01155,0.65686,0.99932,0.02646,0.00809,-0.02428,0.03353,-0.00134,0.60558,0.67597,0.05232,0.00007,2,0.03414,1,0.08500,0.03000,0.5112,0.9270,0.028171,0.100692,-97.7786,-81.8491,147.8708,-9.5503,36.8798,124.2114,95.9102,66.2632,155.0160,33.2552,2.3469,59.9373,-0.085000,-0.030000,150.0000,0.001697,-0.027660,124.2114,-0.085000,-0.030000,150.0000,-0.085086,0.021779,59.9373,-0.64017,-0.09752,-0.00714,1.29759,-0.67610,0.03197,-0.68967,-0.09365,-0.00382,1.35269,-0.69864,0.04902,-0.04528,0.55387,0.12521,0.50098,2.52890,6.20230,2.54764,-11.90116,2.91655,0.58493,-0.68274,5.59155,3.01323,-14.15068,6.08535,-2.99386,6.00854,-9.49507,-8.43214,-15.19199,88.000,88.000,88.000,139.000,35.000,35.000,88.000,88.000,88.000,139.000,35.000,35.000,25.000,25.000,25.000,25.000
0.3420,-0.01699,0.01160,0.65622,0.99935,0.02657,0.00813,-0.02279,0.03353,-0.00133,0.60508,0.67592,0.05253,0.00007,2,0.03414,1,0.08500,0.03000,0.4632,0.1441,0.032810,0.099834,-93.7855,-82.2415,148.0394,-10.3746,32.6749,123.3535,96.9184,72.3536,155.1500,1.5728,-13.9644,162.5332,0.085000,-0.030000,150.0000,0.006219,-0.027786,123.3535,0.085000,-0.030000,150.0000,0.009177,-0.005700,162.5332,-0.64267,-0.09961,-0.00798,1.30038,-0.67574,0.03122,-0.69087,-0.09531,-0.00482,1.35607,-0.69875,0.04951,-0.04817,0.55307,0.12850,0.50309,2.40187,5.80220,2.21930,-12.02928,3.28006,0.82521,-0.44810,5.06159,2.49785,-13.94897,4.72973,-2.50225,5.67505,-8.46177,-8.69974,-13.79085,88.000,88.000,88.000,139.000,35.000,35.000,88.000,88.000,88.000,139.000,35.000,35.000,25.000,25.000,25.000,25.000
0.3430,-0.01705,0.01165,0.65557,0.99938,0.02668,0.00818,-0.02145,0.03354,-0.00132,0.60456,0.67587,0.05276,0.00007,2,0.03414,1,0.08500,0.03000,0.3969,0.1663,0.035624,0.099283,-88.3099,-82.8002,148.2015,-9.8335,28.0607,124.8651,97.1598,72.3402,155.0060,-0.3308,-15.3103,153.4806,0.085000,-0.030000,150.0000,0.008911,-0.027859,124.8651,0.085000,-0.030000,150.0000,0.006062,-0.004689,153.4806,-0.64511,-0.10154,-0.00865,1.30319,-0.67554,0.03039,-0.69218,-0.09679,-0.00562,1.35950,-0.69897,0.04969,-0.05092,0.55189,0.13185,0.50467,2.27294,5.44509,1.90386,-12.12954,3.62878,1.02585,-0.17922,4.67751,2.08093,-14.12164,4.92615,-1.72667,5.39601,-7.58470,-8.89966,-12.58607,88.000,88.000,88.000,139.000,35.000,35.000,88.000,88.000,88.000,139.000,35.000,35.000,25.000,25.000,25.000,25.000
0.3440,-0.01711,0.01170,0.65492,0.99940,0.02682,0.00823,-0.02024,0.03354,-0.00131,0.60405,0.67583,0.05302,0.00007,2,0.03414,1,0.08500,0.03000,0.3391,0.2072,0.038001,0.098820,-82.8741,-83.3362,148.3566,-9.1230,24.0695,126.5098,97.3866,72.3738,154.8479,-4.3059,-18.3861,151.8624,0.085000,-0.030000,150.0000,0.011176,-0.027919,126.5098,0.085000,-0.030000,150.0000,0.010099,-0.005990,151.8624,-0.64748,-0.10330,-0.00918,1.30603,-0.67549,0.02949,-0.69359,-0.09809,-0.00622,1.36299,-0.69929,0.04962,-0.05356,0.55041,0.13523,0.50580,2.14930,5.11386,1.60512,-12.22081,3.95775,1.20733,0.06294,4.32453,1.68328,-14.27740,5.13580,-1.10095,5.15978,-6.83730,-9.04852,-11.55051,88.000,88.000,88.000,139.000,35.000,35.000,88.000,88.000,88.000,139.000,35.000,35.000,25.000,25.000,25.000,25.000
0.3450,-0.01716,0.01175,0.65426,0.99942,0.02696,0.00829,-0.01916,0.03354,-0.00130,0.60354,0.67578,0.05330,0.00007,2,0.03416,1,0.08500,0.03000,0.2892,0.2434,0.040092,0.098418,-77.5337,-83.8441,148.5056,-8.3915,20.5905,128.1467,97.5977,72.4468,154.6808,-7.4806,-20.6747,150.5389,0.085000,-0.030000,150.0000,0.013166,-0.027971,128.1467,0.054521,-0.030000,150.0000,0.013579,-0.007111,150.5389,-0.64979,-0.10490,-0.00957,1.30888,-0.67559,0.02851,-0.69510,-0.09925,-0.00664,1.36651,-0.69972,0.04934,-0.05609,0.54867,0.13863,0.50654,2.03122,4.80538,1.32035,-12.30484,4.26768,1.37189,0.28297,4.00228,1.30603,-14.41988,5.35238,-0.59172,4.96004,-6.20030,-9.15427,-10.65953,88.000,88.000,88.000,139.000,35.000,35.000,88.000,88.000,88.000,139.000,35.000,35.000,25.000,25.000,25.000,25.000
0.3460,-0.01722,0.01181,0.65360,0.99943,0.02712,0.00834,-0.01820,0.03354,-0.00129,0.60302,0.67573,0.05361,0.00007,2,0.03417,1,0.08500,0.03000,0.2460,0.2720,0.041994,0.098059,-72.2939,-84.3247,148.6491,-7.6555,17.5468,129.6780,97.7928,72.5518,154.5082,-10.1944,-22.1209,149.2436,0.085000,-0.030000,150.0000,0.014976,-0.028017,129.6780,0.085000,-0.030000,150.0000,0.016714,-0.008119,149.2436,-0.65204,-0.10637,-0.00983,1.31175,-0.67583,0.02748,-0.69669,-0.10026,-0.00690,1.37008,-0.70024,0.04889,-0.05855,0.54671,0.14204,0.50695,1.91873,4.51739,1.04858,-12.38242,4.55949,1.52103,0.48334,3.70772,0.94964,-14.55010,5.56762,-0.17708,4.79126,-5.65720,-9.22383,-9.89211,88.000,88.000,88.000,139.000,35.000,35.000,88.000,88.000,88.000,139.000,35.000,35.000,25.000,25.000,25.000,25.000
0.3470,-0.01727,0.01186,0.65294,0.99944,0.02730,0.00840,-0.01735,0.03355,-0.00128,0.60251,0.67568,0.05395,0.00007,2,0.03419,1,0.08500,0.03000,0.2089,0.2955,0.043736,0.097737,-67.1412,-84.7812,148.7879,-6.9399,14.8968,131.0975,97.9722,72.6826,154.3330,-12.4212,-23.1407,148.1440,0.085000,-0.030000,150.0000,0.016637,-0.028060,131.0975,-0.010248,-0.030000,150.0000,0.019448,-0.008998,148.1440,-0.65423,-0.10770,-0.00996,1.31464,-0.67619,0.02639,-0.69836,-0.10114,-0.00699,1.37367,-0.70086,0.04831,-0.06093,0.54456,0.14543,0.50708,1.81182,4.24782,0.78904,-12.45428,4.83413,1.65613,0.66582,3.43765,0.61422,-14.66868,5.77538,0.16019,4.64869,-5.19392,-9.26317,-9.23021,88.000,88.000,88.000,139.000,35.000,35.000,88.000,88.000,88.000,139.000,35.000,35.000,25.000,25.000,25.000,25.000
0.3480,-0.01733,0.01192,0.65227,0.99945,0.02748,0.00846,-0.01660,0.03355,-0.00127,0.60199,0.67563,0.05431,0.00007,2,0.03421,1,0.08500,0.03000,0.0305,0.3151,0.042862,0.113819,-63.8464,-85.0010,148.9282,-2.6391,0.1895,144.7544,98.1367,72.8338,154.1571,-14.1598,-23.9857,147.3163,0.085000,-0.030000,150.0000,0.013745,-0.012141,144.7544,0.085000,-0.030000,150.0000,0.021746,-0.009735,147.3163,-0.65638,-0.10891,-0.00997,1.31755,-0.67669,0.02539,-0.70010,-0.10190,-0.00694,1.37729,-0.70157,0.04763,-0.06324,0.54227,0.14880,0.50696,1.71037,3.99494,0.54095,-12.52104,5.09256,1.77842,0.83228,3.18993,0.29952,-14.77670,5.97182,0.43488,4.52828,-4.79850,-9.27736,-8.65840,88.000,88.000,88.000,139.000,35.000,35.000,88.000,88.000,88.000,139.000,35.000,35.000,25.000,25.000,25.000,25.000
0.3490,-0.01739,0.01198,0.65160,0.99945,0.02768,0.00853,-0.01596,0.03355,-0.00126,0.60147,0.67558,0.05469,0.00007,2,0.03423,1,0.08500,0.03000,0.0295,0.3822,0.044642,0.113219,-63.8467,-84.8339,149.0658,-2.4169,-0.8598,145.0266,98.2873,73.0012,153.9819,-25.0341,-14.5773,126.3308,0.085000,-0.030000,150.0000,0.015506,-0.012474,145.0266,0.085000,-0.030000,150.0000,0.035698,-0.028722,126.3308,-0.65848,-0.11002,-0.00986,1.32049,-0.67731,0.02448,-0.70188,-0.10256,-0.00677,1.38090,-0.70234,0.04670,-0.06549,0.53984,0.15214,0.50663,1.63029,3.77677,0.29483,-12.61817,5.36842,1.61532,0.98378,2.96762,0.00732,-14.87537,6.15520,0.65899,4.42517,-4.45967,-9.26781,-8.16461,88.000,88.000,88.000,139.000,35.000,35.000,88.000,88.000,88.000,139.000,35.000,35.000,25.000,25.000,25.000,25.000
0.3500,-0.01744,0.01205,0.65093,0.99946,0.02788,0.00859,-0.01541,0.03355,-0.00125,0.60095,0.67553,0.05508,0.00007,2,0.03424,1,0.08500,0.03000,0.0373,0.3913,0.046628,0.114540,-62.9524,-84.7854,149.1890,-2.3507,-2.2592,145.6119,98.4287,73.2031,153.7956,-25.3836,-15.8826,127.5399,0.085000,-0.030000,150.0000,0.017251,-0.010884,145.6119,0.085000,-0.030000,150.0000,0.036446,-0.028739,127.5399,-0.66054,-0.11103,-0.00964,1.32344,-0.67805,0.02364,-0.70371,-0.10314,-0.00649,1.38451,-0.70317,0.04558,-0.06770,0.53730,0.15544,0.50612,1.55414,3.57658,0.06342,-12.70782,5.62566,1.46449,1.09208,2.77376,-0.23208,-14.91091,6.29736,1.16527,4.33256,-4.16643,-9.23548,-7.73848,88.000,88.000,88.000,139.000,35.000,35.000,88.000,88.000,88.000,139.000,35.000,35.000,25.000,25.000,25.000,25.000
0.3510,-0.01750,0.01211,0.65026,0.99946,0.02810,0.00865,-0.01494,0.03355,-0.00124,0.60042,0.67548,0.05550,0.00007,2,0.03425,1,0.08500,0.03000,0.0474,0.3952,0.048427,0.115806,-62.0611,-84.7463,149.3016,-2.2557,-3.4918,146.2188,98.5613,73.4311,153.6019,-25.1236,-17.7953,129.8413,0.085000,-0.030000,150.0000,0.018827,-0.009377,146.2188,0.033503,-0.030000,150.0000,0.036280,-0.028729,129.8413,-0.66256,-0.11194,-0.00932,1.32642,-0.67889,0.02287,-0.70557,-0.10363,-0.00611,1.38812,-0.70406,0.04431,-0.06985,0.53468,0.15869,0.50546,1.48295,3.38954,-0.15659,-12.79192,5.86526,1.32372,1.19209,2.60314,-0.45410,-14.95003,6.43475,1.56371,4.24923,-3.91232,-9.18395,-7.37013,88.000,88.000,88.000,139.000,35.000,35.000,88.000,88.000,88.000,139.000,35.000,35.000,25.000,25.000,25.000,25.000
0.3520,-0.01755,0.01218,0.64958,0.99945,0.02832,0.00871,-0.01456,0.03354,-0.00124,0.59990,0.67544,0.05594,0.00007,2,0.03426,1,0.08500,0.03000,0.0585,0.3772,0.050100,0.117017,-61.1554,-84.7179,149.4045,-2.1864,-4.6655,146.7969,98.6856,73.6784,153.4035,-23.7597,-18.4055,132.7858,0.085000,-0.030000,150.0000,0.020292,-0.007946,146.7969,0.085000,-0.030000,150.0000,0.035416,-0.028697,132.7858,-0.66454,-0.11277,-0.00890,1.32942,-0.67983,0.02218,-0.70747,-0.10405,-0.00564,1.39172,-0.70501,0.04292,-0.07195,0.53197,0.16188,0.50466,1.41644,3.21443,-0.36598,-12.87117,6.08871,1.19113,1.28403,2.45333,-0.65916,-14.99072,6.56579,1.87727,4.17379,-3.69190,-9.11666,-7.05069,88.000,88.000,88.000,139.000,35.000,35.000,88.000,88.000,88.000,139.000,35.000,35.000,25.000,25.000,25.000,25.000
0.3530,-0.01761,0.01225,0.64891,0.99945,0.02855,0.00877,-0.01426,0.03354,-0.00123,0.59937,0.67539,0.05640,0.00007,2,0.03427,1,0.08500,0.03000,0.0691,0.3507,0.051672,0.118142,-60.3379,-84.6865,149.4989,-2.1583,-5.7139,147.3074,98.8017,73.9399,153.2028,-21.8500,-18.4327,135.8432,-0.085000,-0.030000,150.0000,0.021674,-0.006618,147.3074,-0.085000,-0.030000,150.0000,0.034230,-0.028656,135.8432,-0.66649,-0.11351,-0.00839,1.33243,-0.68086,0.02154,-0.70940,-0.10440,-0.00508,1.39533,-0.70601,0.04146,-0.07401,0.52920,0.16501,0.50375,1.35458,3.04943,-0.56486,-12.94651,6.29756,1.06571,1.37119,2.31472,-0.85294,-15.03437,6.69173,2.12359,4.10493,-3.50043,-9.03668,-6.77294,88.000,88.000,88.000,139.000,35.000,35.000,88.000,88.000,88.000,139.000,35.000,35.000,25.000,25.000,25.000,25.000
0.3540,-0.01767,0.01232,0.64823,0.99945,0.02879,0.00882,-0.01402,0.03354,-0.00123,0.59884,0.67534,0.05686,0.00007,2,0.03428,1,0.08500,0.03000,0.0784,0.3267,0.053158,0.119165,-59.6099,-84.6479,149.5854,-2.1782,-6.5987,147.7314,98.9100,74.2117,153.0014,-20.0793,-18.2570,138.4475,-0.085000,-0.030000,150.0000,0.022989,-0.005405,147.7314,-0.085000,-0.030000,150.0000,0.033266,-0.028621,138.4475,-0.66841,-0.11418,-0.00779,1.33545,-0.68197,0.02097,-0.71137,-0.10468,-0.00444,1.39893,-0.70706,0.03992,-0.07603,0.52638,0.16807,0.50275,1.29704,2.89368,-0.75373,-13.01837,6.49293,0.94693,1.45407,2.18577,-1.03613,-15.08000,6.81063,2.31800,4.04161,-3.33394,-8.94649,-6.53051,88.000,88.000,88.000,139.000,35.000,35.000,88.000,88.000,88.000,139.000,35.000,35.000,25.000,25.000,25.000,25.000
0.3550,-0.01773,0.01240,0.64754,0.99944,0.02904,0.00888,-0.01386,0.03353,-0.00122,0.59831,0.67529,0.05735,0.00007,2,0.03428,1,0.08500,0.03000,0.0864,0.3054,0.054566,0.120096,-58.7989,-83.3223,149.6731,-2.2394,-7.3403,148.0789,99.0109,74.4907,152.8004,-18.5025,-17.9287,140.6226,-0.085000,-0.030000,150.0000,0.024242,-0.004296,148.0789,-0.085000,-0.030000,150.0000,0.032523,-0.028593,140.6226,-0.67029,-0.11477,-0.00711,1.33849,-0.68316,0.02045,-0.71336,-0.10491,-0.00372,1.40253,-0.70815,0.03834,-0.07802,0.52352,0.17107,0.50166,1.24347,2.74643,-0.93306,-13.08702,6.67581,0.83483,1.53263,2.06555,-1.20892,-15.12661,6.92219,2.47155,3.98298,-3.18904,-8.84823,-6.31799,88.000,88.000,88.000,139.000,35.000,35.000,88.000,88.000,88.000,139.000,35.000,35.000,25.000,25.000,25.000,25.000
0.3560,-0.01778,0.01247,0.64686,0.99944,0.02930,0.00894,-0.01375,0.03353,-0.00122,0.59778,0.67524,0.05785,0.00007,2,0.03428,1,0.08500,0.03000,0.0932,0.2861,0.055900,0.120942,-57.9720,-81.4150,149.7554,-2.3350,-7.9585,148.3601,99.1049,74.7746,152.6007,-17.0897,-17.4892,142.4480,0.085000,-0.030000,150.0000,0.025437,-0.003283,148.3601,0.073879,-0.030000,150.0000,0.031943,-0.028569,142.4480,-0.67215,-0.11529,-0.00636,1.34153,-0.68442,0.01998,-0.71539,-0.10508,-0.00293,1.40613,-0.70928,0.03672,-0.07996,0.52062,0.17400,0.50050,1.19354,2.60702,-1.10331,-13.15274,6.84708,0.72940,1.60688,1.95326,-1.37159,-15.17345,7.02632,2.59295,3.92828,-3.06281,-8.74366,-6.13082,88.000,88.000,88.000,139.000,35.000,35.000,88.000,88.000,88.000,139.000,35.000,35.000,25.000,25.000,25.000,25.000
0.3570,-0.01784,0.01255,0.64618,0.99943,0.02956,0.00899,-0.01371,0.03352,-0.00121,0.59725,0.67519,0.05836,0.00007,2,0.03429,1,0.08500,0.03000,0.0988,0.3274,0.057162,0.121710,-57.1826,-79.5021,149.8290,-2.4630,-8.4545,148.5802,99.1924,75.0614,152.4029,-12.6546,-27.6875,154.9836,0.085000,-0.030000,150.0000,0.026574,-0.002359,148.5802,0.085000,-0.030000,150.0000,0.026917,-0.015106,154.9836,-0.67398,-0.11574,-0.00554,1.34459,-0.68574,0.01957,-0.71744,-0.10520,-0.00207,1.40975,-0.71046,0.03520,-0.08187,0.51770,0.17686,0.49927,1.14695,2.47483,-1.26488,-13.21577,7.00758,0.63057,1.67690,1.84798,-1.52461,-15.22007,7.12330,2.68881,3.87687,-2.95274,-8.63431,-5.96515,88.000,88.000,88.000,139.000,35.000,35.000,88.000,88.000,88.000,139.000,35.000,35.000,25.000,25.000,25.000,25.000
0.3580,-0.01790,0.01262,0.64549,0.99942,0.02982,0.00905,-0.01372,0.03352,-0.00121,0.59672,0.67514,0.05888,0.00007,2,0.03430,1,0.08500,0.03000,0.1040,0.3083,0.058361,0.122409,-56.6378,-76.7433,149.8996,-2.6109,-8.9068,148.7581,99.2710,75.3320,152.2181,-11.8562,-26.1556,155.2583,0.085000,-0.030000,150.0000,0.027659,-0.001512,148.7581,0.048388,-0.030000,150.0000,0.027071,-0.015666,155.2583,-0.67577,-0.11613,-0.00464,1.34765,-0.68713,0.01920,-0.71953,-0.10528,-0.00114,1.41338,-0.71169,0.03378,-0.08375,0.51475,0.17964,0.49799,1.10353,2.34919,-1.41837,-13.27627,7.15797,0.53811,1.75669,1.75761,-1.68559,-15.29863,7.24359,2.51089,3.82849,-2.85685,-8.52109,-5.81795,88.000,88.000,88.000,139.000,35.000,35.000,88.000,88.000,88.000,139.000,35.000,35.000,25.000,25.000,25.000,25.000
0.3590,-0.01796,0.01270,0.64480,0.99941,0.03009,0.00910,-0.01379,0.03351,-0.00121,0.59618,0.67509,0.05941,0.00007,2,0.03431,1,0.08500,0.03000,0.1116,0.2947,0.058244,0.123778,-56.0726,-74.0064,149.9617,-1.6059,-9.9547,150.5757,99.3416,75.5876,152.0453,-11.2887,-25.1015,155.6374,-0.085000,-0.030000,150.0000,0.027363,-0.000155,150.5757,-0.085000,-0.030000,150.0000,0.027400,-0.014546,155.6374,-0.67755,-0.11646,-0.00369,1.35073,-0.68856,0.01888,-0.72164,-0.10531,-0.00014,1.41701,-0.71296,0.03244,-0.08559,0.51179,0.18236,0.49666,1.06291,2.22918,-1.56345,-13.33472,7.29922,0.45221,1.83068,1.67069,-1.83600,-15.37238,7.35345,2.34668,3.78225,-2.77311,-8.40554,-5.68657,88.000,88.000,88.000,139.000,35.000,35.000,88.000,88.000,88.000,139.000,35.000,35.000,25.000,25.000,25.000,25.000
0.3600,-0.01802,0.01278,0.64411,0.99940,0.03037,0.00915,-0.01391,0.03350,-0.00121,0.59565,0.67504,0.05995,0.00007,2,0.03432,1,0.08500,0.03000,0.1154,0.2799,0.059420,0.124318,-55.5805,-71.2346,150.0163,-1.9059,-10.2434,150.5142,99.4048,75.8291,151.8836,-10.7746,-23.8859,156.0073,-0.085000,-0.030000,150.0000,0.028450,0.000528,150.5142,-0.085000,-0.030000,150.0000,0.027717,-0.013531,156.0073,-0.67930,-0.11673,-0.00267,1.35381,-0.69005,0.01860,-0.72377,-0.10530,0.00091,1.42066,-0.71426,0.03118,-0.08740,0.50881,0.18500,0.49529,1.02784,2.11496,-1.70159,-13.39588,7.42637,0.35977,1.89927,1.58697,-1.97656,-15.44193,7.45403,2.19388,3.73782,-2.69994,-8.28855,-5.56864,88.000,88.000,88.000,139.000,35.000,35.000,88.000,88.000,88.000,139.000,35.000,35.000,25.000,25.000,25.000,25.000
0.3610,-0.01808,0.01286,0.64342,0.99939,0.03065,0.00920,-0.01407,0.03349,-0.00121,0.59511,0.67499,0.06050,0.00007,2,0.03433,1,0.08500,0.03000,0.1188,0.2664,0.060493,0.124897,-55.0658,-68.4984,150.0635,-2.1930,-10.4998,150.4551,99.4614,76.0573,151.7324,-10.2765,-22.7798,156.3652,0.085000,-0.030000,150.0000,0.029433,0.001238,150.4551,0.085000,-0.030000,150.0000,0.027985,-0.012547,156.3652,-0.68103,-0.11695,-0.00161,1.35691,-0.69158,0.01836,-0.72593,-0.10525,0.00202,1.42432,-0.71560,0.03000,-0.08918,0.50583,0.18757,0.49388,0.99485,2.00527,-1.83224,-13.45496,7.54616,0.27460,1.96281,1.50507,-2.10854,-15.50786,7.54673,2.05097,3.69481,-2.63593,-8.17091,-5.46217,88.000,88.000,88.000,139.000,35.000,35.000,88.000,88.000,88.000,139.000,35.000,35.000,25.000,25.000,25.000,25.000
0.3620,-0.01814,0.01294,0.64273,0.99938,0.03093,0.00924,-0.01427,0.03349,-0.00121,0.59458,0.67494,0.06105,0.00007,2,0.03435,1,0.08500,0.03000,0.1218,0.2540,0.061510,0.125418,-54.5287,-65.7985,150.1041,-2.4816,-10.7024,150.3846,99.5118,76.2730,151.5910,-9.8003,-21.7739,156.6956,0.085000,-0.030000,150.0000,0.030369,0.001884,150.3846,0.085000,-0.030000,150.0000,0.028217,-0.011605,156.6956,-0.68274,-0.11711,-0.00049,1.36001,-0.69315,0.01817,-0.72811,-0.10515,0.00318,1.42798,-0.71696,0.02889,-0.09093,0.50285,0.19007,0.49243,0.96380,1.89996,-1.95574,-13.51215,7.65910,0.19620,2.02168,1.42507,-2.23247,-15.57055,7.63219,1.91672,3.65298,-2.57991,-8.05324,-5.36544,88.000,88.000,88.000,139.000,35.000,35.000,88.000,88.000,88.000,139.000,35.000,35.000,25.000,25.000,25.000,25.000
0.3630,-0.01821,0.01302,0.64204,0.99936,0.03122,0.00929,-0.01452,0.03348,-0.00122,0.59404,0.67489,0.06161,0.00007,2,0.03437,1,0.08500,0.03000,0.1243,0.2425,0.062475,0.125888,-53.9694,-63.1353,150.1386,-2.7705,-10.8588,150.3048,99.5565,76.4769,151.4589,-9.3579,-20.8359,156.9750,-0.085000,-0.030000,150.0000,0.031260,0.002471,150.3048,-0.085000,-0.030000,150.0000,0.028433,-0.010719,156.9750,-0.68443,-0.11722,0.00068,1.36311,-0.69476,0.01800,-0.73030,-0.10502,0.00438,1.43164,-0.71836,0.02785,-0.09265,0.49987,0.19249,0.49096,0.93458,1.79886,-2.07242,-13.56762,7.76566,0.12412,2.07622,1.34701,-2.34886,-15.63033,7.71100,1.79016,3.61213,-2.53086,-7.93603,-5.27700,88.000,88.000,88.000,139.000,35.000,35.000,88.000,88.000,88.000,139.000,35.000,35.000,25.000,25.000,25.000,25.000
0.3640,-0.01827,0.01311,0.64134,0.99935,0.03151,0.00933,-0.01481,0.03347,-0.00122,0.59350,0.67484,0.06218,0.00007,2,0.03438,1,0.08500,0.03000,0.1264,0.2318,0.063389,0.126309,-53.3869,-60.5110,150.1678,-3.0583,-10.9752,150.2178,99.5960,76.6695,151.3355,-8.9572,-19.9464,157.1882,-0.085000,-0.030000,150.0000,0.032109,0.003004,150.2178,-0.085000,-0.030000,150.0000,0.028646,-0.009895,157.1882,-0.68610,-0.11728,0.00189,1.36622,-0.69641,0.01787,-0.73251,-0.10485,0.00562,1.43530,-0.71977,0.02687,-0.09435,0.49689,0.19485,0.48946,0.90704,1.70181,-2.18257,-13.62152,7.86630,0.05788,2.12669,1.27087,-2.45815,-15.68741,7.78370,1.67080,3.57209,-2.48789,-7.81969,-5.19566,88.000,88.000,88.000,139.000,35.000,35.000,88.000,88.000,88.000,139.000,35.000,35.000,25.000,25.000,25.000,25.000
0.3650,-0.01833,0.01319,0.64065,0.99934,0.03180,0.00937,-0.01513,0.03346,-0.00123,0.59297,0.67479,0.06275,0.00007,2,0.03440,1,0.08500,0.03000,0.1282,0.2219,0.064257,0.126686,-52.7798,-57.9281,150.1921,-3.3442,-11.0566,150.1252,99.6307,76.8516,151.2202,-8.5922,-19.1055,157.3459,-0.085000,-0.030000,150.0000,0.032918,0.003488,150.1252,-0.085000,-0.030000,150.0000,0.028853,-0.009126,157.3459,-0.68775,-0.11729,0.00314,1.36934,-0.69809,0.01777,-0.73473,-0.10463,0.00691,1.43897,-0.72121,0.02595,-0.09601,0.49391,0.19714,0.48794,0.88110,1.60867,-2.28650,-13.67402,7.96143,-0.00292,2.17331,1.19661,-2.56074,-15.74197,7.85079,1.55840,3.53272,-2.45024,-7.70457,-5.12039,88.000,88.000,88.000,139.000,35.000,35.000,88.000,88.000,88.000,139.000,35.000,35.000,25.000,25.000,25.000,25.000
0.3660,-0.01840,0.01327,0.63995,0.99932,0.03209,0.00940,-0.01548,0.03345,-0.00123,0.59243,0.67473,0.06332,0.00007,2,0.03442,1,0.08500,0.03000,0.1298,0.2126,0.065081,0.127022,-52.1470,-55.3888,150.2121,-3.6271,-11.1069,150.0285,99.6610,77.0238,151.1126,-8.2580,-18.3127,157.4571,0.085000,-0.030000,150.0000,0.033689,0.003926,150.0285,0.085000,-0.030000,150.0000,0.029052,-0.008408,157.4571,-0.68939,-0.11726,0.00443,1.37246,-0.69980,0.01769,-0.73697,-0.10439,0.00823,1.44264,-0.72266,0.02508,-0.09764,0.49094,0.19937,0.48640,0.85663,1.51928,-2.38449,-13.72524,8.05144,-0.05870,2.21631,1.12422,-2.65699,-15.79414,7.91274,1.45273,3.49392,-2.41724,-7.59094,-5.05033,88.000,88.000,88.000,139.000,35.000,35.000,88.000,88.000,88.000,139.000,35.000,35.000,25.000,25.000,25.000,25.000
0.3670,-0.01846,0.01335,0.63926,0.99930,0.03238,0.00944,-0.01587,0.03344,-0.00124,0.59189,0.67468,0.06390,0.00007,2,0.03444,1,0.08500,0.03000,0.1311,0.2040,0.065864,0.127322,83.5292,-67.4878,149.5038,-3.9061,-11.1300,149.9291,-35.4315,91.7918,151.7445,-7.9504,-17.5668,157.5296,0.085000,0.030000,150.0000,0.034423,0.004323,149.9291,-0.020248,0.002563,150.0000,0.029243,-0.007740,157.5296,-0.69100,-0.11719,0.00575,1.37559,-0.70153,0.01763,-0.73921,-0.10410,0.00958,1.44630,-0.72413,0.02427,-0.09925,0.48798,0.20152,0.48484,0.83354,1.43350,-2.47684,-13.77529,8.13669,-0.10983,2.25588,1.05370,-2.74722,-15.84408,7.96998,1.35353,3.45559,-2.38832,-7.47902,-4.98476,88.000,88.000,88.000,139.000,35.000,35.000,88.000,88.000,88.000,139.000,35.000,35.000,25.000,25.000,25.000,25.000
0.3680,-0.01852,0.01343,0.63856,0.99929,0.03268,0.00947,-0.01629,0.03343,-0.00125,0.59135,0.67463,0.06447,0.00007,2,0.03446,1,0.08500,0.03000,0.1322,0.1960,0.066607,0.127587,83.8172,-64.9756,149.5247,-4.1806,-11.1289,149.8280,-35.3148,91.9177,151.6663,-7.6659,-16.8664,157.5701,-0.085000,-0.030000,150.0000,0.035124,0.004682,149.8280,-0.085000,-0.030000,150.0000,0.029424,-0.007116,157.5701,-0.69260,-0.11708,0.00711,1.37871,-0.70329,0.01760,-0.74147,-0.10379,0.01096,1.44997,-0.72561,0.02351,-0.10082,0.48503,0.20361,0.48326,0.81175,1.35120,-2.56382,-13.82431,8.21753,-0.15667,2.29224,0.98508,-2.83172,-15.89195,8.02288,1.26052,3.41766,-2.36297,-7.36897,-4.92307,88.000,88.000,88.000,139.000,35.000,35.000,88.000,88.000,88.000,139.000,35.000,35.000,25.000,25.000,25.000,25.000
0.3690,-0.01859,0.01351,0.63786,0.99927,0.03297,0.00950,-0.01673,0.03342,-0.00125,0.59080,0.67458,0.06505,0.00007,2,0.03448,1,0.08500,0.03000,0.1332,0.1885,0.067313,0.127822,84.0983,-62.5086,149.5436,-4.4497,-11.1075,149.7258,-35.1326,92.0303,151.5904,-7.4016,-16.2096,157.5845,-0.085000,-0.030000,150.0000,0.035792,0.005006,149.7258,-0.085000,-0.030000,150.0000,0.029595,-0.006534,157.5845,-0.69419,-0.11692,0.00849,1.38184,-0.70508,0.01759,-0.74373,-0.10344,0.01237,1.45363,-0.72711,0.02279,-0.10237,0.48209,0.20564,0.48167,0.79117,1.27225,-2.64570,-13.87238,8.29425,-0.19954,2.32559,0.91839,-2.91076,-15.93792,8.07181,1.17342,3.38008,-2.34076,-7.26094,-4.86475,88.000,88.000,88.000,139.000,35.000,35.000,88.000,88.000,88.000,139.000,35.000,35.000,25.000,25.000,25.000,25.000
0.3700,-0.01866,0.01359,0.63716,0.99925,0.03327,0.00953,-0.01720,0.03341,-0.00126,0.59026,0.67453,0.06563,0.00007,2,0.03450,1,0.08500,0.03000,0.1340,0.1815,0.067985,0.128029,84.3727,-60.0867,149.5607,-4.7129,-11.0686,149.6234,-34.8868,92.1302,151.5166,-7.1552,-15.5939,157.5775,-0.085000,-0.030000,150.0000,0.036429,0.005300,149.6234,-0.085000,-0.030000,150.0000,0.029755,-0.005992,157.5775,-0.69575,-0.11673,0.00990,1.38498,-0.70688,0.01759,-0.74600,-0.10305,0.01381,1.45729,-0.72861,0.02212,-0.10390,0.47916,0.20761,0.48007,0.77172,1.19651,-2.72274,-13.91959,8.36715,-0.23877,2.35612,0.85364,-2.98460,-15.98212,8.11708,1.09193,3.34279,-2.32131,-7.15501,-4.80938,88.000,88.000,88.000,139.000,35.000,35.000,88.000,88.000,88.000,139.000,35.000,35.000,25.000,25.000,25.000,25.000
0.3710,-0.01872,0.01367,0.63646,0.99923,0.03356,0.00956,-0.01770,0.03340,-0.00127,0.58972,0.67448,0.06622,0.00007,2,0.03452,1,0.08500,0.03000,0.1347,0.1749,0.068618,0.128208,84.6406,-57.7092,149.5762,-4.9657,-11.0138,149.5270,-34.5798,92.2180,151.4449,-6.9246,-15.0167,157.5531,-0.085000,-0.030000,150.0000,0.037032,0.005562,149.5270,-0.085000,-0.030000,150.0000,0.029904,-0.005486,157.5531,-0.69731,-0.11651,0.01134,1.38811,-0.70871,0.01762,-0.74827,-0.10264,0.01526,1.46094,-0.73012,0.02149,-0.10539,0.47624,0.20952,0.47845,0.75334,1.12388,-2.79519,-13.96603,8.43649,-0.27465,2.38402,0.79086,-3.05349,-16.02472,8.15901,1.01576,3.30577,-2.30428,-7.05127,-4.75658,88.000,88.000,88.000,139.000,35.000,35.000,88.000,88.000,88.000,139.000,35.000,35.000,25.000,25.000,25.000,25.000
0.3720,-0.01879,0.01375,0.63576,0.99921,0.03386,0.00958,-0.01821,0.03339,-0.00128,0.58918,0.67443,0.06680,0.00007,2,0.03454,1,0.08500,0.03000,0.1352,0.1688,0.069215,0.128363,84.9024,-55.3761,149.5902,-5.2078,-10.9454,149.4371,-34.2141,92.2943,151.3752,-6.7082,-14.4752,157.5149,-0.085000,-0.030000,150.0000,0.037602,0.005795,149.4371,-0.085000,-0.030000,150.0000,0.030042,-0.005015,157.5149,-0.69884,-0.11625,0.01279,1.39125,-0.71055,0.01765,-0.75055,-0.10220,0.01674,1.46459,-0.73164,0.02089,-0.10686,0.47334,0.21137,0.47681,0.73597,1.05431,-2.86317,-14.01181,8.50246,-0.30734,2.40947,0.73006,-3.11768,-16.06585,8.19786,0.94461,3.26899,-2.28939,-6.94976,-4.70605,88.000,88.000,88.000,139.000,35.000,35.000,88.000,88.000,88.000,139.000,35.000,35.000,25.000,25.000,25.000,25.000
0.3730,-0.01886,0.01383,0.63505,0.99919,0.03415,0.00961,-0.01875,0.03338,-0.00130,0.58863,0.67438,0.06738,0.00007,2,0.03456,1,0.08500,0.03000,0.1356,0.1631,0.069783,0.128495,85.1582,-53.0864,149.6030,-5.4440,-10.8659,149.3468,-33.7917,92.3595,151.3074,-6.5004,-13.9675,157.4709,-0.085000,-0.030000,150.0000,0.038146,0.006003,149.3468,-0.085000,-0.030000,150.0000,0.030165,-0.004576,157.4709,-0.70037,-0.11595,0.01427,1.39439,-0.71241,0.01770,-0.75283,-0.10173,0.01823,1.46823,-0.73316,0.02033,-0.10830,0.47046,0.21316,0.47517,0.71955,0.98768,-2.92695,-14.05698,8.56529,-0.33710,2.43263,0.67124,-3.17738,-16.10566,8.23389,0.87819,3.23243,-2.27639,-6.85051,-4.65754,88.000,88.000,88.000,139.000,35.000,35.000,88.000,88.000,88.000,139.000,35.000,35.000,25.000,25.000,25.000,25.000
0.3740,-0.01893,0.01391,0.63435,0.99917,0.03445,0.00963,-0.01931,0.03337,-0.00131,0.58809,0.67432,0.06796,0.00007,2,0.03458,1,0.08500,0.03000,0.1360,0.1576,0.070325,0.128608,85.4082,-50.8392,149.6147,-5.6739,-10.7773,149.2567,-33.3151,92.4143,151.2415,-6.2927,-13.4911,157.4326,-0.085000,0.030000,150.0000,0.038665,0.006189,149.2567,0.037242,0.030000,150.0000,0.030266,-0.004168,157.4326,-0.70188,-0.11563,0.01576,1.39753,-0.71428,0.01776,-0.75511,-0.10123,0.01973,1.47187,-0.73469,0.01980,-0.10972,0.46759,0.21489,0.47352,0.70402,0.92386,-2.98676,-14.10161,8.62519,-0.36420,2.45368,0.61441,-3.23284,-16.14430,8.26731,0.81623,3.19608,-2.26504,-6.75353,-4.61082,88.000,88.000,88.000,139.000,35.000,35.000,88.000,88.000,88.000,139.000,35.000,35.000,25.000,25.000,25.000,25.000
0.3750,-0.01900,0.01398,0.63365,0.99915,0.03474,0.00964,-0.01988,0.03335,-0.00132,0.58754,0.67427,0.06854,0.00007,2,0.03460,1,0.08500,0.03000,0.1363,0.1524,0.070840,0.128702,85.6529,-48.6334,149.6254,-5.8973,-10.6811,149.1673,-32.7874,92.4592,151.1773,-6.0867,-13.0433,157.3986,-0.085000,-0.030000,150.0000,0.039162,0.006355,149.1673,-0.085000,-0.030000,150.0000,0.030348,-0.003788,157.3986,-0.70338,-0.11528,0.01727,1.40067,-0.71616,0.01783,-0.75739,-0.10070,0.02125,1.47550,-0.73622,0.01931,-0.11111,0.46474,0.21657,0.47186,0.68933,0.86273,-3.04282,-14.14575,8.68237,-0.38885,2.47279,0.55950,-3.28430,-16.18192,8.29827,0.75846,3.15993,-2.25515,-6.65882,-4.56573,88.000,88.000,88.000,139.000,35.000,35.000,88.000,88.000,88.000,139.000,35.000,35.000,25.000,25.000,25.000,25.000
0.3760,-0.01907,0.01406,0.63294,0.99913,0.03504,0.00966,-0.02048,0.03334,-0.00133,0.58699,0.67422,0.06912,0.00007,2,0.03462,1,0.08500,0.03000,0.1366,0.1475,0.071325,0.128781,85.8924,-46.4676,149.6351,-6.1090,-10.5808,149.0867,-32.2115,92.4948,151.1148,-5.8836,-12.6212,157.3673,-0.085000,-0.030000,150.0000,0.039629,0.006502,149.0867,-0.085000,-0.030000,150.0000,0.030413,-0.003436,157.3673,-0.70486,-0.11490,0.01879,1.40382,-0.71806,0.01792,-0.75968,-0.10015,0.02278,1.47912,-0.73775,0.01884,-0.11247,0.46190,0.21820,0.47019,0.67543,0.80417,-3.09534,-14.18944,8.73701,-0.41126,2.49013,0.50649,-3.33200,-16.21868,8.32693,0.70462,3.12396,-2.24655,-6.56639,-4.52211,88.000,88.000,88.000,139.000,35.000,35.000,88.000,88.000,88.000,139.000,35.000,35.000,25.000,25.000,25.000,25.000
0.3770,-0.01914,0.01413,0.63224,0.99911,0.03533,0.00967,-0.02109,0.03333,-0.00135,0.58644,0.67417,0.06969,0.00007,2,0.03463,1,0.08500,0.03000,0.1463,0.1425,0.072844,0.129174,86.1269,-44.3408,149.6441,-7.2234,-10.7914,147.9202,-31.5911,92.5218,151.0541,-5.6876,-12.1957,157.3353,-0.085000,-0.030000,150.0000,0.041087,0.007081,147.9202,-0.085000,-0.030000,150.0000,0.030463,-0.003109,157.3353,-0.70633,-0.11449,0.02033,1.40696,-0.71997,0.01801,-0.76196,-0.09958,0.02432,1.48274,-0.73928,0.01840,-0.11381,0.45908,0.21977,0.46851,0.66230,0.74823,-3.14436,-14.23279,8.78920,-0.43162,2.50584,0.45531,-3.37619,-16.25470,8.35345,0.65448,3.08819,-2.23909,-6.47620,-4.47982,88.000,88.000,88.000,139.000,35.000,35.000,88.000,88.000,88.000,139.000,35.000,35.000,25.000,25.000,25.000,25.000
0.3780,-0.01921,0.01421,0.63153,0.99908,0.03562,0.00968,-0.02171,0.03332,-0.00136,0.58589,0.67412,0.07027,0.00007,2,0.03465,1,0.08500,0.03000,0.1458,0.1381,0.073177,0.129225,86.3596,-42.2242,149.6523,-7.3248,-10.6695,147.9783,-30.8536,92.5324,150.9946,-5.4942,-11.8214,157.3060,-0.085000,-0.030000,150.0000,0.041407,0.007184,147.9783,-0.085000,-0.030000,150.0000,0.030500,-0.002806,157.3060,-0.70779,-0.11406,0.02187,1.41010,-0.72189,0.01811,-0.76424,-0.09898,0.02587,1.48635,-0.74082,0.01798,-0.11512,0.45628,0.22129,0.46683,0.64789,0.69826,-3.18665,-14.27284,8.84270,-0.45769,2.52026,0.40583,-3.41770,-16.29021,8.37789,0.60764,3.05265,-2.23264,-6.38812,-4.43862,88.000,88.000,88.000,139.000,35.000,35.000,88.000,88.000,88.000,139.000,35.000,35.000,25.000,25.000,25.000,25.000
0.3790,-0.01928,0.01428,0.63082,0.99906,0.03592,0.00969,-0.02235,0.03330,-0.00138,0.58535,0.67406,0.07084,0.00007,2,0.03467,1,0.08500,0.03000,0.1454,0.1339,0.073535,0.129310,86.5884,-40.1367,149.6599,-7.4380,-10.5549,148.0186,-30.0819,92.5360,150.9368,-5.3072,-11.4702,157.2768,-0.085000,-0.030000,150.0000,0.041747,0.007322,148.0186,-0.085000,-0.030000,150.0000,0.030525,-0.002525,157.2768,-0.70924,-0.11360,0.02342,1.41324,-0.72382,0.01823,-0.76652,-0.09836,0.02743,1.48995,-0.74235,0.01759,-0.11641,0.45349,0.22277,0.46514,0.63443,0.65058,-3.22587,-14.31299,8.89366,-0.48127,2.53335,0.35803,-3.45613,-16.32519,8.40046,0.56408,3.01730,-2.22705,-6.30222,-4.39857,88.000,88.000,88.000,139.000,35.000,35.000,88.000,88.000,88.000,139.000,35.000,35.000,25.000,25.000,25.000,25.000
0.3800,-0.01935,0.01435,0.63012,0.99903,0.03621,0.00970,-0.02300,0.03329,-0.00140,0.58479,0.67401,0.07141,0.00007,2,0.03469,1,0.08500,0.03000,0.1450,0.1300,0.073878,0.129378,86.8136,-38.0774,149.6670,-7.5520,-10.4377,148.0493,-29.2781,92.5327,150.8806,-5.1266,-11.1373,157.2461,-0.085000,-0.030000,150.0000,0.042075,0.007443,148.0493,-0.085000,-0.030000,150.0000,0.030541,-0.002265,157.2461,-0.71067,-0.11313,0.02497,1.41639,-0.72576,0.01835,-0.76880,-0.09771,0.02899,1.49354,-0.74388,0.01722,-0.11767,0.45072,0.22419,0.46344,0.62185,0.60506,-3.26220,-14.35323,8.94224,-0.50256,2.54520,0.31187,-3.49165,-16.35975,8.42127,0.52360,2.98214,-2.22222,-6.21845,-4.35961,88.000,88.000,88.000,139.000,35.000,35.000,88.000,88.000,88.000,139.000,35.000,35.000,25.000,25.000,25.000,25.000
0.3810,-0.01942,0.01442,0.62941,0.99901,0.03650,0.00970,-0.02366,0.03327,-0.00141,0.58424,0.67396,0.07198,0.00007,2,0.03471,1,0.08500,0.03000,0.1447,0.1262,0.074207,0.129430,87.0353,-36.0456,149.6736,-7.6660,-10.3186,148.0718,-28.4441,92.5231,150.8261,-4.9530,-10.8214,157.2133,-0.085000,-0.030000,150.0000,0.042390,0.007547,148.0718,-0.085000,-0.030000,150.0000,0.030549,-0.002027,157.2133,-0.71209,-0.11263,0.02653,1.41953,-0.72771,0.01848,-0.77108,-0.09705,0.03055,1.49713,-0.74540,0.01686,-0.11891,0.44798,0.22557,0.46174,0.61009,0.56162,-3.29583,-14.39357,8.98862,-0.52175,2.55592,0.26728,-3.52446,-16.39397,8.44045,0.48602,2.94717,-2.21807,-6.13679,-4.32164,88.000,88.000,88.000,139.000,35.000,35.000,88.000,88.000,88.000,139.000,35.000,35.000,25.000,25.000,25.000,25.000
0.3820,-0.01949,0.01449,0.62870,0.99898,0.03679,0.00970,-0.02433,0.03326,-0.00143,0.58369,0.67391,0.07254,0.00007,2,0.03472,1,0.08500,0.03000,0.1444,0.1226,0.074522,0.129468,87.2537,-34.0408,149.6797,-7.7793,-10.1979,148.0874,-27.5816,92.5074,150.7731,-4.7869,-10.5210,157.1780,-0.085000,-0.030000,150.0000,0.042693,0.007636,148.0874,-0.085000,-0.030000,150.0000,0.030551,-0.001808,157.1780,-0.71350,-0.11212,0.02810,1.42267,-0.72966,0.01862,-0.77335,-0.09636,0.03212,1.50071,-0.74693,0.01653,-0.12013,0.44524,0.22691,0.46003,0.59909,0.52015,-3.32692,-14.43398,9.03296,-0.53902,2.56559,0.22421,-3.55473,-16.42790,8.45813,0.45117,2.91241,-2.21451,-6.05718,-4.28463,88.000,88.000,88.000,139.000,35.000,35.000,88.000,88.000,88.000,139.000,35.000,35.000,25.000,25.000,25.000,25.000
0.3830,-0.01957,0.01456,0.62799,0.99895,0.03707,0.00970,-0.02501,0.03324,-0.00145,0.58314,0.67385,0.07311,0.00007,2,0.03474,1,0.08500,0.03000,0.1440,0.1191,0.074824,0.129494,87.4691,-32.0623,149.6855,-7.8914,-10.0762,148.0972,-26.6922,92.4860,150.7216,-4.6288,-10.2348,157.1398,-0.085000,0.030000,150.0000,0.042984,0.007711,148.0972,0.061614,0.030000,150.0000,0.030547,-0.001608,157.1398,-0.71490,-0.11159,0.02966,1.42581,-0.73162,0.01876,-0.77562,-0.09566,0.03369,1.50428,-0.74845,0.01621,-0.12132,0.44253,0.22819,0.45831,0.58879,0.48057,-3.35562,-14.47446,9.07541,-0.55452,2.57430,0.18263,-3.58260,-16.46162,8.47443,0.41890,2.87785,-2.21148,-5.97959,-4.24851,88.000,88.000,88.000,139.000,35.000,35.000,88.000,88.000,88.000,139.000,35.000,35.000,25.000,25.000,25.000,25.000
0.3840,-0.01964,0.01463,0.62728,0.99892,0.03736,0.00969,-0.02571,0.03323,-0.00147,0.58258,0.67380,0.07367,0.00007,2,0.03475,1,0.08500,0.03000,0.1437,0.1159,0.075113,0.129507,87.6817,-30.1095,149.6908,-8.0018,-9.9537,148.1021,-25.7776,92.4592,150.6716,-4.4787,-9.9618,157.0986,-0.085000,-0.030000,150.0000,0.043264,0.007772,148.1021,-0.085000,-0.030000,150.0000,0.030539,-0.001425,157.0986,-0.71629,-0.11104,0.03123,1.42895,-0.73359,0.01891,-0.77788,-0.09494,0.03526,1.50784,-0.74996,0.01591,-0.12248,0.43984,0.22944,0.45660,0.57916,0.44281,-3.38209,-14.51501,9.11609,-0.56838,2.58213,0.14247,-3.60824,-16.49518,8.48946,0.38906,2.84350,-2.20891,-5.90396,-4.21325,88.000,88.000,88.000,139.000,35.000,35.000,88.000,88.000,88.000,139.000,35.000,35.000,25.000,25.000,25.000,25.000
0.3850,-0.01972,0.01470,0.62656,0.99890,0.03764,0.00969,-0.02641,0.03321,-0.00149,0.58203,0.67375,0.07422,0.00007,2,0.03477,1,0.08500,0.03000,0.1434,0.1128,0.075390,0.129510,87.8915,-28.1819,149.6959,-8.1102,-9.8308,148.1030,-24.8392,92.4273,150.6231,-4.3367,-9.7025,157.0545,-0.085000,-0.030000,150.0000,0.043533,0.007822,148.1030,-0.085000,-0.030000,150.0000,0.030527,-0.001258,157.0545,-0.71767,-0.11047,0.03280,1.43209,-0.73556,0.01906,-0.78014,-0.09420,0.03682,1.51140,-0.75147,0.01563,-0.12363,0.43716,0.23064,0.45487,0.57016,0.40678,-3.40645,-14.55562,9.15513,-0.58074,2.58913,0.10371,-3.63177,-16.52862,8.50333,0.36152,2.80936,-2.20674,-5.83025,-4.17879,88.000,88.000,88.000,139.000,35.000,35.000,88.000,88.000,88.000,139.000,35.000,35.000,25.000,25.000,25.000,25.000
0.3860,-0.01979,0.01477,0.62585,0.99887,0.03793,0.00968,-0.02711,0.03319,-0.00151,0.58147,0.67370,0.07478,0.00007,2,0.03478,1,0.08500,0.03000,0.1431,0.1099,0.075656,0.129502,88.0988,-26.2786,149.7006,-8.2162,-9.7076,148.1008,-23.8784,92.3906,150.5760,-4.2019,-9.4604,157.0083,-0.085000,-0.030000,150.0000,0.043791,0.007860,148.1008,-0.085000,-0.030000,150.0000,0.030510,-0.001102,157.0083,-0.71905,-0.10989,0.03436,1.43523,-0.73753,0.01922,-0.78240,-0.09344,0.03839,1.51495,-0.75298,0.01536,-0.12474,0.43450,0.23181,0.45315,0.56173,0.37241,-3.42883,-14.59629,9.19266,-0.59170,2.59538,0.06629,-3.65332,-16.56198,8.51612,0.33613,2.77545,-2.20493,-5.75842,-4.14512,88.000,88.000,88.000,139.000,35.000,35.000,88.000,88.000,88.000,139.000,35.000,35.000,25.000,25.000,25.000,25.000
0.3870,-0.01987,0.01483,0.62514,0.99884,0.03821,0.00967,-0.02783,0.03318,-0.00153,0.58092,0.67364,0.07533,0.00007,2,0.03480,1,0.08500,0.03000,0.1428,0.1072,0.075910,0.129485,88.3038,-24.3987,149.7050,-8.3197,-9.5844,148.0960,-22.8967,92.3494,150.5303,-4.0749,-9.2345,156.9599,-0.085000,-0.030000,150.0000,0.044040,0.007888,148.0960,-0.085000,-0.030000,150.0000,0.030490,-0.000956,156.9599,-0.72041,-0.10929,0.03593,1.43837,-0.73950,0.01938,-0.78465,-0.09267,0.03996,1.51849,-0.75448,0.01510,-0.12584,0.43186,0.23293,0.45142,0.55385,0.33962,-3.44935,-14.63701,9.22878,-0.60138,2.60093,0.03019,-3.67303,-16.59531,8.52790,0.31265,2.74177,-2.20342,-5.68840,-4.11219,88.000,88.000,88.000,139.000,35.000,35.000,88.000,88.000,88.000,139.000,35.000,35.000,25.000,25.000,25.000,25.000
0.3880,-0.01994,0.01489,0.62442,0.99880,0.03849,0.00966,-0.02855,0.03316,-0.00155,0.58036,0.67359,0.07588,0.00007,2,0.03481,1,0.08500,0.03000,0.1425,0.1046,0.076155,0.129460,88.5067,-22.5412,149.7092,-8.4202,-9.4604,148.0895,-21.8955,92.3039,150.4859,-3.9430,-9.0274,156.9252,-0.084976,-0.029986,150.0000,0.044279,0.007906,148.0895,-0.084980,-0.029986,150.0000,0.030454,-0.000819,156.9252,-0.72176,-0.10868,0.03749,1.44151,-0.74148,0.01954,-0.78690,-0.09188,0.04152,1.52202,-0.75597,0.01485,-0.12691,0.42924,0.23401,0.44969,0.54648,0.30837,-3.46813,-14.67778,9.26359,-0.60985,2.60584,-0.00463,-3.69099,-16.62864,8.53874,0.29090,2.70832,-2.20219,-5.62015,-4.07999,88.000,88.000,88.000,139.000,35.000,35.000,88.000,88.000,88.000,139.000,35.000,35.000,25.000,25.000,25.000,25.000
0.3890,-0.02002,0.01496,0.62371,0.99877,0.03877,0.00964,-0.02928,0.03314,-0.00157,0.57980,0.67354,0.07642,0.00007,2,0.03483,1,0.08500,0.03000,0.1422,0.1022,0.076388,0.129425,88.7076,-20.7052,149.7131,-8.5163,-9.3342,148.0834,-20.8776,92.2544,150.4429,-3.8070,-8.8379,156.9034,-0.085000,-0.030000,150.0000,0.044509,0.007914,148.0834,-0.085000,-0.030000,150.0000,0.030404,-0.000691,156.9034,-0.72310,-0.10806,0.03905,1.44465,-0.74345,0.01971,-0.78914,-0.09108,0.04307,1.52554,-0.75746,0.01462,-0.12796,0.42664,0.23506,0.44795,0.53959,0.27859,-3.48530,-14.71859,9.29720,-0.61724,2.61024,-0.03797,-3.70713,-16.66209,8.54858,0.27076,2.67512,-2.20119,-5.55362,-4.04846,88.000,88.000,88.000,139.000,35.000,35.000,88.000,88.000,88.000,139.000,35.000,35.000,25.000,25.000,25.000,25.000
0.3900,-0.02010,0.01502,0.62299,0.99874,0.03904,0.00963,-0.03001,0.03313,-0.00159,0.57924,0.67348,0.07696,0.00007,2,0.03484,1,0.08500,0.03000,0.1418,0.1000,0.076610,0.129380,88.9067,-18.8900,149.7167,-8.6073,-9.2057,148.0791,-19.8446,92.2013,150.4013,-3.6828,-8.6601,156.8746,-0.085000,-0.030000,150.0000,0.044728,0.007910,148.0791,-0.085000,-0.030000,150.0000,0.030354,-0.000571,156.8746,-0.72444,-0.10742,0.04061,1.44779,-0.74543,0.01987,-0.79137,-0.09027,0.04463,1.52906,-0.75894,0.01439,-0.12899,0.42405,0.23607,0.44622,0.53314,0.25022,-3.50096,-14.75944,9.32968,-0.62357,2.61417,-0.06989,-3.72152,-16.69568,8.55749,0.25208,2.64217,-2.20039,-5.48875,-4.01760,88.000,88.000,88.000,139.000,35.000,35.000,88.000,88.000,88.000,139.000,35.000,35.000,25.000,25.000,25.000,25.000
0.3910,-0.02017,0.01508,0.62227,0.99871,0.03932,0.00961,-0.03075,0.03311,-0.00162,0.57868,0.67343,0.07750,0.00007,2,0.03485,1,0.08500,0.03000,0.1415,0.0979,0.076822,0.129325,89.1041,-17.0950,149.7202,-8.6936,-9.0756,148.0766,-18.7976,92.1448,150.3609,-3.5700,-8.4931,156.8391,-0.085000,-0.030000,150.0000,0.044937,0.007896,148.0766,-0.085000,-0.030000,150.0000,0.030306,-0.000459,156.8391,-0.72576,-0.10677,0.04216,1.45093,-0.74741,0.02004,-0.79360,-0.08944,0.04617,1.53257,-0.76041,0.01418,-0.13000,0.42149,0.23704,0.44448,0.52713,0.22319,-3.51521,-14.80034,9.36115,-0.62887,2.61766,-0.10042,-3.73429,-16.72942,8.56555,0.23472,2.60948,-2.19977,-5.42549,-3.98738,88.000,88.000,88.000,139.000,35.000,35.000,88.000,88.000,88.000,139.000,35.000,35.000,25.000,25.000,25.000,25.000
0.3920,-0.02025,0.01514,0.62156,0.99867,0.03959,0.00958,-0.03149,0.03309,-0.00164,0.57812,0.67338,0.07804,0.00007,2,0.03486,1,0.08500,0.03000,0.1408,0.0960,0.076983,0.129265,89.3000,-15.3198,149.7234,-8.7354,-8.9533,148.1187,-17.7378,92.0850,150.3219,-3.4681,-8.3349,156.7977,-0.085000,-0.030000,150.0000,0.045098,0.007870,148.1187,-0.085000,-0.030000,150.0000,0.030260,-0.000353,156.7977,-0.72708,-0.10611,0.04370,1.45407,-0.74939,0.02020,-0.79583,-0.08860,0.04772,1.53607,-0.76187,0.01397,-0.13098,0.41894,0.23798,0.44274,0.52151,0.19743,-3.52813,-14.84129,9.39169,-0.63314,2.62075,-0.12961,-3.74555,-16.76333,8.57284,0.21855,2.57705,-2.19929,-5.36379,-3.95779,88.000,88.000,88.000,139.000,35.000,35.000,88.000,88.000,88.000,139.000,35.000,35.000,25.000,25.000,25.000,25.000
0.3930,-0.02033,0.01520,0.62084,0.99864,0.03986,0.00956,-0.03223,0.03307,-0.00166,0.57756,0.67332,0.07857,0.00007,2,0.03487,1,0.08500,0.03000,0.1398,0.0941,0.077105,0.129198,89.4944,-13.5636,149.7264,-8.7430,-8.8373,148.1942,-16.6707,92.0226,150.2841,-3.3768,-8.1848,156.7508,-0.085000,-0.030000,150.0000,0.045219,0.007834,148.1942,-0.085000,-0.030000,150.0000,0.030216,-0.000253,156.7508,-0.72839,-0.10544,0.04524,1.45721,-0.75137,0.02037,-0.79805,-0.08774,0.04925,1.53957,-0.76333,0.01377,-0.13195,0.41641,0.23889,0.44100,0.51641,0.17310,-3.53959,-14.88244,9.42115,-0.63639,2.62348,-0.15752,-3.75543,-16.79741,8.57943,0.20345,2.54488,-2.19893,-5.30361,-3.92880,88.000,88.000,88.000,139.000,35.000,35.000,88.000,88.000,88.000,139.000,35.000,35.000,25.000,25.000,25.000,25.000
0.3940,-0.02041,0.01526,0.62012,0.99860,0.04013,0.00953,-0.03298,0.03305,-0.00169,0.57700,0.67327,0.07910,0.00007,2,0.03487,1,0.08500,0.03000,0.1330,0.6215,0.076868,0.129157,89.6875,-11.8258,149.7292,-8.4111,-8.3513,148.5463,-15.5978,91.9579,150.2475,-40.1890,-7.9943,109.8927,-0.085000,-0.030000,150.0000,0.044981,0.007781,148.5463,-0.085000,-0.030000,150.0000,0.085017,0.002174,109.8927,-0.72969,-0.10476,0.04678,1.46034,-0.75334,0.02054,-0.80022,-0.08691,0.05074,1.54299,-0.76487,0.01359,-0.13289,0.41390,0.23976,0.43926,0.51182,0.15015,-3.54964,-14.92382,9.44957,-0.63863,2.62588,-0.18418,-3.76403,-16.83168,8.58539,0.18932,2.51299,-2.19868,-5.24488,-3.90039,88.000,88.000,88.000,139.000,35.000,35.000,88.000,88.000,88.000,139.000,35.000,35.000,25.000,25.000,25.000,25.000
0.3950,-0.02049,0.01531,0.61940,0.99857,0.04040,0.00951,-0.03374,0.03303,-0.00171,0.57643,0.67321,0.07962,0.00007,2,0.03487,1,0.08500,0.03000,0.4873,0.0761,0.116857,0.126355,89.8725,-10.1650,149.7318,-33.2494,-7.0299,116.2331,-11.4179,91.5522,150.2007,0.0265,-7.3516,161.1073,-0.085000,0.030000,150.0000,0.085014,0.009723,116.2331,0.045285,0.030000,150.0000,0.027171,-0.000244,161.1073,-0.73096,-0.10410,0.04828,1.46343,-0.75538,0.02069,-0.80240,-0.08607,0.05224,1.54642,-0.76639,0.01342,-0.13381,0.41140,0.24059,0.43751,0.50749,0.12785,-3.56762,-14.96117,9.47507,-0.64245,2.55497,-0.14757,-3.70553,-16.73484,8.77527,0.16063,2.48298,-2.19873,-5.18379,-3.87203,88.000,88.000,88.000,139.000,35.000,35.000,88.000,88.000,88.000,139.000,35.000,35.000,25.000,25.000,25.000,25.000
0.3960,-0.02057,0.01537,0.61868,0.99853,0.04067,0.00948,-0.03450,0.03301,-0.00174,0.57587,0.67316,0.08015,0.00007,2,0.03486,1,0.08500,0.03000,0.1222,0.0800,0.075328,0.129094,90.0283,-8.6580,149.7418,-6.9221,-8.6489,151.0826,-8.2744,91.2569,150.1600,-0.6747,-7.6677,160.4192,-0.085000,-0.030000,150.0000,0.043443,0.007567,151.0826,-0.085000,-0.030000,150.0000,0.028777,-0.000038,160.4192,-0.73222,-0.10342,0.04977,1.46653,-0.75741,0.02085,-0.80457,-0.08520,0.05373,1.54984,-0.76789,0.01325,-0.13471,0.40893,0.24140,0.43577,0.44949,0.15853,-3.51457,-14.90729,9.62290,-0.62488,2.56997,-0.17925,-3.72878,-16.78357,8.76134,0.14818,2.45232,-2.19766,-5.12580,-3.84206,88.000,88.000,88.000,139.000,35.000,35.000,88.000,88.000,88.000,139.000,35.000,35.000,25.000,25.000,25.000,25.000
0.3970,-0.02065,0.01542,0.61796,0.99849,0.04093,0.00945,-0.03526,0.03299,-0.00176,0.57530,0.67311,0.08067,0.00007,2,0.03486,1,0.08500,0.03000,0.1231,0.0796,0.076517,0.128752,90.2115,-6.9396,149.7502,-7.2975,-8.4125,150.7888,-7.2787,91.1936,150.1278,-0.7705,-7.6118,160.1110,-0.085000,-0.030000,150.0000,0.044655,0.007380,150.7888,-0.085000,-0.030000,150.0000,0.028755,0.000059,160.1110,-0.73348,-0.10274,0.05127,1.46963,-0.75943,0.02101,-0.80675,-0.08433,0.05521,1.55327,-0.76938,0.01308,-0.13559,0.40647,0.24217,0.43402,0.45245,0.13234,-3.52834,-14.95865,9.63908,-0.62690,2.58050,-0.21004,-3.74079,-16.83032,8.74973,0.13904,2.42125,-2.19650,-5.07089,-3.81536,88.000,88.000,88.000,139.000,35.000,35.000,88.000,88.000,88.000,139.000,35.000,35.000,25.000,25.000,25.000,25.000
0.3980,-0.02073,0.01548,0.61723,0.99846,0.04120,0.00941,-0.03602,0.03296,-0.00179,0.57473,0.67305,0.08119,0.00007,2,0.03486,1,0.08500,0.03000,0.1231,0.0790,0.076670,0.128677,90.3950,-5.2386,149.7577,-7.4053,-8.3064,150.6873,-6.2820,91.1287,150.0969,-0.8660,-7.5234,159.8025,0.085000,0.030000,150.0000,0.044806,0.007337,150.6873,-0.081282,-0.012891,150.0000,0.028760,0.000130,159.8025,-0.73474,-0.10204,0.05275,1.47274,-0.76144,0.02116,-0.80892,-0.08345,0.05669,1.55669,-0.77085,0.01293,-0.13645,0.40402,0.24291,0.43227,0.45531,0.10805,-3.54026,-15.00944,9.65524,-0.62783,2.58994,-0.23890,-3.75109,-16.87633,8.73905,0.13021,2.39046,-2.19563,-5.01730,-3.78923,88.000,88.000,88.000,139.000,35.000,35.000,88.000,88.000,88.000,139.000,35.000,35.000,25.000,25.000,25.000,25.000
0.3990,-0.02081,0.01553,0.61651,0.99842,0.04146,0.00938,-0.03679,0.03294,-0.00182,0.57416,0.67300,0.08170,0.00007,2,0.03486,1,0.08500,0.03000,0.1237,0.0853,0.076859,0.128592,-14.4587,7.9323,150.0222,-7.5510,-8.2406,150.5589,99.5966,79.5936,149.8178,0.1879,-8.2532,161.2169,-0.085000,-0.030000,150.0000,0.044994,0.007289,150.5589,-0.085000,-0.030000,150.0000,0.027434,0.001158,161.2169,-0.73599,-0.10134,0.05423,1.47585,-0.76345,0.02132,-0.81108,-0.08255,0.05817,1.56011,-0.77231,0.01279,-0.13729,0.40160,0.24363,0.43053,0.45806,0.08550,-3.55050,-15.05970,9.67145,-0.62780,2.59839,-0.26598,-3.75985,-16.92169,8.72929,0.12168,2.35995,-2.19500,-4.96498,-3.76364,88.000,88.000,88.000,139.000,35.000,35.000,88.000,88.000,88.000,139.000,35.000,35.000,25.000,25.000,25.000,25.000
0.4000,-0.02089,0.01558,0.61579,0.99838,0.04172,0.00934,-0.03755,0.03292,-0.00184,0.57359,0.67294,0.08221,0.00007,2,0.03486,1,0.08500,0.03000,0.1237,0.0841,0.077011,0.128503,-13.5327,9.6153,150.0145,-7.6594,-8.1274,150.4659,99.5846,79.6181,149.8128,-0.0311,-8.1134,160.7494,-0.085000,-0.030000,150.0000,0.045147,0.007233,150.4659,-0.085000,-0.030000,150.0000,0.027565,0.001228,160.7494,-0.73724,-0.10062,0.05570,1.47896,-0.76545,0.02147,-0.81325,-0.08164,0.05964,1.56354,-0.77374,0.01266,-0.13811,0.39919,0.24432,0.42879,0.46080,0.06436,-3.55832,-15.10980,9.68791,-0.62663,2.60808,-0.29698,-3.77520,-16.97151,8.71364,0.08857,2.32956,-2.19454,-4.91418,-3.73880,88.000,88.000,88.000,139.000,35.000,35.000,88.000,88.000,88.000,139.000,35.000,35.000,25.000,25.000,25.000,25.000
0.4010,-0.02097,0.01563,0.61506,0.99834,0.04198,0.00930,-0.03832,0.03290,-0.00187,0.57302,0.67289,0.08272,0.00007,2,0.03487,1,0.08500,0.03000,0.1237,0.0835,0.077167,0.128406,-12.5954,11.2795,150.0071,-7.7724,-8.0118,150.3749,99.5743,79.6401,149.8079,-0.2263,-8.0260,160.3243,-0.085000,-0.030000,150.0000,0.045305,0.007170,150.3749,-0.085000,-0.030000,150.0000,0.027639,0.001445,160.3243,-0.73849,-0.09990,0.05717,1.48208,-0.76744,0.02162,-0.81541,-0.08072,0.06110,1.56696,-0.77516,0.01255,-0.13891,0.39680,0.24497,0.42704,0.46344,0.04480,-3.56464,-15.15944,9.70449,-0.62473,2.61653,-0.32596,-3.78839,-17.02023,8.69960,0.05796,2.29945,-2.19426,-4.86459,-3.71447,88.000,88.000,88.000,139.000,35.000,35.000,88.000,88.000,88.000,139.000,35.000,35.000,25.000,25.000,25.000,25.000
0.4020,-0.02106,0.01568,0.61433,0.99830,0.04224,0.00926,-0.03908,0.03287,-0.00190,0.57245,0.67283,0.08322,0.00007,2,0.03487,1,0.08500,0.03000,0.1237,0.0828,0.077324,0.128305,-11.6467,12.9248,150.0001,-7.8848,-7.8954,150.2877,99.5656,79.6600,149.8031,-0.4168,-7.9324,159.9233,-0.085000,-0.030000,150.0000,0.045463,0.007102,150.2877,-0.085000,-0.030000,150.0000,0.027717,0.001643,159.9233,-0.73973,-0.09918,0.05862,1.48521,-0.76943,0.02176,-0.81757,-0.07978,0.06256,1.57038,-0.77656,0.01246,-0.13969,0.39443,0.24560,0.42530,0.46597,0.02669,-3.56959,-15.20863,9.72120,-0.62218,2.62386,-0.35311,-3.79960,-17.06795,8.68711,0.02971,2.26962,-2.19414,-4.81617,-3.69063,88.000,88.000,88.000,139.000,35.000,35.000,88.000,88.000,88.000,139.000,35.000,35.000,25.000,25.000,25.000,25.000
0.4030,-0.02114,0.01573,0.61361,0.99826,0.04249,0.00921,-0.03985,0.03285,-0.00193,0.57188,0.67278,0.08372,0.00007,2,0.03487,1,0.08500,0.03000,0.1238,0.0821,0.077482,0.128201,-10.6865,14.5509,149.9935,-7.9964,-7.7785,150.2044,99.5585,79.6777,149.7984,-0.6027,-7.8340,159.5453,-0.085000,-0.030000,150.0000,0.045624,0.007031,150.2044,-0.085000,-0.030000,150.0000,0.027799,0.001822,159.5453,-0.74096,-0.09844,0.06007,1.48833,-0.77141,0.02191,-0.81972,-0.07884,0.06402,1.57381,-0.77795,0.01237,-0.14045,0.39207,0.24621,0.42356,0.46839,0.00991,-3.57331,-15.25741,9.73810,-0.61908,2.63016,-0.37856,-3.80901,-17.11478,8.67612,0.00368,2.24008,-2.19411,-4.76889,-3.66727,88.000,88.000,88.000,139.000,35.000,35.000,88.000,88.000,88.000,139.000,35.000,35.000,25.000,25.000,25.000,25.000
0.4040,-0.02122,0.01577,0.61288,0.99822,0.04274,0.00917,-0.04061,0.03283,-0.00196,0.57131,0.67272,0.08422,0.00007,2,0.03488,1,0.08500,0.03000,0.1238,0.0814,0.077641,0.128093,-9.7148,16.1577,149.9872,-8.1071,-7.6615,150.1252,99.5529,79.6935,149.7937,-0.7841,-7.7320,159.1890,-0.085000,-0.030000,150.0000,0.045785,0.006957,150.1252,-0.085000,-0.030000,150.0000,0.027884,0.001984,159.1890,-0.74220,-0.09770,0.06151,1.49146,-0.77338,0.02205,-0.82187,-0.07789,0.06546,1.57723,-0.77932,0.01230,-0.14119,0.38973,0.24679,0.42182,0.47072,-0.00564,-3.57590,-15.30580,9.75520,-0.61550,2.63553,-0.40246,-3.81679,-17.16079,8.66657,-0.02025,2.21082,-2.19417,-4.72270,-3.64436,88.000,88.000,88.000,139.000,35.000,35.000,88.000,88.000,88.000,139.000,35.000,35.000,25.000,25.000,25.000,25.000
0.4050,-0.02131,0.01582,0.61215,0.99818,0.04299,0.00912,-0.04137,0.03280,-0.00199,0.57074,0.67267,0.08471,0.00007,2,0.03488,1,0.08500,0.03000,0.1239,0.0807,0.077800,0.127982,-8.7313,17.7453,149.9813,-8.2166,-7.5448,150.0504,99.5487,79.7074,149.7891,-0.9613,-7.6273,158.8535,-0.085000,-0.030000,150.0000,0.045947,0.006881,150.0504,-0.085000,-0.030000,150.0000,0.027973,0.002131,158.8535,-0.74342,-0.09696,0.06293,1.49460,-0.77535,0.02218,-0.82402,-0.07693,0.06690,1.58065,-0.78068,0.01224,-0.14192,0.38741,0.24734,0.42008,0.47296,-0.02006,-3.57748,-15.35383,9.77253,-0.61151,2.64006,-0.42494,-3.82308,-17.20608,8.65841,-0.04223,2.18185,-2.19427,-4.67757,-3.62190,88.000,88.000,88.000,139.000,35.000,35.000,88.000,88.000,88.000,139.000,35.000,35.000,25.000,25.000,25.000,25.000
0.4060,-0.02139,0.01586,0.61142,0.99813,0.04324,0.00907,-0.04213,0.03278,-0.00202,0.57017,0.67261,0.08519,0.00007,2,0.03489,1,0.08500,0.03000,0.1240,0.0800,0.077960,0.127870,-7.7359,19.3139,149.9756,-8.3247,-7.4287,149.9799,99.5458,79.7196,149.7846,-1.1344,-7.5208,158.5376,-0.085000,-0.030000,150.0000,0.046109,0.006804,149.9799,-0.085000,-0.030000,150.0000,0.028065,0.002264,158.5376,-0.74465,-0.09621,0.06435,1.49773,-0.77732,0.02232,-0.82616,-0.07596,0.06833,1.58407,-0.78203,0.01219,-0.14262,0.38510,0.24787,0.41834,0.47511,-0.03343,-3.57814,-15.40152,9.79010,-0.60717,2.64381,-0.44611,-3.82801,-17.25072,8.65159,-0.06237,2.15315,-2.19440,-4.63344,-3.59986,88.000,88.000,88.000,139.000,35.000,35.000,88.000,88.000,88.000,139.000,35.000,35.000,25.000,25.000,25.000,25.000
0.4070,-0.02148,0.01591,0.61069,0.99809,0.04349,0.00902,-0.04290,0.03275,-0.00205,0.56959,0.67256,0.08568,0.00007,2,0.03490,1,0.08500,0.03000,0.1241,0.0793,0.078120,0.127756,-6.7285,20.8637,149.9702,-8.4313,-7.3135,149.9139,99.5441,79.7301,149.7801,-1.3034,-7.4132,158.2406,-0.085000,-0.030000,150.0000,0.046273,0.006724,149.9139,-0.085000,-0.030000,150.0000,0.028160,0.002383,158.2406,-0.74587,-0.09546,0.06576,1.50088,-0.77927,0.02245,-0.82829,-0.07499,0.06975,1.58749,-0.78336,0.01215,-0.14331,0.38282,0.24838,0.41661,0.47718,-0.04582,-3.57796,-15.44889,9.80793,-0.60254,2.64687,-0.46606,-3.83171,-17.29477,8.64604,-0.08081,2.12474,-2.19454,-4.59029,-3.57822,88.000,88.000,88.000,139.000,35.000,35.000,88.000,88.000,88.000,139.000,35.000,35.000,25.000,25.000,25.000,25.000
0.4080,-0.02156,0.01595,0.60996,0.99805,0.04373,0.00896,-0.04365,0.03273,-0.00208,0.56902,0.67250,0.08616,0.00007,2,0.03490,1,0.08500,0.03000,0.1242,0.0786,0.078281,0.127641,-5.7088,22.3949,149.9650,-8.5361,-7.1993,149.8525,99.5436,79.7391,149.7756,-1.4687,-7.3051,157.9613,0.085000,0.030000,150.0000,0.046437,0.006644,149.8525,0.085000,0.030000,150.0000,0.028259,0.002489,157.9613,-0.74708,-0.09470,0.06715,1.50402,-0.78122,0.02257,-0.83042,-0.07401,0.07116,1.59090,-0.78469,0.01212,-0.14398,0.38054,0.24886,0.41488,0.47918,-0.05732,-3.57704,-15.49596,9.82603,-0.59766,2.64930,-0.48489,-3.83427,-17.33831,8.64173,-0.09765,2.09661,-2.19466,-4.54808,-3.55699,88.000,88.000,88.000,139.000,35.000,35.000,88.000,88.000,88.000,139.000,35.000,35.000,25.000,25.000,25.000,25.000
0.4090,-0.02165,0.01599,0.60922,0.99801,0.04397,0.00890,-0.04441,0.03270,-0.00211,0.56844,0.67245,0.08663,0.00007,2,0.03491,1,0.08500,0.03000,0.1243,0.0780,0.078443,0.127525,-4.6771,23.9079,149.9601,-8.6391,-7.0863,149.7957,99.5443,79.7467,149.7712,-1.6302,-7.1969,157.6990,-0.085000,-0.030000,150.0000,0.046601,0.006563,149.7957,-0.085000,-0.030000,150.0000,0.028360,0.002585,157.6990,-0.74830,-0.09394,0.06854,1.50716,-0.78317,0.02270,-0.83254,-0.07302,0.07256,1.59432,-0.78600,0.01209,-0.14463,0.37829,0.24932,0.41315,0.48110,-0.06797,-3.57543,-15.54274,9.84441,-0.59257,2.65116,-0.50267,-3.83581,-17.38137,8.63859,-0.11302,2.06877,-2.19475,-4.50678,-3.53614,88.000,88.000,88.000,139.000,35.000,35.000,88.000,88.000,88.000,139.000,35.000,35.000,25.000,25.000,25.000,25.000
0.4100,-0.02174,0.01603,0.60849,0.99796,0.04421,0.00884,-0.04517,0.03268,-0.00214,0.56786,0.67239,0.08711,0.00007,2,0.03492,1,0.08500,0.03000,0.1245,0.0774,0.078604,0.127409,-3.6327,25.4030,149.9554,-8.7402,-6.9748,149.7435,99.5460,79.7529,149.7668,-1.7882,-7.0893,157.4527,-0.085000,-0.030000,150.0000,0.046766,0.006481,149.7435,-0.085000,-0.030000,150.0000,0.028464,0.002669,157.4527,-0.74951,-0.09318,0.06991,1.51031,-0.78511,0.02282,-0.83465,-0.07203,0.07395,1.59773,-0.78730,0.01207,-0.14527,0.37605,0.24976,0.41142,0.48297,-0.07784,-3.57320,-15.58925,9.86306,-0.58732,2.65251,-0.51949,-3.83641,-17.42403,8.63658,-0.12702,2.04121,-2.19481,-4.46634,-3.51567,88.000,88.000,88.000,139.000,35.000,35.000,88.000,88.000,88.000,139.000,35.000,35.000,25.000,25.000,25.000,25.000
0.4110,-0.02182,0.01607,0.60776,0.99792,0.04445,0.00878,-0.04592,0.03265,-0.00217,0.56729,0.67234,0.08758,0.00007,2,0.03493,1,0.08500,0.03000,0.4677,0.0884,0.116740,0.124136,-2.5757,26.8807,149.9509,-32.9647,-5.2479,118.9456,99.5486,79.7578,149.7623,-3.6020,-7.4274,155.6163,-0.084980,-0.029987,150.0000,0.085008,0.007853,118.9456,-0.084979,-0.029986,150.0000,0.029937,0.003758,155.6163,-0.75068,-0.09244,0.07124,1.51341,-0.78711,0.02292,-0.83676,-0.07104,0.07534,1.60113,-0.78860,0.01206,-0.14589,0.37382,0.25017,0.40970,0.48478,-0.08698,-3.57043,-15.63552,9.88200,-0.58194,2.65341,-0.53540,-3.83617,-17.46632,8.63565,-0.13975,2.01394,-2.19482,-4.42673,-3.49556,88.000,88.000,88.000,139.000,35.000,35.000,88.000,88.000,88.000,139.000,35.000,35.000,25.000,25.000,25.000,25.000
0.4120,-0.02191,0.01610,0.60702,0.99787,0.04469,0.00872,-0.04667,0.03263,-0.00220,0.56671,0.67228,0.08804,0.00007,2,0.03493,1,0.08500,0.03000,0.1081,0.0918,0.076840,0.127331,0.7839,27.9371,149.9429,-7.1319,-6.8321,152.2837,99.5520,79.7596,149.7592,-3.6357,-7.7520,155.4896,-0.085000,-0.030000,150.0000,0.045003,0.006218,152.2837,-0.085000,-0.030000,150.0000,0.030019,0.003798,155.4896,-0.75186,-0.09170,0.07256,1.51652,-0.78909,0.02303,-0.83887,-0.07005,0.07671,1.60453,-0.78988,0.01207,-0.14649,0.37162,0.25056,0.40797,0.43545,-0.03611,-3.50382,-15.58628,10.02161,-0.55672,2.65560,-0.54125,-3.83870,-17.50520,8.64058,-0.17426,1.98832,-2.19472,-4.38543,-3.47329,88.000,88.000,88.000,139.000,35.000,35.000,88.000,88.000,88.000,139.000,35.000,35.000,25.000,25.000,25.000,25.000
0.4130,-0.02200,0.01614,0.60628,0.99783,0.04492,0.00865,-0.04742,0.03260,-0.00224,0.56613,0.67223,0.08851,0.00007,2,0.03494,1,0.08500,0.03000,0.1102,0.0909,0.078058,0.126951,2.0364,29.4455,149.9383,-7.5691,-6.6042,151.9116,99.5558,79.7585,149.7572,-3.6504,-7.6511,155.4747,0.085000,0.030000,150.0000,0.046247,0.006000,151.9116,0.085000,-0.021317,150.0000,0.030024,0.003972,155.4747,-0.75304,-0.09096,0.07387,1.51964,-0.79107,0.02313,-0.84096,-0.06905,0.07806,1.60793,-0.79117,0.01210,-0.14707,0.36942,0.25094,0.40625,0.44234,-0.04975,-3.50750,-15.64071,10.03092,-0.55461,2.65435,-0.55020,-3.83212,-17.54329,8.64702,-0.20207,1.96178,-2.19417,-4.34702,-3.45406,88.000,88.000,88.000,139.000,35.000,35.000,88.000,88.000,88.000,139.000,35.000,35.000,25.000,25.000,25.000,25.000
0.4140,-0.02209,0.01618,0.60555,0.99778,0.04516,0.00859,-0.04817,0.03257,-0.00227,0.56555,0.67217,0.08897,0.00007,2,0.03495,1,0.08500,0.03000,0.1112,0.0897,0.078257,0.126865,3.2839,30.9421,149.9340,-7.7371,-6.5225,151.7265,99.5602,79.7550,149.7562,-3.6734,-7.5206,155.4376,-0.085000,-0.030000,150.0000,0.046444,0.005951,151.7265,-0.085000,-0.030000,150.0000,0.030063,0.004100,155.4376,-0.75421,-0.09021,0.07518,1.52276,-0.79304,0.02323,-0.84305,-0.06805,0.07940,1.61132,-0.79244,0.01213,-0.14764,0.36725,0.25129,0.40454,0.44882,-0.06244,-3.51021,-15.69427,10.04127,-0.55200,2.65306,-0.55892,-3.82527,-17.58157,8.65378,-0.22690,1.93551,-2.19361,-4.30937,-3.43513,88.000,88.000,88.000,139.000,35.000,35.000,88.000,88.000,88.000,139.000,35.000,35.000,25.000,25.000,25.000,25.000
0.4150,-0.02218,0.01621,0.60481,0.99773,0.04539,0.00852,-0.04892,0.03255,-0.00230,0.56497,0.67212,0.08943,0.00007,2,0.03495,1,0.08500,0.03000,0.1121,0.0887,0.078456,0.126776,4.5280,32.4269,149.9300,-7.9001,-6.4399,151.5552,99.5651,79.7491,149.7560,-3.7027,-7.3935,155.3999,-0.085000,-0.030000,150.0000,0.046640,0.005900,151.5552,-0.085000,-0.030000,150.0000,0.030109,0.004209,155.3999,-0.75538,-0.08945,0.07647,1.52589,-0.79500,0.02333,-0.84513,-0.06705,0.08073,1.61471,-0.79371,0.01217,-0.14819,0.36509,0.25162,0.40282,0.45491,-0.07424,-3.51203,-15.74703,10.05259,-0.54897,2.65174,-0.56740,-3.81818,-17.62002,8.66085,-0.24902,1.90949,-2.19302,-4.27245,-3.41649,88.000,88.000,88.000,139.000,35.000,35.000,88.000,88.000,88.000,139.000,35.000,35.000,25.000,25.000,25.000,25.000
0.4160,-0.02227,0.01625,0.60407,0.99769,0.04562,0.00845,-0.04966,0.03252,-0.00234,0.56438,0.67206,0.08988,0.00007,2,0.03496,1,0.08500,0.03000,0.1130,0.0877,0.078653,0.126684,11.9929,89.5210,149.8092,-8.0584,-6.3565,151.3968,93.3395,24.0502,149.8756,-3.7378,-7.2696,155.3619,0.033622,-0.030000,150.0000,0.046837,0.005845,151.3968,0.084999,-0.013689,150.0000,0.030160,0.004301,155.3619,-0.75655,-0.08870,0.07776,1.52902,-0.79695,0.02342,-0.84720,-0.06605,0.08205,1.61810,-0.79498,0.01222,-0.14873,0.36294,0.25193,0.40111,0.46064,-0.08519,-3.51305,-15.79903,10.06483,-0.54556,2.65039,-0.57564,-3.81087,-17.65865,8.66826,-0.26866,1.88373,-2.19240,-4.23624,-3.39815,88.000,88.000,88.000,139.000,35.000,35.000,88.000,88.000,88.000,139.000,35.000,35.000,25.000,25.000,25.000,25.000
0.4170,-0.02236,0.01628,0.60333,0.99764,0.04585,0.00837,-0.05040,0.03249,-0.00237,0.56380,0.67200,0.09034,0.00007,2,0.03496,1,0.08500,0.03000,0.1139,0.0868,0.078850,0.126590,13.0635,89.3847,149.8105,-8.2118,-6.2728,151.2509,93.4997,25.4980,149.8758,-3.7784,-7.1492,155.3238,-0.085000,-0.030000,150.0000,0.047033,0.005788,151.2509,-0.085000,-0.030000,150.0000,0.030217,0.004379,155.3238,-0.75772,-0.08794,0.07904,1.53216,-0.79889,0.02352,-0.84927,-0.06505,0.08335,1.62148,-0.79624,0.01228,-0.14925,0.36081,0.25222,0.39940,0.46605,-0.09534,-3.51332,-15.85034,10.07794,-0.54183,2.64902,-0.58364,-3.80337,-17.69744,8.67601,-0.28604,1.85822,-2.19173,-4.20069,-3.38009,88.000,88.000,88.000,139.000,35.000,35.000,88.000,88.000,88.000,139.000,35.000,35.000,25.000,25.000,25.000,25.000
0.4180,-0.02245,0.01631,0.60259,0.99759,0.04608,0.00830,-0.05113,0.03246,-0.00241,0.56322,0.67195,0.09078,0.00007,2,0.03497,1,0.08500,0.03000,0.1147,0.0859,0.079046,0.126493,14.1361,89.2477,149.8119,-8.3604,-6.1889,151.1166,93.6616,26.9524,149.8759,-3.8242,-7.0320,155.2859,-0.085000,-0.030000,150.0000,0.047228,0.005729,151.1166,-0.085000,-0.030000,150.0000,0.030279,0.004442,155.2859,-0.75889,-0.08718,0.08031,1.53530,-0.80083,0.02361,-0.85133,-0.06405,0.08464,1.62485,-0.79749,0.01235,-0.14976,0.35869,0.25250,0.39770,0.47116,-0.10473,-3.51291,-15.90100,10.09187,-0.53783,2.64765,-0.59140,-3.79570,-17.73639,8.68410,-0.30136,1.83298,-2.19101,-4.16579,-3.36231,88.000,88.000,88.000,139.000,35.000,35.000,88.000,88.000,88.000,139.000,35.000,35.000,25.000,25.000,25.000,25.000
0.4190,-0.02254,0.01634,0.60185,0.99755,0.04630,0.00822,-0.05187,0.03243,-0.00244,0.56263,0.67189,0.09123,0.00007,2,0.03498,1,0.08500,0.03000,0.1156,0.0851,0.079240,0.126395,15.2120,89.1097,149.8134,-8.5044,-6.1051,150.9936,93.8251,28.4121,149.8760,-3.8747,-6.9180,155.2485,-0.085000,-0.030000,150.0000,0.047422,0.005668,150.9936,-0.085000,-0.030000,150.0000,0.030346,0.004494,155.2485,-0.76005,-0.08641,0.08156,1.53845,-0.80276,0.02369,-0.85338,-0.06305,0.08591,1.62822,-0.79874,0.01242,-0.15025,0.35659,0.25275,0.39600,0.47599,-0.11340,-3.51187,-15.95105,10.10655,-0.53360,2.64627,-0.59892,-3.78788,-17.77549,8.69253,-0.31482,1.80800,-2.19023,-4.13151,-3.34480,88.000,88.000,88.000,139.000,35.000,35.000,88.000,88.000,88.000,139.000,35.000,35.000,25.000,25.000,25.000,25.000
0.4200,-0.02263,0.01637,0.60110,0.99750,0.04652,0.00814,-0.05260,0.03240,-0.00248,0.56205,0.67183,0.09167,0.00007,2,0.03498,1,0.08500,0.03000,0.1164,0.0844,0.079434,0.126296,16.2923,88.9706,149.8149,-8.6436,-6.0216,150.8811,93.9901,29.8758,149.8761,-3.9298,-6.8073,155.2116,-0.085000,-0.030000,150.0000,0.047616,0.005606,150.8811,-0.085000,-0.030000,150.0000,0.030418,0.004534,155.2116,-0.76121,-0.08565,0.08281,1.54160,-0.80468,0.02378,-0.85542,-0.06205,0.08718,1.63159,-0.79998,0.01249,-0.15072,0.35451,0.25299,0.39431,0.48056,-0.12140,-3.51026,-16.00053,10.12196,-0.52917,2.64490,-0.60619,-3.77992,-17.81475,8.70130,-0.32658,1.78328,-2.18940,-4.09782,-3.32755,88.000,88.000,88.000,139.000,35.000,35.000,88.000,88.000,88.000,139.000,35.000,35.000,25.000,25.000,25.000,25.000
0.4210,-0.02272,0.01640,0.60036,0.99745,0.04675,0.00806,-0.05332,0.03237,-0.00251,0.56146,0.67178,0.09211,0.00007,2,0.03498,1,0.08500,0.03000,0.1171,0.3341,0.079612,0.126197,17.3780,88.8304,149.8164,-8.7700,-5.9487,150.7897,94.1564,31.3423,149.8762,-12.9412,-24.4208,137.8605,-0.085000,-0.030000,150.0000,0.047794,0.005544,150.7897,-0.085000,-0.030000,150.0000,0.038108,0.028632,137.8605,-0.76237,-0.08488,0.08405,1.54475,-0.80659,0.02386,-0.85745,-0.06105,0.08844,1.63493,-0.80119,0.01280,-0.15118,0.35244,0.25321,0.39261,0.48491,-0.12875,-3.50812,-16.04949,10.13804,-0.52458,2.64355,-0.61321,-3.77185,-17.85414,8.71041,-0.33680,1.75881,-2.18850,-4.06469,-3.31057,88.000,88.000,88.000,139.000,35.000,35.000,88.000,88.000,88.000,139.000,35.000,35.000,25.000,25.000,25.000,25.000
0.4220,-0.02281,0.01642,0.59961,0.99740,0.04696,0.00798,-0.05405,0.03234,-0.00255,0.56087,0.67172,0.09254,0.00007,2,0.03498,1,0.08500,0.03000,0.1181,0.0683,0.079832,0.126092,19.0186,88.6206,149.8172,-8.9188,-5.8752,150.6751,94.5405,34.7084,149.8805,-3.2942,-5.5047,156.5840,-0.085000,-0.030000,150.0000,0.048014,0.005479,150.6751,-0.085000,-0.030000,150.0000,0.029851,0.004213,156.5840,-0.76353,-0.08411,0.08527,1.54791,-0.80851,0.02393,-0.85947,-0.06006,0.08968,1.63827,-0.80240,0.01309,-0.15163,0.35038,0.25341,0.39093,0.48951,-0.13663,-3.50597,-16.09779,10.15463,-0.51981,2.62291,-0.60129,-3.78851,-17.83795,8.65347,-0.81705,1.73483,-2.18752,-4.03154,-3.29444,88.000,88.000,88.000,139.000,35.000,35.000,88.000,88.000,88.000,139.000,35.000,35.000,25.000,25.000,25.000,25.000
0.4230,-0.02290,0.01645,0.59887,0.99735,0.04718,0.00789,-0.05477,0.03231,-0.00259,0.56028,0.67166,0.09298,0.00007,2,0.03498,1,0.08500,0.03000,0.4573,0.0707,0.116683,0.122591,15.1583,45.2717,149.9012,-32.9272,-4.3200,121.0273,99.6192,79.5789,149.8106,-3.1033,-5.8592,156.3972,-0.085000,-0.030000,150.0000,0.085005,0.006575,121.0273,-0.085000,-0.030000,150.0000,0.029365,0.007060,156.3972,-0.76466,-0.08337,0.08646,1.55102,-0.81047,0.02400,-0.86149,-0.05906,0.09092,1.64161,-0.80360,0.01336,-0.15206,0.34834,0.25359,0.38924,0.49349,-0.14360,-3.50235,-16.14633,10.17237,-0.51456,2.62378,-0.60961,-3.77544,-17.88369,8.66885,-0.77311,1.71060,-2.18626,-3.99992,-3.27791,88.000,88.000,88.000,139.000,35.000,35.000,88.000,88.000,88.000,139.000,35.000,35.000,25.000,25.000,25.000,25.000
0.4240,-0.02299,0.01648,0.59812,0.99730,0.04740,0.00781,-0.05549,0.03228,-0.00263,0.55969,0.67161,0.09341,0.00007,2,0.03498,1,0.08500,0.03000,0.1031,0.0754,0.078224,0.126050,18.4912,46.2380,149.8975,-7.4372,-5.8572,153.0199,99.6276,79.5339,149.8289,-3.3159,-6.2343,156.1624,-0.085000,-0.030000,150.0000,0.046401,0.005262,153.0199,-0.085000,-0.030000,150.0000,0.029670,0.006750,156.1624,-0.76579,-0.08262,0.08763,1.55414,-0.81243,0.02406,-0.86350,-0.05806,0.09214,1.64494,-0.80480,0.01361,-0.15248,0.34631,0.25376,0.38756,0.44937,-0.08942,-3.43624,-16.10183,10.30963,-0.48940,2.62843,-0.61402,-3.77070,-17.92978,8.68281,-0.73624,1.68811,-2.18495,-3.96644,-3.25938,88.000,88.000,88.000,139.000,35.000,35.000,88.000,88.000,88.000,139.000,35.000,35.000,25.000,25.000,25.000,25.000
0.4250,-0.02309,0.01650,0.59737,0.99725,0.04762,0.00772,-0.05620,0.03225,-0.00266,0.55910,0.67155,0.09384,0.00007,2,0.03498,1,0.08500,0.03000,0.1058,0.0755,0.079433,0.125676,19.7612,47.6353,149.8958,-7.8878,-5.6355,152.6542,99.6366,79.4910,149.8457,-3.4630,-6.1637,156.0583,-0.085000,-0.030000,150.0000,0.047635,0.005052,152.6542,-0.085000,-0.030000,150.0000,0.029833,0.006492,156.0583,-0.76692,-0.08187,0.08880,1.55727,-0.81437,0.02412,-0.86550,-0.05706,0.09334,1.64828,-0.80600,0.01384,-0.15289,0.34429,0.25391,0.38588,0.45791,-0.10101,-3.43826,-16.15812,10.31839,-0.48730,2.62947,-0.62262,-3.75832,-17.97471,8.69795,-0.69932,1.66448,-2.18328,-3.93567,-3.24366,88.000,88.000,88.000,139.000,35.000,35.000,88.000,88.000,88.000,139.000,35.000,35.000,25.000,25.000,25.000,25.000
0.4260,-0.02318,0.01652,0.59662,0.99720,0.04783,0.00763,-0.05691,0.03222,-0.00270,0.55851,0.67149,0.09426,0.00007,2,0.03498,1,0.08500,0.03000,0.1072,0.0754,0.079648,0.125597,21.0363,49.0188,149.8941,-8.0714,-5.5614,152.4590,99.6461,79.4502,149.8610,-3.6111,-6.0635,155.9409,-0.085000,-0.030000,150.0000,0.047847,0.005011,152.4590,-0.085000,-0.030000,150.0000,0.030021,0.006231,155.9409,-0.76804,-0.08112,0.08996,1.56040,-0.81631,0.02418,-0.86750,-0.05606,0.09453,1.65161,-0.80720,0.01405,-0.15328,0.34229,0.25404,0.38421,0.46594,-0.11148,-3.43941,-16.21332,10.32829,-0.48479,2.63029,-0.63074,-3.74633,-18.01928,8.71313,-0.66564,1.64115,-2.18167,-3.90534,-3.22813,88.000,88.000,88.000,139.000,35.000,35.000,88.000,88.000,88.000,139.000,35.000,35.000,25.000,25.000,25.000,25.000
0.4270,-0.02328,0.01655,0.59587,0.99715,0.04804,0.00754,-0.05762,0.03218,-0.00274,0.55792,0.67144,0.09468,0.00007,2,0.03498,1,0.08500,0.03000,0.1084,0.0754,0.079861,0.125515,22.3177,50.3889,149.8926,-8.2486,-5.4873,152.2788,99.6560,79.4111,149.8752,-3.7557,-5.9665,155.8331,-0.084964,-0.029972,150.0000,0.048057,0.004968,152.2788,-0.084963,-0.029973,150.0000,0.030205,0.005991,155.8331,-0.76917,-0.08037,0.09111,1.56354,-0.81823,0.02424,-0.86950,-0.05506,0.09571,1.65494,-0.80840,0.01425,-0.15365,0.34030,0.25416,0.38254,0.47351,-0.12092,-3.43978,-16.26750,10.33927,-0.48193,2.63094,-0.63839,-3.73470,-18.06353,8.72836,-0.63488,1.61810,-2.18009,-3.87544,-3.21278,88.000,88.000,88.000,139.000,35.000,35.000,88.000,88.000,88.000,139.000,35.000,35.000,25.000,25.000,25.000,25.000
0.4280,-0.02337,0.01657,0.59512,0.99710,0.04825,0.00744,-0.05832,0.03215,-0.00278,0.55733,0.67138,0.09510,0.00007,2,0.03498,1,0.08500,0.03000,0.1097,0.0754,0.080073,0.125431,19.2823,52.0233,149.8954,-8.4197,-5.4133,152.1127,99.6679,79.3749,149.8887,-3.8972,-5.8725,155.7341,-0.085007,-0.030007,150.0005,0.048266,0.004922,152.1127,-0.085007,-0.030007,150.0005,0.030384,0.005770,155.7341,-0.77030,-0.07961,0.09226,1.56669,-0.82015,0.02430,-0.87148,-0.05406,0.09687,1.65828,-0.80959,0.01443,-0.15402,0.33833,0.25427,0.38088,0.48064,-0.12940,-3.43944,-16.32074,10.35125,-0.47877,2.63144,-0.64560,-3.72339,-18.10751,8.74362,-0.60679,1.59533,-2.17853,-3.84594,-3.19762,88.000,88.000,88.000,139.000,35.000,35.000,88.000,88.000,88.000,139.000,35.000,35.000,25.000,25.000,25.000,25.000
0.4290,-0.02347,0.01659,0.59437,0.99705,0.04846,0.00735,-0.05902,0.03212,-0.00282,0.55673,0.67132,0.09552,0.00007,2,0.03498,1,0.08500,0.03000,0.1109,0.0755,0.080283,0.125345,20.6638,53.4037,149.8936,-8.5846,-5.3396,151.9602,99.6786,79.3389,149.9006,-4.0359,-5.7816,155.6434,-0.085007,-0.030007,150.0005,0.048473,0.004874,151.9602,-0.085007,-0.030007,150.0005,0.030560,0.005566,155.6434,-0.77142,-0.07885,0.09339,1.56984,-0.82207,0.02435,-0.87346,-0.05306,0.09802,1.66161,-0.81079,0.01460,-0.15437,0.33637,0.25435,0.37922,0.48738,-0.13699,-3.43845,-16.37311,10.36417,-0.47534,2.63182,-0.65237,-3.71238,-18.15124,8.75892,-0.58110,1.57283,-2.17698,-3.81684,-3.18263,88.000,88.000,88.000,139.000,35.000,35.000,88.000,88.000,88.000,139.000,35.000,35.000,25.000,25.000,25.000,25.000
0.4300,-0.02356,0.01661,0.59362,0.99700,0.04867,0.00725,-0.05971,0.03208,-0.00286,0.55614,0.67126,0.09593,0.00007,2,0.03499,1,0.08500,0.03000,0.1121,0.0756,0.080490,0.125257,22.0517,54.7766,149.8919,-8.7434,-5.2665,151.8204,99.6896,79.3043,149.9116,-4.1719,-5.6936,155.5605,-0.085007,-0.030007,150.0005,0.048679,0.004824,151.8204,-0.085007,-0.030007,150.0005,0.030733,0.005377,155.5605,-0.77255,-0.07809,0.09451,1.57300,-0.82397,0.02440,-0.87544,-0.05206,0.09915,1.66493,-0.81198,0.01475,-0.15470,0.33442,0.25443,0.37757,0.49375,-0.14375,-3.43686,-16.42467,10.37796,-0.47169,2.63210,-0.65874,-3.70162,-18.19476,8.77427,-0.55759,1.55060,-2.17541,-3.78812,-3.16783,88.000,88.000,88.000,139.000,35.000,35.000,88.000,88.000,88.000,139.000,35.000,35.000,25.000,25.000,25.000,25.000
0.4310,-0.02365,0.01664,0.59287,0.99695,0.04887,0.00714,-0.06045,0.03205,-0.00290,0.55554,0.67121,0.09634,0.00007,2,0.03499,0,0.08500,0.03000,0.1132,0.0758,0.080696,0.125168,23.4469,56.1418,149.8902,-8.8964,-5.1942,151.6928,99.7010,79.2709,149.9217,-4.3054,-5.6084,155.4848,-0.085007,-0.030007,150.0005,0.048883,0.004773,151.6928,-0.085007,-0.030007,150.0005,0.030903,0.005203,155.4848,-0.77357,-0.07723,0.09579,1.57611,-0.82611,0.02496,-0.87734,-0.05097,0.10044,1.66824,-0.81333,0.01542,-0.15497,0.33205,0.25365,0.37754,-5.03033,13.45976,12.47329,-31.95208,-8.78913,2.89432,28.20789,-4.22127,28.98862,-12.11144,-3.81083,2.02763,-25.00111,-16.65309,-25.00111,25.00111,88.000,88.000,88.000,139.000,35.000,35.000,88.000,88.000,88.000,139.000,35.000,35.000,25.000,25.000,25.000,25.000
0.4320,-0.02373,0.01669,0.59212,0.99689,0.04908,0.00702,-0.06122,0.03201,-0.00293,0.55494,0.67115,0.09676,0.00007,2,0.03500,1,0.08500,0.03000,0.2483,0.8269,-0.023308,0.149764,21.7354,52.9193,149.9263,-8.2714,19.3753,141.4118,99.6782,79.1857,149.9819,60.0501,52.2783,160.4691,-0.085007,-0.030007,150.0005,-0.057403,0.016078,141.4118,-0.085007,-0.030007,150.0005,-0.064354,-0.015650,160.4691,-0.77449,-0.07628,0.09721,1.57919,-0.82846,0.02600,-0.87920,-0.04980,0.10186,1.67158,-0.81472,0.01618,-0.15520,0.32928,0.25206,0.37904,-5.03033,13.45976,12.47329,-31.95208,-8.78913,2.89432,28.20789,-4.22127,28.98862,-12.11144,-3.81083,2.02763,-25.00111,-16.65309,-25.00111,25.00111,88.000,88.000,88.000,139.000,35.000,35.000,88.000,88.000,88.000,139.000,35.000,35.000,25.000,25.000,25.000,25.000
0.4330,-0.02380,0.01676,0.59138,0.99683,0.04929,0.00689,-0.06200,0.03198,-0.00297,0.55435,0.67109,0.09717,0.00007,2,0.03502,0,0.08500,0.03000,0.2426,0.8262,-0.023489,0.149857,19.4603,49.7807,149.9825,-6.4602,19.7467,142.7571,99.6507,79.1052,150.0426,49.9181,55.7723,150.9863,-0.085007,-0.030007,150.0005,-0.057610,0.016140,142.7571,-0.085007,-0.030007,150.0005,-0.062579,-0.025661,150.9863,-0.77534,-0.07528,0.09874,1.58224,-0.83101,0.02749,-0.88100,-0.04858,0.10340,1.67495,-0.81617,0.01693,-0.15534,0.32602,0.24965,0.38202,-7.47808,14.27847,9.40304,-32.51221,-8.87896,3.32811,25.83445,-3.92713,27.60382,-13.32318,-3.91907,2.19568,-25.00111,-18.73472,-25.00111,25.00111,88.000,88.000,88.000,139.000,35.000,35.000,88.000,88.000,88.000,139.000,35.000,35.000,25.000,25.000,25.000,25.000
0.4340,-0.02387,0.01684,0.59064,0.99678,0.04950,0.00675,-0.06279,0.03195,-0.00300,0.55375,0.67103,0.09759,0.00007,2,0.03505,1,0.08500,0.03000,0.4294,0.8250,-0.055376,0.116049,100.5390,77.8124,150.1251,18.3790,34.6485,152.2202,18.2302,49.3255,150.0461,46.0918,46.9622,132.9343,-0.085007,-0.030007,150.0005,-0.085002,-0.021420,152.2202,-0.085007,-0.030007,150.0005,-0.085001,-0.025004,132.9343,-0.77613,-0.07422,0.10035,1.58527,-0.83351,0.02896,-0.88273,-0.04730,0.10506,1.67834,-0.81748,0.01770,-0.15544,0.32229,0.24645,0.38638,-7.47808,14.27847,9.40304,-32.51221,-8.87896,3.32811,25.83445,-3.92713,27.60382,-13.32318,-3.91907,2.19568,-25.00111,-18.73472,-25.00111,25.00111,88.000,88.000,88.000,139.000,35.000,35.000,88.000,88.000,88.000,139.000,35.000,35.000,25.000,25.000,25.000,25.000
0.4350,-0.02393,0.01693,0.58990,0.99671,0.04971,0.00660,-0.06360,0.03192,-0.00304,0.55314,0.67098,0.09801,0.00007,2,0.03502,1,0.08500,0.03000,0.4308,0.0000,-0.055368,0.115996,100.4345,77.6457,150.2799,18.3225,34.7761,152.0783,42.7883,58.3345,150.0821,0.0000,0.0000,0.0000,-0.085000,0.030000,150.0000,-0.085004,-0.021471,152.0783,0.072231,0.013065,150.0000,0.000000,0.000000,0.0000,-0.77688,-0.07310,0.10203,1.58829,-0.83596,0.03042,-0.88433,-0.04592,0.10699,1.68146,-0.81900,0.01865,-0.15551,0.31810,0.24250,0.39205,-7.47808,14.27847,9.40304,-32.51221,-8.87896,3.32811,25.83445,-3.92713,27.60382,-13.32318,-3.91907,2.19568,-25.00111,-18.73472,-25.00111,25.00111,88.000,88.000,88.000,139.000,35.000,35.000,88.000,88.000,88.000,139.000,35.000,35.000,25.000,25.000,25.000,25.000
0.4360,-0.02399,0.01704,0.58917,0.99665,0.04993,0.00644,-0.06443,0.03190,-0.00307,0.55254,0.67092,0.09844,0.00007,2,0.03500,1,0.08500,0.03000,0.4316,0.8250,-0.055351,0.116022,100.3358,77.4899,150.4262,18.2690,34.6942,151.4266,61.1834,77.9135,150.1588,49.7735,50.8351,143.7266,-0.085000,-0.030000,150.0000,-0.085006,-0.021438,151.4266,-0.085000,-0.030000,150.0000,-0.085002,-0.025008,143.7266,-0.77757,-0.07194,0.10377,1.59130,-0.83836,0.03188,-0.88587,-0.04450,0.10904,1.68463,-0.82035,0.01959,-0.15558,0.31349,0.23782,0.39895,-7.47808,14.27847,9.40304,-32.51221,-8.87896,3.32811,25.83445,-3.92713,27.60382,-13.32318,-3.91907,2.19568,-25.00111,-18.73472,-25.00111,25.00111,88.000,88.000,88.000,139.000,35.000,35.000,88.000,88.000,88.000,139.000,35.000,35.000,25.000,25.000,25.000,25.000
0.4370,-0.02403,0.01716,0.58843,0.99659,0.05014,0.00626,-0.06527,0.03187,-0.00309,0.55193,0.67086,0.09887,0.00007,2,0.03500,1,0.08500,0.03000,0.4329,0.8250,-0.055345,0.115969,100.2425,77.3437,150.5636,18.1826,34.7509,150.9975,69.9455,82.3362,150.2002,49.7676,50.4584,143.1800,-0.085000,-0.030000,150.0000,-0.085008,-0.021480,150.9975,-0.085000,-0.030000,150.0000,-0.085002,-0.025009,143.1800,-0.77821,-0.07073,0.10560,1.59430,-0.84072,0.03333,-0.88735,-0.04304,0.11120,1.68784,-0.82155,0.02051,-0.15568,0.30846,0.23243,0.40701,-7.47808,14.27847,9.40304,-32.51221,-8.87896,3.32811,25.83445,-3.92713,27.60382,-13.32318,-3.91907,2.19568,-25.00111,-18.73472,-25.00111,25.00111,88.000,88.000,88.000,139.000,35.000,35.000,88.000,88.000,88.000,139.000,35.000,35.000,25.000,25.000,25.000,25.000
0.4380,-0.02408,0.01729,0.58770,0.99652,0.05037,0.00608,-0.06612,0.03184,-0.00312,0.55132,0.67080,0.09931,0.00007,2,0.03501,1,0.08500,0.03000,0.4539,0.8263,-0.055778,0.112436,100.1541,77.2064,150.6928,15.5987,37.0206,147.5227,82.8808,80.8692,150.2108,54.5416,61.0355,165.1101,-0.085000,-0.030000,150.0000,-0.085010,-0.025028,147.5227,-0.085000,-0.030000,150.0000,-0.058884,-0.025779,165.1101,-0.77879,-0.06949,0.10749,1.59728,-0.84306,0.03473,-0.88880,-0.04156,0.11346,1.69113,-0.82285,0.02139,-0.15585,0.30304,0.22635,0.41617,-7.47808,14.27847,9.40304,-32.51221,-8.87896,3.32811,25.83445,-3.92713,27.60382,-13.32318,-3.91907,2.19568,-25.00111,-18.73472,-25.00111,25.00111,88.000,88.000,88.000,139.000,35.000,35.000,88.000,88.000,88.000,139.000,35.000,35.000,25.000,25.000,25.000,25.000
0.4390,-0.02411,0.01744,0.58696,0.99645,0.05060,0.00588,-0.06699,0.03182,-0.00314,0.55071,0.67074,0.09976,0.00007,2,0.03503,1,0.08500,0.03000,0.4544,0.8263,-0.055768,0.112414,100.0721,77.0840,150.8122,15.7734,36.9556,147.3665,80.3607,81.1788,150.2065,53.9884,60.5009,163.5562,-0.085007,-0.030007,150.0005,-0.085011,-0.025033,147.3665,-0.085007,-0.030007,150.0005,-0.058543,-0.025789,163.5562,-0.77931,-0.06821,0.10946,1.60024,-0.84536,0.03611,-0.89020,-0.04004,0.11582,1.69450,-0.82426,0.02222,-0.15610,0.29723,0.21960,0.42636,-7.47808,14.27847,9.40304,-32.51221,-8.87896,3.32811,25.83445,-3.92713,27.60382,-13.32318,-3.91907,2.19568,-25.00111,-18.73472,-25.00111,25.00111,88.000,88.000,88.000,139.000,35.000,35.000,88.000,88.000,88.000,139.000,35.000,35.000,25.000,25.000,25.000,25.000
0.4400,-0.02414,0.01760,0.58623,0.99638,0.05083,0.00567,-0.06788,0.03180,-0.00316,0.55010,0.67068,0.10023,0.00007,2,0.03508,1,0.08500,0.03000,0.4548,0.8264,-0.055758,0.112390,99.9928,76.9731,150.9214,15.9153,36.8744,147.1765,87.1098,62.3006,150.1547,53.3911,59.9985,161.9852,-0.085007,-0.030007,150.0005,-0.085012,-0.025038,147.1765,-0.085007,-0.030007,150.0005,-0.058185,-0.025800,161.9852,-0.77977,-0.06690,0.11151,1.60319,-0.84764,0.03745,-0.89155,-0.03849,0.11828,1.69793,-0.82576,0.02302,-0.15647,0.29105,0.21220,0.43751,-7.47808,14.27847,9.40304,-32.51221,-8.87896,3.32811,25.83445,-3.92713,27.60382,-13.32318,-3.91907,2.19568,-25.00111,-18.73472,-25.00111,25.00111,88.000,88.000,88.000,139.000,35.000,35.000,88.000,88.000,88.000,139.000,35.000,35.000,25.000,25.000,25.000,25.000
0.4410,-0.02416,0.01778,0.58550,0.99631,0.05108,0.00546,-0.06879,0.03178,-0.00318,0.54949,0.67063,0.10072,0.00007,2,0.03507,1,0.08500,0.03000,0.4558,1.1667,-0.055749,0.112365,99.9175,76.8743,151.0216,16.0455,36.9362,147.2448,87.3619,34.8105,150.0780,0.0000,23.8509,34.0728,-0.085007,-0.030007,150.0005,-0.085013,-0.025042,147.2448,-0.085007,-0.030007,150.0005,0.085001,-0.030010,34.0728,-0.78017,-0.06552,0.11363,1.60612,-0.84990,0.03876,-0.89278,-0.03684,0.12098,1.70116,-0.82775,0.02397,-0.15698,0.28451,0.20416,0.44959,-7.47808,14.27847,9.40304,-32.51221,-8.87896,3.32811,25.83445,-3.92713,27.60382,-13.32318,-3.91907,2.19568,-25.00111,-18.73472,-25.00111,25.00111,88.000,88.000,88.000,139.000,35.000,35.000,88.000,88.000,88.000,139.000,35.000,35.000,25.000,25.000,25.000,25.000
0.4420,-0.02419,0.01795,0.58476,0.99623,0.05134,0.00523,-0.06969,0.03176,-0.00319,0.54888,0.67057,0.10122,0.00007,2,0.03500,1,0.08500,0.03000,0.3910,0.0000,-0.043889,0.110505,99.8454,76.7868,151.1137,9.9831,34.7021,153.9258,91.7953,11.5785,150.0672,0.0000,0.0000,0.0000,-0.085007,-0.030007,150.0005,-0.073027,-0.025399,153.9258,-0.085007,-0.030007,150.0005,0.000000,0.000000,0.0000,-0.78058,-0.06422,0.11568,1.60901,-0.85204,0.03937,-0.89399,-0.03530,0.12358,1.70415,-0.82879,0.02462,-0.15787,0.27860,0.19692,0.46002,-0.87517,-1.47995,-5.69930,-16.46420,11.48728,-3.20278,1.25374,-2.09512,-7.10065,-18.54327,10.61693,-2.26112,1.89544,4.66817,6.97965,-17.51586,88.000,88.000,88.000,139.000,35.000,35.000,88.000,88.000,88.000,139.000,35.000,35.000,25.000,25.000,25.000,25.000
0.4430,-0.02422,0.01811,0.58401,0.99616,0.05162,0.00501,-0.07059,0.03174,-0.00321,0.54826,0.67051,0.10176,0.00007,2,0.03493,1,0.08500,0.03000,0.1961,0.4444,0.093807,0.089262,99.8031,76.7841,151.1431,-8.4307,12.3056,126.7882,84.9287,34.6101,150.0692,20.3340,35.8231,154.4802,-0.085007,-0.030007,150.0005,0.066223,-0.029498,126.7882,-0.085007,-0.030007,150.0005,0.034522,-0.028523,154.4802,-0.78098,-0.06297,0.11767,1.61186,-0.85409,0.03944,-0.89523,-0.03381,0.12606,1.70715,-0.82981,0.02476,-0.15907,0.27327,0.19047,0.46888,-0.87797,-1.35432,-5.57897,-16.40173,11.28542,-1.81064,1.21763,-1.90811,-6.92590,-18.09778,8.72683,-1.65602,2.66545,4.75582,7.06553,-17.66804,88.000,88.000,88.000,139.000,35.000,35.000,88.000,88.000,88.000,139.000,35.000,35.000,25.000,25.000,25.000,25.000
0.4440,-0.02425,0.01827,0.58327,0.99608,0.05192,0.00477,-0.07149,0.03173,-0.00322,0.54763,0.67045,0.10234,0.00007,2,0.03487,1,0.08500,0.03000,0.1508,0.2960,0.091136,0.089712,99.7821,76.8453,151.1236,-9.5309,6.9993,130.6960,90.4816,36.2025,150.0139,32.9588,-1.1397,185.7093,-0.085000,-0.030000,150.0000,0.063500,-0.029416,130.6960,-0.085000,-0.030000,150.0000,0.012816,0.010351,185.7093,-0.78138,-0.06179,0.11960,1.61468,-0.85607,0.03910,-0.89652,-0.03237,0.12848,1.71021,-0.83087,0.02491,-0.16054,0.26850,0.18478,0.47627,-0.87655,-1.24007,-5.48535,-16.36450,11.13257,-0.73285,1.29413,-1.80414,-6.73862,-18.15854,8.71909,-0.65439,3.30819,4.83470,7.14191,-17.79750,88.000,88.000,88.000,139.000,35.000,35.000,88.000,88.000,88.000,139.000,35.000,35.000,25.000,25.000,25.000,25.000
0.4450,-0.02429,0.01842,0.58251,0.99600,0.05223,0.00454,-0.07236,0.03171,-0.00323,0.54701,0.67039,0.10295,0.00007,2,0.03481,1,0.08500,0.03000,0.1232,0.2658,0.064285,0.108897,99.7803,76.9572,151.0678,9.4838,-7.6193,164.5354,66.3525,45.4582,149.9757,29.0811,-1.0914,182.4558,-0.085000,-0.030000,150.0000,0.034477,-0.013704,164.5354,-0.085000,-0.030000,150.0000,0.014734,0.005576,182.4558,-0.78181,-0.06065,0.12151,1.61752,-0.85796,0.03856,-0.89785,-0.03098,0.13084,1.71333,-0.83197,0.02507,-0.16220,0.26422,0.17982,0.48226,-0.87118,-1.12994,-5.40764,-16.34713,11.01673,0.10074,1.39770,-1.71025,-6.64312,-18.32624,8.80899,-0.67731,3.84118,4.45038,7.20912,-17.90552,88.000,88.000,88.000,139.000,35.000,35.000,88.000,88.000,88.000,139.000,35.000,35.000,25.000,25.000,25.000,25.000
0.4460,-0.02432,0.01856,0.58175,0.99592,0.05256,0.00430,-0.07323,0.03169,-0.00325,0.54639,0.67033,0.10359,0.00007,2,0.03476,1,0.08500,0.03000,0.1069,0.2331,0.067903,0.107243,99.7961,77.0908,150.9890,4.6059,-9.2148,160.6449,28.8897,38.7526,149.9620,25.1254,-2.3479,180.4550,-0.085000,-0.030000,150.0000,0.038256,-0.014923,160.6449,-0.085000,-0.030000,150.0000,0.016839,0.006062,180.4550,-0.78226,-0.05955,0.12340,1.62039,-0.85979,0.03787,-0.89922,-0.02965,0.13315,1.71651,-0.83311,0.02524,-0.16402,0.26037,0.17554,0.48693,-0.82318,-1.04722,-5.38481,-16.43219,10.87594,0.49812,1.48803,-1.62114,-6.54904,-18.48400,8.89772,-0.69784,4.26885,3.51501,7.19782,-17.99329,88.000,88.000,88.000,139.000,35.000,35.000,88.000,88.000,88.000,139.000,35.000,35.000,25.000,25.000,25.000,25.000
0.4470,-0.02436,0.01869,0.58099,0.99584,0.05289,0.00406,-0.07408,0.03168,-0.00326,0.54576,0.67027,0.10426,0.00007,2,0.03471,1,0.08500,0.03000,0.1043,0.2027,0.069561,0.106500,99.8268,77.2402,150.8922,1.8657,-9.7334,158.3043,10.2676,15.5729,149.9746,21.4671,-3.3329,178.5964,-0.085000,-0.030000,150.0000,0.039978,-0.015475,158.3043,-0.085000,-0.030000,150.0000,0.018886,0.006526,178.5964,-0.78272,-0.05851,0.12526,1.62327,-0.86155,0.03707,-0.90063,-0.02836,0.13539,1.71973,-0.83427,0.02542,-0.16594,0.25688,0.17190,0.49041,-0.77767,-0.96203,-5.36302,-16.51105,10.76391,0.80814,1.57015,-1.53267,-6.46169,-18.63327,8.98505,-0.71923,4.59221,2.72520,5.86462,-17.40837,88.000,88.000,88.000,139.000,35.000,35.000,88.000,88.000,88.000,139.000,35.000,35.000,25.000,25.000,25.000,25.000
0.4480,-0.02440,0.01882,0.58022,0.99576,0.05324,0.00382,-0.07492,0.03166,-0.00328,0.54514,0.67021,0.10495,0.00007,2,0.03467,1,0.08500,0.03000,0.1059,0.1759,0.070932,0.105889,99.8699,77.4011,150.7814,-0.3473,-9.9342,156.3840,-11.6539,-3.2177,150.0201,18.2108,-4.1594,177.0418,-0.085000,-0.030000,150.0000,0.041398,-0.015929,156.3840,-0.085000,-0.030000,150.0000,0.020711,0.006977,177.0418,-0.78321,-0.05750,0.12710,1.62617,-0.86327,0.03618,-0.90206,-0.02711,0.13759,1.72299,-0.83547,0.02561,-0.16792,0.25368,0.16878,0.49289,-0.73466,-0.87682,-5.34128,-16.58459,10.67437,1.04953,1.64415,-1.44683,-6.38012,-18.77305,9.06935,-0.74202,4.82022,2.06759,4.65728,-15.07281,88.000,88.000,88.000,139.000,35.000,35.000,88.000,88.000,88.000,139.000,35.000,35.000,25.000,25.000,25.000,25.000
0.4490,-0.02444,0.01894,0.57945,0.99568,0.05359,0.00357,-0.07573,0.03165,-0.00329,0.54452,0.67016,0.10566,0.00007,2,0.03464,1,0.08500,0.03000,0.1097,0.1531,0.072105,0.105367,99.9225,77.5703,150.6595,-2.1697,-9.9561,154.7672,-28.6420,-17.3729,150.0769,15.3567,-4.9629,175.7189,-0.085000,-0.030000,150.0000,0.042612,-0.016316,154.7672,-0.085000,-0.030000,150.0000,0.022338,0.007405,175.7189,-0.78371,-0.05654,0.12891,1.62908,-0.86494,0.03522,-0.90351,-0.02591,0.13973,1.72628,-0.83670,0.02581,-0.16993,0.25073,0.16613,0.49454,-0.69511,-0.79429,-5.31612,-16.65367,10.60281,1.23776,1.70773,-1.36517,-6.30031,-18.90124,9.14972,-0.76570,4.96694,1.52141,3.61780,-13.11241,88.000,88.000,88.000,139.000,35.000,35.000,88.000,88.000,88.000,139.000,35.000,35.000,25.000,25.000,25.000,25.000
0.4500,-0.02448,0.01906,0.57868,0.99560,0.05394,0.00332,-0.07654,0.03164,-0.00331,0.54389,0.67010,0.10638,0.00007,2,0.03461,1,0.08500,0.03000,0.1137,0.1332,0.073118,0.104918,99.9836,77.7449,150.5291,-3.6632,-9.8072,153.3961,-33.1042,-16.8831,150.0962,12.7443,-5.6586,174.4757,-0.085000,-0.030000,150.0000,0.043657,-0.016648,153.3961,-0.085000,-0.030000,150.0000,0.023872,0.007804,174.4757,-0.78423,-0.05562,0.13069,1.63201,-0.86658,0.03422,-0.90498,-0.02475,0.14182,1.72961,-0.83795,0.02603,-0.17195,0.24798,0.16386,0.49550,-0.65837,-0.71516,-5.28798,-16.71945,10.54601,1.38458,1.76232,-1.28816,-6.22255,-19.01927,9.22644,-0.79027,5.04767,1.07021,2.72815,-11.46999,88.000,88.000,88.000,139.000,35.000,35.000,88.000,88.000,88.000,139.000,35.000,35.000,25.000,25.000,25.000,25.000
0.4510,-0.02453,0.01918,0.57791,0.99552,0.05430,0.00307,-0.07732,0.03162,-0.00332,0.54327,0.67004,0.10712,0.00007,2,0.03459,1,0.08500,0.03000,0.1174,0.1168,0.074029,0.104514,100.0504,77.9234,150.3920,-4.9080,-9.5317,152.2095,-36.0983,-16.4435,150.1128,10.3983,-6.2769,173.3666,-0.085000,-0.030000,150.0000,0.044596,-0.016945,152.2095,-0.085000,-0.030000,150.0000,0.025265,0.008173,173.3666,-0.78476,-0.05473,0.13244,1.63494,-0.86819,0.03317,-0.90647,-0.02362,0.14385,1.73297,-0.83923,0.02625,-0.17395,0.24540,0.16191,0.49588,-0.62399,-0.64145,-5.25678,-16.78344,10.50182,1.49937,1.80909,-1.21749,-6.14627,-19.12776,9.29898,-0.81504,5.08165,0.70241,1.98787,-10.10340,88.000,88.000,88.000,139.000,35.000,35.000,88.000,88.000,88.000,139.000,35.000,35.000,25.000,25.000,25.000,25.000
0.4520,-0.02457,0.01929,0.57713,0.99544,0.05466,0.00282,-0.07810,0.03161,-0.00334,0.54265,0.66998,0.10786,0.00007,2,0.03457,1,0.08500,0.03000,0.2894,0.1034,0.085498,0.117002,100.1240,78.1038,150.2497,-15.7344,-20.4307,148.4871,-38.0414,-16.0022,150.1266,8.2602,-6.7940,172.3136,-0.085000,-0.030000,150.0000,0.054441,-0.003155,148.4871,-0.085000,-0.030000,150.0000,0.026573,0.008514,172.3136,-0.78530,-0.05388,0.13417,1.63789,-0.86983,0.03225,-0.90797,-0.02253,0.14584,1.73635,-0.84053,0.02648,-0.17593,0.24296,0.16023,0.49579,-0.59194,-0.57295,-5.22358,-16.84585,10.46799,1.58925,1.84922,-1.15253,-6.07197,-19.22815,9.36740,-0.83954,5.08082,0.40263,1.37283,-8.96560,88.000,88.000,88.000,139.000,35.000,35.000,88.000,88.000,88.000,139.000,35.000,35.000,25.000,25.000,25.000,25.000
0.4530,-0.02462,0.01939,0.57636,0.99536,0.05503,0.00257,-0.07885,0.03160,-0.00335,0.54202,0.66992,0.10861,0.00007,2,0.03455,1,0.08500,0.03000,0.2776,0.0933,0.085424,0.116332,100.1915,78.2661,150.1198,-15.6286,-19.0890,148.1001,-38.4505,-14.7054,150.1332,6.2610,-7.2659,171.2857,-0.085000,-0.030000,150.0000,0.054436,-0.003833,148.1001,-0.085000,-0.030000,150.0000,0.027831,0.008832,171.2857,-0.78585,-0.05307,0.13589,1.64085,-0.87149,0.03144,-0.90948,-0.02147,0.14778,1.73975,-0.84185,0.02673,-0.17787,0.24064,0.15876,0.49531,-0.57231,-0.49784,-5.20815,-16.90164,10.54091,1.36165,1.88375,-1.09131,-5.99954,-19.32099,9.43176,-0.86351,5.05427,0.15802,0.86247,-8.01791,88.000,88.000,88.000,139.000,35.000,35.000,88.000,88.000,88.000,139.000,35.000,35.000,25.000,25.000,25.000,25.000
0.4540,-0.02466,0.01949,0.57558,0.99528,0.05539,0.00232,-0.07959,0.03158,-0.00337,0.54140,0.66986,0.10936,0.00007,2,0.03454,1,0.08500,0.03000,0.2722,0.0869,0.086135,0.117673,100.2549,78.4116,150.0014,-15.7256,-18.3732,148.0824,-38.3340,-13.3595,150.1367,4.4275,-7.6995,170.3128,-0.085000,-0.030000,150.0000,0.054964,-0.002417,148.0824,-0.085000,-0.030000,150.0000,0.029015,0.009124,170.3128,-0.78640,-0.05229,0.13757,1.64381,-0.87317,0.03073,-0.91100,-0.02043,0.14968,1.74316,-0.84319,0.02698,-0.17978,0.23842,0.15748,0.49450,-0.55295,-0.42854,-5.18834,-16.95718,10.60999,1.15426,1.91341,-1.03552,-5.92940,-19.40757,9.49232,-0.88632,5.00863,-0.04171,0.43899,-7.22785,88.000,88.000,88.000,139.000,35.000,35.000,88.000,88.000,88.000,139.000,35.000,35.000,25.000,25.000,25.000,25.000
0.4550,-0.02471,0.01959,0.57480,0.99521,0.05575,0.00207,-0.08031,0.03157,-0.00339,0.54077,0.66980,0.11012,0.00007,2,0.03453,1,0.08500,0.03000,0.1620,0.0767,0.116146,0.115523,100.3154,78.5415,149.8934,-12.4006,-17.3404,219.2707,-37.8243,-11.9560,150.1374,2.9995,-7.1948,169.4349,-0.038998,0.030000,150.0000,0.084999,-0.000889,219.2707,0.085000,0.008912,150.0000,0.030007,0.009400,169.4349,-0.78701,-0.05158,0.13921,1.64682,-0.87477,0.03010,-0.91252,-0.01945,0.15152,1.74659,-0.84455,0.02724,-0.18164,0.23628,0.15634,0.49343,-0.53407,-0.36471,-5.16528,-17.01239,10.67569,0.96506,1.93889,-0.98478,-5.86185,-19.48867,9.54927,-0.90783,4.94906,-0.20516,0.08762,-6.56862,88.000,88.000,88.000,139.000,35.000,35.000,88.000,88.000,88.000,139.000,35.000,35.000,25.000,25.000,25.000,25.000
0.4560,-0.02476,0.01969,0.57402,0.99513,0.05610,0.00183,-0.08099,0.03156,-0.00341,0.54015,0.66974,0.11087,0.00007,2,0.03453,0,0.08500,0.03000,0.1386,0.0749,0.116258,0.116307,100.3877,78.6527,149.7867,-9.2521,-16.8991,231.7525,-31.8570,-2.1120,150.0881,1.4586,-7.4285,168.5493,-0.085003,-0.030003,150.0002,0.085001,-0.000097,231.7525,-0.085003,-0.030003,150.0002,0.031056,0.009658,168.5493,-0.78768,-0.05083,0.14089,1.64987,-0.87632,0.02964,-0.91406,-0.01846,0.15333,1.75001,-0.84595,0.02759,-0.18328,0.23309,0.15400,0.49409,33.65726,-11.51813,27.80393,-14.03014,-4.49371,1.56339,-34.42782,25.57770,-12.38321,-44.31734,-10.42891,5.43534,-25.00043,-25.00043,-25.00043,25.00043,88.000,88.000,88.000,139.000,35.000,35.000,88.000,88.000,88.000,139.000,35.000,35.000,25.000,25.000,25.000,25.000
0.4570,-0.02482,0.01980,0.57325,0.99506,0.05644,0.00159,-0.08164,0.03154,-0.00343,0.53953,0.66968,0.11160,0.00007,2,0.03453,1,0.08500,0.03000,0.5266,0.4607,0.087262,0.109241,100.4560,78.7557,149.6871,51.1519,58.7232,246.4847,-32.3438,-6.9743,150.1114,-43.1145,-2.5273,156.2430,-0.085003,-0.030003,150.0002,0.057075,-0.010644,246.4847,-0.085003,-0.030003,150.0002,-0.072489,-0.024881,156.2430,-0.78839,-0.05005,0.14261,1.65295,-0.87783,0.02934,-0.91562,-0.01747,0.15510,1.75342,-0.84739,0.02801,-0.18474,0.22893,0.15051,0.49637,33.65726,-11.51813,27.80393,-14.03014,-4.49371,1.56339,-34.42782,25.57770,-12.38321,-44.31734,-10.42891,5.43534,-25.00043,-25.00043,-25.00043,25.00043,88.000,88.000,88.000,139.000,35.000,35.000,88.000,88.000,88.000,139.000,35.000,35.000,25.000,25.000,25.000,25.000
0.4580,-0.02489,0.01991,0.57247,0.99499,0.05677,0.00137,-0.08227,0.03153,-0.00344,0.53891,0.66962,0.11231,0.00007,2,0.03453,0,0.08500,0.03000,0.5346,0.4845,0.087138,0.109434,100.5154,78.8522,149.5944,52.1659,59.1653,245.8897,-32.4991,-11.6494,150.1317,-44.8348,-2.9451,154.5493,-0.085003,-0.030003,150.0002,0.056919,-0.010455,245.8897,-0.085003,-0.030003,150.0002,-0.072375,-0.025023,154.5493,-0.78914,-0.04923,0.14437,1.65605,-0.87929,0.02919,-0.91719,-0.01648,0.15683,1.75681,-0.84887,0.02850,-0.18605,0.22384,0.14595,0.50019,33.79108,-12.20779,27.12359,-14.74725,-4.49947,1.67499,-33.06698,26.08218,-15.24739,-44.31165,-10.35132,5.79435,-25.00043,-25.00043,-25.00043,25.00043,88.000,88.000,88.000,139.000,35.000,35.000,88.000,88.000,88.000,139.000,35.000,35.000,25.000,25.000,25.000,25.000
0.4590,-0.02496,0.02003,0.57170,0.99492,0.05708,0.00115,-0.08287,0.03152,-0.00346,0.53829,0.66956,0.11299,0.00007,2,0.03454,1,0.08500,0.03000,0.4825,0.4861,0.095488,0.110083,100.5777,78.9412,149.5081,44.9395,57.1979,251.2373,-26.8233,-9.3276,150.1051,-44.4857,-9.9763,156.3112,-0.085003,-0.030003,150.0002,0.065122,-0.008777,251.2373,-0.085003,-0.030003,150.0002,-0.071841,-0.025364,156.3112,-0.78994,-0.04838,0.14619,1.65917,-0.88072,0.02920,-0.91876,-0.01548,0.15853,1.76020,-0.85039,0.02906,-0.18725,0.21790,0.14038,0.50546,33.79108,-12.20779,27.12359,-14.74725,-4.49947,1.67499,-33.06698,26.08218,-15.24739,-44.31165,-10.35132,5.79435,-25.00043,-25.00043,-25.00043,25.00043,88.000,88.000,88.000,139.000,35.000,35.000,88.000,88.000,88.000,139.000,35.000,35.000,25.000,25.000,25.000,25.000
0.4600,-0.02503,0.02015,0.57094,0.99486,0.05739,0.00094,-0.08344,0.03150,-0.00347,0.53768,0.66950,0.11365,0.00007,2,0.03455,1,0.08500,0.03000,0.4888,0.5075,0.095882,0.110274,11.4752,89.9104,149.6150,45.5006,57.9509,251.2202,88.0662,-25.2843,149.9244,-45.9898,-10.4157,154.8540,-0.085003,-0.030003,150.0002,0.065488,-0.008517,251.2202,-0.085003,-0.030003,150.0002,-0.071727,-0.025368,154.8540,-0.79077,-0.04748,0.14806,1.66232,-0.88212,0.02939,-0.92035,-0.01447,0.16020,1.76358,-0.85195,0.02968,-0.18838,0.21112,0.13385,0.51209,33.79108,-12.20779,27.12359,-14.74725,-4.49947,1.67499,-33.06698,26.08218,-15.24739,-44.31165,-10.35132,5.79435,-25.00043,-25.00043,-25.00043,25.00043,88.000,88.000,88.000,139.000,35.000,35.000,88.000,88.000,88.000,139.000,35.000,35.000,25.000,25.000,25.000,25.000
0.4610,-0.02511,0.02027,0.57017,0.99479,0.05769,0.00074,-0.08400,0.03149,-0.00348,0.53707,0.66944,0.11429,0.00007,2,0.03457,1,0.08500,0.03000,0.4949,0.5281,0.096285,0.110427,32.7779,-23.0876,149.9965,46.0064,58.6971,251.1460,99.3029,80.6185,149.4652,-47.4012,-10.8392,153.4565,-0.085003,-0.030003,150.0002,0.065868,-0.008289,251.1460,-0.085003,-0.030003,150.0002,-0.071636,-0.025371,153.4565,-0.79164,-0.04654,0.14999,1.66549,-0.88348,0.02972,-0.92195,-0.01346,0.16185,1.76695,-0.85354,0.03035,-0.18946,0.20356,0.12640,0.52003,33.79108,-12.20779,27.12359,-14.74725,-4.49947,1.67499,-33.06698,26.08218,-15.24739,-44.31165,-10.35132,5.79435,-25.00043,-25.00043,-25.00043,25.00043,88.000,88.000,88.000,139.000,35.000,35.000,88.000,88.000,88.000,139.000,35.000,35.000,25.000,25.000,25.000,25.000
0.4620,-0.02520,0.02039,0.56941,0.99473,0.05798,0.00054,-0.08453,0.03147,-0.00349,0.53645,0.66938,0.11491,0.00007,2,0.03458,1,0.08500,0.03000,0.4699,0.5462,0.115221,0.107539,65.1645,-28.6653,149.8848,31.0777,63.2707,250.0240,99.2419,80.6218,149.5040,-48.6583,-11.0504,152.2475,0.005647,0.030003,150.0002,0.085015,-0.008847,250.0240,0.085003,0.030003,150.0002,-0.071486,-0.025377,152.2475,-0.79254,-0.04555,0.15199,1.66866,-0.88481,0.03020,-0.92357,-0.01244,0.16348,1.77031,-0.85516,0.03108,-0.19053,0.19524,0.11807,0.52920,33.79108,-12.20779,27.12359,-14.74725,-4.49947,1.67499,-33.06698,26.08218,-15.24739,-44.31165,-10.35132,5.79435,-25.00043,-25.00043,-25.00043,25.00043,88.000,88.000,88.000,139.000,35.000,35.000,88.000,88.000,88.000,139.000,35.000,35.000,25.000,25.000,25.000,25.000
0.4630,-0.02529,0.02052,0.56865,0.99467,0.05827,0.00035,-0.08503,0.03146,-0.00350,0.53585,0.66932,0.11552,0.00007,2,0.03461,1,0.08500,0.03000,0.4732,0.5604,0.115245,0.107727,87.2007,-33.2792,149.7752,31.9428,63.6358,250.8026,99.1710,80.6213,149.5513,-49.5353,-11.3946,151.1788,-0.084999,-0.029999,150.0002,0.085018,-0.008632,250.8026,-0.084999,-0.029999,150.0002,-0.071516,-0.025377,151.1788,-0.79347,-0.04451,0.15406,1.67183,-0.88613,0.03081,-0.92519,-0.01142,0.16509,1.77367,-0.85680,0.03187,-0.19162,0.18621,0.10892,0.53954,33.79108,-12.20779,27.12359,-14.74725,-4.49947,1.67499,-33.06698,26.08218,-15.24739,-44.31165,-10.35132,5.79435,-25.00043,-25.00043,-25.00043,25.00043,88.000,88.000,88.000,139.000,35.000,35.000,88.000,88.000,88.000,139.000,35.000,35.000,25.000,25.000,25.000,25.000
0.4640,-0.02539,0.02066,0.56789,0.99461,0.05855,0.00017,-0.08552,0.03145,-0.00351,0.53524,0.66926,0.11612,0.00007,2,0.03463,1,0.08500,0.03000,0.4768,0.5728,0.115264,0.107880,86.8270,-37.2620,149.7429,32.7593,64.0400,251.4657,99.0907,80.6176,149.6065,-50.2747,-11.7244,150.2079,-0.085003,-0.030003,150.0002,0.085020,-0.008447,251.4657,-0.085003,-0.030003,150.0002,-0.071576,-0.025377,150.2079,-0.79442,-0.04342,0.15621,1.67501,-0.88743,0.03155,-0.92683,-0.01039,0.16668,1.77703,-0.85848,0.03270,-0.19277,0.17649,0.09897,0.55099,33.79108,-12.20779,27.12359,-14.74725,-4.49947,1.67499,-33.06698,26.08218,-15.24739,-44.31165,-10.35132,5.79435,-25.00043,-25.00043,-25.00043,25.00043,88.000,88.000,88.000,139.000,35.000,35.000,88.000,88.000,88.000,139.000,35.000,35.000,25.000,25.000,25.000,25.000
0.4650,-0.02549,0.02079,0.56713,0.99456,0.05883,-0.00000,-0.08598,0.03143,-0.00351,0.53463,0.66920,0.11671,0.00007,2,0.03466,1,0.08500,0.03000,0.4806,0.5851,0.115278,0.108000,85.1161,-52.6193,149.7589,33.5280,64.4830,252.0175,99.0016,80.6112,149.6689,-50.9993,-12.0525,149.2615,-0.085003,-0.030003,150.0002,0.085023,-0.008293,252.0175,-0.085003,-0.030003,150.0002,-0.071637,-0.025376,149.2615,-0.79539,-0.04229,0.15844,1.67820,-0.88871,0.03241,-0.92849,-0.00936,0.16827,1.78038,-0.86018,0.03357,-0.19401,0.16610,0.08827,0.56350,33.79108,-12.20779,27.12359,-14.74725,-4.49947,1.67499,-33.06698,26.08218,-15.24739,-44.31165,-10.35132,5.79435,-25.00043,-25.00043,-25.00043,25.00043,88.000,88.000,88.000,139.000,35.000,35.000,88.000,88.000,88.000,139.000,35.000,35.000,25.000,25.000,25.000,25.000
0.4660,-0.02560,0.02093,0.56637,0.99450,0.05910,-0.00017,-0.08643,0.03141,-0.00352,0.53403,0.66914,0.11729,0.00007,2,0.03469,1,0.08500,0.03000,0.4848,0.5974,0.115288,0.108088,83.1401,-70.5485,149.7774,34.2511,64.9620,252.4643,98.9042,80.6026,149.7379,-51.7105,-12.3801,148.3401,0.085003,-0.016093,150.0002,0.085026,-0.008165,252.4643,0.074536,0.030003,150.0002,-0.071696,-0.025377,148.3401,-0.79640,-0.04111,0.16074,1.68139,-0.88996,0.03339,-0.93016,-0.00833,0.16986,1.78373,-0.86190,0.03449,-0.19537,0.15507,0.07687,0.57701,33.79108,-12.20779,27.12359,-14.74725,-4.49947,1.67499,-33.06698,26.08218,-15.24739,-44.31165,-10.35132,5.79435,-25.00043,-25.00043,-25.00043,25.00043,88.000,88.000,88.000,139.000,35.000,35.000,88.000,88.000,88.000,139.000,35.000,35.000,25.000,25.000,25.000,25.000
0.4670,-0.02570,0.02107,0.56561,0.99444,0.05941,-0.00035,-0.08690,0.03140,-0.00352,0.53343,0.66908,0.11787,0.00007,2,0.03471,1,0.08500,0.03000,0.4892,0.6096,0.115295,0.108149,81.2993,-87.7311,149.7797,34.9316,65.4722,252.8136,98.7991,80.5922,149.8129,-52.4093,-12.7080,147.4439,-0.085001,-0.030001,150.0002,0.085029,-0.008062,252.8136,-0.085001,-0.030001,150.0002,-0.071752,-0.025377,147.4439,-0.79743,-0.03999,0.16300,1.68462,-0.89112,0.03428,-0.93186,-0.00732,0.17148,1.78711,-0.86356,0.03535,-0.19707,0.14502,0.06663,0.58863,0.41977,-1.24351,-6.70480,-17.96776,10.08083,-2.44501,2.36985,-1.05430,-5.50736,-19.92587,10.59061,-2.35428,4.06436,6.58873,8.46295,-19.40584,88.000,88.000,88.000,139.000,35.000,35.000,88.000,88.000,88.000,139.000,35.000,35.000,25.000,25.000,25.000,25.000
0.4680,-0.02581,0.02120,0.56484,0.99438,0.05973,-0.00052,-0.08738,0.03138,-0.00353,0.53283,0.66901,0.11849,0.00007,2,0.03474,1,0.08500,0.03000,0.1405,0.3074,0.117872,0.130512,84.0095,-65.7955,149.6172,-1.0686,-19.6007,232.9054,98.7061,80.5852,149.8780,-12.5643,-26.2932,157.9784,-0.085003,-0.030003,150.0002,0.085032,0.014488,232.9054,-0.085003,-0.030003,150.0002,0.042657,0.022042,157.9784,-0.79849,-0.03893,0.16523,1.68789,-0.89220,0.03510,-0.93358,-0.00632,0.17313,1.79050,-0.86518,0.03614,-0.19905,0.13589,0.05752,0.59845,0.48853,-1.12180,-6.65912,-18.09068,9.91307,-2.30346,2.43902,-1.01561,-5.59602,-20.01515,10.50661,-2.23700,4.78436,6.73937,8.58406,-19.57782,88.000,88.000,88.000,139.000,35.000,35.000,88.000,88.000,88.000,139.000,35.000,35.000,25.000,25.000,25.000,25.000
0.4690,-0.02592,0.02133,0.56407,0.99432,0.06008,-0.00070,-0.08789,0.03136,-0.00353,0.53224,0.66895,0.11917,0.00007,2,0.03476,1,0.08500,0.03000,0.1433,0.2970,0.117798,0.130012,85.6358,-53.0339,149.4901,-2.7204,-19.5423,229.4473,98.6243,80.5811,149.9339,-12.1447,-25.4718,158.3803,-0.084959,-0.029961,150.0002,0.085035,0.014020,229.4473,-0.084962,-0.029961,150.0002,0.041656,0.021002,158.3803,-0.79957,-0.03793,0.16743,1.69118,-0.89319,0.03586,-0.93533,-0.00534,0.17481,1.79391,-0.86674,0.03688,-0.20127,0.12764,0.04948,0.60654,0.54987,-1.01022,-6.61677,-18.20604,9.75380,-2.17245,2.50133,-0.98493,-5.68023,-20.09741,10.42762,-2.12846,5.37599,6.87612,8.69165,-19.72349,88.000,88.000,88.000,139.000,35.000,35.000,88.000,88.000,88.000,139.000,35.000,35.000,25.000,25.000,25.000,25.000
0.4700,-0.02603,0.02146,0.56330,0.99425,0.06044,-0.00089,-0.08841,0.03134,-0.00354,0.53164,0.66889,0.11988,0.00007,2,0.03479,1,0.08500,0.03000,0.1464,0.2875,0.117732,0.129537,73.8982,-47.4094,149.4927,-4.2125,-19.4147,226.2075,98.5530,80.5798,149.9816,-11.7956,-24.7013,158.6868,-0.085003,-0.030003,150.0002,0.085040,0.013574,226.2075,-0.085003,-0.030003,150.0002,0.040784,0.020084,158.6868,-0.80068,-0.03698,0.16959,1.69451,-0.89410,0.03655,-0.93709,-0.00438,0.17651,1.79732,-0.86826,0.03756,-0.20366,0.12023,0.04246,0.61299,0.60493,-0.90737,-6.57719,-18.31500,9.60276,-2.05150,2.55760,-0.96115,-5.76024,-20.17370,10.35410,-2.02854,5.86047,6.99964,8.78633,-19.84406,88.000,88.000,88.000,139.000,35.000,35.000,88.000,88.000,88.000,139.000,35.000,35.000,25.000,25.000,25.000,25.000
0.4710,-0.02613,0.02158,0.56253,0.99418,0.06082,-0.00107,-0.08894,0.03133,-0.00355,0.53105,0.66883,0.12064,0.00007,2,0.03481,1,0.08500,0.03000,0.1498,0.2977,0.117674,0.129096,37.4967,-42.1366,149.7483,-5.6847,-19.2137,222.9595,98.4912,80.5809,150.0216,-11.6667,-25.5921,157.4732,-0.085003,-0.030003,150.0002,0.085044,0.013162,222.9595,-0.085003,-0.030003,150.0002,0.040121,0.021770,157.4732,-0.80181,-0.03608,0.17171,1.69787,-0.89494,0.03719,-0.93887,-0.00342,0.17824,1.80075,-0.86974,0.03823,-0.20619,0.11359,0.03639,0.61789,0.65539,-0.80888,-6.53744,-18.41806,9.45942,-1.94026,2.60712,-0.93922,-5.83399,-20.24483,10.28749,-1.93745,6.25260,7.11065,8.86873,-19.94077,88.000,88.000,88.000,139.000,35.000,35.000,88.000,88.000,88.000,139.000,35.000,35.000,25.000,25.000,25.000,25.000
0.4720,-0.02624,0.02170,0.56176,0.99410,0.06122,-0.00126,-0.08948,0.03131,-0.00356,0.53045,0.66877,0.12143,0.00007,2,0.03480,1,0.08500,0.03000,0.1499,0.8673,0.117626,0.128714,7.9607,-30.1935,149.9887,-7.2291,-18.3638,219.4769,98.4386,80.5802,150.0565,33.8647,-17.2793,73.0628,0.064379,0.030003,150.0002,0.085049,0.012807,219.4769,0.085003,0.030003,150.0002,-0.085009,0.021521,73.0628,-0.80295,-0.03525,0.17379,1.70125,-0.89570,0.03779,-0.94065,-0.00251,0.17995,1.80403,-0.87019,0.03876,-0.20881,0.10769,0.03122,0.62132,0.70352,-0.70899,-6.49191,-18.51572,9.32305,-1.83819,2.64658,-0.91357,-5.90281,-20.30622,10.21392,-1.91292,6.55837,7.20990,8.93956,-19.81167,88.000,88.000,88.000,139.000,35.000,35.000,88.000,88.000,88.000,139.000,35.000,35.000,25.000,25.000,25.000,25.000
0.4730,-0.02635,0.02182,0.56099,0.99403,0.06162,-0.00145,-0.08999,0.03129,-0.00357,0.52986,0.66871,0.12225,0.00007,2,0.03479,0,0.08500,0.03000,0.1568,0.2735,0.117582,0.128328,-30.9597,-14.6780,150.3987,-8.6724,-18.4073,216.2651,98.5253,80.5736,150.0031,-13.6467,-23.2683,164.3596,-0.085003,-0.030003,150.0002,0.085055,0.012447,216.2651,-0.085003,-0.030003,150.0002,0.039606,0.017852,164.3596,-0.80409,-0.03446,0.17585,1.70457,-0.89648,0.03842,-0.94240,-0.00163,0.18170,1.80734,-0.87076,0.03942,-0.21159,0.10107,0.02525,0.62622,-8.71043,25.85833,-19.00773,-46.56984,-10.79535,5.78914,20.21634,-11.06142,27.44007,-15.19926,-3.61008,2.16095,-25.00045,-25.00045,-25.00045,25.00045,88.000,88.000,88.000,139.000,35.000,35.000,88.000,88.000,88.000,139.000,35.000,35.000,25.000,25.000,25.000,25.000
0.4740,-0.02646,0.02195,0.56022,0.99396,0.06201,-0.00164,-0.09048,0.03127,-0.00358,0.52927,0.66865,0.12307,0.00007,2,0.03480,1,0.08500,0.03000,0.5918,0.8250,0.114864,0.103835,0.1797,-24.8418,150.0527,-88.7680,-30.8637,264.6568,98.5982,80.5636,149.9605,52.6948,53.3146,151.4419,-0.085003,-0.030003,150.0002,0.085060,-0.012170,264.6568,-0.085003,-0.030003,150.0002,-0.061344,-0.015905,151.4419,-0.80523,-0.03372,0.17787,1.70784,-0.89728,0.03910,-0.94412,-0.00077,0.18350,1.81067,-0.87144,0.04018,-0.21456,0.09378,0.01853,0.63249,-8.71043,25.85833,-19.00773,-46.56984,-10.79535,5.78914,20.21634,-11.06142,27.44007,-15.19926,-3.61008,2.16095,-25.00045,-25.00045,-25.00045,25.00045,88.000,88.000,88.000,139.000,35.000,35.000,88.000,88.000,88.000,139.000,35.000,35.000,25.000,25.000,25.000,25.000
0.4750,-0.02657,0.02209,0.55946,0.99390,0.06240,-0.00184,-0.09095,0.03125,-0.00358,0.52868,0.66859,0.12389,0.00007,2,0.03482,1,0.08500,0.03000,0.5883,0.8250,0.114886,0.103874,22.3151,-29.7731,149.7544,-88.6234,-30.8068,265.8059,98.6584,80.5509,149.9278,52.4702,53.3180,151.1260,0.085003,-0.012208,150.0002,0.085065,-0.012105,265.8059,0.023585,0.030003,150.0002,-0.060922,-0.015596,151.1260,-0.80636,-0.03303,0.17987,1.71106,-0.89808,0.03982,-0.94580,0.00005,0.18535,1.81403,-0.87224,0.04106,-0.21773,0.08583,0.01111,0.64007,-8.71043,25.85833,-19.00773,-46.56984,-10.79535,5.78914,20.21634,-11.06142,27.44007,-15.19926,-3.61008,2.16095,-25.00045,-25.00045,-25.00045,25.00045,88.000,88.000,88.000,139.000,35.000,35.000,88.000,88.000,88.000,139.000,35.000,35.000,25.000,25.000,25.000,25.000
0.4760,-0.02668,0.02224,0.55870,0.99383,0.06279,-0.00203,-0.09139,0.03123,-0.00359,0.52809,0.66852,0.12470,0.00007,2,0.03485,1,0.08500,0.03000,0.5848,0.8250,0.114910,0.103909,46.2546,-29.3336,149.3803,-88.4557,-30.7587,266.8869,98.7068,80.5360,149.9039,52.2292,53.2953,150.7493,-0.085003,-0.030003,150.0002,0.085070,-0.012045,266.8869,-0.085003,-0.030003,150.0002,-0.060480,-0.015257,150.7493,-0.80748,-0.03239,0.18186,1.71423,-0.89889,0.04058,-0.94745,0.00085,0.18725,1.81742,-0.87314,0.04204,-0.22112,0.07725,0.00303,0.64888,-8.71043,25.85833,-19.00773,-46.56984,-10.79535,5.78914,20.21634,-11.06142,27.44007,-15.19926,-3.61008,2.16095,-25.00045,-25.00045,-25.00045,25.00045,88.000,88.000,88.000,139.000,35.000,35.000,88.000,88.000,88.000,139.000,35.000,35.000,25.000,25.000,25.000,25.000
0.4770,-0.02680,0.02239,0.55794,0.99377,0.06318,-0.00223,-0.09183,0.03121,-0.00360,0.52751,0.66846,0.12551,0.00007,2,0.03488,1,0.08500,0.03000,0.5809,0.7921,0.114939,0.103959,69.9343,-27.2603,148.9687,-88.0681,-31.4681,268.3164,98.7443,80.5194,149.8882,51.2065,72.1218,186.1195,-0.085003,-0.030003,150.0002,0.085074,-0.011972,268.3164,-0.085003,-0.030003,150.0002,0.018621,-0.016575,186.1195,-0.80861,-0.03178,0.18384,1.71736,-0.89971,0.04137,-0.94910,0.00165,0.18919,1.82080,-0.87405,0.04309,-0.22476,0.06807,-0.00567,0.65887,-8.71043,25.85833,-19.00773,-46.56984,-10.79535,5.78914,20.21634,-11.06142,27.44007,-15.19926,-3.61008,2.16095,-25.00045,-25.00045,-25.00045,25.00045,88.000,88.000,88.000,139.000,35.000,35.000,88.000,88.000,88.000,139.000,35.000,35.000,25.000,25.000,25.000,25.000
0.4780,-0.02692,0.02255,0.55719,0.99370,0.06358,-0.00242,-0.09226,0.03119,-0.00361,0.52692,0.66840,0.12633,0.00007,2,0.03492,1,0.08500,0.03000,0.5780,0.7407,0.114966,0.103984,89.1396,-29.0288,148.5970,-87.8451,-31.7328,269.3271,98.7764,80.5003,149.8773,48.4725,74.2517,199.5286,-0.085003,-0.030003,150.0002,0.085078,-0.011927,269.3271,-0.085003,-0.030003,150.0002,0.034071,-0.016063,199.5286,-0.80973,-0.03118,0.18582,1.72044,-0.90053,0.04219,-0.95077,0.00247,0.19117,1.82419,-0.87494,0.04421,-0.22867,0.05831,-0.01497,0.66998,-8.71043,25.85833,-19.00773,-46.56984,-10.79535,5.78914,20.21634,-11.06142,27.44007,-15.19926,-3.61008,2.16095,-25.00045,-25.00045,-25.00045,25.00045,88.000,88.000,88.000,139.000,35.000,35.000,88.000,88.000,88.000,139.000,35.000,35.000,25.000,25.000,25.000,25.000
0.4790,-0.02705,0.02271,0.55643,0.99363,0.06398,-0.00261,-0.09269,0.03116,-0.00361,0.52635,0.66834,0.12715,0.00007,2,0.03496,1,0.08500,0.03000,0.5750,0.7495,0.114995,0.104008,89.0491,-36.8288,148.5270,-87.6208,-31.8051,270.2021,98.8052,80.4812,149.8685,46.9381,75.5512,197.7862,-0.085003,-0.030003,150.0002,0.085082,-0.011883,270.2021,-0.085003,-0.030003,150.0002,0.036156,-0.016766,197.7862,-0.81086,-0.03060,0.18780,1.72348,-0.90135,0.04303,-0.95246,0.00331,0.19321,1.82756,-0.87581,0.04538,-0.23288,0.04799,-0.02483,0.68215,-8.71043,25.85833,-19.00773,-46.56984,-10.79535,5.78914,20.21634,-11.06142,27.44007,-15.19926,-3.61008,2.16095,-25.00045,-25.00045,-25.00045,25.00045,88.000,88.000,88.000,139.000,35.000,35.000,88.000,88.000,88.000,139.000,35.000,35.000,25.000,25.000,25.000,25.000
0.4800,-0.02718,0.02288,0.55568,0.99357,0.06438,-0.00279,-0.09313,0.03114,-0.00362,0.52577,0.66828,0.12797,0.00007,2,0.03500,1,0.08500,0.03000,0.5741,0.6491,0.115021,0.103985,88.1408,-46.3632,148.4702,-87.4706,-32.7689,271.1679,98.8310,80.4638,149.8609,10.9920,76.0041,197.1880,-0.085003,-0.030003,150.0002,0.085085,-0.011889,271.1679,-0.085003,-0.030003,150.0002,0.085010,-0.014084,197.1880,-0.81200,-0.03002,0.18980,1.72648,-0.90217,0.04390,-0.95415,0.00421,0.19535,1.83091,-0.87670,0.04664,-0.23741,0.03712,-0.03522,0.69533,-8.71043,25.85833,-19.00773,-46.56984,-10.79535,5.78914,20.21634,-11.06142,27.44007,-15.19926,-3.61008,2.16095,-25.00045,-25.00045,-25.00045,25.00045,88.000,88.000,88.000,139.000,35.000,35.000,88.000,88.000,88.000,139.000,35.000,35.000,25.000,25.000,25.000,25.000
0.4810,-0.02731,0.02306,0.55494,0.99350,0.06478,-0.00297,-0.09356,0.03111,-0.00362,0.52521,0.66822,0.12880,0.00007,2,0.03504,1,0.08500,0.03000,0.5714,0.6533,0.115051,0.103995,87.3759,-54.5959,148.4093,-87.2403,-32.8399,271.8923,98.8420,80.4524,149.8597,11.1860,76.7916,197.9649,-0.085003,-0.030003,150.0002,0.085089,-0.011862,271.8923,-0.085003,-0.030003,150.0002,0.085012,-0.013940,197.9649,-0.81314,-0.02945,0.19180,1.72944,-0.90299,0.04479,-0.95584,0.00519,0.19759,1.83424,-0.87760,0.04800,-0.24227,0.02572,-0.04609,0.70947,-8.71043,25.85833,-19.00773,-46.56984,-10.79535,5.78914,20.21634,-11.06142,27.44007,-15.19926,-3.61008,2.16095,-25.00045,-25.00045,-25.00045,25.00045,88.000,88.000,88.000,139.000,35.000,35.000,88.000,88.000,88.000,139.000,35.000,35.000,25.000,25.000,25.000,25.000
0.4820,-0.02745,0.02323,0.55419,0.99343,0.06521,-0.00315,-0.09403,0.03108,-0.00362,0.52464,0.66815,0.12964,0.00007,2,0.03508,1,0.08500,0.03000,0.5689,0.6574,0.115082,0.104002,86.6785,-62.2199,148.3456,-87.0172,-32.9004,272.5478,98.8394,80.4469,149.8644,11.3797,77.5282,198.6545,-0.085003,-0.030003,150.0002,0.085092,-0.011840,272.5478,-0.085003,-0.030003,150.0002,0.085014,-0.013804,198.6545,-0.81430,-0.02889,0.19382,1.73244,-0.90373,0.04559,-0.95759,0.00617,0.19982,1.83759,-0.87846,0.04922,-0.24719,0.01532,-0.05570,0.72148,0.80211,-0.07753,-6.51703,-18.15987,9.41042,-2.44614,2.59895,-1.00059,-7.17470,-20.57705,9.18489,-3.42731,11.73025,8.53376,9.92335,-21.37511,88.000,88.000,88.000,139.000,35.000,35.000,88.000,88.000,88.000,139.000,35.000,35.000,25.000,25.000,25.000,25.000
0.4830,-0.02758,0.02339,0.55344,0.99335,0.06566,-0.00333,-0.09453,0.03105,-0.00362,0.52408,0.66809,0.13052,0.00007,2,0.03512,1,0.08500,0.03000,0.1763,0.2236,0.117955,0.130576,89.3498,-38.5503,148.2304,-6.1722,-22.5735,221.2381,98.8483,80.4443,149.8600,-20.0803,-19.0236,206.1510,-0.085003,-0.030003,150.0002,0.085096,0.014900,221.2381,-0.085003,-0.030003,150.0002,0.085016,0.020013,206.1510,-0.81547,-0.02833,0.19583,1.73547,-0.90438,0.04632,-0.95940,0.00713,0.20204,1.84097,-0.87927,0.05032,-0.25209,0.00588,-0.06411,0.73147,0.83753,-0.06043,-6.55863,-18.27112,9.25108,-2.29239,2.73020,-0.98990,-7.17225,-20.67500,9.11161,-3.18273,11.89111,8.69125,10.03955,-21.55267,88.000,88.000,88.000,139.000,35.000,35.000,88.000,88.000,88.000,139.000,35.000,35.000,25.000,25.000,25.000,25.000
0.4840,-0.02771,0.02355,0.55269,0.99327,0.06612,-0.00351,-0.09505,0.03102,-0.00363,0.52352,0.66803,0.13145,0.00007,2,0.03517,1,0.08500,0.03000,0.1814,0.2333,0.117920,0.130071,82.2367,-25.3544,148.3061,-7.2765,-22.5675,217.8440,98.8678,80.4437,149.8474,-21.3306,-19.1659,204.8301,0.085003,-0.027126,150.0002,0.085100,0.014405,217.8440,0.046129,0.030003,150.0002,0.085017,0.018963,204.8301,-0.81664,-0.02778,0.19785,1.73852,-0.90496,0.04698,-0.96125,0.00809,0.20423,1.84436,-0.88005,0.05132,-0.25695,-0.00263,-0.07138,0.73954,0.86843,-0.04558,-6.59621,-18.37290,9.10111,-2.15105,2.85107,-0.98159,-7.16939,-20.76397,9.04088,-2.96015,11.94495,8.83419,10.14111,-21.70079,88.000,88.000,88.000,139.000,35.000,35.000,88.000,88.000,88.000,139.000,35.000,35.000,25.000,25.000,25.000,25.000
0.4850,-0.02785,0.02370,0.55194,0.99318,0.06661,-0.00369,-0.09560,0.03098,-0.00363,0.52296,0.66797,0.13241,0.00007,2,0.03522,1,0.08500,0.03000,0.1866,0.2395,0.117893,0.129635,49.8701,-19.7750,148.9308,-8.6552,-22.3340,213.9823,98.8975,80.4443,149.8274,-22.1954,-19.1469,204.0089,0.085003,-0.030003,150.0002,0.085105,0.013979,213.9823,0.063944,-0.012332,150.0002,0.085019,0.017946,204.0089,-0.81783,-0.02725,0.19987,1.74159,-0.90547,0.04757,-0.96315,0.00903,0.20640,1.84776,-0.88078,0.05221,-0.26171,-0.01027,-0.07759,0.74579,0.89794,-0.02193,-6.62210,-18.46512,8.95932,-2.02201,2.95945,-0.96302,-7.15952,-20.84708,8.97319,-2.75806,11.90151,8.96318,10.22888,-21.82098,88.000,88.000,88.000,139.000,35.000,35.000,88.000,88.000,88.000,139.000,35.000,35.000,25.000,25.000,25.000,25.000
0.4860,-0.02798,0.02386,0.55120,0.99309,0.06710,-0.00388,-0.09621,0.03095,-0.00364,0.52241,0.66791,0.13341,0.00007,2,0.03526,0,0.08500,0.03000,0.1911,0.2445,0.117869,0.129224,17.1075,-14.9437,149.6285,-9.8867,-22.0080,210.4039,98.9371,80.4456,149.8006,-22.9655,-19.0094,203.2138,-0.085003,-0.030003,150.0002,0.085110,0.013578,210.4039,-0.085003,-0.030003,150.0002,0.085021,0.017016,203.2138,-0.81893,-0.02662,0.20197,1.74462,-0.90601,0.04821,-0.96499,0.01014,0.20872,1.85112,-0.88153,0.05321,-0.26676,-0.01850,-0.08445,0.75339,18.92910,20.89670,-15.49608,-37.96536,-8.79740,5.54392,20.87750,-6.95135,24.62233,-17.56216,-3.29720,2.37257,-25.00045,-25.00045,-25.00045,25.00045,88.000,88.000,88.000,139.000,35.000,35.000,88.000,88.000,88.000,139.000,35.000,35.000,25.000,25.000,25.000,25.000
0.4870,-0.02811,0.02403,0.55047,0.99299,0.06759,-0.00408,-0.09688,0.03092,-0.00364,0.52186,0.66784,0.13442,0.00007,2,0.03530,1,0.08500,0.03000,0.2653,0.5981,0.115256,0.104456,36.0616,-17.7530,149.1559,-33.5298,-32.6934,294.2182,98.9604,80.4516,149.7820,1.4998,70.5895,196.7604,0.040519,0.030003,150.0002,0.085116,-0.011317,294.2182,0.085003,0.030003,150.0002,0.085023,-0.015032,196.7604,-0.81993,-0.02589,0.20417,1.74761,-0.90658,0.04887,-0.96680,0.01142,0.21120,1.85444,-0.88229,0.05429,-0.27211,-0.02731,-0.09193,0.76226,18.92910,20.89670,-15.49608,-37.96536,-8.79740,5.54392,20.87750,-6.95135,24.62233,-17.56216,-3.29720,2.37257,-25.00045,-25.00045,-25.00045,25.00045,88.000,88.000,88.000,139.000,35.000,35.000,88.000,88.000,88.000,139.000,35.000,35.000,25.000,25.000,25.000,25.000
0.4880,-0.02824,0.02421,0.54974,0.99287,0.06811,-0.00431,-0.09773,0.03088,-0.00365,0.52131,0.66778,0.13545,0.00007,2,0.03533,0,0.08500,0.03000,0.2610,0.5973,0.115285,0.104520,58.1328,-24.4412,148.5581,-32.6107,-32.9167,295.8439,98.9695,80.4632,149.7713,2.1384,70.8401,197.7648,-0.085008,-0.030008,150.0006,0.085121,-0.011241,295.8439,-0.085008,-0.030008,150.0006,0.085024,-0.014782,197.7648,-0.82071,-0.02489,0.20660,1.75057,-0.90720,0.04955,-0.96854,0.01308,0.21394,1.85768,-0.88304,0.05547,-0.27824,-0.03536,-0.09970,0.77222,39.49455,17.87290,-15.17424,-30.89821,-7.54165,5.61301,16.31779,-4.38126,25.23169,-15.70448,-2.56212,2.46439,-25.00118,1.37567,-25.00118,25.00117,88.000,88.000,88.000,139.000,35.000,35.000,88.000,88.000,88.000,139.000,35.000,35.000,25.000,25.000,25.000,25.000
0.4890,-0.02836,0.02440,0.54902,0.99273,0.06863,-0.00458,-0.09877,0.03085,-0.00365,0.52077,0.66772,0.13651,0.00007,2,0.03536,1,0.08500,0.03000,0.2308,0.6603,0.115417,0.105562,65.3284,-41.8846,148.2674,18.0538,-42.3617,332.5598,98.9564,80.4785,149.7717,-5.2139,67.3440,170.4973,0.085008,0.022114,150.0006,0.085126,-0.010183,332.5598,0.038978,0.030008,150.0006,0.085025,-0.016538,170.4973,-0.82129,-0.02363,0.20925,1.75351,-0.90786,0.05024,-0.97023,0.01511,0.21694,1.86086,-0.88378,0.05673,-0.28513,-0.04270,-0.10774,0.78321,39.49455,17.87290,-15.17424,-30.89821,-7.54165,5.61301,16.31779,-4.38126,25.23169,-15.70448,-2.56212,2.46439,-25.00118,1.37567,-25.00118,25.00117,88.000,88.000,88.000,139.000,35.000,35.000,88.000,88.000,88.000,139.000,35.000,35.000,25.000,25.000,25.000,25.000
0.4900,-0.02848,0.02460,0.54831,0.99257,0.06918,-0.00487,-0.09998,0.03081,-0.00365,0.52023,0.66765,0.13761,0.00007,2,0.03537,1,0.08500,0.03000,0.2350,0.6553,0.115442,0.105611,66.3423,-61.7987,148.1075,19.3453,-43.0072,334.4644,98.9233,80.4985,149.7828,-4.2892,67.1304,171.0949,0.085008,0.004630,150.0006,0.085132,-0.010123,334.4644,0.054269,0.030008,150.0006,0.085026,-0.016289,171.0949,-0.82166,-0.02211,0.21213,1.75642,-0.90856,0.05095,-0.97186,0.01750,0.22019,1.86397,-0.88451,0.05806,-0.29275,-0.04937,-0.11605,0.79519,39.49455,17.87290,-15.17424,-30.89821,-7.54165,5.61301,16.31779,-4.38126,25.23169,-15.70448,-2.56212,2.46439,-25.00118,1.37567,-25.00118,25.00117,88.000,88.000,88.000,139.000,35.000,35.000,88.000,88.000,88.000,139.000,35.000,35.000,25.000,25.000,25.000,25.000
0.4910,-0.02859,0.02481,0.54761,0.99239,0.06975,-0.00519,-0.10136,0.03078,-0.00366,0.51970,0.66759,0.13875,0.00007,2,0.03538,1,0.08500,0.03000,0.2388,0.6510,0.115465,0.105641,66.3017,-81.0789,147.9599,20.5807,-43.5561,336.1796,98.8709,80.5233,149.8041,-3.3593,66.9894,171.7229,-0.085008,-0.030008,150.0006,0.085138,-0.010082,336.1796,-0.085008,-0.030008,150.0006,0.085026,-0.016052,171.7229,-0.82184,-0.02034,0.21522,1.75931,-0.90930,0.05166,-0.97344,0.02023,0.22369,1.86702,-0.88522,0.05948,-0.30110,-0.05541,-0.12461,0.80810,39.49455,17.87290,-15.17424,-30.89821,-7.54165,5.61301,16.31779,-4.38126,25.23169,-15.70448,-2.56212,2.46439,-25.00118,1.37567,-25.00118,25.00117,88.000,88.000,88.000,139.000,35.000,35.000,88.000,88.000,88.000,139.000,35.000,35.000,25.000,25.000,25.000,25.000
0.4920,-0.02870,0.02502,0.54692,0.99219,0.07033,-0.00553,-0.10291,0.03074,-0.00366,0.51918,0.66753,0.13994,0.00007,2,0.03538,1,0.08500,0.03000,0.2424,0.6474,0.115487,0.105655,65.4494,-97.3969,147.8279,21.7594,-44.0291,337.7025,98.8004,80.5527,149.8348,-2.4344,66.9096,172.3725,0.085008,-0.030008,150.0006,0.085144,-0.010058,337.7025,0.074058,0.007704,150.0006,0.085026,-0.015824,172.3725,-0.82182,-0.01833,0.21853,1.76218,-0.91006,0.05238,-0.97497,0.02329,0.22743,1.87001,-0.88593,0.06096,-0.31015,-0.06087,-0.13341,0.82191,39.49455,17.87290,-15.17424,-30.89821,-7.54165,5.61301,16.31779,-4.38126,25.23169,-15.70448,-2.56212,2.46439,-25.00118,1.37567,-25.00118,25.00117,88.000,88.000,88.000,139.000,35.000,35.000,88.000,88.000,88.000,139.000,35.000,35.000,25.000,25.000,25.000,25.000
0.4930,-0.02880,0.02525,0.54623,0.99196,0.07094,-0.00590,-0.10462,0.03071,-0.00366,0.51866,0.66747,0.14117,0.00007,2,0.03537,1,0.08500,0.03000,0.2457,0.6444,0.115508,0.105654,65.0569,-97.3727,147.7235,22.8818,-44.4441,339.0315,97.6511,69.2432,149.8311,-1.5228,66.8809,173.0366,0.085008,-0.030008,150.0006,0.085151,-0.010048,339.0315,0.085008,-0.030008,150.0006,0.085025,-0.015603,173.0366,-0.82162,-0.01610,0.22204,1.76503,-0.91085,0.05311,-0.97644,0.02667,0.23140,1.87295,-0.88663,0.06250,-0.31989,-0.06579,-0.14244,0.83657,39.49455,17.87290,-15.17424,-30.89821,-7.54165,5.61301,16.31779,-4.38126,25.23169,-15.70448,-2.56212,2.46439,-25.00118,1.37567,-25.00118,25.00117,88.000,88.000,88.000,139.000,35.000,35.000,88.000,88.000,88.000,139.000,35.000,35.000,25.000,25.000,25.000,25.000
0.4940,-0.02890,0.02549,0.54556,0.99171,0.07156,-0.00630,-0.10649,0.03068,-0.00366,0.51814,0.66740,0.14245,0.00007,2,0.03535,1,0.08500,0.03000,0.2490,0.6419,0.115528,0.105640,63.5136,-97.2293,147.6523,23.9484,-44.8166,340.1659,95.9488,51.9508,149.8041,-0.6311,66.8944,173.7095,-0.085008,-0.030008,150.0006,0.085158,-0.010052,340.1659,-0.085008,-0.030008,150.0006,0.085024,-0.015388,173.7095,-0.82123,-0.01364,0.22576,1.76786,-0.91166,0.05383,-0.97786,0.03037,0.23560,1.87584,-0.88731,0.06411,-0.33030,-0.07020,-0.15168,0.85205,39.49455,17.87290,-15.17424,-30.89821,-7.54165,5.61301,16.31779,-4.38126,25.23169,-15.70448,-2.56212,2.46439,-25.00118,1.37567,-25.00118,25.00117,88.000,88.000,88.000,139.000,35.000,35.000,88.000,88.000,88.000,139.000,35.000,35.000,25.000,25.000,25.000,25.000
0.4950,-0.02900,0.02574,0.54489,0.99145,0.07221,-0.00673,-0.10852,0.03065,-0.00366,0.51763,0.66734,0.14378,0.00007,2,0.03533,1,0.08500,0.03000,0.2521,0.6398,0.115549,0.105613,61.1227,-96.9992,147.6096,24.9603,-45.1596,341.1058,94.4114,36.2915,149.7812,0.2351,66.9425,174.3866,-0.085008,-0.030008,150.0006,0.085165,-0.010068,341.1058,-0.085008,-0.030008,150.0006,0.085023,-0.015176,174.3866,-0.82066,-0.01096,0.22969,1.77068,-0.91249,0.05456,-0.97923,0.03437,0.24002,1.87867,-0.88799,0.06578,-0.34137,-0.07413,-0.16112,0.86830,39.49455,17.87290,-15.17424,-30.89821,-7.54165,5.61301,16.31779,-4.38126,25.23169,-15.70448,-2.56212,2.46439,-25.00118,1.37567,-25.00118,25.00117,88.000,88.000,88.000,139.000,35.000,35.000,88.000,88.000,88.000,139.000,35.000,35.000,25.000,25.000,25.000,25.000
0.4960,-0.02909,0.02599,0.54422,0.99115,0.07289,-0.00718,-0.11070,0.03062,-0.00365,0.51713,0.66728,0.14516,0.00007,2,0.03530,1,0.08500,0.03000,0.2552,0.6381,0.115572,0.105576,57.5396,-96.6464,147.6122,25.9186,-45.4844,341.8522,92.9246,21.0273,149.7574,1.0717,67.0190,175.0647,0.085008,-0.030008,150.0006,0.085173,-0.010094,341.8522,0.085008,-0.030008,150.0006,0.085021,-0.014966,175.0647,-0.81991,-0.00809,0.23382,1.77348,-0.91333,0.05529,-0.98056,0.03866,0.24466,1.88146,-0.88865,0.06751,-0.35308,-0.07762,-0.17076,0.88529,39.49455,17.87290,-15.17424,-30.89821,-7.54165,5.61301,16.31779,-4.38126,25.23169,-15.70448,-2.56212,2.46439,-25.00118,1.37567,-25.00118,25.00117,88.000,88.000,88.000,139.000,35.000,35.000,88.000,88.000,88.000,139.000,35.000,35.000,25.000,25.000,25.000,25.000
0.4970,-0.02918,0.02624,0.54355,0.99086,0.07358,-0.00762,-0.11278,0.03058,-0.00365,0.51663,0.66721,0.14660,0.00007,2,0.03528,1,0.08500,0.03000,0.2584,0.6368,0.115595,0.105528,52.7717,-96.1723,147.6665,26.8246,-45.8007,342.4065,91.4877,6.1357,149.7325,1.8753,67.1186,175.7413,-0.085008,-0.030008,150.0006,0.085181,-0.010131,342.4065,-0.085008,-0.030008,150.0006,0.085019,-0.014757,175.7413,-0.81929,-0.00548,0.23777,1.77630,-0.91405,0.05590,-0.98194,0.04262,0.24908,1.88431,-0.88928,0.06901,-0.36425,-0.08064,-0.17917,0.89981,-2.93243,-4.80773,-11.34655,-18.41856,9.61639,-2.28000,2.00527,-7.86456,-12.57505,-20.18158,8.88107,-4.46140,13.48041,7.10876,11.45065,-23.96916,88.000,88.000,88.000,139.000,35.000,35.000,88.000,88.000,88.000,139.000,35.000,35.000,25.000,25.000,25.000,25.000
0.4980,-0.02927,0.02648,0.54289,0.99058,0.07429,-0.00805,-0.11476,0.03055,-0.00365,0.51613,0.66715,0.14808,0.00007,2,0.03525,1,0.08500,0.03000,0.2651,0.2163,0.118168,0.129853,27.9943,-93.6053,148.5305,-14.5683,-29.6743,207.8063,93.5976,30.5228,149.8967,-9.4027,14.5376,133.3822,-0.085008,-0.030008,150.0006,0.085190,0.014337,207.8063,-0.085008,-0.030008,150.0006,0.085017,-0.030025,133.3822,-0.81879,-0.00313,0.24153,1.77913,-0.91466,0.05641,-0.98334,0.04627,0.25323,1.88712,-0.88983,0.06966,-0.37484,-0.08322,-0.18642,0.91200,-2.68623,-4.28447,-11.02036,-18.49138,9.38855,-2.05826,2.12932,-7.24817,-12.18661,-20.34547,8.81286,-4.03489,13.62824,6.19702,11.55549,-24.18249,88.000,88.000,88.000,139.000,35.000,35.000,88.000,88.000,88.000,139.000,35.000,35.000,25.000,25.000,25.000,25.000
0.4990,-0.02936,0.02671,0.54222,0.99030,0.07502,-0.00848,-0.11666,0.03052,-0.00365,0.51564,0.66709,0.14959,0.00007,2,0.03520,1,0.08500,0.03000,0.2723,0.2101,0.118126,0.129135,5.4017,-91.2591,149.3969,-16.4891,-28.6437,202.2786,95.2060,49.4132,149.9932,-12.0653,12.4809,137.7300,0.085008,-0.030008,150.0006,0.085198,0.013626,202.2786,0.085008,-0.030008,150.0006,0.085015,-0.030023,137.7300,-0.81839,-0.00102,0.24512,1.78197,-0.91517,0.05682,-0.98476,0.04962,0.25714,1.88991,-0.89032,0.06965,-0.38482,-0.08541,-0.19259,0.92197,-2.45806,-3.78051,-10.71462,-18.55408,9.17415,-1.86248,2.16933,-6.64078,-11.70213,-20.30762,8.67477,-2.35331,13.76803,5.37513,11.64584,-24.36197,88.000,88.000,88.000,139.000,35.000,35.000,88.000,88.000,88.000,139.000,35.000,35.000,25.000,25.000,25.000,25.000
0.5000,-0.02945,0.02693,0.54155,0.99002,0.07575,-0.00890,-0.11847,0.03049,-0.00365,0.51514,0.66702,0.15113,0.00007,2,0.03516,1,0.08500,0.03000,0.2828,0.2853,0.118093,0.128491,-15.0792,-89.1179,150.2598,-18.1076,-28.1462,197.2640,96.7122,67.1074,150.0180,-18.3693,-32.3383,217.2670,0.085008,-0.027993,150.0006,0.085207,0.012988,197.2640,0.027183,0.030008,150.0006,0.085014,0.015772,217.2670,-0.81810,0.00087,0.24856,1.78482,-0.91558,0.05716,-0.98624,0.05272,0.26090,1.89275,-0.89078,0.06965,-0.39417,-0.08726,-0.19774,0.92985,-2.24342,-3.31163,-10.43123,-18.60955,8.97286,-1.68838,2.21890,-6.08046,-11.27869,-20.29596,8.55775,-1.03047,13.89942,4.63707,11.72255,-24.50939,88.000,88.000,88.000,139.000,35.000,35.000,88.000,88.000,88.000,139.000,35.000,35.000,25.000,25.000,25.000,25.000
0.5010,-0.02955,0.02714,0.54088,0.98975,0.07650,-0.00931,-0.12020,0.03046,-0.00365,0.51465,0.66696,0.15269,0.00007,2,0.03514,1,0.08500,0.03000,0.2900,0.2801,0.118074,0.127972,-35.8301,-83.2379,151.2384,-19.3384,-27.3849,192.6812,97.9239,81.3225,149.9944,-19.5539,-29.8024,212.1013,-0.085008,-0.030008,150.0006,0.085216,0.012478,192.6812,-0.085008,-0.030008,150.0006,0.085013,0.010988,212.1013,-0.81791,0.00256,0.25184,1.78768,-0.91590,0.05743,-0.98775,0.05560,0.26451,1.89563,-0.89122,0.06967,-0.40288,-0.08881,-0.20195,0.93575,-2.03885,-2.88999,-10.16509,-18.66203,8.78427,-1.53190,2.32410,-5.60628,-11.02287,-20.44374,8.50979,-1.04818,14.02214,3.97596,11.78647,-24.62652,88.000,88.000,88.000,139.000,35.000,35.000,88.000,88.000,88.000,139.000,35.000,35.000,25.000,25.000,25.000,25.000
0.5020,-0.02964,0.02735,0.54021,0.98949,0.07726,-0.00971,-0.12186,0.03042,-0.00366,0.51416,0.66690,0.15428,0.00007,2,0.03513,1,0.08500,0.03000,0.2967,0.2855,0.118068,0.127559,-31.8370,93.6833,152.2123,-20.2367,-26.7836,188.5811,82.1071,-97.8332,149.6257,-21.5184,-28.7374,209.5485,0.010974,0.030008,150.0006,0.085226,0.012073,188.5811,0.085008,0.030008,150.0006,0.085012,0.011084,209.5485,-0.81780,0.00407,0.25499,1.79054,-0.91614,0.05764,-0.98932,0.05825,0.26799,1.89856,-0.89163,0.06968,-0.41094,-0.09009,-0.20529,0.93980,-1.84683,-2.49680,-9.91531,-18.70897,8.60807,-1.39565,2.42221,-5.16245,-10.78019,-20.58213,8.46175,-1.06550,14.13606,3.38874,10.24291,-24.71501,88.000,88.000,88.000,139.000,35.000,35.000,88.000,88.000,88.000,139.000,35.000,35.000,25.000,25.000,25.000,25.000
0.5030,-0.02973,0.02754,0.53954,0.98923,0.07802,-0.01011,-0.12344,0.03039,-0.00366,0.51367,0.66683,0.15589,0.00007,2,0.03512,1,0.08500,0.03000,0.3012,0.2907,0.118065,0.127182,-43.3991,94.9549,152.8642,-20.9591,-26.0344,184.9460,82.1046,-97.7010,149.7134,-23.3289,-27.5809,207.1227,-0.085008,-0.030008,150.0006,0.085235,0.011705,184.9460,-0.085008,-0.030008,150.0006,0.085012,0.011179,207.1227,-0.81778,0.00540,0.25801,1.79340,-0.91629,0.05779,-0.99091,0.06071,0.27133,1.90153,-0.89201,0.06971,-0.41837,-0.09116,-0.20791,0.94224,-1.66529,-2.12948,-9.68117,-18.75218,8.44401,-1.27967,2.51533,-4.74687,-10.55054,-20.71196,8.41393,-1.08317,14.24118,2.89580,8.57360,-22.88454,88.000,88.000,88.000,139.000,35.000,35.000,88.000,88.000,88.000,139.000,35.000,35.000,25.000,25.000,25.000,25.000
0.5040,-0.02982,0.02773,0.53888,0.98896,0.07877,-0.01050,-0.12506,0.03035,-0.00367,0.51318,0.66677,0.15750,0.00007,2,0.03511,0,0.08500,0.03000,0.3050,0.2957,0.118067,0.126850,-53.8972,96.1369,153.5078,-21.5558,-25.3084,181.6618,83.1174,-86.0766,149.7890,-24.7473,-26.6355,204.9413,-0.085008,-0.030008,150.0006,0.085245,0.011382,181.6618,-0.085008,-0.030008,150.0006,0.085012,0.011354,204.9413,-0.81766,0.00690,0.26114,1.79618,-0.91651,0.05800,-0.99248,0.06322,0.27463,1.90444,-0.89240,0.06984,-0.42584,-0.09198,-0.21043,0.94551,-3.18064,-0.17708,26.01550,-62.81760,-13.58718,1.32610,29.39481,24.73737,-38.69108,-15.18328,-3.02059,7.92155,-25.00126,1.18519,25.00126,25.00126,88.000,88.000,88.000,139.000,35.000,35.000,88.000,88.000,88.000,139.000,35.000,35.000,25.000,25.000,25.000,25.000
0.5050,-0.02992,0.02792,0.53823,0.98869,0.07952,-0.01090,-0.12670,0.03031,-0.00368,0.51270,0.66671,0.15911,0.00007,2,0.03510,1,0.08500,0.03000,0.5751,0.8360,0.115807,0.105518,-50.8280,95.8552,153.4750,-82.8141,80.8456,335.4040,83.0033,-87.1118,149.8511,-9.9214,-96.3410,193.0728,0.085008,-0.030008,150.0006,0.085254,-0.010058,335.4040,0.082956,-0.030008,150.0006,0.085012,-0.016914,193.0728,-0.81745,0.00855,0.26438,1.79890,-0.91680,0.05827,-0.99402,0.06578,0.27788,1.90730,-0.89281,0.07007,-0.43335,-0.09254,-0.21286,0.94958,-3.18064,-0.17708,26.01550,-62.81760,-13.58718,1.32610,29.39481,24.73737,-38.69108,-15.18328,-3.02059,7.92155,-25.00126,1.18519,25.00126,25.00126,88.000,88.000,88.000,139.000,35.000,35.000,88.000,88.000,88.000,139.000,35.000,35.000,25.000,25.000,25.000,25.000
0.5060,-0.03001,0.02810,0.53759,0.98841,0.08026,-0.01130,-0.12836,0.03027,-0.00369,0.51222,0.66664,0.16070,0.00007,2,0.03509,1,0.08500,0.03000,0.5655,0.8407,0.115835,0.105486,-47.5655,95.5353,153.4183,-80.9595,81.5262,338.6152,82.9077,-87.8318,149.9082,-9.7511,-96.7409,192.7549,0.019569,0.030008,150.0006,0.085263,-0.010072,338.6152,0.085008,0.030008,150.0006,0.085012,-0.016863,192.7549,-0.81716,0.01035,0.26773,1.80154,-0.91713,0.05857,-0.99553,0.06839,0.28110,1.91011,-0.89323,0.07038,-0.44092,-0.09285,-0.21517,0.95441,-3.18064,-0.17708,26.01550,-62.81760,-13.58718,1.32610,29.39481,24.73737,-38.69108,-15.18328,-3.02059,7.92155,-25.00126,1.18519,25.00126,25.00126,88.000,88.000,88.000,139.000,35.000,35.000,88.000,88.000,88.000,139.000,35.000,35.000,25.000,25.000,25.000,25.000
0.5070,-0.03010,0.02827,0.53696,0.98813,0.08100,-0.01169,-0.13004,0.03023,-0.00370,0.51175,0.66658,0.16228,0.00007,2,0.03507,1,0.08500,0.03000,0.5568,0.8450,0.115865,0.105439,-44.2413,95.1935,153.3446,-79.2129,82.1613,341.6343,82.8205,-88.3567,149.9603,-9.6240,-97.0679,192.4000,-0.085008,0.025449,150.0006,0.085271,-0.010096,341.6343,0.073223,0.030008,150.0006,0.085011,-0.016844,192.4000,-0.81677,0.01230,0.27119,1.80412,-0.91752,0.05892,-0.99702,0.07105,0.28427,1.91287,-0.89365,0.07077,-0.44855,-0.09292,-0.21736,0.95997,-3.18064,-0.17708,26.01550,-62.81760,-13.58718,1.32610,29.39481,24.73737,-38.69108,-15.18328,-3.02059,7.92155,-25.00126,1.18519,25.00126,25.00126,88.000,88.000,88.000,139.000,35.000,35.000,88.000,88.000,88.000,139.000,35.000,35.000,25.000,25.000,25.000,25.000
0.5080,-0.03019,0.02844,0.53633,0.98784,0.08172,-0.01209,-0.13175,0.03018,-0.00370,0.51129,0.66651,0.16384,0.00007,2,0.03505,1,0.08500,0.03000,0.5488,0.8489,0.115898,0.105380,-41.9777,94.9536,153.3194,-77.5675,82.7511,344.4676,83.3523,-81.8594,149.9912,-9.5374,-97.3285,192.0094,-0.081742,0.030008,150.0006,0.085280,-0.010130,344.4676,0.085008,0.030008,150.0006,0.085010,-0.016857,192.0094,-0.81631,0.01438,0.27474,1.80664,-0.91795,0.05930,-0.99849,0.07375,0.28741,1.91558,-0.89408,0.07123,-0.45624,-0.09275,-0.21942,0.96622,-3.18064,-0.17708,26.01550,-62.81760,-13.58718,1.32610,29.39481,24.73737,-38.69108,-15.18328,-3.02059,7.92155,-25.00126,1.18519,25.00126,25.00126,88.000,88.000,88.000,139.000,35.000,35.000,88.000,88.000,88.000,139.000,35.000,35.000,25.000,25.000,25.000,25.000
0.5090,-0.03027,0.02861,0.53572,0.98754,0.08245,-0.01249,-0.13346,0.03013,-0.00371,0.51083,0.66645,0.16540,0.00007,2,0.03503,0,0.08500,0.03000,0.5414,0.8525,0.115933,0.105309,-37.6810,94.4826,153.1637,-76.0174,83.2964,347.1218,84.0703,-73.2427,150.0084,-9.4885,-97.5298,191.5854,-0.085008,-0.030008,150.0006,0.085287,-0.010173,347.1218,-0.085008,-0.030008,150.0006,0.085009,-0.016898,191.5854,-0.81576,0.01653,0.27837,1.80910,-0.91843,0.05972,-0.99990,0.07646,0.29054,1.91825,-0.89452,0.07176,-0.46397,-0.09252,-0.22133,0.97283,3.46277,-1.68712,23.77681,-58.98333,-13.00980,1.54903,32.19005,26.17676,-34.30479,-16.56234,-3.19800,7.71270,-25.00126,-3.67814,25.00125,25.00125,88.000,88.000,88.000,139.000,35.000,35.000,88.000,88.000,88.000,139.000,35.000,35.000,25.000,25.000,25.000,25.000
0.5100,-0.03034,0.02878,0.53511,0.98724,0.08318,-0.01289,-0.13519,0.03008,-0.00372,0.51038,0.66639,0.16695,0.00007,2,0.03501,0,0.08500,0.03000,0.4782,0.7165,0.115999,0.105481,-23.3878,92.9233,152.3812,-60.3468,79.1677,346.9797,85.4485,-57.3298,149.9966,-7.9520,-85.2999,199.2896,-0.085008,-0.030008,150.0006,0.085295,-0.009967,346.9797,-0.085008,-0.030008,150.0006,0.085008,-0.016770,199.2896,-0.81509,0.01875,0.28209,1.81148,-0.91894,0.06019,-1.00124,0.07923,0.29372,1.92088,-0.89497,0.07238,-0.47180,-0.09202,-0.22304,0.97976,9.84429,-3.31680,23.76529,-55.98307,-12.38349,1.58229,31.44065,24.53929,-28.42050,-16.77528,-3.13464,7.23947,-25.00126,0.42488,25.00125,25.00125,88.000,88.000,88.000,139.000,35.000,35.000,88.000,88.000,88.000,139.000,35.000,35.000,25.000,25.000,25.000,25.000
0.5110,-0.03040,0.02895,0.53452,0.98693,0.08392,-0.01331,-0.13693,0.03002,-0.00373,0.50993,0.66632,0.16852,0.00007,2,0.03499,0,0.08500,0.03000,0.4252,0.5950,0.116048,0.105481,-8.0541,91.2512,151.4885,-44.3602,77.9482,351.5611,86.6945,-42.9855,149.9817,-7.7396,-69.7840,196.6573,-0.085008,-0.030008,150.0006,0.085303,-0.009933,351.5611,-0.085008,-0.030008,150.0006,0.085007,-0.017246,196.6573,-0.81430,0.02103,0.28591,1.81380,-0.91949,0.06071,-1.00250,0.08202,0.29696,1.92348,-0.89542,0.07307,-0.47967,-0.09146,-0.22460,0.98702,16.61608,-4.98023,23.48458,-52.46997,-11.61611,1.63648,31.66567,22.41086,-23.23588,-17.32202,-3.20497,6.81635,-25.00126,-4.06510,25.00125,25.00125,88.000,88.000,88.000,139.000,35.000,35.000,88.000,88.000,88.000,139.000,35.000,35.000,25.000,25.000,25.000,25.000
0.5120,-0.03045,0.02912,0.53393,0.98661,0.08466,-0.01375,-0.13869,0.02997,-0.00374,0.50949,0.66626,0.17010,0.00007,2,0.03498,1,0.08500,0.03000,0.3871,0.4606,0.116089,0.105390,2.9920,90.0444,150.8251,-28.5249,76.7631,352.5659,87.7882,-30.4278,149.9667,2.2819,-55.7579,201.9242,0.026165,0.030008,150.0006,0.085310,-0.009989,352.5659,0.085008,0.030008,150.0006,0.074993,-0.016624,201.9242,-0.81338,0.02335,0.28982,1.81604,-0.92007,0.06126,-1.00368,0.08486,0.30025,1.92606,-0.89587,0.07384,-0.48759,-0.09083,-0.22599,0.99458,16.61608,-4.98023,23.48458,-52.46997,-11.61611,1.63648,31.66567,22.41086,-23.23588,-17.32202,-3.20497,6.81635,-25.00126,-4.06510,25.00125,25.00125,88.000,88.000,88.000,139.000,35.000,35.000,88.000,88.000,88.000,139.000,35.000,35.000,25.000,25.000,25.000,25.000
0.5130,-0.03049,0.02929,0.53336,0.98629,0.08541,-0.01419,-0.14046,0.02991,-0.00375,0.50906,0.66619,0.17171,0.00007,2,0.03496,1,0.08500,0.03000,0.3849,0.4580,0.116135,0.105331,12.7302,88.9827,150.2153,-27.2195,77.1601,354.2870,88.8095,-18.7677,149.9501,1.2746,-55.4241,201.7600,-0.013222,0.030008,150.0006,0.085317,-0.010010,354.2870,0.085008,0.030008,150.0006,0.076694,-0.016649,201.7600,-0.81235,0.02571,0.29383,1.81822,-0.92068,0.06184,-1.00478,0.08773,0.30360,1.92861,-0.89632,0.07467,-0.49555,-0.09013,-0.22722,1.00243,16.61608,-4.98023,23.48458,-52.46997,-11.61611,1.63648,31.66567,22.41086,-23.23588,-17.32202,-3.20497,6.81635,-25.00126,-4.06510,25.00125,25.00125,88.000,88.000,88.000,139.000,35.000,35.000,88.000,88.000,88.000,139.000,35.000,35.000,25.000,25.000,25.000,25.000
0.5140,-0.03052,0.02946,0.53280,0.98596,0.08617,-0.01465,-0.14225,0.02986,-0.00376,0.50863,0.66613,0.17333,0.00007,2,0.03495,1,0.08500,0.03000,0.3828,0.4555,0.116183,0.105266,22.0198,87.9752,149.6076,-25.9776,77.4995,355.8645,89.7679,-7.8836,149.9336,0.0416,-55.0970,201.6103,-0.085008,-0.030008,150.0006,0.085324,-0.010037,355.8645,-0.085008,-0.030008,150.0006,0.078587,-0.016658,201.6103,-0.81120,0.02810,0.29792,1.82033,-0.92132,0.06247,-1.00580,0.09063,0.30701,1.93114,-0.89677,0.07558,-0.50357,-0.08937,-0.22826,1.01055,16.61608,-4.98023,23.48458,-52.46997,-11.61611,1.63648,31.66567,22.41086,-23.23588,-17.32202,-3.20497,6.81635,-25.00126,-4.06510,25.00125,25.00125,88.000,88.000,88.000,139.000,35.000,35.000,88.000,88.000,88.000,139.000,35.000,35.000,25.000,25.000,25.000,25.000
0.5150,-0.03053,0.02963,0.53224,0.98563,0.08694,-0.01512,-0.14404,0.02980,-0.00376,0.50821,0.66606,0.17498,0.00007,2,0.03494,1,0.08500,0.03000,0.3808,0.4534,0.116232,0.105194,24.8764,87.6579,149.4167,-24.7950,77.7883,357.3037,90.3458,-1.2466,149.9291,-1.2601,-54.7869,201.4548,-0.085008,-0.030008,150.0006,0.085331,-0.010070,357.3037,-0.085008,-0.030008,150.0006,0.080519,-0.016670,201.4548,-0.80993,0.03054,0.30210,1.82237,-0.92198,0.06311,-1.00675,0.09355,0.31048,1.93365,-0.89722,0.07653,-0.51164,-0.08853,-0.22913,1.01892,16.61608,-4.98023,23.48458,-52.46997,-11.61611,1.63648,31.66567,22.41086,-23.23588,-17.32202,-3.20497,6.81635,-25.00126,-4.06510,25.00125,25.00125,88.000,88.000,88.000,139.000,35.000,35.000,88.000,88.000,88.000,139.000,35.000,35.000,25.000,25.000,25.000,25.000
0.5160,-0.03054,0.02980,0.53170,0.98529,0.08772,-0.01561,-0.14584,0.02974,-0.00377,0.50779,0.66600,0.17666,0.00007,2,0.03493,1,0.08500,0.03000,0.3790,0.4516,0.116283,0.105116,27.2483,87.3940,149.2527,-23.6710,78.0290,358.6090,90.8588,4.6328,149.9265,-2.4205,-54.4834,201.2940,0.030635,0.030008,150.0006,0.085338,-0.010109,358.6090,0.085008,0.030008,150.0006,0.082154,-0.016676,201.2940,-0.80855,0.03300,0.30636,1.82436,-0.92265,0.06379,-1.00762,0.09650,0.31400,1.93614,-0.89767,0.07755,-0.51977,-0.08761,-0.22982,1.02754,16.61608,-4.98023,23.48458,-52.46997,-11.61611,1.63648,31.66567,22.41086,-23.23588,-17.32202,-3.20497,6.81635,-25.00126,-4.06510,25.00125,25.00125,88.000,88.000,88.000,139.000,35.000,35.000,88.000,88.000,88.000,139.000,35.000,35.000,25.000,25.000,25.000,25.000
0.5170,-0.03054,0.02997,0.53117,0.98494,0.08851,-0.01610,-0.14766,0.02968,-0.00377,0.50739,0.66593,0.17835,0.00007,2,0.03492,1,0.08500,0.03000,0.3773,0.4500,0.116340,0.105077,27.3030,87.3748,149.2492,-22.7363,78.2232,359.8442,91.0129,6.5425,149.9352,-3.5188,-54.1941,201.1263,-0.085008,-0.030008,150.0006,0.085344,-0.010109,359.8442,-0.085008,-0.030008,150.0006,0.083634,-0.016680,201.1263,-0.80706,0.03549,0.31071,1.82628,-0.92335,0.06449,-1.00843,0.09948,0.31758,1.93860,-0.89812,0.07861,-0.52796,-0.08662,-0.23032,1.03638,16.61608,-4.98023,23.48458,-52.46997,-11.61611,1.63648,31.66567,22.41086,-23.23588,-17.32202,-3.20497,6.81635,-25.00126,-4.06510,25.00125,25.00125,88.000,88.000,88.000,139.000,35.000,35.000,88.000,88.000,88.000,139.000,35.000,35.000,25.000,25.000,25.000,25.000
0.5180,-0.03053,0.03014,0.53064,0.98458,0.08931,-0.01661,-0.14949,0.02963,-0.00378,0.50699,0.66587,0.18008,0.00007,2,0.03491,1,0.08500,0.03000,0.3762,0.4482,0.116399,0.105033,26.3489,87.4596,149.3204,-21.8512,78.4891,360.9174,91.0217,6.8360,149.9479,1.0594,-54.2039,201.5986,-0.085008,-0.030008,150.0006,0.085351,-0.010112,360.9174,-0.085008,-0.030008,150.0006,0.077415,-0.016781,201.5986,-0.80547,0.03801,0.31515,1.82814,-0.92405,0.06521,-1.00916,0.10247,0.32122,1.94105,-0.89856,0.07971,-0.53622,-0.08554,-0.23062,1.04543,16.61608,-4.98023,23.48458,-52.46997,-11.61611,1.63648,31.66567,22.41086,-23.23588,-17.32202,-3.20497,6.81635,-25.00126,-4.06510,25.00125,25.00125,88.000,88.000,88.000,139.000,35.000,35.000,88.000,88.000,88.000,139.000,35.000,35.000,25.000,25.000,25.000,25.000
0.5190,-0.03050,0.03031,0.53013,0.98422,0.09012,-0.01713,-0.15132,0.02957,-0.00378,0.50659,0.66580,0.18183,0.00007,2,0.03491,1,0.08500,0.03000,0.3747,0.4480,0.116459,0.104986,24.5890,87.6249,149.4553,-20.9904,78.6193,361.9106,90.9919,6.6708,149.9600,-0.7450,-54.0611,201.1615,-0.052484,0.028176,150.0006,0.085358,-0.010120,361.9106,0.085008,0.030008,150.0006,0.079790,-0.016715,201.1615,-0.80376,0.04055,0.31966,1.82994,-0.92477,0.06596,-1.00982,0.10548,0.32491,1.94348,-0.89900,0.08086,-0.54454,-0.08439,-0.23073,1.05468,16.61608,-4.98023,23.48458,-52.46997,-11.61611,1.63648,31.66567,22.41086,-23.23588,-17.32202,-3.20497,6.81635,-25.00126,-4.06510,25.00125,25.00125,88.000,88.000,88.000,139.000,35.000,35.000,88.000,88.000,88.000,139.000,35.000,35.000,25.000,25.000,25.000,25.000
0.5200,-0.03047,0.03049,0.52963,0.98385,0.09095,-0.01768,-0.15315,0.02951,-0.00378,0.50620,0.66574,0.18361,0.00007,2,0.03491,0,0.08500,0.03000,0.3733,0.4477,0.116520,0.104934,22.6600,87.8035,149.6090,-20.1620,78.7210,362.7870,90.9342,6.1668,149.9713,-1.9589,-53.9066,200.8109,-0.085008,-0.030008,150.0006,0.085364,-0.010134,362.7870,-0.085008,-0.030008,150.0006,0.081464,-0.016659,200.8109,-0.80190,0.04302,0.32426,1.83165,-0.92550,0.06674,-1.01036,0.10848,0.32873,1.94590,-0.89944,0.08207,-0.55320,-0.08189,-0.22989,1.06168,31.36255,-12.46133,22.34058,-46.20805,-10.19744,1.86163,35.24606,14.37858,-5.78373,-19.51761,-3.43070,5.56651,-25.00126,25.00126,25.00125,-21.52074,88.000,88.000,88.000,139.000,35.000,35.000,88.000,88.000,88.000,139.000,35.000,35.000,25.000,25.000,25.000,25.000
0.5210,-0.03042,0.03067,0.52914,0.98347,0.09182,-0.01826,-0.15498,0.02945,-0.00378,0.50582,0.66567,0.18545,0.00007,2,0.03492,1,0.08500,0.03000,0.3554,0.0797,0.116578,0.104840,46.0381,85.4197,147.8080,11.4749,77.3366,366.6761,90.1205,-2.6704,149.9965,10.0792,-3.3833,222.2779,-0.085008,-0.030008,150.0006,0.085371,-0.010190,366.6761,-0.085008,-0.030008,150.0006,0.079659,-0.015935,222.2779,-0.79990,0.04542,0.32894,1.83326,-0.92624,0.06754,-1.01078,0.11146,0.33266,1.94832,-0.89990,0.08336,-0.56217,-0.07811,-0.22819,1.06654,31.36255,-12.46133,22.34058,-46.20805,-10.19744,1.86163,35.24606,14.37858,-5.78373,-19.51761,-3.43070,5.56651,-25.00126,25.00126,25.00125,-21.52074,88.000,88.000,88.000,139.000,35.000,35.000,88.000,88.000,88.000,139.000,35.000,35.000,25.000,25.000,25.000,25.000
0.5220,-0.03035,0.03086,0.52867,0.98308,0.09271,-0.01887,-0.15685,0.02939,-0.00378,0.50545,0.66561,0.18735,0.00007,2,0.03493,0,0.08500,0.03000,0.3566,0.0713,0.116640,0.104784,66.6223,83.3596,146.1628,12.3608,77.6034,367.2674,89.4097,-10.4584,150.0120,9.0636,-2.8977,222.5631,-0.085008,-0.030008,150.0006,0.085377,-0.010210,367.2674,-0.085008,-0.030008,150.0006,0.081086,-0.015738,222.5631,-0.79768,0.04782,0.33375,1.83478,-0.92700,0.06836,-1.01106,0.11449,0.33674,1.95073,-0.90035,0.08470,-0.57146,-0.07301,-0.22558,1.06937,50.66656,-22.83691,24.02590,-37.48879,-8.29473,1.70178,37.24941,16.43258,-11.27005,-18.91487,-3.38687,6.19542,-25.00126,25.00125,25.00125,-25.00125,88.000,88.000,88.000,139.000,35.000,35.000,88.000,88.000,88.000,139.000,35.000,35.000,25.000,25.000,25.000,25.000
0.5230,-0.03026,0.03104,0.52821,0.98267,0.09362,-0.01953,-0.15877,0.02933,-0.00378,0.50509,0.66554,0.18933,0.00007,2,0.03494,1,0.08500,0.03000,0.4210,0.1551,0.116750,0.105227,74.8410,82.5637,145.4529,60.5489,75.2734,382.4794,89.1767,-13.0768,150.0124,7.7023,-19.0754,221.1262,-0.085008,-0.030008,150.0006,0.085384,-0.009730,382.4794,-0.085008,-0.030008,150.0006,0.082174,-0.016446,221.1262,-0.79525,0.05020,0.33869,1.83623,-0.92777,0.06920,-1.01119,0.11758,0.34096,1.95313,-0.90081,0.08609,-0.58105,-0.06666,-0.22214,1.07029,50.66656,-22.83691,24.02590,-37.48879,-8.29473,1.70178,37.24941,16.43258,-11.27005,-18.91487,-3.38687,6.19542,-25.00126,25.00125,25.00125,-25.00125,88.000,88.000,88.000,139.000,35.000,35.000,88.000,88.000,88.000,139.000,35.000,35.000,25.000,25.000,25.000,25.000
0.5240,-0.03016,0.03123,0.52776,0.98225,0.09457,-0.02022,-0.16073,0.02927,-0.00377,0.50473,0.66548,0.19138,0.00007,2,0.03496,1,0.08500,0.03000,0.4255,0.1495,0.116805,0.105138,81.7182,81.9144,144.8289,62.2067,75.6084,383.5329,88.4924,-20.6927,150.0164,6.5197,-18.7637,221.4680,-0.085008,-0.030008,150.0006,0.085390,-0.009786,383.5329,-0.085008,-0.030008,150.0006,0.083955,-0.016270,221.4680,-0.79260,0.05258,0.34375,1.83759,-0.92856,0.07005,-1.01118,0.12073,0.34534,1.95552,-0.90127,0.08753,-0.59091,-0.05911,-0.21793,1.06944,50.66656,-22.83691,24.02590,-37.48879,-8.29473,1.70178,37.24941,16.43258,-11.27005,-18.91487,-3.38687,6.19542,-25.00126,25.00125,25.00125,-25.00125,88.000,88.000,88.000,139.000,35.000,35.000,88.000,88.000,88.000,139.000,35.000,35.000,25.000,25.000,25.000,25.000
0.5250,-0.03004,0.03143,0.52733,0.98181,0.09555,-0.02095,-0.16273,0.02922,-0.00377,0.50438,0.66541,0.19350,0.00007,2,0.03498,1,0.08500,0.03000,0.4299,0.1460,0.116858,0.105049,87.4653,81.3879,144.2782,63.8016,75.9052,384.4592,87.5019,-31.7336,150.0185,5.9188,-18.5167,221.8686,0.045156,0.004810,150.0006,0.085397,-0.009844,384.4592,0.085008,0.030008,150.0006,0.085001,-0.016108,221.8686,-0.78974,0.05496,0.34895,1.83888,-0.92936,0.07090,-1.01103,0.12394,0.34986,1.95790,-0.90173,0.08903,-0.60105,-0.05043,-0.21300,1.06691,50.66656,-22.83691,24.02590,-37.48879,-8.29473,1.70178,37.24941,16.43258,-11.27005,-18.91487,-3.38687,6.19542,-25.00126,25.00125,25.00125,-25.00125,88.000,88.000,88.000,139.000,35.000,35.000,88.000,88.000,88.000,139.000,35.000,35.000,25.000,25.000,25.000,25.000
0.5260,-0.02991,0.03162,0.52691,0.98135,0.09655,-0.02172,-0.16477,0.02917,-0.00376,0.50404,0.66535,0.19569,0.00007,2,0.03501,1,0.08500,0.03000,0.4341,0.1452,0.116912,0.104962,92.1009,80.9794,143.8037,65.3388,76.1710,385.2576,86.2167,-46.0935,150.0159,6.1627,-18.3650,222.3323,-0.085008,-0.030008,150.0006,0.085404,-0.009903,385.2576,-0.085008,-0.030008,150.0006,0.085001,-0.015967,222.3323,-0.78667,0.05732,0.35427,1.84009,-0.93016,0.07177,-1.01075,0.12720,0.35452,1.96027,-0.90220,0.09057,-0.61143,-0.04066,-0.20742,1.06283,50.66656,-22.83691,24.02590,-37.48879,-8.29473,1.70178,37.24941,16.43258,-11.27005,-18.91487,-3.38687,6.19542,-25.00126,25.00125,25.00125,-25.00125,88.000,88.000,88.000,139.000,35.000,35.000,88.000,88.000,88.000,139.000,35.000,35.000,25.000,25.000,25.000,25.000
0.5270,-0.02975,0.03182,0.52650,0.98087,0.09759,-0.02254,-0.16691,0.02912,-0.00375,0.50371,0.66528,0.19796,0.00007,2,0.03503,0,0.08500,0.03000,0.4382,0.1445,0.116966,0.104882,80.1675,82.1544,144.7438,66.8144,76.3646,385.9476,86.2706,-45.8372,149.9911,6.3680,-18.2323,222.7128,-0.085008,-0.030008,150.0006,0.085411,-0.009958,385.9476,-0.085008,-0.030008,150.0006,0.085002,-0.015833,222.7128,-0.78333,0.05971,0.35978,1.84121,-0.93099,0.07264,-1.01030,0.13058,0.35937,1.96263,-0.90267,0.09216,-0.62233,-0.02970,-0.20112,1.05706,57.54378,-34.67006,30.54231,-37.25369,-8.21200,1.43453,45.26056,23.56907,-23.84517,-18.08509,-3.44592,7.71849,-25.00127,25.00127,25.00126,-25.00127,88.000,88.000,88.000,139.000,35.000,35.000,88.000,88.000,88.000,139.000,35.000,35.000,25.000,25.000,25.000,25.000
0.5280,-0.02958,0.03203,0.52611,0.98036,0.09867,-0.02340,-0.16914,0.02907,-0.00374,0.50338,0.66522,0.20033,0.00007,2,0.03506,1,0.08500,0.03000,0.5261,0.3801,0.117001,0.104612,76.3539,82.5383,145.0060,91.4371,93.1855,413.5838,86.6182,-42.3683,149.9628,7.5328,-51.4168,227.8550,-0.085008,-0.030008,150.0006,0.085419,-0.010206,413.5838,-0.085008,-0.030008,150.0006,0.085003,-0.016628,227.8550,-0.77971,0.06214,0.36547,1.84225,-0.93183,0.07351,-1.00969,0.13408,0.36440,1.96498,-0.90314,0.09380,-0.63372,-0.01761,-0.19418,1.04973,57.54378,-34.67006,30.54231,-37.25369,-8.21200,1.43453,45.26056,23.56907,-23.84517,-18.08509,-3.44592,7.71849,-25.00127,25.00127,25.00126,-25.00127,88.000,88.000,88.000,139.000,35.000,35.000,88.000,88.000,88.000,139.000,35.000,35.000,25.000,25.000,25.000,25.000
0.5290,-0.02938,0.03224,0.52574,0.97982,0.09978,-0.02432,-0.17146,0.02903,-0.00372,0.50307,0.66515,0.20278,0.00007,2,0.03509,1,0.08500,0.03000,0.5318,0.3810,0.117052,0.104501,63.8051,83.7229,146.0616,93.5339,93.7027,414.8988,85.2024,-58.3519,149.9396,7.8043,-51.5940,228.2350,-0.085008,-0.030008,150.0006,0.085426,-0.010299,414.8988,-0.085008,-0.030008,150.0006,0.085004,-0.016465,228.2350,-0.77581,0.06459,0.37135,1.84321,-0.93270,0.07438,-1.00893,0.13770,0.36962,1.96732,-0.90361,0.09549,-0.64557,-0.00444,-0.18663,1.04092,57.54378,-34.67006,30.54231,-37.25369,-8.21200,1.43453,45.26056,23.56907,-23.84517,-18.08509,-3.44592,7.71849,-25.00127,25.00127,25.00126,-25.00127,88.000,88.000,88.000,139.000,35.000,35.000,88.000,88.000,88.000,139.000,35.000,35.000,25.000,25.000,25.000,25.000
0.5300,-0.02917,0.03245,0.52538,0.97927,0.10092,-0.02527,-0.17382,0.02899,-0.00371,0.50276,0.66509,0.20533,0.00007,2,0.03513,0,0.08500,0.03000,0.5374,0.3819,0.117103,0.104392,50.2754,84.9686,147.2482,95.5694,94.1377,416.0508,82.9546,-83.5837,149.9052,8.0226,-51.7504,228.5303,-0.085008,-0.030008,150.0007,0.085434,-0.010392,416.0508,-0.085008,-0.030008,150.0007,0.085005,-0.016308,228.5303,-0.77171,0.06699,0.37733,1.84408,-0.93357,0.07525,-1.00803,0.14131,0.37494,1.96965,-0.90409,0.09721,-0.65757,0.00958,-0.17863,1.03131,41.27375,-41.33422,38.54168,-43.71023,-9.47479,1.13794,50.24969,21.89384,-33.75106,-17.81877,-3.74797,8.90551,-25.00128,24.36676,25.00128,-25.00128,88.000,88.000,88.000,139.000,35.000,35.000,88.000,88.000,88.000,139.000,35.000,35.000,25.000,25.000,25.000,25.000
0.5310,-0.02894,0.03266,0.52503,0.97869,0.10210,-0.02627,-0.17622,0.02895,-0.00369,0.50247,0.66502,0.20797,0.00007,2,0.03517,1,0.08500,0.03000,0.5648,0.5456,0.117025,0.102858,44.6421,85.4652,147.7490,66.0849,121.5880,408.3449,82.6498,-87.4163,149.8589,11.1169,-77.8479,240.2094,-0.085008,-0.030008,150.0007,0.085442,-0.011919,408.3449,-0.085008,-0.030008,150.0007,0.085006,-0.017329,240.2094,-0.76741,0.06933,0.38342,1.84485,-0.93445,0.07612,-1.00700,0.14492,0.38036,1.97199,-0.90457,0.09895,-0.66972,0.02443,-0.17019,1.02095,41.27375,-41.33422,38.54168,-43.71023,-9.47479,1.13794,50.24969,21.89384,-33.75106,-17.81877,-3.74797,8.90551,-25.00128,24.36676,25.00128,-25.00128,88.000,88.000,88.000,139.000,35.000,35.000,88.000,88.000,88.000,139.000,35.000,35.000,25.000,25.000,25.000,25.000
0.5320,-0.02871,0.03287,0.52469,0.97810,0.10331,-0.02730,-0.17863,0.02891,-0.00368,0.50218,0.66495,0.21068,0.00007,2,0.03521,0,0.08500,0.03000,0.5684,0.5465,0.117079,0.102726,38.9069,85.9559,148.2808,67.4356,122.0302,408.8463,82.3254,-91.4837,149.8061,10.8844,-77.9643,240.0924,-0.085008,-0.030008,150.0007,0.085450,-0.012041,408.8463,-0.085008,-0.030008,150.0007,0.085008,-0.017294,240.0924,-0.76294,0.07156,0.38961,1.84551,-0.93533,0.07701,-1.00586,0.14849,0.38588,1.97432,-0.90506,0.10073,-0.68190,0.03958,-0.16215,1.01052,36.59775,-39.70551,40.52878,-46.10916,-9.85581,1.22709,53.98602,23.31076,-34.54187,-17.68388,-3.81961,9.33197,-25.00128,17.99781,-25.00128,-25.00128,88.000,88.000,88.000,139.000,35.000,35.000,88.000,88.000,88.000,139.000,35.000,35.000,25.000,25.000,25.000,25.000
0.5330,-0.02846,0.03310,0.52437,0.97749,0.10455,-0.02838,-0.18106,0.02888,-0.00366,0.50190,0.66489,0.21349,0.00007,2,0.03525,1,0.08500,0.03000,0.5931,0.4680,0.117088,0.102061,42.5023,85.6034,147.9345,55.3121,132.4752,403.4254,81.7875,-97.9193,149.7445,13.0991,-61.8512,225.1589,-0.085008,-0.030008,150.0006,0.085458,-0.012701,403.4254,-0.085008,-0.030008,150.0007,0.085009,-0.030005,225.1589,-0.75830,0.07370,0.39589,1.84607,-0.93620,0.07791,-1.00458,0.15201,0.39149,1.97663,-0.90555,0.10239,-0.69411,0.05500,-0.15451,1.00002,36.59775,-39.70551,40.52878,-46.10916,-9.85581,1.22709,53.98602,23.31076,-34.54187,-17.68388,-3.81961,9.33197,-25.00128,17.99781,-25.00128,-25.00128,88.000,88.000,88.000,139.000,35.000,35.000,88.000,88.000,88.000,139.000,35.000,35.000,25.000,25.000,25.000,25.000
0.5340,-0.02821,0.03332,0.52406,0.97686,0.10583,-0.02949,-0.18351,0.02885,-0.00363,0.50163,0.66482,0.21639,0.00007,2,0.03529,1,0.08500,0.03000,0.5948,0.4723,0.117150,0.101973,44.5871,67.5205,147.4494,56.2475,132.5334,403.4435,81.8289,-97.9581,149.6965,12.8657,-62.6243,225.6158,-0.085008,-0.030008,150.0007,0.085466,-0.012784,403.4435,-0.085008,-0.030008,150.0007,0.085011,-0.030006,225.6158,-0.75349,0.07574,0.40228,1.84652,-0.93707,0.07882,-1.00317,0.15550,0.39719,1.97893,-0.90602,0.10392,-0.70636,0.07068,-0.14727,0.98943,36.59775,-39.70551,40.52878,-46.10916,-9.85581,1.22709,53.98602,23.31076,-34.54187,-17.68388,-3.81961,9.33197,-25.00128,17.99781,-25.00128,-25.00128,88.000,88.000,88.000,139.000,35.000,35.000,88.000,88.000,88.000,139.000,35.000,35.000,25.000,25.000,25.000,25.000
0.5350,-0.02795,0.03355,0.52376,0.97622,0.10713,-0.03065,-0.18597,0.02882,-0.00361,0.50137,0.66476,0.21937,0.00007,2,0.03533,1,0.08500,0.03000,0.5963,0.4765,0.117215,0.101896,46.7019,48.4632,146.9220,57.2068,132.5099,403.4307,81.8723,-97.9818,149.6572,12.6332,-63.3676,225.9951,-0.085008,-0.030007,150.0007,0.085475,-0.012860,403.4307,-0.085008,-0.030007,150.0007,0.085013,-0.030006,225.9951,-0.74850,0.07768,0.40877,1.84687,-0.93794,0.07974,-1.00163,0.15894,0.40298,1.98121,-0.90650,0.10535,-0.71866,0.08661,-0.14044,0.97874,36.59775,-39.70551,40.52878,-46.10916,-9.85581,1.22709,53.98602,23.31076,-34.54187,-17.68388,-3.81961,9.33197,-25.00128,17.99781,-25.00128,-25.00128,88.000,88.000,88.000,139.000,35.000,35.000,88.000,88.000,88.000,139.000,35.000,35.000,25.000,25.000,25.000,25.000
0.5360,-0.02767,0.03379,0.52347,0.97555,0.10847,-0.03184,-0.18846,0.02879,-0.00358,0.50112,0.66469,0.22244,0.00007,2,0.03536,1,0.08500,0.03000,0.5976,0.4807,0.117282,0.101829,48.9137,29.4104,146.3592,58.1883,132.4093,403.3906,81.9182,-97.9912,149.6260,12.4011,-64.0839,226.2997,-0.085008,-0.030008,150.0007,0.085483,-0.012929,403.3906,-0.085008,-0.030008,150.0007,0.085014,-0.030006,226.2997,-0.74334,0.07953,0.41537,1.84711,-0.93880,0.08066,-0.99996,0.16235,0.40888,1.98347,-0.90696,0.10667,-0.73103,0.10276,-0.13400,0.96796,36.59775,-39.70551,40.52878,-46.10916,-9.85581,1.22709,53.98602,23.31076,-34.54187,-17.68388,-3.81961,9.33197,-25.00128,17.99781,-25.00128,-25.00128,88.000,88.000,88.000,139.000,35.000,35.000,88.000,88.000,88.000,139.000,35.000,35.000,25.000,25.000,25.000,25.000
0.5370,-0.02739,0.03403,0.52320,0.97487,0.10985,-0.03308,-0.19097,0.02876,-0.00356,0.50088,0.66462,0.22561,0.00007,2,0.03540,1,0.08500,0.03000,0.5987,0.4849,0.117351,0.101773,37.7477,18.7561,147.2751,59.1907,132.2355,403.3269,81.9665,-97.9870,149.6022,12.1691,-64.7762,226.5323,-0.085008,-0.030008,150.0007,0.085491,-0.012991,403.3269,-0.085008,-0.030008,150.0007,0.085016,-0.030006,226.5323,-0.73800,0.08129,0.42208,1.84724,-0.93965,0.08159,-0.99817,0.16573,0.41487,1.98572,-0.90742,0.10789,-0.74347,0.11912,-0.12797,0.95707,36.59775,-39.70551,40.52878,-46.10916,-9.85581,1.22709,53.98602,23.31076,-34.54187,-17.68388,-3.81961,9.33197,-25.00128,17.99781,-25.00128,-25.00128,88.000,88.000,88.000,139.000,35.000,35.000,88.000,88.000,88.000,139.000,35.000,35.000,25.000,25.000,25.000,25.000
0.5380,-0.02710,0.03428,0.52293,0.97416,0.11126,-0.03436,-0.19351,0.02874,-0.00353,0.50064,0.66456,0.22886,0.00007,2,0.03544,1,0.08500,0.03000,0.5993,0.5609,0.117422,0.101728,24.3781,7.6022,148.4363,60.1852,131.9334,403.2590,82.0177,-97.9701,149.5853,11.6366,-82.6237,247.9268,-0.085008,-0.030008,150.0007,0.085499,-0.013046,403.2590,-0.085008,-0.030008,150.0007,0.085019,-0.016359,247.9268,-0.73248,0.08296,0.42890,1.84727,-0.94050,0.08251,-0.99625,0.16908,0.42100,1.98797,-0.90788,0.10922,-0.75600,0.13567,-0.12235,0.94607,36.59775,-39.70551,40.52878,-46.10916,-9.85581,1.22709,53.98602,23.31076,-34.54187,-17.68388,-3.81961,9.33197,-25.00128,17.99781,-25.00128,-25.00128,88.000,88.000,88.000,139.000,35.000,35.000,88.000,88.000,88.000,139.000,35.000,35.000,25.000,25.000,25.000,25.000
0.5390,-0.02680,0.03452,0.52268,0.97344,0.11270,-0.03567,-0.19607,0.02872,-0.00349,0.50042,0.66449,0.23221,0.00007,2,0.03550,1,0.08500,0.03000,0.7684,0.5632,0.116081,0.084802,7.7789,-7.1826,149.9034,48.8529,157.0191,356.6719,82.0703,-97.9664,149.5589,11.2455,-82.7015,246.9796,-0.085008,-0.030008,150.0007,0.085499,-0.030044,356.6719,-0.085008,-0.030008,150.0007,0.085021,-0.016298,246.9796,-0.72674,0.08456,0.43583,1.84714,-0.94131,0.08302,-0.99421,0.17242,0.42726,1.99024,-0.90834,0.11065,-0.76862,0.15239,-0.11714,0.93494,36.59775,-39.70551,40.52878,-46.10916,-9.85581,1.22709,53.98602,23.31076,-34.54187,-17.68388,-3.81961,9.33197,-25.00128,17.99781,-25.00128,-25.00128,88.000,88.000,88.000,139.000,35.000,35.000,88.000,88.000,88.000,139.000,35.000,35.000,25.000,25.000,25.000,25.000
0.5400,-0.02648,0.03477,0.52245,0.97269,0.11417,-0.03702,-0.19866,0.02870,-0.00346,0.50020,0.66443,0.23565,0.00007,2,0.03555,1,0.08500,0.03000,0.7647,0.5654,0.116173,0.084811,-10.8200,-22.5112,151.6215,50.4559,156.7887,358.9655,82.1247,-97.9750,149.5235,10.9157,-82.7498,246.0510,-0.085008,-0.030008,150.0007,0.085507,-0.030045,358.9655,-0.085009,-0.030009,150.0007,0.085023,-0.016243,246.0510,-0.72080,0.08608,0.44288,1.84686,-0.94209,0.08312,-0.99205,0.17574,0.43365,1.99251,-0.90880,0.11217,-0.78136,0.16927,-0.11233,0.92370,36.59775,-39.70551,40.52878,-46.10916,-9.85581,1.22709,53.98602,23.31076,-34.54187,-17.68388,-3.81961,9.33197,-25.00128,17.99781,-25.00128,-25.00128,88.000,88.000,88.000,139.000,35.000,35.000,88.000,88.000,88.000,139.000,35.000,35.000,25.000,25.000,25.000,25.000
0.5410,-0.02616,0.03503,0.52223,0.97192,0.11568,-0.03843,-0.20129,0.02868,-0.00342,0.49999,0.66436,0.23917,0.00007,2,0.03562,0,0.08500,0.03000,0.7613,0.5677,0.116266,0.084821,-34.7033,-33.6923,154.0609,52.0192,156.4966,361.0369,82.1812,-97.9949,149.4794,10.5798,-82.8173,245.0946,-0.085008,-0.030009,150.0007,0.085515,-0.030044,361.0369,-0.085009,-0.030009,150.0007,0.085026,-0.016193,245.0946,-0.71454,0.08754,0.45004,1.84639,-0.94289,0.08282,-0.98970,0.17906,0.44020,1.99477,-0.90927,0.11378,-0.79415,0.18617,-0.10788,0.91235,58.86555,-17.49323,10.71769,-57.63853,-14.30430,4.89013,56.91969,6.54146,-20.07042,-17.89377,-4.16682,9.39672,-25.00134,13.34991,-25.00134,-25.00134,88.000,88.000,88.000,139.000,35.000,35.000,88.000,88.000,88.000,139.000,35.000,35.000,25.000,25.000,25.000,25.000
0.5420,-0.02582,0.03528,0.52202,0.97112,0.11721,-0.03989,-0.20397,0.02866,-0.00339,0.49979,0.66429,0.24280,0.00007,2,0.03569,1,0.08500,0.03000,0.2632,0.3158,0.117691,0.101353,-69.2679,-32.3739,157.9991,57.1125,49.1548,477.1190,82.2391,-98.0265,149.4269,28.6668,-40.9444,263.7760,-0.085008,-0.030009,150.0007,0.085531,-0.013475,477.1190,-0.085009,-0.030009,150.0007,0.085029,-0.020761,263.7760,-0.70803,0.08893,0.45735,1.84577,-0.94372,0.08260,-0.98717,0.18239,0.44689,1.99702,-0.90976,0.11548,-0.80702,0.20307,-0.10379,0.90089,58.86555,-17.49323,10.71769,-57.63853,-14.30430,4.89013,56.91969,6.54146,-20.07042,-17.89377,-4.16682,9.39672,-25.00134,13.34991,-25.00134,-25.00134,88.000,88.000,88.000,139.000,35.000,35.000,88.000,88.000,88.000,139.000,35.000,35.000,25.000,25.000,25.000,25.000
0.5430,-0.02546,0.03552,0.52184,0.97029,0.11878,-0.04140,-0.20669,0.02865,-0.00335,0.49960,0.66423,0.24653,0.00007,2,0.03576,1,0.08500,0.03000,0.2660,0.3140,0.117769,0.101389,-75.4504,-32.9537,158.8378,58.7419,48.6609,477.8759,82.2987,-98.0689,149.3663,29.0594,-40.3062,263.7708,-0.085009,-0.030009,150.0008,0.085538,-0.013467,477.8759,-0.085009,-0.030009,150.0008,0.085032,-0.020789,263.7708,-0.70126,0.09025,0.46479,1.84502,-0.94458,0.08246,-0.98447,0.18571,0.45374,1.99925,-0.91024,0.11726,-0.81997,0.21997,-0.10006,0.88931,58.86555,-17.49323,10.71769,-57.63853,-14.30430,4.89013,56.91969,6.54146,-20.07042,-17.89377,-4.16682,9.39672,-25.00134,13.34991,-25.00134,-25.00134,88.000,88.000,88.000,139.000,35.000,35.000,88.000,88.000,88.000,139.000,35.000,35.000,25.000,25.000,25.000,25.000
0.5440,-0.02509,0.03577,0.52167,0.96943,0.12039,-0.04297,-0.20946,0.02864,-0.00331,0.49943,0.66416,0.25035,0.00007,2,0.03584,1,0.08500,0.03000,0.2689,0.3125,0.117850,0.101423,-75.1964,-33.4945,158.9606,60.3417,48.1355,478.4941,82.3605,-98.1214,149.2979,29.4204,-39.7414,263.7075,-0.085009,-0.030009,150.0008,0.085545,-0.013470,478.4941,-0.085009,-0.030009,150.0008,0.085035,-0.020819,263.7075,-0.69423,0.09149,0.47237,1.84413,-0.94546,0.08238,-0.98158,0.18903,0.46074,2.00148,-0.91074,0.11911,-0.83303,0.23685,-0.09669,0.87761,58.86555,-17.49323,10.71769,-57.63853,-14.30430,4.89013,56.91969,6.54146,-20.07042,-17.89377,-4.16682,9.39672,-25.00134,13.34991,-25.00134,-25.00134,88.000,88.000,88.000,139.000,35.000,35.000,88.000,88.000,88.000,139.000,35.000,35.000,25.000,25.000,25.000,25.000
0.5450,-0.02471,0.03602,0.52153,0.96854,0.12202,-0.04459,-0.21227,0.02863,-0.00327,0.49926,0.66409,0.25428,0.00007,2,0.03593,1,0.08500,0.03000,0.2717,0.3114,0.117933,0.101457,-74.9049,-33.5174,159.0811,61.9089,47.5801,478.9709,82.4248,-98.1833,149.2218,29.7528,-39.2450,263.5891,-0.085009,-0.030009,150.0009,0.085552,-0.013484,478.9709,-0.085009,-0.030009,150.0009,0.085038,-0.020851,263.5891,-0.68694,0.09266,0.48010,1.84310,-0.94637,0.08236,-0.97850,0.19235,0.46789,2.00370,-0.91123,0.12103,-0.84621,0.25369,-0.09370,0.86577,58.86555,-17.49323,10.71769,-57.63853,-14.30430,4.89013,56.91969,6.54146,-20.07042,-17.89377,-4.16682,9.39672,-25.00134,13.34991,-25.00134,-25.00134,88.000,88.000,88.000,139.000,35.000,35.000,88.000,88.000,88.000,139.000,35.000,35.000,25.000,25.000,25.000,25.000
0.5460,-0.02431,0.03626,0.52140,0.96762,0.12369,-0.04626,-0.21512,0.02862,-0.00323,0.49911,0.66403,0.25831,0.00007,2,0.03602,1,0.08500,0.03000,0.2745,0.3106,0.118018,0.101489,-74.5780,-33.0505,159.1984,63.4414,46.9947,479.3066,82.4908,-98.2528,149.1377,30.0598,-38.8126,263.4188,-0.085004,-0.030004,150.0004,0.085559,-0.013509,479.3066,-0.085004,-0.030004,150.0004,0.085042,-0.020884,263.4188,-0.67938,0.09375,0.48798,1.84192,-0.94730,0.08239,-0.97524,0.19567,0.47520,2.00591,-0.91173,0.12301,-0.85951,0.27049,-0.09107,0.85379,58.86555,-17.49323,10.71769,-57.63853,-14.30430,4.89013,56.91969,6.54146,-20.07042,-17.89377,-4.16682,9.39672,-25.00134,13.34991,-25.00134,-25.00134,88.000,88.000,88.000,139.000,35.000,35.000,88.000,88.000,88.000,139.000,35.000,35.000,25.000,25.000,25.000,25.000
0.5470,-0.02390,0.03650,0.52128,0.96667,0.12538,-0.04799,-0.21802,0.02862,-0.00319,0.49897,0.66396,0.26244,0.00007,2,0.03612,1,0.08500,0.03000,0.2774,0.3101,0.118106,0.101521,-74.2211,-32.1150,159.3142,64.9388,46.3781,479.5039,82.5610,-98.3318,149.0468,30.3440,-38.4405,263.1998,-0.085004,0.030004,150.0004,0.085567,-0.013544,479.5039,-0.085004,-0.030004,150.0004,0.085045,-0.020918,263.1998,-0.67156,0.09476,0.49601,1.84060,-0.94825,0.08247,-0.97179,0.19899,0.48267,2.00812,-0.91223,0.12504,-0.87297,0.28722,-0.08881,0.84167,58.86555,-17.49323,10.71769,-57.63853,-14.30430,4.89013,56.91969,6.54146,-20.07042,-17.89377,-4.16682,9.39672,-25.00134,13.34991,-25.00134,-25.00134,88.000,88.000,88.000,139.000,35.000,35.000,88.000,88.000,88.000,139.000,35.000,35.000,25.000,25.000,25.000,25.000
0.5480,-0.02347,0.03674,0.52119,0.96568,0.12712,-0.04977,-0.22097,0.02862,-0.00315,0.49884,0.66389,0.26668,0.00007,2,0.03623,1,0.08500,0.03000,0.2802,0.3099,0.118197,0.101553,-73.8360,-30.7317,159.4282,66.4017,45.7277,479.5673,82.6347,-98.4186,148.9489,30.6076,-38.1254,262.9350,-0.085004,0.030005,150.0005,0.085574,-0.013588,479.5673,-0.085005,-0.030005,150.0005,0.085049,-0.020952,262.9350,-0.66347,0.09570,0.50419,1.83914,-0.94920,0.08257,-0.96816,0.20232,0.49030,2.01031,-0.91273,0.12713,-0.88659,0.30389,-0.08693,0.82939,58.86555,-17.49323,10.71769,-57.63853,-14.30430,4.89013,56.91969,6.54146,-20.07042,-17.89377,-4.16682,9.39672,-25.00134,13.34991,-25.00134,-25.00134,88.000,88.000,88.000,139.000,35.000,35.000,88.000,88.000,88.000,139.000,35.000,35.000,25.000,25.000,25.000,25.000
0.5490,-0.02303,0.03698,0.52112,0.96466,0.12888,-0.05160,-0.22396,0.02862,-0.00311,0.49873,0.66383,0.27102,0.00007,2,0.03634,1,0.08500,0.03000,0.2832,0.2752,0.118291,0.101589,-70.1279,17.0453,159.8954,67.8564,45.0769,479.4929,73.5192,-97.6452,148.9432,31.1209,-26.5543,247.7239,-0.085006,0.030007,150.0007,0.085581,-0.013638,479.4929,-0.085007,0.030005,150.0007,0.085053,-0.030010,247.7239,-0.65512,0.09655,0.51253,1.83753,-0.95016,0.08271,-0.96434,0.20564,0.49807,2.01249,-0.91323,0.12913,-0.90038,0.32046,-0.08544,0.81696,58.86555,-17.49323,10.71769,-57.63853,-14.30430,4.89013,56.91969,6.54146,-20.07042,-17.89377,-4.16682,9.39672,-25.00134,13.34991,-25.00134,-25.00134,88.000,88.000,88.000,139.000,35.000,35.000,88.000,88.000,88.000,139.000,35.000,35.000,25.000,25.000,25.000,25.000
0.5500,-0.02260,0.03720,0.52103,0.96367,0.13064,-0.05340,-0.22678,0.02862,-0.00306,0.49862,0.66376,0.27547,0.00007,2,0.03643,1,0.08500,0.03000,0.2860,0.2774,0.118387,0.101626,-65.3537,81.9344,160.5158,69.2563,44.3492,479.3043,41.5346,-94.6846,149.2241,31.4536,-26.7822,248.2004,-0.085009,0.030010,150.0010,0.085589,-0.013697,479.3043,0.085010,0.030010,150.0010,0.085057,-0.030011,248.2004,-0.64717,0.09701,0.52042,1.83602,-0.95089,0.08275,-0.96067,0.20850,0.50541,2.01463,-0.91359,0.13005,-0.91359,0.33522,-0.08378,0.80508,-12.68938,-1.20109,-17.13291,-10.25218,10.42600,-1.51728,-8.72099,-6.77868,-16.68922,-20.84442,8.90767,-5.93350,20.96914,-15.80958,-2.39936,-3.05167,88.000,88.000,88.000,139.000,35.000,35.000,88.000,88.000,88.000,139.000,35.000,35.000,25.000,25.000,25.000,25.000
0.5510,-0.02219,0.03742,0.52094,0.96270,0.13239,-0.05518,-0.22944,0.02863,-0.00302,0.49852,0.66369,0.27991,0.00007,2,0.03655,1,0.08500,0.03000,0.3665,0.4511,0.120341,0.128500,-71.3080,-6.3967,159.9213,1.5652,-34.8231,158.5205,60.8495,-96.4684,148.9899,-36.8236,-48.4334,224.8049,-0.085006,0.030006,150.0006,0.085611,0.013133,158.5205,-0.085006,-0.029969,150.0006,0.085063,0.027173,224.8049,-0.63960,0.09711,0.52788,1.83461,-0.95139,0.08268,-0.95720,0.21093,0.51243,2.01688,-0.91388,0.13079,-0.92620,0.34824,-0.08198,0.79373,-12.74883,-0.41027,-17.25231,-10.42628,9.96266,-1.30503,-8.43075,-5.83237,-16.78986,-20.81385,8.66336,-3.79745,21.17849,-16.03645,-2.73715,-2.88517,88.000,88.000,88.000,139.000,35.000,35.000,88.000,88.000,88.000,139.000,35.000,35.000,25.000,25.000,25.000,25.000
0.5520,-0.02179,0.03762,0.52085,0.96176,0.13413,-0.05694,-0.23193,0.02863,-0.00299,0.49841,0.66363,0.28433,0.00007,2,0.03669,1,0.08500,0.03000,0.2877,0.4940,0.117477,0.085548,-69.6281,14.2525,160.2045,-1.4605,-16.8976,98.2410,82.9649,-98.5554,148.6743,-40.1308,-47.9606,210.9780,-0.085004,-0.024796,150.0004,0.085598,-0.030039,98.2410,-0.085004,-0.030004,150.0004,0.085068,0.021834,210.9780,-0.63241,0.09685,0.53488,1.83321,-0.95167,0.08217,-0.95390,0.21298,0.51913,2.01923,-0.91410,0.13137,-0.93823,0.35957,-0.08005,0.78292,-12.80526,0.32866,-17.36551,-10.59506,9.52461,-1.10447,-8.09270,-4.99453,-16.88638,-21.05420,8.51845,-3.44264,21.38064,-16.23675,-3.06370,-2.72652,88.000,88.000,88.000,139.000,35.000,35.000,88.000,88.000,88.000,139.000,35.000,35.000,25.000,25.000,25.000,25.000
0.5530,-0.02140,0.03782,0.52074,0.96085,0.13585,-0.05867,-0.23426,0.02863,-0.00295,0.49831,0.66356,0.28872,0.00007,2,0.03686,1,0.08500,0.03000,0.4487,0.5386,0.117593,0.085671,-67.9841,34.7235,160.4819,-8.5630,-23.0588,91.3720,83.0550,-98.5482,148.6287,-43.8126,-49.0260,203.4672,-0.085003,-0.030004,150.0004,0.085608,-0.030038,91.3720,-0.085004,-0.030004,150.0004,0.085074,0.021589,203.4672,-0.62556,0.09626,0.54145,1.83184,-0.95174,0.08132,-0.95077,0.21466,0.52554,2.02166,-0.91425,0.13181,-0.94968,0.36927,-0.07799,0.77260,-12.85884,1.06634,-17.47218,-10.60732,9.07457,-0.21208,-7.77025,-4.19739,-16.97893,-21.27905,8.37752,-3.12576,21.57544,-16.41133,-3.36665,-2.57545,88.000,88.000,88.000,139.000,35.000,35.000,88.000,88.000,88.000,139.000,35.000,35.000,25.000,25.000,25.000,25.000
0.5540,-0.02102,0.03801,0.52063,0.95996,0.13756,-0.06037,-0.23644,0.02864,-0.00292,0.49820,0.66349,0.29307,0.00007,2,0.03704,1,0.08500,0.03000,0.6228,0.5804,0.117708,0.085799,-66.4037,54.4181,160.7304,-13.7799,-30.1301,88.6659,83.1496,-98.5525,148.5749,-46.7064,-50.0939,196.6851,-0.085009,-0.030009,150.0009,0.085618,-0.030035,88.6659,-0.085009,-0.006230,150.0009,0.085080,0.021580,196.6851,-0.61906,0.09535,0.54760,1.83051,-0.95162,0.08023,-0.94780,0.21598,0.53165,2.02417,-0.91434,0.13214,-0.96054,0.37740,-0.07583,0.76277,-12.90967,1.76764,-17.57257,-10.63502,8.66153,0.46934,-7.46326,-3.43524,-17.06765,-21.48440,8.24163,-2.85872,21.76273,-16.56105,-3.64385,-2.43167,88.000,88.000,88.000,139.000,35.000,35.000,88.000,88.000,88.000,139.000,35.000,35.000,25.000,25.000,25.000,25.000
0.5550,-0.02065,0.03819,0.52051,0.95911,0.13925,-0.06206,-0.23848,0.02863,-0.00288,0.49810,0.66342,0.29740,0.00007,2,0.03724,1,0.08500,0.03000,0.7591,0.6089,0.117819,0.085929,-64.8584,73.5412,160.9387,-18.2286,-34.7933,86.2424,83.2465,-98.5666,148.5110,-48.6635,-50.2399,191.4399,-0.085009,-0.030009,150.0008,0.085628,-0.030032,86.2424,-0.085009,0.030009,150.0008,0.085087,0.021800,191.4399,-0.61289,0.09414,0.55335,1.82921,-0.95132,0.07895,-0.94499,0.21697,0.53748,2.02675,-0.91436,0.13237,-0.97083,0.38403,-0.07358,0.75340,-12.95789,2.43386,-17.66688,-10.67417,8.28238,0.98424,-7.17092,-2.70724,-17.15264,-21.67199,8.11135,-2.63618,21.94239,-16.68682,-3.89348,-2.29487,88.000,88.000,88.000,139.000,35.000,35.000,88.000,88.000,88.000,139.000,35.000,35.000,25.000,25.000,25.000,25.000
0.5560,-0.02030,0.03837,0.52039,0.95828,0.14092,-0.06373,-0.24038,0.02863,-0.00286,0.49799,0.66336,0.30168,0.00007,2,0.03745,1,0.08500,0.03000,0.7738,0.8193,0.120440,0.123724,-63.3314,92.1931,161.1016,-26.9703,-48.6219,119.7583,83.3463,-98.5941,148.4368,-59.4603,-59.3808,170.9532,-0.085009,-0.030009,150.0008,0.085653,0.007720,119.7583,-0.085009,0.030009,150.0008,0.085095,0.030011,170.9532,-0.60705,0.09266,0.55874,1.82801,-0.95089,0.07779,-0.94231,0.21762,0.54304,2.02938,-0.91432,0.13260,-0.98055,0.38922,-0.07125,0.74447,-13.00360,3.06559,-17.75530,-10.72432,7.93543,1.36761,-6.89080,-2.01206,-17.23401,-21.84559,7.98793,-2.45050,22.11428,-16.78954,-4.11467,-2.16472,88.000,88.000,88.000,139.000,35.000,35.000,88.000,88.000,88.000,139.000,35.000,35.000,25.000,25.000,25.000,25.000
0.5570,-0.01996,0.03854,0.52026,0.95748,0.14258,-0.06538,-0.24214,0.02863,-0.00283,0.49788,0.66329,0.30592,0.00007,2,0.03768,1,0.08500,0.03000,0.8503,0.8250,0.120442,0.122373,-62.9244,93.6388,161.1620,-29.4920,-49.1198,112.3026,84.1858,-91.5027,148.3232,-59.6810,-58.2065,168.4108,-0.085009,-0.030009,150.0008,0.085662,0.006235,112.3026,-0.085009,0.030009,150.0008,0.085103,0.030015,168.4108,-0.60151,0.09093,0.56378,1.82690,-0.95033,0.07672,-0.93977,0.21797,0.54834,2.03206,-0.91421,0.13283,-0.98969,0.39303,-0.06885,0.73596,-13.04689,3.63488,-17.83830,-10.89692,7.64622,1.16637,-6.64366,-1.32273,-17.31189,-21.98747,7.85252,-2.44665,22.27826,-16.87015,-4.30999,-2.04094,88.000,88.000,88.000,139.000,35.000,35.000,88.000,88.000,88.000,139.000,35.000,35.000,25.000,25.000,25.000,25.000
0.5580,-0.01964,0.03870,0.52012,0.95671,0.14421,-0.06701,-0.24377,0.02862,-0.00281,0.49776,0.66322,0.31012,0.00007,2,0.03792,1,0.08500,0.03000,0.8462,0.8252,0.120599,0.123387,-62.5785,93.7595,161.2264,-29.6172,-47.1523,109.6707,86.1521,-73.9585,148.1445,-59.8401,-56.8787,166.7412,-0.085008,-0.030009,150.0008,0.085673,0.007115,109.6707,-0.085009,0.030009,150.0008,0.085112,0.030018,166.7412,-0.59628,0.08897,0.56847,1.82588,-0.94965,0.07573,-0.93735,0.21802,0.55338,2.03478,-0.91405,0.13305,-0.99829,0.39562,-0.06641,0.72785,-13.08787,4.17303,-17.91599,-11.06410,7.37965,0.98797,-6.40439,-0.66922,-17.38634,-22.11929,7.72871,-2.44219,22.43426,-14.54746,-4.47848,-1.92319,88.000,88.000,88.000,139.000,35.000,35.000,88.000,88.000,88.000,139.000,35.000,35.000,25.000,25.000,25.000,25.000
0.5590,-0.01932,0.03885,0.51997,0.95596,0.14582,-0.06863,-0.24528,0.02861,-0.00279,0.49765,0.66315,0.31427,0.00007,2,0.03817,1,0.08500,0.03000,0.8426,0.8255,0.120746,0.124298,-62.2076,93.8785,161.3006,-29.7192,-45.3019,107.1730,86.7900,-69.5210,147.9844,-59.8767,-55.7022,165.1127,-0.085008,-0.030009,150.0007,0.085684,0.007889,107.1730,-0.085009,0.030009,150.0007,0.085122,0.030021,165.1127,-0.59134,0.08681,0.57281,1.82495,-0.94887,0.07482,-0.93504,0.21780,0.55817,2.03754,-0.91384,0.13326,-1.00639,0.39716,-0.06391,0.72012,-13.12664,4.67609,-17.36316,-11.23149,7.13852,0.83559,-6.17746,-0.04918,-17.45743,-22.24069,7.61565,-2.43682,22.58263,-12.15632,-4.63406,-1.81114,88.000,88.000,88.000,139.000,35.000,35.000,88.000,88.000,88.000,139.000,35.000,35.000,25.000,25.000,25.000,25.000
0.5600,-0.01902,0.03900,0.51983,0.95524,0.14740,-0.07023,-0.24668,0.02860,-0.00278,0.49753,0.66309,0.31836,0.00007,2,0.03843,1,0.08500,0.03000,0.8376,0.8258,0.120882,0.125058,-62.4118,85.2587,161.3592,-29.9622,-42.7508,103.8757,87.8915,-61.0449,147.7865,-59.8877,-54.5727,163.5149,-0.085008,-0.030009,150.0007,0.085696,0.008506,103.8757,-0.085008,0.030008,150.0007,0.085131,0.030023,163.5149,-0.58667,0.08445,0.57684,1.82412,-0.94799,0.07398,-0.93285,0.21733,0.56271,2.04033,-0.91358,0.13347,-1.01402,0.39777,-0.06142,0.71274,-13.05001,5.13835,-16.75287,-11.39594,6.92003,0.70121,-5.96203,0.53525,-17.09598,-22.35176,7.51251,-2.43050,22.72375,-10.06632,-4.77590,-1.70447,88.000,88.000,88.000,139.000,35.000,35.000,88.000,88.000,88.000,139.000,35.000,35.000,25.000,25.000,25.000,25.000
0.5610,-0.01873,0.03914,0.51967,0.95455,0.14896,-0.07182,-0.24796,0.02858,-0.00276,0.49742,0.66302,0.32241,0.00007,2,0.03870,1,0.08500,0.03000,0.8477,0.8268,0.118314,0.086782,-62.5242,77.8881,161.4372,-19.2799,-31.2219,72.1454,89.5168,-48.2243,147.5454,-60.1317,-52.6539,161.1222,-0.085008,-0.030009,150.0007,0.085703,-0.030011,72.1454,-0.085009,0.030009,150.0007,0.085142,0.030026,161.1222,-0.58225,0.08191,0.58053,1.82330,-0.94702,0.07296,-0.93076,0.21662,0.56702,2.04315,-0.91328,0.13368,-1.02119,0.39758,-0.05898,0.70570,-12.54499,5.55951,-16.16706,-11.55567,6.72255,0.58304,-5.76397,1.07945,-16.67339,-22.45201,7.41786,-2.42454,22.85790,-8.23199,-4.81494,-1.60288,88.000,88.000,88.000,139.000,35.000,35.000,88.000,88.000,88.000,139.000,35.000,35.000,25.000,25.000,25.000,25.000
0.5620,-0.01845,0.03927,0.51951,0.95388,0.15049,-0.07341,-0.24914,0.02856,-0.00275,0.49730,0.66295,0.32640,0.00007,2,0.03898,1,0.08500,0.03000,0.8407,0.8279,0.118378,0.086937,-62.7244,69.3616,161.5091,-20.0854,-29.8958,71.4017,91.1775,-35.6426,147.2844,-60.2619,-50.8424,158.7203,-0.085008,-0.030009,150.0007,0.085717,-0.030008,71.4017,-0.085009,0.030009,150.0007,0.085152,0.030028,158.7203,-0.57806,0.07922,0.58391,1.82252,-0.94598,0.07181,-0.92876,0.21570,0.57111,2.04599,-0.91294,0.13388,-1.02793,0.39670,-0.05662,0.69897,-12.07015,5.96530,-15.55770,-11.59270,6.52408,0.94152,-5.58115,1.58738,-16.27200,-22.54356,7.33091,-2.41904,22.98530,-6.62556,-4.76410,-1.50607,88.000,88.000,88.000,139.000,35.000,35.000,88.000,88.000,88.000,139.000,35.000,35.000,25.000,25.000,25.000,25.000
0.5630,-0.01818,0.03940,0.51934,0.95324,0.15199,-0.07498,-0.25024,0.02854,-0.00275,0.49717,0.66288,0.33034,0.00007,2,0.03927,1,0.08500,0.03000,0.0000,0.8290,0.000000,0.000000,-62.9284,60.9626,161.5846,0.0000,0.0000,0.0000,92.8596,-23.4287,147.0075,-60.1960,-49.3840,156.5428,-0.085009,-0.030009,150.0007,0.000000,0.000000,0.0000,-0.085009,0.030009,150.0007,0.085163,0.030029,156.5428,-0.57409,0.07640,0.58694,1.82163,-0.94449,0.07084,-0.92684,0.21460,0.57499,2.04885,-0.91257,0.13408,-1.03424,0.39522,-0.05437,0.69255,-11.62832,6.33204,-14.98954,-11.63911,6.34881,1.21021,-5.41491,2.05889,-15.89030,-22.62580,7.25121,-2.41333,23.10613,-5.22229,-4.64569,-1.41375,88.000,88.000,88.000,139.000,35.000,35.000,88.000,88.000,88.000,139.000,35.000,35.000,25.000,25.000,25.000,25.000
0.5640,-0.01793,0.03953,0.51917,0.95261,0.15347,-0.07654,-0.25124,0.02852,-0.00274,0.49704,0.66282,0.33422,0.00007,2,0.03956,1,0.08500,0.03000,0.8351,0.8308,0.118516,0.087280,-63.2826,50.1511,161.6983,-23.0960,-31.7218,78.3112,94.6476,-10.8557,146.7138,-60.3937,-47.5310,154.1782,-0.085009,-0.030009,150.0008,0.085741,-0.030001,78.3112,-0.085009,0.030009,150.0008,0.085175,0.030031,154.1782,-0.57031,0.07346,0.58971,1.82079,-0.94299,0.06974,-0.92499,0.21332,0.57867,2.05173,-0.91217,0.13427,-1.04015,0.39321,-0.05224,0.68641,-11.24736,6.63221,-14.34720,-11.41172,5.44745,0.87840,-5.26709,2.46451,-15.53028,-22.69958,7.17840,-2.40661,23.22050,-3.99910,-4.47910,-1.32568,88.000,88.000,88.000,139.000,35.000,35.000,88.000,88.000,88.000,139.000,35.000,35.000,25.000,25.000,25.000,25.000
0.5650,-0.01768,0.03965,0.51900,0.95200,0.15492,-0.07810,-0.25216,0.02850,-0.00274,0.49691,0.66275,0.33804,0.00007,2,0.03985,1,0.08500,0.03000,0.8264,0.8322,0.121357,0.124717,-63.4431,42.4083,161.8141,-33.3029,-37.4610,101.0912,96.3923,0.7962,146.4137,-60.3069,-46.1654,152.1032,-0.085009,-0.030009,150.0008,0.085750,0.007357,101.0912,-0.085009,0.030009,150.0008,0.085186,0.030032,152.1032,-0.56673,0.07042,0.59225,1.82005,-0.94147,0.06874,-0.92322,0.21188,0.58217,2.05461,-0.91174,0.13446,-1.04566,0.39077,-0.05025,0.68054,-10.86658,6.93106,-13.85037,-11.48833,5.38640,1.16729,-5.12883,2.86973,-15.18582,-22.76562,7.11174,-2.40004,23.32856,-2.93369,-4.27228,-1.24157,88.000,88.000,88.000,139.000,35.000,35.000,88.000,88.000,88.000,139.000,35.000,35.000,25.000,25.000,25.000,25.000
0.5660,-0.01741,0.03976,0.51886,0.95129,0.15646,-0.07971,-0.25340,0.02847,-0.00274,0.49678,0.66268,0.34182,0.00007,2,0.04012,0,0.08500,0.03000,0.8284,0.8338,0.123195,0.147481,-63.5319,35.8887,161.9409,-28.9591,-34.7525,91.0166,98.1608,12.1195,146.1064,-60.2458,-44.8121,150.0827,-0.085009,-0.030009,150.0008,0.085758,0.030006,91.0166,-0.085009,0.030009,150.0008,0.085198,0.030033,150.0827,-0.56239,0.06762,0.59565,1.81877,-0.94011,0.06869,-0.92102,0.21107,0.58644,2.05730,-0.91139,0.13503,-1.05044,0.38915,-0.04792,0.67666,12.43955,-15.55383,32.47942,-79.79979,-15.92819,1.72185,88.00089,7.18425,13.60266,-24.47941,-3.45806,-3.08945,25.00134,25.00134,-25.00134,25.00134,88.000,88.000,88.000,139.000,35.000,35.000,88.000,88.000,88.000,139.000,35.000,35.000,25.000,25.000,25.000,25.000
0.5670,-0.01711,0.03986,0.51877,0.95047,0.15809,-0.08137,-0.25495,0.02844,-0.00274,0.49665,0.66261,0.34582,0.00007,2,0.04036,1,0.08500,0.03000,0.3008,0.2081,0.120183,0.106670,-59.9221,78.0066,162.0468,-51.6999,51.8582,405.7568,96.1735,-6.8333,146.0197,26.1169,12.1877,230.7750,-0.085009,-0.030009,150.0008,0.085768,-0.011090,405.7568,-0.085009,0.030009,150.0008,0.085209,0.030033,230.7750,-0.55739,0.06502,0.59975,1.81712,-0.93895,0.06860,-0.91840,0.21085,0.59147,2.05980,-0.91110,0.13597,-1.05452,0.38830,-0.04530,0.67466,12.43955,-15.55383,32.47942,-79.79979,-15.92819,1.72185,88.00089,7.18425,13.60266,-24.47941,-3.45806,-3.08945,25.00134,25.00134,-25.00134,25.00134,88.000,88.000,88.000,139.000,35.000,35.000,88.000,88.000,88.000,139.000,35.000,35.000,25.000,25.000,25.000,25.000
0.5680,-0.01680,0.03996,0.51872,0.94954,0.15981,-0.08307,-0.25679,0.02841,-0.00273,0.49653,0.66254,0.35005,0.00007,2,0.04058,1,0.08500,0.03000,0.2901,0.2361,0.120238,0.106473,-58.2196,94.9034,162.1872,-45.1921,55.8057,412.6151,95.4294,-15.1793,145.8748,31.4353,12.1443,237.8522,-0.085009,-0.030009,150.0007,0.085774,-0.011442,412.6151,-0.085009,0.030009,150.0007,0.085219,0.030032,237.8522,-0.55177,0.06261,0.60453,1.81509,-0.93797,0.06848,-0.91539,0.21119,0.59725,2.06211,-0.91087,0.13727,-1.05791,0.38821,-0.04243,0.67445,12.43955,-15.55383,32.47942,-79.79979,-15.92819,1.72185,88.00089,7.18425,13.60266,-24.47941,-3.45806,-3.08945,25.00134,25.00134,-25.00134,25.00134,88.000,88.000,88.000,139.000,35.000,35.000,88.000,88.000,88.000,139.000,35.000,35.000,25.000,25.000,25.000,25.000
0.5690,-0.01645,0.04005,0.51871,0.94850,0.16162,-0.08481,-0.25892,0.02838,-0.00273,0.49642,0.66248,0.35453,0.00007,2,0.04077,1,0.08500,0.03000,0.2826,0.2639,0.120285,0.106254,-57.8626,94.8671,162.3362,-38.7118,59.6326,419.2751,98.3067,5.0657,145.5601,36.7929,12.2163,244.8665,-0.085009,-0.030009,150.0008,0.085779,-0.011806,419.2751,-0.085009,0.030009,150.0008,0.085229,0.030031,244.8665,-0.54553,0.06036,0.60996,1.81270,-0.93715,0.06831,-0.91199,0.21209,0.60376,2.06425,-0.91071,0.13891,-1.06062,0.38882,-0.03935,0.67592,12.43955,-15.55383,32.47942,-79.79979,-15.92819,1.72185,88.00089,7.18425,13.60266,-24.47941,-3.45806,-3.08945,25.00134,25.00134,-25.00134,25.00134,88.000,88.000,88.000,139.000,35.000,35.000,88.000,88.000,88.000,139.000,35.000,35.000,25.000,25.000,25.000,25.000
0.5700,-0.01609,0.04013,0.51874,0.94735,0.16352,-0.08659,-0.26134,0.02835,-0.00272,0.49632,0.66241,0.35924,0.00007,2,0.04093,1,0.08500,0.03000,0.2782,0.2908,0.120324,0.106015,-57.5458,94.8131,162.4804,-32.3009,63.2967,425.6911,98.5368,4.6459,145.3984,42.1472,12.3713,251.7933,-0.085009,-0.030009,150.0008,0.085784,-0.012182,425.6911,-0.085009,-0.006047,150.0008,0.085237,0.030028,251.7933,-0.53869,0.05826,0.61603,1.80994,-0.93650,0.06809,-0.90821,0.21351,0.61099,2.06621,-0.91062,0.14089,-1.06267,0.39011,-0.03609,0.67899,12.43955,-15.55383,32.47942,-79.79979,-15.92819,1.72185,88.00089,7.18425,13.60266,-24.47941,-3.45806,-3.08945,25.00134,25.00134,-25.00134,25.00134,88.000,88.000,88.000,139.000,35.000,35.000,88.000,88.000,88.000,139.000,35.000,35.000,25.000,25.000,25.000,25.000
0.5710,-0.01570,0.04021,0.51882,0.94608,0.16551,-0.08841,-0.26404,0.02832,-0.00271,0.49623,0.66234,0.36418,0.00007,2,0.04107,1,0.08500,0.03000,0.2765,0.3164,0.120358,0.105762,-57.2682,94.7417,162.6201,-25.9940,66.7627,431.8224,97.1014,-8.2683,145.3174,47.4630,12.5816,258.6121,-0.085009,-0.030009,150.0009,0.085789,-0.012568,431.8224,-0.085009,-0.020011,150.0009,0.085245,0.030025,258.6121,-0.53129,0.05627,0.62272,1.80681,-0.93600,0.06782,-0.90407,0.21545,0.61893,2.06801,-0.91058,0.14319,-1.06407,0.39204,-0.03269,0.68357,12.43955,-15.55383,32.47942,-79.79979,-15.92819,1.72185,88.00089,7.18425,13.60266,-24.47941,-3.45806,-3.08945,25.00134,25.00134,-25.00134,25.00134,88.000,88.000,88.000,139.000,35.000,35.000,88.000,88.000,88.000,139.000,35.000,35.000,25.000,25.000,25.000,25.000
0.5720,-0.01529,0.04029,0.51893,0.94470,0.16760,-0.09028,-0.26702,0.02829,-0.00270,0.49615,0.66227,0.36936,0.00007,2,0.04119,1,0.08500,0.03000,0.2771,0.3408,0.120390,0.105500,-57.0283,94.6520,162.7549,-19.8198,70.0009,437.6325,95.6083,-21.2157,145.2326,52.7108,12.8234,265.3050,-0.085003,-0.030004,150.0004,0.085793,-0.012962,437.6325,-0.085004,-0.030004,150.0004,0.085252,0.030021,265.3050,-0.52334,0.05440,0.63001,1.80331,-0.93564,0.06749,-0.89957,0.21788,0.62756,2.06965,-0.91060,0.14580,-1.06483,0.39460,-0.02919,0.68960,12.43955,-15.55383,32.47942,-79.79979,-15.92819,1.72185,88.00089,7.18425,13.60266,-24.47941,-3.45806,-3.08945,25.00134,25.00134,-25.00134,25.00134,88.000,88.000,88.000,139.000,35.000,35.000,88.000,88.000,88.000,139.000,35.000,35.000,25.000,25.000,25.000,25.000
0.5730,-0.01485,0.04036,0.51907,0.94321,0.16977,-0.09217,-0.27026,0.02827,-0.00268,0.49608,0.66220,0.37478,0.00007,2,0.04129,1,0.08500,0.03000,0.2794,0.3637,0.120422,0.105234,-56.8277,94.5467,162.8867,-13.8023,72.9861,443.0898,93.5849,-37.8269,145.1516,57.8653,13.0761,271.8560,-0.085005,0.030005,150.0005,0.085796,-0.013362,443.0898,-0.085005,-0.030005,150.0005,0.085258,0.030016,271.8560,-0.51485,0.05261,0.63789,1.79945,-0.93542,0.06708,-0.89472,0.22078,0.63689,2.07113,-0.91068,0.14872,-1.06496,0.39776,-0.02563,0.69700,12.43955,-15.55383,32.47942,-79.79979,-15.92819,1.72185,88.00089,7.18425,13.60266,-24.47941,-3.45806,-3.08945,25.00134,25.00134,-25.00134,25.00134,88.000,88.000,88.000,139.000,35.000,35.000,88.000,88.000,88.000,139.000,35.000,35.000,25.000,25.000,25.000,25.000
0.5740,-0.01440,0.04042,0.51926,0.94159,0.17204,-0.09410,-0.27378,0.02824,-0.00266,0.49602,0.66214,0.38044,0.00007,2,0.04138,1,0.08500,0.03000,0.2830,0.4392,0.120457,0.104988,-56.6647,94.4239,163.0145,-7.9175,75.6792,448.1412,91.3643,-55.5934,145.0500,72.1490,40.3334,313.6964,-0.085004,0.030005,150.0005,0.085800,-0.013748,448.1412,-0.085005,-0.030005,150.0005,0.085265,0.012897,313.6964,-0.50584,0.05088,0.64635,1.79522,-0.93531,0.06661,-0.88955,0.22416,0.64688,2.07251,-0.91083,0.15164,-1.06448,0.40149,-0.02204,0.70570,12.43955,-15.55383,32.47942,-79.79979,-15.92819,1.72185,88.00089,7.18425,13.60266,-24.47941,-3.45806,-3.08945,25.00134,25.00134,-25.00134,25.00134,88.000,88.000,88.000,139.000,35.000,35.000,88.000,88.000,88.000,139.000,35.000,35.000,25.000,25.000,25.000,25.000
0.5750,-0.01395,0.04049,0.51943,0.94002,0.17427,-0.09600,-0.27709,0.02822,-0.00264,0.49598,0.66207,0.38634,0.00007,2,0.04150,1,0.08500,0.03000,0.2877,0.4540,0.120495,0.104733,-57.5391,94.7831,163.9422,-2.2775,78.1161,452.7878,109.2061,76.3689,144.7518,76.9959,40.0302,318.5997,-0.096541,0.030417,150.6198,0.085803,-0.014151,452.7878,0.018854,-0.026842,150.0180,0.085269,0.013000,318.5997,-0.49734,0.04880,0.65424,1.79118,-0.93507,0.06610,-0.88468,0.22704,0.65636,2.07401,-0.91095,0.15402,-1.06395,0.40425,-0.01897,0.71285,-13.73499,4.93950,-19.21903,-4.30921,8.07707,-0.04659,-11.74647,-6.17198,-18.77361,-20.04722,8.19967,-8.11387,12.98797,-14.52335,-7.83989,-21.57936,88.000,88.000,88.000,139.000,35.000,35.000,88.000,88.000,88.000,139.000,35.000,35.000,25.000,25.000,25.000,25.000
0.5760,-0.01346,0.04057,0.51965,0.93834,0.17663,-0.09804,-0.28055,0.02819,-0.00262,0.49593,0.66200,0.39216,0.00007,2,0.04163,0,0.08500,0.03000,0.5857,0.3892,0.122377,0.127509,-56.3791,94.1669,163.2619,-17.4342,-21.2832,78.2914,91.2283,-58.5109,144.7775,-23.0390,-48.1092,228.4393,-0.085004,0.030004,150.0004,0.085815,0.008534,78.2914,-0.085004,-0.030004,150.0004,0.085274,0.030004,228.4393,-0.48806,0.04635,0.66269,1.78646,-0.93502,0.06552,-0.87918,0.22993,0.66664,2.07544,-0.91118,0.15677,-1.06260,0.40736,-0.01656,0.72143,88.00041,-87.85989,60.85638,-61.92172,-11.64626,-9.73089,88.00050,-22.86485,39.29002,-28.37709,-7.35950,8.98257,25.00066,25.00066,-25.00066,25.00066,88.000,88.000,88.000,139.000,35.000,35.000,88.000,88.000,88.000,139.000,35.000,35.000,25.000,25.000,25.000,25.000
0.5770,-0.01291,0.04066,0.51994,0.93644,0.17924,-0.10019,-0.28447,0.02817,-0.00259,0.49590,0.66193,0.39834,0.00007,2,0.04181,0,0.08500,0.03000,0.6892,0.7996,0.122107,0.123561,-57.8822,94.8193,164.6464,159.6793,143.7932,519.6572,102.5405,76.9657,145.0640,106.3034,136.9459,361.3624,-0.103303,0.030358,150.9861,0.085819,0.004404,519.6572,-0.084994,-0.029496,150.0277,0.085280,-0.021365,361.3624,-0.47768,0.04377,0.67245,1.78092,-0.93517,0.06484,-0.87305,0.23344,0.67862,2.07692,-0.91151,0.16017,-1.06006,0.40913,-0.01346,0.73042,90.06895,-89.91486,80.91102,-67.32422,-15.79302,-10.77872,88.02127,-14.50288,88.10382,-27.78612,-4.52303,5.97848,25.11712,-25.05165,25.02178,25.05110,88.000,88.000,88.000,139.000,35.000,35.000,88.000,88.000,88.000,139.000,35.000,35.000,25.000,25.000,25.000,25.000
0.5780,-0.01229,0.04076,0.52030,0.93429,0.18212,-0.10242,-0.28886,0.02816,-0.00254,0.49589,0.66186,0.40514,0.00007,2,0.04204,1,0.08500,0.03000,0.7309,0.9035,0.122059,0.122498,-61.1491,96.1801,167.3589,189.7544,165.5364,574.2278,43.9141,53.9484,148.2563,79.4391,207.6408,410.1140,-0.140026,-0.008897,152.9952,0.085823,0.003161,574.2278,-0.085243,-0.031123,150.0687,0.085287,-0.009750,410.1140,-0.46623,0.04104,0.68351,1.77455,-0.93552,0.06406,-0.86627,0.23756,0.69228,2.07845,-0.91195,0.16419,-1.05640,0.40962,-0.00970,0.73979,90.06895,-89.91486,80.91102,-67.32422,-15.79302,-10.77872,88.02127,-14.50288,88.10382,-27.78612,-4.52303,5.97848,25.11712,-25.05165,25.02178,25.05110,88.000,88.000,88.000,139.000,35.000,35.000,88.000,88.000,88.000,139.000,35.000,35.000,25.000,25.000,25.000,25.000
0.5790,-0.01160,0.04088,0.52073,0.93191,0.18524,-0.10475,-0.29371,0.02816,-0.00249,0.49590,0.66179,0.41257,0.00007,2,0.04231,1,0.08500,0.03000,0.7480,0.9612,0.122079,0.122382,-65.2680,83.6156,169.6926,200.2389,169.3631,584.3292,-21.6347,27.8394,151.9157,53.3150,211.9269,378.9170,-0.172651,-0.032609,154.7716,0.085826,0.002851,584.3292,-0.085533,-0.031872,150.1115,0.085294,-0.030008,378.9170,-0.45375,0.03813,0.69586,1.76733,-0.93604,0.06320,-0.85883,0.24224,0.70767,2.08002,-0.91246,0.16814,-1.05168,0.40887,-0.00533,0.74954,90.06895,-89.91486,80.91102,-67.32422,-15.79302,-10.77872,88.02127,-14.50288,88.10382,-27.78612,-4.52303,5.97848,25.11712,-25.05165,25.02178,25.05110,88.000,88.000,88.000,139.000,35.000,35.000,88.000,88.000,88.000,139.000,35.000,35.000,25.000,25.000,25.000,25.000
0.5800,-0.01084,0.04101,0.52123,0.92926,0.18862,-0.10715,-0.29901,0.02817,-0.00242,0.49593,0.66172,0.42061,0.00007,2,0.04252,1,0.08500,0.03000,0.8651,0.0000,0.119601,0.089809,-70.5699,56.3872,171.9567,113.6143,218.5586,474.5327,-81.9253,0.1842,155.5316,0.0000,0.0000,0.0000,-0.204147,-0.033794,156.6029,0.085811,-0.030032,474.5327,-0.088911,-0.026921,150.3250,0.000000,0.000000,0.0000,-0.44014,0.03499,0.70952,1.75922,-0.93667,0.06090,-0.85056,0.24729,0.72508,2.08115,-0.91285,0.17245,-1.04599,0.40693,-0.00036,0.75961,90.06895,-89.91486,80.91102,-67.32422,-15.79302,-10.77872,88.02127,-14.50288,88.10382,-27.78612,-4.52303,5.97848,25.11712,-25.05165,25.02178,25.05110,88.000,88.000,88.000,139.000,35.000,35.000,88.000,88.000,88.000,139.000,35.000,35.000,25.000,25.000,25.000,25.000
0.5810,-0.01002,0.04116,0.52180,0.92635,0.19227,-0.10961,-0.30477,0.02817,-0.00235,0.49596,0.66166,0.42925,0.00007,2,0.04257,0,0.08500,0.03000,0.8570,0.0000,0.119674,0.090011,-75.2417,37.1832,174.1266,123.3183,219.9956,490.4483,-85.5423,-16.4110,156.5169,0.0000,0.0000,0.0000,-0.233708,-0.032750,158.3739,0.085814,-0.030030,490.4483,-0.111636,-0.034031,151.1155,0.000000,0.000000,0.0000,-0.42543,0.03153,0.72455,1.74998,-0.93751,0.05795,-0.84149,0.25255,0.74454,2.08138,-0.91317,0.17758,-1.03906,0.40379,0.00527,0.76998,104.79367,-104.63083,88.80494,-99.71035,-35.18822,-1.06001,92.40505,-22.03593,90.94621,-66.77114,-16.04276,11.44762,26.18265,-25.19666,25.06537,25.51010,88.000,88.000,88.000,139.000,35.000,35.000,88.000,88.000,88.000,139.000,35.000,35.000,25.000,25.000,25.000,25.000
0.5820,-0.00912,0.04132,0.52246,0.92316,0.19620,-0.11211,-0.31100,0.02819,-0.00226,0.49600,0.66159,0.43853,0.00007,2,0.04247,1,0.08500,0.03000,0.8442,0.0000,0.119767,0.090239,-80.5420,7.7438,176.1300,150.8232,279.8897,627.6869,-89.2563,-33.6052,157.4805,0.0000,0.0000,0.0000,-0.253311,-0.032462,160.0835,0.085815,-0.030026,627.6869,-0.132532,-0.035697,151.9002,0.000000,0.000000,0.0000,-0.40965,0.02773,0.74096,1.73960,-0.93857,0.05438,-0.83161,0.25798,0.76603,2.08073,-0.91344,0.18343,-1.03095,0.39954,0.01154,0.78061,104.79367,-104.63083,88.80494,-99.71035,-35.18822,-1.06001,92.40505,-22.03593,90.94621,-66.77114,-16.04276,11.44762,26.18265,-25.19666,25.06537,25.51010,88.000,88.000,88.000,139.000,35.000,35.000,88.000,88.000,88.000,139.000,35.000,35.000,25.000,25.000,25.000,25.000
0.5830,-0.00814,0.04150,0.52319,0.91966,0.20039,-0.11464,-0.31770,0.02821,-0.00217,0.49605,0.66152,0.44842,0.00007,2,0.04242,1,0.08500,0.03000,0.8491,0.9285,0.119886,0.090504,-85.7979,-20.5368,178.2931,164.2113,283.3249,642.7912,-93.1905,-56.0066,158.1697,118.0464,370.1654,697.4455,-0.273060,-0.032614,161.9131,0.085814,-0.030021,642.7912,-0.147301,-0.037146,152.4572,0.085315,-0.015592,697.4455,-0.39282,0.02358,0.75876,1.72809,-0.93982,0.05019,-0.82123,0.26386,0.78904,2.08006,-0.91399,0.18998,-1.02169,0.39427,0.01841,0.79149,104.79367,-104.63083,88.80494,-99.71035,-35.18822,-1.06001,92.40505,-22.03593,90.94621,-66.77114,-16.04276,11.44762,26.18265,-25.19666,25.06537,25.51010,88.000,88.000,88.000,139.000,35.000,35.000,88.000,88.000,88.000,139.000,35.000,35.000,25.000,25.000,25.000,25.000
0.5840,-0.00710,0.04168,0.52401,0.91584,0.20484,-0.11720,-0.32486,0.02823,-0.00205,0.49613,0.66145,0.45890,0.00007,2,0.04243,1,0.08500,0.03000,0.8485,0.9165,0.120039,0.090816,-91.7771,-65.1185,180.2874,174.9646,285.6819,658.0663,-96.7257,-74.5420,158.8976,127.9480,367.8397,708.2681,-0.291161,-0.026660,163.6274,0.085811,-0.030014,658.0663,-0.163662,-0.038671,153.0760,0.085314,-0.014944,708.2681,-0.37497,0.01906,0.77799,1.71544,-0.94125,0.04541,-0.81035,0.27015,0.81360,2.07938,-0.91481,0.19719,-1.01132,0.38805,0.02587,0.80262,104.79367,-104.63083,88.80494,-99.71035,-35.18822,-1.06001,92.40505,-22.03593,90.94621,-66.77114,-16.04276,11.44762,26.18265,-25.19666,25.06537,25.51010,88.000,88.000,88.000,139.000,35.000,35.000,88.000,88.000,88.000,139.000,35.000,35.000,25.000,25.000,25.000,25.000
0.5850,-0.00599,0.04188,0.52490,0.91169,0.20957,-0.11976,-0.33249,0.02827,-0.00191,0.49625,0.66138,0.46997,0.00007,2,0.04250,1,0.08500,0.03000,0.6934,0.9048,0.121494,0.112350,-96.5072,-94.4418,182.6645,251.9893,217.0402,799.4082,-98.6725,-80.8505,159.9361,138.0892,364.3739,717.8044,-0.306945,-0.038380,165.6087,0.085808,-0.008802,799.4082,-0.179052,-0.048564,154.0429,0.085314,-0.014190,717.8044,-0.35624,0.01412,0.79863,1.70174,-0.94292,0.04111,-0.79897,0.27683,0.83972,2.07865,-0.91589,0.20503,-0.99987,0.38098,0.03387,0.81397,104.79367,-104.63083,88.80494,-99.71035,-35.18822,-1.06001,92.40505,-22.03593,90.94621,-66.77114,-16.04276,11.44762,26.18265,-25.19666,25.06537,25.51010,88.000,88.000,88.000,139.000,35.000,35.000,88.000,88.000,88.000,139.000,35.000,35.000,25.000,25.000,25.000,25.000
0.5860,-0.00480,0.04207,0.52587,0.90719,0.21455,-0.12231,-0.34061,0.02832,-0.00176,0.49639,0.66131,0.48162,0.00007,2,0.04262,1,0.08500,0.03000,0.0000,0.8938,0.000000,0.000000,-99.6518,-97.2268,185.4445,0.0000,0.0000,0.0000,-99.8757,-82.1827,161.0459,147.9462,359.4658,724.8743,-0.320581,-0.054008,168.0481,0.000000,0.000000,0.0000,-0.193640,-0.062254,155.1316,0.085316,-0.013430,724.8743,-0.33633,0.00848,0.82110,1.68600,-0.94440,0.03721,-0.78709,0.28394,0.86744,2.07789,-0.91718,0.21346,-0.98741,0.37314,0.04240,0.82552,104.79367,-104.63083,88.80494,-99.71035,-35.18822,-1.06001,92.40505,-22.03593,90.94621,-66.77114,-16.04276,11.44762,26.18265,-25.19666,25.06537,25.51010,88.000,88.000,88.000,139.000,35.000,35.000,88.000,88.000,88.000,139.000,35.000,35.000,25.000,25.000,25.000,25.000
0.5870,-0.00355,0.04226,0.52691,0.90232,0.21979,-0.12485,-0.34918,0.02837,-0.00159,0.49655,0.66124,0.49378,0.00007,2,0.04280,1,0.08500,0.03000,0.7348,0.9276,0.121811,0.113241,-104.0159,-100.2851,188.5530,298.8104,246.2102,878.1850,-101.4106,-83.7101,162.2438,113.0845,352.4970,665.1164,-0.340130,-0.067919,170.7848,0.085773,-0.008772,878.1850,-0.207367,-0.076380,156.3369,0.085318,-0.030011,665.1164,-0.31564,0.00234,0.84497,1.66925,-0.94615,0.03372,-0.77467,0.29134,0.89685,2.07704,-0.91865,0.22154,-0.97396,0.36458,0.05145,0.83726,104.79367,-104.63083,88.80494,-99.71035,-35.18822,-1.06001,92.40505,-22.03593,90.94621,-66.77114,-16.04276,11.44762,26.18265,-25.19666,25.06537,25.51010,88.000,88.000,88.000,139.000,35.000,35.000,88.000,88.000,88.000,139.000,35.000,35.000,25.000,25.000,25.000,25.000
0.5880,-0.00223,0.04246,0.52803,0.89706,0.22530,-0.12736,-0.35819,0.02844,-0.00140,0.49675,0.66117,0.50646,0.00007,2,0.04284,1,0.08500,0.03000,0.7532,0.0000,0.122054,0.113746,-108.9310,-104.8982,192.1706,313.2682,245.2029,880.2796,-104.0881,-85.2759,164.0316,0.0000,0.0000,0.0000,-0.355942,-0.092830,174.1635,0.085747,-0.008794,880.2796,-0.229375,-0.090269,158.0005,0.000000,0.000000,0.0000,-0.29421,-0.00438,0.87025,1.65148,-0.94814,0.03058,-0.76146,0.29863,0.92837,2.07521,-0.91993,0.23007,-0.95956,0.35539,0.06099,0.84919,104.79367,-104.63083,88.80494,-99.71035,-35.18822,-1.06001,92.40505,-22.03593,90.94621,-66.77114,-16.04276,11.44762,26.18265,-25.19666,25.06537,25.51010,88.000,88.000,88.000,139.000,35.000,35.000,88.000,88.000,88.000,139.000,35.000,35.000,25.000,25.000,25.000,25.000
0.5890,-0.00084,0.04265,0.52922,0.89141,0.23107,-0.12983,-0.36763,0.02851,-0.00119,0.49697,0.66110,0.51964,0.00007,2,0.04274,1,0.08500,0.03000,0.7698,0.0000,0.122387,0.114606,-114.4467,-110.7335,196.2791,326.8266,243.1692,881.9526,-107.5450,-87.1028,166.2364,0.0000,0.0000,0.0000,-0.370456,-0.123367,178.1889,0.085723,-0.008581,881.9526,-0.248688,-0.106439,160.0326,0.000000,0.000000,0.0000,-0.27206,-0.01170,0.89697,1.63265,-0.95036,0.02777,-0.74748,0.30574,0.96200,2.07238,-0.92104,0.23901,-0.94425,0.34563,0.07101,0.86130,104.79367,-104.63083,88.80494,-99.71035,-35.18822,-1.06001,92.40505,-22.03593,90.94621,-66.77114,-16.04276,11.44762,26.18265,-25.19666,25.06537,25.51010,88.000,88.000,88.000,139.000,35.000,35.000,88.000,88.000,88.000,139.000,35.000,35.000,25.000,25.000,25.000,25.000
0.5900,0.00050,0.04283,0.53037,0.88581,0.23673,-0.13220,-0.37659,0.02860,-0.00098,0.49720,0.66103,0.53329,0.00007,2,0.04260,1,0.08500,0.03000,0.8331,0.0000,0.122256,0.093943,-120.3307,-117.0237,200.3390,226.1601,300.2698,752.0428,-111.1520,-88.9414,168.5340,0.0000,0.0000,0.0000,-0.385064,-0.151647,182.3996,0.085690,-0.030024,752.0428,-0.268360,-0.121906,162.1474,0.000000,0.000000,0.0000,-0.25128,-0.01971,0.92238,1.61441,-0.95227,0.02496,-0.73409,0.31153,0.99427,2.06933,-0.92128,0.24581,-0.93026,0.33654,0.08034,0.87160,-14.72243,12.35074,-23.25815,-0.35027,12.93622,5.21406,-12.79815,-9.13748,-22.96660,-11.62678,10.27744,-13.58497,2.70993,3.83899,-12.59776,-23.92658,88.000,88.000,88.000,139.000,35.000,35.000,88.000,88.000,88.000,139.000,35.000,35.000,25.000,25.000,25.000,25.000
