t,x,y,z,qw,qx,qy,qz,com_x,com_y,com_z,com_ref_z,tilt,com_ref_y,n_stance,swing_z,trunk_tilt,foot_z,foot_vz,acc_ref_z,e_lin_z,acom_x,acom_y,acom_z,arp_r,arp_p,degraded,cop_lx,cop_ly,slip_l,slip_r,patch_lx,patch_ly,fqp_l_x,fqp_l_y,fqp_l_z,fmj_l_x,fmj_l_y,fmj_l_z,fqp_r_x,fqp_r_y,fqp_r_z,fmj_r_x,fmj_r_y,fmj_r_z,cop_qp_l_x,cop_qp_l_y,fz_qp_l,cop_mj_l_x,cop_mj_l_y,fz_mj_l,cop_qp_r_x,cop_qp_r_y,fz_qp_r,cop_mj_r_x,cop_mj_r_y,fz_mj_r,left_hip_yaw_joint,left_hip_roll_joint,left_hip_pitch_joint,left_knee_joint,left_ankle_pitch_joint,left_ankle_roll_joint,right_hip_yaw_joint,right_hip_roll_joint,right_hip_pitch_joint,right_knee_joint,right_ankle_pitch_joint,right_ankle_roll_joint,left_shoulder_pitch_joint,left_elbow_joint,right_shoulder_pitch_joint,right_elbow_joint,tau_left_hip_yaw_joint,tau_left_hip_roll_joint,tau_left_hip_pitch_joint,tau_left_knee_joint,tau_left_ankle_pitch_joint,tau_left_ankle_roll_joint,tau_right_hip_yaw_joint,tau_right_hip_roll_joint,tau_right_hip_pitch_joint,tau_right_knee_joint,tau_right_ankle_pitch_joint,tau_right_ankle_roll_joint,tau_left_shoulder_pitch_joint,tau_left_elbow_joint,tau_right_shoulder_pitch_joint,tau_right_elbow_joint,lim_left_hip_yaw_joint,lim_left_hip_roll_joint,lim_left_hip_pitch_joint,lim_left_knee_joint,lim_left_ankle_pitch_joint,lim_left_ankle_roll_joint,lim_right_hip_yaw_joint,lim_right_hip_roll_joint,lim_right_hip_pitch_joint,lim_right_knee_joint,lim_right_ankle_pitch_joint,lim_right_ankle_roll_joint,lim_left_shoulder_pitch_joint,lim_left_elbow_joint,lim_right_shoulder_pitch_joint,lim_right_elbow_joint,xi_x,xi_y,xi_ref_x,xi_ref_y,zmp_ref_x,zmp_ref_y,zmp_cmd_x,zmp_cmd_y,zmp_clamp,dcm_err,support,step,share_l,share_r,swing_tgt_x,swing_tgt_y,swing_tgt_z,ankle_roll_l,ankle_roll_r
0.0000,0.00020,0.00001,0.48034,1.00000,0.00000,-0.00126,0.00000,0.00608,-0.00000,0.31446,0.31446,0.00284,0.00445,2,0.03443,0.00284,0.034433,0.01267,-0.3179,0.0000,-0.1996,0.4165,-1.1877,-0.0000,-2.3360,0,0.04900,0.01900,0.1001,0.1001,0.002422,0.068717,-0.6671,1.3803,19.8685,0.0484,-1.9840,33.0639,-0.6566,1.3811,37.2976,0.0484,1.9840,33.0639,0.023671,-0.004950,19.8748,-0.001791,0.018998,33.0639,0.016273,-0.002955,37.2883,-0.001791,-0.018998,33.0639,-0.00064,-0.00035,-0.34820,0.70685,-0.35471,-0.00498,0.00064,0.00028,-0.34818,0.70681,-0.35469,0.00508,0.00034,-0.00039,0.00034,-0.00039,0.00211,-0.31650,0.11277,-0.13547,0.40614,0.05632,0.00090,-0.31186,0.31334,-0.60667,0.54126,0.05414,0.03066,0.00231,0.03066,0.00231,6.000,6.000,12.000,12.000,6.000,6.000,6.000,6.000,12.000,12.000,6.000,6.000,6.000,6.000,6.000,6.000,0.006961,-0.000000,0.004200,0.004450,0.004200,0.000000,0.012482,-0.013351,0.000000,0.005237,0.000000,0.000000,0.365724,0.634276,0.000000,0.000000,0.000000,-0.005271,0.005271
0.0050,0.00024,0.00003,0.48037,1.00000,0.00000,-0.00112,0.00000,0.00610,0.00001,0.31452,0.31446,0.00251,0.00457,2,0.03449,0.00251,0.034494,0.01184,-0.3199,-0.0001,-0.1852,0.3906,-0.8187,-0.0206,-1.8720,0,0.04900,0.01900,0.1007,0.0747,0.027157,0.046381,-0.6188,1.2956,21.6377,-0.6756,1.0727,20.9750,-0.6089,1.2942,37.9748,-0.6769,1.5714,38.1655,0.017681,-0.003916,21.6433,0.022959,-0.003325,20.9750,0.013443,-0.002838,37.9664,0.016162,-0.003331,38.1655,-0.00062,-0.00048,-0.34885,0.70762,-0.35520,-0.00442,0.00062,0.00023,-0.34879,0.70749,-0.35513,0.00476,0.00035,-0.00037,0.00035,-0.00037,0.00190,-0.29457,0.05799,-0.25832,0.31521,0.05580,0.00070,-0.29754,0.24634,-0.70146,0.44297,0.04950,0.02279,0.00212,0.02295,0.00213,6.000,6.000,12.000,12.000,6.000,6.000,6.000,6.000,12.000,12.000,6.000,6.000,6.000,6.000,6.000,6.000,0.006813,0.000362,0.004200,0.004575,0.004200,0.000124,0.012040,-0.012515,0.000000,0.004958,0.000000,0.000000,0.374134,0.625866,0.000000,0.000000,0.000000,-0.004983,0.005083
0.0100,0.00027,0.00006,0.48039,1.00000,0.00000,-0.00101,0.00000,0.00612,0.00002,0.31456,0.31446,0.00225,0.00470,2,0.03454,0.00225,0.034550,0.01072,-0.3088,-0.0001,-0.1709,0.3658,-0.5533,-0.0293,-1.5185,0,0.04900,0.01900,0.0943,0.0670,0.021714,0.046755,-0.5712,1.2140,23.0466,-0.6320,1.0905,22.2795,-0.5619,1.2113,38.3251,-0.6306,1.4109,38.4482,0.013764,-0.003227,23.0515,0.017515,-0.002954,22.2795,0.011397,-0.002701,38.3178,0.013454,-0.003054,38.4482,-0.00060,-0.00068,-0.34963,0.70871,-0.35584,-0.00367,0.00060,0.00015,-0.34952,0.70847,-0.35570,0.00437,0.00035,-0.00034,0.00036,-0.00034,0.00169,-0.27471,0.02099,-0.35486,0.24983,0.05461,0.00053,-0.28203,0.19748,-0.77046,0.37009,0.04585,0.01715,0.00194,0.01740,0.00195,6.000,6.000,12.000,12.000,6.000,6.000,6.000,6.000,12.000,12.000,6.000,6.000,6.000,6.000,6.000,6.000,0.006666,0.000715,0.004200,0.004699,0.004200,0.000249,0.011600,-0.011704,0.000000,0.004686,0.000000,0.000000,0.382289,0.617711,0.000000,0.000000,0.000000,-0.004415,0.004757
0.0150,0.00028,0.00011,0.48039,1.00000,0.00001,-0.00092,0.00000,0.00613,0.00005,0.31459,0.31446,0.00202,0.00482,2,0.03458,0.00202,0.034599,0.00948,-0.2898,-0.0002,-0.1572,0.3422,-0.3640,-0.0310,-1.2460,0,0.04900,0.01900,0.0876,0.0606,0.017960,0.047031,-0.5255,1.1361,24.1840,-0.5821,1.0809,23.3710,-0.5168,1.1327,38.4428,-0.5792,1.2756,38.5337,0.011099,-0.002744,24.1881,0.013762,-0.002678,23.3710,0.009884,-0.002550,38.4366,0.011437,-0.002796,38.5337,-0.00059,-0.00093,-0.35046,0.70995,-0.35653,-0.00284,0.00059,0.00004,-0.35029,0.70958,-0.35632,0.00399,0.00036,-0.00031,0.00038,-0.00031,0.00148,-0.25638,-0.00331,-0.43145,0.20323,0.05280,0.00039,-0.26608,0.16170,-0.82023,0.31599,0.04300,0.01313,0.00176,0.01341,0.00177,6.000,6.000,12.000,12.000,6.000,6.000,6.000,6.000,12.000,12.000,6.000,6.000,6.000,6.000,6.000,6.000,0.006524,0.001058,0.004200,0.004823,0.004200,0.000373,0.011173,-0.010923,0.000000,0.004425,0.000000,0.000000,0.390144,0.609856,0.000000,0.000000,0.000000,-0.003674,0.004374
0.0200,0.00029,0.00017,0.48039,1.00000,0.00001,-0.00084,0.00001,0.00614,0.00008,0.31460,0.31446,0.00184,0.00495,2,0.03462,0.00184,0.034643,0.00821,-0.2667,-0.0002,-0.1443,0.3199,-0.2306,-0.0285,-1.0335,0,0.04900,0.01900,0.0809,0.0552,0.015313,0.047250,-0.4824,1.0622,25.1156,-0.5304,1.0530,24.2994,-0.4742,1.0584,38.3956,-0.5263,1.1615,38.4828,0.009229,-0.002390,25.1188,0.011114,-0.002457,24.2994,0.008743,-0.002391,38.3904,0.009911,-0.002559,38.4828,-0.00059,-0.00121,-0.35129,0.71120,-0.35722,-0.00197,0.00059,-0.00011,-0.35106,0.71072,-0.35694,0.00366,0.00037,-0.00027,0.00039,-0.00027,0.00128,-0.23925,-0.01867,-0.49287,0.17029,0.05049,0.00029,-0.25011,0.13530,-0.85562,0.27564,0.04076,0.01028,0.00160,0.01056,0.00160,6.000,6.000,12.000,12.000,6.000,6.000,6.000,6.000,12.000,12.000,6.000,6.000,6.000,6.000,6.000,6.000,0.006389,0.001391,0.004200,0.004948,0.004200,0.000497,0.010768,-0.010174,0.000000,0.004177,0.000000,0.000000,0.397684,0.602316,0.000000,0.000000,0.000000,-0.002841,0.003995
0.0250,0.00030,0.00024,0.48038,1.00000,0.00001,-0.00077,0.00001,0.00615,0.00012,0.31461,0.31446,0.00168,0.00507,2,0.03466,0.00168,0.034680,0.00699,-0.2421,-0.0003,-0.1322,0.2987,-0.1384,-0.0237,-0.8657,0,0.04900,0.01900,0.0745,0.0507,0.013412,0.047439,-0.4422,0.9923,25.8904,-0.4803,1.0131,25.1004,-0.4346,0.9883,38.2325,-0.4751,1.0645,38.3357,0.007882,-0.002120,25.8929,0.009212,-0.002268,25.1004,0.007862,-0.002229,38.2282,0.008740,-0.002343,38.3357,-0.00058,-0.00152,-0.35207,0.71241,-0.35788,-0.00110,0.00058,-0.00030,-0.35180,0.71181,-0.35752,0.00339,0.00038,-0.00024,0.00041,-0.00024,0.00108,-0.22307,-0.02780,-0.54271,0.14717,0.04786,0.00023,-0.23434,0.11553,-0.88028,0.24524,0.03898,0.00826,0.00144,0.00852,0.00144,6.000,6.000,12.000,12.000,6.000,6.000,6.000,6.000,12.000,12.000,6.000,6.000,6.000,6.000,6.000,6.000,0.006262,0.001713,0.004200,0.005072,0.004200,0.000621,0.010386,-0.009455,0.000000,0.003941,0.000000,0.000000,0.404910,0.595090,0.000000,0.000000,0.000000,-0.001972,0.003660
0.0300,0.00030,0.00031,0.48037,1.00000,0.00001,-0.00071,0.00001,0.00615,0.00017,0.31462,0.31446,0.00154,0.00520,2,0.03468,0.00154,0.034712,0.00587,-0.2179,-0.0003,-0.1211,0.2788,-0.0762,-0.0179,-0.7317,0,0.04900,0.01900,0.0683,0.0469,0.012028,0.047611,-0.4049,0.9262,26.5454,-0.4344,0.9646,25.8015,-0.3979,0.9222,37.9896,-0.4283,0.9823,38.1215,0.006887,-0.001906,26.5474,0.007827,-0.002094,25.8015,0.007167,-0.002071,37.9862,0.007830,-0.002149,38.1215,-0.00058,-0.00185,-0.35281,0.71351,-0.35847,-0.00026,0.00058,-0.00053,-0.35248,0.71281,-0.35805,0.00321,0.00039,-0.00021,0.00042,-0.00021,0.00090,-0.20767,-0.03267,-0.58368,0.13102,0.04508,0.00020,-0.21891,0.10044,-0.89692,0.22199,0.03752,0.00684,0.00130,0.00706,0.00130,6.000,6.000,12.000,12.000,6.000,6.000,6.000,6.000,12.000,12.000,6.000,6.000,6.000,6.000,6.000,6.000,0.006143,0.002025,0.004200,0.005196,0.004200,0.000746,0.010030,-0.008767,0.000000,0.003719,0.000000,0.000000,0.411828,0.588172,0.000000,0.000000,0.000000,-0.001105,0.003395
0.0350,0.00029,0.00040,0.48036,1.00000,0.00001,-0.00066,0.00001,0.00615,0.00023,0.31462,0.31446,0.00142,0.00532,2,0.03471,0.00142,0.034738,0.00488,-0.1952,-0.0003,-0.1108,0.2600,-0.0359,-0.0119,-0.6235,0,0.04900,0.01900,0.0626,0.0436,0.011005,0.047772,-0.3704,0.8639,27.1088,-0.3929,0.9116,26.4216,-0.3640,0.8599,37.6935,-0.3868,0.9113,37.8610,0.006134,-0.001729,27.1102,0.006803,-0.001932,26.4216,0.006605,-0.001918,37.6907,0.007113,-0.001977,37.8610,-0.00058,-0.00221,-0.35348,0.71450,-0.35898,0.00055,0.00058,-0.00080,-0.35312,0.71372,-0.35850,0.00311,0.00040,-0.00018,0.00043,-0.00018,0.00074,-0.19292,-0.03468,-0.61780,0.11973,0.04230,0.00018,-0.20390,0.08860,-0.90760,0.20380,0.03628,0.00583,0.00118,0.00600,0.00118,6.000,6.000,12.000,12.000,6.000,6.000,6.000,6.000,12.000,12.000,6.000,6.000,6.000,6.000,6.000,6.000,0.006032,0.002328,0.004200,0.005321,0.004200,0.000870,0.009697,-0.008109,0.000000,0.003509,0.000000,0.000000,0.418450,0.581550,0.000000,0.000000,0.000000,-0.000262,0.003212
0.0400,0.00029,0.00049,0.48035,1.00000,0.00001,-0.00061,0.00001,0.00614,0.00029,0.31461,0.31446,0.00131,0.00544,2,0.03473,0.00131,0.034760,0.00400,-0.1746,-0.0004,-0.1012,0.2423,-0.0112,-0.0061,-0.5352,0,0.04900,0.01900,0.0573,0.0407,0.010234,0.047922,-0.3384,0.8052,27.6020,-0.3555,0.8568,26.9752,-0.3326,0.8012,37.3641,-0.3498,0.8485,37.5679,0.005548,-0.001579,27.6030,0.006030,-0.001780,26.9752,0.006137,-0.001774,37.3619,0.006536,-0.001823,37.5679,-0.00057,-0.00259,-0.35409,0.71537,-0.35941,0.00131,0.00058,-0.00109,-0.35370,0.71452,-0.35888,0.00310,0.00041,-0.00015,0.00044,-0.00015,0.00059,-0.17872,-0.03483,-0.64664,0.11177,0.03961,0.00017,-0.18935,0.07901,-0.91388,0.18916,0.03520,0.00510,0.00109,0.00523,0.00108,6.000,6.000,12.000,12.000,6.000,6.000,6.000,6.000,12.000,12.000,6.000,6.000,6.000,6.000,6.000,6.000,0.005928,0.002620,0.004200,0.005445,0.004200,0.000994,0.009386,-0.007479,0.000000,0.003311,0.000000,0.000000,0.424788,0.575212,0.000000,0.000000,0.000000,0.000546,0.003113
0.0450,0.00027,0.00059,0.48034,1.00000,0.00001,-0.00057,0.00001,0.00613,0.00036,0.31461,0.31446,0.00122,0.00557,2,0.03474,0.00122,0.034778,0.00325,-0.1564,-0.0004,-0.0924,0.2256,0.0027,-0.0008,-0.4626,0,0.04900,0.01900,0.0524,0.0382,0.009639,0.048064,-0.3089,0.7499,28.0416,-0.3219,0.8020,27.4747,-0.3035,0.7460,37.0165,-0.3167,0.7917,37.2536,0.005079,-0.001447,28.0423,0.005434,-0.001637,27.4747,0.005738,-0.001639,37.0147,0.006060,-0.001684,37.2536,-0.00057,-0.00298,-0.35464,0.71611,-0.35975,0.00204,0.00058,-0.00142,-0.35423,0.71521,-0.35919,0.00316,0.00042,-0.00012,0.00046,-0.00012,0.00047,-0.16502,-0.03380,-0.67144,0.10603,0.03708,0.00017,-0.17527,0.07096,-0.91699,0.17698,0.03422,0.00457,0.00101,0.00466,0.00101,6.000,6.000,12.000,12.000,6.000,6.000,6.000,6.000,12.000,12.000,6.000,6.000,6.000,6.000,6.000,6.000,0.005831,0.002904,0.004200,0.005569,0.004200,0.001119,0.009095,-0.006875,0.000000,0.003125,0.000000,0.000000,0.430854,0.569146,0.000000,0.000000,0.000000,0.001313,0.003097
0.0500,0.00026,0.00070,0.48033,1.00000,0.00001,-0.00053,0.00001,0.00612,0.00043,0.31461,0.31446,0.00114,0.00569,2,0.03475,0.00114,0.034792,0.00261,-0.1406,-0.0004,-0.0842,0.2099,0.0092,0.0037,-0.4024,0,0.04900,0.01900,0.0479,0.0358,0.009169,0.048196,-0.2814,0.6979,28.4400,-0.2917,0.7484,27.9298,-0.2766,0.6940,36.6616,-0.2871,0.7396,36.9271,0.004692,-0.001329,28.4405,0.004963,-0.001503,27.9298,0.005386,-0.001515,36.6601,0.005658,-0.001559,36.9271,-0.00057,-0.00339,-0.35513,0.71673,-0.36002,0.00273,0.00058,-0.00178,-0.35471,0.71580,-0.35944,0.00329,0.00043,-0.00010,0.00047,-0.00010,0.00036,-0.15177,-0.03208,-0.69312,0.10173,0.03474,0.00017,-0.16167,0.06397,-0.91784,0.16648,0.03332,0.00416,0.00095,0.00421,0.00094,6.000,6.000,12.000,12.000,6.000,6.000,6.000,6.000,12.000,12.000,6.000,6.000,6.000,6.000,6.000,6.000,0.005741,0.003180,0.004200,0.005693,0.004200,0.001243,0.008822,-0.006298,0.000000,0.002948,0.000000,0.000000,0.436660,0.563340,0.000000,0.000000,0.000000,0.002040,0.003158
0.0550,0.00024,0.00082,0.48032,1.00000,0.00001,-0.00050,0.00001,0.00611,0.00051,0.31461,0.31446,0.00107,0.00582,2,0.03477,0.00107,0.034803,0.00208,-0.1271,-0.0004,-0.0766,0.1952,0.0110,0.0074,-0.3521,0,0.04900,0.01900,0.0438,0.0336,0.008787,0.048321,-0.2559,0.6490,28.8065,-0.2643,0.6967,28.3485,-0.2516,0.6452,36.3070,-0.2604,0.6912,36.5955,0.004365,-0.001221,28.8067,0.004579,-0.001377,28.3485,0.005070,-0.001399,36.3058,0.005308,-0.001445,36.5955,-0.00057,-0.00382,-0.35558,0.71726,-0.36022,0.00339,0.00058,-0.00216,-0.35515,0.71630,-0.35962,0.00348,0.00044,-0.00008,0.00048,-0.00008,0.00027,-0.13896,-0.02999,-0.71237,0.09834,0.03261,0.00017,-0.14854,0.05770,-0.91712,0.15714,0.03248,0.00384,0.00089,0.00386,0.00088,6.000,6.000,12.000,12.000,6.000,6.000,6.000,6.000,12.000,12.000,6.000,6.000,6.000,6.000,6.000,6.000,0.005655,0.003447,0.004200,0.005818,0.004200,0.001367,0.008566,-0.005746,0.000000,0.002782,0.000000,0.000000,0.442216,0.557784,0.000000,0.000000,0.000000,0.002729,0.003288
0.0600,0.00022,0.00094,0.48031,1.00000,0.00001,-0.00047,0.00001,0.00610,0.00060,0.31460,0.31446,0.00100,0.00594,2,0.03477,0.00100,0.034812,0.00163,-0.1156,-0.0004,-0.0695,0.1813,0.0099,0.0101,-0.3100,0,0.04900,0.01900,0.0400,0.0316,0.008468,0.048438,-0.2322,0.6030,29.1476,-0.2395,0.6474,28.7370,-0.2284,0.5993,35.9581,-0.2361,0.6460,36.2643,0.004081,-0.001122,29.1478,0.004259,-0.001260,28.7370,0.004780,-0.001293,35.9572,0.004995,-0.001342,36.2643,-0.00057,-0.00427,-0.35599,0.71769,-0.36036,0.00401,0.00058,-0.00257,-0.35555,0.71673,-0.35975,0.00373,0.00045,-0.00006,0.00049,-0.00006,0.00019,-0.12655,-0.02773,-0.72970,0.09551,0.03067,0.00018,-0.13588,0.05193,-0.91532,0.14860,0.03169,0.00357,0.00083,0.00356,0.00083,6.000,6.000,12.000,12.000,6.000,6.000,6.000,6.000,12.000,12.000,6.000,6.000,6.000,6.000,6.000,6.000,0.005575,0.003706,0.004200,0.005942,0.004200,0.001491,0.008326,-0.005217,0.000000,0.002625,0.000000,0.000000,0.447534,0.552466,0.000000,0.000000,0.000000,0.003386,0.003480
0.0650,0.00020,0.00107,0.48031,1.00000,0.00001,-0.00044,0.00001,0.00608,0.00069,0.31460,0.31446,0.00094,0.00607,2,0.03478,0.00094,0.034819,0.00127,-0.1060,-0.0004,-0.0629,0.1683,0.0070,0.0120,-0.2745,0,0.04900,0.01900,0.0366,0.0297,0.008195,0.048547,-0.2102,0.5599,29.4684,-0.2169,0.6007,29.1000,-0.2068,0.5562,35.6183,-0.2140,0.6036,35.9373,0.003829,-0.001029,29.4685,0.003984,-0.001149,29.1000,0.004508,-0.001196,35.6175,0.004710,-0.001247,35.9373,-0.00057,-0.00472,-0.35635,0.71804,-0.36044,0.00462,0.00058,-0.00299,-0.35593,0.71709,-0.35983,0.00402,0.00046,-0.00004,0.00050,-0.00004,0.00012,-0.11453,-0.02544,-0.74552,0.09299,0.02893,0.00018,-0.12366,0.04653,-0.91281,0.14064,0.03095,0.00334,0.00078,0.00330,0.00078,6.000,6.000,12.000,12.000,6.000,6.000,6.000,6.000,12.000,12.000,6.000,6.000,6.000,6.000,6.000,6.000,0.005499,0.003957,0.004200,0.006066,0.004200,0.001616,0.008099,-0.004711,0.000000,0.002477,0.000000,0.000000,0.452626,0.547374,0.000000,0.000000,0.000000,0.004015,0.003727
0.0700,0.00018,0.00120,0.48030,1.00000,0.00001,-0.00042,0.00001,0.00607,0.00078,0.31460,0.31446,0.00088,0.00619,2,0.03479,0.00088,0.034825,0.00096,-0.0980,-0.0004,-0.0568,0.1561,0.0033,0.0132,-0.2445,0,0.04900,0.01900,0.0334,0.0279,0.007954,0.048649,-0.1896,0.5195,29.7724,-0.1961,0.5567,29.4415,-0.1867,0.5158,35.2896,-0.1937,0.5637,35.6173,0.003602,-0.000942,29.7724,0.003743,-0.001046,29.4415,0.004251,-0.001106,35.2889,0.004445,-0.001160,35.6173,-0.00057,-0.00520,-0.35669,0.71832,-0.36047,0.00521,0.00059,-0.00344,-0.35628,0.71739,-0.35987,0.00436,0.00047,-0.00002,0.00052,-0.00002,0.00006,-0.10287,-0.02318,-0.76009,0.09064,0.02737,0.00019,-0.11189,0.04139,-0.90984,0.13309,0.03026,0.00312,0.00074,0.00307,0.00074,6.000,6.000,12.000,12.000,6.000,6.000,6.000,6.000,12.000,12.000,6.000,6.000,6.000,6.000,6.000,6.000,0.005428,0.004202,0.004200,0.006191,0.004200,0.001740,0.007885,-0.004226,0.000000,0.002337,0.000000,0.000000,0.457503,0.542497,0.000000,0.000000,0.000000,0.004621,0.004021
0.0750,0.00016,0.00134,0.48029,1.00000,0.00000,-0.00039,0.00001,0.00605,0.00088,0.31459,0.31446,0.00083,0.00631,2,0.03479,0.00083,0.034829,0.00072,-0.0913,-0.0005,-0.0510,0.1447,-0.0008,0.0137,-0.2190,0,0.04900,0.01900,0.0305,0.0262,0.007740,0.048744,-0.1705,0.4816,30.0621,-0.1770,0.5153,29.7643,-0.1680,0.4778,34.9732,-0.1750,0.5260,35.3061,0.003395,-0.000861,30.0620,0.003527,-0.000950,29.7643,0.004006,-0.001024,34.9726,0.004195,-0.001080,35.3061,-0.00056,-0.00568,-0.35700,0.71854,-0.36045,0.00578,0.00059,-0.00391,-0.35660,0.71765,-0.35987,0.00473,0.00049,-0.00000,0.00053,0.00000,0.00001,-0.09156,-0.02100,-0.77364,0.08838,0.02597,0.00020,-0.10053,0.03648,-0.90659,0.12587,0.02962,0.00292,0.00069,0.00285,0.00069,6.000,6.000,12.000,12.000,6.000,6.000,6.000,6.000,12.000,12.000,6.000,6.000,6.000,6.000,6.000,6.000,0.005361,0.004440,0.004200,0.006315,0.004200,0.001864,0.007683,-0.003761,0.000000,0.002206,0.000000,0.000000,0.462175,0.537825,0.000000,0.000000,0.000000,0.005209,0.004357
0.0800,0.00013,0.00148,0.48029,1.00000,0.00000,-0.00037,0.00001,0.00603,0.00098,0.31459,0.31446,0.00079,0.00644,2,0.03480,0.00079,0.034832,0.00052,-0.0858,-0.0005,-0.0457,0.1340,-0.0047,0.0135,-0.1975,0,0.04900,0.01900,0.0279,0.0245,0.007544,0.048833,-0.1526,0.4460,30.3394,-0.1594,0.4765,30.0708,-0.1505,0.4423,34.6695,-0.1576,0.4906,35.0047,0.003205,-0.000784,30.3393,0.003330,-0.000860,30.0708,0.003771,-0.000948,34.6690,0.003957,-0.001007,35.0047,-0.00056,-0.00618,-0.35729,0.71871,-0.36040,0.00635,0.00059,-0.00439,-0.35691,0.71786,-0.35984,0.00513,0.00050,0.00002,0.00054,0.00002,-0.00003,-0.08058,-0.01891,-0.78631,0.08617,0.02471,0.00020,-0.08959,0.03175,-0.90319,0.11892,0.02902,0.00273,0.00065,0.00265,0.00065,6.000,6.000,12.000,12.000,6.000,6.000,6.000,6.000,12.000,12.000,6.000,6.000,6.000,6.000,6.000,6.000,0.005297,0.004671,0.004200,0.006439,0.004200,0.001989,0.007493,-0.003316,0.000000,0.002081,0.000000,0.000000,0.466653,0.533347,0.000000,0.000000,0.000000,0.005783,0.004729
0.0850,0.00010,0.00163,0.48029,1.00000,0.00000,-0.00035,0.00001,0.00601,0.00108,0.31459,0.31446,0.00075,0.00656,2,0.03480,0.00075,0.034834,0.00036,-0.0813,-0.0005,-0.0408,0.1239,-0.0085,0.0129,-0.1792,0,0.04900,0.01900,0.0254,0.0230,0.007365,0.048916,-0.1360,0.4127,30.6056,-0.1430,0.4403,30.3626,-0.1343,0.4090,34.3785,-0.1414,0.4572,34.7138,0.003029,-0.000711,30.6055,0.003150,-0.000776,30.3626,0.003544,-0.000879,34.3781,0.003728,-0.000939,34.7138,-0.00056,-0.00669,-0.35757,0.71884,-0.36032,0.00691,0.00059,-0.00489,-0.35720,0.71803,-0.35979,0.00556,0.00051,0.00003,0.00055,0.00003,-0.00007,-0.06992,-0.01692,-0.79824,0.08397,0.02358,0.00021,-0.07903,0.02720,-0.89971,0.11222,0.02847,0.00255,0.00061,0.00245,0.00061,6.000,6.000,12.000,12.000,6.000,6.000,6.000,6.000,12.000,12.000,6.000,6.000,6.000,6.000,6.000,6.000,0.005237,0.004896,0.004200,0.006563,0.004200,0.002113,0.007313,-0.002889,0.000000,0.001964,0.000000,0.000000,0.470949,0.529051,0.000000,0.000000,0.000000,0.006348,0.005133
0.0900,0.00007,0.00178,0.48028,1.00000,0.00000,-0.00034,0.00001,0.00598,0.00119,0.31459,0.31446,0.00071,0.00669,2,0.03480,0.00071,0.034835,0.00023,-0.0776,-0.0005,-0.0361,0.1145,-0.0119,0.0119,-0.1637,0,0.04900,0.01900,0.0232,0.0215,0.007199,0.048994,-0.1204,0.3816,30.8618,-0.1277,0.4065,30.6413,-0.1191,0.3778,34.0999,-0.1264,0.4257,34.4335,0.002866,-0.000642,30.8617,0.002983,-0.000697,30.6413,0.003326,-0.000815,34.0996,0.003508,-0.000876,34.4335,-0.00056,-0.00722,-0.35782,0.71893,-0.36021,0.00746,0.00059,-0.00541,-0.35748,0.71818,-0.35971,0.00602,0.00053,0.00005,0.00057,0.00005,-0.00010,-0.05956,-0.01502,-0.80950,0.08180,0.02255,0.00022,-0.06885,0.02281,-0.89622,0.10574,0.02796,0.00237,0.00056,0.00227,0.00057,6.000,6.000,12.000,12.000,6.000,6.000,6.000,6.000,12.000,12.000,6.000,6.000,6.000,6.000,6.000,6.000,0.005181,0.005116,0.004200,0.006688,0.004200,0.002237,0.007142,-0.002479,0.000000,0.001853,0.000000,0.000000,0.475071,0.524929,0.000000,0.000000,0.000000,0.006906,0.005565
0.0950,0.00004,0.00193,0.48028,1.00000,0.00000,-0.00032,0.00000,0.00596,0.00130,0.31459,0.31446,0.00067,0.00681,2,0.03481,0.00067,0.034836,0.00013,-0.0746,-0.0005,-0.0318,0.1057,-0.0149,0.0107,-0.1505,0,0.04900,0.01900,0.0211,0.0201,0.007045,0.049067,-0.1060,0.3524,31.1086,-0.1135,0.3749,30.9081,-0.1050,0.3485,33.8332,-0.1123,0.3961,34.1638,0.002713,-0.000577,31.1085,0.002828,-0.000624,30.9081,0.003116,-0.000756,33.8329,0.003296,-0.000818,34.1638,-0.00056,-0.00775,-0.35807,0.71900,-0.36008,0.00801,0.00059,-0.00594,-0.35775,0.71830,-0.35962,0.00650,0.00054,0.00006,0.00058,0.00006,-0.00013,-0.04949,-0.01319,-0.82017,0.07965,0.02161,0.00023,-0.05903,0.01857,-0.89275,0.09949,0.02749,0.00220,0.00052,0.00209,0.00053,6.000,6.000,12.000,12.000,6.000,6.000,6.000,6.000,12.000,12.000,6.000,6.000,6.000,6.000,6.000,6.000,0.005127,0.005330,0.004200,0.006812,0.004200,0.002362,0.006981,-0.002085,0.000000,0.001748,0.000000,0.000000,0.479031,0.520969,0.000000,0.000000,0.000000,0.007461,0.006020
0.1000,0.00001,0.00209,0.48027,1.00000,0.00000,-0.00030,0.00000,0.00594,0.00142,0.31459,0.31446,0.00064,0.00694,2,0.03481,0.00064,0.034836,0.00005,-0.0722,-0.0005,-0.0278,0.0975,-0.0174,0.0091,-0.1393,0,0.04900,0.01900,0.0192,0.0187,0.006901,0.049135,-0.0925,0.3251,31.3468,-0.1002,0.3454,31.1638,-0.0919,0.3211,33.5778,-0.0992,0.3682,33.9045,0.002572,-0.000515,31.3467,0.002684,-0.000555,31.1638,0.002913,-0.000702,33.5776,0.003091,-0.000764,33.9045,-0.00056,-0.00830,-0.35830,0.71904,-0.35993,0.00857,0.00060,-0.00648,-0.35801,0.71840,-0.35951,0.00699,0.00056,0.00007,0.00059,0.00007,-0.00015,-0.03968,-0.01144,-0.83031,0.07753,0.02074,0.00024,-0.04954,0.01449,-0.88932,0.09346,0.02707,0.00203,0.00048,0.00192,0.00049,6.000,6.000,12.000,12.000,6.000,6.000,6.000,6.000,12.000,12.000,6.000,6.000,6.000,6.000,6.000,6.000,0.005076,0.005539,0.004200,0.006936,0.004200,0.002486,0.006829,-0.001707,0.000000,0.001650,0.000000,0.000000,0.482836,0.517164,0.000000,0.000000,0.000000,0.008014,0.006497
0.1050,-0.00002,0.00225,0.48027,1.00000,-0.00000,-0.00029,0.00000,0.00591,0.00153,0.31458,0.31446,0.00060,0.00706,2,0.03481,0.00060,0.034836,-0.00001,-0.0702,-0.0005,-0.0241,0.0898,-0.0197,0.0075,-0.1297,0,0.04900,0.01900,0.0175,0.0175,0.006766,0.049198,-0.0800,0.2996,31.5768,-0.0878,0.3180,31.4094,-0.0797,0.2955,33.3332,-0.0869,0.3420,33.6551,0.002440,-0.000457,31.5767,0.002549,-0.000490,31.4094,0.002717,-0.000652,33.3330,0.002893,-0.000714,33.6551,-0.00056,-0.00885,-0.35853,0.71906,-0.35977,0.00912,0.00060,-0.00703,-0.35827,0.71849,-0.35939,0.00750,0.00057,0.00008,0.00061,0.00009,-0.00017,-0.03013,-0.00974,-0.83995,0.07545,0.01994,0.00024,-0.04038,0.01056,-0.88594,0.08764,0.02669,0.00187,0.00045,0.00176,0.00046,6.000,6.000,12.000,12.000,6.000,6.000,6.000,6.000,12.000,12.000,6.000,6.000,6.000,6.000,6.000,6.000,0.005028,0.005743,0.004200,0.007061,0.004200,0.002610,0.006685,-0.001343,0.000000,0.001556,0.000000,0.000000,0.486495,0.513505,0.000000,0.000000,0.000000,0.008568,0.006993
0.1100,-0.00005,0.00242,0.48027,1.00000,-0.00000,-0.00027,0.00000,0.00589,0.00165,0.31458,0.31446,0.00057,0.00718,2,0.03481,0.00057,0.034836,-0.00006,-0.0686,-0.0005,-0.0206,0.0825,-0.0215,0.0058,-0.1217,0,0.04900,0.01900,0.0159,0.0163,0.006640,0.049258,-0.0683,0.2757,31.7990,-0.0762,0.2925,31.6454,-0.0683,0.2715,33.0986,-0.0754,0.3174,33.4154,0.002317,-0.000401,31.7990,0.002422,-0.000430,31.6454,0.002528,-0.000606,33.0985,0.002701,-0.000668,33.4154,-0.00055,-0.00942,-0.35875,0.71906,-0.35959,0.00968,0.00060,-0.00759,-0.35851,0.71856,-0.35925,0.00803,0.00059,0.00009,0.00062,0.00010,-0.00020,-0.02081,-0.00808,-0.84914,0.07343,0.01920,0.00025,-0.03153,0.00678,-0.88261,0.08205,0.02636,0.00172,0.00041,0.00160,0.00042,6.000,6.000,12.000,12.000,6.000,6.000,6.000,6.000,12.000,12.000,6.000,6.000,6.000,6.000,6.000,6.000,0.004983,0.005942,0.004200,0.007185,0.004200,0.002734,0.006549,-0.000993,0.000000,0.001468,0.000000,0.000000,0.490018,0.509982,0.000000,0.000000,0.000000,0.009125,0.007505
0.1150,-0.00008,0.00258,0.48027,1.00000,-0.00000,-0.00026,0.00000,0.00586,0.00177,0.31458,0.31446,0.00055,0.00731,2,0.03481,0.00055,0.034836,-0.00010,-0.0673,-0.0005,-0.0174,0.0758,-0.0231,0.0040,-0.1148,0,0.04900,0.01900,0.0145,0.0151,0.006522,0.049314,-0.0575,0.2534,32.0139,-0.0654,0.2687,31.8726,-0.0578,0.2491,32.8734,-0.0647,0.2942,33.1848,0.002202,-0.000349,32.0138,0.002304,-0.000373,31.8726,0.002347,-0.000564,32.8733,0.002516,-0.000626,33.1848,-0.00055,-0.00999,-0.35896,0.71905,-0.35940,0.01025,0.00060,-0.00816,-0.35875,0.71862,-0.35911,0.00857,0.00061,0.00010,0.00063,0.00011,-0.00022,-0.01173,-0.00646,-0.85791,0.07147,0.01849,0.00026,-0.02298,0.00315,-0.87935,0.07668,0.02606,0.00157,0.00038,0.00146,0.00039,6.000,6.000,12.000,12.000,6.000,6.000,6.000,6.000,12.000,12.000,6.000,6.000,6.000,6.000,6.000,6.000,0.004940,0.006138,0.004200,0.007309,0.004200,0.002859,0.006420,-0.000655,0.000000,0.001385,0.000000,0.000000,0.493411,0.506589,0.000000,0.000000,0.000000,0.009684,0.008031
0.1200,-0.00011,0.00275,0.48026,1.00000,-0.00000,-0.00025,0.00000,0.00584,0.00190,0.31458,0.31446,0.00052,0.00743,2,0.03482,0.00052,0.034835,-0.00013,-0.0663,-0.0005,-0.0144,0.0695,-0.0244,0.0022,-0.1090,0,0.04900,0.01900,0.0131,0.0141,0.006412,0.049367,-0.0475,0.2326,32.2218,-0.0553,0.2465,32.0915,-0.0480,0.2280,32.6570,-0.0547,0.2725,32.9628,0.002096,-0.000299,32.2217,0.002194,-0.000320,32.0915,0.002172,-0.000525,32.6569,0.002338,-0.000586,32.9628,-0.00055,-0.01057,-0.35916,0.71903,-0.35921,0.01082,0.00060,-0.00874,-0.35899,0.71866,-0.35896,0.00912,0.00063,0.00011,0.00065,0.00012,-0.00023,-0.00286,-0.00486,-0.86629,0.06959,0.01783,0.00027,-0.01470,-0.00033,-0.87614,0.07152,0.02580,0.00143,0.00034,0.00132,0.00036,6.000,6.000,12.000,12.000,6.000,6.000,6.000,6.000,12.000,12.000,6.000,6.000,6.000,6.000,6.000,6.000,0.004899,0.006329,0.004200,0.007433,0.004200,0.002983,0.006298,-0.000330,0.000000,0.001307,0.000000,0.000000,0.496682,0.503318,0.000000,0.000000,0.000000,0.010247,0.008571
0.1250,-0.00015,0.00292,0.48026,1.00000,-0.00000,-0.00023,0.00000,0.00581,0.00202,0.31458,0.31446,0.00049,0.00756,2,0.03482,0.00049,0.034834,-0.00015,-0.0655,-0.0005,-0.0116,0.0636,-0.0254,0.0004,-0.1041,0,0.04900,0.01900,0.0119,0.0130,0.006310,0.049416,-0.0382,0.2131,32.4230,-0.0459,0.2259,32.3026,-0.0390,0.2084,32.4489,-0.0454,0.2521,32.7490,0.001997,-0.000252,32.4229,0.002091,-0.000270,32.3026,0.002004,-0.000490,32.4488,0.002166,-0.000550,32.7490,-0.00055,-0.01116,-0.35936,0.71900,-0.35900,0.01139,0.00060,-0.00933,-0.35922,0.71870,-0.35880,0.00968,0.00065,0.00012,0.00067,0.00013,-0.00025,0.00581,-0.00329,-0.87430,0.06778,0.01719,0.00028,-0.00669,-0.00366,-0.87299,0.06658,0.02557,0.00130,0.00031,0.00119,0.00033,6.000,6.000,12.000,12.000,6.000,6.000,6.000,6.000,12.000,12.000,6.000,6.000,6.000,6.000,6.000,6.000,0.004861,0.006517,0.004200,0.007558,0.004200,0.003107,0.006183,-0.000016,0.000000,0.001233,0.000000,0.000000,0.499839,0.500161,0.000000,0.000000,0.000000,0.010815,0.009122
0.1300,-0.00018,0.00310,0.48026,1.00000,-0.00000,-0.00022,0.00000,0.00578,0.00215,0.31458,0.31446,0.00047,0.00768,2,0.03482,0.00047,0.034834,-0.00016,-0.0648,-0.0005,-0.0091,0.0581,-0.0263,-0.0013,-0.0999,0,0.04900,0.01900,0.0108,0.0121,0.006214,0.049463,-0.0295,0.1950,32.6178,-0.0371,0.2067,32.5064,-0.0306,0.1900,32.2484,-0.0368,0.2330,32.5430,0.001905,-0.000207,32.6177,0.001995,-0.000223,32.5064,0.001843,-0.000457,32.2483,0.002001,-0.000517,32.5430,-0.00055,-0.01176,-0.35956,0.71895,-0.35879,0.01197,0.00061,-0.00993,-0.35944,0.71872,-0.35864,0.01026,0.00066,0.00013,0.00068,0.00014,-0.00027,0.01429,-0.00173,-0.88196,0.06606,0.01657,0.00029,0.00106,-0.00686,-0.86989,0.06185,0.02538,0.00118,0.00028,0.00107,0.00030,6.000,6.000,12.000,12.000,6.000,6.000,6.000,6.000,12.000,12.000,6.000,6.000,6.000,6.000,6.000,6.000,0.004825,0.006700,0.004200,0.007682,0.004200,0.003232,0.006074,0.000287,0.000000,0.001164,0.000000,0.000000,0.502888,0.497112,0.000000,0.000000,0.000000,0.011388,0.009684
0.1350,-0.00022,0.00327,0.48026,1.00000,-0.00000,-0.00021,-0.00000,0.00576,0.00228,0.31458,0.31446,0.00044,0.00781,2,0.03482,0.00044,0.034833,-0.00017,-0.0643,-0.0005,-0.0067,0.0529,-0.0270,-0.0029,-0.0963,0,0.04900,0.01900,0.0097,0.0112,0.006125,0.049507,-0.0216,0.1780,32.8065,-0.0290,0.1888,32.7032,-0.0229,0.1729,32.0550,-0.0287,0.2151,32.3442,0.001820,-0.000165,32.8065,0.001906,-0.000178,32.7032,0.001688,-0.000427,32.0549,0.001842,-0.000486,32.3442,-0.00055,-0.01236,-0.35975,0.71890,-0.35858,0.01255,0.00061,-0.01053,-0.35966,0.71874,-0.35847,0.01084,0.00068,0.00014,0.00070,0.00014,-0.00029,0.02259,-0.00018,-0.88930,0.06442,0.01598,0.00029,0.00858,-0.00992,-0.86684,0.05733,0.02523,0.00106,0.00025,0.00095,0.00027,6.000,6.000,12.000,12.000,6.000,6.000,6.000,6.000,12.000,12.000,6.000,6.000,6.000,6.000,6.000,6.000,0.004790,0.006881,0.004200,0.007806,0.004200,0.003356,0.005972,0.000580,0.000000,0.001098,0.000000,0.000000,0.505835,0.494165,0.000000,0.000000,0.000000,0.011966,0.010256
0.1400,-0.00025,0.00345,0.48026,1.00000,-0.00000,-0.00020,-0.00000,0.00573,0.00241,0.31458,0.31446,0.00042,0.00793,2,0.03482,0.00042,0.034832,-0.00018,-0.0638,-0.0005,-0.0045,0.0481,-0.0275,-0.0045,-0.0932,0,0.04900,0.01900,0.0088,0.0103,0.006042,0.049548,-0.0142,0.1622,32.9894,-0.0215,0.1722,32.8935,-0.0158,0.1568,31.8683,-0.0212,0.1983,32.1522,0.001741,-0.000124,32.9894,0.001823,-0.000136,32.8935,0.001540,-0.000400,31.8683,0.001689,-0.000458,32.1522,-0.00055,-0.01297,-0.35994,0.71885,-0.35836,0.01314,0.00061,-0.01114,-0.35988,0.71876,-0.35830,0.01142,0.00070,0.00014,0.00071,0.00015,-0.00030,0.03072,0.00137,-0.89633,0.06287,0.01540,0.00030,0.01587,-0.01286,-0.86383,0.05301,0.02511,0.00096,0.00022,0.00085,0.00024,6.000,6.000,12.000,12.000,6.000,6.000,6.000,6.000,12.000,12.000,6.000,6.000,6.000,6.000,6.000,6.000,0.004758,0.007058,0.004200,0.007930,0.004200,0.003480,0.005875,0.000864,0.000000,0.001036,0.000000,0.000000,0.508685,0.491315,0.000000,0.000000,0.000000,0.012549,0.010836
0.1450,-0.00028,0.00363,0.48025,1.00000,0.00000,-0.00019,-0.00000,0.00570,0.00254,0.31458,0.31446,0.00040,0.00805,2,0.03482,0.00040,0.034831,-0.00018,-0.0635,-0.0005,-0.0025,0.0436,-0.0280,-0.0060,-0.0906,0,0.04900,0.01900,0.0079,0.0096,0.005966,0.049587,-0.0074,0.1475,33.1669,-0.0145,0.1567,33.0777,-0.0093,0.1418,31.6879,-0.0143,0.1826,31.9667,0.001668,-0.000086,33.1669,0.001746,-0.000096,33.0777,0.001398,-0.000376,31.6879,0.001542,-0.000433,31.9667,-0.00055,-0.01358,-0.36012,0.71878,-0.35814,0.01373,0.00061,-0.01175,-0.36009,0.71876,-0.35813,0.01202,0.00072,0.00015,0.00073,0.00016,-0.00032,0.03869,0.00292,-0.90308,0.06142,0.01483,0.00031,0.02294,-0.01567,-0.86087,0.04888,0.02502,0.00086,0.00020,0.00075,0.00022,6.000,6.000,12.000,12.000,6.000,6.000,6.000,6.000,12.000,12.000,6.000,6.000,6.000,6.000,6.000,6.000,0.004728,0.007233,0.004200,0.008055,0.004200,0.003604,0.005783,0.001138,0.000000,0.000977,0.000000,0.000000,0.511445,0.488555,0.000000,0.000000,0.000000,0.013137,0.011424
0.1500,-0.00032,0.00380,0.48025,1.00000,0.00000,-0.00018,-0.00000,0.00567,0.00267,0.31458,0.31446,0.00038,0.00818,2,0.03482,0.00038,0.034830,-0.00018,-0.0632,-0.0005,-0.0007,0.0394,-0.0283,-0.0074,-0.0884,0,0.04900,0.01900,0.0071,0.0088,0.005895,0.049625,-0.0012,0.1337,33.3391,-0.0080,0.1424,33.2561,-0.0032,0.1278,31.5133,-0.0080,0.1680,31.7872,0.001601,-0.000049,33.3391,0.001675,-0.000059,33.2561,0.001261,-0.000354,31.5133,0.001401,-0.000410,31.7872,-0.00055,-0.01420,-0.36030,0.71871,-0.35792,0.01433,0.00061,-0.01237,-0.36030,0.71876,-0.35795,0.01262,0.00074,0.00016,0.00075,0.00017,-0.00034,0.04652,0.00446,-0.90955,0.06005,0.01427,0.00032,0.02981,-0.01836,-0.85795,0.04494,0.02496,0.00076,0.00017,0.00066,0.00019,6.000,6.000,12.000,12.000,6.000,6.000,6.000,6.000,12.000,12.000,6.000,6.000,6.000,6.000,6.000,6.000,0.004699,0.007404,0.004200,0.008179,0.004200,0.003729,0.005696,0.001404,0.000000,0.000922,0.000000,0.000000,0.514120,0.485880,0.000000,0.000000,0.000000,0.013730,0.012019
0.1550,-0.00035,0.00399,0.48025,1.00000,0.00000,-0.00017,-0.00000,0.00565,0.00280,0.31458,0.31446,0.00036,0.00830,2,0.03483,0.00036,0.034829,-0.00018,-0.0629,-0.0004,0.0010,0.0355,-0.0286,-0.0086,-0.0865,0,0.04900,0.01900,0.0064,0.0081,0.005829,0.049660,0.0045,0.1209,33.5063,-0.0020,0.1290,33.4290,0.0023,0.1147,31.3442,-0.0021,0.1542,31.6134,0.001539,-0.000015,33.5063,0.001609,-0.000023,33.4290,0.001130,-0.000334,31.3442,0.001266,-0.000389,31.6134,-0.00055,-0.01482,-0.36047,0.71864,-0.35770,0.01493,0.00061,-0.01300,-0.36050,0.71876,-0.35777,0.01323,0.00076,0.00016,0.00076,0.00017,-0.00036,0.05420,0.00601,-0.91576,0.05876,0.01372,0.00033,0.03648,-0.02094,-0.85506,0.04118,0.02492,0.00068,0.00015,0.00058,0.00017,6.000,6.000,12.000,12.000,6.000,6.000,6.000,6.000,12.000,12.000,6.000,6.000,6.000,6.000,6.000,6.000,0.004671,0.007573,0.004200,0.008303,0.004200,0.003853,0.005615,0.001662,0.000000,0.000869,0.000000,0.000000,0.516715,0.483285,0.000000,0.000000,0.000000,0.014328,0.012620
0.1600,-0.00039,0.00417,0.48025,1.00000,0.00000,-0.00016,-0.00000,0.00562,0.00294,0.31458,0.31446,0.00034,0.00843,2,0.03483,0.00034,0.034828,-0.00018,-0.0627,-0.0004,0.0026,0.0319,-0.0288,-0.0098,-0.0849,0,0.04900,0.01900,0.0058,0.0075,0.005768,0.049693,0.0098,0.1090,33.6689,0.0035,0.1166,33.5967,0.0073,0.1025,31.1802,0.0033,0.1414,31.4449,0.001482,0.000018,33.6688,0.001548,0.000011,33.5967,0.001005,-0.000316,31.1802,0.001137,-0.000371,31.4449,-0.00055,-0.01545,-0.36064,0.71856,-0.35747,0.01554,0.00061,-0.01362,-0.36070,0.71875,-0.35759,0.01384,0.00078,0.00017,0.00078,0.00018,-0.00037,0.06175,0.00756,-0.92174,0.05757,0.01317,0.00035,0.04296,-0.02341,-0.85220,0.03759,0.02492,0.00060,0.00013,0.00050,0.00015,6.000,6.000,12.000,12.000,6.000,6.000,6.000,6.000,12.000,12.000,6.000,6.000,6.000,6.000,6.000,6.000,0.004646,0.007739,0.004200,0.008428,0.004200,0.003977,0.005538,0.001912,0.000000,0.000820,0.000000,0.000000,0.519234,0.480766,0.000000,0.000000,0.000000,0.014931,0.013227
0.1650,-0.00042,0.00435,0.48025,1.00000,0.00000,-0.00015,-0.00000,0.00559,0.00307,0.31458,0.31446,0.00032,0.00855,2,0.03483,0.00032,0.034827,-0.00018,-0.0626,-0.0004,0.0040,0.0285,-0.0290,-0.0109,-0.0834,0,0.04900,0.01900,0.0052,0.0069,0.005712,0.049725,0.0146,0.0979,33.8269,0.0085,0.1050,33.7596,0.0120,0.0911,31.0210,0.0083,0.1293,31.2814,0.001429,0.000050,33.8269,0.001492,0.000043,33.7596,0.000885,-0.000300,31.0210,0.001012,-0.000354,31.2814,-0.00055,-0.01608,-0.36081,0.71848,-0.35724,0.01615,0.00062,-0.01426,-0.36090,0.71873,-0.35740,0.01446,0.00080,0.00017,0.00080,0.00018,-0.00039,0.06918,0.00911,-0.92748,0.05645,0.01263,0.00036,0.04927,-0.02577,-0.84938,0.03416,0.02494,0.00053,0.00011,0.00043,0.00013,6.000,6.000,12.000,12.000,6.000,6.000,6.000,6.000,12.000,12.000,6.000,6.000,6.000,6.000,6.000,6.000,0.004622,0.007903,0.004200,0.008552,0.004200,0.004102,0.005465,0.002156,0.000000,0.000774,0.000000,0.000000,0.521681,0.478319,0.000000,0.000000,0.000000,0.015537,0.013840
0.1700,-0.00045,0.00453,0.48025,1.00000,0.00000,-0.00014,-0.00000,0.00557,0.00321,0.31458,0.31446,0.00030,0.00868,2,0.03483,0.00030,0.034826,-0.00018,-0.0624,-0.0004,0.0053,0.0254,-0.0292,-0.0119,-0.0822,0,0.04900,0.01900,0.0047,0.0064,0.005660,0.049756,0.0190,0.0876,33.9807,0.0132,0.0943,33.9179,0.0162,0.0805,30.8663,0.0128,0.1181,31.1227,0.001381,0.000080,33.9807,0.001440,0.000074,33.9179,0.000771,-0.000287,30.8663,0.000894,-0.000339,31.1227,-0.00055,-0.01671,-0.36097,0.71840,-0.35701,0.01676,0.00062,-0.01489,-0.36109,0.71871,-0.35722,0.01508,0.00082,0.00018,0.00082,0.00019,-0.00041,0.07649,0.01066,-0.93301,0.05542,0.01209,0.00037,0.05541,-0.02805,-0.84658,0.03089,0.02499,0.00046,0.00009,0.00037,0.00011,6.000,6.000,12.000,12.000,6.000,6.000,6.000,6.000,12.000,12.000,6.000,6.000,6.000,6.000,6.000,6.000,0.004599,0.008065,0.004200,0.008676,0.004200,0.004226,0.005396,0.002392,0.000000,0.000730,0.000000,0.000000,0.524061,0.475939,0.000000,0.000000,0.000000,0.016148,0.014457
0.1750,-0.00049,0.00472,0.48024,1.00000,0.00000,-0.00013,-0.00000,0.00554,0.00334,0.31458,0.31446,0.00029,0.00880,2,0.03483,0.00029,0.034825,-0.00017,-0.0623,-0.0004,0.0065,0.0224,-0.0293,-0.0129,-0.0811,0,0.04900,0.01900,0.0042,0.0059,0.005612,0.049785,0.0230,0.0781,34.1305,0.0174,0.0844,34.0718,0.0200,0.0705,30.7158,0.0170,0.1077,30.9684,0.001337,0.000109,34.1305,0.001393,0.000103,34.0718,0.000661,-0.000275,30.7158,0.000780,-0.000327,30.9684,-0.00054,-0.01735,-0.36113,0.71831,-0.35679,0.01738,0.00062,-0.01553,-0.36127,0.71868,-0.35703,0.01570,0.00085,0.00018,0.00084,0.00019,-0.00043,0.08369,0.01221,-0.93833,0.05447,0.01155,0.00038,0.06140,-0.03023,-0.84381,0.02776,0.02506,0.00040,0.00007,0.00031,0.00009,6.000,6.000,12.000,12.000,6.000,6.000,6.000,6.000,12.000,12.000,6.000,6.000,6.000,6.000,6.000,6.000,0.004577,0.008225,0.004200,0.008800,0.004200,0.004350,0.005331,0.002623,0.000000,0.000688,0.000000,0.000000,0.526377,0.473623,0.000000,0.000000,0.000000,0.016763,0.015079
0.1800,-0.00052,0.00490,0.48024,1.00000,0.00000,-0.00013,-0.00000,0.00551,0.00348,0.31458,0.31446,0.00027,0.00892,2,0.03483,0.00027,0.034825,-0.00017,-0.0622,-0.0004,0.0076,0.0197,-0.0293,-0.0137,-0.0801,0,0.04900,0.01900,0.0038,0.0054,0.005569,0.049812,0.0267,0.0692,34.2765,0.0213,0.0752,34.2217,0.0235,0.0613,30.5694,0.0207,0.0979,30.8183,0.001296,0.000136,34.2765,0.001349,0.000131,34.2217,0.000555,-0.000265,30.5693,0.000671,-0.000316,30.8183,-0.00054,-0.01799,-0.36129,0.71821,-0.35656,0.01800,0.00062,-0.01617,-0.36146,0.71865,-0.35684,0.01633,0.00087,0.00018,0.00085,0.00019,-0.00044,0.09078,0.01377,-0.94346,0.05358,0.01101,0.00039,0.06723,-0.03232,-0.84106,0.02478,0.02516,0.00035,0.00005,0.00026,0.00007,6.000,6.000,12.000,12.000,6.000,6.000,6.000,6.000,12.000,12.000,6.000,6.000,6.000,6.000,6.000,6.000,0.004557,0.008382,0.004200,0.008925,0.004200,0.004474,0.005270,0.002847,0.000000,0.000649,0.000000,0.000000,0.528634,0.471366,0.000000,0.000000,0.000000,0.017381,0.015705
0.1850,-0.00055,0.00509,0.48024,1.00000,0.00001,-0.00012,-0.00000,0.00549,0.00362,0.31458,0.31446,0.00025,0.00905,2,0.03483,0.00025,0.034824,-0.00016,-0.0621,-0.0004,0.0085,0.0171,-0.0294,-0.0145,-0.0792,0,0.04900,0.01900,0.0034,0.0050,0.005529,0.049839,0.0300,0.0609,34.4188,0.0248,0.0666,34.3676,0.0266,0.0527,30.4266,0.0242,0.0887,30.6721,0.001259,0.000163,34.4188,0.001309,0.000158,34.3676,0.000454,-0.000257,30.4266,0.000566,-0.000307,30.6721,-0.00054,-0.01863,-0.36144,0.71811,-0.35633,0.01863,0.00062,-0.01681,-0.36163,0.71861,-0.35666,0.01697,0.00089,0.00018,0.00087,0.00020,-0.00046,0.09778,0.01533,-0.94841,0.05277,0.01048,0.00040,0.07292,-0.03434,-0.83833,0.02194,0.02528,0.00030,0.00004,0.00021,0.00006,6.000,6.000,12.000,12.000,6.000,6.000,6.000,6.000,12.000,12.000,6.000,6.000,6.000,6.000,6.000,6.000,0.004537,0.008538,0.004200,0.009049,0.004200,0.004599,0.005212,0.003066,0.000000,0.000612,0.000000,0.000000,0.530833,0.469167,0.000000,0.000000,0.000000,0.018002,0.016334
0.1900,-0.00059,0.00528,0.48024,1.00000,0.00001,-0.00011,-0.00001,0.00546,0.00375,0.31458,0.31446,0.00024,0.00917,2,0.03483,0.00024,0.034823,-0.00016,-0.0620,-0.0004,0.0094,0.0148,-0.0294,-0.0152,-0.0784,0,0.04900,0.01900,0.0031,0.0046,0.005492,0.049864,0.0330,0.0533,34.5578,0.0280,0.0587,34.5100,0.0295,0.0447,30.2873,0.0273,0.0802,30.5297,0.001226,0.000188,34.5578,0.001273,0.000183,34.5100,0.000358,-0.000250,30.2873,0.000466,-0.000299,30.5297,-0.00054,-0.01927,-0.36158,0.71801,-0.35610,0.01925,0.00062,-0.01746,-0.36180,0.71857,-0.35647,0.01760,0.00091,0.00019,0.00089,0.00020,-0.00048,0.10469,0.01689,-0.95319,0.05203,0.00994,0.00042,0.07847,-0.03628,-0.83562,0.01921,0.02542,0.00026,0.00002,0.00017,0.00004,6.000,6.000,12.000,12.000,6.000,6.000,6.000,6.000,12.000,12.000,6.000,6.000,6.000,6.000,6.000,6.000,0.004519,0.008692,0.004200,0.009173,0.004200,0.004723,0.005158,0.003279,0.000000,0.000578,0.000000,0.000000,0.532980,0.467020,0.000000,0.000000,0.000000,0.018626,0.016966
0.1950,-0.00062,0.00546,0.48024,1.00000,0.00001,-0.00010,-0.00001,0.00543,0.00389,0.31458,0.31446,0.00022,0.00930,2,0.03483,0.00022,0.034822,-0.00016,-0.0619,-0.0004,0.0102,0.0126,-0.0295,-0.0158,-0.0776,0,0.04900,0.01900,0.0029,0.0043,0.005459,0.049889,0.0357,0.0462,34.6935,0.0309,0.0514,34.6489,0.0320,0.0372,30.1514,0.0301,0.0723,30.3907,0.001195,0.000212,34.6935,0.001239,0.000208,34.6489,0.000265,-0.000245,30.1514,0.000370,-0.000294,30.3907,-0.00054,-0.01992,-0.36173,0.71791,-0.35587,0.01988,0.00062,-0.01810,-0.36197,0.71852,-0.35628,0.01824,0.00093,0.00019,0.00091,0.00020,-0.00050,0.11151,0.01845,-0.95780,0.05135,0.00940,0.00043,0.08389,-0.03814,-0.83294,0.01661,0.02558,0.00022,0.00001,0.00013,0.00003,6.000,6.000,12.000,12.000,6.000,6.000,6.000,6.000,12.000,12.000,6.000,6.000,6.000,6.000,6.000,6.000,0.004502,0.008844,0.004200,0.009298,0.004200,0.004847,0.005106,0.003488,0.000000,0.000545,0.000000,0.000000,0.535076,0.464924,0.000000,0.000000,0.000000,0.019252,0.017601
0.2000,-0.00065,0.00565,0.48024,1.00000,0.00001,-0.00010,-0.00001,0.00541,0.00403,0.31458,0.31446,0.00021,0.00942,2,0.03483,0.00021,0.034821,-0.00015,-0.0618,-0.0004,0.0109,0.0106,-0.0295,-0.0164,-0.0769,0,0.04900,0.01900,0.0027,0.0040,0.005429,0.049912,0.0381,0.0397,34.8262,0.0336,0.0446,34.7845,0.0343,0.0303,30.0185,0.0326,0.0649,30.2550,0.001168,0.000236,34.8262,0.001209,0.000231,34.7845,0.000176,-0.000242,30.0185,0.000278,-0.000289,30.2550,-0.00054,-0.02056,-0.36186,0.71780,-0.35564,0.02051,0.00062,-0.01875,-0.36213,0.71847,-0.35608,0.01888,0.00095,0.00019,0.00093,0.00021,-0.00052,0.11826,0.02002,-0.96227,0.05074,0.00886,0.00044,0.08919,-0.03995,-0.83027,0.01413,0.02577,0.00019,-0.00000,0.00010,0.00002,6.000,6.000,12.000,12.000,6.000,6.000,6.000,6.000,12.000,12.000,6.000,6.000,6.000,6.000,6.000,6.000,0.004486,0.008995,0.004200,0.009422,0.004200,0.004972,0.005058,0.003691,0.000000,0.000514,0.000000,0.000000,0.537125,0.462875,0.000000,0.000000,0.000000,0.019881,0.018239
0.2050,-0.00068,0.00584,0.48024,1.00000,0.00001,-0.00009,-0.00001,0.00538,0.00417,0.31458,0.31446,0.00019,0.00955,2,0.03483,0.00019,0.034821,-0.00015,-0.0617,-0.0004,0.0115,0.0087,-0.0295,-0.0169,-0.0763,0,0.04900,0.01900,0.0025,0.0037,0.005401,0.049935,0.0403,0.0337,34.9560,0.0359,0.0384,34.9171,0.0363,0.0238,29.8886,0.0349,0.0580,30.1224,0.001142,0.000259,34.9560,0.001182,0.000254,34.9171,0.000091,-0.000240,29.8886,0.000190,-0.000287,30.1224,-0.00054,-0.02121,-0.36200,0.71769,-0.35541,0.02114,0.00062,-0.01940,-0.36229,0.71842,-0.35589,0.01952,0.00097,0.00019,0.00094,0.00021,-0.00054,0.12493,0.02158,-0.96658,0.05018,0.00832,0.00046,0.09437,-0.04169,-0.82761,0.01175,0.02597,0.00016,-0.00001,0.00007,0.00001,6.000,6.000,12.000,12.000,6.000,6.000,6.000,6.000,12.000,12.000,6.000,6.000,6.000,6.000,6.000,6.000,0.004471,0.009144,0.004200,0.009546,0.004200,0.005096,0.005012,0.003891,0.000000,0.000484,0.000000,0.000000,0.539130,0.460870,0.000000,0.000000,0.000000,0.020511,0.018879
0.2100,-0.00071,0.00603,0.48023,1.00000,0.00001,-0.00008,-0.00001,0.00536,0.00431,0.31458,0.31446,0.00018,0.00967,2,0.03484,0.00018,0.034820,-0.00015,-0.0616,-0.0004,0.0121,0.0069,-0.0295,-0.0173,-0.0757,0,0.04900,0.01900,0.0024,0.0035,0.005376,0.049956,0.0422,0.0281,35.0831,0.0380,0.0326,35.0468,0.0381,0.0178,29.7615,0.0369,0.0516,29.9927,0.001120,0.000280,35.0831,0.001157,0.000276,35.0468,0.000009,-0.000240,29.7615,0.000105,-0.000285,29.9927,-0.00054,-0.02186,-0.36213,0.71758,-0.35519,0.02178,0.00063,-0.02005,-0.36244,0.71836,-0.35570,0.02017,0.00099,0.00019,0.00096,0.00021,-0.00055,0.13152,0.02314,-0.97076,0.04968,0.00778,0.00047,0.09943,-0.04337,-0.82498,0.00947,0.02619,0.00014,-0.00003,0.00004,-0.00000,6.000,6.000,12.000,12.000,6.000,6.000,6.000,6.000,12.000,12.000,6.000,6.000,6.000,6.000,6.000,6.000,0.004456,0.009292,0.004200,0.009670,0.004200,0.005220,0.004968,0.004086,0.000000,0.000457,0.000000,0.000000,0.541092,0.458908,0.000000,0.000000,0.000000,0.021144,0.019522
0.2150,-0.00074,0.00622,0.48023,1.00000,0.00001,-0.00008,-0.00001,0.00533,0.00445,0.31458,0.31446,0.00016,0.00979,2,0.03484,0.00016,0.034819,-0.00014,-0.0615,-0.0004,0.0126,0.0053,-0.0295,-0.0177,-0.0751,0,0.04900,0.01900,0.0023,0.0033,0.005354,0.049978,0.0439,0.0229,35.2077,0.0399,0.0273,35.1738,0.0397,0.0122,29.6369,0.0387,0.0456,29.8658,0.001100,0.000302,35.2077,0.001135,0.000297,35.1738,-0.000069,-0.000240,29.6369,0.000024,-0.000285,29.8658,-0.00054,-0.02251,-0.36225,0.71746,-0.35496,0.02241,0.00063,-0.02070,-0.36259,0.71830,-0.35551,0.02081,0.00101,0.00019,0.00098,0.00021,-0.00057,0.13805,0.02470,-0.97482,0.04923,0.00723,0.00049,0.10439,-0.04499,-0.82235,0.00728,0.02643,0.00011,-0.00003,0.00002,-0.00001,6.000,6.000,12.000,12.000,6.000,6.000,6.000,6.000,12.000,12.000,6.000,6.000,6.000,6.000,6.000,6.000,0.004443,0.009439,0.004200,0.009795,0.004200,0.005345,0.004928,0.004277,0.000000,0.000431,0.000000,0.000000,0.543014,0.456986,0.000000,0.000000,0.000000,0.021778,0.020165
0.2200,-0.00077,0.00640,0.48023,1.00000,0.00001,-0.00007,-0.00001,0.00531,0.00459,0.31458,0.31446,0.00015,0.00992,2,0.03484,0.00015,0.034818,-0.00014,-0.0614,-0.0004,0.0130,0.0038,-0.0295,-0.0181,-0.0745,0,0.04900,0.01900,0.0022,0.0032,0.005334,0.049998,0.0454,0.0182,35.3298,0.0416,0.0224,35.2982,0.0410,0.0070,29.5148,0.0403,0.0401,29.7415,0.001082,0.000322,35.3298,0.001114,0.000318,35.2982,-0.000144,-0.000243,29.5148,-0.000054,-0.000287,29.7415,-0.00054,-0.02316,-0.36237,0.71734,-0.35473,0.02305,0.00063,-0.02135,-0.36273,0.71823,-0.35532,0.02146,0.00103,0.00019,0.00100,0.00021,-0.00059,0.14452,0.02626,-0.97875,0.04883,0.00668,0.00050,0.10925,-0.04657,-0.81974,0.00519,0.02669,0.00010,-0.00004,0.00000,-0.00002,6.000,6.000,12.000,12.000,6.000,6.000,6.000,6.000,12.000,12.000,6.000,6.000,6.000,6.000,6.000,6.000,0.004430,0.009584,0.004200,0.009919,0.004200,0.005469,0.004889,0.004464,0.000000,0.000406,0.000000,0.000000,0.544898,0.455102,0.000000,0.000000,0.000000,0.022413,0.020811
0.2250,-0.00080,0.00659,0.48023,1.00000,0.00001,-0.00006,-0.00001,0.00528,0.00473,0.31457,0.31446,0.00014,0.01004,2,0.03484,0.00014,0.034818,-0.00014,-0.0614,-0.0004,0.0134,0.0024,-0.0295,-0.0184,-0.0740,0,0.04900,0.01900,0.0022,0.0031,0.005316,0.050018,0.0467,0.0139,35.4496,0.0430,0.0180,35.4201,0.0422,0.0022,29.3950,0.0417,0.0349,29.6196,0.001066,0.000342,35.4496,0.001097,0.000338,35.4201,-0.000217,-0.000246,29.3950,-0.000129,-0.000289,29.6196,-0.00054,-0.02381,-0.36249,0.71721,-0.35451,0.02369,0.00063,-0.02201,-0.36287,0.71816,-0.35513,0.02211,0.00105,0.00019,0.00101,0.00021,-0.00061,0.15094,0.02782,-0.98256,0.04848,0.00613,0.00052,0.11400,-0.04809,-0.81714,0.00319,0.02697,0.00008,-0.00005,-0.00001,-0.00003,6.000,6.000,12.000,12.000,6.000,6.000,6.000,6.000,12.000,12.000,6.000,6.000,6.000,6.000,6.000,6.000,0.004418,0.009728,0.004200,0.010043,0.004200,0.005593,0.004853,0.004648,0.000000,0.000383,0.000000,0.000000,0.546748,0.453252,0.000000,0.000000,0.000000,0.023049,0.021458
0.2300,-0.00083,0.00678,0.48023,1.00000,0.00001,-0.00006,-0.00001,0.00526,0.00487,0.31457,0.31446,0.00013,0.01017,2,0.03484,0.00013,0.034817,-0.00013,-0.0613,-0.0004,0.0137,0.0012,-0.0295,-0.0187,-0.0735,0,0.04900,0.01900,0.0022,0.0030,0.005300,0.050037,0.0479,0.0099,35.5672,0.0443,0.0138,35.5398,0.0432,-0.0023,29.2774,0.0429,0.0301,29.5000,0.001051,0.000361,35.5672,0.001081,0.000357,35.5398,-0.000286,-0.000251,29.2774,-0.000201,-0.000293,29.5000,-0.00054,-0.02446,-0.36260,0.71708,-0.35428,0.02432,0.00063,-0.02266,-0.36300,0.71808,-0.35494,0.02275,0.00107,0.00019,0.00103,0.00022,-0.00063,0.15729,0.02937,-0.98627,0.04817,0.00558,0.00054,0.11867,-0.04958,-0.81456,0.00126,0.02726,0.00007,-0.00006,-0.00002,-0.00004,6.000,6.000,12.000,12.000,6.000,6.000,6.000,6.000,12.000,12.000,6.000,6.000,6.000,6.000,6.000,6.000,0.004406,0.009871,0.004200,0.010168,0.004200,0.005717,0.004818,0.004829,0.000000,0.000361,0.000000,0.000000,0.548563,0.451437,0.000000,0.000000,0.000000,0.023686,0.022106
0.2350,-0.00086,0.00697,0.48023,1.00000,0.00001,-0.00005,-0.00001,0.00524,0.00501,0.31457,0.31446,0.00011,0.01029,2,0.03484,0.00011,0.034816,-0.00013,-0.0612,-0.0004,0.0140,-0.0000,-0.0295,-0.0189,-0.0729,0,0.04900,0.01900,0.0022,0.0029,0.005285,0.050056,0.0489,0.0063,35.6828,0.0454,0.0101,35.6573,0.0441,-0.0064,29.1619,0.0439,0.0257,29.3825,0.001039,0.000380,35.6828,0.001067,0.000376,35.6573,-0.000353,-0.000256,29.1619,-0.000271,-0.000298,29.3825,-0.00054,-0.02511,-0.36270,0.71695,-0.35406,0.02496,0.00063,-0.02331,-0.36313,0.71800,-0.35475,0.02340,0.00109,0.00019,0.00105,0.00022,-0.00065,0.16360,0.03092,-0.98987,0.04791,0.00502,0.00055,0.12325,-0.05102,-0.81198,-0.00059,0.02757,0.00006,-0.00007,-0.00003,-0.00004,6.000,6.000,12.000,12.000,6.000,6.000,6.000,6.000,12.000,12.000,6.000,6.000,6.000,6.000,6.000,6.000,0.004395,0.010013,0.004200,0.010292,0.004200,0.005842,0.004786,0.005006,0.000000,0.000340,0.000000,0.000000,0.550347,0.449653,0.000000,0.000000,0.000000,0.024324,0.022755
0.2400,-0.00089,0.00716,0.48023,1.00000,0.00001,-0.00005,-0.00001,0.00521,0.00515,0.31457,0.31446,0.00010,0.01042,2,0.03484,0.00010,0.034816,-0.00013,-0.0611,-0.0004,0.0143,-0.0011,-0.0295,-0.0192,-0.0724,0,0.04900,0.01900,0.0022,0.0028,0.005273,0.050074,0.0497,0.0029,35.7965,0.0464,0.0067,35.7728,0.0448,-0.0102,29.0482,0.0448,0.0215,29.2672,0.001028,0.000399,35.7965,0.001054,0.000394,35.7728,-0.000418,-0.000263,29.0482,-0.000337,-0.000304,29.2672,-0.00054,-0.02576,-0.36280,0.71682,-0.35384,0.02560,0.00063,-0.02396,-0.36325,0.71791,-0.35456,0.02406,0.00111,0.00019,0.00107,0.00022,-0.00067,0.16986,0.03247,-0.99338,0.04768,0.00446,0.00057,0.12774,-0.05242,-0.80942,-0.00236,0.02789,0.00005,-0.00007,-0.00004,-0.00005,6.000,6.000,12.000,12.000,6.000,6.000,6.000,6.000,12.000,12.000,6.000,6.000,6.000,6.000,6.000,6.000,0.004385,0.010154,0.004200,0.010416,0.004200,0.005966,0.004755,0.005181,0.000000,0.000321,0.000000,0.000000,0.552102,0.447898,0.000000,0.000000,0.000000,0.024963,0.023405
0.2450,-0.00092,0.00735,0.48022,1.00000,0.00002,-0.00004,-0.00001,0.00519,0.00529,0.31457,0.31446,0.00009,0.01054,2,0.03484,0.00009,0.034815,-0.00012,-0.0610,-0.0004,0.0144,-0.0021,-0.0295,-0.0194,-0.0719,0,0.04900,0.01900,0.0022,0.0028,0.005262,0.050092,0.0504,-0.0001,35.9083,0.0472,0.0036,35.8863,0.0454,-0.0138,28.9364,0.0455,0.0177,29.1537,0.001019,0.000417,35.9083,0.001044,0.000412,35.8863,-0.000480,-0.000271,28.9364,-0.000401,-0.000311,29.1537,-0.00054,-0.02642,-0.36290,0.71668,-0.35362,0.02624,0.00063,-0.02462,-0.36337,0.71782,-0.35437,0.02471,0.00113,0.00019,0.00108,0.00022,-0.00069,0.17607,0.03401,-0.99680,0.04750,0.00390,0.00059,0.13214,-0.05379,-0.80686,-0.00407,0.02823,0.00005,-0.00008,-0.00004,-0.00005,6.000,6.000,12.000,12.000,6.000,6.000,6.000,6.000,12.000,12.000,6.000,6.000,6.000,6.000,6.000,6.000,0.004375,0.010294,0.004200,0.010540,0.004200,0.006090,0.004726,0.005352,0.000000,0.000302,0.000000,0.000000,0.553828,0.446172,0.000000,0.000000,0.000000,0.025602,0.024055
0.2500,-0.00094,0.00754,0.48022,1.00000,0.00002,-0.00003,-0.00001,0.00517,0.00543,0.31457,0.31446,0.00008,0.01066,2,0.03484,0.00008,0.034814,-0.00012,-0.0609,-0.0004,0.0146,-0.0030,-0.0295,-0.0195,-0.0714,0,0.04900,0.01900,0.0022,0.0028,0.005253,0.050110,0.0509,-0.0028,36.0184,0.0479,0.0007,35.9980,0.0458,-0.0170,28.8264,0.0461,0.0141,29.0421,0.001011,0.000434,36.0184,0.001034,0.000430,35.9980,-0.000540,-0.000280,28.8264,-0.000463,-0.000320,29.0421,-0.00054,-0.02707,-0.36299,0.71654,-0.35340,0.02688,0.00064,-0.02527,-0.36348,0.71773,-0.35418,0.02536,0.00115,0.00019,0.00110,0.00022,-0.00071,0.18225,0.03555,-1.00012,0.04734,0.00333,0.00061,0.13647,-0.05512,-0.80432,-0.00571,0.02859,0.00005,-0.00008,-0.00005,-0.00006,6.000,6.000,12.000,12.000,6.000,6.000,6.000,6.000,12.000,12.000,6.000,6.000,6.000,6.000,6.000,6.000,0.004366,0.010434,0.004200,0.010665,0.004200,0.006215,0.004699,0.005521,0.000000,0.000285,0.000000,0.000000,0.555528,0.444472,0.000000,0.000000,0.000000,0.026241,0.024706
0.2550,-0.00097,0.00773,0.48022,1.00000,0.00002,-0.00003,-0.00001,0.00514,0.00557,0.31457,0.31446,0.00007,0.01079,2,0.03484,0.00007,0.034814,-0.00012,-0.0608,-0.0004,0.0147,-0.0038,-0.0295,-0.0197,-0.0709,0,0.04900,0.01900,0.0022,0.0028,0.005245,0.050127,0.0514,-0.0053,36.1269,0.0484,-0.0018,36.1080,0.0461,-0.0201,28.7179,0.0466,0.0109,28.9322,0.001005,0.000451,36.1269,0.001027,0.000447,36.1080,-0.000598,-0.000290,28.7179,-0.000523,-0.000329,28.9322,-0.00054,-0.02772,-0.36308,0.71640,-0.35318,0.02752,0.00064,-0.02592,-0.36359,0.71763,-0.35399,0.02601,0.00117,0.00019,0.00112,0.00022,-0.00073,0.18838,0.03708,-1.00337,0.04723,0.00276,0.00062,0.14073,-0.05642,-0.80178,-0.00730,0.02896,0.00005,-0.00009,-0.00005,-0.00006,6.000,6.000,12.000,12.000,6.000,6.000,6.000,6.000,12.000,12.000,6.000,6.000,6.000,6.000,6.000,6.000,0.004358,0.010572,0.004200,0.010789,0.004200,0.006339,0.004673,0.005688,0.000000,0.000268,0.000000,0.000000,0.557202,0.442798,0.000000,0.000000,0.000000,0.026880,0.025357
0.2600,-0.00100,0.00791,0.48022,1.00000,0.00002,-0.00002,-0.00001,0.00512,0.00570,0.31457,0.31446,0.00006,0.01091,2,0.03484,0.00006,0.034813,-0.00012,-0.0607,-0.0004,0.0148,-0.0046,-0.0295,-0.0198,-0.0704,0,0.04900,0.01900,0.0023,0.0028,0.005238,0.050144,0.0517,-0.0076,36.2339,0.0489,-0.0041,36.2164,0.0463,-0.0229,28.6110,0.0469,0.0078,28.8239,0.001000,0.000468,36.2339,0.001020,0.000464,36.2164,-0.000654,-0.000301,28.6110,-0.000580,-0.000339,28.8239,-0.00054,-0.02837,-0.36316,0.71625,-0.35296,0.02816,0.00064,-0.02657,-0.36369,0.71753,-0.35380,0.02666,0.00119,0.00019,0.00113,0.00022,-0.00075,0.19448,0.03861,-1.00654,0.04714,0.00218,0.00064,0.14491,-0.05769,-0.79925,-0.00882,0.02934,0.00005,-0.00009,-0.00005,-0.00007,6.000,6.000,12.000,12.000,6.000,6.000,6.000,6.000,12.000,12.000,6.000,6.000,6.000,6.000,6.000,6.000,0.004350,0.010709,0.004200,0.010913,0.004200,0.006463,0.004649,0.005852,0.000000,0.000253,0.000000,0.000000,0.558853,0.441147,0.000000,0.000000,0.000000,0.027519,0.026009
0.2650,-0.00102,0.00810,0.48022,1.00000,0.00002,-0.00002,-0.00001,0.00510,0.00584,0.31457,0.31446,0.00005,0.01104,2,0.03484,0.00005,0.034813,-0.00011,-0.0606,-0.0004,0.0148,-0.0053,-0.0295,-0.0199,-0.0699,0,0.04900,0.01900,0.0023,0.0028,0.005233,0.050161,0.0519,-0.0096,36.3394,0.0492,-0.0062,36.3232,0.0465,-0.0254,28.5055,0.0472,0.0050,28.7172,0.000996,0.000485,36.3394,0.001015,0.000480,36.3232,-0.000708,-0.000313,28.5055,-0.000636,-0.000350,28.7172,-0.00054,-0.02902,-0.36324,0.71610,-0.35274,0.02880,0.00064,-0.02723,-0.36379,0.71743,-0.35361,0.02731,0.00121,0.00019,0.00115,0.00022,-0.00077,0.20055,0.04014,-1.00963,0.04709,0.00160,0.00066,0.14903,-0.05894,-0.79673,-0.01029,0.02974,0.00005,-0.00009,-0.00004,-0.00007,6.000,6.000,12.000,12.000,6.000,6.000,6.000,6.000,12.000,12.000,6.000,6.000,6.000,6.000,6.000,6.000,0.004342,0.010846,0.004200,0.011037,0.004200,0.006587,0.004626,0.006014,0.000000,0.000238,0.000000,0.000000,0.560482,0.439518,0.000000,0.000000,0.000000,0.028158,0.026661
0.2700,-0.00105,0.00829,0.48022,1.00000,0.00002,-0.00001,-0.00001,0.00508,0.00598,0.31457,0.31446,0.00004,0.01116,2,0.03484,0.00004,0.034812,-0.00011,-0.0605,-0.0004,0.0149,-0.0059,-0.0295,-0.0200,-0.0694,0,0.04900,0.01900,0.0023,0.0028,0.005229,0.050177,0.0520,-0.0114,36.4436,0.0494,-0.0081,36.4286,0.0465,-0.0278,28.4014,0.0473,0.0024,28.6119,0.000993,0.000502,36.4436,0.001011,0.000497,36.4286,-0.000760,-0.000326,28.4014,-0.000690,-0.000362,28.6119,-0.00054,-0.02967,-0.36331,0.71595,-0.35252,0.02943,0.00064,-0.02788,-0.36388,0.71732,-0.35343,0.02796,0.00123,0.00019,0.00117,0.00022,-0.00079,0.20658,0.04165,-1.01266,0.04706,0.00102,0.00068,0.15308,-0.06016,-0.79422,-0.01171,0.03015,0.00006,-0.00009,-0.00004,-0.00007,6.000,6.000,12.000,12.000,6.000,6.000,6.000,6.000,12.000,12.000,6.000,6.000,6.000,6.000,6.000,6.000,0.004335,0.010982,0.004200,0.011162,0.004200,0.006712,0.004604,0.006174,0.000000,0.000224,0.000000,0.000000,0.562090,0.437910,0.000000,0.000000,0.000000,0.028796,0.027312
0.2750,-0.00107,0.00848,0.48022,1.00000,0.00002,-0.00001,-0.00001,0.00506,0.00612,0.31457,0.31446,0.00004,0.01129,2,0.03484,0.00004,0.034811,-0.00011,-0.0604,-0.0004,0.0149,-0.0065,-0.0294,-0.0201,-0.0689,0,0.04900,0.01900,0.0023,0.0028,0.005226,0.050193,0.0521,-0.0130,36.5464,0.0495,-0.0097,36.5327,0.0464,-0.0300,28.2986,0.0474,-0.0000,28.5079,0.000991,0.000518,36.5465,0.001008,0.000513,36.5327,-0.000811,-0.000340,28.2986,-0.000742,-0.000375,28.5079,-0.00054,-0.03031,-0.36338,0.71579,-0.35231,0.03007,0.00064,-0.02853,-0.36397,0.71721,-0.35324,0.02862,0.00125,0.00019,0.00118,0.00021,-0.00081,0.21259,0.04317,-1.01562,0.04706,0.00043,0.00070,0.15706,-0.06135,-0.79171,-0.01308,0.03057,0.00006,-0.00010,-0.00003,-0.00007,6.000,6.000,12.000,12.000,6.000,6.000,6.000,6.000,12.000,12.000,6.000,6.000,6.000,6.000,6.000,6.000,0.004328,0.011118,0.004200,0.011286,0.004200,0.006836,0.004584,0.006332,0.000000,0.000211,0.000000,0.000000,0.563678,0.436322,0.000000,0.000000,0.000000,0.029435,0.027964
0.2800,-0.00110,0.00867,0.48022,1.00000,0.00002,-0.00001,-0.00001,0.00504,0.00626,0.31457,0.31446,0.00004,0.01141,2,0.03484,0.00004,0.034811,-0.00011,-0.0603,-0.0004,0.0148,-0.0070,-0.0294,-0.0201,-0.0684,0,0.04900,0.01900,0.0023,0.0028,0.005223,0.050209,0.0520,-0.0145,36.6481,0.0496,-0.0112,36.6355,0.0463,-0.0320,28.1970,0.0474,-0.0023,28.4053,0.000990,0.000534,36.6481,0.001006,0.000529,36.6355,-0.000860,-0.000354,28.1970,-0.000792,-0.000389,28.4053,-0.00054,-0.03096,-0.36344,0.71563,-0.35209,0.03071,0.00064,-0.02918,-0.36405,0.71709,-0.35305,0.02927,0.00127,0.00019,0.00120,0.00021,-0.00084,0.21857,0.04467,-1.01851,0.04709,-0.00016,0.00072,0.16099,-0.06253,-0.78921,-0.01440,0.03101,0.00007,-0.00010,-0.00003,-0.00008,6.000,6.000,12.000,12.000,6.000,6.000,6.000,6.000,12.000,12.000,6.000,6.000,6.000,6.000,6.000,6.000,0.004322,0.011253,0.004200,0.011410,0.004200,0.006960,0.004564,0.006488,0.000000,0.000199,0.000000,0.000000,0.565247,0.434753,0.000000,0.000000,0.000000,0.030073,0.028616
0.2850,-0.00112,0.00886,0.48021,1.00000,0.00002,-0.00000,-0.00001,0.00502,0.00640,0.31457,0.31446,0.00004,0.01153,2,0.03485,0.00004,0.034810,-0.00011,-0.0602,-0.0004,0.0148,-0.0075,-0.0294,-0.0202,-0.0680,0,0.04900,0.01900,0.0023,0.0028,0.005222,0.050225,0.0519,-0.0157,36.7486,0.0496,-0.0125,36.7370,0.0461,-0.0339,28.0966,0.0473,-0.0043,28.3038,0.000990,0.000550,36.7486,0.001005,0.000544,36.7370,-0.000907,-0.000369,28.0966,-0.000841,-0.000404,28.3038,-0.00054,-0.03161,-0.36350,0.71547,-0.35188,0.03135,0.00064,-0.02983,-0.36413,0.71697,-0.35287,0.02992,0.00129,0.00018,0.00122,0.00021,-0.00086,0.22453,0.04617,-1.02135,0.04714,-0.00076,0.00074,0.16485,-0.06368,-0.78672,-0.01568,0.03145,0.00008,-0.00010,-0.00002,-0.00008,6.000,6.000,12.000,12.000,6.000,6.000,6.000,6.000,12.000,12.000,6.000,6.000,6.000,6.000,6.000,6.000,0.004315,0.011387,0.004200,0.011535,0.004200,0.007085,0.004546,0.006642,0.000000,0.000187,0.000000,0.000000,0.566798,0.433202,0.000000,0.000000,0.000000,0.030710,0.029267
0.2900,-0.00114,0.00904,0.48021,1.00000,0.00002,0.00000,-0.00001,0.00500,0.00654,0.31457,0.31446,0.00004,0.01166,2,0.03485,0.00004,0.034810,-0.00010,-0.0601,-0.0004,0.0147,-0.0079,-0.0294,-0.0202,-0.0675,0,0.04900,0.01900,0.0023,0.0028,0.005222,0.050240,0.0517,-0.0168,36.8480,0.0495,-0.0136,36.8374,0.0458,-0.0356,27.9972,0.0471,-0.0062,28.2035,0.000990,0.000565,36.8480,0.001005,0.000560,36.8374,-0.000953,-0.000386,27.9972,-0.000888,-0.000419,28.2035,-0.00054,-0.03226,-0.36356,0.71530,-0.35167,0.03198,0.00065,-0.03047,-0.36420,0.71685,-0.35268,0.03057,0.00130,0.00018,0.00123,0.00021,-0.00088,0.23047,0.04767,-1.02413,0.04722,-0.00136,0.00076,0.16866,-0.06482,-0.78423,-0.01692,0.03191,0.00009,-0.00010,-0.00001,-0.00008,6.000,6.000,12.000,12.000,6.000,6.000,6.000,6.000,12.000,12.000,6.000,6.000,6.000,6.000,6.000,6.000,0.004310,0.011521,0.004200,0.011659,0.004200,0.007209,0.004529,0.006795,0.000000,0.000176,0.000000,0.000000,0.568333,0.431667,0.000000,0.000000,0.000000,0.031347,0.029918
0.2950,-0.00117,0.00923,0.48021,1.00000,0.00002,0.00001,-0.00001,0.00498,0.00668,0.31457,0.31446,0.00004,0.01178,2,0.03485,0.00004,0.034809,-0.00010,-0.0600,-0.0004,0.0146,-0.0083,-0.0294,-0.0202,-0.0670,0,0.04900,0.01900,0.0023,0.0028,0.005222,0.050256,0.0515,-0.0178,36.9464,0.0493,-0.0145,36.9367,0.0455,-0.0371,27.8988,0.0469,-0.0080,28.1043,0.000992,0.000581,36.9464,0.001005,0.000575,36.9367,-0.000998,-0.000403,27.8988,-0.000934,-0.000436,28.1043,-0.00054,-0.03290,-0.36361,0.71513,-0.35146,0.03262,0.00065,-0.03112,-0.36427,0.71672,-0.35250,0.03122,0.00132,0.00018,0.00125,0.00021,-0.00090,0.23638,0.04915,-1.02686,0.04732,-0.00197,0.00078,0.17242,-0.06594,-0.78174,-0.01812,0.03239,0.00010,-0.00010,-0.00000,-0.00008,6.000,6.000,12.000,12.000,6.000,6.000,6.000,6.000,12.000,12.000,6.000,6.000,6.000,6.000,6.000,6.000,0.004304,0.011654,0.004200,0.011783,0.004200,0.007333,0.004513,0.006946,0.000000,0.000166,0.000000,0.000000,0.569852,0.430148,0.000000,0.000000,0.000000,0.031983,0.030569
0.3000,-0.00119,0.00942,0.48021,1.00000,0.00002,0.00001,-0.00001,0.00496,0.00682,0.31457,0.31446,0.00004,0.01191,2,0.03485,0.00004,0.034809,-0.00010,-0.0599,-0.0004,0.0145,-0.0086,-0.0294,-0.0202,-0.0665,0,0.04900,0.01900,0.0023,0.0028,0.005223,0.050271,0.0512,-0.0186,37.0439,0.0491,-0.0153,37.0350,0.0451,-0.0385,27.8015,0.0466,-0.0096,28.0061,0.000994,0.000597,37.0439,0.001006,0.000591,37.0350,-0.001042,-0.000420,27.8015,-0.000979,-0.000453,28.0061,-0.00054,-0.03355,-0.36365,0.71496,-0.35125,0.03325,0.00065,-0.03177,-0.36433,0.71659,-0.35232,0.03187,0.00134,0.00018,0.00126,0.00021,-0.00092,0.24228,0.05063,-1.02954,0.04744,-0.00259,0.00080,0.17612,-0.06704,-0.77927,-0.01928,0.03287,0.00011,-0.00010,0.00001,-0.00008,6.000,6.000,12.000,12.000,6.000,6.000,6.000,6.000,12.000,12.000,6.000,6.000,6.000,6.000,6.000,6.000,0.004299,0.011787,0.004200,0.011907,0.004200,0.007457,0.004497,0.007095,0.000000,0.000156,0.000000,0.000000,0.571357,0.428643,0.000000,0.000000,0.000000,0.032619,0.031219
0.3050,-0.00121,0.00960,0.48021,1.00000,0.00002,0.00001,-0.00001,0.00494,0.00696,0.31457,0.31446,0.00005,0.01203,2,0.03485,0.00005,0.034808,-0.00010,-0.0598,-0.0004,0.0144,-0.0089,-0.0294,-0.0202,-0.0660,0,0.04900,0.01900,0.0023,0.0028,0.005225,0.050287,0.0509,-0.0192,37.1404,0.0488,-0.0160,37.1324,0.0446,-0.0399,27.7050,0.0462,-0.0110,27.9088,0.000997,0.000612,37.1404,0.001008,0.000606,37.1324,-0.001084,-0.000439,27.7050,-0.001023,-0.000471,27.9088,-0.00054,-0.03419,-0.36369,0.71478,-0.35104,0.03389,0.00065,-0.03241,-0.36439,0.71646,-0.35214,0.03252,0.00136,0.00018,0.00128,0.00021,-0.00094,0.24816,0.05211,-1.03217,0.04757,-0.00320,0.00083,0.17977,-0.06813,-0.77679,-0.02041,0.03337,0.00012,-0.00010,0.00002,-0.00008,6.000,6.000,12.000,12.000,6.000,6.000,6.000,6.000,12.000,12.000,6.000,6.000,6.000,6.000,6.000,6.000,0.004294,0.011919,0.004200,0.012032,0.004200,0.007582,0.004483,0.007243,0.000000,0.000147,0.000000,0.000000,0.572847,0.427153,0.000000,0.000000,0.000000,0.033254,0.031869
0.3100,-0.00123,0.00979,0.48021,1.00000,0.00002,0.00002,-0.00001,0.00493,0.00710,0.31457,0.31446,0.00005,0.01216,2,0.03485,0.00005,0.034808,-0.00010,-0.0597,-0.0004,0.0143,-0.0092,-0.0294,-0.0202,-0.0656,0,0.04900,0.01900,0.0023,0.0028,0.005228,0.050302,0.0505,-0.0198,37.2361,0.0485,-0.0165,37.2288,0.0442,-0.0410,27.6094,0.0458,-0.0124,27.8125,0.001000,0.000627,37.2361,0.001011,0.000621,37.2288,-0.001126,-0.000458,27.6094,-0.001065,-0.000489,27.8125,-0.00054,-0.03483,-0.36373,0.71461,-0.35083,0.03452,0.00065,-0.03306,-0.36444,0.71632,-0.35195,0.03317,0.00137,0.00017,0.00129,0.00021,-0.00097,0.25402,0.05357,-1.03476,0.04773,-0.00383,0.00085,0.18337,-0.06920,-0.77433,-0.02151,0.03387,0.00013,-0.00010,0.00003,-0.00008,6.000,6.000,12.000,12.000,6.000,6.000,6.000,6.000,12.000,12.000,6.000,6.000,6.000,6.000,6.000,6.000,0.004290,0.012051,0.004200,0.012156,0.004200,0.007706,0.004469,0.007390,0.000000,0.000138,0.000000,0.000000,0.574324,0.425676,0.000000,0.000000,0.000000,0.033888,0.032518
0.3150,-0.00125,0.00998,0.48021,1.00000,0.00002,0.00002,-0.00001,0.00491,0.00723,0.31457,0.31446,0.00005,0.01228,2,0.03485,0.00005,0.034807,-0.00010,-0.0596,-0.0004,0.0141,-0.0094,-0.0294,-0.0202,-0.0651,0,0.04900,0.01900,0.0023,0.0029,0.005231,0.050317,0.0500,-0.0202,37.3310,0.0481,-0.0170,37.3244,0.0436,-0.0421,27.5146,0.0454,-0.0137,27.7170,0.001004,0.000643,37.3310,0.001014,0.000636,37.3244,-0.001166,-0.000478,27.5146,-0.001106,-0.000508,27.7170,-0.00054,-0.03547,-0.36376,0.71442,-0.35063,0.03515,0.00065,-0.03370,-0.36449,0.71618,-0.35177,0.03381,0.00139,0.00017,0.00131,0.00021,-0.00099,0.25987,0.05503,-1.03730,0.04791,-0.00446,0.00087,0.18693,-0.07026,-0.77186,-0.02257,0.03439,0.00015,-0.00010,0.00004,-0.00008,6.000,6.000,12.000,12.000,6.000,6.000,6.000,6.000,12.000,12.000,6.000,6.000,6.000,6.000,6.000,6.000,0.004286,0.012182,0.004200,0.012280,0.004200,0.007830,0.004456,0.007536,0.000000,0.000130,0.000000,0.000000,0.575788,0.424212,0.000000,0.000000,0.000000,0.034521,0.033166
0.3200,-0.00127,0.01016,0.48021,1.00000,0.00003,0.00002,-0.00001,0.00489,0.00737,0.31457,0.31446,0.00005,0.01240,2,0.03485,0.00005,0.034807,-0.00010,-0.0595,-0.0004,0.0140,-0.0096,-0.0294,-0.0202,-0.0646,0,0.04900,0.01900,0.0023,0.0029,0.005235,0.050332,0.0496,-0.0205,37.4251,0.0477,-0.0173,37.4192,0.0431,-0.0431,27.4205,0.0449,-0.0148,27.6223,0.001009,0.000658,37.4251,0.001018,0.000651,37.4192,-0.001205,-0.000498,27.4205,-0.001146,-0.000528,27.6223,-0.00054,-0.03611,-0.36379,0.71424,-0.35042,0.03578,0.00065,-0.03435,-0.36454,0.71603,-0.35159,0.03446,0.00141,0.00017,0.00132,0.00020,-0.00101,0.26571,0.05649,-1.03981,0.04810,-0.00510,0.00089,0.19044,-0.07131,-0.76940,-0.02360,0.03492,0.00016,-0.00010,0.00006,-0.00008,6.000,6.000,12.000,12.000,6.000,6.000,6.000,6.000,12.000,12.000,6.000,6.000,6.000,6.000,6.000,6.000,0.004281,0.012313,0.004200,0.012404,0.004200,0.007955,0.004444,0.007680,0.000000,0.000122,0.000000,0.000000,0.577241,0.422759,0.000000,0.000000,0.000000,0.035153,0.033814
0.3250,-0.00129,0.01035,0.48021,1.00000,0.00003,0.00003,-0.00001,0.00487,0.00751,0.31457,0.31446,0.00005,0.01253,2,0.03485,0.00005,0.034806,-0.00010,-0.0594,-0.0004,0.0138,-0.0098,-0.0294,-0.0202,-0.0641,0,0.04900,0.01900,0.0022,0.0029,0.005239,0.050347,0.0491,-0.0208,37.5184,0.0473,-0.0175,37.5132,0.0425,-0.0440,27.3272,0.0444,-0.0159,27.5284,0.001014,0.000673,37.5184,0.001023,0.000666,37.5132,-0.001244,-0.000520,27.3272,-0.001186,-0.000549,27.5284,-0.00054,-0.03675,-0.36381,0.71405,-0.35022,0.03641,0.00066,-0.03499,-0.36458,0.71589,-0.35141,0.03511,0.00142,0.00017,0.00134,0.00020,-0.00103,0.27154,0.05793,-1.04227,0.04830,-0.00574,0.00092,0.19391,-0.07235,-0.76694,-0.02461,0.03546,0.00017,-0.00010,0.00007,-0.00008,6.000,6.000,12.000,12.000,6.000,6.000,6.000,6.000,12.000,12.000,6.000,6.000,6.000,6.000,6.000,6.000,0.004278,0.012444,0.004200,0.012529,0.004200,0.008079,0.004432,0.007824,0.000000,0.000115,0.000000,0.000000,0.578683,0.421317,0.000000,0.000000,0.000000,0.035784,0.034462
0.3300,-0.00131,0.01054,0.48021,1.00000,0.00003,0.00003,-0.00001,0.00486,0.00765,0.31457,0.31446,0.00006,0.01265,2,0.03485,0.00006,0.034806,-0.00009,-0.0593,-0.0004,0.0136,-0.0099,-0.0294,-0.0202,-0.0637,0,0.04900,0.01900,0.0022,0.0029,0.005244,0.050363,0.0485,-0.0209,37.6111,0.0468,-0.0176,37.6064,0.0419,-0.0449,27.2346,0.0439,-0.0168,27.4352,0.001019,0.000688,37.6111,0.001027,0.000681,37.6064,-0.001282,-0.000542,27.2346,-0.001224,-0.000570,27.4352,-0.00054,-0.03739,-0.36383,0.71386,-0.35001,0.03704,0.00066,-0.03563,-0.36461,0.71573,-0.35124,0.03575,0.00144,0.00017,0.00135,0.00020,-0.00106,0.27736,0.05937,-1.04470,0.04853,-0.00638,0.00094,0.19733,-0.07338,-0.76449,-0.02559,0.03601,0.00019,-0.00009,0.00008,-0.00007,6.000,6.000,12.000,12.000,6.000,6.000,6.000,6.000,12.000,12.000,6.000,6.000,6.000,6.000,6.000,6.000,0.004274,0.012574,0.004200,0.012653,0.004200,0.008203,0.004421,0.007966,0.000000,0.000108,0.000000,0.000000,0.580114,0.419886,0.000000,0.000000,0.000000,0.036415,0.035108
0.3350,-0.00133,0.01072,0.48020,1.00000,0.00003,0.00003,-0.00002,0.00484,0.00779,0.31457,0.31446,0.00006,0.01278,2,0.03485,0.00006,0.034805,-0.00009,-0.0592,-0.0004,0.0135,-0.0100,-0.0293,-0.0201,-0.0632,0,0.04900,0.01900,0.0022,0.0029,0.005249,0.050378,0.0480,-0.0210,37.7032,0.0463,-0.0176,37.6990,0.0412,-0.0456,27.1426,0.0433,-0.0177,27.3427,0.001025,0.000704,37.7032,0.001033,0.000697,37.6990,-0.001319,-0.000564,27.1426,-0.001262,-0.000592,27.3427,-0.00054,-0.03803,-0.36385,0.71367,-0.34981,0.03767,0.00066,-0.03627,-0.36465,0.71558,-0.35106,0.03640,0.00146,0.00016,0.00136,0.00020,-0.00108,0.28317,0.06080,-1.04709,0.04876,-0.00704,0.00096,0.20071,-0.07440,-0.76204,-0.02654,0.03657,0.00020,-0.00009,0.00010,-0.00007,6.000,6.000,12.000,12.000,6.000,6.000,6.000,6.000,12.000,12.000,6.000,6.000,6.000,6.000,6.000,6.000,0.004271,0.012704,0.004200,0.012777,0.004200,0.008328,0.004411,0.008107,0.000000,0.000102,0.000000,0.000000,0.581535,0.418465,0.000000,0.000000,0.000000,0.037044,0.035754
0.3400,-0.00135,0.01091,0.48020,1.00000,0.00003,0.00004,-0.00002,0.00483,0.00792,0.31457,0.31446,0.00007,0.01290,2,0.03485,0.00007,0.034805,-0.00009,-0.0590,-0.0004,0.0133,-0.0101,-0.0293,-0.0201,-0.0628,0,0.04900,0.01900,0.0022,0.0028,0.005254,0.050393,0.0474,-0.0210,37.7946,0.0458,-0.0176,37.7910,0.0406,-0.0463,27.0512,0.0427,-0.0185,27.2508,0.001031,0.000719,37.7946,0.001038,0.000712,37.7910,-0.001355,-0.000587,27.0512,-0.001299,-0.000615,27.2508,-0.00054,-0.03867,-0.36386,0.71347,-0.34961,0.03830,0.00066,-0.03691,-0.36467,0.71542,-0.35088,0.03704,0.00147,0.00016,0.00138,0.00020,-0.00110,0.28897,0.06223,-1.04946,0.04902,-0.00770,0.00099,0.20406,-0.07541,-0.75960,-0.02747,0.03714,0.00022,-0.00009,0.00011,-0.00007,6.000,6.000,12.000,12.000,6.000,6.000,6.000,6.000,12.000,12.000,6.000,6.000,6.000,6.000,6.000,6.000,0.004267,0.012834,0.004200,0.012902,0.004200,0.008452,0.004401,0.008248,0.000000,0.000096,0.000000,0.000000,0.582947,0.417053,0.000000,0.000000,0.000000,0.037672,0.036399
0.3450,-0.00137,0.01109,0.48020,1.00000,0.00003,0.00004,-0.00002,0.00481,0.00806,0.31457,0.31446,0.00007,0.01303,2,0.03485,0.00007,0.034804,-0.00009,-0.0589,-0.0004,0.0131,-0.0102,-0.0293,-0.0201,-0.0623,0,0.04900,0.01900,0.0021,0.0028,0.005260,0.050408,0.0468,-0.0209,37.8855,0.0452,-0.0174,37.8824,0.0399,-0.0469,26.9604,0.0421,-0.0193,27.1596,0.001038,0.000734,37.8855,0.001044,0.000727,37.8824,-0.001390,-0.000611,26.9604,-0.001335,-0.000638,27.1596,-0.00054,-0.03930,-0.36387,0.71328,-0.34941,0.03893,0.00066,-0.03754,-0.36470,0.71526,-0.35071,0.03769,0.00149,0.00016,0.00139,0.00020,-0.00113,0.29477,0.06365,-1.05179,0.04928,-0.00836,0.00101,0.20736,-0.07641,-0.75715,-0.02838,0.03772,0.00023,-0.00009,0.00012,-0.00007,6.000,6.000,12.000,12.000,6.000,6.000,6.000,6.000,12.000,12.000,6.000,6.000,6.000,6.000,6.000,6.000,0.004264,0.012963,0.004200,0.013026,0.004200,0.008576,0.004392,0.008387,0.000000,0.000090,0.000000,0.000000,0.584350,0.415650,0.000000,0.000000,0.000000,0.038300,0.037044
0.3500,-0.00138,0.01128,0.48020,1.00000,0.00003,0.00004,-0.00002,0.00480,0.00820,0.31457,0.31446,0.00008,0.01315,2,0.03485,0.00008,0.034804,-0.00009,-0.0588,-0.0004,0.0129,-0.0103,-0.0293,-0.0200,-0.0619,0,0.04900,0.01900,0.0021,0.0028,0.005266,0.050423,0.0461,-0.0207,37.9758,0.0447,-0.0172,37.9732,0.0392,-0.0474,26.8701,0.0415,-0.0199,27.0689,0.001045,0.000750,37.9758,0.001051,0.000742,37.9732,-0.001425,-0.000636,26.8701,-0.001370,-0.000662,27.0689,-0.00054,-0.03994,-0.36387,0.71307,-0.34921,0.03955,0.00066,-0.03818,-0.36472,0.71510,-0.35053,0.03833,0.00150,0.00016,0.00140,0.00020,-0.00115,0.30056,0.06506,-1.05408,0.04956,-0.00904,0.00103,0.21063,-0.07740,-0.75471,-0.02927,0.03831,0.00025,-0.00009,0.00014,-0.00007,6.000,6.000,12.000,12.000,6.000,6.000,6.000,6.000,12.000,12.000,6.000,6.000,6.000,6.000,6.000,6.000,0.004261,0.013092,0.004200,0.013150,0.004200,0.008700,0.004384,0.008526,0.000000,0.000085,0.000000,0.000000,0.585745,0.414255,0.000000,0.000000,0.000000,0.038926,0.037688
0.3550,-0.00140,0.01146,0.48020,1.00000,0.00003,0.00005,-0.00002,0.00478,0.00833,0.31457,0.31446,0.00009,0.01327,2,0.03485,0.00009,0.034803,-0.00009,-0.0587,-0.0004,0.0127,-0.0103,-0.0293,-0.0200,-0.0615,0,0.04900,0.01900,0.0021,0.0028,0.005273,0.050438,0.0455,-0.0205,38.0657,0.0441,-0.0169,38.0634,0.0385,-0.0479,26.7804,0.0408,-0.0206,26.9787,0.001052,0.000765,38.0657,0.001058,0.000757,38.0634,-0.001460,-0.000661,26.7804,-0.001405,-0.000686,26.9787,-0.00054,-0.04057,-0.36387,0.71287,-0.34901,0.04018,0.00066,-0.03882,-0.36473,0.71493,-0.35036,0.03897,0.00152,0.00016,0.00141,0.00019,-0.00118,0.30635,0.06646,-1.05636,0.04984,-0.00972,0.00106,0.21385,-0.07839,-0.75227,-0.03013,0.03891,0.00026,-0.00008,0.00015,-0.00006,6.000,6.000,12.000,12.000,6.000,6.000,6.000,6.000,12.000,12.000,6.000,6.000,6.000,6.000,6.000,6.000,0.004259,0.013221,0.004200,0.013274,0.004200,0.008825,0.004375,0.008664,0.000000,0.000079,0.000000,0.000000,0.587131,0.412869,0.000000,0.000000,0.000000,0.039551,0.038331
0.3600,-0.00142,0.01164,0.48020,1.00000,0.00003,0.00005,-0.00002,0.00477,0.00847,0.31457,0.31446,0.00009,0.01340,2,0.03485,0.00009,0.034803,-0.00009,-0.0586,-0.0004,0.0125,-0.0103,-0.0293,-0.0200,-0.0610,0,0.04900,0.01900,0.0020,0.0028,0.005280,0.050454,0.0449,-0.0202,38.1550,0.0435,-0.0166,38.1532,0.0377,-0.0484,26.6911,0.0401,-0.0211,26.8890,0.001059,0.000780,38.1550,0.001065,0.000772,38.1532,-0.001493,-0.000686,26.6911,-0.001440,-0.000711,26.8890,-0.00054,-0.04120,-0.36387,0.71266,-0.34881,0.04080,0.00067,-0.03945,-0.36474,0.71476,-0.35018,0.03961,0.00153,0.00015,0.00143,0.00019,-0.00120,0.31213,0.06786,-1.05860,0.05014,-0.01040,0.00108,0.21705,-0.07937,-0.74984,-0.03098,0.03952,0.00028,-0.00008,0.00017,-0.00006,6.000,6.000,12.000,12.000,6.000,6.000,6.000,6.000,12.000,12.000,6.000,6.000,6.000,6.000,6.000,6.000,0.004256,0.013349,0.004200,0.013399,0.004200,0.008949,0.004368,0.008801,0.000000,0.000075,0.000000,0.000000,0.588511,0.411489,0.000000,0.000000,0.000000,0.040176,0.038973
0.3650,-0.00143,0.01183,0.48020,1.00000,0.00003,0.00005,-0.00002,0.00475,0.00861,0.31457,0.31446,0.00010,0.01352,2,0.03485,0.00010,0.034802,-0.00009,-0.0585,-0.0004,0.0122,-0.0104,-0.0293,-0.0199,-0.0606,0,0.04900,0.01900,0.0020,0.0028,0.005287,0.050469,0.0442,-0.0198,38.2439,0.0429,-0.0162,38.2424,0.0370,-0.0488,26.6023,0.0395,-0.0216,26.7999,0.001067,0.000796,38.2439,0.001072,0.000787,38.2424,-0.001527,-0.000713,26.6023,-0.001473,-0.000737,26.7999,-0.00054,-0.04183,-0.36386,0.71245,-0.34861,0.04142,0.00067,-0.04009,-0.36475,0.71458,-0.35001,0.04025,0.00155,0.00015,0.00144,0.00019,-0.00123,0.31791,0.06925,-1.06082,0.05045,-0.01109,0.00111,0.22021,-0.08035,-0.74740,-0.03181,0.04014,0.00030,-0.00008,0.00018,-0.00006,6.000,6.000,12.000,12.000,6.000,6.000,6.000,6.000,12.000,12.000,6.000,6.000,6.000,6.000,6.000,6.000,0.004254,0.013478,0.004200,0.013523,0.004200,0.009073,0.004360,0.008937,0.000000,0.000070,0.000000,0.000000,0.589883,0.410117,0.000000,0.000000,0.000000,0.040799,0.039614
0.3700,-0.00145,0.01201,0.48020,1.00000,0.00003,0.00005,-0.00002,0.00474,0.00874,0.31457,0.31446,0.00010,0.01365,2,0.03485,0.00010,0.034802,-0.00009,-0.0584,-0.0004,0.0120,-0.0104,-0.0293,-0.0199,-0.0602,0,0.04900,0.01900,0.0020,0.0028,0.005295,0.050484,0.0435,-0.0195,38.3324,0.0422,-0.0158,38.3312,0.0363,-0.0492,26.5139,0.0388,-0.0221,26.7111,0.001075,0.000811,38.3324,0.001080,0.000803,38.3312,-0.001560,-0.000739,26.5139,-0.001507,-0.000763,26.7111,-0.00054,-0.04246,-0.36384,0.71224,-0.34842,0.04204,0.00067,-0.04072,-0.36475,0.71441,-0.34983,0.04089,0.00156,0.00015,0.00145,0.00019,-0.00125,0.32369,0.07063,-1.06301,0.05077,-0.01179,0.00113,0.22333,-0.08132,-0.74497,-0.03262,0.04077,0.00031,-0.00008,0.00020,-0.00006,6.000,6.000,12.000,12.000,6.000,6.000,6.000,6.000,12.000,12.000,6.000,6.000,6.000,6.000,6.000,6.000,0.004251,0.013606,0.004200,0.013647,0.004200,0.009198,0.004353,0.009073,0.000000,0.000066,0.000000,0.000000,0.591249,0.408751,0.000000,0.000000,0.000000,0.041421,0.040254
0.3750,-0.00146,0.01219,0.48020,1.00000,0.00003,0.00006,-0.00002,0.00473,0.00888,0.31457,0.31446,0.00011,0.01377,2,0.03485,0.00011,0.034802,-0.00009,-0.0583,-0.0004,0.0118,-0.0103,-0.0293,-0.0198,-0.0598,0,0.04900,0.01900,0.0019,0.0028,0.005302,0.050500,0.0429,-0.0190,38.4204,0.0416,-0.0153,38.4196,0.0355,-0.0495,26.4259,0.0381,-0.0226,26.6228,0.001083,0.000827,38.4204,0.001087,0.000818,38.4196,-0.001592,-0.000767,26.4259,-0.001539,-0.000790,26.6228,-0.00054,-0.04309,-0.36383,0.71202,-0.34822,0.04266,0.00067,-0.04135,-0.36475,0.71423,-0.34966,0.04153,0.00157,0.00015,0.00146,0.00019,-0.00128,0.32947,0.07201,-1.06519,0.05110,-0.01250,0.00116,0.22642,-0.08229,-0.74255,-0.03342,0.04141,0.00033,-0.00007,0.00021,-0.00005,6.000,6.000,12.000,12.000,6.000,6.000,6.000,6.000,12.000,12.000,6.000,6.000,6.000,6.000,6.000,6.000,0.004249,0.013734,0.004200,0.013771,0.004200,0.009322,0.004347,0.009208,0.000000,0.000062,0.000000,0.000000,0.592609,0.407391,0.000000,0.000000,0.000000,0.042042,0.040894
0.3800,-0.00148,0.01238,0.48020,1.00000,0.00003,0.00006,-0.00002,0.00471,0.00901,0.31457,0.31446,0.00011,0.01390,2,0.03486,0.00011,0.034801,-0.00009,-0.0582,-0.0004,0.0116,-0.0103,-0.0293,-0.0198,-0.0594,0,0.04900,0.01900,0.0019,0.0028,0.005310,0.050515,0.0422,-0.0185,38.5081,0.0409,-0.0147,38.5076,0.0348,-0.0498,26.3383,0.0374,-0.0230,26.5350,0.001092,0.000843,38.5081,0.001095,0.000833,38.5076,-0.001624,-0.000795,26.3383,-0.001572,-0.000817,26.5350,-0.00054,-0.04372,-0.36381,0.71180,-0.34803,0.04328,0.00067,-0.04198,-0.36474,0.71404,-0.34949,0.04217,0.00159,0.00015,0.00148,0.00019,-0.00130,0.33525,0.07338,-1.06733,0.05144,-0.01321,0.00119,0.22948,-0.08325,-0.74012,-0.03419,0.04205,0.00034,-0.00007,0.00023,-0.00005,6.000,6.000,12.000,12.000,6.000,6.000,6.000,6.000,12.000,12.000,6.000,6.000,6.000,6.000,6.000,6.000,0.004247,0.013861,0.004200,0.013896,0.004200,0.009446,0.004341,0.009343,0.000000,0.000058,0.000000,0.000000,0.593963,0.406037,0.000000,0.000000,0.000000,0.042662,0.041533
0.3850,-0.00149,0.01256,0.48020,1.00000,0.00003,0.00006,-0.00002,0.00470,0.00915,0.31457,0.31446,0.00012,0.01402,2,0.03486,0.00012,0.034801,-0.00009,-0.0580,-0.0004,0.0114,-0.0103,-0.0292,-0.0197,-0.0590,0,0.04900,0.01900,0.0018,0.0027,0.005318,0.050531,0.0415,-0.0180,38.5954,0.0403,-0.0142,38.5952,0.0340,-0.0501,26.2510,0.0366,-0.0233,26.4474,0.001100,0.000858,38.5954,0.001104,0.000849,38.5952,-0.001656,-0.000823,26.2510,-0.001604,-0.000845,26.4474,-0.00054,-0.04435,-0.36378,0.71158,-0.34783,0.04390,0.00067,-0.04261,-0.36474,0.71386,-0.34932,0.04281,0.00160,0.00014,0.00149,0.00019,-0.00133,0.34103,0.07475,-1.06946,0.05179,-0.01393,0.00121,0.23251,-0.08421,-0.73769,-0.03496,0.04271,0.00036,-0.00007,0.00024,-0.00005,6.000,6.000,12.000,12.000,6.000,6.000,6.000,6.000,12.000,12.000,6.000,6.000,6.000,6.000,6.000,6.000,0.004245,0.013989,0.004200,0.014020,0.004200,0.009570,0.004335,0.009477,0.000000,0.000055,0.000000,0.000000,0.595311,0.404689,0.000000,0.000000,0.000000,0.043280,0.042171
0.3900,-0.00151,0.01274,0.48020,1.00000,0.00003,0.00006,-0.00002,0.00469,0.00928,0.31457,0.31446,0.00012,0.01414,2,0.03486,0.00012,0.034800,-0.00008,-0.0579,-0.0004,0.0112,-0.0102,-0.0292,-0.0197,-0.0586,0,0.04900,0.01900,0.0018,0.0027,0.005327,0.050546,0.0408,-0.0175,38.6824,0.0396,-0.0135,38.6824,0.0332,-0.0503,26.1641,0.0359,-0.0237,26.3603,0.001109,0.000874,38.6824,0.001112,0.000864,38.6824,-0.001687,-0.000853,26.1641,-0.001635,-0.000874,26.3603,-0.00054,-0.04497,-0.36376,0.71136,-0.34764,0.04451,0.00068,-0.04324,-0.36472,0.71367,-0.34915,0.04344,0.00162,0.00014,0.00150,0.00018,-0.00135,0.34682,0.07610,-1.07157,0.05214,-0.01465,0.00124,0.23551,-0.08517,-0.73527,-0.03571,0.04338,0.00037,-0.00006,0.00026,-0.00004,6.000,6.000,12.000,12.000,6.000,6.000,6.000,6.000,12.000,12.000,6.000,6.000,6.000,6.000,6.000,6.000,0.004244,0.014116,0.004200,0.014144,0.004200,0.009695,0.004329,0.009611,0.000000,0.000052,0.000000,0.000000,0.596654,0.403346,0.000000,0.000000,0.000000,0.043898,0.042808
0.3950,-0.00152,0.01292,0.48019,1.00000,0.00003,0.00006,-0.00002,0.00468,0.00942,0.31457,0.31446,0.00012,0.01427,2,0.03486,0.00012,0.034800,-0.00008,-0.0578,-0.0004,0.0109,-0.0102,-0.0292,-0.0196,-0.0582,0,0.04900,0.01900,0.0018,0.0027,0.005335,0.050562,0.0401,-0.0169,38.7690,0.0390,-0.0129,38.7693,0.0325,-0.0505,26.0775,0.0352,-0.0240,26.2735,0.001118,0.000890,38.7690,0.001121,0.000880,38.7693,-0.001718,-0.000882,26.0775,-0.001667,-0.000903,26.2735,-0.00054,-0.04560,-0.36373,0.71113,-0.34745,0.04513,0.00068,-0.04386,-0.36471,0.71348,-0.34898,0.04408,0.00163,0.00014,0.00151,0.00018,-0.00138,0.35260,0.07745,-1.07366,0.05251,-0.01539,0.00127,0.23848,-0.08612,-0.73285,-0.03644,0.04405,0.00039,-0.00006,0.00027,-0.00004,6.000,6.000,12.000,12.000,6.000,6.000,6.000,6.000,12.000,12.000,6.000,6.000,6.000,6.000,6.000,6.000,0.004242,0.014243,0.004200,0.014268,0.004200,0.009819,0.004324,0.009744,0.000000,0.000049,0.000000,0.000000,0.597992,0.402008,0.000000,0.000000,0.000000,0.044515,0.043444
0.4000,-0.00153,0.01310,0.48019,1.00000,0.00003,0.00007,-0.00002,0.00466,0.00955,0.31457,0.31446,0.00013,0.01439,2,0.03486,0.00013,0.034799,-0.00008,-0.0577,-0.0004,0.0107,-0.0101,-0.0292,-0.0196,-0.0578,0,0.04900,0.01900,0.0017,0.0027,0.005344,0.050578,0.0394,-0.0163,38.8554,0.0383,-0.0122,38.8559,0.0317,-0.0507,25.9912,0.0345,-0.0243,26.1870,0.001127,0.000906,38.8554,0.001129,0.000896,38.8559,-0.001749,-0.000913,25.9913,-0.001698,-0.000932,26.1870,-0.00054,-0.04622,-0.36369,0.71090,-0.34725,0.04574,0.00068,-0.04449,-0.36469,0.71328,-0.34881,0.04471,0.00164,0.00014,0.00152,0.00018,-0.00141,0.35839,0.07880,-1.07573,0.05288,-0.01613,0.00129,0.24141,-0.08707,-0.73043,-0.03717,0.04474,0.00041,-0.00006,0.00029,-0.00004,6.000,6.000,12.000,12.000,6.000,6.000,6.000,6.000,12.000,12.000,6.000,6.000,6.000,6.000,6.000,6.000,0.004240,0.014370,0.004200,0.014393,0.004200,0.009943,0.004319,0.009876,0.000000,0.000046,0.000000,0.000000,0.599325,0.400675,0.000000,0.000000,0.000000,0.045130,0.044079
0.4050,-0.00155,0.01329,0.48019,1.00000,0.00003,0.00007,-0.00002,0.00465,0.00969,0.31457,0.31446,0.00013,0.01452,2,0.03486,0.00013,0.034799,-0.00008,-0.0576,-0.0004,0.0105,-0.0100,-0.0292,-0.0195,-0.0574,0,0.04900,0.01900,0.0017,0.0027,0.005353,0.050594,0.0387,-0.0156,38.9415,0.0377,-0.0115,38.9421,0.0309,-0.0509,25.9052,0.0338,-0.0245,26.1008,0.001136,0.000922,38.9415,0.001138,0.000912,38.9421,-0.001779,-0.000943,25.9053,-0.001728,-0.000962,26.1008,-0.00054,-0.04685,-0.36365,0.71067,-0.34706,0.04636,0.00068,-0.04512,-0.36466,0.71308,-0.34864,0.04535,0.00165,0.00013,0.00153,0.00018,-0.00143,0.36418,0.08013,-1.07778,0.05325,-0.01688,0.00132,0.24432,-0.08802,-0.72801,-0.03788,0.04543,0.00042,-0.00005,0.00030,-0.00003,6.000,6.000,12.000,12.000,6.000,6.000,6.000,6.000,12.000,12.000,6.000,6.000,6.000,6.000,6.000,6.000,0.004239,0.014497,0.004200,0.014517,0.004200,0.010068,0.004315,0.010008,0.000000,0.000043,0.000000,0.000000,0.600654,0.399346,0.000000,0.000000,0.000000,0.045745,0.044714
0.4100,-0.00156,0.01347,0.48019,1.00000,0.00003,0.00007,-0.00002,0.00464,0.00982,0.31457,0.31446,0.00014,0.01464,2,0.03486,0.00014,0.034799,-0.00008,-0.0575,-0.0004,0.0103,-0.0100,-0.0292,-0.0195,-0.0571,0,0.04900,0.01900,0.0016,0.0026,0.005361,0.050610,0.0380,-0.0149,39.0273,0.0370,-0.0107,39.0281,0.0302,-0.0510,25.8195,0.0330,-0.0248,26.0149,0.001145,0.000938,39.0273,0.001147,0.000928,39.0281,-0.001810,-0.000975,25.8195,-0.001759,-0.000993,26.0149,-0.00055,-0.04747,-0.36361,0.71043,-0.34687,0.04697,0.00068,-0.04574,-0.36464,0.71288,-0.34847,0.04598,0.00167,0.00013,0.00154,0.00018,-0.00146,0.36998,0.08146,-1.07981,0.05364,-0.01763,0.00135,0.24720,-0.08896,-0.72559,-0.03858,0.04613,0.00044,-0.00005,0.00031,-0.00003,6.000,6.000,12.000,12.000,6.000,6.000,6.000,6.000,12.000,12.000,6.000,6.000,6.000,6.000,6.000,6.000,0.004237,0.014624,0.004200,0.014641,0.004200,0.010192,0.004310,0.010140,0.000000,0.000041,0.000000,0.000000,0.601979,0.398021,0.000000,0.000000,0.000000,0.046358,0.045348
0.4150,-0.00157,0.01365,0.48019,1.00000,0.00003,0.00007,-0.00002,0.00463,0.00995,0.31457,0.31446,0.00014,0.01477,2,0.03486,0.00014,0.034798,-0.00008,-0.0574,-0.0004,0.0101,-0.0099,-0.0292,-0.0194,-0.0567,0,0.04900,0.01900,0.0016,0.0026,0.005370,0.050626,0.0374,-0.0143,39.1128,0.0364,-0.0100,39.1138,0.0294,-0.0512,25.7341,0.0323,-0.0250,25.9292,0.001155,0.000955,39.1128,0.001156,0.000944,39.1138,-0.001840,-0.001007,25.7341,-0.001789,-0.001024,25.9292,-0.00055,-0.04809,-0.36357,0.71019,-0.34668,0.04758,0.00068,-0.04636,-0.36461,0.71268,-0.34830,0.04661,0.00168,0.00013,0.00155,0.00018,-0.00149,0.37578,0.08279,-1.08183,0.05403,-0.01839,0.00138,0.25006,-0.08990,-0.72318,-0.03927,0.04685,0.00045,-0.00005,0.00033,-0.00003,6.000,6.000,12.000,12.000,6.000,6.000,6.000,6.000,12.000,12.000,6.000,6.000,6.000,6.000,6.000,6.000,0.004236,0.014751,0.004200,0.014765,0.004200,0.010316,0.004306,0.010271,0.000000,0.000039,0.000000,0.000000,0.603299,0.396701,0.000000,0.000000,0.000000,0.046971,0.045981
0.4200,-0.00158,0.01383,0.48019,1.00000,0.00003,0.00007,-0.00002,0.00462,0.01009,0.31457,0.31446,0.00014,0.01489,2,0.03486,0.00014,0.034798,-0.00008,-0.0573,-0.0004,0.0099,-0.0098,-0.0292,-0.0194,-0.0564,0,0.04900,0.01900,0.0016,0.0026,0.005380,0.050642,0.0367,-0.0135,39.1981,0.0357,-0.0092,39.1993,0.0287,-0.0513,25.6488,0.0316,-0.0252,25.8438,0.001164,0.000971,39.1981,0.001166,0.000960,39.1993,-0.001870,-0.001039,25.6488,-0.001819,-0.001056,25.8438,-0.00055,-0.04871,-0.36352,0.70995,-0.34649,0.04819,0.00069,-0.04699,-0.36457,0.71247,-0.34813,0.04724,0.00169,0.00013,0.00156,0.00018,-0.00152,0.38158,0.08411,-1.08383,0.05443,-0.01916,0.00140,0.25288,-0.09084,-0.72077,-0.03995,0.04757,0.00047,-0.00004,0.00034,-0.00002,6.000,6.000,12.000,12.000,6.000,6.000,6.000,6.000,12.000,12.000,6.000,6.000,6.000,6.000,6.000,6.000,0.004235,0.014877,0.004200,0.014890,0.004200,0.010440,0.004302,0.010402,0.000000,0.000037,0.000000,0.000000,0.604617,0.395383,0.000000,0.000000,0.000000,0.047582,0.046613
0.4250,-0.00159,0.01401,0.48019,1.00000,0.00003,0.00007,-0.00002,0.00461,0.01022,0.31457,0.31446,0.00015,0.01501,2,0.03486,0.00015,0.034797,-0.00008,-0.0572,-0.0004,0.0096,-0.0097,-0.0292,-0.0193,-0.0560,0,0.04900,0.01900,0.0015,0.0026,0.005389,0.050659,0.0360,-0.0128,39.2832,0.0351,-0.0083,39.2845,0.0279,-0.0514,25.5638,0.0309,-0.0254,25.7587,0.001174,0.000988,39.2832,0.001175,0.000976,39.2845,-0.001899,-0.001072,25.5638,-0.001849,-0.001089,25.7587,-0.00055,-0.04933,-0.36347,0.70971,-0.34630,0.04880,0.00069,-0.04761,-0.36453,0.71226,-0.34797,0.04787,0.00170,0.00013,0.00157,0.00018,-0.00155,0.38740,0.08542,-1.08582,0.05483,-0.01994,0.00143,0.25568,-0.09178,-0.71835,-0.04062,0.04830,0.00048,-0.00004,0.00036,-0.00002,6.000,6.000,12.000,12.000,6.000,6.000,6.000,6.000,12.000,12.000,6.000,6.000,6.000,6.000,6.000,6.000,0.004233,0.015003,0.004200,0.015014,0.004200,0.010565,0.004299,0.010533,0.000000,0.000035,0.000000,0.000000,0.605930,0.394070,0.000000,0.000000,0.000000,0.048192,0.047244
0.4300,-0.00161,0.01419,0.48019,1.00000,0.00003,0.00008,-0.00002,0.00460,0.01036,0.31457,0.31446,0.00015,0.01514,2,0.03486,0.00015,0.034797,-0.00008,-0.0570,-0.0004,0.0094,-0.0096,-0.0291,-0.0193,-0.0557,0,0.04900,0.01900,0.0015,0.0026,0.005398,0.050675,0.0353,-0.0120,39.3680,0.0344,-0.0075,39.3695,0.0272,-0.0516,25.4790,0.0302,-0.0256,25.6737,0.001183,0.001005,39.3680,0.001184,0.000993,39.3695,-0.001929,-0.001106,25.4791,-0.001879,-0.001122,25.6737,-0.00055,-0.04994,-0.36341,0.70946,-0.34611,0.04941,0.00069,-0.04823,-0.36449,0.71205,-0.34780,0.04850,0.00171,0.00013,0.00158,0.00018,-0.00157,0.39321,0.08672,-1.08779,0.05524,-0.02072,0.00146,0.25845,-0.09272,-0.71594,-0.04128,0.04903,0.00050,-0.00004,0.00037,-0.00002,6.000,6.000,12.000,12.000,6.000,6.000,6.000,6.000,12.000,12.000,6.000,6.000,6.000,6.000,6.000,6.000,0.004232,0.015130,0.004200,0.015138,0.004200,0.010689,0.004295,0.010663,0.000000,0.000033,0.000000,0.000000,0.607241,0.392759,0.000000,0.000000,0.000000,0.048801,0.047875
0.4350,-0.00162,0.01437,0.48019,1.00000,0.00003,0.00008,-0.00002,0.00459,0.01049,0.31457,0.31446,0.00015,0.01526,2,0.03486,0.00015,0.034796,-0.00008,-0.0569,-0.0004,0.0092,-0.0095,-0.0291,-0.0192,-0.0554,0,0.04900,0.01900,0.0015,0.0026,0.005407,0.050692,0.0347,-0.0113,39.4527,0.0338,-0.0067,39.4543,0.0265,-0.0517,25.3945,0.0295,-0.0258,25.5890,0.001193,0.001021,39.4527,0.001194,0.001009,39.4543,-0.001959,-0.001140,25.3945,-0.001908,-0.001155,25.5890,-0.00055,-0.05056,-0.36335,0.70921,-0.34592,0.05002,0.00069,-0.04885,-0.36445,0.71183,-0.34763,0.04913,0.00173,0.00012,0.00159,0.00017,-0.00160,0.39904,0.08802,-1.08975,0.05565,-0.02151,0.00149,0.26120,-0.09365,-0.71353,-0.04193,0.04978,0.00051,-0.00003,0.00038,-0.00002,6.000,6.000,12.000,12.000,6.000,6.000,6.000,6.000,12.000,12.000,6.000,6.000,6.000,6.000,6.000,6.000,0.004231,0.015256,0.004200,0.015262,0.004200,0.010813,0.004292,0.010793,0.000000,0.000031,0.000000,0.000000,0.608548,0.391452,0.000000,0.000000,0.000000,0.049410,0.048505
0.4400,-0.00163,0.01455,0.48019,1.00000,0.00004,0.00008,-0.00002,0.00458,0.01062,0.31457,0.31446,0.00016,0.01539,2,0.03486,0.00016,0.034796,-0.00008,-0.0568,-0.0004,0.0090,-0.0094,-0.0291,-0.0192,-0.0550,0,0.04900,0.01900,0.0014,0.0025,0.005417,0.050709,0.0340,-0.0105,39.5372,0.0332,-0.0058,39.5389,0.0257,-0.0518,25.3101,0.0288,-0.0260,25.5045,0.001203,0.001038,39.5372,0.001203,0.001026,39.5389,-0.001988,-0.001175,25.3101,-0.001938,-0.001189,25.5045,-0.00055,-0.05118,-0.36329,0.70896,-0.34573,0.05062,0.00069,-0.04947,-0.36440,0.71161,-0.34746,0.04976,0.00174,0.00012,0.00160,0.00017,-0.00163,0.40487,0.08932,-1.09169,0.05607,-0.02231,0.00152,0.26392,-0.09459,-0.71112,-0.04257,0.05054,0.00052,-0.00003,0.00040,-0.00001,6.000,6.000,12.000,12.000,6.000,6.000,6.000,6.000,12.000,12.000,6.000,6.000,6.000,6.000,6.000,6.000,0.004230,0.015382,0.004201,0.015387,0.004200,0.010938,0.004289,0.010923,0.000000,0.000030,0.000000,0.000000,0.609852,0.390148,0.000000,0.000000,0.000000,0.050017,0.049134
0.4450,-0.00164,0.01473,0.48019,1.00000,0.00004,0.00008,-0.00002,0.00457,0.01075,0.31457,0.31446,0.00016,0.01551,2,0.03486,0.00016,0.034796,-0.00008,-0.0567,-0.0004,0.0088,-0.0093,-0.0291,-0.0191,-0.0547,0,0.04900,0.01900,0.0014,0.0025,0.005426,0.050725,0.0334,-0.0097,39.6214,0.0325,-0.0049,39.6233,0.0250,-0.0519,25.2259,0.0281,-0.0261,25.4202,0.001212,0.001055,39.6214,0.001213,0.001043,39.6233,-0.002017,-0.001211,25.2259,-0.001967,-0.001224,25.4202,-0.00055,-0.05179,-0.36323,0.70870,-0.34555,0.05123,0.00070,-0.05008,-0.36435,0.71139,-0.34730,0.05039,0.00175,0.00012,0.00161,0.00017,-0.00166,0.41071,0.09061,-1.09362,0.05649,-0.02312,0.00155,0.26662,-0.09552,-0.70871,-0.04321,0.05130,0.00054,-0.00003,0.00041,-0.00001,6.000,6.000,12.000,12.000,6.000,6.000,6.000,6.000,12.000,12.000,6.000,6.000,6.000,6.000,6.000,6.000,0.004229,0.015508,0.004201,0.015511,0.004200,0.011062,0.004286,0.011052,0.000000,0.000029,0.000000,0.000000,0.611154,0.388846,0.000000,0.000000,0.000000,0.050623,0.049762
0.4500,-0.00165,0.01490,0.48019,1.00000,0.00004,0.00008,-0.00002,0.00456,0.01089,0.31457,0.31446,0.00016,0.01564,2,0.03486,0.00016,0.034795,-0.00008,-0.0566,-0.0004,0.0086,-0.0092,-0.0291,-0.0191,-0.0544,0,0.04900,0.01900,0.0013,0.0025,0.005436,0.050742,0.0327,-0.0089,39.7056,0.0319,-0.0040,39.7075,0.0243,-0.0519,25.1418,0.0274,-0.0263,25.3361,0.001222,0.001073,39.7056,0.001222,0.001060,39.7075,-0.002047,-0.001247,25.1418,-0.001997,-0.001259,25.3361,-0.00055,-0.05240,-0.36316,0.70845,-0.34536,0.05183,0.00070,-0.05070,-0.36430,0.71117,-0.34713,0.05102,0.00176,0.00012,0.00161,0.00017,-0.00169,0.41656,0.09189,-1.09554,0.05692,-0.02393,0.00158,0.26929,-0.09645,-0.70630,-0.04383,0.05208,0.00055,-0.00002,0.00042,-0.00001,6.000,6.000,12.000,12.000,6.000,6.000,6.000,6.000,12.000,12.000,6.000,6.000,6.000,6.000,6.000,6.000,0.004228,0.015634,0.004201,0.015635,0.004200,0.011186,0.004283,0.011181,0.000000,0.000028,0.000000,0.000000,0.612452,0.387548,0.000000,0.000000,0.000000,0.051228,0.050389
0.4550,-0.00166,0.01508,0.48019,1.00000,0.00004,0.00008,-0.00002,0.00455,0.01102,0.31457,0.31446,0.00016,0.01576,2,0.03486,0.00016,0.034795,-0.00008,-0.0565,-0.0004,0.0084,-0.0091,-0.0291,-0.0190,-0.0541,0,0.04900,0.01900,0.0013,0.0025,0.005445,0.050759,0.0321,-0.0081,39.7895,0.0313,-0.0031,39.7915,0.0236,-0.0520,25.0579,0.0267,-0.0265,25.2521,0.001232,0.001090,39.7895,0.001232,0.001077,39.7915,-0.002076,-0.001283,25.0579,-0.002026,-0.001295,25.2521,-0.00055,-0.05302,-0.36309,0.70819,-0.34517,0.05244,0.00070,-0.05132,-0.36424,0.71094,-0.34697,0.05164,0.00177,0.00012,0.00162,0.00017,-0.00172,0.42241,0.09317,-1.09745,0.05735,-0.02475,0.00161,0.27194,-0.09738,-0.70390,-0.04445,0.05286,0.00056,-0.00002,0.00043,-0.00000,6.000,6.000,12.000,12.000,6.000,6.000,6.000,6.000,12.000,12.000,6.000,6.000,6.000,6.000,6.000,6.000,0.004227,0.015759,0.004201,0.015759,0.004200,0.011310,0.004280,0.011310,0.000000,0.000027,0.000000,0.000000,0.613749,0.386251,0.000000,0.000000,0.000000,0.051832,0.051016
0.4600,-0.00167,0.01526,0.48019,1.00000,0.00004,0.00008,-0.00002,0.00454,0.01115,0.31457,0.31446,0.00017,0.01588,2,0.03486,0.00017,0.034794,-0.00008,-0.0564,-0.0004,0.0082,-0.0090,-0.0291,-0.0190,-0.0538,0,0.04900,0.01900,0.0013,0.0025,0.005455,0.050777,0.0315,-0.0072,39.8733,0.0307,-0.0022,39.8754,0.0229,-0.0521,24.9742,0.0261,-0.0266,25.1683,0.001242,0.001107,39.8733,0.001242,0.001094,39.8754,-0.002105,-0.001320,24.9742,-0.002055,-0.001331,25.1683,-0.00055,-0.05363,-0.36302,0.70792,-0.34498,0.05304,0.00070,-0.05193,-0.36418,0.71071,-0.34680,0.05227,0.00178,0.00012,0.00163,0.00017,-0.00175,0.42828,0.09444,-1.09935,0.05778,-0.02558,0.00164,0.27456,-0.09831,-0.70149,-0.04507,0.05365,0.00058,-0.00002,0.00045,0.00000,6.000,6.000,12.000,12.000,6.000,6.000,6.000,6.000,12.000,12.000,6.000,6.000,6.000,6.000,6.000,6.000,0.004227,0.015885,0.004201,0.015884,0.004200,0.011435,0.004278,0.011439,0.000000,0.000026,0.000000,0.000000,0.615043,0.384957,0.000000,0.000000,0.000000,0.052435,0.051642
0.4650,-0.00167,0.01544,0.48019,1.00000,0.00004,0.00009,-0.00002,0.00453,0.01128,0.31457,0.31446,0.00017,0.01601,2,0.03486,0.00017,0.034794,-0.00008,-0.0563,-0.0004,0.0080,-0.0088,-0.0291,-0.0189,-0.0535,0,0.04900,0.01900,0.0013,0.0025,0.005465,0.050794,0.0309,-0.0064,39.9570,0.0301,-0.0013,39.9591,0.0222,-0.0522,24.8906,0.0254,-0.0268,25.0846,0.001252,0.001125,39.9570,0.001251,0.001111,39.9591,-0.002134,-0.001358,24.8906,-0.002084,-0.001368,25.0846,-0.00055,-0.05424,-0.36294,0.70766,-0.34480,0.05364,0.00070,-0.05254,-0.36412,0.71048,-0.34663,0.05289,0.00179,0.00011,0.00164,0.00017,-0.00178,0.43415,0.09570,-1.10123,0.05822,-0.02642,0.00167,0.27716,-0.09924,-0.69908,-0.04567,0.05445,0.00059,-0.00001,0.00046,0.00000,6.000,6.000,12.000,12.000,6.000,6.000,6.000,6.000,12.000,12.000,6.000,6.000,6.000,6.000,6.000,6.000,0.004226,0.016011,0.004201,0.016008,0.004200,0.011559,0.004275,0.011567,0.000000,0.000025,0.000000,0.000000,0.616335,0.383665,0.000000,0.000000,0.000000,0.053038,0.052267
0.4700,-0.00168,0.01562,0.48019,1.00000,0.00004,0.00009,-0.00002,0.00452,0.01142,0.31457,0.31446,0.00017,0.01613,2,0.03486,0.00017,0.034794,-0.00008,-0.0561,-0.0004,0.0078,-0.0087,-0.0291,-0.0189,-0.0532,0,0.04900,0.01900,0.0012,0.0024,0.005474,0.050811,0.0303,-0.0055,40.0405,0.0295,-0.0003,40.0427,0.0216,-0.0523,24.8072,0.0248,-0.0270,25.0011,0.001262,0.001142,40.0405,0.001261,0.001129,40.0427,-0.002163,-0.001396,24.8072,-0.002113,-0.001406,25.0011,-0.00055,-0.05485,-0.36286,0.70739,-0.34461,0.05424,0.00070,-0.05316,-0.36405,0.71024,-0.34647,0.05352,0.00180,0.00011,0.00165,0.00017,-0.00181,0.44004,0.09696,-1.10310,0.05867,-0.02726,0.00170,0.27974,-0.10017,-0.69668,-0.04627,0.05526,0.00060,-0.00001,0.00047,0.00001,6.000,6.000,12.000,12.000,6.000,6.000,6.000,6.000,12.000,12.000,6.000,6.000,6.000,6.000,6.000,6.000,0.004225,0.016136,0.004201,0.016132,0.004200,0.011683,0.004273,0.011696,0.000000,0.000025,0.000000,0.000000,0.617624,0.382376,0.000000,0.000000,0.000000,0.053639,0.052892
0.4750,-0.00169,0.01580,0.48018,1.00000,0.00004,0.00009,-0.00002,0.00452,0.01155,0.31457,0.31446,0.00017,0.01626,2,0.03486,0.00017,0.034793,-0.00008,-0.0560,-0.0004,0.0076,-0.0086,-0.0290,-0.0189,-0.0529,0,0.04900,0.01900,0.0012,0.0024,0.005484,0.050829,0.0297,-0.0047,40.1239,0.0289,0.0006,40.1262,0.0209,-0.0524,24.7239,0.0241,-0.0271,24.9177,0.001272,0.001160,40.1239,0.001271,0.001146,40.1262,-0.002192,-0.001435,24.7239,-0.002142,-0.001444,24.9177,-0.00055,-0.05546,-0.36278,0.70712,-0.34442,0.05484,0.00071,-0.05377,-0.36398,0.71000,-0.34630,0.05414,0.00181,0.00011,0.00165,0.00017,-0.00184,0.44593,0.09822,-1.10496,0.05911,-0.02811,0.00173,0.28230,-0.10109,-0.69427,-0.04686,0.05607,0.00062,-0.00001,0.00048,0.00001,6.000,6.000,12.000,12.000,6.000,6.000,6.000,6.000,12.000,12.000,6.000,6.000,6.000,6.000,6.000,6.000,0.004225,0.016262,0.004201,0.016256,0.004200,0.011808,0.004271,0.011824,0.000000,0.000024,0.000000,0.000000,0.618912,0.381088,0.000000,0.000000,0.000000,0.054239,0.053516
0.4800,-0.00170,0.01597,0.48018,1.00000,0.00004,0.00009,-0.00002,0.00451,0.01168,0.31457,0.31446,0.00018,0.01638,2,0.03486,0.00018,0.034793,-0.00008,-0.0559,-0.0004,0.0074,-0.0085,-0.0290,-0.0188,-0.0526,0,0.04900,0.01900,0.0012,0.0024,0.005494,0.050847,0.0291,-0.0038,40.2072,0.0283,0.0016,40.2095,0.0202,-0.0525,24.6407,0.0235,-0.0273,24.8345,0.001281,0.001178,40.2072,0.001281,0.001164,40.2095,-0.002222,-0.001474,24.6407,-0.002171,-0.001482,24.8345,-0.00055,-0.05607,-0.36269,0.70684,-0.34423,0.05544,0.00071,-0.05438,-0.36391,0.70976,-0.34613,0.05476,0.00182,0.00011,0.00166,0.00017,-0.00187,0.45183,0.09946,-1.10682,0.05956,-0.02897,0.00176,0.28483,-0.10202,-0.69187,-0.04745,0.05690,0.00063,-0.00000,0.00049,0.00001,6.000,6.000,12.000,12.000,6.000,6.000,6.000,6.000,12.000,12.000,6.000,6.000,6.000,6.000,6.000,6.000,0.004224,0.016387,0.004201,0.016381,0.004200,0.011932,0.004269,0.011952,0.000000,0.000024,0.000000,0.000000,0.620198,0.379802,0.000000,0.000000,0.000000,0.054838,0.054139
0.4850,-0.00171,0.01615,0.48018,1.00000,0.00004,0.00009,-0.00003,0.00450,0.01181,0.31457,0.31446,0.00018,0.01650,2,0.03486,0.00018,0.034792,-0.00008,-0.0558,-0.0004,0.0073,-0.0084,-0.0290,-0.0188,-0.0524,0,0.04900,0.01900,0.0012,0.0024,0.005503,0.050864,0.0285,-0.0030,40.2903,0.0278,0.0025,40.2927,0.0196,-0.0526,24.5576,0.0229,-0.0275,24.7513,0.001291,0.001196,40.2903,0.001290,0.001182,40.2927,-0.002251,-0.001514,24.5576,-0.002200,-0.001522,24.7513,-0.00055,-0.05668,-0.36260,0.70657,-0.34405,0.05603,0.00071,-0.05499,-0.36384,0.70952,-0.34597,0.05538,0.00183,0.00011,0.00167,0.00017,-0.00190,0.45774,0.10071,-1.10866,0.06001,-0.02984,0.00179,0.28734,-0.10295,-0.68947,-0.04803,0.05773,0.00064,-0.00000,0.00050,0.00002,6.000,6.000,12.000,12.000,6.000,6.000,6.000,6.000,12.000,12.000,6.000,6.000,6.000,6.000,6.000,6.000,0.004223,0.016513,0.004201,0.016505,0.004200,0.012056,0.004267,0.012079,0.000000,0.000024,0.000000,0.000000,0.621482,0.378518,0.000000,0.000000,0.000000,0.055437,0.054761
0.4900,-0.00171,0.01633,0.48018,1.00000,0.00004,0.00009,-0.00003,0.00449,0.01194,0.31457,0.31446,0.00018,0.01663,2,0.03486,0.00018,0.034792,-0.00008,-0.0557,-0.0004,0.0071,-0.0083,-0.0290,-0.0187,-0.0521,0,0.04900,0.01900,0.0011,0.0024,0.005513,0.050882,0.0279,-0.0021,40.3734,0.0272,0.0035,40.3758,0.0190,-0.0527,24.4746,0.0223,-0.0276,24.6683,0.001301,0.001215,40.3734,0.001300,0.001200,40.3758,-0.002280,-0.001555,24.4746,-0.002229,-0.001561,24.6683,-0.00055,-0.05728,-0.36251,0.70629,-0.34386,0.05663,0.00071,-0.05560,-0.36376,0.70927,-0.34580,0.05600,0.00184,0.00011,0.00168,0.00017,-0.00194,0.46367,0.10195,-1.11049,0.06047,-0.03071,0.00183,0.28982,-0.10387,-0.68707,-0.04861,0.05857,0.00065,0.00000,0.00051,0.00002,6.000,6.000,12.000,12.000,6.000,6.000,6.000,6.000,12.000,12.000,6.000,6.000,6.000,6.000,6.000,6.000,0.004223,0.016638,0.004201,0.016629,0.004200,0.012181,0.004265,0.012207,0.000000,0.000024,0.000000,0.000000,0.622765,0.377235,0.000000,0.000000,0.000000,0.056034,0.055383
0.4950,-0.00172,0.01650,0.48018,1.00000,0.00004,0.00009,-0.00003,0.00448,0.01207,0.31457,0.31446,0.00018,0.01675,2,0.03487,0.00018,0.034792,-0.00008,-0.0556,-0.0004,0.0069,-0.0082,-0.0290,-0.0187,-0.0518,0,0.04900,0.01900,0.0011,0.0024,0.005523,0.050900,0.0274,-0.0012,40.4563,0.0267,0.0045,40.4588,0.0183,-0.0528,24.3917,0.0216,-0.0278,24.5854,0.001311,0.001233,40.4563,0.001310,0.001218,40.4588,-0.002309,-0.001596,24.3917,-0.002259,-0.001602,24.5854,-0.00056,-0.05789,-0.36242,0.70601,-0.34367,0.05723,0.00072,-0.05621,-0.36368,0.70902,-0.34564,0.05662,0.00185,0.00011,0.00168,0.00017,-0.00197,0.46960,0.10318,-1.11231,0.06093,-0.03160,0.00186,0.29229,-0.10480,-0.68466,-0.04918,0.05942,0.00066,0.00000,0.00052,0.00002,6.000,6.000,12.000,12.000,6.000,6.000,6.000,6.000,12.000,12.000,6.000,6.000,6.000,6.000,6.000,6.000,0.004222,0.016763,0.004201,0.016753,0.004200,0.012305,0.004264,0.012334,0.000000,0.000024,0.000000,0.000000,0.624046,0.375954,0.000000,0.000000,0.000000,0.056631,0.056004
0.5000,-0.00173,0.01668,0.48018,1.00000,0.00004,0.00009,-0.00003,0.00448,0.01220,0.31457,0.31446,0.00018,0.01688,2,0.03487,0.00018,0.034791,-0.00008,-0.0555,-0.0004,0.0067,-0.0080,-0.0290,-0.0187,-0.0516,0,0.04900,0.01900,0.0011,0.0024,0.005532,0.050919,0.0268,-0.0004,40.5392,0.0261,0.0054,40.5417,0.0177,-0.0530,24.3089,0.0211,-0.0280,24.5026,0.001321,0.001251,40.5392,0.001320,0.001236,40.5417,-0.002339,-0.001638,24.3090,-0.002288,-0.001643,24.5026,-0.00056,-0.05850,-0.36232,0.70572,-0.34349,0.05782,0.00072,-0.05682,-0.36360,0.70877,-0.34547,0.05724,0.00186,0.00010,0.00169,0.00017,-0.00200,0.47555,0.10441,-1.11412,0.06139,-0.03249,0.00189,0.29473,-0.10572,-0.68226,-0.04975,0.06028,0.00068,0.00001,0.00053,0.00003,6.000,6.000,12.000,12.000,6.000,6.000,6.000,6.000,12.000,12.000,6.000,6.000,6.000,6.000,6.000,6.000,0.004222,0.016888,0.004201,0.016878,0.004200,0.012429,0.004262,0.012461,0.000000,0.000023,0.000000,0.000000,0.625325,0.374675,0.000000,0.000000,0.000000,0.057227,0.056625
0.5050,-0.00173,0.01686,0.48018,1.00000,0.00004,0.00009,-0.00003,0.00447,0.01233,0.31457,0.31446,0.00019,0.01700,2,0.03487,0.00019,0.034791,-0.00008,-0.0554,-0.0004,0.0065,-0.0079,-0.0290,-0.0186,-0.0513,0,0.04900,0.01900,0.0011,0.0024,0.005542,0.050937,0.0263,0.0005,40.6220,0.0256,0.0064,40.6244,0.0171,-0.0531,24.2263,0.0205,-0.0282,24.4198,0.001331,0.001270,40.6219,0.001329,0.001254,40.6244,-0.002368,-0.001680,24.2263,-0.002317,-0.001684,24.4198,-0.00056,-0.05910,-0.36222,0.70544,-0.34330,0.05842,0.00072,-0.05743,-0.36351,0.70851,-0.34530,0.05786,0.00187,0.00010,0.00170,0.00016,-0.00203,0.48150,0.10563,-1.11592,0.06185,-0.03339,0.00192,0.29715,-0.10665,-0.67986,-0.05031,0.06115,0.00069,0.00001,0.00054,0.00003,6.000,6.000,12.000,12.000,6.000,6.000,6.000,6.000,12.000,12.000,6.000,6.000,6.000,6.000,6.000,6.000,0.004221,0.017014,0.004201,0.017002,0.004200,0.012553,0.004261,0.012589,0.000000,0.000023,0.000000,0.000000,0.626604,0.373396,0.000000,0.000000,0.000000,0.057822,0.057245
0.5100,-0.00174,0.01703,0.48018,1.00000,0.00004,0.00009,-0.00003,0.00446,0.01246,0.31457,0.31446,0.00019,0.01713,2,0.03487,0.00019,0.034790,-0.00008,-0.0553,-0.0004,0.0064,-0.0078,-0.0290,-0.0186,-0.0511,0,0.04900,0.01900,0.0011,0.0024,0.005552,0.050956,0.0258,0.0014,40.7046,0.0251,0.0074,40.7071,0.0165,-0.0532,24.1437,0.0199,-0.0284,24.3372,0.001341,0.001289,40.7046,0.001339,0.001273,40.7071,-0.002397,-0.001723,24.1437,-0.002346,-0.001727,24.3372,-0.00056,-0.05970,-0.36212,0.70515,-0.34311,0.05901,0.00072,-0.05803,-0.36342,0.70825,-0.34514,0.05848,0.00187,0.00010,0.00170,0.00016,-0.00206,0.48747,0.10685,-1.11772,0.06232,-0.03429,0.00196,0.29955,-0.10757,-0.67746,-0.05087,0.06203,0.00070,0.00001,0.00055,0.00003,6.000,6.000,12.000,12.000,6.000,6.000,6.000,6.000,12.000,12.000,6.000,6.000,6.000,6.000,6.000,6.000,0.004221,0.017139,0.004201,0.017126,0.004200,0.012678,0.004259,0.012716,0.000000,0.000024,0.000000,0.000000,0.627880,0.372120,0.000000,0.000000,0.000000,0.058416,0.057864
0.5150,-0.00175,0.01721,0.48018,1.00000,0.00004,0.00010,-0.00003,0.00446,0.01260,0.31457,0.31446,0.00019,0.01725,2,0.03487,0.00019,0.034790,-0.00008,-0.0551,-0.0004,0.0062,-0.0077,-0.0290,-0.0186,-0.0509,0,0.04900,0.01900,0.0011,0.0024,0.005561,0.050974,0.0252,0.0023,40.7872,0.0246,0.0084,40.7897,0.0160,-0.0534,24.0611,0.0193,-0.0286,24.2547,0.001350,0.001308,40.7872,0.001349,0.001291,40.7897,-0.002427,-0.001767,24.0612,-0.002376,-0.001769,24.2547,-0.00056,-0.06031,-0.36202,0.70485,-0.34292,0.05960,0.00072,-0.05864,-0.36333,0.70799,-0.34497,0.05910,0.00188,0.00010,0.00171,0.00016,-0.00210,0.49345,0.10806,-1.11950,0.06279,-0.03521,0.00199,0.30193,-0.10850,-0.67506,-0.05142,0.06291,0.00071,0.00002,0.00056,0.00003,6.000,6.000,12.000,12.000,6.000,6.000,6.000,6.000,12.000,12.000,6.000,6.000,6.000,6.000,6.000,6.000,0.004220,0.017264,0.004201,0.017250,0.004200,0.012802,0.004258,0.012842,0.000000,0.000024,0.000000,0.000000,0.629156,0.370844,0.000000,0.000000,0.000000,0.059009,0.058482
0.5200,-0.00175,0.01739,0.48018,1.00000,0.00004,0.00010,-0.00003,0.00445,0.01273,0.31457,0.31446,0.00019,0.01737,2,0.03487,0.00019,0.034790,-0.00008,-0.0550,-0.0004,0.0061,-0.0076,-0.0289,-0.0186,-0.0506,0,0.04900,0.01900,0.0011,0.0024,0.005571,0.050993,0.0247,0.0032,40.8697,0.0241,0.0094,40.8723,0.0154,-0.0535,23.9787,0.0188,-0.0288,24.1722,0.001360,0.001327,40.8697,0.001358,0.001310,40.8723,-0.002457,-0.001811,23.9787,-0.002405,-0.001813,24.1722,-0.00056,-0.06091,-0.36191,0.70456,-0.34274,0.06019,0.00073,-0.05925,-0.36324,0.70773,-0.34480,0.05972,0.00189,0.00010,0.00172,0.00016,-0.00213,0.49944,0.10927,-1.12128,0.06326,-0.03613,0.00202,0.30429,-0.10942,-0.67266,-0.05197,0.06380,0.00072,0.00002,0.00057,0.00004,6.000,6.000,12.000,12.000,6.000,6.000,6.000,6.000,12.000,12.000,6.000,6.000,6.000,6.000,6.000,6.000,0.004220,0.017389,0.004201,0.017375,0.004200,0.012926,0.004256,0.012969,0.000000,0.000024,0.000000,0.000000,0.630430,0.369570,0.000000,0.000000,0.000000,0.059601,0.059101
0.5250,-0.00176,0.01756,0.48018,1.00000,0.00004,0.00010,-0.00003,0.00444,0.01286,0.31457,0.31446,0.00019,0.01750,2,0.03487,0.00019,0.034789,-0.00008,-0.0549,-0.0004,0.0059,-0.0075,-0.0289,-0.0185,-0.0504,0,0.04900,0.01900,0.0010,0.0024,0.005581,0.051012,0.0242,0.0041,40.9522,0.0236,0.0104,40.9547,0.0148,-0.0537,23.8963,0.0182,-0.0290,24.0898,0.001370,0.001346,40.9522,0.001368,0.001329,40.9547,-0.002486,-0.001856,23.8963,-0.002435,-0.001857,24.0898,-0.00056,-0.06151,-0.36180,0.70426,-0.34255,0.06078,0.00073,-0.05985,-0.36314,0.70746,-0.34464,0.06034,0.00190,0.00010,0.00172,0.00016,-0.00216,0.50545,0.11047,-1.12305,0.06373,-0.03706,0.00206,0.30663,-0.11034,-0.67026,-0.05251,0.06471,0.00073,0.00002,0.00058,0.00004,6.000,6.000,12.000,12.000,6.000,6.000,6.000,6.000,12.000,12.000,6.000,6.000,6.000,6.000,6.000,6.000,0.004220,0.017514,0.004201,0.017499,0.004200,0.013051,0.004255,0.013096,0.000000,0.000024,0.000000,0.000000,0.631704,0.368296,0.000000,0.000000,0.000000,0.060193,0.059718
0.5300,-0.00176,0.01774,0.48018,1.00000,0.00004,0.00010,-0.00003,0.00444,0.01299,0.31457,0.31446,0.00019,0.01762,2,0.03487,0.00019,0.034789,-0.00008,-0.0548,-0.0004,0.0057,-0.0074,-0.0289,-0.0185,-0.0502,0,0.04900,0.01900,0.0010,0.0024,0.005590,0.051031,0.0238,0.0050,41.0346,0.0231,0.0113,41.0371,0.0143,-0.0538,23.8140,0.0177,-0.0292,24.0075,0.001380,0.001365,41.0346,0.001378,0.001348,41.0371,-0.002516,-0.001901,23.8140,-0.002464,-0.001901,24.0075,-0.00056,-0.06211,-0.36169,0.70396,-0.34236,0.06137,0.00073,-0.06045,-0.36304,0.70720,-0.34447,0.06095,0.00191,0.00010,0.00173,0.00016,-0.00220,0.51146,0.11167,-1.12481,0.06421,-0.03800,0.00209,0.30894,-0.11127,-0.66787,-0.05305,0.06561,0.00074,0.00002,0.00059,0.00004,6.000,6.000,12.000,12.000,6.000,6.000,6.000,6.000,12.000,12.000,6.000,6.000,6.000,6.000,6.000,6.000,0.004219,0.017639,0.004201,0.017623,0.004200,0.013175,0.004254,0.013222,0.000000,0.000024,0.000000,0.000000,0.632976,0.367024,0.000000,0.000000,0.000000,0.060784,0.060335
0.5350,-0.00177,0.01791,0.48018,1.00000,0.00004,0.00010,-0.00003,0.00443,0.01312,0.31457,0.31446,0.00020,0.01775,2,0.03487,0.00020,0.034788,-0.00008,-0.0547,-0.0004,0.0056,-0.0073,-0.0289,-0.0185,-0.0500,0,0.04900,0.01900,0.0010,0.0024,0.005600,0.051050,0.0233,0.0058,41.1169,0.0226,0.0123,41.1194,0.0137,-0.0540,23.7318,0.0172,-0.0295,23.9252,0.001389,0.001384,41.1169,0.001387,0.001367,41.1194,-0.002546,-0.001947,23.7318,-0.002494,-0.001947,23.9252,-0.00056,-0.06271,-0.36157,0.70366,-0.34217,0.06196,0.00073,-0.06106,-0.36294,0.70692,-0.34430,0.06157,0.00192,0.00010,0.00173,0.00016,-0.00223,0.51749,0.11287,-1.12656,0.06468,-0.03895,0.00212,0.31124,-0.11219,-0.66547,-0.05359,0.06653,0.00075,0.00003,0.00060,0.00005,6.000,6.000,12.000,12.000,6.000,6.000,6.000,6.000,12.000,12.000,6.000,6.000,6.000,6.000,6.000,6.000,0.004219,0.017764,0.004201,0.017747,0.004200,0.013299,0.004253,0.013349,0.000000,0.000024,0.000000,0.000000,0.634247,0.365753,0.000000,0.000000,0.000000,0.061374,0.060952
0.5400,-0.00177,0.01809,0.48018,1.00000,0.00004,0.00010,-0.00003,0.00443,0.01325,0.31457,0.31446,0.00020,0.01787,2,0.03487,0.00020,0.034788,-0.00008,-0.0546,-0.0004,0.0054,-0.0072,-0.0289,-0.0185,-0.0497,0,0.04900,0.01900,0.0010,0.0024,0.005609,0.051069,0.0228,0.0067,41.1991,0.0222,0.0133,41.2017,0.0132,-0.0542,23.6496,0.0166,-0.0297,23.8430,0.001399,0.001404,41.1991,0.001397,0.001386,41.2017,-0.002576,-0.001994,23.6496,-0.002524,-0.001993,23.8430,-0.00056,-0.06331,-0.36146,0.70335,-0.34199,0.06255,0.00074,-0.06166,-0.36284,0.70665,-0.34413,0.06218,0.00192,0.00010,0.00174,0.00016,-0.00227,0.52353,0.11406,-1.12830,0.06516,-0.03990,0.00216,0.31352,-0.11311,-0.66307,-0.05412,0.06746,0.00076,0.00003,0.00061,0.00005,6.000,6.000,12.000,12.000,6.000,6.000,6.000,6.000,12.000,12.000,6.000,6.000,6.000,6.000,6.000,6.000,0.004219,0.017889,0.004201,0.017871,0.004200,0.013423,0.004252,0.013475,0.000000,0.000024,0.000000,0.000000,0.635517,0.364483,0.000000,0.000000,0.000000,0.061963,0.061567
0.5450,-0.00178,0.01826,0.48018,1.00000,0.00004,0.00010,-0.00003,0.00442,0.01337,0.31457,0.31446,0.00020,0.01800,2,0.03487,0.00020,0.034788,-0.00008,-0.0545,-0.0004,0.0053,-0.0071,-0.0289,-0.0184,-0.0495,0,0.04900,0.01900,0.0011,0.0024,0.005619,0.051089,0.0224,0.0076,41.2813,0.0217,0.0143,41.2839,0.0127,-0.0544,23.5675,0.0161,-0.0300,23.7609,0.001409,0.001424,41.2813,0.001407,0.001406,41.2839,-0.002606,-0.002042,23.5675,-0.002554,-0.002039,23.7609,-0.00057,-0.06391,-0.36134,0.70304,-0.34180,0.06314,0.00074,-0.06226,-0.36273,0.70637,-0.34397,0.06280,0.00193,0.00010,0.00174,0.00016,-0.00230,0.52959,0.11524,-1.13004,0.06564,-0.04086,0.00219,0.31577,-0.11403,-0.66067,-0.05466,0.06840,0.00077,0.00003,0.00062,0.00005,6.000,6.000,12.000,12.000,6.000,6.000,6.000,6.000,12.000,12.000,6.000,6.000,6.000,6.000,6.000,6.000,0.004218,0.018013,0.004201,0.017996,0.004200,0.013548,0.004251,0.013601,0.000000,0.000025,0.000000,0.000000,0.636787,0.363213,0.000000,0.000000,0.000000,0.062552,0.062183
0.5500,-0.00178,0.01844,0.48018,1.00000,0.00004,0.00010,-0.00003,0.00441,0.01350,0.31457,0.31446,0.00020,0.01812,2,0.03487,0.00020,0.034787,-0.00007,-0.0544,-0.0004,0.0051,-0.0070,-0.0289,-0.0184,-0.0493,0,0.04900,0.01900,0.0011,0.0024,0.005628,0.051108,0.0219,0.0085,41.3635,0.0213,0.0153,41.3660,0.0122,-0.0546,23.4854,0.0156,-0.0302,23.6789,0.001418,0.001443,41.3635,0.001416,0.001425,41.3660,-0.002637,-0.002090,23.4854,-0.002584,-0.002086,23.6789,-0.00057,-0.06451,-0.36122,0.70273,-0.34161,0.06373,0.00074,-0.06286,-0.36262,0.70609,-0.34380,0.06341,0.00194,0.00009,0.00175,0.00016,-0.00234,0.53565,0.11642,-1.13177,0.06612,-0.04183,0.00223,0.31801,-0.11495,-0.65828,-0.05518,0.06934,0.00078,0.00003,0.00063,0.00005,6.000,6.000,12.000,12.000,6.000,6.000,6.000,6.000,12.000,12.000,6.000,6.000,6.000,6.000,6.000,6.000,0.004218,0.018138,0.004201,0.018120,0.004200,0.013672,0.004250,0.013727,0.000000,0.000025,0.000000,0.000000,0.638055,0.361945,0.000000,0.000000,0.000000,0.063139,0.062798
0.5550,-0.00179,0.01861,0.48018,1.00000,0.00004,0.00010,-0.00003,0.00441,0.01363,0.31457,0.31446,0.00020,0.01824,2,0.03487,0.00020,0.034787,-0.00007,-0.0543,-0.0004,0.0050,-0.0068,-0.0289,-0.0184,-0.0491,0,0.04900,0.01900,0.0011,0.0024,0.005638,0.051128,0.0215,0.0094,41.4456,0.0209,0.0163,41.4481,0.0117,-0.0548,23.4034,0.0151,-0.0305,23.5968,0.001428,0.001463,41.4456,0.001426,0.001445,41.4481,-0.002667,-0.002139,23.4034,-0.002614,-0.002134,23.5968,-0.00057,-0.06511,-0.36109,0.70242,-0.34142,0.06431,0.00074,-0.06346,-0.36251,0.70581,-0.34363,0.06403,0.00195,0.00009,0.00175,0.00016,-0.00237,0.54173,0.11760,-1.13348,0.06660,-0.04281,0.00226,0.32022,-0.11587,-0.65588,-0.05571,0.07029,0.00079,0.00004,0.00063,0.00006,6.000,6.000,12.000,12.000,6.000,6.000,6.000,6.000,12.000,12.000,6.000,6.000,6.000,6.000,6.000,6.000,0.004218,0.018263,0.004201,0.018244,0.004200,0.013796,0.004249,0.013853,0.000000,0.000025,0.000000,0.000000,0.639323,0.360677,0.000000,0.000000,0.000000,0.063726,0.063412
0.5600,-0.00179,0.01879,0.48018,1.00000,0.00004,0.00010,-0.00003,0.00440,0.01376,0.31457,0.31446,0.00020,0.01837,2,0.03487,0.00020,0.034786,-0.00007,-0.0541,-0.0004,0.0049,-0.0067,-0.0288,-0.0184,-0.0489,0,0.04900,0.01900,0.0011,0.0024,0.005647,0.051148,0.0211,0.0103,41.5276,0.0204,0.0173,41.5301,0.0112,-0.0550,23.3214,0.0147,-0.0308,23.5149,0.001437,0.001483,41.5276,0.001435,0.001465,41.5301,-0.002698,-0.002188,23.3215,-0.002644,-0.002183,23.5149,-0.00057,-0.06570,-0.36096,0.70210,-0.34123,0.06490,0.00074,-0.06406,-0.36239,0.70552,-0.34346,0.06464,0.00195,0.00009,0.00176,0.00016,-0.00241,0.54783,0.11877,-1.13520,0.06709,-0.04380,0.00230,0.32242,-0.11679,-0.65348,-0.05623,0.07125,0.00080,0.00004,0.00064,0.00006,6.000,6.000,12.000,12.000,6.000,6.000,6.000,6.000,12.000,12.000,6.000,6.000,6.000,6.000,6.000,6.000,0.004218,0.018388,0.004201,0.018368,0.004200,0.013921,0.004248,0.013979,0.000000,0.000025,0.000000,0.000000,0.640590,0.359410,0.000000,0.000000,0.000000,0.064312,0.064026
0.5650,-0.00179,0.01896,0.48018,1.00000,0.00004,0.00010,-0.00003,0.00440,0.01389,0.31456,0.31446,0.00020,0.01849,2,0.03487,0.00020,0.034786,-0.00007,-0.0540,-0.0004,0.0047,-0.0067,-0.0288,-0.0184,-0.0487,0,0.04900,0.01900,0.0011,0.0024,0.005656,0.051167,0.0207,0.0112,41.6096,0.0200,0.0183,41.6121,0.0107,-0.0553,23.2395,0.0142,-0.0311,23.4329,0.001447,0.001504,41.6096,0.001444,0.001485,41.6121,-0.002728,-0.002238,23.2395,-0.002675,-0.002232,23.4329,-0.00057,-0.06630,-0.36084,0.70178,-0.34104,0.06548,0.00075,-0.06466,-0.36228,0.70524,-0.34329,0.06525,0.00196,0.00009,0.00176,0.00016,-0.00244,0.55393,0.11994,-1.13690,0.06757,-0.04479,0.00233,0.32460,-0.11771,-0.65109,-0.05675,0.07222,0.00080,0.00004,0.00065,0.00006,6.000,6.000,12.000,12.000,6.000,6.000,6.000,6.000,12.000,12.000,6.000,6.000,6.000,6.000,6.000,6.000,0.004217,0.018513,0.004201,0.018492,0.004200,0.014045,0.004247,0.014105,0.000000,0.000026,0.000000,0.000000,0.641857,0.358143,0.000000,0.000000,0.000000,0.064898,0.064639
0.5700,-0.00180,0.01913,0.48018,1.00000,0.00004,0.00010,-0.00003,0.00439,0.01402,0.31456,0.31446,0.00020,0.01862,2,0.03487,0.00020,0.034786,-0.00007,-0.0539,-0.0004,0.0046,-0.0066,-0.0288,-0.0183,-0.0486,0,0.04900,0.01900,0.0011,0.0024,0.005666,0.051187,0.0203,0.0121,41.6916,0.0196,0.0193,41.6940,0.0102,-0.0555,23.1576,0.0137,-0.0314,23.3511,0.001456,0.001524,41.6916,0.001454,0.001505,41.6940,-0.002759,-0.002289,23.1577,-0.002705,-0.002282,23.3511,-0.00057,-0.06690,-0.36070,0.70146,-0.34085,0.06607,0.00075,-0.06526,-0.36216,0.70495,-0.34312,0.06586,0.00197,0.00009,0.00177,0.00016,-0.00248,0.56005,0.12110,-1.13860,0.06806,-0.04580,0.00237,0.32675,-0.11863,-0.64869,-0.05726,0.07320,0.00081,0.00004,0.00066,0.00006,6.000,6.000,12.000,12.000,6.000,6.000,6.000,6.000,12.000,12.000,6.000,6.000,6.000,6.000,6.000,6.000,0.004217,0.018637,0.004202,0.018617,0.004200,0.014169,0.004247,0.014231,0.000000,0.000026,0.000000,0.000000,0.643122,0.356878,0.000000,0.000000,0.000000,0.065483,0.065252
0.5750,-0.00180,0.01931,0.48018,1.00000,0.00004,0.00010,-0.00003,0.00439,0.01415,0.31456,0.31446,0.00020,0.01874,2,0.03487,0.00020,0.034785,-0.00007,-0.0538,-0.0004,0.0045,-0.0065,-0.0288,-0.0183,-0.0484,0,0.04900,0.01900,0.0011,0.0025,0.005675,0.051208,0.0199,0.0129,41.7735,0.0192,0.0203,41.7759,0.0098,-0.0558,23.0758,0.0133,-0.0317,23.2692,0.001465,0.001544,41.7735,0.001463,0.001525,41.7759,-0.002790,-0.002340,23.0758,-0.002736,-0.002332,23.2692,-0.00057,-0.06749,-0.36057,0.70114,-0.34066,0.06665,0.00075,-0.06586,-0.36204,0.70465,-0.34295,0.06648,0.00197,0.00009,0.00177,0.00016,-0.00252,0.56619,0.12226,-1.14029,0.06855,-0.04681,0.00241,0.32889,-0.11955,-0.64630,-0.05777,0.07418,0.00082,0.00005,0.00066,0.00006,6.000,6.000,12.000,12.000,6.000,6.000,6.000,6.000,12.000,12.000,6.000,6.000,6.000,6.000,6.000,6.000,0.004217,0.018762,0.004202,0.018741,0.004200,0.014293,0.004246,0.014357,0.000000,0.000026,0.000000,0.000000,0.644387,0.355613,0.000000,0.000000,0.000000,0.066067,0.065865
0.5800,-0.00180,0.01948,0.48018,1.00000,0.00004,0.00010,-0.00003,0.00438,0.01428,0.31456,0.31446,0.00021,0.01887,2,0.03487,0.00021,0.034785,-0.00007,-0.0537,-0.0004,0.0043,-0.0064,-0.0288,-0.0183,-0.0482,0,0.04900,0.01900,0.0011,0.0025,0.005684,0.051228,0.0195,0.0138,41.8553,0.0188,0.0213,41.8578,0.0093,-0.0560,22.9940,0.0128,-0.0320,23.1875,0.001475,0.001565,41.8553,0.001472,0.001545,41.8578,-0.002822,-0.002392,22.9940,-0.002767,-0.002383,23.1875,-0.00057,-0.06809,-0.36043,0.70081,-0.34047,0.06723,0.00075,-0.06646,-0.36192,0.70436,-0.34278,0.06709,0.00198,0.00009,0.00178,0.00016,-0.00255,0.57234,0.12341,-1.14197,0.06903,-0.04783,0.00244,0.33101,-0.12047,-0.64390,-0.05829,0.07518,0.00083,0.00005,0.00067,0.00007,6.000,6.000,12.000,12.000,6.000,6.000,6.000,6.000,12.000,12.000,6.000,6.000,6.000,6.000,6.000,6.000,0.004217,0.018887,0.004202,0.018865,0.004200,0.014418,0.004245,0.014483,0.000000,0.000026,0.000000,0.000000,0.645652,0.354348,0.000000,0.000000,0.000000,0.066650,0.066477
0.5850,-0.00181,0.01966,0.48018,1.00000,0.00004,0.00010,-0.00003,0.00438,0.01441,0.31456,0.31446,0.00021,0.01899,2,0.03487,0.00021,0.034784,-0.00007,-0.0536,-0.0004,0.0042,-0.0063,-0.0288,-0.0183,-0.0480,0,0.04900,0.01900,0.0011,0.0025,0.005693,0.051248,0.0191,0.0147,41.9372,0.0185,0.0222,41.9396,0.0089,-0.0563,22.9122,0.0124,-0.0323,23.1057,0.001484,0.001586,41.9372,0.001482,0.001566,41.9396,-0.002853,-0.002445,22.9123,-0.002798,-0.002435,23.1057,-0.00058,-0.06868,-0.36030,0.70048,-0.34027,0.06782,0.00076,-0.06706,-0.36179,0.70406,-0.34261,0.06770,0.00199,0.00009,0.00178,0.00016,-0.00259,0.57850,0.12456,-1.14364,0.06952,-0.04885,0.00248,0.33311,-0.12139,-0.64151,-0.05879,0.07618,0.00084,0.00005,0.00068,0.00007,6.000,6.000,12.000,12.000,6.000,6.000,6.000,6.000,12.000,12.000,6.000,6.000,6.000,6.000,6.000,6.000,0.004217,0.019011,0.004202,0.018989,0.004200,0.014542,0.004245,0.014608,0.000000,0.000027,0.000000,0.000000,0.646916,0.353084,0.000000,0.000000,0.000000,0.067233,0.067088
0.5900,-0.00181,0.01983,0.48017,1.00000,0.00004,0.00010,-0.00003,0.00438,0.01454,0.31456,0.31446,0.00021,0.01911,2,0.03487,0.00021,0.034784,-0.00007,-0.0535,-0.0004,0.0041,-0.0062,-0.0288,-0.0183,-0.0479,0,0.04900,0.01900,0.0012,0.0025,0.005703,0.051269,0.0187,0.0156,42.0190,0.0181,0.0232,42.0214,0.0085,-0.0566,22.8305,0.0120,-0.0327,23.0240,0.001493,0.001607,42.0190,0.001491,0.001586,42.0214,-0.002885,-0.002499,22.8305,-0.002829,-0.002488,23.0240,-0.00058,-0.06927,-0.36016,0.70015,-0.34008,0.06840,0.00076,-0.06765,-0.36166,0.70375,-0.34244,0.06831,0.00199,0.00009,0.00179,0.00016,-0.00263,0.58467,0.12571,-1.14531,0.07001,-0.04989,0.00252,0.33518,-0.12231,-0.63912,-0.05930,0.07719,0.00084,0.00005,0.00068,0.00007,6.000,6.000,12.000,12.000,6.000,6.000,6.000,6.000,12.000,12.000,6.000,6.000,6.000,6.000,6.000,6.000,0.004217,0.019136,0.004202,0.019113,0.004200,0.014666,0.004244,0.014734,0.000000,0.000027,0.000000,0.000000,0.648179,0.351821,0.000000,0.000000,0.000000,0.067815,0.067700
0.5950,-0.00181,0.02000,0.48017,1.00000,0.00004,0.00010,-0.00003,0.00437,0.01466,0.31456,0.31446,0.00021,0.01924,2,0.03487,0.00021,0.034784,-0.00007,-0.0534,-0.0004,0.0040,-0.0061,-0.0288,-0.0183,-0.0477,0,0.04900,0.01900,0.0012,0.0025,0.005712,0.051290,0.0184,0.0165,42.1007,0.0177,0.0242,42.1031,0.0080,-0.0569,22.7488,0.0116,-0.0330,22.9423,0.001502,0.001628,42.1007,0.001500,0.001607,42.1031,-0.002916,-0.002553,22.7488,-0.002861,-0.002541,22.9423,-0.00058,-0.06987,-0.36001,0.69981,-0.33989,0.06898,0.00076,-0.06825,-0.36153,0.70345,-0.34226,0.06892,0.00200,0.00009,0.00179,0.00016,-0.00267,0.59086,0.12685,-1.14697,0.07051,-0.05093,0.00255,0.33725,-0.12323,-0.63672,-0.05980,0.07821,0.00085,0.00005,0.00069,0.00007,6.000,6.000,12.000,12.000,6.000,6.000,6.000,6.000,12.000,12.000,6.000,6.000,6.000,6.000,6.000,6.000,0.004216,0.019261,0.004202,0.019238,0.004200,0.014791,0.004243,0.014859,0.000000,0.000027,0.000000,0.000000,0.649442,0.350558,0.000000,0.000000,0.000000,0.068397,0.068310
0.6000,-0.00182,0.02018,0.48017,1.00000,0.00004,0.00010,-0.00003,0.00437,0.01479,0.31456,0.31446,0.00021,0.01936,2,0.03487,0.00021,0.034783,-0.00007,-0.0533,-0.0004,0.0039,-0.0060,-0.0288,-0.0183,-0.0475,0,0.04900,0.01900,0.0012,0.0026,0.005721,0.051310,0.0180,0.0173,42.1825,0.0174,0.0252,42.1848,0.0076,-0.0572,22.6671,0.0112,-0.0334,22.8607,0.001512,0.001649,42.1825,0.001509,0.001628,42.1848,-0.002948,-0.002608,22.6672,-0.002892,-0.002595,22.8607,-0.00058,-0.07046,-0.35987,0.69947,-0.33970,0.06956,0.00077,-0.06885,-0.36140,0.70314,-0.34209,0.06953,0.00200,0.00009,0.00179,0.00016,-0.00270,0.59707,0.12799,-1.14862,0.07100,-0.05199,0.00259,0.33929,-0.12414,-0.63433,-0.06030,0.07924,0.00086,0.00006,0.00070,0.00007,6.000,6.000,12.000,12.000,6.000,6.000,6.000,6.000,12.000,12.000,6.000,6.000,6.000,6.000,6.000,6.000,0.004216,0.019385,0.004202,0.019362,0.004200,0.014915,0.004243,0.014985,0.000000,0.000027,0.000000,0.000000,0.650705,0.349295,0.000000,0.000000,0.000000,0.068978,0.068921
0.6050,-0.00182,0.02035,0.48017,1.00000,0.00004,0.00010,-0.00003,0.00436,0.01492,0.31456,0.31446,0.00021,0.01949,2,0.03487,0.00021,0.034783,-0.00007,-0.0532,-0.0004,0.0038,-0.0059,-0.0288,-0.0183,-0.0474,0,0.04900,0.01900,0.0012,0.0026,0.005730,0.051331,0.0177,0.0182,42.2642,0.0170,0.0262,42.2665,0.0072,-0.0575,22.5855,0.0108,-0.0338,22.7790,0.001521,0.001670,42.2642,0.001518,0.001649,42.2665,-0.002980,-0.002664,22.5856,-0.002924,-0.002650,22.7790,-0.00058,-0.07105,-0.35972,0.69913,-0.33950,0.07014,0.00077,-0.06944,-0.36127,0.70283,-0.34192,0.07014,0.00201,0.00009,0.00180,0.00017,-0.00274,0.60328,0.12913,-1.15027,0.07149,-0.05305,0.00263,0.34131,-0.12506,-0.63194,-0.06080,0.08027,0.00087,0.00006,0.00070,0.00008,6.000,6.000,12.000,12.000,6.000,6.000,6.000,6.000,12.000,12.000,6.000,6.000,6.000,6.000,6.000,6.000,0.004216,0.019510,0.004202,0.019486,0.004200,0.015039,0.004242,0.015110,0.000000,0.000028,0.000000,0.000000,0.651966,0.348034,0.000000,0.000000,0.000000,0.069558,0.069531
0.6100,-0.00182,0.02052,0.48017,1.00000,0.00004,0.00011,-0.00003,0.00436,0.01505,0.31456,0.31446,0.00021,0.01961,2,0.03488,0.00021,0.034783,-0.00007,-0.0531,-0.0004,0.0036,-0.0058,-0.0287,-0.0183,-0.0472,0,0.04900,0.01900,0.0013,0.0026,0.005739,0.051352,0.0174,0.0191,42.3458,0.0167,0.0272,42.3481,0.0068,-0.0578,22.5039,0.0104,-0.0342,22.6975,0.001530,0.001691,42.3458,0.001527,0.001670,42.3481,-0.003013,-0.002721,22.5039,-0.002956,-0.002705,22.6975,-0.00058,-0.07164,-0.35957,0.69879,-0.33931,0.07072,0.00077,-0.07004,-0.36113,0.70252,-0.34174,0.07075,0.00202,0.00009,0.00180,0.00017,-0.00278,0.60952,0.13026,-1.15191,0.07198,-0.05411,0.00267,0.34331,-0.12597,-0.62954,-0.06130,0.08132,0.00087,0.00006,0.00071,0.00008,6.000,6.000,12.000,12.000,6.000,6.000,6.000,6.000,12.000,12.000,6.000,6.000,6.000,6.000,6.000,6.000,0.004216,0.019634,0.004202,0.019610,0.004200,0.015164,0.004242,0.015236,0.000000,0.000028,0.000000,0.000000,0.653228,0.346772,0.000000,0.000000,0.000000,0.070138,0.070140
0.6150,-0.00182,0.02069,0.48017,1.00000,0.00004,0.00011,-0.00003,0.00435,0.01518,0.31456,0.31446,0.00021,0.01973,2,0.03488,0.00021,0.034782,-0.00007,-0.0529,-0.0004,0.0035,-0.0058,-0.0287,-0.0183,-0.0470,0,0.04900,0.01900,0.0013,0.0027,0.005748,0.051374,0.0170,0.0200,42.4275,0.0164,0.0282,42.4298,0.0064,-0.0582,22.4223,0.0100,-0.0345,22.6159,0.001539,0.001713,42.4275,0.001536,0.001691,42.4298,-0.003045,-0.002778,22.4224,-0.002988,-0.002761,22.6159,-0.00058,-0.07223,-0.35942,0.69844,-0.33911,0.07130,0.00077,-0.07063,-0.36099,0.70221,-0.34157,0.07136,0.00202,0.00009,0.00180,0.00017,-0.00282,0.61576,0.13139,-1.15354,0.07248,-0.05519,0.00271,0.34530,-0.12689,-0.62715,-0.06179,0.08237,0.00088,0.00006,0.00071,0.00008,6.000,6.000,12.000,12.000,6.000,6.000,6.000,6.000,12.000,12.000,6.000,6.000,6.000,6.000,6.000,6.000,0.004216,0.019759,0.004202,0.019734,0.004200,0.015288,0.004241,0.015361,0.000000,0.000028,0.000000,0.000000,0.654489,0.345511,0.000000,0.000000,0.000000,0.070717,0.070750
0.6200,-0.00182,0.02087,0.48017,1.00000,0.00004,0.00011,-0.00003,0.00435,0.01530,0.31456,0.31446,0.00021,0.01986,2,0.03488,0.00021,0.034782,-0.00007,-0.0528,-0.0004,0.0034,-0.0057,-0.0287,-0.0183,-0.0469,0,0.04900,0.01900,0.0013,0.0027,0.005757,0.051395,0.0167,0.0208,42.5091,0.0161,0.0292,42.5114,0.0061,-0.0585,22.3408,0.0096,-0.0350,22.5344,0.001548,0.001734,42.5091,0.001545,0.001712,42.5114,-0.003078,-0.002836,22.3408,-0.003021,-0.002818,22.5344,-0.00059,-0.07282,-0.35927,0.69809,-0.33892,0.07187,0.00078,-0.07122,-0.36085,0.70189,-0.34139,0.07197,0.00203,0.00009,0.00181,0.00017,-0.00286,0.62203,0.13251,-1.15516,0.07297,-0.05627,0.00274,0.34726,-0.12780,-0.62476,-0.06228,0.08343,0.00089,0.00006,0.00072,0.00008,6.000,6.000,12.000,12.000,6.000,6.000,6.000,6.000,12.000,12.000,6.000,6.000,6.000,6.000,6.000,6.000,0.004216,0.019883,0.004202,0.019859,0.004200,0.015412,0.004241,0.015487,0.000000,0.000028,0.000000,0.000000,0.655750,0.344250,0.000000,0.000000,0.000000,0.071295,0.071359
0.6250,-0.00183,0.02104,0.48017,1.00000,0.00004,0.00011,-0.00003,0.00435,0.01543,0.31456,0.31446,0.00021,0.01998,2,0.03488,0.00021,0.034781,-0.00007,-0.0527,-0.0004,0.0033,-0.0056,-0.0287,-0.0183,-0.0468,0,0.04900,0.01900,0.0013,0.0027,0.005766,0.051416,0.0164,0.0217,42.5907,0.0158,0.0301,42.5929,0.0057,-0.0589,22.2592,0.0092,-0.0354,22.4528,0.001556,0.001756,42.5907,0.001554,0.001734,42.5929,-0.003111,-0.002895,22.2593,-0.003053,-0.002876,22.4528,-0.00059,-0.07341,-0.35911,0.69774,-0.33872,0.07245,0.00078,-0.07182,-0.36071,0.70157,-0.34122,0.07258,0.00203,0.00009,0.00181,0.00017,-0.00290,0.62830,0.13363,-1.15678,0.07347,-0.05737,0.00278,0.34921,-0.12872,-0.62237,-0.06277,0.08450,0.00089,0.00007,0.00072,0.00008,6.000,6.000,12.000,12.000,6.000,6.000,6.000,6.000,12.000,12.000,6.000,6.000,6.000,6.000,6.000,6.000,0.004216,0.020008,0.004202,0.019983,0.004200,0.015536,0.004240,0.015612,0.000000,0.000029,0.000000,0.000000,0.657010,0.342990,0.000000,0.000000,0.000000,0.071873,0.071967
0.6300,-0.00183,0.02121,0.48017,1.00000,0.00004,0.00011,-0.00004,0.00434,0.01556,0.31456,0.31446,0.00021,0.02011,2,0.03488,0.00021,0.034781,-0.00007,-0.0526,-0.0004,0.0032,-0.0055,-0.0287,-0.0183,-0.0466,0,0.04900,0.01900,0.0014,0.0027,0.005774,0.051438,0.0161,0.0226,42.6723,0.0155,0.0311,42.6745,0.0053,-0.0592,22.1777,0.0089,-0.0358,22.3714,0.001565,0.001778,42.6723,0.001563,0.001755,42.6745,-0.003144,-0.002954,22.1778,-0.003086,-0.002934,22.3714,-0.00059,-0.07400,-0.35895,0.69739,-0.33852,0.07303,0.00078,-0.07241,-0.36056,0.70124,-0.34104,0.07318,0.00204,0.00009,0.00181,0.00017,-0.00294,0.63459,0.13474,-1.15839,0.07396,-0.05847,0.00282,0.35114,-0.12963,-0.61998,-0.06326,0.08558,0.00090,0.00007,0.00073,0.00008,6.000,6.000,12.000,12.000,6.000,6.000,6.000,6.000,12.000,12.000,6.000,6.000,6.000,6.000,6.000,6.000,0.004216,0.020132,0.004202,0.020107,0.004200,0.015661,0.004240,0.015737,0.000000,0.000029,0.000000,0.000000,0.658271,0.341729,0.000000,0.000000,0.000000,0.072450,0.072576
0.6350,-0.00183,0.02138,0.48017,1.00000,0.00004,0.00011,-0.00004,0.00434,0.01569,0.31456,0.31446,0.00021,0.02023,2,0.03488,0.00021,0.034781,-0.00007,-0.0525,-0.0004,0.0031,-0.0055,-0.0287,-0.0183,-0.0465,0,0.04900,0.01900,0.0014,0.0028,0.005783,0.051459,0.0159,0.0235,42.7538,0.0152,0.0321,42.7560,0.0050,-0.0596,22.0963,0.0085,-0.0362,22.2899,0.001574,0.001800,42.7538,0.001571,0.001777,42.7560,-0.003177,-0.003015,22.0963,-0.003119,-0.002994,22.2899,-0.00059,-0.07459,-0.35879,0.69703,-0.33833,0.07360,0.00078,-0.07300,-0.36041,0.70092,-0.34086,0.07379,0.00204,0.00009,0.00182,0.00017,-0.00298,0.64090,0.13586,-1.15999,0.07446,-0.05958,0.00286,0.35305,-0.13054,-0.61758,-0.06375,0.08666,0.00090,0.00007,0.00073,0.00009,6.000,6.000,12.000,12.000,6.000,6.000,6.000,6.000,12.000,12.000,6.000,6.000,6.000,6.000,6.000,6.000,0.004216,0.020257,0.004202,0.020231,0.004200,0.015785,0.004239,0.015863,0.000000,0.000029,0.000000,0.000000,0.659530,0.340470,0.000000,0.000000,0.000000,0.073027,0.073183
0.6400,-0.00183,0.02156,0.48017,1.00000,0.00004,0.00011,-0.00004,0.00434,0.01582,0.31456,0.31446,0.00021,0.02036,2,0.03488,0.00021,0.034780,-0.00007,-0.0524,-0.0004,0.0030,-0.0054,-0.0287,-0.0183,-0.0463,0,0.04900,0.01900,0.0014,0.0028,0.005792,0.051481,0.0156,0.0243,42.8354,0.0149,0.0331,42.8375,0.0046,-0.0600,22.0148,0.0082,-0.0367,22.2084,0.001583,0.001822,42.8354,0.001580,0.001799,42.8375,-0.003211,-0.003076,22.0148,-0.003152,-0.003054,22.2084,-0.00059,-0.07518,-0.35863,0.69667,-0.33813,0.07418,0.00079,-0.07360,-0.36026,0.70059,-0.34068,0.07440,0.00205,0.00009,0.00182,0.00017,-0.00302,0.64722,0.13697,-1.16159,0.07496,-0.06070,0.00290,0.35494,-0.13145,-0.61519,-0.06423,0.08776,0.00091,0.00007,0.00074,0.00009,6.000,6.000,12.000,12.000,6.000,6.000,6.000,6.000,12.000,12.000,6.000,6.000,6.000,6.000,6.000,6.000,0.004216,0.020381,0.004202,0.020355,0.004200,0.015909,0.004239,0.015988,0.000000,0.000029,0.000000,0.000000,0.660790,0.339210,0.000000,0.000000,0.000000,0.073603,0.073791
0.6450,-0.00183,0.02173,0.48017,1.00000,0.00004,0.00011,-0.00004,0.00433,0.01594,0.31456,0.31446,0.00021,0.02048,2,0.03488,0.00021,0.034780,-0.00007,-0.0523,-0.0004,0.0030,-0.0053,-0.0287,-0.0183,-0.0462,0,0.04900,0.01900,0.0014,0.0029,0.005800,0.051503,0.0153,0.0252,42.9169,0.0146,0.0341,42.9190,0.0043,-0.0604,21.9333,0.0079,-0.0371,22.1270,0.001591,0.001844,42.9169,0.001589,0.001821,42.9190,-0.003244,-0.003138,21.9334,-0.003185,-0.003114,22.1270,-0.00059,-0.07577,-0.35847,0.69631,-0.33793,0.07475,0.00079,-0.07419,-0.36011,0.70026,-0.34050,0.07501,0.00205,0.00008,0.00182,0.00017,-0.00306,0.65356,0.13807,-1.16318,0.07545,-0.06182,0.00294,0.35681,-0.13236,-0.61280,-0.06471,0.08886,0.00092,0.00007,0.00074,0.00009,6.000,6.000,12.000,12.000,6.000,6.000,6.000,6.000,12.000,12.000,6.000,6.000,6.000,6.000,6.000,6.000,0.004216,0.020506,0.004203,0.020479,0.004200,0.016034,0.004239,0.016113,0.000000,0.000029,0.000000,0.000000,0.662049,0.337951,0.000000,0.000000,0.000000,0.074179,0.074398
0.6500,-0.00183,0.02190,0.48017,1.00000,0.00004,0.00011,-0.00004,0.00433,0.01607,0.31456,0.31446,0.00021,0.02060,2,0.03488,0.00021,0.034780,-0.00007,-0.0522,-0.0004,0.0029,-0.0052,-0.0287,-0.0183,-0.0461,0,0.04900,0.01900,0.0015,0.0029,0.005809,0.051525,0.0150,0.0261,42.9984,0.0143,0.0350,43.0005,0.0040,-0.0608,21.8519,0.0075,-0.0376,22.0456,0.001600,0.001867,42.9984,0.001597,0.001843,43.0005,-0.003278,-0.003201,21.8520,-0.003219,-0.003176,22.0456,-0.00059,-0.07636,-0.35830,0.69594,-0.33773,0.07533,0.00079,-0.07478,-0.35996,0.69992,-0.34033,0.07561,0.00206,0.00008,0.00182,0.00017,-0.00310,0.65991,0.13917,-1.16476,0.07595,-0.06296,0.00298,0.35867,-0.13327,-0.61041,-0.06519,0.08997,0.00092,0.00007,0.00075,0.00009,6.000,6.000,12.000,12.000,6.000,6.000,6.000,6.000,12.000,12.000,6.000,6.000,6.000,6.000,6.000,6.000,0.004216,0.020630,0.004203,0.020604,0.004200,0.016158,0.004238,0.016238,0.000000,0.000030,0.000000,0.000000,0.663308,0.336692,0.000000,0.000000,0.000000,0.074754,0.075005
0.6550,-0.00183,0.02207,0.48017,1.00000,0.00004,0.00011,-0.00004,0.00433,0.01620,0.31456,0.31446,0.00021,0.02073,2,0.03488,0.00021,0.034779,-0.00007,-0.0521,-0.0004,0.0028,-0.0052,-0.0286,-0.0183,-0.0459,0,0.04900,0.01900,0.0015,0.0029,0.005818,0.051547,0.0148,0.0269,43.0799,0.0141,0.0360,43.0819,0.0036,-0.0613,21.7705,0.0072,-0.0381,21.9642,0.001609,0.001889,43.0799,0.001606,0.001865,43.0819,-0.003313,-0.003264,21.7705,-0.003252,-0.003239,21.9642,-0.00060,-0.07694,-0.35813,0.69558,-0.33753,0.07590,0.00080,-0.07537,-0.35980,0.69958,-0.34014,0.07622,0.00206,0.00008,0.00183,0.00017,-0.00314,0.66627,0.14027,-1.16633,0.07645,-0.06410,0.00302,0.36050,-0.13418,-0.60802,-0.06567,0.09109,0.00093,0.00007,0.00075,0.00009,6.000,6.000,12.000,12.000,6.000,6.000,6.000,6.000,12.000,12.000,6.000,6.000,6.000,6.000,6.000,6.000,0.004215,0.020755,0.004203,0.020728,0.004200,0.016282,0.004238,0.016363,0.000000,0.000030,0.000000,0.000000,0.664567,0.335433,0.000000,0.000000,0.000000,0.075329,0.075612
0.6600,-0.00183,0.02224,0.48017,1.00000,0.00004,0.00011,-0.00004,0.00432,0.01632,0.31456,0.31446,0.00021,0.02085,2,0.03488,0.00021,0.034779,-0.00007,-0.0520,-0.0004,0.0027,-0.0051,-0.0286,-0.0183,-0.0458,0,0.04900,0.01900,0.0015,0.0030,0.005826,0.051569,0.0145,0.0278,43.1613,0.0138,0.0370,43.1634,0.0033,-0.0617,21.6891,0.0069,-0.0386,21.8828,0.001617,0.001912,43.1613,0.001615,0.001888,43.1634,-0.003347,-0.003329,21.6891,-0.003286,-0.003302,21.8828,-0.00060,-0.07753,-0.35796,0.69521,-0.33733,0.07648,0.00080,-0.07596,-0.35965,0.69924,-0.33996,0.07682,0.00207,0.00008,0.00183,0.00017,-0.00318,0.67266,0.14137,-1.16790,0.07694,-0.06525,0.00306,0.36232,-0.13509,-0.60564,-0.06615,0.09222,0.00093,0.00008,0.00076,0.00009,6.000,6.000,12.000,12.000,6.000,6.000,6.000,6.000,12.000,12.000,6.000,6.000,6.000,6.000,6.000,6.000,0.004215,0.020879,0.004203,0.020852,0.004200,0.016406,0.004237,0.016488,0.000000,0.000030,0.000000,0.000000,0.665825,0.334175,0.000000,0.000000,0.000000,0.075903,0.076219
0.6650,-0.00184,0.02242,0.48017,1.00000,0.00004,0.00011,-0.00004,0.00432,0.01645,0.31456,0.31446,0.00021,0.02098,2,0.03488,0.00021,0.034778,-0.00007,-0.0519,-0.0004,0.0026,-0.0050,-0.0286,-0.0183,-0.0457,0,0.04900,0.01900,0.0016,0.0030,0.005835,0.051592,0.0143,0.0287,43.2428,0.0135,0.0380,43.2448,0.0030,-0.0621,21.6077,0.0066,-0.0391,21.8015,0.001626,0.001934,43.2428,0.001623,0.001910,43.2448,-0.003382,-0.003394,21.6078,-0.003320,-0.003366,21.8015,-0.00060,-0.07812,-0.35779,0.69483,-0.33713,0.07705,0.00080,-0.07655,-0.35949,0.69890,-0.33978,0.07743,0.00207,0.00008,0.00183,0.00017,-0.00322,0.67905,0.14246,-1.16946,0.07744,-0.06641,0.00310,0.36412,-0.13600,-0.60325,-0.06662,0.09336,0.00094,0.00008,0.00076,0.00009,6.000,6.000,12.000,12.000,6.000,6.000,6.000,6.000,12.000,12.000,6.000,6.000,6.000,6.000,6.000,6.000,0.004215,0.021004,0.004203,0.020976,0.004200,0.016531,0.004237,0.016614,0.000000,0.000030,0.000000,0.000000,0.667083,0.332917,0.000000,0.000000,0.000000,0.076476,0.076825
0.6700,-0.00184,0.02259,0.48017,1.00000,0.00004,0.00011,-0.00004,0.00432,0.01658,0.31456,0.31446,0.00022,0.02110,2,0.03488,0.00022,0.034778,-0.00007,-0.0518,-0.0004,0.0025,-0.0050,-0.0286,-0.0183,-0.0456,0,0.04900,0.01900,0.0016,0.0031,0.005843,0.051614,0.0141,0.0295,43.3242,0.0133,0.0390,43.3262,0.0027,-0.0626,21.5263,0.0063,-0.0396,21.7201,0.001634,0.001957,43.3242,0.001631,0.001933,43.3262,-0.003416,-0.003460,21.5264,-0.003355,-0.003431,21.7201,-0.00060,-0.07870,-0.35762,0.69446,-0.33692,0.07762,0.00081,-0.07714,-0.35933,0.69856,-0.33960,0.07804,0.00208,0.00008,0.00183,0.00017,-0.00326,0.68546,0.14354,-1.17101,0.07794,-0.06758,0.00314,0.36590,-0.13690,-0.60086,-0.06710,0.09450,0.00094,0.00008,0.00076,0.00010,6.000,6.000,12.000,12.000,6.000,6.000,6.000,6.000,12.000,12.000,6.000,6.000,6.000,6.000,6.000,6.000,0.004215,0.021128,0.004203,0.021100,0.004200,0.016655,0.004237,0.016739,0.000000,0.000031,0.000000,0.000000,0.668341,0.331659,0.000000,0.000000,0.000000,0.077049,0.077431
0.6750,-0.00184,0.02276,0.48017,1.00000,0.00004,0.00011,-0.00004,0.00432,0.01671,0.31456,0.31446,0.00022,0.02122,2,0.03488,0.00022,0.034778,-0.00007,-0.0517,-0.0004,0.0025,-0.0049,-0.0286,-0.0183,-0.0454,0,0.04900,0.01900,0.0016,0.0031,0.005851,0.051637,0.0138,0.0304,43.4056,0.0131,0.0399,43.4076,0.0024,-0.0631,21.4450,0.0060,-0.0401,21.6388,0.001642,0.001980,43.4056,0.001640,0.001955,43.4076,-0.003452,-0.003527,21.4450,-0.003389,-0.003496,21.6388,-0.00060,-0.07929,-0.35744,0.69408,-0.33672,0.07819,0.00081,-0.07773,-0.35916,0.69821,-0.33942,0.07864,0.00208,0.00008,0.00184,0.00017,-0.00330,0.69189,0.14463,-1.17256,0.07844,-0.06875,0.00319,0.36767,-0.13781,-0.59847,-0.06757,0.09566,0.00095,0.00008,0.00077,0.00010,6.000,6.000,12.000,12.000,6.000,6.000,6.000,6.000,12.000,12.000,6.000,6.000,6.000,6.000,6.000,6.000,0.004215,0.021252,0.004203,0.021224,0.004200,0.016779,0.004237,0.016864,0.000000,0.000031,0.000000,0.000000,0.669599,0.330401,0.000000,0.000000,0.000000,0.077622,0.078036
0.6800,-0.00184,0.02293,0.48017,1.00000,0.00004,0.00011,-0.00004,0.00431,0.01683,0.31456,0.31446,0.00022,0.02135,2,0.03488,0.00022,0.034777,-0.00007,-0.0515,-0.0004,0.0024,-0.0049,-0.0286,-0.0183,-0.0453,0,0.04900,0.01900,0.0016,0.0032,0.005860,0.051660,0.0136,0.0313,43.4870,0.0128,0.0409,43.4889,0.0022,-0.0635,21.3636,0.0057,-0.0406,21.5575,0.001651,0.002003,43.4870,0.001648,0.001978,43.4889,-0.003487,-0.003595,21.3637,-0.003424,-0.003563,21.5575,-0.00061,-0.07988,-0.35727,0.69370,-0.33651,0.07877,0.00081,-0.07832,-0.35900,0.69786,-0.33923,0.07925,0.00209,0.00008,0.00184,0.00017,-0.00334,0.69833,0.14571,-1.17410,0.07893,-0.06994,0.00323,0.36941,-0.13871,-0.59608,-0.06804,0.09682,0.00095,0.00008,0.00077,0.00010,6.000,6.000,12.000,12.000,6.000,6.000,6.000,6.000,12.000,12.000,6.000,6.000,6.000,6.000,6.000,6.000,0.004215,0.021377,0.004203,0.021348,0.004200,0.016904,0.004236,0.016989,0.000000,0.000031,0.000000,0.000000,0.670857,0.329143,0.000000,0.000000,0.000000,0.078194,0.078642
0.6850,-0.00184,0.02310,0.48017,1.00000,0.00004,0.00011,-0.00004,0.00431,0.01696,0.31456,0.31446,0.00022,0.02147,2,0.03488,0.00022,0.034777,-0.00007,-0.0514,-0.0004,0.0023,-0.0048,-0.0286,-0.0184,-0.0452,0,0.04900,0.01900,0.0017,0.0032,0.005868,0.051682,0.0134,0.0321,43.5684,0.0126,0.0419,43.5703,0.0019,-0.0640,21.2823,0.0055,-0.0412,21.4762,0.001659,0.002026,43.5684,0.001656,0.002001,43.5703,-0.003522,-0.003664,21.2824,-0.003459,-0.003630,21.4762,-0.00061,-0.08046,-0.35709,0.69331,-0.33631,0.07934,0.00081,-0.07891,-0.35883,0.69750,-0.33905,0.07985,0.00209,0.00008,0.00184,0.00017,-0.00339,0.70479,0.14679,-1.17563,0.07943,-0.07113,0.00327,0.37114,-0.13961,-0.59370,-0.06851,0.09799,0.00096,0.00008,0.00078,0.00010,6.000,6.000,12.000,12.000,6.000,6.000,6.000,6.000,12.000,12.000,6.000,6.000,6.000,6.000,6.000,6.000,0.004215,0.021501,0.004203,0.021473,0.004200,0.017028,0.004236,0.017114,0.000000,0.000031,0.000000,0.000000,0.672114,0.327886,0.000000,0.000000,0.000000,0.078766,0.079247
0.6900,-0.00184,0.02327,0.48017,1.00000,0.00004,0.00011,-0.00004,0.00431,0.01709,0.31456,0.31446,0.00022,0.02160,2,0.03488,0.00022,0.034777,-0.00007,-0.0513,-0.0004,0.0022,-0.0048,-0.0286,-0.0184,-0.0451,0,0.04900,0.01900,0.0017,0.0033,0.005876,0.051705,0.0132,0.0330,43.6498,0.0124,0.0429,43.6517,0.0016,-0.0645,21.2010,0.0052,-0.0417,21.3949,0.001667,0.002050,43.6498,0.001665,0.002024,43.6517,-0.003558,-0.003733,21.2011,-0.003495,-0.003699,21.3949,-0.00061,-0.08104,-0.35690,0.69292,-0.33610,0.07991,0.00082,-0.07949,-0.35866,0.69715,-0.33886,0.08046,0.00210,0.00008,0.00184,0.00017,-0.00343,0.71127,0.14786,-1.17716,0.07993,-0.07233,0.00331,0.37285,-0.14051,-0.59131,-0.06898,0.09917,0.00096,0.00008,0.00078,0.00010,6.000,6.000,12.000,12.000,6.000,6.000,6.000,6.000,12.000,12.000,6.000,6.000,6.000,6.000,6.000,6.000,0.004215,0.021626,0.004203,0.021597,0.004200,0.017152,0.004236,0.017239,0.000000,0.000031,0.000000,0.000000,0.673371,0.326629,0.000000,0.000000,0.000000,0.079337,0.079852
0.6950,-0.00184,0.02344,0.48017,1.00000,0.00004,0.00011,-0.00004,0.00430,0.01721,0.31456,0.31446,0.00022,0.02172,2,0.03488,0.00022,0.034776,-0.00007,-0.0512,-0.0004,0.0022,-0.0047,-0.0286,-0.0184,-0.0450,0,0.04900,0.01900,0.0017,0.0033,0.005884,0.051728,0.0130,0.0338,43.7312,0.0122,0.0439,43.7330,0.0013,-0.0650,21.1197,0.0049,-0.0423,21.3136,0.001675,0.002073,43.7312,0.001673,0.002047,43.7330,-0.003594,-0.003804,21.1198,-0.003530,-0.003768,21.3136,-0.00061,-0.08163,-0.35672,0.69253,-0.33590,0.08048,0.00082,-0.08008,-0.35849,0.69679,-0.33867,0.08106,0.00210,0.00008,0.00184,0.00018,-0.00347,0.71776,0.14893,-1.17867,0.08043,-0.07354,0.00335,0.37454,-0.14141,-0.58892,-0.06944,0.10036,0.00096,0.00008,0.00078,0.00010,6.000,6.000,12.000,12.000,6.000,6.000,6.000,6.000,12.000,12.000,6.000,6.000,6.000,6.000,6.000,6.000,0.004215,0.021750,0.004204,0.021721,0.004200,0.017276,0.004235,0.017364,0.000000,0.000031,0.000000,0.000000,0.674628,0.325372,0.000000,0.000000,0.000000,0.079907,0.080457
0.7000,-0.00184,0.02362,0.48017,1.00000,0.00004,0.00011,-0.00004,0.00430,0.01734,0.31456,0.31446,0.00022,0.02184,2,0.03488,0.00022,0.034776,-0.00007,-0.0511,-0.0004,0.0021,-0.0047,-0.0286,-0.0184,-0.0449,0,0.04900,0.01900,0.0018,0.0034,0.005892,0.051752,0.0128,0.0347,43.8125,0.0120,0.0448,43.8143,0.0011,-0.0655,21.0384,0.0047,-0.0428,21.2323,0.001683,0.002097,43.8125,0.001681,0.002070,43.8143,-0.003631,-0.003875,21.0385,-0.003566,-0.003838,21.2323,-0.00061,-0.08221,-0.35654,0.69214,-0.33569,0.08105,0.00082,-0.08067,-0.35832,0.69642,-0.33849,0.08167,0.00210,0.00008,0.00185,0.00018,-0.00352,0.72426,0.15000,-1.18019,0.08092,-0.07475,0.00339,0.37621,-0.14231,-0.58654,-0.06991,0.10155,0.00097,0.00009,0.00078,0.00010,6.000,6.000,12.000,12.000,6.000,6.000,6.000,6.000,12.000,12.000,6.000,6.000,6.000,6.000,6.000,6.000,0.004216,0.021874,0.004204,0.021845,0.004200,0.017401,0.004235,0.017489,0.000000,0.000032,0.000000,0.000000,0.675885,0.324115,0.000000,0.000000,0.000000,0.080478,0.081061
0.7050,-0.00184,0.02379,0.48017,1.00000,0.00004,0.00011,-0.00004,0.00430,0.01747,0.31456,0.31446,0.00022,0.02197,2,0.03488,0.00022,0.034775,-0.00007,-0.0510,-0.0004,0.0020,-0.0046,-0.0286,-0.0184,-0.0448,0,0.04900,0.01900,0.0018,0.0034,0.005900,0.051775,0.0126,0.0356,43.8939,0.0118,0.0458,43.8957,0.0008,-0.0661,20.9571,0.0044,-0.0434,21.1511,0.001692,0.002120,43.8939,0.001689,0.002094,43.8957,-0.003667,-0.003948,20.9572,-0.003602,-0.003909,21.1511,-0.00062,-0.08280,-0.35635,0.69175,-0.33548,0.08162,0.00083,-0.08126,-0.35814,0.69606,-0.33830,0.08227,0.00211,0.00008,0.00185,0.00018,-0.00356,0.73078,0.15107,-1.18169,0.08142,-0.07598,0.00344,0.37787,-0.14321,-0.58415,-0.07037,0.10275,0.00097,0.00009,0.00079,0.00010,6.000,6.000,12.000,12.000,6.000,6.000,6.000,6.000,12.000,12.000,6.000,6.000,6.000,6.000,6.000,6.000,0.004216,0.021999,0.004204,0.021969,0.004200,0.017525,0.004235,0.017614,0.000000,0.000032,0.000000,0.000000,0.677142,0.322858,0.000000,0.000000,0.000000,0.081047,0.081666
0.7100,-0.00184,0.02396,0.48017,1.00000,0.00004,0.00011,-0.00004,0.00430,0.01759,0.31456,0.31446,0.00022,0.02209,2,0.03488,0.00022,0.034775,-0.00007,-0.0509,-0.0004,0.0020,-0.0046,-0.0285,-0.0184,-0.0447,0,0.04900,0.01900,0.0018,0.0035,0.005908,0.051798,0.0124,0.0364,43.9752,0.0116,0.0468,43.9770,0.0006,-0.0666,20.8758,0.0042,-0.0440,21.0698,0.001700,0.002144,43.9752,0.001697,0.002117,43.9770,-0.003704,-0.004021,20.8759,-0.003638,-0.003981,21.0698,-0.00062,-0.08338,-0.35616,0.69135,-0.33527,0.08219,0.00083,-0.08184,-0.35796,0.69569,-0.33811,0.08287,0.00211,0.00008,0.00185,0.00018,-0.00360,0.73732,0.15213,-1.18319,0.08192,-0.07721,0.00348,0.37951,-0.14411,-0.58177,-0.07083,0.10397,0.00098,0.00009,0.00079,0.00010,6.000,6.000,12.000,12.000,6.000,6.000,6.000,6.000,12.000,12.000,6.000,6.000,6.000,6.000,6.000,6.000,0.004216,0.022123,0.004204,0.022093,0.004200,0.017649,0.004235,0.017739,0.000000,0.000032,0.000000,0.000000,0.678399,0.321601,0.000000,0.000000,0.000000,0.081617,0.082270
0.7150,-0.00184,0.02413,0.48017,1.00000,0.00004,0.00011,-0.00004,0.00430,0.01772,0.31456,0.31446,0.00022,0.02222,2,0.03488,0.00022,0.034775,-0.00007,-0.0508,-0.0004,0.0019,-0.0045,-0.0285,-0.0185,-0.0445,0,0.04900,0.01900,0.0019,0.0036,0.005916,0.051822,0.0123,0.0373,44.0565,0.0114,0.0478,44.0583,0.0003,-0.0671,20.7946,0.0039,-0.0446,20.9886,0.001707,0.002168,44.0565,0.001705,0.002141,44.0583,-0.003741,-0.004095,20.7946,-0.003675,-0.004054,20.9886,-0.00062,-0.08396,-0.35597,0.69095,-0.33506,0.08275,0.00083,-0.08243,-0.35779,0.69532,-0.33792,0.08348,0.00212,0.00008,0.00185,0.00018,-0.00365,0.74387,0.15318,-1.18468,0.08241,-0.07846,0.00352,0.38113,-0.14500,-0.57938,-0.07129,0.10519,0.00098,0.00009,0.00079,0.00010,6.000,6.000,12.000,12.000,6.000,6.000,6.000,6.000,12.000,12.000,6.000,6.000,6.000,6.000,6.000,6.000,0.004216,0.022247,0.004204,0.022217,0.004200,0.017774,0.004234,0.017864,0.000000,0.000032,0.000000,0.000000,0.679655,0.320345,0.000000,0.000000,0.000000,0.082186,0.082874
0.7200,-0.00184,0.02430,0.48017,1.00000,0.00004,0.00011,-0.00004,0.00429,0.01785,0.31456,0.31446,0.00022,0.02234,2,0.03488,0.00022,0.034774,-0.00007,-0.0507,-0.0003,0.0018,-0.0045,-0.0285,-0.0185,-0.0444,0,0.04900,0.01900,0.0019,0.0036,0.005924,0.051845,0.0121,0.0382,44.1378,0.0112,0.0487,44.1396,0.0001,-0.0677,20.7133,0.0037,-0.0452,20.9074,0.001715,0.002192,44.1379,0.001713,0.002165,44.1396,-0.003778,-0.004171,20.7134,-0.003712,-0.004128,20.9074,-0.00062,-0.08455,-0.35578,0.69054,-0.33485,0.08332,0.00084,-0.08302,-0.35760,0.69495,-0.33773,0.08408,0.00212,0.00008,0.00185,0.00018,-0.00369,0.75044,0.15424,-1.18616,0.08291,-0.07971,0.00357,0.38273,-0.14590,-0.57700,-0.07175,0.10642,0.00098,0.00009,0.00080,0.00011,6.000,6.000,12.000,12.000,6.000,6.000,6.000,6.000,12.000,12.000,6.000,6.000,6.000,6.000,6.000,6.000,0.004216,0.022372,0.004204,0.022341,0.004200,0.017898,0.004234,0.017989,0.000000,0.000032,0.000000,0.000000,0.680912,0.319088,0.000000,0.000000,0.000000,0.082754,0.083477
0.7250,-0.00183,0.02447,0.48017,1.00000,0.00004,0.00011,-0.00004,0.00429,0.01797,0.31456,0.31446,0.00022,0.02247,2,0.03489,0.00022,0.034774,-0.00007,-0.0506,-0.0003,0.0018,-0.0044,-0.0285,-0.0185,-0.0443,0,0.04900,0.01900,0.0019,0.0037,0.005932,0.051869,0.0119,0.0390,44.2191,0.0110,0.0497,44.2208,-0.0001,-0.0683,20.6321,0.0035,-0.0458,20.8261,0.001723,0.002216,44.2192,0.001721,0.002188,44.2208,-0.003816,-0.004247,20.6321,-0.003749,-0.004203,20.8261,-0.00062,-0.08513,-0.35558,0.69014,-0.33463,0.08389,0.00084,-0.08360,-0.35742,0.69457,-0.33753,0.08468,0.00212,0.00008,0.00185,0.00018,-0.00373,0.75702,0.15529,-1.18763,0.08341,-0.08097,0.00361,0.38431,-0.14679,-0.57461,-0.07221,0.10765,0.00099,0.00009,0.00080,0.00011,6.000,6.000,12.000,12.000,6.000,6.000,6.000,6.000,12.000,12.000,6.000,6.000,6.000,6.000,6.000,6.000,0.004216,0.022496,0.004204,0.022465,0.004200,0.018022,0.004234,0.018113,0.000000,0.000033,0.000000,0.000000,0.682168,0.317832,0.000000,0.000000,0.000000,0.083322,0.084081
0.7300,-0.00183,0.02464,0.48017,1.00000,0.00004,0.00011,-0.00004,0.00429,0.01810,0.31456,0.31446,0.00022,0.02259,2,0.03489,0.00022,0.034774,-0.00007,-0.0505,-0.0003,0.0017,-0.0044,-0.0285,-0.0185,-0.0443,0,0.04900,0.01900,0.0020,0.0037,0.005940,0.051893,0.0118,0.0399,44.3004,0.0108,0.0507,44.3021,-0.0003,-0.0688,20.5508,0.0032,-0.0465,20.7449,0.001731,0.002240,44.3005,0.001728,0.002212,44.3021,-0.003854,-0.004324,20.5509,-0.003786,-0.004278,20.7449,-0.00063,-0.08571,-0.35538,0.68973,-0.33442,0.08446,0.00084,-0.08419,-0.35724,0.69419,-0.33734,0.08529,0.00213,0.00008,0.00186,0.00018,-0.00378,0.76362,0.15634,-1.18910,0.08390,-0.08223,0.00365,0.38588,-0.14768,-0.57223,-0.07266,0.10890,0.00099,0.00009,0.00080,0.00011,6.000,6.000,12.000,12.000,6.000,6.000,6.000,6.000,12.000,12.000,6.000,6.000,6.000,6.000,6.000,6.000,0.004216,0.022620,0.004204,0.022589,0.004200,0.018146,0.004234,0.018238,0.000000,0.000033,0.000000,0.000000,0.683424,0.316576,0.000000,0.000000,0.000000,0.083890,0.084684
0.7350,-0.00183,0.02481,0.48017,1.00000,0.00004,0.00011,-0.00004,0.00429,0.01822,0.31456,0.31446,0.00022,0.02271,2,0.03489,0.00022,0.034773,-0.00007,-0.0504,-0.0003,0.0017,-0.0043,-0.0285,-0.0185,-0.0442,0,0.04900,0.01900,0.0020,0.0038,0.005947,0.051917,0.0116,0.0407,44.3817,0.0107,0.0517,44.3834,-0.0006,-0.0694,20.4696,0.0030,-0.0471,20.6637,0.001739,0.002265,44.3818,0.001736,0.002236,44.3834,-0.003892,-0.004402,20.4697,-0.003824,-0.004355,20.6637,-0.00063,-0.08629,-0.35519,0.68932,-0.33421,0.08502,0.00085,-0.08477,-0.35705,0.69381,-0.33715,0.08589,0.00213,0.00008,0.00186,0.00018,-0.00382,0.77023,0.15739,-1.19056,0.08440,-0.08351,0.00370,0.38743,-0.14857,-0.56985,-0.07312,0.11015,0.00099,0.00009,0.00080,0.00011,6.000,6.000,12.000,12.000,6.000,6.000,6.000,6.000,12.000,12.000,6.000,6.000,6.000,6.000,6.000,6.000,0.004216,0.022744,0.004205,0.022714,0.004200,0.018271,0.004233,0.018363,0.000000,0.000033,0.000000,0.000000,0.684680,0.315320,0.000000,0.000000,0.000000,0.084457,0.085287
0.7400,-0.00183,0.02498,0.48017,1.00000,0.00004,0.00011,-0.00004,0.00428,0.01835,0.31456,0.31446,0.00022,0.02284,2,0.03489,0.00022,0.034773,-0.00007,-0.0503,-0.0003,0.0016,-0.0043,-0.0285,-0.0186,-0.0441,0,0.04900,0.01900,0.0020,0.0039,0.005955,0.051941,0.0115,0.0416,44.4630,0.0105,0.0526,44.4647,-0.0008,-0.0700,20.3884,0.0028,-0.0477,20.5825,0.001746,0.002289,44.4630,0.001744,0.002261,44.4647,-0.003930,-0.004482,20.3884,-0.003861,-0.004433,20.5825,-0.00063,-0.08687,-0.35499,0.68890,-0.33399,0.08559,0.00085,-0.08536,-0.35686,0.69343,-0.33695,0.08649,0.00213,0.00008,0.00186,0.00018,-0.00387,0.77686,0.15843,-1.19201,0.08489,-0.08479,0.00374,0.38896,-0.14946,-0.56747,-0.07357,0.11142,0.00100,0.00009,0.00081,0.00011,6.000,6.000,12.000,12.000,6.000,6.000,6.000,6.000,12.000,12.000,6.000,6.000,6.000,6.000,6.000,6.000,0.004216,0.022869,0.004205,0.022838,0.004200,0.018395,0.004233,0.018488,0.000000,0.000033,0.000000,0.000000,0.685936,0.314064,0.000000,0.000000,0.000000,0.085024,0.085890
0.7450,-0.00183,0.02515,0.48017,1.00000,0.00004,0.00011,-0.00004,0.00428,0.01848,0.31456,0.31446,0.00022,0.02296,2,0.03489,0.00022,0.034773,-0.00007,-0.0502,-0.0003,0.0016,-0.0042,-0.0285,-0.0186,-0.0440,0,0.04900,0.01900,0.0020,0.0039,0.005963,0.051965,0.0113,0.0425,44.5443,0.0104,0.0536,44.5459,-0.0010,-0.0706,20.3071,0.0026,-0.0484,20.5013,0.001754,0.002313,44.5443,0.001751,0.002285,44.5459,-0.003969,-0.004562,20.3072,-0.003900,-0.004511,20.5013,-0.00063,-0.08745,-0.35478,0.68848,-0.33377,0.08616,0.00085,-0.08594,-0.35667,0.69304,-0.33675,0.08710,0.00214,0.00008,0.00186,0.00018,-0.00391,0.78351,0.15947,-1.19346,0.08539,-0.08609,0.00379,0.39047,-0.15035,-0.56509,-0.07402,0.11269,0.00100,0.00009,0.00081,0.00011,6.000,6.000,12.000,12.000,6.000,6.000,6.000,6.000,12.000,12.000,6.000,6.000,6.000,6.000,6.000,6.000,0.004216,0.022993,0.004205,0.022962,0.004200,0.018519,0.004233,0.018613,0.000000,0.000033,0.000000,0.000000,0.687192,0.312808,0.000000,0.000000,0.000000,0.085590,0.086493
0.7500,-0.00183,0.02532,0.48017,1.00000,0.00004,0.00011,-0.00004,0.00428,0.01860,0.31456,0.31446,0.00022,0.02309,2,0.03489,0.00022,0.034772,-0.00007,-0.0501,-0.0003,0.0015,-0.0042,-0.0285,-0.0186,-0.0439,0,0.04900,0.01900,0.0021,0.0040,0.005970,0.051989,0.0112,0.0433,44.6256,0.0102,0.0546,44.6272,-0.0012,-0.0712,20.2259,0.0024,-0.0491,20.4201,0.001762,0.002338,44.6256,0.001759,0.002309,44.6272,-0.004008,-0.004643,20.2260,-0.003938,-0.004591,20.4201,-0.00064,-0.08803,-0.35458,0.68806,-0.33356,0.08672,0.00086,-0.08653,-0.35648,0.69265,-0.33656,0.08770,0.00214,0.00008,0.00186,0.00018,-0.00396,0.79017,0.16050,-1.19490,0.08589,-0.08739,0.00383,0.39197,-0.15123,-0.56271,-0.07447,0.11397,0.00100,0.00009,0.00081,0.00011,6.000,6.000,12.000,12.000,6.000,6.000,6.000,6.000,12.000,12.000,6.000,6.000,6.000,6.000,6.000,6.000,0.004216,0.023117,0.004205,0.023086,0.004200,0.018644,0.004233,0.018738,0.000000,0.000033,0.000000,0.000000,0.688448,0.311552,0.000000,0.000000,0.000000,0.086156,0.087096
0.7550,-0.00183,0.02549,0.48017,1.00000,0.00004,0.00011,-0.00004,0.00428,0.01873,0.31456,0.31446,0.00022,0.02321,2,0.03489,0.00022,0.034772,-0.00007,-0.0500,-0.0003,0.0015,-0.0042,-0.0285,-0.0187,-0.0438,0,0.04900,0.01900,0.0021,0.0041,0.005978,0.052014,0.0111,0.0442,44.7068,0.0101,0.0556,44.7084,-0.0014,-0.0719,20.1447,0.0022,-0.0497,20.3389,0.001769,0.002363,44.7069,0.001767,0.002334,44.7084,-0.004047,-0.004726,20.1448,-0.003977,-0.004672,20.3389,-0.00064,-0.08861,-0.35437,0.68764,-0.33334,0.08729,0.00086,-0.08711,-0.35629,0.69226,-0.33636,0.08830,0.00214,0.00008,0.00186,0.00018,-0.00401,0.79685,0.16154,-1.19633,0.08638,-0.08870,0.00388,0.39344,-0.15212,-0.56033,-0.07492,0.11525,0.00101,0.00009,0.00081,0.00011,6.000,6.000,12.000,12.000,6.000,6.000,6.000,6.000,12.000,12.000,6.000,6.000,6.000,6.000,6.000,6.000,0.004216,0.023241,0.004205,0.023210,0.004200,0.018768,0.004233,0.018863,0.000000,0.000033,0.000000,0.000000,0.689704,0.310296,0.000000,0.000000,0.000000,0.086722,0.087698
0.7600,-0.00183,0.02566,0.48017,1.00000,0.00004,0.00011,-0.00004,0.00428,0.01885,0.31456,0.31446,0.00022,0.02333,2,0.03489,0.00022,0.034771,-0.00007,-0.0499,-0.0003,0.0014,-0.0041,-0.0285,-0.0187,-0.0437,0,0.04900,0.01900,0.0021,0.0042,0.005985,0.052038,0.0109,0.0450,44.7881,0.0099,0.0566,44.7896,-0.0016,-0.0725,20.0635,0.0020,-0.0504,20.2578,0.001776,0.002388,44.7881,0.001774,0.002358,44.7896,-0.004087,-0.004809,20.0636,-0.004015,-0.004754,20.2578,-0.00064,-0.08919,-0.35417,0.68721,-0.33312,0.08785,0.00087,-0.08770,-0.35609,0.69186,-0.33616,0.08890,0.00215,0.00008,0.00186,0.00018,-0.00405,0.80355,0.16257,-1.19775,0.08687,-0.09001,0.00392,0.39490,-0.15300,-0.55795,-0.07537,0.11655,0.00101,0.00009,0.00081,0.00011,6.000,6.000,12.000,12.000,6.000,6.000,6.000,6.000,12.000,12.000,6.000,6.000,6.000,6.000,6.000,6.000,0.004216,0.023366,0.004205,0.023334,0.004200,0.018892,0.004232,0.018988,0.000000,0.000034,0.000000,0.000000,0.690959,0.309041,0.000000,0.000000,0.000000,0.087287,0.088301
0.7650,-0.00183,0.02583,0.48017,1.00000,0.00004,0.00011,-0.00004,0.00428,0.01898,0.31456,0.31446,0.00022,0.02346,2,0.03489,0.00022,0.034771,-0.00007,-0.0498,-0.0003,0.0014,-0.0041,-0.0285,-0.0187,-0.0436,0,0.04900,0.01900,0.0022,0.0042,0.005993,0.052063,0.0108,0.0459,44.8693,0.0098,0.0576,44.8709,-0.0018,-0.0731,19.9823,0.0018,-0.0511,20.1766,0.001784,0.002413,44.8694,0.001782,0.002383,44.8709,-0.004126,-0.004893,19.9824,-0.004055,-0.004837,20.1766,-0.00064,-0.08977,-0.35396,0.68678,-0.33290,0.08842,0.00087,-0.08828,-0.35590,0.69146,-0.33596,0.08951,0.00215,0.00008,0.00186,0.00019,-0.00410,0.81026,0.16360,-1.19917,0.08737,-0.09134,0.00397,0.39635,-0.15388,-0.55557,-0.07582,0.11786,0.00101,0.00010,0.00081,0.00011,6.000,6.000,12.000,12.000,6.000,6.000,6.000,6.000,12.000,12.000,6.000,6.000,6.000,6.000,6.000,6.000,0.004216,0.023490,0.004205,0.023458,0.004200,0.019017,0.004232,0.019112,0.000000,0.000034,0.000000,0.000000,0.692215,0.307785,0.000000,0.000000,0.000000,0.087852,0.088903
0.7700,-0.00182,0.02600,0.48017,1.00000,0.00004,0.00011,-0.00004,0.00427,0.01911,0.31456,0.31446,0.00022,0.02358,2,0.03489,0.00022,0.034771,-0.00007,-0.0497,-0.0003,0.0013,-0.0041,-0.0284,-0.0187,-0.0435,0,0.04900,0.01900,0.0022,0.0043,0.006000,0.052087,0.0107,0.0468,44.9506,0.0096,0.0585,44.9521,-0.0019,-0.0738,19.9011,0.0016,-0.0518,20.0954,0.001791,0.002438,44.9506,0.001789,0.002408,44.9521,-0.004167,-0.004979,19.9012,-0.004094,-0.004920,20.0954,-0.00065,-0.09035,-0.35375,0.68635,-0.33268,0.08898,0.00087,-0.08886,-0.35570,0.69106,-0.33576,0.09011,0.00215,0.00008,0.00186,0.00019,-0.00414,0.81699,0.16462,-1.20058,0.08786,-0.09268,0.00401,0.39777,-0.15476,-0.55319,-0.07626,0.11917,0.00102,0.00010,0.00082,0.00011,6.000,6.000,12.000,12.000,6.000,6.000,6.000,6.000,12.000,12.000,6.000,6.000,6.000,6.000,6.000,6.000,0.004216,0.023614,0.004206,0.023582,0.004200,0.019141,0.004232,0.019237,0.000000,0.000034,0.000000,0.000000,0.693470,0.306530,0.000000,0.000000,0.000000,0.088417,0.089505
0.7750,-0.00182,0.02617,0.48017,1.00000,0.00004,0.00011,-0.00005,0.00427,0.01923,0.31456,0.31446,0.00022,0.02371,2,0.03489,0.00022,0.034770,-0.00007,-0.0496,-0.0003,0.0013,-0.0040,-0.0284,-0.0188,-0.0434,0,0.04900,0.01900,0.0022,0.0044,0.006008,0.052112,0.0106,0.0476,45.0318,0.0095,0.0595,45.0333,-0.0021,-0.0744,19.8199,0.0015,-0.0525,20.0143,0.001799,0.002463,45.0318,0.001796,0.002433,45.0333,-0.004207,-0.005066,19.8200,-0.004134,-0.005005,20.0143,-0.00065,-0.09093,-0.35353,0.68592,-0.33245,0.08954,0.00088,-0.08945,-0.35550,0.69066,-0.33556,0.09071,0.00216,0.00008,0.00186,0.00019,-0.00419,0.82373,0.16564,-1.20198,0.08835,-0.09402,0.00406,0.39918,-0.15564,-0.55081,-0.07670,0.12049,0.00102,0.00010,0.00082,0.00011,6.000,6.000,12.000,12.000,6.000,6.000,6.000,6.000,12.000,12.000,6.000,6.000,6.000,6.000,6.000,6.000,0.004217,0.023738,0.004206,0.023706,0.004200,0.019265,0.004232,0.019362,0.000000,0.000034,0.000000,0.000000,0.694726,0.305274,0.000000,0.000000,0.000000,0.088981,0.090107
0.7800,-0.00182,0.02634,0.48016,1.00000,0.00004,0.00011,-0.00005,0.00427,0.01936,0.31456,0.31446,0.00022,0.02383,2,0.03489,0.00022,0.034770,-0.00007,-0.0495,-0.0003,0.0012,-0.0040,-0.0284,-0.0188,-0.0434,0,0.04900,0.01900,0.0023,0.0045,0.006015,0.052137,0.0105,0.0485,45.1130,0.0094,0.0605,45.1146,-0.0023,-0.0751,19.7387,0.0013,-0.0532,19.9331,0.001806,0.002488,45.1131,0.001804,0.002458,45.1146,-0.004248,-0.005153,19.7388,-0.004174,-0.005091,19.9331,-0.00065,-0.09151,-0.35332,0.68548,-0.33223,0.09011,0.00088,-0.09003,-0.35529,0.69025,-0.33535,0.09131,0.00216,0.00008,0.00186,0.00019,-0.00424,0.83049,0.16666,-1.20337,0.08884,-0.09537,0.00411,0.40057,-0.15651,-0.54844,-0.07715,0.12182,0.00102,0.00010,0.00082,0.00011,6.000,6.000,12.000,12.000,6.000,6.000,6.000,6.000,12.000,12.000,6.000,6.000,6.000,6.000,6.000,6.000,0.004217,0.023862,0.004206,0.023830,0.004200,0.019389,0.004232,0.019487,0.000000,0.000034,0.000000,0.000000,0.695981,0.304019,0.000000,0.000000,0.000000,0.089545,0.090709
0.7850,-0.00182,0.02651,0.48016,1.00000,0.00004,0.00011,-0.00005,0.00427,0.01948,0.31456,0.31446,0.00022,0.02395,2,0.03489,0.00022,0.034770,-0.00007,-0.0494,-0.0003,0.0012,-0.0040,-0.0284,-0.0188,-0.0433,0,0.04900,0.01900,0.0023,0.0045,0.006022,0.052162,0.0104,0.0494,45.1943,0.0093,0.0615,45.1958,-0.0025,-0.0758,19.6576,0.0011,-0.0540,19.8520,0.001813,0.002513,45.1943,0.001811,0.002483,45.1958,-0.004289,-0.005242,19.6576,-0.004214,-0.005179,19.8520,-0.00065,-0.09209,-0.35310,0.68504,-0.33201,0.09067,0.00088,-0.09061,-0.35509,0.68984,-0.33515,0.09191,0.00216,0.00008,0.00187,0.00019,-0.00428,0.83726,0.16768,-1.20476,0.08934,-0.09673,0.00415,0.40194,-0.15739,-0.54606,-0.07759,0.12316,0.00102,0.00010,0.00082,0.00011,6.000,6.000,12.000,12.000,6.000,6.000,6.000,6.000,12.000,12.000,6.000,6.000,6.000,6.000,6.000,6.000,0.004217,0.023987,0.004206,0.023954,0.004200,0.019514,0.004232,0.019612,0.000000,0.000034,0.000000,0.000000,0.697236,0.302764,0.000000,0.000000,0.000000,0.090108,0.091311
0.7900,-0.00182,0.02668,0.48016,1.00000,0.00004,0.00011,-0.00005,0.00427,0.01961,0.31456,0.31446,0.00022,0.02408,2,0.03489,0.00022,0.034769,-0.00007,-0.0493,-0.0003,0.0012,-0.0040,-0.0284,-0.0189,-0.0432,0,0.04900,0.01900,0.0023,0.0046,0.006029,0.052187,0.0103,0.0502,45.2755,0.0091,0.0625,45.2770,-0.0026,-0.0765,19.5764,0.0009,-0.0547,19.7708,0.001820,0.002539,45.2755,0.001818,0.002508,45.2770,-0.004330,-0.005332,19.5765,-0.004255,-0.005267,19.7708,-0.00066,-0.09267,-0.35288,0.68460,-0.33178,0.09123,0.00089,-0.09120,-0.35488,0.68943,-0.33494,0.09251,0.00216,0.00008,0.00187,0.00019,-0.00433,0.84406,0.16869,-1.20613,0.08983,-0.09810,0.00420,0.40329,-0.15826,-0.54368,-0.07803,0.12451,0.00103,0.00010,0.00082,0.00011,6.000,6.000,12.000,12.000,6.000,6.000,6.000,6.000,12.000,12.000,6.000,6.000,6.000,6.000,6.000,6.000,0.004217,0.024111,0.004206,0.024078,0.004200,0.019638,0.004231,0.019737,0.000000,0.000035,0.000000,0.000000,0.698492,0.301508,0.000000,0.000000,0.000000,0.090671,0.091912
0.7950,-0.00182,0.02685,0.48016,1.00000,0.00004,0.00011,-0.00005,0.00427,0.01974,0.31456,0.31446,0.00022,0.02420,2,0.03489,0.00022,0.034769,-0.00007,-0.0491,-0.0003,0.0011,-0.0039,-0.0284,-0.0189,-0.0431,0,0.04900,0.01900,0.0024,0.0047,0.006036,0.052212,0.0102,0.0511,45.3567,0.0090,0.0635,45.3582,-0.0028,-0.0771,19.4952,0.0008,-0.0554,19.6897,0.001827,0.002564,45.3567,0.001825,0.002533,45.3582,-0.004372,-0.005424,19.4953,-0.004296,-0.005356,19.6897,-0.00066,-0.09325,-0.35266,0.68415,-0.33155,0.09180,0.00089,-0.09178,-0.35467,0.68901,-0.33474,0.09312,0.00217,0.00008,0.00187,0.00019,-0.00438,0.85086,0.16970,-1.20750,0.09032,-0.09947,0.00425,0.40463,-0.15913,-0.54131,-0.07847,0.12586,0.00103,0.00010,0.00082,0.00011,6.000,6.000,12.000,12.000,6.000,6.000,6.000,6.000,12.000,12.000,6.000,6.000,6.000,6.000,6.000,6.000,0.004217,0.024235,0.004207,0.024202,0.004200,0.019762,0.004231,0.019861,0.000000,0.000035,0.000000,0.000000,0.699747,0.300253,0.000000,0.000000,0.000000,0.091234,0.092514
0.8000,-0.00181,0.02702,0.48016,1.00000,0.00004,0.00011,-0.00005,0.00427,0.01986,0.31456,0.31446,0.00022,0.02433,2,0.03489,0.00022,0.034769,-0.00007,-0.0490,-0.0003,0.0011,-0.0039,-0.0284,-0.0189,-0.0430,0,0.04900,0.01900,0.0024,0.0048,0.006043,0.052237,0.0101,0.0520,45.4379,0.0089,0.0645,45.4394,-0.0029,-0.0778,19.4140,0.0006,-0.0562,19.6085,0.001834,0.002590,45.4380,0.001832,0.002559,45.4394,-0.004414,-0.005516,19.4141,-0.004337,-0.005447,19.6085,-0.00066,-0.09383,-0.35244,0.68370,-0.33132,0.09236,0.00090,-0.09236,-0.35447,0.68859,-0.33453,0.09372,0.00217,0.00008,0.00187,0.00019,-0.00443,0.85769,0.17071,-1.20887,0.09081,-0.10086,0.00429,0.40595,-0.16000,-0.53894,-0.07890,0.12722,0.00103,0.00010,0.00082,0.00011,6.000,6.000,12.000,12.000,6.000,6.000,6.000,6.000,12.000,12.000,6.000,6.000,6.000,6.000,6.000,6.000,0.004217,0.024359,0.004207,0.024326,0.004200,0.019887,0.004231,0.019986,0.000000,0.000035,0.000000,0.000000,0.701002,0.298998,0.000000,0.000000,0.000000,0.091796,0.093115
0.8050,-0.00181,0.02719,0.48016,1.00000,0.00004,0.00011,-0.00005,0.00426,0.01999,0.31456,0.31446,0.00022,0.02445,2,0.03489,0.00022,0.034768,-0.00007,-0.0489,-0.0003,0.0010,-0.0039,-0.0284,-0.0190,-0.0430,0,0.04900,0.01900,0.0024,0.0049,0.006050,0.052263,0.0100,0.0531,45.5754,0.0088,0.0655,45.5206,-0.0031,-0.0788,19.2766,0.0005,-0.0570,19.5274,0.001847,0.002562,45.5754,0.001839,0.002584,45.5206,-0.004488,-0.005795,19.2767,-0.004379,-0.005538,19.5274,-0.00066,-0.09440,-0.35222,0.68325,-0.33109,0.09292,0.00090,-0.09294,-0.35425,0.68817,-0.33432,0.09432,0.00217,0.00008,0.00187,0.00019,-0.00449,0.86830,0.17242,-1.21167,0.09167,-0.09994,0.00436,0.40910,-0.16158,-0.53510,-0.07971,0.13188,0.00103,0.00010,0.00082,0.00011,6.000,6.000,12.000,12.000,6.000,6.000,6.000,6.000,12.000,12.000,6.000,6.000,6.000,6.000,6.000,6.000,0.004217,0.024483,0.004207,0.024450,0.004200,0.020011,0.004231,0.020111,0.000000,0.000035,0.000000,0.000000,0.702257,0.296502,0.000000,0.000000,0.000000,0.092358,0.093716
0.8100,-0.00181,0.02736,0.48016,1.00000,0.00004,0.00011,-0.00005,0.00426,0.02011,0.31456,0.31446,0.00022,0.02457,2,0.03489,0.00022,0.034768,-0.00008,-0.0488,-0.0003,0.0010,-0.0038,-0.0284,-0.0189,-0.0429,0,0.04900,0.01900,0.0024,0.0051,0.006063,0.052237,0.0099,0.0544,45.7118,0.0087,0.0655,45.6567,-0.0033,-0.0797,19.1405,0.0003,-0.0597,19.3909,0.001860,0.002535,45.7118,0.001852,0.002558,45.6567,-0.004563,-0.006074,19.1406,-0.004452,-0.005807,19.3909,-0.00067,-0.09498,-0.35199,0.68279,-0.33086,0.09349,0.00090,-0.09352,-0.35404,0.68775,-0.33411,0.09492,0.00218,0.00008,0.00187,0.00019,-0.00456,0.87884,0.17413,-1.21445,0.09253,-0.09905,0.00442,0.41217,-0.16315,-0.53130,-0.08052,0.13650,0.00103,0.00010,0.00082,0.00011,6.000,6.000,12.000,12.000,6.000,6.000,6.000,6.000,12.000,12.000,6.000,6.000,6.000,6.000,6.000,6.000,0.004218,0.024607,0.004207,0.024574,0.004200,0.020135,0.004231,0.020234,0.000000,0.000035,0.000000,0.000000,0.703497,0.294032,0.000000,0.000000,0.000000,0.092921,0.094319
0.8150,-0.00181,0.02753,0.48016,1.00000,0.00004,0.00011,-0.00005,0.00426,0.02024,0.31456,0.31446,0.00022,0.02470,2,0.03489,0.00022,0.034767,-0.00008,-0.0486,-0.0003,0.0010,-0.0037,-0.0283,-0.0187,-0.0428,0,0.04900,0.01900,0.0024,0.0053,0.006076,0.052212,0.0099,0.0558,45.8475,0.0086,0.0661,45.7923,-0.0034,-0.0804,19.0050,0.0001,-0.0617,19.2553,0.001872,0.002510,45.8475,0.001864,0.002533,45.7923,-0.004639,-0.006355,19.0051,-0.004526,-0.006078,19.2553,-0.00067,-0.09556,-0.35177,0.68233,-0.33063,0.09405,0.00091,-0.09411,-0.35383,0.68732,-0.33390,0.09553,0.00218,0.00008,0.00187,0.00019,-0.00463,0.88935,0.17582,-1.21721,0.09338,-0.09820,0.00449,0.41517,-0.16471,-0.52751,-0.08133,0.14112,0.00104,0.00010,0.00082,0.00011,6.000,6.000,12.000,12.000,6.000,6.000,6.000,6.000,12.000,12.000,6.000,6.000,6.000,6.000,6.000,6.000,0.004218,0.024730,0.004207,0.024698,0.004200,0.020259,0.004230,0.020357,0.000000,0.000034,0.000000,0.000000,0.704727,0.291582,0.000000,0.000000,0.000000,0.093485,0.094924
0.8200,-0.00180,0.02770,0.48016,1.00000,0.00004,0.00011,-0.00005,0.00426,0.02036,0.31456,0.31446,0.00022,0.02482,2,0.03489,0.00022,0.034767,-0.00009,-0.0483,-0.0003,0.0009,-0.0036,-0.0283,-0.0185,-0.0427,0,0.04900,0.01900,0.0025,0.0055,0.006088,0.052187,0.0098,0.0573,45.9827,0.0085,0.0672,45.9276,-0.0036,-0.0811,18.8701,-0.0000,-0.0633,19.1202,0.001884,0.002485,45.9828,0.001877,0.002509,45.9276,-0.004715,-0.006638,18.8702,-0.004601,-0.006353,19.1202,-0.00067,-0.09614,-0.35154,0.68187,-0.33040,0.09462,0.00091,-0.09469,-0.35361,0.68689,-0.33369,0.09615,0.00218,0.00008,0.00187,0.00019,-0.00469,0.89985,0.17750,-1.21995,0.09423,-0.09738,0.00455,0.41812,-0.16625,-0.52374,-0.08213,0.14573,0.00104,0.00010,0.00082,0.00011,6.000,6.000,12.000,12.000,6.000,6.000,6.000,6.000,12.000,12.000,6.000,6.000,6.000,6.000,6.000,6.000,0.004218,0.024853,0.004208,0.024822,0.004200,0.020384,0.004230,0.020478,0.000000,0.000033,0.000000,0.000000,0.705953,0.289146,0.000000,0.000000,0.000000,0.094052,0.095534
0.8250,-0.00180,0.02787,0.48016,1.00000,0.00004,0.00011,-0.00005,0.00426,0.02049,0.31456,0.31446,0.00022,0.02495,2,0.03489,0.00022,0.034767,-0.00009,-0.0481,-0.0003,0.0009,-0.0035,-0.0282,-0.0184,-0.0426,0,0.04900,0.01900,0.0025,0.0057,0.006100,0.052163,0.0098,0.0587,46.1177,0.0084,0.0684,46.0626,-0.0037,-0.0818,18.7354,-0.0002,-0.0645,18.9854,0.001896,0.002462,46.1177,0.001889,0.002485,46.0626,-0.004792,-0.006925,18.7355,-0.004676,-0.006633,18.9854,-0.00068,-0.09671,-0.35131,0.68140,-0.33016,0.09519,0.00092,-0.09527,-0.35339,0.68646,-0.33348,0.09677,0.00218,0.00008,0.00187,0.00019,-0.00476,0.91036,0.17918,-1.22267,0.09508,-0.09658,0.00462,0.42103,-0.16779,-0.51998,-0.08292,0.15034,0.00104,0.00010,0.00082,0.00012,6.000,6.000,12.000,12.000,6.000,6.000,6.000,6.000,12.000,12.000,6.000,6.000,6.000,6.000,6.000,6.000,0.004218,0.024976,0.004208,0.024946,0.004200,0.020508,0.004230,0.020600,0.000000,0.000032,0.000000,0.000000,0.707176,0.286724,0.000000,0.000000,0.000000,0.094621,0.096148
0.8300,-0.00180,0.02804,0.48016,1.00000,0.00004,0.00011,-0.00005,0.00426,0.02061,0.31456,0.31446,0.00022,0.02507,2,0.03489,0.00022,0.034766,-0.00009,-0.0479,-0.0003,0.0009,-0.0034,-0.0282,-0.0183,-0.0424,0,0.04900,0.01900,0.0025,0.0058,0.006112,0.052139,0.0097,0.0602,46.2523,0.0083,0.0699,46.1974,-0.0038,-0.0825,18.6009,-0.0003,-0.0656,18.8508,0.001908,0.002438,46.2524,0.001901,0.002461,46.1974,-0.004870,-0.007217,18.6010,-0.004752,-0.006917,18.8508,-0.00068,-0.09729,-0.35107,0.68093,-0.32992,0.09577,0.00092,-0.09585,-0.35317,0.68603,-0.33326,0.09739,0.00219,0.00008,0.00187,0.00020,-0.00482,0.92088,0.18085,-1.22537,0.09593,-0.09580,0.00469,0.42391,-0.16932,-0.51623,-0.08371,0.15496,0.00105,0.00010,0.00082,0.00012,6.000,6.000,12.000,12.000,6.000,6.000,6.000,6.000,12.000,12.000,6.000,6.000,6.000,6.000,6.000,6.000,0.004218,0.025099,0.004208,0.025070,0.004200,0.020632,0.004230,0.020722,0.000000,0.000031,0.000000,0.000000,0.708398,0.284312,0.000000,0.000000,0.000000,0.095193,0.096766
0.8350,-0.00180,0.02821,0.48016,1.00000,0.00004,0.00011,-0.00005,0.00426,0.02074,0.31456,0.31446,0.00022,0.02519,2,0.03490,0.00022,0.034766,-0.00010,-0.0476,-0.0003,0.0009,-0.0032,-0.0282,-0.0183,-0.0423,0,0.04900,0.01900,0.0026,0.0059,0.006124,0.052115,0.0097,0.0617,46.3869,0.0082,0.0715,46.3320,-0.0040,-0.0832,18.4665,-0.0004,-0.0666,18.7163,0.001920,0.002416,46.3869,0.001913,0.002438,46.3320,-0.004949,-0.007513,18.4666,-0.004830,-0.007206,18.7163,-0.00068,-0.09787,-0.35083,0.68046,-0.32968,0.09634,0.00092,-0.09644,-0.35295,0.68559,-0.33305,0.09801,0.00219,0.00008,0.00187,0.00020,-0.00489,0.93142,0.18252,-1.22805,0.09678,-0.09504,0.00476,0.42676,-0.17085,-0.51248,-0.08449,0.15958,0.00105,0.00010,0.00082,0.00012,6.000,6.000,12.000,12.000,6.000,6.000,6.000,6.000,12.000,12.000,6.000,6.000,6.000,6.000,6.000,6.000,0.004218,0.025222,0.004208,0.025194,0.004200,0.020757,0.004230,0.020843,0.000000,0.000031,0.000000,0.000000,0.709620,0.281911,0.000000,0.000000,0.000000,0.095768,0.097388
0.8400,-0.00180,0.02838,0.48016,1.00000,0.00004,0.00011,-0.00005,0.00426,0.02086,0.31456,0.31446,0.00022,0.02532,2,0.03490,0.00022,0.034765,-0.00010,-0.0474,-0.0003,0.0008,-0.0031,-0.0282,-0.0183,-0.0422,0,0.04900,0.01900,0.0026,0.0061,0.006136,0.052092,0.0096,0.0632,46.5213,0.0081,0.0731,46.4666,-0.0041,-0.0840,18.3322,-0.0005,-0.0675,18.5819,0.001932,0.002393,46.5213,0.001925,0.002414,46.4666,-0.005029,-0.007815,18.3323,-0.004908,-0.007500,18.5819,-0.00068,-0.09845,-0.35060,0.67998,-0.32944,0.09692,0.00093,-0.09702,-0.35273,0.68515,-0.33283,0.09864,0.00219,0.00008,0.00187,0.00020,-0.00496,0.94200,0.18418,-1.23072,0.09762,-0.09430,0.00482,0.42958,-0.17237,-0.50873,-0.08527,0.16421,0.00105,0.00010,0.00082,0.00012,6.000,6.000,12.000,12.000,6.000,6.000,6.000,6.000,12.000,12.000,6.000,6.000,6.000,6.000,6.000,6.000,0.004218,0.025345,0.004209,0.025317,0.004200,0.020881,0.004229,0.020965,0.000000,0.000030,0.000000,0.000000,0.710843,0.279519,0.000000,0.000000,0.000000,0.096345,0.098014
0.8450,-0.00179,0.02855,0.48016,1.00000,0.00004,0.00011,-0.00005,0.00425,0.02099,0.31456,0.31446,0.00022,0.02544,2,0.03490,0.00022,0.034765,-0.00010,-0.0472,-0.0003,0.0008,-0.0030,-0.0282,-0.0183,-0.0421,0,0.04900,0.01900,0.0027,0.0062,0.006148,0.052069,0.0096,0.0646,46.6556,0.0081,0.0747,46.6011,-0.0042,-0.0847,18.1980,-0.0007,-0.0684,18.4476,0.001944,0.002371,46.6556,0.001937,0.002392,46.6011,-0.005110,-0.008121,18.1981,-0.004987,-0.007800,18.4476,-0.00069,-0.09903,-0.35036,0.67950,-0.32920,0.09750,0.00093,-0.09760,-0.35250,0.68471,-0.33262,0.09928,0.00219,0.00008,0.00187,0.00020,-0.00503,0.95260,0.18583,-1.23337,0.09847,-0.09359,0.00489,0.43238,-0.17389,-0.50499,-0.08605,0.16884,0.00106,0.00010,0.00082,0.00012,6.000,6.000,12.000,12.000,6.000,6.000,6.000,6.000,12.000,12.000,6.000,6.000,6.000,6.000,6.000,6.000,0.004219,0.025468,0.004209,0.025441,0.004200,0.021005,0.004229,0.021086,0.000000,0.000029,0.000000,0.000000,0.712067,0.277135,0.000000,0.000000,0.000000,0.096924,0.098644
0.8500,-0.00179,0.02872,0.48016,1.00000,0.00004,0.00011,-0.00005,0.00425,0.02111,0.31456,0.31446,0.00022,0.02557,2,0.03490,0.00022,0.034764,-0.00011,-0.0470,-0.0003,0.0008,-0.0029,-0.0282,-0.0184,-0.0420,0,0.04900,0.01900,0.0027,0.0063,0.006159,0.052046,0.0095,0.0661,46.7898,0.0080,0.0763,46.7355,-0.0043,-0.0855,18.0639,-0.0008,-0.0693,18.3134,0.001955,0.002349,46.7898,0.001948,0.002369,46.7355,-0.005192,-0.008433,18.0640,-0.005067,-0.008105,18.3134,-0.00069,-0.09961,-0.35011,0.67902,-0.32896,0.09809,0.00094,-0.09819,-0.35228,0.68426,-0.33240,0.09991,0.00220,0.00008,0.00187,0.00020,-0.00509,0.96322,0.18748,-1.23600,0.09930,-0.09290,0.00496,0.43514,-0.17540,-0.50126,-0.08683,0.17347,0.00106,0.00010,0.00082,0.00012,6.000,6.000,12.000,12.000,6.000,6.000,6.000,6.000,12.000,12.000,6.000,6.000,6.000,6.000,6.000,6.000,0.004219,0.025591,0.004209,0.025565,0.004200,0.021129,0.004229,0.021208,0.000000,0.000028,0.000000,0.000000,0.713293,0.274761,0.000000,0.000000,0.000000,0.097504,0.099278
0.8550,-0.00179,0.02889,0.48016,1.00000,0.00004,0.00011,-0.00005,0.00425,0.02124,0.31456,0.31446,0.00022,0.02569,2,0.03490,0.00022,0.034763,-0.00011,-0.0468,-0.0003,0.0008,-0.0028,-0.0281,-0.0186,-0.0419,0,0.04900,0.01900,0.0028,0.0064,0.006171,0.052024,0.0095,0.0675,46.9239,0.0079,0.0780,46.8698,-0.0045,-0.0863,17.9298,-0.0009,-0.0703,18.1792,0.001967,0.002328,46.9239,0.001960,0.002347,46.8698,-0.005275,-0.008751,17.9299,-0.005149,-0.008415,18.1792,-0.00069,-0.10018,-0.34987,0.67853,-0.32871,0.09867,0.00094,-0.09877,-0.35205,0.68382,-0.33218,0.10055,0.00220,0.00008,0.00187,0.00020,-0.00516,0.97387,0.18913,-1.23862,0.10014,-0.09223,0.00503,0.43788,-0.17691,-0.49753,-0.08760,0.17811,0.00106,0.00010,0.00082,0.00012,6.000,6.000,12.000,12.000,6.000,6.000,6.000,6.000,12.000,12.000,6.000,6.000,6.000,6.000,6.000,6.000,0.004219,0.025715,0.004209,0.025689,0.004200,0.021254,0.004229,0.021330,0.000000,0.000027,0.000000,0.000000,0.714520,0.272396,0.000000,0.000000,0.000000,0.098086,0.099914
0.8600,-0.00178,0.02905,0.48016,1.00000,0.00004,0.00011,-0.00005,0.00425,0.02136,0.31456,0.31446,0.00022,0.02581,2,0.03490,0.00022,0.034763,-0.00011,-0.0466,-0.0003,0.0007,-0.0028,-0.0281,-0.0187,-0.0418,0,0.04900,0.01900,0.0028,0.0066,0.006182,0.052002,0.0095,0.0689,47.0579,0.0078,0.0796,47.0040,-0.0046,-0.0872,17.7958,-0.0010,-0.0712,18.0451,0.001978,0.002307,47.0580,0.001971,0.002326,47.0040,-0.005359,-0.009074,17.7959,-0.005231,-0.008731,18.0451,-0.00070,-0.10076,-0.34962,0.67804,-0.32846,0.09925,0.00095,-0.09936,-0.35182,0.68337,-0.33196,0.10119,0.00220,0.00008,0.00186,0.00020,-0.00523,0.98455,0.19076,-1.24123,0.10097,-0.09158,0.00510,0.44059,-0.17841,-0.49381,-0.08836,0.18274,0.00106,0.00010,0.00082,0.00012,6.000,6.000,12.000,12.000,6.000,6.000,6.000,6.000,12.000,12.000,6.000,6.000,6.000,6.000,6.000,6.000,0.004219,0.025838,0.004210,0.025813,0.004200,0.021378,0.004228,0.021452,0.000000,0.000027,0.000000,0.000000,0.715748,0.270039,0.000000,0.000000,0.000000,0.098669,0.100553
0.8650,-0.00178,0.02922,0.48016,1.00000,0.00004,0.00011,-0.00005,0.00425,0.02149,0.31456,0.31446,0.00022,0.02594,2,0.03490,0.00022,0.034762,-0.00011,-0.0465,-0.0003,0.0007,-0.0027,-0.0281,-0.0189,-0.0418,0,0.04900,0.01900,0.0029,0.0067,0.006194,0.051981,0.0094,0.0704,47.1918,0.0078,0.0812,47.1381,-0.0047,-0.0881,17.6619,-0.0011,-0.0722,17.9111,0.001989,0.002287,47.1919,0.001983,0.002304,47.1381,-0.005445,-0.009402,17.6620,-0.005314,-0.009052,17.9111,-0.00070,-0.10134,-0.34938,0.67754,-0.32821,0.09984,0.00095,-0.09994,-0.35159,0.68292,-0.33174,0.10184,0.00220,0.00008,0.00186,0.00020,-0.00530,0.99526,0.19239,-1.24382,0.10180,-0.09096,0.00517,0.44326,-0.17991,-0.49009,-0.08913,0.18739,0.00107,0.00010,0.00082,0.00012,6.000,6.000,12.000,12.000,6.000,6.000,6.000,6.000,12.000,12.000,6.000,6.000,6.000,6.000,6.000,6.000,0.004219,0.025961,0.004210,0.025937,0.004200,0.021502,0.004228,0.021575,0.000000,0.000026,0.000000,0.000000,0.716978,0.267692,0.000000,0.000000,0.000000,0.099254,0.101194
0.8700,-0.00178,0.02939,0.48016,1.00000,0.00004,0.00011,-0.00005,0.00425,0.02161,0.31456,0.31446,0.00022,0.02606,2,0.03490,0.00022,0.034762,-0.00011,-0.0463,-0.0003,0.0007,-0.0026,-0.0281,-0.0191,-0.0417,0,0.04900,0.01900,0.0029,0.0069,0.006205,0.051960,0.0094,0.0718,47.3256,0.0077,0.0828,47.2721,-0.0048,-0.0890,17.5281,-0.0012,-0.0732,17.7772,0.002000,0.002267,47.3257,0.001994,0.002284,47.2721,-0.005531,-0.009736,17.5283,-0.005399,-0.009378,17.7772,-0.00070,-0.10192,-0.34913,0.67704,-0.32796,0.10042,0.00096,-0.10052,-0.35136,0.68246,-0.33152,0.10248,0.00221,0.00008,0.00186,0.00020,-0.00536,1.00598,0.19402,-1.24639,0.10262,-0.09036,0.00524,0.44591,-0.18140,-0.48638,-0.08989,0.19203,0.00107,0.00010,0.00082,0.00012,6.000,6.000,12.000,12.000,6.000,6.000,6.000,6.000,12.000,12.000,6.000,6.000,6.000,6.000,6.000,6.000,0.004220,0.026084,0.004210,0.026061,0.004200,0.021627,0.004228,0.021697,0.000000,0.000025,0.000000,0.000000,0.718209,0.265353,0.000000,0.000000,0.000000,0.099839,0.101836
0.8750,-0.00178,0.02956,0.48016,1.00000,0.00004,0.00011,-0.00005,0.00425,0.02174,0.31456,0.31446,0.00022,0.02618,2,0.03490,0.00022,0.034761,-0.00011,-0.0461,-0.0003,0.0007,-0.0025,-0.0281,-0.0193,-0.0416,0,0.04900,0.01900,0.0030,0.0070,0.006216,0.051940,0.0094,0.0732,47.4593,0.0077,0.0843,47.4059,-0.0049,-0.0899,17.3945,-0.0013,-0.0743,17.6434,0.002011,0.002248,47.4594,0.002005,0.002264,47.4059,-0.005619,-0.010076,17.3946,-0.005485,-0.009709,17.6434,-0.00071,-0.10249,-0.34887,0.67654,-0.32771,0.10101,0.00096,-0.10111,-0.35112,0.68200,-0.33130,0.10313,0.00221,0.00008,0.00186,0.00020,-0.00543,1.01673,0.19564,-1.24895,0.10344,-0.08979,0.00531,0.44853,-0.18290,-0.48267,-0.09065,0.19667,0.00107,0.00010,0.00082,0.00012,6.000,6.000,12.000,12.000,6.000,6.000,6.000,6.000,12.000,12.000,6.000,6.000,6.000,6.000,6.000,6.000,0.004220,0.026207,0.004210,0.026184,0.004200,0.021751,0.004228,0.021820,0.000000,0.000025,0.000000,0.000000,0.719441,0.263024,0.000000,0.000000,0.000000,0.100424,0.102481
0.8800,-0.00177,0.02973,0.48016,1.00000,0.00004,0.00011,-0.00005,0.00425,0.02186,0.31456,0.31446,0.00022,0.02631,2,0.03490,0.00022,0.034761,-0.00012,-0.0460,-0.0003,0.0007,-0.0025,-0.0281,-0.0194,-0.0415,0,0.04900,0.01900,0.0030,0.0072,0.006227,0.051920,0.0094,0.0745,47.5929,0.0076,0.0859,47.5397,-0.0050,-0.0908,17.2609,-0.0014,-0.0753,17.5098,0.002022,0.002229,47.5929,0.002016,0.002244,47.5397,-0.005708,-0.010421,17.2611,-0.005571,-0.010047,17.5098,-0.00071,-0.10307,-0.34862,0.67604,-0.32746,0.10160,0.00097,-0.10169,-0.35089,0.68154,-0.33108,0.10377,0.00221,0.00008,0.00186,0.00020,-0.00550,1.02750,0.19725,-1.25149,0.10426,-0.08924,0.00538,0.45112,-0.18438,-0.47898,-0.09140,0.20132,0.00107,0.00010,0.00082,0.00012,6.000,6.000,12.000,12.000,6.000,6.000,6.000,6.000,12.000,12.000,6.000,6.000,6.000,6.000,6.000,6.000,0.004220,0.026331,0.004211,0.026308,0.004200,0.021875,0.004228,0.021942,0.000000,0.000024,0.000000,0.000000,0.720674,0.260704,0.000000,0.000000,0.000000,0.101010,0.103127
0.8850,-0.00177,0.02990,0.48016,1.00000,0.00004,0.00011,-0.00005,0.00425,0.02199,0.31456,0.31446,0.00022,0.02643,2,0.03490,0.00022,0.034760,-0.00012,-0.0458,-0.0003,0.0006,-0.0024,-0.0281,-0.0196,-0.0414,0,0.04900,0.01900,0.0031,0.0073,0.006238,0.051900,0.0094,0.0759,47.7262,0.0075,0.0874,47.6732,-0.0051,-0.0918,17.1276,-0.0015,-0.0765,17.3763,0.002033,0.002210,47.7263,0.002027,0.002225,47.6732,-0.005798,-0.010772,17.1277,-0.005659,-0.010389,17.3763,-0.00071,-0.10365,-0.34837,0.67553,-0.32721,0.10218,0.00097,-0.10227,-0.35065,0.68108,-0.33085,0.10442,0.00221,0.00008,0.00186,0.00020,-0.00557,1.03829,0.19886,-1.25402,0.10507,-0.08871,0.00545,0.45367,-0.18586,-0.47529,-0.09216,0.20597,0.00107,0.00010,0.00082,0.00012,6.000,6.000,12.000,12.000,6.000,6.000,6.000,6.000,12.000,12.000,6.000,6.000,6.000,6.000,6.000,6.000,0.004220,0.026454,0.004211,0.026432,0.004200,0.022000,0.004227,0.022065,0.000000,0.000024,0.000000,0.000000,0.721908,0.258394,0.000000,0.000000,0.000000,0.101596,0.103774
0.8900,-0.00177,0.03007,0.48016,1.00000,0.00004,0.00011,-0.00006,0.00425,0.02211,0.31456,0.31446,0.00022,0.02656,2,0.03490,0.00022,0.034759,-0.00012,-0.0457,-0.0003,0.0006,-0.0023,-0.0281,-0.0198,-0.0413,0,0.04900,0.01900,0.0031,0.0075,0.006249,0.051882,0.0093,0.0773,47.8595,0.0075,0.0889,47.8067,-0.0052,-0.0928,16.9944,-0.0016,-0.0776,17.2429,0.002044,0.002192,47.8595,0.002038,0.002206,47.8067,-0.005889,-0.011128,16.9945,-0.005748,-0.010737,17.2429,-0.00072,-0.10423,-0.34811,0.67502,-0.32695,0.10277,0.00098,-0.10286,-0.35041,0.68061,-0.33063,0.10507,0.00221,0.00008,0.00186,0.00021,-0.00564,1.04909,0.20046,-1.25653,0.10588,-0.08820,0.00552,0.45619,-0.18734,-0.47160,-0.09291,0.21062,0.00108,0.00010,0.00082,0.00012,6.000,6.000,12.000,12.000,6.000,6.000,6.000,6.000,12.000,12.000,6.000,6.000,6.000,6.000,6.000,6.000,0.004221,0.026577,0.004211,0.026556,0.004200,0.022124,0.004227,0.022188,0.000000,0.000023,0.000000,0.000000,0.723142,0.256093,0.000000,0.000000,0.000000,0.102181,0.104421
0.8950,-0.00176,0.03024,0.48016,1.00000,0.00004,0.00011,-0.00006,0.00425,0.02224,0.31456,0.31446,0.00021,0.02668,2,0.03490,0.00021,0.034759,-0.00012,-0.0455,-0.0003,0.0006,-0.0023,-0.0281,-0.0200,-0.0412,0,0.04900,0.01900,0.0032,0.0077,0.006259,0.051863,0.0093,0.0787,47.9925,0.0074,0.0904,47.9399,-0.0053,-0.0938,16.8613,-0.0017,-0.0788,17.1097,0.002054,0.002175,47.9926,0.002048,0.002188,47.9399,-0.005982,-0.011491,16.8615,-0.005839,-0.011090,17.1097,-0.00072,-0.10480,-0.34785,0.67450,-0.32669,0.10335,0.00098,-0.10344,-0.35017,0.68014,-0.33040,0.10572,0.00222,0.00008,0.00186,0.00021,-0.00571,1.05991,0.20206,-1.25902,0.10669,-0.08772,0.00559,0.45868,-0.18881,-0.46793,-0.09365,0.21527,0.00108,0.00010,0.00082,0.00012,6.000,6.000,12.000,12.000,6.000,6.000,6.000,6.000,12.000,12.000,6.000,6.000,6.000,6.000,6.000,6.000,0.004221,0.026700,0.004212,0.026680,0.004200,0.022248,0.004227,0.022311,0.000000,0.000023,0.000000,0.000000,0.724378,0.253802,0.000000,0.000000,0.000000,0.102767,0.105070
0.9000,-0.00176,0.03041,0.48016,1.00000,0.00004,0.00011,-0.00006,0.00425,0.02236,0.31456,0.31446,0.00021,0.02680,2,0.03490,0.00021,0.034758,-0.00012,-0.0454,-0.0003,0.0006,-0.0022,-0.0281,-0.0201,-0.0411,0,0.04900,0.01900,0.0032,0.0079,0.006270,0.051845,0.0093,0.0801,48.1254,0.0074,0.0919,48.0730,-0.0054,-0.0948,16.7285,-0.0018,-0.0799,16.9767,0.002064,0.002158,48.1255,0.002059,0.002171,48.0730,-0.006075,-0.011859,16.7287,-0.005930,-0.011450,16.9767,-0.00072,-0.10538,-0.34759,0.67399,-0.32644,0.10394,0.00099,-0.10402,-0.34993,0.67967,-0.33017,0.10637,0.00222,0.00008,0.00186,0.00021,-0.00578,1.07075,0.20365,-1.26150,0.10749,-0.08726,0.00566,0.46114,-0.19027,-0.46426,-0.09440,0.21992,0.00108,0.00010,0.00082,0.00012,6.000,6.000,12.000,12.000,6.000,6.000,6.000,6.000,12.000,12.000,6.000,6.000,6.000,6.000,6.000,6.000,0.004221,0.026824,0.004212,0.026803,0.004200,0.022372,0.004227,0.022433,0.000000,0.000022,0.000000,0.000000,0.725614,0.251521,0.000000,0.000000,0.000000,0.103353,0.105719
0.9050,-0.00176,0.03057,0.48016,1.00000,0.00004,0.00011,-0.00006,0.00425,0.02249,0.31456,0.31446,0.00021,0.02693,2,0.03490,0.00021,0.034758,-0.00012,-0.0452,-0.0003,0.0006,-0.0022,-0.0281,-0.0203,-0.0411,0,0.04900,0.01900,0.0032,0.0080,0.006280,0.051828,0.0093,0.0814,48.2581,0.0074,0.0934,48.2059,-0.0055,-0.0958,16.5958,-0.0019,-0.0812,16.8439,0.002075,0.002142,48.2581,0.002069,0.002154,48.2059,-0.006170,-0.012233,16.5960,-0.006023,-0.011814,16.8439,-0.00073,-0.10596,-0.34733,0.67347,-0.32618,0.10452,0.00099,-0.10461,-0.34968,0.67919,-0.32994,0.10702,0.00222,0.00008,0.00186,0.00021,-0.00585,1.08161,0.20523,-1.26397,0.10829,-0.08682,0.00574,0.46356,-0.19173,-0.46061,-0.09514,0.22457,0.00108,0.00010,0.00082,0.00012,6.000,6.000,12.000,12.000,6.000,6.000,6.000,6.000,12.000,12.000,6.000,6.000,6.000,6.000,6.000,6.000,0.004221,0.026947,0.004212,0.026927,0.004200,0.022497,0.004226,0.022556,0.000000,0.000022,0.000000,0.000000,0.726850,0.249249,0.000000,0.000000,0.000000,0.103938,0.106369
0.9100,-0.00175,0.03074,0.48016,1.00000,0.00004,0.00011,-0.00006,0.00424,0.02261,0.31456,0.31446,0.00021,0.02705,2,0.03491,0.00021,0.034757,-0.00012,-0.0451,-0.0003,0.0006,-0.0021,-0.0281,-0.0205,-0.0410,0,0.04900,0.01900,0.0033,0.0082,0.006290,0.051812,0.0093,0.0828,48.3906,0.0073,0.0949,48.3386,-0.0056,-0.0969,16.4634,-0.0020,-0.0824,16.7113,0.002085,0.002126,48.3906,0.002080,0.002137,48.3386,-0.006267,-0.012613,16.4636,-0.006117,-0.012185,16.7113,-0.00073,-0.10653,-0.34706,0.67294,-0.32592,0.10511,0.00100,-0.10519,-0.34944,0.67871,-0.32971,0.10767,0.00222,0.00008,0.00186,0.00021,-0.00592,1.09247,0.20680,-1.26641,0.10909,-0.08641,0.00581,0.46595,-0.19319,-0.45696,-0.09588,0.22922,0.00108,0.00010,0.00081,0.00012,6.000,6.000,12.000,12.000,6.000,6.000,6.000,6.000,12.000,12.000,6.000,6.000,6.000,6.000,6.000,6.000,0.004222,0.027070,0.004213,0.027051,0.004200,0.022621,0.004226,0.022679,0.000000,0.000021,0.000000,0.000000,0.728087,0.246988,0.000000,0.000000,0.000000,0.104524,0.107019
0.9150,-0.00175,0.03091,0.48016,1.00000,0.00004,0.00011,-0.00006,0.00424,0.02274,0.31456,0.31446,0.00021,0.02717,2,0.03491,0.00021,0.034756,-0.00012,-0.0449,-0.0003,0.0006,-0.0021,-0.0281,-0.0206,-0.0409,0,0.04900,0.01900,0.0033,0.0084,0.006301,0.051796,0.0093,0.0842,48.5228,0.0073,0.0964,48.4710,-0.0056,-0.0979,16.3312,-0.0021,-0.0836,16.5789,0.002095,0.002111,48.5229,0.002090,0.002121,48.4710,-0.006364,-0.012999,16.3314,-0.006212,-0.012561,16.5789,-0.00073,-0.10711,-0.34680,0.67242,-0.32565,0.10569,0.00100,-0.10577,-0.34919,0.67823,-0.32948,0.10832,0.00223,0.00008,0.00186,0.00021,-0.00600,1.10335,0.20837,-1.26884,0.10988,-0.08602,0.00588,0.46830,-0.19463,-0.45332,-0.09661,0.23386,0.00108,0.00010,0.00081,0.00012,6.000,6.000,12.000,12.000,6.000,6.000,6.000,6.000,12.000,12.000,6.000,6.000,6.000,6.000,6.000,6.000,0.004222,0.027193,0.004213,0.027174,0.004200,0.022745,0.004226,0.022802,0.000000,0.000021,0.000000,0.000000,0.729324,0.244736,0.000000,0.000000,0.000000,0.105108,0.107669
0.9200,-0.00174,0.03108,0.48016,1.00000,0.00004,0.00011,-0.00006,0.00424,0.02286,0.31456,0.31446,0.00021,0.02730,2,0.03491,0.00021,0.034756,-0.00012,-0.0448,-0.0003,0.0005,-0.0020,-0.0281,-0.0208,-0.0408,0,0.04900,0.01900,0.0034,0.0086,0.006311,0.051780,0.0093,0.0855,48.6549,0.0073,0.0978,48.6033,-0.0057,-0.0990,16.1991,-0.0022,-0.0849,16.4467,0.002105,0.002096,48.6549,0.002100,0.002106,48.6033,-0.006463,-0.013391,16.1993,-0.006309,-0.012944,16.4467,-0.00074,-0.10768,-0.34653,0.67189,-0.32539,0.10628,0.00101,-0.10636,-0.34894,0.67775,-0.32925,0.10897,0.00223,0.00008,0.00185,0.00021,-0.00607,1.11425,0.20993,-1.27126,0.11067,-0.08566,0.00595,0.47062,-0.19608,-0.44968,-0.09734,0.23851,0.00108,0.00010,0.00081,0.00012,6.000,6.000,12.000,12.000,6.000,6.000,6.000,6.000,12.000,12.000,6.000,6.000,6.000,6.000,6.000,6.000,0.004222,0.027317,0.004214,0.027298,0.004200,0.022870,0.004226,0.022925,0.000000,0.000021,0.000000,0.000000,0.730561,0.242495,0.000000,0.000000,0.000000,0.105693,0.108319
0.9250,-0.00174,0.03125,0.48016,1.00000,0.00004,0.00011,-0.00006,0.00424,0.02298,0.31456,0.31446,0.00021,0.02742,2,0.03491,0.00021,0.034755,-0.00012,-0.0447,-0.0003,0.0005,-0.0020,-0.0281,-0.0209,-0.0408,0,0.04900,0.01900,0.0034,0.0088,0.006320,0.051765,0.0093,0.0869,48.7867,0.0072,0.0993,48.7353,-0.0058,-0.1001,16.0674,-0.0022,-0.0862,16.3147,0.002115,0.002082,48.7868,0.002110,0.002091,48.7353,-0.006564,-0.013790,16.0676,-0.006407,-0.013332,16.3147,-0.00074,-0.10826,-0.34626,0.67136,-0.32513,0.10686,0.00101,-0.10694,-0.34869,0.67726,-0.32901,0.10962,0.00223,0.00008,0.00185,0.00021,-0.00614,1.12515,0.21149,-1.27365,0.11146,-0.08532,0.00603,0.47290,-0.19751,-0.44606,-0.09807,0.24316,0.00108,0.00010,0.00081,0.00012,6.000,6.000,12.000,12.000,6.000,6.000,6.000,6.000,12.000,12.000,6.000,6.000,6.000,6.000,6.000,6.000,0.004223,0.027440,0.004214,0.027422,0.004200,0.022994,0.004226,0.023048,0.000000,0.000020,0.000000,0.000000,0.731799,0.240264,0.000000,0.000000,0.000000,0.106277,0.108970
0.9300,-0.00174,0.03142,0.48016,1.00000,0.00004,0.00011,-0.00006,0.00424,0.02311,0.31456,0.31446,0.00021,0.02755,2,0.03491,0.00021,0.034755,-0.00012,-0.0445,-0.0003,0.0005,-0.0019,-0.0281,-0.0210,-0.0407,0,0.04900,0.01900,0.0034,0.0090,0.006330,0.051751,0.0093,0.0883,48.9183,0.0072,0.1008,48.8672,-0.0059,-0.1012,15.9358,-0.0023,-0.0875,16.1829,0.002124,0.002068,48.9183,0.002120,0.002077,48.8672,-0.006666,-0.014195,15.9360,-0.006506,-0.013727,16.1829,-0.00074,-0.10883,-0.34599,0.67082,-0.32486,0.10744,0.00102,-0.10752,-0.34843,0.67677,-0.32878,0.11027,0.00223,0.00008,0.00185,0.00021,-0.00621,1.13607,0.21303,-1.27603,0.11224,-0.08500,0.00610,0.47515,-0.19894,-0.44245,-0.09880,0.24781,0.00108,0.00010,0.00081,0.00012,6.000,6.000,12.000,12.000,6.000,6.000,6.000,6.000,12.000,12.000,6.000,6.000,6.000,6.000,6.000,6.000,0.004223,0.027563,0.004214,0.027545,0.004200,0.023118,0.004225,0.023171,0.000000,0.000020,0.000000,0.000000,0.733037,0.238042,0.000000,0.000000,0.000000,0.106860,0.109620
0.9350,-0.00173,0.03159,0.48016,1.00000,0.00004,0.00011,-0.00006,0.00424,0.02323,0.31456,0.31446,0.00021,0.02767,2,0.03491,0.00021,0.034754,-0.00012,-0.0444,-0.0003,0.0005,-0.0019,-0.0281,-0.0212,-0.0406,0,0.04900,0.01900,0.0035,0.0092,0.006340,0.051737,0.0093,0.0897,49.0496,0.0072,0.1022,48.9987,-0.0059,-0.1023,15.8045,-0.0024,-0.0888,16.0514,0.002134,0.002055,49.0497,0.002129,0.002064,48.9987,-0.006769,-0.014606,15.8047,-0.006607,-0.014127,16.0514,-0.00075,-0.10941,-0.34572,0.67028,-0.32459,0.10803,0.00102,-0.10810,-0.34818,0.67628,-0.32854,0.11092,0.00223,0.00008,0.00185,0.00021,-0.00628,1.14700,0.21457,-1.27840,0.11302,-0.08471,0.00617,0.47736,-0.20036,-0.43885,-0.09952,0.25246,0.00108,0.00010,0.00081,0.00012,6.000,6.000,12.000,12.000,6.000,6.000,6.000,6.000,12.000,12.000,6.000,6.000,6.000,6.000,6.000,6.000,0.004223,0.027686,0.004215,0.027669,0.004200,0.023242,0.004225,0.023295,0.000000,0.000019,0.000000,0.000000,0.734275,0.235831,0.000000,0.000000,0.000000,0.107443,0.110271
0.9400,-0.00173,0.03175,0.48016,1.00000,0.00004,0.00011,-0.00006,0.00424,0.02336,0.31456,0.31446,0.00021,0.02779,2,0.03491,0.00021,0.034753,-0.00012,-0.0443,-0.0003,0.0005,-0.0019,-0.0281,-0.0213,-0.0405,0,0.04900,0.01900,0.0035,0.0094,0.006349,0.051724,0.0093,0.0910,49.1807,0.0071,0.1037,49.1301,-0.0060,-0.1035,15.6735,-0.0025,-0.0901,15.9201,0.002143,0.002043,49.1808,0.002139,0.002051,49.1301,-0.006873,-0.015024,15.6737,-0.006708,-0.014535,15.9201,-0.00075,-0.10998,-0.34544,0.66974,-0.32433,0.10861,0.00103,-0.10868,-0.34792,0.67578,-0.32830,0.11157,0.00224,0.00008,0.00185,0.00021,-0.00636,1.15793,0.21611,-1.28074,0.11380,-0.08444,0.00624,0.47954,-0.20178,-0.43525,-0.10023,0.25710,0.00108,0.00010,0.00081,0.00012,6.000,6.000,12.000,12.000,6.000,6.000,6.000,6.000,12.000,12.000,6.000,6.000,6.000,6.000,6.000,6.000,0.004224,0.027810,0.004215,0.027793,0.004200,0.023367,0.004225,0.023418,0.000000,0.000019,0.000000,0.000000,0.735513,0.233630,0.000000,0.000000,0.000000,0.108026,0.110922
0.9450,-0.00173,0.03192,0.48016,1.00000,0.00005,0.00011,-0.00006,0.00424,0.02348,0.31456,0.31446,0.00021,0.02792,2,0.03491,0.00021,0.034753,-0.00012,-0.0442,-0.0003,0.0005,-0.0018,-0.0281,-0.0214,-0.0405,0,0.04900,0.01900,0.0036,0.0097,0.006359,0.051711,0.0093,0.0924,49.3115,0.0071,0.1051,49.2611,-0.0061,-0.1046,15.5427,-0.0025,-0.0914,15.7891,0.002153,0.002031,49.3116,0.002148,0.002038,49.2611,-0.006979,-0.015449,15.5429,-0.006812,-0.014948,15.7891,-0.00076,-0.11056,-0.34517,0.66920,-0.32406,0.10919,0.00104,-0.10926,-0.34766,0.67528,-0.32806,0.11222,0.00224,0.00008,0.00185,0.00021,-0.00643,1.16888,0.21763,-1.28307,0.11457,-0.08419,0.00632,0.48168,-0.20319,-0.43167,-0.10095,0.26174,0.00108,0.00010,0.00081,0.00012,6.000,6.000,12.000,12.000,6.000,6.000,6.000,6.000,12.000,12.000,6.000,6.000,6.000,6.000,6.000,6.000,0.004224,0.027933,0.004216,0.027916,0.004200,0.023491,0.004225,0.023541,0.000000,0.000019,0.000000,0.000000,0.736751,0.231439,0.000000,0.000000,0.000000,0.108608,0.111572
0.9500,-0.00172,0.03209,0.48016,1.00000,0.00005,0.00011,-0.00006,0.00424,0.02361,0.31456,0.31446,0.00021,0.02804,2,0.03491,0.00021,0.034752,-0.00011,-0.0440,-0.0003,0.0005,-0.0018,-0.0281,-0.0215,-0.0404,0,0.04900,0.01900,0.0036,0.0099,0.006368,0.051699,0.0094,0.0938,49.4421,0.0071,0.1066,49.3920,-0.0061,-0.1057,15.4121,-0.0026,-0.0928,15.6583,0.002162,0.002020,49.4422,0.002158,0.002027,49.3920,-0.007087,-0.015880,15.4124,-0.006916,-0.015368,15.6583,-0.00076,-0.11113,-0.34489,0.66865,-0.32379,0.10977,0.00104,-0.10985,-0.34740,0.67478,-0.32782,0.11287,0.00224,0.00008,0.00185,0.00022,-0.00650,1.17984,0.21915,-1.28538,0.11534,-0.08397,0.00639,0.48379,-0.20459,-0.42810,-0.10166,0.26638,0.00109,0.00010,0.00081,0.00012,6.000,6.000,12.000,12.000,6.000,6.000,6.000,6.000,12.000,12.000,6.000,6.000,6.000,6.000,6.000,6.000,0.004225,0.028056,0.004216,0.028040,0.004200,0.023615,0.004225,0.023664,0.000000,0.000018,0.000000,0.000000,0.737990,0.229259,0.000000,0.000000,0.000000,0.109189,0.112223
0.9550,-0.00172,0.03226,0.48016,1.00000,0.00005,0.00011,-0.00006,0.00424,0.02373,0.31456,0.31446,0.00021,0.02816,2,0.03491,0.00021,0.034752,-0.00011,-0.0439,-0.0003,0.0005,-0.0018,-0.0281,-0.0216,-0.0403,0,0.04900,0.01900,0.0036,0.0101,0.006377,0.051688,0.0094,0.0952,49.5724,0.0071,0.1081,49.5225,-0.0062,-0.1069,15.2818,-0.0027,-0.0941,15.5280,0.002171,0.002009,49.5725,0.002167,0.002015,49.5225,-0.007196,-0.016318,15.2821,-0.007022,-0.015794,15.5280,-0.00076,-0.11171,-0.34461,0.66810,-0.32351,0.11035,0.00105,-0.11043,-0.34714,0.67427,-0.32758,0.11352,0.00224,0.00008,0.00185,0.00022,-0.00658,1.19080,0.22066,-1.28767,0.11611,-0.08377,0.00647,0.48586,-0.20599,-0.42453,-0.10237,0.27102,0.00109,0.00010,0.00081,0.00012,6.000,6.000,12.000,12.000,6.000,6.000,6.000,6.000,12.000,12.000,6.000,6.000,6.000,6.000,6.000,6.000,0.004225,0.028179,0.004217,0.028163,0.004200,0.023740,0.004224,0.023787,0.000000,0.000018,0.000000,0.000000,0.739229,0.227088,0.000000,0.000000,0.000000,0.109770,0.112873
0.9600,-0.00171,0.03243,0.48016,1.00000,0.00005,0.00011,-0.00006,0.00424,0.02385,0.31456,0.31446,0.00021,0.02829,2,0.03491,0.00021,0.034751,-0.00011,-0.0438,-0.0003,0.0005,-0.0017,-0.0281,-0.0215,-0.0404,0,0.04900,0.01900,0.0037,0.0103,0.006387,0.051677,0.0094,0.0965,49.7023,0.0071,0.1095,49.6527,-0.0062,-0.1081,15.1515,-0.0036,-0.0952,15.3989,0.002180,0.001999,49.7024,0.002176,0.002004,49.6527,-0.007305,-0.016765,15.1518,-0.007123,-0.016224,15.3989,-0.00077,-0.11228,-0.34433,0.66755,-0.32324,0.11093,0.00106,-0.11101,-0.34688,0.67377,-0.32734,0.11418,0.00224,0.00008,0.00184,0.00022,-0.00664,1.20179,0.22218,-1.28992,0.11688,-0.08359,0.00655,0.48788,-0.20737,-0.42095,-0.10307,0.27568,0.00109,0.00010,0.00081,0.00012,6.000,6.000,12.000,12.000,6.000,6.000,6.000,6.000,12.000,12.000,6.000,6.000,6.000,6.000,6.000,6.000,0.004225,0.028303,0.004217,0.028287,0.004200,0.023864,0.004224,0.023911,0.000000,0.000018,0.000000,0.000000,0.740469,0.224927,0.000000,0.000000,0.000000,0.110351,0.113524
0.9650,-0.00171,0.03260,0.48016,1.00000,0.00005,0.00011,-0.00006,0.00424,0.02398,0.31456,0.31446,0.00021,0.02841,2,0.03491,0.00021,0.034750,-0.00011,-0.0436,-0.0003,0.0005,-0.0017,-0.0283,-0.0210,-0.0406,0,0.04900,0.01900,0.0037,0.0106,0.006396,0.051666,0.0096,0.0979,49.8313,0.0071,0.1108,49.7821,-0.0062,-0.1093,15.0211,-0.0051,-0.0971,15.2718,0.002190,0.001989,49.8314,0.002185,0.001994,49.7821,-0.007415,-0.017217,15.0214,-0.007218,-0.016653,15.2718,-0.00077,-0.11285,-0.34405,0.66699,-0.32296,0.11151,0.00106,-0.11159,-0.34661,0.67326,-0.32710,0.11483,0.00225,0.00008,0.00184,0.00022,-0.00671,1.21275,0.22371,-1.29212,0.11767,-0.08344,0.00665,0.48985,-0.20874,-0.41731,-0.10379,0.28037,0.00109,0.00010,0.00081,0.00012,6.000,6.000,12.000,12.000,6.000,6.000,6.000,6.000,12.000,12.000,6.000,6.000,6.000,6.000,6.000,6.000,0.004225,0.028426,0.004218,0.028410,0.004200,0.023988,0.004222,0.024034,0.000000,0.000017,0.000000,0.000000,0.741707,0.222777,0.000000,0.000000,0.000000,0.110930,0.114177
0.9700,-0.00171,0.03276,0.48016,1.00000,0.00005,0.00011,-0.00006,0.00424,0.02410,0.31456,0.31446,0.00021,0.02853,2,0.03492,0.00021,0.034750,-0.00011,-0.0435,-0.0003,0.0006,-0.0016,-0.0287,-0.0203,-0.0409,0,0.04900,0.01900,0.0038,0.0112,0.006405,0.051656,0.0098,0.0995,49.9585,0.0071,0.1122,49.9105,-0.0060,-0.1103,14.8914,-0.0069,-0.1015,15.1461,0.002199,0.001981,49.9586,0.002195,0.001985,49.9105,-0.007523,-0.017668,14.8917,-0.007306,-0.017076,15.1461,-0.00078,-0.11343,-0.34376,0.66643,-0.32269,0.11209,0.00107,-0.11217,-0.34635,0.67275,-0.32687,0.11550,0.00225,0.00008,0.00184,0.00022,-0.00680,1.22360,0.22524,-1.29423,0.11846,-0.08333,0.00673,0.49174,-0.21008,-0.41364,-0.10452,0.28503,0.00110,0.00010,0.00081,0.00012,6.000,6.000,12.000,12.000,6.000,6.000,6.000,6.000,12.000,12.000,6.000,6.000,6.000,6.000,6.000,6.000,0.004225,0.028548,0.004218,0.028534,0.004200,0.024112,0.004220,0.024155,0.000000,0.000016,0.000000,0.000000,0.742929,0.220652,0.000000,0.000000,0.000000,0.111510,0.114834
0.9750,-0.00170,0.03293,0.48016,1.00000,0.00005,0.00011,-0.00006,0.00424,0.02423,0.31456,0.31446,0.00021,0.02866,2,0.03492,0.00021,0.034749,-0.00011,-0.0434,-0.0003,0.0006,-0.0015,-0.0291,-0.0197,-0.0412,0,0.04900,0.01900,0.0038,0.0116,0.006414,0.051647,0.0101,0.1011,50.0847,0.0072,0.1138,50.0374,-0.0058,-0.1112,14.7624,-0.0080,-0.1046,15.0195,0.002208,0.001973,50.0848,0.002204,0.001976,50.0374,-0.007632,-0.018122,14.7627,-0.007401,-0.017507,15.0195,-0.00078,-0.11400,-0.34348,0.66587,-0.32241,0.11267,0.00108,-0.11275,-0.34608,0.67224,-0.32664,0.11617,0.00225,0.00008,0.00184,0.00022,-0.00689,1.23439,0.22676,-1.29631,0.11924,-0.08327,0.00679,0.49358,-0.21142,-0.40996,-0.10527,0.28967,0.00111,0.00010,0.00081,0.00012,6.000,6.000,12.000,12.000,6.000,6.000,6.000,6.000,12.000,12.000,6.000,6.000,6.000,6.000,6.000,6.000,0.004225,0.028670,0.004219,0.028657,0.004200,0.024237,0.004218,0.024276,0.000000,0.000014,0.000000,0.000000,0.744142,0.218545,0.000000,0.000000,0.000000,0.112089,0.115499
0.9800,-0.00170,0.03310,0.48016,1.00000,0.00005,0.00011,-0.00006,0.00424,0.02435,0.31456,0.31446,0.00021,0.02878,2,0.03492,0.00021,0.034749,-0.00011,-0.0433,-0.0003,0.0007,-0.0014,-0.0295,-0.0191,-0.0414,0,0.04900,0.01900,0.0038,0.0120,0.006423,0.051639,0.0104,0.1028,50.2104,0.0074,0.1156,50.1636,-0.0056,-0.1120,14.6342,-0.0086,-0.1070,14.8924,0.002216,0.001966,50.2105,0.002213,0.001968,50.1636,-0.007744,-0.018580,14.6345,-0.007500,-0.017945,14.8924,-0.00078,-0.11457,-0.34319,0.66530,-0.32213,0.11324,0.00109,-0.11334,-0.34581,0.67174,-0.32641,0.11686,0.00225,0.00007,0.00184,0.00022,-0.00699,1.24515,0.22826,-1.29837,0.12000,-0.08324,0.00685,0.49538,-0.21277,-0.40631,-0.10604,0.29429,0.00112,0.00010,0.00081,0.00012,6.000,6.000,12.000,12.000,6.000,6.000,6.000,6.000,12.000,12.000,6.000,6.000,6.000,6.000,6.000,6.000,0.004224,0.028792,0.004219,0.028781,0.004200,0.024361,0.004215,0.024396,0.000000,0.000013,0.000000,0.000000,0.745349,0.216453,0.000000,0.000000,0.000000,0.112667,0.116173
0.9850,-0.00169,0.03327,0.48016,1.00000,0.00005,0.00011,-0.00006,0.00424,0.02448,0.31456,0.31446,0.00021,0.02890,2,0.03492,0.00021,0.034748,-0.00011,-0.0432,-0.0003,0.0008,-0.0013,-0.0298,-0.0186,-0.0416,0,0.04900,0.01900,0.0039,0.0123,0.006432,0.051632,0.0107,0.1048,50.3358,0.0077,0.1174,50.2894,-0.0053,-0.1131,14.5068,-0.0088,-0.1089,14.7652,0.002224,0.001947,50.3359,0.002221,0.001961,50.2894,-0.007857,-0.019001,14.5071,-0.007605,-0.018391,14.7652,-0.00079,-0.11514,-0.34290,0.66473,-0.32185,0.11382,0.00110,-0.11392,-0.34554,0.67123,-0.32620,0.11755,0.00225,0.00007,0.00183,0.00022,-0.00709,1.25643,0.22974,-1.30042,0.12074,-0.08265,0.00691,0.49659,-0.21411,-0.40270,-0.10681,0.29827,0.00113,0.00010,0.00081,0.00012,6.000,6.000,12.000,12.000,6.000,6.000,6.000,6.000,12.000,12.000,6.000,6.000,6.000,6.000,6.000,6.000,0.004224,0.028914,0.004220,0.028904,0.004200,0.024485,0.004212,0.024516,0.000000,0.000011,0.000000,0.000000,0.746554,0.214373,0.000000,0.000000,0.000000,0.113244,0.116856
0.9900,-0.00169,0.03344,0.48016,1.00000,0.00005,0.00011,-0.00007,0.00424,0.02460,0.31456,0.31446,0.00021,0.02903,2,0.03492,0.00021,0.034748,-0.00011,-0.0431,-0.0003,0.0009,-0.0011,-0.0300,-0.0183,-0.0417,0,0.04900,0.01900,0.0039,0.0126,0.006440,0.051614,0.0110,0.1087,50.4600,0.0079,0.1191,50.4149,-0.0051,-0.1163,14.3812,-0.0087,-0.1101,14.6380,0.002232,0.001816,50.4601,0.002229,0.001943,50.4149,-0.007973,-0.019018,14.3816,-0.007717,-0.018808,14.6380,-0.00079,-0.11572,-0.34261,0.66416,-0.32157,0.11440,0.00111,-0.11450,-0.34527,0.67073,-0.32598,0.11824,0.00225,0.00007,0.00183,0.00022,-0.00718,1.27277,0.23120,-1.30245,0.12145,-0.07640,0.00697,0.49261,-0.21544,-0.39915,-0.10758,0.29642,0.00114,0.00010,0.00081,0.00012,6.000,6.000,12.000,12.000,6.000,6.000,6.000,6.000,12.000,12.000,6.000,6.000,6.000,6.000,6.000,6.000,0.004223,0.029036,0.004220,0.029028,0.004200,0.024610,0.004209,0.024635,0.000000,0.000009,0.000000,0.000000,0.747759,0.212303,0.000000,0.000000,0.000000,0.113822,0.117547
0.9950,-0.00168,0.03360,0.48016,1.00000,0.00005,0.00011,-0.00007,0.00424,0.02472,0.31456,0.31446,0.00021,0.02915,2,0.03492,0.00021,0.034747,-0.00011,-0.0429,-0.0003,0.0009,-0.0011,-0.0299,-0.0181,-0.0416,0,0.04900,0.01900,0.0040,0.0124,0.006448,0.051488,0.0112,0.1128,50.5858,0.0081,0.1202,50.5389,-0.0050,-0.1197,14.2563,-0.0067,-0.1080,14.5089,0.002239,0.001678,50.5859,0.002237,0.001818,50.5389,-0.008095,-0.019016,14.2567,-0.007850,-0.018868,14.5089,-0.00080,-0.11629,-0.34232,0.66359,-0.32128,0.11499,0.00112,-0.11509,-0.34500,0.67022,-0.32577,0.11893,0.00226,0.00007,0.00183,0.00022,-0.00726,1.28964,0.23262,-1.30457,0.12213,-0.06971,0.00703,0.48821,-0.21680,-0.39572,-0.10835,0.29408,0.00114,0.00010,0.00080,0.00012,6.000,6.000,12.000,12.000,6.000,6.000,6.000,6.000,12.000,12.000,6.000,6.000,6.000,6.000,6.000,6.000,0.004223,0.029159,0.004221,0.029151,0.004200,0.024734,0.004207,0.024757,0.000000,0.000008,0.000000,0.000000,0.748980,0.210229,0.000000,0.000000,0.000000,0.114401,0.118241
1.0000,-0.00168,0.03377,0.48016,1.00000,0.00005,0.00011,-0.00007,0.00424,0.02485,0.31456,0.31446,0.00021,0.02927,2,0.03492,0.00021,0.034746,-0.00011,-0.0428,-0.0003,0.0010,-0.0010,-0.0296,-0.0180,-0.0414,0,0.04900,0.01900,0.0040,0.0125,0.006454,0.051354,0.0113,0.1167,50.7124,0.0083,0.1221,50.6644,-0.0049,-0.1234,14.1316,-0.0052,-0.1075,14.3811,0.002246,0.001541,50.7125,0.002244,0.001684,50.6644,-0.008220,-0.019016,14.1319,-0.007986,-0.018898,14.3811,-0.00080,-0.11686,-0.34202,0.66301,-0.32100,0.11558,0.00113,-0.11567,-0.34472,0.66971,-0.32555,0.11961,0.00226,0.00007,0.00183,0.00022,-0.00733,1.30668,0.23402,-1.30673,0.12280,-0.06294,0.00710,0.48372,-0.21816,-0.39235,-0.10909,0.29162,0.00114,0.00010,0.00080,0.00012,6.000,6.000,12.000,12.000,6.000,6.000,6.000,6.000,12.000,12.000,6.000,6.000,6.000,6.000,6.000,6.000,0.004223,0.029281,0.004222,0.029274,0.004200,0.024858,0.004205,0.024879,0.000000,0.000007,0.000000,0.000000,0.750211,0.208157,0.000000,0.000000,0.000000,0.114986,0.118931
1.0050,-0.00168,0.03394,0.48016,1.00000,0.00005,0.00011,-0.00007,0.00424,0.02497,0.31456,0.31446,0.00021,0.02940,2,0.03493,0.00021,0.034746,-0.00011,-0.0427,-0.0003,0.0010,-0.0010,-0.0293,-0.0179,-0.0412,0,0.04900,0.01900,0.0041,0.0127,0.006461,0.051219,0.0114,0.1206,50.8392,0.0083,0.1246,50.7906,-0.0049,-0.1272,14.0068,-0.0041,-0.1085,14.2543,0.002253,0.001404,50.8393,0.002251,0.001550,50.7906,-0.008349,-0.019018,14.0072,-0.008121,-0.018920,14.2543,-0.00080,-0.11744,-0.34173,0.66243,-0.32071,0.11618,0.00114,-0.11625,-0.34445,0.66920,-0.32533,0.12028,0.00226,0.00007,0.00183,0.00022,-0.00739,1.32384,0.23542,-1.30889,0.12348,-0.05614,0.00717,0.47915,-0.21952,-0.38901,-0.10980,0.28909,0.00113,0.00010,0.00079,0.00012,6.000,6.000,12.000,12.000,6.000,6.000,6.000,6.000,12.000,12.000,6.000,6.000,6.000,6.000,6.000,6.000,0.004224,0.029404,0.004222,0.029398,0.004200,0.024983,0.004205,0.025003,0.000000,0.000007,0.000000,0.000000,0.751451,0.206088,0.000000,0.000000,0.000000,0.115578,0.119612
1.0100,-0.00167,0.03411,0.48016,1.00000,0.00005,0.00011,-0.00007,0.00424,0.02509,0.31456,0.31446,0.00021,0.02952,2,0.03493,0.00021,0.034745,-0.00011,-0.0426,-0.0003,0.0010,-0.0010,-0.0290,-0.0179,-0.0410,0,0.04900,0.01900,0.0042,0.0130,0.006468,0.051083,0.0114,0.1244,50.9660,0.0084,0.1276,50.9172,-0.0049,-0.1310,13.8821,-0.0034,-0.1104,14.1281,0.002260,0.001267,50.9661,0.002258,0.001414,50.9172,-0.008479,-0.019018,13.8825,-0.008255,-0.018936,14.1281,-0.00081,-0.11801,-0.34143,0.66184,-0.32043,0.11679,0.00115,-0.11682,-0.34417,0.66869,-0.32511,0.12094,0.00226,0.00007,0.00182,0.00023,-0.00745,1.34110,0.23681,-1.31103,0.12417,-0.04929,0.00725,0.47450,-0.22086,-0.38569,-0.11048,0.28649,0.00113,0.00010,0.00078,0.00012,6.000,6.000,12.000,12.000,6.000,6.000,6.000,6.000,12.000,12.000,6.000,6.000,6.000,6.000,6.000,6.000,0.004224,0.029528,0.004223,0.029521,0.004200,0.025107,0.004204,0.025126,0.000000,0.000007,0.000000,0.000000,0.752697,0.204025,0.000000,0.000000,0.000000,0.116178,0.120282
1.0150,-0.00167,0.03428,0.48016,1.00000,0.00005,0.00011,-0.00007,0.00424,0.02522,0.31456,0.31446,0.00021,0.02964,2,0.03493,0.00021,0.034745,-0.00011,-0.0424,-0.0003,0.0010,-0.0010,-0.0287,-0.0179,-0.0408,0,0.04900,0.01900,0.0043,0.0135,0.006475,0.050947,0.0114,0.1283,51.0926,0.0084,0.1310,51.0437,-0.0050,-0.1350,13.7573,-0.0030,-0.1131,14.0024,0.002267,0.001131,51.0927,0.002265,0.001278,51.0437,-0.008611,-0.019018,13.7577,-0.008389,-0.018944,14.0024,-0.00081,-0.11859,-0.34113,0.66126,-0.32014,0.11740,0.00116,-0.11740,-0.34390,0.66817,-0.32489,0.12158,0.00227,0.00007,0.00182,0.00023,-0.00750,1.35842,0.23821,-1.31315,0.12487,-0.04245,0.00733,0.46979,-0.22219,-0.38237,-0.11113,0.28387,0.00112,0.00009,0.00078,0.00012,6.000,6.000,12.000,12.000,6.000,6.000,6.000,6.000,12.000,12.000,6.000,6.000,6.000,6.000,6.000,6.000,0.004225,0.029651,0.004223,0.029644,0.004200,0.025231,0.004204,0.025251,0.000000,0.000007,0.000000,0.000000,0.753946,0.201969,0.000000,0.000000,0.000000,0.116787,0.120939
1.0200,-0.00166,0.03444,0.48016,1.00000,0.00005,0.00011,-0.00007,0.00424,0.02534,0.31456,0.31446,0.00021,0.02977,2,0.03493,0.00021,0.034744,-0.00011,-0.0423,-0.0003,0.0010,-0.0010,-0.0285,-0.0178,-0.0406,0,0.04900,0.01900,0.0044,0.0140,0.006482,0.050810,0.0114,0.1321,51.2188,0.0084,0.1346,51.1701,-0.0051,-0.1389,13.6325,-0.0028,-0.1164,13.8771,0.002274,0.000995,51.2189,0.002272,0.001141,51.1701,-0.008744,-0.019018,13.6330,-0.008522,-0.018947,13.8771,-0.00082,-0.11916,-0.34083,0.66066,-0.31984,0.11803,0.00117,-0.11798,-0.34362,0.66765,-0.32466,0.12221,0.00227,0.00007,0.00182,0.00023,-0.00756,1.37575,0.23960,-1.31524,0.12558,-0.03564,0.00741,0.46505,-0.22350,-0.37905,-0.11177,0.28125,0.00112,0.00009,0.00077,0.00012,6.000,6.000,12.000,12.000,6.000,6.000,6.000,6.000,12.000,12.000,6.000,6.000,6.000,6.000,6.000,6.000,0.004226,0.029774,0.004224,0.029767,0.004200,0.025355,0.004204,0.025375,0.000000,0.000007,0.000000,0.000000,0.755198,0.199922,0.000000,0.000000,0.000000,0.117403,0.121582
1.0250,-0.00166,0.03461,0.48016,1.00000,0.00004,0.00010,-0.00007,0.00423,0.02547,0.31456,0.31446,0.00021,0.02989,2,0.03493,0.00021,0.034744,-0.00011,-0.0422,-0.0003,0.0009,-0.0011,-0.0284,-0.0178,-0.0404,0,0.04900,0.01900,0.0045,0.0145,0.006489,0.050673,0.0114,0.1359,51.3445,0.0083,0.1383,51.2962,-0.0051,-0.1429,13.5078,-0.0026,-0.1199,13.7519,0.002282,0.000861,51.3447,0.002280,0.001006,51.2962,-0.008879,-0.019019,13.5083,-0.008655,-0.018947,13.7519,-0.00082,-0.11974,-0.34052,0.66007,-0.31955,0.11866,0.00118,-0.11855,-0.34334,0.66712,-0.32443,0.12283,0.00227,0.00007,0.00182,0.00023,-0.00761,1.39307,0.24100,-1.31730,0.12629,-0.02889,0.00749,0.46030,-0.22479,-0.37572,-0.11239,0.27867,0.00111,0.00009,0.00077,0.00012,6.000,6.000,12.000,12.000,6.000,6.000,6.000,6.000,12.000,12.000,6.000,6.000,6.000,6.000,6.000,6.000,0.004226,0.029897,0.004225,0.029891,0.004200,0.025480,0.004204,0.025500,0.000000,0.000007,0.000000,0.000000,0.756452,0.197883,0.000000,0.000000,0.000000,0.118027,0.122213
1.0300,-0.00165,0.03478,0.48016,1.00000,0.00004,0.00010,-0.00007,0.00423,0.02559,0.31456,0.31446,0.00021,0.03001,2,0.03493,0.00021,0.034743,-0.00011,-0.0420,-0.0003,0.0009,-0.0011,-0.0282,-0.0177,-0.0403,0,0.04900,0.01900,0.0046,0.0151,0.006497,0.050538,0.0114,0.1397,51.4699,0.0083,0.1421,51.4219,-0.0052,-0.1469,13.3832,-0.0026,-0.1236,13.6271,0.002290,0.000727,51.4700,0.002287,0.000871,51.4219,-0.009015,-0.019019,13.3837,-0.008789,-0.018947,13.6271,-0.00083,-0.12032,-0.34022,0.65947,-0.31926,0.11929,0.00119,-0.11912,-0.34305,0.66660,-0.32420,0.12344,0.00227,0.00007,0.00181,0.00023,-0.00767,1.41039,0.24239,-1.31932,0.12702,-0.02218,0.00757,0.45551,-0.22607,-0.37240,-0.11299,0.27609,0.00111,0.00009,0.00077,0.00012,6.000,6.000,12.000,12.000,6.000,6.000,6.000,6.000,12.000,12.000,6.000,6.000,6.000,6.000,6.000,6.000,0.004227,0.030021,0.004226,0.030014,0.004200,0.025604,0.004205,0.025625,0.000000,0.000007,0.000000,0.000000,0.757707,0.195854,0.000000,0.000000,0.000000,0.118657,0.122830
1.0350,-0.00165,0.03495,0.48016,1.00000,0.00004,0.00010,-0.00007,0.00423,0.02571,0.31456,0.31446,0.00021,0.03014,2,0.03493,0.00021,0.034742,-0.00011,-0.0419,-0.0003,0.0009,-0.0011,-0.0282,-0.0177,-0.0402,0,0.04900,0.01900,0.0047,0.0157,0.006504,0.050404,0.0114,0.1434,51.5948,0.0083,0.1460,51.5473,-0.0053,-0.1509,13.2589,-0.0027,-0.1274,13.5023,0.002297,0.000595,51.5949,0.002295,0.000737,51.5473,-0.009152,-0.019018,13.2594,-0.008923,-0.018945,13.5023,-0.00083,-0.12089,-0.33991,0.65886,-0.31896,0.11993,0.00121,-0.11969,-0.34277,0.66606,-0.32396,0.12403,0.00227,0.00007,0.00181,0.00023,-0.00773,1.42769,0.24378,-1.32131,0.12774,-0.01554,0.00765,0.45072,-0.22734,-0.36908,-0.11359,0.27355,0.00111,0.00009,0.00076,0.00012,6.000,6.000,12.000,12.000,6.000,6.000,6.000,6.000,12.000,12.000,6.000,6.000,6.000,6.000,6.000,6.000,0.004228,0.030144,0.004226,0.030137,0.004200,0.025728,0.004205,0.025749,0.000000,0.000007,0.000000,0.000000,0.758963,0.193834,0.000000,0.000000,0.000000,0.119294,0.123436
1.0400,-0.00164,0.03511,0.48016,1.00000,0.00004,0.00010,-0.00007,0.00423,0.02584,0.31456,0.31446,0.00021,0.03026,2,0.03493,0.00021,0.034742,-0.00011,-0.0418,-0.0003,0.0009,-0.0012,-0.0281,-0.0177,-0.0401,0,0.04900,0.01900,0.0048,0.0164,0.006512,0.050271,0.0114,0.1472,51.7193,0.0082,0.1499,51.6722,-0.0053,-0.1549,13.1348,-0.0028,-0.1313,13.3779,0.002305,0.000464,51.7194,0.002303,0.000604,51.6722,-0.009292,-0.019018,13.1353,-0.009058,-0.018941,13.3779,-0.00084,-0.12147,-0.33960,0.65826,-0.31866,0.12058,0.00122,-0.12026,-0.34249,0.66553,-0.32372,0.12462,0.00228,0.00007,0.00181,0.00023,-0.00779,1.44497,0.24516,-1.32327,0.12846,-0.00897,0.00773,0.44591,-0.22860,-0.36577,-0.11419,0.27105,0.00111,0.00009,0.00076,0.00012,6.000,6.000,12.000,12.000,6.000,6.000,6.000,6.000,12.000,12.000,6.000,6.000,6.000,6.000,6.000,6.000,0.004229,0.030267,0.004227,0.030260,0.004200,0.025853,0.004205,0.025874,0.000000,0.000007,0.000000,0.000000,0.760219,0.191825,0.000000,0.000000,0.000000,0.119935,0.124032
1.0450,-0.00164,0.03528,0.48016,1.00000,0.00004,0.00010,-0.00007,0.00423,0.02596,0.31456,0.31446,0.00021,0.03038,2,0.03494,0.00021,0.034741,-0.00011,-0.0416,-0.0003,0.0009,-0.0012,-0.0281,-0.0176,-0.0400,0,0.04900,0.01900,0.0050,0.0170,0.006519,0.050139,0.0114,0.1510,51.8433,0.0082,0.1538,51.7968,-0.0054,-0.1589,13.0109,-0.0029,-0.1354,13.2539,0.002312,0.000335,51.8434,0.002310,0.000473,51.7968,-0.009433,-0.019017,13.0115,-0.009194,-0.018936,13.2539,-0.00084,-0.12205,-0.33928,0.65764,-0.31836,0.12123,0.00123,-0.12083,-0.34220,0.66499,-0.32347,0.12519,0.00228,0.00007,0.00181,0.00023,-0.00785,1.46221,0.24653,-1.32520,0.12918,-0.00248,0.00781,0.44110,-0.22984,-0.36246,-0.11477,0.26859,0.00111,0.00009,0.00076,0.00012,6.000,6.000,12.000,12.000,6.000,6.000,6.000,6.000,12.000,12.000,6.000,6.000,6.000,6.000,6.000,6.000,0.004230,0.030391,0.004228,0.030383,0.004200,0.025977,0.004205,0.025999,0.000000,0.000008,0.000000,0.000000,0.761475,0.189826,0.000000,0.000000,0.000000,0.120580,0.124617
1.0500,-0.00163,0.03545,0.48015,1.00000,0.00004,0.00010,-0.00007,0.00423,0.02608,0.31456,0.31446,0.00021,0.03051,2,0.03494,0.00021,0.034741,-0.00011,-0.0415,-0.0003,0.0009,-0.0012,-0.0280,-0.0175,-0.0400,0,0.04900,0.01900,0.0051,0.0177,0.006527,0.050009,0.0114,0.1547,51.9669,0.0082,0.1576,51.9209,-0.0055,-0.1629,12.8874,-0.0031,-0.1394,13.1302,0.002320,0.000207,51.9670,0.002318,0.000343,51.9209,-0.009575,-0.019016,12.8880,-0.009332,-0.018932,13.1302,-0.00084,-0.12263,-0.33897,0.65703,-0.31806,0.12188,0.00124,-0.12139,-0.34191,0.66444,-0.32323,0.12576,0.00228,0.00007,0.00180,0.00023,-0.00791,1.47943,0.24790,-1.32710,0.12990,0.00396,0.00789,0.43626,-0.23108,-0.35915,-0.11536,0.26615,0.00110,0.00009,0.00075,0.00012,6.000,6.000,12.000,12.000,6.000,6.000,6.000,6.000,12.000,12.000,6.000,6.000,6.000,6.000,6.000,6.000,0.004230,0.030514,0.004229,0.030506,0.004200,0.026101,0.004205,0.026124,0.000000,0.000008,0.000000,0.000000,0.762731,0.187838,0.000000,0.000000,0.000000,0.121229,0.125194
1.0550,-0.00163,0.03562,0.48015,1.00000,0.00004,0.00010,-0.00007,0.00423,0.02621,0.31456,0.31446,0.00021,0.03063,2,0.03494,0.00021,0.034740,-0.00011,-0.0414,-0.0003,0.0009,-0.0013,-0.0280,-0.0175,-0.0399,0,0.04900,0.01900,0.0052,0.0184,0.006534,0.049880,0.0115,0.1585,52.0901,0.0081,0.1615,52.0446,-0.0055,-0.1669,12.7643,-0.0032,-0.1435,13.0068,0.002327,0.000078,52.0902,0.002325,0.000214,52.0446,-0.009720,-0.019007,12.7649,-0.009471,-0.018926,13.0068,-0.00085,-0.12320,-0.33865,0.65641,-0.31776,0.12253,0.00126,-0.12196,-0.34162,0.66390,-0.32298,0.12633,0.00228,0.00007,0.00180,0.00023,-0.00798,1.49668,0.24926,-1.32898,0.13062,0.01040,0.00797,0.43135,-0.23230,-0.35586,-0.11594,0.26366,0.00110,0.00009,0.00075,0.00012,6.000,6.000,12.000,12.000,6.000,6.000,6.000,6.000,12.000,12.000,6.000,6.000,6.000,6.000,6.000,6.000,0.004231,0.030637,0.004229,0.030629,0.004200,0.026225,0.004205,0.026249,0.000000,0.000008,0.000000,0.000000,0.763987,0.185860,0.000000,0.000000,0.000000,0.121880,0.125764
1.0600,-0.00162,0.03578,0.48015,1.00000,0.00004,0.00010,-0.00007,0.00423,0.02633,0.31456,0.31446,0.00021,0.03075,2,0.03494,0.00021,0.034740,-0.00011,-0.0413,-0.0003,0.0009,-0.0013,-0.0280,-0.0174,-0.0399,0,0.04900,0.01900,0.0053,0.0191,0.006541,0.049751,0.0115,0.1622,52.2129,0.0081,0.1653,52.1679,-0.0055,-0.1709,12.6414,-0.0033,-0.1474,12.8837,0.002335,-0.000044,52.2130,0.002333,0.000086,52.1679,-0.009867,-0.019018,12.6421,-0.009613,-0.018914,12.8837,-0.00085,-0.12378,-0.33833,0.65579,-0.31745,0.12319,0.00127,-0.12252,-0.34133,0.66335,-0.32273,0.12688,0.00228,0.00007,0.00180,0.00023,-0.00804,1.51369,0.25061,-1.33083,0.13132,0.01654,0.00805,0.42664,-0.23352,-0.35257,-0.11653,0.26145,0.00110,0.00009,0.00075,0.00012,6.000,6.000,12.000,12.000,6.000,6.000,6.000,6.000,12.000,12.000,6.000,6.000,6.000,6.000,6.000,6.000,0.004232,0.030760,0.004230,0.030752,0.004200,0.026350,0.004205,0.026374,0.000000,0.000008,0.000000,0.000000,0.765243,0.183893,0.000000,0.000000,0.000000,0.122533,0.126327
1.0650,-0.00162,0.03595,0.48015,1.00000,0.00004,0.00010,-0.00008,0.00423,0.02646,0.31456,0.31446,0.00021,0.03088,2,0.03494,0.00021,0.034739,-0.00011,-0.0411,-0.0003,0.0009,-0.0014,-0.0281,-0.0174,-0.0398,0,0.04900,0.01900,0.0054,0.0198,0.006549,0.049628,0.0115,0.1659,52.3352,0.0081,0.1691,52.2908,-0.0056,-0.1748,12.5190,-0.0035,-0.1516,12.7614,0.002342,-0.000166,52.3353,0.002340,-0.000037,52.2908,-0.010016,-0.019018,12.5196,-0.009755,-0.018919,12.7614,-0.00086,-0.12436,-0.33801,0.65516,-0.31714,0.12384,0.00128,-0.12309,-0.34103,0.66279,-0.32247,0.12744,0.00229,0.00007,0.00180,0.00024,-0.00811,1.53077,0.25196,-1.33264,0.13203,0.02274,0.00813,0.42181,-0.23472,-0.34929,-0.11711,0.25915,0.00110,0.00009,0.00075,0.00012,6.000,6.000,12.000,12.000,6.000,6.000,6.000,6.000,12.000,12.000,6.000,6.000,6.000,6.000,6.000,6.000,0.004233,0.030883,0.004231,0.030875,0.004200,0.026474,0.004205,0.026499,0.000000,0.000008,0.000000,0.000000,0.766498,0.181937,0.000000,0.000000,0.000000,0.123188,0.126885
1.0700,-0.00161,0.03612,0.48015,1.00000,0.00004,0.00010,-0.00008,0.00423,0.02658,0.31456,0.31446,0.00021,0.03100,2,0.03494,0.00021,0.034738,-0.00011,-0.0410,-0.0003,0.0009,-0.0014,-0.0279,-0.0174,-0.0397,0,0.04900,0.01900,0.0055,0.0193,0.006555,0.049504,0.0116,0.1695,52.4582,0.0083,0.1731,52.4150,-0.0055,-0.1789,12.3971,-0.0069,-0.1456,12.6222,0.002348,-0.000289,52.4583,0.002347,-0.000160,52.4150,-0.010168,-0.019019,12.3977,-0.009899,-0.019000,12.6222,-0.00086,-0.12494,-0.33769,0.65453,-0.31683,0.12450,0.00130,-0.12365,-0.34073,0.66223,-0.32221,0.12798,0.00229,0.00006,0.00179,0.00024,-0.00818,1.54793,0.25329,-1.33449,0.13271,0.02891,0.00821,0.41696,-0.23593,-0.34607,-0.11770,0.25682,0.00110,0.00009,0.00074,0.00012,6.000,6.000,12.000,12.000,6.000,6.000,6.000,6.000,12.000,12.000,6.000,6.000,6.000,6.000,6.000,6.000,0.004234,0.031007,0.004232,0.030998,0.004200,0.026598,0.004204,0.026624,0.000000,0.000009,0.000000,0.000000,0.767762,0.179984,0.000000,0.000000,0.000000,0.123843,0.127437
1.0750,-0.00161,0.03629,0.48015,1.00000,0.00004,0.00010,-0.00008,0.00423,0.02670,0.31456,0.31446,0.00021,0.03112,2,0.03494,0.00021,0.034738,-0.00011,-0.0409,-0.0003,0.0010,-0.0016,-0.0270,-0.0185,-0.0393,0,0.04900,0.01900,0.0056,0.0203,0.006562,0.049382,0.0118,0.1729,52.5850,0.0082,0.1769,52.5384,-0.0054,-0.1834,12.2760,-0.0057,-0.1525,12.5034,0.002353,-0.000414,52.5851,0.002354,-0.000282,52.5384,-0.010329,-0.019020,12.2767,-0.010054,-0.019000,12.5034,-0.00087,-0.12551,-0.33737,0.65390,-0.31653,0.12516,0.00131,-0.12421,-0.34043,0.66166,-0.32195,0.12851,0.00229,0.00006,0.00179,0.00024,-0.00826,1.56552,0.25463,-1.33648,0.13331,0.03527,0.00828,0.41199,-0.23716,-0.34303,-0.11833,0.25430,0.00109,0.00009,0.00074,0.00012,6.000,6.000,12.000,12.000,6.000,6.000,6.000,6.000,12.000,12.000,6.000,6.000,6.000,6.000,6.000,6.000,0.004234,0.031131,0.004233,0.031121,0.004200,0.026723,0.004203,0.026753,0.000000,0.000010,0.000000,0.000000,0.769061,0.178016,0.000000,0.000000,0.000000,0.124499,0.127976
1.0800,-0.00160,0.03645,0.48015,1.00000,0.00004,0.00010,-0.00008,0.00423,0.02683,0.31456,0.31446,0.00021,0.03124,2,0.03494,0.00021,0.034737,-0.00011,-0.0408,-0.0003,0.0010,-0.0016,-0.0276,-0.0181,-0.0395,0,0.04900,0.01900,0.0057,0.0226,0.006567,0.049257,0.0118,0.1767,52.7039,0.0082,0.1796,52.6616,-0.0055,-0.1873,12.1536,-0.0023,-0.1678,12.4032,0.002362,-0.000532,52.7039,0.002359,-0.000407,52.6616,-0.010480,-0.019021,12.1543,-0.010208,-0.018875,12.4032,-0.00087,-0.12609,-0.33704,0.65326,-0.31621,0.12581,0.00132,-0.12477,-0.34013,0.66109,-0.32169,0.12904,0.00229,0.00006,0.00179,0.00024,-0.00833,1.58239,0.25598,-1.33811,0.13408,0.04126,0.00836,0.40713,-0.23829,-0.33966,-0.11884,0.25213,0.00109,0.00009,0.00074,0.00012,6.000,6.000,12.000,12.000,6.000,6.000,6.000,6.000,12.000,12.000,6.000,6.000,6.000,6.000,6.000,6.000,0.004235,0.031254,0.004234,0.031244,0.004200,0.026847,0.004203,0.026877,0.000000,0.000010,0.000000,0.000000,0.770307,0.176098,0.000000,0.000000,0.000000,0.125155,0.128507
1.0850,-0.00160,0.03662,0.48015,1.00000,0.00004,0.00010,-0.00008,0.00423,0.02695,0.31456,0.31446,0.00021,0.03137,2,0.03494,0.00021,0.034737,-0.00011,-0.0407,-0.0003,0.0010,-0.0016,-0.0281,-0.0174,-0.0396,0,0.04900,0.01900,0.0058,0.0231,0.006575,0.049138,0.0118,0.1805,52.8218,0.0082,0.1834,52.7810,-0.0055,-0.1910,12.0319,-0.0030,-0.1703,12.2795,0.002370,-0.000647,52.8219,0.002367,-0.000525,52.7810,-0.010633,-0.019020,12.0326,-0.010352,-0.018876,12.2795,-0.00088,-0.12667,-0.33671,0.65262,-0.31590,0.12647,0.00134,-0.12534,-0.33983,0.66052,-0.32143,0.12958,0.00229,0.00006,0.00179,0.00024,-0.00840,1.59911,0.25730,-1.33969,0.13483,0.04711,0.00845,0.40228,-0.23943,-0.33629,-0.11937,0.25003,0.00110,0.00009,0.00074,0.00012,6.000,6.000,12.000,12.000,6.000,6.000,6.000,6.000,12.000,12.000,6.000,6.000,6.000,6.000,6.000,6.000,0.004236,0.031376,0.004235,0.031366,0.004200,0.026971,0.004203,0.027000,0.000000,0.000010,0.000000,0.000000,0.771544,0.174198,0.000000,0.000000,0.000000,0.125811,0.129042
1.0900,-0.00159,0.03679,0.48015,1.00000,0.00004,0.00010,-0.00008,0.00423,0.02707,0.31456,0.31446,0.00021,0.03149,2,0.03494,0.00021,0.034736,-0.00011,-0.0406,-0.0003,0.0010,-0.0016,-0.0284,-0.0169,-0.0397,0,0.04900,0.01900,0.0059,0.0238,0.006583,0.049023,0.0119,0.1843,52.9406,0.0081,0.1873,52.8996,-0.0055,-0.1947,11.9113,-0.0035,-0.1732,12.1566,0.002377,-0.000760,52.9406,0.002376,-0.000640,52.8996,-0.010792,-0.019022,11.9120,-0.010500,-0.018881,12.1566,-0.00088,-0.12724,-0.33638,0.65198,-0.31559,0.12712,0.00135,-0.12590,-0.33952,0.65995,-0.32116,0.13011,0.00229,0.00006,0.00178,0.00024,-0.00847,1.61583,0.25859,-1.34133,0.13552,0.05287,0.00853,0.39746,-0.24059,-0.33301,-0.11993,0.24796,0.00110,0.00009,0.00074,0.00012,6.000,6.000,12.000,12.000,6.000,6.000,6.000,6.000,12.000,12.000,6.000,6.000,6.000,6.000,6.000,6.000,0.004237,0.031499,0.004236,0.031489,0.004200,0.027095,0.004203,0.027124,0.000000,0.000010,0.000000,0.000000,0.772786,0.172304,0.000000,0.000000,0.000000,0.126467,0.129578
1.0950,-0.00158,0.03695,0.48015,1.00000,0.00004,0.00010,-0.00008,0.00423,0.02720,0.31456,0.31446,0.00021,0.03161,2,0.03494,0.00021,0.034736,-0.00010,-0.0405,-0.0003,0.0010,-0.0016,-0.0285,-0.0166,-0.0397,0,0.04900,0.01900,0.0060,0.0244,0.006590,0.048909,0.0119,0.1881,53.0597,0.0081,0.1911,53.0188,-0.0055,-0.1986,11.7914,-0.0038,-0.1764,12.0352,0.002384,-0.000872,53.0597,0.002383,-0.000753,53.0188,-0.010954,-0.019020,11.7921,-0.010654,-0.018887,12.0352,-0.00089,-0.12782,-0.33605,0.65133,-0.31527,0.12778,0.00137,-0.12646,-0.33922,0.65937,-0.32089,0.13065,0.00230,0.00006,0.00178,0.00024,-0.00854,1.63261,0.25986,-1.34297,0.13619,0.05863,0.00861,0.39258,-0.24174,-0.32978,-0.12052,0.24584,0.00111,0.00009,0.00073,0.00012,6.000,6.000,12.000,12.000,6.000,6.000,6.000,6.000,12.000,12.000,6.000,6.000,6.000,6.000,6.000,6.000,0.004238,0.031621,0.004237,0.031612,0.004200,0.027220,0.004203,0.027248,0.000000,0.000009,0.000000,0.000000,0.774032,0.170417,0.000000,0.000000,0.000000,0.127122,0.130115
1.1000,-0.00158,0.03712,0.48015,1.00000,0.00004,0.00010,-0.00008,0.00423,0.02732,0.31456,0.31446,0.00021,0.03173,2,0.03494,0.00021,0.034735,-0.00010,-0.0404,-0.0003,0.0010,-0.0016,-0.0283,-0.0166,-0.0395,0,0.04900,0.01900,0.0061,0.0235,0.006597,0.048796,0.0120,0.1917,53.1802,0.0084,0.1950,53.1404,-0.0055,-0.2026,11.6723,-0.0078,-0.1672,11.8937,0.002389,-0.000987,53.1801,0.002389,-0.000865,53.1404,-0.011122,-0.019009,11.6731,-0.010815,-0.019000,11.8937,-0.00089,-0.12840,-0.33571,0.65068,-0.31495,0.12843,0.00138,-0.12702,-0.33891,0.65879,-0.32063,0.13118,0.00230,0.00006,0.00178,0.00024,-0.00862,1.64963,0.26112,-1.34468,0.13682,0.06453,0.00868,0.38756,-0.24291,-0.32665,-0.12112,0.24354,0.00110,0.00009,0.00073,0.00012,6.000,6.000,12.000,12.000,6.000,6.000,6.000,6.000,12.000,12.000,6.000,6.000,6.000,6.000,6.000,6.000,0.004239,0.031744,0.004238,0.031734,0.004200,0.027344,0.004203,0.027373,0.000000,0.000010,0.000000,0.000000,0.775292,0.168531,0.000000,0.000000,0.000000,0.127776,0.130652
1.1050,-0.00157,0.03729,0.48015,1.00000,0.00004,0.00010,-0.00008,0.00423,0.02744,0.31456,0.31446,0.00021,0.03186,2,0.03495,0.00021,0.034735,-0.00010,-0.0403,-0.0003,0.0010,-0.0017,-0.0280,-0.0171,-0.0394,0,0.04900,0.01900,0.0062,0.0263,0.006603,0.048682,0.0121,0.1952,53.3011,0.0081,0.1984,53.2585,-0.0054,-0.2066,11.5536,-0.0030,-0.1858,11.7985,0.002395,-0.001096,53.3010,0.002395,-0.000979,53.2585,-0.011294,-0.019022,11.5544,-0.010982,-0.018872,11.7985,-0.00090,-0.12897,-0.33538,0.65003,-0.31463,0.12908,0.00140,-0.12758,-0.33860,0.65821,-0.32036,0.13171,0.00230,0.00006,0.00178,0.00024,-0.00869,1.66649,0.26238,-1.34639,0.13743,0.07017,0.00876,0.38275,-0.24407,-0.32355,-0.12172,0.24148,0.00109,0.00009,0.00072,0.00012,6.000,6.000,12.000,12.000,6.000,6.000,6.000,6.000,12.000,12.000,6.000,6.000,6.000,6.000,6.000,6.000,0.004240,0.031867,0.004239,0.031857,0.004200,0.027468,0.004202,0.027499,0.000000,0.000010,0.000000,0.000000,0.776560,0.166649,0.000000,0.000000,0.000000,0.128430,0.131181
1.1100,-0.00157,0.03746,0.48015,1.00000,0.00004,0.00010,-0.00008,0.00423,0.02757,0.31456,0.31446,0.00021,0.03198,2,0.03495,0.00021,0.034734,-0.00010,-0.0402,-0.0003,0.0010,-0.0017,-0.0284,-0.0166,-0.0395,0,0.04900,0.01900,0.0063,0.0269,0.006608,0.048573,0.0122,0.1990,53.4177,0.0083,0.2016,53.3788,-0.0054,-0.2104,11.4344,-0.0036,-0.1886,11.6792,0.002402,-0.001204,53.4177,0.002401,-0.001088,53.3788,-0.011462,-0.019022,11.4352,-0.011145,-0.018873,11.6792,-0.00090,-0.12955,-0.33504,0.64937,-0.31431,0.12973,0.00141,-0.12814,-0.33828,0.65762,-0.32009,0.13225,0.00230,0.00006,0.00177,0.00024,-0.00877,1.68309,0.26364,-1.34791,0.13812,0.07573,0.00884,0.37786,-0.24518,-0.32030,-0.12226,0.23946,0.00110,0.00009,0.00072,0.00012,6.000,6.000,12.000,12.000,6.000,6.000,6.000,6.000,12.000,12.000,6.000,6.000,6.000,6.000,6.000,6.000,0.004241,0.031990,0.004240,0.031980,0.004200,0.027593,0.004202,0.027623,0.000000,0.000010,0.000000,0.000000,0.777801,0.164797,0.000000,0.000000,0.000000,0.129082,0.131713
1.1150,-0.00156,0.03762,0.48015,1.00000,0.00004,0.00010,-0.00008,0.00423,0.02769,0.31456,0.31446,0.00021,0.03210,2,0.03495,0.00021,0.034734,-0.00010,-0.0401,-0.0003,0.0010,-0.0017,-0.0285,-0.0163,-0.0395,0,0.04900,0.01900,0.0064,0.0276,0.006615,0.048465,0.0123,0.2027,53.5349,0.0083,0.2054,53.4960,-0.0054,-0.2142,11.3161,-0.0039,-0.1916,11.5591,0.002408,-0.001310,53.5348,0.002408,-0.001195,53.4960,-0.011634,-0.019024,11.3169,-0.011308,-0.018879,11.5591,-0.00091,-0.13012,-0.33470,0.64871,-0.31399,0.13038,0.00143,-0.12870,-0.33797,0.65703,-0.31981,0.13278,0.00230,0.00006,0.00177,0.00024,-0.00884,1.69970,0.26488,-1.34945,0.13878,0.08124,0.00892,0.37296,-0.24629,-0.31711,-0.12282,0.23744,0.00110,0.00009,0.00072,0.00012,6.000,6.000,12.000,12.000,6.000,6.000,6.000,6.000,12.000,12.000,6.000,6.000,6.000,6.000,6.000,6.000,0.004242,0.032112,0.004241,0.032102,0.004200,0.027717,0.004202,0.027746,0.000000,0.000010,0.000000,0.000000,0.779046,0.162953,0.000000,0.000000,0.000000,0.129733,0.132247
1.1200,-0.00156,0.03779,0.48015,1.00000,0.00004,0.00010,-0.00008,0.00423,0.02781,0.31456,0.31446,0.00021,0.03222,2,0.03495,0.00021,0.034733,-0.00010,-0.0400,-0.0003,0.0011,-0.0018,-0.0282,-0.0167,-0.0394,0,0.04900,0.01900,0.0065,0.0287,0.006621,0.048359,0.0124,0.2063,53.6546,0.0082,0.2091,53.6135,-0.0053,-0.2182,11.1989,-0.0034,-0.1966,11.4422,0.002413,-0.001417,53.6545,0.002414,-0.001301,53.6135,-0.011814,-0.019022,11.1997,-0.011480,-0.018883,11.4422,-0.00091,-0.13070,-0.33436,0.64805,-0.31367,0.13103,0.00144,-0.12926,-0.33766,0.65644,-0.31954,0.13331,0.00230,0.00006,0.00177,0.00024,-0.00892,1.71661,0.26610,-1.35110,0.13937,0.08686,0.00899,0.36797,-0.24743,-0.31407,-0.12343,0.23526,0.00109,0.00009,0.00071,0.00012,6.000,6.000,12.000,12.000,6.000,6.000,6.000,6.000,12.000,12.000,6.000,6.000,6.000,6.000,6.000,6.000,0.004243,0.032235,0.004243,0.032225,0.004200,0.027841,0.004201,0.027872,0.000000,0.000010,0.000000,0.000000,0.780314,0.161103,0.000000,0.000000,0.000000,0.130383,0.132778
1.1250,-0.00155,0.03796,0.48015,1.00000,0.00004,0.00010,-0.00008,0.00424,0.02794,0.31456,0.31446,0.00021,0.03235,2,0.03495,0.00021,0.034733,-0.00010,-0.0399,-0.0003,0.0011,-0.0019,-0.0282,-0.0164,-0.0393,0,0.04900,0.01900,0.0066,0.0295,0.006626,0.048251,0.0125,0.2099,53.7719,0.0084,0.2124,53.7327,-0.0053,-0.2222,11.0814,-0.0033,-0.2005,11.3255,0.002419,-0.001522,53.7718,0.002419,-0.001408,53.7327,-0.011994,-0.019024,11.0822,-0.011656,-0.018873,11.3255,-0.00092,-0.13127,-0.33402,0.64738,-0.31334,0.13168,0.00146,-0.12982,-0.33734,0.65584,-0.31926,0.13384,0.00231,0.00006,0.00176,0.00024,-0.00899,1.73330,0.26733,-1.35264,0.14001,0.09234,0.00907,0.36300,-0.24853,-0.31096,-0.12398,0.23317,0.00109,0.00009,0.00071,0.00012,6.000,6.000,12.000,12.000,6.000,6.000,6.000,6.000,12.000,12.000,6.000,6.000,6.000,6.000,6.000,6.000,0.004244,0.032358,0.004244,0.032347,0.004200,0.027965,0.004200,0.027997,0.000000,0.000011,0.000000,0.000000,0.781570,0.159272,0.000000,0.000000,0.000000,0.131032,0.133310
1.1300,-0.00154,0.03812,0.48015,1.00000,0.00004,0.00010,-0.00008,0.00424,0.02806,0.31456,0.31446,0.00021,0.03247,2,0.03495,0.00021,0.034732,-0.00010,-0.0398,-0.0003,0.0011,-0.0019,-0.0282,-0.0161,-0.0392,0,0.04900,0.01900,0.0067,0.0304,0.006632,0.048146,0.0126,0.2135,53.8887,0.0084,0.2158,53.8500,-0.0052,-0.2261,10.9644,-0.0033,-0.2044,11.2085,0.002424,-0.001625,53.8886,0.002425,-0.001512,53.8500,-0.012176,-0.019025,10.9652,-0.011831,-0.018871,11.2085,-0.00092,-0.13185,-0.33367,0.64671,-0.31302,0.13233,0.00147,-0.13038,-0.33702,0.65524,-0.31899,0.13437,0.00231,0.00006,0.00176,0.00025,-0.00907,1.74995,0.26855,-1.35414,0.14064,0.09776,0.00915,0.35802,-0.24961,-0.30785,-0.12453,0.23111,0.00109,0.00009,0.00071,0.00011,6.000,6.000,12.000,12.000,6.000,6.000,6.000,6.000,12.000,12.000,6.000,6.000,6.000,6.000,6.000,6.000,0.004245,0.032480,0.004245,0.032469,0.004200,0.028090,0.004200,0.028122,0.000000,0.000011,0.000000,0.000000,0.782825,0.157452,0.000000,0.000000,0.000000,0.131680,0.133840
1.1350,-0.00154,0.03829,0.48015,1.00000,0.00004,0.00010,-0.00008,0.00424,0.02818,0.31456,0.31446,0.00021,0.03259,2,0.03495,0.00021,0.034732,-0.00010,-0.0397,-0.0003,0.0011,-0.0019,-0.0285,-0.0157,-0.0393,0,0.04900,0.01900,0.0068,0.0290,0.006637,0.048043,0.0127,0.2172,54.0034,0.0089,0.2194,53.9690,-0.0052,-0.2298,10.8476,-0.0081,-0.1922,11.0669,0.002431,-0.001726,54.0033,0.002430,-0.001615,53.9690,-0.012359,-0.019021,10.8484,-0.012010,-0.019000,11.0669,-0.00093,-0.13242,-0.33333,0.64604,-0.31269,0.13297,0.00149,-0.13093,-0.33670,0.65464,-0.31871,0.13490,0.00231,0.00006,0.00176,0.00025,-0.00914,1.76644,0.26976,-1.35556,0.14130,0.10310,0.00923,0.35301,-0.25068,-0.30469,-0.12506,0.22909,0.00109,0.00009,0.00070,0.00011,6.000,6.000,12.000,12.000,6.000,6.000,6.000,6.000,12.000,12.000,6.000,6.000,6.000,6.000,6.000,6.000,0.004246,0.032602,0.004246,0.032592,0.004200,0.028214,0.004199,0.028246,0.000000,0.000010,0.000000,0.000000,0.784067,0.155652,0.000000,0.000000,0.000000,0.132327,0.134371
1.1400,-0.00153,0.03846,0.48015,1.00000,0.00004,0.00010,-0.00009,0.00424,0.02831,0.31456,0.31446,0.00021,0.03271,2,0.03495,0.00021,0.034731,-0.00009,-0.0396,-0.0003,0.0012,-0.0020,-0.0282,-0.0162,-0.0393,0,0.04900,0.01900,0.0069,0.0321,0.006644,0.047942,0.0129,0.2207,54.1210,0.0085,0.2230,54.0819,-0.0051,-0.2339,10.7321,-0.0032,-0.2116,10.9750,0.002435,-0.001826,54.1209,0.002437,-0.001716,54.0819,-0.012551,-0.019024,10.7329,-0.012188,-0.018871,10.9750,-0.00093,-0.13299,-0.33298,0.64537,-0.31236,0.13362,0.00151,-0.13149,-0.33638,0.65404,-0.31843,0.13543,0.00231,0.00005,0.00175,0.00025,-0.00922,1.78314,0.27094,-1.35710,0.14188,0.10844,0.00930,0.34802,-0.25178,-0.30169,-0.12564,0.22701,0.00109,0.00008,0.00070,0.00011,6.000,6.000,12.000,12.000,6.000,6.000,6.000,6.000,12.000,12.000,6.000,6.000,6.000,6.000,6.000,6.000,0.004247,0.032725,0.004248,0.032714,0.004200,0.028338,0.004199,0.028371,0.000000,0.000011,0.000000,0.000000,0.785333,0.153845,0.000000,0.000000,0.000000,0.132972,0.134899
1.1450,-0.00153,0.03862,0.48015,1.00000,0.00004,0.00010,-0.00009,0.00424,0.02843,0.31456,0.31446,0.00020,0.03284,2,0.03495,0.00020,0.034731,-0.00009,-0.0396,-0.0003,0.0012,-0.0020,-0.0286,-0.0157,-0.0394,0,0.04900,0.01900,0.0070,0.0329,0.006648,0.047842,0.0129,0.2245,54.2349,0.0087,0.2262,54.1990,-0.0051,-0.2376,10.6162,-0.0037,-0.2142,10.8586,0.002442,-0.001924,54.2347,0.002442,-0.001816,54.1990,-0.012740,-0.019020,10.6170,-0.012373,-0.018867,10.8586,-0.00094,-0.13357,-0.33263,0.64469,-0.31203,0.13426,0.00152,-0.13205,-0.33605,0.65343,-0.31815,0.13596,0.00231,0.00005,0.00175,0.00025,-0.00929,1.79957,0.27213,-1.35847,0.14253,0.11367,0.00938,0.34299,-0.25282,-0.29856,-0.12616,0.22501,0.00109,0.00008,0.00069,0.00011,6.000,6.000,12.000,12.000,6.000,6.000,6.000,6.000,12.000,12.000,6.000,6.000,6.000,6.000,6.000,6.000,0.004249,0.032847,0.004249,0.032836,0.004200,0.028463,0.004199,0.028495,0.000000,0.000011,0.000000,0.000000,0.786575,0.152065,0.000000,0.000000,0.000000,0.133617,0.135430
1.1500,-0.00152,0.03879,0.48015,1.00000,0.00004,0.00010,-0.00009,0.00424,0.02855,0.31456,0.31446,0.00020,0.03296,2,0.03495,0.00020,0.034730,-0.00009,-0.0395,-0.0003,0.0012,-0.0021,-0.0282,-0.0158,-0.0391,0,0.04900,0.01900,0.0071,0.0319,0.006654,0.047743,0.0131,0.2280,54.3519,0.0090,0.2301,54.3157,-0.0050,-0.2418,10.5016,-0.0073,-0.2052,10.7209,0.002446,-0.002025,54.3517,0.002448,-0.001914,54.3157,-0.012939,-0.019009,10.5025,-0.012565,-0.019000,10.7209,-0.00095,-0.13414,-0.33228,0.64401,-0.31170,0.13490,0.00154,-0.13261,-0.33573,0.65282,-0.31787,0.13649,0.00231,0.00005,0.00175,0.00025,-0.00937,1.81638,0.27330,-1.35998,0.14309,0.11907,0.00945,0.33782,-0.25390,-0.29561,-0.12673,0.22276,0.00108,0.00008,0.00069,0.00011,6.000,6.000,12.000,12.000,6.000,6.000,6.000,6.000,12.000,12.000,6.000,6.000,6.000,6.000,6.000,6.000,0.004250,0.032969,0.004250,0.032958,0.004200,0.028587,0.004198,0.028621,0.000000,0.000011,0.000000,0.000000,0.787845,0.150276,0.000000,0.000000,0.000000,0.134260,0.135961
1.1550,-0.00151,0.03896,0.48015,1.00000,0.00004,0.00010,-0.00009,0.00424,0.02868,0.31456,0.31446,0.00020,0.03308,2,0.03495,0.00020,0.034730,-0.00009,-0.0394,-0.0003,0.0012,-0.0021,-0.0283,-0.0157,-0.0392,0,0.04900,0.01900,0.0071,0.0349,0.006658,0.047643,0.0132,0.2315,54.4660,0.0088,0.2331,54.4298,-0.0050,-0.2456,10.3867,-0.0031,-0.2226,10.6297,0.002452,-0.002118,54.4658,0.002453,-0.002014,54.4298,-0.013137,-0.019025,10.3876,-0.012754,-0.018849,10.6297,-0.00095,-0.13471,-0.33193,0.64332,-0.31137,0.13554,0.00156,-0.13316,-0.33540,0.65220,-0.31758,0.13702,0.00231,0.00005,0.00174,0.00025,-0.00944,1.83269,0.27447,-1.36135,0.14371,0.12406,0.00953,0.33292,-0.25494,-0.29256,-0.12726,0.22091,0.00108,0.00008,0.00069,0.00011,6.000,6.000,12.000,12.000,6.000,6.000,6.000,6.000,12.000,12.000,6.000,6.000,6.000,6.000,6.000,6.000,0.004251,0.033092,0.004252,0.033080,0.004200,0.028711,0.004197,0.028746,0.000000,0.000012,0.000000,0.000000,0.789098,0.148510,0.000000,0.000000,0.000000,0.134902,0.136487
1.1600,-0.00151,0.03912,0.48015,1.00000,0.00004,0.00010,-0.00009,0.00424,0.02880,0.31456,0.31446,0.00020,0.03320,2,0.03495,0.00020,0.034729,-0.00009,-0.0393,-0.0003,0.0013,-0.0021,-0.0286,-0.0152,-0.0393,0,0.04900,0.01900,0.0072,0.0357,0.006664,0.047549,0.0133,0.2352,54.5784,0.0089,0.2366,54.5439,-0.0049,-0.2493,10.2722,-0.0037,-0.2253,10.5139,0.002457,-0.002211,54.5782,0.002458,-0.002106,54.5439,-0.013335,-0.019024,10.2731,-0.012943,-0.018862,10.5139,-0.00096,-0.13528,-0.33157,0.64263,-0.31104,0.13618,0.00157,-0.13372,-0.33507,0.65159,-0.31730,0.13755,0.00232,0.00005,0.00174,0.00025,-0.00951,1.84897,0.27563,-1.36264,0.14435,0.12908,0.00961,0.32789,-0.25595,-0.28947,-0.12777,0.21898,0.00108,0.00008,0.00068,0.00011,6.000,6.000,12.000,12.000,6.000,6.000,6.000,6.000,12.000,12.000,6.000,6.000,6.000,6.000,6.000,6.000,0.004252,0.033213,0.004253,0.033202,0.004200,0.028836,0.004197,0.028869,0.000000,0.000011,0.000000,0.000000,0.790340,0.146762,0.000000,0.000000,0.000000,0.135544,0.137017
1.1650,-0.00150,0.03929,0.48015,1.00000,0.00004,0.00010,-0.00009,0.00424,0.02892,0.31456,0.31446,0.00020,0.03332,2,0.03495,0.00020,0.034729,-0.00009,-0.0392,-0.0003,0.0013,-0.0022,-0.0285,-0.0151,-0.0392,0,0.04900,0.01900,0.0073,0.0346,0.006669,0.047456,0.0134,0.2388,54.6926,0.0092,0.2404,54.6591,-0.0049,-0.2533,10.1588,-0.0075,-0.2155,10.3770,0.002462,-0.002306,54.6923,0.002464,-0.002199,54.6591,-0.013542,-0.019010,10.1597,-0.013145,-0.019000,10.3770,-0.00096,-0.13586,-0.33122,0.64194,-0.31070,0.13682,0.00159,-0.13428,-0.33474,0.65097,-0.31702,0.13808,0.00232,0.00005,0.00174,0.00025,-0.00959,1.86553,0.27676,-1.36402,0.14492,0.13425,0.00969,0.32270,-0.25699,-0.28651,-0.12831,0.21682,0.00108,0.00008,0.00068,0.00011,6.000,6.000,12.000,12.000,6.000,6.000,6.000,6.000,12.000,12.000,6.000,6.000,6.000,6.000,6.000,6.000,0.004254,0.033335,0.004255,0.033324,0.004200,0.028960,0.004196,0.028995,0.000000,0.000012,0.000000,0.000000,0.791599,0.145012,0.000000,0.000000,0.000000,0.136183,0.137550
1.1700,-0.00150,0.03946,0.48015,1.00000,0.00004,0.00010,-0.00009,0.00424,0.02905,0.31456,0.31446,0.00020,0.03345,2,0.03495,0.00020,0.034728,-0.00009,-0.0391,-0.0003,0.0013,-0.0023,-0.0282,-0.0155,-0.0392,0,0.04900,0.01900,0.0074,0.0379,0.006674,0.047360,0.0136,0.2422,54.8073,0.0089,0.2436,54.7710,-0.0048,-0.2573,10.0459,-0.0029,-0.2338,10.2873,0.002466,-0.002396,54.8070,0.002469,-0.002294,54.7710,-0.013754,-0.019023,10.0469,-0.013343,-0.018854,10.2873,-0.00097,-0.13643,-0.33086,0.64125,-0.31036,0.13746,0.00161,-0.13484,-0.33440,0.65034,-0.31673,0.13861,0.00232,0.00005,0.00173,0.00025,-0.00966,1.88194,0.27789,-1.36542,0.14548,0.13917,0.00976,0.31771,-0.25802,-0.28360,-0.12886,0.21488,0.00107,0.00008,0.00067,0.00011,6.000,6.000,12.000,12.000,6.000,6.000,6.000,6.000,12.000,12.000,6.000,6.000,6.000,6.000,6.000,6.000,0.004255,0.033458,0.004256,0.033446,0.004200,0.029084,0.004196,0.029121,0.000000,0.000012,0.000000,0.000000,0.792866,0.143267,0.000000,0.000000,0.000000,0.136822,0.138076
1.1750,-0.00149,0.03962,0.48015,1.00000,0.00004,0.00010,-0.00009,0.00424,0.02917,0.31456,0.31446,0.00020,0.03357,2,0.03496,0.00020,0.034728,-0.00009,-0.0390,-0.0003,0.0014,-0.0023,-0.0286,-0.0150,-0.0393,0,0.04900,0.01900,0.0075,0.0387,0.006678,0.047270,0.0137,0.2458,54.9181,0.0091,0.2468,54.8851,-0.0047,-0.2610,9.9327,-0.0035,-0.2363,10.1736,0.002472,-0.002485,54.9178,0.002473,-0.002384,54.8851,-0.013963,-0.019024,9.9336,-0.013546,-0.018857,10.1736,-0.00097,-0.13700,-0.33050,0.64055,-0.31003,0.13810,0.00162,-0.13539,-0.33407,0.64972,-0.31644,0.13913,0.00232,0.00005,0.00173,0.00025,-0.00973,1.89810,0.27902,-1.36662,0.14611,0.14402,0.00984,0.31266,-0.25900,-0.28054,-0.12934,0.21299,0.00108,0.00008,0.00067,0.00011,6.000,6.000,12.000,12.000,6.000,6.000,6.000,6.000,12.000,12.000,6.000,6.000,6.000,6.000,6.000,6.000,0.004257,0.033579,0.004258,0.033568,0.004200,0.029208,0.004196,0.029244,0.000000,0.000012,0.000000,0.000000,0.794108,0.141550,0.000000,0.000000,0.000000,0.137460,0.138605
1.1800,-0.00148,0.03979,0.48015,1.00000,0.00004,0.00010,-0.00009,0.00424,0.02929,0.31456,0.31446,0.00020,0.03369,2,0.03496,0.00020,0.034727,-0.00009,-0.0390,-0.0003,0.0014,-0.0024,-0.0280,-0.0153,-0.0390,0,0.04900,0.01900,0.0076,0.0402,0.006684,0.047181,0.0139,0.2491,55.0333,0.0091,0.2506,54.9967,-0.0046,-0.2652,9.8211,-0.0026,-0.2424,10.0625,0.002476,-0.002576,55.0330,0.002479,-0.002473,54.9967,-0.014185,-0.019025,9.8221,-0.013754,-0.018865,10.0625,-0.00098,-0.13757,-0.33014,0.63985,-0.30969,0.13873,0.00164,-0.13595,-0.33373,0.64909,-0.31615,0.13966,0.00232,0.00005,0.00173,0.00025,-0.00981,1.91468,0.28013,-1.36804,0.14662,0.14900,0.00991,0.30751,-0.26002,-0.27774,-0.12990,0.21087,0.00107,0.00008,0.00066,0.00011,6.000,6.000,12.000,12.000,6.000,6.000,6.000,6.000,12.000,12.000,6.000,6.000,6.000,6.000,6.000,6.000,0.004258,0.033702,0.004260,0.033689,0.004200,0.029333,0.004194,0.029371,0.000000,0.000013,0.000000,0.000000,0.795389,0.139818,0.000000,0.000000,0.000000,0.138096,0.139134
1.1850,-0.00148,0.03996,0.48015,1.00000,0.00004,0.00010,-0.00009,0.00424,0.02942,0.31456,0.31446,0.00020,0.03381,2,0.03496,0.00020,0.034727,-0.00008,-0.0389,-0.0003,0.0014,-0.0024,-0.0286,-0.0146,-0.0391,0,0.04900,0.01900,0.0077,0.0409,0.006687,0.047090,0.0140,0.2528,55.1424,0.0093,0.2534,55.1108,-0.0045,-0.2688,9.7085,-0.0032,-0.2443,9.9502,0.002482,-0.002661,55.1421,0.002482,-0.002563,55.1108,-0.014399,-0.019026,9.7095,-0.013965,-0.018848,9.9502,-0.00098,-0.13814,-0.32977,0.63915,-0.30935,0.13937,0.00166,-0.13650,-0.33339,0.64846,-0.31586,0.14019,0.00232,0.00005,0.00172,0.00025,-0.00988,1.93070,0.28125,-1.36916,0.14726,0.15371,0.00999,0.30244,-0.26097,-0.27468,-0.13036,0.20902,0.00107,0.00008,0.00066,0.00011,6.000,6.000,12.000,12.000,6.000,6.000,6.000,6.000,12.000,12.000,6.000,6.000,6.000,6.000,6.000,6.000,0.004260,0.033823,0.004261,0.033811,0.004200,0.029457,0.004194,0.029494,0.000000,0.000013,0.000000,0.000000,0.796627,0.138124,0.000000,0.000000,0.000000,0.138732,0.139661
1.1900,-0.00147,0.04012,0.48015,1.00000,0.00004,0.00010,-0.00009,0.00424,0.02954,0.31456,0.31446,0.00020,0.03393,2,0.03496,0.00020,0.034726,-0.00008,-0.0388,-0.0003,0.0015,-0.0025,-0.0285,-0.0143,-0.0391,0,0.04900,0.01900,0.0078,0.0398,0.006693,0.047004,0.0141,0.2563,55.2538,0.0097,0.2573,55.2230,-0.0045,-0.2727,9.5974,-0.0071,-0.2340,9.8147,0.002486,-0.002747,55.2534,0.002488,-0.002648,55.2230,-0.014624,-0.019027,9.5983,-0.014185,-0.019000,9.8147,-0.00099,-0.13871,-0.32941,0.63844,-0.30901,0.14000,0.00168,-0.13706,-0.33305,0.64782,-0.31557,0.14072,0.00232,0.00005,0.00172,0.00025,-0.00995,1.94690,0.28234,-1.37040,0.14783,0.15844,0.01006,0.29734,-0.26195,-0.27178,-0.13087,0.20707,0.00107,0.00008,0.00065,0.00011,6.000,6.000,12.000,12.000,6.000,6.000,6.000,6.000,12.000,12.000,6.000,6.000,6.000,6.000,6.000,6.000,0.004261,0.033945,0.004263,0.033932,0.004200,0.029581,0.004194,0.029619,0.000000,0.000013,0.000000,0.000000,0.797884,0.136428,0.000000,0.000000,0.000000,0.139366,0.140191
1.1950,-0.00146,0.04029,0.48015,1.00000,0.00004,0.00010,-0.00009,0.00424,0.02966,0.31456,0.31446,0.00020,0.03405,2,0.03496,0.00020,0.034726,-0.00008,-0.0387,-0.0003,0.0015,-0.0025,-0.0286,-0.0143,-0.0391,0,0.04900,0.01900,0.0079,0.0408,0.006697,0.046919,0.0142,0.2598,55.3643,0.0098,0.2606,55.3342,-0.0044,-0.2766,9.4866,-0.0072,-0.2374,9.7037,0.002491,-0.002831,55.3638,0.002492,-0.002733,55.3342,-0.014852,-0.019024,9.4876,-0.014403,-0.019000,9.7037,-0.00100,-0.13928,-0.32904,0.63774,-0.30866,0.14063,0.00169,-0.13761,-0.33271,0.64718,-0.31528,0.14125,0.00232,0.00005,0.00171,0.00026,-0.01003,1.96306,0.28341,-1.37159,0.14840,0.16314,0.01014,0.29220,-0.26291,-0.26887,-0.13138,0.20511,0.00107,0.00008,0.00065,0.00011,6.000,6.000,12.000,12.000,6.000,6.000,6.000,6.000,12.000,12.000,6.000,6.000,6.000,6.000,6.000,6.000,0.004263,0.034067,0.004265,0.034054,0.004200,0.029706,0.004193,0.029744,0.000000,0.000013,0.000000,0.000000,0.799138,0.134745,0.000000,0.000000,0.000000,0.139999,0.140718
1.2000,-0.00146,0.04045,0.48015,1.00000,0.00004,0.00010,-0.00009,0.00424,0.02979,0.31456,0.31446,0.00020,0.03418,2,0.03496,0.00020,0.034726,-0.00008,-0.0386,-0.0003,0.0015,-0.0026,-0.0283,-0.0145,-0.0390,0,0.04900,0.01900,0.0079,0.0421,0.006702,0.046834,0.0144,0.2632,55.4758,0.0098,0.2641,55.4449,-0.0043,-0.2807,9.3768,-0.0067,-0.2420,9.5938,0.002494,-0.002917,55.4753,0.002497,-0.002817,55.4449,-0.015087,-0.019012,9.3777,-0.014628,-0.019000,9.5938,-0.00100,-0.13985,-0.32867,0.63702,-0.30832,0.14126,0.00171,-0.13817,-0.33237,0.64654,-0.31498,0.14177,0.00232,0.00004,0.00171,0.00026,-0.01010,1.97942,0.28448,-1.37283,0.14893,0.16793,0.01021,0.28695,-0.26388,-0.26605,-0.13190,0.20299,0.00106,0.00008,0.00064,0.00011,6.000,6.000,12.000,12.000,6.000,6.000,6.000,6.000,12.000,12.000,6.000,6.000,6.000,6.000,6.000,6.000,0.004264,0.034189,0.004267,0.034175,0.004200,0.029830,0.004193,0.029870,0.000000,0.000014,0.000000,0.000000,0.800406,0.133063,0.000000,0.000000,0.000000,0.140630,0.141246
1.2050,-0.00145,0.04062,0.48015,1.00000,0.00004,0.00010,-0.00009,0.00424,0.02991,0.31456,0.31446,0.00020,0.03430,2,0.03496,0.00020,0.034725,-0.00008,-0.0386,-0.0003,0.0016,-0.0027,-0.0284,-0.0144,-0.0391,0,0.04900,0.01900,0.0080,0.0454,0.006706,0.046748,0.0145,0.2666,55.5849,0.0096,0.2670,55.5537,-0.0042,-0.2844,9.2667,-0.0028,-0.2590,9.5064,0.002499,-0.002995,55.5845,0.002501,-0.002903,55.5537,-0.015322,-0.019028,9.2677,-0.014845,-0.018839,9.5064,-0.00101,-0.14042,-0.32830,0.63631,-0.30797,0.14189,0.00173,-0.13872,-0.33202,0.64590,-0.31469,0.14230,0.00232,0.00004,0.00171,0.00026,-0.01017,1.99533,0.28554,-1.37395,0.14950,0.17234,0.01029,0.28195,-0.26481,-0.26315,-0.13237,0.20123,0.00106,0.00008,0.00063,0.00011,6.000,6.000,12.000,12.000,6.000,6.000,6.000,6.000,12.000,12.000,6.000,6.000,6.000,6.000,6.000,6.000,0.004266,0.034310,0.004269,0.034297,0.004200,0.029954,0.004192,0.029995,0.000000,0.000014,0.000000,0.000000,0.801660,0.131400,0.000000,0.000000,0.000000,0.141261,0.141771
1.2100,-0.00144,0.04079,0.48015,1.00000,0.00004,0.00010,-0.00009,0.00424,0.03003,0.31456,0.31446,0.00020,0.03442,2,0.03496,0.00020,0.034725,-0.00008,-0.0385,-0.0003,0.0016,-0.0027,-0.0288,-0.0138,-0.0392,0,0.04900,0.01900,0.0081,0.0441,0.006710,0.046669,0.0146,0.2702,55.6924,0.0101,0.2706,55.6653,-0.0041,-0.2882,9.1572,-0.0072,-0.2477,9.3728,0.002504,-0.003077,55.6920,0.002506,-0.002981,55.6653,-0.015559,-0.019012,9.1581,-0.015083,-0.019000,9.3728,-0.00101,-0.14099,-0.32793,0.63559,-0.30763,0.14252,0.00175,-0.13927,-0.33167,0.64525,-0.31439,0.14283,0.00233,0.00004,0.00170,0.00026,-0.01024,2.01132,0.28660,-1.37500,0.15009,0.17691,0.01037,0.27671,-0.26572,-0.26023,-0.13284,0.19926,0.00106,0.00008,0.00063,0.00011,6.000,6.000,12.000,12.000,6.000,6.000,6.000,6.000,12.000,12.000,6.000,6.000,6.000,6.000,6.000,6.000,0.004268,0.034431,0.004271,0.034418,0.004200,0.030078,0.004192,0.030119,0.000000,0.000014,0.000000,0.000000,0.802904,0.129755,0.000000,0.000000,0.000000,0.141891,0.142301
1.2150,-0.00144,0.04095,0.48015,1.00000,0.00004,0.00010,-0.00009,0.00424,0.03015,0.31456,0.31446,0.00020,0.03454,2,0.03496,0.00020,0.034724,-0.00008,-0.0384,-0.0003,0.0016,-0.0029,-0.0282,-0.0146,-0.0391,0,0.04900,0.01900,0.0082,0.0479,0.006715,0.046587,0.0148,0.2734,55.8041,0.0097,0.2741,55.7712,-0.0040,-0.2924,9.0493,-0.0023,-0.2671,9.2875,0.002507,-0.003157,55.8036,0.002511,-0.003062,55.7712,-0.015810,-0.019010,9.0503,-0.015307,-0.018849,9.2875,-0.00102,-0.14155,-0.32755,0.63487,-0.30728,0.14315,0.00177,-0.13983,-0.33132,0.64460,-0.31409,0.14335,0.00233,0.00004,0.00170,0.00026,-0.01032,2.02760,0.28762,-1.37624,0.15056,0.18148,0.01044,0.27150,-0.26668,-0.25754,-0.13337,0.19720,0.00105,0.00008,0.00062,0.00011,6.000,6.000,12.000,12.000,6.000,6.000,6.000,6.000,12.000,12.000,6.000,6.000,6.000,6.000,6.000,6.000,0.004270,0.034553,0.004273,0.034539,0.004200,0.030203,0.004191,0.030246,0.000000,0.000015,0.000000,0.000000,0.804184,0.128096,0.000000,0.000000,0.000000,0.142519,0.142825
1.2200,-0.00143,0.04112,0.48015,1.00000,0.00004,0.00010,-0.00010,0.00424,0.03028,0.31456,0.31446,0.00020,0.03466,2,0.03496,0.00020,0.034724,-0.00008,-0.0383,-0.0003,0.0017,-0.0029,-0.0286,-0.0139,-0.0392,0,0.04900,0.01900,0.0083,0.0489,0.006718,0.046506,0.0150,0.2769,55.9101,0.0100,0.2769,55.8818,-0.0039,-0.2960,8.9403,-0.0029,-0.2692,9.1785,0.002512,-0.003231,55.9095,0.002514,-0.003142,55.8818,-0.016055,-0.019029,8.9413,-0.015548,-0.018832,9.1785,-0.00103,-0.14212,-0.32718,0.63414,-0.30693,0.14377,0.00178,-0.14038,-0.33097,0.64395,-0.31379,0.14388,0.00233,0.00004,0.00169,0.00026,-0.01038,2.04321,0.28866,-1.37721,0.15116,0.18563,0.01051,0.26651,-0.26756,-0.25461,-0.13381,0.19555,0.00105,0.00008,0.00062,0.00011,6.000,6.000,12.000,12.000,6.000,6.000,6.000,6.000,12.000,12.000,6.000,6.000,6.000,6.000,6.000,6.000,0.004272,0.034674,0.004275,0.034660,0.004200,0.030327,0.004191,0.030369,0.000000,0.000014,0.000000,0.000000,0.805427,0.126473,0.000000,0.000000,0.000000,0.143146,0.143353
1.2250,-0.00142,0.04128,0.48015,1.00000,0.00004,0.00010,-0.00010,0.00425,0.03040,0.31456,0.31446,0.00020,0.03478,2,0.03496,0.00020,0.034724,-0.00008,-0.0382,-0.0003,0.0017,-0.0030,-0.0282,-0.0143,-0.0390,0,0.04900,0.01900,0.0084,0.0505,0.006723,0.046432,0.0152,0.2802,56.0201,0.0100,0.2806,55.9887,-0.0037,-0.3001,8.8333,-0.0022,-0.2749,9.0716,0.002515,-0.003310,56.0195,0.002519,-0.003216,55.9887,-0.016314,-0.019015,8.8343,-0.015788,-0.018856,9.0716,-0.00103,-0.14269,-0.32680,0.63341,-0.30658,0.14440,0.00180,-0.14093,-0.33062,0.64329,-0.31349,0.14440,0.00233,0.00004,0.00169,0.00026,-0.01046,2.05945,0.28967,-1.37838,0.15165,0.19016,0.01058,0.26120,-0.26848,-0.25193,-0.13432,0.19341,0.00104,0.00008,0.00061,0.00010,6.000,6.000,12.000,12.000,6.000,6.000,6.000,6.000,12.000,12.000,6.000,6.000,6.000,6.000,6.000,6.000,0.004274,0.034796,0.004277,0.034781,0.004200,0.030451,0.004190,0.030496,0.000000,0.000015,0.000000,0.000000,0.806704,0.124837,0.000000,0.000000,0.000000,0.143772,0.143878
1.2300,-0.00141,0.04145,0.48015,1.00000,0.00004,0.00010,-0.00010,0.00425,0.03052,0.31456,0.31446,0.00020,0.03490,2,0.03496,0.00020,0.034723,-0.00008,-0.0382,-0.0003,0.0018,-0.0030,-0.0287,-0.0135,-0.0392,0,0.04900,0.01900,0.0084,0.0514,0.006725,0.046353,0.0153,0.2837,56.1248,0.0102,0.2834,56.0978,-0.0037,-0.3038,8.7253,-0.0027,-0.2766,8.9632,0.002520,-0.003384,56.1242,0.002522,-0.003295,56.0978,-0.016568,-0.019013,8.7264,-0.016036,-0.018830,8.9632,-0.00104,-0.14326,-0.32642,0.63268,-0.30622,0.14502,0.00182,-0.14148,-0.33026,0.64263,-0.31319,0.14493,0.00233,0.00004,0.00169,0.00026,-0.01053,2.07510,0.29069,-1.37929,0.15224,0.19436,0.01066,0.25605,-0.26934,-0.24903,-0.13474,0.19162,0.00104,0.00008,0.00060,0.00010,6.000,6.000,12.000,12.000,6.000,6.000,6.000,6.000,12.000,12.000,6.000,6.000,6.000,6.000,6.000,6.000,0.004276,0.034917,0.004279,0.034902,0.004200,0.030576,0.004190,0.030620,0.000000,0.000015,0.000000,0.000000,0.807946,0.123235,0.000000,0.000000,0.000000,0.144397,0.144405
1.2350,-0.00141,0.04162,0.48015,1.00000,0.00004,0.00010,-0.00010,0.00425,0.03065,0.31456,0.31446,0.00020,0.03502,2,0.03496,0.00020,0.034723,-0.00008,-0.0381,-0.0003,0.0018,-0.0031,-0.0284,-0.0137,-0.0391,0,0.04900,0.01900,0.0085,0.0529,0.006731,0.046279,0.0155,0.2869,56.2328,0.0102,0.2870,56.2034,-0.0035,-0.3078,8.6191,-0.0023,-0.2812,8.8560,0.002523,-0.003455,56.2322,0.002527,-0.003368,56.2034,-0.016835,-0.019031,8.6201,-0.016285,-0.018840,8.8560,-0.00104,-0.14382,-0.32604,0.63195,-0.30587,0.14564,0.00184,-0.14204,-0.32990,0.64197,-0.31289,0.14545,0.00233,0.00004,0.00168,0.00026,-0.01060,2.09089,0.29167,-1.38035,0.15273,0.19845,0.01073,0.25099,-0.27023,-0.24633,-0.13523,0.18983,0.00104,0.00007,0.00060,0.00010,6.000,6.000,12.000,12.000,6.000,6.000,6.000,6.000,12.000,12.000,6.000,6.000,6.000,6.000,6.000,6.000,0.004278,0.035038,0.004281,0.035023,0.004200,0.030700,0.004189,0.030746,0.000000,0.000016,0.000000,0.000000,0.809215,0.121625,0.000000,0.000000,0.000000,0.145021,0.144930
1.2400,-0.00140,0.04178,0.48015,1.00000,0.00004,0.00010,-0.00010,0.00425,0.03077,0.31456,0.31446,0.00020,0.03514,2,0.03496,0.00020,0.034722,-0.00007,-0.0380,-0.0003,0.0018,-0.0032,-0.0283,-0.0136,-0.0390,0,0.04900,0.01900,0.0086,0.0544,0.006734,0.046207,0.0157,0.2903,56.3394,0.0104,0.2902,56.3110,-0.0034,-0.3118,8.5130,-0.0021,-0.2856,8.7509,0.002527,-0.003530,56.3387,0.002530,-0.003439,56.3110,-0.017104,-0.019012,8.5141,-0.016542,-0.018845,8.7509,-0.00105,-0.14439,-0.32565,0.63121,-0.30552,0.14626,0.00186,-0.14259,-0.32955,0.64130,-0.31259,0.14598,0.00233,0.00004,0.00168,0.00026,-0.01067,2.10686,0.29266,-1.38135,0.15325,0.20277,0.01080,0.24565,-0.27109,-0.24361,-0.13569,0.18777,0.00103,0.00007,0.00059,0.00010,6.000,6.000,12.000,12.000,6.000,6.000,6.000,6.000,12.000,12.000,6.000,6.000,6.000,6.000,6.000,6.000,0.004280,0.035159,0.004284,0.035143,0.004200,0.030824,0.004189,0.030872,0.000000,0.000016,0.000000,0.000000,0.810481,0.120029,0.000000,0.000000,0.000000,0.145643,0.145455
1.2450,-0.00139,0.04195,0.48015,1.00000,0.00004,0.00010,-0.00010,0.00425,0.03089,0.31456,0.31446,0.00020,0.03526,2,0.03496,0.00020,0.034722,-0.00007,-0.0379,-0.0003,0.0019,-0.0033,-0.0288,-0.0129,-0.0391,0,0.04900,0.01900,0.0087,0.0526,0.006737,0.046132,0.0158,0.2937,56.4427,0.0110,0.2934,56.4199,-0.0033,-0.3154,8.4068,-0.0068,-0.2718,8.6182,0.002532,-0.003598,56.4420,0.002533,-0.003513,56.4199,-0.017373,-0.019012,8.4079,-0.016823,-0.019000,8.6182,-0.00106,-0.14496,-0.32527,0.63047,-0.30516,0.14688,0.00188,-0.14314,-0.32918,0.64063,-0.31228,0.14651,0.00233,0.00004,0.00167,0.00026,-0.01074,2.12235,0.29364,-1.38219,0.15382,0.20675,0.01088,0.24050,-0.27192,-0.24078,-0.13611,0.18601,0.00103,0.00007,0.00058,0.00010,6.000,6.000,12.000,12.000,6.000,6.000,6.000,6.000,12.000,12.000,6.000,6.000,6.000,6.000,6.000,6.000,0.004282,0.035280,0.004286,0.035264,0.004200,0.030948,0.004189,0.030996,0.000000,0.000016,0.000000,0.000000,0.811724,0.118457,0.000000,0.000000,0.000000,0.146264,0.145981
1.2500,-0.00138,0.04211,0.48015,1.00000,0.00004,0.00010,-0.00010,0.00425,0.03101,0.31456,0.31446,0.00020,0.03538,2,0.03497,0.00020,0.034722,-0.00007,-0.0378,-0.0003,0.0019,-0.0034,-0.0285,-0.0133,-0.0391,0,0.04900,0.01900,0.0088,0.0570,0.006742,0.046062,0.0160,0.2969,56.5490,0.0106,0.2967,56.5213,-0.0032,-0.3193,8.3023,-0.0021,-0.2917,8.5378,0.002534,-0.003665,56.5482,0.002539,-0.003582,56.5213,-0.017656,-0.019030,8.3033,-0.017065,-0.018835,8.5378,-0.00106,-0.14552,-0.32488,0.62973,-0.30480,0.14750,0.00190,-0.14369,-0.32882,0.63996,-0.31197,0.14703,0.00233,0.00004,0.00167,0.00026,-0.01081,2.13797,0.29459,-1.38318,0.15429,0.21064,0.01095,0.23544,-0.27278,-0.23813,-0.13659,0.18427,0.00102,0.00007,0.00058,0.00010,6.000,6.000,12.000,12.000,6.000,6.000,6.000,6.000,12.000,12.000,6.000,6.000,6.000,6.000,6.000,6.000,0.004284,0.035401,0.004288,0.035384,0.004200,0.031073,0.004188,0.031122,0.000000,0.000017,0.000000,0.000000,0.812993,0.116880,0.000000,0.000000,0.000000,0.146884,0.146505
1.2550,-0.00138,0.04228,0.48015,1.00000,0.00004,0.00010,-0.00010,0.00425,0.03114,0.31456,0.31446,0.00020,0.03550,2,0.03497,0.00020,0.034721,-0.00007,-0.0378,-0.0003,0.0020,-0.0035,-0.0284,-0.0133,-0.0391,0,0.04900,0.01900,0.0088,0.0585,0.006745,0.045995,0.0162,0.3001,56.6539,0.0108,0.2998,56.6273,-0.0030,-0.3233,8.1979,-0.0020,-0.2960,8.4342,0.002538,-0.003733,56.6532,0.002542,-0.003649,56.6273,-0.017941,-0.019027,8.1989,-0.017337,-0.018842,8.4342,-0.00107,-0.14609,-0.32449,0.62898,-0.30444,0.14812,0.00192,-0.14424,-0.32846,0.63928,-0.31167,0.14755,0.00233,0.00003,0.00166,0.00026,-0.01088,2.15365,0.29554,-1.38410,0.15479,0.21462,0.01102,0.23022,-0.27362,-0.23546,-0.13704,0.18238,0.00102,0.00007,0.00057,0.00010,6.000,6.000,12.000,12.000,6.000,6.000,6.000,6.000,12.000,12.000,6.000,6.000,6.000,6.000,6.000,6.000,0.004287,0.035521,0.004291,0.035505,0.004200,0.031197,0.004187,0.031248,0.000000,0.000017,0.000000,0.000000,0.814258,0.115315,0.000000,0.000000,0.000000,0.147503,0.147029
1.2600,-0.00137,0.04244,0.48015,1.00000,0.00004,0.00010,-0.00010,0.00425,0.03126,0.31456,0.31446,0.00020,0.03562,2,0.03497,0.00020,0.034721,-0.00007,-0.0377,-0.0003,0.0020,-0.0036,-0.0284,-0.0130,-0.0389,0,0.04900,0.01900,0.0089,0.0601,0.006748,0.045926,0.0164,0.3034,56.7583,0.0109,0.3030,56.7322,-0.0029,-0.3273,8.0940,-0.0016,-0.3003,8.3306,0.002541,-0.003802,56.7576,0.002545,-0.003717,56.7322,-0.018232,-0.019013,8.0950,-0.017615,-0.018835,8.3306,-0.00108,-0.14665,-0.32410,0.62823,-0.30408,0.14874,0.00194,-0.14479,-0.32809,0.63861,-0.31136,0.14808,0.00233,0.00003,0.00166,0.00026,-0.01095,2.16937,0.29648,-1.38499,0.15528,0.21864,0.01109,0.22490,-0.27443,-0.23281,-0.13747,0.18039,0.00101,0.00007,0.00056,0.00010,6.000,6.000,12.000,12.000,6.000,6.000,6.000,6.000,12.000,12.000,6.000,6.000,6.000,6.000,6.000,6.000,0.004289,0.035642,0.004293,0.035625,0.004200,0.031321,0.004186,0.031374,0.000000,0.000018,0.000000,0.000000,0.815526,0.113759,0.000000,0.000000,0.000000,0.148120,0.147554
1.2650,-0.00136,0.04261,0.48015,1.00000,0.00004,0.00010,-0.00010,0.00425,0.03138,0.31456,0.31446,0.00020,0.03574,2,0.03497,0.00020,0.034720,-0.00007,-0.0376,-0.0003,0.0021,-0.0037,-0.0286,-0.0125,-0.0390,0,0.04900,0.01900,0.0090,0.0614,0.006751,0.045857,0.0166,0.3066,56.8607,0.0111,0.3059,56.8364,-0.0028,-0.3310,7.9902,-0.0017,-0.3031,8.2263,0.002545,-0.003866,56.8599,0.002548,-0.003785,56.8364,-0.018526,-0.019015,7.9913,-0.017896,-0.018816,8.2263,-0.00108,-0.14722,-0.32371,0.62747,-0.30372,0.14935,0.00196,-0.14534,-0.32772,0.63793,-0.31105,0.14860,0.00233,0.00003,0.00165,0.00026,-0.01102,2.18477,0.29741,-1.38579,0.15581,0.22241,0.01117,0.21973,-0.27522,-0.23010,-0.13788,0.17862,0.00101,0.00007,0.00056,0.00010,6.000,6.000,12.000,12.000,6.000,6.000,6.000,6.000,12.000,12.000,6.000,6.000,6.000,6.000,6.000,6.000,0.004292,0.035763,0.004296,0.035745,0.004200,0.031446,0.004186,0.031498,0.000000,0.000018,0.000000,0.000000,0.816780,0.112222,0.000000,0.000000,0.000000,0.148736,0.148078
1.2700,-0.00135,0.04277,0.48015,1.00000,0.00004,0.00010,-0.00010,0.00425,0.03150,0.31456,0.31446,0.00020,0.03586,2,0.03497,0.00020,0.034720,-0.00007,-0.0375,-0.0003,0.0021,-0.0038,-0.0287,-0.0122,-0.0390,0,0.04900,0.01900,0.0091,0.0600,0.006754,0.045793,0.0167,0.3099,56.9628,0.0116,0.3094,56.9415,-0.0026,-0.3348,7.8872,-0.0058,-0.2913,8.0982,0.002549,-0.003929,56.9619,0.002552,-0.003849,56.9415,-0.018826,-0.019013,7.8883,-0.018204,-0.019000,8.0982,-0.00109,-0.14778,-0.32331,0.62672,-0.30336,0.14996,0.00198,-0.14589,-0.32735,0.63724,-0.31074,0.14912,0.00233,0.00003,0.00165,0.00027,-0.01109,2.20015,0.29833,-1.38658,0.15632,0.22613,0.01124,0.21454,-0.27601,-0.22743,-0.13831,0.17683,0.00101,0.00007,0.00055,0.00010,6.000,6.000,12.000,12.000,6.000,6.000,6.000,6.000,12.000,12.000,6.000,6.000,6.000,6.000,6.000,6.000,0.004294,0.035883,0.004299,0.035865,0.004200,0.031570,0.004186,0.031623,0.000000,0.000018,0.000000,0.000000,0.818036,0.110695,0.000000,0.000000,0.000000,0.149351,0.148601
1.2750,-0.00135,0.04294,0.48015,1.00000,0.00004,0.00010,-0.00010,0.00426,0.03163,0.31456,0.31446,0.00020,0.03598,2,0.03497,0.00020,0.034720,-0.00007,-0.0375,-0.0003,0.0022,-0.0039,-0.0285,-0.0123,-0.0389,0,0.04900,0.01900,0.0091,0.0617,0.006758,0.045729,0.0169,0.3130,57.0659,0.0117,0.3127,57.0439,-0.0025,-0.3388,7.7853,-0.0054,-0.2959,7.9963,0.002551,-0.003991,57.0650,0.002556,-0.003912,57.0439,-0.019136,-0.019015,7.7864,-0.018497,-0.019000,7.9963,-0.00109,-0.14834,-0.32292,0.62596,-0.30300,0.15058,0.00200,-0.14644,-0.32698,0.63655,-0.31042,0.14965,0.00233,0.00003,0.00164,0.00027,-0.01116,2.21559,0.29922,-1.38742,0.15678,0.22980,0.01131,0.20936,-0.27681,-0.22486,-0.13875,0.17501,0.00100,0.00007,0.00054,0.00010,6.000,6.000,12.000,12.000,6.000,6.000,6.000,6.000,12.000,12.000,6.000,6.000,6.000,6.000,6.000,6.000,0.004297,0.036003,0.004302,0.035985,0.004200,0.031694,0.004185,0.031749,0.000000,0.000019,0.000000,0.000000,0.819305,0.109170,0.000000,0.000000,0.000000,0.149965,0.149125
1.2800,-0.00134,0.04310,0.48015,1.00000,0.00004,0.00010,-0.00010,0.00426,0.03175,0.31456,0.31446,0.00020,0.03610,2,0.03497,0.00020,0.034719,-0.00007,-0.0374,-0.0003,0.0022,-0.0040,-0.0287,-0.0120,-0.0390,0,0.04900,0.01900,0.0092,0.0660,0.006761,0.045667,0.0171,0.3163,57.1666,0.0116,0.3154,57.1442,-0.0023,-0.3425,7.6833,-0.0016,-0.3133,7.9177,0.002555,-0.004051,57.1657,0.002559,-0.003973,57.1442,-0.019447,-0.019015,7.6844,-0.018767,-0.018816,7.9177,-0.00110,-0.14891,-0.32252,0.62519,-0.30263,0.15119,0.00202,-0.14699,-0.32660,0.63586,-0.31011,0.15017,0.00233,0.00003,0.00164,0.00027,-0.01122,2.23081,0.30012,-1.38814,0.15728,0.23337,0.01138,0.20418,-0.27757,-0.22220,-0.13915,0.17328,0.00100,0.00007,0.00053,0.00010,6.000,6.000,12.000,12.000,6.000,6.000,6.000,6.000,12.000,12.000,6.000,6.000,6.000,6.000,6.000,6.000,0.004300,0.036123,0.004305,0.036105,0.004200,0.031819,0.004185,0.031874,0.000000,0.000019,0.000000,0.000000,0.820560,0.107664,0.000000,0.000000,0.000000,0.150577,0.149646
1.2850,-0.00133,0.04327,0.48015,1.00000,0.00004,0.00010,-0.00010,0.00426,0.03187,0.31456,0.31446,0.00020,0.03622,2,0.03497,0.00020,0.034719,-0.00007,-0.0373,-0.0003,0.0023,-0.0041,-0.0283,-0.0122,-0.0388,0,0.04900,0.01900,0.0093,0.0680,0.006765,0.045607,0.0174,0.3193,57.2699,0.0116,0.3188,57.2454,-0.0021,-0.3466,7.5828,-0.0009,-0.3188,7.8174,0.002557,-0.004111,57.2690,0.002563,-0.004033,57.2454,-0.019773,-0.019013,7.5839,-0.019072,-0.018820,7.8174,-0.00111,-0.14947,-0.32212,0.62443,-0.30226,0.15180,0.00204,-0.14753,-0.32623,0.63517,-0.30980,0.15069,0.00233,0.00003,0.00163,0.00027,-0.01130,2.24631,0.30098,-1.38898,0.15771,0.23700,0.01145,0.19893,-0.27835,-0.21973,-0.13960,0.17136,0.00098,0.00007,0.00052,0.00010,6.000,6.000,12.000,12.000,6.000,6.000,6.000,6.000,12.000,12.000,6.000,6.000,6.000,6.000,6.000,6.000,0.004302,0.036244,0.004308,0.036224,0.004200,0.031943,0.004184,0.032002,0.000000,0.000020,0.000000,0.000000,0.821841,0.106153,0.000000,0.000000,0.000000,0.151188,0.150169
1.2900,-0.00132,0.04343,0.48015,1.00000,0.00004,0.00010,-0.00011,0.00426,0.03199,0.31456,0.31446,0.00020,0.03634,2,0.03497,0.00020,0.034719,-0.00007,-0.0372,-0.0003,0.0023,-0.0042,-0.0289,-0.0114,-0.0390,0,0.04900,0.01900,0.0093,0.0692,0.006766,0.045546,0.0175,0.3226,57.3675,0.0120,0.3213,57.3478,-0.0020,-0.3502,7.4813,-0.0015,-0.3202,7.7156,0.002561,-0.004167,57.3665,0.002564,-0.004093,57.3478,-0.020092,-0.019014,7.4824,-0.019381,-0.018800,7.7156,-0.00111,-0.15003,-0.32172,0.62366,-0.30190,0.15241,0.00206,-0.14808,-0.32585,0.63447,-0.30948,0.15121,0.00233,0.00003,0.00163,0.00027,-0.01136,2.26125,0.30187,-1.38955,0.15825,0.24037,0.01152,0.19379,-0.27907,-0.21702,-0.13996,0.16973,0.00099,0.00007,0.00052,0.00010,6.000,6.000,12.000,12.000,6.000,6.000,6.000,6.000,12.000,12.000,6.000,6.000,6.000,6.000,6.000,6.000,0.004305,0.036363,0.004311,0.036344,0.004200,0.032067,0.004184,0.032125,0.000000,0.000020,0.000000,0.000000,0.823082,0.104677,0.000000,0.000000,0.000000,0.151798,0.150691
1.2950,-0.00131,0.04360,0.48015,1.00000,0.00004,0.00010,-0.00011,0.00426,0.03211,0.31456,0.31446,0.00020,0.03646,2,0.03497,0.00020,0.034718,-0.00007,-0.0372,-0.0003,0.0024,-0.0043,-0.0284,-0.0117,-0.0388,0,0.04900,0.01900,0.0094,0.0713,0.006771,0.045489,0.0178,0.3255,57.4696,0.0120,0.3249,57.4464,-0.0018,-0.3542,7.3821,-0.0008,-0.3255,7.6155,0.002563,-0.004224,57.4686,0.002569,-0.004149,57.4464,-0.020431,-0.019014,7.3832,-0.019693,-0.018817,7.6155,-0.00112,-0.15059,-0.32131,0.62289,-0.30153,0.15301,0.00208,-0.14863,-0.32547,0.63377,-0.30916,0.15173,0.00233,0.00003,0.00162,0.00027,-0.01143,2.27658,0.30271,-1.39035,0.15866,0.24383,0.01159,0.18857,-0.27983,-0.21458,-0.14041,0.16787,0.00097,0.00007,0.00051,0.00009,6.000,6.000,12.000,12.000,6.000,6.000,6.000,6.000,12.000,12.000,6.000,6.000,6.000,6.000,6.000,6.000,0.004308,0.036483,0.004314,0.036463,0.004200,0.032191,0.004183,0.032252,0.000000,0.000021,0.000000,0.000000,0.824362,0.103187,0.000000,0.000000,0.000000,0.152406,0.151212
1.3000,-0.00130,0.04376,0.48015,1.00000,0.00004,0.00010,-0.00011,0.00426,0.03224,0.31456,0.31446,0.00020,0.03658,2,0.03497,0.00020,0.034718,-0.00007,-0.0371,-0.0003,0.0025,-0.0044,-0.0290,-0.0110,-0.0390,0,0.04900,0.01900,0.0095,0.0694,0.006772,0.045431,0.0180,0.3287,57.5663,0.0127,0.3277,57.5503,-0.0017,-0.3577,7.2819,-0.0054,-0.3118,7.4902,0.002567,-0.004275,57.5653,0.002570,-0.004206,57.5503,-0.020764,-0.019035,7.2830,-0.020050,-0.019000,7.4902,-0.00113,-0.15115,-0.32090,0.62211,-0.30116,0.15362,0.00210,-0.14917,-0.32509,0.63307,-0.30885,0.15226,0.00233,0.00002,0.00162,0.00027,-0.01149,2.29128,0.30356,-1.39089,0.15919,0.24691,0.01166,0.18356,-0.28052,-0.21192,-0.14077,0.16641,0.00098,0.00007,0.00050,0.00009,6.000,6.000,12.000,12.000,6.000,6.000,6.000,6.000,12.000,12.000,6.000,6.000,6.000,6.000,6.000,6.000,0.004311,0.036602,0.004317,0.036582,0.004200,0.032316,0.004183,0.032376,0.000000,0.000021,0.000000,0.000000,0.825605,0.101731,0.000000,0.000000,0.000000,0.153013,0.151735
1.3050,-0.00130,0.04393,0.48015,1.00000,0.00004,0.00010,-0.00011,0.00426,0.03236,0.31456,0.31446,0.00020,0.03670,2,0.03497,0.00020,0.034718,-0.00007,-0.0370,-0.0003,0.0025,-0.0045,-0.0286,-0.0114,-0.0390,0,0.04900,0.01900,0.0096,0.0746,0.006776,0.045380,0.0182,0.3317,57.6668,0.0123,0.3310,57.6454,-0.0015,-0.3618,7.1839,-0.0009,-0.3320,7.4160,0.002569,-0.004332,57.6658,0.002575,-0.004257,57.6454,-0.021116,-0.019014,7.1850,-0.020338,-0.018834,7.4160,-0.00113,-0.15171,-0.32050,0.62133,-0.30079,0.15422,0.00212,-0.14972,-0.32470,0.63236,-0.30853,0.15278,0.00233,0.00002,0.00161,0.00027,-0.01156,2.30656,0.30438,-1.39161,0.15959,0.25035,0.01173,0.17824,-0.28126,-0.20949,-0.14120,0.16446,0.00096,0.00007,0.00049,0.00009,6.000,6.000,12.000,12.000,6.000,6.000,6.000,6.000,12.000,12.000,6.000,6.000,6.000,6.000,6.000,6.000,0.004314,0.036722,0.004320,0.036701,0.004200,0.032440,0.004182,0.032503,0.000000,0.000022,0.000000,0.000000,0.826881,0.100265,0.000000,0.000000,0.000000,0.153618,0.152255
1.3100,-0.00129,0.04409,0.48015,1.00000,0.00004,0.00010,-0.00011,0.00426,0.03248,0.31456,0.31446,0.00020,0.03682,2,0.03497,0.00020,0.034717,-0.00006,-0.0369,-0.0003,0.0026,-0.0047,-0.0285,-0.0113,-0.0389,0,0.04900,0.01900,0.0096,0.0765,0.006778,0.045323,0.0185,0.3348,57.7653,0.0126,0.3337,57.7454,-0.0013,-0.3657,7.0857,-0.0005,-0.3358,7.3183,0.002571,-0.004384,57.7643,0.002577,-0.004313,57.7454,-0.021471,-0.019015,7.0868,-0.020678,-0.018805,7.3183,-0.00114,-0.15227,-0.32009,0.62055,-0.30041,0.15483,0.00214,-0.15026,-0.32432,0.63166,-0.30821,0.15330,0.00233,0.00002,0.00161,0.00027,-0.01163,2.32156,0.30520,-1.39223,0.16004,0.25355,0.01180,0.17305,-0.28197,-0.20702,-0.14160,0.16271,0.00096,0.00006,0.00048,0.00009,6.000,6.000,12.000,12.000,6.000,6.000,6.000,6.000,12.000,12.000,6.000,6.000,6.000,6.000,6.000,6.000,0.004318,0.036842,0.004324,0.036820,0.004200,0.032564,0.004181,0.032629,0.000000,0.000022,0.000000,0.000000,0.828149,0.098814,0.000000,0.000000,0.000000,0.154223,0.152776
1.3150,-0.00128,0.04426,0.48015,1.00000,0.00003,0.00010,-0.00011,0.00427,0.03260,0.31456,0.31446,0.00020,0.03694,2,0.03497,0.00020,0.034717,-0.00006,-0.0369,-0.0003,0.0027,-0.0048,-0.0288,-0.0108,-0.0390,0,0.04900,0.01900,0.0097,0.0750,0.006780,0.045270,0.0187,0.3378,57.8617,0.0132,0.3368,57.8463,-0.0011,-0.3694,6.9877,-0.0045,-0.3238,7.1958,0.002575,-0.004434,57.8606,0.002579,-0.004365,57.8463,-0.021829,-0.019014,6.9888,-0.021057,-0.019000,7.1958,-0.00115,-0.15283,-0.31968,0.61977,-0.30004,0.15543,0.00216,-0.15081,-0.32393,0.63094,-0.30789,0.15382,0.00233,0.00002,0.00160,0.00027,-0.01170,2.33635,0.30601,-1.39275,0.16051,0.25664,0.01187,0.16789,-0.28264,-0.20448,-0.14196,0.16104,0.00095,0.00006,0.00047,0.00009,6.000,6.000,12.000,12.000,6.000,6.000,6.000,6.000,12.000,12.000,6.000,6.000,6.000,6.000,6.000,6.000,0.004321,0.036961,0.004327,0.036939,0.004200,0.032689,0.004181,0.032754,0.000000,0.000023,0.000000,0.000000,0.829405,0.097382,0.000000,0.000000,0.000000,0.154825,0.153297
1.3200,-0.00127,0.04442,0.48015,1.00000,0.00003,0.00010,-0.00011,0.00427,0.03272,0.31456,0.31446,0.00020,0.03706,2,0.03497,0.00020,0.034717,-0.00006,-0.0368,-0.0003,0.0027,-0.0049,-0.0287,-0.0110,-0.0390,0,0.04900,0.01900,0.0098,0.0801,0.006784,0.045219,0.0189,0.3408,57.9590,0.0130,0.3397,57.9405,-0.0009,-0.3732,6.8909,-0.0004,-0.3422,7.1220,0.002577,-0.004483,57.9579,0.002582,-0.004415,57.9405,-0.022200,-0.019015,6.8921,-0.021364,-0.018804,7.1220,-0.00115,-0.15339,-0.31926,0.61898,-0.29966,0.15603,0.00218,-0.15135,-0.32354,0.63023,-0.30756,0.15434,0.00233,0.00002,0.00159,0.00027,-0.01176,2.35119,0.30680,-1.39333,0.16094,0.25967,0.01194,0.16273,-0.28332,-0.20204,-0.14236,0.15934,0.00095,0.00006,0.00046,0.00009,6.000,6.000,12.000,12.000,6.000,6.000,6.000,6.000,12.000,12.000,6.000,6.000,6.000,6.000,6.000,6.000,0.004324,0.037080,0.004331,0.037058,0.004200,0.032813,0.004180,0.032880,0.000000,0.000023,0.000000,0.000000,0.830672,0.095953,0.000000,0.000000,0.000000,0.155427,0.153816
1.3250,-0.00126,0.04459,0.48015,1.00000,0.00003,0.00010,-0.00011,0.00427,0.03284,0.31456,0.31446,0.00020,0.03718,2,0.03498,0.00020,0.034716,-0.00006,-0.0367,-0.0003,0.0028,-0.0051,-0.0284,-0.0110,-0.0388,0,0.04900,0.01900,0.0098,0.0824,0.006786,0.045169,0.0192,0.3436,58.0571,0.0131,0.3427,58.0380,-0.0007,-0.3773,6.7950,0.0002,-0.3475,7.0268,0.002579,-0.004532,58.0560,0.002585,-0.004464,58.0380,-0.022581,-0.019016,6.7961,-0.021722,-0.018801,7.0268,-0.00116,-0.15395,-0.31885,0.61819,-0.29929,0.15663,0.00221,-0.15190,-0.32315,0.62951,-0.30724,0.15486,0.00233,0.00002,0.00159,0.00027,-0.01183,2.36612,0.30757,-1.39394,0.16133,0.26271,0.01200,0.15752,-0.28400,-0.19969,-0.14276,0.15754,0.00093,0.00006,0.00045,0.00009,6.000,6.000,12.000,12.000,6.000,6.000,6.000,6.000,12.000,12.000,6.000,6.000,6.000,6.000,6.000,6.000,0.004328,0.037200,0.004335,0.037176,0.004200,0.032937,0.004179,0.033007,0.000000,0.000024,0.000000,0.000000,0.831953,0.094527,0.000000,0.000000,0.000000,0.156027,0.154336
1.3300,-0.00125,0.04475,0.48015,1.00000,0.00003,0.00010,-0.00011,0.00427,0.03297,0.31456,0.31446,0.00020,0.03729,2,0.03498,0.00020,0.034716,-0.00006,-0.0366,-0.0003,0.0029,-0.0051,-0.0290,-0.0101,-0.0390,0,0.04900,0.01900,0.0099,0.0805,0.006787,0.045120,0.0194,0.3468,58.1498,0.0139,0.3454,58.1379,-0.0005,-0.3808,6.6981,-0.0044,-0.3334,6.9047,0.002583,-0.004577,58.1486,0.002586,-0.004513,58.1379,-0.022958,-0.019017,6.6993,-0.022129,-0.019000,6.9047,-0.00117,-0.15451,-0.31843,0.61739,-0.29891,0.15722,0.00223,-0.15244,-0.32275,0.62879,-0.30692,0.15537,0.00233,0.00002,0.00158,0.00027,-0.01189,2.38053,0.30836,-1.39428,0.16185,0.26551,0.01207,0.15241,-0.28461,-0.19711,-0.14307,0.15601,0.00094,0.00006,0.00044,0.00009,6.000,6.000,12.000,12.000,6.000,6.000,6.000,6.000,12.000,12.000,6.000,6.000,6.000,6.000,6.000,6.000,0.004332,0.037318,0.004338,0.037295,0.004200,0.033061,0.004179,0.033130,0.000000,0.000024,0.000000,0.000000,0.833194,0.093133,0.000000,0.000000,0.000000,0.156625,0.154856
1.3350,-0.00124,0.04491,0.48015,1.00000,0.00003,0.00010,-0.00011,0.00427,0.03309,0.31456,0.31446,0.00020,0.03741,2,0.03498,0.00020,0.034716,-0.00006,-0.0366,-0.0003,0.0029,-0.0053,-0.0286,-0.0104,-0.0389,0,0.04900,0.01900,0.0100,0.0863,0.006791,0.045074,0.0197,0.3496,58.2468,0.0135,0.3485,58.2290,-0.0003,-0.3848,6.6037,0.0002,-0.3536,6.8335,0.002584,-0.004623,58.2456,0.002591,-0.004558,58.2290,-0.023357,-0.019016,6.6048,-0.022449,-0.018805,6.8335,-0.00117,-0.15506,-0.31801,0.61659,-0.29853,0.15782,0.00225,-0.15298,-0.32236,0.62807,-0.30659,0.15589,0.00232,0.00002,0.00158,0.00027,-0.01196,2.39531,0.30909,-1.39485,0.16222,0.26838,0.01214,0.14723,-0.28528,-0.19481,-0.14348,0.15425,0.00092,0.00006,0.00043,0.00009,6.000,6.000,12.000,12.000,6.000,6.000,6.000,6.000,12.000,12.000,6.000,6.000,6.000,6.000,6.000,6.000,0.004335,0.037437,0.004342,0.037413,0.004200,0.033186,0.004178,0.033258,0.000000,0.000025,0.000000,0.000000,0.834474,0.091729,0.000000,0.000000,0.000000,0.157222,0.155374
1.3400,-0.00123,0.04508,0.48015,1.00000,0.00003,0.00010,-0.00011,0.00427,0.03321,0.31456,0.31446,0.00020,0.03753,2,0.03498,0.00020,0.034715,-0.00006,-0.0365,-0.0003,0.0030,-0.0054,-0.0289,-0.0100,-0.0390,0,0.04900,0.01900,0.0100,0.0848,0.006792,0.045028,0.0200,0.3525,58.3400,0.0142,0.3513,58.3279,-0.0001,-0.3884,6.5087,-0.0037,-0.3416,6.7151,0.002587,-0.004666,58.3387,0.002591,-0.004603,58.3279,-0.023756,-0.019016,6.5098,-0.022877,-0.019000,6.7151,-0.00118,-0.15562,-0.31759,0.61579,-0.29815,0.15841,0.00227,-0.15353,-0.32196,0.62734,-0.30627,0.15641,0.00232,0.00001,0.00157,0.00027,-0.01202,2.40974,0.30984,-1.39523,0.16267,0.27108,0.01221,0.14211,-0.28589,-0.19236,-0.14382,0.15266,0.00092,0.00006,0.00042,0.00008,6.000,6.000,12.000,12.000,6.000,6.000,6.000,6.000,12.000,12.000,6.000,6.000,6.000,6.000,6.000,6.000,0.004339,0.037555,0.004346,0.037531,0.004200,0.033310,0.004178,0.033383,0.000000,0.000025,0.000000,0.000000,0.835729,0.090349,0.000000,0.000000,0.000000,0.157818,0.155893
1.3450,-0.00123,0.04524,0.48015,1.00000,0.00003,0.00010,-0.00011,0.00428,0.03333,0.31456,0.31446,0.00020,0.03765,2,0.03498,0.00020,0.034715,-0.00006,-0.0364,-0.0003,0.0031,-0.0056,-0.0288,-0.0101,-0.0390,0,0.04900,0.01900,0.0101,0.0871,0.006795,0.044984,0.0202,0.3554,58.4342,0.0144,0.3543,58.4215,0.0002,-0.3923,6.4150,-0.0032,-0.3460,6.6215,0.002589,-0.004707,58.4329,0.002594,-0.004646,58.4215,-0.024168,-0.019018,6.4161,-0.023260,-0.019000,6.6215,-0.00119,-0.15618,-0.31716,0.61499,-0.29777,0.15900,0.00229,-0.15407,-0.32156,0.62661,-0.30594,0.15693,0.00232,0.00001,0.00156,0.00027,-0.01209,2.42422,0.31056,-1.39567,0.16307,0.27375,0.01227,0.13699,-0.28652,-0.19001,-0.14420,0.15102,0.00091,0.00006,0.00041,0.00008,6.000,6.000,12.000,12.000,6.000,6.000,6.000,6.000,12.000,12.000,6.000,6.000,6.000,6.000,6.000,6.000,0.004343,0.037673,0.004351,0.037648,0.004200,0.033434,0.004177,0.033509,0.000000,0.000026,0.000000,0.000000,0.836997,0.088972,0.000000,0.000000,0.000000,0.158412,0.156411
1.3500,-0.00122,0.04541,0.48015,1.00000,0.00003,0.00010,-0.00011,0.00428,0.03345,0.31456,0.31446,0.00020,0.03777,2,0.03498,0.00020,0.034715,-0.00006,-0.0363,-0.0003,0.0032,-0.0057,-0.0288,-0.0101,-0.0391,0,0.04900,0.01900,0.0102,0.0893,0.006797,0.044942,0.0205,0.3582,58.5276,0.0146,0.3571,58.5156,0.0004,-0.3961,6.3218,-0.0030,-0.3496,6.5281,0.002591,-0.004748,58.5263,0.002596,-0.004688,58.5156,-0.024588,-0.019016,6.3229,-0.023656,-0.019000,6.5281,-0.00120,-0.15673,-0.31674,0.61418,-0.29739,0.15960,0.00232,-0.15461,-0.32116,0.62588,-0.30561,0.15745,0.00232,0.00001,0.00156,0.00027,-0.01215,2.43864,0.31128,-1.39607,0.16347,0.27635,0.01234,0.13186,-0.28712,-0.18767,-0.14456,0.14937,0.00090,0.00006,0.00040,0.00008,6.000,6.000,12.000,12.000,6.000,6.000,6.000,6.000,12.000,12.000,6.000,6.000,6.000,6.000,6.000,6.000,0.004347,0.037791,0.004355,0.037766,0.004200,0.033559,0.004177,0.033635,0.000000,0.000026,0.000000,0.000000,0.838265,0.087607,0.000000,0.000000,0.000000,0.159005,0.156928
1.3550,-0.00121,0.04557,0.48015,1.00000,0.00003,0.00010,-0.00011,0.00428,0.03357,0.31456,0.31446,0.00020,0.03788,2,0.03498,0.00020,0.034714,-0.00006,-0.0363,-0.0003,0.0032,-0.0059,-0.0285,-0.0102,-0.0389,0,0.04900,0.01900,0.0102,0.0950,0.006799,0.044900,0.0208,0.3609,58.6216,0.0145,0.3597,58.6068,0.0007,-0.4000,6.2295,0.0011,-0.3681,6.4583,0.002592,-0.004788,58.6203,0.002599,-0.004729,58.6068,-0.025021,-0.019018,6.2306,-0.024011,-0.018792,6.4583,-0.00120,-0.15729,-0.31631,0.61338,-0.29701,0.16019,0.00234,-0.15515,-0.32076,0.62515,-0.30528,0.15796,0.00232,0.00001,0.00155,0.00027,-0.01222,2.45311,0.31197,-1.39650,0.16384,0.27892,0.01240,0.12672,-0.28773,-0.18542,-0.14493,0.14768,0.00089,0.00005,0.00038,0.00008,6.000,6.000,12.000,12.000,6.000,6.000,6.000,6.000,12.000,12.000,6.000,6.000,6.000,6.000,6.000,6.000,0.004351,0.037910,0.004359,0.037883,0.004200,0.033683,0.004176,0.033762,0.000000,0.000027,0.000000,0.000000,0.839544,0.086245,0.000000,0.000000,0.000000,0.159596,0.157445
1.3600,-0.00120,0.04573,0.48015,1.00000,0.00003,0.00010,-0.00011,0.00428,0.03369,0.31456,0.31446,0.00020,0.03800,2,0.03498,0.00020,0.034714,-0.00006,-0.0362,-0.0003,0.0033,-0.0060,-0.0289,-0.0095,-0.0391,0,0.04900,0.01900,0.0103,0.0936,0.006800,0.044859,0.0211,0.3637,58.7120,0.0152,0.3624,58.7028,0.0009,-0.4037,6.1368,-0.0028,-0.3560,6.3421,0.002595,-0.004826,58.7106,0.002600,-0.004768,58.7028,-0.025455,-0.019019,6.1379,-0.024479,-0.019000,6.3421,-0.00121,-0.15784,-0.31588,0.61256,-0.29663,0.16077,0.00236,-0.15569,-0.32035,0.62441,-0.30495,0.15848,0.00232,0.00001,0.00154,0.00027,-0.01228,2.46723,0.31268,-1.39675,0.16429,0.28133,0.01247,0.12162,-0.28828,-0.18302,-0.14524,0.14613,0.00088,0.00005,0.00037,0.00008,6.000,6.000,12.000,12.000,6.000,6.000,6.000,6.000,12.000,12.000,6.000,6.000,6.000,6.000,6.000,6.000,0.004356,0.038027,0.004364,0.038001,0.004200,0.033807,0.004176,0.033887,0.000000,0.000028,0.000000,0.000000,0.840799,0.084907,0.000000,0.000000,0.000000,0.160186,0.157962
1.3650,-0.00119,0.04590,0.48015,1.00000,0.00003,0.00010,-0.00012,0.00428,0.03381,0.31456,0.31446,0.00020,0.03812,2,0.03498,0.00020,0.034714,-0.00006,-0.0361,-0.0003,0.0034,-0.0062,-0.0289,-0.0095,-0.0391,0,0.04900,0.01900,0.0104,0.0961,0.006802,0.044821,0.0214,0.3665,58.8034,0.0154,0.3653,58.7935,0.0011,-0.4075,6.0454,-0.0023,-0.3603,6.2508,0.002597,-0.004862,58.8020,0.002603,-0.004806,58.7935,-0.025905,-0.019018,6.0466,-0.024894,-0.019000,6.2508,-0.00122,-0.15839,-0.31545,0.61175,-0.29624,0.16136,0.00238,-0.15623,-0.31994,0.62367,-0.30462,0.15899,0.00232,0.00001,0.00154,0.00027,-0.01234,2.48142,0.31335,-1.39707,0.16468,0.28370,0.01253,0.11653,-0.28885,-0.18073,-0.14559,0.14454,0.00088,0.00005,0.00036,0.00008,6.000,6.000,12.000,12.000,6.000,6.000,6.000,6.000,12.000,12.000,6.000,6.000,6.000,6.000,6.000,6.000,0.004360,0.038145,0.004368,0.038118,0.004200,0.033931,0.004175,0.034013,0.000000,0.000028,0.000000,0.000000,0.842066,0.083573,0.000000,0.000000,0.000000,0.160774,0.158478
1.3700,-0.00118,0.04606,0.48015,1.00000,0.00003,0.00010,-0.00012,0.00429,0.03394,0.31456,0.31446,0.00020,0.03823,2,0.03498,0.00020,0.034713,-0.00006,-0.0360,-0.0002,0.0035,-0.0063,-0.0289,-0.0095,-0.0391,0,0.04900,0.01900,0.0104,0.0985,0.006804,0.044784,0.0217,0.3692,58.8942,0.0156,0.3680,58.8850,0.0014,-0.4112,5.9547,-0.0021,-0.3638,6.1596,0.002598,-0.004897,58.8928,0.002604,-0.004842,58.8850,-0.026364,-0.019020,5.9558,-0.025325,-0.019000,6.1596,-0.00122,-0.15895,-0.31502,0.61093,-0.29585,0.16195,0.00241,-0.15677,-0.31953,0.62292,-0.30429,0.15951,0.00232,0.00001,0.00153,0.00027,-0.01240,2.49551,0.31401,-1.39735,0.16506,0.28598,0.01260,0.11146,-0.28940,-0.17846,-0.14593,0.14296,0.00087,0.00005,0.00035,0.00008,6.000,6.000,12.000,12.000,6.000,6.000,6.000,6.000,12.000,12.000,6.000,6.000,6.000,6.000,6.000,6.000,0.004365,0.038262,0.004373,0.038234,0.004200,0.034056,0.004175,0.034139,0.000000,0.000029,0.000000,0.000000,0.843334,0.082250,0.000000,0.000000,0.000000,0.161361,0.158994
1.3750,-0.00117,0.04622,0.48015,1.00000,0.00003,0.00010,-0.00012,0.00429,0.03406,0.31456,0.31446,0.00020,0.03835,2,0.03498,0.00020,0.034713,-0.00006,-0.0360,-0.0002,0.0036,-0.0065,-0.0287,-0.0095,-0.0390,0,0.04900,0.01900,0.0105,0.1012,0.006806,0.044748,0.0220,0.3718,58.9854,0.0159,0.3707,58.9759,0.0017,-0.4151,5.8649,-0.0015,-0.3686,6.0703,0.002600,-0.004932,58.9840,0.002606,-0.004877,58.9759,-0.026837,-0.019018,5.8661,-0.025766,-0.019000,6.0703,-0.00123,-0.15950,-0.31458,0.61011,-0.29547,0.16253,0.00243,-0.15731,-0.31912,0.62218,-0.30396,0.16002,0.00231,0.00001,0.00152,0.00027,-0.01247,2.50967,0.31465,-1.39766,0.16541,0.28825,0.01266,0.10634,-0.28995,-0.17627,-0.14628,0.14130,0.00085,0.00005,0.00033,0.00008,6.000,6.000,12.000,12.000,6.000,6.000,6.000,6.000,12.000,12.000,6.000,6.000,6.000,6.000,6.000,6.000,0.004369,0.038380,0.004378,0.038351,0.004200,0.034180,0.004174,0.034266,0.000000,0.000030,0.000000,0.000000,0.844612,0.080931,0.000000,0.000000,0.000000,0.161946,0.159509
1.3800,-0.00116,0.04638,0.48015,1.00000,0.00003,0.00010,-0.00012,0.00429,0.03418,0.31456,0.31446,0.00020,0.03847,2,0.03498,0.00020,0.034713,-0.00006,-0.0359,-0.0002,0.0037,-0.0067,-0.0290,-0.0090,-0.0392,0,0.04900,0.01900,0.0105,0.1031,0.006807,0.044713,0.0223,0.3746,59.0732,0.0163,0.3731,59.0668,0.0019,-0.4188,5.7748,-0.0019,-0.3699,5.9786,0.002602,-0.004964,59.0717,0.002607,-0.004911,59.0668,-0.027312,-0.019019,5.7759,-0.026220,-0.019000,5.9786,-0.00124,-0.16005,-0.31414,0.60928,-0.29508,0.16311,0.00245,-0.15784,-0.31871,0.62143,-0.30362,0.16054,0.00231,0.00000,0.00152,0.00028,-0.01253,2.52348,0.31530,-1.39780,0.16584,0.29035,0.01273,0.10130,-0.29046,-0.17395,-0.14658,0.13982,0.00085,0.00005,0.00032,0.00007,6.000,6.000,12.000,12.000,6.000,6.000,6.000,6.000,12.000,12.000,6.000,6.000,6.000,6.000,6.000,6.000,0.004374,0.038496,0.004383,0.038467,0.004200,0.034304,0.004173,0.034391,0.000000,0.000030,0.000000,0.000000,0.845867,0.079635,0.000000,0.000000,0.000000,0.162529,0.160025
1.3850,-0.00115,0.04655,0.48015,1.00000,0.00003,0.00010,-0.00012,0.00429,0.03430,0.31456,0.31446,0.00020,0.03858,2,0.03498,0.00020,0.034713,-0.00006,-0.0358,-0.0002,0.0038,-0.0069,-0.0285,-0.0094,-0.0390,0,0.04900,0.01900,0.0106,0.1098,0.006810,0.044680,0.0227,0.3770,59.1643,0.0160,0.3758,59.1528,0.0023,-0.4228,5.6867,0.0024,-0.3894,5.9130,0.002603,-0.004995,59.1629,0.002611,-0.004943,59.1528,-0.027811,-0.019021,5.6879,-0.026609,-0.018782,5.9130,-0.00124,-0.16060,-0.31371,0.60845,-0.29469,0.16369,0.00248,-0.15838,-0.31829,0.62067,-0.30329,0.16105,0.00231,0.00000,0.00151,0.00028,-0.01259,2.53757,0.31591,-1.39812,0.16615,0.29247,0.01278,0.09622,-0.29100,-0.17186,-0.14694,0.13815,0.00083,0.00005,0.00031,0.00007,6.000,6.000,12.000,12.000,6.000,6.000,6.000,6.000,12.000,12.000,6.000,6.000,6.000,6.000,6.000,6.000,0.004379,0.038614,0.004388,0.038584,0.004200,0.034429,0.004172,0.034519,0.000000,0.000031,0.000000,0.000000,0.847156,0.078332,0.000000,0.000000,0.000000,0.163111,0.160537
1.3900,-0.00114,0.04671,0.48015,1.00000,0.00003,0.00010,-0.00012,0.00430,0.03442,0.31456,0.31446,0.00020,0.03870,2,0.03498,0.00020,0.034712,-0.00006,-0.0357,-0.0002,0.0039,-0.0070,-0.0290,-0.0085,-0.0391,0,0.04900,0.01900,0.0107,0.1084,0.006810,0.044648,0.0230,0.3797,59.2506,0.0169,0.3782,59.2457,0.0025,-0.4264,5.5977,-0.0013,-0.3774,5.8011,0.002605,-0.005025,59.2491,0.002610,-0.004975,59.2457,-0.028308,-0.019022,5.5988,-0.027154,-0.019000,5.8011,-0.00125,-0.16115,-0.31326,0.60762,-0.29430,0.16427,0.00250,-0.15892,-0.31787,0.61992,-0.30295,0.16156,0.00231,0.00000,0.00150,0.00028,-0.01265,2.55122,0.31653,-1.39819,0.16657,0.29442,0.01285,0.09118,-0.29147,-0.16957,-0.14722,0.13668,0.00083,0.00005,0.00030,0.00007,6.000,6.000,12.000,12.000,6.000,6.000,6.000,6.000,12.000,12.000,6.000,6.000,6.000,6.000,6.000,6.000,0.004385,0.038730,0.004394,0.038699,0.004200,0.034553,0.004172,0.034644,0.000000,0.000032,0.000000,0.000000,0.848411,0.077057,0.000000,0.000000,0.000000,0.163692,0.161052
1.3950,-0.00113,0.04687,0.48015,1.00000,0.00003,0.00010,-0.00012,0.00430,0.03454,0.31456,0.31446,0.00020,0.03882,2,0.03498,0.00020,0.034712,-0.00006,-0.0357,-0.0002,0.0040,-0.0073,-0.0288,-0.0085,-0.0390,0,0.04900,0.01900,0.0107,0.1151,0.006813,0.044618,0.0234,0.3822,59.3391,0.0167,0.3808,59.3300,0.0028,-0.4303,5.5105,0.0027,-0.3959,5.7361,0.002606,-0.005053,59.3375,0.002614,-0.005004,59.3300,-0.028827,-0.019025,5.5116,-0.027554,-0.018772,5.7361,-0.00126,-0.16170,-0.31282,0.60679,-0.29391,0.16485,0.00252,-0.15945,-0.31746,0.61916,-0.30262,0.16208,0.00231,-0.00000,0.00149,0.00028,-0.01271,2.56501,0.31712,-1.39839,0.16690,0.29634,0.01291,0.08616,-0.29197,-0.16745,-0.14755,0.13511,0.00081,0.00004,0.00028,0.00007,6.000,6.000,12.000,12.000,6.000,6.000,6.000,6.000,12.000,12.000,6.000,6.000,6.000,6.000,6.000,6.000,0.004390,0.038846,0.004399,0.038815,0.004200,0.034677,0.004171,0.034771,0.000000,0.000033,0.000000,0.000000,0.849689,0.075782,0.000000,0.000000,0.000000,0.164270,0.161565
1.4000,-0.00112,0.04703,0.48015,1.00000,0.00003,0.00010,-0.00012,0.00430,0.03466,0.31456,0.31446,0.00020,0.03893,2,0.03498,0.00020,0.034712,-0.00006,-0.0356,-0.0002,0.0041,-0.0074,-0.0289,-0.0081,-0.0390,0,0.04900,0.01900,0.0108,0.1142,0.006813,0.044589,0.0237,0.3847,59.4254,0.0174,0.3834,59.4207,0.0031,-0.4340,5.4233,-0.0005,-0.3855,5.6268,0.002608,-0.005080,59.4238,0.002614,-0.005032,59.4207,-0.029353,-0.019025,5.4244,-0.028122,-0.019000,5.6268,-0.00127,-0.16225,-0.31238,0.60595,-0.29352,0.16542,0.00255,-0.15999,-0.31703,0.61840,-0.30228,0.16259,0.00230,-0.00000,0.00149,0.00028,-0.01277,2.57862,0.31770,-1.39848,0.16727,0.29816,0.01297,0.08114,-0.29244,-0.16526,-0.14785,0.13360,0.00080,0.00004,0.00027,0.00007,6.000,6.000,12.000,12.000,6.000,6.000,6.000,6.000,12.000,12.000,6.000,6.000,6.000,6.000,6.000,6.000,0.004395,0.038962,0.004405,0.038931,0.004200,0.034801,0.004171,0.034897,0.000000,0.000033,0.000000,0.000000,0.850956,0.074522,0.000000,0.000000,0.000000,0.164847,0.162078
1.4050,-0.00111,0.04720,0.48015,1.00000,0.00003,0.00010,-0.00012,0.00430,0.03478,0.31456,0.31446,0.00020,0.03905,2,0.03498,0.00020,0.034711,-0.00006,-0.0355,-0.0002,0.0042,-0.0076,-0.0290,-0.0078,-0.0390,0,0.04900,0.01900,0.0108,0.1170,0.006815,0.044561,0.0241,0.3872,59.5111,0.0177,0.3859,59.5071,0.0035,-0.4376,5.3368,-0.0003,-0.3888,5.5399,0.002609,-0.005103,59.5096,0.002616,-0.005059,59.5071,-0.029892,-0.019048,5.3380,-0.028622,-0.019000,5.5399,-0.00127,-0.16280,-0.31193,0.60511,-0.29313,0.16600,0.00257,-0.16052,-0.31661,0.61764,-0.30194,0.16310,0.00230,-0.00000,0.00148,0.00028,-0.01283,2.59202,0.31827,-1.39855,0.16763,0.29978,0.01304,0.07625,-0.29289,-0.16310,-0.14815,0.13223,0.00079,0.00006,0.00026,0.00007,6.000,6.000,12.000,12.000,6.000,6.000,6.000,6.000,12.000,12.000,6.000,6.000,6.000,6.000,6.000,6.000,0.004401,0.039078,0.004411,0.039046,0.004200,0.034926,0.004170,0.035022,0.000000,0.000034,0.000000,0.000000,0.852222,0.073273,0.000000,0.000000,0.000000,0.165423,0.162590
1.4100,-0.00109,0.04736,0.48015,1.00000,0.00003,0.00010,-0.00012,0.00431,0.03490,0.31456,0.31446,0.00020,0.03916,2,0.03498,0.00020,0.034711,-0.00006,-0.0355,-0.0002,0.0043,-0.0078,-0.0291,-0.0076,-0.0390,0,0.04900,0.01900,0.0109,0.1201,0.006816,0.044537,0.0245,0.3897,59.5960,0.0180,0.3884,59.5928,0.0038,-0.4414,5.2512,0.0001,-0.3931,5.4555,0.002611,-0.005129,59.5944,0.002617,-0.005082,59.5928,-0.030443,-0.019021,5.2523,-0.029127,-0.019000,5.4555,-0.00128,-0.16334,-0.31148,0.60427,-0.29273,0.16657,0.00259,-0.16105,-0.31618,0.61687,-0.30160,0.16361,0.00230,-0.00000,0.00147,0.00028,-0.01289,2.60555,0.31882,-1.39858,0.16799,0.30156,0.01310,0.07116,-0.29334,-0.16095,-0.14845,0.13064,0.00078,0.00006,0.00024,0.00007,6.000,6.000,12.000,12.000,6.000,6.000,6.000,6.000,12.000,12.000,6.000,6.000,6.000,6.000,6.000,6.000,0.004407,0.039193,0.004417,0.039161,0.004200,0.035050,0.004170,0.035148,0.000000,0.000034,0.000000,0.000000,0.853486,0.072036,0.000000,0.000000,0.000000,0.165996,0.163101
1.4150,-0.00108,0.04752,0.48015,1.00000,0.00003,0.00010,-0.00012,0.00431,0.03502,0.31456,0.31446,0.00020,0.03928,2,0.03499,0.00020,0.034711,-0.00006,-0.0354,-0.0002,0.0044,-0.0080,-0.0289,-0.0077,-0.0390,0,0.04900,0.01900,0.0109,0.1231,0.006818,0.044510,0.0249,0.3921,59.6818,0.0183,0.3909,59.6781,0.0041,-0.4452,5.1667,0.0005,-0.3963,5.3691,0.002612,-0.005152,59.6802,0.002619,-0.005108,59.6781,-0.031013,-0.019024,5.1678,-0.029662,-0.019000,5.3691,-0.00129,-0.16389,-0.31103,0.60343,-0.29234,0.16714,0.00262,-0.16159,-0.31576,0.61610,-0.30126,0.16412,0.00229,-0.00000,0.00146,0.00028,-0.01295,2.61900,0.31935,-1.39867,0.16830,0.30316,0.01316,0.06620,-0.29379,-0.15890,-0.14878,0.12912,0.00076,0.00007,0.00022,0.00006,6.000,6.000,12.000,12.000,6.000,6.000,6.000,6.000,12.000,12.000,6.000,6.000,6.000,6.000,6.000,6.000,0.004413,0.039309,0.004423,0.039275,0.004200,0.035174,0.004169,0.035275,0.000000,0.000035,0.000000,0.000000,0.854764,0.070802,0.000000,0.000000,0.000000,0.166568,0.163612
1.4200,-0.00107,0.04768,0.48015,1.00000,0.00003,0.00010,-0.00012,0.00431,0.03514,0.31456,0.31446,0.00020,0.03939,2,0.03499,0.00020,0.034710,-0.00006,-0.0353,-0.0002,0.0045,-0.0082,-0.0288,-0.0076,-0.0389,0,0.04900,0.01900,0.0110,0.1298,0.006819,0.044487,0.0253,0.3944,59.7666,0.0184,0.3930,59.7614,0.0045,-0.4491,5.0826,0.0041,-0.4133,5.3063,0.002613,-0.005173,59.7650,0.002620,-0.005131,59.7614,-0.031596,-0.019023,5.0837,-0.030118,-0.018757,5.3063,-0.00129,-0.16443,-0.31057,0.60258,-0.29194,0.16771,0.00264,-0.16212,-0.31533,0.61533,-0.30092,0.16463,0.00229,-0.00000,0.00145,0.00028,-0.01301,2.63239,0.31987,-1.39870,0.16862,0.30470,0.01322,0.06122,-0.29422,-0.15686,-0.14908,0.12759,0.00074,0.00007,0.00021,0.00006,6.000,6.000,12.000,12.000,6.000,6.000,6.000,6.000,12.000,12.000,6.000,6.000,6.000,6.000,6.000,6.000,0.004419,0.039424,0.004429,0.039390,0.004200,0.035299,0.004168,0.035402,0.000000,0.000036,0.000000,0.000000,0.856042,0.069580,0.000000,0.000000,0.000000,0.167139,0.164122
1.4250,-0.00106,0.04784,0.48015,1.00000,0.00003,0.00010,-0.00012,0.00432,0.03526,0.31456,0.31446,0.00020,0.03950,2,0.03499,0.00020,0.034710,-0.00006,-0.0352,-0.0002,0.0046,-0.0084,-0.0290,-0.0071,-0.0389,0,0.04900,0.01900,0.0110,0.1329,0.006819,0.044464,0.0257,0.3968,59.8494,0.0188,0.3952,59.8460,0.0048,-0.4527,4.9986,0.0042,-0.4162,5.2222,0.002614,-0.005193,59.8477,0.002621,-0.005152,59.8460,-0.032189,-0.019025,4.9998,-0.030667,-0.018744,5.2222,-0.00130,-0.16498,-0.31012,0.60173,-0.29155,0.16827,0.00267,-0.16265,-0.31489,0.61455,-0.30058,0.16514,0.00229,-0.00000,0.00144,0.00028,-0.01307,2.64554,0.32039,-1.39864,0.16897,0.30612,0.01328,0.05629,-0.29461,-0.15476,-0.14935,0.12617,0.00073,0.00008,0.00019,0.00006,6.000,6.000,12.000,12.000,6.000,6.000,6.000,6.000,12.000,12.000,6.000,6.000,6.000,6.000,6.000,6.000,0.004425,0.039539,0.004436,0.039504,0.004200,0.035423,0.004168,0.035528,0.000000,0.000037,0.000000,0.000000,0.857308,0.068373,0.000000,0.000000,0.000000,0.167707,0.164632
1.4300,-0.00105,0.04800,0.48015,1.00000,0.00003,0.00010,-0.00012,0.00432,0.03538,0.31456,0.31446,0.00020,0.03962,2,0.03499,0.00020,0.034710,-0.00005,-0.0352,-0.0002,0.0047,-0.0087,-0.0289,-0.0070,-0.0389,0,0.04900,0.01900,0.0111,0.1363,0.006821,0.044444,0.0261,0.3991,59.9328,0.0191,0.3976,59.9290,0.0052,-0.4566,4.9159,0.0047,-0.4203,5.1390,0.002615,-0.005211,59.9311,0.002623,-0.005172,59.9290,-0.032801,-0.019027,4.9171,-0.031226,-0.018748,5.1390,-0.00131,-0.16552,-0.30966,0.60088,-0.29115,0.16884,0.00269,-0.16318,-0.31446,0.61378,-0.30024,0.16565,0.00228,-0.00000,0.00144,0.00028,-0.01313,2.65873,0.32088,-1.39862,0.16928,0.30748,0.01334,0.05137,-0.29502,-0.15275,-0.14965,0.12469,0.00072,0.00008,0.00017,0.00006,6.000,6.000,12.000,12.000,6.000,6.000,6.000,6.000,12.000,12.000,6.000,6.000,6.000,6.000,6.000,6.000,0.004431,0.039654,0.004442,0.039618,0.004200,0.035547,0.004167,0.035655,0.000000,0.000038,0.000000,0.000000,0.858586,0.067172,0.000000,0.000000,0.000000,0.168274,0.165140
1.4350,-0.00104,0.04816,0.48015,1.00000,0.00003,0.00010,-0.00013,0.00432,0.03550,0.31456,0.31446,0.00020,0.03973,2,0.03499,0.00020,0.034710,-0.00005,-0.0351,-0.0002,0.0048,-0.0089,-0.0291,-0.0063,-0.0389,0,0.04900,0.01900,0.0111,0.1356,0.006821,0.044424,0.0265,0.4014,60.0142,0.0199,0.4000,60.0146,0.0056,-0.4603,4.8332,0.0013,-0.4096,5.0351,0.002616,-0.005229,60.0125,0.002623,-0.005190,60.0146,-0.033425,-0.019025,4.8343,-0.031894,-0.019000,5.0351,-0.00132,-0.16606,-0.30920,0.60002,-0.29075,0.16940,0.00272,-0.16371,-0.31402,0.61300,-0.29990,0.16616,0.00228,-0.00000,0.00143,0.00028,-0.01318,2.67174,0.32137,-1.39851,0.16962,0.30876,0.01340,0.04645,-0.29538,-0.15068,-0.14992,0.12325,0.00070,0.00008,0.00016,0.00006,6.000,6.000,12.000,12.000,6.000,6.000,6.000,6.000,12.000,12.000,6.000,6.000,6.000,6.000,6.000,6.000,0.004438,0.039768,0.004449,0.039731,0.004200,0.035672,0.004166,0.035781,0.000000,0.000038,0.000000,0.000000,0.859854,0.065985,0.000000,0.000000,0.000000,0.168839,0.165650
1.4400,-0.00103,0.04832,0.48015,1.00000,0.00003,0.00010,-0.00013,0.00432,0.03562,0.31456,0.31446,0.00020,0.03984,2,0.03499,0.00020,0.034709,-0.00005,-0.0350,-0.0002,0.0050,-0.0091,-0.0292,-0.0058,-0.0392,0,0.04900,0.01900,0.0112,0.1423,0.006823,0.044406,0.0270,0.4035,60.0958,0.0198,0.4019,60.0933,0.0060,-0.4642,4.7510,0.0040,-0.4250,4.9778,0.002617,-0.005246,60.0941,0.002625,-0.005208,60.0933,-0.034067,-0.019025,4.7521,-0.032335,-0.018735,4.9778,-0.00132,-0.16661,-0.30874,0.59916,-0.29036,0.16996,0.00274,-0.16423,-0.31358,0.61222,-0.29956,0.16666,0.00228,-0.00000,0.00142,0.00028,-0.01323,2.68481,0.32186,-1.39839,0.16995,0.31002,0.01348,0.04149,-0.29575,-0.14862,-0.15021,0.12180,0.00069,0.00008,0.00014,0.00005,6.000,6.000,12.000,12.000,6.000,6.000,6.000,6.000,12.000,12.000,6.000,6.000,6.000,6.000,6.000,6.000,0.004445,0.039882,0.004456,0.039844,0.004200,0.035796,0.004165,0.035909,0.000000,0.000039,0.000000,0.000000,0.861138,0.064802,0.000000,0.000000,0.000000,0.169402,0.166155
1.4450,-0.00101,0.04848,0.48015,1.00000,0.00003,0.00010,-0.00013,0.00433,0.03573,0.31456,0.31446,0.00020,0.03996,2,0.03499,0.00020,0.034709,-0.00005,-0.0349,-0.0002,0.0051,-0.0094,-0.0293,-0.0046,-0.0394,0,0.04900,0.01900,0.0112,0.1417,0.006824,0.044388,0.0276,0.4055,60.1768,0.0206,0.4043,60.1772,0.0065,-0.4681,4.6691,0.0002,-0.4146,4.8758,0.002618,-0.005262,60.1751,0.002626,-0.005225,60.1772,-0.034727,-0.019027,4.6703,-0.033018,-0.019000,4.8758,-0.00133,-0.16715,-0.30828,0.59830,-0.28996,0.17052,0.00277,-0.16476,-0.31314,0.61143,-0.29922,0.16717,0.00227,-0.00000,0.00141,0.00028,-0.01328,2.69784,0.32234,-1.39823,0.17028,0.31122,0.01357,0.03653,-0.29610,-0.14657,-0.15051,0.12034,0.00067,0.00008,0.00013,0.00005,6.000,6.000,12.000,12.000,6.000,6.000,6.000,6.000,12.000,12.000,6.000,6.000,6.000,6.000,6.000,6.000,0.004451,0.039996,0.004463,0.039957,0.004200,0.035920,0.004163,0.036037,0.000000,0.000041,0.000000,0.000000,0.862429,0.063627,0.000000,0.000000,0.000000,0.169963,0.166663
1.4500,-0.00100,0.04864,0.48015,1.00000,0.00003,0.00010,-0.00013,0.00433,0.03585,0.31456,0.31446,0.00020,0.04007,2,0.03499,0.00020,0.034709,-0.00005,-0.0349,-0.0002,0.0053,-0.0097,-0.0295,-0.0034,-0.0399,0,0.04900,0.01900,0.0113,0.1450,0.006825,0.044372,0.0282,0.4076,60.2569,0.0211,0.4062,60.2580,0.0071,-0.4721,4.5877,-0.0002,-0.4171,4.7957,0.002620,-0.005277,60.2551,0.002627,-0.005240,60.2580,-0.035404,-0.019022,4.5888,-0.033615,-0.019000,4.7957,-0.00134,-0.16769,-0.30781,0.59743,-0.28956,0.17108,0.00281,-0.16529,-0.31270,0.61065,-0.29889,0.16767,0.00227,-0.00000,0.00140,0.00028,-0.01332,2.71080,0.32282,-1.39803,0.17061,0.31237,0.01366,0.03154,-0.29644,-0.14450,-0.15081,0.11889,0.00066,0.00008,0.00012,0.00005,6.000,6.000,12.000,12.000,6.000,6.000,6.000,6.000,12.000,12.000,6.000,6.000,6.000,6.000,6.000,6.000,0.004458,0.040110,0.004471,0.040070,0.004200,0.036044,0.004161,0.036166,0.000000,0.000042,0.000000,0.000000,0.863721,0.062461,0.000000,0.000000,0.000000,0.170523,0.167168
1.4550,-0.00099,0.04880,0.48015,1.00000,0.00003,0.00010,-0.00013,0.00434,0.03597,0.31456,0.31446,0.00020,0.04018,2,0.03499,0.00020,0.034708,-0.00005,-0.0348,-0.0002,0.0055,-0.0100,-0.0297,-0.0021,-0.0403,0,0.04900,0.01900,0.0113,0.1484,0.006826,0.044356,0.0288,0.4095,60.3364,0.0217,0.4081,60.3380,0.0076,-0.4761,4.5069,-0.0003,-0.4198,4.7153,0.002621,-0.005289,60.3346,0.002628,-0.005255,60.3380,-0.036101,-0.019027,4.5080,-0.034235,-0.019000,4.7153,-0.00135,-0.16822,-0.30734,0.59657,-0.28916,0.17164,0.00284,-0.16581,-0.31225,0.60987,-0.29856,0.16817,0.00226,-0.00000,0.00139,0.00028,-0.01335,2.72364,0.32328,-1.39781,0.17093,0.31340,0.01376,0.02660,-0.29677,-0.14244,-0.15112,0.11749,0.00065,0.00007,0.00010,0.00005,6.000,6.000,12.000,12.000,6.000,6.000,6.000,6.000,12.000,12.000,6.000,6.000,6.000,6.000,6.000,6.000,0.004465,0.040224,0.004479,0.040182,0.004200,0.036169,0.004159,0.036295,0.000000,0.000044,0.000000,0.000000,0.865016,0.061305,0.000000,0.000000,0.000000,0.171081,0.167672
1.4600,-0.00098,0.04896,0.48015,1.00000,0.00002,0.00010,-0.00013,0.00434,0.03609,0.31456,0.31446,0.00020,0.04029,2,0.03499,0.00020,0.034708,-0.00005,-0.0347,-0.0002,0.0057,-0.0104,-0.0299,-0.0007,-0.0408,0,0.04900,0.01900,0.0113,0.1520,0.006827,0.044342,0.0294,0.4114,60.4151,0.0222,0.4099,60.4175,0.0082,-0.4801,4.4267,-0.0004,-0.4229,4.6358,0.002622,-0.005301,60.4134,0.002629,-0.005268,60.4175,-0.036818,-0.019024,4.4279,-0.034871,-0.019000,4.6358,-0.00135,-0.16876,-0.30688,0.59570,-0.28876,0.17219,0.00288,-0.16633,-0.31181,0.60908,-0.29823,0.16868,0.00226,-0.00000,0.00138,0.00028,-0.01339,2.73641,0.32373,-1.39756,0.17125,0.31437,0.01387,0.02166,-0.29709,-0.14039,-0.15144,0.11608,0.00063,0.00007,0.00009,0.00005,6.000,6.000,12.000,12.000,6.000,6.000,6.000,6.000,12.000,12.000,6.000,6.000,6.000,6.000,6.000,6.000,0.004472,0.040338,0.004487,0.040294,0.004200,0.036293,0.004157,0.036423,0.000000,0.000046,0.000000,0.000000,0.866312,0.060160,0.000000,0.000000,0.000000,0.171636,0.168175
1.4650,-0.00097,0.04912,0.48015,1.00000,0.00002,0.00010,-0.00013,0.00434,0.03621,0.31456,0.31446,0.00020,0.04041,2,0.03499,0.00020,0.034708,-0.00005,-0.0346,-0.0002,0.0059,-0.0107,-0.0301,0.0005,-0.0413,0,0.04900,0.01900,0.0114,0.1557,0.006828,0.044329,0.0301,0.4132,60.4932,0.0228,0.4118,60.4963,0.0088,-0.4841,4.3473,-0.0004,-0.4256,4.5564,0.002622,-0.005311,60.4915,0.002630,-0.005280,60.4963,-0.037556,-0.019025,4.3484,-0.035531,-0.019000,4.5564,-0.00136,-0.16930,-0.30641,0.59483,-0.28836,0.17274,0.00292,-0.16685,-0.31136,0.60830,-0.29790,0.16917,0.00225,-0.00000,0.00137,0.00028,-0.01342,2.74907,0.32416,-1.39728,0.17156,0.31524,0.01397,0.01676,-0.29740,-0.13837,-0.15176,0.11472,0.00062,0.00007,0.00007,0.00004,6.000,6.000,12.000,12.000,6.000,6.000,6.000,6.000,12.000,12.000,6.000,6.000,6.000,6.000,6.000,6.000,0.004480,0.040451,0.004495,0.040406,0.004200,0.036417,0.004155,0.036552,0.000000,0.000047,0.000000,0.000000,0.867609,0.059024,0.000000,0.000000,0.000000,0.172190,0.168676
1.4700,-0.00095,0.04928,0.48015,1.00000,0.00002,0.00010,-0.00013,0.00435,0.03633,0.31456,0.31446,0.00020,0.04052,2,0.03499,0.00020,0.034708,-0.00005,-0.0346,-0.0002,0.0061,-0.0111,-0.0301,0.0014,-0.0418,0,0.04900,0.01900,0.0114,0.1642,0.006829,0.044318,0.0308,0.4149,60.5719,0.0230,0.4133,60.5717,0.0095,-0.4883,4.2690,0.0053,-0.4434,4.5028,0.002623,-0.005320,60.5700,0.002632,-0.005290,60.5717,-0.038318,-0.019035,4.2702,-0.036082,-0.018687,4.5028,-0.00137,-0.16983,-0.30593,0.59395,-0.28796,0.17329,0.00296,-0.16737,-0.31090,0.60752,-0.29758,0.16967,0.00225,-0.00000,0.00136,0.00028,-0.01345,2.76170,0.32456,-1.39704,0.17182,0.31601,0.01407,0.01190,-0.29772,-0.13643,-0.15211,0.11336,0.00059,0.00007,0.00005,0.00004,6.000,6.000,12.000,12.000,6.000,6.000,6.000,6.000,12.000,12.000,6.000,6.000,6.000,6.000,6.000,6.000,0.004487,0.040564,0.004503,0.040517,0.004200,0.036542,0.004152,0.036682,0.000000,0.000050,0.000000,0.000000,0.868917,0.057895,0.000000,0.000000,0.000000,0.172743,0.169175
1.4750,-0.00094,0.04944,0.48015,1.00000,0.00002,0.00010,-0.00013,0.00435,0.03645,0.31456,0.31446,0.00020,0.04063,2,0.03499,0.00020,0.034707,-0.00005,-0.0345,-0.0002,0.0063,-0.0114,-0.0301,0.0026,-0.0422,0,0.04900,0.01900,0.0114,0.1641,0.006828,0.044309,0.0315,0.4166,60.6496,0.0240,0.4153,60.6530,0.0101,-0.4924,4.1913,0.0005,-0.4333,4.4021,0.002623,-0.005328,60.6477,0.002631,-0.005298,60.6530,-0.039102,-0.019028,4.1924,-0.036907,-0.019000,4.4021,-0.00138,-0.17036,-0.30546,0.59307,-0.28755,0.17384,0.00301,-0.16789,-0.31045,0.60673,-0.29725,0.17017,0.00224,-0.00000,0.00135,0.00028,-0.01347,2.77430,0.32496,-1.39675,0.17209,0.31677,0.01418,0.00699,-0.29802,-0.13450,-0.15245,0.11193,0.00057,0.00007,0.00003,0.00004,6.000,6.000,12.000,12.000,6.000,6.000,6.000,6.000,12.000,12.000,6.000,6.000,6.000,6.000,6.000,6.000,0.004495,0.040677,0.004512,0.040628,0.004200,0.036666,0.004149,0.036813,0.000000,0.000052,0.000000,0.000000,0.870226,0.056776,0.000000,0.000000,0.000000,0.173293,0.169674
1.4800,-0.00093,0.04960,0.48015,1.00000,0.00002,0.00010,-0.00013,0.00435,0.03656,0.31456,0.31446,0.00020,0.04074,2,0.03499,0.00020,0.034707,-0.00005,-0.0344,-0.0002,0.0065,-0.0118,-0.0304,0.0039,-0.0427,0,0.04900,0.01900,0.0115,0.1678,0.006829,0.044300,0.0322,0.4183,60.7251,0.0247,0.4168,60.7305,0.0108,-0.4964,4.1136,0.0003,-0.4351,4.3233,0.002624,-0.005334,60.7233,0.002632,-0.005307,60.7305,-0.039905,-0.019031,4.1148,-0.037638,-0.019000,4.3233,-0.00139,-0.17090,-0.30498,0.59220,-0.28715,0.17439,0.00306,-0.16840,-0.30999,0.60595,-0.29694,0.17067,0.00224,-0.00000,0.00134,0.00028,-0.01349,2.78662,0.32535,-1.39637,0.17240,0.31737,0.01428,0.00217,-0.29829,-0.13251,-0.15275,0.11066,0.00056,0.00007,0.00001,0.00003,6.000,6.000,12.000,12.000,6.000,6.000,6.000,6.000,12.000,12.000,6.000,6.000,6.000,6.000,6.000,6.000,0.004503,0.040789,0.004520,0.040738,0.004200,0.036790,0.004147,0.036942,0.000000,0.000053,0.000000,0.000000,0.871522,0.055674,0.000000,0.000000,0.000000,0.173841,0.170172
1.4850,-0.00091,0.04976,0.48015,1.00000,0.00002,0.00010,-0.00013,0.00436,0.03668,0.31456,0.31446,0.00020,0.04085,2,0.03499,0.00020,0.034707,-0.00005,-0.0343,-0.0002,0.0067,-0.0122,-0.0302,0.0047,-0.0431,0,0.04900,0.01900,0.0115,0.1721,0.006830,0.044293,0.0330,0.4198,60.8026,0.0252,0.4186,60.8061,0.0115,-0.5007,4.0378,0.0001,-0.4390,4.2514,0.002623,-0.005339,60.8007,0.002633,-0.005312,60.8061,-0.040737,-0.019032,4.0389,-0.038319,-0.019000,4.2514,-0.00139,-0.17143,-0.30450,0.59131,-0.28675,0.17493,0.00312,-0.16891,-0.30953,0.60516,-0.29663,0.17116,0.00223,-0.00000,0.00133,0.00028,-0.01352,2.79910,0.32572,-1.39609,0.17263,0.31794,0.01439,-0.00267,-0.29858,-0.13069,-0.15311,0.10924,0.00053,0.00006,-0.00001,0.00003,6.000,6.000,12.000,12.000,6.000,6.000,6.000,6.000,12.000,12.000,6.000,6.000,6.000,6.000,6.000,6.000,0.004511,0.040901,0.004530,0.040848,0.004200,0.036914,0.004144,0.037073,0.000000,0.000056,0.000000,0.000000,0.872844,0.054571,0.000000,0.000000,0.000000,0.174387,0.170667
1.4900,-0.00090,0.04992,0.48015,1.00000,0.00002,0.00010,-0.00013,0.00436,0.03680,0.31456,0.31446,0.00020,0.04096,2,0.03500,0.00020,0.034706,-0.00005,-0.0343,-0.0002,0.0070,-0.0127,-0.0317,0.0093,-0.0451,0,0.04900,0.01900,0.0115,0.1705,0.006829,0.044287,0.0340,0.4212,60.8737,0.0258,0.4188,60.8788,0.0126,-0.5051,3.9563,-0.0102,-0.4290,4.1960,0.002627,-0.005347,60.8718,0.002632,-0.005317,60.8788,-0.041587,-0.019031,3.9574,-0.038617,-0.019000,4.1960,-0.00140,-0.17196,-0.30402,0.59043,-0.28634,0.17547,0.00319,-0.16942,-0.30907,0.60439,-0.29634,0.17165,0.00222,-0.00000,0.00132,0.00028,-0.01352,2.81153,0.32625,-1.39536,0.17312,0.31869,0.01455,-0.00781,-0.29875,-0.12822,-0.15344,0.10791,0.00054,0.00006,-0.00001,0.00003,6.000,6.000,12.000,12.000,6.000,6.000,6.000,6.000,12.000,12.000,6.000,6.000,6.000,6.000,6.000,6.000,0.004518,0.041013,0.004539,0.040958,0.004200,0.037039,0.004138,0.037206,0.000000,0.000059,0.000000,0.000000,0.874179,0.053474,0.000000,0.000000,0.000000,0.174932,0.171162
1.4950,-0.00089,0.05008,0.48015,1.00000,0.00002,0.00010,-0.00013,0.00437,0.03692,0.31456,0.31446,0.00020,0.04107,2,0.03500,0.00020,0.034706,-0.00005,-0.0342,-0.0002,0.0075,-0.0134,-0.0334,0.0165,-0.0483,0,0.04900,0.01900,0.0115,0.1706,0.006833,0.044278,0.0357,0.4219,60.9458,0.0262,0.4191,60.9464,0.0142,-0.5106,3.8728,-0.0184,-0.4234,4.1416,0.002630,-0.005359,60.9440,0.002636,-0.005325,60.9464,-0.042474,-0.019031,3.8739,-0.038862,-0.019000,4.1416,-0.00141,-0.17248,-0.30354,0.58954,-0.28594,0.17601,0.00327,-0.16993,-0.30861,0.60364,-0.29608,0.17214,0.00222,-0.00000,0.00130,0.00028,-0.01350,2.82448,0.32691,-1.39457,0.17363,0.31967,0.01478,-0.01329,-0.29893,-0.12550,-0.15395,0.10634,0.00055,0.00006,-0.00000,0.00003,6.000,6.000,12.000,12.000,6.000,6.000,6.000,6.000,12.000,12.000,6.000,6.000,6.000,6.000,6.000,6.000,0.004524,0.041128,0.004548,0.041067,0.004200,0.037163,0.004126,0.037346,0.000000,0.000066,0.000000,0.000000,0.875590,0.052356,0.000000,0.000000,0.000000,0.175474,0.171654
1.5000,-0.00087,0.05023,0.48015,1.00000,0.00001,0.00010,-0.00013,0.00437,0.03703,0.31456,0.31446,0.00020,0.04118,2,0.03500,0.00020,0.034706,-0.00005,-0.0342,-0.0002,0.0082,-0.0142,-0.0357,0.0262,-0.0525,0,0.04900,0.01900,0.0115,0.1703,0.006836,0.044266,0.0378,0.4223,61.0165,0.0274,0.4186,61.0151,0.0163,-0.5165,3.7869,-0.0266,-0.4162,4.0813,0.002634,-0.005372,61.0146,0.002640,-0.005337,61.0151,-0.043404,-0.019029,3.7880,-0.039158,-0.019000,4.0813,-0.00142,-0.17301,-0.30306,0.58865,-0.28553,0.17655,0.00338,-0.17042,-0.30814,0.60291,-0.29585,0.17262,0.00221,-0.00000,0.00129,0.00027,-0.01345,2.83757,0.32764,-1.39362,0.17419,0.32072,0.01508,-0.01899,-0.29911,-0.12247,-0.15460,0.10474,0.00056,0.00007,0.00001,0.00002,6.000,6.000,12.000,12.000,6.000,6.000,6.000,6.000,12.000,12.000,6.000,6.000,6.000,6.000,6.000,6.000,0.004529,0.041244,0.004558,0.041176,0.004200,0.037287,0.004110,0.037490,0.000000,0.000074,0.000000,0.000000,0.877043,0.051232,0.000000,0.000000,0.000000,0.176013,0.172141
1.5050,-0.00086,0.05039,0.48015,1.00000,0.00001,0.00010,-0.00013,0.00438,0.03715,0.31456,0.31446,0.00020,0.04128,2,0.03500,0.00020,0.034706,-0.00006,-0.0342,-0.0002,0.0089,-0.0152,-0.0384,0.0380,-0.0575,0,0.04900,0.01900,0.0113,0.1239,0.006839,0.044256,0.0403,0.4223,61.0864,0.0325,0.4145,61.1206,0.0188,-0.5229,3.6995,0.1090,-0.2542,3.7230,0.002637,-0.005384,61.0845,0.002642,-0.005345,61.1206,-0.044385,-0.019026,3.7007,-0.049000,-0.019000,3.7230,-0.00143,-0.17352,-0.30259,0.58777,-0.28512,0.17709,0.00366,-0.17090,-0.30764,0.60216,-0.29557,0.17323,0.00220,-0.00000,0.00128,0.00027,-0.01336,2.85076,0.32843,-1.39258,0.17476,0.32178,0.01543,-0.02487,-0.29931,-0.11922,-0.15542,0.10313,0.00058,0.00007,0.00002,0.00002,6.000,6.000,12.000,12.000,6.000,6.000,6.000,6.000,12.000,12.000,6.000,6.000,6.000,6.000,6.000,6.000,0.004532,0.041360,0.004569,0.041284,0.004200,0.037412,0.004091,0.037639,0.000000,0.000084,0.000000,0.000000,0.878535,0.050104,0.000000,0.000000,0.000000,0.176551,0.172622
1.5100,-0.00085,0.05055,0.48015,1.00000,0.00001,0.00011,-0.00013,0.00438,0.03727,0.31456,0.31446,0.00021,0.04139,2,0.03500,0.00021,0.034705,-0.00005,-0.0338,-0.0002,0.0087,-0.0177,-0.0284,0.0608,-0.0860,0,0.04900,0.01900,0.0116,0.1819,0.006846,0.044237,0.0397,0.4185,61.2119,0.0318,0.4250,61.1816,0.0176,-0.5358,3.6399,-0.0821,-0.4179,3.9036,0.002634,-0.005424,61.2100,0.002650,-0.005364,61.1816,-0.045617,-0.019035,3.6412,-0.039867,-0.019000,3.9036,-0.00144,-0.17404,-0.30212,0.58688,-0.28472,0.17762,0.00397,-0.17137,-0.30714,0.60145,-0.29535,0.17382,0.00218,0.00000,0.00128,0.00027,-0.01050,2.87025,0.32809,-1.39396,0.17426,0.32487,0.02096,-0.03313,-0.29947,-0.12041,-0.15532,0.10654,-0.00018,0.00003,0.00032,-0.00006,6.000,6.000,12.000,12.000,6.000,6.000,6.000,6.000,12.000,12.000,6.000,6.000,6.000,6.000,6.000,6.000,0.004547,0.041493,0.004579,0.041392,0.004200,0.037536,0.004103,0.037837,0.000000,0.000105,0.000000,0.000000,0.880531,0.048783,0.000000,0.000000,0.000000,0.177086,0.173235
1.5150,-0.00083,0.05070,0.48015,1.00000,0.00000,0.00011,-0.00013,0.00439,0.03739,0.31456,0.31446,0.00021,0.04150,2,0.03501,0.00021,0.034705,-0.00005,-0.0340,-0.0002,0.0101,-0.0184,-0.0402,0.0744,-0.0848,0,0.04900,0.01900,0.0111,0.1796,0.006840,0.044201,0.0443,0.4190,61.2474,0.0286,0.4066,61.2416,0.0226,-0.5413,3.5262,-0.0760,-0.4251,4.0086,0.002652,-0.005446,61.2456,0.002644,-0.005399,61.2416,-0.046615,-0.019036,3.5275,-0.038157,-0.019000,4.0086,-0.00146,-0.17455,-0.30164,0.58599,-0.28431,0.17815,0.00430,-0.17184,-0.30664,0.60078,-0.29521,0.17440,0.00217,0.00000,0.00127,0.00027,-0.01151,2.88191,0.33011,-1.39086,0.17611,0.32637,0.01945,-0.03922,-0.29933,-0.11408,-0.15635,0.10278,0.00026,0.00006,0.00026,-0.00003,6.000,6.000,12.000,12.000,6.000,6.000,6.000,6.000,12.000,12.000,6.000,6.000,6.000,6.000,6.000,6.000,0.004544,0.041606,0.004590,0.041500,0.004200,0.037660,0.004062,0.037979,0.000000,0.000116,0.000000,0.000000,0.881955,0.047710,0.000000,0.000000,0.000000,0.177619,0.173824
1.5200,-0.00082,0.05086,0.48015,1.00000,-0.00001,0.00011,-0.00012,0.00439,0.03751,0.31456,0.31446,0.00022,0.04161,2,0.03501,0.00022,0.034705,-0.00005,-0.0339,-0.0002,0.0107,-0.0202,-0.0411,0.0986,-0.0997,0,0.04900,0.01900,0.0112,0.1243,0.006859,0.044180,0.0465,0.4169,61.3280,0.0373,0.4100,61.3454,0.0247,-0.5508,3.4398,0.0396,-0.2624,3.5574,0.002657,-0.005465,61.3262,0.002663,-0.005419,61.3454,-0.047886,-0.019036,3.4412,-0.049000,-0.019000,3.5574,-0.00147,-0.17505,-0.30116,0.58509,-0.28389,0.17868,0.00474,-0.17229,-0.30613,0.60013,-0.29508,0.17505,0.00215,-0.00000,0.00126,0.00026,-0.01046,2.89703,0.33081,-1.39006,0.17660,0.32800,0.02176,-0.04640,-0.29938,-0.11164,-0.15681,0.10350,0.00016,0.00005,0.00028,-0.00007,6.000,6.000,12.000,12.000,6.000,6.000,6.000,6.000,12.000,12.000,6.000,6.000,6.000,6.000,6.000,6.000,0.004549,0.041730,0.004601,0.041607,0.004200,0.037784,0.004045,0.038153,0.000000,0.000133,0.000000,0.000000,0.883710,0.046516,0.000000,0.000000,0.000000,0.178152,0.174400
1.5250,-0.00080,0.05102,0.48015,1.00000,-0.00001,0.00012,-0.00012,0.00439,0.03762,0.31456,0.31446,0.00023,0.04171,2,0.03502,0.00023,0.034705,-0.00005,-0.0339,-0.0002,0.0121,-0.0215,-0.0472,0.1134,-0.1035,0,0.04900,0.01900,0.0110,0.1243,0.006864,0.044161,0.0510,0.4158,61.3863,0.0377,0.4025,61.4048,0.0292,-0.5585,3.3414,0.0494,-0.2595,3.5437,0.002656,-0.005481,61.3844,0.002669,-0.005437,61.4048,-0.048966,-0.019034,3.3429,-0.049000,-0.019000,3.5437,-0.00149,-0.17555,-0.30070,0.58420,-0.28348,0.17921,0.00529,-0.17273,-0.30560,0.59951,-0.29497,0.17575,0.00213,-0.00000,0.00125,0.00026,-0.01082,2.91010,0.33181,-1.38856,0.17712,0.32924,0.02160,-0.05280,-0.29934,-0.10649,-0.15811,0.10085,0.00031,0.00005,0.00029,-0.00006,6.000,6.000,12.000,12.000,6.000,6.000,6.000,6.000,12.000,12.000,6.000,6.000,6.000,6.000,6.000,6.000,0.004548,0.041848,0.004612,0.041713,0.004200,0.037909,0.004006,0.038314,0.000000,0.000150,0.000000,0.000000,0.885324,0.045393,0.000000,0.000000,0.000000,0.178683,0.175047
1.5300,-0.00079,0.05117,0.48016,1.00000,-0.00002,0.00012,-0.00011,0.00440,0.03774,0.31456,0.31446,0.00024,0.04182,2,0.03502,0.00024,0.034704,-0.00005,-0.0337,-0.0002,0.0126,-0.0240,-0.0424,0.1375,-0.1260,0,0.04900,0.01900,0.0112,0.1971,0.006867,0.044139,0.0551,0.4116,61.4894,0.0389,0.4108,61.4506,0.0287,-0.5710,3.2695,-0.1313,-0.4197,3.7187,0.002580,-0.005506,61.4875,0.002671,-0.005458,61.4506,-0.049026,-0.019030,3.2712,-0.039400,-0.019000,3.7187,-0.00150,-0.17605,-0.30023,0.58331,-0.28307,0.17974,0.00586,-0.17316,-0.30507,0.59895,-0.29495,0.17644,0.00211,-0.00000,0.00125,0.00025,-0.01004,2.92755,0.32843,-1.39266,0.17288,0.33140,0.02645,-0.06075,-0.29601,-0.10169,-0.15501,0.10250,-0.00016,0.00003,0.00048,-0.00012,6.000,6.000,12.000,12.000,6.000,6.000,6.000,6.000,12.000,12.000,6.000,6.000,6.000,6.000,6.000,6.000,0.004555,0.041979,0.004624,0.041819,0.004200,0.038033,0.003994,0.038513,0.000000,0.000174,0.000000,0.000000,0.887324,0.044131,0.000000,0.000000,0.000000,0.179212,0.175752
1.5350,-0.00077,0.05133,0.48016,1.00000,-0.00003,0.00013,-0.00011,0.00440,0.03786,0.31457,0.31446,0.00025,0.04192,2,0.03503,0.00025,0.034704,-0.00005,-0.0337,-0.0002,0.0138,-0.0257,-0.0480,0.1603,-0.1351,0,0.04900,0.01900,0.0108,0.1288,0.006789,0.044118,0.0608,0.4095,61.5494,0.0451,0.3972,61.5667,0.0305,-0.5797,3.1725,0.0157,-0.2618,3.3932,0.002517,-0.005518,61.5476,0.002594,-0.005478,61.5667,-0.049035,-0.019035,3.1743,-0.049000,-0.019000,3.3932,-0.00152,-0.17654,-0.29976,0.58242,-0.28265,0.18027,0.00657,-0.17358,-0.30452,0.59840,-0.29493,0.17721,0.00209,-0.00000,0.00124,0.00024,-0.01092,2.94094,0.32611,-1.39463,0.16982,0.33248,0.02837,-0.06758,-0.29239,-0.09386,-0.15183,0.10195,-0.00000,0.00004,0.00041,-0.00014,6.000,6.000,12.000,12.000,6.000,6.000,6.000,6.000,12.000,12.000,6.000,6.000,6.000,6.000,6.000,6.000,0.004556,0.042100,0.004636,0.041925,0.004200,0.038157,0.003961,0.038684,0.000000,0.000193,0.000000,0.000000,0.889043,0.042996,0.000000,0.000000,0.000000,0.179740,0.176438
1.5400,-0.00076,0.05148,0.48016,1.00000,-0.00004,0.00014,-0.00010,0.00441,0.03798,0.31457,0.31446,0.00026,0.04203,2,0.03504,0.00026,0.034704,-0.00005,-0.0337,-0.0002,0.0151,-0.0273,-0.0515,0.1722,-0.1396,0,0.04900,0.01900,0.0108,0.2109,0.006730,0.044101,0.0671,0.4074,61.6149,0.0454,0.3977,61.5816,0.0330,-0.5882,3.0836,-0.1334,-0.4435,3.6607,0.002449,-0.005524,61.6130,0.002535,-0.005494,61.5816,-0.049043,-0.019045,3.0857,-0.036914,-0.019000,3.6607,-0.00153,-0.17703,-0.29930,0.58153,-0.28224,0.18079,0.00732,-0.17398,-0.30397,0.59790,-0.29498,0.17799,0.00206,-0.00000,0.00123,0.00024,-0.01205,2.95404,0.32378,-1.39686,0.16649,0.33318,0.02941,-0.07381,-0.28948,-0.08635,-0.15002,0.09979,0.00004,0.00005,0.00043,-0.00014,6.000,6.000,12.000,12.000,6.000,6.000,6.000,6.000,12.000,12.000,6.000,6.000,6.000,6.000,6.000,6.000,0.004556,0.042220,0.004648,0.042029,0.004200,0.038282,0.003923,0.038853,0.000000,0.000212,0.000000,0.000000,0.890746,0.041881,0.000000,0.000000,0.000000,0.180266,0.177214
1.5450,-0.00074,0.05164,0.48016,1.00000,-0.00006,0.00014,-0.00010,0.00441,0.03810,0.31457,0.31446,0.00027,0.04213,2,0.03504,0.00027,0.034704,-0.00005,-0.0334,-0.0002,0.0155,-0.0298,-0.0469,0.1969,-0.1611,0,0.04900,0.01900,0.0110,0.2252,0.006663,0.044093,0.0710,0.4030,61.7144,0.0525,0.4019,61.6734,0.0321,-0.6003,3.0152,-0.1659,-0.4455,3.5182,0.002367,-0.005533,61.7125,0.002468,-0.005501,61.6734,-0.049048,-0.019049,3.0175,-0.036934,-0.019000,3.5182,-0.00155,-0.17752,-0.29883,0.58064,-0.28183,0.18131,0.00812,-0.17439,-0.30342,0.59743,-0.29508,0.17880,0.00204,-0.00000,0.00123,0.00023,-0.01138,2.97029,0.31997,-1.40126,0.16182,0.33431,0.03443,-0.08129,-0.28579,-0.08182,-0.14625,0.10243,-0.00034,0.00003,0.00050,-0.00021,6.000,6.000,12.000,12.000,6.000,6.000,6.000,6.000,12.000,12.000,6.000,6.000,6.000,6.000,6.000,6.000,0.004565,0.042349,0.004661,0.042134,0.004200,0.038406,0.003913,0.039051,0.000000,0.000235,0.000000,0.000000,0.892741,0.040669,0.000000,0.000000,0.000000,0.180790,0.177995
1.5500,-0.00073,0.05179,0.48016,1.00000,-0.00007,0.00015,-0.00010,0.00442,0.03822,0.31457,0.31446,0.00028,0.04224,2,0.03505,0.00028,0.034703,-0.00005,-0.0334,-0.0002,0.0168,-0.0312,-0.0536,0.2147,-0.1650,0,0.04900,0.01900,0.0105,0.1373,0.006578,0.044089,0.0771,0.4012,61.7661,0.0593,0.3864,61.7881,0.0344,-0.6080,2.9192,0.0182,-0.2592,3.1557,0.002302,-0.005531,61.7642,0.002383,-0.005504,61.7881,-0.049041,-0.019041,2.9217,-0.049000,-0.019000,3.1557,-0.00156,-0.17800,-0.29837,0.57975,-0.28142,0.18183,0.00900,-0.17478,-0.30286,0.59700,-0.29521,0.17966,0.00201,-0.00000,0.00122,0.00022,-0.01273,2.98210,0.31771,-1.40299,0.15876,0.33447,0.03548,-0.08742,-0.28229,-0.07385,-0.14331,0.10131,-0.00006,0.00005,0.00035,-0.00022,6.000,6.000,12.000,12.000,6.000,6.000,6.000,6.000,12.000,12.000,6.000,6.000,6.000,6.000,6.000,6.000,0.004566,0.042466,0.004674,0.042238,0.004200,0.038530,0.003877,0.039216,0.000000,0.000253,0.000000,0.000000,0.894398,0.039601,0.000000,0.000000,0.000000,0.181311,0.178803
1.5550,-0.00071,0.05195,0.48016,1.00000,-0.00008,0.00016,-0.00009,0.00442,0.03833,0.31457,0.31446,0.00030,0.04234,2,0.03506,0.00030,0.034703,-0.00005,-0.0334,-0.0002,0.0181,-0.0326,-0.0577,0.2257,-0.1666,0,0.04900,0.01900,0.0105,0.1423,0.006515,0.044090,0.0833,0.3992,61.8253,0.0648,0.3847,61.8428,0.0369,-0.6156,2.8325,0.0261,-0.2610,3.0715,0.002232,-0.005520,61.8235,0.002320,-0.005503,61.8428,-0.049039,-0.019039,2.8354,-0.049000,-0.019000,3.0715,-0.00158,-0.17848,-0.29791,0.57886,-0.28101,0.18235,0.00997,-0.17517,-0.30229,0.59659,-0.29535,0.18059,0.00198,-0.00000,0.00121,0.00021,-0.01412,2.99369,0.31522,-1.40517,0.15529,0.33410,0.03618,-0.09304,-0.27930,-0.06649,-0.14126,0.09952,0.00009,0.00006,0.00026,-0.00021,6.000,6.000,12.000,12.000,6.000,6.000,6.000,6.000,12.000,12.000,6.000,6.000,6.000,6.000,6.000,6.000,0.004567,0.042583,0.004687,0.042341,0.004200,0.038655,0.003839,0.039381,0.000000,0.000270,0.000000,0.000000,0.896057,0.038546,0.000000,0.000000,0.000000,0.181831,0.179661
1.5600,-0.00070,0.05210,0.48016,1.00000,-0.00009,0.00016,-0.00009,0.00442,0.03845,0.31457,0.31446,0.00031,0.04244,2,0.03507,0.00031,0.034703,-0.00005,-0.0333,-0.0002,0.0191,-0.0346,-0.0556,0.2351,-0.1756,0,0.04900,0.01900,0.0107,0.2482,0.006448,0.044094,0.0886,0.3959,61.9089,0.0659,0.3898,61.8630,0.0382,-0.6254,2.7631,-0.1681,-0.4731,3.3723,0.002153,-0.005513,61.9070,0.002254,-0.005498,61.8630,-0.049039,-0.019039,2.7663,-0.034029,-0.019000,3.3723,-0.00160,-0.17896,-0.29744,0.57797,-0.28060,0.18286,0.01092,-0.17555,-0.30173,0.59623,-0.29558,0.18147,0.00196,-0.00000,0.00120,0.00020,-0.01461,3.00734,0.31210,-1.40862,0.15107,0.33408,0.03847,-0.09911,-0.27649,-0.06103,-0.13934,0.09882,-0.00013,0.00004,0.00034,-0.00023,6.000,6.000,12.000,12.000,6.000,6.000,6.000,6.000,12.000,12.000,6.000,6.000,6.000,6.000,6.000,6.000,0.004572,0.042705,0.004701,0.042444,0.004200,0.038779,0.003811,0.039563,0.000000,0.000292,0.000000,0.000000,0.897889,0.037441,0.000000,0.000000,0.000000,0.182346,0.180590
1.5650,-0.00069,0.05225,0.48016,1.00000,-0.00011,0.00017,-0.00009,0.00443,0.03857,0.31457,0.31446,0.00033,0.04255,2,0.03508,0.00033,0.034702,-0.00005,-0.0331,-0.0002,0.0199,-0.0366,-0.0554,0.2546,-0.1880,0,0.04900,0.01900,0.0105,0.1522,0.006366,0.044105,0.0933,0.3924,61.9847,0.0766,0.3828,61.9991,0.0388,-0.6351,2.6881,0.0003,-0.2643,2.8947,0.002078,-0.005501,61.9829,0.002172,-0.005486,61.9991,-0.049046,-0.019046,2.6916,-0.049000,-0.019000,2.8947,-0.00162,-0.17943,-0.29699,0.57709,-0.28019,0.18337,0.01201,-0.17593,-0.30115,0.59588,-0.29580,0.18244,0.00193,-0.00000,0.00119,0.00019,-0.01493,3.02049,0.30890,-1.41182,0.14702,0.33378,0.04150,-0.10541,-0.27298,-0.05549,-0.13601,0.09998,-0.00021,0.00004,0.00027,-0.00027,6.000,6.000,12.000,12.000,6.000,6.000,6.000,6.000,12.000,12.000,6.000,6.000,6.000,6.000,6.000,6.000,0.004579,0.042827,0.004715,0.042546,0.004200,0.038903,0.003789,0.039746,0.000000,0.000312,0.000000,0.000000,0.899724,0.036350,0.000000,0.000000,0.000000,0.182859,0.181466
1.5700,-0.00067,0.05241,0.48017,1.00000,-0.00012,0.00018,-0.00008,0.00443,0.03869,0.31457,0.31446,0.00034,0.04265,2,0.03510,0.00034,0.034702,-0.00005,-0.0332,-0.0002,0.0215,-0.0380,-0.0603,0.2584,-0.1860,0,0.04900,0.01900,0.0103,0.1518,0.006292,0.044117,0.1000,0.3906,62.0377,0.0800,0.3736,62.0556,0.0423,-0.6423,2.6027,0.0350,-0.2584,2.8644,0.002013,-0.005487,62.0359,0.002097,-0.005473,62.0556,-0.049045,-0.019045,2.6066,-0.049000,-0.019000,2.8644,-0.00164,-0.17990,-0.29653,0.57621,-0.27979,0.18387,0.01311,-0.17629,-0.30058,0.59558,-0.29607,0.18341,0.00190,-0.00000,0.00119,0.00018,-0.01667,3.03131,0.30689,-1.41345,0.14395,0.33315,0.04121,-0.11059,-0.27039,-0.04802,-0.13476,0.09674,-0.00004,0.00004,0.00025,-0.00025,6.000,6.000,12.000,12.000,6.000,6.000,6.000,6.000,12.000,12.000,6.000,6.000,6.000,6.000,6.000,6.000,0.004578,0.042941,0.004730,0.042647,0.004200,0.039027,0.003744,0.039908,0.000000,0.000330,0.000000,0.000000,0.901355,0.035348,0.000000,0.000000,0.000000,0.183368,0.182444
1.5750,-0.00066,0.05256,0.48017,1.00000,-0.00014,0.00019,-0.00007,0.00444,0.03881,0.31458,0.31446,0.00036,0.04275,2,0.03511,0.00036,0.034702,-0.00006,-0.0330,-0.0002,0.0225,-0.0400,-0.0583,0.2674,-0.1953,0,0.04900,0.01900,0.0104,0.1604,0.006228,0.044129,0.1053,0.3870,62.1179,0.0870,0.3761,62.1261,0.0438,-0.6519,2.5360,0.0151,-0.2651,2.7601,0.001937,-0.005472,62.1160,0.002033,-0.005460,62.1261,-0.049051,-0.019051,2.5404,-0.049000,-0.019000,2.7601,-0.00166,-0.18037,-0.29608,0.57533,-0.27939,0.18437,0.01431,-0.17665,-0.29999,0.59529,-0.29636,0.18443,0.00186,-0.00000,0.00118,0.00017,-0.01715,3.04433,0.30389,-1.41667,0.13988,0.33264,0.04340,-0.11641,-0.26761,-0.04286,-0.13282,0.09615,-0.00026,0.00003,0.00032,-0.00026,6.000,6.000,12.000,12.000,6.000,6.000,6.000,6.000,12.000,12.000,6.000,6.000,6.000,6.000,6.000,6.000,0.004584,0.043061,0.004745,0.042748,0.004200,0.039152,0.003715,0.040091,0.000000,0.000352,0.000000,0.000000,0.903193,0.034286,0.000000,0.000000,0.000000,0.183873,0.183412
1.5800,-0.00064,0.05271,0.48017,1.00000,-0.00015,0.00020,-0.00007,0.00444,0.03893,0.31458,0.31446,0.00037,0.04285,2,0.03512,0.00037,0.034702,-0.00006,-0.0328,-0.0002,0.0231,-0.0425,-0.0528,0.2833,-0.2148,0,0.04900,0.01900,0.0104,0.2885,0.006154,0.044137,0.1093,0.3821,62.2128,0.0874,0.3791,62.1586,0.0436,-0.6639,2.4777,-0.2101,-0.4952,3.1085,0.001860,-0.005466,62.2109,0.001960,-0.005451,62.1586,-0.049048,-0.019048,2.4826,-0.031097,-0.019000,3.1085,-0.00169,-0.18084,-0.29563,0.57446,-0.27899,0.18487,0.01550,-0.17701,-0.29940,0.59504,-0.29672,0.18543,0.00183,-0.00000,0.00118,0.00016,-0.01665,3.05935,0.30041,-1.42066,0.13547,0.33279,0.04773,-0.12317,-0.26433,-0.03912,-0.12983,0.09785,-0.00071,0.00000,0.00046,-0.00032,6.000,6.000,12.000,12.000,6.000,6.000,6.000,6.000,12.000,12.000,6.000,6.000,6.000,6.000,6.000,6.000,0.004594,0.043186,0.004761,0.042848,0.004200,0.039276,0.003701,0.040291,0.000000,0.000377,0.000000,0.000000,0.905209,0.033177,0.000000,0.000000,0.000000,0.184374,0.184433
1.5850,-0.00062,0.05286,0.48017,1.00000,-0.00017,0.00020,-0.00006,0.00444,0.03905,0.31458,0.31446,0.00039,0.04295,2,0.03513,0.00039,0.034701,-0.00005,-0.0328,-0.0002,0.0240,-0.0444,-0.0560,0.3043,-0.2261,0,0.04900,0.01900,0.0101,0.1630,0.006072,0.044150,0.1142,0.3787,62.2726,0.0969,0.3653,62.2945,0.0447,-0.6732,2.3965,-0.0050,-0.2566,2.6235,0.001797,-0.005452,62.2708,0.001879,-0.005438,62.2945,-0.049051,-0.019051,2.4019,-0.049000,-0.019000,2.6235,-0.00171,-0.18130,-0.29518,0.57358,-0.27859,0.18537,0.01676,-0.17735,-0.29880,0.59482,-0.29709,0.18648,0.00179,-0.00000,0.00117,0.00014,-0.01725,3.07139,0.29784,-1.42281,0.13221,0.33228,0.05027,-0.12939,-0.26059,-0.03312,-0.12618,0.09880,-0.00064,0.00001,0.00035,-0.00036,6.000,6.000,12.000,12.000,6.000,6.000,6.000,6.000,12.000,12.000,6.000,6.000,6.000,6.000,6.000,6.000,0.004602,0.043304,0.004776,0.042947,0.004200,0.039400,0.003676,0.040472,0.000000,0.000397,0.000000,0.000000,0.907024,0.032154,0.000000,0.000000,0.000000,0.184872,0.185427
1.5900,-0.00061,0.05302,0.48017,1.00000,-0.00018,0.00021,-0.00006,0.00445,0.03917,0.31458,0.31446,0.00041,0.04305,2,0.03515,0.00041,0.034701,-0.00005,-0.0329,-0.0002,0.0255,-0.0456,-0.0640,0.3127,-0.2227,0,0.04900,0.01900,0.0099,0.1613,0.006009,0.044164,0.1209,0.3770,62.3099,0.1008,0.3565,62.3379,0.0484,-0.6796,2.3058,0.0252,-0.2484,2.5806,0.001739,-0.005427,62.3081,0.001815,-0.005423,62.3379,-0.049061,-0.019062,2.3116,-0.049000,-0.019000,2.5806,-0.00173,-0.18176,-0.29473,0.57270,-0.27818,0.18586,0.01806,-0.17770,-0.29821,0.59461,-0.29750,0.18757,0.00176,-0.00000,0.00116,0.00013,-0.01927,3.08054,0.29616,-1.42362,0.12968,0.33087,0.04966,-0.13425,-0.25766,-0.02530,-0.12427,0.09614,-0.00028,0.00003,0.00020,-0.00034,6.000,6.000,12.000,12.000,6.000,6.000,6.000,6.000,12.000,12.000,6.000,6.000,6.000,6.000,6.000,6.000,0.004603,0.043414,0.004793,0.043046,0.004200,0.039525,0.003631,0.040629,0.000000,0.000414,0.000000,0.000000,0.908609,0.031225,0.000000,0.000000,0.000000,0.185367,0.186478
1.5950,-0.00059,0.05317,0.48017,1.00000,-0.00020,0.00022,-0.00005,0.00445,0.03928,0.31458,0.31446,0.00043,0.04314,2,0.03516,0.00043,0.034701,-0.00005,-0.0327,-0.0002,0.0265,-0.0476,-0.0631,0.3236,-0.2311,0,0.04900,0.01900,0.0100,0.1739,0.005953,0.044188,0.1260,0.3733,62.3817,0.1077,0.3601,62.3966,0.0500,-0.6887,2.2402,0.0071,-0.2579,2.4734,0.001666,-0.005398,62.3799,0.001760,-0.005399,62.3966,-0.049062,-0.019063,2.2467,-0.049000,-0.019000,2.4734,-0.00175,-0.18222,-0.29427,0.57182,-0.27778,0.18634,0.01942,-0.17804,-0.29760,0.59443,-0.29793,0.18868,0.00173,-0.00000,0.00115,0.00012,-0.01993,3.09222,0.29325,-1.42648,0.12579,0.32946,0.05171,-0.13967,-0.25474,-0.02029,-0.12204,0.09602,-0.00041,0.00002,0.00019,-0.00036,6.000,6.000,12.000,12.000,6.000,6.000,6.000,6.000,12.000,12.000,6.000,6.000,6.000,6.000,6.000,6.000,0.004611,0.043531,0.004810,0.043144,0.004200,0.039649,0.003603,0.040810,0.000000,0.000435,0.000000,0.000000,0.910428,0.030230,0.000000,0.000000,0.000000,0.185857,0.187565
1.6000,-0.00058,0.05332,0.48017,1.00000,-0.00021,0.00023,-0.00005,0.00446,0.03940,0.31458,0.31446,0.00045,0.04324,2,0.03518,0.00045,0.034701,-0.00005,-0.0326,-0.0002,0.0276,-0.0495,-0.0630,0.3349,-0.2395,0,0.04900,0.01900,0.0100,0.1768,0.005880,0.044216,0.1312,0.3696,62.4494,0.1126,0.3557,62.4662,0.0517,-0.6979,2.1730,0.0059,-0.2557,2.4117,0.001597,-0.005369,62.4476,0.001687,-0.005370,62.4662,-0.049066,-0.019066,2.1800,-0.049000,-0.019000,2.4117,-0.00178,-0.18267,-0.29382,0.57095,-0.27739,0.18683,0.02082,-0.17837,-0.29699,0.59428,-0.29838,0.18983,0.00169,-0.00000,0.00115,0.00010,-0.02063,3.10370,0.29053,-1.42902,0.12215,0.32808,0.05367,-0.14510,-0.25177,-0.01516,-0.11976,0.09581,-0.00051,0.00001,0.00019,-0.00037,6.000,6.000,12.000,12.000,6.000,6.000,6.000,6.000,12.000,12.000,6.000,6.000,6.000,6.000,6.000,6.000,0.004618,0.043647,0.004827,0.043241,0.004200,0.039773,0.003574,0.040991,0.000000,0.000456,0.000000,0.000000,0.912246,0.029251,0.000000,0.000000,0.000000,0.186344,0.188684
1.6050,-0.00056,0.05347,0.48017,1.00000,-0.00023,0.00024,-0.00005,0.00446,0.03952,0.31459,0.31446,0.00047,0.04334,2,0.03519,0.00047,0.034700,-0.00005,-0.0326,-0.0002,0.0286,-0.0515,-0.0635,0.3464,-0.2478,0,0.04900,0.01900,0.0099,0.1801,0.005811,0.044244,0.1364,0.3659,62.5142,0.1176,0.3512,62.5325,0.0535,-0.7070,2.1051,0.0049,-0.2536,2.3486,0.001530,-0.005340,62.5125,0.001618,-0.005342,62.5325,-0.049062,-0.019063,2.1128,-0.049000,-0.019000,2.3486,-0.00180,-0.18313,-0.29338,0.57007,-0.27699,0.18731,0.02226,-0.17870,-0.29638,0.59415,-0.29887,0.19100,0.00165,-0.00000,0.00114,0.00009,-0.02138,3.11497,0.28793,-1.43136,0.11866,0.32665,0.05555,-0.15051,-0.24877,-0.00996,-0.11746,0.09552,-0.00059,0.00001,0.00018,-0.00039,6.000,6.000,12.000,12.000,6.000,6.000,6.000,6.000,12.000,12.000,6.000,6.000,6.000,6.000,6.000,6.000,0.004626,0.043762,0.004845,0.043338,0.004200,0.039897,0.003544,0.041171,0.000000,0.000478,0.000000,0.000000,0.914062,0.028288,0.000000,0.000000,0.000000,0.186827,0.189834
1.6100,-0.00055,0.05362,0.48017,1.00000,-0.00025,0.00025,-0.00004,0.00447,0.03964,0.31459,0.31446,0.00049,0.04343,2,0.03521,0.00049,0.034700,-0.00005,-0.0325,-0.0002,0.0297,-0.0534,-0.0644,0.3601,-0.2567,0,0.04900,0.01900,0.0098,0.1835,0.005744,0.044272,0.1415,0.3620,62.5766,0.1229,0.3471,62.5973,0.0553,-0.7161,2.0369,0.0007,-0.2511,2.2807,0.001465,-0.005308,62.5749,0.001552,-0.005313,62.5973,-0.049068,-0.019069,2.0453,-0.049000,-0.019000,2.2807,-0.00183,-0.18357,-0.29293,0.56920,-0.27659,0.18778,0.02374,-0.17903,-0.29576,0.59403,-0.29938,0.19221,0.00162,-0.00000,0.00113,0.00008,-0.02211,3.12595,0.28537,-1.43358,0.11525,0.32500,0.05753,-0.15588,-0.24565,-0.00482,-0.11492,0.09560,-0.00064,0.00000,0.00015,-0.00041,6.000,6.000,12.000,12.000,6.000,6.000,6.000,6.000,12.000,12.000,6.000,6.000,6.000,6.000,6.000,6.000,0.004635,0.043877,0.004863,0.043433,0.004200,0.040022,0.003516,0.041352,0.000000,0.000499,0.000000,0.000000,0.915880,0.027339,0.000000,0.000000,0.000000,0.187306,0.191000
1.6150,-0.00053,0.05377,0.48017,1.00000,-0.00027,0.00026,-0.00004,0.00447,0.03976,0.31459,0.31446,0.00051,0.04353,2,0.03523,0.00051,0.034700,-0.00005,-0.0324,-0.0002,0.0308,-0.0553,-0.0655,0.3735,-0.2652,0,0.04900,0.01900,0.0098,0.3556,0.005680,0.044297,0.1467,0.3582,62.6371,0.1210,0.3471,62.5846,0.0572,-0.7251,1.9691,-0.2514,-0.5333,2.7638,0.001401,-0.005274,62.6354,0.001488,-0.005287,62.5846,-0.049071,-0.019071,1.9781,-0.023726,-0.019000,2.7638,-0.00186,-0.18402,-0.29248,0.56833,-0.27620,0.18825,0.02526,-0.17935,-0.29513,0.59394,-0.29991,0.19344,0.00158,-0.00000,0.00112,0.00006,-0.02290,3.13667,0.28287,-1.43567,0.11191,0.32322,0.05943,-0.16116,-0.24255,0.00031,-0.11244,0.09560,-0.00068,-0.00000,0.00011,-0.00043,6.000,6.000,12.000,12.000,6.000,6.000,6.000,6.000,12.000,12.000,6.000,6.000,6.000,6.000,6.000,6.000,0.004644,0.043990,0.004882,0.043528,0.004200,0.040146,0.003486,0.041532,0.000000,0.000520,0.000000,0.000000,0.917694,0.026407,0.000000,0.000000,0.000000,0.187781,0.192207
1.6200,-0.00051,0.05392,0.48018,1.00000,-0.00028,0.00027,-0.00003,0.00448,0.03988,0.31459,0.31446,0.00053,0.04362,2,0.03525,0.00053,0.034699,-0.00005,-0.0323,-0.0002,0.0318,-0.0573,-0.0668,0.3887,-0.2739,0,0.04900,0.01900,0.0097,0.3676,0.005616,0.044331,0.1518,0.3542,62.6958,0.1259,0.3430,62.6434,0.0590,-0.7340,1.9016,-0.2606,-0.5381,2.7108,0.001337,-0.005236,62.6941,0.001424,-0.005252,62.6434,-0.049080,-0.019080,1.9114,-0.022602,-0.019000,2.7108,-0.00188,-0.18447,-0.29202,0.56745,-0.27580,0.18872,0.02680,-0.17966,-0.29451,0.59388,-0.30049,0.19470,0.00154,-0.00000,0.00111,0.00005,-0.02368,3.14706,0.28036,-1.43770,0.10861,0.32117,0.06141,-0.16636,-0.23938,0.00535,-0.10981,0.09591,-0.00070,-0.00000,0.00004,-0.00046,6.000,6.000,12.000,12.000,6.000,6.000,6.000,6.000,12.000,12.000,6.000,6.000,6.000,6.000,6.000,6.000,0.004654,0.044103,0.004901,0.043622,0.004200,0.040270,0.003457,0.041713,0.000000,0.000541,0.000000,0.000000,0.919508,0.025489,0.000000,0.000000,0.000000,0.188253,0.193440
1.6250,-0.00050,0.05407,0.48018,1.00000,-0.00030,0.00028,-0.00003,0.00448,0.03999,0.31459,0.31446,0.00057,0.04372,2,0.03526,0.00057,0.034699,-0.00005,-0.0324,-0.0002,0.0336,-0.0585,-0.0743,0.3927,-0.2672,0,0.04900,0.01900,0.0095,0.1868,0.005550,0.044377,0.1589,0.3522,62.7275,0.1369,0.3285,62.7590,0.0637,-0.7399,1.8200,0.0282,-0.2363,2.1235,0.001282,-0.005190,62.7258,0.001359,-0.005206,62.7590,-0.049076,-0.019076,1.8305,-0.049000,-0.019000,2.1235,-0.00191,-0.18491,-0.29157,0.56658,-0.27540,0.18918,0.02838,-0.17998,-0.29388,0.59383,-0.30108,0.19597,0.00151,-0.00000,0.00110,0.00003,-0.02602,3.15451,0.27892,-1.43810,0.10623,0.31848,0.06001,-0.17036,-0.23691,0.01268,-0.10876,0.09231,-0.00036,0.00002,-0.00008,-0.00042,6.000,6.000,12.000,12.000,6.000,6.000,6.000,6.000,12.000,12.000,6.000,6.000,6.000,6.000,6.000,6.000,0.004656,0.044207,0.004921,0.043715,0.004200,0.040395,0.003406,0.041869,0.000000,0.000558,0.000000,0.000000,0.921075,0.024664,0.000000,0.000000,0.000000,0.188720,0.194696
1.6300,-0.00048,0.05422,0.48018,1.00000,-0.00032,0.00030,-0.00002,0.00449,0.04011,0.31459,0.31446,0.00060,0.04381,2,0.03528,0.00060,0.034699,-0.00006,-0.0322,-0.0002,0.0347,-0.0605,-0.0720,0.3990,-0.2748,0,0.04900,0.01900,0.0096,0.2031,0.005497,0.044420,0.1643,0.3479,62.7970,0.1441,0.3322,62.8138,0.0661,-0.7490,1.7663,0.0092,-0.2465,2.0243,0.001212,-0.005143,62.7953,0.001306,-0.005162,62.8138,-0.049064,-0.019065,1.7776,-0.049000,-0.019000,2.0243,-0.00194,-0.18535,-0.29113,0.56572,-0.27501,0.18964,0.03003,-0.18028,-0.29324,0.59380,-0.30168,0.19729,0.00147,-0.00000,0.00109,0.00001,-0.02676,3.16496,0.27624,-1.44062,0.10249,0.31594,0.06160,-0.17505,-0.23448,0.01688,-0.10747,0.09138,-0.00059,-0.00000,0.00000,-0.00043,6.000,6.000,12.000,12.000,6.000,6.000,6.000,6.000,12.000,12.000,6.000,6.000,6.000,6.000,6.000,6.000,0.004666,0.044319,0.004941,0.043808,0.004200,0.040519,0.003373,0.042052,0.000000,0.000580,0.000000,0.000000,0.922915,0.023768,0.000000,0.000000,0.000000,0.189183,0.195969
1.6350,-0.00046,0.05436,0.48018,1.00000,-0.00034,0.00031,-0.00002,0.00449,0.04023,0.31460,0.31446,0.00064,0.04390,2,0.03530,0.00064,0.034699,-0.00006,-0.0319,-0.0002,0.0354,-0.0633,-0.0647,0.4146,-0.2967,0,0.04900,0.01900,0.0097,0.4061,0.005430,0.044459,0.1681,0.3416,62.8865,0.1429,0.3363,62.8202,0.0664,-0.7613,1.7249,-0.2759,-0.5452,2.5083,0.001142,-0.005105,62.8848,0.001239,-0.005123,62.8202,-0.049073,-0.019073,1.7371,-0.020358,-0.019000,2.5083,-0.00197,-0.18579,-0.29069,0.56485,-0.27462,0.19010,0.03164,-0.18058,-0.29261,0.59381,-0.30236,0.19855,0.00143,-0.00000,0.00109,-0.00000,-0.02613,3.17800,0.27297,-1.44412,0.09832,0.31413,0.06613,-0.18087,-0.23145,0.01905,-0.10491,0.09360,-0.00116,-0.00004,0.00017,-0.00049,6.000,6.000,12.000,12.000,6.000,6.000,6.000,6.000,12.000,12.000,6.000,6.000,6.000,6.000,6.000,6.000,0.004682,0.044438,0.004962,0.043899,0.004200,0.040643,0.003358,0.042259,0.000000,0.000607,0.000000,0.000000,0.924997,0.022813,0.000000,0.000000,0.000000,0.189642,0.197286
1.6400,-0.00044,0.05451,0.48018,1.00000,-0.00036,0.00032,-0.00001,0.00450,0.04035,0.31460,0.31446,0.00068,0.04399,2,0.03532,0.00068,0.034698,-0.00005,-0.0319,-0.0002,0.0364,-0.0653,-0.0685,0.4376,-0.3080,0,0.04900,0.01900,0.0094,0.2056,0.005355,0.044504,0.1731,0.3373,62.9326,0.1541,0.3197,62.9663,0.0682,-0.7703,1.6532,-0.0175,-0.2351,1.9112,0.001087,-0.005063,62.9310,0.001164,-0.005077,62.9663,-0.049081,-0.019081,1.6663,-0.049000,-0.019000,1.9112,-0.00200,-0.18622,-0.29024,0.56399,-0.27423,0.19055,0.03338,-0.18087,-0.29195,0.59381,-0.30300,0.19993,0.00138,-0.00000,0.00108,-0.00002,-0.02686,3.18754,0.27078,-1.44539,0.09556,0.31177,0.06847,-0.18616,-0.22775,0.02424,-0.10143,0.09489,-0.00105,-0.00003,0.00003,-0.00053,6.000,6.000,12.000,12.000,6.000,6.000,6.000,6.000,12.000,12.000,6.000,6.000,6.000,6.000,6.000,6.000,0.004694,0.044547,0.004984,0.043990,0.004200,0.040767,0.003331,0.042440,0.000000,0.000628,0.000000,0.000000,0.926823,0.021953,0.000000,0.000000,0.000000,0.190097,0.198552
1.6450,-0.00043,0.05466,0.48018,1.00000,-0.00038,0.00033,-0.00001,0.00450,0.04046,0.31460,0.31446,0.00071,0.04408,2,0.03534,0.00071,0.034698,-0.00006,-0.0321,-0.0002,0.0384,-0.0664,-0.0778,0.4369,-0.2978,0,0.04900,0.01900,0.0092,0.4049,0.005303,0.044541,0.1807,0.3354,62.9539,0.1488,0.3123,62.8982,0.0740,-0.7757,1.5705,-0.2595,-0.5630,2.5522,0.001040,-0.005015,62.9523,0.001113,-0.005039,62.8982,-0.049073,-0.019073,1.5845,-0.016639,-0.019000,2.5522,-0.00203,-0.18665,-0.28979,0.56312,-0.27384,0.19100,0.03505,-0.18117,-0.29131,0.59386,-0.30373,0.20125,0.00135,-0.00000,0.00107,-0.00003,-0.02957,3.19407,0.26997,-1.44494,0.09380,0.30892,0.06618,-0.18982,-0.22556,0.03193,-0.10106,0.09002,-0.00066,-0.00001,-0.00006,-0.00034,6.000,6.000,12.000,12.000,6.000,6.000,6.000,6.000,12.000,12.000,6.000,6.000,6.000,6.000,6.000,6.000,0.004697,0.044646,0.005006,0.044079,0.004200,0.040892,0.003271,0.042593,0.000000,0.000646,0.000000,0.000000,0.928360,0.021194,0.000000,0.000000,0.000000,0.190548,0.199935
1.6500,-0.00041,0.05480,0.48018,1.00000,-0.00040,0.00034,-0.00000,0.00451,0.04058,0.31460,0.31446,0.00075,0.04417,2,0.03536,0.00075,0.034698,-0.00005,-0.0317,-0.0002,0.0388,-0.0693,-0.0701,0.4622,-0.3227,0,0.04900,0.01900,0.0095,0.2361,0.005256,0.044591,0.1840,0.3285,63.0421,0.1667,0.3194,63.0612,0.0735,-0.7881,1.5336,-0.0380,-0.2439,1.7426,0.000967,-0.004960,63.0405,0.001067,-0.004989,63.0612,-0.049090,-0.019090,1.5485,-0.049000,-0.019000,1.7426,-0.00206,-0.18708,-0.28935,0.56226,-0.27346,0.19144,0.03686,-0.18145,-0.29064,0.59389,-0.30442,0.20268,0.00130,-0.00000,0.00106,-0.00003,-0.02867,3.20617,0.26623,-1.44871,0.08930,0.30597,0.07166,-0.19542,-0.22206,0.03342,-0.09755,0.09433,-0.00118,-0.00005,-0.00007,-0.00026,6.000,6.000,12.000,12.000,6.000,6.000,6.000,6.000,12.000,12.000,6.000,6.000,6.000,6.000,6.000,6.000,0.004717,0.044763,0.005029,0.044168,0.004200,0.041016,0.003264,0.042803,0.000000,0.000672,0.000000,0.000000,0.930469,0.020280,0.000000,0.000000,0.000000,0.190995,0.201254
1.6550,-0.00039,0.05495,0.48018,1.00000,-0.00042,0.00035,0.00000,0.00451,0.04070,0.31460,0.31446,0.00079,0.04426,2,0.03538,0.00079,0.034697,-0.00006,-0.0319,-0.0002,0.0409,-0.0704,-0.0800,0.4614,-0.3123,0,0.04900,0.01900,0.0090,0.4263,0.005182,0.044644,0.1918,0.3264,63.0593,0.1589,0.3023,63.0020,0.0796,-0.7934,1.4509,-0.2698,-0.5702,2.4667,0.000922,-0.004910,63.0577,0.000993,-0.004935,63.0020,-0.049065,-0.019065,1.4669,-0.014304,-0.019000,2.4667,-0.00209,-0.18750,-0.28890,0.56139,-0.27307,0.19188,0.03859,-0.18174,-0.29000,0.59398,-0.30520,0.20405,0.00126,-0.00000,0.00104,-0.00003,-0.03147,3.21228,0.26558,-1.44797,0.08774,0.30296,0.06923,-0.19896,-0.21987,0.04118,-0.09723,0.08930,-0.00077,-0.00002,-0.00014,-0.00015,6.000,6.000,12.000,12.000,6.000,6.000,6.000,6.000,12.000,12.000,6.000,6.000,6.000,6.000,6.000,6.000,0.004720,0.044860,0.005052,0.044255,0.004200,0.041140,0.003202,0.042955,0.000000,0.000690,0.000000,0.000000,0.932001,0.019550,0.000000,0.000000,0.000000,0.191437,0.202684
1.6600,-0.00037,0.05510,0.48018,1.00000,-0.00044,0.00036,0.00001,0.00452,0.04081,0.31461,0.31446,0.00083,0.04434,2,0.03540,0.00083,0.034697,-0.00005,-0.0315,-0.0002,0.0413,-0.0734,-0.0721,0.4876,-0.3382,0,0.04900,0.01900,0.0094,0.2481,0.005139,0.044695,0.1950,0.3192,63.1458,0.1773,0.3098,63.1671,0.0791,-0.8059,1.4165,-0.0414,-0.2390,1.6299,0.000851,-0.004850,63.1443,0.000950,-0.004883,63.1671,-0.049076,-0.019076,1.4335,-0.049000,-0.019000,1.6299,-0.00213,-0.18792,-0.28846,0.56054,-0.27269,0.19231,0.04047,-0.18201,-0.28932,0.59405,-0.30593,0.20552,0.00122,-0.00000,0.00103,-0.00003,-0.03052,3.22408,0.26189,-1.45161,0.08331,0.29973,0.07485,-0.20447,-0.21635,0.04244,-0.09374,0.09379,-0.00131,-0.00006,-0.00014,-0.00012,6.000,6.000,12.000,12.000,6.000,6.000,6.000,6.000,12.000,12.000,6.000,6.000,6.000,6.000,6.000,6.000,0.004742,0.044975,0.005077,0.044342,0.004200,0.041265,0.003195,0.043167,0.000000,0.000717,0.000000,0.000000,0.934127,0.018664,0.000000,0.000000,0.000000,0.191877,0.204048
1.6650,-0.00035,0.05524,0.48019,1.00000,-0.00046,0.00038,0.00001,0.00453,0.04093,0.31461,0.31446,0.00087,0.04443,2,0.03542,0.00087,0.034697,-0.00006,-0.0318,-0.0002,0.0435,-0.0745,-0.0824,0.4866,-0.3274,0,0.04900,0.01900,0.0089,0.2144,0.005064,0.044760,0.2029,0.3170,63.1596,0.1782,0.2869,63.1984,0.0856,-0.8112,1.3344,0.0322,-0.2144,1.6861,0.000810,-0.004795,63.1581,0.000876,-0.004818,63.1984,-0.049100,-0.019100,1.3525,-0.049000,-0.019000,1.6861,-0.00216,-0.18834,-0.28802,0.55968,-0.27231,0.19274,0.04233,-0.18228,-0.28864,0.59415,-0.30672,0.20698,0.00117,-0.00000,0.00102,-0.00003,-0.03337,3.22968,0.26144,-1.45056,0.08196,0.29642,0.07225,-0.20779,-0.21426,0.05014,-0.09360,0.08870,-0.00088,-0.00003,-0.00020,-0.00005,6.000,6.000,12.000,12.000,6.000,6.000,6.000,6.000,12.000,12.000,6.000,6.000,6.000,6.000,6.000,6.000,0.004745,0.045070,0.005101,0.044427,0.004200,0.041389,0.003132,0.043318,0.000000,0.000735,0.000000,0.000000,0.935656,0.017963,0.000000,0.000000,0.000000,0.192311,0.205524
1.6700,-0.00033,0.05539,0.48019,1.00000,-0.00048,0.00039,0.00002,0.00453,0.04105,0.31461,0.31446,0.00091,0.04451,2,0.03544,0.00091,0.034697,-0.00006,-0.0314,-0.0002,0.0441,-0.0776,-0.0739,0.5064,-0.3520,0,0.04900,0.01900,0.0093,0.4983,0.005028,0.044803,0.2065,0.3087,63.2455,0.1793,0.3029,63.1752,0.0859,-0.8228,1.3051,-0.3172,-0.5666,2.1719,0.000742,-0.004734,63.2441,0.000840,-0.004775,63.1752,-0.049099,-0.019099,1.3244,-0.011806,-0.019000,2.1719,-0.00220,-0.18876,-0.28757,0.55883,-0.27193,0.19317,0.04423,-0.18254,-0.28796,0.59427,-0.30753,0.20846,0.00113,-0.00000,0.00101,-0.00003,-0.03251,3.24161,0.25809,-1.45389,0.07777,0.29315,0.07739,-0.21335,-0.21120,0.05122,-0.09104,0.09200,-0.00151,-0.00007,-0.00008,-0.00005,6.000,6.000,12.000,12.000,6.000,6.000,6.000,6.000,12.000,12.000,6.000,6.000,6.000,6.000,6.000,6.000,0.004767,0.045184,0.005127,0.044511,0.004200,0.041513,0.003119,0.043531,0.000000,0.000763,0.000000,0.000000,0.937794,0.017107,0.000000,0.000000,0.000000,0.192741,0.206978
1.6750,-0.00031,0.05553,0.48019,1.00000,-0.00050,0.00040,0.00002,0.00454,0.04116,0.31461,0.31446,0.00095,0.04459,2,0.03547,0.00095,0.034696,-0.00006,-0.0314,-0.0002,0.0454,-0.0797,-0.0773,0.5254,-0.3614,0,0.04900,0.01900,0.0090,0.4973,0.004957,0.044865,0.2128,0.2712,63.2631,0.1818,0.2872,63.2251,0.0880,-0.7994,1.2648,-0.3256,-0.5789,2.2264,0.000710,-0.004636,63.2618,0.000769,-0.004712,63.2251,-0.049108,-0.019108,1.2845,-0.009433,-0.019000,2.2264,-0.00224,-0.18917,-0.28713,0.55798,-0.27155,0.19359,0.04614,-0.18280,-0.28728,0.59441,-0.30836,0.20996,0.00108,-0.00000,0.00100,-0.00003,-0.03303,3.25645,0.25738,-1.45269,0.07640,0.28830,0.07877,-0.22687,-0.20868,0.05421,-0.08942,0.09180,-0.00146,-0.00007,-0.00017,-0.00004,6.000,6.000,12.000,12.000,6.000,6.000,6.000,6.000,12.000,12.000,6.000,6.000,6.000,6.000,6.000,6.000,0.004782,0.045287,0.005153,0.044594,0.004200,0.041638,0.003085,0.043714,0.000000,0.000786,0.000000,0.000000,0.939636,0.016349,0.000000,0.000000,0.000000,0.193167,0.208456
1.6800,-0.00029,0.05567,0.48019,1.00000,-0.00052,0.00041,0.00003,0.00455,0.04128,0.31461,0.31446,0.00099,0.04468,2,0.03549,0.00099,0.034696,-0.00005,-0.0313,-0.0002,0.0465,-0.0817,-0.0799,0.5429,-0.3690,0,0.04900,0.01900,0.0083,0.4945,0.004925,0.044960,0.2189,0.2362,63.2830,0.1884,0.2524,63.2465,0.0897,-0.7776,1.2276,-0.3288,-0.5586,2.1850,0.000672,-0.004531,63.2818,0.000737,-0.004616,63.2465,-0.049088,-0.019088,1.2476,-0.008573,-0.019000,2.1850,-0.00227,-0.18958,-0.28668,0.55712,-0.27118,0.19400,0.04806,-0.18306,-0.28660,0.59455,-0.30921,0.21149,0.00104,-0.00000,0.00098,-0.00002,-0.03368,3.27003,0.25632,-1.45191,0.07464,0.28286,0.08014,-0.23925,-0.20611,0.05690,-0.08759,0.09201,-0.00139,-0.00007,-0.00033,-0.00003,6.000,6.000,12.000,12.000,6.000,6.000,6.000,6.000,12.000,12.000,6.000,6.000,6.000,6.000,6.000,6.000,0.004798,0.045387,0.005180,0.044676,0.004200,0.041762,0.003054,0.043893,0.000000,0.000807,0.000000,0.000000,0.941436,0.015617,0.000000,0.000000,0.000000,0.193588,0.209960
1.6850,-0.00027,0.05581,0.48019,1.00000,-0.00054,0.00043,0.00003,0.00455,0.04139,0.31462,0.31446,0.00104,0.04476,2,0.03551,0.00104,0.034696,-0.00005,-0.0315,-0.0002,0.0485,-0.0826,-0.0891,0.5435,-0.3562,0,0.04900,0.01900,0.0076,0.1853,0.004885,0.045072,0.2273,0.1999,63.2713,0.2025,0.2077,63.3441,0.0943,-0.7478,1.1780,0.0204,-0.1650,1.4953,0.000643,-0.004410,63.2703,0.000698,-0.004504,63.3441,-0.049097,-0.019097,1.1982,-0.049000,-0.019000,1.4953,-0.00230,-0.18998,-0.28623,0.55627,-0.27080,0.19441,0.05000,-0.18332,-0.28591,0.59470,-0.31007,0.21305,0.00100,-0.00000,0.00097,-0.00002,-0.03620,3.28069,0.25659,-1.44917,0.07400,0.27635,0.07716,-0.25093,-0.20466,0.06189,-0.08785,0.08740,-0.00090,-0.00004,-0.00055,0.00001,6.000,6.000,12.000,12.000,6.000,6.000,6.000,6.000,12.000,12.000,6.000,6.000,6.000,6.000,6.000,6.000,0.004808,0.045475,0.005208,0.044757,0.004200,0.041886,0.002999,0.044039,0.000000,0.000822,0.000000,0.000000,0.942898,0.014989,0.000000,0.000000,0.000000,0.194003,0.211494
1.6900,-0.00025,0.05596,0.48019,1.00000,-0.00056,0.00044,0.00003,0.00456,0.04150,0.31462,0.31446,0.00108,0.04484,2,0.03554,0.00108,0.034695,-0.00005,-0.0313,-0.0002,0.0497,-0.0845,-0.0858,0.5438,-0.3596,0,0.04900,0.01900,0.0073,0.1851,0.004859,0.045188,0.2332,0.1752,63.3156,0.2112,0.1810,63.3627,0.0964,-0.7357,1.1562,-0.0005,-0.1578,1.4213,0.000590,-0.004299,63.3147,0.000672,-0.004387,63.3627,-0.049118,-0.019118,1.1769,-0.049000,-0.019000,1.4213,-0.00234,-0.19038,-0.28579,0.55543,-0.27044,0.19481,0.05195,-0.18358,-0.28522,0.59486,-0.31093,0.21461,0.00095,-0.00000,0.00095,-0.00002,-0.03701,3.29166,0.25485,-1.44986,0.07121,0.27027,0.07788,-0.25915,-0.20311,0.06346,-0.08757,0.08624,-0.00112,-0.00006,-0.00055,0.00001,6.000,6.000,12.000,12.000,6.000,6.000,6.000,6.000,12.000,12.000,6.000,6.000,6.000,6.000,6.000,6.000,0.004826,0.045571,0.005236,0.044837,0.004200,0.042010,0.002968,0.044214,0.000000,0.000841,0.000000,0.000000,0.944659,0.014296,0.000000,0.000000,0.000000,0.194410,0.213048
1.6950,-0.00023,0.05610,0.48019,1.00000,-0.00058,0.00045,0.00004,0.00457,0.04162,0.31462,0.31446,0.00112,0.04491,2,0.03556,0.00112,0.034695,-0.00006,-0.0312,-0.0002,0.0510,-0.0864,-0.0835,0.5426,-0.3630,0,0.04900,0.01900,0.0070,0.1686,0.004806,0.045298,0.2393,0.1495,63.3537,0.2168,0.1555,63.4027,0.0987,-0.7224,1.1326,0.0020,-0.1422,1.4065,0.000545,-0.004193,63.3529,0.000620,-0.004277,63.4027,-0.049131,-0.019131,1.1539,-0.049000,-0.019000,1.4065,-0.00237,-0.19079,-0.28534,0.55459,-0.27007,0.19520,0.05390,-0.18383,-0.28452,0.59503,-0.31181,0.21616,0.00090,-0.00000,0.00094,-0.00001,-0.03787,3.30282,0.25356,-1.44996,0.06892,0.26450,0.07827,-0.26775,-0.20160,0.06521,-0.08741,0.08446,-0.00134,-0.00008,-0.00050,0.00002,6.000,6.000,12.000,12.000,6.000,6.000,6.000,6.000,12.000,12.000,6.000,6.000,6.000,6.000,6.000,6.000,0.004844,0.045666,0.005266,0.044915,0.004200,0.042135,0.002934,0.044387,0.000000,0.000861,0.000000,0.000000,0.946405,0.013622,0.000000,0.000000,0.000000,0.194809,0.214613
1.7000,-0.00021,0.05624,0.48019,1.00000,-0.00060,0.00046,0.00005,0.00458,0.04173,0.31462,0.31446,0.00116,0.04499,2,0.03558,0.00116,0.034695,-0.00005,-0.0309,-0.0002,0.0514,-0.0891,-0.0755,0.5578,-0.3848,0,0.04900,0.01900,0.0069,0.1754,0.004761,0.045401,0.2430,0.1263,63.4179,0.2242,0.1361,63.4620,0.0979,-0.7173,1.1217,-0.0403,-0.1350,1.3395,0.000493,-0.004096,63.4171,0.000575,-0.004174,63.4620,-0.049123,-0.019123,1.1437,-0.049000,-0.019000,1.3395,-0.00241,-0.19118,-0.28490,0.55376,-0.26972,0.19559,0.05581,-0.18409,-0.28383,0.59520,-0.31272,0.21769,0.00086,-0.00000,0.00092,-0.00001,-0.03702,3.31556,0.25104,-1.45175,0.06569,0.25929,0.08268,-0.27623,-0.19890,0.06457,-0.08495,0.08762,-0.00190,-0.00012,-0.00043,-0.00003,6.000,6.000,12.000,12.000,6.000,6.000,6.000,6.000,12.000,12.000,6.000,6.000,6.000,6.000,6.000,6.000,0.004872,0.045768,0.005296,0.044992,0.004200,0.042259,0.002928,0.044587,0.000000,0.000884,0.000000,0.000000,0.948418,0.012896,0.000000,0.000000,0.000000,0.195201,0.216162
1.7050,-0.00019,0.05638,0.48019,1.00000,-0.00062,0.00048,0.00005,0.00458,0.04184,0.31463,0.31446,0.00120,0.04507,2,0.03561,0.00120,0.034695,-0.00006,-0.0312,-0.0002,0.0533,-0.0899,-0.0868,0.5592,-0.3723,0,0.04900,0.01900,0.0065,0.1152,0.004705,0.045504,0.2514,0.0899,63.3935,0.2268,0.0983,63.4753,0.1019,-0.6863,1.0711,0.0139,-0.0952,1.3931,0.000477,-0.003974,63.3929,0.000519,-0.004071,63.4753,-0.049135,-0.019135,1.0930,-0.049000,-0.018999,1.3931,-0.00245,-0.19158,-0.28446,0.55293,-0.26936,0.19596,0.05783,-0.18434,-0.28311,0.59535,-0.31356,0.21933,0.00081,-0.00000,0.00091,-0.00001,-0.03956,3.32528,0.25186,-1.44812,0.06584,0.25268,0.07955,-0.28778,-0.19721,0.06946,-0.08463,0.08322,-0.00133,-0.00008,-0.00066,-0.00000,6.000,6.000,12.000,12.000,6.000,6.000,6.000,6.000,12.000,12.000,6.000,6.000,6.000,6.000,6.000,6.000,0.004886,0.045848,0.005327,0.045068,0.004200,0.042383,0.002877,0.044725,0.000000,0.000897,0.000000,0.000000,0.949806,0.012339,0.000000,0.000000,0.000000,0.195586,0.217690
1.7100,-0.00016,0.05652,0.48019,1.00000,-0.00064,0.00049,0.00006,0.00459,0.04195,0.31463,0.31446,0.00124,0.04514,2,0.03563,0.00124,0.034694,-0.00005,-0.0309,-0.0002,0.0538,-0.0925,-0.0773,0.5658,-0.3900,0,0.04900,0.01900,0.0063,0.4634,0.004694,0.045616,0.2552,0.0709,63.4621,0.2272,0.0804,63.4069,0.1016,-0.6845,1.0654,-0.3152,-0.4414,1.9512,0.000423,-0.003874,63.4616,0.000509,-0.003959,63.4069,-0.049120,-0.019120,1.0881,-0.006559,-0.019000,1.9512,-0.00249,-0.19197,-0.28401,0.55210,-0.26901,0.19633,0.05974,-0.18459,-0.28242,0.59552,-0.31447,0.22088,0.00076,-0.00000,0.00089,-0.00000,-0.03906,3.33658,0.24934,-1.45010,0.06251,0.24720,0.08326,-0.29451,-0.19506,0.06858,-0.08304,0.08516,-0.00197,-0.00013,-0.00053,-0.00004,6.000,6.000,12.000,12.000,6.000,6.000,6.000,6.000,12.000,12.000,6.000,6.000,6.000,6.000,6.000,6.000,0.004915,0.045946,0.005359,0.045142,0.004200,0.042508,0.002868,0.044921,0.000000,0.000919,0.000000,0.000000,0.951768,0.011656,0.000000,0.000000,0.000000,0.195963,0.219327
1.7150,-0.00014,0.05665,0.48020,1.00000,-0.00066,0.00050,0.00006,0.00460,0.04206,0.31463,0.31446,0.00128,0.04521,2,0.03565,0.00128,0.034694,-0.00005,-0.0308,-0.0002,0.0548,-0.0942,-0.0806,0.5818,-0.3954,0,0.04900,0.01900,0.0062,0.4528,0.004636,0.045718,0.2609,0.0406,63.4728,0.2311,0.0545,63.4461,0.1023,-0.6654,1.0333,-0.3259,-0.4292,1.9841,0.000394,-0.003757,63.4724,0.000452,-0.003857,63.4461,-0.049124,-0.019124,1.0561,-0.005294,-0.019000,1.9841,-0.00253,-0.19236,-0.28355,0.55127,-0.26866,0.19670,0.06168,-0.18484,-0.28171,0.59567,-0.31534,0.22250,0.00072,-0.00000,0.00087,0.00000,-0.03989,3.34696,0.24855,-1.44879,0.06125,0.24079,0.08429,-0.30458,-0.19238,0.07055,-0.08069,0.08576,-0.00185,-0.00012,-0.00074,-0.00007,6.000,6.000,12.000,12.000,6.000,6.000,6.000,6.000,12.000,12.000,6.000,6.000,6.000,6.000,6.000,6.000,0.004941,0.046033,0.005392,0.045215,0.004200,0.042632,0.002847,0.045086,0.000000,0.000934,0.000000,0.000000,0.953430,0.011060,0.000000,0.000000,0.000000,0.196335,0.220879
1.7200,-0.00012,0.05679,0.48020,1.00000,-0.00068,0.00051,0.00006,0.00461,0.04217,0.31463,0.31446,0.00132,0.04529,2,0.03568,0.00132,0.034694,-0.00005,-0.0308,-0.0002,0.0557,-0.0959,-0.0829,0.5945,-0.3988,0,0.04900,0.01900,0.0063,0.4486,0.004607,0.045835,0.2666,0.0126,63.4868,0.2367,0.0248,63.4575,0.1029,-0.6482,1.0041,-0.3266,-0.4154,1.9635,0.000361,-0.003634,63.4864,0.000423,-0.003740,63.4575,-0.049139,-0.019139,1.0272,-0.004376,-0.019000,1.9635,-0.00256,-0.19275,-0.28309,0.55043,-0.26831,0.19706,0.06355,-0.18511,-0.28101,0.59583,-0.31625,0.22409,0.00068,-0.00000,0.00085,0.00000,-0.04058,3.35634,0.24751,-1.44782,0.05972,0.23403,0.08486,-0.31355,-0.18986,0.07236,-0.07854,0.08623,-0.00175,-0.00012,-0.00094,-0.00014,6.000,6.000,12.000,12.000,6.000,6.000,6.000,6.000,12.000,12.000,6.000,6.000,6.000,6.000,6.000,6.000,0.004968,0.046117,0.005426,0.045286,0.004200,0.042756,0.002826,0.045248,0.000000,0.000948,0.000000,0.000000,0.955059,0.010486,0.000000,0.000000,0.000000,0.196700,0.222496
1.7250,-0.00009,0.05693,0.48020,1.00000,-0.00070,0.00052,0.00006,0.00462,0.04228,0.31463,0.31446,0.00136,0.04536,2,0.03570,0.00136,0.034694,-0.00004,-0.0309,-0.0002,0.0573,-0.0965,-0.0924,0.5975,-0.3844,0,0.04900,0.01900,0.0066,0.0343,0.004571,0.045964,0.2747,-0.0181,63.4667,0.2511,-0.0122,63.5529,0.1052,-0.6215,0.9609,0.0034,-0.0259,1.2714,0.000335,-0.003494,63.4665,0.000387,-0.003611,63.5529,-0.049117,-0.019117,0.9838,-0.049000,-0.018999,1.2714,-0.00258,-0.19313,-0.28263,0.54960,-0.26797,0.19741,0.06545,-0.18537,-0.28030,0.59596,-0.31709,0.22576,0.00064,-0.00000,0.00082,0.00000,-0.04156,3.36319,0.24731,-1.44527,0.05887,0.22616,0.08034,-0.32261,-0.18779,0.07676,-0.07732,0.08310,-0.00117,-0.00008,-0.00130,-0.00016,6.000,6.000,12.000,12.000,6.000,6.000,6.000,6.000,12.000,12.000,6.000,6.000,6.000,6.000,6.000,6.000,0.004989,0.046188,0.005460,0.045356,0.004200,0.042880,0.002786,0.045377,0.000000,0.000956,0.000000,0.000000,0.956357,0.010001,0.000000,0.000000,0.000000,0.197060,0.224095
1.7300,-0.00007,0.05706,0.48020,1.00000,-0.00072,0.00053,0.00005,0.00463,0.04239,0.31464,0.31446,0.00140,0.04542,1,0.03572,0.00140,0.034693,-0.00006,-0.0309,-0.0002,0.0590,-0.0971,-0.0955,0.5792,-0.3663,0,0.04900,0.01900,0.0069,0.0510,0.004548,0.046103,0.3912,-0.6436,64.4069,0.2580,-0.0406,63.5386,0.0000,0.0000,0.0000,0.0310,-0.0226,1.2537,-0.002558,-0.006006,64.4086,0.000364,-0.003472,63.5386,0.000000,0.000000,0.0000,-0.049000,-0.018999,1.2537,-0.00258,-0.19353,-0.28211,0.54872,-0.26764,0.19783,0.06672,-0.18568,-0.27966,0.59592,-0.31785,0.22691,0.00061,-0.00000,0.00078,0.00000,0.05570,3.79619,0.08438,-1.64709,-0.13356,0.41315,-0.01764,-0.63573,-0.09217,0.13487,-0.03370,0.02708,-0.01099,-0.00131,-0.01140,-0.00137,6.000,6.000,12.000,12.000,6.000,6.000,6.000,6.000,12.000,12.000,6.000,6.000,6.000,6.000,6.000,6.000,0.005010,0.046258,0.005496,0.045424,0.004200,0.043005,0.002742,0.045505,0.000000,0.000965,0.000000,0.000000,1.000000,0.000000,0.004200,-0.049716,0.034369,0.197413,0.225763
1.7350,-0.00004,0.05720,0.48020,1.00000,-0.00073,0.00054,0.00003,0.00464,0.04250,0.31464,0.31446,0.00143,0.04549,1,0.03574,0.00143,0.034693,-0.00007,-0.0304,-0.0002,0.0540,-0.0936,-0.0950,0.5386,-0.3661,0,0.04900,0.01900,0.0210,0.7151,0.001690,0.043712,0.3581,-0.6203,64.4108,0.3348,-0.7367,64.3459,0.0000,0.0000,0.0000,0.2867,0.1826,0.7924,-0.002354,-0.005387,64.4123,-0.002488,-0.005870,64.3459,0.000000,0.000000,0.0000,-0.049000,-0.018999,0.7924,-0.00254,-0.19395,-0.28153,0.54778,-0.26733,0.19832,0.06731,-0.18603,-0.27906,0.59557,-0.31835,0.22754,0.00057,-0.00001,0.00070,0.00000,0.04947,3.75565,0.08906,-1.63855,-0.12210,0.37540,-0.03183,-0.60792,-0.08783,0.13298,-0.02441,0.01205,-0.00954,-0.00122,-0.01190,-0.00128,6.000,6.000,12.000,12.000,6.000,6.000,6.000,6.000,12.000,12.000,6.000,6.000,6.000,6.000,6.000,6.000,0.005104,0.046281,0.005533,0.045491,0.004200,0.043129,0.002913,0.045498,0.000000,0.000899,0.000000,0.000000,1.000000,0.000000,0.004200,-0.049716,0.034369,0.197833,0.226914
1.7400,-0.00001,0.05734,0.48021,1.00000,-0.00074,0.00055,0.00000,0.00466,0.04260,0.31464,0.31446,0.00146,0.04556,1,0.03575,0.00146,0.034693,-0.00008,-0.0300,-0.0002,0.0491,-0.0911,-0.0956,0.4959,-0.3576,0,0.04900,0.01900,0.0192,0.7375,0.001867,0.044263,0.3256,-0.6039,64.4067,0.3205,-0.6678,64.3824,0.0000,0.0000,0.0000,0.2874,0.1773,0.7633,-0.002165,-0.004881,64.4082,-0.002311,-0.005319,64.3824,0.000000,0.000000,0.0000,-0.049000,-0.018999,0.7633,-0.00248,-0.19438,-0.28091,0.54680,-0.26701,0.19883,0.06732,-0.18643,-0.27850,0.59495,-0.31861,0.22766,0.00054,-0.00001,0.00060,0.00001,0.04424,3.72337,0.09246,-1.63016,-0.11143,0.34334,-0.04396,-0.58539,-0.08402,0.13127,-0.01616,-0.00197,-0.00839,-0.00113,-0.01223,-0.00118,6.000,6.000,12.000,12.000,6.000,6.000,6.000,6.000,12.000,12.000,6.000,6.000,6.000,6.000,6.000,6.000,0.005199,0.046313,0.005571,0.045556,0.004200,0.043253,0.003085,0.045523,0.000000,0.000843,0.000000,0.000000,1.000000,0.000000,0.004200,-0.049716,0.034369,0.198323,0.227535
1.7450,0.00003,0.05748,0.48021,1.00000,-0.00075,0.00055,-0.00002,0.00468,0.04271,0.31464,0.31446,0.00148,0.04562,1,0.03575,0.00148,0.034692,-0.00008,-0.0298,-0.0002,0.0444,-0.0893,-0.0961,0.4530,-0.3437,0,0.04900,0.01900,0.0179,0.7621,0.002040,0.044726,0.2945,-0.5920,64.4032,0.3001,-0.6216,64.4036,0.0000,0.0000,0.0000,0.2863,0.1734,0.7322,-0.001989,-0.004465,64.4046,-0.002138,-0.004856,64.4036,0.000000,0.000000,0.0000,-0.049000,-0.018999,0.7322,-0.00240,-0.19482,-0.28025,0.54579,-0.26671,0.19934,0.06682,-0.18685,-0.27797,0.59409,-0.31866,0.22733,0.00050,-0.00001,0.00048,0.00001,0.03984,3.69805,0.09504,-1.62207,-0.10154,0.31615,-0.05420,-0.56722,-0.08077,0.12967,-0.00887,-0.01502,-0.00751,-0.00105,-0.01240,-0.00108,6.000,6.000,12.000,12.000,6.000,6.000,6.000,6.000,12.000,12.000,6.000,6.000,6.000,6.000,6.000,6.000,0.005293,0.046350,0.005609,0.045620,0.004200,0.043378,0.003252,0.045569,0.000000,0.000796,0.000000,0.000000,1.000000,0.000000,0.004200,-0.049716,0.034369,0.198833,0.227662
1.7500,0.00007,0.05762,0.48021,1.00000,-0.00076,0.00056,-0.00006,0.00469,0.04281,0.31465,0.31446,0.00150,0.04568,1,0.03575,0.00150,0.034692,-0.00007,-0.0297,-0.0002,0.0400,-0.0880,-0.0960,0.4113,-0.3261,0,0.04900,0.01900,0.0169,0.7898,0.002206,0.045117,0.2655,-0.5833,64.4040,0.2768,-0.5912,64.4191,0.0000,0.0000,0.0000,0.2839,0.1712,0.6997,-0.001824,-0.004121,64.4054,-0.001972,-0.004466,64.4191,0.000000,0.000000,0.0000,-0.049000,-0.018999,0.6997,-0.00232,-0.19526,-0.27956,0.54475,-0.26640,0.19982,0.06590,-0.18730,-0.27746,0.59303,-0.31852,0.22658,0.00047,-0.00001,0.00034,0.00001,0.03610,3.67856,0.09714,-1.61428,-0.09232,0.29310,-0.06273,-0.55267,-0.07808,0.12813,-0.00249,-0.02711,-0.00684,-0.00097,-0.01246,-0.00098,6.000,6.000,12.000,12.000,6.000,6.000,6.000,6.000,12.000,12.000,6.000,6.000,6.000,6.000,6.000,6.000,0.005386,0.046390,0.005649,0.045682,0.004200,0.043502,0.003410,0.045627,0.000000,0.000756,0.000000,0.000000,1.000000,0.000000,0.004200,-0.049716,0.034369,0.199336,0.227330
1.7550,0.00011,0.05776,0.48022,1.00000,-0.00076,0.00056,-0.00009,0.00471,0.04291,0.31465,0.31446,0.00151,0.04574,1,0.03574,0.00151,0.034691,-0.00007,-0.0297,-0.0002,0.0361,-0.0870,-0.0950,0.3713,-0.3063,0,0.04900,0.01900,0.0162,0.8225,0.002366,0.045449,0.2392,-0.5766,64.4108,0.2527,-0.5715,64.4341,0.0000,0.0000,0.0000,0.2809,0.1710,0.6665,-0.001668,-0.003834,64.4122,-0.001812,-0.004135,64.4341,0.000000,0.000000,0.0000,-0.049000,-0.018999,0.6665,-0.00223,-0.19570,-0.27885,0.54370,-0.26609,0.20027,0.06461,-0.18776,-0.27696,0.59179,-0.31821,0.22543,0.00043,-0.00002,0.00019,0.00002,0.03283,3.66385,0.09916,-1.60663,-0.08356,0.27355,-0.06967,-0.54105,-0.07604,0.12656,0.00307,-0.03826,-0.00634,-0.00090,-0.01241,-0.00089,6.000,6.000,12.000,12.000,6.000,6.000,6.000,6.000,12.000,12.000,6.000,6.000,6.000,6.000,6.000,6.000,0.005477,0.046431,0.005690,0.045741,0.004200,0.043626,0.003558,0.045694,0.000000,0.000722,0.000000,0.000000,1.000000,0.000000,0.004200,-0.049716,0.034369,0.199816,0.226575
1.7600,0.00015,0.05789,0.48022,1.00000,-0.00076,0.00057,-0.00012,0.00474,0.04300,0.31465,0.31446,0.00152,0.04580,1,0.03573,0.00152,0.034691,-0.00007,-0.0297,-0.0002,0.0326,-0.0861,-0.0929,0.3333,-0.2852,0,0.04900,0.01900,0.0156,0.8479,0.002520,0.045732,0.2160,-0.5710,64.4240,0.2294,-0.5589,64.4516,0.0000,0.0000,0.0000,0.2732,0.1686,0.6312,-0.001516,-0.003592,64.4255,-0.001659,-0.003853,64.4516,0.000000,0.000000,0.0000,-0.049000,-0.018999,0.6312,-0.00214,-0.19614,-0.27812,0.54264,-0.26578,0.20068,0.06301,-0.18823,-0.27646,0.59040,-0.31776,0.22393,0.00038,-0.00002,0.00002,0.00002,0.02981,3.65297,0.10154,-1.59884,-0.07498,0.25690,-0.07513,-0.53177,-0.07480,0.12484,0.00789,-0.04855,-0.00597,-0.00084,-0.01228,-0.00080,6.000,6.000,12.000,12.000,6.000,6.000,6.000,6.000,12.000,12.000,6.000,6.000,6.000,6.000,6.000,6.000,0.005564,0.046471,0.005733,0.045800,0.004200,0.043750,0.003692,0.045764,0.000000,0.000692,0.000000,0.000000,1.000000,0.000000,0.004200,-0.049716,0.034369,0.200266,0.225431
1.7650,0.00019,0.05803,0.48023,1.00000,-0.00076,0.00057,-0.00015,0.00476,0.04310,0.31465,0.31446,0.00152,0.04586,1,0.03571,0.00152,0.034691,-0.00006,-0.0297,-0.0002,0.0296,-0.0854,-0.0900,0.2972,-0.2634,0,0.04900,0.01900,0.0152,0.8470,0.002670,0.045975,0.1961,-0.5661,64.4433,0.2081,-0.5503,64.4738,0.0000,0.0000,0.0000,0.2544,0.1586,0.5899,-0.001369,-0.003386,64.4447,-0.001508,-0.003612,64.4738,0.000000,0.000000,0.0000,-0.049000,-0.019000,0.5899,-0.00206,-0.19658,-0.27738,0.54158,-0.26548,0.20107,0.06116,-0.18871,-0.27596,0.58886,-0.31718,0.22210,0.00034,-0.00002,-0.00016,0.00002,0.02691,3.64526,0.10438,-1.59090,-0.06651,0.24274,-0.07925,-0.52444,-0.07431,0.12298,0.01203,-0.05799,-0.00571,-0.00078,-0.01207,-0.00072,6.000,6.000,12.000,12.000,6.000,6.000,6.000,6.000,12.000,12.000,6.000,6.000,6.000,6.000,6.000,6.000,0.005647,0.046510,0.005776,0.045856,0.004200,0.043875,0.003813,0.045837,0.000000,0.000667,0.000000,0.000000,1.000000,0.000000,0.004200,-0.049716,0.034369,0.200685,0.223928
1.7700,0.00024,0.05816,0.48023,1.00000,-0.00075,0.00057,-0.00018,0.00479,0.04319,0.31466,0.31446,0.00152,0.04591,1,0.03569,0.00152,0.034690,-0.00006,-0.0297,-0.0002,0.0271,-0.0847,-0.0864,0.2631,-0.2412,0,0.04900,0.01900,0.0149,0.8450,0.002818,0.046184,0.1796,-0.5618,64.4678,0.1894,-0.5444,64.5005,0.0000,0.0000,0.0000,0.2336,0.1490,0.5465,-0.001225,-0.003212,64.4691,-0.001360,-0.003404,64.5005,0.000000,0.000000,0.0000,-0.049000,-0.019000,0.5465,-0.00198,-0.19702,-0.27662,0.54051,-0.26518,0.20144,0.05911,-0.18918,-0.27545,0.58721,-0.31650,0.21997,0.00028,-0.00002,-0.00034,0.00003,0.02408,3.64023,0.10768,-1.58281,-0.05817,0.23073,-0.08219,-0.51875,-0.07448,0.12099,0.01554,-0.06659,-0.00552,-0.00073,-0.01181,-0.00064,6.000,6.000,12.000,12.000,6.000,6.000,6.000,6.000,12.000,12.000,6.000,6.000,6.000,6.000,6.000,6.000,0.005727,0.046547,0.005821,0.045910,0.004200,0.043999,0.003918,0.045910,0.000000,0.000644,0.000000,0.000000,1.000000,0.000000,0.004200,-0.049716,0.034369,0.201074,0.222098
1.7750,0.00029,0.05830,0.48024,1.00000,-0.00075,0.00057,-0.00021,0.00481,0.04329,0.31466,0.31446,0.00151,0.04596,1,0.03567,0.00151,0.034690,-0.00006,-0.0297,-0.0002,0.0251,-0.0841,-0.0820,0.2308,-0.2188,0,0.04900,0.01900,0.0147,0.8421,0.002961,0.046364,0.1663,-0.5577,64.4965,0.1736,-0.5402,64.5314,0.0000,0.0000,0.0000,0.2113,0.1397,0.5013,-0.001087,-0.003063,64.4978,-0.001216,-0.003226,64.5314,0.000000,0.000000,0.0000,-0.049000,-0.019000,0.5013,-0.00190,-0.19745,-0.27586,0.53945,-0.26488,0.20178,0.05689,-0.18966,-0.27493,0.58544,-0.31571,0.21758,0.00022,-0.00002,-0.00053,0.00003,0.02125,3.63744,0.11141,-1.57459,-0.04996,0.22057,-0.08411,-0.51446,-0.07524,0.11888,0.01847,-0.07436,-0.00540,-0.00068,-0.01151,-0.00058,6.000,6.000,12.000,12.000,6.000,6.000,6.000,6.000,12.000,12.000,6.000,6.000,6.000,6.000,6.000,6.000,0.005803,0.046582,0.005867,0.045963,0.004200,0.044123,0.004010,0.045983,0.000000,0.000623,0.000000,0.000000,1.000000,0.000000,0.004200,-0.049716,0.034369,0.201437,0.219971
1.7800,0.00034,0.05843,0.48024,1.00000,-0.00074,0.00056,-0.00024,0.00484,0.04338,0.31466,0.31446,0.00150,0.04601,1,0.03565,0.00150,0.034690,-0.00006,-0.0296,-0.0002,0.0236,-0.0836,-0.0772,0.2002,-0.1965,0,0.04900,0.01900,0.0145,0.8382,0.003100,0.046518,0.1562,-0.5540,64.5286,0.1609,-0.5369,64.5661,0.0000,0.0000,0.0000,0.1877,0.1307,0.4548,-0.000954,-0.002936,64.5299,-0.001077,-0.003073,64.5661,0.000000,0.000000,0.0000,-0.049000,-0.019000,0.4548,-0.00183,-0.19788,-0.27508,0.53839,-0.26459,0.20211,0.05454,-0.19013,-0.27439,0.58359,-0.31485,0.21495,0.00016,-0.00002,-0.00073,0.00004,0.01837,3.63652,0.11556,-1.56628,-0.04191,0.21198,-0.08512,-0.51135,-0.07651,0.11668,0.02087,-0.08131,-0.00532,-0.00063,-0.01117,-0.00051,6.000,6.000,12.000,12.000,6.000,6.000,6.000,6.000,12.000,12.000,6.000,6.000,6.000,6.000,6.000,6.000,0.005876,0.046616,0.005914,0.046013,0.004200,0.044248,0.004087,0.046056,0.000000,0.000604,0.000000,0.000000,1.000000,0.000000,0.004200,-0.049716,0.034369,0.201780,0.217577
1.7850,0.00039,0.05855,0.48025,1.00000,-0.00073,0.00056,-0.00026,0.00487,0.04347,0.31466,0.31446,0.00148,0.04606,1,0.03562,0.00148,0.034689,-0.00007,-0.0296,-0.0002,0.0225,-0.0830,-0.0720,0.1710,-0.1743,0,0.04900,0.01900,0.0143,0.8337,0.003234,0.046650,0.1492,-0.5506,64.5632,0.1513,-0.5340,64.6040,0.0000,0.0000,0.0000,0.1633,0.1219,0.4075,-0.000827,-0.002828,64.5644,-0.000944,-0.002942,64.6040,0.000000,0.000000,0.0000,-0.049000,-0.019000,0.4075,-0.00176,-0.19831,-0.27430,0.53734,-0.26430,0.20242,0.05209,-0.19060,-0.27379,0.58161,-0.31397,0.21213,0.00008,-0.00002,-0.00093,0.00004,0.01543,3.63714,0.12005,-1.55789,-0.03403,0.20472,-0.08534,-0.50921,-0.07823,0.11442,0.02277,-0.08748,-0.00528,-0.00059,-0.01082,-0.00046,6.000,6.000,12.000,12.000,6.000,6.000,6.000,6.000,12.000,12.000,6.000,6.000,6.000,6.000,6.000,6.000,0.005946,0.046647,0.005962,0.046061,0.004200,0.044372,0.004150,0.046129,0.000000,0.000586,0.000000,0.000000,1.000000,0.000000,0.004200,-0.049716,0.034369,0.202105,0.214945
1.7900,0.00044,0.05868,0.48025,1.00000,-0.00072,0.00056,-0.00028,0.00490,0.04355,0.31466,0.31446,0.00146,0.04611,1,0.03558,0.00146,0.034689,-0.00008,-0.0292,-0.0002,0.0231,-0.0815,-0.0521,0.1152,-0.1522,0,0.04900,0.01900,0.0138,0.0000,0.003363,0.046760,0.1533,-0.5406,64.6948,0.1499,-0.5161,64.7098,0.0000,0.0000,0.0000,0.0000,0.0000,0.0000,-0.000755,-0.002771,64.6960,-0.000815,-0.002834,64.7098,0.000000,0.000000,0.0000,0.000000,0.000000,0.0000,-0.00170,-0.19875,-0.27352,0.53630,-0.26403,0.20273,0.04959,-0.19108,-0.27310,0.57948,-0.31313,0.20919,0.00001,-0.00002,-0.00113,0.00004,0.01114,3.64455,0.12516,-1.55335,-0.02886,0.20099,-0.08457,-0.50678,-0.08001,0.11055,0.02205,-0.09138,-0.00545,-0.00057,-0.01042,-0.00043,6.000,6.000,12.000,12.000,6.000,6.000,6.000,6.000,12.000,12.000,6.000,6.000,6.000,6.000,6.000,6.000,0.005999,0.046665,0.006012,0.046107,0.004200,0.044496,0.004161,0.046168,0.000000,0.000557,0.000000,0.000000,1.000000,0.000000,0.004200,-0.049716,0.034369,0.202419,0.212131
1.7950,0.00050,0.05880,0.48025,1.00000,-0.00070,0.00055,-0.00030,0.00493,0.04364,0.31466,0.31446,0.00144,0.04615,1,0.03554,0.00144,0.034689,-0.00007,-0.0290,-0.0002,0.0241,-0.0799,-0.0362,0.0639,-0.1337,0,0.04900,0.01900,0.0137,0.0000,0.003434,0.046823,0.1596,-0.5298,64.8004,0.1537,-0.5114,64.8299,0.0000,0.0000,0.0000,0.0000,0.0000,0.0000,-0.000673,-0.002723,64.8015,-0.000743,-0.002772,64.8299,0.000000,0.000000,0.0000,0.000000,0.000000,0.0000,-0.00166,-0.19918,-0.27274,0.53527,-0.26377,0.20303,0.04704,-0.19155,-0.27236,0.57726,-0.31230,0.20610,-0.00008,-0.00002,-0.00133,0.00004,0.00698,3.65091,0.13098,-1.54741,-0.02290,0.19786,-0.08313,-0.50456,-0.08183,0.10691,0.02093,-0.09479,-0.00556,-0.00054,-0.00995,-0.00040,6.000,6.000,12.000,12.000,6.000,6.000,6.000,6.000,12.000,12.000,6.000,6.000,6.000,6.000,6.000,6.000,0.006051,0.046678,0.006064,0.046151,0.004200,0.044620,0.004161,0.046202,0.000000,0.000527,0.000000,0.000000,1.000000,0.000000,0.004200,-0.049716,0.034369,0.202726,0.209188
1.8000,0.00055,0.05892,0.48026,1.00000,-0.00069,0.00054,-0.00031,0.00496,0.04372,0.31466,0.31446,0.00141,0.04619,1,0.03550,0.00141,0.034688,-0.00006,-0.0291,-0.0002,0.0239,-0.0796,-0.0408,0.0508,-0.1157,0,0.04900,0.01900,0.0140,0.8251,0.003515,0.046882,0.1584,-0.5278,64.7699,0.1532,-0.5240,64.8446,0.0000,0.0000,0.0000,0.1659,0.1631,0.4700,-0.000520,-0.002644,64.7710,-0.000662,-0.002714,64.8446,0.000000,0.000000,0.0000,-0.049000,-0.019000,0.4700,-0.00161,-0.19960,-0.27194,0.53423,-0.26351,0.20333,0.04445,-0.19200,-0.27162,0.57504,-0.31137,0.20284,-0.00017,-0.00002,-0.00153,0.00005,0.00412,3.65052,0.13758,-1.53513,-0.01284,0.19271,-0.08156,-0.50450,-0.08475,0.10523,0.02224,-0.09942,-0.00538,-0.00048,-0.00947,-0.00034,6.000,6.000,12.000,12.000,6.000,6.000,6.000,6.000,12.000,12.000,6.000,6.000,6.000,6.000,6.000,6.000,0.006116,0.046703,0.006116,0.046193,0.004200,0.044745,0.004199,0.046276,0.000000,0.000510,0.000000,0.000000,1.000000,0.000000,0.004200,-0.049716,0.034369,0.203029,0.206099
1.8050,0.00061,0.05904,0.48026,1.00000,-0.00068,0.00053,-0.00032,0.00500,0.04381,0.31466,0.31446,0.00138,0.04623,1,0.03547,0.00138,0.034688,-0.00007,-0.0292,-0.0002,0.0238,-0.0797,-0.0455,0.0450,-0.0906,0,0.04900,0.01900,0.0136,0.0000,0.003663,0.046957,0.1576,-0.5287,64.7388,0.1602,-0.5063,64.8781,0.0000,0.0000,0.0000,0.0000,0.0000,0.0000,-0.000385,-0.002565,64.7398,-0.000514,-0.002640,64.8781,0.000000,0.000000,0.0000,0.000000,0.000000,0.0000,-0.00158,-0.20001,-0.27113,0.53320,-0.26325,0.20363,0.04188,-0.19245,-0.27084,0.57276,-0.31047,0.19947,-0.00027,-0.00002,-0.00173,0.00005,0.00160,3.65093,0.14299,-1.52388,-0.00406,0.18761,-0.07969,-0.50542,-0.08769,0.10393,0.02337,-0.10328,-0.00526,-0.00043,-0.00904,-0.00030,6.000,6.000,12.000,12.000,6.000,6.000,6.000,6.000,12.000,12.000,6.000,6.000,6.000,6.000,6.000,6.000,0.006183,0.046730,0.006171,0.046232,0.004200,0.044869,0.004236,0.046362,0.000000,0.000498,0.000000,0.000000,1.000000,0.000000,0.004200,-0.049716,0.034369,0.203329,0.202836
1.8100,0.00067,0.05915,0.48027,1.00000,-0.00066,0.00052,-0.00033,0.00503,0.04389,0.31466,0.31446,0.00135,0.04627,1,0.03542,0.00135,0.034688,-0.00007,-0.0290,-0.0002,0.0249,-0.0786,-0.0322,0.0060,-0.0752,0,0.04900,0.01900,0.0135,0.0000,0.003803,0.047037,0.1653,-0.5208,64.8271,0.1581,-0.5018,64.8758,0.0000,0.0000,0.0000,0.0000,0.0000,0.0000,-0.000347,-0.002512,64.8281,-0.000373,-0.002562,64.8758,0.000000,0.000000,0.0000,0.000000,0.000000,0.0000,-0.00155,-0.20043,-0.27033,0.53219,-0.26301,0.20392,0.03934,-0.19290,-0.27000,0.57041,-0.30962,0.19602,-0.00037,-0.00002,-0.00192,0.00005,-0.00116,3.65688,0.14560,-1.52015,-0.00106,0.18430,-0.07715,-0.50397,-0.08859,0.10189,0.02193,-0.10565,-0.00549,-0.00042,-0.00871,-0.00030,6.000,6.000,12.000,12.000,6.000,6.000,6.000,6.000,12.000,12.000,6.000,6.000,6.000,6.000,6.000,6.000,0.006237,0.046739,0.006226,0.046269,0.004200,0.044993,0.004232,0.046405,0.000000,0.000471,0.000000,0.000000,1.000000,0.000000,0.004200,-0.049716,0.034369,0.203627,0.199471
1.8150,0.00073,0.05927,0.48027,1.00000,-0.00064,0.00052,-0.00034,0.00506,0.04397,0.31465,0.31446,0.00132,0.04630,1,0.03538,0.00132,0.034687,-0.00004,-0.0288,-0.0002,0.0261,-0.0776,-0.0237,-0.0250,-0.0608,0,0.04900,0.01900,0.0137,0.8446,0.003846,0.047096,0.1732,-0.5142,64.8832,0.1588,-0.5093,64.9064,0.0000,0.0000,0.0000,0.1072,0.1671,0.3918,-0.000294,-0.002460,64.8841,-0.000330,-0.002504,64.9064,0.000000,0.000000,0.0000,-0.049000,-0.019000,0.3918,-0.00152,-0.20083,-0.26952,0.53117,-0.26277,0.20422,0.03685,-0.19334,-0.26916,0.56809,-0.30869,0.19259,-0.00048,-0.00002,-0.00211,0.00005,-0.00370,3.66135,0.14869,-1.51484,0.00287,0.18095,-0.07432,-0.50295,-0.08967,0.10024,0.02053,-0.10777,-0.00564,-0.00040,-0.00834,-0.00029,6.000,6.000,12.000,12.000,6.000,6.000,6.000,6.000,12.000,12.000,6.000,6.000,6.000,6.000,6.000,6.000,0.006293,0.046748,0.006284,0.046303,0.004200,0.045118,0.004228,0.046451,0.000000,0.000445,0.000000,0.000000,1.000000,0.000000,0.004200,-0.049716,0.034369,0.203924,0.196020
1.8200,0.00079,0.05938,0.48028,1.00000,-0.00063,0.00051,-0.00035,0.00510,0.04404,0.31465,0.31446,0.00128,0.04634,1,0.03536,0.00128,0.034687,-0.00001,-0.0294,-0.0002,0.0246,-0.0772,-0.0602,0.0278,-0.0534,0,0.04900,0.01900,0.0147,0.5060,0.003901,0.047165,0.1634,-0.5117,64.6410,0.1480,-0.5532,64.7529,0.0000,0.0000,0.0000,0.5080,0.0031,1.6736,-0.000010,-0.002210,64.6420,-0.000274,-0.002435,64.7529,0.000000,0.000000,0.0000,-0.049000,0.019000,1.6736,-0.00150,-0.20121,-0.26870,0.53012,-0.26252,0.20450,0.03451,-0.19379,-0.26853,0.56609,-0.30731,0.18975,-0.00059,-0.00002,-0.00231,0.00005,-0.00455,3.63705,0.15812,-1.49088,0.02040,0.16418,-0.06983,-0.49707,-0.09669,0.10103,0.02652,-0.10039,-0.00504,-0.00030,-0.00777,-0.00022,6.000,6.000,12.000,12.000,6.000,6.000,6.000,6.000,12.000,12.000,6.000,6.000,6.000,6.000,6.000,6.000,0.006380,0.046760,0.006343,0.046335,0.004200,0.045242,0.004310,0.046516,0.000000,0.000426,0.000000,0.000000,1.000000,0.000000,0.004200,-0.049716,0.034369,0.204219,0.192586
1.8250,0.00084,0.05949,0.48029,1.00000,-0.00063,0.00050,-0.00036,0.00514,0.04412,0.31465,0.31446,0.00126,0.04636,1,0.03534,0.00126,0.034687,0.00000,-0.0302,-0.0002,0.0200,-0.0761,-0.1226,0.1484,-0.0432,0,0.04900,0.01900,0.0146,0.5398,0.004175,0.047406,0.1323,-0.5046,64.2274,0.1441,-0.5454,64.5150,0.0000,0.0000,0.0000,0.5133,0.0624,1.5969,0.000308,-0.001759,64.2283,-0.000000,-0.002195,64.5150,0.000000,0.000000,0.0000,-0.048999,0.019000,1.5969,-0.00148,-0.20156,-0.26787,0.52906,-0.26226,0.20476,0.03230,-0.19424,-0.26809,0.56437,-0.30557,0.18738,-0.00071,-0.00001,-0.00251,0.00005,-0.00048,3.58811,0.16089,-1.46475,0.03759,0.13383,-0.06528,-0.48332,-0.10218,0.10612,0.03721,-0.08448,-0.00447,-0.00020,-0.00732,-0.00013,6.000,6.000,12.000,12.000,6.000,6.000,6.000,6.000,12.000,12.000,6.000,6.000,6.000,6.000,6.000,6.000,0.006503,0.046761,0.006404,0.046364,0.004200,0.045366,0.004497,0.046556,0.000000,0.000409,0.000000,0.000000,1.000000,0.000000,0.004200,-0.049716,0.034369,0.204503,0.189746
1.8300,0.00090,0.05959,0.48030,1.00000,-0.00063,0.00049,-0.00036,0.00518,0.04419,0.31466,0.31446,0.00126,0.04639,1,0.03533,0.00126,0.034687,0.00000,-0.0304,-0.0002,0.0162,-0.0755,-0.1490,0.2138,-0.0350,0,0.04900,0.01900,0.0135,0.5770,0.004503,0.047836,0.1071,-0.5005,64.0526,0.1153,-0.5061,64.2037,0.0000,0.0000,0.0000,0.4519,0.0410,1.3108,0.000382,-0.001446,64.0534,0.000327,-0.001766,64.2037,0.000000,0.000000,0.0000,-0.048999,0.018999,1.3108,-0.00145,-0.20190,-0.26706,0.52804,-0.26202,0.20500,0.03020,-0.19469,-0.26777,0.56284,-0.30361,0.18536,-0.00082,-0.00001,-0.00271,0.00005,0.00441,3.56246,0.15214,-1.45838,0.03903,0.11283,-0.06243,-0.47465,-0.10163,0.11160,0.04475,-0.07267,-0.00465,-0.00020,-0.00758,-0.00014,6.000,6.000,12.000,12.000,6.000,6.000,6.000,6.000,12.000,12.000,6.000,6.000,6.000,6.000,6.000,6.000,0.006619,0.046764,0.006466,0.046391,0.004200,0.045491,0.004659,0.046609,0.000000,0.000403,0.000000,0.000000,1.000000,0.000000,0.004200,-0.049716,0.034369,0.204764,0.187380
1.8350,0.00096,0.05970,0.48030,1.00000,-0.00063,0.00048,-0.00037,0.00522,0.04426,0.31467,0.31446,0.00125,0.04641,1,0.03532,0.00125,0.034687,-0.00000,-0.0304,-0.0002,0.0133,-0.0752,-0.1549,0.2441,-0.0304,0,0.04900,0.01900,0.0129,0.6052,0.004586,0.048143,0.0884,-0.4986,64.0132,0.0899,-0.4871,64.0835,0.0000,0.0000,0.0000,0.3954,0.0276,1.0918,0.000347,-0.001236,64.0140,0.000410,-0.001461,64.0835,0.000000,0.000000,0.0000,-0.048999,0.018999,1.0918,-0.00142,-0.20222,-0.26627,0.52708,-0.26181,0.20521,0.02820,-0.19514,-0.26754,0.56145,-0.30149,0.18361,-0.00095,-0.00001,-0.00292,0.00005,0.00888,3.55170,0.13977,-1.46092,0.03382,0.09872,-0.06031,-0.46988,-0.09862,0.11634,0.04990,-0.06392,-0.00515,-0.00025,-0.00813,-0.00020,6.000,6.000,12.000,12.000,6.000,6.000,6.000,6.000,12.000,12.000,6.000,6.000,6.000,6.000,6.000,6.000,0.006727,0.046766,0.006530,0.046415,0.004200,0.045615,0.004791,0.046670,0.000000,0.000403,0.000000,0.000000,1.000000,0.000000,0.004200,-0.049716,0.034369,0.205000,0.185364
1.8400,0.00102,0.05980,0.48031,1.00000,-0.00063,0.00047,-0.00038,0.00526,0.04433,0.31467,0.31446,0.00125,0.04644,1,0.03532,0.00125,0.034687,-0.00001,-0.0302,-0.0002,0.0114,-0.0751,-0.1501,0.2529,-0.0291,0,0.04900,0.01900,0.0126,0.6272,0.004556,0.048355,0.0755,-0.4982,64.0451,0.0707,-0.4804,64.0703,0.0000,0.0000,0.0000,0.3476,0.0200,0.9254,0.000274,-0.001097,64.0459,0.000380,-0.001250,64.0703,0.000000,0.000000,0.0000,-0.048999,0.018999,0.9254,-0.00140,-0.20254,-0.26550,0.52617,-0.26163,0.20540,0.02630,-0.19559,-0.26735,0.56014,-0.29928,0.18205,-0.00107,-0.00001,-0.00312,0.00005,0.01249,3.55011,0.12753,-1.46661,0.02668,0.08951,-0.05845,-0.46795,-0.09490,0.12002,0.05325,-0.05743,-0.00576,-0.00032,-0.00874,-0.00026,6.000,6.000,12.000,12.000,6.000,6.000,6.000,6.000,12.000,12.000,6.000,6.000,6.000,6.000,6.000,6.000,0.006828,0.046768,0.006596,0.046435,0.004200,0.045739,0.004896,0.046737,0.000000,0.000406,0.000000,0.000000,1.000000,0.000000,0.004200,-0.049716,0.034369,0.205211,0.183609
1.8450,0.00109,0.05990,0.48032,1.00000,-0.00063,0.00046,-0.00039,0.00531,0.04440,0.31468,0.31446,0.00125,0.04645,1,0.03531,0.00125,0.034687,-0.00002,-0.0300,-0.0002,0.0102,-0.0753,-0.1404,0.2490,-0.0304,0,0.04900,0.01900,0.0126,0.6446,0.004486,0.048500,0.0677,-0.4991,64.1097,0.0579,-0.4806,64.1120,0.0000,0.0000,0.0000,0.3091,0.0163,0.8003,0.000200,-0.001007,64.1104,0.000310,-0.001106,64.1120,0.000000,0.000000,0.0000,-0.048999,0.018998,0.8003,-0.00137,-0.20284,-0.26476,0.52530,-0.26148,0.20559,0.02449,-0.19602,-0.26719,0.55888,-0.29703,0.18063,-0.00120,-0.00001,-0.00332,0.00005,0.01512,3.55391,0.11708,-1.47247,0.01999,0.08365,-0.05662,-0.46804,-0.09133,0.12264,0.05525,-0.05261,-0.00634,-0.00039,-0.00930,-0.00033,6.000,6.000,12.000,12.000,6.000,6.000,6.000,6.000,12.000,12.000,6.000,6.000,6.000,6.000,6.000,6.000,0.006924,0.046769,0.006664,0.046453,0.004200,0.045863,0.004978,0.046809,0.000000,0.000408,0.000000,0.000000,1.000000,0.000000,0.004200,-0.049716,0.034369,0.205404,0.182047
1.8500,0.00115,0.05999,0.48032,1.00000,-0.00063,0.00045,-0.00040,0.00535,0.04446,0.31468,0.31446,0.00125,0.04647,1,0.03531,0.00125,0.034687,-0.00003,-0.0297,-0.0002,0.0096,-0.0756,-0.1290,0.2383,-0.0333,0,0.04900,0.01900,0.0127,0.6584,0.004411,0.048598,0.0639,-0.5011,64.1848,0.0508,-0.4844,64.1777,0.0000,0.0000,0.0000,0.2787,0.0154,0.7068,0.000141,-0.000948,64.1855,0.000236,-0.001010,64.1777,0.000000,0.000000,0.0000,-0.049000,0.018998,0.7068,-0.00134,-0.20314,-0.26403,0.52449,-0.26136,0.20576,0.02277,-0.19645,-0.26702,0.55764,-0.29477,0.17932,-0.00133,-0.00001,-0.00353,0.00005,0.01686,3.56066,0.10895,-1.47714,0.01475,0.07997,-0.05472,-0.46950,-0.08826,0.12434,0.05624,-0.04899,-0.00686,-0.00045,-0.00979,-0.00040,6.000,6.000,12.000,12.000,6.000,6.000,6.000,6.000,12.000,12.000,6.000,6.000,6.000,6.000,6.000,6.000,0.007015,0.046767,0.006734,0.046468,0.004200,0.045988,0.005043,0.046884,0.000000,0.000410,0.000000,0.000000,1.000000,0.000000,0.004200,-0.049716,0.034369,0.205585,0.180629
1.8550,0.00121,0.06009,0.48033,1.00000,-0.00062,0.00044,-0.00040,0.00540,0.04452,0.31468,0.31446,0.00125,0.04648,1,0.03530,0.00125,0.034687,-0.00003,-0.0295,-0.0002,0.0095,-0.0761,-0.1179,0.2244,-0.0368,0,0.04900,0.01900,0.0128,0.6693,0.004351,0.048664,0.0633,-0.5043,64.2584,0.0483,-0.4902,64.2499,0.0000,0.0000,0.0000,0.2553,0.0163,0.6371,0.000103,-0.000907,64.2590,0.000175,-0.000945,64.2499,0.000000,0.000000,0.0000,-0.049000,0.018998,0.6371,-0.00131,-0.20343,-0.26331,0.52370,-0.26126,0.20593,0.02113,-0.19686,-0.26684,0.55640,-0.29251,0.17810,-0.00146,-0.00000,-0.00374,0.00005,0.01783,3.56881,0.10306,-1.48013,0.01122,0.07762,-0.05274,-0.47186,-0.08580,0.12534,0.05648,-0.04623,-0.00729,-0.00050,-0.01017,-0.00046,6.000,6.000,12.000,12.000,6.000,6.000,6.000,6.000,12.000,12.000,6.000,6.000,6.000,6.000,6.000,6.000,0.007103,0.046764,0.006806,0.046480,0.004200,0.046112,0.005093,0.046962,0.000000,0.000411,0.000000,0.000000,1.000000,0.000000,0.004200,-0.049716,0.034369,0.205759,0.179321
1.8600,0.00128,0.06018,0.48033,1.00000,-0.00062,0.00043,-0.00041,0.00545,0.04459,0.31469,0.31446,0.00125,0.04649,1,0.03529,0.00125,0.034686,-0.00001,-0.0294,-0.0002,0.0098,-0.0767,-0.1080,0.2095,-0.0403,0,0.04900,0.01900,0.0129,0.6781,0.004309,0.048712,0.0651,-0.5085,64.3245,0.0493,-0.4967,64.3191,0.0000,0.0000,0.0000,0.2374,0.0185,0.5853,0.000084,-0.000875,64.3251,0.000134,-0.000899,64.3191,0.000000,0.000000,0.0000,-0.049000,0.018998,0.5853,-0.00128,-0.20371,-0.26261,0.52294,-0.26119,0.20610,0.01969,-0.19725,-0.26661,0.55520,-0.29046,0.17712,-0.00160,-0.00000,-0.00395,0.00005,0.01818,3.57743,0.09908,-1.48145,0.00931,0.07595,-0.05067,-0.47477,-0.08394,0.12582,0.05618,-0.04410,-0.00764,-0.00054,-0.01047,-0.00051,6.000,6.000,12.000,12.000,6.000,6.000,6.000,6.000,12.000,12.000,6.000,6.000,6.000,6.000,6.000,6.000,0.007190,0.046758,0.006879,0.046489,0.004200,0.046236,0.005132,0.047044,0.000000,0.000411,0.000000,0.000000,1.000000,0.000000,0.004200,-0.049716,0.034369,0.205931,0.178098
1.8650,0.00134,0.06026,0.48034,1.00000,-0.00063,0.00043,-0.00041,0.00550,0.04465,0.31469,0.31446,0.00125,0.04649,1,0.03529,0.00125,0.034686,0.00001,-0.0298,-0.0002,0.0134,-0.0799,-0.1238,0.2960,-0.1137,0,0.04900,0.01900,0.0145,0.4978,0.004299,0.048769,0.0891,-0.5297,64.2196,0.0335,-0.5590,64.2172,0.0000,0.0000,0.0000,-0.1967,0.3902,1.4634,0.000144,-0.000855,64.2202,0.000124,-0.000843,64.2172,0.000000,0.000000,0.0000,0.022400,0.018999,1.4634,-0.00126,-0.20396,-0.26192,0.52219,-0.26112,0.20626,0.01872,-0.19760,-0.26625,0.55416,-0.28905,0.17673,-0.00175,-0.00000,-0.00415,0.00004,0.01971,3.58369,0.10348,-1.47026,0.01411,0.07546,-0.04269,-0.48613,-0.08376,0.12751,0.04351,-0.03107,-0.00781,-0.00054,-0.01022,-0.00059,6.000,6.000,12.000,12.000,6.000,6.000,6.000,6.000,12.000,12.000,6.000,6.000,6.000,6.000,6.000,6.000,0.007244,0.046776,0.006955,0.046494,0.004200,0.046361,0.005065,0.047206,0.000000,0.000403,0.000000,0.000000,1.000000,0.000000,0.004200,-0.049716,0.034369,0.206100,0.177116
1.8700,0.00141,0.06035,0.48034,1.00000,-0.00064,0.00044,-0.00041,0.00554,0.04470,0.31469,0.31446,0.00126,0.04650,1,0.03529,0.00126,0.034687,0.00001,-0.0302,-0.0002,0.0191,-0.0838,-0.1421,0.4084,-0.2070,0,0.04900,0.01900,0.0151,0.4369,0.004353,0.048789,0.1266,-0.5557,64.0980,0.0601,-0.5763,64.1184,0.0000,0.0000,0.0000,-0.1799,0.3068,1.3572,0.000216,-0.000812,64.0986,0.000178,-0.000824,64.1184,0.000000,0.000000,0.0000,0.022078,0.018999,1.3572,-0.00124,-0.20419,-0.26127,0.52147,-0.26106,0.20643,0.01808,-0.19791,-0.26579,0.55324,-0.28812,0.17675,-0.00191,-0.00000,-0.00436,0.00003,0.02015,3.58909,0.11228,-1.45534,0.02092,0.07366,-0.03346,-0.49873,-0.08597,0.12821,0.02750,-0.01712,-0.00802,-0.00055,-0.00980,-0.00069,6.000,6.000,12.000,12.000,6.000,6.000,6.000,6.000,12.000,12.000,6.000,6.000,6.000,6.000,6.000,6.000,0.007278,0.046798,0.007033,0.046496,0.004200,0.046485,0.004933,0.047391,0.000000,0.000389,0.000000,0.000000,1.000000,0.000000,0.004200,-0.049716,0.034369,0.206265,0.176732
1.8750,0.00148,0.06043,0.48035,1.00000,-0.00065,0.00044,-0.00041,0.00559,0.04476,0.31470,0.31446,0.00128,0.04649,1,0.03529,0.00128,0.034687,0.00000,-0.0302,-0.0002,0.0239,-0.0867,-0.1445,0.4633,-0.2609,0,0.04900,0.01900,0.0155,0.3621,0.004427,0.048828,0.1584,-0.5748,64.0820,0.1006,-0.5880,64.0517,0.0000,0.0000,0.0000,-0.1138,0.2213,1.1457,0.000220,-0.000736,64.0825,0.000252,-0.000787,64.0517,0.000000,0.000000,0.0000,0.016015,0.018999,1.1457,-0.00122,-0.20440,-0.26063,0.52077,-0.26101,0.20659,0.01766,-0.19820,-0.26526,0.55238,-0.28753,0.17705,-0.00208,-0.00001,-0.00457,0.00001,0.01927,3.59507,0.11703,-1.44792,0.02305,0.06958,-0.02713,-0.50601,-0.08786,0.12812,0.01594,-0.00758,-0.00831,-0.00057,-0.00977,-0.00079,6.000,6.000,12.000,12.000,6.000,6.000,6.000,6.000,12.000,12.000,6.000,6.000,6.000,6.000,6.000,6.000,0.007323,0.046806,0.007114,0.046495,0.004200,0.046609,0.004827,0.047541,0.000000,0.000374,0.000000,0.000000,1.000000,0.000000,0.004200,-0.049716,0.034369,0.206427,0.176751
1.8800,0.00155,0.06051,0.48035,1.00000,-0.00067,0.00045,-0.00041,0.00564,0.04482,0.31470,0.31446,0.00131,0.04649,1,0.03530,0.00131,0.034687,-0.00000,-0.0301,-0.0002,0.0278,-0.0889,-0.1406,0.4851,-0.2889,0,0.04900,0.01900,0.0159,0.3028,0.004431,0.048901,0.1843,-0.5896,64.1080,0.1350,-0.5978,64.0650,0.0000,0.0000,0.0000,-0.0607,0.1702,0.9951,0.000195,-0.000637,64.1085,0.000256,-0.000715,64.0650,0.000000,0.000000,0.0000,0.009198,0.018999,0.9951,-0.00121,-0.20460,-0.26000,0.52011,-0.26099,0.20675,0.01737,-0.19848,-0.26467,0.55158,-0.28718,0.17755,-0.00225,-0.00001,-0.00477,-0.00000,0.01786,3.59987,0.11911,-1.44437,0.02296,0.06386,-0.02297,-0.50983,-0.08907,0.12786,0.00788,-0.00087,-0.00859,-0.00059,-0.00994,-0.00087,6.000,6.000,12.000,12.000,6.000,6.000,6.000,6.000,12.000,12.000,6.000,6.000,6.000,6.000,6.000,6.000,0.007380,0.046802,0.007196,0.046490,0.004200,0.046733,0.004751,0.047669,0.000000,0.000362,0.000000,0.000000,1.000000,0.000000,0.004200,-0.049716,0.034369,0.206588,0.177053
1.8850,0.00162,0.06059,0.48036,1.00000,-0.00068,0.00046,-0.00041,0.00569,0.04487,0.31471,0.31446,0.00134,0.04648,1,0.03530,0.00134,0.034686,-0.00001,-0.0299,-0.0002,0.0310,-0.0909,-0.1340,0.4868,-0.3011,0,0.04900,0.01900,0.0163,0.2627,0.004404,0.048997,0.2057,-0.6023,64.1520,0.1632,-0.6059,64.1087,0.0000,0.0000,0.0000,-0.0204,0.1377,0.8831,0.000162,-0.000529,64.1525,0.000230,-0.000621,64.1087,0.000000,0.000000,0.0000,0.002520,0.018999,0.8831,-0.00119,-0.20480,-0.25938,0.51948,-0.26099,0.20690,0.01717,-0.19875,-0.26404,0.55080,-0.28697,0.17819,-0.00242,-0.00001,-0.00498,-0.00001,0.01623,3.60398,0.11980,-1.44265,0.02205,0.05750,-0.02023,-0.51179,-0.08980,0.12747,0.00238,0.00385,-0.00883,-0.00061,-0.01020,-0.00094,6.000,6.000,12.000,12.000,6.000,6.000,6.000,6.000,12.000,12.000,6.000,6.000,6.000,6.000,6.000,6.000,0.007446,0.046790,0.007281,0.046481,0.004200,0.046858,0.004696,0.047784,0.000000,0.000350,0.000000,0.000000,1.000000,0.000000,0.004200,-0.049716,0.034369,0.206748,0.177554
1.8900,0.00169,0.06066,0.48036,1.00000,-0.00069,0.00047,-0.00041,0.00574,0.04492,0.31471,0.31446,0.00136,0.04647,1,0.03530,0.00136,0.034686,-0.00002,-0.0296,-0.0002,0.0338,-0.0926,-0.1266,0.4768,-0.3037,0,0.04900,0.01900,0.0167,0.2433,0.004370,0.049102,0.2239,-0.6141,64.2011,0.1867,-0.6138,64.1634,0.0000,0.0000,0.0000,0.0093,0.1162,0.7991,0.000131,-0.000421,64.2016,0.000195,-0.000517,64.1634,0.000000,0.000000,0.0000,-0.003565,0.018999,0.7991,-0.00118,-0.20499,-0.25877,0.51887,-0.26101,0.20705,0.01702,-0.19903,-0.26338,0.55002,-0.28688,0.17893,-0.00259,-0.00001,-0.00519,-0.00002,0.01455,3.60767,0.11979,-1.44168,0.02101,0.05099,-0.01839,-0.51281,-0.09016,0.12702,-0.00127,0.00714,-0.00904,-0.00063,-0.01050,-0.00083,6.000,6.000,12.000,12.000,6.000,6.000,6.000,6.000,12.000,12.000,6.000,6.000,6.000,6.000,6.000,6.000,0.007521,0.046773,0.007368,0.046469,0.004200,0.046982,0.004657,0.047894,0.000000,0.000340,0.000000,0.000000,1.000000,0.000000,0.004200,-0.049716,0.034369,0.206903,0.178193
1.8950,0.00176,0.06073,0.48037,1.00000,-0.00070,0.00047,-0.00041,0.00579,0.04497,0.31471,0.31446,0.00139,0.04645,1,0.03530,0.00139,0.034686,-0.00002,-0.0294,-0.0002,0.0362,-0.0944,-0.1194,0.4604,-0.3011,0,0.04900,0.01900,0.0170,0.2412,0.004336,0.049208,0.2398,-0.6256,64.2487,0.2069,-0.6222,64.2190,0.0000,0.0000,0.0000,0.0307,0.1020,0.7360,0.000105,-0.000315,64.2491,0.000162,-0.000412,64.2190,0.000000,0.000000,0.0000,-0.008821,0.018999,0.7360,-0.00116,-0.20518,-0.25816,0.51830,-0.26105,0.20720,0.01691,-0.19929,-0.26268,0.54925,-0.28684,0.17973,-0.00277,-0.00001,-0.00539,-0.00003,0.01292,3.61103,0.11946,-1.44087,0.02018,0.04454,-0.01712,-0.51338,-0.09025,0.12654,-0.00360,0.00940,-0.00922,-0.00064,-0.01077,-0.00075,6.000,6.000,12.000,12.000,6.000,6.000,6.000,6.000,12.000,12.000,6.000,6.000,6.000,6.000,6.000,6.000,0.007602,0.046750,0.007458,0.046453,0.004200,0.047106,0.004631,0.047999,0.000000,0.000331,0.000000,0.000000,1.000000,0.000000,0.004200,-0.049716,0.034369,0.207053,0.178928
1.9000,0.00183,0.06080,0.48037,1.00000,-0.00071,0.00048,-0.00041,0.00584,0.04502,0.31472,0.31446,0.00141,0.04643,1,0.03530,0.00141,0.034686,-0.00003,-0.0292,-0.0002,0.0383,-0.0961,-0.1130,0.4412,-0.2956,0,0.04900,0.01900,0.0174,0.2477,0.004308,0.049314,0.2541,-0.6372,64.2914,0.2246,-0.6314,64.2704,0.0000,0.0000,0.0000,0.0449,0.0921,0.6894,0.000087,-0.000211,64.2918,0.000135,-0.000308,64.2704,0.000000,0.000000,0.0000,-0.013010,0.018999,0.6894,-0.00115,-0.20536,-0.25756,0.51774,-0.26112,0.20733,0.01681,-0.19956,-0.26197,0.54846,-0.28684,0.18057,-0.00294,-0.00001,-0.00560,-0.00003,0.01138,3.61411,0.11899,-1.43996,0.01968,0.03818,-0.01621,-0.51378,-0.09015,0.12609,-0.00500,0.01091,-0.00937,-0.00065,-0.01101,-0.00070,6.000,6.000,12.000,12.000,6.000,6.000,6.000,6.000,12.000,12.000,6.000,6.000,6.000,6.000,6.000,6.000,0.007688,0.046724,0.007550,0.046432,0.004200,0.047231,0.004613,0.048104,0.000000,0.000322,0.000000,0.000000,1.000000,0.000000,0.004200,-0.049716,0.034369,0.207195,0.179729
1.9050,0.00191,0.06086,0.48038,1.00000,-0.00072,0.00048,-0.00041,0.00589,0.04507,0.31472,0.31446,0.00143,0.04641,1,0.03530,0.00143,0.034686,-0.00003,-0.0291,-0.0002,0.0404,-0.0979,-0.1075,0.4213,-0.2886,0,0.04900,0.01900,0.0178,0.2526,0.004288,0.049418,0.2676,-0.6491,64.3276,0.2405,-0.6417,64.3150,0.0000,0.0000,0.0000,0.0523,0.0846,0.6562,0.000076,-0.000107,64.3279,0.000115,-0.000206,64.3150,0.000000,0.000000,0.0000,-0.015892,0.018999,0.6562,-0.00113,-0.20553,-0.25695,0.51721,-0.26120,0.20746,0.01674,-0.19982,-0.26122,0.54766,-0.28687,0.18144,-0.00312,-0.00001,-0.00581,-0.00003,0.00987,3.61678,0.11861,-1.43870,0.01960,0.03185,-0.01552,-0.51408,-0.09002,0.12566,-0.00580,0.01187,-0.00951,-0.00066,-0.01121,-0.00066,6.000,6.000,12.000,12.000,6.000,6.000,6.000,6.000,12.000,12.000,6.000,6.000,6.000,6.000,6.000,6.000,0.007779,0.046692,0.007645,0.046408,0.004200,0.047355,0.004600,0.048208,0.000000,0.000314,0.000000,0.000000,1.000000,0.000000,0.004200,-0.049716,0.034369,0.207330,0.180572
1.9100,0.00199,0.06092,0.48038,1.00000,-0.00073,0.00049,-0.00042,0.00595,0.04511,0.31472,0.31446,0.00144,0.04638,1,0.03530,0.00144,0.034686,-0.00003,-0.0290,-0.0002,0.0423,-0.0998,-0.1030,0.4019,-0.2808,0,0.04900,0.01900,0.0182,0.2546,0.004274,0.049522,0.2806,-0.6616,64.3575,0.2554,-0.6526,64.3521,0.0000,0.0000,0.0000,0.0564,0.0785,0.6329,0.000070,-0.000004,64.3578,0.000102,-0.000104,64.3521,0.000000,0.000000,0.0000,-0.017829,0.018999,0.6329,-0.00112,-0.20570,-0.25634,0.51669,-0.26130,0.20757,0.01666,-0.20007,-0.26046,0.54685,-0.28690,0.18233,-0.00330,-0.00001,-0.00602,-0.00003,0.00841,3.61910,0.11827,-1.43715,0.01984,0.02551,-0.01497,-0.51436,-0.08985,0.12530,-0.00621,0.01242,-0.00964,-0.00067,-0.01138,-0.00064,6.000,6.000,12.000,12.000,6.000,6.000,6.000,6.000,12.000,12.000,6.000,6.000,6.000,6.000,6.000,6.000,0.007873,0.046657,0.007743,0.046379,0.004200,0.047479,0.004590,0.048312,0.000000,0.000307,0.000000,0.000000,1.000000,0.000000,0.004200,-0.049716,0.034369,0.207456,0.181442
1.9150,0.00207,0.06098,0.48039,1.00000,-0.00073,0.00049,-0.00042,0.00600,0.04516,0.31472,0.31446,0.00146,0.04635,1,0.03529,0.00146,0.034686,-0.00003,-0.0289,-0.0002,0.0442,-0.1017,-0.0994,0.3836,-0.2727,0,0.04900,0.01900,0.0186,0.2507,0.004267,0.049626,0.2934,-0.6745,64.3813,0.2695,-0.6644,64.3820,0.0000,0.0000,0.0000,0.0576,0.0729,0.6180,0.000069,0.000100,64.3815,0.000095,-0.000001,64.3820,0.000000,0.000000,0.0000,-0.018803,0.019000,0.6180,-0.00110,-0.20586,-0.25574,0.51620,-0.26143,0.20768,0.01660,-0.20032,-0.25969,0.54603,-0.28694,0.18321,-0.00348,-0.00001,-0.00623,-0.00003,0.00698,3.62100,0.11795,-1.43535,0.02031,0.01909,-0.01451,-0.51461,-0.08968,0.12502,-0.00639,0.01268,-0.00975,-0.00067,-0.01153,-0.00062,6.000,6.000,12.000,12.000,6.000,6.000,6.000,6.000,12.000,12.000,6.000,6.000,6.000,6.000,6.000,6.000,0.007971,0.046618,0.007843,0.046347,0.004200,0.047603,0.004583,0.048416,0.000000,0.000300,0.000000,0.000000,1.000000,0.000000,0.004200,-0.049716,0.034369,0.207572,0.182326
1.9200,0.00215,0.06104,0.48039,1.00000,-0.00074,0.00050,-0.00042,0.00606,0.04519,0.31472,0.31446,0.00147,0.04631,1,0.03529,0.00147,0.034686,-0.00003,-0.0289,-0.0002,0.0462,-0.1038,-0.0966,0.3670,-0.2646,0,0.04900,0.01900,0.0190,0.2485,0.004264,0.049731,0.3062,-0.6881,64.3997,0.2833,-0.6769,64.4060,0.0000,0.0000,0.0000,0.0578,0.0694,0.6058,0.000070,0.000207,64.4000,0.000092,0.000102,64.4060,0.000000,0.000000,0.0000,-0.019351,0.019000,0.6058,-0.00108,-0.20601,-0.25513,0.51573,-0.26157,0.20777,0.01653,-0.20056,-0.25890,0.54520,-0.28698,0.18410,-0.00366,-0.00001,-0.00643,-0.00003,0.00557,3.62249,0.11762,-1.43337,0.02093,0.01252,-0.01413,-0.51482,-0.08951,0.12486,-0.00644,0.01272,-0.00986,-0.00068,-0.01166,-0.00062,6.000,6.000,12.000,12.000,6.000,6.000,6.000,6.000,12.000,12.000,6.000,6.000,6.000,6.000,6.000,6.000,0.008072,0.046574,0.007946,0.046309,0.004200,0.047728,0.004577,0.048521,0.000000,0.000293,0.000000,0.000000,1.000000,0.000000,0.004200,-0.049716,0.034369,0.207677,0.183215
1.9250,0.00223,0.06109,0.48039,1.00000,-0.00074,0.00050,-0.00042,0.00611,0.04523,0.31472,0.31446,0.00147,0.04627,1,0.03528,0.00147,0.034685,-0.00003,-0.0289,-0.0002,0.0481,-0.1059,-0.0944,0.3521,-0.2566,0,0.04900,0.01900,0.0194,0.2468,0.004263,0.049839,0.3192,-0.7023,64.4143,0.2970,-0.6899,64.4250,0.0000,0.0000,0.0000,0.0571,0.0671,0.5956,0.000071,0.000315,64.4145,0.000092,0.000208,64.4250,0.000000,0.000000,0.0000,-0.019600,0.019000,0.5956,-0.00107,-0.20615,-0.25452,0.51527,-0.26173,0.20786,0.01646,-0.20079,-0.25810,0.54436,-0.28703,0.18498,-0.00383,-0.00001,-0.00664,-0.00002,0.00420,3.62369,0.11723,-1.43130,0.02160,0.00584,-0.01378,-0.51503,-0.08933,0.12481,-0.00642,0.01259,-0.00998,-0.00068,-0.01179,-0.00062,6.000,6.000,12.000,12.000,6.000,6.000,6.000,6.000,12.000,12.000,6.000,6.000,6.000,6.000,6.000,6.000,0.008176,0.046526,0.008052,0.046267,0.004200,0.047852,0.004571,0.048627,0.000000,0.000286,0.000000,0.000000,1.000000,0.000000,0.004200,-0.049716,0.034369,0.207773,0.184102
1.9300,0.00231,0.06113,0.48040,1.00000,-0.00074,0.00050,-0.00042,0.00617,0.04527,0.31472,0.31446,0.00148,0.04622,1,0.03528,0.00148,0.034685,-0.00003,-0.0288,-0.0002,0.0501,-0.1082,-0.0926,0.3387,-0.2488,0,0.04900,0.01900,0.0199,0.2454,0.004263,0.049948,0.3324,-0.7172,64.4260,0.3107,-0.7036,64.4402,0.0000,0.0000,0.0000,0.0560,0.0658,0.5866,0.000072,0.000425,64.4262,0.000093,0.000316,64.4402,0.000000,0.000000,0.0000,-0.019630,0.019000,0.5866,-0.00105,-0.20629,-0.25391,0.51484,-0.26191,0.20793,0.01640,-0.20101,-0.25729,0.54352,-0.28707,0.18585,-0.00401,-0.00001,-0.00685,-0.00002,0.00286,3.62470,0.11672,-1.42924,0.02225,-0.00093,-0.01347,-0.51528,-0.08915,0.12488,-0.00638,0.01232,-0.01010,-0.00069,-0.01191,-0.00063,6.000,6.000,12.000,12.000,6.000,6.000,6.000,6.000,12.000,12.000,6.000,6.000,6.000,6.000,6.000,6.000,0.008283,0.046473,0.008162,0.046221,0.004200,0.047976,0.004565,0.048734,0.000000,0.000280,0.000000,0.000000,1.000000,0.000000,0.004200,-0.049716,0.034369,0.207856,0.184983
1.9350,0.00240,0.06118,0.48040,1.00000,-0.00074,0.00051,-0.00042,0.00623,0.04530,0.31472,0.31446,0.00149,0.04617,1,0.03527,0.00149,0.034685,-0.00002,-0.0288,-0.0002,0.0522,-0.1105,-0.0912,0.3269,-0.2413,0,0.04900,0.01900,0.0204,0.2444,0.004264,0.050059,0.3460,-0.7329,64.4358,0.3246,-0.7181,64.4526,0.0000,0.0000,0.0000,0.0544,0.0651,0.5786,0.000073,0.000537,64.4359,0.000094,0.000425,64.4526,0.000000,0.000000,0.0000,-0.019495,0.019000,0.5786,-0.00104,-0.20641,-0.25330,0.51443,-0.26212,0.20799,0.01633,-0.20122,-0.25647,0.54268,-0.28711,0.18671,-0.00419,-0.00001,-0.00705,-0.00002,0.00155,3.62558,0.11609,-1.42723,0.02282,-0.00778,-0.01317,-0.51559,-0.08895,0.12506,-0.00634,0.01195,-0.01022,-0.00070,-0.01202,-0.00064,6.000,6.000,12.000,12.000,6.000,6.000,6.000,6.000,12.000,12.000,6.000,6.000,6.000,6.000,6.000,6.000,0.008394,0.046416,0.008274,0.046169,0.004200,0.048101,0.004560,0.048842,0.000000,0.000275,0.000000,0.000000,1.000000,0.000000,0.004200,-0.049716,0.034369,0.207928,0.185853
1.9400,0.00248,0.06122,0.48040,1.00000,-0.00074,0.00051,-0.00042,0.00629,0.04533,0.31473,0.31446,0.00149,0.04611,1,0.03527,0.00149,0.034685,-0.00002,-0.0288,-0.0002,0.0543,-0.1130,-0.0899,0.3164,-0.2342,0,0.04900,0.01900,0.0209,0.2438,0.004263,0.050172,0.3599,-0.7494,64.4442,0.3386,-0.7334,64.4631,0.0000,0.0000,0.0000,0.0525,0.0650,0.5712,0.000072,0.000650,64.4442,0.000094,0.000536,64.4631,0.000000,0.000000,0.0000,-0.019234,0.019000,0.5712,-0.00103,-0.20653,-0.25269,0.51404,-0.26234,0.20804,0.01626,-0.20142,-0.25564,0.54185,-0.28716,0.18755,-0.00437,-0.00001,-0.00726,-0.00002,0.00027,3.62639,0.11532,-1.42530,0.02331,-0.01471,-0.01288,-0.51596,-0.08873,0.12536,-0.00633,0.01150,-0.01036,-0.00071,-0.01214,-0.00066,6.000,6.000,12.000,12.000,6.000,6.000,6.000,6.000,12.000,12.000,6.000,6.000,6.000,6.000,6.000,6.000,0.008507,0.046355,0.008389,0.046113,0.004200,0.048225,0.004554,0.048951,0.000000,0.000269,0.000000,0.000000,1.000000,0.000000,0.004200,-0.049716,0.034369,0.207988,0.186709
1.9450,0.00257,0.06126,0.48041,1.00000,-0.00075,0.00051,-0.00042,0.00636,0.04536,0.31473,0.31446,0.00149,0.04605,1,0.03526,0.00149,0.034685,-0.00002,-0.0288,-0.0002,0.0564,-0.1156,-0.0888,0.3073,-0.2275,0,0.04900,0.01900,0.0214,0.2435,0.004261,0.050286,0.3742,-0.7667,64.4516,0.3530,-0.7496,64.4722,0.0000,0.0000,0.0000,0.0503,0.0653,0.5643,0.000069,0.000764,64.4516,0.000093,0.000649,64.4722,0.000000,0.000000,0.0000,-0.018874,0.019000,0.5643,-0.00101,-0.20663,-0.25208,0.51368,-0.26259,0.20807,0.01620,-0.20161,-0.25482,0.54102,-0.28721,0.18837,-0.00455,-0.00001,-0.00746,-0.00002,-0.00099,3.62714,0.11440,-1.42348,0.02368,-0.02170,-0.01259,-0.51639,-0.08850,0.12577,-0.00634,0.01097,-0.01051,-0.00072,-0.01227,-0.00068,6.000,6.000,12.000,12.000,6.000,6.000,6.000,6.000,12.000,12.000,6.000,6.000,6.000,6.000,6.000,6.000,0.008624,0.046289,0.008508,0.046051,0.004200,0.048349,0.004547,0.049062,0.000000,0.000264,0.000000,0.000000,1.000000,0.000000,0.004200,-0.049716,0.034369,0.208035,0.187547
1.9500,0.00266,0.06129,0.48041,1.00000,-0.00075,0.00051,-0.00042,0.00642,0.04538,0.31473,0.31446,0.00149,0.04598,1,0.03525,0.00149,0.034685,-0.00002,-0.0288,-0.0002,0.0587,-0.1184,-0.0878,0.2992,-0.2212,0,0.04900,0.01900,0.0220,0.2436,0.004257,0.050402,0.3889,-0.7849,64.4583,0.3677,-0.7666,64.4802,0.0000,0.0000,0.0000,0.0480,0.0659,0.5578,0.000064,0.000880,64.4583,0.000090,0.000762,64.4802,0.000000,0.000000,0.0000,-0.018435,0.019000,0.5578,-0.00100,-0.20673,-0.25148,0.51334,-0.26286,0.20809,0.01613,-0.20178,-0.25399,0.54021,-0.28727,0.18917,-0.00474,-0.00001,-0.00766,-0.00001,-0.00223,3.62785,0.11336,-1.42178,0.02395,-0.02877,-0.01230,-0.51687,-0.08826,0.12628,-0.00640,0.01039,-0.01067,-0.00073,-0.01240,-0.00070,6.000,6.000,12.000,12.000,6.000,6.000,6.000,6.000,12.000,12.000,6.000,6.000,6.000,6.000,6.000,6.000,0.008743,0.046218,0.008630,0.045984,0.004200,0.048474,0.004540,0.049175,0.000000,0.000260,0.000000,0.000000,1.000000,0.000000,0.004200,-0.049716,0.034369,0.208069,0.188367
1.9550,0.00276,0.06132,0.48042,1.00000,-0.00074,0.00051,-0.00043,0.00649,0.04540,0.31473,0.31446,0.00149,0.04591,1,0.03524,0.00149,0.034685,-0.00002,-0.0288,-0.0002,0.0609,-0.1213,-0.0868,0.2922,-0.2153,0,0.04900,0.01900,0.0226,0.2443,0.004252,0.050519,0.4040,-0.8039,64.4646,0.3828,-0.7846,64.4875,0.0000,0.0000,0.0000,0.0456,0.0667,0.5515,0.000058,0.000997,64.4645,0.000086,0.000878,64.4875,0.000000,0.000000,0.0000,-0.017932,0.019000,0.5515,-0.00099,-0.20681,-0.25087,0.51302,-0.26315,0.20810,0.01607,-0.20195,-0.25316,0.53940,-0.28734,0.18994,-0.00492,-0.00001,-0.00786,-0.00001,-0.00346,3.62853,0.11219,-1.42020,0.02411,-0.03592,-0.01201,-0.51741,-0.08801,0.12689,-0.00651,0.00976,-0.01085,-0.00075,-0.01253,-0.00072,6.000,6.000,12.000,12.000,6.000,6.000,6.000,6.000,12.000,12.000,6.000,6.000,6.000,6.000,6.000,6.000,0.008866,0.046142,0.008755,0.045912,0.004200,0.048598,0.004533,0.049289,0.000000,0.000256,0.000000,0.000000,1.000000,0.000000,0.004200,-0.049716,0.034369,0.208090,0.189165
1.9600,0.00285,0.06134,0.48042,1.00000,-0.00074,0.00051,-0.00043,0.00655,0.04542,0.31473,0.31446,0.00149,0.04583,1,0.03523,0.00149,0.034685,-0.00001,-0.0288,-0.0002,0.0633,-0.1243,-0.0859,0.2861,-0.2098,0,0.04900,0.01900,0.0232,0.2454,0.004245,0.050638,0.4196,-0.8239,64.4705,0.3983,-0.8034,64.4943,0.0000,0.0000,0.0000,0.0430,0.0678,0.5454,0.000050,0.001116,64.4704,0.000080,0.000994,64.4943,0.000000,0.000000,0.0000,-0.017372,0.019000,0.5454,-0.00097,-0.20687,-0.25027,0.51274,-0.26347,0.20809,0.01601,-0.20210,-0.25232,0.53862,-0.28741,0.19069,-0.00510,-0.00001,-0.00806,-0.00001,-0.00468,3.62916,0.11090,-1.41875,0.02416,-0.04314,-0.01172,-0.51799,-0.08775,0.12760,-0.00666,0.00910,-0.01103,-0.00076,-0.01268,-0.00074,6.000,6.000,12.000,12.000,6.000,6.000,6.000,6.000,12.000,12.000,6.000,6.000,6.000,6.000,6.000,6.000,0.008993,0.046062,0.008884,0.045834,0.004200,0.048722,0.004525,0.049404,0.000000,0.000252,0.000000,0.000000,1.000000,0.000000,0.004200,-0.049716,0.034369,0.208097,0.189942
1.9650,0.00295,0.06137,0.48042,1.00000,-0.00074,0.00051,-0.00043,0.00662,0.04544,0.31473,0.31446,0.00149,0.04575,1,0.03522,0.00149,0.034685,-0.00001,-0.0288,-0.0002,0.0657,-0.1274,-0.0851,0.2807,-0.2046,0,0.04900,0.01900,0.0238,0.2471,0.004236,0.050759,0.4357,-0.8447,64.4763,0.4143,-0.8232,64.5006,0.0000,0.0000,0.0000,0.0403,0.0691,0.5395,0.000040,0.001237,64.4760,0.000072,0.001113,64.5006,0.000000,0.000000,0.0000,-0.016765,0.019000,0.5395,-0.00096,-0.20693,-0.24967,0.51248,-0.26381,0.20807,0.01596,-0.20223,-0.25149,0.53785,-0.28750,0.19142,-0.00528,-0.00001,-0.00826,-0.00001,-0.00590,3.62976,0.10950,-1.41742,0.02412,-0.05044,-0.01142,-0.51860,-0.08749,0.12839,-0.00686,0.00840,-0.01122,-0.00078,-0.01283,-0.00077,6.000,6.000,12.000,12.000,6.000,6.000,6.000,6.000,12.000,12.000,6.000,6.000,6.000,6.000,6.000,6.000,0.009123,0.045975,0.009017,0.045751,0.004200,0.048846,0.004516,0.049521,0.000000,0.000248,0.000000,0.000000,1.000000,0.000000,0.004200,-0.049716,0.034369,0.208090,0.190694
1.9700,0.00305,0.06138,0.48043,1.00000,-0.00074,0.00051,-0.00043,0.00669,0.04545,0.31473,0.31446,0.00149,0.04566,1,0.03521,0.00149,0.034684,-0.00001,-0.0288,-0.0002,0.0682,-0.1307,-0.0842,0.2761,-0.1997,0,0.04900,0.01900,0.0245,0.2493,0.004226,0.050881,0.4523,-0.8663,64.4818,0.4308,-0.8439,64.5067,0.0000,0.0000,0.0000,0.0375,0.0704,0.5336,0.000029,0.001358,64.4816,0.000062,0.001233,64.5067,0.000000,0.000000,0.0000,-0.016113,0.019000,0.5336,-0.00095,-0.20697,-0.24907,0.51226,-0.26418,0.20803,0.01590,-0.20235,-0.25066,0.53711,-0.28761,0.19212,-0.00546,-0.00001,-0.00846,-0.00001,-0.00713,3.63032,0.10800,-1.41621,0.02398,-0.05782,-0.01112,-0.51923,-0.08722,0.12926,-0.00712,0.00767,-0.01142,-0.00080,-0.01298,-0.00079,6.000,6.000,12.000,12.000,6.000,6.000,6.000,6.000,12.000,12.000,6.000,6.000,6.000,6.000,6.000,6.000,0.009256,0.045884,0.009153,0.045661,0.004200,0.048971,0.004507,0.049639,0.000000,0.000245,0.000000,0.000000,1.000000,0.000000,0.004200,-0.049716,0.034369,0.208068,0.191421
1.9750,0.00315,0.06140,0.48043,1.00000,-0.00074,0.00051,-0.00043,0.00677,0.04546,0.31473,0.31446,0.00148,0.04557,1,0.03520,0.00148,0.034684,-0.00001,-0.0289,-0.0002,0.0708,-0.1341,-0.0834,0.2720,-0.1952,0,0.04900,0.01900,0.0252,0.2522,0.004214,0.051004,0.4694,-0.8889,64.4873,0.4478,-0.8655,64.5125,0.0000,0.0000,0.0000,0.0346,0.0720,0.5278,0.000016,0.001482,64.4870,0.000051,0.001354,64.5125,0.000000,0.000000,0.0000,-0.015420,0.019000,0.5278,-0.00094,-0.20700,-0.24848,0.51206,-0.26458,0.20798,0.01585,-0.20246,-0.24983,0.53639,-0.28772,0.19279,-0.00564,-0.00001,-0.00865,-0.00001,-0.00836,3.63083,0.10641,-1.41513,0.02376,-0.06529,-0.01081,-0.51988,-0.08695,0.13022,-0.00743,0.00692,-0.01163,-0.00082,-0.01315,-0.00082,6.000,6.000,12.000,12.000,6.000,6.000,6.000,6.000,12.000,12.000,6.000,6.000,6.000,6.000,6.000,6.000,0.009393,0.045787,0.009294,0.045566,0.004200,0.049095,0.004497,0.049758,0.000000,0.000242,0.000000,0.000000,1.000000,0.000000,0.004200,-0.049716,0.034369,0.208031,0.192123
1.9800,0.00325,0.06140,0.48044,1.00000,-0.00074,0.00051,-0.00043,0.00684,0.04547,0.31473,0.31446,0.00148,0.04546,1,0.03519,0.00148,0.034684,-0.00001,-0.0288,-0.0002,0.0732,-0.1374,-0.0813,0.2622,-0.1861,0,0.04900,0.01900,0.0259,0.2493,0.004200,0.051129,0.4853,-0.9112,64.5014,0.4656,-0.8870,64.5230,0.0000,0.0000,0.0000,0.0254,0.0715,0.5077,-0.000001,0.001611,64.5010,0.000039,0.001477,64.5230,0.000000,0.000000,0.0000,-0.015004,0.019000,0.5077,-0.00093,-0.20702,-0.24789,0.51189,-0.26500,0.20791,0.01579,-0.20255,-0.24901,0.53569,-0.28783,0.19342,-0.00582,-0.00001,-0.00884,-0.00001,-0.00971,3.63108,0.10422,-1.41485,0.02316,-0.07311,-0.01100,-0.51986,-0.08658,0.13120,-0.00685,0.00530,-0.01185,-0.00084,-0.01335,-0.00085,6.000,6.000,12.000,12.000,6.000,6.000,6.000,6.000,12.000,12.000,6.000,6.000,6.000,6.000,6.000,6.000,0.009536,0.045682,0.009438,0.045464,0.004200,0.049219,0.004495,0.049873,0.000000,0.000239,0.000000,0.000000,1.000000,0.000000,0.004200,-0.049716,0.034369,0.207980,0.192792
1.9850,0.00335,0.06141,0.48044,1.00000,-0.00074,0.00051,-0.00042,0.00692,0.04547,0.31473,0.31446,0.00148,0.04536,1,0.03519,0.00148,0.034684,-0.00000,-0.0289,-0.0002,0.0760,-0.1412,-0.0816,0.2626,-0.1845,0,0.04900,0.01900,0.0266,0.2488,0.004182,0.051261,0.5041,-0.9360,64.4992,0.4813,-0.9113,64.5273,0.0000,0.0000,0.0000,0.0210,0.0773,0.5366,-0.000012,0.001737,64.4987,0.000021,0.001606,64.5273,0.000000,0.000000,0.0000,-0.011107,0.019000,0.5366,-0.00092,-0.20702,-0.24730,0.51176,-0.26546,0.20783,0.01573,-0.20262,-0.24819,0.53503,-0.28797,0.19402,-0.00601,-0.00001,-0.00904,-0.00001,-0.01095,3.63125,0.10284,-1.41343,0.02315,-0.08070,-0.01048,-0.52075,-0.08642,0.13232,-0.00764,0.00480,-0.01206,-0.00086,-0.01350,-0.00088,6.000,6.000,12.000,12.000,6.000,6.000,6.000,6.000,12.000,12.000,6.000,6.000,6.000,6.000,6.000,6.000,0.009680,0.045574,0.009586,0.045356,0.004200,0.049344,0.004480,0.049997,0.000000,0.000237,0.000000,0.000000,1.000000,0.000000,0.004200,-0.049716,0.034369,0.207912,0.193416
1.9900,0.00346,0.06141,0.48044,1.00000,-0.00073,0.00051,-0.00042,0.00700,0.04547,0.31473,0.31446,0.00147,0.04524,1,0.03518,0.00147,0.034684,-0.00000,-0.0289,-0.0002,0.0789,-0.1450,-0.0816,0.2621,-0.1819,0,0.04900,0.01900,0.0274,0.2413,0.004170,0.051389,0.5234,-0.9613,64.4994,0.5005,-0.9359,64.5259,0.0000,0.0000,0.0000,0.0165,0.0752,0.5316,-0.000026,0.001869,64.4988,0.000011,0.001732,64.5259,0.000000,0.000000,0.0000,-0.010211,0.019000,0.5316,-0.00091,-0.20700,-0.24671,0.51166,-0.26594,0.20773,0.01569,-0.20267,-0.24737,0.53439,-0.28814,0.19460,-0.00619,-0.00001,-0.00923,-0.00001,-0.01230,3.63114,0.10131,-1.41230,0.02294,-0.08861,-0.01004,-0.52136,-0.08630,0.13349,-0.00842,0.00421,-0.01229,-0.00089,-0.01367,-0.00090,6.000,6.000,12.000,12.000,6.000,6.000,6.000,6.000,12.000,12.000,6.000,6.000,6.000,6.000,6.000,6.000,0.009827,0.045459,0.009739,0.045241,0.004200,0.049468,0.004465,0.050120,0.000000,0.000235,0.000000,0.000000,1.000000,0.000000,0.004200,-0.049716,0.034369,0.207829,0.194020
1.9950,0.00357,0.06140,0.48045,1.00000,-0.00073,0.00050,-0.00042,0.00708,0.04547,0.31473,0.31446,0.00147,0.04512,1,0.03517,0.00147,0.034684,0.00000,-0.0289,-0.0002,0.0820,-0.1489,-0.0814,0.2611,-0.1787,0,0.04900,0.01900,0.0282,0.2366,0.004155,0.051522,0.5433,-0.9873,64.5009,0.5203,-0.9610,64.5264,0.0000,0.0000,0.0000,0.0120,0.0738,0.5270,-0.000042,0.002004,64.5002,-0.000003,0.001863,64.5264,0.000000,0.000000,0.0000,-0.009237,0.019000,0.5270,-0.00090,-0.20697,-0.24613,0.51160,-0.26645,0.20761,0.01565,-0.20271,-0.24656,0.53380,-0.28835,0.19516,-0.00637,-0.00001,-0.00942,-0.00001,-0.01373,3.63079,0.09968,-1.41136,0.02261,-0.09676,-0.00964,-0.52178,-0.08624,0.13472,-0.00922,0.00356,-0.01252,-0.00091,-0.01386,-0.00093,6.000,6.000,12.000,12.000,6.000,6.000,6.000,6.000,12.000,12.000,6.000,6.000,6.000,6.000,6.000,6.000,0.009979,0.045337,0.009896,0.045120,0.004200,0.049592,0.004449,0.050244,0.000000,0.000233,0.000000,0.000000,1.000000,0.000000,0.004200,-0.049716,0.034369,0.207729,0.194603
2.0000,0.00368,0.06139,0.48045,1.00000,-0.00073,0.00050,-0.00042,0.00716,0.04546,0.31473,0.31446,0.00146,0.04499,1,0.03516,0.00146,0.034684,-0.00001,-0.0289,-0.0002,0.0850,-0.1529,-0.0810,0.2598,-0.1753,0,0.04900,0.01900,0.0291,0.2340,0.004137,0.051660,0.5639,-1.0140,64.5033,0.5406,-0.9868,64.5280,0.0000,0.0000,0.0000,0.0075,0.0730,0.5227,0.000996,0.002115,64.5024,-0.000020,0.001998,64.5280,0.000000,0.000000,0.0000,-0.008224,0.019000,0.5227,-0.00090,-0.20693,-0.24557,0.51160,-0.26700,0.20748,0.01560,-0.20273,-0.24581,0.53337,-0.28865,0.19562,-0.00655,-0.00001,-0.00960,-0.00001,-0.03630,3.63176,0.16612,-1.33844,0.09294,-0.10328,-0.00077,-0.51826,-0.11207,0.15389,-0.00716,0.00300,-0.00623,-0.00007,-0.00737,-0.00007,6.000,6.000,12.000,12.000,6.000,6.000,6.000,6.000,12.000,12.000,6.000,6.000,6.000,6.000,6.000,6.000,0.010135,0.045208,0.010057,0.044991,0.004200,0.049716,0.004432,0.050367,0.000000,0.000230,1.000000,0.000000,1.000000,0.000000,0.003019,-0.048954,0.035166,0.207612,0.195162
2.0050,0.00379,0.06138,0.48045,1.00000,-0.00072,0.00049,-0.00042,0.00724,0.04546,0.31473,0.31446,0.00146,0.04486,1,0.03516,0.00146,0.034684,-0.00003,-0.0286,-0.0002,0.0885,-0.1534,-0.0667,0.2305,-0.1317,0,0.04900,0.01900,0.0297,0.5712,0.005163,0.051761,0.5871,-1.0170,64.5981,0.5732,-0.9974,64.6060,0.0000,0.0000,0.0000,-0.0416,0.0709,0.2400,0.005027,0.001526,64.5972,0.001008,0.002098,64.6060,0.000000,0.000000,0.0000,0.032449,0.019000,0.2400,-0.00091,-0.20687,-0.24507,0.51171,-0.26758,0.20735,0.01551,-0.20274,-0.24531,0.53334,-0.28904,0.19589,-0.00670,-0.00001,-0.00974,-0.00000,-0.11955,3.67666,0.43723,-1.06463,0.36493,-0.06562,0.03593,-0.54020,-0.26769,0.11997,-0.02344,-0.00098,0.00804,0.00169,0.00740,0.00172,6.000,6.000,12.000,12.000,6.000,6.000,6.000,6.000,12.000,12.000,6.000,6.000,6.000,6.000,6.000,6.000,0.010291,0.045076,0.010223,0.044858,0.004200,0.049716,0.004404,0.050372,0.000000,0.000229,1.000000,1.000000,1.000000,0.000000,0.003064,-0.048954,0.035190,0.207478,0.195623
2.0100,0.00390,0.06135,0.48045,1.00000,-0.00072,0.00048,-0.00041,0.00733,0.04544,0.31473,0.31446,0.00145,0.04472,1,0.03517,0.00145,0.034684,-0.00006,-0.0280,-0.0002,0.0919,-0.1526,-0.0518,0.1857,-0.0277,0,0.04900,0.01900,0.0308,0.0000,0.009113,0.051198,0.6096,-1.0116,64.6969,0.6397,-1.0128,64.7479,0.0000,0.0000,0.0000,0.0000,0.0000,0.0000,0.008321,0.001064,64.6959,0.004960,0.001539,64.7479,0.000000,0.000000,0.0000,0.000000,0.000000,0.0000,-0.00096,-0.20682,-0.24465,0.51196,-0.26815,0.20724,0.01537,-0.20275,-0.24528,0.53393,-0.28948,0.19587,-0.00681,0.00000,-0.00984,0.00000,-0.19080,3.71097,0.65947,-0.83855,0.58916,-0.03556,0.06615,-0.55473,-0.40503,0.10281,-0.03563,-0.00796,0.02063,0.00330,0.02063,0.00336,6.000,6.000,12.000,12.000,6.000,6.000,6.000,6.000,12.000,12.000,6.000,6.000,6.000,6.000,6.000,6.000,0.010454,0.044926,0.010394,0.044720,0.004200,0.049716,0.004382,0.050333,0.000000,0.000214,1.000000,1.000000,1.000000,0.000000,0.003196,-0.048955,0.035263,0.207348,0.195889
2.0150,0.00399,0.06133,0.48044,1.00000,-0.00071,0.00046,-0.00040,0.00742,0.04543,0.31473,0.31446,0.00143,0.04458,1,0.03520,0.00143,0.034683,-0.00008,-0.0274,-0.0002,0.0942,-0.1517,-0.0373,0.1392,0.1072,0,0.04900,0.01900,0.0314,0.0000,0.012371,0.050749,0.6244,-1.0058,64.7928,0.6781,-1.0176,64.8624,0.0000,0.0000,0.0000,0.0000,0.0000,0.0000,0.010909,0.000656,64.7918,0.008220,0.001093,64.8624,0.000000,0.000000,0.0000,0.000000,0.000000,0.0000,-0.00105,-0.20676,-0.24436,0.51239,-0.26874,0.20716,0.01521,-0.20276,-0.24588,0.53536,-0.28997,0.19558,-0.00688,0.00002,-0.00987,0.00002,-0.24749,3.74161,0.83181,-0.66020,0.76570,-0.00861,0.09006,-0.56713,-0.52098,0.10271,-0.04503,-0.01562,0.03143,0.00476,0.03227,0.00483,6.000,6.000,12.000,12.000,6.000,6.000,6.000,6.000,12.000,12.000,6.000,6.000,6.000,6.000,6.000,6.000,0.010635,0.044769,0.010569,0.044579,0.004200,0.049716,0.004399,0.050289,0.000000,0.000202,1.000000,1.000000,1.000000,0.000000,0.003414,-0.048956,0.035384,0.207241,0.195866
2.0200,0.00407,0.06130,0.48043,1.00000,-0.00069,0.00043,-0.00038,0.00751,0.04540,0.31472,0.31446,0.00141,0.04443,1,0.03526,0.00141,0.034683,-0.00009,-0.0268,-0.0002,0.0965,-0.1510,-0.0288,0.1060,0.2556,0,0.04900,0.01900,0.0316,0.0000,0.014950,0.050344,0.6396,-1.0008,64.8491,0.6943,-1.0171,64.9666,0.0000,0.0000,0.0000,0.0000,0.0000,0.0000,0.012953,0.000319,64.8482,0.010801,0.000692,64.9666,0.000000,0.000000,0.0000,0.000000,0.000000,0.0000,-0.00118,-0.20670,-0.24421,0.51302,-0.26934,0.20712,0.01503,-0.20279,-0.24728,0.53786,-0.29055,0.19504,-0.00688,0.00005,-0.00983,0.00005,-0.29269,3.76542,0.96649,-0.51726,0.90501,0.01383,0.10955,-0.57717,-0.62195,0.11568,-0.05313,-0.02283,0.04070,0.00609,0.04256,0.00613,6.000,6.000,12.000,12.000,6.000,6.000,6.000,6.000,12.000,12.000,6.000,6.000,6.000,6.000,6.000,6.000,0.010822,0.044609,0.010749,0.044433,0.004200,0.049716,0.004417,0.050244,0.000000,0.000190,1.000000,1.000000,1.000000,0.000000,0.003716,-0.048958,0.035553,0.207164,0.195579
2.0250,0.00414,0.06126,0.48041,1.00000,-0.00068,0.00039,-0.00036,0.00760,0.04538,0.31472,0.31446,0.00139,0.04428,1,0.03534,0.00139,0.034683,-0.00010,-0.0264,-0.0002,0.0990,-0.1504,-0.0242,0.0824,0.4090,0,0.04900,0.01900,0.0316,0.0000,0.016999,0.050003,0.6561,-0.9972,64.8796,0.7027,-1.0115,65.0365,0.0000,0.0000,0.0000,0.0000,0.0000,0.0000,0.014508,0.000043,64.8788,0.012852,0.000354,65.0365,0.000000,0.000000,0.0000,0.000000,0.000000,0.0000,-0.00135,-0.20663,-0.24421,0.51389,-0.26997,0.20710,0.01487,-0.20283,-0.24960,0.54158,-0.29123,0.19427,-0.00681,0.00010,-0.00968,0.00008,-0.32748,3.78388,1.06765,-0.40636,1.01060,0.03227,0.12506,-0.58521,-0.70966,0.13929,-0.06021,-0.02961,0.04844,0.00726,0.05142,0.00724,6.000,6.000,12.000,12.000,6.000,6.000,6.000,6.000,12.000,12.000,6.000,6.000,6.000,6.000,6.000,6.000,0.011012,0.044445,0.010935,0.044283,0.004200,0.049716,0.004431,0.050202,0.000000,0.000179,1.000000,1.000000,1.000000,0.000000,0.004099,-0.048961,0.035769,0.207117,0.195041
2.0300,0.00420,0.06122,0.48039,1.00000,-0.00067,0.00034,-0.00034,0.00770,0.04535,0.31472,0.31446,0.00136,0.04413,1,0.03545,0.00136,0.034682,-0.00009,-0.0261,-0.0002,0.1017,-0.1501,-0.0222,0.0655,0.5602,0,0.04900,0.01900,0.0315,0.0000,0.018570,0.049718,0.6743,-0.9953,64.8932,0.7077,-1.0038,65.0825,0.0000,0.0000,0.0000,0.0000,0.0000,0.0000,0.015622,-0.000180,64.8926,0.014424,0.000072,65.0825,0.000000,0.000000,0.0000,0.000000,0.000000,0.0000,-0.00156,-0.20655,-0.24440,0.51501,-0.27065,0.20709,0.01474,-0.20289,-0.25294,0.54666,-0.29202,0.19327,-0.00666,0.00016,-0.00944,0.00013,-0.35283,3.79801,1.13883,-0.32455,1.08558,0.04715,0.13691,-0.59153,-0.78544,0.17128,-0.06648,-0.03599,0.05461,0.00825,0.05877,0.00815,6.000,6.000,12.000,12.000,6.000,6.000,6.000,6.000,12.000,12.000,6.000,6.000,6.000,6.000,6.000,6.000,0.011206,0.044279,0.011126,0.044130,0.004200,0.049716,0.004440,0.050164,0.000000,0.000169,1.000000,1.000000,1.000000,0.000000,0.004563,-0.048964,0.036030,0.207096,0.194268
2.0350,0.00424,0.06117,0.48035,1.00000,-0.00065,0.00028,-0.00031,0.00780,0.04532,0.31471,0.31446,0.00133,0.04397,1,0.03561,0.00133,0.034682,-0.00008,-0.0261,-0.0002,0.1047,-0.1501,-0.0217,0.0531,0.7033,0,0.04900,0.01900,0.0314,0.0000,0.019703,0.049483,0.6945,-0.9953,64.8962,0.7121,-0.9963,65.1112,0.0000,0.0000,0.0000,0.0000,0.0000,0.0000,0.016338,-0.000358,64.8958,0.015560,-0.000159,65.1112,0.000000,0.000000,0.0000,0.000000,0.000000,0.0000,-0.00179,-0.20647,-0.24478,0.51642,-0.27141,0.20710,0.01465,-0.20297,-0.25737,0.55318,-0.29292,0.19207,-0.00644,0.00023,-0.00909,0.00019,-0.36964,3.80860,1.18323,-0.26915,1.13289,0.05885,0.14542,-0.59637,-0.85033,0.20952,-0.07204,-0.04196,0.05922,0.00906,0.06453,0.00885,6.000,6.000,12.000,12.000,6.000,6.000,6.000,6.000,12.000,12.000,6.000,6.000,6.000,6.000,6.000,6.000,0.011402,0.044110,0.011322,0.043971,0.004200,0.049716,0.004442,0.050132,0.000000,0.000160,1.000000,1.000000,1.000000,0.000000,0.005104,-0.048967,0.036336,0.207093,0.193272
2.0400,0.00426,0.06112,0.48031,1.00000,-0.00064,0.00022,-0.00027,0.00790,0.04528,0.31471,0.31446,0.00131,0.04381,1,0.03580,0.00131,0.034681,-0.00006,-0.0263,-0.0002,0.1081,-0.1504,-0.0222,0.0439,0.8336,0,0.04900,0.01900,0.0313,0.0000,0.020441,0.049294,0.7166,-0.9971,64.8929,0.7179,-0.9902,65.1272,0.0000,0.0000,0.0000,0.0000,0.0000,0.0000,0.016698,-0.000496,64.8928,0.016300,-0.000346,65.1272,0.000000,0.000000,0.0000,0.000000,0.000000,0.0000,-0.00206,-0.20637,-0.24537,0.51814,-0.27226,0.20711,0.01461,-0.20307,-0.26294,0.56119,-0.29394,0.19067,-0.00613,0.00033,-0.00863,0.00026,-0.37880,3.81622,1.20393,-0.23751,1.15545,0.06772,0.15085,-0.59991,-0.90526,0.25203,-0.07698,-0.04754,0.06231,0.00966,0.06870,0.00932,6.000,6.000,12.000,12.000,6.000,6.000,6.000,6.000,12.000,12.000,6.000,6.000,6.000,6.000,6.000,6.000,0.011603,0.043938,0.011523,0.043809,0.004200,0.049716,0.004437,0.050104,0.000000,0.000152,1.000000,1.000000,1.000000,0.000000,0.005721,-0.048971,0.036685,0.207099,0.192068
2.0450,0.00427,0.06106,0.48027,1.00000,-0.00063,0.00016,-0.00024,0.00801,0.04524,0.31471,0.31446,0.00128,0.04364,1,0.03603,0.00128,0.034681,-0.00003,-0.0267,-0.0002,0.1117,-0.1509,-0.0232,0.0368,0.9472,0,0.04900,0.01900,0.0313,0.0000,0.020822,0.049145,0.7406,-1.0007,64.8864,0.7261,-0.9864,65.1331,0.0000,0.0000,0.0000,0.0000,0.0000,0.0000,0.016743,-0.000598,64.8865,0.016684,-0.000492,65.1331,0.000000,0.000000,0.0000,0.000000,0.000000,0.0000,-0.00234,-0.20627,-0.24617,0.52019,-0.27321,0.20711,0.01460,-0.20320,-0.26965,0.57071,-0.29508,0.18909,-0.00574,0.00044,-0.00808,0.00034,-0.38125,3.82132,1.20400,-0.22694,1.15626,0.07406,0.15348,-0.60231,-0.95107,0.29699,-0.08134,-0.05275,0.06395,0.01007,0.07129,0.00958,6.000,6.000,12.000,12.000,6.000,6.000,6.000,6.000,12.000,12.000,6.000,6.000,6.000,6.000,6.000,6.000,0.011806,0.043763,0.011731,0.043641,0.004200,0.049716,0.004426,0.050082,0.000000,0.000143,1.000000,1.000000,1.000000,0.000000,0.006412,-0.048975,0.037076,0.207108,0.190668
2.0500,0.00426,0.06100,0.48021,1.00000,-0.00061,0.00009,-0.00019,0.00811,0.04520,0.31470,0.31446,0.00125,0.04347,1,0.03630,0.00125,0.034681,0.00000,-0.0274,-0.0002,0.1156,-0.1518,-0.0243,0.0309,1.0415,0,0.04900,0.01900,0.0315,0.0000,0.020888,0.049034,0.7663,-1.0061,64.8789,0.7372,-0.9856,65.1313,0.0000,0.0000,0.0000,0.0000,0.0000,0.0000,0.016517,-0.000668,64.8793,0.016753,-0.000601,65.1313,0.000000,0.000000,0.0000,0.000000,0.000000,0.0000,-0.00264,-0.20615,-0.24719,0.52257,-0.27430,0.20710,0.01465,-0.20335,-0.27751,0.58171,-0.29633,0.18733,-0.00528,0.00056,-0.00742,0.00043,-0.37795,3.82427,1.18659,-0.23468,1.13838,0.07815,0.15363,-0.60371,-0.98866,0.34278,-0.08512,-0.05759,0.06425,0.01028,0.07240,0.00963,6.000,6.000,12.000,12.000,6.000,6.000,6.000,6.000,12.000,12.000,6.000,6.000,6.000,6.000,6.000,6.000,0.012014,0.043585,0.011944,0.043469,0.004200,0.049716,0.004410,0.050065,0.000000,0.000136,1.000000,1.000000,1.000000,0.000000,0.007175,-0.048980,0.037505,0.207110,0.189085
2.0550,0.00424,0.06093,0.48015,1.00000,-0.00060,0.00002,-0.00015,0.00823,0.04515,0.31470,0.31446,0.00122,0.04329,1,0.03662,0.00122,0.034681,0.00004,-0.0281,-0.0002,0.1197,-0.1528,-0.0254,0.0259,1.1147,0,0.04900,0.01900,0.0318,0.0000,0.020682,0.048958,0.7936,-1.0130,64.8721,0.7515,-0.9879,65.1233,0.0000,0.0000,0.0000,0.0000,0.0000,0.0000,0.016064,-0.000708,64.8727,0.016549,-0.000676,65.1233,0.000000,0.000000,0.0000,0.000000,0.000000,0.0000,-0.00294,-0.20601,-0.24844,0.52531,-0.27552,0.20707,0.01474,-0.20352,-0.28650,0.59411,-0.29770,0.18542,-0.00475,0.00070,-0.00667,0.00054,-0.36989,3.82534,1.15483,-0.25790,1.10495,0.08022,0.15159,-0.60421,-1.01892,0.38798,-0.08835,-0.06208,0.06339,0.01032,0.07216,0.00950,6.000,6.000,12.000,12.000,6.000,6.000,6.000,6.000,12.000,12.000,6.000,6.000,6.000,6.000,6.000,6.000,0.012226,0.043404,0.012163,0.043292,0.004200,0.049716,0.004389,0.050051,0.000000,0.000128,1.000000,1.000000,1.000000,0.000000,0.008007,-0.048985,0.037972,0.207099,0.187332
2.0600,0.00420,0.06086,0.48007,1.00000,-0.00058,-0.00005,-0.00010,0.00834,0.04510,0.31470,0.31446,0.00120,0.04311,1,0.03698,0.00120,0.034681,0.00008,-0.0290,-0.0002,0.1240,-0.1541,-0.0261,0.0215,1.1660,0,0.04900,0.01900,0.0322,0.0000,0.020247,0.048913,0.8222,-1.0214,64.8671,0.7692,-0.9933,65.1104,0.0000,0.0000,0.0000,0.0000,0.0000,0.0000,0.015427,-0.000722,64.8681,0.016117,-0.000721,65.1104,0.000000,0.000000,0.0000,0.000000,0.000000,0.0000,-0.00325,-0.20587,-0.24991,0.52840,-0.27690,0.20702,0.01486,-0.20372,-0.29656,0.60784,-0.29917,0.18336,-0.00415,0.00085,-0.00584,0.00065,-0.35807,3.82476,1.11182,-0.29381,1.05907,0.08048,0.14768,-0.60392,-1.04279,0.43141,-0.09104,-0.06622,0.06153,0.01019,0.07073,0.00921,6.000,6.000,12.000,12.000,6.000,6.000,6.000,6.000,12.000,12.000,6.000,6.000,6.000,6.000,6.000,6.000,0.012444,0.043218,0.012389,0.043110,0.004200,0.049716,0.004364,0.050040,0.000000,0.000121,1.000000,1.000000,1.000000,0.000000,0.008907,-0.048991,0.038475,0.207070,0.185420
2.0650,0.00415,0.06078,0.47999,1.00000,-0.00057,-0.00012,-0.00006,0.00846,0.04505,0.31469,0.31446,0.00117,0.04292,1,0.03739,0.00117,0.034682,0.00012,-0.0300,-0.0002,0.1285,-0.1555,-0.0265,0.0177,1.1954,0,0.04900,0.01900,0.0327,0.0000,0.019627,0.048898,0.8520,-1.0309,64.8649,0.7900,-1.0019,65.0938,0.0000,0.0000,0.0000,0.0000,0.0000,0.0000,0.014649,-0.000712,64.8660,0.015499,-0.000738,65.0938,0.000000,0.000000,0.0000,0.000000,0.000000,0.0000,-0.00356,-0.20571,-0.25161,0.53185,-0.27842,0.20694,0.01500,-0.20394,-0.30764,0.62278,-0.30073,0.18117,-0.00349,0.00101,-0.00495,0.00076,-0.34342,3.82272,1.06048,-0.33975,1.00370,0.07914,0.14222,-0.60291,-1.06118,0.47210,-0.09322,-0.07002,0.05888,0.00993,0.06833,0.00879,6.000,6.000,12.000,12.000,6.000,6.000,6.000,6.000,12.000,12.000,6.000,6.000,6.000,6.000,6.000,6.000,0.012666,0.043028,0.012621,0.042923,0.004200,0.049716,0.004336,0.050031,0.000000,0.000114,1.000000,1.000000,1.000000,0.000000,0.009874,-0.048997,0.039009,0.207017,0.183362
2.0700,0.00408,0.06070,0.47990,1.00000,-0.00056,-0.00019,-0.00001,0.00857,0.04499,0.31469,0.31446,0.00114,0.04273,1,0.03784,0.00114,0.034682,0.00015,-0.0310,-0.0002,0.1331,-0.1571,-0.0263,0.0145,1.2040,0,0.04900,0.01900,0.0333,0.0000,0.018862,0.048909,0.8828,-1.0416,64.8657,0.8139,-1.0134,65.0744,0.0000,0.0000,0.0000,0.0000,0.0000,0.0000,0.013769,-0.000680,64.8671,0.014737,-0.000729,65.0744,0.000000,0.000000,0.0000,0.000000,0.000000,0.0000,-0.00387,-0.20553,-0.25353,0.53564,-0.28011,0.20683,0.01516,-0.20418,-0.31968,0.63880,-0.30237,0.17885,-0.00279,0.00118,-0.00399,0.00088,-0.32679,3.81935,1.00347,-0.39326,0.94152,0.07635,0.13551,-0.60125,-1.07496,0.50934,-0.09493,-0.07351,0.05562,0.00955,0.06513,0.00826,6.000,6.000,12.000,12.000,6.000,6.000,6.000,6.000,12.000,12.000,6.000,6.000,6.000,6.000,6.000,6.000,0.012895,0.042834,0.012859,0.042731,0.004200,0.049716,0.004307,0.050024,0.000000,0.000109,1.000000,1.000000,1.000000,0.000000,0.010904,-0.049004,0.039574,0.206937,0.181169
2.0750,0.00401,0.06060,0.47980,1.00000,-0.00054,-0.00026,0.00003,0.00870,0.04493,0.31469,0.31446,0.00111,0.04253,1,0.03834,0.00111,0.034683,0.00019,-0.0320,-0.0002,0.1379,-0.1589,-0.0257,0.0120,1.1932,0,0.04900,0.01900,0.0340,0.0000,0.017992,0.048944,0.9144,-1.0533,64.8698,0.8405,-1.0274,65.0532,0.0000,0.0000,0.0000,0.0000,0.0000,0.0000,0.012819,-0.000627,64.8713,0.013869,-0.000697,65.0532,0.000000,0.000000,0.0000,0.000000,0.000000,0.0000,-0.00416,-0.20534,-0.25566,0.53978,-0.28195,0.20669,0.01533,-0.20445,-0.33259,0.65577,-0.30409,0.17642,-0.00204,0.00136,-0.00299,0.00101,-0.30894,3.81477,0.94311,-0.45221,0.87493,0.07226,0.12780,-0.59900,-1.08493,0.54259,-0.09621,-0.07668,0.05193,0.00908,0.06132,0.00766,6.000,6.000,12.000,12.000,6.000,6.000,6.000,6.000,12.000,12.000,6.000,6.000,6.000,6.000,6.000,6.000,0.013130,0.042634,0.013105,0.042533,0.004200,0.049716,0.004277,0.050018,0.000000,0.000104,1.000000,1.000000,1.000000,0.000000,0.011995,-0.049010,0.040166,0.206828,0.178851
2.0800,0.00392,0.06051,0.47969,1.00000,-0.00053,-0.00032,0.00007,0.00882,0.04486,0.31469,0.31446,0.00109,0.04233,1,0.03887,0.00109,0.034684,0.00022,-0.0329,-0.0002,0.1428,-0.1608,-0.0246,0.0101,1.1649,0,0.04900,0.01900,0.0348,0.0000,0.017049,0.049002,0.9466,-1.0658,64.8771,0.8696,-1.0437,65.0309,0.0000,0.0000,0.0000,0.0000,0.0000,0.0000,0.011829,-0.000556,64.8788,0.012929,-0.000644,65.0309,0.000000,0.000000,0.0000,0.000000,0.000000,0.0000,-0.00445,-0.20513,-0.25800,0.54426,-0.28395,0.20651,0.01548,-0.20474,-0.34630,0.67353,-0.30586,0.17389,-0.00127,0.00154,-0.00196,0.00114,-0.29049,3.80906,0.88132,-0.51480,0.80590,0.06698,0.11935,-0.59618,-1.09177,0.57151,-0.09709,-0.07955,0.04796,0.00854,0.05709,0.00700,6.000,6.000,12.000,12.000,6.000,6.000,6.000,6.000,12.000,12.000,6.000,6.000,6.000,6.000,6.000,6.000,0.013372,0.042428,0.013357,0.042330,0.004200,0.049716,0.004246,0.050012,0.000000,0.000100,1.000000,1.000000,1.000000,0.000000,0.013147,-0.049018,0.040782,0.206687,0.176420
2.0850,0.00383,0.06041,0.47957,1.00000,-0.00052,-0.00038,0.00011,0.00895,0.04479,0.31468,0.31446,0.00106,0.04212,1,0.03944,0.00106,0.034685,0.00025,-0.0339,-0.0002,0.1477,-0.1628,-0.0231,0.0090,1.1214,0,0.04900,0.01900,0.0357,0.0000,0.016063,0.049080,0.9795,-1.0791,64.8875,0.9007,-1.0620,65.0081,0.0000,0.0000,0.0000,0.0000,0.0000,0.0000,0.010821,-0.000468,64.8893,0.011946,-0.000571,65.0081,0.000000,0.000000,0.0000,0.000000,0.000000,0.0000,-0.00472,-0.20491,-0.26054,0.54904,-0.28609,0.20631,0.01562,-0.20505,-0.36073,0.69194,-0.30767,0.17126,-0.00047,0.00172,-0.00091,0.00126,-0.27194,3.80229,0.81963,-0.57959,0.73604,0.06063,0.11035,-0.59282,-1.09605,0.59590,-0.09764,-0.08214,0.04383,0.00796,0.05257,0.00632,6.000,6.000,12.000,12.000,6.000,6.000,6.000,6.000,12.000,12.000,6.000,6.000,6.000,6.000,6.000,6.000,0.013622,0.042217,0.013616,0.042121,0.004200,0.049716,0.004217,0.050006,0.000000,0.000097,1.000000,1.000000,1.000000,0.000000,0.014356,-0.049025,0.041420,0.206513,0.173886
2.0900,0.00373,0.06030,0.47944,1.00000,-0.00051,-0.00043,0.00015,0.00909,0.04471,0.31468,0.31446,0.00104,0.04191,1,0.04006,0.00104,0.034686,0.00028,-0.0347,-0.0002,0.1528,-0.1649,-0.0211,0.0088,1.0651,0,0.04900,0.01900,0.0367,0.0000,0.015056,0.049177,1.0127,-1.0932,64.9005,0.9335,-1.0820,64.9854,0.0000,0.0000,0.0000,0.0000,0.0000,0.0000,0.009813,-0.000363,64.9025,0.010942,-0.000480,64.9854,0.000000,0.000000,0.0000,0.000000,0.000000,0.0000,-0.00497,-0.20467,-0.26326,0.55413,-0.28838,0.20607,0.01573,-0.20537,-0.37579,0.71085,-0.30953,0.16855,0.00035,0.00190,0.00015,0.00139,-0.25366,3.79449,0.75920,-0.64549,0.66658,0.05329,0.10097,-0.58894,-1.09822,0.61568,-0.09789,-0.08445,0.03963,0.00733,0.04789,0.00562,6.000,6.000,12.000,12.000,6.000,6.000,6.000,6.000,12.000,12.000,6.000,6.000,6.000,6.000,6.000,6.000,0.013879,0.042000,0.013883,0.041905,0.004200,0.049716,0.004189,0.050000,0.000000,0.000095,1.000000,1.000000,1.000000,0.000000,0.015622,-0.049033,0.042076,0.206307,0.171259
2.0950,0.00362,0.06019,0.47930,1.00000,-0.00049,-0.00048,0.00018,0.00922,0.04464,0.31468,0.31446,0.00101,0.04168,1,0.04070,0.00101,0.034687,0.00030,-0.0356,-0.0002,0.1578,-0.1671,-0.0188,0.0094,0.9984,0,0.04900,0.01900,0.0377,0.0000,0.014047,0.049291,1.0464,-1.1079,64.9160,0.9677,-1.1032,64.9631,0.0000,0.0000,0.0000,0.0000,0.0000,0.0000,0.008818,-0.000244,64.9179,0.009935,-0.000372,64.9631,0.000000,0.000000,0.0000,0.000000,0.000000,0.0000,-0.00520,-0.20441,-0.26615,0.55948,-0.29080,0.20579,0.01579,-0.20570,-0.39140,0.73011,-0.31142,0.16576,0.00117,0.00208,0.00121,0.00151,-0.23592,3.78573,0.70083,-0.71169,0.59841,0.04504,0.09134,-0.58455,-1.09861,0.63089,-0.09790,-0.08650,0.03544,0.00669,0.04314,0.00492,6.000,6.000,12.000,12.000,6.000,6.000,6.000,6.000,12.000,12.000,6.000,6.000,6.000,6.000,6.000,6.000,0.014145,0.041776,0.014157,0.041684,0.004200,0.049716,0.004162,0.049993,0.000000,0.000093,1.000000,1.000000,1.000000,0.000000,0.016941,-0.049042,0.042747,0.206067,0.168548
2.1000,0.00351,0.06007,0.47916,1.00000,-0.00048,-0.00052,0.00021,0.00936,0.04455,0.31467,0.31446,0.00099,0.04146,1,0.04137,0.00099,0.034689,0.00032,-0.0363,-0.0002,0.1630,-0.1694,-0.0161,0.0107,0.9236,0,0.04900,0.01900,0.0387,0.0000,0.013048,0.049421,1.0805,-1.1233,64.9333,1.0030,-1.1256,64.9416,0.0000,0.0000,0.0000,0.0000,0.0000,0.0000,0.007844,-0.000111,64.9353,0.008939,-0.000249,64.9416,0.000000,0.000000,0.0000,0.000000,0.000000,0.0000,-0.00542,-0.20414,-0.26919,0.56509,-0.29335,0.20549,0.01580,-0.20604,-0.40747,0.74959,-0.31334,0.16291,0.00199,0.00226,0.00227,0.00163,-0.21889,3.77603,0.64507,-0.77763,0.53214,0.03595,0.08156,-0.57966,-1.09748,0.64163,-0.09772,-0.08830,0.03132,0.00603,0.03839,0.00423,6.000,6.000,12.000,12.000,6.000,6.000,6.000,6.000,12.000,12.000,6.000,6.000,6.000,6.000,6.000,6.000,0.014418,0.041546,0.014439,0.041457,0.004200,0.049716,0.004137,0.049985,0.000000,0.000092,1.000000,1.000000,1.000000,0.000000,0.018312,-0.049050,0.043429,0.205794,0.165762
2.1050,0.00339,0.05994,0.47901,1.00000,-0.00047,-0.00056,0.00024,0.00950,0.04447,0.31467,0.31446,0.00104,0.04122,1,0.04208,0.00104,0.034690,0.00034,-0.0369,-0.0002,0.1682,-0.1719,-0.0133,0.0129,0.8428,0,0.04900,0.01900,0.0398,0.0000,0.012069,0.049566,1.1149,-1.1394,64.9522,1.0392,-1.1489,64.9211,0.0000,0.0000,0.0000,0.0000,0.0000,0.0000,0.006898,0.000035,64.9542,0.007962,-0.000112,64.9211,0.000000,0.000000,0.0000,0.000000,0.000000,0.0000,-0.00562,-0.20384,-0.27236,0.57093,-0.29600,0.20515,0.01575,-0.20639,-0.42393,0.76915,-0.31527,0.16000,0.00281,0.00243,0.00330,0.00175,-0.20268,3.76543,0.59222,-0.84297,0.46815,0.02609,0.07170,-0.57427,-1.09498,0.64802,-0.09737,-0.08987,0.02730,0.00536,0.03370,0.00355,6.000,6.000,12.000,12.000,6.000,6.000,6.000,6.000,12.000,12.000,6.000,6.000,6.000,6.000,6.000,6.000,0.014701,0.041309,0.014729,0.041223,0.004200,0.049716,0.004114,0.049976,0.000000,0.000091,1.000000,1.000000,1.000000,0.000000,0.019733,-0.049059,0.044121,0.205487,0.162910
2.1100,0.00328,0.05981,0.47885,1.00000,-0.00046,-0.00059,0.00026,0.00965,0.04438,0.31467,0.31446,0.00111,0.04098,1,0.04280,0.00111,0.034692,0.00035,-0.0375,-0.0002,0.1734,-0.1744,-0.0103,0.0157,0.7579,0,0.04900,0.01900,0.0409,0.0000,0.011116,0.049723,1.1498,-1.1562,64.9722,1.0761,-1.1730,64.9017,0.0000,0.0000,0.0000,0.0000,0.0000,0.0000,0.005982,0.000192,64.9742,0.007011,0.000038,64.9017,0.000000,0.000000,0.0000,0.000000,0.000000,0.0000,-0.00580,-0.20353,-0.27566,0.57696,-0.29877,0.20478,0.01562,-0.20674,-0.44069,0.78868,-0.31722,0.15704,0.00361,0.00259,0.00432,0.00185,-0.18733,3.75399,0.54242,-0.90749,0.40666,0.01552,0.06184,-0.56839,-1.09120,0.65027,-0.09691,-0.09122,0.02339,0.00470,0.02912,0.00289,6.000,6.000,12.000,12.000,6.000,6.000,6.000,6.000,12.000,12.000,6.000,6.000,6.000,6.000,6.000,6.000,0.014992,0.041066,0.015027,0.040982,0.004200,0.049716,0.004094,0.049967,0.000000,0.000091,1.000000,1.000000,1.000000,0.000000,0.021202,-0.049068,0.044817,0.205148,0.160000
2.1150,0.00316,0.05967,0.47869,1.00000,-0.00045,-0.00061,0.00028,0.00980,0.04428,0.31466,0.31446,0.00117,0.04073,1,0.04355,0.00117,0.034693,0.00035,-0.0380,-0.0002,0.1787,-0.1770,-0.0071,0.0190,0.6708,0,0.04900,0.01900,0.0420,0.0000,0.010191,0.049894,1.1850,-1.1737,64.9930,1.1136,-1.1976,64.8837,0.0000,0.0000,0.0000,0.0000,0.0000,0.0000,0.005097,0.000361,64.9949,0.006088,0.000200,64.8837,0.000000,0.000000,0.0000,0.000000,0.000000,0.0000,-0.00597,-0.20319,-0.27905,0.58317,-0.30162,0.20437,0.01542,-0.20708,-0.45770,0.80804,-0.31918,0.15404,0.00440,0.00275,0.00530,0.00196,-0.17286,3.74173,0.49569,-0.97110,0.34775,0.00430,0.05201,-0.56203,-1.08618,0.64857,-0.09636,-0.09236,0.01962,0.00404,0.02467,0.00226,6.000,6.000,12.000,12.000,6.000,6.000,6.000,6.000,12.000,12.000,6.000,6.000,6.000,6.000,6.000,6.000,0.015292,0.040815,0.015334,0.040735,0.004200,0.049716,0.004075,0.049956,0.000000,0.000090,1.000000,1.000000,1.000000,0.000000,0.022716,-0.049078,0.045515,0.204776,0.157040
2.1200,0.00304,0.05953,0.47852,1.00000,-0.00044,-0.00063,0.00030,0.00996,0.04418,0.31466,0.31446,0.00122,0.04048,1,0.04431,0.00122,0.034695,0.00036,-0.0383,-0.0002,0.1841,-0.1798,-0.0039,0.0228,0.5827,0,0.04900,0.01900,0.0432,0.0000,0.009296,0.050075,1.2207,-1.1920,65.0143,1.1515,-1.2228,64.8670,0.0000,0.0000,0.0000,0.0000,0.0000,0.0000,0.004244,0.000539,65.0161,0.005196,0.000373,64.8670,0.000000,0.000000,0.0000,0.000000,0.000000,0.0000,-0.00611,-0.20284,-0.28252,0.58952,-0.30455,0.20394,0.01513,-0.20741,-0.47486,0.82713,-0.32114,0.15100,0.00517,0.00289,0.00624,0.00206,-0.15925,3.72872,0.45194,-1.03376,0.29141,-0.00752,0.04225,-0.55519,-1.07995,0.64313,-0.09576,-0.09330,0.01599,0.00339,0.02036,0.00165,6.000,6.000,12.000,12.000,6.000,6.000,6.000,6.000,12.000,12.000,6.000,6.000,6.000,6.000,6.000,6.000,0.015602,0.040557,0.015649,0.040481,0.004200,0.049716,0.004058,0.049945,0.000000,0.000090,1.000000,1.000000,1.000000,0.000000,0.024275,-0.049088,0.046211,0.204372,0.154036
2.1250,0.00293,0.05938,0.47835,1.00000,-0.00043,-0.00064,0.00031,0.01012,0.04408,0.31465,0.31446,0.00125,0.04022,1,0.04509,0.00125,0.034697,0.00035,-0.0386,-0.0002,0.1896,-0.1827,-0.0007,0.0269,0.4949,0,0.04900,0.01900,0.0443,0.0000,0.008433,0.050266,1.2569,-1.2110,65.0357,1.1899,-1.2485,64.8519,0.0000,0.0000,0.0000,0.0000,0.0000,0.0000,0.003422,0.000727,65.0374,0.004335,0.000557,64.8519,0.000000,0.000000,0.0000,0.000000,0.000000,0.0000,-0.00624,-0.20246,-0.28606,0.59598,-0.30755,0.20347,0.01474,-0.20772,-0.49212,0.84584,-0.32311,0.14793,0.00592,0.00303,0.00715,0.00215,-0.14648,3.71499,0.41105,-1.09548,0.23758,-0.01987,0.03259,-0.54789,-1.07249,0.63418,-0.09513,-0.09407,0.01250,0.00276,0.01622,0.00107,6.000,6.000,12.000,12.000,6.000,6.000,6.000,6.000,12.000,12.000,6.000,6.000,6.000,6.000,6.000,6.000,0.015922,0.040291,0.015974,0.040219,0.004200,0.049716,0.004044,0.049933,0.000000,0.000089,1.000000,1.000000,1.000000,0.000000,0.025875,-0.049098,0.046902,0.203936,0.150996
2.1300,0.00282,0.05922,0.47818,1.00000,-0.00042,-0.00065,0.00032,0.01029,0.04397,0.31465,0.31446,0.00128,0.03995,1,0.04587,0.00128,0.034698,0.00035,-0.0387,-0.0002,0.1951,-0.1857,0.0025,0.0311,0.4084,0,0.04900,0.01900,0.0455,0.0000,0.007599,0.050467,1.2937,-1.2309,65.0569,1.2287,-1.2746,64.8382,0.0000,0.0000,0.0000,0.0000,0.0000,0.0000,0.002629,0.000922,65.0585,0.003503,0.000749,64.8382,0.000000,0.000000,0.0000,0.000000,0.000000,0.0000,-0.00635,-0.20206,-0.28963,0.60252,-0.31060,0.20297,0.01425,-0.20800,-0.50940,0.86408,-0.32509,0.14483,0.00664,0.00316,0.00802,0.00223,-0.13450,3.70062,0.37286,-1.15629,0.18617,-0.03268,0.02305,-0.54015,-1.06376,0.62193,-0.09450,-0.09468,0.00916,0.00214,0.01226,0.00052,6.000,6.000,12.000,12.000,6.000,6.000,6.000,6.000,12.000,12.000,6.000,6.000,6.000,6.000,6.000,6.000,0.016251,0.040018,0.016307,0.039950,0.004200,0.049716,0.004031,0.049920,0.000000,0.000088,1.000000,1.000000,1.000000,0.000000,0.027516,-0.049108,0.047585,0.203468,0.147926
2.1350,0.00271,0.05906,0.47800,1.00000,-0.00041,-0.00065,0.00032,0.01046,0.04386,0.31465,0.31446,0.00129,0.03967,1,0.04666,0.00129,0.034700,0.00034,-0.0387,-0.0002,0.2008,-0.1888,0.0057,0.0354,0.3240,0,0.04900,0.01900,0.0467,0.0000,0.006794,0.050675,1.3311,-1.2516,65.0778,1.2680,-1.3011,64.8261,0.0000,0.0000,0.0000,0.0000,0.0000,0.0000,0.001863,0.001125,65.0792,0.002700,0.000949,64.8261,0.000000,0.000000,0.0000,0.000000,0.000000,0.0000,-0.00645,-0.20164,-0.29323,0.60912,-0.31369,0.20244,0.01366,-0.20826,-0.52665,0.88175,-0.32707,0.14172,0.00733,0.00327,0.00883,0.00230,-0.12329,3.68565,0.33720,-1.21624,0.13704,-0.04591,0.01366,-0.53197,-1.05374,0.60660,-0.09389,-0.09513,0.00597,0.00153,0.00847,-0.00001,6.000,6.000,12.000,12.000,6.000,6.000,6.000,6.000,12.000,12.000,6.000,6.000,6.000,6.000,6.000,6.000,0.016590,0.039737,0.016650,0.039673,0.004200,0.049716,0.004020,0.049907,0.000000,0.000087,1.000000,1.000000,1.000000,0.000000,0.029194,-0.049119,0.048256,0.202968,0.144832
2.1400,0.00261,0.05889,0.47782,1.00000,-0.00040,-0.00064,0.00033,0.01063,0.04374,0.31464,0.31446,0.00129,0.03939,1,0.04744,0.00129,0.034701,0.00032,-0.0386,-0.0002,0.2065,-0.1920,0.0087,0.0394,0.2423,0,0.04900,0.01900,0.0479,0.0000,0.006016,0.050891,1.3692,-1.2733,65.0981,1.3078,-1.3280,64.8154,0.0000,0.0000,0.0000,0.0000,0.0000,0.0000,0.001124,0.001333,65.0992,0.001925,0.001155,64.8154,0.000000,0.000000,0.0000,0.000000,0.000000,0.0000,-0.00653,-0.20120,-0.29683,0.61575,-0.31682,0.20187,0.01297,-0.20848,-0.54380,0.89878,-0.32905,0.13859,0.00799,0.00338,0.00961,0.00237,-0.11280,3.67016,0.30389,-1.27535,0.09009,-0.05949,0.00444,-0.52337,-1.04238,0.58838,-0.09331,-0.09545,0.00291,0.00095,0.00486,-0.00050,6.000,6.000,12.000,12.000,6.000,6.000,6.000,6.000,12.000,12.000,6.000,6.000,6.000,6.000,6.000,6.000,0.016939,0.039448,0.017002,0.039389,0.004200,0.049716,0.004010,0.049894,0.000000,0.000087,1.000000,1.000000,1.000000,0.000000,0.030908,-0.049129,0.048912,0.202436,0.141718
2.1450,0.00251,0.05871,0.47764,1.00000,-0.00040,-0.00063,0.00033,0.01081,0.04362,0.31464,0.31446,0.00129,0.03910,1,0.04822,0.00129,0.034702,0.00030,-0.0384,-0.0002,0.2124,-0.1955,0.0117,0.0432,0.1638,0,0.04900,0.01900,0.0492,0.0000,0.005265,0.051112,1.4080,-1.2958,65.1176,1.3482,-1.3553,64.8063,0.0000,0.0000,0.0000,0.0000,0.0000,0.0000,0.000409,0.001547,65.1185,0.001175,0.001368,64.8063,0.000000,0.000000,0.0000,0.000000,0.000000,0.0000,-0.00659,-0.20073,-0.30042,0.62237,-0.31998,0.20128,0.01216,-0.20866,-0.56080,0.91508,-0.33104,0.13545,0.00861,0.00347,0.01033,0.00243,-0.10301,3.65421,0.27277,-1.33364,0.04521,-0.07335,-0.00458,-0.51440,-1.02966,0.56749,-0.09277,-0.09564,-0.00000,0.00038,0.00143,-0.00097,6.000,6.000,12.000,12.000,6.000,6.000,6.000,6.000,12.000,12.000,6.000,6.000,6.000,6.000,6.000,6.000,0.017299,0.039151,0.017365,0.039097,0.004200,0.049716,0.004002,0.049880,0.000000,0.000086,1.000000,1.000000,1.000000,0.000000,0.032656,-0.049140,0.049550,0.201871,0.138590
2.1500,0.00242,0.05853,0.47746,1.00000,-0.00039,-0.00062,0.00033,0.01099,0.04349,0.31463,0.31446,0.00127,0.03880,1,0.04899,0.00127,0.034704,0.00028,-0.0382,-0.0002,0.2183,-0.1990,0.0145,0.0465,0.0888,0,0.04900,0.01900,0.0504,0.0000,0.004537,0.051338,1.4476,-1.3194,65.1362,1.3891,-1.3831,64.7987,0.0000,0.0000,0.0000,0.0000,0.0000,0.0000,-0.000282,0.001765,65.1369,0.000450,0.001586,64.7987,0.000000,0.000000,0.0000,0.000000,0.000000,0.0000,-0.00664,-0.20023,-0.30397,0.62895,-0.32314,0.20065,0.01124,-0.20878,-0.57757,0.93059,-0.33303,0.13231,0.00920,0.00356,0.01100,0.00248,-0.09387,3.63787,0.24367,-1.39114,0.00228,-0.08744,-0.01340,-0.50506,-1.01554,0.54412,-0.09230,-0.09573,-0.00278,-0.00016,-0.00182,-0.00141,6.000,6.000,12.000,12.000,6.000,6.000,6.000,6.000,12.000,12.000,6.000,6.000,6.000,6.000,6.000,6.000,0.017670,0.038846,0.017738,0.038796,0.004200,0.049716,0.003995,0.049867,0.000000,0.000085,1.000000,1.000000,1.000000,0.000000,0.034436,-0.049152,0.050166,0.201275,0.135453
2.1550,0.00233,0.05834,0.47728,1.00000,-0.00038,-0.00061,0.00032,0.01118,0.04335,0.31463,0.31446,0.00124,0.03849,1,0.04975,0.00124,0.034705,0.00026,-0.0378,-0.0002,0.2245,-0.2027,0.0171,0.0492,0.0175,0,0.04900,0.01900,0.0517,0.0000,0.003833,0.051568,1.4881,-1.3440,65.1538,1.4308,-1.4114,64.7925,0.0000,0.0000,0.0000,0.0000,0.0000,0.0000,-0.000952,0.001985,65.1541,-0.000252,0.001808,64.7925,0.000000,0.000000,0.0000,0.000000,0.000000,0.0000,-0.00668,-0.19971,-0.30746,0.63548,-0.32630,0.19999,0.01021,-0.20885,-0.59407,0.94522,-0.33503,0.12916,0.00976,0.00363,0.01163,0.00252,-0.08538,3.62121,0.21646,-1.44783,-0.03879,-0.10168,-0.02198,-0.49540,-1.00001,0.51844,-0.09189,-0.09572,-0.00541,-0.00068,-0.00489,-0.00183,6.000,6.000,12.000,12.000,6.000,6.000,6.000,6.000,12.000,12.000,6.000,6.000,6.000,6.000,6.000,6.000,0.018051,0.038532,0.018121,0.038487,0.004200,0.049716,0.003989,0.049853,0.000000,0.000084,1.000000,1.000000,1.000000,0.000000,0.036246,-0.049163,0.050758,0.200647,0.132309
2.1600,0.00226,0.05814,0.47710,1.00000,-0.00038,-0.00059,0.00032,0.01138,0.04322,0.31462,0.31446,0.00121,0.03817,1,0.05049,0.00121,0.034706,0.00023,-0.0373,-0.0002,0.2307,-0.2066,0.0196,0.0512,-0.0500,0,0.04900,0.01900,0.0530,0.0000,0.003150,0.051802,1.5295,-1.3698,65.1701,1.4733,-1.4402,64.7876,0.0000,0.0000,0.0000,0.0000,0.0000,0.0000,-0.001601,0.002208,65.1702,-0.000933,0.002033,64.7876,0.000000,0.000000,0.0000,0.000000,0.000000,0.0000,-0.00671,-0.19916,-0.31089,0.64193,-0.32946,0.19929,0.00907,-0.20884,-0.61025,0.95893,-0.33704,0.12602,0.01028,0.00369,0.01220,0.00256,-0.07750,3.60430,0.19101,-1.50369,-0.07809,-0.11602,-0.03030,-0.48544,-0.98304,0.49064,-0.09156,-0.09562,-0.00791,-0.00118,-0.00777,-0.00221,6.000,6.000,12.000,12.000,6.000,6.000,6.000,6.000,12.000,12.000,6.000,6.000,6.000,6.000,6.000,6.000,0.018444,0.038210,0.018516,0.038168,0.004200,0.049716,0.003984,0.049840,0.000000,0.000083,1.000000,1.000000,1.000000,0.000000,0.038084,-0.049175,0.051322,0.199987,0.129163
2.1650,0.00219,0.05794,0.47693,1.00000,-0.00037,-0.00056,0.00031,0.01158,0.04307,0.31462,0.31446,0.00117,0.03784,1,0.05121,0.00117,0.034707,0.00020,-0.0368,-0.0002,0.2371,-0.2106,0.0219,0.0524,-0.1135,0,0.04900,0.01900,0.0543,0.0000,0.002488,0.052036,1.5719,-1.3966,65.1852,1.5165,-1.4695,64.7841,0.0000,0.0000,0.0000,0.0000,0.0000,0.0000,-0.002231,0.002432,65.1850,-0.001592,0.002259,64.7841,0.000000,0.000000,0.0000,0.000000,0.000000,0.0000,-0.00672,-0.19859,-0.31422,0.64826,-0.33260,0.19857,0.00782,-0.20877,-0.62604,0.97165,-0.33906,0.12288,0.01076,0.00374,0.01273,0.00258,-0.07022,3.58722,0.16719,-1.55871,-0.11568,-0.13039,-0.03835,-0.47521,-0.96464,0.46089,-0.09130,-0.09546,-0.01026,-0.00166,-0.01047,-0.00257,6.000,6.000,12.000,12.000,6.000,6.000,6.000,6.000,12.000,12.000,6.000,6.000,6.000,6.000,6.000,6.000,0.018848,0.037878,0.018921,0.037841,0.004200,0.049716,0.003980,0.049827,0.000000,0.000082,1.000000,1.000000,1.000000,0.000000,0.039948,-0.049186,0.051857,0.199294,0.126018
2.1700,0.00214,0.05773,0.47676,1.00000,-0.00036,-0.00054,0.00030,0.01179,0.04293,0.31462,0.31446,0.00113,0.03751,1,0.05190,0.00113,0.034707,0.00017,-0.0362,-0.0002,0.2436,-0.2149,0.0239,0.0527,-0.1730,0,0.04900,0.01900,0.0557,0.0000,0.001846,0.052272,1.6154,-1.4246,65.1990,1.5608,-1.4995,64.7818,0.0000,0.0000,0.0000,0.0000,0.0000,0.0000,-0.002841,0.002657,65.1984,-0.002232,0.002487,64.7818,0.000000,0.000000,0.0000,0.000000,0.000000,0.0000,-0.00673,-0.19799,-0.31745,0.65446,-0.33571,0.19781,0.00646,-0.20862,-0.64139,0.98333,-0.34109,0.11974,0.01121,0.00378,0.01320,0.00260,-0.06352,3.57003,0.14492,-1.61283,-0.15162,-0.14472,-0.04608,-0.46477,-0.94482,0.42933,-0.09113,-0.09522,-0.01247,-0.00210,-0.01299,-0.00290,6.000,6.000,12.000,12.000,6.000,6.000,6.000,6.000,12.000,12.000,6.000,6.000,6.000,6.000,6.000,6.000,0.019264,0.037538,0.019338,0.037505,0.004200,0.049716,0.003977,0.049814,0.000000,0.000081,1.000000,1.000000,1.000000,0.000000,0.041835,-0.049198,0.052359,0.198569,0.122876
2.1750,0.00210,0.05751,0.47659,1.00000,-0.00036,-0.00051,0.00029,0.01200,0.04277,0.31461,0.31446,0.00107,0.03716,1,0.05257,0.00107,0.034708,0.00015,-0.0356,-0.0002,0.2504,-0.2193,0.0258,0.0521,-0.2287,0,0.04900,0.01900,0.0571,0.0000,0.001223,0.052508,1.6599,-1.4539,65.2114,1.6060,-1.5301,64.7807,0.0000,0.0000,0.0000,0.0000,0.0000,0.0000,-0.003433,0.002880,65.2104,-0.002852,0.002714,64.7807,0.000000,0.000000,0.0000,0.000000,0.000000,0.0000,-0.00672,-0.19736,-0.32056,0.66051,-0.33879,0.19702,0.00500,-0.20838,-0.65626,0.99392,-0.34314,0.11661,0.01162,0.00380,0.01363,0.00261,-0.05739,3.55283,0.12410,-1.66600,-0.18597,-0.15895,-0.05348,-0.45414,-0.92359,0.39614,-0.09103,-0.09494,-0.01453,-0.00252,-0.01532,-0.00321,6.000,6.000,12.000,12.000,6.000,6.000,6.000,6.000,12.000,12.000,6.000,6.000,6.000,6.000,6.000,6.000,0.019691,0.037188,0.019767,0.037159,0.004200,0.049716,0.003974,0.049801,0.000000,0.000080,1.000000,1.000000,1.000000,0.000000,0.043745,-0.049210,0.052826,0.197811,0.119740
2.1800,0.00206,0.05728,0.47643,1.00000,-0.00035,-0.00048,0.00028,0.01222,0.04261,0.31461,0.31446,0.00102,0.03680,1,0.05320,0.00102,0.034708,0.00012,-0.0350,-0.0002,0.2573,-0.2239,0.0274,0.0505,-0.2805,0,0.04900,0.01900,0.0585,0.0000,0.000619,0.052742,1.7057,-1.4844,65.2223,1.6523,-1.5615,64.7807,0.0000,0.0000,0.0000,0.0000,0.0000,0.0000,-0.004006,0.003101,65.2209,-0.003454,0.002940,64.7807,0.000000,0.000000,0.0000,0.000000,0.000000,0.0000,-0.00671,-0.19670,-0.32353,0.66637,-0.34183,0.19620,0.00343,-0.20805,-0.67060,1.00337,-0.34520,0.11349,0.01200,0.00382,0.01402,0.00261,-0.05182,3.53568,0.10465,-1.71817,-0.21876,-0.17302,-0.06053,-0.44337,-0.90097,0.36145,-0.09101,-0.09460,-0.01644,-0.00291,-0.01746,-0.00348,6.000,6.000,12.000,12.000,6.000,6.000,6.000,6.000,12.000,12.000,6.000,6.000,6.000,6.000,6.000,6.000,0.020132,0.036828,0.020207,0.036804,0.004200,0.049716,0.003972,0.049790,0.000000,0.000080,1.000000,1.000000,1.000000,0.000000,0.045675,-0.049222,0.053256,0.197020,0.116612
2.1850,0.00204,0.05705,0.47628,1.00000,-0.00035,-0.00044,0.00027,0.01244,0.04245,0.31460,0.31446,0.00096,0.03644,1,0.05380,0.00096,0.034709,0.00009,-0.0344,-0.0002,0.2643,-0.2287,0.0289,0.0479,-0.3284,0,0.04900,0.01900,0.0600,0.0000,0.000033,0.052974,1.7526,-1.5162,65.2318,1.6997,-1.5936,64.7817,0.0000,0.0000,0.0000,0.0000,0.0000,0.0000,-0.004562,0.003320,65.2300,-0.004037,0.003165,64.7817,0.000000,0.000000,0.0000,0.000000,0.000000,0.0000,-0.00669,-0.19600,-0.32636,0.67203,-0.34482,0.19534,0.00176,-0.20761,-0.68435,1.01165,-0.34729,0.11039,0.01235,0.00382,0.01436,0.00261,-0.04679,3.51866,0.08651,-1.76928,-0.25003,-0.18686,-0.06720,-0.43250,-0.87702,0.32540,-0.09107,-0.09423,-0.01820,-0.00328,-0.01942,-0.00373,6.000,6.000,12.000,12.000,6.000,6.000,6.000,6.000,12.000,12.000,6.000,6.000,6.000,6.000,6.000,6.000,0.020584,0.036459,0.020661,0.036438,0.004200,0.049716,0.003970,0.049779,0.000000,0.000079,1.000000,1.000000,1.000000,0.000000,0.047622,-0.049235,0.053646,0.196197,0.113493
2.1900,0.00204,0.05681,0.47614,1.00000,-0.00034,-0.00041,0.00026,0.01267,0.04228,0.31460,0.31446,0.00089,0.03606,1,0.05436,0.00089,0.034709,0.00007,-0.0337,-0.0002,0.2716,-0.2337,0.0301,0.0442,-0.3727,0,0.04900,0.01900,0.0614,0.0000,-0.000535,0.053203,1.8008,-1.5494,65.2398,1.7483,-1.6265,64.7838,0.0000,0.0000,0.0000,0.0000,0.0000,0.0000,-0.005101,0.003535,65.2376,-0.004602,0.003386,64.7838,0.000000,0.000000,0.0000,0.000000,0.000000,0.0000,-0.00666,-0.19528,-0.32901,0.67747,-0.34776,0.19445,0.00000,-0.20708,-0.69747,1.01871,-0.34939,0.10729,0.01266,0.00382,0.01466,0.00260,-0.04229,3.50185,0.06959,-1.81926,-0.27982,-0.20041,-0.07348,-0.42158,-0.85178,0.28812,-0.09119,-0.09382,-0.01980,-0.00361,-0.02118,-0.00395,6.000,6.000,12.000,12.000,6.000,6.000,6.000,6.000,12.000,12.000,6.000,6.000,6.000,6.000,6.000,6.000,0.021050,0.036079,0.021127,0.036062,0.004200,0.049716,0.003968,0.049768,0.000000,0.000079,1.000000,1.000000,1.000000,0.000000,0.049586,-0.049247,0.053995,0.195340,0.110386
2.1950,0.00205,0.05657,0.47600,1.00000,-0.00033,-0.00037,0.00024,0.01291,0.04210,0.31459,0.31446,0.00082,0.03568,1,0.05487,0.00082,0.034709,0.00004,-0.0331,-0.0002,0.2791,-0.2389,0.0311,0.0395,-0.4133,0,0.04900,0.01900,0.0630,0.0000,-0.001085,0.053427,1.8503,-1.5840,65.2464,1.7982,-1.6604,64.7868,0.0000,0.0000,0.0000,0.0000,0.0000,0.0000,-0.005623,0.003745,65.2437,-0.005150,0.003603,64.7868,0.000000,0.000000,0.0000,0.000000,0.000000,0.0000,-0.00662,-0.19453,-0.33149,0.68267,-0.35063,0.19353,-0.00185,-0.20643,-0.70991,1.02453,-0.35151,0.10421,0.01295,0.00381,0.01492,0.00258,-0.03831,3.48531,0.05385,-1.86805,-0.30816,-0.21360,-0.07933,-0.41065,-0.82531,0.24973,-0.09137,-0.09339,-0.02124,-0.00391,-0.02274,-0.00415,6.000,6.000,12.000,12.000,6.000,6.000,6.000,6.000,12.000,12.000,6.000,6.000,6.000,6.000,6.000,6.000,0.021529,0.035689,0.021606,0.035675,0.004200,0.049716,0.003967,0.049759,0.000000,0.000079,1.000000,1.000000,1.000000,0.000000,0.051563,-0.049259,0.054301,0.194450,0.107292
2.2000,0.00207,0.05631,0.47587,1.00000,-0.00033,-0.00034,0.00023,0.01316,0.04192,0.31459,0.31446,0.00075,0.03528,1,0.05535,0.00075,0.034709,0.00002,-0.0326,-0.0002,0.2868,-0.2443,0.0319,0.0337,-0.4505,0,0.04900,0.01900,0.0645,0.0000,-0.001618,0.053647,1.9012,-1.6200,65.2515,1.8494,-1.6952,64.7907,0.0000,0.0000,0.0000,0.0000,0.0000,0.0000,-0.006128,0.003950,65.2484,-0.005679,0.003814,64.7907,0.000000,0.000000,0.0000,0.000000,0.000000,0.0000,-0.00658,-0.19374,-0.33378,0.68761,-0.35344,0.19257,-0.00378,-0.20566,-0.72163,1.02906,-0.35366,0.10115,0.01320,0.00378,0.01515,0.00256,-0.03481,3.46914,0.03922,-1.91560,-0.33508,-0.22638,-0.08476,-0.39978,-0.79768,0.21035,-0.09160,-0.09292,-0.02250,-0.00417,-0.02411,-0.00431,6.000,6.000,12.000,12.000,6.000,6.000,6.000,6.000,12.000,12.000,6.000,6.000,6.000,6.000,6.000,6.000,0.022021,0.035289,0.022099,0.035278,0.004200,0.049716,0.003965,0.049751,0.000000,0.000079,1.000000,1.000000,1.000000,0.000000,0.053552,-0.049272,0.054563,0.193526,0.104211
2.2050,0.00211,0.05605,0.47575,1.00000,-0.00032,-0.00030,0.00022,0.01341,0.04173,0.31458,0.31446,0.00067,0.03487,1,0.05577,0.00067,0.034709,0.00001,-0.0320,-0.0002,0.2947,-0.2500,0.0324,0.0269,-0.4842,0,0.04900,0.01900,0.0662,0.0000,-0.002133,0.053860,1.9536,-1.6575,65.2553,1.9020,-1.7309,64.7954,0.0000,0.0000,0.0000,0.0000,0.0000,0.0000,-0.006616,0.004148,65.2516,-0.006192,0.004020,64.7954,0.000000,0.000000,0.0000,0.000000,0.000000,0.0000,-0.00653,-0.19291,-0.33586,0.69228,-0.35618,0.19158,-0.00578,-0.20478,-0.73259,1.03228,-0.35583,0.09810,0.01344,0.00375,0.01535,0.00253,-0.03179,3.45338,0.02563,-1.96185,-0.36061,-0.23867,-0.08973,-0.38899,-0.76896,0.17009,-0.09187,-0.09243,-0.02359,-0.00440,-0.02526,-0.00444,6.000,6.000,12.000,12.000,6.000,6.000,6.000,6.000,12.000,12.000,6.000,6.000,6.000,6.000,6.000,6.000,0.022528,0.034878,0.022606,0.034869,0.004200,0.049716,0.003964,0.049743,0.000000,0.000079,1.000000,1.000000,1.000000,0.000000,0.055552,-0.049284,0.054778,0.192569,0.101145
2.2100,0.00216,0.05577,0.47565,1.00000,-0.00031,-0.00026,0.00021,0.01367,0.04153,0.31458,0.31446,0.00064,0.03445,1,0.05615,0.00064,0.034709,-0.00001,-0.0316,-0.0002,0.3028,-0.2559,0.0328,0.0191,-0.5146,0,0.04900,0.01900,0.0678,0.0000,-0.002631,0.054066,2.0075,-1.6965,65.2576,1.9561,-1.7678,64.8009,0.0000,0.0000,0.0000,0.0000,0.0000,0.0000,-0.007088,0.004338,65.2534,-0.006687,0.004219,64.8009,0.000000,0.000000,0.0000,0.000000,0.000000,0.0000,-0.00648,-0.19206,-0.33774,0.69667,-0.35885,0.19055,-0.00785,-0.20378,-0.74274,1.03416,-0.35803,0.09506,0.01364,0.00372,0.01552,0.00250,-0.02921,3.43813,0.01303,-2.00674,-0.38480,-0.25042,-0.09425,-0.37835,-0.73924,0.12903,-0.09217,-0.09192,-0.02449,-0.00460,-0.02621,-0.00455,6.000,6.000,12.000,12.000,6.000,6.000,6.000,6.000,12.000,12.000,6.000,6.000,6.000,6.000,6.000,6.000,0.023049,0.034455,0.023128,0.034448,0.004200,0.049716,0.003963,0.049737,0.000000,0.000079,1.000000,1.000000,1.000000,0.000000,0.057559,-0.049297,0.054947,0.191579,0.098095
2.2150,0.00223,0.05549,0.47555,1.00000,-0.00030,-0.00022,0.00019,0.01394,0.04133,0.31458,0.31446,0.00062,0.03402,1,0.05647,0.00062,0.034709,-0.00002,-0.0312,-0.0002,0.3112,-0.2620,0.0329,0.0104,-0.5418,0,0.04900,0.01900,0.0695,0.0000,-0.003113,0.054264,2.0630,-1.7371,65.2586,2.0116,-1.8058,64.8072,0.0000,0.0000,0.0000,0.0000,0.0000,0.0000,-0.007545,0.004520,65.2539,-0.007165,0.004410,64.8072,0.000000,0.000000,0.0000,0.000000,0.000000,0.0000,-0.00642,-0.19116,-0.33939,0.70076,-0.36143,0.18950,-0.00998,-0.20265,-0.75204,1.03468,-0.36024,0.09205,0.01383,0.00367,0.01566,0.00246,-0.02705,3.42343,0.00134,-2.05025,-0.40768,-0.26158,-0.09831,-0.36790,-0.70859,0.08727,-0.09249,-0.09138,-0.02521,-0.00476,-0.02694,-0.00462,6.000,6.000,12.000,12.000,6.000,6.000,6.000,6.000,12.000,12.000,6.000,6.000,6.000,6.000,6.000,6.000,0.023584,0.034021,0.023664,0.034016,0.004200,0.049716,0.003961,0.049731,0.000000,0.000080,1.000000,1.000000,1.000000,0.000000,0.059573,-0.049310,0.055069,0.190554,0.095063
2.2200,0.00232,0.05520,0.47547,1.00000,-0.00030,-0.00018,0.00018,0.01421,0.04112,0.31457,0.31446,0.00061,0.03357,1,0.05674,0.00061,0.034709,-0.00002,-0.0309,-0.0002,0.3198,-0.2684,0.0329,0.0008,-0.5658,0,0.04900,0.01900,0.0713,0.0000,-0.003578,0.054453,2.1200,-1.7792,65.2583,2.0687,-1.8449,64.8142,0.0000,0.0000,0.0000,0.0000,0.0000,0.0000,-0.007985,0.004693,65.2530,-0.007627,0.004592,64.8142,0.000000,0.000000,0.0000,0.000000,0.000000,0.0000,-0.00636,-0.19023,-0.34080,0.70453,-0.36394,0.18840,-0.01217,-0.20139,-0.76046,1.03383,-0.36248,0.08905,0.01400,0.00362,0.01579,0.00242,-0.02526,3.40936,-0.00951,-2.09234,-0.42931,-0.27209,-0.10191,-0.35768,-0.67712,0.04489,-0.09281,-0.09081,-0.02572,-0.00488,-0.02745,-0.00466,6.000,6.000,12.000,12.000,6.000,6.000,6.000,6.000,12.000,12.000,6.000,6.000,6.000,6.000,6.000,6.000,0.024135,0.033575,0.024215,0.033571,0.004200,0.049716,0.003959,0.049727,0.000000,0.000080,1.000000,1.000000,1.000000,0.000000,0.061590,-0.049322,0.055141,0.189495,0.092048
2.2250,0.00242,0.05491,0.47540,1.00000,-0.00029,-0.00014,0.00017,0.01449,0.04091,0.31457,0.31446,0.00059,0.03311,1,0.05696,0.00059,0.034708,-0.00003,-0.0306,-0.0002,0.3286,-0.2750,0.0326,-0.0096,-0.5869,0,0.04900,0.01900,0.0731,0.0000,-0.004027,0.054632,2.1788,-1.8230,65.2567,2.1274,-1.8853,64.8219,0.0000,0.0000,0.0000,0.0000,0.0000,0.0000,-0.008411,0.004856,65.2509,-0.008072,0.004764,64.8219,0.000000,0.000000,0.0000,0.000000,0.000000,0.0000,-0.00629,-0.18927,-0.34197,0.70798,-0.36636,0.18727,-0.01439,-0.20001,-0.76797,1.03158,-0.36475,0.08608,0.01416,0.00356,0.01590,0.00237,-0.02382,3.39596,-0.01960,-2.13299,-0.44974,-0.28191,-0.10505,-0.34775,-0.64490,0.00195,-0.09311,-0.09021,-0.02602,-0.00496,-0.02772,-0.00466,6.000,6.000,12.000,12.000,6.000,6.000,6.000,6.000,12.000,12.000,6.000,6.000,6.000,6.000,6.000,6.000,0.024701,0.033116,0.024782,0.033114,0.004200,0.049716,0.003957,0.049724,0.000000,0.000081,1.000000,1.000000,1.000000,0.000000,0.063609,-0.049335,0.055166,0.188402,0.089051
2.2300,0.00255,0.05460,0.47535,1.00000,-0.00028,-0.00010,0.00016,0.01478,0.04069,0.31456,0.31446,0.00058,0.03264,1,0.05713,0.00058,0.034708,-0.00003,-0.0305,-0.0002,0.3378,-0.2818,0.0322,-0.0208,-0.6050,0,0.04900,0.01900,0.0750,0.0000,-0.004461,0.054801,2.2394,-1.8685,65.2539,2.1879,-1.9269,64.8302,0.0000,0.0000,0.0000,0.0000,0.0000,0.0000,-0.008823,0.005009,65.2475,-0.008502,0.004926,64.8302,0.000000,0.000000,0.0000,0.000000,0.000000,0.0000,-0.00622,-0.18826,-0.34290,0.71110,-0.36870,0.18611,-0.01665,-0.19850,-0.77452,1.02791,-0.36703,0.08312,0.01432,0.00350,0.01600,0.00233,-0.02268,3.38329,-0.02900,-2.17218,-0.46903,-0.29099,-0.10775,-0.33815,-0.61204,-0.04149,-0.09337,-0.08957,-0.02611,-0.00500,-0.02775,-0.00463,6.000,6.000,12.000,12.000,6.000,6.000,6.000,6.000,12.000,12.000,6.000,6.000,6.000,6.000,6.000,6.000,0.025283,0.032646,0.025365,0.032644,0.004200,0.049716,0.003954,0.049722,0.000000,0.000082,1.000000,1.000000,1.000000,0.000000,0.065629,-0.049348,0.055141,0.187274,0.086075
2.2350,0.00269,0.05428,0.47530,1.00000,-0.00027,-0.00006,0.00015,0.01508,0.04046,0.31456,0.31446,0.00056,0.03216,1,0.05723,0.00056,0.034708,-0.00002,-0.0305,-0.0002,0.3472,-0.2889,0.0316,-0.0327,-0.6204,0,0.04900,0.01900,0.0769,0.0000,-0.004880,0.054958,2.3018,-1.9156,65.2499,2.2500,-1.9699,64.8392,0.0000,0.0000,0.0000,0.0000,0.0000,0.0000,-0.009222,0.005150,65.2429,-0.008916,0.005077,64.8392,0.000000,0.000000,0.0000,0.000000,0.000000,0.0000,-0.00615,-0.18721,-0.34356,0.71388,-0.37096,0.18491,-0.01893,-0.19686,-0.78010,1.02282,-0.36932,0.08019,0.01446,0.00344,0.01609,0.00228,-0.02181,3.37140,-0.03782,-2.20993,-0.48726,-0.29929,-0.11001,-0.32892,-0.57860,-0.08537,-0.09357,-0.08890,-0.02595,-0.00500,-0.02753,-0.00457,6.000,6.000,12.000,12.000,6.000,6.000,6.000,6.000,12.000,12.000,6.000,6.000,6.000,6.000,6.000,6.000,0.025881,0.032162,0.025964,0.032160,0.004200,0.049716,0.003951,0.049721,0.000000,0.000083,1.000000,1.000000,1.000000,0.000000,0.067646,-0.049361,0.055069,0.186112,0.083121
2.2400,0.00285,0.05396,0.47527,1.00000,-0.00026,-0.00002,0.00014,0.01539,0.04022,0.31456,0.31446,0.00054,0.03166,1,0.05728,0.00054,0.034708,-0.00001,-0.0305,-0.0002,0.3569,-0.2963,0.0308,-0.0452,-0.6330,0,0.04900,0.01900,0.0789,0.0000,-0.005285,0.055104,2.3660,-1.9646,65.2447,2.3140,-2.0142,64.8487,0.0000,0.0000,0.0000,0.0000,0.0000,0.0000,-0.009607,0.005279,65.2371,-0.009317,0.005216,64.8487,0.000000,0.000000,0.0000,0.000000,0.000000,0.0000,-0.00607,-0.18613,-0.34396,0.71631,-0.37312,0.18368,-0.02123,-0.19510,-0.78466,1.01629,-0.37163,0.07728,0.01461,0.00337,0.01619,0.00223,-0.02115,3.36031,-0.04615,-2.24623,-0.50451,-0.30678,-0.11184,-0.32009,-0.54468,-0.12968,-0.09368,-0.08819,-0.02555,-0.00495,-0.02704,-0.00446,6.000,6.000,12.000,12.000,6.000,6.000,6.000,6.000,12.000,12.000,6.000,6.000,6.000,6.000,6.000,6.000,0.026496,0.031665,0.026580,0.031663,0.004200,0.049716,0.003947,0.049722,0.000000,0.000084,1.000000,1.000000,1.000000,0.000000,0.069659,-0.049373,0.054947,0.184914,0.080188
2.2450,0.00304,0.05362,0.47526,1.00000,-0.00025,0.00002,0.00013,0.01570,0.03998,0.31455,0.31446,0.00052,0.03115,1,0.05728,0.00052,0.034708,-0.00000,-0.0307,-0.0002,0.3669,-0.3040,0.0299,-0.0584,-0.6430,0,0.04900,0.01900,0.0809,0.0000,-0.005676,0.055237,2.4323,-2.0153,65.2385,2.3798,-2.0601,64.8588,0.0000,0.0000,0.0000,0.0000,0.0000,0.0000,-0.009981,0.005396,65.2303,-0.009703,0.005343,64.8588,0.000000,0.000000,0.0000,0.000000,0.000000,0.0000,-0.00599,-0.18500,-0.34409,0.71839,-0.37521,0.18241,-0.02354,-0.19321,-0.78818,1.00831,-0.37393,0.07440,0.01477,0.00331,0.01629,0.00218,-0.02067,3.35005,-0.05410,-2.28113,-0.52084,-0.31344,-0.11329,-0.31169,-0.51035,-0.17439,-0.09368,-0.08743,-0.02488,-0.00485,-0.02627,-0.00431,6.000,6.000,12.000,12.000,6.000,6.000,6.000,6.000,12.000,12.000,6.000,6.000,6.000,6.000,6.000,6.000,0.027128,0.031154,0.027214,0.031152,0.004200,0.049716,0.003942,0.049724,0.000000,0.000086,1.000000,1.000000,1.000000,0.000000,0.071667,-0.049386,0.054778,0.183680,0.077280
2.2500,0.00324,0.05327,0.47526,1.00000,-0.00024,0.00007,0.00012,0.01603,0.03973,0.31455,0.31446,0.00050,0.03063,1,0.05722,0.00050,0.034708,-0.00002,-0.0309,-0.0002,0.3771,-0.3119,0.0288,-0.0721,-0.6506,1,0.04900,0.01900,0.0830,0.0000,-0.006055,0.055358,2.5005,-2.0678,65.2312,2.4476,-2.1073,64.8695,0.0000,0.0000,0.0000,0.0000,0.0000,0.0000,-0.021348,0.019005,65.2224,-0.010077,0.005457,64.8695,0.000000,0.000000,0.0000,0.000000,0.000000,0.0000,-0.00591,-0.18383,-0.34400,0.72019,-0.37724,0.18111,-0.02586,-0.19121,-0.79081,0.99914,-0.37632,0.07153,0.01493,0.00323,0.01640,0.00212,-0.02067,3.35005,-0.05410,-2.28113,-0.52084,-0.31344,-0.11329,-0.31169,-0.51035,-0.17439,-0.09368,-0.08743,-0.02488,-0.00485,-0.02627,-0.00431,6.000,6.000,12.000,12.000,6.000,6.000,6.000,6.000,12.000,12.000,6.000,6.000,6.000,6.000,6.000,6.000,0.027778,0.030629,0.027866,0.030626,0.004200,0.049716,0.003937,0.049727,0.000000,0.000088,1.000000,1.000000,1.000000,0.000000,0.073666,-0.049398,0.054563,0.182410,0.074397
2.2550,0.00347,0.05291,0.47527,1.00000,-0.00023,0.00011,0.00011,0.01636,0.03947,0.31454,0.31446,0.00048,0.03009,1,0.05712,0.00048,0.034708,0.00002,-0.0304,-0.0002,0.3877,-0.3192,0.0466,-0.1010,-0.8098,0,0.04900,0.01900,0.0865,0.0000,-0.006186,0.055431,2.5707,-2.1161,65.3491,2.5163,-2.2157,64.6271,0.0000,0.0000,0.0000,0.0000,0.0000,0.0000,-0.010757,0.005631,65.3397,-0.010202,0.005524,64.6271,0.000000,0.000000,0.0000,0.000000,0.000000,0.0000,-0.00583,-0.18262,-0.34365,0.72167,-0.37920,0.17976,-0.02817,-0.18908,-0.79243,0.98861,-0.37873,0.06869,0.01511,0.00316,0.01652,0.00207,-0.01990,3.33328,-0.07518,-2.35353,-0.55751,-0.32751,-0.11624,-0.29514,-0.44250,-0.25908,-0.09738,-0.08622,-0.02250,-0.00462,-0.02394,-0.00400,6.000,6.000,12.000,12.000,6.000,6.000,6.000,6.000,12.000,12.000,6.000,6.000,6.000,6.000,6.000,6.000,0.028447,0.030080,0.028536,0.030085,0.004200,0.049716,0.003931,0.049702,0.000000,0.000090,1.000000,1.000000,1.000000,0.000000,0.075656,-0.049411,0.054301,0.181106,0.071529
2.2600,0.00372,0.05254,0.47530,1.00000,-0.00021,0.00016,0.00010,0.01670,0.03920,0.31454,0.31446,0.00045,0.02953,1,0.05696,0.00045,0.034708,0.00006,-0.0315,-0.0002,0.3987,-0.3277,0.0384,-0.1131,-0.7925,0,0.04900,0.01900,0.0872,0.0000,-0.006844,0.055602,2.6433,-2.1728,65.2952,2.5872,-2.2043,64.9904,0.0000,0.0000,0.0000,0.0000,0.0000,0.0000,-0.011086,0.005708,65.2852,-0.010855,0.005687,64.9904,0.000000,0.000000,0.0000,0.000000,0.000000,0.0000,-0.00574,-0.18136,-0.34300,0.72276,-0.38108,0.17838,-0.03046,-0.18685,-0.79290,0.97654,-0.38111,0.06587,0.01532,0.00309,0.01668,0.00202,-0.01966,3.32377,-0.08100,-2.38224,-0.57006,-0.33127,-0.11644,-0.28811,-0.40666,-0.30583,-0.09646,-0.08527,-0.02083,-0.00435,-0.02208,-0.00369,6.000,6.000,12.000,12.000,6.000,6.000,6.000,6.000,12.000,12.000,6.000,6.000,6.000,6.000,6.000,6.000,0.029133,0.029527,0.029225,0.029529,0.004200,0.049716,0.003923,0.049709,0.000000,0.000092,1.000000,1.000000,1.000000,0.000000,0.077633,-0.049423,0.053995,0.179763,0.068685
2.2650,0.00400,0.05216,0.47534,1.00000,-0.00020,0.00020,0.00010,0.01706,0.03893,0.31454,0.31446,0.00043,0.02896,1,0.05674,0.00043,0.034708,0.00009,-0.0323,-0.0002,0.4100,-0.3366,0.0327,-0.1261,-0.7753,0,0.04900,0.01900,0.0896,0.0000,-0.007177,0.055682,2.7180,-2.2314,65.2572,2.6624,-2.2565,64.9631,0.0000,0.0000,0.0000,0.0000,0.0000,0.0000,-0.011413,0.005771,65.2465,-0.011183,0.005760,64.9631,0.000000,0.000000,0.0000,0.000000,0.000000,0.0000,-0.00565,-0.18006,-0.34204,0.72347,-0.38288,0.17696,-0.03273,-0.18450,-0.79222,0.96294,-0.38346,0.06310,0.01556,0.00302,0.01687,0.00197,-0.01943,3.31600,-0.08737,-2.41064,-0.58260,-0.33414,-0.11639,-0.28168,-0.37074,-0.35289,-0.09529,-0.08426,-0.01879,-0.00401,-0.01986,-0.00332,6.000,6.000,12.000,12.000,6.000,6.000,6.000,6.000,12.000,12.000,6.000,6.000,6.000,6.000,6.000,6.000,0.029839,0.028958,0.029934,0.028958,0.004200,0.049716,0.003915,0.049717,0.000000,0.000095,1.000000,1.000000,1.000000,0.000000,0.079596,-0.049436,0.053646,0.178380,0.065873
2.2700,0.00429,0.05177,0.47540,1.00000,-0.00019,0.00024,0.00009,0.01742,0.03864,0.31453,0.31446,0.00040,0.02837,1,0.05646,0.00040,0.034709,0.00012,-0.0332,-0.0002,0.4216,-0.3457,0.0284,-0.1400,-0.7582,0,0.04900,0.01900,0.0920,0.0000,-0.007508,0.055747,2.7950,-2.2919,65.2286,2.7394,-2.3103,64.9516,0.0000,0.0000,0.0000,0.0000,0.0000,0.0000,-0.011738,0.005822,65.2173,-0.011507,0.005819,64.9516,0.000000,0.000000,0.0000,0.000000,0.000000,0.0000,-0.00556,-0.17871,-0.34077,0.72380,-0.38460,0.17549,-0.03496,-0.18206,-0.79037,0.94779,-0.38576,0.06035,0.01585,0.00296,0.01711,0.00193,-0.01917,3.30958,-0.09424,-2.43842,-0.59504,-0.33616,-0.11609,-0.27583,-0.33474,-0.40037,-0.09381,-0.08318,-0.01632,-0.00360,-0.01721,-0.00289,6.000,6.000,12.000,12.000,6.000,6.000,6.000,6.000,12.000,12.000,6.000,6.000,6.000,6.000,6.000,6.000,0.030565,0.028373,0.030663,0.028370,0.004200,0.049716,0.003906,0.049726,0.000000,0.000098,1.000000,1.000000,1.000000,0.000000,0.081544,-0.049448,0.053256,0.176957,0.063096
2.2750,0.00462,0.05137,0.47547,1.00000,-0.00017,0.00028,0.00008,0.01779,0.03835,0.31453,0.31446,0.00048,0.02777,1,0.05615,0.00048,0.034709,0.00012,-0.0340,-0.0002,0.4335,-0.3551,0.0249,-0.1547,-0.7412,1,0.04900,0.01900,0.0944,0.0000,-0.007835,0.055799,2.8742,-2.3543,65.2056,2.8184,-2.3659,64.9499,0.0000,0.0000,0.0000,0.0000,0.0000,0.0000,-0.000162,0.019004,65.1937,-0.011828,0.005865,64.9499,0.000000,0.000000,0.0000,0.000000,0.000000,0.0000,-0.00547,-0.17732,-0.33924,0.72383,-0.38628,0.17399,-0.03717,-0.17951,-0.78752,0.93139,-0.38809,0.05763,0.01618,0.00290,0.01739,0.00190,-0.01917,3.30958,-0.09424,-2.43842,-0.59504,-0.33616,-0.11609,-0.27583,-0.33474,-0.40037,-0.09381,-0.08318,-0.01632,-0.00360,-0.01721,-0.00289,6.000,6.000,12.000,12.000,6.000,6.000,6.000,6.000,12.000,12.000,6.000,6.000,6.000,6.000,6.000,6.000,0.031311,0.027772,0.031412,0.027765,0.004200,0.049716,0.003896,0.049736,0.000000,0.000101,1.000000,1.000000,1.000000,0.000000,0.083474,-0.049460,0.052826,0.175495,0.060355
2.2800,0.00497,0.05095,0.47555,1.00000,-0.00015,0.00033,0.00008,0.01818,0.03805,0.31453,0.31446,0.00057,0.02714,1,0.05578,0.00057,0.034710,0.00018,-0.0340,-0.0002,0.4457,-0.3642,0.0353,-0.2150,-0.8652,0,0.04900,0.01900,0.0981,0.0000,-0.007976,0.055858,2.9548,-2.4146,65.2745,2.9064,-2.4647,64.7855,0.0000,0.0000,0.0000,0.0000,0.0000,0.0000,-0.012391,0.005903,65.2620,-0.011962,0.005917,64.7855,0.000000,0.000000,0.0000,0.000000,0.000000,0.0000,-0.00538,-0.17588,-0.33743,0.72352,-0.38791,0.17245,-0.03935,-0.17687,-0.78356,0.91358,-0.39038,0.05495,0.01658,0.00284,0.01774,0.00186,-0.01914,3.30078,-0.11259,-2.49404,-0.62247,-0.33955,-0.11607,-0.26469,-0.26546,-0.48981,-0.09472,-0.08152,-0.00948,-0.00262,-0.01026,-0.00186,6.000,6.000,12.000,12.000,6.000,6.000,6.000,6.000,12.000,12.000,6.000,6.000,6.000,6.000,6.000,6.000,0.032080,0.027147,0.032183,0.027144,0.004200,0.049716,0.003890,0.049726,0.000000,0.000103,1.000000,1.000000,1.000000,0.000000,0.085383,-0.049472,0.052359,0.173993,0.057634
2.2850,0.00534,0.05052,0.47565,1.00000,-0.00013,0.00037,0.00007,0.01857,0.03774,0.31452,0.31446,0.00066,0.02650,1,0.05538,0.00066,0.034711,0.00019,-0.0354,-0.0002,0.4584,-0.3743,0.0279,-0.2239,-0.8296,1,0.04900,0.01900,0.0994,0.0000,-0.008496,0.055887,3.0390,-2.4814,65.2254,2.9810,-2.4819,65.0286,0.0000,0.0000,0.0000,0.0000,0.0000,0.0000,-0.001062,0.018788,65.2122,-0.012475,0.005938,65.0286,0.000000,0.000000,0.0000,0.000000,0.000000,0.0000,-0.00528,-0.17440,-0.33534,0.72290,-0.38950,0.17086,-0.04149,-0.17415,-0.77855,0.89447,-0.39268,0.05228,0.01704,0.00280,0.01815,0.00184,-0.01914,3.30078,-0.11259,-2.49404,-0.62247,-0.33955,-0.11607,-0.26469,-0.26546,-0.48981,-0.09472,-0.08152,-0.00948,-0.00262,-0.01026,-0.00186,6.000,6.000,12.000,12.000,6.000,6.000,6.000,6.000,12.000,12.000,6.000,6.000,6.000,6.000,6.000,6.000,0.032869,0.026512,0.032976,0.026504,0.004200,0.049716,0.003878,0.049739,0.000000,0.000107,1.000000,1.000000,1.000000,0.000000,0.087271,-0.049484,0.051857,0.172449,0.054947
2.2900,0.00575,0.05007,0.47576,1.00000,-0.00011,0.00042,0.00007,0.01898,0.03742,0.31452,0.31446,0.00075,0.02585,1,0.05493,0.00075,0.034712,0.00025,-0.0358,-0.0002,0.4712,-0.3841,0.0327,-0.2912,-0.9322,0,0.04900,0.01900,0.1032,0.0000,-0.008642,0.055940,3.1242,-2.5466,65.2572,3.0785,-2.5784,64.8902,0.0000,0.0000,0.0000,0.0000,0.0000,0.0000,-0.013016,0.005937,65.2434,-0.012613,0.005985,64.8902,0.000000,0.000000,0.0000,0.000000,0.000000,0.0000,-0.00519,-0.17286,-0.33294,0.72192,-0.39105,0.16923,-0.04359,-0.17134,-0.77238,0.87388,-0.39489,0.04966,0.01758,0.00276,0.01865,0.00182,-0.01859,3.29278,-0.13109,-2.54308,-0.64723,-0.33936,-0.11502,-0.25558,-0.19460,-0.58272,-0.09328,-0.07961,0.00004,-0.00119,-0.00052,-0.00040,6.000,6.000,12.000,12.000,6.000,6.000,6.000,6.000,12.000,12.000,6.000,6.000,6.000,6.000,6.000,6.000,0.033681,0.025853,0.033791,0.025847,0.004200,0.049716,0.003872,0.049735,0.000000,0.000109,1.000000,1.000000,1.000000,0.000000,0.089135,-0.049496,0.051322,0.170864,0.052284
2.2950,0.00618,0.04962,0.47589,1.00000,-0.00009,0.00047,0.00007,0.01940,0.03709,0.31452,0.31446,0.00084,0.02517,1,0.05444,0.00084,0.034713,0.00028,-0.0375,-0.0002,0.4847,-0.3949,0.0247,-0.2951,-0.8827,1,0.04900,0.01900,0.1048,0.0000,-0.009128,0.055925,3.2136,-2.6179,65.2042,3.1547,-2.6053,65.0566,0.0000,0.0000,0.0000,0.0000,0.0000,0.0000,-0.000717,0.019004,65.1897,-0.013091,0.005962,65.0566,0.000000,0.000000,0.0000,0.000000,0.000000,0.0000,-0.00509,-0.17128,-0.33025,0.72063,-0.39257,0.16756,-0.04564,-0.16847,-0.76512,0.85195,-0.39707,0.04706,0.01822,0.00273,0.01925,0.00182,-0.01859,3.29278,-0.13109,-2.54308,-0.64723,-0.33936,-0.11502,-0.25558,-0.19460,-0.58272,-0.09328,-0.07961,0.00004,-0.00119,-0.00052,-0.00040,6.000,6.000,12.000,12.000,6.000,6.000,6.000,6.000,12.000,12.000,6.000,6.000,6.000,6.000,6.000,6.000,0.034515,0.025182,0.034629,0.025171,0.004200,0.049716,0.003858,0.049751,0.000000,0.000114,1.000000,1.000000,1.000000,0.000000,0.090972,-0.049507,0.050758,0.169235,0.049660
2.3000,0.00664,0.04914,0.47602,1.00000,-0.00006,0.00051,0.00006,0.01982,0.03675,0.31451,0.31446,0.00093,0.02448,1,0.05391,0.00093,0.034714,0.00035,-0.0382,-0.0002,0.4983,-0.4055,0.0266,-0.3719,-0.9653,0,0.04900,0.01900,0.1086,0.0000,-0.009275,0.055971,3.3036,-2.6885,65.2165,3.2624,-2.6979,64.9548,0.0000,0.0000,0.0000,0.0000,0.0000,0.0000,-0.013634,0.005923,65.2015,-0.013230,0.006002,64.9548,0.000000,0.000000,0.0000,0.000000,0.000000,0.0000,-0.00498,-0.16965,-0.32725,0.71899,-0.39406,0.16584,-0.04763,-0.16553,-0.75667,0.82847,-0.39910,0.04451,0.01898,0.00271,0.01997,0.00182,-0.01739,3.28736,-0.15180,-2.58833,-0.67130,-0.33576,-0.11314,-0.24863,-0.12216,-0.67984,-0.08868,-0.07746,0.01322,0.00082,0.01292,0.00164,6.000,6.000,12.000,12.000,6.000,6.000,6.000,6.000,12.000,12.000,6.000,6.000,6.000,6.000,6.000,6.000,0.035375,0.024488,0.035490,0.024476,0.004200,0.049716,0.003852,0.049754,0.000000,0.000116,1.000000,1.000000,1.000000,0.000000,0.092782,-0.049519,0.050166,0.167561,0.047064
2.3050,0.00714,0.04866,0.47617,1.00000,-0.00004,0.00055,0.00006,0.02027,0.03641,0.31451,0.31446,0.00102,0.02376,1,0.05334,0.00102,0.034716,0.00041,-0.0400,-0.0002,0.5126,-0.4170,0.0191,-0.3708,-0.9066,0,0.04900,0.01900,0.1106,0.0000,-0.009751,0.055914,3.3983,-2.7644,65.1668,3.3394,-2.7371,65.0698,0.0000,0.0000,0.0000,0.0000,0.0000,0.0000,-0.013964,0.005901,65.1512,-0.013697,0.005937,65.0698,0.000000,0.000000,0.0000,0.000000,0.000000,0.0000,-0.00488,-0.16796,-0.32388,0.71697,-0.39551,0.16408,-0.04952,-0.16253,-0.74688,0.80320,-0.40087,0.04201,0.01988,0.00271,0.02084,0.00185,-0.01552,3.28544,-0.16356,-2.61139,-0.68395,-0.33272,-0.11124,-0.24651,-0.08220,-0.73564,-0.08065,-0.07582,0.02138,0.00213,0.02134,0.00294,6.000,6.000,12.000,12.000,6.000,6.000,6.000,6.000,12.000,12.000,6.000,6.000,6.000,6.000,6.000,6.000,0.036255,0.023779,0.036377,0.023761,0.004200,0.049716,0.003836,0.049772,0.000000,0.000123,1.000000,1.000000,1.000000,0.000000,0.094562,-0.049530,0.049550,0.165841,0.044511
2.3100,0.00767,0.04816,0.47634,1.00000,-0.00001,0.00059,0.00006,0.02072,0.03605,0.31451,0.31446,0.00110,0.02303,1,0.05273,0.00110,0.034718,0.00045,-0.0418,-0.0002,0.5633,-0.4304,0.0182,-0.3743,-0.8539,0,0.04900,0.01900,0.1137,0.0000,-0.010082,0.055892,3.7344,-2.8533,65.1607,3.4377,-2.8055,65.0592,0.0000,0.0000,0.0000,0.0000,0.0000,0.0000,-0.012538,0.005703,65.1441,-0.014018,0.005906,65.0592,0.000000,0.000000,0.0000,0.000000,0.000000,0.0000,-0.00478,-0.16622,-0.32018,0.71460,-0.39694,0.16227,-0.05130,-0.15949,-0.73585,0.77621,-0.40238,0.03957,0.02095,0.00274,0.02189,0.00190,-0.08204,3.30019,0.01242,-2.47217,-0.55603,-0.31815,-0.08398,-0.24603,-0.17629,-0.84405,-0.09144,-0.07428,0.03536,0.00413,0.03554,0.00493,6.000,6.000,12.000,12.000,6.000,6.000,6.000,6.000,12.000,12.000,6.000,6.000,6.000,6.000,6.000,6.000,0.036776,0.023068,0.037288,0.023026,0.004200,0.049716,0.002665,0.049843,0.000000,0.000513,1.000000,1.000000,1.000000,0.000000,0.096310,-0.049541,0.048912,0.164075,0.042015
2.3150,0.00822,0.04764,0.47651,1.00000,0.00002,0.00062,0.00006,0.02119,0.03568,0.31451,0.31446,0.00117,0.02227,1,0.05212,0.00117,0.034720,0.00052,-0.0430,-0.0002,0.6410,-0.4453,0.0248,-0.4277,-0.7743,0,0.04900,0.01900,0.1221,0.0000,-0.008677,0.055685,4.2500,-2.9521,65.2047,3.8017,-2.8835,65.1570,0.0000,0.0000,0.0000,0.0000,0.0000,0.0000,-0.010127,0.005357,65.1868,-0.012602,0.005699,65.1570,0.000000,0.000000,0.0000,0.000000,0.000000,0.0000,-0.00471,-0.16443,-0.31618,0.71192,-0.39833,0.16042,-0.05282,-0.15651,-0.72389,0.74788,-0.40328,0.03743,0.02221,0.00279,0.02313,0.00198,-0.19331,3.32901,0.30548,-2.23396,-0.34529,-0.29366,-0.04117,-0.24720,-0.36220,-0.98291,-0.11676,-0.07286,0.05390,0.00678,0.05450,0.00755,6.000,6.000,12.000,12.000,6.000,6.000,6.000,6.000,12.000,12.000,6.000,6.000,6.000,6.000,6.000,6.000,0.037038,0.022348,0.038225,0.022270,0.004200,0.049716,0.000640,0.049951,0.000000,0.001189,1.000000,1.000000,1.000000,0.000000,0.098025,-0.049552,0.048256,0.162266,0.039574
2.3200,0.00880,0.04712,0.47671,1.00000,0.00001,0.00070,0.00001,0.02167,0.03530,0.31451,0.31446,0.00124,0.02149,1,0.05157,0.00124,0.034723,0.00086,-0.0450,-0.0002,0.6750,-0.4531,-0.1516,-0.4182,-0.9404,0,0.04900,0.01900,0.1346,0.7194,-0.006308,0.055513,4.4753,-3.0043,64.0353,4.1109,-3.1604,64.2397,0.0000,0.0000,0.0000,-6.4704,-1.4175,15.3479,-0.009420,0.006096,64.0170,-0.010222,0.005529,64.2397,0.000000,0.000000,0.0000,-0.048933,0.018978,15.3479,-0.00459,-0.16252,-0.31201,0.70872,-0.39946,0.15852,-0.05197,-0.15458,-0.71336,0.72257,-0.39696,0.03927,0.02370,0.00284,0.02446,0.00208,-0.22868,3.22272,0.40135,-2.10649,-0.26559,-0.33400,-0.00532,-0.22141,-0.41323,-1.04395,-0.06409,-0.03814,0.06992,0.00870,0.06848,0.00970,6.000,6.000,12.000,12.000,6.000,6.000,6.000,6.000,12.000,12.000,6.000,6.000,6.000,6.000,6.000,6.000,0.037799,0.021528,0.039188,0.021493,0.004200,0.049716,0.000032,0.049823,0.000000,0.001389,1.000000,1.000000,1.000000,0.000000,0.099703,-0.049562,0.047585,0.160424,0.037431
2.3250,0.00940,0.04659,0.47693,1.00000,-0.00004,0.00084,-0.00009,0.02215,0.03490,0.31455,0.31446,0.00140,0.02069,1,0.05110,0.00140,0.034728,0.00110,-0.0539,-0.0002,0.6444,-0.4420,-1.0080,0.4410,-1.9417,0,0.04900,0.01900,0.1452,0.5369,-0.005809,0.056316,4.2724,-2.9305,58.3575,4.3432,-3.3046,62.6376,0.0000,0.0000,0.0000,-5.1615,-0.8092,16.2201,-0.010396,0.011801,58.3398,-0.009717,0.006325,62.6376,0.000000,0.000000,0.0000,-0.048789,0.018933,16.2201,-0.00438,-0.16042,-0.30779,0.70518,-0.40042,0.15641,-0.04921,-0.15353,-0.70454,0.70042,-0.38410,0.04496,0.02542,0.00288,0.02583,0.00222,-0.18454,2.61576,0.29567,-1.94780,-0.28590,-0.63797,0.06288,-0.08599,-0.30657,-0.97260,0.16503,0.08577,0.07914,0.00845,0.06763,0.00984,6.000,6.000,12.000,12.000,6.000,6.000,6.000,6.000,12.000,12.000,6.000,6.000,6.000,6.000,6.000,6.000,0.039277,0.020478,0.040179,0.020693,0.004200,0.049716,0.001494,0.049070,0.000000,0.000927,1.000000,1.000000,1.000000,0.000000,0.101343,-0.049573,0.046902,0.158517,0.039270
2.3300,0.01002,0.04606,0.47716,1.00000,-0.00014,0.00101,-0.00025,0.02263,0.03449,0.31463,0.31446,0.00168,0.01987,1,0.05068,0.00168,0.034734,0.00129,-0.0604,-0.0002,0.7000,-0.4384,-1.4494,1.0929,-2.8322,1,0.04900,0.01900,0.1475,0.3665,-0.006580,0.061784,4.6410,-2.9067,55.4309,4.1212,-2.9850,57.5086,0.0000,0.0000,0.0000,-3.0267,-1.0308,14.5407,0.049011,0.019011,55.4124,-0.010499,0.011779,57.5086,0.000000,0.000000,0.0000,-0.048716,0.018915,14.5407,-0.00409,-0.15813,-0.30350,0.70145,-0.40130,0.15408,-0.04560,-0.15286,-0.69692,0.68050,-0.36747,0.05289,0.02735,0.00295,0.02726,0.00238,-0.18454,2.61576,0.29567,-1.94780,-0.28590,-0.63797,0.06288,-0.08599,-0.30657,-0.97260,0.16503,0.08577,0.07914,0.00845,0.06763,0.00984,6.000,6.000,12.000,12.000,6.000,6.000,6.000,6.000,12.000,12.000,6.000,6.000,6.000,6.000,6.000,6.000,0.039862,0.019480,0.041198,0.019872,0.004200,0.049716,0.000191,0.048542,0.000000,0.001392,1.000000,1.000000,1.000000,0.000000,0.102944,-0.049583,0.046211,0.156410,0.044956
2.3350,0.01066,0.04552,0.47741,1.00000,-0.00030,0.00119,-0.00043,0.02311,0.03406,0.31473,0.31446,0.00202,0.01903,1,0.05032,0.00202,0.034740,0.00142,-0.0659,-0.0002,0.7516,-0.4416,-1.8877,2.0430,-3.2455,1,0.04900,0.01900,0.1531,0.3287,-0.006784,0.061852,4.9831,-2.9277,52.5246,4.2255,-3.1524,57.3822,0.0000,0.0000,0.0000,-2.6881,-0.5855,13.9524,0.049006,0.019006,52.5050,-0.010693,0.011835,57.3822,0.000000,0.000000,0.0000,-0.048692,0.018913,13.9524,-0.00375,-0.15562,-0.29902,0.69744,-0.40212,0.15158,-0.04180,-0.15219,-0.69002,0.66223,-0.34909,0.06176,0.02946,0.00305,0.02879,0.00256,-0.18454,2.61576,0.29567,-1.94780,-0.28590,-0.63797,0.06288,-0.08599,-0.30657,-0.97260,0.16503,0.08577,0.07914,0.00845,0.06763,0.00984,6.000,6.000,12.000,12.000,6.000,6.000,6.000,6.000,12.000,12.000,6.000,6.000,6.000,6.000,6.000,6.000,0.040520,0.018526,0.042246,0.019026,0.004200,0.049716,-0.000979,0.048215,0.000000,0.001797,1.000000,1.000000,1.000000,0.000000,0.104502,-0.049592,0.045515,0.154081,0.052887
2.3400,0.01132,0.04498,0.47767,1.00000,-0.00053,0.00136,-0.00064,0.02360,0.03362,0.31485,0.31446,0.00238,0.01816,1,0.04999,0.00238,0.034747,0.00149,-0.0700,-0.0002,0.8006,-0.4488,-2.2795,3.1703,-3.3364,1,0.04900,0.01900,0.1583,0.3163,-0.006977,0.061922,5.3081,-2.9756,49.9272,4.3274,-3.2903,57.2518,0.0000,0.0000,0.0000,-2.4445,-0.3212,12.9939,0.049011,0.019011,49.9061,-0.010875,0.011893,57.2518,0.000000,0.000000,0.0000,-0.048699,0.018921,12.9939,-0.00337,-0.15288,-0.29427,0.69315,-0.40290,0.14894,-0.03811,-0.15133,-0.68339,0.64496,-0.32999,0.07091,0.03171,0.00320,0.03042,0.00276,-0.18454,2.61576,0.29567,-1.94780,-0.28590,-0.63797,0.06288,-0.08599,-0.30657,-0.97260,0.16503,0.08577,0.07914,0.00845,0.06763,0.00984,6.000,6.000,12.000,12.000,6.000,6.000,6.000,6.000,12.000,12.000,6.000,6.000,6.000,6.000,6.000,6.000,0.041237,0.017586,0.043324,0.018157,0.004200,0.049716,-0.002060,0.048004,0.000000,0.002163,1.000000,1.000000,1.000000,0.000000,0.106017,-0.049602,0.044817,0.151579,0.061760
2.3450,0.01199,0.04441,0.47792,1.00000,-0.00076,0.00152,-0.00085,0.02410,0.03316,0.31500,0.31446,0.00273,0.01726,1,0.04966,0.00273,0.034801,0.01631,-0.0727,-0.0002,0.8481,-0.4586,-2.6094,4.3828,-3.2196,0,0.04900,0.01900,0.1630,0.3172,-0.007155,0.061987,5.6227,-3.0406,47.7403,4.4313,-3.4058,57.1523,0.0000,0.0000,0.0000,-2.2668,-0.1664,11.9451,0.033217,0.019015,47.7175,-0.011042,0.011945,57.1523,0.000000,0.000000,0.0000,-0.048723,0.018933,11.9451,-0.00117,-0.15018,-0.29012,0.69046,-0.40370,0.14564,-0.03327,-0.15040,-0.67747,0.62763,-0.30643,0.07687,0.03215,0.00313,0.03679,0.00358,1.35295,1.87039,2.47804,0.60447,1.74685,-0.87316,0.74744,-0.08857,-1.53467,-1.21513,0.66783,-0.15350,-0.90318,-0.14772,2.43180,0.38394,6.000,6.000,12.000,12.000,6.000,6.000,6.000,6.000,12.000,12.000,6.000,6.000,6.000,6.000,6.000,6.000,0.042004,0.016646,0.044432,0.017263,0.004200,0.049716,-0.003084,0.047863,0.000000,0.002505,1.000000,1.000000,1.000000,0.000000,0.107486,-0.049611,0.044121,0.148942,0.070906
2.3500,0.01269,0.04382,0.47813,1.00000,-0.00094,0.00164,-0.00109,0.02462,0.03270,0.31514,0.31446,0.00303,0.01634,1,0.04928,0.00303,0.034866,0.01114,-0.4437,-0.0003,0.7951,-0.5289,-2.4059,3.3771,-2.7278,0,0.04900,0.01900,0.2751,1.1669,0.028043,0.065301,5.2713,-3.5064,49.0893,8.6024,-2.7785,54.7851,0.0000,0.0000,0.0000,0.0000,3.3468,4.7811,-0.002073,0.019011,49.0658,0.024172,0.015405,54.7851,0.000000,0.000000,0.0000,-0.048763,0.018945,4.7811,0.00183,-0.14746,-0.28626,0.68913,-0.40531,0.14173,-0.02720,-0.14941,-0.67190,0.60958,-0.27866,0.07996,0.03081,0.00280,0.04854,0.00515,0.70912,2.06660,0.85825,-0.99189,0.15784,-0.90544,0.38970,-0.21332,-0.72213,-0.99423,0.69627,-0.11211,-0.41597,-0.06657,1.47114,0.22770,6.000,6.000,12.000,12.000,6.000,6.000,6.000,6.000,12.000,12.000,6.000,6.000,6.000,6.000,6.000,6.000,0.043884,0.016324,0.045571,0.016344,0.004200,0.049716,-0.000862,0.049656,0.000000,0.001687,1.000000,1.000000,1.000000,0.000000,0.108907,-0.049620,0.043429,0.145641,0.076874
2.3550,0.01343,0.04320,0.47830,1.00000,-0.00112,0.00175,-0.00139,0.02517,0.03224,0.31526,0.31446,0.00327,0.01540,1,0.04886,0.00327,0.034909,0.00742,-0.3268,-0.0004,0.7963,-0.5833,-1.8376,3.2496,-2.4366,0,0.04900,0.01900,0.1781,0.6123,0.004227,0.068101,5.2798,-3.8676,52.8567,4.4015,-2.8523,49.0780,0.0000,0.0000,0.0000,-0.6228,1.8565,5.3311,-0.025191,0.019011,52.8303,0.000395,0.018203,49.0780,0.000000,0.000000,0.0000,-0.048808,0.018956,5.3311,0.00420,-0.14462,-0.28211,0.68797,-0.40798,0.13756,-0.02078,-0.14840,-0.66595,0.59085,-0.24977,0.08290,0.02929,0.00241,0.06231,0.00701,0.04956,2.21902,-0.30055,-2.27857,-0.99762,-0.97147,0.12920,-0.22396,-0.10436,-0.81857,0.62032,-0.01809,-0.02709,-0.00538,0.61322,0.09111,6.000,6.000,12.000,12.000,6.000,6.000,6.000,6.000,12.000,12.000,6.000,6.000,6.000,6.000,6.000,6.000,0.045223,0.015808,0.046743,0.015399,0.004200,0.049716,-0.000358,0.050944,0.000000,0.001573,1.000000,1.000000,1.000000,0.000000,0.110278,-0.049629,0.042747,0.141734,0.079961
2.3600,0.01421,0.04257,0.47846,1.00000,-0.00128,0.00188,-0.00170,0.02573,0.03178,0.31534,0.31446,0.00350,0.01443,1,0.04842,0.00350,0.034939,0.00525,-0.2422,-0.0004,0.8362,-0.6025,-1.4976,3.1362,-2.5823,0,0.04900,0.01900,0.1762,0.1792,-0.019228,0.068832,5.5439,-3.9948,55.1114,4.1158,-3.6450,52.0166,0.0000,0.0000,0.0000,-0.7559,0.1638,7.1954,-0.029818,0.019014,55.0796,-0.023015,0.018999,52.0166,0.000000,0.000000,0.0000,-0.048850,0.018965,7.1954,0.00585,-0.14171,-0.27761,0.68664,-0.41142,0.13321,-0.01442,-0.14746,-0.65926,0.57141,-0.22120,0.08689,0.02829,0.00204,0.07632,0.00891,-0.20784,2.26593,-0.56113,-2.63449,-1.28076,-1.01169,0.07464,-0.18495,0.02713,-0.80628,0.58805,0.04452,0.08068,0.00998,0.34048,0.04771,6.000,6.000,12.000,12.000,6.000,6.000,6.000,6.000,12.000,12.000,6.000,6.000,6.000,6.000,6.000,6.000,0.046188,0.014886,0.047947,0.014427,0.004200,0.049716,-0.001078,0.051092,0.000000,0.001818,1.000000,1.000000,1.000000,0.000000,0.111597,-0.049637,0.042076,0.137559,0.082903
2.3650,0.01504,0.04191,0.47862,0.99999,-0.00142,0.00202,-0.00203,0.02630,0.03130,0.31540,0.31446,0.00375,0.01343,1,0.04794,0.00375,0.034960,0.00391,-0.1934,-0.0004,0.8788,-0.6127,-1.2857,2.9835,-2.8226,1,0.04900,0.01900,0.1831,0.2012,-0.024584,0.068785,5.8262,-4.0625,56.5159,4.5896,-3.8166,54.3496,0.0000,0.0000,0.0000,-0.7785,-0.3742,7.1568,0.049011,0.008180,56.4756,-0.028331,0.018999,54.3496,0.000000,0.000000,0.0000,-0.048888,0.018975,7.1568,0.00699,-0.13874,-0.27281,0.68517,-0.41540,0.12875,-0.00833,-0.14650,-0.65186,0.55129,-0.19309,0.09159,0.02786,0.00173,0.09020,0.01080,-0.20784,2.26593,-0.56113,-2.63449,-1.28076,-1.01169,0.07464,-0.18495,0.02713,-0.80628,0.58805,0.04452,0.08068,0.00998,0.34048,0.04771,6.000,6.000,12.000,12.000,6.000,6.000,6.000,6.000,12.000,12.000,6.000,6.000,6.000,6.000,6.000,6.000,0.047162,0.013835,0.049186,0.013428,0.004200,0.049716,-0.001874,0.050938,0.000000,0.002065,1.000000,1.000000,1.000000,0.000000,0.112862,-0.049645,0.041420,0.133208,0.086888
2.3700,0.01591,0.04124,0.47877,0.99999,-0.00155,0.00217,-0.00235,0.02688,0.03080,0.31546,0.31446,0.00403,0.01240,1,0.04744,0.00403,0.034975,0.00262,-0.1638,-0.0005,0.9134,-0.6249,-1.0844,2.7835,-3.1506,0,0.04900,0.01900,0.1966,0.1601,-0.024890,0.068772,6.0557,-4.1433,57.8509,5.0948,-3.9743,54.7940,0.0000,0.0000,0.0000,-0.6146,-0.2236,6.8095,-0.030587,0.018613,57.7991,-0.028600,0.018998,54.7940,0.000000,0.000000,0.0000,-0.048919,0.018982,6.8095,0.00769,-0.13576,-0.26768,0.68337,-0.41964,0.12434,-0.00250,-0.14556,-0.64358,0.53026,-0.16559,0.09728,0.02806,0.00149,0.10350,0.01262,-0.46104,2.31228,-0.62450,-2.81907,-1.36773,-1.03398,0.05742,-0.11147,0.05478,-0.85343,0.55405,0.12055,0.15113,0.01832,0.11564,0.01200,6.000,6.000,12.000,12.000,6.000,6.000,6.000,6.000,12.000,12.000,6.000,6.000,6.000,6.000,6.000,6.000,0.048261,0.012772,0.050460,0.012400,0.004200,0.049716,-0.002400,0.050831,0.000000,0.002231,1.000000,1.000000,1.000000,0.000000,0.114072,-0.049653,0.040782,0.128746,0.091595
2.3750,0.01682,0.04055,0.47892,0.99999,-0.00167,0.00233,-0.00265,0.02748,0.03028,0.31550,0.31446,0.00433,0.01134,1,0.04691,0.00433,0.034983,0.00135,-0.1341,-0.0005,0.9501,-0.6268,-0.9815,2.6461,-3.3595,0,0.04900,0.01900,0.2031,0.2879,-0.026575,0.068771,6.2991,-4.1554,58.5330,5.5187,-4.2148,57.0029,0.0000,0.0000,0.0000,-0.7673,-0.7891,6.3737,-0.029116,0.018403,58.4691,-0.030251,0.018998,57.0029,0.000000,0.000000,0.0000,-0.048946,0.018989,6.3737,0.00803,-0.13276,-0.26218,0.68109,-0.42391,0.12017,0.00308,-0.14462,-0.63430,0.50817,-0.13871,0.10405,0.02889,0.00130,0.11602,0.01433,-0.47829,2.30708,-0.54375,-2.77592,-1.28668,-1.02668,0.07237,-0.07350,0.01980,-0.89605,0.54353,0.15545,0.15279,0.01728,0.12476,0.01360,6.000,6.000,12.000,12.000,6.000,6.000,6.000,6.000,12.000,12.000,6.000,6.000,6.000,6.000,6.000,6.000,0.049378,0.011563,0.051771,0.011343,0.004200,0.049716,-0.002977,0.050375,0.000000,0.002402,1.000000,1.000000,1.000000,0.000000,0.115223,-0.049660,0.040166,0.124344,0.097277
2.3800,0.01776,0.03984,0.47907,0.99999,-0.00178,0.00250,-0.00293,0.02810,0.02975,0.31554,0.31446,0.00465,0.01026,1,0.04636,0.00465,0.034988,0.00106,-0.1043,-0.0005,0.9819,-0.6275,-0.8914,2.5212,-3.5287,1,0.04900,0.01900,0.2133,0.3208,-0.025546,0.068793,6.5099,-4.1600,59.1306,5.9515,-4.3599,57.6513,0.0000,0.0000,0.0000,-0.7499,-0.8578,5.9201,0.049006,0.019006,59.0548,-0.029189,0.018997,57.6513,0.000000,0.000000,0.0000,-0.048967,0.018994,5.9201,0.00815,-0.12975,-0.25639,0.67849,-0.42818,0.11617,0.00832,-0.14363,-0.62418,0.48520,-0.11236,0.11144,0.03029,0.00118,0.12783,0.01593,-0.47829,2.30708,-0.54375,-2.77592,-1.28668,-1.02668,0.07237,-0.07350,0.01980,-0.89605,0.54353,0.15545,0.15279,0.01728,0.12476,0.01360,6.000,6.000,12.000,12.000,6.000,6.000,6.000,6.000,12.000,12.000,6.000,6.000,6.000,6.000,6.000,6.000,0.050591,0.010305,0.053118,0.010257,0.004200,0.049716,-0.003379,0.049862,0.000000,0.002527,1.000000,1.000000,1.000000,0.000000,0.116315,-0.049667,0.039574,0.120167,0.104051
2.3850,0.01875,0.03910,0.47922,0.99999,-0.00188,0.00268,-0.00319,0.02873,0.02919,0.31557,0.31446,0.00499,0.00914,1,0.04580,0.00499,0.034993,0.00134,-0.0979,-0.0005,1.0075,-0.6319,-0.8073,2.4068,-3.7972,1,0.04900,0.01900,0.2225,0.2759,-0.026014,0.068819,6.6797,-4.1893,59.6876,6.3517,-4.4012,57.8999,0.0000,0.0000,0.0000,-0.5834,-0.7381,5.6847,0.049012,0.019012,59.6001,-0.029626,0.018997,57.8999,0.000000,0.000000,0.0000,-0.048984,0.018997,5.6847,0.00813,-0.12670,-0.25040,0.67570,-0.43244,0.11225,0.01318,-0.14252,-0.61338,0.46154,-0.08652,0.11904,0.03221,0.00113,0.13898,0.01744,-0.47829,2.30708,-0.54375,-2.77592,-1.28668,-1.02668,0.07237,-0.07350,0.01980,-0.89605,0.54353,0.15545,0.15279,0.01728,0.12476,0.01360,6.000,6.000,12.000,12.000,6.000,6.000,6.000,6.000,12.000,12.000,6.000,6.000,6.000,6.000,6.000,6.000,0.051915,0.009050,0.054503,0.009139,0.004200,0.049716,-0.003564,0.049448,0.000000,0.002589,1.000000,1.000000,1.000000,0.000000,0.117345,-0.049673,0.039009,0.116171,0.111436
2.3900,0.01978,0.03834,0.47937,0.99999,-0.00197,0.00286,-0.00342,0.02939,0.02862,0.31559,0.31446,0.00535,0.00799,1,0.04521,0.00535,0.034985,-0.00305,-0.1055,-0.0005,1.0285,-0.6385,-0.7209,2.2690,-4.1016,0,0.04900,0.01900,0.2310,0.2470,-0.026414,0.068849,6.8193,-4.2336,60.2609,6.6952,-4.4752,58.1180,0.0000,0.0000,0.0000,-0.4403,-0.6672,5.3946,-0.025034,0.016678,60.1619,-0.029995,0.018996,58.1180,0.000000,0.000000,0.0000,-0.048997,0.019000,5.3946,0.00803,-0.12370,-0.24397,0.67232,-0.43645,0.10917,0.01752,-0.14119,-0.60162,0.43684,-0.06192,0.12664,0.03460,0.00114,0.14958,0.01886,-0.49251,2.36038,-0.35175,-2.64500,-1.04577,-0.93124,0.09007,-0.00921,-0.06323,-0.97558,0.52351,0.19952,0.15259,0.01516,0.14590,0.01653,6.000,6.000,12.000,12.000,6.000,6.000,6.000,6.000,12.000,12.000,6.000,6.000,6.000,6.000,6.000,6.000,0.053334,0.007780,0.055928,0.007990,0.004200,0.049716,-0.003581,0.049088,0.000000,0.002602,1.000000,1.000000,1.000000,0.000000,0.118311,-0.049679,0.038475,0.112246,0.119036
2.3950,0.02086,0.03756,0.47950,0.99999,-0.00206,0.00302,-0.00363,0.03007,0.02802,0.31560,0.31446,0.00571,0.00681,1,0.04458,0.00571,0.034940,-0.01175,0.0034,-0.0005,1.0687,-0.6347,-0.4045,2.1502,-3.7942,0,0.04900,0.01900,0.2458,0.0000,-0.022409,0.068889,7.0856,-4.2078,62.3584,6.6931,-5.4411,58.4966,0.0000,0.0000,0.0000,0.0000,0.0000,0.0000,-0.022976,0.014304,62.2535,-0.025960,0.018996,58.4966,0.000000,0.000000,0.0000,0.000000,0.000000,0.0000,0.00788,-0.12088,-0.23673,0.66767,-0.43984,0.10824,0.02105,-0.13944,-0.58861,0.41071,-0.03954,0.13381,0.03741,0.00119,0.15973,0.02020,-0.50249,2.53294,-0.25732,-2.64960,-0.93491,-0.78146,0.07383,-0.03760,-0.12343,-1.01996,0.47285,0.18878,0.15106,0.01454,0.15662,0.01786,6.000,6.000,12.000,12.000,6.000,6.000,6.000,6.000,12.000,12.000,6.000,6.000,6.000,6.000,6.000,6.000,0.054597,0.006359,0.057393,0.006808,0.004200,0.049716,-0.004188,0.048367,0.000000,0.002832,1.000000,1.000000,1.000000,0.000000,0.119211,-0.049685,0.037972,0.109168,0.126640
2.4000,0.02197,0.03675,0.47964,0.99999,-0.00217,0.00318,-0.00383,0.03077,0.02740,0.31560,0.31446,0.00602,0.00559,1,0.04397,0.00602,0.034853,-0.01808,0.2232,-0.0004,1.1267,-0.6075,-0.1341,2.3747,-3.7775,0,0.04900,0.01900,0.2694,0.4637,-0.021085,0.068915,7.4704,-4.0280,64.1510,6.5687,-6.7095,58.0918,0.0000,0.0000,0.0000,-0.8284,-1.2741,5.4631,-0.020416,0.013355,64.0533,-0.024609,0.018996,58.0918,0.000000,0.000000,0.0000,-0.048994,0.019000,5.4631,0.00773,-0.11821,-0.22863,0.66136,-0.44235,0.10994,0.02480,-0.13774,-0.57530,0.38447,-0.01678,0.14181,0.04063,0.00126,0.16943,0.02149,-0.54780,2.59330,-0.08001,-2.58520,-0.75292,-0.68550,0.09026,-0.03094,-0.23852,-1.06836,0.43695,0.19688,0.15608,0.01424,0.16970,0.01971,6.000,6.000,12.000,12.000,6.000,6.000,6.000,6.000,12.000,12.000,6.000,6.000,6.000,6.000,6.000,6.000,0.055718,0.004646,0.058899,0.005593,0.004200,0.049716,-0.005345,0.046875,0.000000,0.003319,1.000000,1.000000,1.000000,0.000000,0.120044,-0.049690,0.037505,0.108239,0.133814
2.4050,0.02312,0.03591,0.47978,0.99998,-0.00227,0.00335,-0.00402,0.03150,0.02675,0.31558,0.31446,0.00634,0.00434,1,0.04339,0.00634,0.034786,-0.01030,0.3916,-0.0003,1.1526,-0.5831,-0.1271,2.6853,-3.9174,0,0.04900,0.01900,0.2248,0.5540,-0.017956,0.062308,7.6420,-3.8662,64.1978,8.4964,-2.6400,65.9637,0.0000,0.0000,0.0000,-1.1517,-1.0666,4.7235,-0.019553,0.013883,64.1194,-0.021463,0.012367,65.9637,0.000000,0.000000,0.0000,-0.048991,0.019000,4.7235,0.00765,-0.11540,-0.22042,0.65497,-0.44465,0.11098,0.02828,-0.13585,-0.56204,0.35845,0.00655,0.14857,0.04417,0.00137,0.17868,0.02271,-0.55716,2.51253,-0.02015,-2.54532,-0.66076,-0.67935,0.10916,0.00454,-0.25763,-1.05571,0.44391,0.21609,0.15300,0.01277,0.16704,0.01904,6.000,6.000,12.000,12.000,6.000,6.000,6.000,6.000,12.000,12.000,6.000,6.000,6.000,6.000,6.000,6.000,0.057232,0.002917,0.060448,0.004344,0.004200,0.049716,-0.005450,0.045438,0.000000,0.003519,1.000000,1.000000,1.000000,0.000000,0.120806,-0.049695,0.037076,0.109942,0.141810
2.4100,0.02430,0.03505,0.47995,0.99998,-0.00235,0.00352,-0.00424,0.03225,0.02608,0.31559,0.31446,0.00668,0.00306,1,0.04287,0.00668,0.034750,-0.00483,0.2111,-0.0003,1.1369,-0.6408,-0.6779,2.3571,-4.0874,0,0.04900,0.01900,0.2204,0.2102,-0.016458,0.061810,7.5377,-4.2484,60.5461,8.1483,-2.9196,65.4732,0.0000,0.0000,0.0000,-0.0949,1.0775,8.5784,-0.020217,0.015013,60.4804,-0.019940,0.011845,65.4732,0.000000,0.000000,0.0000,-0.048975,-0.018999,8.5784,0.00768,-0.11239,-0.21228,0.64888,-0.44703,0.11056,0.03110,-0.13352,-0.54936,0.33307,0.03081,0.15220,0.04797,0.00148,0.18736,0.02389,-0.53563,2.40911,-0.02627,-2.37815,-0.64323,-0.73863,0.08103,-0.02362,-0.21065,-0.98459,0.49256,0.13973,0.13715,0.00870,0.12881,0.01360,6.000,6.000,12.000,12.000,6.000,6.000,6.000,6.000,12.000,12.000,6.000,6.000,6.000,6.000,6.000,6.000,0.059243,0.002025,0.062041,0.003059,0.004200,0.049716,-0.004195,0.046616,0.000000,0.002983,1.000000,1.000000,1.000000,0.000000,0.121497,-0.049699,0.036685,0.110977,0.148573
2.4150,0.02551,0.03416,0.48011,0.99998,-0.00242,0.00369,-0.00446,0.03303,0.02540,0.31562,0.31446,0.00702,0.00174,1,0.04239,0.00702,0.034737,-0.00103,0.0824,-0.0002,1.1143,-0.6970,-0.9721,2.1572,-4.1287,0,0.04900,0.01900,0.2317,0.1906,-0.016785,0.063203,7.3876,-4.6209,58.5955,7.8367,-3.4718,61.6706,0.0000,0.0000,0.0000,0.0347,0.8242,7.2155,-0.021458,0.015568,58.5396,-0.020240,0.013212,61.6706,0.000000,0.000000,0.0000,-0.048964,-0.018998,7.2155,0.00779,-0.10921,-0.20417,0.64320,-0.44966,0.10896,0.03338,-0.13083,-0.53710,0.30839,0.05530,0.15345,0.05191,0.00160,0.19543,0.02500,-0.49264,2.38726,-0.13128,-2.35793,-0.70091,-0.77150,0.04341,-0.05832,-0.11984,-0.88656,0.53899,0.06520,0.11593,0.00427,0.08933,0.00815,6.000,6.000,12.000,12.000,6.000,6.000,6.000,6.000,12.000,12.000,6.000,6.000,6.000,6.000,6.000,6.000,0.061384,0.001079,0.063679,0.001737,0.004200,0.049716,-0.002688,0.047742,0.000000,0.002388,1.000000,1.000000,1.000000,0.000000,0.122114,-0.049703,0.036336,0.110556,0.152204
2.4200,0.02675,0.03324,0.48028,0.99998,-0.00247,0.00383,-0.00468,0.03384,0.02471,0.31566,0.31446,0.00735,0.00038,1,0.04193,0.00735,0.034739,0.00153,-0.0087,-0.0002,1.1168,-0.7458,-1.0345,1.9950,-4.0116,1,0.04900,0.01900,0.2379,0.2081,-0.017731,0.064000,7.4045,-4.9449,58.1815,7.5391,-3.9440,59.6290,0.0000,0.0000,0.0000,0.2714,0.6872,5.9189,0.049009,0.019009,58.1320,-0.021161,0.013980,59.6290,0.000000,0.000000,0.0000,-0.048963,-0.018996,5.9189,0.00796,-0.10590,-0.19596,0.63776,-0.45257,0.10646,0.03544,-0.12796,-0.52501,0.28426,0.07978,0.15344,0.05593,0.00173,0.20290,0.02604,-0.49264,2.38726,-0.13128,-2.35793,-0.70091,-0.77150,0.04341,-0.05832,-0.11984,-0.88656,0.53899,0.06520,0.11593,0.00427,0.08933,0.00815,6.000,6.000,12.000,12.000,6.000,6.000,6.000,6.000,12.000,12.000,6.000,6.000,6.000,6.000,6.000,6.000,0.063311,0.000014,0.065364,0.000378,0.004200,0.049716,-0.001958,0.048623,0.000000,0.002085,1.000000,1.000000,1.000000,0.000000,0.122656,-0.049707,0.036030,0.108962,0.153454
2.4250,0.02802,0.03230,0.48042,0.99998,-0.00251,0.00395,-0.00487,0.03468,0.02402,0.31571,0.31446,0.00764,-0.00102,1,0.04149,0.00764,0.034750,0.00293,-0.0716,-0.0002,1.1280,-0.7886,-1.0603,1.7197,-3.6820,0,0.04900,0.01900,0.2446,0.1273,-0.017798,0.063942,7.4787,-5.2286,58.0107,7.6142,-4.2524,59.4443,0.0000,0.0000,0.0000,0.1543,0.3790,5.3576,-0.019694,0.015106,57.9645,-0.021204,0.013894,59.4443,0.000000,0.000000,0.0000,-0.048967,-0.018996,5.3576,0.00813,-0.10247,-0.18765,0.63259,-0.45579,0.10327,0.03720,-0.12489,-0.51319,0.26109,0.10358,0.15228,0.05990,0.00185,0.20969,0.02699,-0.51371,2.46789,-0.08476,-2.21888,-0.59802,-0.77127,0.02476,-0.10225,-0.15826,-0.77512,0.57428,-0.01621,0.06514,-0.00479,0.01189,-0.00349,6.000,6.000,12.000,12.000,6.000,6.000,6.000,6.000,12.000,12.000,6.000,6.000,6.000,6.000,6.000,6.000,0.065204,-0.001159,0.067096,-0.001019,0.004200,0.049716,-0.001476,0.049297,0.000000,0.001897,1.000000,1.000000,1.000000,0.000000,0.123119,-0.049710,0.035769,0.106457,0.153439
2.4300,0.02930,0.03132,0.48055,0.99998,-0.00254,0.00404,-0.00504,0.03555,0.02330,0.31574,0.31446,0.00788,-0.00246,1,0.04106,0.00788,0.034765,0.00349,-0.1075,-0.0002,1.1430,-0.8243,-0.8935,1.5599,-3.3197,0,0.04900,0.01900,0.2551,0.1887,-0.016011,0.064296,7.5784,-5.4653,59.1163,7.5314,-4.8847,58.6520,0.0000,0.0000,0.0000,0.2556,0.2668,3.2639,-0.017724,0.013907,59.0709,-0.019393,0.014220,58.6520,0.000000,0.000000,0.0000,-0.048975,-0.018996,3.2639,0.00827,-0.09895,-0.17927,0.62769,-0.45929,0.09964,0.03861,-0.12162,-0.50177,0.23937,0.12615,0.15008,0.06364,0.00196,0.21569,0.02783,-0.54030,2.57261,-0.03385,-2.16469,-0.50396,-0.72585,0.01928,-0.12118,-0.22128,-0.71313,0.56697,-0.05164,0.02941,-0.01033,-0.03176,-0.01021,6.000,6.000,12.000,12.000,6.000,6.000,6.000,6.000,12.000,12.000,6.000,6.000,6.000,6.000,6.000,6.000,0.067115,-0.002452,0.068877,-0.002456,0.004200,0.049716,-0.001088,0.049728,0.000000,0.001763,1.000000,1.000000,1.000000,0.000000,0.123503,-0.049712,0.035553,0.103273,0.152281
2.4350,0.03061,0.03032,0.48067,0.99998,-0.00255,0.00410,-0.00516,0.03645,0.02257,0.31577,0.31446,0.00806,-0.00393,1,0.04063,0.00806,0.034782,0.00376,-0.1234,-0.0003,1.1604,-0.8544,-0.7029,1.3932,-2.8753,1,0.04900,0.01900,0.2605,0.1816,-0.014223,0.063497,7.6937,-5.6644,60.3799,7.6509,-5.2881,59.5076,0.0000,0.0000,0.0000,0.2116,0.0691,2.0426,-0.003113,0.010051,60.3336,-0.017580,0.013396,59.5076,0.000000,0.000000,0.0000,-0.048982,-0.018997,2.0426,0.00837,-0.09535,-0.17068,0.62290,-0.46303,0.09569,0.03985,-0.11823,-0.49054,0.21869,0.14772,0.14741,0.06712,0.00204,0.22092,0.02856,-0.54030,2.57261,-0.03385,-2.16469,-0.50396,-0.72585,0.01928,-0.12118,-0.22128,-0.71313,0.56697,-0.05164,0.02941,-0.01033,-0.03176,-0.01021,6.000,6.000,12.000,12.000,6.000,6.000,6.000,6.000,12.000,12.000,6.000,6.000,6.000,6.000,6.000,6.000,0.069060,-0.003852,0.070709,-0.003933,0.004200,0.049716,-0.000746,0.049961,0.000000,0.001651,1.000000,1.000000,1.000000,0.000000,0.123805,-0.049714,0.035384,0.099636,0.150076
2.4400,0.03195,0.02928,0.48077,0.99997,-0.00255,0.00411,-0.00526,0.03738,0.02182,0.31578,0.31446,0.00817,-0.00545,1,0.04020,0.00817,0.034799,0.00369,-0.1325,-0.0003,1.1784,-0.8820,-0.4869,1.1815,-2.2186,1,0.04900,0.01900,0.2679,0.2276,-0.014344,0.063531,7.8127,-5.8476,61.8122,7.8551,-5.4858,59.6163,0.0000,0.0000,0.0000,0.2073,-0.0700,1.6020,0.022702,0.019009,61.7638,-0.017678,0.013406,59.6163,0.000000,0.000000,0.0000,-0.048989,-0.018998,1.6020,0.00842,-0.09168,-0.16178,0.61810,-0.46698,0.09155,0.04106,-0.11477,-0.47923,0.19859,0.16866,0.14466,0.07039,0.00209,0.22546,0.02919,-0.54030,2.57261,-0.03385,-2.16469,-0.50396,-0.72585,0.01928,-0.12118,-0.22128,-0.71313,0.56697,-0.05164,0.02941,-0.01033,-0.03176,-0.01021,6.000,6.000,12.000,12.000,6.000,6.000,6.000,6.000,12.000,12.000,6.000,6.000,6.000,6.000,6.000,6.000,0.071062,-0.005326,0.072593,-0.005453,0.004200,0.049716,-0.000393,0.050096,0.000000,0.001536,1.000000,1.000000,1.000000,0.000000,0.124023,-0.049715,0.035263,0.095693,0.147408
2.4450,0.03330,0.02821,0.48085,0.99997,-0.00254,0.00408,-0.00531,0.03834,0.02105,0.31577,0.31446,0.00819,-0.00701,1,0.03978,0.00819,0.034812,0.00253,-0.1333,-0.0003,1.1970,-0.9077,-0.2435,0.9542,-1.4214,0,0.04900,0.01900,0.2772,0.3262,-0.014561,0.063696,7.9359,-6.0183,63.4259,8.0764,-5.7409,59.5975,0.0000,0.0000,0.0000,0.1970,-0.1477,1.2580,-0.011032,0.010133,63.3746,-0.017870,0.013546,59.5975,0.000000,0.000000,0.0000,-0.048995,-0.018999,1.2580,0.00837,-0.08795,-0.15261,0.61312,-0.47091,0.08748,0.04207,-0.11117,-0.46856,0.18045,0.18840,0.14186,0.07313,0.00209,0.22897,0.02968,-0.66351,2.87784,0.16656,-2.00826,-0.13943,-0.54704,0.04061,-0.13873,-0.44351,-0.55763,0.57839,-0.08189,-0.11400,-0.03252,-0.20669,-0.03851,6.000,6.000,12.000,12.000,6.000,6.000,6.000,6.000,12.000,12.000,6.000,6.000,6.000,6.000,6.000,6.000,0.073120,-0.006870,0.074529,-0.007015,0.004200,0.049716,-0.000030,0.050151,0.000000,0.001417,1.000000,1.000000,1.000000,0.000000,0.124155,-0.049716,0.035190,0.091551,0.144659
2.4500,0.03467,0.02710,0.48092,0.99997,-0.00253,0.00402,-0.00532,0.03933,0.02026,0.31576,0.31446,0.00813,-0.00862,1,0.03937,0.00813,0.034821,0.00164,-0.1070,-0.0003,1.2204,-0.9291,-0.1192,0.8748,-0.9242,0,0.04900,0.01900,0.2723,0.0000,-0.008165,0.060685,8.0910,-6.1597,64.2501,8.1072,-6.3400,63.0127,0.0000,0.0000,0.0000,0.0000,0.0000,0.0000,-0.010465,0.009492,64.1973,-0.011445,0.010522,63.0127,0.000000,0.000000,0.0000,0.000000,0.000000,0.0000,0.00822,-0.08416,-0.14321,0.60787,-0.47467,0.08358,0.04284,-0.10737,-0.45907,0.16524,0.20693,0.13901,0.07505,0.00202,0.23119,0.02999,-0.67825,2.92734,0.15608,-2.02393,-0.09601,-0.50352,0.03505,-0.14412,-0.49110,-0.45799,0.56354,-0.08365,-0.16001,-0.03803,-0.25779,-0.04599,6.000,6.000,12.000,12.000,6.000,6.000,6.000,6.000,12.000,12.000,6.000,6.000,6.000,6.000,6.000,6.000,0.075191,-0.008514,0.076521,-0.008622,0.004200,0.049716,0.000210,0.050040,0.000000,0.001334,0.000000,1.000000,1.000000,0.000000,0.124200,-0.049716,0.034369,0.087483,0.141860
2.4550,0.03604,0.02597,0.48098,0.99998,-0.00252,0.00394,-0.00530,0.04035,0.01944,0.31574,0.31446,0.00801,-0.01024,1,0.03899,0.00801,0.034823,0.00028,-0.0864,-0.0003,1.1486,-0.8710,-0.0403,0.8162,-0.4809,0,0.04900,0.01900,0.2733,0.0000,-0.007568,0.060020,7.6153,-5.7745,64.7728,8.2221,-6.4625,63.7855,0.0000,0.0000,0.0000,0.0000,0.0000,0.0000,-0.005725,0.005805,64.7247,-0.010823,0.009837,63.7855,0.000000,0.000000,0.0000,0.000000,0.000000,0.0000,0.00799,-0.08031,-0.13354,0.60223,-0.47817,0.07999,0.04341,-0.10339,-0.45081,0.15293,0.22446,0.13612,0.07615,0.00188,0.23214,0.03013,-0.64544,3.00006,0.24331,-1.86696,0.16788,-0.27926,0.03063,-0.14475,-0.56146,-0.40227,0.53244,-0.08502,-0.17296,-0.03825,-0.26462,-0.04637,6.000,6.000,12.000,12.000,6.000,6.000,6.000,6.000,12.000,12.000,6.000,6.000,6.000,6.000,6.000,6.000,0.077304,-0.010196,0.078527,-0.010239,0.007200,0.047231,0.003530,0.047360,0.000000,0.001224,0.000000,1.000000,1.000000,0.000000,0.124200,-0.049716,0.034369,0.083580,0.139011
2.4600,0.03742,0.02480,0.48104,0.99998,-0.00250,0.00384,-0.00525,0.04140,0.01860,0.31572,0.31446,0.00785,-0.01183,1,0.03863,0.00785,0.034823,0.00087,-0.0532,-0.0003,1.0769,-0.8104,0.0219,0.7884,-0.1216,0,0.04900,0.01900,0.2620,0.0000,-0.003073,0.056664,7.1398,-5.3727,65.1857,7.8469,-6.3100,64.0658,0.0000,0.0000,0.0000,0.0000,0.0000,0.0000,-0.001473,0.002324,65.1450,-0.006297,0.006470,64.0658,0.000000,0.000000,0.0000,0.000000,0.000000,0.0000,0.00771,-0.07641,-0.12363,0.59621,-0.48147,0.07663,0.04382,-0.09926,-0.44375,0.14336,0.24111,0.13319,0.07648,0.00167,0.23190,0.03011,-0.60671,3.05878,0.30625,-1.73293,0.40938,-0.05872,0.02513,-0.14215,-0.61373,-0.34365,0.50493,-0.08611,-0.18245,-0.03792,-0.26750,-0.04607,6.000,6.000,12.000,12.000,6.000,6.000,6.000,6.000,12.000,12.000,6.000,6.000,6.000,6.000,6.000,6.000,0.079398,-0.011888,0.080505,-0.011831,0.010200,0.044745,0.006878,0.044575,0.000000,0.001109,0.000000,1.000000,1.000000,0.000000,0.124200,-0.049716,0.034369,0.079989,0.136120
2.4650,0.03882,0.02360,0.48109,0.99998,-0.00248,0.00371,-0.00517,0.04248,0.01773,0.31569,0.31446,0.00765,-0.01340,1,0.03830,0.00765,0.034829,0.00178,-0.0678,-0.0003,1.0078,-0.7559,0.0181,0.6890,0.1876,1,0.04900,0.01900,0.2324,0.0000,0.001583,0.052546,6.6816,-5.0114,65.1604,7.2722,-5.4774,65.2937,0.0000,0.0000,0.0000,0.0000,0.0000,0.0000,-0.020164,0.008538,65.1280,-0.001609,0.002344,65.2937,0.000000,0.000000,0.0000,0.000000,0.000000,0.0000,0.00738,-0.07240,-0.11337,0.58985,-0.48482,0.07310,0.04417,-0.09500,-0.43748,0.13572,0.25740,0.13026,0.07612,0.00139,0.23060,0.02994,-0.60671,3.05878,0.30625,-1.73293,0.40938,-0.05872,0.02513,-0.14215,-0.61373,-0.34365,0.50493,-0.08611,-0.18245,-0.03792,-0.26750,-0.04607,6.000,6.000,12.000,12.000,6.000,6.000,6.000,6.000,12.000,12.000,6.000,6.000,6.000,6.000,6.000,6.000,0.081444,-0.013497,0.082454,-0.013398,0.013200,0.042259,0.010171,0.041964,0.000000,0.001014,0.000000,1.000000,1.000000,0.000000,0.124200,-0.049716,0.034369,0.076627,0.133195
2.4700,0.04022,0.02237,0.48114,0.99998,-0.00245,0.00357,-0.00507,0.04358,0.01685,0.31567,0.31446,0.00740,-0.01494,1,0.03798,0.00740,0.034838,0.00230,-0.0909,-0.0003,0.9315,-0.6970,0.0169,0.6945,0.8287,0,0.04900,0.01900,0.2428,0.0000,0.001242,0.052596,6.1760,-4.6208,65.1527,7.5480,-5.7117,64.9845,0.0000,0.0000,0.0000,0.0000,0.0000,0.0000,0.006142,-0.004538,65.1271,-0.001927,0.002376,64.9845,0.000000,0.000000,0.0000,0.000000,0.000000,0.0000,0.00702,-0.06832,-0.10282,0.58310,-0.48808,0.06961,0.04442,-0.09063,-0.43214,0.13019,0.27313,0.12730,0.07510,0.00104,0.22833,0.02963,-0.51464,3.14053,0.38555,-1.48034,0.82017,0.35509,0.01539,-0.12837,-0.66344,-0.24867,0.47678,-0.08697,-0.19358,-0.03682,-0.26541,-0.04448,6.000,6.000,12.000,12.000,6.000,6.000,6.000,6.000,12.000,12.000,6.000,6.000,6.000,6.000,6.000,6.000,0.083546,-0.015134,0.084373,-0.014940,0.016200,0.039773,0.013721,0.039191,0.000000,0.000849,0.000000,1.000000,1.000000,0.000000,0.124200,-0.049716,0.034369,0.073103,0.130257
2.4750,0.04163,0.02112,0.48118,0.99998,-0.00243,0.00342,-0.00496,0.04471,0.01595,0.31564,0.31446,0.00711,-0.01645,1,0.03768,0.00711,0.034848,0.00258,-0.1048,-0.0003,0.8652,-0.6428,0.0109,0.5931,0.9672,0,0.04900,0.01900,0.2078,0.0000,0.008927,0.045985,5.7360,-4.2615,65.1125,6.4070,-4.9797,65.0946,0.0000,0.0000,0.0000,0.0000,0.0000,0.0000,0.009641,-0.007731,65.0931,0.005795,-0.004233,65.0946,0.000000,0.000000,0.0000,0.000000,0.000000,0.0000,0.00666,-0.06420,-0.09204,0.57593,-0.49117,0.06627,0.04454,-0.08615,-0.42786,0.12695,0.28810,0.12434,0.07348,0.00065,0.22516,0.02920,-0.47045,3.17302,0.41449,-1.36365,1.01285,0.55248,0.00866,-0.11908,-0.68236,-0.18948,0.45388,-0.08735,-0.19498,-0.03533,-0.26000,-0.04275,6.000,6.000,12.000,12.000,6.000,6.000,6.000,6.000,12.000,12.000,6.000,6.000,6.000,6.000,6.000,6.000,0.085521,-0.016700,0.086261,-0.016454,0.019200,0.037287,0.016978,0.036549,0.000000,0.000780,0.000000,1.000000,1.000000,0.000000,0.124200,-0.049716,0.034369,0.069606,0.127304
2.4800,0.04306,0.01984,0.48122,0.99998,-0.00239,0.00327,-0.00484,0.04586,0.01502,0.31562,0.31446,0.00681,-0.01794,1,0.03741,0.00681,0.034860,0.00279,-0.1133,-0.0003,0.7998,-0.5888,0.0110,0.5137,1.0659,0,0.04900,0.01900,0.1946,0.0000,0.012352,0.042834,5.3030,-3.9038,65.1133,5.9834,-4.6625,64.9941,0.0000,0.0000,0.0000,0.0000,0.0000,0.0000,0.012910,-0.010886,65.1001,0.009248,-0.007388,64.9941,0.000000,0.000000,0.0000,0.000000,0.000000,0.0000,0.00628,-0.06004,-0.08101,0.56832,-0.49405,0.06313,0.04453,-0.08157,-0.42453,0.12580,0.30233,0.12136,0.07132,0.00023,0.22122,0.02868,-0.42438,3.20395,0.43006,-1.26202,1.19325,0.74808,0.00152,-0.10832,-0.69070,-0.13181,0.43082,-0.08750,-0.19391,-0.03353,-0.25104,-0.04047,6.000,6.000,12.000,12.000,6.000,6.000,6.000,6.000,12.000,12.000,6.000,6.000,6.000,6.000,6.000,6.000,0.087460,-0.018242,0.088118,-0.017941,0.022200,0.034801,0.020224,0.033898,0.000000,0.000724,0.000000,1.000000,1.000000,0.000000,0.124200,-0.049716,0.034369,0.066272,0.124337
2.4850,0.04449,0.01854,0.48126,0.99998,-0.00236,0.00312,-0.00471,0.04704,0.01408,0.31560,0.31446,0.00651,-0.01940,1,0.03716,0.00651,0.034873,0.00309,-0.1202,-0.0003,0.7353,-0.5353,0.0112,0.4453,1.1308,0,0.04900,0.01900,0.1811,0.0000,0.015542,0.039711,4.8752,-3.5491,65.1146,5.5760,-4.3326,64.9835,0.0000,0.0000,0.0000,0.0000,0.0000,0.0000,0.016042,-0.014005,65.1076,0.012464,-0.010513,64.9835,0.000000,0.000000,0.0000,0.000000,0.000000,0.0000,0.00590,-0.05586,-0.06974,0.56022,-0.49666,0.06021,0.04439,-0.07690,-0.42207,0.12657,0.31579,0.11839,0.06869,-0.00021,0.21662,0.02807,-0.37877,3.23220,0.43887,-1.16773,1.36674,0.94166,-0.00560,-0.09634,-0.69162,-0.07673,0.40706,-0.08744,-0.19139,-0.03162,-0.24026,-0.03793,6.000,6.000,12.000,12.000,6.000,6.000,6.000,6.000,12.000,12.000,6.000,6.000,6.000,6.000,6.000,6.000,0.089365,-0.019757,0.089943,-0.019400,0.025200,0.032316,0.023466,0.031244,0.000000,0.000679,0.000000,1.000000,1.000000,0.000000,0.124200,-0.049716,0.034369,0.063129,0.121362
2.4900,0.04593,0.01724,0.48133,0.99998,-0.00242,0.00307,-0.00470,0.04823,0.01313,0.31558,0.31446,0.00621,-0.02083,1,0.03697,0.00621,0.034891,0.00476,-0.1294,-0.0004,0.6715,-0.4822,0.0078,0.3791,1.1735,0,0.04900,0.01900,0.1677,0.0000,0.018588,0.036640,4.4518,-3.1969,65.0921,5.1711,-4.0056,65.0176,0.0000,0.0000,0.0000,0.0000,0.0000,0.0000,0.019106,-0.017091,65.0912,0.015538,-0.013586,65.0176,0.000000,0.000000,0.0000,0.000000,0.000000,0.0000,0.00571,-0.05139,-0.05843,0.55118,-0.49855,0.05757,0.04461,-0.07173,-0.42089,0.12985,0.32596,0.11276,0.06569,-0.00051,0.21108,0.02741,-0.33480,3.25716,0.44531,-1.07551,1.53704,1.13330,-0.01243,-0.08336,-0.68745,-0.02486,0.38233,-0.08716,-0.18869,-0.02759,-0.22893,-0.03534,6.000,6.000,12.000,12.000,6.000,6.000,6.000,6.000,12.000,12.000,6.000,6.000,6.000,6.000,6.000,6.000,0.091236,-0.021243,0.091734,-0.020829,0.028200,0.029830,0.026707,0.028587,0.000000,0.000647,0.000000,1.000000,1.000000,0.000000,0.124200,-0.049716,0.034369,0.060213,0.118386
2.4950,0.04731,0.01594,0.48145,0.99998,-0.00268,0.00320,-0.00495,0.04942,0.01217,0.31559,0.31446,0.00612,-0.02223,2,0.03686,0.00612,0.034912,0.00453,-0.1729,-0.0004,0.7336,-0.4792,-1.0818,3.6225,-2.1078,0,0.04900,0.01900,0.1517,0.7621,0.024311,0.032574,3.0886,-1.5237,55.3075,3.2573,-4.3743,59.9283,1.7753,-1.6537,2.5605,-11.8142,5.3081,28.3310,0.014242,-0.007803,55.3105,0.021289,-0.017644,59.9283,-0.049114,-0.019114,2.6896,0.048986,-0.018988,28.3310,0.00596,-0.04634,-0.04759,0.54121,-0.49946,0.05460,0.04390,-0.06510,-0.42207,0.13779,0.32858,0.10278,0.06049,-0.00076,0.20173,0.02642,-0.37520,1.85411,-0.10146,-1.32145,1.00683,0.39818,-0.08204,0.49361,-0.19274,0.45010,0.15685,-0.12534,-1.02105,-0.16419,-1.42859,-0.22717,6.000,6.000,12.000,12.000,6.000,6.000,6.000,6.000,12.000,12.000,6.000,6.000,6.000,6.000,6.000,6.000,0.091727,-0.022166,0.093491,-0.022229,0.031200,0.027344,0.025908,0.027532,0.000000,0.001765,0.000000,1.000000,0.801917,0.074281,0.000000,0.000000,0.000000,0.057567,0.112756
2.5000,0.04860,0.01465,0.48159,0.99997,-0.00307,0.00344,-0.00538,0.05059,0.01122,0.31565,0.31446,0.00638,-0.02360,2,0.03680,0.00638,0.034931,0.00371,-0.1703,-0.0004,0.8101,-0.4954,-1.6136,6.2010,-4.1760,0,0.04900,0.01900,0.0898,0.6545,0.018918,0.041569,3.9418,-1.9759,52.3145,2.1131,-1.8359,51.9694,1.4291,-1.3086,2.0275,-7.9587,3.0393,21.6969,0.017283,-0.007892,52.3223,0.015874,-0.008679,51.9694,-0.022539,-0.019298,2.1382,0.048970,-0.018981,21.6969,0.00645,-0.04084,-0.03746,0.53105,-0.49978,0.05104,0.04173,-0.05741,-0.42584,0.15110,0.32421,0.09149,0.05185,-0.00099,0.18714,0.02488,-0.52717,1.89992,0.26253,-0.91984,1.21436,0.37514,-0.14003,0.28920,-0.40595,0.60031,-0.00806,-0.23214,-1.09227,-0.16203,-1.58367,-0.24270,6.000,6.000,12.000,12.000,6.000,6.000,6.000,6.000,12.000,12.000,6.000,6.000,6.000,6.000,6.000,6.000,0.092020,-0.022852,0.095213,-0.023598,0.034200,0.024858,0.024623,0.027096,0.000000,0.003278,0.000000,1.000000,0.806480,0.080633,0.000000,0.000000,0.000000,0.054601,0.102778
2.5050,0.04980,0.01336,0.48174,0.99997,-0.00355,0.00376,-0.00592,0.05174,0.01026,0.31574,0.31446,0.00685,-0.02493,2,0.03681,0.00685,0.034944,0.00277,-0.1531,-0.0004,0.8778,-0.4658,-1.9994,8.2899,-5.9004,0,0.04900,0.01900,0.1201,0.6250,0.022577,0.041371,4.5708,-1.9548,50.0223,2.8128,-2.1406,49.0639,1.2493,-1.1334,1.7617,-8.5491,-0.1699,22.8046,0.018063,-0.008289,50.0330,0.019540,-0.008875,49.0639,0.049153,-0.019152,1.8597,0.048971,-0.004099,22.8046,0.00704,-0.03505,-0.02813,0.52113,-0.49975,0.04698,0.03898,-0.04937,-0.43226,0.16986,0.31420,0.08098,0.04011,-0.00117,0.16790,0.02285,-0.60936,1.81497,0.41891,-0.69836,1.27796,0.35840,-0.14863,0.24583,-0.46283,0.84469,-0.07254,-0.23903,-1.02229,-0.13526,-1.52897,-0.22399,6.000,6.000,12.000,12.000,6.000,6.000,6.000,6.000,12.000,12.000,6.000,6.000,6.000,6.000,6.000,6.000,0.092364,-0.023995,0.096898,-0.024935,0.037200,0.022372,0.023595,0.025193,0.000000,0.004631,0.000000,1.000000,0.803766,0.089941,0.000000,0.000000,0.000000,0.051040,0.091489
2.5100,0.05093,0.01206,0.48187,0.99996,-0.00407,0.00411,-0.00652,0.05286,0.00930,0.31585,0.31446,0.00748,-0.02624,2,0.03688,0.00748,0.034941,-0.00077,-0.1320,-0.0004,0.9058,-0.4214,-2.1397,9.5245,-6.8823,0,0.04900,0.01900,0.1484,0.5257,0.022840,0.041305,4.5934,-1.5157,48.8637,3.7102,-2.1131,47.9699,1.4124,-1.2779,1.9902,-6.0045,-0.4160,19.0865,0.019148,-0.009773,48.8740,0.019809,-0.008953,47.9699,0.049105,-0.019105,2.1005,0.048968,-0.002576,19.0865,0.00763,-0.02902,-0.01942,0.51158,-0.49952,0.04196,0.03575,-0.04116,-0.44093,0.19337,0.29989,0.07134,0.02610,-0.00130,0.14533,0.02046,-0.54267,1.66500,0.40404,-0.59796,1.31053,0.39311,-0.15428,0.33896,-0.43342,1.02142,-0.18205,-0.20829,-0.83500,-0.09000,-1.28800,-0.17634,6.000,6.000,12.000,12.000,6.000,6.000,6.000,6.000,12.000,12.000,6.000,6.000,6.000,6.000,6.000,6.000,0.093089,-0.025266,0.098547,-0.026240,0.040200,0.019887,0.023825,0.022807,0.000000,0.005544,0.000000,1.000000,0.792862,0.103569,0.000000,0.000000,0.000000,0.046980,0.080982
2.5150,0.05203,0.01076,0.48197,0.99995,-0.00458,0.00445,-0.00712,0.05398,0.00833,0.31594,0.31446,0.00820,-0.02751,2,0.03697,0.00820,0.034938,-0.00012,-0.0447,-0.0004,0.9049,-0.3825,-1.9673,10.1139,-7.2822,0,0.04900,0.01900,0.1566,0.4432,0.023103,0.040232,3.9218,-1.0659,49.0405,4.0528,-1.9939,48.0759,2.0780,-1.4701,2.9566,-4.0394,-0.5776,15.3458,0.020005,-0.011819,49.0484,0.020085,-0.010039,48.0759,-0.007099,-0.019084,3.1082,0.048967,-0.002486,15.3458,0.00829,-0.02303,-0.01117,0.50279,-0.49952,0.03696,0.03127,-0.03271,-0.45094,0.22041,0.28165,0.06286,0.01095,-0.00136,0.12104,0.01791,-0.31738,1.54859,0.18506,-0.67495,1.29371,0.45417,-0.21603,0.45840,-0.27313,1.13527,-0.35671,-0.15754,-0.59898,-0.03995,-0.95761,-0.11611,6.000,6.000,12.000,12.000,6.000,6.000,6.000,6.000,12.000,12.000,6.000,6.000,6.000,6.000,6.000,6.000,0.094082,-0.026447,0.100157,-0.027511,0.043200,0.017401,0.024974,0.020593,0.000000,0.006168,0.000000,1.000000,0.778121,0.120185,0.000000,0.000000,0.000000,0.041961,0.071339
2.5200,0.05311,0.00944,0.48202,0.99995,-0.00502,0.00473,-0.00766,0.05510,0.00736,0.31602,0.31446,0.00922,-0.02875,2,0.03702,0.00922,0.034936,0.00009,-0.0600,-0.0004,0.7614,-0.3386,-1.7727,9.6676,-6.9518,0,0.04900,0.01900,0.1339,0.3578,0.023490,0.039041,2.7475,-0.9660,47.9048,3.6259,-1.5474,49.0925,2.3005,-1.2788,5.3827,-2.3250,-0.4767,11.0568,0.020683,-0.011434,47.9115,0.020489,-0.011240,49.0925,-0.049047,-0.019048,5.5367,0.048970,-0.003691,11.0568,0.00895,-0.01723,-0.00306,0.49472,-0.49995,0.03214,0.02536,-0.02411,-0.46080,0.24936,0.25905,0.05563,-0.00456,-0.00136,0.09625,0.01532,-0.21358,1.42282,-0.12389,-0.79878,1.19499,0.42577,-0.17798,0.48115,-0.03109,1.10029,-0.66965,-0.08505,-0.48386,-0.01488,-0.78578,-0.08421,6.000,6.000,12.000,12.000,6.000,6.000,6.000,6.000,12.000,12.000,6.000,6.000,6.000,6.000,6.000,6.000,0.096560,-0.027649,0.101728,-0.028748,0.046200,0.014915,0.030697,0.018210,0.000000,0.005283,0.000000,1.000000,0.740090,0.151614,0.000000,0.000000,0.000000,0.036960,0.062865
2.5250,0.05422,0.00811,0.48203,0.99994,-0.00537,0.00494,-0.00811,0.05623,0.00637,0.31608,0.31446,0.01011,-0.02995,2,0.03696,0.01011,0.034935,0.00013,-0.0648,-0.0004,0.6894,-0.2897,-1.1895,8.5226,-5.9298,0,0.04900,0.01900,0.1031,0.4997,0.023642,0.039401,2.5551,-0.8357,47.8583,2.7117,-1.3024,48.6297,2.0158,-1.0847,9.2956,-1.8990,-0.5285,6.5760,0.017293,-0.010523,47.8647,0.020650,-0.010886,48.6297,-0.049028,-0.019028,9.4168,0.048972,-0.012330,6.5760,0.00954,-0.01164,0.00526,0.48696,-0.50078,0.02738,0.01819,-0.01548,-0.46902,0.27859,0.23098,0.05011,-0.01985,-0.00131,0.07195,0.01281,-0.16020,1.27363,-0.32965,-0.99324,1.00579,0.38089,-0.16020,0.52551,0.09801,0.91994,-1.00284,0.01126,-0.34384,0.01263,-0.55169,-0.04426,6.000,6.000,12.000,12.000,6.000,6.000,6.000,6.000,12.000,12.000,6.000,6.000,6.000,6.000,6.000,6.000,0.098233,-0.028873,0.103258,-0.029949,0.049200,0.012429,0.034125,0.015659,0.000000,0.005139,0.000000,1.000000,0.712705,0.179559,0.000000,0.000000,0.000000,0.032141,0.055629
2.5300,0.05536,0.00676,0.48201,0.99994,-0.00564,0.00509,-0.00847,0.05734,0.00539,0.31609,0.31446,0.01083,-0.03111,2,0.03679,0.01083,0.034936,0.00058,-0.0656,-0.0004,0.7412,-0.2400,-0.5172,7.2631,-4.8931,0,0.04900,0.01900,0.0944,0.9578,0.020340,0.040073,2.7127,-0.6733,48.9840,2.5364,-1.0427,48.4397,2.2011,-0.9178,12.6275,-2.8214,-0.7288,5.0718,0.016317,-0.012203,48.9903,0.017355,-0.010242,48.4397,-0.045022,-0.019022,12.7409,0.048977,-0.018989,5.0718,0.01002,-0.00626,0.01411,0.47891,-0.50177,0.02270,0.00979,-0.00690,-0.47458,0.30636,0.19779,0.04686,-0.03443,-0.00121,0.04887,0.01043,-0.14405,1.25603,-0.33679,-1.06996,0.98646,0.46922,-0.17867,0.52980,0.11803,0.71068,-1.15006,0.11826,-0.25032,0.02915,-0.37686,-0.01609,6.000,6.000,12.000,12.000,6.000,6.000,6.000,6.000,12.000,12.000,6.000,6.000,6.000,6.000,6.000,6.000,0.098542,-0.030069,0.104746,-0.031114,0.052200,0.009943,0.033586,0.013079,0.000000,0.006292,0.000000,1.000000,0.704808,0.196795,0.000000,0.000000,0.000000,0.027383,0.050113
2.5350,0.05655,0.00541,0.48197,0.99993,-0.00582,0.00520,-0.00875,0.05845,0.00439,0.31606,0.31446,0.01137,-0.03224,2,0.03651,0.01137,0.034940,0.00134,-0.0767,-0.0004,0.8631,-0.1883,0.0505,6.0413,-4.2087,0,0.04900,0.01900,0.0997,0.9991,0.019126,0.038518,3.1092,-0.4961,49.8452,2.7926,-0.9528,49.3282,2.6130,-0.7523,15.5298,-3.5935,-0.6770,6.1008,0.014915,-0.014530,49.8515,0.016163,-0.011811,49.3282,-0.035831,-0.019014,15.6361,0.048987,-0.018991,6.1008,0.01041,-0.00113,0.02372,0.47005,-0.50268,0.01821,0.00000,0.00155,-0.47704,0.33127,0.16133,0.04614,-0.04802,-0.00109,0.02737,0.00825,-0.15965,1.26512,-0.29161,-1.13686,0.96842,0.59210,-0.22291,0.50977,0.15935,0.57561,-1.14257,0.22846,-0.19278,0.03705,-0.26019,0.00154,6.000,6.000,12.000,12.000,6.000,6.000,6.000,6.000,12.000,12.000,6.000,6.000,6.000,6.000,6.000,6.000,0.098055,-0.031252,0.106192,-0.032242,0.055200,0.007457,0.030789,0.010429,0.000000,0.008197,0.000000,1.000000,0.678287,0.206990,0.000000,0.000000,0.000000,0.022702,0.046856
2.5400,0.05780,0.00404,0.48193,0.99993,-0.00591,0.00528,-0.00898,0.05956,0.00339,0.31601,0.31446,0.01174,-0.03333,2,0.03613,0.01174,0.034947,0.00231,-0.0958,-0.0004,0.9479,-0.1304,0.5036,4.6185,-3.6401,0,0.04900,0.01900,0.1148,0.9098,0.017327,0.036379,3.3829,-0.3074,49.9084,3.3600,-0.8253,50.2308,2.9017,-0.5575,18.4708,-3.5766,-0.9626,6.7863,0.013913,-0.016348,49.9143,0.014389,-0.013967,50.2308,-0.029393,-0.019030,18.5461,0.048995,-0.018993,6.7863,0.01070,0.00374,0.03426,0.45997,-0.50326,0.01396,-0.01122,0.00981,-0.47627,0.35257,0.12285,0.04829,-0.06055,-0.00095,0.00759,0.00628,-0.18205,1.23045,-0.23956,-1.18947,0.95339,0.68274,-0.28256,0.49329,0.22669,0.43530,-1.12298,0.34079,-0.17722,0.03630,-0.20881,0.00803,6.000,6.000,12.000,12.000,6.000,6.000,6.000,6.000,12.000,12.000,6.000,6.000,6.000,6.000,6.000,6.000,0.097919,-0.032464,0.107594,-0.033331,0.058200,0.004972,0.029174,0.007575,0.000000,0.009714,0.000000,1.000000,0.645399,0.221946,0.000000,0.000000,0.000000,0.018206,0.046140
2.5450,0.05910,0.00266,0.48188,0.99993,-0.00593,0.00535,-0.00916,0.06066,0.00239,0.31594,0.31446,0.01192,-0.03438,2,0.03570,0.01192,0.034959,0.00249,-0.1206,-0.0004,0.9440,-0.0755,0.8092,3.2426,-3.2216,0,0.04900,0.01900,0.1270,0.7797,0.015974,0.034642,3.3689,-0.1460,48.5776,3.7770,-0.6497,50.3210,2.8898,-0.3547,21.8275,-3.8384,-0.5967,8.3047,0.013374,-0.016686,48.5826,0.013061,-0.015716,50.3210,-0.025679,-0.019027,21.8433,0.048999,-0.018996,8.3047,0.01090,0.00841,0.04578,0.44833,-0.50327,0.00985,-0.02312,0.01777,-0.47272,0.36990,0.08455,0.05261,-0.07213,-0.00081,-0.01064,0.00449,-0.20103,1.10596,-0.20385,-1.22365,0.92399,0.67823,-0.34246,0.47581,0.35103,0.27702,-1.12202,0.46502,-0.20032,0.02835,-0.21826,0.00432,6.000,6.000,12.000,12.000,6.000,6.000,6.000,6.000,12.000,12.000,6.000,6.000,6.000,6.000,6.000,6.000,0.098684,-0.033607,0.108951,-0.034381,0.061200,0.002486,0.030398,0.004809,0.000000,0.010296,0.000000,1.000000,0.600863,0.248028,0.000000,0.000000,0.000000,0.013956,0.048294
2.5500,0.06043,0.00129,0.48184,0.99992,-0.00595,0.00543,-0.00924,0.06176,0.00138,0.31586,0.31446,0.01197,-0.03539,2,0.03540,0.01197,0.034953,-0.00041,-0.1268,-0.0004,0.8227,-0.0258,0.6712,2.6712,-3.4489,0,0.04900,0.01900,0.1044,0.6906,0.017558,0.031349,2.9715,-0.0312,44.5012,2.7983,0.5412,45.4884,2.4828,-0.1400,24.9892,11.0094,-1.6435,26.8667,0.013415,-0.013795,44.5049,0.014680,-0.018999,45.4884,-0.024772,-0.019023,24.9286,-0.048997,-0.018979,26.8667,0.01089,0.01320,0.05832,0.43454,-0.50221,0.00452,-0.03141,0.02454,-0.46990,0.38389,0.05745,0.05420,-0.08315,-0.00066,-0.02754,0.00283,-0.18231,0.80606,-0.17462,-1.19765,0.86128,0.47477,-0.32749,0.43579,0.49552,0.16213,-1.15593,0.49900,-0.23937,0.01788,-0.26192,-0.00548,6.000,6.000,12.000,12.000,6.000,6.000,6.000,6.000,12.000,12.000,6.000,6.000,6.000,6.000,6.000,6.000,0.100656,-0.034654,0.110261,-0.035390,0.064200,0.000000,0.035386,0.002208,0.000000,0.009633,0.000000,1.000000,0.542839,0.290494,0.000000,0.000000,0.000000,0.009849,0.052606
2.5550,0.06179,-0.00009,0.48180,0.99992,-0.00594,0.00547,-0.00923,0.06290,0.00037,0.31580,0.31446,0.01200,-0.03636,2,0.03520,0.01200,0.034957,0.00234,-0.0549,-0.0004,0.5330,0.0358,0.3215,2.6017,-3.3216,0,0.04900,0.01900,0.1140,0.5231,0.016003,0.036406,2.0294,0.1288,37.6916,2.9451,-0.5811,43.8966,1.5045,0.1087,29.4801,9.0297,-1.8841,29.3968,0.012078,-0.008126,37.6931,0.013093,-0.013959,43.8966,-0.028447,-0.012861,29.3709,-0.048985,-0.018945,29.3968,0.01071,0.01790,0.07174,0.41936,-0.50065,-0.00087,-0.03749,0.03052,-0.46816,0.39675,0.03823,0.05212,-0.09382,-0.00053,-0.04339,0.00127,-0.10579,0.37100,-0.23814,-1.21681,0.66918,0.13225,-0.20526,0.25229,0.61372,-0.01889,-1.32609,0.30961,-0.29258,0.00746,-0.30772,-0.01645,6.000,6.000,12.000,12.000,6.000,6.000,6.000,6.000,12.000,12.000,6.000,6.000,6.000,6.000,6.000,6.000,0.104393,-0.035787,0.111523,-0.036357,0.067200,-0.002486,0.045811,-0.000775,0.000000,0.007152,0.000000,1.000000,0.465251,0.360776,0.000000,0.000000,0.000000,0.004517,0.054198
2.5600,0.06317,-0.00146,0.48176,0.99993,-0.00588,0.00546,-0.00913,0.06408,-0.00064,0.31576,0.31446,0.01198,-0.03728,2,0.03506,0.01198,0.034971,0.00407,-0.1226,-0.0004,0.3569,0.0804,0.0590,2.0087,-2.5499,0,0.04900,0.01900,0.0837,0.3711,0.015288,0.042370,1.4409,0.2754,32.3490,1.8697,0.0078,37.2464,0.9252,0.2576,33.0822,7.0256,0.2295,31.5773,0.011383,-0.005113,32.3490,0.012337,-0.008005,37.2464,-0.028094,-0.009380,32.9496,-0.048975,-0.018925,31.5773,0.01042,0.02246,0.08601,0.40306,-0.49877,-0.00626,-0.04269,0.03615,-0.46692,0.40896,0.02372,0.04562,-0.10427,-0.00042,-0.05843,-0.00022,-0.06677,0.15305,-0.21303,-1.17825,0.54505,-0.00964,-0.15498,0.05287,0.63426,-0.15679,-1.28811,0.10900,-0.32394,0.00081,-0.33191,-0.02251,6.000,6.000,12.000,12.000,6.000,6.000,6.000,6.000,12.000,12.000,6.000,6.000,6.000,6.000,6.000,6.000,0.106882,-0.036695,0.112736,-0.037282,0.070200,-0.004972,0.052638,-0.003212,0.000000,0.005883,0.000000,1.000000,0.407982,0.418022,0.000000,0.000000,0.000000,-0.000873,0.052124
2.5650,0.06457,-0.00283,0.48169,0.99993,-0.00579,0.00539,-0.00896,0.06529,-0.00164,0.31573,0.31446,0.01186,-0.03816,2,0.03492,0.01186,0.034982,0.00221,-0.1671,-0.0004,0.1977,0.1087,0.1615,0.9865,-1.4395,0,0.04900,0.01900,0.0815,0.3276,0.013838,0.045243,0.9144,0.3710,28.5629,1.5701,0.3036,32.6923,0.3964,0.3499,37.5482,5.7885,1.4982,30.4202,0.008291,-0.001760,28.5620,0.010866,-0.005145,32.6923,-0.028662,-0.007524,37.4121,-0.048972,-0.018919,30.4202,0.01002,0.02701,0.10116,0.38538,-0.49637,-0.01230,-0.04699,0.04180,-0.46574,0.42071,0.01168,0.03430,-0.11467,-0.00033,-0.07287,-0.00133,-0.04060,-0.01991,-0.25197,-1.24853,0.38250,-0.12743,-0.12880,-0.12028,0.65436,-0.38634,-1.35490,-0.05351,-0.36944,-0.00717,-0.36165,-0.02857,6.000,6.000,12.000,12.000,6.000,6.000,6.000,6.000,12.000,12.000,6.000,6.000,6.000,6.000,6.000,6.000,0.109149,-0.037383,0.113898,-0.038162,0.073200,-0.007457,0.058953,-0.005122,0.000000,0.004812,0.000000,1.000000,0.357676,0.474419,0.000000,0.000000,0.000000,-0.006262,0.045621
2.5700,0.06598,-0.00420,0.48162,0.99993,-0.00570,0.00531,-0.00874,0.06652,-0.00262,0.31569,0.31446,0.01167,-0.03900,2,0.03482,0.01167,0.034997,0.00487,-0.1231,-0.0005,0.0926,0.0855,0.2846,0.9320,-1.0057,0,0.04900,0.01900,0.0572,0.2353,0.010615,0.048218,0.5660,0.3047,25.8978,0.9741,0.1244,28.6251,0.0477,0.2622,41.0294,1.9357,4.8108,36.7438,0.004956,0.001579,25.8973,0.007618,-0.002199,28.6251,-0.028357,-0.007137,40.9169,-0.033599,-0.018936,36.7438,0.00955,0.03157,0.11711,0.36623,-0.49335,-0.01859,-0.04984,0.04752,-0.46459,0.43253,0.00038,0.01950,-0.12518,-0.00026,-0.08697,-0.00200,-0.01335,-0.12143,-0.26155,-1.33263,0.27129,-0.24085,-0.09569,-0.28319,0.66276,-0.56257,-1.42797,-0.17757,-0.42661,-0.01633,-0.40230,-0.02280,6.000,6.000,12.000,12.000,6.000,6.000,6.000,6.000,12.000,12.000,6.000,6.000,6.000,6.000,6.000,6.000,0.110794,-0.037469,0.115009,-0.038996,0.076200,-0.009943,0.063556,-0.005361,0.000000,0.004483,0.000000,1.000000,0.320821,0.518768,0.000000,0.000000,0.000000,-0.012299,0.034304
2.5750,0.06740,-0.00555,0.48155,0.99993,-0.00567,0.00529,-0.00851,0.06776,-0.00358,0.31566,0.31446,0.01149,-0.03978,2,0.03477,0.01149,0.034994,-0.00136,-0.1906,-0.0005,0.0040,0.1103,0.0521,1.0511,-1.0436,0,0.04900,0.01900,0.0138,0.0198,0.009083,0.052526,0.2625,0.3970,22.5227,0.0923,0.1795,24.4733,-0.2363,0.3343,42.8633,0.5020,0.2194,46.0863,0.003964,0.004815,22.5222,0.006047,0.002095,24.4733,-0.026317,-0.006414,42.7765,-0.026596,-0.007192,46.0863,0.00924,0.03633,0.13400,0.34476,-0.48965,-0.02570,-0.05170,0.05308,-0.46432,0.44551,-0.01080,0.00540,-0.13597,-0.00023,-0.10096,-0.00235,0.00460,-0.21246,-0.18439,-1.30203,0.22795,-0.30558,-0.07372,-0.43880,0.66689,-0.61109,-1.40462,-0.22924,-0.46149,-0.02222,-0.43460,-0.01898,6.000,6.000,12.000,12.000,6.000,6.000,6.000,6.000,12.000,12.000,6.000,6.000,6.000,6.000,6.000,6.000,0.112211,-0.038014,0.116065,-0.039784,0.079200,-0.012429,0.067636,-0.007119,0.000000,0.004241,0.000000,1.000000,0.283669,0.546129,0.000000,0.000000,0.000000,-0.018590,0.019501
2.5800,0.06882,-0.00688,0.48147,0.99994,-0.00566,0.00528,-0.00829,0.06900,-0.00454,0.31563,0.31446,0.01144,-0.04052,2,0.03476,0.01144,0.034990,-0.00123,-0.0373,-0.0005,-0.0359,0.1651,0.1081,2.3758,-2.1316,0,0.04900,0.01900,0.1236,0.0110,0.000586,0.056345,0.1250,0.5866,20.3985,1.7708,-0.3450,24.3397,-0.3632,0.5079,45.3582,-0.0097,0.3053,46.1056,-0.000325,0.009709,20.3989,-0.002509,0.005865,24.3397,-0.026121,-0.004187,45.2857,-0.024952,-0.005176,46.1056,0.00886,0.04097,0.15150,0.32159,-0.48452,-0.03222,-0.05296,0.05838,-0.46436,0.45896,-0.02195,-0.00770,-0.14720,-0.00022,-0.11506,-0.00249,0.02144,-0.34938,-0.14217,-1.39134,0.14747,-0.42066,-0.05649,-0.62806,0.65449,-0.71435,-1.47287,-0.28478,-0.55024,-0.03576,-0.51237,-0.02502,6.000,6.000,12.000,12.000,6.000,6.000,6.000,6.000,12.000,12.000,6.000,6.000,6.000,6.000,6.000,6.000,0.113050,-0.038830,0.117067,-0.040524,0.082200,-0.014915,0.070149,-0.009834,0.000000,0.004359,0.000000,1.000000,0.251035,0.569654,0.000000,0.000000,0.000000,-0.025700,0.005403
2.5850,0.07024,-0.00820,0.48140,0.99994,-0.00563,0.00526,-0.00807,0.07023,-0.00550,0.31561,0.31446,0.01142,-0.04121,2,0.03477,0.01142,0.034997,0.00395,-0.0400,-0.0005,-0.1446,0.2293,-0.1180,2.0507,-1.9362,0,0.04900,0.01900,0.0715,0.0161,-0.002718,0.061943,-0.2517,0.8080,16.7494,0.9283,0.1626,21.9627,-0.7070,0.7120,47.5087,0.0239,0.4511,46.6492,-0.005542,0.015640,16.7516,-0.005887,0.011464,21.9627,-0.024233,-0.003088,47.4534,-0.025887,-0.003133,46.6492,0.00837,0.04540,0.16954,0.29696,-0.47788,-0.03781,-0.05384,0.06339,-0.46441,0.47255,-0.03316,-0.01980,-0.15900,-0.00023,-0.12946,-0.00248,0.01075,-0.45354,-0.06274,-1.39564,0.09674,-0.47171,-0.06638,-0.79385,0.63429,-0.79903,-1.47373,-0.29626,-0.60469,-0.04351,-0.57079,-0.02880,6.000,6.000,12.000,12.000,6.000,6.000,6.000,6.000,12.000,12.000,6.000,6.000,6.000,6.000,6.000,6.000,0.114568,-0.039696,0.118012,-0.041214,0.085200,-0.017401,0.074867,-0.012847,0.000000,0.003764,0.000000,1.000000,0.213794,0.605304,0.000000,0.000000,0.000000,-0.032215,-0.007702
2.5900,0.07165,-0.00951,0.48132,0.99994,-0.00558,0.00522,-0.00787,0.07147,-0.00645,0.31560,0.31446,0.01135,-0.04185,2,0.03479,0.01135,0.035025,0.00842,-0.2021,-0.0005,-0.2238,0.2952,-0.2576,1.6284,-1.6563,0,0.04900,0.01900,0.0266,0.0256,-0.004498,0.069466,-0.5262,1.0494,13.7779,0.1304,0.2481,17.5648,-0.9577,0.9078,49.5544,-0.3150,0.6667,47.9293,-0.010763,0.019015,13.7821,-0.007750,0.019000,17.5648,-0.022677,-0.001950,49.5127,-0.024329,-0.002137,47.9293,0.00792,0.04965,0.18827,0.27100,-0.47061,-0.04253,-0.05452,0.06814,-0.46438,0.48612,-0.04449,-0.03093,-0.17160,-0.00027,-0.14437,-0.00239,0.01442,-0.49641,0.00310,-1.40336,0.03588,-0.44769,-0.06901,-0.96775,0.62661,-0.88520,-1.47579,-0.31507,-0.68586,-0.05466,-0.65178,-0.03734,6.000,6.000,12.000,12.000,6.000,6.000,6.000,6.000,12.000,12.000,6.000,6.000,6.000,6.000,6.000,6.000,0.115714,-0.040529,0.118899,-0.041853,0.088200,-0.019887,0.078644,-0.015914,0.000000,0.003450,0.000000,1.000000,0.181740,0.636521,0.000000,0.000000,0.000000,-0.037813,-0.019797
2.5950,0.07304,-0.01081,0.48122,0.99994,-0.00550,0.00517,-0.00767,0.07270,-0.00740,0.31559,0.31446,0.01124,-0.04244,2,0.03482,0.01124,0.035053,0.00682,-0.5985,-0.0005,-0.2615,0.3550,-0.3751,1.1853,-1.3507,0,0.04900,0.01900,0.1061,0.0358,-0.010248,0.069491,-0.6538,1.2743,11.3626,0.0089,0.9565,15.0254,-1.0801,1.0795,51.1910,-0.5346,0.9141,49.3010,-0.011446,0.019017,11.3683,-0.013522,0.019000,15.0254,-0.020734,-0.001184,51.1597,-0.023074,-0.001141,49.3010,0.00700,0.05365,0.20738,0.24379,-0.46190,-0.04731,-0.05509,0.07266,-0.46434,0.49964,-0.05593,-0.04116,-0.18525,-0.00032,-0.16006,-0.00226,0.02784,-0.49930,0.04594,-1.36273,0.04602,-0.39359,-0.06222,-1.12014,0.66498,-0.92153,-1.43329,-0.32105,-0.78106,-0.06706,-0.74595,-0.04835,6.000,6.000,12.000,12.000,6.000,6.000,6.000,6.000,12.000,12.000,6.000,6.000,6.000,6.000,6.000,6.000,0.116356,-0.041242,0.119727,-0.042440,0.091200,-0.022372,0.081089,-0.018779,0.000000,0.003577,0.000000,1.000000,0.155682,0.660330,0.000000,0.000000,0.000000,-0.042531,-0.030926
2.6000,0.07440,-0.01209,0.48109,0.99994,-0.00541,0.00511,-0.00745,0.07394,-0.00834,0.31558,0.31446,0.01108,-0.04297,2,0.03483,0.01108,0.035094,0.01036,-0.8074,-0.0005,-0.3100,0.4129,-0.2794,0.9633,-1.3067,0,0.04900,0.01900,0.2293,0.0423,-0.008647,0.069442,-0.8162,1.4921,9.7263,-1.0069,1.2666,11.7613,-1.2390,1.2453,53.4618,-0.6722,1.1026,50.8402,-0.015877,0.019024,9.7335,-0.011943,0.019000,11.7613,-0.019515,-0.000435,53.4396,-0.021114,-0.000485,50.8402,0.00609,0.05754,0.22686,0.21568,-0.45267,-0.05176,-0.05563,0.07699,-0.46418,0.51281,-0.06715,-0.05057,-0.20037,-0.00040,-0.17689,-0.00211,0.02137,-0.51307,0.04695,-1.39275,0.04179,-0.37556,-0.06665,-1.28480,0.68038,-1.01654,-1.43550,-0.33138,-0.94021,-0.08828,-0.90024,-0.06854,6.000,6.000,12.000,12.000,6.000,6.000,6.000,6.000,12.000,12.000,6.000,6.000,6.000,6.000,6.000,6.000,0.117051,-0.041879,0.120492,-0.042973,0.094200,-0.024858,0.083875,-0.021574,0.000000,0.003611,0.000000,1.000000,0.131025,0.685541,0.000000,0.000000,0.000000,-0.047308,-0.041161
2.6050,0.07572,-0.01334,0.48094,0.99995,-0.00531,0.00507,-0.00719,0.07517,-0.00927,0.31556,0.31446,0.01090,-0.04345,2,0.03482,0.01090,0.035121,0.00366,-1.0729,-0.0006,-0.3710,0.4689,-0.0631,0.2432,-0.7818,0,0.04900,0.01900,1.0893,0.0502,0.052320,0.068840,-1.0177,1.6867,8.5632,-4.1356,0.3067,6.3461,-1.4420,1.4219,56.0589,-0.9237,1.3277,53.6775,-0.018582,0.019028,8.5715,0.049000,0.019000,6.3461,-0.018417,-0.001302,56.0444,-0.019999,0.000149,53.6775,0.00494,0.06118,0.24672,0.18618,-0.44344,-0.05754,-0.05627,0.08113,-0.46395,0.52525,-0.07758,-0.05918,-0.21758,-0.00051,-0.19542,-0.00198,0.03944,-0.54301,0.03476,-1.43284,0.01823,-0.34541,-0.05889,-1.37627,0.70958,-1.15508,-1.40728,-0.25547,-1.16544,-0.11774,-1.11195,-0.09721,6.000,6.000,12.000,12.000,6.000,6.000,6.000,6.000,12.000,12.000,6.000,6.000,6.000,6.000,6.000,6.000,0.117814,-0.042436,0.121194,-0.043451,0.097200,-0.027344,0.087058,-0.024298,0.000000,0.003530,0.000000,1.000000,0.107843,0.712420,0.000000,0.000000,0.000000,-0.051756,-0.050573
2.6100,0.07699,-0.01458,0.48076,0.99995,-0.00521,0.00505,-0.00692,0.07639,-0.01019,0.31552,0.31446,0.01068,-0.04387,2,0.03482,0.01068,0.035142,0.00805,-1.2182,-0.0006,-0.3860,0.5336,0.0342,0.5624,-1.5822,0,0.04900,0.01900,0.4845,0.0604,-0.045555,0.069662,-1.0668,1.9320,7.3863,-0.9212,1.5213,6.1193,-1.4926,1.6056,57.8807,-1.4551,1.4456,56.5875,-0.017749,0.019020,7.4000,-0.049000,0.019000,6.1193,-0.016745,-0.000500,57.8709,-0.017595,-0.000748,56.5875,0.00324,0.06463,0.26641,0.15608,-0.43260,-0.06316,-0.05687,0.08517,-0.46391,0.53767,-0.08824,-0.06711,-0.23747,-0.00065,-0.21630,-0.00188,0.03673,-0.53900,0.05921,-1.40907,0.05968,-0.37662,-0.05567,-1.55581,0.74985,-1.18676,-1.36611,-0.27825,-1.41226,-0.14843,-1.34745,-0.12777,6.000,6.000,12.000,12.000,6.000,6.000,6.000,6.000,12.000,12.000,6.000,6.000,6.000,6.000,6.000,6.000,0.118019,-0.043027,0.121832,-0.043873,0.100200,-0.029830,0.088761,-0.027293,0.000000,0.003906,0.000000,1.000000,0.088969,0.733094,0.000000,0.000000,0.000000,-0.057536,-0.059178
2.6150,0.07819,-0.01580,0.48056,0.99995,-0.00510,0.00502,-0.00664,0.07759,-0.01110,0.31548,0.31446,0.01048,-0.04424,2,0.03481,0.01048,0.035190,0.01212,-1.3407,-0.0006,-0.4476,0.5846,-0.0296,0.4767,-1.6535,0,0.04900,0.01900,0.6109,0.0606,-0.006190,0.069151,-1.2754,2.1153,5.6339,-2.3210,2.1924,8.7122,-1.6920,1.7603,59.2100,-1.2680,1.6613,57.5000,-0.009000,0.019030,5.6526,-0.009736,0.019000,8.7122,-0.013881,-0.000798,59.2054,-0.016713,-0.000050,57.5000,0.00202,0.06816,0.28586,0.12613,-0.42183,-0.06795,-0.05747,0.08907,-0.46401,0.54996,-0.09896,-0.07440,-0.26053,-0.00081,-0.24003,-0.00182,0.05459,-0.54871,0.13369,-1.29644,0.12861,-0.33088,-0.04915,-1.65491,0.80625,-1.16542,-1.24558,-0.23964,-1.61334,-0.16907,-1.54297,-0.14938,6.000,6.000,12.000,12.000,6.000,6.000,6.000,6.000,12.000,12.000,6.000,6.000,6.000,6.000,6.000,6.000,0.118650,-0.043409,0.122402,-0.044235,0.103200,-0.032316,0.091942,-0.029835,0.000000,0.003843,0.000000,1.000000,0.070227,0.759222,0.000000,0.000000,0.000000,-0.063161,-0.067110
2.6200,0.07931,-0.01699,0.48033,0.99995,-0.00499,0.00500,-0.00634,0.07879,-0.01199,0.31545,0.31446,0.01027,-0.04454,2,0.03481,0.01027,0.035222,0.00444,-1.3704,-0.0007,-0.5247,0.6380,-0.0615,0.2976,-1.5846,0,0.04900,0.01900,1.0711,0.0642,0.052621,0.068373,-1.5348,2.3022,4.1012,-3.4433,0.3244,5.3825,-1.9441,1.9275,60.5313,-1.3797,1.8070,58.9942,0.017850,0.019020,4.1236,0.049000,0.019000,5.3825,-0.010453,-0.001506,60.5311,-0.014007,-0.000377,58.9942,0.00108,0.07151,0.30466,0.09640,-0.41121,-0.07393,-0.05807,0.09284,-0.46447,0.56232,-0.10969,-0.08101,-0.28712,-0.00098,-0.26696,-0.00179,0.08008,-0.55938,0.22547,-1.13078,0.22501,-0.28940,-0.03853,-1.73361,0.88832,-1.10982,-1.08183,-0.17703,-1.78445,-0.18260,-1.71031,-0.16441,6.000,6.000,12.000,12.000,6.000,6.000,6.000,6.000,12.000,12.000,6.000,6.000,6.000,6.000,6.000,6.000,0.119373,-0.043750,0.122904,-0.044538,0.106200,-0.034801,0.095608,-0.032439,0.000000,0.003617,0.000000,1.000000,0.053001,0.787996,0.000000,0.000000,0.000000,-0.067946,-0.074403
2.6250,0.08034,-0.01815,0.48008,0.99996,-0.00488,0.00499,-0.00605,0.07997,-0.01287,0.31541,0.31446,0.01005,-0.04478,2,0.03481,0.01005,0.035252,0.00724,-1.1126,-0.0007,-0.4756,0.7167,0.2663,0.2216,-1.8604,0,0.04900,0.01900,0.8353,0.0683,0.016664,0.068619,-1.3720,2.5681,4.3163,-2.5255,1.8378,6.2333,-1.7812,2.1834,62.4892,-2.0526,1.4500,61.3405,-0.006993,0.019012,4.3480,0.012894,0.019000,6.2333,-0.011144,-0.003016,62.4912,-0.009773,-0.000445,61.3405,0.00023,0.07474,0.32254,0.06770,-0.40053,-0.07943,-0.05861,0.09641,-0.46531,0.57482,-0.12056,-0.08656,-0.31759,-0.00117,-0.29756,-0.00181,0.09029,-0.57750,0.16588,-1.15184,0.13986,-0.34777,-0.02942,-1.81035,0.87890,-1.23616,-1.13576,-0.06030,-2.06171,-0.22451,-1.97877,-0.20823,6.000,6.000,12.000,12.000,6.000,6.000,6.000,6.000,12.000,12.000,6.000,6.000,6.000,6.000,6.000,6.000,0.118672,-0.044297,0.123334,-0.044779,0.109200,-0.037287,0.095213,-0.035844,0.000000,0.004687,0.000000,1.000000,0.041670,0.799986,0.000000,0.000000,0.000000,-0.073932,-0.081006
2.6300,0.08129,-0.01929,0.47981,0.99996,-0.00476,0.00498,-0.00580,0.08113,-0.01374,0.31538,0.31446,0.00992,-0.04496,2,0.03482,0.00992,0.035292,0.00855,-0.9073,-0.0007,-0.4251,0.7741,0.3688,0.0619,-1.8040,0,0.04900,0.01900,0.8274,0.0660,0.001811,0.068624,-1.2110,2.5179,4.0370,-2.2660,2.6309,6.9955,-1.6072,2.6143,63.4485,-1.6708,1.8354,62.6972,-0.018206,0.019010,4.0733,-0.002107,0.019000,6.9955,-0.010618,-0.005648,63.4528,-0.010909,-0.002067,62.6972,-0.00068,0.07791,0.33938,0.04057,-0.38997,-0.08420,-0.05906,0.09982,-0.46645,0.58726,-0.13139,-0.09117,-0.35207,-0.00138,-0.33200,-0.00189,0.09807,-0.56439,0.16724,-1.07349,0.11613,-0.31509,-0.02374,-1.84109,0.90047,-1.27284,-1.10361,0.12653,-2.17718,-0.24363,-2.09889,-0.22861,6.000,6.000,12.000,12.000,6.000,6.000,6.000,6.000,12.000,12.000,6.000,6.000,6.000,6.000,6.000,6.000,0.117879,-0.044549,0.123692,-0.044956,0.112200,-0.039773,0.094759,-0.038552,0.000000,0.005828,0.000000,1.000000,0.031862,0.808826,0.000000,0.000000,0.000000,-0.079433,-0.086563
2.6350,0.08216,-0.02040,0.47952,0.99996,-0.00463,0.00499,-0.00558,0.08228,-0.01459,0.31536,0.31446,0.00991,-0.04507,2,0.03483,0.00991,0.035328,0.00450,-0.6144,-0.0008,-0.4098,0.8329,0.5253,-0.0571,-1.9105,0,0.04900,0.01900,0.8292,0.0702,-0.001589,0.068530,-1.1684,2.4595,3.9310,-1.9928,2.4376,6.3292,-1.5486,3.0629,64.5918,-1.3502,2.3150,63.6119,-0.018146,0.019030,3.9694,-0.005615,0.019000,6.3292,-0.009343,-0.008171,64.5983,-0.010692,-0.004854,63.6119,-0.00145,0.08096,0.35505,0.01520,-0.38040,-0.08929,-0.05943,0.10308,-0.46796,0.59963,-0.14204,-0.09496,-0.39030,-0.00163,-0.37007,-0.00201,0.10240,-0.54604,0.19646,-0.95479,0.11934,-0.29265,-0.02344,-1.88230,0.94463,-1.28471,-1.02741,0.30700,-2.21739,-0.25038,-2.14739,-0.23704,6.000,6.000,12.000,12.000,6.000,6.000,6.000,6.000,12.000,12.000,6.000,6.000,6.000,6.000,6.000,6.000,0.117382,-0.044744,0.123976,-0.045067,0.115200,-0.042259,0.095420,-0.041289,0.000000,0.006601,0.000000,1.000000,0.022087,0.823300,0.000000,0.000000,0.000000,-0.084198,-0.091171
2.6400,0.08296,-0.02148,0.47920,0.99996,-0.00452,0.00504,-0.00539,0.08342,-0.01542,0.31537,0.31446,0.00994,-0.04511,2,0.03483,0.00994,0.035345,0.00501,-0.2299,-0.0008,-0.4245,0.9087,0.7889,-0.0420,-2.4932,0,0.04900,0.01900,0.9112,0.0787,-0.044841,0.068943,-1.2244,2.6020,4.1412,-0.6935,1.9174,3.7300,-1.5898,3.4230,66.1294,-1.2108,2.8149,64.9444,-0.008839,0.019055,4.1865,-0.049000,0.019000,3.7300,-0.007694,-0.010006,66.1369,-0.009554,-0.007489,64.9444,-0.00257,0.08373,0.36919,-0.00786,-0.37166,-0.09518,-0.05968,0.10621,-0.46983,0.61184,-0.15239,-0.09808,-0.43187,-0.00188,-0.41141,-0.00216,0.11247,-0.54365,0.24647,-0.81191,0.11684,-0.34490,-0.02218,-1.94143,1.00402,-1.29073,-0.93050,0.45043,-2.22743,-0.25180,-2.16363,-0.23989,6.000,6.000,12.000,12.000,6.000,6.000,6.000,6.000,12.000,12.000,6.000,6.000,6.000,6.000,6.000,6.000,0.117125,-0.045048,0.124182,-0.045112,0.118200,-0.044745,0.097029,-0.044552,0.000000,0.007057,0.000000,1.000000,0.012949,0.844612,0.000000,0.000000,0.000000,-0.089294,-0.094964
2.6450,0.08372,-0.02254,0.47889,0.99996,-0.00438,0.00514,-0.00520,0.08455,-0.01624,0.31539,0.31446,0.01003,-0.04509,2,0.03484,0.01003,0.035367,0.00419,-0.2448,-0.0008,-0.4237,0.9639,0.7861,-0.1607,-2.9851,0,0.04900,0.01900,0.7978,0.0900,-0.017075,0.068364,-1.2249,2.4070,3.8025,1.1756,2.8334,6.4095,-1.5839,3.9836,66.4496,-1.1054,3.3375,65.1264,0.039981,0.011290,3.8512,-0.021387,0.019000,6.4095,-0.004277,-0.012119,66.4570,-0.008424,-0.009727,65.1264,-0.00337,0.08654,0.37950,-0.02341,-0.36627,-0.09981,-0.05993,0.10918,-0.47185,0.62353,-0.16224,-0.10063,-0.47568,-0.00212,-0.45486,-0.00231,0.10834,-0.45112,0.30535,-0.48785,0.26101,-0.27626,-0.02567,-2.02266,1.14593,-1.15049,-0.69803,0.59135,-1.90759,-0.19922,-1.86253,-0.19029,6.000,6.000,12.000,12.000,6.000,6.000,6.000,6.000,12.000,12.000,6.000,6.000,6.000,6.000,6.000,6.000,0.116620,-0.045056,0.124309,-0.045087,0.121200,-0.047231,0.098134,-0.047136,0.000000,0.007689,0.000000,1.000000,0.005806,0.860645,0.000000,0.000000,0.000000,-0.095185,-0.098078
2.6500,0.08447,-0.02356,0.47858,0.99996,-0.00423,0.00528,-0.00500,0.08568,-0.01703,0.31543,0.31446,0.01023,-0.04499,2,0.03484,0.01023,0.035389,0.00478,-0.2278,-0.0008,-0.5230,1.0225,0.7305,-0.5337,-3.9139,0,0.04900,0.01900,0.6163,0.1031,0.026968,0.067572,-1.4698,1.8825,2.9516,0.8282,2.0180,5.9001,-1.9979,4.8965,66.9322,-0.9958,3.9335,65.5901,0.049049,0.019049,2.9920,0.022573,0.018999,5.9001,0.002651,-0.014136,66.9382,-0.005097,-0.011945,65.5901,-0.00367,0.08935,0.38631,-0.03215,-0.36397,-0.10360,-0.06016,0.11197,-0.47379,0.63458,-0.17162,-0.10269,-0.52005,-0.00232,-0.49881,-0.00243,0.13854,-0.27927,0.17471,-0.26910,0.12559,-0.23895,-0.06827,-2.21630,1.40810,-0.85979,-0.26412,0.71472,-1.50536,-0.13192,-1.46925,-0.12484,6.000,6.000,12.000,12.000,6.000,6.000,6.000,6.000,12.000,12.000,6.000,6.000,6.000,6.000,6.000,6.000,0.117104,-0.045021,0.124355,-0.044991,0.124200,-0.049716,0.102446,-0.049806,0.000000,0.007251,0.000000,1.000000,0.002142,0.892882,0.000000,0.000000,0.000000,-0.099809,-0.100628
2.6550,0.08525,-0.02456,0.47830,0.99997,-0.00407,0.00543,-0.00482,0.08680,-0.01780,0.31550,0.31446,0.01051,-0.04486,1,0.03484,0.01051,0.035436,0.01283,0.0000,0.0000,-0.6033,1.0041,0.4789,-0.8851,-4.4625,0,0.04900,0.01900,0.4030,0.1282,0.021504,0.067534,0.0000,0.0000,0.0000,0.4277,1.2718,5.5505,-3.9998,6.6574,68.2157,-1.3519,4.8861,65.9447,0.000000,0.000000,0.0000,0.017063,0.018999,5.5505,0.017296,-0.007056,68.2184,0.001870,-0.014090,65.9447,-0.00383,0.09209,0.39079,-0.03612,-0.36342,-0.10659,-0.06024,0.11459,-0.47518,0.64459,-0.18047,-0.10456,-0.56122,-0.00238,-0.53963,-0.00243,-0.14131,0.52683,0.18631,0.00766,0.09617,-0.09035,0.18727,-3.27552,1.82832,-0.31050,0.61392,0.20427,-0.13401,0.09417,-0.12869,0.09618,6.000,6.000,12.000,12.000,6.000,6.000,6.000,6.000,12.000,12.000,6.000,6.000,6.000,6.000,6.000,6.000,0.118340,-0.044948,0.124359,-0.044858,0.124200,-0.049716,0.106142,-0.049987,0.000000,0.006020,2.000000,2.000000,1.000000,0.000000,0.004247,0.049586,0.035413,-0.103597,-0.102689
2.6600,0.08610,-0.02553,0.47805,0.99997,-0.00391,0.00558,-0.00466,0.08792,-0.01854,0.31559,0.31446,0.01083,-0.04472,1,0.03484,0.01083,0.035518,0.01908,0.0000,0.0000,-0.8600,0.9807,-0.2386,-1.0104,-4.6295,0,0.04900,0.01900,0.2672,0.1923,0.053462,0.066997,0.0000,0.0000,0.0000,-0.0324,-0.3752,2.3494,-5.7019,6.5020,63.4586,-3.1198,7.0013,66.4312,0.000000,0.000000,0.0000,0.049000,0.018999,2.3494,0.029589,-0.008808,63.4555,0.016631,-0.007498,66.4312,-0.00407,0.09473,0.39383,-0.03688,-0.36383,-0.10890,-0.06015,0.11706,-0.47591,0.65368,-0.18884,-0.10630,-0.59717,-0.00228,-0.57535,-0.00228,-0.12234,0.51130,0.25647,0.10812,0.01297,-0.06576,-0.01173,-3.01899,1.81652,0.07220,1.16528,0.29043,0.07193,0.13143,0.06711,0.13171,6.000,6.000,12.000,12.000,6.000,6.000,6.000,6.000,12.000,12.000,6.000,6.000,6.000,6.000,6.000,6.000,0.121459,-0.044808,0.124364,-0.044720,0.124200,-0.049716,0.115486,-0.049980,0.000000,0.002906,2.000000,2.000000,1.000000,0.000000,0.004378,0.049586,0.035486,-0.106585,-0.104557
2.6650,0.08698,-0.02646,0.47783,0.99997,-0.00376,0.00570,-0.00452,0.08902,-0.01926,0.31568,0.31446,0.01113,-0.04458,1,0.03486,0.01113,0.035627,0.02389,0.0000,0.0000,-1.0863,0.9613,-0.7672,-1.0037,-4.3744,0,0.04900,0.01900,0.5237,0.2186,0.053476,0.066952,0.0000,0.0000,0.0000,-0.3032,-0.3630,1.5056,-7.2022,6.3736,59.9538,-4.8522,6.5923,62.4255,0.000000,0.000000,0.0000,0.049000,0.018999,1.5056,0.040806,-0.009729,59.9435,0.028935,-0.008979,62.4255,-0.00429,0.09732,0.39606,-0.03560,-0.36499,-0.11075,-0.05982,0.11936,-0.47628,0.66232,-0.19676,-0.10784,-0.62787,-0.00205,-0.60592,-0.00203,-0.10899,0.50471,0.30782,0.16517,-0.05151,-0.05015,-0.16103,-2.85159,1.79909,0.36632,1.60549,0.32563,0.24249,0.16235,0.23054,0.16131,6.000,6.000,12.000,12.000,6.000,6.000,6.000,6.000,12.000,12.000,6.000,6.000,6.000,6.000,6.000,6.000,0.124248,-0.044700,0.124368,-0.044579,0.124200,-0.049716,0.123838,-0.050079,0.000000,0.000171,2.000000,2.000000,1.000000,0.000000,0.004594,0.049587,0.035607,-0.108901,-0.106303
2.6700,0.08790,-0.02736,0.47762,0.99997,-0.00363,0.00578,-0.00439,0.09009,-0.01996,0.31577,0.31446,0.01136,-0.04443,1,0.03489,0.01136,0.035757,0.02745,0.0000,0.0000,-1.2868,0.9458,-1.1799,-0.8523,-3.8392,0,0.04900,0.01900,0.8605,0.2382,0.053496,0.066933,0.0000,0.0000,0.0000,-0.4048,-0.2199,0.8924,-8.5317,6.2704,57.2173,-6.0357,6.0758,59.9406,0.000000,0.000000,0.0000,0.049000,0.018999,0.8924,0.049002,-0.010091,57.1963,0.039156,-0.009506,59.9406,-0.00442,0.09994,0.39790,-0.03313,-0.36697,-0.11226,-0.05906,0.12146,-0.47671,0.67103,-0.20407,-0.10913,-0.65348,-0.00173,-0.63147,-0.00168,-0.08729,0.49658,0.40407,0.19590,-0.10773,-0.03861,-0.29791,-2.73540,1.65835,0.48742,1.85034,0.33113,0.34314,0.18253,0.33228,0.18138,6.000,6.000,12.000,12.000,6.000,6.000,6.000,6.000,12.000,12.000,6.000,6.000,6.000,6.000,6.000,6.000,0.126754,-0.044620,0.124373,-0.044433,0.124200,-0.049716,0.131342,-0.050278,0.000000,0.002388,2.000000,2.000000,1.000000,0.000000,0.004893,0.049587,0.035776,-0.110751,-0.107839
2.6750,0.08885,-0.02824,0.47741,0.99997,-0.00351,0.00582,-0.00427,0.09114,-0.02064,0.31583,0.31446,0.01152,-0.04428,1,0.03494,0.01152,0.035905,0.03080,0.0000,0.0000,-1.4084,0.9359,-1.3344,-0.5453,-3.2536,0,0.04900,0.01900,1.1669,0.2467,0.053550,0.066944,0.0000,0.0000,0.0000,-0.2247,0.0000,0.3210,-9.3377,6.2053,56.1934,-6.8584,5.3770,58.8810,0.000000,0.000000,0.0000,0.049000,0.018999,0.3210,0.049002,-0.009427,56.1551,0.045041,-0.009253,58.8810,-0.00441,0.10260,0.39967,-0.03006,-0.37013,-0.11348,-0.05795,0.12338,-0.47729,0.68000,-0.21095,-0.11026,-0.67447,-0.00117,-0.65243,-0.00110,-0.05666,0.48734,0.55343,0.20815,-0.16087,-0.02976,-0.40400,-2.72508,1.33082,0.28267,1.73800,0.29270,0.33040,0.18026,0.33195,0.18060,6.000,6.000,12.000,12.000,6.000,6.000,6.000,6.000,12.000,12.000,6.000,6.000,6.000,6.000,6.000,6.000,0.128408,-0.044591,0.124378,-0.044283,0.124200,-0.049716,0.136291,-0.050640,0.000000,0.004042,2.000000,2.000000,1.000000,0.000000,0.005273,0.049587,0.035992,-0.112256,-0.109128
2.6800,0.08980,-0.02908,0.47721,0.99997,-0.00339,0.00581,-0.00413,0.09217,-0.02129,0.31587,0.31446,0.01160,-0.04413,1,0.03498,0.01160,0.036071,0.03467,0.0000,0.0000,-1.3704,0.9201,-0.8949,-0.4069,-2.6873,0,0.04900,0.01900,0.0000,0.2892,0.000000,0.000000,0.0000,0.0000,0.0000,0.0000,0.0000,0.0000,-9.0858,6.1005,59.1073,-8.1466,5.6679,57.2134,0.000000,0.000000,0.0000,0.000000,0.000000,0.0000,0.045645,-0.007468,59.0484,0.046474,-0.009009,57.2134,-0.00430,0.10524,0.40136,-0.02642,-0.37443,-0.11448,-0.05622,0.12503,-0.47748,0.68857,-0.21789,-0.11131,-0.69100,-0.00028,-0.66896,-0.00021,-0.07519,0.48611,0.39850,0.21154,-0.19696,-0.02379,-0.26465,-2.90219,1.47418,0.17968,1.72235,0.20734,0.47865,0.19149,0.46521,0.18934,6.000,6.000,12.000,12.000,6.000,6.000,6.000,6.000,12.000,12.000,6.000,6.000,6.000,6.000,6.000,6.000,0.128348,-0.044487,0.124383,-0.044130,0.124200,-0.049716,0.136096,-0.050789,0.000000,0.003981,2.000000,2.000000,1.000000,0.000000,0.005732,0.049588,0.036253,-0.113481,-0.110262
2.6850,0.09078,-0.02990,0.47702,0.99997,-0.00325,0.00574,-0.00397,0.09316,-0.02193,0.31589,0.31446,0.01159,-0.04397,1,0.03495,0.01159,0.036258,0.03872,0.0000,0.0000,-1.3125,0.9068,-0.4344,-0.5618,-1.8502,0,0.04900,0.01900,0.0000,0.3240,0.000000,0.000000,0.0000,0.0000,0.0000,0.0000,0.0000,0.0000,-8.7018,6.0120,62.1603,-9.5534,5.4504,56.5941,0.000000,0.000000,0.0000,0.000000,0.000000,0.0000,0.038501,-0.005850,62.0844,0.048999,-0.007420,56.5941,-0.00413,0.10779,0.40293,-0.02223,-0.37976,-0.11525,-0.05324,0.12618,-0.47619,0.69548,-0.22604,-0.11227,-0.70331,0.00090,-0.68131,0.00097,-0.06983,0.48312,0.41103,0.22580,-0.22916,-0.01780,-0.20587,-3.07041,1.35019,-0.20237,1.43960,0.13258,0.46598,0.17880,0.45500,0.17692,6.000,6.000,12.000,12.000,6.000,6.000,6.000,6.000,12.000,12.000,6.000,6.000,6.000,6.000,6.000,6.000,0.128065,-0.044398,0.124388,-0.043971,0.124200,-0.049716,0.135229,-0.050997,0.000000,0.003701,2.000000,2.000000,1.000000,0.000000,0.006268,0.049588,0.036559,-0.114476,-0.111310
2.6900,0.09176,-0.03070,0.47686,0.99997,-0.00309,0.00563,-0.00379,0.09410,-0.02254,0.31586,0.31446,0.01146,-0.04381,1,0.03485,0.01146,0.036468,0.04451,0.0000,0.0000,-1.2228,0.8881,0.1642,-1.1757,-0.8226,0,0.04900,0.01900,0.0000,0.3878,0.000000,0.000000,0.0000,0.0000,0.0000,0.0000,0.0000,0.0000,-8.1074,5.8880,66.1290,-11.3852,5.9214,55.1674,0.000000,0.000000,0.0000,0.000000,0.000000,0.0000,0.032355,-0.004553,66.0534,0.048999,-0.006541,55.1674,-0.00388,0.11024,0.40435,-0.01755,-0.38603,-0.11583,-0.04957,0.12701,-0.47309,0.70031,-0.23550,-0.11341,-0.71184,0.00232,-0.68996,0.00238,-0.06648,0.47993,0.42008,0.23728,-0.25795,-0.01201,-0.13265,-3.24569,1.31957,-0.56267,1.19856,0.07182,0.43484,0.16434,0.42632,0.16277,6.000,6.000,12.000,12.000,6.000,6.000,6.000,6.000,12.000,12.000,6.000,6.000,6.000,6.000,6.000,6.000,0.127428,-0.044241,0.124394,-0.043809,0.124200,-0.049716,0.133303,-0.051012,0.000000,0.003065,2.000000,2.000000,1.000000,0.000000,0.006879,0.049589,0.036908,-0.115255,-0.112274
2.6950,0.09274,-0.03146,0.47674,0.99997,-0.00293,0.00551,-0.00365,0.09501,-0.02313,0.31582,0.31446,0.01123,-0.04364,1,0.03477,0.01123,0.036714,0.05219,0.0000,0.0000,-1.1585,0.8526,0.3373,-1.4429,-0.3886,0,0.04900,0.01900,0.0000,0.2472,0.000000,0.000000,0.0000,0.0000,0.0000,0.0000,0.0000,0.0000,-7.6807,5.6527,67.2769,-6.6662,7.3330,66.8221,0.000000,0.000000,0.0000,0.000000,0.000000,0.0000,0.028823,-0.004390,67.2181,0.030246,-0.005690,66.8221,-0.00352,0.11266,0.40541,-0.01239,-0.39323,-0.11621,-0.04712,0.12821,-0.46959,0.70440,-0.24410,-0.11514,-0.71686,0.00390,-0.69522,0.00398,-0.05645,0.47770,0.45493,0.25598,-0.29231,-0.00648,-0.14967,-3.27893,1.22453,-0.80161,1.03379,0.06003,0.47295,0.15991,0.46126,0.15866,6.000,6.000,12.000,12.000,6.000,6.000,6.000,6.000,12.000,12.000,6.000,6.000,6.000,6.000,6.000,6.000,0.127048,-0.043891,0.124399,-0.043641,0.124200,-0.049716,0.132146,-0.050465,0.000000,0.002661,2.000000,2.000000,1.000000,0.000000,0.007563,0.049590,0.037298,-0.115827,-0.113407
2.7000,0.09374,-0.03220,0.47666,0.99998,-0.00279,0.00540,-0.00355,0.09589,-0.02370,0.31578,0.31446,0.01100,-0.04347,1,0.03473,0.01100,0.036999,0.06002,0.0000,0.0000,-1.1279,0.8149,0.1585,-1.2403,-0.3541,0,0.04900,0.01900,0.0000,0.2272,0.000000,0.000000,0.0000,0.0000,0.0000,0.0000,0.0000,0.0000,-7.4781,5.4031,66.0912,-6.4568,6.5572,67.5210,0.000000,0.000000,0.0000,0.000000,0.000000,0.0000,0.027000,-0.004713,66.0449,0.026684,-0.005172,67.5210,-0.00301,0.11509,0.40627,-0.00694,-0.40156,-0.11640,-0.04561,0.12966,-0.46573,0.70777,-0.25182,-0.11715,-0.71849,0.00566,-0.69719,0.00576,-0.04161,0.47693,0.50463,0.27590,-0.33529,-0.00115,-0.22011,-3.22266,1.06610,-0.94265,0.92579,0.06984,0.56314,0.16317,0.54597,0.16209,6.000,6.000,12.000,12.000,6.000,6.000,6.000,6.000,12.000,12.000,6.000,6.000,6.000,6.000,6.000,6.000,0.127020,-0.043504,0.124405,-0.043469,0.124200,-0.049716,0.132046,-0.049822,0.000000,0.002616,2.000000,2.000000,1.000000,0.000000,0.008318,0.049591,0.037728,-0.116208,-0.115138
2.7050,0.09474,-0.03291,0.47661,0.99998,-0.00266,0.00529,-0.00346,0.09674,-0.02424,0.31575,0.31446,0.01078,-0.04329,1,0.03472,0.01078,0.037324,0.06787,0.0000,0.0000,-1.0966,0.7860,0.0567,-1.0710,-0.3275,0,0.04900,0.01900,0.0000,0.2245,0.000000,0.000000,0.0000,0.0000,0.0000,0.0000,0.0000,0.0000,-7.2702,5.2109,65.4159,-6.5036,6.0578,65.9965,0.000000,0.000000,0.0000,0.000000,0.000000,0.0000,0.025451,-0.004780,65.3777,0.025439,-0.005233,65.9965,-0.00234,0.11751,0.40705,-0.00133,-0.41123,-0.11643,-0.04471,0.13123,-0.46150,0.71043,-0.25885,-0.11928,-0.71683,0.00758,-0.69595,0.00770,-0.02865,0.47685,0.54246,0.28906,-0.38257,0.00392,-0.26453,-3.20011,0.95368,-1.05925,0.84716,0.07279,0.63391,0.16374,0.61363,0.16286,6.000,6.000,12.000,12.000,6.000,6.000,6.000,6.000,12.000,12.000,6.000,6.000,6.000,6.000,6.000,6.000,0.126976,-0.043197,0.124411,-0.043292,0.124200,-0.049716,0.131895,-0.049431,0.000000,0.002567,2.000000,2.000000,1.000000,0.000000,0.009143,0.049592,0.038195,-0.116404,-0.117150
2.7100,0.09575,-0.03360,0.47660,0.99998,-0.00254,0.00517,-0.00339,0.09757,-0.02475,0.31572,0.31446,0.01055,-0.04311,1,0.03471,0.01055,0.037687,0.07573,0.0000,0.0000,-1.0637,0.7611,0.0172,-0.9577,-0.2878,0,0.04900,0.01900,0.0000,0.2211,0.000000,0.000000,0.0000,0.0000,0.0000,0.0000,0.0000,0.0000,-7.0521,5.0461,65.1540,-6.4698,5.7159,65.0865,0.000000,0.000000,0.0000,0.000000,0.000000,0.0000,0.024218,-0.004706,65.1209,0.024324,-0.005187,65.0865,-0.00150,0.11993,0.40782,0.00434,-0.42241,-0.11628,-0.04419,0.13284,-0.45689,0.71237,-0.26531,-0.12146,-0.71202,0.00966,-0.69162,0.00981,-0.01723,0.47709,0.57062,0.29707,-0.43269,0.00876,-0.28936,-3.19929,0.88211,-1.15312,0.79630,0.07007,0.68741,0.16199,0.66559,0.16133,6.000,6.000,12.000,12.000,6.000,6.000,6.000,6.000,12.000,12.000,6.000,6.000,6.000,6.000,6.000,6.000,0.126907,-0.042922,0.124417,-0.043110,0.124200,-0.049716,0.131670,-0.049151,0.000000,0.002497,2.000000,2.000000,1.000000,0.000000,0.010034,0.049592,0.038697,-0.116426,-0.119282
2.7150,0.09677,-0.03426,0.47662,0.99998,-0.00242,0.00506,-0.00332,0.09838,-0.02525,0.31570,0.31446,0.01033,-0.04292,1,0.03471,0.01033,0.038090,0.08353,0.0000,0.0000,-1.0301,0.7392,0.0084,-0.8812,-0.2444,0,0.04900,0.01900,0.0000,0.2162,0.000000,0.000000,0.0000,0.0000,0.0000,0.0000,0.0000,0.0000,-6.8295,4.9009,65.0961,-6.3761,5.4512,64.6800,0.000000,0.000000,0.0000,0.000000,0.000000,0.0000,0.023347,-0.004580,65.0663,0.023389,-0.005026,64.6800,-0.00047,0.12237,0.40864,0.01001,-0.43518,-0.11598,-0.04393,0.13443,-0.45189,0.71358,-0.27129,-0.12363,-0.70425,0.01189,-0.68438,0.01206,-0.00681,0.47736,0.59162,0.30147,-0.48469,0.01341,-0.30203,-3.20810,0.84082,-1.22264,0.77081,0.06632,0.72818,0.15862,0.70577,0.15818,6.000,6.000,12.000,12.000,6.000,6.000,6.000,6.000,12.000,12.000,6.000,6.000,6.000,6.000,6.000,6.000,0.126822,-0.042666,0.124423,-0.042923,0.124200,-0.049716,0.131398,-0.048943,0.000000,0.002413,2.000000,2.000000,1.000000,0.000000,0.010991,0.049594,0.039232,-0.116281,-0.121460
2.7200,0.09780,-0.03489,0.47666,0.99998,-0.00231,0.00495,-0.00326,0.09916,-0.02572,0.31567,0.31446,0.01010,-0.04273,1,0.03472,0.01010,0.038531,0.09121,0.0000,0.0000,-0.9964,0.7195,0.0129,-0.8271,-0.2015,0,0.04900,0.01900,0.0000,0.2105,0.000000,0.000000,0.0000,0.0000,0.0000,0.0000,0.0000,0.0000,-6.6063,4.7704,65.1256,-6.2446,5.2377,64.5513,0.000000,0.000000,0.0000,0.000000,0.000000,0.0000,0.022821,-0.004452,65.0979,0.022719,-0.004834,64.5513,0.00076,0.12481,0.40955,0.01562,-0.44962,-0.11552,-0.04382,0.13599,-0.44650,0.71409,-0.27687,-0.12574,-0.69371,0.01425,-0.67442,0.01445,0.00289,0.47746,0.60675,0.30322,-0.53777,0.01789,-0.30695,-3.21998,0.82189,-1.26881,0.76704,0.06381,0.75848,0.15396,0.73606,0.15373,6.000,6.000,12.000,12.000,6.000,6.000,6.000,6.000,12.000,12.000,6.000,6.000,6.000,6.000,6.000,6.000,0.126729,-0.042421,0.124429,-0.042731,0.124200,-0.049716,0.131098,-0.048786,0.000000,0.002320,2.000000,2.000000,1.000000,0.000000,0.012011,0.049595,0.039797,-0.115979,-0.123628
2.7250,0.09883,-0.03550,0.47673,0.99998,-0.00221,0.00483,-0.00319,0.09991,-0.02618,0.31565,0.31446,0.00988,-0.04253,1,0.03473,0.00988,0.039010,0.09870,0.0000,0.0000,-0.9631,0.7015,0.0213,-0.7850,-0.1599,0,0.04900,0.01900,0.0000,0.2044,0.000000,0.000000,0.0000,0.0000,0.0000,0.0000,0.0000,0.0000,-6.3852,4.6512,65.1816,-6.0896,5.0600,64.5680,0.000000,0.000000,0.0000,0.000000,0.000000,0.0000,0.022592,-0.004345,65.1554,0.022329,-0.004655,64.5680,0.00220,0.12726,0.41057,0.02115,-0.46576,-0.11492,-0.04381,0.13749,-0.44076,0.71394,-0.28209,-0.12778,-0.68063,0.01672,-0.66195,0.01694,0.01199,0.47729,0.61672,0.30294,-0.59117,0.02225,-0.30680,-3.23152,0.81909,-1.29424,0.78080,0.06347,0.77936,0.14820,0.75734,0.14815,6.000,6.000,12.000,12.000,6.000,6.000,6.000,6.000,12.000,12.000,6.000,6.000,6.000,6.000,6.000,6.000,0.126631,-0.042183,0.124436,-0.042533,0.124200,-0.049716,0.130785,-0.048665,0.000000,0.002223,2.000000,2.000000,1.000000,0.000000,0.013092,0.049596,0.040389,-0.115524,-0.125744
2.7300,0.09987,-0.03609,0.47681,0.99998,-0.00211,0.00472,-0.00313,0.10065,-0.02661,0.31563,0.31446,0.00965,-0.04233,1,0.03474,0.00965,0.039525,0.10591,0.0000,0.0000,-0.9303,0.6849,0.0291,-0.7474,-0.1188,0,0.04900,0.01900,0.0000,0.1982,0.000000,0.000000,0.0000,0.0000,0.0000,0.0000,0.0000,0.0000,-6.1682,4.5410,65.2334,-5.9198,4.9062,64.6562,0.000000,0.000000,0.0000,0.000000,0.000000,0.0000,0.022598,-0.004271,65.2083,0.022189,-0.004510,64.6562,0.00385,0.12974,0.41169,0.02657,-0.48360,-0.11418,-0.04387,0.13892,-0.43470,0.71320,-0.28702,-0.12972,-0.66524,0.01927,-0.64719,0.01952,0.02054,0.47680,0.62194,0.30107,-0.64415,0.02651,-0.30316,-3.24111,0.82712,-1.30240,0.80769,0.06551,0.79145,0.14143,0.77009,0.14156,6.000,6.000,12.000,12.000,6.000,6.000,6.000,6.000,12.000,12.000,6.000,6.000,6.000,6.000,6.000,6.000,0.126532,-0.041947,0.124442,-0.042330,0.124200,-0.049716,0.130468,-0.048567,0.000000,0.002124,2.000000,2.000000,1.000000,0.000000,0.014232,0.049597,0.041005,-0.114923,-0.127782
2.7350,0.10092,-0.03665,0.47691,0.99998,-0.00202,0.00461,-0.00306,0.10135,-0.02703,0.31560,0.31446,0.00943,-0.04212,1,0.03475,0.00943,0.040075,0.11279,0.0000,0.0000,-0.8984,0.6695,0.0343,-0.7093,-0.0764,0,0.04900,0.01900,0.0000,0.1921,0.000000,0.000000,0.0000,0.0000,0.0000,0.0000,0.0000,0.0000,-5.9566,4.4385,65.2678,-5.7415,4.7692,64.7731,0.000000,0.000000,0.0000,0.000000,0.000000,0.0000,0.022774,-0.004230,65.2435,0.022249,-0.004406,64.7731,0.00572,0.13223,0.41291,0.03189,-0.50314,-0.11330,-0.04397,0.14028,-0.42836,0.71193,-0.29168,-0.13155,-0.64778,0.02190,-0.63038,0.02216,0.02852,0.47596,0.62270,0.29796,-0.69602,0.03070,-0.29693,-3.24815,0.84140,-1.29718,0.84341,0.06980,0.79524,0.13376,0.77474,0.13405,6.000,6.000,12.000,12.000,6.000,6.000,6.000,6.000,12.000,12.000,6.000,6.000,6.000,6.000,6.000,6.000,0.126434,-0.041711,0.124449,-0.042121,0.124200,-0.049716,0.130154,-0.048489,0.000000,0.002027,2.000000,2.000000,1.000000,0.000000,0.015430,0.049598,0.041642,-0.114180,-0.129722
2.7400,0.10197,-0.03718,0.47702,0.99998,-0.00193,0.00450,-0.00300,0.10204,-0.02743,0.31558,0.31446,0.00921,-0.04191,1,0.03476,0.00921,0.040658,0.11925,0.0000,0.0000,-0.8675,0.6550,0.0364,-0.6676,-0.0308,0,0.04900,0.01900,0.0000,0.1861,0.000000,0.000000,0.0000,0.0000,0.0000,0.0000,0.0000,0.0000,-5.7513,4.3426,65.2816,-5.5595,4.6448,64.8943,0.000000,0.000000,0.0000,0.000000,0.000000,0.0000,0.023055,-0.004220,65.2579,0.022455,-0.004341,64.8943,0.00781,0.13474,0.41423,0.03710,-0.52433,-0.11228,-0.04410,0.14157,-0.42178,0.71020,-0.29613,-0.13327,-0.62849,0.02456,-0.61176,0.02484,0.03589,0.47480,0.61925,0.29388,-0.74609,0.03485,-0.28864,-3.25263,0.85799,-1.28252,0.88395,0.07602,0.79131,0.12530,0.77184,0.12572,6.000,6.000,12.000,12.000,6.000,6.000,6.000,6.000,12.000,12.000,6.000,6.000,6.000,6.000,6.000,6.000,0.126339,-0.041475,0.124456,-0.041905,0.124200,-0.049716,0.129849,-0.048425,0.000000,0.001932,2.000000,2.000000,1.000000,0.000000,0.016683,0.049600,0.042298,-0.113299,-0.131554
2.7450,0.10302,-0.03770,0.47714,0.99998,-0.00184,0.00438,-0.00293,0.10271,-0.02781,0.31556,0.31446,0.00898,-0.04168,1,0.03476,0.00898,0.041271,0.12524,0.0000,0.0000,-0.8375,0.6414,0.0356,-0.6208,0.0198,0,0.04900,0.01900,0.0000,0.1803,0.000000,0.000000,0.0000,0.0000,0.0000,0.0000,0.0000,0.0000,-5.5528,4.2528,65.2765,-5.3771,4.5306,65.0068,0.000000,0.000000,0.0000,0.000000,0.000000,0.0000,0.023384,-0.004238,65.2533,0.022750,-0.004313,65.0068,0.01011,0.13727,0.41561,0.04221,-0.54711,-0.11113,-0.04424,0.14279,-0.41503,0.70811,-0.30039,-0.13488,-0.60764,0.02724,-0.59158,0.02754,0.04257,0.47336,0.61187,0.28907,-0.79371,0.03898,-0.27862,-3.25481,0.87356,-1.26218,0.92573,0.08377,0.78038,0.11617,0.76207,0.11672,6.000,6.000,12.000,12.000,6.000,6.000,6.000,6.000,12.000,12.000,6.000,6.000,6.000,6.000,6.000,6.000,0.126249,-0.041236,0.124463,-0.041684,0.124200,-0.049716,0.129556,-0.048372,0.000000,0.001841,2.000000,2.000000,1.000000,0.000000,0.017989,0.049601,0.042969,-0.112282,-0.133272
2.7500,0.10407,-0.03819,0.47726,0.99999,-0.00177,0.00427,-0.00286,0.10335,-0.02818,0.31553,0.31446,0.00875,-0.04146,1,0.03477,0.00875,0.041913,0.13070,0.0000,0.0000,-0.8087,0.6287,0.0327,-0.5685,0.0763,0,0.04900,0.01900,0.0000,0.1748,0.000000,0.000000,0.0000,0.0000,0.0000,0.0000,0.0000,0.0000,-5.3614,4.1684,65.2569,-5.1964,4.4252,65.1047,0.000000,0.000000,0.0000,0.000000,0.000000,0.0000,0.023712,-0.004278,65.2340,0.023083,-0.004316,65.1047,0.01261,0.13983,0.41702,0.04723,-0.57140,-0.10984,-0.04439,0.14394,-0.40815,0.70574,-0.30450,-0.13637,-0.58547,0.02992,-0.57007,0.03024,0.04852,0.47170,0.60085,0.28377,-0.83830,0.04309,-0.26708,-3.25509,0.88545,-1.23948,0.96578,0.09265,0.76334,0.10653,0.74627,0.10719,6.000,6.000,12.000,12.000,6.000,6.000,6.000,6.000,12.000,12.000,6.000,6.000,6.000,6.000,6.000,6.000,0.126163,-0.040994,0.124471,-0.041457,0.124200,-0.049716,0.129276,-0.048329,0.000000,0.001754,2.000000,2.000000,1.000000,0.000000,0.019347,0.049603,0.043652,-0.111130,-0.134875
2.7550,0.10511,-0.03865,0.47739,0.99999,-0.00169,0.00415,-0.00279,0.10398,-0.02852,0.31551,0.31446,0.00853,-0.04122,1,0.03477,0.00853,0.042580,0.13557,0.0000,0.0000,-0.7809,0.6167,0.0282,-0.5112,0.1392,0,0.04900,0.01900,0.0000,0.1695,0.000000,0.000000,0.0000,0.0000,0.0000,0.0000,0.0000,0.0000,-5.1772,4.0890,65.2273,-5.0192,4.3278,65.1859,0.000000,0.000000,0.0000,0.000000,0.000000,0.0000,0.024000,-0.004336,65.2048,0.023407,-0.004345,65.1859,0.01531,0.14239,0.41843,0.05217,-0.59708,-0.10843,-0.04455,0.14503,-0.40120,0.70315,-0.30847,-0.13775,-0.56222,0.03258,-0.54750,0.03290,0.05365,0.46988,0.58654,0.27819,-0.87932,0.04719,-0.25419,-3.25393,0.89167,-1.21721,1.00180,0.10227,0.74115,0.09656,0.72539,0.09731,6.000,6.000,12.000,12.000,6.000,6.000,6.000,6.000,12.000,12.000,6.000,6.000,6.000,6.000,6.000,6.000,0.126082,-0.040748,0.124479,-0.041223,0.124200,-0.049716,0.129010,-0.048293,0.000000,0.001672,2.000000,2.000000,1.000000,0.000000,0.020754,0.049604,0.044343,-0.109845,-0.136365
2.7600,0.10614,-0.03910,0.47751,0.99999,-0.00162,0.00404,-0.00272,0.10459,-0.02885,0.31549,0.31446,0.00830,-0.04098,1,0.03477,0.00830,0.043265,0.13859,0.0000,0.0000,-0.7442,0.6054,0.0285,-0.4500,0.2080,0,0.04900,0.01900,0.0000,0.1645,0.000000,0.000000,0.0000,0.0000,0.0000,0.0000,0.0000,0.0000,-4.9343,4.0138,65.2292,-4.8463,4.2377,65.2503,0.000000,0.000000,0.0000,0.000000,0.000000,0.0000,0.024369,-0.004315,65.2070,0.023687,-0.004394,65.2503,0.01819,0.14497,0.41982,0.05692,-0.62381,-0.10687,-0.04471,0.14605,-0.39423,0.70043,-0.31234,-0.13902,-0.53810,0.03519,-0.52404,0.03552,0.05341,0.46893,0.54171,0.25001,-0.89858,0.05134,-0.22801,-3.25965,0.92154,-1.17536,1.04935,0.10653,0.72865,0.08866,0.71404,0.08946,6.000,6.000,12.000,12.000,6.000,6.000,6.000,6.000,12.000,12.000,6.000,6.000,6.000,6.000,6.000,6.000,0.125901,-0.040497,0.124487,-0.040982,0.124200,-0.049716,0.128442,-0.048261,0.000000,0.001495,2.000000,2.000000,1.000000,0.000000,0.022208,0.049606,0.045040,-0.108425,-0.137745
2.7650,0.10716,-0.03952,0.47764,0.99999,-0.00156,0.00392,-0.00265,0.10517,-0.02917,0.31547,0.31446,0.00806,-0.04073,1,0.03478,0.00806,0.043960,0.14014,0.0000,0.0000,-0.7120,0.5946,0.0286,-0.4128,0.2762,0,0.04900,0.01900,0.0000,0.1587,0.000000,0.000000,0.0000,0.0000,0.0000,0.0000,0.0000,0.0000,-4.7203,3.9420,65.2298,-4.6135,4.1642,65.2936,0.000000,0.000000,0.0000,0.000000,0.000000,0.0000,0.024406,-0.004335,65.2077,0.024058,-0.004377,65.2936,0.02126,0.14754,0.42118,0.06134,-0.65116,-0.10519,-0.04486,0.14701,-0.38726,0.69761,-0.31612,-0.14020,-0.51330,0.03774,-0.49990,0.03808,0.05551,0.46746,0.51377,0.22618,-0.90922,0.05545,-0.20893,-3.26236,0.92051,-1.15879,1.07187,0.11303,0.71253,0.08058,0.69897,0.08141,6.000,6.000,12.000,12.000,6.000,6.000,6.000,6.000,12.000,12.000,6.000,6.000,6.000,6.000,6.000,6.000,0.125760,-0.040239,0.124495,-0.040735,0.124200,-0.049716,0.127995,-0.048229,0.000000,0.001359,2.000000,2.000000,1.000000,0.000000,0.023708,0.049607,0.045738,-0.106873,-0.139023
2.7700,0.10817,-0.03993,0.47775,0.99999,-0.00150,0.00380,-0.00258,0.10574,-0.02947,0.31545,0.31446,0.00783,-0.04048,1,0.03478,0.00783,0.044660,0.14067,0.0000,0.0000,-0.6851,0.5843,0.0251,-0.3918,0.3449,0,0.04900,0.01900,0.0000,0.1535,0.000000,0.000000,0.0000,0.0000,0.0000,0.0000,0.0000,0.0000,-4.5424,3.8740,65.2065,-4.4117,4.0928,65.3351,0.000000,0.000000,0.0000,0.000000,0.000000,0.0000,0.024235,-0.004410,65.1847,0.024100,-0.004399,65.3351,0.02448,0.15011,0.42249,0.06535,-0.67888,-0.10337,-0.04501,0.14790,-0.38033,0.69474,-0.31982,-0.14129,-0.48798,0.04022,-0.47523,0.04056,0.05949,0.46552,0.49997,0.20775,-0.91591,0.05951,-0.19691,-3.26005,0.89422,-1.16053,1.07633,0.12276,0.69181,0.07231,0.67929,0.07301,6.000,6.000,12.000,12.000,6.000,6.000,6.000,6.000,12.000,12.000,6.000,6.000,6.000,6.000,6.000,6.000,0.125672,-0.039975,0.124503,-0.040481,0.124200,-0.049716,0.127705,-0.048200,0.000000,0.001273,2.000000,2.000000,1.000000,0.000000,0.025252,0.049609,0.046434,-0.105189,-0.140204
2.7750,0.10916,-0.04031,0.47787,0.99999,-0.00144,0.00368,-0.00251,0.10630,-0.02975,0.31543,0.31446,0.00759,-0.04022,1,0.03478,0.00759,0.045360,0.14034,0.0000,0.0000,-0.6698,0.5747,0.0007,-0.3754,0.4145,0,0.04900,0.01900,0.0000,0.1492,0.000000,0.000000,0.0000,0.0000,0.0000,0.0000,0.0000,0.0000,-4.4406,3.8100,65.0450,-4.2453,4.0226,65.3565,0.000000,0.000000,0.0000,0.000000,0.000000,0.0000,0.024299,-0.004644,65.0232,0.023934,-0.004472,65.3565,0.02785,0.15266,0.42375,0.06892,-0.70682,-0.10142,-0.04516,0.14874,-0.37349,0.69189,-0.32347,-0.14229,-0.46233,0.04263,-0.45021,0.04295,0.06418,0.46327,0.49307,0.19213,-0.92024,0.06353,-0.19701,-3.24107,0.85571,-1.15856,1.08484,0.14197,0.66844,0.06583,0.65738,0.06463,6.000,6.000,12.000,12.000,6.000,6.000,6.000,6.000,12.000,12.000,6.000,6.000,6.000,6.000,6.000,6.000,0.125700,-0.039705,0.124512,-0.040219,0.124200,-0.049716,0.127766,-0.048175,0.000000,0.001295,2.000000,2.000000,1.000000,0.000000,0.026836,0.049611,0.047125,-0.103371,-0.141294
2.7800,0.11014,-0.04067,0.47797,0.99999,-0.00138,0.00356,-0.00244,0.10683,-0.03002,0.31541,0.31446,0.00735,-0.03995,1,0.03478,0.00735,0.046057,0.14095,0.0000,0.0000,-0.6548,0.5657,-0.0106,-0.3322,0.4816,0,0.04900,0.01900,0.0000,0.1463,0.000000,0.000000,0.0000,0.0000,0.0000,0.0000,0.0000,0.0000,-4.3415,3.7507,64.9700,-4.1501,3.9483,65.2499,0.000000,0.000000,0.0000,0.000000,0.000000,0.0000,0.024199,-0.004737,64.9482,0.023991,-0.004695,65.2499,0.03124,0.15516,0.42494,0.07213,-0.73463,-0.09950,-0.04531,0.14951,-0.36675,0.68909,-0.32707,-0.14321,-0.43652,0.04500,-0.42501,0.04524,0.06815,0.46126,0.48710,0.17768,-0.92237,0.06745,-0.19087,-3.23401,0.81091,-1.16546,1.08521,0.15222,0.64069,0.05935,0.63160,0.05656,6.000,6.000,12.000,12.000,6.000,6.000,6.000,6.000,12.000,12.000,6.000,6.000,6.000,6.000,6.000,6.000,0.125729,-0.039430,0.124520,-0.039950,0.124200,-0.049716,0.127824,-0.048157,0.000000,0.001315,2.000000,2.000000,1.000000,0.000000,0.028461,0.049612,0.047808,-0.101422,-0.142295
2.7850,0.11110,-0.04102,0.47808,0.99999,-0.00130,0.00339,-0.00245,0.10735,-0.03028,0.31539,0.31446,0.00710,-0.03967,1,0.03478,0.00710,0.046786,0.15047,0.0000,0.0000,-0.6370,0.5570,-0.0998,-0.4338,0.7431,0,0.04900,0.01900,1.1669,0.1485,-0.016623,0.032752,0.0000,0.0000,0.0000,-4.6590,0.0000,6.6557,-4.2234,3.6927,64.3783,-4.1001,4.0468,64.6795,0.000000,0.000000,0.0000,-0.048989,-0.018997,6.6557,0.024986,-0.005250,64.3566,0.024117,-0.004895,64.6795,0.03316,0.15713,0.42632,0.07672,-0.75889,-0.09983,-0.04533,0.15014,-0.35990,0.68616,-0.33058,-0.14401,-0.41047,0.04729,-0.39979,0.04747,0.05970,0.44551,0.43806,0.15089,-0.93120,0.04992,-0.18677,-3.18236,0.81199,-1.10864,1.13090,0.18691,0.62210,0.05401,0.61052,0.05019,6.000,6.000,12.000,12.000,6.000,6.000,6.000,6.000,12.000,12.000,6.000,6.000,6.000,6.000,6.000,6.000,0.125720,-0.039145,0.124530,-0.039673,0.124200,-0.049716,0.127772,-0.048130,0.000000,0.001303,2.000000,2.000000,1.000000,0.000000,0.030123,0.049614,0.048479,-0.099505,-0.143208
2.7900,0.11204,-0.04134,0.47819,0.99999,-0.00120,0.00318,-0.00253,0.10784,-0.03051,0.31539,0.31446,0.00677,-0.03939,1,0.03478,0.00677,0.047555,0.15578,0.0000,0.0000,-0.5791,0.5476,-0.4319,-0.9486,1.6848,0,0.04900,0.01900,1.1669,0.1456,-0.014617,0.032928,0.0000,0.0000,0.0000,-3.8955,0.0000,5.5650,-3.8396,3.6304,62.1771,-3.9760,3.9435,64.1105,0.000000,0.000000,0.0000,-0.048984,-0.018996,5.5650,0.030350,-0.007141,62.1560,0.024901,-0.005372,64.1105,0.03390,0.15866,0.42788,0.08285,-0.78089,-0.10193,-0.04522,0.15065,-0.35305,0.68327,-0.33403,-0.14465,-0.38425,0.04954,-0.37462,0.04963,-0.00176,0.38511,0.14072,0.02038,-0.94264,-0.00989,-0.14694,-2.99381,1.12076,-0.71148,1.44051,0.29791,0.65790,0.05629,0.62757,0.05085,6.000,6.000,12.000,12.000,6.000,6.000,6.000,6.000,12.000,12.000,6.000,6.000,6.000,6.000,6.000,6.000,0.125275,-0.038839,0.124539,-0.039389,0.124200,-0.049716,0.126408,-0.048067,0.000000,0.000919,2.000000,2.000000,1.000000,0.000000,0.031820,0.049616,0.049135,-0.099826,-0.144008
2.7950,0.11296,-0.04165,0.47829,0.99999,-0.00110,0.00297,-0.00259,0.10831,-0.03074,0.31540,0.31446,0.00636,-0.03910,1,0.03478,0.00636,0.048239,0.11948,0.0000,0.0000,-0.5254,0.5409,-0.5175,-1.0957,2.1648,0,0.04900,0.01900,0.0000,0.1348,0.000000,0.000000,0.0000,0.0000,0.0000,0.0000,0.0000,0.0000,-3.4835,3.5859,61.6091,-3.5125,3.6532,62.6830,0.000000,0.000000,0.0000,0.000000,0.000000,0.0000,0.032927,-0.007859,61.5883,0.029829,-0.007031,62.6830,0.03499,0.16024,0.42936,0.08767,-0.80012,-0.10376,-0.04510,0.15108,-0.34646,0.68063,-0.33745,-0.14513,-0.35807,0.05176,-0.34948,0.05169,-0.03812,0.35408,-0.05686,-0.06007,-0.95425,-0.03921,-0.08651,-2.93552,1.30712,-0.49646,1.61489,0.34365,0.65370,0.05381,0.61659,0.04661,6.000,6.000,12.000,12.000,6.000,6.000,6.000,6.000,12.000,12.000,6.000,6.000,6.000,6.000,6.000,6.000,0.124865,-0.038550,0.124548,-0.039097,0.124200,-0.049716,0.125148,-0.048076,0.000000,0.000632,2.000000,2.000000,1.000000,0.000000,0.033551,0.049618,0.049772,-0.101930,-0.144650
2.8000,0.11385,-0.04194,0.47838,0.99999,-0.00098,0.00277,-0.00263,0.10875,-0.03095,0.31540,0.31446,0.00594,-0.03880,1,0.03478,0.00594,0.048726,0.08383,0.0000,0.0000,-0.5073,0.5349,-0.2976,-1.2217,2.1171,0,0.04900,0.01900,0.0000,0.1327,0.000000,0.000000,0.0000,0.0000,0.0000,0.0000,0.0000,0.0000,-3.3636,3.5466,63.0672,-3.1939,3.7237,61.6182,0.000000,0.000000,0.0000,0.000000,0.000000,0.0000,0.027826,-0.007024,63.0457,0.032613,-0.007862,61.6182,0.03672,0.16189,0.43086,0.08932,-0.81201,-0.10514,-0.04502,0.15143,-0.34004,0.67808,-0.34080,-0.14550,-0.33201,0.05394,-0.32439,0.05365,-0.00206,0.37168,0.09571,-0.08505,-0.80835,-0.02655,-0.10750,-3.03760,1.01666,-0.81163,1.35162,0.30778,0.64605,0.05191,0.61524,0.04338,6.000,6.000,12.000,12.000,6.000,6.000,6.000,6.000,12.000,12.000,6.000,6.000,6.000,6.000,6.000,6.000,0.124830,-0.038256,0.124558,-0.038796,0.124200,-0.049716,0.125014,-0.048096,0.000000,0.000605,2.000000,2.000000,1.000000,0.000000,0.035313,0.049620,0.050389,-0.103760,-0.145127
2.8050,0.11473,-0.04222,0.47847,0.99999,-0.00086,0.00258,-0.00265,0.10918,-0.03114,0.31539,0.31446,0.00554,-0.03849,1,0.03478,0.00554,0.049062,0.05697,0.0000,0.0000,-0.4874,0.5272,-0.1435,-1.4401,2.0929,0,0.04900,0.01900,0.0000,0.1316,0.000000,0.000000,0.0000,0.0000,0.0000,0.0000,0.0000,0.0000,-3.2318,3.4951,64.0888,-3.1828,3.8069,62.8633,0.000000,0.000000,0.0000,0.000000,0.000000,0.0000,0.023730,-0.006470,64.0666,0.027784,-0.007194,62.8633,0.03900,0.16359,0.43246,0.08830,-0.81874,-0.10609,-0.04499,0.15171,-0.33375,0.67558,-0.34414,-0.14584,-0.30606,0.05607,-0.29936,0.05550,0.02940,0.38625,0.23102,-0.12491,-0.66301,-0.01473,-0.12917,-3.10865,0.76280,-1.07559,1.12729,0.28228,0.64416,0.05047,0.61795,0.04075,6.000,6.000,12.000,12.000,6.000,6.000,6.000,6.000,12.000,12.000,6.000,6.000,6.000,6.000,6.000,6.000,0.124772,-0.037928,0.124569,-0.038487,0.124200,-0.049716,0.124810,-0.048042,0.000000,0.000594,2.000000,2.000000,1.000000,0.000000,0.037106,0.049622,0.050980,-0.105142,-0.145501
2.8100,0.11559,-0.04247,0.47855,0.99999,-0.00074,0.00239,-0.00264,0.10961,-0.03132,0.31538,0.31446,0.00515,-0.03817,1,0.03478,0.00515,0.049285,0.03691,0.0000,0.0000,-0.4672,0.5193,-0.0482,-1.5983,2.0575,0,0.04900,0.01900,0.0000,0.1276,0.000000,0.000000,0.0000,0.0000,0.0000,0.0000,0.0000,0.0000,-3.0976,3.4432,64.7208,-3.0885,3.7913,63.8637,0.000000,0.000000,0.0000,0.000000,0.000000,0.0000,0.020675,-0.006111,64.6981,0.023755,-0.006686,63.8637,0.04175,0.16532,0.43429,0.08490,-0.82188,-0.10664,-0.04500,0.15193,-0.32758,0.67313,-0.34747,-0.14616,-0.28027,0.05815,-0.27443,0.05724,0.05462,0.39815,0.33927,-0.16268,-0.55908,-0.00363,-0.14295,-3.15417,0.55881,-1.27428,0.95419,0.26491,0.63456,0.04740,0.61250,0.03669,6.000,6.000,12.000,12.000,6.000,6.000,6.000,6.000,12.000,12.000,6.000,6.000,6.000,6.000,6.000,6.000,0.124707,-0.037587,0.124579,-0.038168,0.124200,-0.049716,0.124583,-0.047972,0.000000,0.000595,2.000000,2.000000,1.000000,0.000000,0.038926,0.049624,0.051545,-0.106094,-0.145838
2.8150,0.11642,-0.04271,0.47863,0.99999,-0.00061,0.00221,-0.00263,0.11001,-0.03149,0.31536,0.31446,0.00477,-0.03784,1,0.03478,0.00477,0.049423,0.02207,0.0000,0.0000,-0.4483,0.5121,0.0064,-1.7016,2.0178,0,0.04900,0.01900,0.0000,0.1234,0.000000,0.000000,0.0000,0.0000,0.0000,0.0000,0.0000,0.0000,-2.9721,3.3952,65.0824,-2.9649,3.7427,64.5247,0.000000,0.000000,0.0000,0.000000,0.000000,0.0000,0.018317,-0.005860,65.0597,0.020703,-0.006330,64.5247,0.04491,0.16708,0.43642,0.07936,-0.82262,-0.10681,-0.04505,0.15209,-0.32155,0.67078,-0.35082,-0.14647,-0.25469,0.06016,-0.24966,0.05888,0.07539,0.40736,0.42778,-0.19860,-0.48574,0.00675,-0.14983,-3.18319,0.38882,-1.42687,0.81749,0.25222,0.61906,0.04295,0.60067,0.03191,6.000,6.000,12.000,12.000,6.000,6.000,6.000,6.000,12.000,12.000,6.000,6.000,6.000,6.000,6.000,6.000,0.124651,-0.037238,0.124590,-0.037841,0.124200,-0.049716,0.124384,-0.047906,0.000000,0.000607,2.000000,2.000000,1.000000,0.000000,0.040771,0.049626,0.052080,-0.106642,-0.146160
2.8200,0.11725,-0.04293,0.47870,0.99999,-0.00049,0.00203,-0.00260,0.11041,-0.03164,0.31534,0.31446,0.00441,-0.03751,1,0.03477,0.00441,0.049499,0.01119,0.0000,0.0000,-0.4287,0.5055,0.0381,-1.7670,1.9768,0,0.04900,0.01900,0.0000,0.1196,0.000000,0.000000,0.0000,0.0000,0.0000,0.0000,0.0000,0.0000,-2.8422,3.3514,65.2930,-2.8399,3.6913,64.9297,0.000000,0.000000,0.0000,0.000000,0.000000,0.0000,0.016361,-0.005696,65.2704,0.018330,-0.006071,64.9297,0.04843,0.16884,0.43891,0.07189,-0.82179,-0.10663,-0.04512,0.15220,-0.31569,0.66855,-0.35419,-0.14677,-0.22939,0.06207,-0.22512,0.06040,0.09254,0.41409,0.50020,-0.23348,-0.43440,0.01642,-0.15125,-3.20115,0.24295,-1.54948,0.70372,0.24416,0.59857,0.03713,0.58312,0.02645,6.000,6.000,12.000,12.000,6.000,6.000,6.000,6.000,12.000,12.000,6.000,6.000,6.000,6.000,6.000,6.000,0.124585,-0.036882,0.124601,-0.037505,0.124200,-0.049716,0.124154,-0.047846,0.000000,0.000624,2.000000,2.000000,1.000000,0.000000,0.042640,0.049628,0.052582,-0.106811,-0.146473
2.8250,0.11805,-0.04313,0.47876,0.99999,-0.00036,0.00187,-0.00257,0.11080,-0.03178,0.31532,0.31446,0.00406,-0.03716,1,0.03477,0.00406,0.049530,0.00332,0.0000,0.0000,-0.4083,0.4996,0.0558,-1.8062,1.9345,0,0.04900,0.01900,0.0000,0.1160,0.000000,0.000000,0.0000,0.0000,0.0000,0.0000,0.0000,0.0000,-2.7069,3.3121,65.4102,-2.7068,3.6413,65.1824,0.000000,0.000000,0.0000,0.000000,0.000000,0.0000,0.014693,-0.005594,65.3880,0.016355,-0.005895,65.1824,0.05224,0.17058,0.44178,0.06267,-0.82001,-0.10611,-0.04521,0.15226,-0.31001,0.66649,-0.35758,-0.14705,-0.20445,0.06385,-0.20092,0.06182,0.10642,0.41866,0.55863,-0.26795,-0.39847,0.02537,-0.14731,-3.21176,0.11677,-1.64932,0.60774,0.23963,0.57388,0.02991,0.56052,0.02047,6.000,6.000,12.000,12.000,6.000,6.000,6.000,6.000,12.000,12.000,6.000,6.000,6.000,6.000,6.000,6.000,0.124507,-0.036518,0.124612,-0.037159,0.124200,-0.049716,0.123886,-0.047793,0.000000,0.000649,2.000000,2.000000,1.000000,0.000000,0.044531,0.049630,0.053049,-0.106627,-0.146773
2.8300,0.11883,-0.04331,0.47881,1.00000,-0.00024,0.00170,-0.00255,0.11117,-0.03190,0.31530,0.31446,0.00373,-0.03680,1,0.03477,0.00373,0.049542,0.00683,0.0000,0.0000,-0.3923,0.4943,0.0597,-1.8286,1.8895,0,0.04900,0.01900,0.0000,0.1127,0.000000,0.000000,0.0000,0.0000,0.0000,0.0000,0.0000,0.0000,-2.6007,3.2772,65.4361,-2.5666,3.5953,65.3362,0.000000,0.000000,0.0000,0.000000,0.000000,0.0000,0.013481,-0.005582,65.4145,0.014670,-0.005780,65.3362,0.05606,0.17222,0.44507,0.05226,-0.81764,-0.10571,-0.04528,0.15227,-0.30452,0.66460,-0.36098,-0.14731,-0.17993,0.06549,-0.17715,0.06312,0.11719,0.42139,0.60439,-0.30233,-0.37291,0.03358,-0.14408,-3.21265,0.01169,-1.72191,0.53755,0.24061,0.54556,0.02217,0.53353,0.01410,6.000,6.000,12.000,12.000,6.000,6.000,6.000,6.000,12.000,12.000,6.000,6.000,6.000,6.000,6.000,6.000,0.124473,-0.036148,0.124624,-0.036804,0.124200,-0.049716,0.123748,-0.047749,0.000000,0.000673,2.000000,2.000000,1.000000,0.000000,0.046442,0.049632,0.053479,-0.106114,-0.147054
2.8350,0.11959,-0.04347,0.47887,1.00000,-0.00010,0.00150,-0.00262,0.11154,-0.03201,0.31528,0.31446,0.00340,-0.03644,1,0.03476,0.00340,0.049619,0.02091,0.0000,0.0000,-0.3586,0.4893,-0.0864,-1.9857,2.1827,0,0.04900,0.01900,1.1669,0.1134,-0.001720,0.033912,0.0000,0.0000,0.0000,-4.0996,0.0000,5.8566,-2.3776,3.2442,64.4677,-2.4999,3.6458,64.9961,0.000000,0.000000,0.0000,-0.048989,-0.018997,5.8566,0.015101,-0.006295,64.4471,0.013566,-0.005826,64.9961,0.05854,0.17339,0.44905,0.04298,-0.81476,-0.10740,-0.04520,0.15217,-0.29905,0.66277,-0.36435,-0.14749,-0.15574,0.06694,-0.15395,0.06434,0.09261,0.39384,0.49282,-0.38588,-0.37748,0.00721,-0.11633,-3.13245,0.11315,-1.56861,0.64821,0.28317,0.53303,0.01643,0.51409,0.01007,6.000,6.000,12.000,12.000,6.000,6.000,6.000,6.000,12.000,12.000,6.000,6.000,6.000,6.000,6.000,6.000,0.124247,-0.035766,0.124636,-0.036438,0.124200,-0.049716,0.123033,-0.047700,0.000000,0.000777,2.000000,2.000000,1.000000,0.000000,0.048371,0.049634,0.053869,-0.105707,-0.147306
2.8400,0.12034,-0.04361,0.47891,1.00000,0.00005,0.00127,-0.00277,0.11188,-0.03211,0.31528,0.31446,0.00300,-0.03606,1,0.03476,0.00300,0.049748,0.02886,0.0000,0.0000,-0.2990,0.4847,-0.3562,-2.2701,2.8854,0,0.04900,0.01900,1.1669,0.1099,-0.000566,0.033958,0.0000,0.0000,0.0000,-3.4712,0.0000,4.9588,-1.9823,3.2136,62.6785,-2.2541,3.5727,64.0719,0.000000,0.000000,0.0000,-0.048986,-0.018997,4.9588,0.019485,-0.007747,62.6592,0.015155,-0.006495,64.0719,0.06005,0.17421,0.45367,0.03441,-0.81170,-0.11062,-0.04498,0.15198,-0.29371,0.66114,-0.36770,-0.14758,-0.13193,0.06823,-0.13137,0.06547,0.03415,0.33410,0.21999,-0.52400,-0.41072,-0.03987,-0.05172,-2.98065,0.42720,-1.19624,0.93149,0.36564,0.53624,0.01245,0.50062,0.00810,6.000,6.000,12.000,12.000,6.000,6.000,6.000,6.000,12.000,12.000,6.000,6.000,6.000,6.000,6.000,6.000,0.123736,-0.035373,0.124648,-0.036062,0.124200,-0.049716,0.121462,-0.047648,0.000000,0.001144,2.000000,2.000000,1.000000,0.000000,0.050315,0.049636,0.054218,-0.107399,-0.147492
2.8450,0.12105,-0.04373,0.47895,1.00000,0.00020,0.00104,-0.00291,0.11220,-0.03219,0.31529,0.31446,0.00254,-0.03568,1,0.03476,0.00254,0.049855,0.01671,0.0000,0.0000,-0.2497,0.4815,-0.4905,-2.4387,3.3723,0,0.04900,0.01900,0.0000,0.1023,0.000000,0.000000,0.0000,0.0000,0.0000,0.0000,0.0000,0.0000,-1.6552,3.1924,61.7884,-1.7795,3.4146,62.7424,0.000000,0.000000,0.0000,0.000000,0.000000,0.0000,0.022167,-0.008701,61.7699,0.019322,-0.007811,62.7424,0.06173,0.17500,0.45858,0.02474,-0.80886,-0.11382,-0.04475,0.15174,-0.28873,0.65991,-0.37106,-0.14755,-0.10871,0.06936,-0.10939,0.06650,-0.00642,0.29155,0.03112,-0.62420,-0.43320,-0.07671,0.00628,-2.89290,0.62668,-0.96266,1.11069,0.42109,0.52430,0.00697,0.47848,0.00463,6.000,6.000,12.000,12.000,6.000,6.000,6.000,6.000,12.000,12.000,6.000,6.000,6.000,6.000,6.000,6.000,0.123327,-0.034979,0.124661,-0.035675,0.124200,-0.049716,0.120199,-0.047629,0.000000,0.001504,2.000000,2.000000,1.000000,0.000000,0.052273,0.049638,0.054524,-0.110618,-0.147578
2.8500,0.12174,-0.04384,0.47896,1.00000,0.00033,0.00084,-0.00302,0.11250,-0.03226,0.31530,0.31446,0.00208,-0.03528,1,0.03475,0.00208,0.049909,0.00713,0.0000,0.0000,-0.2481,0.4802,-0.2968,-2.2683,3.0606,0,0.04900,0.01900,0.0000,0.0980,0.000000,0.000000,0.0000,0.0000,0.0000,0.0000,0.0000,0.0000,-1.6447,3.1840,63.0724,-1.4286,3.3600,62.0826,0.000000,0.000000,0.0000,0.000000,0.000000,0.0000,0.018928,-0.007888,63.0537,0.021877,-0.008714,62.0826,0.06407,0.17590,0.46351,0.01323,-0.80638,-0.11642,-0.04456,0.15149,-0.28418,0.65908,-0.37443,-0.14745,-0.08625,0.07034,-0.08806,0.06738,0.02051,0.31799,0.15811,-0.60426,-0.40797,-0.06052,0.01023,-2.98465,0.40709,-1.18518,0.93848,0.38400,0.47376,-0.00206,0.43770,-0.00328,6.000,6.000,12.000,12.000,6.000,6.000,6.000,6.000,12.000,12.000,6.000,6.000,6.000,6.000,6.000,6.000,0.123426,-0.034592,0.124674,-0.035278,0.124200,-0.049716,0.120456,-0.047658,0.000000,0.001424,2.000000,2.000000,1.000000,0.000000,0.054243,0.049640,0.054785,-0.113819,-0.147551
2.8550,0.12240,-0.04392,0.47898,0.99999,0.00046,0.00062,-0.00316,0.11281,-0.03232,0.31529,0.31446,0.00168,-0.03487,1,0.03475,0.00168,0.049987,0.02104,0.0000,0.0000,-0.2455,0.4784,-0.1710,-2.1245,2.7951,0,0.04900,0.01900,1.1669,0.1016,0.002550,0.033969,0.0000,0.0000,0.0000,-4.6131,0.0000,6.5902,-1.6279,3.1716,63.9066,-1.5200,3.5150,62.8064,0.000000,0.000000,0.0000,-0.049000,-0.019000,6.5902,0.016642,-0.007365,63.8877,0.018944,-0.008098,62.8064,0.06575,0.17653,0.46876,0.00204,-0.80398,-0.12021,-0.04430,0.15118,-0.27980,0.65840,-0.37775,-0.14730,-0.06451,0.07115,-0.06755,0.06817,0.04083,0.33692,0.25468,-0.59168,-0.38366,-0.04588,0.01546,-3.04356,0.23515,-1.34950,0.81235,0.35886,0.42676,-0.01035,0.39837,-0.01062,6.000,6.000,12.000,12.000,6.000,6.000,6.000,6.000,12.000,12.000,6.000,6.000,6.000,6.000,6.000,6.000,0.123513,-0.034182,0.124687,-0.034869,0.124200,-0.049716,0.120676,-0.047655,0.000000,0.001361,2.000000,2.000000,1.000000,0.000000,0.056223,0.049643,0.055001,-0.116416,-0.147449
2.8600,0.12302,-0.04399,0.47899,0.99999,0.00060,0.00040,-0.00332,0.11309,-0.03236,0.31530,0.31446,0.00124,-0.03445,1,0.03475,0.00124,0.050073,0.01015,0.0000,0.0000,-0.1857,0.4751,-0.4418,-2.3590,3.5027,0,0.04900,0.01900,1.1669,0.1018,0.003681,0.033946,0.0000,0.0000,0.0000,-3.9526,0.0000,5.6465,-1.2310,3.1501,62.1114,-1.5339,3.5512,63.3462,0.000000,0.000000,0.0000,-0.048997,-0.018999,5.6465,0.021001,-0.008862,62.0930,0.016764,-0.007645,63.3462,0.06687,0.17690,0.47328,-0.00676,-0.80172,-0.12486,-0.04399,0.15078,-0.27564,0.65783,-0.38094,-0.14707,-0.04357,0.07180,-0.04792,0.06883,-0.01909,0.27412,-0.02169,-0.71386,-0.41749,-0.09650,0.08158,-2.88977,0.55526,-0.98418,1.09071,0.43993,0.42286,-0.01411,0.37838,-0.01234,6.000,6.000,12.000,12.000,6.000,6.000,6.000,6.000,12.000,12.000,6.000,6.000,6.000,6.000,6.000,6.000,0.122982,-0.033741,0.124701,-0.034448,0.124200,-0.049716,0.119042,-0.047595,0.000000,0.001859,2.000000,2.000000,1.000000,0.000000,0.058211,0.049645,0.055170,-0.120207,-0.147299
2.8650,0.12361,-0.04404,0.47900,0.99999,0.00075,0.00023,-0.00338,0.11336,-0.03240,0.31531,0.31446,0.00121,-0.03402,1,0.03475,0.00121,0.050067,-0.00817,0.0000,0.0000,-0.1675,0.4732,-0.3445,-2.5791,3.0844,0,0.04900,0.01900,0.0000,0.0986,0.000000,0.000000,0.0000,0.0000,0.0000,0.0000,0.0000,0.0000,-1.1106,3.1375,62.7563,-1.1079,3.4718,61.6255,0.000000,0.000000,0.0000,0.000000,0.000000,0.0000,0.020552,-0.008632,62.7378,0.020992,-0.009083,61.6255,0.06861,0.17732,0.47516,-0.01218,-0.79984,-0.12861,-0.04382,0.15032,-0.27192,0.65740,-0.38394,-0.14678,-0.02372,0.07230,-0.02907,0.06933,-0.02456,0.27828,-0.10074,-0.65357,-0.43538,-0.09278,0.12041,-2.92401,0.53425,-1.00950,1.09637,0.43367,0.39070,-0.01909,0.35781,-0.01670,6.000,6.000,12.000,12.000,6.000,6.000,6.000,6.000,12.000,12.000,6.000,6.000,6.000,6.000,6.000,6.000,0.122892,-0.033299,0.124715,-0.034016,0.124200,-0.049716,0.118728,-0.047565,0.000000,0.001960,2.000000,2.000000,1.000000,0.000000,0.060204,0.049647,0.055291,-0.124860,-0.147074
2.8700,0.12415,-0.04407,0.47901,0.99999,0.00091,0.00008,-0.00340,0.11362,-0.03241,0.31531,0.31446,0.00151,-0.03357,1,0.03474,0.00151,0.050005,-0.01064,0.0000,0.0000,-0.1680,0.4716,-0.1643,-2.7141,2.4021,0,0.04900,0.01900,0.0000,0.0966,0.000000,0.000000,0.0000,0.0000,0.0000,0.0000,0.0000,0.0000,-1.1141,3.1264,63.9509,-0.9754,3.4773,62.3060,0.000000,0.000000,0.0000,0.000000,0.000000,0.0000,0.018360,-0.007835,63.9319,0.020496,-0.008878,62.3060,0.07045,0.17765,0.47536,-0.01517,-0.79823,-0.13239,-0.04371,0.14981,-0.26850,0.65700,-0.38673,-0.14644,-0.00490,0.07266,-0.01107,0.06969,-0.00890,0.30647,-0.07651,-0.54075,-0.43810,-0.07501,0.13548,-3.01151,0.37427,-1.18028,0.99108,0.39472,0.35060,-0.02436,0.33603,-0.02159,6.000,6.000,12.000,12.000,6.000,6.000,6.000,6.000,12.000,12.000,6.000,6.000,6.000,6.000,6.000,6.000,0.123000,-0.032842,0.124730,-0.033571,0.124200,-0.049716,0.119009,-0.047528,0.000000,0.001878,2.000000,2.000000,1.000000,0.000000,0.062202,0.049649,0.055364,-0.128615,-0.146776
2.8750,0.12467,-0.04409,0.47903,0.99999,0.00107,-0.00008,-0.00346,0.11388,-0.03242,0.31530,0.31446,0.00182,-0.03311,1,0.03474,0.00182,0.049965,-0.00665,0.0000,0.0000,-0.1391,0.4694,-0.2432,-2.8791,2.4676,0,0.04900,0.01900,1.1669,0.0981,0.006496,0.033730,0.0000,0.0000,0.0000,-3.5530,0.0000,5.0757,-0.9225,3.1123,63.4277,-1.0431,3.5671,63.1741,0.000000,0.000000,0.0000,-0.048993,-0.018999,5.0757,0.019532,-0.008307,63.4087,0.018491,-0.008193,63.1741,0.07134,0.17762,0.47533,-0.01635,-0.79671,-0.13780,-0.04351,0.14922,-0.26515,0.65653,-0.38933,-0.14607,0.01309,0.07285,0.00597,0.06997,-0.03167,0.28391,-0.20002,-0.53896,-0.45447,-0.09977,0.16737,-2.96193,0.46079,-1.07579,1.07981,0.42122,0.33161,-0.02802,0.31680,-0.02402,6.000,6.000,12.000,12.000,6.000,6.000,6.000,6.000,12.000,12.000,6.000,6.000,6.000,6.000,6.000,6.000,0.122791,-0.032363,0.124745,-0.033114,0.124200,-0.049716,0.118338,-0.047464,0.000000,0.002093,2.000000,2.000000,1.000000,0.000000,0.064201,0.049651,0.055389,-0.132394,-0.146442
2.8800,0.12514,-0.04409,0.47905,0.99999,0.00123,-0.00024,-0.00353,0.11412,-0.03241,0.31531,0.31446,0.00214,-0.03264,1,0.03474,0.00214,0.049897,-0.02032,0.0000,0.0000,-0.0964,0.4682,-0.3994,-3.0202,2.8412,0,0.04900,0.01900,1.1669,0.0965,0.007209,0.033588,0.0000,0.0000,0.0000,-3.2434,0.0000,4.6334,-0.6392,3.1044,62.3923,-0.8581,3.5258,62.6812,0.000000,0.000000,0.0000,-0.048999,-0.019000,4.6334,0.021923,-0.009243,62.3735,0.019682,-0.008636,62.6812,0.07212,0.17746,0.47459,-0.01645,-0.79542,-0.14345,-0.04327,0.14857,-0.26205,0.65613,-0.39174,-0.14563,0.03014,0.07291,0.02211,0.07012,-0.06789,0.24248,-0.37732,-0.58630,-0.47393,-0.13442,0.21040,-2.86785,0.64429,-0.86959,1.23954,0.47213,0.32063,-0.03093,0.29729,-0.02571,6.000,6.000,12.000,12.000,6.000,6.000,6.000,6.000,12.000,12.000,6.000,6.000,6.000,6.000,6.000,6.000,0.122430,-0.031877,0.124761,-0.032644,0.124200,-0.049716,0.117207,-0.047417,0.000000,0.002454,2.000000,2.000000,1.000000,0.000000,0.066201,0.049653,0.055364,-0.137798,-0.146068
2.8850,0.12558,-0.04407,0.47907,0.99999,0.00138,-0.00039,-0.00356,0.11434,-0.03238,0.31531,0.31446,0.00246,-0.03216,1,0.03474,0.00246,0.049778,-0.02150,0.0000,0.0000,-0.0926,0.4687,-0.2661,-2.9852,2.4361,0,0.04900,0.01900,0.0000,0.0928,0.000000,0.000000,0.0000,0.0000,0.0000,0.0000,0.0000,0.0000,-0.6140,3.1078,63.2758,-0.5147,3.4148,62.0448,0.000000,0.000000,0.0000,0.000000,0.000000,0.0000,0.019814,-0.008541,63.2565,0.021861,-0.009452,62.0448,0.07314,0.17727,0.47288,-0.01589,-0.79440,-0.14891,-0.04307,0.14790,-0.25924,0.65579,-0.39396,-0.14514,0.04617,0.07283,0.03737,0.07014,-0.05302,0.26570,-0.32833,-0.51320,-0.46253,-0.12019,0.21805,-2.93810,0.50033,-1.02071,1.13589,0.43747,0.28782,-0.03505,0.27456,-0.02968,6.000,6.000,12.000,12.000,6.000,6.000,6.000,6.000,12.000,12.000,6.000,6.000,6.000,6.000,6.000,6.000,0.122481,-0.031392,0.124776,-0.032160,0.124200,-0.049716,0.117314,-0.047410,0.000000,0.002421,2.000000,2.000000,1.000000,0.000000,0.068199,0.049656,0.055291,-0.143445,-0.145628
2.8900,0.12599,-0.04403,0.47909,0.99999,0.00154,-0.00055,-0.00366,0.11457,-0.03235,0.31531,0.31446,0.00277,-0.03166,1,0.03474,0.00277,0.049684,-0.02002,0.0000,0.0000,-0.0659,0.4674,-0.3392,-2.9963,2.6264,0,0.04900,0.01900,1.1631,0.0950,0.008720,0.033269,0.0000,0.0000,0.0000,-3.9427,0.0127,5.6507,-0.4366,3.0988,62.7914,-0.5608,3.5234,62.5949,0.000000,0.000000,0.0000,-0.048996,-0.019000,5.6507,0.020476,-0.009052,62.7721,0.019964,-0.008875,62.5949,0.07321,0.17676,0.47149,-0.01480,-0.79341,-0.15597,-0.04275,0.14716,-0.25650,0.65540,-0.39599,-0.14461,0.06139,0.07260,0.05165,0.07010,-0.06842,0.23810,-0.40507,-0.52374,-0.46368,-0.14558,0.23546,-2.88465,0.55662,-0.95095,1.18846,0.46629,0.27060,-0.03808,0.25360,-0.03152,6.000,6.000,12.000,12.000,6.000,6.000,6.000,6.000,12.000,12.000,6.000,6.000,6.000,6.000,6.000,6.000,0.122285,-0.030868,0.124793,-0.031663,0.124200,-0.049716,0.116678,-0.047331,0.000000,0.002630,2.000000,2.000000,1.000000,0.000000,0.070192,0.049658,0.055170,-0.148906,-0.145140
2.8950,0.12636,-0.04398,0.47911,0.99999,0.00168,-0.00071,-0.00375,0.11477,-0.03230,0.31532,0.31446,0.00308,-0.03115,1,0.03474,0.00308,0.049547,-0.02701,0.0000,0.0000,-0.0325,0.4669,-0.4373,-3.0053,2.9186,0,0.04900,0.01900,0.0000,0.0933,0.000000,0.000000,0.0000,0.0000,0.0000,0.0000,0.0000,0.0000,-0.2158,3.0952,62.1412,-0.3878,3.4626,62.2497,0.000000,0.000000,0.0000,0.000000,0.000000,0.0000,0.021667,-0.009700,62.1219,0.020592,-0.009332,62.2497,0.07350,0.17621,0.46947,-0.01355,-0.79263,-0.16275,-0.04243,0.14640,-0.25403,0.65508,-0.39785,-0.14401,0.07563,0.07225,0.06504,0.06993,-0.08893,0.20641,-0.50709,-0.55502,-0.46594,-0.16617,0.26063,-2.81884,0.65800,-0.83654,1.27321,0.50185,0.25743,-0.04050,0.23286,-0.03317,6.000,6.000,12.000,12.000,6.000,6.000,6.000,6.000,12.000,12.000,6.000,6.000,6.000,6.000,6.000,6.000,0.122015,-0.030334,0.124810,-0.031152,0.124200,-0.049716,0.115817,-0.047264,0.000000,0.002911,2.000000,2.000000,1.000000,0.000000,0.072180,0.049660,0.055001,-0.155966,-0.144606
2.9000,0.12670,-0.04390,0.47914,0.99999,0.00182,-0.00088,-0.00387,0.11497,-0.03224,0.31533,0.31446,0.00336,-0.03063,1,0.03474,0.00336,0.049418,-0.02970,0.0000,0.0000,-0.0194,0.4666,-0.3961,-2.9128,2.8802,0,0.04900,0.01900,1.0860,0.0933,0.010142,0.032875,0.0000,0.0000,0.0000,-4.1232,0.3203,6.3478,-0.1284,3.0937,62.4144,-0.1536,3.4450,61.6166,0.000000,0.000000,0.0000,-0.048997,-0.019000,6.3478,0.020648,-0.009598,62.3948,0.021768,-0.009962,61.6166,0.07308,0.17544,0.46759,-0.01208,-0.79189,-0.17077,-0.04202,0.14559,-0.25167,0.65474,-0.39953,-0.14335,0.08904,0.07177,0.07748,0.06970,-0.08611,0.19983,-0.49882,-0.52618,-0.45223,-0.17726,0.26496,-2.82653,0.59781,-0.89792,1.22851,0.49975,0.23468,-0.04348,0.21221,-0.03515,6.000,6.000,12.000,12.000,6.000,6.000,6.000,6.000,12.000,12.000,6.000,6.000,6.000,6.000,6.000,6.000,0.121958,-0.029785,0.124827,-0.030626,0.124200,-0.049716,0.115594,-0.047194,0.000000,0.002989,2.000000,2.000000,1.000000,0.000000,0.074160,0.049662,0.054785,-0.162753,-0.144008
2.9050,0.12700,-0.04381,0.47917,0.99999,0.00195,-0.00105,-0.00401,0.11516,-0.03216,0.31534,0.31446,0.00364,-0.03009,1,0.03474,0.00364,0.049266,-0.02751,0.0000,0.0000,0.0029,0.4661,-0.4255,-2.8647,2.9840,0,0.04900,0.01900,0.0000,0.0926,0.000000,0.000000,0.0000,0.0000,0.0000,0.0000,0.0000,0.0000,0.0192,3.0902,62.2189,-0.0833,3.4430,61.9723,0.000000,0.000000,0.0000,0.000000,0.000000,0.0000,0.020719,-0.009848,62.1991,0.020742,-0.009861,61.9723,0.07255,0.17457,0.46538,-0.01045,-0.79124,-0.17894,-0.04158,0.14474,-0.24949,0.65441,-0.40104,-0.14264,0.10155,0.07117,0.08902,0.06936,-0.09228,0.18261,-0.54023,-0.52599,-0.44343,-0.18285,0.27779,-2.79770,0.61798,-0.87317,1.24658,0.51457,0.21838,-0.04560,0.19234,-0.03689,6.000,6.000,12.000,12.000,6.000,6.000,6.000,6.000,12.000,12.000,6.000,6.000,6.000,6.000,6.000,6.000,0.121801,-0.029213,0.124845,-0.030085,0.124200,-0.049716,0.115068,-0.047100,0.000000,0.003166,2.000000,2.000000,1.000000,0.000000,0.076130,0.049664,0.054524,-0.170766,-0.143350
2.9100,0.12727,-0.04369,0.47920,0.99999,0.00207,-0.00122,-0.00417,0.11534,-0.03207,0.31535,0.31446,0.00390,-0.02953,1,0.03473,0.00390,0.049102,-0.03619,0.0000,0.0000,0.0351,0.4642,-0.5328,-2.8422,3.3582,0,0.04900,0.01900,1.0988,0.0943,0.011574,0.032441,0.0000,0.0000,0.0000,-3.9583,0.2538,6.0172,0.2327,3.0778,61.5081,0.0225,3.4809,61.5364,0.000000,0.000000,0.0000,-0.048999,-0.019000,6.0172,0.021955,-0.010712,61.4882,0.020949,-0.010169,61.5364,0.07170,0.17355,0.46301,-0.00868,-0.79065,-0.18771,-0.04110,0.14386,-0.24747,0.65408,-0.40238,-0.14185,0.11320,0.07045,0.09966,0.06896,-0.11228,0.13695,-0.64114,-0.55634,-0.44122,-0.21550,0.29371,-2.71155,0.72469,-0.75673,1.33014,0.56228,0.20819,-0.04733,0.17387,-0.03730,6.000,6.000,12.000,12.000,6.000,6.000,6.000,6.000,12.000,12.000,6.000,6.000,6.000,6.000,6.000,6.000,0.121534,-0.028607,0.124863,-0.029529,0.124200,-0.049716,0.114214,-0.046950,0.000000,0.003454,2.000000,2.000000,1.000000,0.000000,0.078088,0.049666,0.054218,-0.178943,-0.142640
2.9150,0.12751,-0.04356,0.47924,0.99999,0.00219,-0.00143,-0.00436,0.11551,-0.03196,0.31537,0.31446,0.00415,-0.02896,1,0.03474,0.00415,0.048934,-0.03131,0.0000,0.0000,0.0436,0.4653,-0.4580,-2.7106,3.2356,0,0.04900,0.01900,1.1669,0.0939,0.012271,0.058170,0.0000,0.0000,0.0000,-5.4362,0.0000,7.7660,0.2889,3.0850,62.0036,0.2408,3.4181,60.8608,0.000000,0.000000,0.0000,-0.048998,0.006954,7.7660,0.020437,-0.010308,61.9832,0.022157,-0.010987,60.8608,0.07132,0.17266,0.46041,-0.00623,-0.78912,-0.19473,-0.04055,0.14292,-0.24542,0.65362,-0.40354,-0.14101,0.12406,0.06964,0.10942,0.06850,-0.10344,0.14205,-0.60560,-0.51445,-0.41895,-0.21532,0.29468,-2.74397,0.63305,-0.85565,1.25709,0.54432,0.18730,-0.04940,0.15603,-0.03881,6.000,6.000,12.000,12.000,6.000,6.000,6.000,6.000,12.000,12.000,6.000,6.000,6.000,6.000,6.000,6.000,0.121519,-0.028012,0.124882,-0.028958,0.124200,-0.049716,0.114112,-0.046880,0.000000,0.003493,2.000000,2.000000,1.000000,0.000000,0.080032,0.049668,0.053869,-0.187708,-0.141853
2.9200,0.12772,-0.04342,0.47929,0.99999,0.00231,-0.00170,-0.00460,0.11567,-0.03185,0.31539,0.31446,0.00439,-0.02837,1,0.03474,0.00439,0.048783,-0.02950,0.0000,0.0000,0.0962,0.4681,-0.6733,-2.7803,4.3537,0,0.04900,0.01900,1.0506,0.0958,0.012955,0.063885,0.0000,0.0000,0.0000,-4.5333,0.0406,7.1929,0.6377,3.1036,60.5762,0.2266,3.4979,61.0185,0.000000,0.000000,0.0000,-0.048961,0.012844,7.1929,0.023911,-0.011936,60.5556,0.020847,-0.010709,61.0185,0.07170,0.17194,0.45774,-0.00287,-0.78663,-0.19914,-0.03988,0.14192,-0.24324,0.65297,-0.40451,-0.14005,0.13420,0.06874,0.11833,0.06800,-0.12303,0.09018,-0.84669,-0.60370,-0.40782,-0.14004,0.37936,-2.60151,0.92179,-0.56309,1.47861,0.62824,0.18559,-0.04932,0.14451,-0.03755,6.000,6.000,12.000,12.000,6.000,6.000,6.000,6.000,12.000,12.000,6.000,6.000,6.000,6.000,6.000,6.000,0.121029,-0.027415,0.124901,-0.028370,0.124200,-0.049716,0.112583,-0.046851,0.000000,0.003988,2.000000,2.000000,1.000000,0.000000,0.081961,0.049671,0.053479,-0.194726,-0.141006
2.9250,0.12791,-0.04326,0.47935,0.99998,0.00243,-0.00202,-0.00485,0.11581,-0.03172,0.31542,0.31446,0.00464,-0.02777,1,0.03474,0.00464,0.048643,-0.02655,0.0000,0.0000,0.1353,0.4809,-0.8158,-2.8824,5.3049,1,0.04900,0.01900,0.9829,0.0964,0.013404,0.069927,0.0000,0.0000,0.0000,-3.9586,-0.6943,6.8163,0.8968,3.1885,59.6315,0.6334,3.4030,59.8674,0.000000,0.000000,0.0000,-0.048929,0.018997,6.8163,0.021383,-0.010051,59.6101,0.024175,-0.012179,59.8674,0.07319,0.17147,0.45494,0.00104,-0.78378,-0.20123,-0.03915,0.14084,-0.24095,0.65221,-0.40534,-0.13899,0.14363,0.06776,0.12649,0.06744,-0.12303,0.09018,-0.84669,-0.60370,-0.40782,-0.14004,0.37936,-2.60151,0.92179,-0.56309,1.47861,0.62824,0.18559,-0.04932,0.14451,-0.03755,6.000,6.000,12.000,12.000,6.000,6.000,6.000,6.000,12.000,12.000,6.000,6.000,6.000,6.000,6.000,6.000,0.120678,-0.026904,0.124921,-0.027765,0.124200,-0.049716,0.111472,-0.047131,0.000000,0.004329,2.000000,2.000000,1.000000,0.000000,0.083872,0.049673,0.053049,-0.199144,-0.140054
2.9300,0.12806,-0.04308,0.47942,0.99998,0.00256,-0.00239,-0.00512,0.11594,-0.03157,0.31545,0.31446,0.00489,-0.02714,1,0.03475,0.00489,0.048498,-0.03036,0.0000,0.0000,0.1694,0.4937,-0.9296,-2.9181,6.3070,0,0.04900,0.01900,0.8762,0.0989,0.013690,0.069853,0.0000,0.0000,0.0000,-3.6895,-0.3493,7.0502,1.1231,3.2733,58.8769,0.6864,3.4765,59.7118,0.000000,0.000000,0.0000,-0.048918,0.018996,7.0502,0.027268,-0.013794,58.8545,0.024136,-0.012235,59.7118,0.07564,0.17112,0.45184,0.00544,-0.78067,-0.20096,-0.03833,0.13969,-0.23868,0.65144,-0.40601,-0.13778,0.15236,0.06671,0.13391,0.06682,-0.14933,0.07710,-1.14222,-0.69214,-0.39307,-0.02086,0.52452,-2.47986,1.22511,-0.25703,1.69669,0.71644,0.17125,-0.04978,0.12212,-0.03708,6.000,6.000,12.000,12.000,6.000,6.000,6.000,6.000,12.000,12.000,6.000,6.000,6.000,6.000,6.000,6.000,0.120377,-0.026372,0.124941,-0.027144,0.124200,-0.049716,0.110506,-0.047400,0.000000,0.004629,2.000000,2.000000,1.000000,0.000000,0.085763,0.049675,0.052582,-0.201233,-0.138994
2.9350,0.12818,-0.04289,0.47949,0.99998,0.00269,-0.00277,-0.00540,0.11605,-0.03142,0.31549,0.31446,0.00514,-0.02650,1,0.03475,0.00514,0.048333,-0.03338,0.0000,0.0000,0.1922,0.5185,-0.9659,-3.0084,6.9500,0,0.04900,0.01900,0.8442,0.1039,0.013884,0.069805,0.0000,0.0000,0.0000,-3.4202,-1.0122,7.0432,1.2744,3.4377,58.6365,1.1854,3.4456,58.4567,0.000000,0.000000,0.0000,-0.048916,0.018996,7.0432,0.027248,-0.013653,58.6119,0.027332,-0.013881,58.4567,0.07866,0.17073,0.44830,0.01039,-0.77721,-0.19855,-0.03736,0.13845,-0.23651,0.65069,-0.40650,-0.13641,0.16039,0.06560,0.14058,0.06618,-0.16553,0.12317,-1.21404,-0.69251,-0.37712,0.04893,0.58727,-2.52213,1.25664,-0.22653,1.71186,0.70364,0.16109,-0.04984,0.11000,-0.03617,6.000,6.000,12.000,12.000,6.000,6.000,6.000,6.000,12.000,12.000,6.000,6.000,6.000,6.000,6.000,6.000,0.120194,-0.025947,0.124962,-0.026504,0.124200,-0.049716,0.109893,-0.048046,0.000000,0.004801,2.000000,2.000000,1.000000,0.000000,0.087632,0.049677,0.052080,-0.200964,-0.137776
2.9400,0.12827,-0.04268,0.47957,0.99997,0.00282,-0.00318,-0.00572,0.11617,-0.03127,0.31553,0.31446,0.00552,-0.02585,1,0.03476,0.00552,0.048161,-0.03505,0.0000,0.0000,0.2118,0.5386,-1.0241,-3.1244,7.4916,0,0.04900,0.01900,0.6284,0.1116,0.014103,0.055826,0.0000,0.0000,0.0000,-3.2716,-0.3456,8.7274,1.4043,3.5707,58.2504,1.2439,3.6723,57.9188,0.000000,0.000000,0.0000,-0.048946,0.005050,8.7274,0.027251,-0.014148,58.2236,0.027565,-0.013933,57.9188,0.08079,0.16997,0.44460,0.01599,-0.77334,-0.19586,-0.03618,0.13714,-0.23443,0.64988,-0.40679,-0.13495,0.16779,0.06442,0.14650,0.06553,-0.18454,0.13244,-1.26944,-0.68690,-0.36022,0.08812,0.61766,-2.51164,1.27574,-0.20184,1.71854,0.72477,0.15273,-0.04991,0.09729,-0.03501,6.000,6.000,12.000,12.000,6.000,6.000,6.000,6.000,12.000,12.000,6.000,6.000,6.000,6.000,6.000,6.000,0.120043,-0.025452,0.124984,-0.025847,0.124200,-0.049716,0.109377,-0.048531,0.000000,0.004957,2.000000,2.000000,1.000000,0.000000,0.089477,0.049679,0.051545,-0.198546,-0.136409
2.9450,0.12834,-0.04246,0.47965,0.99997,0.00296,-0.00360,-0.00609,0.11627,-0.03110,0.31558,0.31446,0.00633,-0.02517,1,0.03477,0.00633,0.047976,-0.03796,0.0000,0.0000,0.2298,0.5520,-1.1098,-3.2801,7.9074,0,0.04900,0.01900,0.6357,0.1173,0.014256,0.053640,0.0000,0.0000,0.0000,-3.1276,-0.5790,8.3406,1.5237,3.6596,57.6821,1.3618,3.8127,57.5495,0.000000,0.000000,0.0000,-0.048952,0.002883,8.3406,0.027501,-0.015342,57.6532,0.027577,-0.014443,57.5495,0.08200,0.16884,0.44067,0.02225,-0.76906,-0.19306,-0.03482,0.13574,-0.23245,0.64904,-0.40690,-0.13338,0.17461,0.06318,0.15169,0.06488,-0.20733,0.10005,-1.31769,-0.68024,-0.34307,0.09072,0.61205,-2.43987,1.29709,-0.16723,1.72894,0.78409,0.14751,-0.04995,0.08341,-0.03366,6.000,6.000,12.000,12.000,6.000,6.000,6.000,6.000,12.000,12.000,6.000,6.000,6.000,6.000,6.000,6.000,0.119907,-0.024862,0.125006,-0.025171,0.124200,-0.049716,0.108904,-0.048791,0.000000,0.005108,2.000000,2.000000,1.000000,0.000000,0.091297,0.049681,0.050980,-0.195862,-0.134954
2.9500,0.12838,-0.04222,0.47975,0.99997,0.00310,-0.00404,-0.00648,0.11637,-0.03092,0.31563,0.31446,0.00717,-0.02448,1,0.03478,0.00717,0.047774,-0.04172,0.0000,0.0000,0.2440,0.5671,-1.1674,-3.4261,8.2575,0,0.04900,0.01900,0.5963,0.1205,0.014346,0.054173,0.0000,0.0000,0.0000,-2.9297,-0.6577,8.3944,1.6175,3.7601,57.3002,1.4633,3.8570,57.0618,0.000000,0.000000,0.0000,-0.048955,0.003429,8.3944,0.027354,-0.016255,57.2689,0.027823,-0.015553,57.0618,0.08248,0.16737,0.43639,0.02914,-0.76437,-0.19011,-0.03332,0.13425,-0.23059,0.64820,-0.40686,-0.13164,0.18085,0.06188,0.15619,0.06422,-0.22594,0.08148,-1.34903,-0.66341,-0.32364,0.09510,0.60643,-2.39249,1.29351,-0.16039,1.71889,0.83011,0.14139,-0.04992,0.07087,-0.03226,6.000,6.000,12.000,12.000,6.000,6.000,6.000,6.000,12.000,12.000,6.000,6.000,6.000,6.000,6.000,6.000,0.119812,-0.024269,0.125029,-0.024476,0.124200,-0.049716,0.108548,-0.049096,0.000000,0.005221,2.000000,2.000000,1.000000,0.000000,0.093089,0.049683,0.050389,-0.193062,-0.133376
2.9550,0.12840,-0.04196,0.47985,0.99996,0.00325,-0.00447,-0.00689,0.11646,-0.03072,0.31568,0.31446,0.00803,-0.02376,1,0.03480,0.00803,0.047552,-0.04607,0.0000,0.0000,0.2550,0.5827,-1.2058,-3.5674,8.5551,0,0.04900,0.01900,0.5571,0.1244,0.014414,0.054133,0.0000,0.0000,0.0000,-2.7401,-0.6882,8.4542,1.6905,3.8631,57.0460,1.5274,3.9471,56.7053,0.000000,0.000000,0.0000,-0.048960,0.003396,8.4542,0.026932,-0.016999,57.0118,0.027713,-0.016440,56.7053,0.08236,0.16562,0.43169,0.03668,-0.75924,-0.18700,-0.03172,0.13268,-0.22884,0.64737,-0.40670,-0.12973,0.18654,0.06054,0.16005,0.06356,-0.24014,0.07078,-1.36750,-0.63855,-0.30192,0.09971,0.59963,-2.35864,1.27213,-0.17343,1.69452,0.86832,0.13471,-0.04977,0.05956,-0.03081,6.000,6.000,12.000,12.000,6.000,6.000,6.000,6.000,12.000,12.000,6.000,6.000,6.000,6.000,6.000,6.000,0.119749,-0.023656,0.125052,-0.023761,0.124200,-0.049716,0.108289,-0.049401,0.000000,0.005305,2.000000,2.000000,1.000000,0.000000,0.094852,0.049685,0.049772,-0.190109,-0.131640
2.9600,0.12839,-0.04169,0.47995,0.99996,0.00341,-0.00491,-0.00731,0.11655,-0.03052,0.31574,0.31446,0.00890,-0.02303,1,0.03481,0.00890,0.047306,-0.05090,0.0000,0.0000,0.2634,0.5979,-1.2304,-3.6974,8.8016,0,0.04900,0.01900,0.5233,0.1281,0.014469,0.053837,0.0000,0.0000,0.0000,-2.5681,-0.6836,8.4658,1.7463,3.9643,56.8831,1.5662,4.0474,56.4743,0.000000,0.000000,0.0000,-0.048966,0.003105,8.4658,0.026317,-0.017626,56.8453,0.027334,-0.017165,56.4743,0.08175,0.16360,0.42649,0.04488,-0.75363,-0.18375,-0.03005,0.13104,-0.22720,0.64653,-0.40645,-0.12764,0.19169,0.05916,0.16331,0.06290,-0.25009,0.06446,-1.37560,-0.60701,-0.27797,0.10384,0.59125,-2.33279,1.23736,-0.20104,1.65965,0.90140,0.12765,-0.04953,0.04936,-0.02934,6.000,6.000,12.000,12.000,6.000,6.000,6.000,6.000,12.000,12.000,6.000,6.000,6.000,6.000,6.000,6.000,0.119713,-0.023016,0.125077,-0.023026,0.124200,-0.049716,0.108109,-0.049686,0.000000,0.005364,2.000000,2.000000,1.000000,0.000000,0.096583,0.049686,0.049135,-0.187001,-0.129728
2.9650,0.12837,-0.04140,0.48006,0.99995,0.00356,-0.00535,-0.00773,0.11664,-0.03030,0.31579,0.31446,0.00977,-0.02227,1,0.03483,0.00977,0.047035,-0.05612,0.0000,0.0000,0.2697,0.6126,-1.2407,-3.8152,8.9913,0,0.04900,0.01900,0.4977,0.1319,0.014513,0.053586,0.0000,0.0000,0.0000,-2.4179,-0.6707,8.4036,1.7878,4.0618,56.8144,1.5920,4.1619,56.3076,0.000000,0.000000,0.0000,-0.048971,0.002857,8.4036,0.025548,-0.018134,56.7724,0.026762,-0.017813,56.3076,0.08072,0.16137,0.42071,0.05375,-0.74750,-0.18038,-0.02833,0.12932,-0.22566,0.64570,-0.40611,-0.12538,0.19632,0.05774,0.16601,0.06224,-0.25665,0.06152,-1.37525,-0.56980,-0.25183,0.10744,0.58147,-2.31461,1.19242,-0.24067,1.61714,0.92883,0.12037,-0.04918,0.04019,-0.02788,6.000,6.000,12.000,12.000,6.000,6.000,6.000,6.000,12.000,12.000,6.000,6.000,6.000,6.000,6.000,6.000,0.119700,-0.022345,0.125101,-0.022270,0.124200,-0.049716,0.107995,-0.049940,0.000000,0.005402,2.000000,2.000000,1.000000,0.000000,0.098280,0.049688,0.048479,-0.183753,-0.127641
2.9700,0.12832,-0.04109,0.48018,0.99994,0.00372,-0.00578,-0.00814,0.11672,-0.03007,0.31584,0.31446,0.01064,-0.02149,1,0.03485,0.01064,0.046736,-0.06163,0.0000,0.0000,0.2742,0.6272,-1.2391,-3.9085,9.1135,0,0.04900,0.01900,0.4836,0.1342,0.014550,0.053355,0.0000,0.0000,0.0000,-2.2987,-0.6460,8.2301,1.8178,4.1583,56.8248,1.6089,4.2370,56.2858,0.000000,0.000000,0.0000,-0.048977,0.002628,8.2301,0.024654,-0.018506,56.7779,0.026002,-0.018288,56.2858,0.07937,0.15893,0.41430,0.06331,-0.74079,-0.17690,-0.02659,0.12753,-0.22423,0.64488,-0.40572,-0.12296,0.20045,0.05630,0.16819,0.06159,-0.26040,0.06139,-1.36748,-0.52752,-0.22347,0.11050,0.57035,-2.30440,1.13896,-0.28986,1.56820,0.94986,0.11290,-0.04875,0.03192,-0.02645,6.000,6.000,12.000,12.000,6.000,6.000,6.000,6.000,12.000,12.000,6.000,6.000,6.000,6.000,6.000,6.000,0.119705,-0.021646,0.125127,-0.021493,0.124200,-0.049716,0.107934,-0.050177,0.000000,0.005424,2.000000,2.000000,1.000000,0.000000,0.099942,0.049690,0.047808,-0.180377,-0.125380
2.9750,0.12825,-0.04076,0.48030,0.99994,0.00387,-0.00620,-0.00855,0.11680,-0.02983,0.31589,0.31446,0.01150,-0.02069,1,0.03487,0.01150,0.046409,-0.06740,0.0000,0.0000,0.2772,0.6411,-1.2239,-3.9775,9.1656,0,0.04900,0.01900,0.4796,0.1371,0.014583,0.053094,0.0000,0.0000,0.0000,-2.2060,-0.6105,7.9554,1.8381,4.2506,56.9256,1.6197,4.3380,56.3133,0.000000,0.000000,0.0000,-0.048982,0.002366,7.9554,0.023651,-0.018739,56.8731,0.025121,-0.018674,56.3133,0.07773,0.15633,0.40720,0.07357,-0.73344,-0.17333,-0.02486,0.12567,-0.22291,0.64406,-0.40528,-0.12040,0.20409,0.05484,0.16988,0.06093,-0.26155,0.06328,-1.35312,-0.48064,-0.19289,0.11283,0.55821,-2.30191,1.07848,-0.34798,1.51418,0.96411,0.10529,-0.04824,0.02450,-0.02511,6.000,6.000,12.000,12.000,6.000,6.000,6.000,6.000,12.000,12.000,6.000,6.000,6.000,6.000,6.000,6.000,0.119726,-0.020914,0.125153,-0.020693,0.124200,-0.049716,0.107918,-0.050379,0.000000,0.005432,2.000000,2.000000,1.000000,0.000000,0.101567,0.049692,0.047125,-0.176895,-0.122956
2.9800,0.12817,-0.04040,0.48042,0.99993,0.00402,-0.00661,-0.00894,0.11689,-0.02957,0.31594,0.31446,0.01234,-0.01987,1,0.03489,0.01234,0.046052,-0.07430,0.0000,0.0000,0.2793,0.6539,-1.1916,-4.0171,9.1376,0,0.04900,0.01900,0.4877,0.1402,0.014616,0.052759,0.0000,0.0000,0.0000,-2.1436,-0.5571,7.5696,1.8516,4.3356,57.1397,1.6261,4.4578,56.4092,0.000000,0.000000,0.0000,-0.048987,0.002030,7.5696,0.022541,-0.018807,57.0811,0.024127,-0.018960,56.4092,0.07593,0.15359,0.39934,0.08453,-0.72540,-0.16961,-0.02318,0.12376,-0.22172,0.64325,-0.40480,-0.11774,0.20727,0.05336,0.17113,0.06028,-0.26060,0.06699,-1.33289,-0.42962,-0.15995,0.11443,0.54569,-2.30863,1.01226,-0.41493,1.45612,0.97009,0.09754,-0.04766,0.01789,-0.02386,6.000,6.000,12.000,12.000,6.000,6.000,6.000,6.000,12.000,12.000,6.000,6.000,6.000,6.000,6.000,6.000,0.119758,-0.020144,0.125180,-0.019872,0.124200,-0.049716,0.107933,-0.050533,0.000000,0.005429,2.000000,2.000000,1.000000,0.000000,0.103151,0.049694,0.046434,-0.173327,-0.120401
2.9850,0.12806,-0.04003,0.48053,0.99992,0.00416,-0.00699,-0.00929,0.11697,-0.02930,0.31598,0.31446,0.01314,-0.01903,1,0.03490,0.01314,0.045653,-0.08166,0.0000,0.0000,0.2813,0.6680,-1.1189,-3.9739,8.9709,0,0.04900,0.01900,0.8679,0.1424,0.014347,0.069728,0.0000,0.0000,0.0000,-2.3539,-1.1963,5.0717,1.8647,4.4290,57.6217,1.6789,4.5577,56.8463,0.000000,0.000000,0.0000,-0.048984,0.019000,5.0717,0.021152,-0.018315,57.5563,0.022887,-0.018997,56.8463,0.07445,0.15084,0.39057,0.09610,-0.71666,-0.16501,-0.02160,0.12182,-0.22067,0.64243,-0.40428,-0.11513,0.20995,0.05187,0.17199,0.05962,-0.25752,0.08744,-1.30398,-0.37235,-0.12388,0.12635,0.54194,-2.35493,0.93447,-0.50085,1.38812,0.94801,0.08905,-0.04702,0.01242,-0.02290,6.000,6.000,12.000,12.000,6.000,6.000,6.000,6.000,12.000,12.000,6.000,6.000,6.000,6.000,6.000,6.000,0.119791,-0.019358,0.125208,-0.019026,0.124200,-0.049716,0.107950,-0.050712,0.000000,0.005427,2.000000,2.000000,1.000000,0.000000,0.104695,0.049695,0.045738,-0.169611,-0.117737
2.9900,0.12794,-0.03964,0.48065,0.99992,0.00430,-0.00734,-0.00961,0.11704,-0.02901,0.31602,0.31446,0.01389,-0.01816,1,0.03490,0.01389,0.045225,-0.08739,0.0000,0.0000,0.2842,0.6785,-1.0064,-3.8948,8.7060,0,0.04900,0.01900,0.5152,0.1507,0.014717,0.051486,0.0000,0.0000,0.0000,-2.0785,-0.2867,6.7884,1.8844,4.4988,58.3679,1.6115,4.8775,56.8345,0.000000,0.000000,0.0000,-0.048994,0.000753,6.7884,0.019633,-0.017602,58.2962,0.021739,-0.018996,56.8345,0.07261,0.14794,0.38103,0.10838,-0.70706,-0.16067,-0.02008,0.11988,-0.21965,0.64138,-0.40359,-0.11292,0.21220,0.05038,0.17247,0.05895,-0.25376,0.10861,-1.27091,-0.31193,-0.08422,0.13782,0.54253,-2.41655,0.85483,-0.60083,1.31935,0.91139,0.08012,-0.04635,0.00827,-0.02204,6.000,6.000,12.000,12.000,6.000,6.000,6.000,6.000,12.000,12.000,6.000,6.000,6.000,6.000,6.000,6.000,0.119814,-0.018506,0.125236,-0.018157,0.124200,-0.049716,0.107932,-0.050763,0.000000,0.005434,2.000000,2.000000,1.000000,0.000000,0.106195,0.049697,0.045040,-0.165008,-0.115128
2.9950,0.12781,-0.03922,0.48077,0.99991,0.00444,-0.00766,-0.00990,0.11712,-0.02871,0.31605,0.31446,0.01460,-0.01726,1,0.03490,0.01460,0.044767,-0.09365,0.0000,0.0000,0.2872,0.6789,-0.8994,-3.9343,8.4151,0,0.04900,0.01900,0.6274,0.1621,0.014807,0.049038,0.0000,0.0000,0.0000,-2.1688,-0.2958,5.8154,1.9044,4.5008,59.0770,1.5783,5.3169,57.0304,0.000000,0.000000,0.0000,-0.048997,-0.001697,5.8154,0.018336,-0.017393,59.0022,0.020397,-0.018996,57.0304,0.07045,0.14490,0.37067,0.12134,-0.69656,-0.15656,-0.01866,0.11796,-0.21866,0.64004,-0.40270,-0.11130,0.21402,0.04888,0.17260,0.05828,-0.25025,0.10362,-1.23938,-0.25317,-0.04277,0.12928,0.52628,-2.43457,0.78624,-0.69414,1.26299,0.89558,0.07282,-0.04566,0.00339,-0.02131,6.000,6.000,12.000,12.000,6.000,6.000,6.000,6.000,12.000,12.000,6.000,6.000,6.000,6.000,6.000,6.000,0.119837,-0.017514,0.125266,-0.017263,0.124200,-0.049716,0.107912,-0.050468,0.000000,0.005435,2.000000,2.000000,1.000000,0.000000,0.107649,0.049698,0.044343,-0.160672,-0.112917
3.0000,0.12766,-0.03877,0.48087,0.99991,0.00456,-0.00793,-0.01014,0.11719,-0.02838,0.31607,0.31446,0.01524,-0.01634,1,0.03487,0.01524,0.044267,-0.10302,0.0000,0.0000,0.2923,0.6775,-0.7585,-3.8801,7.9729,0,0.04900,0.01900,0.8124,0.1649,0.014843,0.049223,0.0000,0.0000,0.0000,-2.3183,-0.2290,4.7802,1.9378,4.4918,60.0114,1.5835,5.4757,57.6218,0.000000,0.000000,0.0000,-0.049000,-0.001514,4.7802,0.016876,-0.016754,59.9368,0.019113,-0.018996,57.6218,0.06807,0.14176,0.35947,0.13453,-0.68588,-0.15268,-0.01739,0.11610,-0.21777,0.63838,-0.40156,-0.11055,0.21539,0.04737,0.17244,0.05758,-0.24706,0.10671,-1.20253,-0.19161,0.00230,0.12345,0.51503,-2.48047,0.71334,-0.79962,1.20166,0.85648,0.06496,-0.04501,-0.00083,-0.02088,6.000,6.000,12.000,12.000,6.000,6.000,6.000,6.000,12.000,12.000,6.000,6.000,6.000,6.000,6.000,6.000,0.119838,-0.016472,0.125296,-0.016344,0.124200,-0.049716,0.107826,-0.050100,0.000000,0.005459,2.000000,2.000000,1.000000,0.000000,0.109056,0.049700,0.043652,-0.156563,-0.111298
3.0050,0.12750,-0.03830,0.48097,0.99990,0.00466,-0.00815,-0.01034,0.11727,-0.02804,0.31607,0.31446,0.01577,-0.01540,1,0.03484,0.01577,0.043736,-0.10697,0.0000,0.0000,0.2887,0.6692,-0.4861,-3.6505,7.0958,0,0.04900,0.01900,0.8767,0.1733,0.014999,0.049432,0.0000,0.0000,0.0000,-2.4791,-0.2497,4.7377,1.9144,4.4370,61.8171,1.5572,5.8329,58.0711,0.000000,0.000000,0.0000,-0.048998,-0.001309,4.7377,0.013707,-0.015128,61.7477,0.017784,-0.018996,58.0711,0.06539,0.13851,0.34743,0.14824,-0.67410,-0.14898,-0.01626,0.11428,-0.21695,0.63644,-0.40022,-0.11041,0.21634,0.04586,0.17198,0.05686,-0.23463,0.12626,-1.07123,-0.09105,0.04276,0.11252,0.48620,-2.59661,0.52051,-1.04436,1.04289,0.76213,0.05269,-0.04485,-0.00618,-0.02146,6.000,6.000,12.000,12.000,6.000,6.000,6.000,6.000,12.000,12.000,6.000,6.000,6.000,6.000,6.000,6.000,0.119932,-0.015323,0.125327,-0.015399,0.124200,-0.049716,0.108013,-0.049488,0.000000,0.005396,2.000000,2.000000,1.000000,0.000000,0.110414,0.049701,0.042969,-0.152679,-0.110552
3.0100,0.12733,-0.03780,0.48108,0.99990,0.00474,-0.00833,-0.01050,0.11734,-0.02767,0.31607,0.31446,0.01621,-0.01443,1,0.03481,0.01621,0.043187,-0.11017,0.0000,0.0000,0.2966,0.6762,-0.4701,-3.3752,6.5615,0,0.04900,0.01900,1.1329,0.1291,0.015126,0.051299,0.0000,0.0000,0.0000,-2.4529,-0.0748,3.6110,1.9668,4.4831,61.9233,1.8125,4.4539,62.0693,0.000000,0.000000,0.0000,-0.048998,0.000554,3.6110,0.012807,-0.014550,61.8610,0.013811,-0.014973,62.0693,0.06242,0.13520,0.33457,0.16256,-0.66110,-0.14542,-0.01527,0.11240,-0.21641,0.63471,-0.39894,-0.10988,0.21690,0.04435,0.17122,0.05613,-0.23175,0.12969,-1.05203,-0.04005,0.09403,0.11341,0.47492,-2.62369,0.47652,-1.08652,0.99517,0.72843,0.04384,-0.04432,-0.01090,-0.02143,6.000,6.000,12.000,12.000,6.000,6.000,6.000,6.000,12.000,12.000,6.000,6.000,6.000,6.000,6.000,6.000,0.119903,-0.014303,0.125359,-0.014427,0.124200,-0.049716,0.107832,-0.049344,0.000000,0.005457,2.000000,2.000000,1.000000,0.000000,0.111720,0.049703,0.042298,-0.148985,-0.110408
3.0150,0.12714,-0.03727,0.48118,0.99990,0.00478,-0.00846,-0.01061,0.11741,-0.02729,0.31607,0.31446,0.01657,-0.01343,1,0.03479,0.01657,0.042615,-0.11700,0.0000,0.0000,0.2986,0.6887,-0.4709,-2.9694,5.9369,0,0.04900,0.01900,1.1669,0.1325,0.015608,0.031753,0.0000,0.0000,0.0000,-1.9847,0.0000,2.8353,1.9800,4.5663,61.9180,1.8524,4.5883,62.2550,0.000000,0.000000,0.0000,-0.048999,-0.019000,2.8353,0.011328,-0.013874,61.8607,0.012945,-0.014302,62.2550,0.05918,0.13181,0.32100,0.17685,-0.64818,-0.14244,-0.01443,0.11050,-0.21623,0.63323,-0.39771,-0.10909,0.21703,0.04284,0.17020,0.05536,-0.22785,0.13239,-0.99609,0.02352,0.14099,0.09737,0.44719,-2.65551,0.38157,-1.16387,0.90266,0.69576,0.03333,-0.04401,-0.01727,-0.02179,6.000,6.000,12.000,12.000,6.000,6.000,6.000,6.000,12.000,12.000,6.000,6.000,6.000,6.000,6.000,6.000,0.119938,-0.013310,0.125392,-0.013428,0.124200,-0.049716,0.107839,-0.049363,0.000000,0.005455,2.000000,2.000000,1.000000,0.000000,0.112973,0.049704,0.041642,-0.145421,-0.109882
3.0200,0.12694,-0.03671,0.48129,0.99989,0.00480,-0.00855,-0.01068,0.11749,-0.02688,0.31607,0.31446,0.01682,-0.01240,1,0.03477,0.01682,0.042028,-0.11590,0.0000,0.0000,0.2778,0.7010,-0.3286,-2.4033,4.9791,0,0.04900,0.01900,1.1669,0.1365,0.015527,0.052950,0.0000,0.0000,0.0000,-2.4717,0.0000,3.5310,1.8419,4.6475,62.8619,1.8365,4.7442,62.1422,0.000000,0.000000,0.0000,-0.048999,0.002200,3.5310,0.007148,-0.012045,62.8082,0.011525,-0.013766,62.1422,0.05598,0.12844,0.30673,0.19134,-0.63469,-0.13916,-0.01371,0.10856,-0.21629,0.63190,-0.39652,-0.10815,0.21678,0.04135,0.16892,0.05457,-0.20031,0.16961,-0.78020,0.15111,0.16728,0.09492,0.38699,-2.77901,0.07209,-1.46409,0.63532,0.59996,0.01568,-0.04433,-0.02723,-0.02351,6.000,6.000,12.000,12.000,6.000,6.000,6.000,6.000,12.000,12.000,6.000,6.000,6.000,6.000,6.000,6.000,0.120219,-0.012279,0.125426,-0.012400,0.124200,-0.049716,0.108580,-0.049354,0.000000,0.005208,2.000000,2.000000,1.000000,0.000000,0.114171,0.049706,0.041005,-0.142441,-0.109085
3.0250,0.12674,-0.03612,0.48139,0.99989,0.00481,-0.00861,-0.01072,0.11756,-0.02646,0.31606,0.31446,0.01699,-0.01134,1,0.03475,0.01699,0.041445,-0.11596,0.0000,0.0000,0.2843,0.7107,-0.3623,-2.2093,4.6554,0,0.04900,0.01900,1.1669,0.1393,0.015851,0.054929,0.0000,0.0000,0.0000,-2.1253,0.0000,3.0361,1.8846,4.7122,62.6379,1.6153,4.9822,62.6925,0.000000,0.000000,0.0000,-0.048998,0.004167,3.0361,0.006886,-0.011942,62.5883,0.007527,-0.012225,62.6925,0.05278,0.12508,0.29184,0.20637,-0.61993,-0.13556,-0.01309,0.10658,-0.21650,0.63065,-0.39532,-0.10710,0.21617,0.03986,0.16739,0.05376,-0.19641,0.16217,-0.78867,0.18273,0.22012,0.10295,0.37750,-2.77083,0.06887,-1.45671,0.62115,0.59349,0.00824,-0.04356,-0.03205,-0.02360,6.000,6.000,12.000,12.000,6.000,6.000,6.000,6.000,12.000,12.000,6.000,6.000,6.000,6.000,6.000,6.000,0.120210,-0.011187,0.125460,-0.011343,0.124200,-0.049716,0.108449,-0.049247,0.000000,0.005253,2.000000,2.000000,1.000000,0.000000,0.115311,0.049707,0.040389,-0.139163,-0.108149
3.0300,0.12652,-0.03550,0.48149,0.99989,0.00479,-0.00863,-0.01072,0.11763,-0.02603,0.31605,0.31446,0.01712,-0.01026,1,0.03473,0.01712,0.040851,-0.11960,0.0000,0.0000,0.2794,0.7222,-0.3296,-1.9270,4.1940,0,0.04900,0.01900,0.0000,0.1393,0.000000,0.000000,0.0000,0.0000,0.0000,0.0000,0.0000,0.0000,1.8527,4.7881,62.8551,1.7765,4.9511,62.9503,0.000000,0.000000,0.0000,0.000000,0.000000,0.0000,0.005224,-0.011298,62.8091,0.007068,-0.011959,62.9503,0.04977,0.12176,0.27645,0.22106,-0.60562,-0.13182,-0.01262,0.10456,-0.21704,0.62967,-0.39415,-0.10589,0.21518,0.03838,0.16565,0.05291,-0.18225,0.17002,-0.71782,0.24402,0.26237,0.11185,0.35037,-2.80661,-0.04517,-1.56167,0.51510,0.55870,-0.00269,-0.04313,-0.03929,-0.02440,6.000,6.000,12.000,12.000,6.000,6.000,6.000,6.000,12.000,12.000,6.000,6.000,6.000,6.000,6.000,6.000,0.120322,-0.010077,0.125496,-0.010257,0.124200,-0.049716,0.108677,-0.049176,0.000000,0.005177,2.000000,2.000000,1.000000,0.000000,0.116392,0.049708,0.039797,-0.135559,-0.107104
3.0350,0.12630,-0.03485,0.48158,0.99989,0.00475,-0.00861,-0.01067,0.11771,-0.02557,0.31604,0.31446,0.01715,-0.00914,1,0.03472,0.01715,0.040249,-0.11853,0.0000,0.0000,0.2539,0.7364,-0.2210,-1.4800,3.4178,0,0.04900,0.01900,0.0000,0.1368,0.000000,0.000000,0.0000,0.0000,0.0000,0.0000,0.0000,0.0000,1.6830,4.8825,63.5750,2.0097,4.8275,63.7324,0.000000,0.000000,0.0000,0.000000,0.000000,0.0000,0.001368,-0.009862,63.5320,0.005008,-0.010957,63.7324,0.04686,0.11847,0.26066,0.23537,-0.59151,-0.12808,-0.01233,0.10250,-0.21793,0.62904,-0.39297,-0.10438,0.21383,0.03691,0.16369,0.05203,-0.15477,0.19931,-0.51034,0.35457,0.28812,0.11116,0.28511,-2.90500,-0.34360,-1.84522,0.25713,0.48134,-0.01934,-0.04333,-0.05021,-0.02617,6.000,6.000,12.000,12.000,6.000,6.000,6.000,6.000,12.000,12.000,6.000,6.000,6.000,6.000,6.000,6.000,0.120658,-0.008959,0.125533,-0.009139,0.124200,-0.049716,0.109576,-0.049176,0.000000,0.004878,2.000000,2.000000,1.000000,0.000000,0.117412,0.049709,0.039232,-0.131821,-0.105890
3.0400,0.12607,-0.03417,0.48167,0.99990,0.00470,-0.00857,-0.01061,0.11780,-0.02509,0.31602,0.31446,0.01711,-0.00799,1,0.03472,0.01711,0.039668,-0.11371,0.0000,0.0000,0.2399,0.7514,-0.2187,-1.2102,2.9322,0,0.04900,0.01900,1.1669,0.1391,0.017296,0.052724,0.0000,0.0000,0.0000,-1.8853,0.0000,2.6933,1.5903,4.9818,63.5901,1.6681,5.0602,63.8684,0.000000,0.000000,0.0000,-0.048999,0.001881,2.6933,-0.000472,-0.009313,63.5493,0.001432,-0.009732,63.8684,0.04381,0.11513,0.24451,0.25003,-0.57591,-0.12436,-0.01215,0.10035,-0.21900,0.62858,-0.39176,-0.10262,0.21216,0.03546,0.16149,0.05113,-0.14044,0.20666,-0.41639,0.41338,0.32749,0.11197,0.24324,-2.93355,-0.48443,-1.96506,0.13115,0.45245,-0.03057,-0.04294,-0.05794,-0.02702,6.000,6.000,12.000,12.000,6.000,6.000,6.000,6.000,12.000,12.000,6.000,6.000,6.000,6.000,6.000,6.000,0.120874,-0.007811,0.125571,-0.007990,0.124200,-0.049716,0.110110,-0.049181,0.000000,0.004700,2.000000,2.000000,1.000000,0.000000,0.118369,0.049710,0.038697,-0.128077,-0.104377
3.0450,0.12585,-0.03347,0.48176,0.99990,0.00464,-0.00850,-0.01053,0.11788,-0.02460,0.31600,0.31446,0.01703,-0.00681,1,0.03471,0.01703,0.039097,-0.11323,0.0000,0.0000,0.2339,0.7664,-0.2448,-1.0659,2.6244,0,0.04900,0.01900,0.0000,0.1400,0.000000,0.000000,0.0000,0.0000,0.0000,0.0000,0.0000,0.0000,1.5506,5.0810,63.4172,1.5850,5.1415,64.0705,0.000000,0.000000,0.0000,0.000000,0.000000,0.0000,-0.001409,-0.009187,63.3780,-0.000362,-0.009196,64.0705,0.04083,0.11179,0.22821,0.26433,-0.56043,-0.12077,-0.01209,0.09813,-0.22034,0.62842,-0.39061,-0.10066,0.21018,0.03402,0.15908,0.05020,-0.13387,0.20299,-0.37859,0.44467,0.36593,0.10677,0.21394,-2.93165,-0.54873,-2.01181,0.06672,0.44698,-0.03846,-0.04226,-0.06451,-0.02754,6.000,6.000,12.000,12.000,6.000,6.000,6.000,6.000,12.000,12.000,6.000,6.000,6.000,6.000,6.000,6.000,0.121005,-0.006625,0.125609,-0.006808,0.124200,-0.049716,0.110388,-0.049166,0.000000,0.004608,2.000000,2.000000,1.000000,0.000000,0.119260,0.049711,0.038195,-0.124357,-0.102621
3.0500,0.12562,-0.03273,0.48184,0.99990,0.00457,-0.00840,-0.01041,0.11798,-0.02409,0.31599,0.31446,0.01690,-0.00559,1,0.03471,0.01690,0.038533,-0.11106,0.0000,0.0000,0.2124,0.7822,-0.1627,-0.7822,2.0733,0,0.04900,0.01900,0.0000,0.1426,0.000000,0.000000,0.0000,0.0000,0.0000,0.0000,0.0000,0.0000,1.4081,5.1862,63.9618,1.5163,5.2544,63.9226,0.000000,0.000000,0.0000,0.000000,0.000000,0.0000,-0.004427,-0.008232,63.9237,-0.001230,-0.009097,63.9226,0.03798,0.10846,0.21186,0.27805,-0.54524,-0.11722,-0.01213,0.09585,-0.22191,0.62855,-0.38952,-0.09854,0.20789,0.03259,0.15649,0.04924,-0.11116,0.21989,-0.21271,0.52169,0.38700,0.10576,0.15727,-2.99765,-0.78575,-2.23892,-0.14360,0.39364,-0.05135,-0.04203,-0.07330,-0.02884,6.000,6.000,12.000,12.000,6.000,6.000,6.000,6.000,12.000,12.000,6.000,6.000,6.000,6.000,6.000,6.000,0.121305,-0.005408,0.125649,-0.005593,0.124200,-0.049716,0.111167,-0.049160,0.000000,0.004348,2.000000,2.000000,1.000000,0.000000,0.120084,0.049712,0.037728,-0.120775,-0.100663
3.0550,0.12539,-0.03196,0.48191,0.99990,0.00448,-0.00828,-0.01027,0.11807,-0.02355,0.31597,0.31446,0.01670,-0.00434,1,0.03471,0.01670,0.037984,-0.10749,0.0000,0.0000,0.1931,0.7982,-0.1062,-0.5627,1.5948,0,0.04900,0.01900,0.0000,0.1441,0.000000,0.000000,0.0000,0.0000,0.0000,0.0000,0.0000,0.0000,1.2805,5.2919,64.3359,1.3243,5.4037,64.3469,0.000000,0.000000,0.0000,0.000000,0.000000,0.0000,-0.006934,-0.007522,64.2987,-0.004145,-0.008226,64.3469,0.03528,0.10514,0.19559,0.29119,-0.53026,-0.11370,-0.01226,0.09349,-0.22368,0.62891,-0.38853,-0.09630,0.20531,0.03118,0.15372,0.04825,-0.09105,0.23129,-0.06900,0.58430,0.40444,0.10463,0.10554,-3.04448,-0.98498,-2.42801,-0.32241,0.35243,-0.06213,-0.04157,-0.08012,-0.02979,6.000,6.000,12.000,12.000,6.000,6.000,6.000,6.000,12.000,12.000,6.000,6.000,6.000,6.000,6.000,6.000,0.121584,-0.004151,0.125690,-0.004344,0.124200,-0.049716,0.111880,-0.049137,0.000000,0.004111,2.000000,2.000000,1.000000,0.000000,0.120840,0.049713,0.037298,-0.117221,-0.098544
3.0600,0.12517,-0.03116,0.48197,0.99991,0.00439,-0.00813,-0.01011,0.11817,-0.02300,0.31594,0.31446,0.01646,-0.00306,1,0.03471,0.01646,0.037457,-0.10275,0.0000,0.0000,0.1757,0.8145,-0.0678,-0.3922,1.1801,0,0.04900,0.01900,0.0000,0.1459,0.000000,0.000000,0.0000,0.0000,0.0000,0.0000,0.0000,0.0000,1.1651,5.4003,64.5909,1.1651,5.5352,64.6396,0.000000,0.000000,0.0000,0.000000,0.000000,0.0000,-0.009003,-0.006993,64.5544,-0.006590,-0.007563,64.6396,0.03271,0.10182,0.17951,0.30377,-0.51546,-0.11022,-0.01247,0.09105,-0.22558,0.62949,-0.38765,-0.09394,0.20248,0.02980,0.15078,0.04723,-0.07330,0.23851,0.05544,0.63535,0.41721,0.10341,0.05949,-3.07722,-1.15071,-2.58393,-0.47278,0.32068,-0.07074,-0.04086,-0.08474,-0.03038,6.000,6.000,12.000,12.000,6.000,6.000,6.000,6.000,12.000,12.000,6.000,6.000,6.000,6.000,6.000,6.000,0.121846,-0.002855,0.125733,-0.003059,0.124200,-0.049716,0.112539,-0.049107,0.000000,0.003892,2.000000,2.000000,1.000000,0.000000,0.121524,0.049714,0.036908,-0.113702,-0.096297
3.0650,0.12496,-0.03033,0.48203,0.99991,0.00429,-0.00798,-0.00993,0.11828,-0.02242,0.31592,0.31446,0.01618,-0.00174,1,0.03471,0.01618,0.036957,-0.09703,0.0000,0.0000,0.1599,0.8315,-0.0418,-0.2603,0.8222,0,0.04900,0.01900,0.0000,0.1479,0.000000,0.000000,0.0000,0.0000,0.0000,0.0000,0.0000,0.0000,1.0599,5.5126,64.7635,1.0304,5.6583,64.8379,0.000000,0.000000,0.0000,0.000000,0.000000,0.0000,-0.010664,-0.006598,64.7277,-0.008621,-0.007059,64.8379,0.03028,0.09848,0.16374,0.31582,-0.50089,-0.10678,-0.01276,0.08852,-0.22760,0.63027,-0.38689,-0.09147,0.19940,0.02843,0.14770,0.04620,-0.05780,0.24246,0.16222,0.67741,0.42458,0.10213,0.01987,-3.09944,-1.28521,-2.70939,-0.59604,0.29641,-0.07717,-0.03991,-0.08702,-0.03061,6.000,6.000,12.000,12.000,6.000,6.000,6.000,6.000,12.000,12.000,6.000,6.000,6.000,6.000,6.000,6.000,0.122094,-0.001523,0.125776,-0.001737,0.124200,-0.049716,0.113153,-0.049075,0.000000,0.003688,2.000000,2.000000,1.000000,0.000000,0.122135,0.049714,0.036559,-0.110220,-0.093938
3.0700,0.12476,-0.02947,0.48209,0.99991,0.00419,-0.00780,-0.00974,0.11839,-0.02183,0.31589,0.31446,0.01586,-0.00038,1,0.03471,0.01586,0.036488,-0.09049,0.0000,0.0000,0.1453,0.8491,-0.0243,-0.1590,0.5163,0,0.04900,0.01900,0.0000,0.1501,0.000000,0.000000,0.0000,0.0000,0.0000,0.0000,0.0000,0.0000,0.9633,5.6295,64.8794,0.9144,5.7790,64.9691,0.000000,0.000000,0.0000,0.000000,0.000000,0.0000,-0.011933,-0.006307,64.8444,-0.010261,-0.006676,64.9691,0.02800,0.09514,0.14833,0.32739,-0.48664,-0.10338,-0.01309,0.08589,-0.22971,0.63125,-0.38625,-0.08889,0.19612,0.02708,0.14451,0.04514,-0.04448,0.24376,0.25219,0.71283,0.42621,0.10079,-0.01278,-3.11368,-1.38975,-2.80600,-0.69274,0.27816,-0.08145,-0.03874,-0.08695,-0.03047,6.000,6.000,12.000,12.000,6.000,6.000,6.000,6.000,12.000,12.000,6.000,6.000,6.000,6.000,6.000,6.000,0.122330,-0.000154,0.125821,-0.000378,0.124200,-0.049716,0.113728,-0.049043,0.000000,0.003498,2.000000,2.000000,1.000000,0.000000,0.122671,0.049715,0.036253,-0.106780,-0.091470
3.0750,0.12456,-0.02858,0.48213,0.99992,0.00409,-0.00762,-0.00954,0.11850,-0.02121,0.31587,0.31446,0.01552,0.00102,1,0.03471,0.01552,0.036054,-0.08325,0.0000,0.0000,0.1319,0.8675,-0.0126,-0.0824,0.2585,0,0.04900,0.01900,0.0000,0.1526,0.000000,0.000000,0.0000,0.0000,0.0000,0.0000,0.0000,0.0000,0.8744,5.7517,64.9565,0.8135,5.9007,65.0529,0.000000,0.000000,0.0000,0.000000,0.000000,0.0000,-0.012822,-0.006098,64.9223,-0.011521,-0.006390,65.0529,0.02586,0.09177,0.13334,0.33856,-0.47281,-0.10003,-0.01348,0.08316,-0.23189,0.63241,-0.38575,-0.08620,0.19267,0.02576,0.14122,0.04407,-0.03329,0.24282,0.32592,0.74372,0.42214,0.09939,-0.03821,-3.12167,-1.46560,-2.87524,-0.76353,0.26485,-0.08370,-0.03735,-0.08469,-0.03001,6.000,6.000,12.000,12.000,6.000,6.000,6.000,6.000,12.000,12.000,6.000,6.000,6.000,6.000,6.000,6.000,0.122557,0.001252,0.125867,0.001019,0.124200,-0.049716,0.114270,-0.049015,0.000000,0.003318,2.000000,2.000000,1.000000,0.000000,0.123130,0.049715,0.035992,-0.103382,-0.088893
3.0800,0.12438,-0.02766,0.48217,0.99992,0.00398,-0.00743,-0.00934,0.11861,-0.02057,0.31584,0.31446,0.01516,0.00246,1,0.03471,0.01516,0.035659,-0.07539,0.0000,0.0000,0.1195,0.8868,-0.0050,-0.0258,0.0463,0,0.04900,0.01900,0.0000,0.1554,0.000000,0.000000,0.0000,0.0000,0.0000,0.0000,0.0000,0.0000,0.7922,5.8792,65.0074,0.7249,6.0259,65.1037,0.000000,0.000000,0.0000,0.000000,0.000000,0.0000,-0.013352,-0.005957,64.9739,-0.012409,-0.006183,65.1037,0.02387,0.08837,0.11881,0.34944,-0.45952,-0.09672,-0.01390,0.08033,-0.23413,0.63376,-0.38538,-0.08339,0.18907,0.02447,0.13787,0.04299,-0.02413,0.23991,0.38407,0.77193,0.41278,0.09794,-0.05665,-3.12465,-1.51467,-2.91916,-0.80984,0.25568,-0.08410,-0.03579,-0.08056,-0.02928,6.000,6.000,12.000,12.000,6.000,6.000,6.000,6.000,12.000,12.000,6.000,6.000,6.000,6.000,6.000,6.000,0.122775,0.002697,0.125914,0.002456,0.124200,-0.049716,0.114783,-0.048991,0.000000,0.003148,2.000000,2.000000,1.000000,0.000000,0.123510,0.049716,0.035776,-0.100029,-0.086203
3.0850,0.12422,-0.02670,0.48221,0.99992,0.00388,-0.00724,-0.00913,0.11873,-0.01990,0.31581,0.31446,0.01479,0.00393,1,0.03472,0.01479,0.035305,-0.06699,0.0000,0.0000,0.1080,0.9068,0.0000,0.0145,-0.1227,0,0.04900,0.01900,0.0000,0.1584,0.000000,0.000000,0.0000,0.0000,0.0000,0.0000,0.0000,0.0000,0.7160,6.0123,65.0403,0.6463,6.1556,65.1315,0.000000,0.000000,0.0000,0.000000,0.000000,0.0000,-0.013560,-0.005872,65.0076,-0.012944,-0.006041,65.1315,0.02203,0.08494,0.10472,0.36017,-0.44689,-0.09346,-0.01435,0.07738,-0.23640,0.63529,-0.38515,-0.08045,0.18536,0.02321,0.13450,0.04190,-0.01685,0.23521,0.42771,0.79899,0.39887,0.09642,-0.06878,-3.12346,-1.53994,-2.94076,-0.83419,0.25005,-0.08292,-0.03409,-0.07497,-0.02833,6.000,6.000,12.000,12.000,6.000,6.000,6.000,6.000,12.000,12.000,6.000,6.000,6.000,6.000,6.000,6.000,0.122986,0.004182,0.125962,0.003933,0.124200,-0.049716,0.115269,-0.048971,0.000000,0.002987,2.000000,2.000000,1.000000,0.000000,0.123808,0.049716,0.035607,-0.096722,-0.083392
3.0900,0.12407,-0.02572,0.48225,0.99993,0.00381,-0.00706,-0.00894,0.11885,-0.01922,0.31579,0.31446,0.01440,0.00545,1,0.03472,0.01440,0.035076,-0.02581,0.0000,0.0000,0.0973,0.9278,0.0032,0.0417,-0.2511,0,0.04900,0.01900,0.0000,0.1616,0.000000,0.000000,0.0000,0.0000,0.0000,0.0000,0.0000,0.0000,0.6453,6.1510,65.0613,0.5760,6.2907,65.1438,0.000000,0.000000,0.0000,0.000000,0.000000,0.0000,-0.013502,-0.005837,65.0292,-0.013163,-0.005956,65.1438,0.02062,0.08144,0.09134,0.37213,-0.43732,-0.08952,-0.01479,0.07425,-0.23850,0.63674,-0.38497,-0.07737,0.18159,0.02199,0.13111,0.04083,-0.01121,0.22886,0.45844,0.82614,0.38136,0.09484,-0.07569,-3.11872,-1.54547,-2.94407,-0.84026,0.24749,-0.08049,-0.03230,-0.06845,-0.02725,6.000,6.000,12.000,12.000,6.000,6.000,6.000,6.000,12.000,12.000,6.000,6.000,6.000,6.000,6.000,6.000,0.123189,0.005706,0.126012,0.005453,0.124200,-0.049716,0.115731,-0.048955,0.000000,0.002834,2.000000,2.000000,1.000000,0.000000,0.124024,0.049716,0.035486,-0.093462,-0.080455
3.0950,0.12393,-0.02472,0.48230,0.99993,0.00379,-0.00694,-0.00878,0.11896,-0.01851,0.31578,0.31446,0.01406,0.00701,1,0.03472,0.01406,0.035055,0.00894,0.0000,0.0000,0.1670,0.9554,-0.5629,-0.8727,0.3899,0,0.04900,0.01900,0.8599,0.1756,0.123686,0.054359,0.0000,0.0000,0.0000,-6.7110,-0.4793,13.0427,1.1074,6.3340,61.3085,0.2248,6.6618,63.2827,0.000000,0.000000,0.0000,0.048997,0.002841,13.0427,-0.008950,-0.010233,61.2764,-0.013307,-0.006179,63.2827,0.01960,0.07785,0.07891,0.38689,-0.43299,-0.08557,-0.01518,0.07084,-0.24031,0.63800,-0.38477,-0.07402,0.17780,0.02081,0.12775,0.03980,-0.02453,0.19215,0.15559,0.75233,0.19965,0.11645,0.02843,-2.80085,-1.04410,-2.39005,-0.46791,0.49386,-0.06737,-0.02899,-0.04889,-0.02359,6.000,6.000,12.000,12.000,6.000,6.000,6.000,6.000,12.000,12.000,6.000,6.000,6.000,6.000,6.000,6.000,0.122533,0.007210,0.126064,0.007015,0.124200,-0.049716,0.113608,-0.049131,0.000000,0.003536,2.000000,2.000000,1.000000,0.000000,0.124155,0.049716,0.035413,-0.089517,-0.077370
3.1000,0.12380,-0.02369,0.48235,0.99993,0.00381,-0.00683,-0.00863,0.11905,-0.01777,0.31580,0.31446,0.01380,0.00862,1,0.03473,0.01380,0.035166,0.03051,0.0000,0.0000,0.2330,0.9811,-0.9158,-1.6231,0.9476,0,0.04900,0.01900,0.8081,0.1848,0.124069,0.052426,0.0000,0.0000,0.0000,-4.7318,-0.3170,9.7825,1.5447,6.5048,58.9684,0.8129,6.6325,60.2779,0.000000,0.000000,0.0000,0.048992,0.000923,9.7825,-0.005678,-0.014032,58.9356,-0.008624,-0.010346,60.2779,0.01882,0.07418,0.06706,0.40362,-0.43236,-0.08171,-0.01551,0.06721,-0.24210,0.63946,-0.38468,-0.07030,0.17401,0.01969,0.12443,0.03879,-0.03560,0.14657,-0.09076,0.69415,0.04725,0.11211,0.10918,-2.55662,-0.67679,-2.00354,-0.21690,0.69709,-0.05939,-0.02651,-0.04046,-0.02156,6.000,6.000,12.000,12.000,6.000,6.000,6.000,6.000,12.000,12.000,6.000,6.000,6.000,6.000,6.000,6.000,0.121910,0.008786,0.126116,0.008622,0.124200,-0.049716,0.111581,-0.049224,0.000000,0.004210,2.000000,2.000000,1.000000,0.000000,0.124200,0.049716,0.035389,-0.085566,-0.074017
3.1050,0.12368,-0.02263,0.48238,0.99993,0.00383,-0.00674,-0.00849,0.11912,-0.01702,0.31584,0.31446,0.01360,0.01024,2,0.03473,0.01360,0.035345,0.03917,-0.8668,-0.0008,0.2717,0.9270,-0.9857,-1.9404,1.2380,0,0.04900,0.01900,0.8226,0.1933,0.124276,0.052577,0.0001,0.0001,-0.0003,-3.5062,-0.1799,7.1148,1.8010,6.1458,58.5055,1.3391,6.6647,58.6156,0.000000,0.000000,0.0000,0.048988,0.001084,7.1148,-0.023763,-0.011798,58.4734,-0.005271,-0.013924,58.6156,0.01822,0.07045,0.05604,0.42080,-0.43424,-0.07790,-0.01588,0.06342,-0.24399,0.64135,-0.38496,-0.06628,0.17011,0.01859,0.12108,0.03778,0.01695,0.14653,0.43088,0.87541,0.00173,0.11554,-0.11116,-2.52120,-1.66591,-3.00019,-1.26909,0.58265,-0.13102,-0.03456,-0.12687,-0.03260,6.000,6.000,12.000,12.000,6.000,6.000,6.000,6.000,12.000,12.000,6.000,6.000,6.000,6.000,6.000,6.000,0.121575,0.010405,0.126171,0.010239,0.124200,-0.047231,0.110413,-0.046733,0.000000,0.004598,0.000000,2.000000,0.001250,0.969991,0.000000,0.000000,0.000000,-0.081712,-0.070301
3.1100,0.12359,-0.02154,0.48240,0.99994,0.00385,-0.00662,-0.00833,0.11919,-0.01624,0.31587,0.31446,0.01341,0.01183,2,0.03474,0.01341,0.035550,0.04220,-1.1055,-0.0010,0.2798,0.8733,-0.8497,-1.9173,1.0272,0,0.04900,0.01900,0.5728,0.1830,0.124390,0.052190,0.1107,0.1066,0.1733,-1.2731,-0.1262,3.7230,1.7441,5.6836,59.2336,1.4300,6.2803,58.6868,-0.050773,0.020771,0.1764,0.048985,0.000704,3.7230,-0.021025,-0.008414,59.2020,-0.022785,-0.011665,58.6868,0.01775,0.06667,0.04602,0.43745,-0.43771,-0.07410,-0.01631,0.05956,-0.24598,0.64366,-0.38559,-0.06217,0.16607,0.01752,0.11763,0.03677,0.01121,0.08394,0.36646,0.82181,-0.06284,0.10798,-0.08074,-2.52198,-1.52262,-2.88133,-1.13666,0.41370,-0.12677,-0.03270,-0.12274,-0.03195,6.000,6.000,12.000,12.000,6.000,6.000,6.000,6.000,12.000,12.000,6.000,6.000,6.000,6.000,6.000,6.000,0.121567,0.012002,0.126226,0.011831,0.124200,-0.044745,0.110221,-0.044233,0.000000,0.004663,0.000000,2.000000,0.004595,0.944857,0.000000,0.000000,0.000000,-0.077900,-0.066279
3.1150,0.12352,-0.02042,0.48240,0.99994,0.00385,-0.00650,-0.00817,0.11926,-0.01544,0.31589,0.31446,0.01318,0.01340,2,0.03475,0.01318,0.035757,0.04122,-1.2102,-0.0012,0.2767,0.8158,-0.6606,-1.7442,0.7404,0,0.04900,0.01900,0.5176,0.1754,0.124443,0.053653,0.4066,0.4198,0.6840,-0.7035,0.0519,2.2719,1.4279,4.9890,59.9767,1.5199,6.0560,59.3455,-0.049243,0.019243,0.6967,0.048984,0.002171,2.2719,-0.018407,-0.005297,59.9473,-0.020372,-0.008662,59.3455,0.01735,0.06287,0.03694,0.45317,-0.44214,-0.07027,-0.01675,0.05567,-0.24809,0.64628,-0.38647,-0.05814,0.16189,0.01646,0.11410,0.03574,0.00585,-0.05581,0.35746,0.77238,-0.10546,0.08768,-0.07903,-2.43784,-1.45269,-2.81606,-1.02445,0.25701,-0.12448,-0.03118,-0.12059,-0.03170,6.000,6.000,12.000,12.000,6.000,6.000,6.000,6.000,12.000,12.000,6.000,6.000,6.000,6.000,6.000,6.000,0.121679,0.013622,0.126284,0.013398,0.124200,-0.042259,0.110386,-0.041587,0.000000,0.004610,0.000000,2.000000,0.010220,0.918242,0.000000,0.000000,0.000000,-0.074095,-0.062166
3.1200,0.12347,-0.01926,0.48238,0.99994,0.00383,-0.00635,-0.00799,0.11932,-0.01461,0.31589,0.31446,0.01293,0.01494,2,0.03475,0.01293,0.035954,0.03863,-1.2171,-0.0014,0.2700,0.7571,-0.4543,-1.4402,0.3812,0,0.04900,0.01900,0.7711,0.1560,0.124439,0.061917,0.4430,0.8934,1.4719,-0.3507,0.4491,1.2319,1.3469,4.1260,60.5563,1.3088,5.4717,60.1171,-0.049091,0.019091,1.4864,0.048984,0.010439,1.2319,-0.015712,-0.002465,60.5309,-0.017938,-0.005713,60.1171,0.01678,0.05895,0.02887,0.46765,-0.44755,-0.06654,-0.01720,0.05176,-0.25028,0.64911,-0.38748,-0.05426,0.15759,0.01543,0.11049,0.03470,-0.00908,-0.25507,0.26699,0.65140,-0.16724,0.05711,-0.04611,-2.28523,-1.29994,-2.69363,-0.87701,0.11516,-0.12256,-0.02984,-0.11864,-0.03160,6.000,6.000,12.000,12.000,6.000,6.000,6.000,6.000,12.000,12.000,6.000,6.000,6.000,6.000,6.000,6.000,0.121833,0.015237,0.126343,0.014940,0.124200,-0.039773,0.110670,-0.038880,0.000000,0.004520,0.000000,2.000000,0.018164,0.891016,0.000000,0.000000,0.000000,-0.070269,-0.058137
3.1250,0.12343,-0.01808,0.48235,0.99994,0.00380,-0.00618,-0.00781,0.11940,-0.01377,0.31589,0.31446,0.01263,0.01645,2,0.03475,0.01263,0.036137,0.03556,-1.1830,-0.0016,0.2641,0.7042,-0.2876,-1.1833,-0.0227,0,0.04900,0.01900,0.8273,0.1330,0.124450,0.070447,0.4801,1.3836,2.2868,-0.4739,0.5489,1.4612,1.2711,3.2855,60.8467,1.2756,4.6676,60.6256,-0.049070,0.019070,2.3028,0.048986,0.019000,1.4612,-0.013072,0.000246,60.8262,-0.015376,-0.002953,60.6256,0.01573,0.05481,0.02193,0.48071,-0.45439,-0.06322,-0.01762,0.04783,-0.25254,0.65205,-0.38857,-0.05056,0.15320,0.01441,0.10680,0.03365,-0.03478,-0.44636,0.18430,0.52863,-0.23713,0.02038,-0.01383,-2.13034,-1.14220,-2.55943,-0.72390,-0.02381,-0.11936,-0.02855,-0.11583,-0.03133,6.000,6.000,12.000,12.000,6.000,6.000,6.000,6.000,12.000,12.000,6.000,6.000,6.000,6.000,6.000,6.000,0.121980,0.016769,0.126404,0.016454,0.124200,-0.037287,0.110929,-0.036341,0.000000,0.004435,0.000000,2.000000,0.028024,0.865483,0.000000,0.000000,0.000000,-0.066538,-0.054262
3.1300,0.12342,-0.01687,0.48232,0.99995,0.00376,-0.00598,-0.00764,0.11947,-0.01290,0.31588,0.31446,0.01229,0.01794,2,0.03476,0.01229,0.036305,0.03226,-1.1352,-0.0018,0.2612,0.6560,-0.1648,-1.0019,-0.4327,0,0.04900,0.01900,0.8251,0.1113,0.124561,0.070344,0.5250,1.8812,3.1097,-0.6763,0.6753,1.9309,1.2071,2.4680,60.8383,1.2322,3.8711,60.8431,-0.049042,0.019042,3.1283,0.048989,0.019000,1.9309,-0.010535,0.002835,60.8231,-0.012832,-0.000277,60.8431,0.01392,0.05035,0.01619,0.49223,-0.46314,-0.06065,-0.01800,0.04387,-0.25483,0.65501,-0.38966,-0.04702,0.14875,0.01341,0.10304,0.03259,-0.06971,-0.62870,0.10934,0.40722,-0.31785,-0.02612,0.01678,-1.97120,-0.98279,-2.41639,-0.57031,-0.15659,-0.11528,-0.02733,-0.11273,-0.03095,6.000,6.000,12.000,12.000,6.000,6.000,6.000,6.000,12.000,12.000,6.000,6.000,6.000,6.000,6.000,6.000,0.122098,0.018231,0.126466,0.017941,0.124200,-0.034801,0.111094,-0.033932,0.000000,0.004378,0.000000,2.000000,0.039687,0.841251,0.000000,0.000000,0.000000,-0.063218,-0.050559
3.1350,0.12342,-0.01563,0.48228,0.99995,0.00372,-0.00577,-0.00748,0.11954,-0.01203,0.31586,0.31446,0.01191,0.01940,2,0.03476,0.01191,0.036453,0.02821,-1.0791,-0.0019,0.2618,0.6123,-0.0719,-0.8840,-0.8325,0,0.04900,0.01900,0.8262,0.0906,0.124777,0.070130,0.5872,2.2200,4.0817,-0.8930,0.8039,2.4242,1.1484,1.8397,60.4820,1.1929,3.0825,60.8017,-0.049072,0.019072,4.1052,0.048994,0.018999,2.4242,-0.007989,0.005154,60.4711,-0.010356,0.002304,60.8017,0.01125,0.04552,0.01172,0.50209,-0.47418,-0.05921,-0.01834,0.03986,-0.25713,0.65796,-0.39074,-0.04364,0.14426,0.01241,0.09922,0.03152,-0.09035,-0.75062,0.03243,0.27567,-0.41320,-0.07842,0.02094,-1.85056,-0.82045,-2.25975,-0.41412,-0.27694,-0.11101,-0.02625,-0.11030,-0.03059,6.000,6.000,12.000,12.000,6.000,6.000,6.000,6.000,12.000,12.000,6.000,6.000,6.000,6.000,6.000,6.000,0.122180,0.019620,0.126530,0.019400,0.124200,-0.032316,0.111150,-0.031654,0.000000,0.004355,0.000000,2.000000,0.052983,0.818345,0.000000,0.000000,0.000000,-0.060646,-0.047024
3.1400,0.12343,-0.01437,0.48224,0.99995,0.00366,-0.00554,-0.00732,0.11962,-0.01113,0.31583,0.31446,0.01149,0.02083,2,0.03476,0.01149,0.036554,0.01385,-1.0019,-0.0021,0.2662,0.5732,0.0173,-0.7667,-1.2203,0,0.04900,0.01900,0.8399,0.0749,0.125130,0.069777,0.6847,2.0964,5.4736,-1.1502,0.7821,2.7605,1.0802,1.7039,59.6814,1.1637,2.4554,60.5026,-0.049055,0.019055,5.5036,0.049000,0.019000,2.7605,-0.005168,0.006931,59.6727,-0.007846,0.004636,60.5026,0.00763,0.04029,0.00859,0.50969,-0.48717,-0.06014,-0.01866,0.03583,-0.25950,0.66096,-0.39181,-0.04035,0.13974,0.01143,0.09535,0.03045,-0.09387,-0.71760,-0.06507,0.10896,-0.53012,-0.13281,0.00414,-1.84680,-0.64590,-2.07455,-0.24364,-0.37606,-0.10806,-0.02541,-0.10910,-0.03044,6.000,6.000,12.000,12.000,6.000,6.000,6.000,6.000,12.000,12.000,6.000,6.000,6.000,6.000,6.000,6.000,0.122224,0.020936,0.126596,0.020829,0.124200,-0.029830,0.111082,-0.029509,0.000000,0.004374,0.000000,2.000000,0.067744,0.796769,0.000000,0.000000,0.000000,-0.059208,-0.043636
3.1450,0.12346,-0.01308,0.48218,0.99995,0.00358,-0.00527,-0.00716,0.11969,-0.01023,0.31580,0.31446,0.01103,0.02223,2,0.03476,0.01103,0.036560,-0.00585,-0.6648,-0.0022,0.2580,0.5415,0.2740,-0.4264,-1.7815,0,0.04900,0.01900,0.0000,0.0709,0.000000,0.000000,0.7364,2.0039,7.4943,0.0000,0.0000,0.0000,0.9745,1.5860,59.3629,1.2026,2.2678,60.3111,-0.049036,0.019035,7.5318,0.000000,0.000000,0.0000,-0.002637,0.009140,59.3565,-0.005061,0.006407,60.3111,0.00298,0.03464,0.00690,0.51403,-0.50189,-0.06488,-0.01898,0.03180,-0.26200,0.66408,-0.39289,-0.03715,0.13518,0.01045,0.09143,0.02935,-0.10847,-0.67687,-0.16862,-0.12487,-0.64986,-0.24842,-0.02111,-1.87960,-0.50460,-1.93531,-0.09976,-0.50112,-0.10934,-0.02541,-0.11394,-0.03130,6.000,6.000,12.000,12.000,6.000,6.000,6.000,6.000,12.000,12.000,6.000,6.000,6.000,6.000,6.000,6.000,0.122403,0.022147,0.126664,0.022229,0.124200,-0.027344,0.111418,-0.027591,0.000000,0.004261,0.000000,2.000000,0.083444,0.777482,0.000000,0.000000,0.000000,-0.060144,-0.040354
3.1500,0.12348,-0.01176,0.48214,0.99996,0.00344,-0.00500,-0.00700,0.11977,-0.00932,0.31574,0.31446,0.01049,0.02360,1,0.03481,0.01049,0.036529,-0.00552,0.0000,0.0000,0.2452,0.5094,0.5802,0.1116,-2.4698,0,0.04900,0.01900,0.0000,0.0669,0.000000,0.000000,0.0000,0.0000,0.0000,0.0000,0.0000,0.0000,1.6254,3.3774,68.8870,1.1495,2.1244,60.1895,0.000000,0.000000,0.0000,0.000000,0.000000,0.0000,-0.003347,0.019005,68.8780,-0.002609,0.008584,60.1895,-0.00147,0.02912,0.00561,0.51658,-0.51625,-0.07430,-0.01717,0.02810,-0.26508,0.66760,-0.39371,-0.03551,0.12635,0.00899,0.08988,0.02864,-0.12574,0.09073,-0.06095,0.20273,-0.42072,-0.40992,2.77421,-3.26533,-0.32071,-2.17288,-0.01472,-1.33151,-2.20303,-0.35728,1.21843,0.17922,6.000,6.000,12.000,12.000,6.000,6.000,6.000,6.000,12.000,12.000,6.000,6.000,6.000,6.000,6.000,6.000,0.122637,0.023332,0.126734,0.023598,0.124200,-0.024858,0.111909,-0.025654,0.000000,0.004105,0.000000,2.000000,1.000000,0.000000,0.124200,0.049716,0.034369,-0.064877,-0.037152
3.1550,0.12346,-0.01044,0.48215,0.99996,0.00320,-0.00476,-0.00683,0.11986,-0.00840,0.31570,0.31446,0.00995,0.02493,1,0.03499,0.00995,0.036509,0.00043,0.0000,0.0000,0.1873,0.4182,0.0209,1.0983,-2.1846,0,0.04900,0.01900,0.0000,0.1639,0.000000,0.000000,0.0000,0.0000,0.0000,0.0000,0.0000,0.0000,1.2419,2.7730,65.1786,3.9850,6.0141,73.3839,0.000000,0.000000,0.0000,0.000000,0.000000,0.0000,-0.002693,0.019004,65.1782,-0.005082,0.014889,73.3839,-0.00515,0.02413,0.00394,0.51873,-0.52886,-0.08961,-0.00990,0.02499,-0.26953,0.67355,-0.39517,-0.03575,0.10966,0.00663,0.09291,0.02867,-0.07450,-0.04174,-0.05117,0.22488,-0.37178,-0.63558,3.40943,-2.94770,-0.29323,-1.99129,0.03933,-1.29913,-2.83695,-0.44835,1.68496,0.25442,6.000,6.000,12.000,12.000,6.000,6.000,6.000,6.000,12.000,12.000,6.000,6.000,6.000,6.000,6.000,6.000,0.123357,0.025124,0.126806,0.024935,0.124200,-0.022372,0.113854,-0.021805,0.000000,0.003454,0.000000,2.000000,1.000000,0.000000,0.124200,0.049716,0.034369,-0.074302,-0.035506
3.1600,0.12343,-0.00910,0.48215,0.99996,0.00301,-0.00455,-0.00676,0.11996,-0.00745,0.31572,0.31446,0.00947,0.02624,2,0.03517,0.00947,0.036527,0.00654,-0.3312,-0.0021,0.1601,0.3253,-0.9953,3.2375,-1.8165,0,0.04900,0.01900,0.9102,0.0110,0.030359,0.068160,0.4660,1.3147,9.9305,-1.1053,3.4311,6.6020,0.5957,0.8418,48.5109,0.0000,0.4899,74.2074,-0.018316,0.019091,9.9832,-0.048998,0.018991,6.6020,0.002098,0.019019,48.5137,-0.000462,0.019000,74.2074,-0.01067,0.01885,0.00142,0.52236,-0.53690,-0.10395,-0.00294,0.02182,-0.27377,0.67924,-0.39590,-0.03802,0.09078,0.00397,0.09731,0.02899,-0.20311,-0.45860,-0.16027,-0.12211,-0.41464,-0.63862,-0.14675,-1.86064,-0.31561,-1.25345,0.08254,-0.94863,-0.10472,-0.00419,-0.08952,-0.02775,6.000,6.000,12.000,12.000,6.000,6.000,6.000,6.000,12.000,12.000,6.000,6.000,6.000,6.000,6.000,6.000,0.123756,0.026910,0.126879,0.026240,0.124200,-0.019887,0.114829,-0.017876,0.000000,0.003195,0.000000,2.000000,0.160113,0.679775,0.000000,0.000000,0.000000,-0.089613,-0.035754
3.1650,0.12342,-0.00777,0.48211,0.99996,0.00299,-0.00440,-0.00681,0.12007,-0.00648,0.31573,0.31446,0.00907,0.02751,2,0.03517,0.00907,0.036541,0.00212,-0.4833,-0.0022,0.1299,0.2621,-0.2023,0.4204,-0.9577,0,0.04900,0.01900,0.4119,0.8179,0.030986,0.067584,0.3894,1.0217,14.2194,4.2666,0.6875,17.4876,0.4721,0.7157,49.4797,-11.7491,4.9767,26.0053,-0.006517,0.019050,14.2449,-0.048990,0.018963,17.4876,0.002846,0.011668,49.4847,0.049000,0.019000,26.0053,-0.01939,0.01253,-0.00210,0.52733,-0.53956,-0.11645,0.00130,0.01789,-0.27558,0.68127,-0.39662,-0.04053,0.07358,0.00151,0.10084,0.02924,-0.36388,-0.53286,-0.31645,-0.25642,-0.21290,-0.60586,-0.23813,-1.46119,-0.24187,-1.35740,0.16921,-0.69539,-0.09736,-0.00549,-0.11649,-0.02821,6.000,6.000,12.000,12.000,6.000,6.000,6.000,6.000,12.000,12.000,6.000,6.000,6.000,6.000,6.000,6.000,0.124192,0.028350,0.126955,0.027511,0.124200,-0.017401,0.115909,-0.014883,0.000000,0.002888,0.000000,2.000000,0.189760,0.649674,0.000000,0.000000,0.000000,-0.103950,-0.038021
3.1700,0.12343,-0.00642,0.48206,0.99996,0.00304,-0.00426,-0.00694,0.12019,-0.00551,0.31570,0.31446,0.00875,0.02875,2,0.03510,0.00875,0.036514,-0.00874,-0.3768,-0.0022,0.1040,0.2621,0.2632,-1.3925,-0.6816,0,0.04900,0.01900,0.4444,0.0540,0.031336,0.067215,0.3098,0.9660,17.0880,4.2844,-0.1317,16.0779,0.3799,0.7717,49.6976,-0.0019,-1.4806,45.6864,-0.003177,0.019041,17.0908,-0.048986,0.018938,16.0779,0.003668,0.008944,49.7037,0.004007,0.018999,45.6864,-0.03140,0.00530,-0.00645,0.53221,-0.53639,-0.12881,0.00385,0.01305,-0.27650,0.68175,-0.39661,-0.03726,0.05786,-0.00075,0.10350,0.02942,-0.47123,-0.58901,-0.39730,-0.37162,-0.03549,-0.61055,-0.32319,-1.22870,-0.20826,-1.40968,0.18832,-0.44056,-0.09753,-0.00752,-0.13389,-0.02829,6.000,6.000,12.000,12.000,6.000,6.000,6.000,6.000,12.000,12.000,6.000,6.000,6.000,6.000,6.000,6.000,0.124586,0.029082,0.127033,0.028748,0.124200,-0.014915,0.116856,-0.013914,0.000000,0.002471,0.000000,2.000000,0.210041,0.639929,0.000000,0.000000,0.000000,-0.116454,-0.040529
3.1750,0.12346,-0.00505,0.48201,0.99996,0.00315,-0.00413,-0.00710,0.12032,-0.00456,0.31565,0.31446,0.00847,0.02995,2,0.03497,0.00847,0.036427,-0.01618,-0.1064,-0.0021,0.0437,0.2938,0.5843,-2.5218,-0.4622,0,0.04900,0.01900,0.4881,0.0928,0.031509,0.066979,0.1121,1.0441,18.9530,4.6113,-0.5876,15.8771,0.1775,0.9035,49.9613,-0.2539,-2.4620,44.4351,-0.002121,0.019017,18.9411,-0.048987,0.018919,15.8771,0.004089,0.009599,49.9696,0.004280,0.018998,44.4351,-0.04615,-0.00263,-0.01137,0.53620,-0.52781,-0.14161,0.00531,0.00742,-0.27643,0.68051,-0.39579,-0.02847,0.04335,-0.00230,0.10541,0.02953,-0.55998,-0.63234,-0.45875,-0.49828,0.10907,-0.63503,-0.38584,-1.13099,-0.20749,-1.47696,0.22012,-0.31336,-0.10431,-0.00546,-0.14786,-0.02836,6.000,6.000,12.000,12.000,6.000,6.000,6.000,6.000,12.000,12.000,6.000,6.000,6.000,6.000,6.000,6.000,0.125355,0.029435,0.127114,0.029949,0.124200,-0.012429,0.118925,-0.013973,0.000000,0.001832,0.000000,2.000000,0.224668,0.640531,0.000000,0.000000,0.000000,-0.128808,-0.037258
3.1800,0.12352,-0.00369,0.48197,0.99996,0.00328,-0.00401,-0.00714,0.12048,-0.00362,0.31558,0.31446,0.00821,0.03111,2,0.03479,0.00821,0.036407,0.00432,0.0892,-0.0020,0.0018,0.3105,0.7880,-3.1412,-0.3276,0,0.04900,0.01900,0.2990,0.0911,0.084805,0.063609,-0.0206,1.0801,20.6628,-1.9814,3.8718,24.2488,0.0324,0.9785,49.6022,-0.5389,-2.3615,44.3043,0.000700,0.019036,20.6151,0.004345,0.018945,24.2488,0.004742,0.010739,49.6112,0.004856,0.018998,44.3043,-0.05728,-0.00978,-0.01588,0.54040,-0.52118,-0.15017,0.00585,0.00133,-0.27528,0.67743,-0.39417,-0.01560,0.02974,-0.00318,0.10682,0.02951,-0.58651,-0.64738,-0.48595,-0.58351,0.23951,-0.63109,-0.40538,-1.03973,-0.18163,-1.49608,0.26837,-0.23356,-0.11451,0.01030,-0.15123,-0.02816,6.000,6.000,12.000,12.000,6.000,6.000,6.000,6.000,12.000,12.000,6.000,6.000,6.000,6.000,6.000,6.000,0.125936,0.029905,0.127196,0.031114,0.124200,-0.009943,0.120419,-0.013571,0.000000,0.001746,0.000000,2.000000,0.242346,0.636481,0.000000,0.000000,0.000000,-0.141607,-0.028469
3.1850,0.12359,-0.00234,0.48196,0.99996,0.00337,-0.00389,-0.00706,0.12062,-0.00268,0.31552,0.31446,0.00798,0.03224,2,0.03466,0.00798,0.036461,0.01525,-0.4095,-0.0020,0.0236,0.2530,0.3036,-3.3993,-0.2774,0,0.04900,0.01900,0.2159,0.1299,0.088338,0.062663,0.0760,0.8584,22.0407,-0.6530,3.6442,28.5886,0.0803,0.8187,45.0124,0.7512,4.0438,52.7982,0.012351,0.015746,21.9146,0.007945,0.018920,28.5886,0.007401,0.009331,45.0173,0.003267,0.007752,52.7982,-0.06448,-0.01591,-0.01969,0.54464,-0.51755,-0.15444,0.00584,-0.00437,-0.27415,0.67468,-0.39277,-0.00426,0.01692,-0.00359,0.10778,0.02940,-0.42865,-0.55981,-0.40758,-0.41170,0.38766,-0.42297,-0.31945,-0.75370,-0.02802,-1.23472,0.39329,-0.06053,-0.10384,0.02479,-0.11570,-0.02576,6.000,6.000,12.000,12.000,6.000,6.000,6.000,6.000,12.000,12.000,6.000,6.000,6.000,6.000,6.000,6.000,0.125837,0.031132,0.127281,0.032242,0.124200,-0.007457,0.119868,-0.010788,0.000000,0.001821,0.000000,2.000000,0.277319,0.583137,0.000000,0.000000,0.000000,-0.150171,-0.015599
3.1900,0.12368,-0.00099,0.48196,0.99996,0.00339,-0.00377,-0.00690,0.12077,-0.00172,0.31551,0.31446,0.00773,0.03333,2,0.03460,0.00773,0.036547,0.01895,-0.6850,-0.0021,0.0267,0.1547,-0.2991,-2.3528,-0.4167,0,0.04900,0.01900,0.1329,0.1030,0.096760,0.061538,0.1102,0.5256,24.0431,-0.6624,1.9666,26.0250,0.0668,0.5001,39.0142,0.5119,2.9742,48.8502,0.021304,0.013375,23.8106,0.016468,0.018906,26.0250,0.010595,0.007206,39.0151,0.006664,0.004131,48.8502,-0.06919,-0.02146,-0.02291,0.54862,-0.51586,-0.15504,0.00555,-0.00958,-0.27342,0.67290,-0.39188,0.00466,0.00496,-0.00367,0.10833,0.02918,-0.32603,-0.39363,-0.33526,-0.28840,0.55763,-0.25853,-0.25863,-0.52871,0.06977,-0.89156,0.45824,-0.00092,-0.08456,0.03535,-0.09289,-0.02396,6.000,6.000,12.000,12.000,6.000,6.000,6.000,6.000,12.000,12.000,6.000,6.000,6.000,6.000,6.000,6.000,0.125939,0.032761,0.127368,0.033331,0.124200,-0.004972,0.119913,-0.006682,0.000000,0.001538,0.000000,2.000000,0.324597,0.519937,0.000000,0.000000,0.000000,-0.154443,-0.004262
3.1950,0.12377,0.00037,0.48196,0.99997,0.00338,-0.00364,-0.00669,0.12091,-0.00076,0.31551,0.31446,0.00749,0.03438,2,0.03458,0.00749,0.036637,0.01778,-0.7883,-0.0022,0.0307,0.0868,-0.4828,-1.5556,-0.5170,0,0.04900,0.01900,0.0480,0.0834,0.104232,0.060587,0.1449,0.2982,27.0028,-0.6431,0.3838,26.0061,0.0585,0.2772,34.8368,0.3812,2.0741,42.1506,0.025332,0.011850,26.6696,0.024035,0.018897,26.0061,0.012713,0.004935,34.8362,0.009894,0.002911,42.1506,-0.07235,-0.02677,-0.02560,0.55217,-0.51537,-0.15222,0.00512,-0.01445,-0.27306,0.67201,-0.39148,0.01187,-0.00614,-0.00354,0.10850,0.02890,-0.25975,-0.24150,-0.31795,-0.27637,0.68674,-0.12947,-0.21493,-0.35703,0.11996,-0.67462,0.47310,0.05337,-0.07963,0.03991,-0.08378,-0.02352,6.000,6.000,12.000,12.000,6.000,6.000,6.000,6.000,12.000,12.000,6.000,6.000,6.000,6.000,6.000,6.000,0.126034,0.034031,0.127458,0.034381,0.124200,-0.002486,0.119929,-0.003537,0.000000,0.001466,0.000000,2.000000,0.367671,0.468627,0.000000,0.000000,0.000000,-0.155042,0.004663
3.2000,0.12387,0.00173,0.48195,0.99997,0.00333,-0.00350,-0.00646,0.12105,0.00022,0.31552,0.31446,0.00723,0.03539,2,0.03459,0.00723,0.036711,0.01353,-0.7727,-0.0022,0.0369,0.0398,-0.4459,-0.9081,-0.6337,0,0.04900,0.01900,0.0647,0.0657,0.108350,0.059999,0.1855,0.1440,30.3360,-0.7092,-0.7835,27.2193,0.0593,0.1200,31.7481,0.2910,1.4430,37.3542,0.026926,0.011226,29.9177,0.028225,0.018896,27.2193,0.014150,0.002782,31.7473,0.012106,0.001519,37.3542,-0.07454,-0.03204,-0.02775,0.55501,-0.51547,-0.14612,0.00462,-0.01909,-0.27302,0.67186,-0.39150,0.01786,-0.01641,-0.00328,0.10830,0.02854,-0.21487,-0.10134,-0.32436,-0.32363,0.79929,-0.03019,-0.18062,-0.22630,0.14997,-0.52859,0.46741,0.09912,-0.08281,0.04060,-0.08128,-0.02371,6.000,6.000,12.000,12.000,6.000,6.000,6.000,6.000,12.000,12.000,6.000,6.000,6.000,6.000,6.000,6.000,0.126107,0.035037,0.127550,0.035390,0.124200,-0.000000,0.119871,-0.001060,0.000000,0.001486,0.000000,2.000000,0.407787,0.425547,0.000000,0.000000,0.000000,-0.152216,0.011867
3.2050,0.12397,0.00309,0.48193,0.99997,0.00326,-0.00337,-0.00623,0.12119,0.00119,0.31552,0.31446,0.00697,0.03636,2,0.03461,0.00697,0.036758,0.00743,-0.6794,-0.0023,0.0452,0.0064,-0.3084,-0.3677,-0.7763,0,0.04900,0.01900,0.1020,0.0504,0.110352,0.059662,0.2316,0.0375,33.7327,-0.7801,-1.6049,29.1514,0.0682,0.0047,29.2629,0.2391,0.9912,33.7283,0.027503,0.011142,33.2516,0.030276,0.018900,29.1514,0.015281,0.000820,29.2624,0.013646,0.000154,33.7283,-0.07611,-0.03738,-0.02931,0.55685,-0.51569,-0.13694,0.00409,-0.02355,-0.27319,0.67221,-0.39185,0.02304,-0.02591,-0.00295,0.10778,0.02812,-0.18317,0.03068,-0.33772,-0.39917,0.90732,0.04544,-0.15208,-0.12433,0.17354,-0.42018,0.45661,0.13810,-0.08994,0.03891,-0.08172,-0.02416,6.000,6.000,12.000,12.000,6.000,6.000,6.000,6.000,12.000,12.000,6.000,6.000,6.000,6.000,6.000,6.000,0.126160,0.035856,0.127645,0.036357,0.124200,0.002486,0.119745,0.000982,0.000000,0.001567,0.000000,2.000000,0.446140,0.388016,0.000000,0.000000,0.000000,-0.146124,0.017864
3.2100,0.12408,0.00445,0.48190,0.99997,0.00316,-0.00322,-0.00598,0.12133,0.00215,0.31552,0.31446,0.00669,0.03728,2,0.03464,0.00669,0.036772,0.00029,-0.5368,-0.0024,0.0550,-0.0187,-0.1370,0.0896,-0.9379,0,0.04900,0.01900,0.1240,0.0377,0.111282,0.059467,0.2814,-0.0391,37.0419,-0.8369,-2.1843,31.4457,0.0830,-0.0851,27.0899,0.2176,0.6618,30.8008,0.027711,0.011319,36.5235,0.031238,0.018909,31.4457,0.016384,-0.000980,27.0899,0.014852,-0.001151,30.8008,-0.07727,-0.04285,-0.03022,0.55747,-0.51568,-0.12487,0.00356,-0.02789,-0.27349,0.67289,-0.39241,0.02767,-0.03471,-0.00259,0.10693,0.02764,-0.15994,0.15799,-0.34995,-0.48556,1.01589,0.10204,-0.12751,-0.04234,0.19693,-0.33050,0.44780,0.17249,-0.09854,0.03586,-0.08336,-0.02469,6.000,6.000,12.000,12.000,6.000,6.000,6.000,6.000,12.000,12.000,6.000,6.000,6.000,6.000,6.000,6.000,0.126199,0.036541,0.127743,0.037282,0.124200,0.004972,0.119569,0.002750,0.000000,0.001712,0.000000,2.000000,0.483682,0.354260,0.000000,0.000000,0.000000,-0.136940,0.023037
3.2150,0.12421,0.00580,0.48186,0.99997,0.00304,-0.00307,-0.00574,0.12147,0.00310,0.31550,0.31446,0.00640,0.03816,2,0.03467,0.00640,0.036749,-0.00735,-0.3637,-0.0024,0.0657,-0.0390,0.0341,0.4817,-1.1080,0,0.04900,0.01900,0.1351,0.0277,0.111741,0.059348,0.3333,-0.0978,40.1975,-0.8782,-2.6012,33.8845,0.1021,-0.1607,25.0689,0.2184,0.4163,28.2841,0.027806,0.011599,39.6688,0.031717,0.018920,33.8845,0.017636,-0.002675,25.0694,0.015984,-0.002427,28.2841,-0.07816,-0.04848,-0.03044,0.55667,-0.51518,-0.11014,0.00303,-0.03213,-0.27383,0.67370,-0.39310,0.03196,-0.04288,-0.00223,0.10578,0.02711,-0.14237,0.28302,-0.35782,-0.57354,1.12620,0.14269,-0.10587,0.02524,0.22241,-0.24952,0.44349,0.20360,-0.10735,0.03222,-0.08543,-0.02522,6.000,6.000,12.000,12.000,6.000,6.000,6.000,6.000,12.000,12.000,6.000,6.000,6.000,6.000,6.000,6.000,0.126230,0.037127,0.127843,0.038162,0.124200,0.007457,0.119360,0.004353,0.000000,0.001916,0.000000,2.000000,0.521122,0.323156,0.000000,0.000000,0.000000,-0.124869,0.027670
3.2200,0.12433,0.00715,0.48181,0.99998,0.00290,-0.00291,-0.00551,0.12160,0.00405,0.31547,0.31446,0.00611,0.03900,2,0.03471,0.00611,0.036686,-0.01519,-0.1725,-0.0024,0.0769,-0.0568,0.1895,0.8232,-1.2762,0,0.04900,0.01900,0.1400,0.0210,0.112030,0.059266,0.3860,-0.1468,43.1771,-0.9110,-2.9126,36.3354,0.1239,-0.2297,23.1196,0.2343,0.2283,26.0110,0.027879,0.011903,42.6636,0.032017,0.018932,36.3354,0.019150,-0.004327,23.1206,0.017217,-0.003719,26.0110,-0.07888,-0.05426,-0.02992,0.55431,-0.51399,-0.09299,0.00252,-0.03629,-0.27416,0.67452,-0.39385,0.03606,-0.05050,-0.00187,0.10436,0.02653,-0.12889,0.40720,-0.36063,-0.65845,1.23770,0.16947,-0.08661,0.08183,0.25034,-0.17229,0.44394,0.23198,-0.11584,0.02845,-0.08765,-0.02572,6.000,6.000,12.000,12.000,6.000,6.000,6.000,6.000,12.000,12.000,6.000,6.000,6.000,6.000,6.000,6.000,0.126257,0.037637,0.127946,0.038996,0.124200,0.009943,0.119131,0.005866,0.000000,0.002168,0.000000,2.000000,0.558998,0.294002,0.000000,0.000000,0.000000,-0.110140,0.031965
3.2250,0.12447,0.00849,0.48176,0.99998,0.00275,-0.00275,-0.00528,0.12172,0.00498,0.31544,0.31446,0.00583,0.03978,2,0.03474,0.00583,0.036588,-0.02219,0.0292,-0.0023,0.0884,-0.0737,0.3243,1.1273,-1.4358,0,0.04900,0.01900,0.1418,0.0190,0.112265,0.059203,0.4360,-0.1925,45.4137,-0.9326,-3.1578,38.7083,0.1501,-0.2961,21.7765,0.2599,0.0795,23.8918,0.027797,0.012837,44.9434,0.032258,0.018944,38.7083,0.020385,-0.004474,21.7779,0.018664,-0.005069,23.8918,-0.07948,-0.06014,-0.02868,0.55036,-0.51200,-0.07386,0.00202,-0.04039,-0.27441,0.67522,-0.39459,0.04005,-0.05763,-0.00153,0.10267,0.02590,-0.11809,0.49912,-0.35623,-0.73317,1.32633,0.15896,-0.06902,0.10451,0.27510,-0.11971,0.44694,0.22792,-0.12394,0.02473,-0.09000,-0.02620,6.000,6.000,12.000,12.000,6.000,6.000,6.000,6.000,12.000,12.000,6.000,6.000,6.000,6.000,6.000,6.000,0.126283,0.038087,0.128052,0.039784,0.124200,0.012429,0.118891,0.007338,0.000000,0.002452,0.000000,2.000000,0.573800,0.266375,0.000000,0.000000,0.000000,-0.092987,0.036064
3.2300,0.12461,0.00982,0.48171,0.99998,0.00259,-0.00258,-0.00505,0.12185,0.00589,0.31539,0.31446,0.00553,0.04052,2,0.03477,0.00553,0.036455,-0.02877,0.2158,-0.0022,0.0982,-0.0954,0.4162,1.3522,-1.5586,0,0.04900,0.01900,0.1303,0.0212,0.111921,0.059203,0.4801,-0.2533,47.5721,-0.8264,-3.0804,40.8100,0.1710,-0.3793,20.2274,0.2834,-0.0237,22.3627,0.027858,0.013382,47.1577,0.031912,0.018955,40.8100,0.022225,-0.004915,20.2292,0.019902,-0.005109,22.3627,-0.07999,-0.06610,-0.02671,0.54481,-0.50915,-0.05322,0.00156,-0.04441,-0.27454,0.67574,-0.39527,0.04397,-0.06433,-0.00120,0.10074,0.02524,-0.10986,0.60127,-0.34759,-0.79646,1.41968,0.14314,-0.05396,0.13259,0.30338,-0.05783,0.45546,0.23071,-0.13023,0.02133,-0.09209,-0.02657,6.000,6.000,12.000,12.000,6.000,6.000,6.000,6.000,12.000,12.000,6.000,6.000,6.000,6.000,6.000,6.000,0.126329,0.038536,0.128162,0.040524,0.124200,0.014915,0.118703,0.008951,0.000000,0.002703,0.000000,2.000000,0.590022,0.239154,0.000000,0.000000,0.000000,-0.073860,0.040050
3.2350,0.12476,0.01114,0.48166,0.99998,0.00243,-0.00242,-0.00484,0.12197,0.00680,0.31535,0.31446,0.00521,0.04121,2,0.03480,0.00521,0.036291,-0.03510,0.3971,-0.0021,0.1069,-0.1202,0.4867,1.5424,-1.6568,0,0.04900,0.01900,0.1251,0.0271,0.111915,0.059182,0.5203,-0.3233,49.6736,-0.7707,-3.1105,42.7145,0.1887,-0.4734,18.5933,0.3088,-0.1361,20.7328,0.027949,0.013727,49.3235,0.031903,0.018965,42.7145,0.024577,-0.005499,18.5954,0.021659,-0.005462,20.7328,-0.08043,-0.07208,-0.02402,0.53767,-0.50537,-0.03139,0.00111,-0.04838,-0.27454,0.67602,-0.39587,0.04785,-0.07064,-0.00090,0.09858,0.02454,-0.10330,0.70956,-0.33720,-0.85309,1.51396,0.12023,-0.04054,0.16090,0.33279,0.00767,0.46633,0.23579,-0.13611,0.01808,-0.09433,-0.02690,6.000,6.000,12.000,12.000,6.000,6.000,6.000,6.000,12.000,12.000,6.000,6.000,6.000,6.000,6.000,6.000,0.126390,0.038963,0.128274,0.041214,0.124200,0.017401,0.118547,0.010647,0.000000,0.002936,0.000000,2.000000,0.607081,0.212831,0.000000,0.000000,0.000000,-0.053217,0.043970
3.2400,0.12492,0.01245,0.48161,0.99998,0.00225,-0.00225,-0.00463,0.12210,0.00769,0.31530,0.31446,0.00488,0.04185,2,0.03483,0.00488,0.036095,-0.04118,0.5770,-0.0019,0.1150,-0.1471,0.5457,1.7220,-1.7386,0,0.04900,0.01900,0.1227,0.0365,0.112038,0.059155,0.5580,-0.3997,51.7212,-0.7467,-3.1892,44.5109,0.2046,-0.5757,16.9371,0.3344,-0.2510,19.0787,0.028025,0.013972,51.4397,0.032021,0.018974,44.5109,0.027443,-0.006131,16.9396,0.023859,-0.005985,19.0787,-0.08082,-0.07806,-0.02061,0.52891,-0.50061,-0.00863,0.00069,-0.05227,-0.27440,0.67605,-0.39637,0.05171,-0.07663,-0.00063,0.09620,0.02380,-0.09786,0.82146,-0.32616,-0.90504,1.60684,0.08943,-0.02825,0.18684,0.36214,0.07400,0.47791,0.24047,-0.14233,0.01489,-0.09693,-0.02724,6.000,6.000,12.000,12.000,6.000,6.000,6.000,6.000,12.000,12.000,6.000,6.000,6.000,6.000,6.000,6.000,0.126459,0.039358,0.128389,0.041853,0.124200,0.019887,0.118410,0.012401,0.000000,0.003154,0.000000,2.000000,0.624721,0.187639,0.000000,0.000000,0.000000,-0.031387,0.047853
3.2450,0.12508,0.01373,0.48156,0.99999,0.00208,-0.00208,-0.00443,0.12222,0.00856,0.31525,0.31446,0.00453,0.04244,2,0.03485,0.00453,0.035870,-0.04696,0.7557,-0.0017,0.1227,-0.1760,0.5974,1.9026,-1.8091,0,0.04900,0.01900,0.1214,0.0491,0.112192,0.059131,0.5941,-0.4818,53.7077,-0.7438,-3.2860,46.2441,0.2196,-0.6853,15.2936,0.3593,-0.3668,17.4372,0.028069,0.014169,53.4951,0.032168,0.018981,46.2441,0.030892,-0.006733,15.2963,0.026502,-0.006585,17.4372,-0.08115,-0.08400,-0.01649,0.51853,-0.49485,0.01483,0.00030,-0.05609,-0.27412,0.67584,-0.39676,0.05555,-0.08233,-0.00039,0.09362,0.02304,-0.09321,0.93520,-0.31489,-0.95290,1.69671,0.05047,-0.01682,0.20913,0.39084,0.13971,0.48936,0.24311,-0.14933,0.01171,-0.10002,-0.02762,6.000,6.000,12.000,12.000,6.000,6.000,6.000,6.000,12.000,12.000,6.000,6.000,6.000,6.000,6.000,6.000,0.126536,0.039717,0.128508,0.042440,0.124200,0.022372,0.118284,0.014204,0.000000,0.003362,0.000000,2.000000,0.642853,0.163692,0.000000,0.000000,0.000000,-0.008630,0.051714
3.2500,0.12525,0.01500,0.48151,0.99999,0.00189,-0.00192,-0.00424,0.12234,0.00942,0.31520,0.31446,0.00417,0.04297,2,0.03487,0.00417,0.035617,-0.05228,0.9312,-0.0015,0.1303,-0.2069,0.6431,2.0884,-1.8714,0,0.04900,0.01900,0.1207,0.0650,0.112336,0.059112,0.6293,-0.5697,55.6202,-0.7594,-3.3864,47.9403,0.2345,-0.8021,13.6839,0.3827,-0.4843,15.8275,0.028077,0.014349,55.4729,0.032304,0.018987,47.9403,0.035049,-0.007221,13.6869,0.029641,-0.007178,15.8275,-0.08142,-0.08987,-0.01164,0.50653,-0.48808,0.03880,-0.00007,-0.05983,-0.27369,0.67539,-0.39706,0.05938,-0.08779,-0.00018,0.09085,0.02225,-0.08912,1.04935,-0.30353,-0.99646,1.78230,0.00330,-0.00605,0.22717,0.41862,0.20403,0.50025,0.24261,-0.15737,0.00848,-0.10371,-0.02805,6.000,6.000,12.000,12.000,6.000,6.000,6.000,6.000,12.000,12.000,6.000,6.000,6.000,6.000,6.000,6.000,0.126617,0.040039,0.128630,0.042973,0.124200,0.024858,0.118162,0.016055,0.000000,0.003558,0.000000,2.000000,0.661464,0.141057,0.000000,0.000000,0.000000,0.014833,0.055555
3.2550,0.12543,0.01625,0.48146,0.99999,0.00169,-0.00175,-0.00406,0.12246,0.01027,0.31514,0.31446,0.00382,0.04345,2,0.03489,0.00382,0.035340,-0.05699,1.0996,-0.0012,0.1378,-0.2397,0.6813,2.2789,-1.9265,0,0.04900,0.01900,0.1200,0.0858,0.112454,0.059099,0.6639,-0.6635,57.4374,-0.7912,-3.4822,49.6114,0.2500,-0.9260,12.1202,0.4089,-0.6098,14.2701,0.028056,0.014530,57.3479,0.032411,0.018992,49.6114,0.040114,-0.007481,12.1234,0.033318,-0.007641,14.2701,-0.08164,-0.09564,-0.00607,0.49291,-0.48033,0.06309,-0.00041,-0.06348,-0.27314,0.67472,-0.39724,0.06318,-0.09307,-0.00000,0.08789,0.02144,-0.08546,1.16251,-0.29202,-1.03483,1.86243,-0.05191,0.00416,0.24070,0.44539,0.26669,0.51048,0.23831,-0.16655,0.00519,-0.10806,-0.02856,6.000,6.000,12.000,12.000,6.000,6.000,6.000,6.000,12.000,12.000,6.000,6.000,6.000,6.000,6.000,6.000,0.126702,0.040321,0.128755,0.043451,0.124200,0.027344,0.118039,0.017953,0.000000,0.003744,0.000000,2.000000,0.680553,0.119793,0.000000,0.000000,0.000000,0.038802,0.059376
3.2600,0.12560,0.01748,0.48141,0.99999,0.00149,-0.00159,-0.00388,0.12258,0.01110,0.31509,0.31446,0.00349,0.04387,2,0.03491,0.00349,0.035039,-0.06325,1.2567,-0.0009,0.1454,-0.2746,0.7110,2.4700,-1.9742,0,0.04900,0.01900,0.1190,0.1127,0.112522,0.059094,0.6980,-0.7638,59.1398,-0.8248,-3.5650,51.2415,0.2660,-1.0571,10.6142,0.4406,-0.7424,12.7667,0.028011,0.014725,59.0972,0.032467,0.018996,51.2415,0.046367,-0.007346,10.6177,0.037669,-0.007873,12.7667,-0.08180,-0.10127,0.00028,0.47764,-0.47170,0.08737,-0.00074,-0.06703,-0.27248,0.67386,-0.39734,0.06695,-0.09820,0.00013,0.08476,0.02060,-0.08210,1.27336,-0.28045,-1.06721,1.93611,-0.11497,0.01392,0.24967,0.47107,0.32738,0.51995,0.22960,-0.17701,0.00183,-0.11315,-0.02915,6.000,6.000,12.000,12.000,6.000,6.000,6.000,6.000,12.000,12.000,6.000,6.000,6.000,6.000,6.000,6.000,0.126789,0.040563,0.128884,0.043873,0.124200,0.029830,0.117915,0.019901,0.000000,0.003917,0.000000,2.000000,0.700147,0.099951,0.000000,0.000000,0.000000,0.063088,0.063178
3.2650,0.12579,0.01867,0.48137,0.99999,0.00130,-0.00143,-0.00371,0.12269,0.01191,0.31503,0.31446,0.00316,0.04424,2,0.03493,0.00316,0.034757,-0.04710,1.4554,-0.0006,0.1664,-0.3167,0.8173,2.9243,-2.1029,0,0.04900,0.01900,0.1253,0.1412,0.112070,0.059140,0.7659,-0.8875,61.0393,-0.5763,-3.9429,53.0112,0.3377,-1.2121,9.4196,0.4675,-0.8462,11.4112,0.028160,0.015000,61.0296,0.031998,0.018999,53.0112,0.049047,-0.004751,9.4234,0.042718,-0.007844,11.4112,-0.08180,-0.10640,0.00733,0.46164,-0.46362,0.10799,-0.00102,-0.07053,-0.27160,0.67262,-0.39722,0.07066,-0.10322,0.00022,0.08143,0.01975,-0.06967,1.37525,-0.25143,-1.09477,2.01703,-0.21088,0.02592,0.25106,0.47561,0.35188,0.49663,0.20039,-0.19647,-0.00268,-0.12097,-0.03033,6.000,6.000,12.000,12.000,6.000,6.000,6.000,6.000,12.000,12.000,6.000,6.000,6.000,6.000,6.000,6.000,0.126736,0.040817,0.129017,0.044235,0.124200,0.032316,0.117356,0.022062,0.000000,0.004109,0.000000,2.000000,0.721875,0.081120,0.000000,0.000000,0.000000,0.087371,0.066950
3.2700,0.12598,0.01983,0.48139,0.99999,0.00124,-0.00133,-0.00360,0.12281,0.01272,0.31498,0.31446,0.00286,0.04454,2,0.03497,0.00286,0.034589,-0.02505,1.1021,-0.0003,0.1468,-0.4389,0.2250,1.6817,-1.6000,0,0.04900,0.01900,0.1521,0.2301,0.098641,0.046484,0.5708,-1.2743,61.0320,5.0922,4.4021,73.7671,0.4027,-1.6357,5.5004,0.7257,-0.9141,8.4553,0.034901,0.012675,61.0384,0.019747,0.005174,73.7671,0.049078,-0.019078,5.5052,0.049000,-0.006764,8.4553,-0.08175,-0.11103,0.01368,0.44776,-0.45675,0.12202,-0.00135,-0.07426,-0.27024,0.67065,-0.39659,0.07457,-0.10793,0.00027,0.07793,0.01892,-0.02720,1.55454,0.03018,-0.65659,2.36927,-0.25617,-0.00946,0.36723,0.32800,0.31429,0.32230,0.27459,-0.14461,0.00296,-0.10553,-0.02688,6.000,6.000,12.000,12.000,6.000,6.000,6.000,6.000,12.000,12.000,6.000,6.000,6.000,6.000,6.000,6.000,0.127120,0.041867,0.129153,0.044538,0.124200,0.034801,0.118100,0.026789,0.000000,0.003357,0.000000,2.000000,0.769416,0.057646,0.000000,0.000000,0.000000,0.107992,0.070663
3.2750,0.12617,0.02095,0.48142,0.99999,0.00127,-0.00129,-0.00354,0.12294,0.01354,0.31499,0.31446,0.00266,0.04478,2,0.03501,0.00266,0.034508,-0.01088,0.5870,-0.0002,0.0867,-0.5666,-0.5137,-0.3214,-0.6097,0,0.04900,0.01900,0.1052,0.5266,0.106086,0.045582,0.2298,-2.4949,59.5507,3.7146,2.5113,71.0163,0.3451,-1.2617,2.0836,0.8066,-1.3674,5.0253,0.042096,0.008874,59.5797,0.027238,0.004908,71.0163,0.049199,-0.019199,2.0875,0.045547,-0.019000,5.0253,-0.08163,-0.11532,0.01922,0.43603,-0.45078,0.13128,-0.00191,-0.07815,-0.26866,0.66843,-0.39574,0.07873,-0.11218,0.00030,0.07433,0.01812,-0.00801,2.06863,0.32126,-0.15094,2.68601,-0.14577,-0.05313,0.09061,0.16472,0.26394,0.16185,0.20544,-0.06862,0.01190,-0.08422,-0.02153,6.000,6.000,12.000,12.000,6.000,6.000,6.000,6.000,12.000,12.000,6.000,6.000,6.000,6.000,6.000,6.000,0.127947,0.042916,0.129294,0.044779,0.124200,0.037287,0.120160,0.031700,0.000000,0.002298,0.000000,2.000000,0.818808,0.037748,0.000000,0.000000,0.000000,0.122023,0.074567
3.2800,0.12636,0.02204,0.48146,0.99999,0.00136,-0.00128,-0.00351,0.12309,0.01436,0.31502,0.31446,0.00257,0.04496,2,0.03506,0.00257,0.034481,-0.00193,0.2522,-0.0001,0.0435,-0.6740,-0.8162,-1.5408,0.1396,0,0.04900,0.01900,0.0647,0.7782,0.113816,0.043433,0.0184,-4.0073,58.8703,2.6065,0.1089,67.2470,0.2702,-0.4614,0.7586,0.5773,-0.7226,1.9813,0.045051,0.008625,58.9353,0.035129,0.003412,67.2470,0.049317,-0.019317,0.7605,0.049000,-0.019000,1.9813,-0.08145,-0.11934,0.02399,0.42623,-0.44564,0.13709,-0.00288,-0.08209,-0.26702,0.66623,-0.39495,0.08317,-0.11588,0.00034,0.07069,0.01737,-0.01777,2.52039,0.43248,0.10245,2.78868,-0.19585,-0.06373,-0.24813,0.08893,0.23768,0.09223,0.15895,-0.03037,0.01533,-0.07445,-0.01821,6.000,6.000,12.000,12.000,6.000,6.000,6.000,6.000,12.000,12.000,6.000,6.000,6.000,6.000,6.000,6.000,0.128603,0.043685,0.129438,0.044956,0.124200,0.039773,0.121693,0.035963,0.000000,0.001520,0.000000,2.000000,0.861677,0.023054,0.000000,0.000000,0.000000,0.131280,0.078731
3.2850,0.12655,0.02310,0.48150,0.99999,0.00148,-0.00130,-0.00350,0.12325,0.01517,0.31506,0.31446,0.00273,0.04507,2,0.03510,0.00273,0.034486,0.00217,0.0371,-0.0001,0.0139,-0.7665,-0.8748,-2.2770,0.6724,0,0.04900,0.01900,0.0735,0.7695,0.117933,0.044224,-0.0529,-4.9333,58.9982,1.8852,-2.1483,64.8621,0.1450,-0.1486,0.2423,0.3928,-0.0680,0.8637,0.045824,0.009871,59.0880,0.039163,0.004520,64.8621,0.050100,-0.020099,0.2431,0.049000,-0.019000,0.8637,-0.08123,-0.12312,0.02811,0.41805,-0.44125,0.14037,-0.00394,-0.08601,-0.26537,0.66418,-0.39429,0.08768,-0.11906,0.00037,0.06706,0.01664,-0.06048,2.73579,0.46681,0.23089,2.81563,-0.32527,-0.04008,-0.39134,0.03436,0.21094,0.05161,0.14312,-0.01636,0.01528,-0.07194,-0.01633,6.000,6.000,12.000,12.000,6.000,6.000,6.000,6.000,12.000,12.000,6.000,6.000,6.000,6.000,6.000,6.000,0.129121,0.044228,0.129586,0.045067,0.124200,0.042259,0.122803,0.039742,0.000000,0.000959,0.000000,2.000000,0.899688,0.012539,0.000000,0.000000,0.000000,0.137089,0.083169
3.2900,0.12675,0.02413,0.48152,0.99999,0.00159,-0.00133,-0.00350,0.12342,0.01598,0.31510,0.31446,0.00297,0.04511,1,0.03514,0.00297,0.034500,0.00407,-0.0641,-0.0001,-0.0001,-0.8465,-0.7676,-2.5092,0.9489,0,0.04900,0.01900,0.0973,0.4988,0.122874,0.046245,-0.0005,-5.6123,59.9508,0.3539,-3.5797,61.6063,0.0000,0.0000,0.0000,0.1525,0.0353,0.5232,0.047888,0.013338,60.0536,0.043911,0.006927,61.6063,0.000000,0.000000,0.0000,0.049000,-0.019000,0.5232,-0.08106,-0.12660,0.03185,0.41088,-0.43755,0.14169,-0.00485,-0.08984,-0.26377,0.66229,-0.39374,0.09185,-0.12180,0.00042,0.06348,0.01595,-0.11470,2.76749,0.62634,0.43571,2.97127,-0.58186,-0.00902,-0.40931,-0.11679,0.11701,0.01475,0.11863,-0.02036,0.01266,-0.06681,-0.01482,6.000,6.000,12.000,12.000,6.000,6.000,6.000,6.000,12.000,12.000,6.000,6.000,6.000,6.000,6.000,6.000,0.129479,0.044567,0.129739,0.045112,0.124200,0.044745,0.123419,0.043111,0.000000,0.000604,0.000000,2.000000,1.000000,0.000000,0.124200,-0.049716,0.034369,0.140374,0.087680
3.2950,0.12694,0.02513,0.48154,0.99999,0.00171,-0.00136,-0.00350,0.12359,0.01676,0.31513,0.31446,0.00319,0.04509,1,0.03518,0.00319,0.034530,0.00720,-0.1128,-0.0001,-0.0042,-0.9196,-0.6380,-2.4964,1.0400,0,0.04900,0.01900,0.1272,0.9239,0.122159,0.050067,-0.0281,-6.0970,60.8105,1.7086,-4.6063,64.3742,0.0000,0.0000,0.0000,-0.2493,0.0822,0.4737,0.046719,0.015844,60.9136,0.042866,0.010629,64.3742,0.000000,0.000000,0.0000,0.049000,-0.019000,0.4737,-0.08088,-0.12990,0.03504,0.40485,-0.43422,0.14169,-0.00558,-0.09358,-0.26215,0.66041,-0.39317,0.09557,-0.12417,0.00046,0.05992,0.01528,-0.10155,2.80778,0.55746,0.41148,2.91983,-0.77230,-0.00659,-0.41788,-0.10092,0.12286,0.01511,0.10501,-0.03219,0.00926,-0.07169,-0.01491,6.000,6.000,12.000,12.000,6.000,6.000,6.000,6.000,12.000,12.000,6.000,6.000,6.000,6.000,6.000,6.000,0.129737,0.044758,0.129896,0.045087,0.124200,0.047231,0.123722,0.046242,0.000000,0.000366,0.000000,2.000000,1.000000,0.000000,0.124200,-0.049716,0.034369,0.141694,0.091850
3.3000,0.12714,0.02609,0.48155,0.99999,0.00183,-0.00140,-0.00350,0.12376,0.01753,0.31516,0.31446,0.00343,0.04499,1,0.03521,0.00343,0.034571,0.00901,-0.1940,-0.0001,-0.0171,-0.9875,-0.6145,-2.6578,1.1750,0,0.04900,0.01900,0.1450,0.9555,0.122594,0.053337,-0.1133,-6.5472,60.9660,1.2199,-5.4383,64.0764,0.0000,0.0000,0.0000,-0.2277,0.0598,0.4108,0.046214,0.018638,61.0607,0.043016,0.013888,64.0764,0.000000,0.000000,0.0000,0.049000,-0.019000,0.4108,-0.08067,-0.13302,0.03781,0.39973,-0.43120,0.14079,-0.00615,-0.09722,-0.26053,0.65851,-0.39259,0.09885,-0.12621,0.00050,0.05640,0.01463,-0.09224,2.81850,0.50848,0.41509,2.87656,-0.95345,-0.00413,-0.42628,-0.08921,0.12621,0.01691,0.09263,-0.03391,0.00744,-0.07308,-0.01440,6.000,6.000,12.000,12.000,6.000,6.000,6.000,6.000,12.000,12.000,6.000,6.000,6.000,6.000,6.000,6.000,0.130094,0.044816,0.130057,0.044991,0.124200,0.049716,0.124309,0.049189,0.000000,0.000180,0.000000,2.000000,1.000000,0.000000,0.124200,-0.049716,0.034369,0.141695,0.095566
3.3050,0.12733,0.02703,0.48155,0.99999,0.00195,-0.00144,-0.00349,0.12394,0.01828,0.31518,0.31446,0.00367,0.04486,1,0.03525,0.00367,0.034619,0.00982,-0.2445,-0.0002,-0.0243,-0.9720,-0.5560,-2.6657,1.2206,0,0.04900,0.01900,0.1608,0.9477,0.123199,0.056540,-0.1613,-6.4446,61.3538,0.8608,-6.0716,63.5637,0.0000,0.0000,0.0000,-0.2374,0.0660,0.4335,0.049002,0.017224,61.4257,0.043342,0.017098,63.5637,0.000000,0.000000,0.0000,0.049000,-0.019000,0.4335,-0.08048,-0.13598,0.04021,0.39540,-0.42849,0.13943,-0.00655,-0.10074,-0.25905,0.65686,-0.39197,0.10176,-0.12793,0.00054,0.05293,0.01400,-0.13602,2.92256,0.65515,0.61821,3.05188,-0.89029,0.00918,-0.45362,-0.15754,0.14893,0.01557,0.08031,-0.00731,0.00990,-0.06254,-0.01248,6.000,6.000,12.000,12.000,6.000,6.000,6.000,6.000,12.000,12.000,6.000,6.000,6.000,6.000,6.000,6.000,0.130397,0.044766,0.130223,0.044858,0.124200,0.049716,0.124720,0.049441,0.000000,0.000196,1.000000,3.000000,1.000000,0.000000,0.117566,-0.050521,0.035238,0.140785,0.098845
3.3100,0.12753,0.02794,0.48155,0.99999,0.00205,-0.00149,-0.00349,0.12412,0.01901,0.31520,0.31446,0.00390,0.04472,1,0.03529,0.00390,0.034670,0.01053,-0.2714,-0.0002,-0.0291,-0.9508,-0.4624,-2.5748,1.2823,0,0.04900,0.01900,0.1663,0.0000,0.126353,0.055671,-0.1927,-6.3040,61.9743,0.6248,-6.3051,63.5250,0.0000,0.0000,0.0000,0.0000,0.0000,0.0000,0.049001,0.016523,62.0212,0.046566,0.016480,63.5250,0.000000,0.000000,0.0000,0.000000,0.000000,0.0000,-0.08041,-0.13885,0.04226,0.39176,-0.42607,0.13805,-0.00683,-0.10415,-0.25784,0.65565,-0.39168,0.10439,-0.12940,0.00059,0.04934,0.01341,-0.16393,2.98426,0.64230,0.64619,3.06838,-0.86000,0.01045,-0.46002,-0.18588,0.14647,-0.02532,0.07185,-0.03960,0.00537,-0.13942,-0.02230,6.000,6.000,12.000,12.000,6.000,6.000,6.000,6.000,12.000,12.000,6.000,6.000,6.000,6.000,6.000,6.000,0.130678,0.044644,0.130394,0.044720,0.124200,0.049716,0.125054,0.049487,0.000000,0.000295,1.000000,3.000000,1.000000,0.000000,0.117704,-0.050520,0.035311,0.139426,0.101763
3.3150,0.12771,0.02881,0.48154,0.99999,0.00215,-0.00153,-0.00348,0.12431,0.01971,0.31521,0.31446,0.00412,0.04458,1,0.03535,0.00412,0.034723,0.01032,-0.2965,-0.0003,-0.0327,-0.9278,-0.3956,-2.4682,1.3168,0,0.04900,0.01900,0.1648,0.0000,0.126408,0.055404,-0.2169,-6.1515,62.4175,0.5691,-6.3061,64.0634,0.0000,0.0000,0.0000,0.0000,0.0000,0.0000,0.049001,0.015935,62.4397,0.046649,0.016190,64.0634,0.000000,0.000000,0.0000,0.000000,0.000000,0.0000,-0.08061,-0.14162,0.04396,0.38877,-0.42394,0.13689,-0.00706,-0.10744,-0.25691,0.65500,-0.39236,0.10675,-0.13078,0.00069,0.04539,0.01285,-0.18577,3.03575,0.62552,0.66955,3.07646,-0.82363,0.00903,-0.46691,-0.20683,0.15286,-0.08054,0.06422,-0.07050,0.00234,-0.20999,-0.02968,6.000,6.000,12.000,12.000,6.000,6.000,6.000,6.000,12.000,12.000,6.000,6.000,6.000,6.000,6.000,6.000,0.130954,0.044490,0.130569,0.044579,0.124200,0.049716,0.125356,0.049452,0.000000,0.000396,1.000000,3.000000,1.000000,0.000000,0.117932,-0.050519,0.035432,0.138048,0.104392
3.3200,0.12789,0.02966,0.48152,0.99999,0.00222,-0.00157,-0.00348,0.12449,0.02039,0.31522,0.31446,0.00431,0.04443,1,0.03542,0.00431,0.034770,0.00887,-0.2991,-0.0003,-0.0304,-0.9085,-0.3176,-2.2517,1.3234,0,0.04900,0.01900,0.1464,0.0000,0.128712,0.054809,-0.2014,-6.0234,62.9343,-0.3733,-5.5283,63.0775,0.0000,0.0000,0.0000,0.0000,0.0000,0.0000,0.049001,0.015356,62.9341,0.048998,0.015775,63.0775,0.000000,0.000000,0.0000,0.000000,0.000000,0.0000,-0.08143,-0.14426,0.04539,0.38623,-0.42219,0.13601,-0.00728,-0.11059,-0.25631,0.65503,-0.39455,0.10885,-0.13218,0.00086,0.04087,0.01235,-0.20853,3.08518,0.61467,0.69294,3.08910,-0.78495,0.00622,-0.47328,-0.22683,0.16571,-0.14783,0.05699,-0.10054,0.00045,-0.27129,-0.03437,6.000,6.000,12.000,12.000,6.000,6.000,6.000,6.000,12.000,12.000,6.000,6.000,6.000,6.000,6.000,6.000,0.131172,0.044364,0.130749,0.044433,0.124200,0.049716,0.125468,0.049511,0.000000,0.000428,1.000000,3.000000,1.000000,0.000000,0.118248,-0.050517,0.035601,0.136893,0.106749
3.3250,0.12805,0.03049,0.48149,0.99999,0.00227,-0.00161,-0.00349,0.12468,0.02104,0.31522,0.31446,0.00445,0.04428,1,0.03551,0.00445,0.034810,0.00761,-0.2707,-0.0004,-0.0206,-0.8929,-0.2149,-1.9022,1.2870,0,0.04900,0.01900,0.1484,0.0000,0.128682,0.054478,-0.1368,-5.9201,63.6153,-0.3360,-5.6440,63.5270,0.0000,0.0000,0.0000,0.0000,0.0000,0.0000,0.049001,0.014789,63.5951,0.048998,0.015413,63.5270,0.000000,0.000000,0.0000,0.000000,0.000000,0.0000,-0.08283,-0.14679,0.04657,0.38410,-0.42077,0.13548,-0.00756,-0.11360,-0.25605,0.65584,-0.39868,0.11071,-0.13370,0.00110,0.03565,0.01191,-0.23303,3.13404,0.61520,0.71885,3.11271,-0.74743,0.00273,-0.47849,-0.24880,0.18325,-0.22400,0.05016,-0.12948,-0.00050,-0.32158,-0.03643,6.000,6.000,12.000,12.000,6.000,6.000,6.000,6.000,12.000,12.000,6.000,6.000,6.000,6.000,6.000,6.000,0.131315,0.044267,0.130935,0.044283,0.124200,0.049716,0.125341,0.049668,0.000000,0.000381,1.000000,3.000000,1.000000,0.000000,0.118649,-0.050514,0.035816,0.136005,0.108849
3.3300,0.12820,0.03128,0.48146,0.99999,0.00230,-0.00164,-0.00351,0.12486,0.02168,0.31522,0.31446,0.00455,0.04413,1,0.03562,0.00455,0.034844,0.00644,-0.2457,-0.0004,-0.0111,-0.8755,-0.1470,-1.5924,1.2335,0,0.04900,0.01900,0.1476,0.0000,0.128649,0.054097,-0.0737,-5.8049,64.0658,-0.2673,-5.6687,64.0786,0.0000,0.0000,0.0000,0.0000,0.0000,0.0000,0.049004,0.014347,64.0284,0.048998,0.015002,64.0786,0.000000,0.000000,0.0000,0.000000,0.000000,0.0000,-0.08471,-0.14923,0.04748,0.38232,-0.41960,0.13535,-0.00798,-0.11648,-0.25615,0.65751,-0.40511,0.11234,-0.13545,0.00143,0.02966,0.01154,-0.24659,3.17112,0.61428,0.74250,3.12739,-0.71297,-0.00306,-0.48355,-0.26593,0.20510,-0.30884,0.04374,-0.15586,-0.00026,-0.36413,-0.03661,6.000,6.000,12.000,12.000,6.000,6.000,6.000,6.000,12.000,12.000,6.000,6.000,6.000,6.000,6.000,6.000,0.131466,0.044140,0.131126,0.044130,0.124200,0.049716,0.125221,0.049747,0.000000,0.000341,1.000000,3.000000,1.000000,0.000000,0.119134,-0.050511,0.036078,0.135475,0.110708
3.3350,0.12833,0.03206,0.48141,0.99999,0.00232,-0.00167,-0.00353,0.12505,0.02229,0.31521,0.31446,0.00462,0.04397,1,0.03577,0.00462,0.034873,0.00533,-0.2223,-0.0004,-0.0020,-0.8567,-0.1003,-1.3179,1.1645,0,0.04900,0.01900,0.1469,0.0000,0.128622,0.053788,-0.0132,-5.6800,64.3753,-0.1923,-5.6745,64.4142,0.0000,0.0000,0.0000,0.0000,0.0000,0.0000,0.049002,0.013999,64.3237,0.048998,0.014662,64.4142,0.000000,0.000000,0.0000,0.000000,0.000000,0.0000,-0.08694,-0.15159,0.04815,0.38089,-0.41864,0.13563,-0.00857,-0.11925,-0.25661,0.66009,-0.41416,0.11377,-0.13749,0.00186,0.02285,0.01126,-0.24962,3.19997,0.61326,0.76431,3.13637,-0.68275,-0.01060,-0.48805,-0.28016,0.22931,-0.40039,0.03772,-0.17941,0.00102,-0.39728,-0.03487,6.000,6.000,12.000,12.000,6.000,6.000,6.000,6.000,12.000,12.000,6.000,6.000,6.000,6.000,6.000,6.000,0.131626,0.043985,0.131322,0.043971,0.124200,0.049716,0.125112,0.049757,0.000000,0.000305,1.000000,3.000000,1.000000,0.000000,0.119699,-0.050508,0.036384,0.135348,0.112343
3.3400,0.12845,0.03280,0.48137,0.99999,0.00232,-0.00169,-0.00354,0.12523,0.02289,0.31520,0.31446,0.00465,0.04381,1,0.03596,0.00465,0.034897,0.00450,-0.1992,-0.0005,0.0067,-0.8365,-0.0665,-1.0750,1.0794,0,0.04900,0.01900,0.1465,0.0000,0.128600,0.053545,0.0444,-5.5461,64.5997,-0.1155,-5.6772,64.6151,0.0000,0.0000,0.0000,0.0000,0.0000,0.0000,0.049002,0.013733,64.5373,0.048998,0.014391,64.6151,0.000000,0.000000,0.0000,0.000000,0.000000,0.0000,-0.08938,-0.15387,0.04856,0.37978,-0.41784,0.13630,-0.00923,-0.12191,-0.25753,0.66393,-0.42531,0.11524,-0.13986,0.00241,0.01524,0.01106,-0.24302,3.22238,0.61380,0.78498,3.14226,-0.65802,-0.01937,-0.49164,-0.29305,0.25390,-0.49632,0.03204,-0.19958,0.00319,-0.41988,-0.03129,6.000,6.000,12.000,12.000,6.000,6.000,6.000,6.000,12.000,12.000,6.000,6.000,6.000,6.000,6.000,6.000,0.131796,0.043804,0.131523,0.043809,0.124200,0.049716,0.125017,0.049702,0.000000,0.000273,1.000000,3.000000,1.000000,0.000000,0.120344,-0.050504,0.036733,0.135631,0.113767
3.3450,0.12855,0.03353,0.48132,0.99999,0.00229,-0.00171,-0.00353,0.12541,0.02346,0.31519,0.31446,0.00464,0.04364,1,0.03623,0.00464,0.034918,0.00397,-0.1823,-0.0005,0.0297,-0.8148,-0.1405,-0.7255,1.0082,0,0.04900,0.01900,0.1471,1.1669,0.128586,0.053392,0.1967,-5.4022,64.1089,-0.0148,-5.7073,64.6588,0.0000,0.0000,0.0000,-1.8660,0.0000,2.6657,0.049002,0.014122,64.0397,0.048998,0.014210,64.6588,0.000000,0.000000,0.0000,-0.048999,0.008391,2.6657,-0.09195,-0.15604,0.04873,0.37902,-0.41717,0.13727,-0.00964,-0.12450,-0.25918,0.67004,-0.43690,0.11700,-0.14266,0.00310,0.00681,0.01098,-0.23667,3.18074,0.63605,0.81900,3.12318,-0.66824,-0.01947,-0.48741,-0.35632,0.24666,-0.58633,0.03990,-0.23697,0.00433,-0.46957,-0.03094,6.000,6.000,12.000,12.000,6.000,6.000,6.000,6.000,12.000,12.000,6.000,6.000,6.000,6.000,6.000,6.000,0.131818,0.043595,0.131731,0.043641,0.124200,0.049716,0.124463,0.049578,0.000000,0.000099,1.000000,3.000000,1.000000,0.000000,0.121067,-0.050499,0.037123,0.136301,0.115237
3.3500,0.12864,0.03423,0.48127,0.99999,0.00224,-0.00173,-0.00350,0.12559,0.02401,0.31519,0.31446,0.00459,0.04347,1,0.03659,0.00459,0.034936,0.00350,-0.1724,-0.0005,0.0635,-0.7942,-0.2663,-0.3481,1.0027,0,0.04900,0.01900,0.1441,1.1669,0.128617,0.053702,0.4208,-5.2657,63.2750,0.1327,-5.5438,64.1661,0.0000,0.0000,0.0000,-1.8854,0.0000,2.6935,0.049003,0.014903,63.2021,0.048998,0.014496,64.1661,0.000000,0.000000,0.0000,-0.048997,0.007236,2.6935,-0.09460,-0.15810,0.04862,0.37869,-0.41668,0.13840,-0.01000,-0.12701,-0.26139,0.67827,-0.44979,0.11894,-0.14598,0.00395,-0.00255,0.01102,-0.23174,3.10158,0.67676,0.86536,3.09312,-0.70222,-0.01731,-0.47529,-0.45219,0.21772,-0.68505,0.04556,-0.28342,0.00566,-0.52690,-0.03045,6.000,6.000,12.000,12.000,6.000,6.000,6.000,6.000,12.000,12.000,6.000,6.000,6.000,6.000,6.000,6.000,0.131729,0.043386,0.131944,0.043469,0.124200,0.049716,0.123554,0.049467,0.000000,0.000231,1.000000,3.000000,1.000000,0.000000,0.121864,-0.050494,0.037553,0.137269,0.117000
3.3550,0.12871,0.03491,0.48121,0.99999,0.00218,-0.00174,-0.00347,0.12576,0.02454,0.31520,0.31446,0.00450,0.04329,1,0.03702,0.00450,0.034952,0.00310,-0.1636,-0.0005,0.0968,-0.7761,-0.3553,-0.0420,0.9559,0,0.04900,0.01900,0.1394,1.1669,0.128680,0.054314,0.6419,-5.1455,62.6846,0.3277,-5.2951,63.4277,0.0000,0.0000,0.0000,-1.9793,0.0000,2.8276,0.049001,0.015515,62.6094,0.048998,0.015085,63.4277,0.000000,0.000000,0.0000,-0.048997,0.006463,2.8276,-0.09728,-0.16004,0.04818,0.37890,-0.41642,0.13960,-0.01040,-0.12947,-0.26404,0.68838,-0.46457,0.12102,-0.14991,0.00498,-0.01290,0.01123,-0.22363,3.03975,0.72019,0.91384,3.07252,-0.73187,-0.01735,-0.46380,-0.53926,0.19048,-0.79240,0.05033,-0.32398,0.00854,-0.56574,-0.02626,6.000,6.000,12.000,12.000,6.000,6.000,6.000,6.000,12.000,12.000,6.000,6.000,6.000,6.000,6.000,6.000,0.131648,0.043192,0.132163,0.043292,0.124200,0.049716,0.122652,0.049415,0.000000,0.000526,1.000000,3.000000,1.000000,0.000000,0.122734,-0.050489,0.038020,0.138403,0.118937
3.3600,0.12877,0.03557,0.48114,0.99999,0.00210,-0.00175,-0.00343,0.12592,0.02505,0.31521,0.31446,0.00437,0.04311,1,0.03752,0.00437,0.034966,0.00263,-0.1561,-0.0005,0.1303,-0.7594,-0.4242,0.2137,0.8757,0,0.04900,0.01900,0.1370,1.1669,0.128735,0.054843,0.8638,-5.0346,62.2280,0.5313,-5.1404,62.8931,0.0000,0.0000,0.0000,-1.9888,0.0000,2.8411,0.049001,0.016051,62.1515,0.048998,0.015592,62.8931,0.000000,0.000000,0.0000,-0.048997,0.019000,2.8411,-0.09996,-0.16187,0.04740,0.37968,-0.41643,0.14078,-0.01070,-0.13188,-0.26696,0.70008,-0.48176,0.12400,-0.15450,0.00620,-0.02422,0.01160,-0.21328,2.98605,0.76726,0.96331,3.05760,-0.76060,-0.01887,-0.45231,-0.62074,0.16169,-0.90419,0.05438,-0.35987,0.01251,-0.58988,-0.01933,6.000,6.000,12.000,12.000,6.000,6.000,6.000,6.000,12.000,12.000,6.000,6.000,6.000,6.000,6.000,6.000,0.131569,0.043001,0.132389,0.043110,0.124200,0.049716,0.121739,0.049388,0.000000,0.000827,1.000000,3.000000,1.000000,0.000000,0.123675,-0.050483,0.038522,0.139598,0.121025
3.3650,0.12881,0.03620,0.48107,0.99999,0.00202,-0.00174,-0.00338,0.12607,0.02554,0.31522,0.31446,0.00422,0.04292,1,0.03807,0.00422,0.034978,0.00199,-0.1467,-0.0005,0.1624,-0.7432,-0.4713,0.4961,0.7035,0,0.04900,0.01900,0.1356,1.1669,0.128788,0.055345,1.0767,-4.9276,61.9155,0.7488,-5.0250,62.4632,0.0000,0.0000,0.0000,-2.2204,0.0000,3.1720,0.049001,0.016384,61.8382,0.048998,0.016069,62.4632,0.000000,0.000000,0.0000,-0.048999,0.019000,3.1720,-0.10256,-0.16359,0.04627,0.38105,-0.41674,0.14195,-0.01112,-0.13423,-0.26988,0.71269,-0.50250,0.12772,-0.15977,0.00761,-0.03645,0.01216,-0.19329,2.95047,0.81411,1.01024,3.04710,-0.78013,-0.01579,-0.44880,-0.68840,0.13331,-1.01871,0.08696,-0.39060,0.01741,-0.59781,-0.01006,6.000,6.000,12.000,12.000,6.000,6.000,6.000,6.000,12.000,12.000,6.000,6.000,6.000,6.000,6.000,6.000,0.131509,0.042805,0.132621,0.042923,0.124200,0.049716,0.120864,0.049361,0.000000,0.001118,1.000000,3.000000,1.000000,0.000000,0.124685,-0.050476,0.039057,0.140784,0.123997
3.3700,0.12883,0.03682,0.48099,0.99999,0.00193,-0.00172,-0.00335,0.12622,0.02601,0.31524,0.31446,0.00404,0.04273,1,0.03865,0.00404,0.034986,0.00156,-0.1327,-0.0006,0.1761,-0.7267,-0.3855,0.5573,0.4919,0,0.04900,0.01900,0.1355,0.0000,0.128827,0.055723,1.1674,-4.8181,62.4843,0.9545,-4.9647,62.1904,0.0000,0.0000,0.0000,0.0000,0.0000,0.0000,0.049001,0.016015,62.4053,0.048998,0.016422,62.1904,0.000000,0.000000,0.0000,0.000000,0.000000,0.0000,-0.10497,-0.16525,0.04485,0.38291,-0.41730,0.14314,-0.01219,-0.13655,-0.27260,0.72528,-0.52787,0.13150,-0.16566,0.00920,-0.04942,0.01292,-0.17306,2.98715,0.84315,1.03921,3.07030,-0.76935,-0.02945,-0.45345,-0.69111,0.13832,-1.14052,0.09038,-0.39366,0.02471,-0.56362,0.00443,6.000,6.000,12.000,12.000,6.000,6.000,6.000,6.000,12.000,12.000,6.000,6.000,6.000,6.000,6.000,6.000,0.131652,0.042593,0.132859,0.042731,0.124200,0.049716,0.120576,0.049302,0.000000,0.001216,1.000000,3.000000,1.000000,0.000000,0.125762,-0.050469,0.039621,0.141946,0.127722
3.3750,0.12885,0.03741,0.48090,0.99999,0.00183,-0.00169,-0.00330,0.12637,0.02646,0.31524,0.31446,0.00387,0.04253,1,0.03931,0.00387,0.034994,0.00172,-0.1232,-0.0006,0.2051,-0.7077,-0.4012,0.6962,0.2421,0,0.04900,0.01900,0.1395,1.1669,0.128812,0.055632,1.3600,-4.6922,62.3801,1.1278,-5.1053,62.4806,0.0000,0.0000,0.0000,-3.3481,0.0000,4.7830,0.049001,0.016359,62.3015,0.048998,0.016304,62.4806,0.000000,0.000000,0.0000,-0.048998,0.001856,4.7830,-0.10717,-0.16682,0.04322,0.38514,-0.41801,0.14438,-0.01342,-0.13885,-0.27566,0.73949,-0.55386,0.13528,-0.17214,0.01096,-0.06295,0.01387,-0.15716,2.95678,0.89609,1.07814,3.07247,-0.79150,-0.03323,-0.44641,-0.74695,0.10042,-1.22740,0.10652,-0.41216,0.02972,-0.55188,0.01506,6.000,6.000,12.000,12.000,6.000,6.000,6.000,6.000,12.000,12.000,6.000,6.000,6.000,6.000,6.000,6.000,0.131637,0.042343,0.133105,0.042533,0.124200,0.049716,0.119796,0.049145,0.000000,0.001480,1.000000,3.000000,1.000000,0.000000,0.126903,-0.050462,0.040213,0.143144,0.131495
3.3800,0.12886,0.03799,0.48082,0.99999,0.00172,-0.00166,-0.00327,0.12652,0.02689,0.31526,0.31446,0.00367,0.04233,1,0.04004,0.00367,0.035001,0.00099,-0.1284,-0.0006,0.2542,-0.6892,-0.5466,0.8933,0.1810,0,0.04900,0.01900,0.1390,1.1669,0.128851,0.056015,1.6853,-4.5695,61.4165,1.3495,-5.0136,62.2761,0.0000,0.0000,0.0000,-3.3570,0.0000,4.7957,0.049002,0.017716,61.3404,0.048998,0.016664,62.2761,0.000000,0.000000,0.0000,-0.048997,-0.001758,4.7957,-0.10938,-0.16834,0.04135,0.38774,-0.41871,0.14590,-0.01505,-0.14117,-0.27886,0.75498,-0.58081,0.13871,-0.17921,0.01289,-0.07695,0.01504,-0.15348,2.83219,0.97901,1.13356,3.04640,-0.86338,-0.03404,-0.41630,-0.86860,0.01535,-1.30392,0.09354,-0.44842,0.03321,-0.56136,0.02317,6.000,6.000,12.000,12.000,6.000,6.000,6.000,6.000,12.000,12.000,6.000,6.000,6.000,6.000,6.000,6.000,0.131413,0.042085,0.133357,0.042330,0.124200,0.049716,0.118367,0.048983,0.000000,0.001960,1.000000,3.000000,1.000000,0.000000,0.128107,-0.050454,0.040829,0.144380,0.135280
3.3850,0.12887,0.03855,0.48072,0.99999,0.00162,-0.00162,-0.00326,0.12665,0.02730,0.31528,0.31446,0.00346,0.04212,1,0.04080,0.00346,0.035006,0.00127,-0.1115,-0.0006,0.3046,-0.6724,-0.6219,1.1027,0.1204,0,0.04900,0.01900,0.1428,0.0000,0.129119,0.058353,2.0192,-4.4579,60.9172,1.6504,-4.9558,60.9581,0.0000,0.0000,0.0000,0.0000,0.0000,0.0000,0.049001,0.018755,60.8454,0.048997,0.018993,60.9581,0.000000,0.000000,0.0000,0.000000,0.000000,0.0000,-0.11187,-0.16984,0.03917,0.39077,-0.41943,0.14781,-0.01756,-0.14348,-0.28178,0.77019,-0.61068,0.14124,-0.18687,0.01500,-0.09144,0.01645,-0.18006,2.73300,1.06866,1.19268,3.05307,-0.90392,-0.03277,-0.38940,-0.98490,-0.07584,-1.37176,0.08518,-0.48051,0.03721,-0.56583,0.03267,6.000,6.000,12.000,12.000,6.000,6.000,6.000,6.000,12.000,12.000,6.000,6.000,6.000,6.000,6.000,6.000,0.131179,0.041834,0.133616,0.042121,0.124200,0.049716,0.116888,0.048857,0.000000,0.002454,1.000000,3.000000,1.000000,0.000000,0.129372,-0.050446,0.041467,0.145901,0.138706
3.3900,0.12887,0.03908,0.48062,0.99999,0.00151,-0.00156,-0.00328,0.12678,0.02770,0.31530,0.31446,0.00325,0.04191,1,0.04159,0.00325,0.035014,0.00179,-0.1189,-0.0006,0.3482,-0.6647,-0.5709,1.0062,-0.1288,0,0.04900,0.01900,0.1223,1.1669,0.129004,0.057478,2.3086,-4.4073,61.2555,1.8909,-4.0862,61.3606,0.0000,0.0000,0.0000,-3.9005,0.0000,5.5722,0.049001,0.018886,61.1890,0.048997,0.018086,61.3606,0.000000,0.000000,0.0000,-0.049000,-0.001179,5.5722,-0.11433,-0.17121,0.03675,0.39427,-0.42053,0.14912,-0.02050,-0.14580,-0.28455,0.78530,-0.64146,0.14374,-0.19512,0.01728,-0.10630,0.01811,-0.21714,2.71869,1.15864,1.25213,3.08636,-0.93009,-0.04365,-0.37124,-1.05499,-0.15377,-1.41129,0.04842,-0.49739,0.04243,-0.55771,0.04382,6.000,6.000,12.000,12.000,6.000,6.000,6.000,6.000,12.000,12.000,6.000,6.000,6.000,6.000,6.000,6.000,0.131024,0.041669,0.133883,0.041905,0.124200,0.049716,0.115622,0.049008,0.000000,0.002869,1.000000,3.000000,1.000000,0.000000,0.130694,-0.050438,0.042123,0.147811,0.141235
3.3950,0.12887,0.03960,0.48052,0.99999,0.00139,-0.00150,-0.00335,0.12691,0.02808,0.31533,0.31446,0.00311,0.04168,1,0.04240,0.00311,0.035020,0.00100,-0.1327,-0.0006,0.3863,-0.6606,-0.6398,1.1672,-0.4306,0,0.04900,0.01900,0.1276,1.1669,0.129104,0.058406,2.5613,-4.3797,60.7984,2.2250,-4.1261,61.2201,0.0000,0.0000,0.0000,-3.8171,0.0000,5.4530,0.049001,0.019001,60.7339,0.048997,0.018993,61.2201,0.000000,0.000000,0.0000,-0.048999,0.019000,5.4530,-0.11800,-0.17252,0.03389,0.39821,-0.42149,0.15089,-0.02337,-0.14806,-0.28687,0.79981,-0.67340,0.14760,-0.20368,0.01975,-0.12162,0.02000,-0.37603,2.68543,1.24598,1.31580,3.09819,-0.94144,-0.03987,-0.35894,-1.10647,-0.22869,-1.45160,0.07472,-0.40377,0.06516,-0.63546,0.04095,6.000,6.000,12.000,12.000,6.000,6.000,6.000,6.000,12.000,12.000,6.000,6.000,6.000,6.000,6.000,6.000,0.130934,0.041531,0.134157,0.041684,0.124200,0.049716,0.114530,0.049256,0.000000,0.003227,1.000000,3.000000,1.000000,0.000000,0.132073,-0.050429,0.042794,0.149119,0.143738
3.4000,0.12887,0.04010,0.48043,0.99999,0.00127,-0.00142,-0.00345,0.12704,0.02845,0.31535,0.31446,0.00298,0.04146,1,0.04323,0.00298,0.035029,0.00186,-0.1141,-0.0006,0.4235,-0.6690,-0.6048,1.3163,-0.5089,0,0.04900,0.01900,0.0928,1.1669,0.128887,0.056825,2.8078,-4.4356,61.0308,2.2843,-2.5687,61.7641,0.0000,0.0000,0.0000,-4.5403,0.0000,6.4862,0.049004,0.019004,60.9697,0.048997,0.017373,61.7641,0.000000,0.000000,0.0000,-0.048998,0.003566,6.4862,-0.12241,-0.17370,0.03075,0.40258,-0.42271,0.15214,-0.02663,-0.15032,-0.28895,0.81397,-0.70517,0.15117,-0.21251,0.02240,-0.13728,0.02213,-0.35916,2.66075,1.29721,1.34905,3.12117,-0.93532,-0.04174,-0.34512,-1.14417,-0.30316,-1.47725,0.08920,-0.46295,0.06209,-0.56985,0.06089,6.000,6.000,12.000,12.000,6.000,6.000,6.000,6.000,12.000,12.000,6.000,6.000,6.000,6.000,6.000,6.000,0.130861,0.041516,0.134439,0.041457,0.124200,0.049716,0.113464,0.049896,0.000000,0.003579,1.000000,3.000000,1.000000,0.000000,0.133507,-0.050420,0.043477,0.150886,0.147605
3.4050,0.12887,0.04058,0.48033,0.99999,0.00116,-0.00137,-0.00364,0.12716,0.02881,0.31538,0.31446,0.00284,0.04122,1,0.04408,0.00284,0.035036,0.00124,-0.1364,-0.0006,0.4567,-0.6744,-0.8035,1.4892,-0.6127,0,0.04900,0.01900,0.1193,1.1669,0.129077,0.058461,3.0277,-4.4713,59.7128,2.7285,-3.3945,60.8683,0.0000,0.0000,0.0000,-3.9344,0.0000,5.6205,0.049004,0.019004,59.6536,0.048997,0.018993,60.8683,0.000000,0.000000,0.0000,-0.048997,-0.019000,5.6205,-0.12940,-0.17483,0.02702,0.40751,-0.42385,0.15358,-0.03077,-0.15259,-0.29056,0.82732,-0.73775,0.15308,-0.22092,0.02529,-0.15375,0.02448,-0.83695,2.59692,1.41609,1.44624,3.14155,-0.91867,-0.03913,-0.30978,-1.19203,-0.37937,-1.51874,0.07529,-0.15239,0.11775,-0.85423,0.02575,6.000,6.000,12.000,12.000,6.000,6.000,6.000,6.000,12.000,12.000,6.000,6.000,6.000,6.000,6.000,6.000,0.130837,0.041459,0.134729,0.041223,0.124200,0.049716,0.112523,0.050426,0.000000,0.003899,1.000000,3.000000,1.000000,0.000000,0.134992,-0.050411,0.044168,0.152143,0.151169
3.4100,0.12888,0.04105,0.48025,0.99999,0.00104,-0.00133,-0.00391,0.12728,0.02916,0.31542,0.31446,0.00273,0.04098,1,0.04493,0.00273,0.035043,0.00190,-0.1224,-0.0006,0.4962,-0.7253,-0.7668,1.2627,-0.1826,0,0.04900,0.01900,0.0696,1.1669,0.128442,0.054045,3.2896,-4.8090,59.9564,2.5206,0.5989,62.0755,0.0000,0.0000,0.0000,-5.0364,0.0000,7.1949,0.049004,0.019004,59.8957,0.048997,0.014506,62.0755,0.000000,0.000000,0.0000,-0.048999,0.000275,7.1949,-0.13924,-0.17589,0.02265,0.41305,-0.42495,0.15500,-0.03505,-0.15487,-0.29167,0.83992,-0.77028,0.15514,-0.22878,0.02841,-0.17099,0.02704,-0.77608,2.54756,1.44616,1.47054,3.15108,-0.91563,-0.05023,-0.27021,-1.22543,-0.45948,-1.53695,0.01947,-0.27121,0.10232,-0.72225,0.05773,6.000,6.000,12.000,12.000,6.000,6.000,6.000,6.000,12.000,12.000,6.000,6.000,6.000,6.000,6.000,6.000,0.130752,0.041881,0.135027,0.040982,0.124200,0.049716,0.111375,0.052413,0.000000,0.004368,1.000000,3.000000,1.000000,0.000000,0.136527,-0.050401,0.044864,0.153579,0.153078
3.4150,0.12889,0.04149,0.48017,0.99999,0.00091,-0.00129,-0.00425,0.12739,0.02952,0.31546,0.31446,0.00265,0.04073,1,0.04575,0.00265,0.035049,0.00181,-0.1394,-0.0006,0.5322,-0.7613,-0.9777,1.5453,-0.1391,0,0.04900,0.01900,0.0793,1.1669,0.128409,0.054280,3.5287,-5.0477,58.5580,2.9063,-0.5333,62.0846,0.0000,0.0000,0.0000,-4.6806,0.0000,6.6866,0.049006,0.019006,58.4986,0.048997,0.014709,62.0846,0.000000,0.000000,0.0000,-0.048998,0.019000,6.6866,-0.15221,-0.17678,0.01754,0.41932,-0.42616,0.15607,-0.03907,-0.15706,-0.29207,0.85088,-0.80154,0.15895,-0.23593,0.03177,-0.18907,0.02977,-1.09068,2.46159,1.53679,1.54858,3.13887,-0.90163,-0.03656,-0.23415,-1.26886,-0.54423,-1.57300,0.06235,-0.09339,0.13508,-0.89942,0.03908,6.000,6.000,12.000,12.000,6.000,6.000,6.000,6.000,12.000,12.000,6.000,6.000,6.000,6.000,6.000,6.000,0.130712,0.042136,0.135334,0.040735,0.124200,0.049716,0.110332,0.053921,0.000000,0.004830,1.000000,3.000000,1.000000,0.000000,0.138111,-0.050391,0.045562,0.155002,0.155143
3.4200,0.12891,0.04193,0.48010,0.99999,0.00076,-0.00121,-0.00474,0.12750,0.02987,0.31550,0.31446,0.00258,0.04048,1,0.04628,0.00258,0.035054,0.00244,-0.1379,-0.0006,0.5043,-0.8219,-0.8973,1.7317,-0.3299,0,0.04900,0.01900,0.0990,0.0000,0.129025,0.058544,3.3435,-5.4493,59.0909,3.4166,-0.5001,58.1591,0.0000,0.0000,0.0000,0.0000,0.0000,0.0000,0.049013,0.019013,59.0238,0.048997,0.018994,58.1591,0.000000,0.000000,0.0000,0.000000,0.000000,0.0000,-0.16781,-0.17752,0.01161,0.42612,-0.42711,0.15726,-0.04382,-0.15910,-0.29242,0.85674,-0.82266,0.16229,-0.24245,0.03526,-0.20773,0.03269,-0.86210,2.43906,1.43709,1.48415,3.10411,-0.91360,-0.05855,-0.21655,-1.13734,-0.52003,-1.51719,0.07634,-0.24912,0.11039,-0.65477,0.08562,6.000,6.000,12.000,12.000,6.000,6.000,6.000,6.000,12.000,12.000,6.000,6.000,6.000,6.000,6.000,6.000,0.131362,0.042648,0.135649,0.040481,0.124200,0.049716,0.111339,0.056217,0.000000,0.004803,1.000000,3.000000,1.000000,0.000000,0.139740,-0.050380,0.046258,0.156072,0.158954
3.4250,0.12894,0.04235,0.48005,0.99999,0.00057,-0.00108,-0.00530,0.12763,0.03022,0.31553,0.31446,0.00242,0.04022,1,0.04663,0.00242,0.035064,0.00327,-0.1541,-0.0006,0.4676,-0.8452,-0.8329,2.2667,-1.2884,0,0.04900,0.01900,0.1163,0.0482,0.129004,0.058567,3.1001,-5.6035,59.5181,3.3681,-2.3066,58.5327,0.0000,0.0000,0.0000,0.1757,0.0000,6.0830,0.049012,0.019012,59.4486,0.048997,0.018994,58.5327,0.000000,0.000000,0.0000,-0.048995,-0.000784,6.0830,-0.18515,-0.17805,0.00508,0.43325,-0.42783,0.15829,-0.04826,-0.16098,-0.29341,0.86005,-0.83499,0.16547,-0.24859,0.03887,-0.22644,0.03578,-0.90112,2.42046,1.38965,1.45609,3.11677,-0.92275,-0.07324,-0.17747,-1.02605,-0.49962,-1.30606,0.07720,-0.20963,0.11710,-0.63829,0.09445,6.000,6.000,12.000,12.000,6.000,6.000,6.000,6.000,12.000,12.000,6.000,6.000,6.000,6.000,6.000,6.000,0.132119,0.042752,0.135974,0.040219,0.124200,0.049716,0.112637,0.057315,0.000000,0.004612,1.000000,3.000000,1.000000,0.000000,0.141413,-0.050370,0.046950,0.157258,0.162287
3.4300,0.12897,0.04276,0.48002,0.99998,0.00035,-0.00092,-0.00592,0.12776,0.03057,0.31557,0.31446,0.00216,0.03995,1,0.04684,0.00216,0.035073,0.00323,-0.1757,-0.0006,0.4458,-0.8755,-0.9262,2.9162,-2.0189,0,0.04900,0.01900,0.1130,0.0285,0.128980,0.058583,2.9557,-5.8045,58.8999,3.2680,-2.2816,58.8036,0.0000,0.0000,0.0000,0.1067,0.0027,6.2540,0.049006,0.019006,58.8288,0.048997,0.018994,58.8036,0.000000,0.000000,0.0000,-0.048992,-0.000475,6.2540,-0.20478,-0.17837,-0.00208,0.44073,-0.42826,0.15938,-0.05237,-0.16267,-0.29492,0.86165,-0.84122,0.16857,-0.25411,0.04260,-0.24529,0.03905,-1.06277,2.37852,1.38952,1.46201,3.10738,-0.91381,-0.07488,-0.15287,-0.97555,-0.50450,-1.13353,0.07196,-0.09776,0.13586,-0.72761,0.08636,6.000,6.000,12.000,12.000,6.000,6.000,6.000,6.000,12.000,12.000,6.000,6.000,6.000,6.000,6.000,6.000,0.132730,0.042922,0.136307,0.039950,0.124200,0.049716,0.113469,0.058633,0.000000,0.004651,1.000000,3.000000,1.000000,0.000000,0.143128,-0.050359,0.047632,0.158290,0.165466
3.4350,0.12902,0.04316,0.48000,0.99998,0.00011,-0.00075,-0.00659,0.12791,0.03091,0.31560,0.31446,0.00184,0.03967,1,0.04697,0.00184,0.035084,0.00222,-0.1761,-0.0006,0.4278,-0.9185,-0.9999,3.4609,-2.3957,0,0.04900,0.01900,0.1047,0.0571,0.128957,0.058594,2.8362,-6.0893,58.4113,3.2693,-1.6263,58.1613,0.0000,0.0000,0.0000,-0.2180,0.0148,6.3776,0.049013,0.019013,58.3393,0.048997,0.018994,58.1613,0.000000,0.000000,0.0000,-0.048993,0.000150,6.3776,-0.22670,-0.17845,-0.00978,0.44867,-0.42875,0.15992,-0.05619,-0.16422,-0.29679,0.86212,-0.84329,0.17170,-0.25884,0.04650,-0.26438,0.04246,-1.15735,2.32742,1.39347,1.46550,3.09531,-0.90199,-0.07259,-0.13392,-0.94761,-0.50875,-1.01546,0.07063,-0.04864,0.14423,-0.75496,0.08826,6.000,6.000,12.000,12.000,6.000,6.000,6.000,6.000,12.000,12.000,6.000,6.000,6.000,6.000,6.000,6.000,0.133314,0.043219,0.136650,0.039673,0.124200,0.049716,0.114193,0.060354,0.000000,0.004868,1.000000,3.000000,1.000000,0.000000,0.144882,-0.050348,0.048303,0.159377,0.168574
3.4400,0.12907,0.04355,0.47998,0.99997,-0.00014,-0.00057,-0.00731,0.12806,0.03126,0.31565,0.31446,0.00150,0.03939,1,0.04703,0.00150,0.035088,0.00093,-0.1530,-0.0007,0.4137,-0.9643,-1.0439,3.8548,-2.5884,0,0.04900,0.01900,0.1044,0.1579,0.128936,0.058599,2.7427,-6.3930,58.1192,3.3147,-1.4377,57.6631,0.0000,0.0000,0.0000,-0.6006,-0.0129,6.3432,0.049007,0.019007,58.0438,0.048997,0.018994,57.6631,0.000000,0.000000,0.0000,-0.048994,0.000707,6.3432,-0.25137,-0.17839,-0.01808,0.45696,-0.42893,0.16078,-0.05994,-0.16562,-0.29891,0.86180,-0.84264,0.17451,-0.26273,0.05054,-0.28369,0.04602,-1.23547,2.27557,1.41326,1.47180,3.09700,-0.88085,-0.06835,-0.11837,-0.93768,-0.51487,-0.93915,0.07101,-0.02530,0.14838,-0.76504,0.09271,6.000,6.000,12.000,12.000,6.000,6.000,6.000,6.000,12.000,12.000,6.000,6.000,6.000,6.000,6.000,6.000,0.133870,0.043539,0.137002,0.039389,0.124200,0.049716,0.114803,0.062166,0.000000,0.005199,1.000000,3.000000,1.000000,0.000000,0.146674,-0.050336,0.048959,0.159922,0.171700
3.4450,0.12914,0.04392,0.47996,0.99997,-0.00039,-0.00040,-0.00806,0.12823,0.03160,0.31569,0.31446,0.00115,0.03910,1,0.04704,0.00115,0.035089,0.00209,-0.1220,-0.0007,0.3933,-1.0052,-1.0290,4.0705,-2.5956,0,0.04900,0.01900,0.1086,0.3265,0.128915,0.058597,2.6079,-6.6648,58.2184,3.4373,-1.4538,57.2866,0.0000,0.0000,0.0000,-0.8257,0.5018,4.9328,0.049006,0.019006,58.1431,0.048997,0.018994,57.2866,0.000000,0.000000,0.0000,-0.048991,-0.019000,4.9328,-0.27824,-0.17816,-0.02677,0.46554,-0.42913,0.16140,-0.06437,-0.16689,-0.30122,0.86076,-0.84027,0.17585,-0.26584,0.05474,-0.30315,0.04975,-1.27317,2.24071,1.45495,1.48095,3.11137,-0.87126,-0.07131,-0.11656,-0.94312,-0.52298,-0.89091,0.04260,-0.03246,0.14759,-0.74485,0.10163,6.000,6.000,12.000,12.000,6.000,6.000,6.000,6.000,12.000,12.000,6.000,6.000,6.000,6.000,6.000,6.000,0.134506,0.043799,0.137365,0.039097,0.124200,0.049716,0.115624,0.063823,0.000000,0.005503,1.000000,3.000000,1.000000,0.000000,0.148502,-0.050325,0.049597,0.160783,0.174511
3.4500,0.12922,0.04428,0.47995,0.99996,-0.00065,-0.00023,-0.00883,0.12841,0.03194,0.31573,0.31446,0.00081,0.03880,1,0.04703,0.00081,0.035079,-0.00367,-0.1508,-0.0007,0.3677,-1.0286,-1.0645,4.0840,-2.7713,0,0.04900,0.01900,0.1214,0.3739,0.128896,0.058587,2.4377,-6.8198,57.9825,3.5957,-2.0880,57.0752,0.0000,0.0000,0.0000,-1.4023,-0.2122,6.3230,0.049007,0.019007,57.9079,0.048997,0.018994,57.0752,0.000000,0.000000,0.0000,-0.048994,0.002667,6.3230,-0.30743,-0.17776,-0.03585,0.47432,-0.42910,0.16226,-0.06824,-0.16808,-0.30359,0.85967,-0.83690,0.17773,-0.26825,0.05906,-0.32272,0.05360,-1.29639,2.19478,1.52420,1.50566,3.08466,-0.92003,-0.07002,-0.10235,-0.95688,-0.53669,-0.86917,0.02852,-0.01518,0.15101,-0.76735,0.10246,6.000,6.000,12.000,12.000,6.000,6.000,6.000,6.000,12.000,12.000,6.000,6.000,6.000,6.000,6.000,6.000,0.135213,0.043970,0.137738,0.038796,0.124200,0.049716,0.116624,0.064916,0.000322,0.005757,1.000000,3.000000,1.000000,0.000000,0.150363,-0.050313,0.050213,0.161396,0.175854
3.4550,0.12930,0.04462,0.47993,0.99995,-0.00091,-0.00007,-0.00965,0.12860,0.03228,0.31577,0.31446,0.00130,0.03849,1,0.04702,0.00130,0.035068,-0.00437,-0.0102,-0.0007,0.2917,-0.9941,-0.9741,4.5906,-2.5652,0,0.04900,0.01900,0.1052,0.5614,0.126595,0.051839,1.9341,-6.5911,58.5817,3.7392,0.9467,61.1046,0.0000,0.0000,0.0000,-1.9411,-0.2300,5.8041,0.049006,0.019006,58.5112,0.048998,0.011889,61.1046,0.000000,0.000000,0.0000,-0.048995,0.006547,5.8041,-0.33840,-0.17708,-0.04515,0.48339,-0.42959,0.16184,-0.07172,-0.16922,-0.30598,0.85855,-0.83304,0.17986,-0.26974,0.06352,-0.34282,0.05757,-1.52938,2.16405,1.59990,1.53113,3.18169,-0.84988,-0.05564,-0.08004,-0.97350,-0.55252,-0.86720,0.03933,0.10366,0.16951,-0.97324,0.07686,6.000,6.000,12.000,12.000,6.000,6.000,6.000,6.000,12.000,12.000,6.000,6.000,6.000,6.000,6.000,6.000,0.136470,0.043298,0.138121,0.038487,0.124200,0.049716,0.119245,0.064151,0.000000,0.005087,1.000000,3.000000,1.000000,0.000000,0.152255,-0.050301,0.050805,0.162256,0.177725
3.4600,0.12940,0.04495,0.47991,0.99994,-0.00116,0.00009,-0.01058,0.12879,0.03263,0.31581,0.31446,0.00182,0.03817,1,0.04698,0.00182,0.035040,-0.00333,0.0075,-0.0006,0.2555,-1.0073,-1.0377,4.3443,-2.5700,0,0.04900,0.01900,0.1234,0.7078,0.128859,0.058547,1.6938,-6.6786,58.1605,4.0215,-1.3364,57.2560,0.0000,0.0000,0.0000,-1.7860,0.5379,4.3929,0.049007,0.019007,58.0854,0.048998,0.018995,57.2560,0.000000,0.000000,0.0000,-0.048991,-0.019000,4.3929,-0.37223,-0.17633,-0.05482,0.49242,-0.42949,0.16243,-0.07561,-0.17027,-0.30841,0.85726,-0.82905,0.18079,-0.27020,0.06810,-0.36372,0.06164,-1.49637,2.08961,1.66478,1.54347,3.15155,-0.87075,-0.05084,-0.06856,-0.99586,-0.57429,-0.87644,0.03028,0.08564,0.16568,-0.96750,0.08462,6.000,6.000,12.000,12.000,6.000,6.000,6.000,6.000,12.000,12.000,6.000,6.000,6.000,6.000,6.000,6.000,0.137316,0.043365,0.138516,0.038168,0.124200,0.049716,0.120601,0.064916,0.000389,0.005333,1.000000,3.000000,1.000000,0.000000,0.154176,-0.050289,0.051370,0.161841,0.179860
3.4650,0.12951,0.04526,0.47989,0.99993,-0.00139,0.00026,-0.01155,0.12899,0.03297,0.31584,0.31446,0.00231,0.03784,1,0.04696,0.00231,0.035009,-0.00915,-0.0147,-0.0006,0.2486,-0.9967,-1.0666,4.2174,-2.6865,1,0.04900,0.01900,0.1269,0.7046,0.125085,0.049499,1.6479,-6.6079,57.9689,4.5300,1.2930,61.9039,0.0000,0.0000,0.0000,-2.4784,-0.3500,5.9217,0.029974,0.019015,57.9013,0.048998,0.009229,61.9039,0.000000,0.000000,0.0000,-0.048995,0.005471,5.9217,-0.40722,-0.17528,-0.06464,0.50164,-0.42985,0.16185,-0.07893,-0.17131,-0.31089,0.85622,-0.82514,0.18238,-0.26982,0.07279,-0.38523,0.06571,-1.49637,2.08961,1.66478,1.54347,3.15155,-0.87075,-0.05084,-0.06856,-0.99586,-0.57429,-0.87644,0.03028,0.08564,0.16568,-0.96750,0.08462,6.000,6.000,12.000,12.000,6.000,6.000,6.000,6.000,12.000,12.000,6.000,6.000,6.000,6.000,6.000,6.000,0.137863,0.043670,0.138921,0.037841,0.124200,0.049716,0.121025,0.064916,0.002285,0.005924,1.000000,3.000000,1.000000,0.000000,0.156124,-0.050276,0.051904,0.162428,0.180788
3.4700,0.12963,0.04556,0.47987,0.99992,-0.00160,0.00045,-0.01259,0.12920,0.03331,0.31588,0.31446,0.00279,0.03751,1,0.04695,0.00279,0.034992,0.00982,0.1296,-0.0006,0.1942,-0.9861,-1.0145,4.4600,-3.0239,0,0.04900,0.01900,0.1349,0.6282,0.128826,0.058475,1.2875,-6.5375,58.3139,4.0388,-2.2222,56.9720,0.0000,0.0000,0.0000,-2.3388,-0.2673,6.2464,0.049013,0.019013,58.2426,0.048998,0.018995,56.9720,0.000000,0.000000,0.0000,-0.048996,0.005700,6.2464,-0.44270,-0.17419,-0.07486,0.51121,-0.42969,0.16172,-0.08184,-0.17238,-0.31335,0.85533,-0.82146,0.18429,-0.26869,0.07756,-0.40749,0.06982,-1.56905,1.89911,1.83599,1.59501,3.19878,-0.86818,-0.02962,-0.01518,-1.05447,-0.62081,-0.91517,0.03198,0.07815,0.16215,-1.07600,0.07728,6.000,6.000,12.000,12.000,6.000,6.000,6.000,6.000,12.000,12.000,6.000,6.000,6.000,6.000,6.000,6.000,0.138931,0.043034,0.139338,0.037505,0.124200,0.049716,0.122977,0.064916,0.001385,0.005543,1.000000,3.000000,1.000000,0.000000,0.158097,-0.050264,0.052407,0.161847,0.182376
3.4750,0.12976,0.04584,0.47987,0.99991,-0.00170,0.00066,-0.01358,0.12942,0.03364,0.31593,0.31446,0.00322,0.03716,1,0.04693,0.00322,0.035063,0.01287,-0.3294,-0.0006,0.2322,-0.9758,-1.5516,2.8269,-3.4633,1,0.04900,0.01900,0.5177,0.9797,0.102322,0.071841,1.5395,-6.4696,54.7529,13.7268,-19.3023,76.2722,0.0000,0.0000,0.0000,-2.4016,0.5268,4.1834,0.025601,0.019006,54.6908,0.019309,0.018997,76.2722,0.000000,0.000000,0.0000,-0.048992,-0.019000,4.1834,-0.47450,-0.17342,-0.08597,0.52219,-0.42849,0.16162,-0.08552,-0.17366,-0.31569,0.85401,-0.81810,0.18506,-0.26696,0.08240,-0.43035,0.07389,-1.56905,1.89911,1.83599,1.59501,3.19878,-0.86818,-0.02962,-0.01518,-1.05447,-0.62081,-0.91517,0.03198,0.07815,0.16215,-1.07600,0.07728,6.000,6.000,12.000,12.000,6.000,6.000,6.000,6.000,12.000,12.000,6.000,6.000,6.000,6.000,6.000,6.000,0.139027,0.043463,0.139767,0.037159,0.124200,0.049716,0.121981,0.064916,0.003712,0.006347,1.000000,3.000000,1.000000,0.000000,0.160094,-0.050251,0.052874,0.161720,0.184293
3.4800,0.12990,0.04611,0.47987,0.99989,-0.00182,0.00091,-0.01456,0.12967,0.03394,0.31601,0.31446,0.00342,0.03680,1,0.04693,0.00342,0.035116,0.00845,-0.4155,-0.0006,0.2001,-0.9665,-1.7502,2.3185,-3.7534,1,0.04900,0.01900,0.1253,0.7447,0.128775,0.058346,1.3265,-6.4078,53.4364,3.9970,-1.4425,56.5325,0.0000,0.0000,0.0000,-2.7371,-0.4055,6.1933,0.024988,0.014975,53.3824,0.048998,0.018996,56.5325,0.000000,0.000000,0.0000,-0.048996,0.004938,6.1933,-0.50889,-0.17224,-0.09741,0.53319,-0.42715,0.16155,-0.08867,-0.17484,-0.31798,0.85293,-0.81507,0.18648,-0.26473,0.08733,-0.45381,0.07789,-1.56905,1.89911,1.83599,1.59501,3.19878,-0.86818,-0.02962,-0.01518,-1.05447,-0.62081,-0.91517,0.03198,0.07815,0.16215,-1.07600,0.07728,6.000,6.000,12.000,12.000,6.000,6.000,6.000,6.000,12.000,12.000,6.000,6.000,6.000,6.000,6.000,6.000,0.139893,0.043123,0.140207,0.036804,0.124200,0.049716,0.123257,0.064916,0.003757,0.006327,1.000000,3.000000,1.000000,0.000000,0.162111,-0.050238,0.053303,0.161622,0.185060
3.4850,0.13006,0.04637,0.47985,0.99988,-0.00194,0.00118,-0.01564,0.12992,0.03423,0.31609,0.31446,0.00366,0.03644,1,0.04694,0.00366,0.035165,0.01191,-0.3170,-0.0007,0.1652,-0.9572,-1.7539,2.7324,-4.5965,0,0.04900,0.01900,0.1430,0.8818,0.123676,0.049811,1.0954,-6.3460,53.4121,5.0305,1.7371,62.0268,0.0000,0.0000,0.0000,-2.9905,-0.3277,5.6868,0.049006,0.019006,53.3670,0.048998,0.009121,62.0268,0.000000,0.000000,0.0000,-0.048998,0.006812,5.6868,-0.54207,-0.17082,-0.10841,0.54401,-0.42654,0.16030,-0.09142,-0.17595,-0.32038,0.85217,-0.81243,0.18801,-0.26219,0.09226,-0.47784,0.08197,-1.33072,1.44891,1.87333,1.60037,2.96714,-0.81853,-0.03245,0.05266,-1.07979,-0.71494,-1.01039,0.02672,-0.05170,0.14049,-1.01083,0.09510,6.000,6.000,12.000,12.000,6.000,6.000,6.000,6.000,12.000,12.000,6.000,6.000,6.000,6.000,6.000,6.000,0.140803,0.042771,0.140661,0.036438,0.124200,0.049716,0.124626,0.064916,0.003799,0.006335,1.000000,3.000000,1.000000,0.000000,0.164147,-0.050225,0.053694,0.161549,0.186478
3.4900,0.13022,0.04664,0.47982,0.99985,-0.00204,0.00149,-0.01719,0.13018,0.03452,0.31616,0.31446,0.00392,0.03606,1,0.04694,0.00392,0.035246,0.01900,-0.4045,-0.0007,0.2828,-0.9481,-1.6041,2.5496,-5.0027,0,0.04900,0.01900,0.4050,0.5715,0.128719,0.058223,1.8753,-6.2861,54.4053,2.0568,-13.0698,54.4600,0.0000,0.0000,0.0000,-2.7396,-0.1885,8.0100,0.049016,0.019016,54.3771,0.048998,0.018996,54.4600,0.000000,0.000000,0.0000,-0.048998,0.003283,8.0100,-0.56394,-0.16979,-0.11698,0.55349,-0.42731,0.15704,-0.09325,-0.17713,-0.32326,0.85197,-0.81016,0.18958,-0.25937,0.09700,-0.50222,0.08638,-1.08110,1.26287,1.96638,1.57837,2.97191,-0.93032,-0.00860,0.07494,-1.13515,-0.74162,-1.02802,0.01846,-0.22949,0.10761,-0.70184,0.15426,6.000,6.000,12.000,12.000,6.000,6.000,6.000,6.000,12.000,12.000,6.000,6.000,6.000,6.000,6.000,6.000,0.140098,0.043530,0.141127,0.036062,0.124200,0.049716,0.121114,0.064916,0.007203,0.007538,1.000000,3.000000,1.000000,0.000000,0.166199,-0.050212,0.054043,0.160298,0.188007
3.4950,0.13039,0.04691,0.47977,0.99981,-0.00213,0.00180,-0.01919,0.13044,0.03477,0.31623,0.31446,0.00413,0.03568,1,0.04695,0.00413,0.035357,0.02463,-0.5871,-0.0008,0.3810,-0.9404,-1.5120,2.2574,-5.7391,0,0.04900,0.01900,0.3138,0.7207,0.128680,0.058166,2.5259,-6.2347,55.0159,2.4895,-10.0266,54.8712,0.0000,0.0000,0.0000,-2.3682,1.0218,5.9653,0.049017,0.019017,54.9907,0.048997,0.018995,54.8712,0.000000,0.000000,0.0000,-0.048995,-0.019000,5.9653,-0.57662,-0.16922,-0.12390,0.56218,-0.42863,0.15304,-0.09442,-0.17833,-0.32651,0.85214,-0.80825,0.19080,-0.25619,0.10158,-0.52747,0.09102,-1.44081,1.33229,2.23379,1.70975,3.09048,-1.00324,0.00487,0.09203,-1.12024,-0.76190,-1.06631,0.02748,-0.04012,0.13023,-1.22159,0.08361,6.000,6.000,12.000,12.000,6.000,6.000,6.000,6.000,12.000,12.000,6.000,6.000,6.000,6.000,6.000,6.000,0.139615,0.043068,0.141606,0.035675,0.124200,0.049716,0.118226,0.064916,0.006979,0.007657,1.000000,3.000000,1.000000,0.000000,0.168267,-0.050199,0.054349,0.157037,0.189577
3.5000,0.13055,0.04719,0.47970,0.99976,-0.00221,0.00210,-0.02176,0.13070,0.03498,0.31629,0.31446,0.00432,0.03528,1,0.04697,0.00432,0.035494,0.02931,-0.7417,-0.0009,0.4184,-0.9337,-1.4687,2.1897,-5.7648,0,0.04900,0.01900,0.2566,0.4532,0.128636,0.058123,2.7739,-6.1908,55.3026,3.5496,-7.8786,56.1443,0.0000,0.0000,0.0000,-2.5161,-0.0651,9.2574,0.049007,0.019007,55.2709,0.048997,0.018994,56.1443,0.000000,0.000000,0.0000,-0.048997,0.001943,9.2574,-0.58339,-0.16906,-0.13005,0.57073,-0.42970,0.14975,-0.09415,-0.17956,-0.33010,0.85288,-0.80665,0.19249,-0.25184,0.10603,-0.55558,0.09570,-1.94923,1.43821,2.50091,1.86566,3.21855,-1.01177,0.02383,0.10444,-1.12649,-0.78202,-1.09754,0.01429,0.21073,0.15959,-1.87764,-0.00797,6.000,6.000,12.000,12.000,6.000,6.000,6.000,6.000,12.000,12.000,6.000,6.000,6.000,6.000,6.000,6.000,0.139794,0.042135,0.142099,0.035278,0.124200,0.049716,0.117285,0.064916,0.005371,0.007234,1.000000,3.000000,1.000000,0.000000,0.170346,-0.050186,0.054610,0.153042,0.190801
3.5050,0.13070,0.04748,0.47961,0.99968,-0.00231,0.00236,-0.02501,0.13096,0.03517,0.31635,0.31446,0.00452,0.03487,1,0.04700,0.00452,0.035652,0.03346,-0.8765,-0.0011,0.5007,-0.9280,-1.3738,2.3661,-5.3972,0,0.04900,0.01900,0.2346,0.4032,0.128588,0.058096,3.3195,-6.1529,55.9322,4.6085,-6.5935,57.1532,0.0000,0.0000,0.0000,-2.4051,0.0085,9.9427,0.049013,0.019013,55.9078,0.048997,0.018993,57.1532,0.000000,0.000000,0.0000,-0.048997,0.002668,9.9427,-0.58659,-0.16934,-0.13604,0.57956,-0.43001,0.14822,-0.09237,-0.18078,-0.33406,0.85421,-0.80532,0.19444,-0.24561,0.11034,-0.58798,0.10004,-2.48491,1.41411,2.80673,2.04520,3.38345,-0.99945,0.09311,0.13501,-1.24829,-0.80960,-1.09892,0.02006,0.40314,0.17475,-2.29714,-0.07358,6.000,6.000,12.000,12.000,6.000,6.000,6.000,6.000,12.000,12.000,6.000,6.000,6.000,6.000,6.000,6.000,0.139510,0.041372,0.142606,0.034869,0.124200,0.049716,0.114910,0.064916,0.004309,0.007203,1.000000,3.000000,1.000000,0.000000,0.172436,-0.050173,0.054826,0.149749,0.192489
3.5100,0.13084,0.04777,0.47951,0.99958,-0.00242,0.00258,-0.02885,0.13123,0.03533,0.31642,0.31446,0.00473,0.03445,1,0.04703,0.00473,0.035834,0.03860,-1.0017,-0.0012,0.5882,-0.9231,-1.2551,2.5680,-4.7073,1,0.04900,0.01900,0.2352,0.4597,0.128535,0.058080,3.8995,-6.1203,56.7190,5.8769,-5.7929,58.4724,0.0000,0.0000,0.0000,-2.6751,-0.0868,9.7045,0.021257,0.019013,56.7182,0.048996,0.018992,58.4724,0.000000,0.000000,0.0000,-0.048997,0.003161,9.7045,-0.58759,-0.16995,-0.14220,0.58907,-0.42967,0.14828,-0.08971,-0.18195,-0.33838,0.85594,-0.80421,0.19600,-0.23757,0.11469,-0.62456,0.10378,-2.48491,1.41411,2.80673,2.04520,3.38345,-0.99945,0.09311,0.13501,-1.24829,-0.80960,-1.09892,0.02006,0.40314,0.17475,-2.29714,-0.07358,6.000,6.000,12.000,12.000,6.000,6.000,6.000,6.000,12.000,12.000,6.000,6.000,6.000,6.000,6.000,6.000,0.139188,0.040714,0.143128,0.034448,0.124200,0.049716,0.112379,0.064916,0.003599,0.007402,1.000000,3.000000,1.000000,0.000000,0.174535,-0.050159,0.054995,0.148216,0.194437
3.5150,0.13099,0.04806,0.47939,0.99944,-0.00256,0.00278,-0.03310,0.13152,0.03546,0.31650,0.31446,0.00502,0.03402,1,0.04707,0.00502,0.036043,0.04442,-1.1548,-0.0014,0.6502,-0.9189,-1.1817,3.0167,-4.2422,1,0.04900,0.01900,0.2244,0.4106,0.128480,0.058075,4.3111,-6.0923,57.2055,6.0115,-5.1518,58.8100,0.0000,0.0000,0.0000,-2.5327,-0.2353,10.3266,0.010567,0.008756,57.2385,0.048995,0.018992,58.8100,0.000000,0.000000,0.0000,-0.048996,0.002278,10.3266,-0.58717,-0.17072,-0.14874,0.59954,-0.42893,0.14940,-0.08636,-0.18306,-0.34297,0.85802,-0.80329,0.19762,-0.22813,0.11921,-0.66460,0.10686,-2.48491,1.41411,2.80673,2.04520,3.38345,-0.99945,0.09311,0.13501,-1.24829,-0.80960,-1.09892,0.02006,0.40314,0.17475,-2.29714,-0.07358,6.000,6.000,12.000,12.000,6.000,6.000,6.000,6.000,12.000,12.000,6.000,6.000,6.000,6.000,6.000,6.000,0.139156,0.040174,0.143664,0.034016,0.124200,0.049716,0.110675,0.064916,0.003275,0.007632,1.000000,3.000000,1.000000,0.000000,0.176640,-0.050146,0.055116,0.148278,0.195997
3.5200,0.13114,0.04835,0.47926,0.99928,-0.00275,0.00298,-0.03763,0.13182,0.03558,0.31660,0.31446,0.00539,0.03357,1,0.04712,0.00539,0.036283,0.05068,-1.3285,-0.0016,0.6929,-0.9153,-1.2092,3.7375,-4.1260,1,0.04900,0.01900,0.2194,0.3846,0.128425,0.058080,4.5941,-6.0683,57.0231,6.1108,-4.8218,59.1356,0.0000,0.0000,0.0000,-2.4311,-0.2025,10.5720,0.019024,0.019007,57.0963,0.048993,0.018991,59.1356,0.000000,0.000000,0.0000,-0.048996,0.002571,10.5720,-0.58590,-0.17153,-0.15577,0.61108,-0.42789,0.15127,-0.08245,-0.18409,-0.34773,0.86041,-0.80252,0.19957,-0.21761,0.12395,-0.70752,0.10931,-2.48491,1.41411,2.80673,2.04520,3.38345,-0.99945,0.09311,0.13501,-1.24829,-0.80960,-1.09892,0.02006,0.40314,0.17475,-2.29714,-0.07358,6.000,6.000,12.000,12.000,6.000,6.000,6.000,6.000,12.000,12.000,6.000,6.000,6.000,6.000,6.000,6.000,0.139350,0.039641,0.144215,0.033571,0.124200,0.049716,0.109605,0.064916,0.003011,0.007779,1.000000,3.000000,1.000000,0.000000,0.178749,-0.050132,0.055189,0.149401,0.197617
3.5250,0.13132,0.04864,0.47912,0.99909,-0.00300,0.00317,-0.04234,0.13213,0.03567,0.31672,0.31446,0.00574,0.03311,1,0.04717,0.00574,0.036555,0.05732,-1.5175,-0.0018,0.7188,-0.9123,-1.2854,4.6382,-4.1943,1,0.04900,0.01900,0.2182,0.4752,0.128372,0.058094,4.7653,-6.0483,56.5179,6.2621,-4.6110,59.3971,0.0000,0.0000,0.0000,-1.9194,1.1504,7.8493,0.030271,0.019008,56.6349,0.048991,0.018991,59.3971,0.000000,0.000000,0.0000,-0.048992,-0.019000,7.8493,-0.58416,-0.17234,-0.16334,0.62374,-0.42659,0.15372,-0.07880,-0.18495,-0.35261,0.86280,-0.80189,0.20084,-0.20621,0.12886,-0.75284,0.11123,-2.48491,1.41411,2.80673,2.04520,3.38345,-0.99945,0.09311,0.13501,-1.24829,-0.80960,-1.09892,0.02006,0.40314,0.17475,-2.29714,-0.07358,6.000,6.000,12.000,12.000,6.000,6.000,6.000,6.000,12.000,12.000,6.000,6.000,6.000,6.000,6.000,6.000,0.139745,0.039128,0.144782,0.033114,0.124200,0.049716,0.109090,0.064916,0.002844,0.007845,1.000000,3.000000,1.000000,0.000000,0.180860,-0.050119,0.055213,0.151271,0.199569
3.5300,0.13148,0.04893,0.47895,0.99887,-0.00328,0.00338,-0.04719,0.13246,0.03575,0.31685,0.31446,0.00626,0.03264,1,0.04721,0.00626,0.036820,0.05090,-1.7207,-0.0021,0.7289,-0.9098,-1.3751,5.6156,-4.3433,0,0.04900,0.01900,0.2196,0.3485,0.128321,0.058115,4.8327,-6.0319,55.9233,6.3324,-4.6491,59.6337,0.0000,0.0000,0.0000,-2.2863,-0.1889,10.9744,0.040709,0.019007,56.0852,0.048989,0.018991,59.6337,0.000000,0.000000,0.0000,-0.048995,0.002029,10.9744,-0.58246,-0.17311,-0.17119,0.63693,-0.42536,0.15715,-0.07430,-0.18565,-0.35787,0.86586,-0.80133,0.20239,-0.19598,0.13323,-0.80219,0.11151,-3.03005,0.99652,2.93599,1.89421,3.09485,-0.89861,0.26786,0.38907,-1.56199,-0.92154,-1.10729,0.00857,-0.49473,-0.00818,-3.24710,-0.30150,6.000,6.000,12.000,12.000,6.000,6.000,6.000,6.000,12.000,12.000,6.000,6.000,6.000,6.000,6.000,6.000,0.140328,0.038641,0.145365,0.032644,0.124200,0.049716,0.109091,0.064916,0.002791,0.007831,1.000000,3.000000,1.000000,0.000000,0.182971,-0.050106,0.055189,0.153717,0.200842
3.5350,0.13162,0.04922,0.47873,0.99863,-0.00360,0.00361,-0.05208,0.13280,0.03582,0.31699,0.31446,0.00688,0.03216,1,0.04724,0.00688,0.037060,0.04669,-1.6027,-0.0024,0.8017,-0.9078,-0.9563,6.2893,-4.6754,1,0.04900,0.01900,0.2103,0.4615,0.128270,0.058139,5.3154,-6.0187,58.7003,5.9580,-3.7121,55.6514,0.0000,0.0000,0.0000,-2.9503,0.1999,10.6809,0.027964,0.019007,58.9253,0.048987,0.018992,55.6514,0.000000,0.000000,0.0000,-0.048995,0.001817,10.6809,-0.58100,-0.17380,-0.17921,0.65044,-0.42449,0.16155,-0.06899,-0.18616,-0.36367,0.86978,-0.80082,0.20392,-0.18816,0.13689,-0.85634,0.11009,-3.03005,0.99652,2.93599,1.89421,3.09485,-0.89861,0.26786,0.38907,-1.56199,-0.92154,-1.10729,0.00857,-0.49473,-0.00818,-3.24710,-0.30150,6.000,6.000,12.000,12.000,6.000,6.000,6.000,6.000,12.000,12.000,6.000,6.000,6.000,6.000,6.000,6.000,0.140263,0.038332,0.145964,0.032160,0.124200,0.049716,0.107096,0.064916,0.003317,0.008402,1.000000,3.000000,1.000000,0.000000,0.185079,-0.050092,0.055116,0.157152,0.202393
3.5400,0.13176,0.04949,0.47848,0.99836,-0.00395,0.00391,-0.05691,0.13315,0.03587,0.31714,0.31446,0.00757,0.03166,1,0.04727,0.00757,0.037284,0.04423,-1.5352,-0.0026,0.8472,-0.9062,-0.6093,6.9078,-5.4551,1,0.04900,0.01900,0.2179,0.4183,0.128218,0.058164,5.6171,-6.0082,61.0006,6.1996,-3.8929,56.0019,0.0000,0.0000,0.0000,-2.8179,0.2390,11.2703,0.018431,0.019006,61.2806,0.048985,0.018993,56.0019,0.000000,0.000000,0.0000,-0.048995,0.001167,11.2703,-0.57976,-0.17436,-0.18756,0.66443,-0.42393,0.16662,-0.06326,-0.18648,-0.36994,0.87440,-0.80035,0.20535,-0.18259,0.14004,-0.91468,0.10750,-3.03005,0.99652,2.93599,1.89421,3.09485,-0.89861,0.26786,0.38907,-1.56199,-0.92154,-1.10729,0.00857,-0.49473,-0.00818,-3.24710,-0.30150,6.000,6.000,12.000,12.000,6.000,6.000,6.000,6.000,12.000,12.000,6.000,6.000,6.000,6.000,6.000,6.000,0.140510,0.037990,0.146580,0.031663,0.124200,0.049716,0.105988,0.064916,0.003781,0.008768,1.000000,3.000000,1.000000,0.000000,0.187184,-0.050079,0.054995,0.161551,0.203920
3.5450,0.13191,0.04975,0.47821,0.99808,-0.00434,0.00424,-0.06164,0.13351,0.03590,0.31730,0.31446,0.00834,0.03115,1,0.04728,0.00834,0.037508,0.04717,-1.5081,-0.0028,0.8674,-0.9051,-0.3277,7.5186,-6.7023,0,0.04900,0.01900,0.2256,0.3875,0.128166,0.058191,5.7507,-6.0005,62.8676,6.3970,-4.1315,56.2634,0.0000,0.0000,0.0000,-2.7100,0.2976,11.7271,0.045517,0.019004,63.1926,0.048983,0.018994,56.2634,0.000000,0.000000,0.0000,-0.048995,0.000514,11.7271,-0.57884,-0.17484,-0.19615,0.67866,-0.42310,0.17249,-0.05751,-0.18656,-0.37633,0.87915,-0.79989,0.20596,-0.17882,0.14249,-0.97632,0.10241,-3.38104,1.04220,3.58907,2.18553,3.69152,-1.00274,0.36889,0.40916,-1.77543,-0.94067,-1.05783,0.00694,-0.43494,-0.02387,-3.23584,-0.42752,6.000,6.000,12.000,12.000,6.000,6.000,6.000,6.000,12.000,12.000,6.000,6.000,6.000,6.000,6.000,6.000,0.141049,0.037595,0.147214,0.031152,0.124200,0.049716,0.105704,0.064916,0.004131,0.008918,1.000000,3.000000,1.000000,0.000000,0.189283,-0.050065,0.054826,0.166621,0.205354
3.5500,0.13209,0.04999,0.47795,0.99779,-0.00474,0.00462,-0.06612,0.13389,0.03593,0.31748,0.31446,0.00918,0.03063,1,0.04728,0.00918,0.037765,0.05466,-1.6135,-0.0031,0.8371,-0.9044,-0.5279,8.0959,-7.2411,1,0.04900,0.01900,0.2588,0.7493,0.124429,0.053951,5.5501,-5.9960,61.5405,10.3383,-1.5922,67.3658,0.0000,0.0000,0.0000,-4.0166,-0.0610,8.9364,0.009591,0.011055,61.8967,0.048983,0.013356,67.3658,0.000000,0.000000,0.0000,-0.048994,0.002234,8.9364,-0.57805,-0.17488,-0.20510,0.69385,-0.42328,0.17566,-0.05162,-0.18645,-0.38249,0.88377,-0.79940,0.20648,-0.17676,0.14435,-1.04067,0.09514,-3.38104,1.04220,3.58907,2.18553,3.69152,-1.00274,0.36889,0.40916,-1.77543,-0.94067,-1.05783,0.00694,-0.43494,-0.02387,-3.23584,-0.42752,6.000,6.000,12.000,12.000,6.000,6.000,6.000,6.000,12.000,12.000,6.000,6.000,6.000,6.000,6.000,6.000,0.142150,0.037182,0.147866,0.030626,0.124200,0.049716,0.107053,0.064916,0.004468,0.008698,1.000000,3.000000,1.000000,0.000000,0.191373,-0.050052,0.054610,0.172486,0.205964
3.5550,0.13231,0.05021,0.47769,0.99750,-0.00514,0.00508,-0.07031,0.13429,0.03594,0.31770,0.31446,0.01006,0.03009,1,0.04729,0.01006,0.038060,0.06224,-1.8348,-0.0033,0.7807,-0.9040,-0.8590,8.3384,-8.3665,1,0.04900,0.01900,0.2641,0.7842,0.124043,0.053670,5.1762,-5.9932,59.3452,10.3275,-2.6432,67.2952,0.0000,0.0000,0.0000,-4.0788,-0.1139,8.6732,0.013804,0.019012,59.7151,0.048982,0.012890,67.2952,0.000000,0.000000,0.0000,-0.048993,0.002707,8.6732,-0.57737,-0.17454,-0.21451,0.70992,-0.42403,0.17661,-0.04573,-0.18621,-0.38840,0.88822,-0.79892,0.20702,-0.17624,0.14581,-1.10753,0.08670,-3.38104,1.04220,3.58907,2.18553,3.69152,-1.00274,0.36889,0.40916,-1.77543,-0.94067,-1.05783,0.00694,-0.43494,-0.02387,-3.23584,-0.42752,6.000,6.000,12.000,12.000,6.000,6.000,6.000,6.000,12.000,12.000,6.000,6.000,6.000,6.000,6.000,6.000,0.143557,0.036926,0.148536,0.030085,0.124200,0.049716,0.109262,0.064916,0.005322,0.008461,1.000000,3.000000,1.000000,0.000000,0.193452,-0.050039,0.054349,0.175663,0.206484
3.5600,0.13257,0.05040,0.47744,0.99721,-0.00556,0.00563,-0.07419,0.13471,0.03594,0.31796,0.31446,0.01097,0.02953,1,0.04729,0.01097,0.038393,0.07014,-2.0642,-0.0036,0.7118,-0.9039,-1.1878,8.5069,-9.8711,1,0.04900,0.01900,0.2720,0.8153,0.123869,0.053624,4.7193,-5.9925,57.1655,10.3670,-3.4709,66.9916,0.0000,0.0000,0.0000,-4.1233,-0.1782,8.4380,0.018782,0.019005,57.5367,0.048981,0.012735,66.9916,0.000000,0.000000,0.0000,-0.048993,0.003142,8.4380,-0.57682,-0.17391,-0.22449,0.72675,-0.42479,0.17619,-0.03997,-0.18583,-0.39408,0.89246,-0.79848,0.20751,-0.17712,0.14696,-1.17667,0.07756,-3.38104,1.04220,3.58907,2.18553,3.69152,-1.00274,0.36889,0.40916,-1.77543,-0.94067,-1.05783,0.00694,-0.43494,-0.02387,-3.23584,-0.42752,6.000,6.000,12.000,12.000,6.000,6.000,6.000,6.000,12.000,12.000,6.000,6.000,6.000,6.000,6.000,6.000,0.145125,0.036495,0.149225,0.029529,0.124200,0.049716,0.111897,0.064916,0.005698,0.008083,1.000000,3.000000,1.000000,0.000000,0.195520,-0.050026,0.054043,0.176614,0.207022
3.5650,0.13290,0.05057,0.47719,0.99693,-0.00599,0.00630,-0.07776,0.13516,0.03593,0.31826,0.31446,0.01192,0.02896,1,0.04728,0.01192,0.038765,0.07690,-2.3072,-0.0039,0.6298,-0.9042,-1.5139,8.7538,-11.7987,1,0.04900,0.01900,0.2815,0.8353,0.123832,0.053721,4.1753,-5.9947,55.0029,10.4448,-4.1457,66.5531,0.0000,0.0000,0.0000,-4.1296,-0.2036,8.2512,0.016082,0.019013,55.3638,0.048980,0.012777,66.5531,0.000000,0.000000,0.0000,-0.048994,0.003113,8.2512,-0.57640,-0.17302,-0.23513,0.74424,-0.42501,0.17521,-0.03440,-0.18525,-0.39956,0.89646,-0.79807,0.20789,-0.17919,0.14785,-1.24789,0.06795,-3.38104,1.04220,3.58907,2.18553,3.69152,-1.00274,0.36889,0.40916,-1.77543,-0.94067,-1.05783,0.00694,-0.43494,-0.02387,-3.23584,-0.42752,6.000,6.000,12.000,12.000,6.000,6.000,6.000,6.000,12.000,12.000,6.000,6.000,6.000,6.000,6.000,6.000,0.146860,0.035912,0.149934,0.028958,0.124200,0.049716,0.114976,0.064916,0.005663,0.007604,1.000000,3.000000,1.000000,0.000000,0.197572,-0.050013,0.053694,0.176187,0.207510
3.5700,0.13330,0.05072,0.47695,0.99666,-0.00649,0.00711,-0.08110,0.13563,0.03591,0.31860,0.31446,0.01293,0.02837,1,0.04727,0.01293,0.039157,0.08173,-2.5278,-0.0043,0.5410,-0.9050,-1.7976,9.2632,-14.1151,1,0.04900,0.01900,0.3262,0.8352,0.127993,0.058346,3.5866,-6.0004,53.1223,8.4159,-8.9743,62.8681,0.0000,0.0000,0.0000,-4.1007,-0.2502,8.1998,-0.002425,0.016925,53.4635,0.048976,0.018996,62.8681,0.000000,0.000000,0.0000,-0.048994,0.002925,8.1998,-0.57629,-0.17217,-0.24645,0.76166,-0.42280,0.17747,-0.02888,-0.18439,-0.40496,0.90032,-0.79771,0.20811,-0.18218,0.14850,-1.32104,0.05800,-3.38104,1.04220,3.58907,2.18553,3.69152,-1.00274,0.36889,0.40916,-1.77543,-0.94067,-1.05783,0.00694,-0.43494,-0.02387,-3.23584,-0.42752,6.000,6.000,12.000,12.000,6.000,6.000,6.000,6.000,12.000,12.000,6.000,6.000,6.000,6.000,6.000,6.000,0.148694,0.035065,0.150663,0.028370,0.124200,0.049716,0.118294,0.064916,0.004884,0.006978,1.000000,3.000000,1.000000,0.000000,0.199608,-0.050000,0.053303,0.175213,0.207887
3.5750,0.13378,0.05084,0.47671,0.99640,-0.00705,0.00809,-0.08412,0.13613,0.03585,0.31896,0.31446,0.01409,0.02777,1,0.04726,0.01409,0.039600,0.09392,-2.7043,-0.0047,0.4524,-0.9068,-1.9705,10.4614,-16.9123,1,0.04900,0.01900,0.3031,0.8681,0.124212,0.054398,2.9997,-6.0121,51.9756,11.1854,-4.0829,65.4963,0.0000,0.0000,0.0000,-4.1543,-0.2754,7.9944,-0.000374,0.019008,52.2991,0.048977,0.013540,65.4963,0.000000,0.000000,0.0000,-0.048995,0.002574,7.9944,-0.57621,-0.17085,-0.25861,0.78015,-0.42011,0.17896,-0.02360,-0.18317,-0.41026,0.90394,-0.79739,0.20811,-0.18614,0.14900,-1.39592,0.04775,-3.38104,1.04220,3.58907,2.18553,3.69152,-1.00274,0.36889,0.40916,-1.77543,-0.94067,-1.05783,0.00694,-0.43494,-0.02387,-3.23584,-0.42752,6.000,6.000,12.000,12.000,6.000,6.000,6.000,6.000,12.000,12.000,6.000,6.000,6.000,6.000,6.000,6.000,0.150553,0.033840,0.151412,0.027765,0.124200,0.049716,0.121622,0.064916,0.003024,0.006135,1.000000,3.000000,1.000000,0.000000,0.201625,-0.049987,0.052874,0.177469,0.208110
3.5800,0.13434,0.05093,0.47647,0.99615,-0.00770,0.00924,-0.08682,0.13664,0.03577,0.31936,0.31446,0.01542,0.02714,1,0.04724,0.01542,0.040097,0.10350,-3.0687,-0.0051,0.3288,-0.9092,-2.3057,11.5647,-20.1527,1,0.04900,0.01900,0.3135,0.9014,0.123958,0.054268,2.1800,-6.0281,49.7535,11.2578,-4.8891,65.2521,0.0000,0.0000,0.0000,-4.1826,-0.2816,7.7519,-0.008692,0.019007,50.0362,0.048976,0.013276,65.2521,0.000000,0.000000,0.0000,-0.048996,0.002021,7.7519,-0.57617,-0.16907,-0.27163,0.79958,-0.41658,0.18005,-0.01855,-0.18156,-0.41541,0.90728,-0.79711,0.20786,-0.19093,0.14932,-1.47239,0.03728,-3.38104,1.04220,3.58907,2.18553,3.69152,-1.00274,0.36889,0.40916,-1.77543,-0.94067,-1.05783,0.00694,-0.43494,-0.02387,-3.23584,-0.42752,6.000,6.000,12.000,12.000,6.000,6.000,6.000,6.000,12.000,12.000,6.000,6.000,6.000,6.000,6.000,6.000,0.152817,0.032993,0.152183,0.027144,0.124200,0.049716,0.126100,0.064916,0.002347,0.005883,1.000000,3.000000,1.000000,0.000000,0.203622,-0.049974,0.052407,0.178961,0.208108
3.5850,0.13499,0.05098,0.47624,0.99592,-0.00845,0.01058,-0.08922,0.13718,0.03567,0.31978,0.31446,0.01707,0.02650,1,0.04721,0.01707,0.040646,0.11463,-3.3770,-0.0056,0.2068,-0.9123,-2.5762,13.0477,-23.5762,1,0.04900,0.01900,0.3264,0.9329,0.124007,0.054458,1.3709,-6.0488,47.9599,11.6271,-5.0520,64.7392,0.0000,0.0000,0.0000,-4.2124,-0.3080,7.5473,-0.025465,0.019016,48.1887,0.048974,0.013449,64.7392,0.000000,0.000000,0.0000,-0.048996,0.001417,7.5473,-0.57622,-0.16688,-0.28553,0.81976,-0.41160,0.18172,-0.01368,-0.17949,-0.42045,0.91032,-0.79688,0.20733,-0.19640,0.14951,-1.55035,0.02660,-3.38104,1.04220,3.58907,2.18553,3.69152,-1.00274,0.36889,0.40916,-1.77543,-0.94067,-1.05783,0.00694,-0.43494,-0.02387,-3.23584,-0.42752,6.000,6.000,12.000,12.000,6.000,6.000,6.000,6.000,12.000,12.000,6.000,6.000,6.000,6.000,6.000,6.000,0.155093,0.031781,0.152976,0.026504,0.124200,0.049716,0.130552,0.064916,0.000631,0.005686,1.000000,3.000000,1.000000,0.000000,0.205595,-0.049962,0.051904,0.180051,0.207857
3.5900,0.13590,0.05115,0.47696,0.99550,-0.01079,0.01009,-0.09359,0.13774,0.03554,0.32022,0.31446,0.01956,0.02585,1,0.04638,0.01956,0.040520,-0.08563,-3.7308,-0.0062,0.0731,-0.8770,-2.8532,14.8563,-27.2827,1,0.04900,0.01900,0.3405,0.9459,0.123979,0.054573,0.4846,-5.8142,46.1239,12.0008,-5.3032,64.2372,0.0000,0.0000,0.0000,-4.1923,-0.2826,7.4048,-0.045774,0.019018,46.2603,0.048973,0.013515,64.2372,0.000000,0.000000,0.0000,-0.048997,0.000088,7.4048,-0.52621,-0.16484,-0.24880,0.79310,-0.43487,0.15660,-0.01883,-0.17196,-0.41720,0.88290,-0.74049,0.18217,-0.17986,0.11074,-1.60500,0.05231,6.00000,1.09436,4.74929,-9.65887,-1.31668,-3.53749,-1.73080,1.31298,2.85910,-4.08592,6.00000,-2.85092,5.15410,-2.29691,6.00000,3.85040,6.000,6.000,12.000,12.000,6.000,6.000,6.000,6.000,12.000,12.000,6.000,6.000,6.000,6.000,6.000,6.000,0.157525,0.030493,0.153791,0.025847,0.124200,0.049716,0.135401,0.063656,0.000000,0.005961,1.000000,3.000000,1.000000,0.000000,0.207543,-0.049949,0.051370,0.181724,0.207330
3.5950,0.13687,0.05131,0.47789,0.99507,-0.01358,0.00854,-0.09789,0.13836,0.03542,0.32104,0.31446,0.02338,0.02517,1,0.04552,0.02338,0.040281,-0.01649,-1.1917,-0.0060,-0.7812,-0.2123,-20.6918,59.5374,20.4465,0,0.04900,0.01900,0.6282,0.9093,0.127773,0.058472,-0.0001,-0.0009,-0.0013,-40.5855,8.3735,109.9671,0.0000,0.0000,0.0000,46.4450,-17.0459,90.7013,0.000000,0.000000,0.0000,0.048977,0.018992,109.9671,0.000000,0.000000,0.0000,-0.048989,0.018999,90.7013,-0.46298,-0.16281,-0.19170,0.74848,-0.47184,0.12339,-0.02565,-0.16246,-0.40802,0.85022,-0.67656,0.14400,-0.16323,0.06126,-1.65786,0.11006,0.42081,-0.75901,2.21760,0.44852,-0.46669,-0.68141,0.58094,0.44187,0.41630,-1.33622,-0.50939,-1.97580,-3.77170,-1.76312,-6.00155,1.67675,6.000,6.000,12.000,12.000,6.000,6.000,6.000,6.000,12.000,12.000,6.000,6.000,6.000,6.000,6.000,6.000,0.172010,0.022673,0.154629,0.025171,0.124200,0.049716,0.163400,0.042222,0.012944,0.017560,1.000000,3.000000,1.000000,0.000000,0.209465,-0.049937,0.050805,0.156598,0.182171
3.6000,0.13779,0.05140,0.47837,0.99480,-0.01586,0.00733,-0.10036,0.13896,0.03531,0.32196,0.31446,0.02871,0.02448,1,0.04511,0.02871,0.040266,0.01086,0.2842,-0.0058,-0.7625,-0.4892,-13.2765,48.9916,16.2898,0,0.04900,0.01900,0.0000,0.5758,0.000000,0.000000,-0.0000,-0.0010,-0.0014,0.0000,0.0000,0.0000,0.0000,0.0000,0.0000,1.2723,11.1778,32.5682,0.000000,0.000000,0.0000,0.000000,0.000000,0.0000,0.000000,0.000000,0.0000,-0.048989,0.018997,32.5682,-0.41658,-0.16043,-0.14686,0.71698,-0.50355,0.09623,-0.02869,-0.15475,-0.40001,0.83313,-0.64191,0.11513,-0.16161,0.02408,-1.72405,0.15506,0.56201,-0.46691,1.63460,0.30438,-0.52263,-0.67550,-0.13697,0.70589,0.69680,-0.70883,-0.32094,-0.76294,-1.91267,-1.01101,-4.93932,-0.02260,6.000,6.000,12.000,12.000,6.000,6.000,6.000,6.000,12.000,12.000,6.000,6.000,6.000,6.000,6.000,6.000,0.174362,0.024901,0.155490,0.024476,0.124200,0.049716,0.163400,0.050993,0.017415,0.018877,1.000000,3.000000,1.000000,0.000000,0.211357,-0.049925,0.050213,0.123389,0.144005
3.6050,0.13886,0.05140,0.47853,0.99464,-0.01793,0.00649,-0.10159,0.13954,0.03522,0.32272,0.31446,0.03304,0.02376,1,0.04498,0.03304,0.040208,-0.02122,1.3774,-0.0058,-0.7442,-0.6663,-8.1005,42.3642,11.6407,0,0.04900,0.01900,0.0000,0.0513,0.000000,0.000000,-4.3430,-3.6557,11.7881,0.0000,0.0000,0.0000,0.0000,0.0000,0.0000,0.0733,-0.6160,20.1678,0.016586,0.019073,11.0760,0.000000,0.000000,0.0000,0.000000,0.000000,0.0000,-0.048997,0.018999,20.1678,-0.38467,-0.15742,-0.10943,0.69144,-0.52879,0.07152,-0.03126,-0.14834,-0.39027,0.82538,-0.63415,0.09582,-0.16074,-0.00309,-1.80133,0.18205,-0.06096,2.06026,0.68113,-0.46946,-0.48456,-0.64515,-0.81380,0.29236,2.73339,-0.69567,-1.52856,-0.91104,2.10914,-0.21267,-6.00085,-0.14054,6.000,6.000,12.000,12.000,6.000,6.000,6.000,6.000,12.000,12.000,6.000,6.000,6.000,6.000,6.000,6.000,0.171223,0.026050,0.156377,0.023761,0.124200,0.049716,0.163400,0.056583,0.005338,0.015021,1.000000,3.000000,1.000000,0.000000,0.213217,-0.049913,0.049597,0.096231,0.115134
3.6100,0.14032,0.05130,0.47854,0.99455,-0.02010,0.00604,-0.10212,0.14012,0.03514,0.32334,0.31446,0.03700,0.02303,1,0.04526,0.03700,0.039779,-0.11912,1.8608,-0.0057,-0.7262,-0.6647,-4.7611,41.1911,5.7510,0,0.04900,0.01900,0.0000,0.1818,0.000000,0.000000,-4.8146,-4.4066,33.4740,0.0000,0.0000,0.0000,0.0000,0.0000,0.0000,4.7218,-1.6675,45.9221,-0.004740,0.019055,32.3262,0.000000,0.000000,0.0000,0.000000,0.000000,0.0000,-0.048988,0.018994,45.9221,-0.37297,-0.15410,-0.07466,0.66137,-0.54869,0.04388,-0.03382,-0.14244,-0.37621,0.82585,-0.65679,0.08594,-0.14636,-0.02114,-1.89016,0.19982,-1.17305,3.35513,-0.56321,-2.13228,-0.77443,-0.89053,-1.11922,0.22520,3.99127,-0.65907,-2.81344,-0.86281,5.49389,0.39700,-6.00182,-0.17333,6.000,6.000,12.000,12.000,6.000,6.000,6.000,6.000,12.000,12.000,6.000,6.000,6.000,6.000,6.000,6.000,0.171728,0.025268,0.157288,0.023026,0.124200,0.049716,0.163400,0.056442,0.004121,0.014613,1.000000,3.000000,1.000000,0.000000,0.215045,-0.049902,0.048959,0.071524,0.095817
3.6150,0.14228,0.05108,0.47854,0.99449,-0.02264,0.00611,-0.10213,0.14070,0.03505,0.32388,0.31446,0.04124,0.02227,1,0.04629,0.04124,0.038915,-0.19634,1.9965,-0.0053,-0.6731,-0.9026,-3.9729,45.1268,-0.8946,0,0.04900,0.01900,0.0000,0.1863,0.000000,0.000000,-4.4624,-5.9844,38.7002,0.0000,0.0000,0.0000,0.0000,0.0000,0.0000,6.7086,-1.1680,60.9332,-0.049021,0.019021,37.1020,0.000000,0.000000,0.0000,0.000000,0.000000,0.0000,-0.048964,0.018982,60.9332,-0.37488,-0.14923,-0.03673,0.61919,-0.57795,0.01341,-0.03627,-0.13558,-0.35786,0.83679,-0.71102,0.08015,-0.11337,-0.03124,-1.99037,0.21915,-0.34818,3.93312,-2.75333,-4.29349,-2.37034,-0.90023,-0.94900,-0.55858,5.53871,-0.98415,-4.15980,-1.86594,6.00083,0.64829,-6.00083,0.37274,6.000,6.000,12.000,12.000,6.000,6.000,6.000,6.000,12.000,12.000,6.000,6.000,6.000,6.000,6.000,6.000,0.170918,0.027025,0.158225,0.022270,0.124200,0.049716,0.162278,0.063982,0.000000,0.013554,1.000000,3.000000,1.000000,0.000000,0.216837,-0.049890,0.048303,0.043882,0.085945
3.6200,0.14475,0.05075,0.47867,0.99447,-0.02568,0.00675,-0.10161,0.14131,0.03498,0.32447,0.31446,0.04629,0.02149,1,0.04820,0.04629,0.038078,-0.10832,1.7541,-0.0044,-0.6890,-0.9338,-5.1928,51.8352,-11.3759,0,0.04900,0.01900,0.0000,0.3114,0.000000,0.000000,-4.5682,-6.1912,30.6120,0.0000,0.0000,0.0000,0.0000,0.0000,0.0000,14.1775,8.1427,87.5126,-0.049022,0.019023,28.7224,0.000000,0.000000,0.0000,0.000000,0.000000,0.0000,-0.048952,0.018977,87.5126,-0.37820,-0.14141,0.00420,0.56975,-0.61218,-0.01257,-0.03796,-0.12508,-0.33547,0.85718,-0.79277,0.05929,-0.06286,-0.03310,-2.10325,0.26071,-0.17697,3.47181,-1.78171,-3.38781,-2.02221,-0.74483,0.26530,-2.04347,5.32673,-2.17177,-4.84376,-4.07044,6.00069,0.92263,-6.00069,1.90255,6.000,6.000,12.000,12.000,6.000,6.000,6.000,6.000,12.000,12.000,6.000,6.000,6.000,6.000,6.000,6.000,0.176044,0.028100,0.159188,0.021493,0.124200,0.049716,0.163400,0.064916,0.012269,0.018104,1.000000,3.000000,1.000000,0.000000,0.218591,-0.049879,0.047632,0.013408,0.080154
3.6250,0.14771,0.05039,0.47905,0.99444,-0.02921,0.00788,-0.10089,0.14200,0.03499,0.32526,0.31446,0.05248,0.02069,1,0.05011,0.05248,0.037916,0.01829,0.5143,-0.0035,-0.6676,-0.9335,-9.4022,60.3888,-20.3326,0,0.04900,0.01900,0.1438,0.8101,0.046751,0.108202,-1.2854,-1.1472,4.7642,-1.5228,-3.4942,44.1711,0.0000,0.0000,0.0000,59.6036,13.9071,125.9375,-0.049183,0.019183,4.3399,-0.048940,0.018751,44.1711,0.000000,0.000000,0.0000,-0.048967,0.018985,125.9375,-0.37646,-0.13173,0.04247,0.52788,-0.63635,-0.02976,-0.03911,-0.11164,-0.30909,0.86724,-0.86351,0.02174,0.00299,-0.02179,-2.22562,0.31389,-0.00737,0.47450,0.89592,-0.74958,-0.78991,-0.53832,0.36149,-1.58351,3.32335,-3.46630,-4.73510,-3.30816,5.98409,1.46001,-6.00081,1.40920,6.000,6.000,12.000,12.000,6.000,6.000,6.000,6.000,12.000,12.000,6.000,6.000,6.000,6.000,6.000,6.000,0.186427,0.029545,0.160179,0.020693,0.124200,0.049716,0.163400,0.064916,0.041140,0.027700,1.000000,3.000000,1.000000,0.000000,0.220306,-0.049868,0.046950,-0.012574,0.059288
3.6300,0.15110,0.05002,0.47958,0.99438,-0.03320,0.00921,-0.10013,0.14283,0.03505,0.32634,0.31446,0.05973,0.01987,1,0.05136,0.05973,0.038262,0.10741,-1.1156,-0.0034,-0.6417,-0.9316,-12.0803,67.9942,-28.7698,0,0.04900,0.01900,0.1722,0.6869,0.047992,0.107004,-0.0002,-0.0001,-0.0002,0.3701,-1.6618,16.4788,0.0000,0.0000,0.0000,44.3080,8.2069,109.3600,0.000000,0.000000,0.0000,-0.048842,0.018553,16.4788,0.000000,0.000000,0.0000,-0.049000,0.019000,109.3600,-0.37237,-0.12107,0.07989,0.49149,-0.65513,-0.04274,-0.02516,-0.09475,-0.27632,0.85975,-0.90779,-0.06248,0.07892,0.01907,-2.35871,0.39269,0.27981,-0.22376,1.56915,-0.23611,-0.45855,-0.38989,2.77245,-3.02399,4.29142,-2.49443,-3.67722,-6.00030,5.30440,2.87755,-6.00030,3.38578,6.000,6.000,12.000,12.000,6.000,6.000,6.000,6.000,12.000,12.000,6.000,6.000,6.000,6.000,6.000,6.000,0.207923,0.026626,0.161198,0.019872,0.124200,0.049716,0.163400,0.064916,0.101101,0.047210,1.000000,3.000000,1.000000,0.000000,0.221979,-0.049858,0.046258,-0.029758,0.021742
3.6350,0.15468,0.04968,0.48022,0.99429,-0.03764,0.01049,-0.09932,0.14381,0.03517,0.32757,0.31446,0.06793,0.01903,1,0.05259,0.06793,0.038959,0.16089,-2.1509,-0.0037,-0.6111,-0.9280,-15.0880,79.3313,-30.9216,0,0.04900,0.01900,1.0559,0.8556,0.048742,0.106273,-0.0001,0.0002,-0.0006,-1.0706,0.1199,1.7007,0.0000,0.0000,0.0000,56.8722,32.3714,127.4909,0.000000,0.000000,0.0000,-0.048775,0.018462,1.7007,0.000000,0.000000,0.0000,-0.048969,0.018978,127.4909,-0.36690,-0.10937,0.11756,0.45788,-0.67074,-0.05417,0.01286,-0.07302,-0.24579,0.85319,-0.93288,-0.17846,0.15176,0.11601,-2.48849,0.40575,0.23988,-0.38182,2.01476,-0.06217,-0.30759,-0.32255,4.02299,-4.12497,2.30123,-2.03576,-2.40212,-6.00062,2.13954,5.03740,-6.00062,-3.60256,6.000,6.000,12.000,12.000,6.000,6.000,6.000,6.000,12.000,12.000,6.000,6.000,6.000,6.000,6.000,6.000,0.227288,0.027225,0.162246,0.019026,0.124200,0.049716,0.163400,0.064916,0.156210,0.065557,1.000000,3.000000,1.000000,0.000000,0.223608,-0.049847,0.045562,-0.042737,-0.062479
3.6400,0.15854,0.04932,0.48069,0.99430,-0.04166,0.01162,-0.09749,0.14496,0.03538,0.32895,0.31446,0.07701,0.01816,1,0.05296,0.07701,0.039829,0.18658,-2.7367,-0.0044,-0.5753,-0.9214,-16.0909,82.4061,-30.0725,0,0.04900,0.01900,0.9122,0.0000,0.049182,0.105824,-0.0001,0.0002,-0.0005,3.1081,-1.1166,6.0354,0.0000,0.0000,0.0000,0.0000,0.0000,0.0000,0.000000,0.000000,0.0000,-0.048747,0.018447,6.0354,0.000000,0.000000,0.0000,0.000000,0.000000,0.0000,-0.36229,-0.09928,0.15487,0.42678,-0.68471,-0.06251,0.07851,-0.05125,-0.20295,0.82419,-0.94417,-0.33470,0.22923,0.19615,-2.61781,0.34760,0.21022,-0.02443,2.26929,-0.12233,-0.22357,-0.25717,3.49138,-4.56193,3.77098,-1.92732,-2.43154,-5.29149,3.15818,0.68866,-6.00057,-3.55360,6.000,6.000,12.000,12.000,6.000,6.000,6.000,6.000,12.000,12.000,6.000,6.000,6.000,6.000,6.000,6.000,0.232705,0.030207,0.163324,0.018157,0.124200,0.049716,0.163400,0.064916,0.170238,0.070420,1.000000,3.000000,1.000000,0.000000,0.225192,-0.049837,0.044864,-0.054174,-0.178456
3.6450,0.16279,0.04898,0.48091,0.99445,-0.04520,0.01255,-0.09417,0.14613,0.03560,0.33015,0.31446,0.08523,0.01726,1,0.05271,0.08523,0.040795,0.20322,-2.8646,-0.0053,-0.5388,-0.9146,-12.8314,75.2882,-27.5786,0,0.04900,0.01900,1.1669,0.0000,0.049357,0.105557,-0.0004,-0.0002,-0.0004,3.0961,0.0000,4.4230,0.0000,0.0000,0.0000,0.0000,0.0000,0.0000,0.000000,0.000000,0.0000,-0.048751,0.018483,4.4230,0.000000,0.000000,0.0000,0.000000,0.000000,0.0000,-0.35920,-0.09113,0.19312,0.39640,-0.69699,-0.06786,0.15264,-0.03026,-0.14910,0.77539,-0.94605,-0.46843,0.31901,0.23679,-2.75351,0.26258,0.15778,0.12831,2.36103,-0.10737,-0.17322,-0.16145,2.65594,-4.25095,4.59055,-1.35929,-1.83041,-4.12299,5.11912,0.62269,-6.00059,-3.25550,6.000,6.000,12.000,12.000,6.000,6.000,6.000,6.000,12.000,12.000,6.000,6.000,6.000,6.000,6.000,6.000,0.247594,0.029933,0.164432,0.017263,0.124200,0.049716,0.163400,0.064916,0.211521,0.084122,1.000000,3.000000,1.000000,0.000000,0.226727,-0.049827,0.044168,-0.062509,-0.334701
3.6500,0.16736,0.04873,0.48087,0.99473,-0.04842,0.01322,-0.08942,0.14730,0.03581,0.33112,0.31446,0.09240,0.01634,1,0.05231,0.09240,0.041814,0.21018,-2.6003,-0.0062,-0.5022,-0.9079,-9.6378,70.0272,-24.6454,0,0.04900,0.01900,1.1669,0.0000,0.049268,0.105463,-0.4874,-0.7077,2.9096,2.3359,0.0000,3.3370,0.0000,0.0000,0.0000,0.0000,0.0000,0.0000,-0.049042,0.019042,2.5895,-0.048783,0.018560,3.3370,0.000000,0.000000,0.0000,0.000000,0.000000,0.0000,-0.35638,-0.08410,0.23317,0.36581,-0.70809,-0.07053,0.23211,-0.00887,-0.08778,0.71425,-0.94167,-0.55293,0.41906,0.25251,-2.89513,0.16444,0.15400,0.43562,2.38769,-0.28546,-0.19937,-0.07715,3.42247,-4.92526,4.59561,-1.14769,-1.52154,-5.11226,4.58063,0.02019,-5.56657,-3.42761,6.000,6.000,12.000,12.000,6.000,6.000,6.000,6.000,12.000,12.000,6.000,6.000,6.000,6.000,6.000,6.000,0.261053,0.030195,0.165571,0.016344,0.124200,0.049716,0.163400,0.064916,0.248645,0.096481,1.000000,3.000000,1.000000,0.000000,0.228212,-0.049818,0.043477,-0.067855,-0.468430
3.6550,0.17165,0.04866,0.48069,0.99509,-0.05141,0.01358,-0.08349,0.14848,0.03602,0.33186,0.31446,0.09887,0.01540,1,0.05233,0.09887,0.042762,0.18434,-2.0281,-0.0073,-0.4654,-0.9013,-6.0762,67.6394,-20.8031,0,0.04900,0.01900,1.1669,0.0000,0.048940,0.105502,-3.0858,-5.9758,24.7550,1.8702,0.0000,2.6717,0.0000,0.0000,0.0000,0.0000,0.0000,0.0000,-0.049004,0.019004,22.0423,-0.048834,0.018667,2.6717,0.000000,0.000000,0.0000,0.000000,0.000000,0.0000,-0.34536,-0.07414,0.27355,0.33426,-0.71969,-0.06980,0.32171,0.01431,-0.03281,0.65961,-0.93231,-0.60438,0.50336,0.24178,-3.02689,0.06552,0.64421,2.08267,0.97565,-1.82146,-0.74324,-0.01656,4.26725,-5.62240,-0.33414,-1.03496,-0.11274,-5.91346,-6.00008,-2.53475,0.55611,-2.03973,6.000,6.000,12.000,12.000,6.000,6.000,6.000,6.000,12.000,12.000,6.000,6.000,6.000,6.000,6.000,6.000,0.271691,0.032810,0.166743,0.015399,0.124200,0.049716,0.163400,0.064916,0.278123,0.106383,1.000000,3.000000,1.000000,0.000000,0.229646,-0.049809,0.042794,-0.070529,-0.552926
3.6600,0.17530,0.04881,0.48051,0.99546,-0.05407,0.01360,-0.07717,0.14967,0.03623,0.33239,0.31446,0.10478,0.01443,1,0.05275,0.10478,0.043576,0.15775,-1.8205,-0.0082,-0.4284,-0.8949,-5.6915,64.2063,-15.9755,0,0.04900,0.01900,0.3400,0.0000,0.048608,0.105498,-2.8401,-5.9330,27.3054,2.3745,-0.4636,11.8608,0.0000,0.0000,0.0000,0.0000,0.0000,0.0000,-0.049001,0.019001,24.5738,-0.048885,0.018779,11.8608,0.000000,0.000000,0.0000,0.000000,0.000000,0.0000,-0.32066,-0.05897,0.31264,0.30138,-0.73117,-0.06688,0.40642,0.03681,0.00839,0.61925,-0.91944,-0.63130,0.55743,0.21270,-3.13885,-0.01416,1.18798,1.73412,0.41962,-2.09854,-0.85519,0.02666,2.39302,-4.32096,-1.86993,-1.67097,0.11293,-3.25052,-6.00002,-2.44701,1.96212,-0.73526,6.000,6.000,12.000,12.000,6.000,6.000,6.000,6.000,12.000,12.000,6.000,6.000,6.000,6.000,6.000,6.000,0.253459,0.041548,0.167947,0.014427,0.124200,0.049716,0.163400,0.064916,0.227181,0.089709,1.000000,3.000000,1.000000,0.000000,0.231025,-0.049800,0.042123,-0.069798,-0.604384
3.6650,0.17812,0.04916,0.48029,0.99573,-0.05640,0.01255,-0.07198,0.15086,0.03645,0.33271,0.31446,0.10999,0.01343,1,0.05323,0.10999,0.044301,0.14864,-1.6422,-0.0090,-0.3911,-0.8882,-5.7966,60.5806,-10.5721,0,0.04900,0.01900,0.1507,0.0000,0.048308,0.105374,-2.5931,-5.8885,26.6090,-0.7688,0.6182,10.9155,0.0000,0.0000,0.0000,0.0000,0.0000,0.0000,-0.049021,0.019021,24.0891,-0.048931,0.018879,10.9155,0.000000,0.000000,0.0000,0.000000,0.000000,0.0000,-0.28234,-0.04011,0.35158,0.26735,-0.74143,-0.06380,0.47562,0.05609,0.04057,0.58784,-0.90494,-0.63948,0.58424,0.17718,-3.21996,-0.06589,1.67123,0.95104,-0.21414,-2.19840,-0.87332,0.03756,1.43199,-2.85409,-2.55686,-2.17770,0.05187,-1.98374,-6.00050,-2.22706,2.45087,-0.34735,6.000,6.000,12.000,12.000,6.000,6.000,6.000,6.000,12.000,12.000,6.000,6.000,6.000,6.000,6.000,6.000,0.233793,0.047735,0.169186,0.013428,0.124200,0.049716,0.163400,0.064916,0.177771,0.073151,1.000000,3.000000,1.000000,0.000000,0.232348,-0.049792,0.041467,-0.066883,-0.631299
3.6700,0.18010,0.04965,0.47998,0.99588,-0.05827,0.00989,-0.06873,0.15205,0.03668,0.33282,0.31446,0.11438,0.01240,1,0.05348,0.11438,0.044950,0.12008,-0.2693,-0.0097,-0.3541,-0.8810,-3.5064,58.3435,19.7774,0,0.04900,0.01900,1.0554,0.0000,0.047976,0.105114,-2.3474,-5.8411,41.7929,-3.9695,0.4471,6.3094,0.0000,0.0000,0.0000,0.0000,0.0000,0.0000,-0.049014,0.019014,39.0128,-0.048978,0.018966,6.3094,0.000000,0.000000,0.0000,0.000000,0.000000,0.0000,-0.23361,-0.01980,0.39254,0.22964,-0.75042,-0.06282,0.52694,0.07125,0.07040,0.55885,-0.89026,-0.63351,0.59052,0.14511,-3.26402,-0.09594,1.93149,0.24582,-1.89736,-3.64345,-1.34355,-0.18011,0.42824,-0.96054,-1.75973,-2.22977,0.00388,-0.17175,-4.04686,-1.41094,0.90216,-0.42349,6.000,6.000,12.000,12.000,6.000,6.000,6.000,6.000,12.000,12.000,6.000,6.000,6.000,6.000,6.000,6.000,0.219163,0.054308,0.170460,0.012400,0.124200,0.049716,0.163400,0.064916,0.153769,0.064251,1.000000,3.000000,1.000000,0.000000,0.233612,-0.049784,0.040829,-0.063797,-0.639475
3.6750,0.18154,0.05022,0.47954,0.99598,-0.05966,0.00694,-0.06650,0.15322,0.03692,0.33271,0.31446,0.11770,0.01134,1,0.05341,0.11770,0.045279,0.06164,0.4377,-0.0104,-0.3175,-0.8734,0.1377,53.1052,41.6488,0,0.04900,0.01900,0.0000,0.0000,0.000000,0.000000,-2.1047,-5.7908,65.9535,0.0000,0.0000,0.0000,0.0000,0.0000,0.0000,0.0000,0.0000,0.0000,-0.049007,0.019007,62.7291,0.000000,0.000000,0.0000,0.000000,0.000000,0.0000,0.000000,0.000000,0.0000,-0.19485,-0.00343,0.43306,0.18238,-0.76673,-0.07035,0.55989,0.08116,0.09691,0.53178,-0.87575,-0.61783,0.58232,0.11707,-3.28396,-0.11118,-0.00180,0.04316,-5.01591,-6.04137,-2.31741,-0.61239,0.11193,0.19767,-2.09907,-2.08201,0.13249,0.19659,-3.03189,-1.17597,1.67068,-0.27229,6.000,6.000,12.000,12.000,6.000,6.000,6.000,6.000,12.000,12.000,6.000,6.000,6.000,6.000,6.000,6.000,0.211726,0.056978,0.171771,0.011343,0.124200,0.049716,0.163400,0.064916,0.146009,0.060654,1.000000,3.000000,1.000000,0.000000,0.234816,-0.049776,0.040213,-0.062821,-0.633508
3.6800,0.18261,0.05080,0.47913,0.99607,-0.06057,0.00425,-0.06440,0.15439,0.03717,0.33240,0.31446,0.12005,0.01026,1,0.05307,0.12005,0.045525,0.05477,-1.5477,-0.0107,-0.2810,-0.8656,1.3590,45.3846,41.6726,0,0.04900,0.01900,0.3735,0.0000,0.049482,0.103347,-1.8631,-5.7389,74.0504,-11.9361,-0.7423,53.3743,0.0000,0.0000,0.0000,0.0000,0.0000,0.0000,-0.049003,0.019003,70.4771,-0.048969,0.018965,53.3743,0.000000,0.000000,0.0000,0.000000,0.000000,0.0000,-0.14752,0.01641,0.46915,0.13562,-0.77576,-0.07476,0.57848,0.08674,0.12147,0.50289,-0.86152,-0.59644,0.55578,0.09004,-3.28852,-0.11621,2.28600,0.66704,-6.25339,-6.64624,-2.35882,-0.88439,-0.09913,1.35977,-1.51328,-2.27499,-0.03569,0.35967,-6.00020,-1.60043,1.97306,0.06913,6.000,6.000,12.000,12.000,6.000,6.000,6.000,6.000,12.000,12.000,6.000,6.000,6.000,6.000,6.000,6.000,0.201213,0.048217,0.173118,0.010257,0.124200,0.049716,0.163400,0.064916,0.108492,0.047226,1.000000,3.000000,1.000000,0.000000,0.235957,-0.049769,0.039621,-0.070348,-0.617826
3.6850,0.18349,0.05140,0.47877,0.99618,-0.06104,0.00210,-0.06234,0.15554,0.03744,0.33202,0.31446,0.12152,0.00914,1,0.05253,0.12152,0.045829,0.06755,-1.7849,-0.0109,-0.2453,-0.8570,0.6441,38.7478,37.3327,0,0.04900,0.01900,0.1823,0.0000,0.050776,0.102433,-1.6263,-5.6821,69.3107,-3.3585,6.3257,65.5068,0.0000,0.0000,0.0000,0.0000,0.0000,0.0000,-0.043723,0.019011,65.9557,-0.048928,0.018932,65.5068,0.000000,0.000000,0.0000,0.000000,0.000000,0.0000,-0.11605,0.02881,0.49814,0.09711,-0.77714,-0.07787,0.58742,0.08859,0.14327,0.47329,-0.84799,-0.57211,0.52008,0.06376,-3.28150,-0.11422,-2.17900,-0.67615,-7.52902,-6.32739,-2.12578,-0.76318,-0.49885,1.30451,-2.36037,-2.17908,-0.02039,0.61972,-0.63317,-0.67593,4.09990,0.58695,6.000,6.000,12.000,12.000,6.000,6.000,6.000,6.000,12.000,12.000,6.000,6.000,6.000,6.000,6.000,6.000,0.197291,0.059906,0.174503,0.009139,0.124200,0.049716,0.163400,0.064916,0.140169,0.055647,1.000000,3.000000,1.000000,0.000000,0.237034,-0.049762,0.039057,-0.074759,-0.596441
3.6900,0.18420,0.05199,0.47845,0.99630,-0.06121,0.00048,-0.06029,0.15666,0.03771,0.33166,0.31446,0.12217,0.00799,1,0.05182,0.12217,0.046047,0.03320,-4.8246,-0.0112,-0.2103,-0.8488,-0.9896,31.1571,28.5438,0,0.04900,0.01900,0.2387,0.0000,0.051407,0.101810,-1.3943,-5.6279,58.4794,-7.1669,-7.0392,70.1544,0.0000,0.0000,0.0000,0.0000,0.0000,0.0000,-0.049009,0.019009,55.5158,-0.048918,0.018930,70.1544,0.000000,0.000000,0.0000,0.000000,0.000000,0.0000,-0.08851,0.03927,0.52054,0.06548,-0.77582,-0.07738,0.58990,0.08768,0.16325,0.44190,-0.83624,-0.54681,0.47723,0.03763,-3.26441,-0.10771,0.92306,1.13366,-7.01755,-5.55629,-1.65586,-0.59684,-0.35576,0.95575,-0.16681,-1.69910,-0.11096,0.61441,-3.77205,-1.18283,3.50887,0.61387,6.000,6.000,12.000,12.000,6.000,6.000,6.000,6.000,12.000,12.000,6.000,6.000,6.000,6.000,6.000,6.000,0.190641,0.047055,0.175928,0.007990,0.124200,0.049716,0.163400,0.064916,0.102113,0.041744,1.000000,3.000000,1.000000,0.000000,0.238044,-0.049756,0.038522,-0.077874,-0.572105
3.6950,0.18478,0.05255,0.47817,0.99642,-0.06115,-0.00088,-0.05839,0.15777,0.03796,0.33128,0.31446,0.12234,0.00681,1,0.05102,0.12234,0.045957,-0.04806,-3.0979,-0.0114,-0.1056,-0.8409,-0.9685,27.2612,22.4239,0,0.04900,0.01900,0.0758,0.0000,0.051762,0.101374,-0.6999,-5.5749,58.6193,2.4834,1.3267,61.9163,0.0000,0.0000,0.0000,0.0000,0.0000,0.0000,-0.009157,0.019011,55.6557,-0.048919,0.018938,61.9163,0.000000,0.000000,0.0000,0.000000,0.000000,0.0000,-0.05740,0.05081,0.53578,0.03949,-0.76749,-0.07273,0.58824,0.08493,0.18302,0.40768,-0.82670,-0.52194,0.42859,0.01110,-3.23882,-0.09859,0.32101,0.35137,-4.87760,-3.06928,0.57387,-0.50492,-0.52170,0.76147,-0.60970,-1.76190,-0.14967,0.65837,-1.76919,-0.85290,3.03244,0.59060,6.000,6.000,12.000,12.000,6.000,6.000,6.000,6.000,12.000,12.000,6.000,6.000,6.000,6.000,6.000,6.000,0.189712,0.051078,0.177393,0.006808,0.124200,0.049716,0.161156,0.064916,0.117608,0.045951,1.000000,3.000000,1.000000,0.000000,0.238985,-0.049750,0.038020,-0.077377,-0.546814
3.7000,0.18527,0.05307,0.47794,0.99653,-0.06088,-0.00195,-0.05678,0.15894,0.03821,0.33090,0.31446,0.12206,0.00559,1,0.05016,0.12206,0.045584,-0.08971,-0.2107,-0.0113,-0.1391,-0.8332,-0.7535,22.9217,20.7006,0,0.04900,0.01900,0.5572,0.0000,0.051915,0.101067,-0.9223,-5.5244,60.0448,21.9092,-5.3358,67.4594,0.0000,0.0000,0.0000,0.0000,0.0000,0.0000,-0.032573,0.019012,57.3387,-0.048926,0.018949,67.4594,0.000000,0.000000,0.0000,0.000000,0.000000,0.0000,-0.02694,0.06137,0.54432,0.01933,-0.75330,-0.06412,0.58350,0.08053,0.20186,0.37163,-0.81895,-0.49836,0.37701,-0.01437,-3.20597,-0.08821,0.20806,0.52483,-5.79180,-4.04985,-0.43930,-0.44662,-0.53427,0.59157,-0.34248,-1.69571,-0.16158,0.63422,-2.08339,-0.90098,3.17344,0.64444,6.000,6.000,12.000,12.000,6.000,6.000,6.000,6.000,12.000,12.000,6.000,6.000,6.000,6.000,6.000,6.000,0.192981,0.048543,0.178899,0.005593,0.124200,0.049716,0.163400,0.064916,0.113691,0.045200,1.000000,3.000000,1.000000,0.000000,0.239855,-0.049744,0.037553,-0.072729,-0.521939
3.7050,0.18569,0.05357,0.47775,0.99663,-0.06049,-0.00274,-0.05538,0.16017,0.03843,0.33053,0.31446,0.12142,0.00434,1,0.04927,0.12142,0.045013,-0.12830,0.9022,-0.0109,-0.0043,-0.8261,-0.6766,19.9260,15.9082,0,0.04900,0.01900,0.3039,0.0000,0.051938,0.100844,-0.0285,-5.4772,60.5543,11.7506,-2.8689,66.3576,0.0000,0.0000,0.0000,0.0000,0.0000,0.0000,-0.028805,0.019016,58.0298,-0.048935,0.018961,66.3576,0.000000,0.000000,0.0000,0.000000,0.000000,0.0000,0.00267,0.07109,0.54837,0.00262,-0.73535,-0.05196,0.57619,0.07491,0.21942,0.33452,-0.81264,-0.47658,0.32164,-0.03135,-3.16688,-0.07697,0.12954,0.34029,-5.40857,-3.51002,-0.12216,-0.39381,-0.57664,0.47421,-0.36255,-1.61798,-0.14435,0.58767,-2.04019,-0.82499,2.96616,0.63366,6.000,6.000,12.000,12.000,6.000,6.000,6.000,6.000,12.000,12.000,6.000,6.000,6.000,6.000,6.000,6.000,0.192484,0.048670,0.180448,0.004344,0.124200,0.049716,0.160306,0.064916,0.117778,0.045931,1.000000,3.000000,1.000000,0.000000,0.240653,-0.049739,0.037123,-0.064120,-0.498359
3.7100,0.18606,0.05404,0.47758,0.99673,-0.06009,-0.00322,-0.05395,0.16145,0.03865,0.33015,0.31446,0.12057,0.00306,1,0.04842,0.12057,0.044372,-0.12726,1.8322,-0.0103,0.1649,-0.8194,-0.5412,18.0095,12.4634,0,0.04900,0.01900,0.3652,0.0000,0.051878,0.100685,1.0935,-5.4327,61.4520,13.8397,-3.0633,64.7035,0.0000,0.0000,0.0000,0.0000,0.0000,0.0000,-0.049011,0.019012,59.1039,-0.048943,0.018971,64.7035,0.000000,0.000000,0.0000,0.000000,0.000000,0.0000,0.03156,0.08055,0.54877,-0.01010,-0.71794,-0.03731,0.56651,0.06859,0.23425,0.30017,-0.80560,-0.45621,0.26220,-0.04122,-3.12221,-0.06431,-0.01045,0.33458,-6.39454,-4.44539,-1.18985,-0.36997,-0.58813,0.40918,-0.19331,-1.46349,-0.10896,0.52684,-2.44433,-0.65877,3.28495,0.71203,6.000,6.000,12.000,12.000,6.000,6.000,6.000,6.000,12.000,12.000,6.000,6.000,6.000,6.000,6.000,6.000,0.192694,0.047787,0.182041,0.003059,0.124200,0.049716,0.156158,0.064916,0.118986,0.045980,1.000000,3.000000,1.000000,0.000000,0.241375,-0.049734,0.036733,-0.051960,-0.476576
3.7150,0.18641,0.05452,0.47749,0.99685,-0.05984,-0.00341,-0.05200,0.16275,0.03886,0.32979,0.31446,0.11974,0.00174,1,0.04783,0.11974,0.043735,-0.12710,1.8759,-0.0097,0.2662,-0.8129,-0.7002,18.8433,7.0680,0,0.04900,0.01900,0.0350,0.0958,0.051773,0.100578,1.7647,-5.3892,60.3977,1.0482,0.2971,51.9157,0.0000,0.0000,0.0000,0.5140,2.1099,37.7866,-0.049011,0.019014,58.3476,-0.048951,0.018980,51.9157,0.000000,0.000000,0.0000,-0.048887,0.018757,37.7866,0.06028,0.09090,0.54525,-0.01770,-0.70329,-0.02210,0.55450,0.06237,0.24472,0.27534,-0.79439,-0.43606,0.19864,-0.04607,-3.07315,-0.04971,0.10040,0.19479,-6.27420,-4.11807,-1.26250,-0.37016,-0.58816,0.32951,0.13118,-1.06781,0.09400,0.50901,-2.33012,-0.47330,3.09191,0.72735,6.000,6.000,12.000,12.000,6.000,6.000,6.000,6.000,12.000,12.000,6.000,6.000,6.000,6.000,6.000,6.000,0.193685,0.049247,0.183679,0.001737,0.124200,0.049716,0.154215,0.064916,0.127330,0.048552,1.000000,3.000000,1.000000,0.000000,0.242020,-0.049730,0.036384,-0.037308,-0.456211
3.7200,0.18676,0.05500,0.47746,0.99698,-0.05970,-0.00334,-0.04960,0.16406,0.03908,0.32951,0.31446,0.11923,0.00038,1,0.04743,0.11923,0.043051,-0.14172,1.9796,-0.0090,0.3302,-0.8059,-1.4064,20.7814,1.8890,0,0.04900,0.01900,0.0326,0.2122,0.051642,0.100524,2.1893,-5.3433,55.7156,0.3219,0.9050,49.0682,0.0000,0.0000,0.0000,3.3767,2.8533,34.7206,-0.041032,0.019013,54.0260,-0.048959,0.018989,49.0682,0.000000,0.000000,0.0000,-0.048799,0.018587,34.7206,0.09202,0.10328,0.53791,-0.02171,-0.68992,-0.00603,0.54070,0.05628,0.25238,0.25698,-0.78150,-0.41652,0.13187,-0.04746,-3.02146,-0.03312,0.79449,-0.06632,-5.24099,-3.10650,-0.76326,-0.33863,-0.59437,0.25586,0.27111,-0.82596,0.19346,0.49634,-2.48906,-0.37758,2.54039,0.69485,6.000,6.000,12.000,12.000,6.000,6.000,6.000,6.000,12.000,12.000,6.000,6.000,6.000,6.000,6.000,6.000,0.195121,0.051118,0.185364,0.000378,0.124200,0.049716,0.153472,0.064916,0.137019,0.051669,1.000000,3.000000,1.000000,0.000000,0.242586,-0.049727,0.036078,-0.022100,-0.436061
3.7250,0.18715,0.05549,0.47748,0.99711,-0.05960,-0.00308,-0.04704,0.16539,0.03933,0.32929,0.31446,0.11899,-0.00102,1,0.04715,0.11899,0.042248,-0.16364,2.7060,-0.0084,0.3631,-0.7983,-1.8795,22.0842,-2.4127,0,0.04900,0.01900,0.2060,0.2953,0.051475,0.100517,2.4073,-5.2930,52.5789,4.6436,3.0580,44.9995,0.0000,0.0000,0.0000,4.6121,2.7966,30.4472,-0.023932,0.019018,51.2163,-0.048967,0.018996,44.9995,0.000000,0.000000,0.0000,-0.048762,0.018521,30.4472,0.12485,0.11634,0.52705,-0.02314,-0.67391,0.00994,0.52584,0.05015,0.25794,0.24313,-0.76775,-0.39782,0.06265,-0.04657,-2.96811,-0.01467,1.10003,-0.64763,-3.84714,-1.81167,0.14508,-0.31820,-0.64972,0.24695,-0.28310,-0.82273,0.17450,0.48447,-2.61249,-0.31690,2.25551,0.70474,6.000,6.000,12.000,12.000,6.000,6.000,6.000,6.000,12.000,12.000,6.000,6.000,6.000,6.000,6.000,6.000,0.196947,0.054438,0.187096,-0.001019,0.124200,0.049716,0.153752,0.064916,0.151172,0.056325,1.000000,3.000000,1.000000,0.000000,0.243070,-0.049724,0.035816,-0.006033,-0.416523
3.7300,0.18761,0.05594,0.47757,0.99721,-0.05935,-0.00294,-0.04508,0.16678,0.03959,0.32910,0.31446,0.11885,-0.00246,1,0.04694,0.11885,0.041336,-0.19140,3.1983,-0.0075,0.3511,-0.7900,-2.3596,21.7014,-4.4059,0,0.04900,0.01900,0.4814,0.1053,0.051671,0.086548,2.3278,-5.2379,49.3963,17.3650,7.0321,64.8760,0.0000,0.0000,0.0000,0.9346,0.3479,15.7922,0.006395,0.019033,48.3856,-0.048969,0.004988,64.8760,0.000000,0.000000,0.0000,-0.048758,0.018514,15.7922,0.15883,0.12962,0.51365,-0.02256,-0.64757,0.02045,0.51114,0.04384,0.26330,0.23044,-0.75196,-0.38075,-0.00875,-0.04428,-2.91344,0.00517,2.24194,-0.75903,-2.14379,-0.13392,1.67364,-0.39319,-0.62880,0.18418,-0.30725,-0.77086,0.16280,0.44459,-3.36846,-0.38493,1.48304,0.62731,6.000,6.000,12.000,12.000,6.000,6.000,6.000,6.000,12.000,12.000,6.000,6.000,6.000,6.000,6.000,6.000,0.199318,0.054209,0.188877,-0.002456,0.124200,0.049716,0.155522,0.064916,0.154794,0.057619,1.000000,3.000000,1.000000,0.000000,0.243471,-0.049721,0.035601,0.009943,-0.397816
3.7350,0.18813,0.05638,0.47764,0.99731,-0.05912,-0.00255,-0.04334,0.16826,0.03989,0.32897,0.31446,0.11840,-0.00393,1,0.04674,0.11840,0.040291,-0.21601,4.1118,-0.0066,0.1517,-0.7807,-3.0408,18.5295,-0.2600,0,0.04900,0.01900,0.8620,0.1289,0.053190,0.062707,1.0060,-5.1758,44.8800,8.4400,15.7533,34.5619,0.0000,0.0000,0.0000,1.2308,0.0359,15.9242,-0.024702,0.019016,44.4285,-0.048917,-0.018983,34.5619,0.000000,0.000000,0.0000,-0.048775,0.018543,15.9242,0.18793,0.14177,0.49767,-0.01957,-0.61582,0.01915,0.49624,0.03721,0.26594,0.22199,-0.73652,-0.36452,-0.08251,-0.04119,-2.85866,0.02657,0.83360,-1.19255,-3.04753,-1.41029,0.26041,-0.49257,-0.63204,0.18928,-0.72254,-0.71628,0.23240,0.42456,-2.74425,-0.25915,2.17649,0.76629,6.000,6.000,12.000,12.000,6.000,6.000,6.000,6.000,12.000,12.000,6.000,6.000,6.000,6.000,6.000,6.000,0.205669,0.058350,0.190709,-0.003933,0.124200,0.049716,0.163400,0.064916,0.171743,0.064055,1.000000,3.000000,1.000000,0.000000,0.243787,-0.049719,0.035432,0.020446,-0.380751
3.7400,0.18869,0.05683,0.47767,0.99740,-0.05887,-0.00194,-0.04161,0.16981,0.04024,0.32882,0.31446,0.11798,-0.00545,1,0.04654,0.11798,0.038824,-0.32345,4.2709,-0.0056,0.2000,-0.7697,-2.0219,20.3792,-8.8936,0,0.04900,0.01900,0.7467,0.4090,0.053563,0.062848,1.3257,-5.1033,51.6350,0.7081,10.8288,24.2251,0.0000,0.0000,0.0000,6.3457,2.4901,27.7803,0.049028,0.019028,51.3015,-0.048915,-0.018971,24.2251,0.000000,0.000000,0.0000,-0.048802,0.018588,27.7803,0.22561,0.15676,0.47390,-0.01154,-0.55842,-0.00456,0.48115,0.03031,0.26615,0.21753,-0.72193,-0.34921,-0.16076,-0.03777,-2.80502,0.04921,2.94170,-1.14357,-0.39360,1.87638,3.80546,-1.05294,-0.61708,0.17526,-0.65245,-0.52700,0.16539,0.39784,-4.24439,-0.48252,1.07865,0.63972,6.000,6.000,12.000,12.000,6.000,6.000,6.000,6.000,12.000,12.000,6.000,6.000,6.000,6.000,6.000,6.000,0.206187,0.055706,0.192593,-0.005453,0.124200,0.049716,0.163400,0.064916,0.168284,0.062652,1.000000,3.000000,1.000000,0.000000,0.244015,-0.049718,0.035311,0.019146,-0.364522
3.7450,0.18919,0.05730,0.47763,0.99748,-0.05871,-0.00100,-0.03978,0.17139,0.04063,0.32860,0.31446,0.11754,-0.00701,1,0.04629,0.11754,0.037304,-0.30169,6.0786,-0.0041,0.2493,-0.7576,-0.3936,18.3327,-9.6485,0,0.04900,0.01900,0.8304,0.3782,0.052604,0.061850,1.6531,-5.0226,62.4305,6.5486,5.2134,16.8028,0.0000,0.0000,0.0000,4.6969,1.5201,21.7596,-0.028610,0.018031,62.3112,-0.048978,-0.018990,16.8028,0.000000,0.000000,0.0000,-0.048832,0.018638,21.7596,0.26588,0.17274,0.44358,0.00353,-0.50129,-0.04469,0.46596,0.02318,0.26127,0.22034,-0.70919,-0.33430,-0.24930,-0.03447,-2.74839,0.07350,1.93678,-2.63433,-4.91591,-2.35754,-0.44867,-1.70393,-0.67530,0.43070,-1.29198,-0.33462,0.19397,0.39310,-6.00081,-0.75652,3.70575,1.09773,6.000,6.000,12.000,12.000,6.000,6.000,6.000,6.000,12.000,12.000,6.000,6.000,6.000,6.000,6.000,6.000,0.211907,0.065818,0.194529,-0.007015,0.124200,0.049716,0.163400,0.064916,0.203709,0.074877,1.000000,3.000000,1.000000,0.000000,0.244153,-0.049717,0.035238,-0.004558,-0.349215
3.7500,0.18959,0.05783,0.47749,0.99756,-0.05873,0.00052,-0.03782,0.17301,0.04108,0.32831,0.31446,0.11731,-0.00862,1,0.04594,0.11731,0.035487,-0.34364,4.3936,-0.0026,0.8478,-0.7435,0.3190,21.9550,-19.6782,0,0.04900,0.01900,0.0000,0.5493,0.000000,0.000000,5.6212,-4.9292,67.1553,0.0000,0.0000,0.0000,0.0000,0.0000,0.0000,12.6882,4.8154,41.1860,0.049005,0.019005,67.0585,0.000000,0.000000,0.0000,0.000000,0.000000,0.0000,-0.048861,0.018687,41.1860,0.30343,0.18565,0.40714,0.02066,-0.42711,-0.09361,0.45058,0.01595,0.24640,0.23727,-0.69961,-0.32260,-0.34976,-0.03128,-2.68860,0.09861,2.02311,-2.58813,0.44540,2.46061,4.67846,-1.78098,-0.43407,-0.14950,-2.74234,0.15532,0.16642,-0.02778,-6.00036,-0.50030,2.43441,0.86361,6.000,6.000,12.000,12.000,6.000,6.000,6.000,6.000,12.000,12.000,6.000,6.000,6.000,6.000,6.000,6.000,0.203731,0.066195,0.196521,-0.008622,0.124200,0.049716,0.145829,0.064916,0.209250,0.075163,1.000000,3.000000,1.000000,0.000000,0.244200,-0.049716,0.035213,-0.044690,-0.334296
3.7550,0.19005,0.05838,0.47728,0.99760,-0.05869,0.00241,-0.03677,0.17465,0.04157,0.32790,0.31446,0.11747,-0.01024,1,0.04550,0.11747,0.034276,-0.18201,3.6570,-0.0008,1.2390,-0.7284,1.9896,23.0055,-28.0350,0,0.04900,0.01900,0.1240,0.9470,0.139722,0.108810,8.2146,-4.8293,78.2310,-2.4248,-6.5868,94.3686,0.0000,0.0000,0.0000,0.1787,3.6839,6.4920,0.049005,0.019005,78.2589,0.048979,0.010969,94.3686,0.000000,0.000000,0.0000,-0.048888,0.018732,6.4920,0.33118,0.19274,0.38152,0.02879,-0.36851,-0.12833,0.43672,0.00835,0.22084,0.26947,-0.68988,-0.31752,-0.45833,-0.02818,-2.62855,0.12321,1.19116,-2.09498,2.35793,1.83011,5.18084,-1.86677,-0.36300,-0.47515,-3.82146,0.66190,0.23304,-0.07590,-6.00039,-0.45365,1.36030,0.67408,6.000,6.000,12.000,12.000,6.000,6.000,6.000,6.000,12.000,12.000,6.000,6.000,6.000,6.000,6.000,6.000,0.201104,0.063462,0.198527,-0.010239,0.127200,0.047231,0.134930,0.064916,0.203416,0.073746,0.000000,3.000000,1.000000,0.000000,0.244200,-0.049716,0.034369,-0.093611,-0.322596
3.7600,0.19063,0.05893,0.47707,0.99760,-0.05847,0.00463,-0.03688,0.17629,0.04204,0.32757,0.31446,0.11754,-0.01183,1,0.04503,0.11754,0.033653,-0.08990,4.9398,0.0005,0.5562,-0.7136,3.1300,20.5751,-33.2146,0,0.04900,0.01900,0.1369,0.0000,0.135177,0.116136,3.6876,-4.7310,85.7923,5.1794,-6.5345,101.5002,0.0000,0.0000,0.0000,0.0000,0.0000,0.0000,0.049007,0.019007,85.3564,0.048786,0.017823,101.5002,0.000000,0.000000,0.0000,0.000000,0.000000,0.0000,0.35310,0.19568,0.37033,0.02257,-0.33306,-0.15094,0.42451,-0.00013,0.18793,0.31041,-0.67637,-0.31627,-0.57317,-0.02539,-2.56792,0.14794,1.04295,-2.28007,0.47112,0.92693,4.83644,-1.94634,-0.36897,-0.28584,-2.36363,1.09496,0.45976,-0.01751,-6.00061,-0.60330,2.22201,0.84659,6.000,6.000,12.000,12.000,6.000,6.000,6.000,6.000,12.000,12.000,6.000,6.000,6.000,6.000,6.000,6.000,0.209926,0.060808,0.200505,-0.011831,0.130200,0.044745,0.158462,0.064916,0.197746,0.073248,0.000000,3.000000,1.000000,0.000000,0.244200,-0.049716,0.034369,-0.128326,-0.317521
3.7650,0.19138,0.05950,0.47688,0.99757,-0.05801,0.00703,-0.03793,0.17795,0.04249,0.32737,0.31446,0.11727,-0.01340,1,0.04458,0.11727,0.033375,-0.03488,2.4420,0.0011,0.9786,-0.6997,1.3614,17.3813,-37.8981,0,0.04900,0.01900,0.1566,0.0000,0.132964,0.117427,6.4878,-4.6390,74.0662,5.9458,-7.9594,105.7788,0.0000,0.0000,0.0000,0.0000,0.0000,0.0000,0.049012,0.019012,73.6327,0.048613,0.018767,105.7788,0.000000,0.000000,0.0000,0.000000,0.000000,0.0000,0.37976,0.19718,0.36644,0.00898,-0.31499,-0.17136,0.41308,-0.00946,0.15569,0.34751,-0.65932,-0.31570,-0.69346,-0.02307,-2.50623,0.17376,2.02357,-1.57066,-0.15806,1.08492,4.38572,-1.53384,-0.35143,-0.38993,-0.44065,0.73823,0.30666,-0.01001,-6.00084,-0.75283,2.02672,0.86383,6.000,6.000,12.000,12.000,6.000,6.000,6.000,6.000,12.000,12.000,6.000,6.000,6.000,6.000,6.000,6.000,0.206913,0.058080,0.202454,-0.013398,0.133200,0.042259,0.146577,0.064916,0.191779,0.071618,0.000000,3.000000,1.000000,0.000000,0.244200,-0.049716,0.034369,-0.150938,-0.316270
3.7700,0.19233,0.06009,0.47667,0.99752,-0.05734,0.00968,-0.03971,0.17963,0.04288,0.32732,0.31446,0.11654,-0.01494,1,0.04410,0.11654,0.033308,-0.00147,1.3330,0.0013,0.6665,-0.6873,0.5374,12.9857,-39.8672,0,0.04900,0.01900,0.2871,0.0000,0.132570,0.115136,4.4187,-4.5570,68.6033,11.3860,-12.1234,96.5743,0.0000,0.0000,0.0000,0.0000,0.0000,0.0000,0.049005,0.019005,67.8335,0.048548,0.016100,96.5743,0.000000,0.000000,0.0000,0.000000,0.000000,0.0000,0.41113,0.19761,0.36582,-0.00690,-0.30930,-0.19029,0.40196,-0.01959,0.12708,0.37626,-0.64229,-0.31537,-0.81806,-0.02124,-2.44285,0.20065,1.24136,-1.69489,-0.79661,0.57224,3.50663,-1.45031,-0.32976,-0.51622,-0.04799,0.68053,0.31209,-0.00130,-5.56039,-0.71331,2.73578,0.97915,6.000,6.000,12.000,12.000,6.000,6.000,6.000,6.000,12.000,12.000,6.000,6.000,6.000,6.000,6.000,6.000,0.211727,0.058494,0.204373,-0.014940,0.136200,0.039773,0.158262,0.064916,0.195156,0.073800,0.000000,3.000000,1.000000,0.000000,0.244200,-0.049716,0.034369,-0.171365,-0.315702
3.7750,0.19349,0.06069,0.47643,0.99743,-0.05654,0.01281,-0.04201,0.18134,0.04324,0.32735,0.31446,0.11543,-0.01645,1,0.04360,0.11543,0.033359,0.01757,0.6492,0.0014,0.3897,-0.6762,0.3091,10.0182,-45.6617,0,0.04900,0.01900,0.2566,0.0000,0.131067,0.117715,2.5834,-4.4831,67.0896,10.6356,-6.0783,79.5875,0.0000,0.0000,0.0000,0.0000,0.0000,0.0000,0.049007,0.019007,66.0450,0.048543,0.018615,79.5875,0.000000,0.000000,0.0000,0.000000,0.000000,0.0000,0.44169,0.19626,0.36450,-0.01793,-0.31395,-0.20501,0.39094,-0.03044,0.10069,0.39848,-0.62763,-0.31598,-0.94759,-0.01973,-2.37684,0.22786,0.66638,-1.95770,-0.83463,0.17364,2.95955,-1.33451,-0.31149,-0.67500,0.09607,0.61063,0.20147,-0.06025,-6.00044,-0.64732,3.15288,1.00452,6.000,6.000,12.000,12.000,6.000,6.000,6.000,6.000,12.000,12.000,6.000,6.000,6.000,6.000,6.000,6.000,0.216143,0.058653,0.206261,-0.016454,0.139200,0.037287,0.168847,0.064916,0.197693,0.075755,0.000000,3.000000,1.000000,0.000000,0.244200,-0.049716,0.034369,-0.190289,-0.315366
3.7800,0.19490,0.06131,0.47609,0.99731,-0.05563,0.01666,-0.04466,0.18308,0.04359,0.32742,0.31446,0.11414,-0.01794,1,0.04307,0.11414,0.033457,0.02076,0.0264,0.0014,0.0480,-0.6654,0.9943,7.7428,-55.0939,0,0.04900,0.01900,0.1656,0.0000,0.130672,0.117853,0.3180,-4.4119,71.6325,7.0603,-0.3465,71.1351,0.0000,0.0000,0.0000,0.0000,0.0000,0.0000,0.049006,-0.019006,70.3385,0.048595,0.018585,71.1351,0.000000,0.000000,0.0000,0.000000,0.000000,0.0000,0.46645,0.19220,0.36309,-0.02523,-0.32519,-0.21097,0.38049,-0.04202,0.07450,0.41791,-0.61671,-0.32487,-1.08611,0.00574,-2.31137,0.24767,0.25390,0.24900,0.29074,-0.67126,2.85313,1.39166,-0.17446,-1.24791,-0.00267,0.83762,0.15410,-0.57331,-6.00039,1.69224,1.45139,0.16459,6.000,6.000,12.000,12.000,6.000,6.000,6.000,6.000,12.000,12.000,6.000,6.000,6.000,6.000,6.000,6.000,0.221231,0.057951,0.208118,-0.017941,0.142200,0.034801,0.181539,0.064916,0.197562,0.077017,0.000000,3.000000,1.000000,0.000000,0.244200,-0.049716,0.034369,-0.205006,-0.315977
3.7850,0.19656,0.06196,0.47580,0.99717,-0.05421,0.02109,-0.04766,0.18484,0.04393,0.32750,0.31446,0.11273,-0.01940,1,0.04271,0.11273,0.033650,0.05804,-0.3188,0.0013,-0.2261,-0.6546,2.7200,5.0250,-69.3579,0,0.04900,0.01900,0.2599,0.0000,0.142762,0.087622,-1.4989,-4.3398,83.0739,9.5299,1.5114,61.8829,0.0000,0.0000,0.0000,0.0000,0.0000,0.0000,0.049010,-0.019010,81.6438,0.048821,-0.014193,61.8829,0.000000,0.000000,0.0000,0.000000,0.000000,0.0000,0.49744,0.18536,0.34783,-0.00419,-0.35215,-0.20771,0.37163,-0.05581,0.05958,0.42168,-0.62275,-0.39571,-1.23877,0.10699,-2.23088,0.17757,1.92769,0.39104,-8.65150,1.67691,3.00113,1.95303,0.20822,-6.00081,7.58194,1.51363,-1.05422,-5.23532,-6.00081,6.00081,4.30203,-6.00081,6.000,6.000,12.000,12.000,6.000,6.000,6.000,6.000,12.000,12.000,6.000,6.000,6.000,6.000,6.000,6.000,0.225573,0.055933,0.209943,-0.019400,0.145200,0.032316,0.192090,0.064916,0.193397,0.076937,0.000000,3.000000,1.000000,0.000000,0.244200,-0.049716,0.034369,-0.210972,-0.324867
3.7900,0.19873,0.06268,0.47540,0.99699,-0.05236,0.02632,-0.05079,0.18664,0.04423,0.32766,0.31446,0.11042,-0.02083,2,0.04244,0.11042,0.034033,0.08811,1.5256,0.0011,-0.9751,-0.6454,1.0787,-7.8268,-78.2060,0,0.04900,0.01900,0.4069,0.8920,0.139487,0.096286,-8.1235,-18.7007,31.2851,5.7476,-24.0605,101.3306,1.6586,14.4214,40.9072,1.5655,23.8397,44.6447,0.049025,-0.019025,28.4749,0.048835,-0.005125,101.3306,0.049017,-0.019017,41.5298,-0.048993,0.018947,44.6447,0.52051,0.17458,0.34585,-0.00393,-0.37480,-0.18925,0.35240,-0.07516,0.04370,0.42529,-0.62102,-0.43691,-1.39478,0.20775,-2.16160,0.10122,-0.38841,3.64056,4.70743,-3.09816,0.14243,1.32606,-1.95232,-0.74135,-0.35914,0.84589,1.56805,0.45741,-6.00070,1.34061,-2.98549,-1.29147,6.000,6.000,12.000,12.000,6.000,6.000,6.000,6.000,12.000,12.000,6.000,6.000,6.000,6.000,6.000,6.000,0.234965,0.060203,0.211734,-0.020829,0.148200,0.029830,0.217894,0.064916,0.208009,0.084296,0.000000,3.000000,0.599293,0.133569,0.000000,0.000000,0.000000,-0.207708,-0.395706
3.7950,0.20148,0.06345,0.47466,0.99673,-0.05058,0.03226,-0.05413,0.18850,0.04449,0.32789,0.31446,0.10740,-0.02223,2,0.04198,0.10740,0.034654,0.15267,-2.0553,0.0007,-1.7049,-0.6371,3.2062,-11.4572,-93.5232,0,0.04900,0.01900,1.1669,1.0907,0.145376,0.083840,-10.3822,-24.9969,39.5386,4.8701,0.0000,6.9573,-0.9217,20.7727,46.7585,22.2841,-1.6185,34.1466,0.049024,-0.019024,36.5375,0.048933,-0.019092,6.9573,0.049018,-0.019018,49.7068,-0.048984,0.018869,34.1466,0.52281,0.16013,0.36022,-0.02208,-0.39976,-0.15122,0.31057,-0.09999,0.01521,0.43872,-0.59800,-0.44897,-1.56042,0.33731,-2.12715,0.14338,-1.20223,4.88694,6.02423,-6.69438,0.63622,2.12743,-3.19515,-1.43485,-1.65264,0.53925,1.84488,0.61960,-6.00093,6.00093,-2.15847,5.66157,6.000,6.000,12.000,12.000,6.000,6.000,6.000,6.000,12.000,12.000,6.000,6.000,6.000,6.000,6.000,6.000,0.244141,0.052362,0.213491,-0.022229,0.151200,0.027344,0.243149,0.064916,0.186201,0.080643,0.000000,3.000000,0.474507,0.197060,0.000000,0.000000,0.000000,-0.189247,-0.436908
3.8000,0.20474,0.06425,0.47355,0.99634,-0.04910,0.03849,-0.05836,0.19047,0.04474,0.32811,0.31446,0.10469,-0.02360,2,0.04132,0.10469,0.035582,0.21346,-3.7705,0.0001,-2.4970,-0.6294,6.3478,-8.9838,-105.2928,1,0.04900,0.01900,1.1669,0.8893,0.145297,0.084032,-15.1950,-24.2755,44.2298,10.4570,0.0000,14.9386,-1.3603,20.1027,62.8961,14.5327,-6.1953,29.6113,0.049026,-0.019026,42.2808,0.048972,-0.019035,14.9386,0.049018,-0.019018,62.3310,-0.048998,0.018980,29.6113,0.51263,0.14498,0.38049,-0.03837,-0.43383,-0.10244,0.24586,-0.12708,-0.02368,0.45617,-0.55712,-0.44481,-1.73694,0.50691,-2.11712,0.27683,-1.20223,4.88694,6.02423,-6.69438,0.63622,2.12743,-3.19515,-1.43485,-1.65264,0.53925,1.84488,0.61960,-6.00093,6.00093,-2.15847,5.66157,6.000,6.000,12.000,12.000,6.000,6.000,6.000,6.000,12.000,12.000,6.000,6.000,6.000,6.000,6.000,6.000,0.253983,0.047404,0.215213,-0.023598,0.154200,0.024858,0.270511,0.064916,0.172946,0.080897,0.000000,3.000000,0.339315,0.275285,0.000000,0.000000,0.000000,-0.151225,-0.448975
3.8050,0.20851,0.06503,0.47202,0.99579,-0.04804,0.04477,-0.06398,0.19251,0.04497,0.32821,0.31446,0.10278,-0.02493,2,0.04042,0.10278,0.036775,0.25949,-5.4143,-0.0009,-2.8353,-0.6222,8.4108,-3.2615,-109.5104,1,0.04900,0.01900,1.1669,0.0000,0.144598,0.084067,-23.3709,-34.2528,60.6617,11.0220,0.0000,15.7458,4.5726,30.1279,60.1425,0.0000,0.0000,0.0000,0.049007,-0.019007,59.6274,0.048998,-0.019001,15.7458,0.049006,-0.019006,65.2220,0.000000,0.000000,0.0000,0.49827,0.13170,0.40473,-0.05239,-0.46607,-0.04529,0.16381,-0.15255,-0.06988,0.47300,-0.50614,-0.43024,-1.92112,0.69173,-2.12054,0.44746,-1.20223,4.88694,6.02423,-6.69438,0.63622,2.12743,-3.19515,-1.43485,-1.65264,0.53925,1.84488,0.61960,-6.00093,6.00093,-2.15847,5.66157,6.000,6.000,12.000,12.000,6.000,6.000,6.000,6.000,12.000,12.000,6.000,6.000,6.000,6.000,6.000,6.000,0.260386,0.045521,0.216898,-0.024935,0.157200,0.022372,0.283400,0.064916,0.168878,0.082796,0.000000,3.000000,0.275633,0.332002,0.000000,0.000000,0.000000,-0.102445,-0.444811
3.8100,0.21279,0.06575,0.47009,0.99502,-0.04747,0.05097,-0.07129,0.19458,0.04520,0.32811,0.31446,0.10194,-0.02624,1,0.03950,0.10194,0.038251,0.33640,-6.5380,-0.0021,-2.7708,-0.6150,11.7324,5.1121,-111.0772,1,0.04900,0.01900,0.0000,0.0000,0.000000,0.000000,-18.3704,-4.0777,142.8260,0.0000,0.0000,0.0000,0.0000,0.0000,0.0000,0.0000,0.0000,0.0000,0.049004,-0.019004,142.4793,0.000000,0.000000,0.0000,0.000000,0.000000,0.0000,0.000000,0.000000,0.0000,0.48464,0.12173,0.43186,-0.06381,-0.48446,0.01919,0.07303,-0.17403,-0.12192,0.49184,-0.45560,-0.41081,-2.11195,0.88088,-2.13185,0.63257,-1.20223,4.88694,6.02423,-6.69438,0.63622,2.12743,-3.19515,-1.43485,-1.65264,0.53925,1.84488,0.61960,-6.00093,6.00093,-2.15847,5.66157,6.000,6.000,12.000,12.000,6.000,6.000,6.000,6.000,12.000,12.000,6.000,6.000,6.000,6.000,6.000,6.000,0.268922,0.043824,0.218547,-0.026240,0.160200,0.019887,0.283400,0.064916,0.167506,0.086294,0.000000,3.000000,1.000000,0.000000,0.244200,-0.049716,0.034369,-0.045287,-0.430243
3.8150,0.21698,0.06651,0.46849,0.99422,-0.04688,0.05597,-0.07868,0.19664,0.04544,0.32779,0.31446,0.10236,-0.02751,1,0.03903,0.10236,0.040234,0.44582,0.0000,0.0000,-2.7066,-0.6076,14.6800,15.3382,-111.2816,0,0.04900,0.01900,0.0000,0.8314,0.000000,0.000000,0.0000,0.0000,0.0000,0.0000,0.0000,0.0000,-18.3323,13.9999,93.9769,-21.6891,27.8124,70.7164,0.000000,0.000000,0.0000,0.000000,0.000000,0.0000,0.049011,0.019011,81.0296,0.048994,0.018806,70.7164,0.47145,0.11234,0.45910,-0.07148,-0.47706,0.05238,-0.04033,-0.19018,-0.17081,0.50682,-0.43450,-0.38158,-2.25849,0.93995,-2.12841,0.76979,0.81166,-3.81118,3.67196,-4.76197,1.79939,-0.26618,-4.22905,5.63668,-7.91899,-5.83315,0.99382,0.83490,6.00090,-3.09422,1.26775,1.87758,6.000,6.000,12.000,12.000,6.000,6.000,6.000,6.000,12.000,12.000,6.000,6.000,6.000,6.000,6.000,6.000,0.276503,0.048694,0.220157,-0.027511,0.163200,0.017401,0.283400,0.064916,0.187569,0.094774,0.000000,3.000000,1.000000,0.000000,0.124200,0.049716,0.034369,0.019188,-0.410810
3.8200,0.22073,0.06733,0.46745,0.99354,-0.04603,0.05966,-0.08484,0.19858,0.04577,0.32755,0.31446,0.10410,-0.02875,1,0.03878,0.10410,0.042540,0.48377,0.0000,0.0000,-2.6459,-0.5973,7.6950,10.4813,-83.9621,0,0.04900,0.01900,0.0000,0.8254,0.000000,0.000000,0.0000,0.0000,0.0000,0.0000,0.0000,0.0000,-14.0047,16.5611,100.9070,-34.6522,32.8530,96.4361,0.000000,0.000000,0.0000,0.000000,0.000000,0.0000,0.049006,0.019006,87.2627,0.048999,0.018865,96.4361,0.45536,0.10035,0.48272,-0.07561,-0.43599,0.05734,-0.15219,-0.20181,-0.21085,0.50730,-0.40524,-0.35371,-2.34895,0.90966,-2.10831,0.84314,0.41871,-3.52441,1.51086,-5.49447,2.69457,-0.38375,-3.17985,5.93406,-3.63011,-3.30274,2.36473,0.87103,6.00052,-0.82643,-0.42382,0.19135,6.000,6.000,12.000,12.000,6.000,6.000,6.000,6.000,12.000,12.000,6.000,6.000,6.000,6.000,6.000,6.000,0.283187,0.055502,0.221728,-0.028748,0.166200,0.014915,0.283400,0.064916,0.213587,0.104284,0.000000,3.000000,1.000000,0.000000,0.124200,0.049716,0.034369,0.052384,-0.381578
3.8250,0.22413,0.06813,0.46670,0.99300,-0.04492,0.06259,-0.08953,0.20044,0.04615,0.32742,0.31446,0.11096,-0.02995,1,0.03855,0.11096,0.045024,0.53367,0.0000,0.0000,-2.5879,-0.5853,3.5888,4.6476,-70.3009,0,0.04900,0.01900,0.0000,1.1669,0.000000,0.000000,0.0000,0.0000,0.0000,0.0000,0.0000,0.0000,-11.3044,15.3687,86.1688,0.0000,-28.8656,41.2365,0.000000,0.000000,0.0000,0.000000,0.000000,0.0000,0.049016,0.019016,74.6549,-0.048996,0.018724,41.2365,0.43754,0.08657,0.50221,-0.07734,-0.38021,0.04641,-0.22768,-0.21189,-0.23753,0.49354,-0.34904,-0.33308,-2.39876,0.85778,-2.08714,0.87912,-0.16672,-2.78045,-0.72180,-4.71755,2.47133,-0.63223,0.16067,5.14568,0.58154,-0.66279,4.07987,0.77263,6.00122,-0.92938,-2.66691,-0.20633,6.000,6.000,12.000,12.000,6.000,6.000,6.000,6.000,12.000,12.000,6.000,6.000,6.000,6.000,6.000,6.000,0.287974,0.056353,0.223258,-0.029949,0.169200,0.012429,0.283400,0.064916,0.221361,0.107872,0.000000,3.000000,1.000000,0.000000,0.124200,0.049716,0.034369,0.057337,-0.353713
3.8300,0.22718,0.06891,0.46630,0.99252,-0.04410,0.06566,-0.09295,0.20229,0.04654,0.32730,0.31446,0.11653,-0.03111,2,0.03878,0.11653,0.047289,0.40006,-13.5871,-0.0106,-2.5301,-0.5733,-1.4327,2.6597,-61.8054,0,0.04900,0.01900,0.8408,0.3531,0.119582,0.077660,-1.6498,-14.7630,20.3525,9.2620,13.7709,32.9041,-15.1250,10.9621,35.1887,-9.2290,17.7450,94.4278,0.049025,0.019025,20.1330,0.048973,-0.018988,32.9041,-0.049016,0.019017,30.3790,0.045200,0.018745,94.4278,0.42940,0.07760,0.50570,-0.05957,-0.34879,0.02646,-0.27059,-0.21977,-0.25231,0.47852,-0.31088,-0.31460,-2.41150,0.73877,-2.06255,0.82679,-1.17158,2.74654,-7.47199,-1.46716,0.18147,-0.39617,1.91088,0.82166,-3.11371,-4.36616,-1.21380,0.56580,5.01822,-6.00051,-2.35524,-6.00051,6.000,6.000,12.000,12.000,6.000,6.000,6.000,6.000,12.000,12.000,6.000,6.000,6.000,6.000,6.000,6.000,0.284864,0.059281,0.224746,-0.031114,0.172200,0.009943,0.283400,0.064916,0.227004,0.108561,0.000000,3.000000,0.275633,0.482911,0.000000,0.000000,0.000000,0.046414,-0.333080
3.8350,0.23002,0.06962,0.46609,0.99203,-0.04384,0.06987,-0.09525,0.20413,0.04700,0.32726,0.31446,0.12244,-0.03224,2,0.03919,0.12244,0.048853,0.26952,-10.8795,-0.0129,-2.4728,-0.5590,-0.6678,8.2905,-76.8019,0,0.04900,0.01900,0.0000,1.1669,0.000000,0.000000,-1.3543,-15.6731,23.5284,0.0000,0.0000,0.0000,-15.0406,11.9670,37.0845,-18.0061,0.0000,25.7230,0.049031,-0.019031,22.4472,0.000000,0.000000,0.0000,0.049022,0.019022,31.8507,0.048994,0.018673,25.7230,0.43484,0.07603,0.48735,-0.02116,-0.32476,0.01822,-0.29252,-0.22447,-0.26068,0.45982,-0.28209,-0.29819,-2.39726,0.56126,-2.03907,0.69978,-0.78606,4.00026,-6.70994,-0.91633,0.31597,0.35521,1.11984,1.59378,-2.31323,-2.63404,1.34063,0.52436,5.01867,-6.00073,-2.53978,-6.00073,6.000,6.000,12.000,12.000,6.000,6.000,6.000,6.000,12.000,12.000,6.000,6.000,6.000,6.000,6.000,6.000,0.272257,0.063336,0.226192,-0.032242,0.175200,0.007457,0.283400,0.064916,0.231230,0.106100,0.000000,3.000000,0.264148,0.513093,0.000000,0.000000,0.000000,0.026465,-0.314602
3.8400,0.23290,0.07029,0.46593,0.99145,-0.04406,0.07543,-0.09690,0.20593,0.04750,0.32718,0.31446,0.13064,-0.03333,2,0.03980,0.13064,0.049900,0.17378,-2.2255,-0.0144,-2.4167,-0.5433,2.6875,14.6162,-100.6628,0,0.04900,0.01900,0.8302,0.6133,0.109678,0.075115,-2.8641,-17.3354,26.8913,8.3216,-10.4041,26.7510,-13.1586,13.7334,55.9672,-11.5061,11.2781,43.7890,0.049023,-0.019023,24.4946,0.048976,-0.018995,26.7510,0.049012,-0.019012,48.0236,0.048991,0.018688,43.7890,0.43187,0.07300,0.46476,0.01180,-0.30949,0.01749,-0.30549,-0.22775,-0.26736,0.43668,-0.25429,-0.26807,-2.36624,0.35987,-2.03030,0.54492,-2.46889,4.15113,-2.48516,-1.02552,0.70769,0.81275,2.26391,5.54666,-2.14025,-2.34547,2.22125,2.33633,4.73435,-6.00058,-6.00057,-6.00058,6.000,6.000,12.000,12.000,6.000,6.000,6.000,6.000,12.000,12.000,6.000,6.000,6.000,6.000,6.000,6.000,0.275584,0.066968,0.227594,-0.033331,0.178200,0.004972,0.283400,0.064916,0.244052,0.111189,0.000000,3.000000,0.252664,0.543275,0.000000,0.000000,0.000000,0.018222,-0.298189
3.8450,0.23605,0.07093,0.46551,0.99073,-0.04460,0.08204,-0.09868,0.20770,0.04799,0.32713,0.31446,0.14150,-0.03438,2,0.04032,0.14150,0.050577,0.11913,-6.0965,-0.0155,-2.3614,-0.5280,-0.9909,20.1875,-125.8042,0,0.04900,0.01900,0.7164,0.4681,0.106494,0.075409,-1.6925,-14.3743,22.8599,9.4420,-4.3287,24.1699,-13.8519,10.9117,35.6425,-16.3596,-5.0270,60.9468,-0.049050,-0.019050,20.6312,0.048938,-0.018990,24.1699,0.049034,-0.019034,30.3226,0.048990,0.018748,60.9468,0.41331,0.06564,0.46692,-0.00713,-0.29406,0.02743,-0.33099,-0.22813,-0.27984,0.41405,-0.23174,-0.22066,-2.32811,0.15191,-2.04798,0.42075,-1.88636,2.90664,2.79970,-4.81655,-0.83530,0.86007,-0.07606,6.00107,-4.80597,-3.32711,0.21899,1.92139,3.45473,-6.00107,-6.00106,-2.71658,6.000,6.000,12.000,12.000,6.000,6.000,6.000,6.000,12.000,12.000,6.000,6.000,6.000,6.000,6.000,6.000,0.270136,0.064526,0.228951,-0.034381,0.181200,0.002486,0.283400,0.064916,0.235262,0.107139,0.000000,3.000000,0.241179,0.573457,0.000000,0.000000,0.000000,0.017486,-0.268068
3.8500,0.23947,0.07149,0.46476,0.98977,-0.04562,0.08993,-0.10088,0.20942,0.04848,0.32707,0.31446,0.15437,-0.03539,2,0.04055,0.15437,0.051153,0.11458,-12.3562,-0.0161,-2.3079,-0.5128,-2.2924,24.4539,-142.1372,1,0.04900,0.01900,1.1669,0.8769,0.104989,0.075959,-1.4824,-11.8438,18.9431,0.0000,-0.2843,0.4062,-12.5658,8.8900,31.2754,-14.8889,7.0082,31.2816,0.049037,-0.019037,17.0730,0.048984,-0.018997,0.4062,0.049024,-0.019024,26.5804,0.048997,0.018908,31.2816,0.38811,0.05787,0.47795,-0.04232,-0.29743,0.04750,-0.37329,-0.22203,-0.30036,0.39217,-0.21288,-0.16614,-2.28818,-0.05367,-2.09035,0.32893,-1.88636,2.90664,2.79970,-4.81655,-0.83530,0.86007,-0.07606,6.00107,-4.80597,-3.32711,0.21899,1.92139,3.45473,-6.00107,-6.00106,-2.71658,6.000,6.000,12.000,12.000,6.000,6.000,6.000,6.000,12.000,12.000,6.000,6.000,6.000,6.000,6.000,6.000,0.265968,0.063611,0.230261,-0.035390,0.184200,0.000000,0.283400,0.064916,0.232223,0.105244,0.000000,3.000000,0.229694,0.603639,0.000000,0.000000,0.000000,0.027432,-0.220663
3.8550,0.24307,0.07190,0.46366,0.98852,-0.04733,0.09925,-0.10359,0.21107,0.04899,0.32689,0.31446,0.16963,-0.03636,1,0.04022,0.16963,0.051672,0.10176,0.0000,0.0000,-2.2562,-0.4970,4.1945,32.8321,-170.2786,1,0.04900,0.01900,0.0000,0.0000,0.000000,0.000000,0.0000,0.0000,0.0000,0.0000,0.0000,0.0000,-9.0936,6.4769,92.7422,0.0000,0.0000,0.0000,0.000000,0.000000,0.0000,0.000000,0.000000,0.0000,0.040617,0.019018,79.4765,0.000000,0.000000,0.0000,0.36027,0.05207,0.48268,-0.06592,-0.32033,0.07232,-0.42189,-0.20702,-0.32479,0.36385,-0.18870,-0.10765,-2.25528,-0.20001,-2.15258,0.24944,-1.88636,2.90664,2.79970,-4.81655,-0.83530,0.86007,-0.07606,6.00107,-4.80597,-3.32711,0.21899,1.92139,3.45473,-6.00107,-6.00106,-2.71658,6.000,6.000,12.000,12.000,6.000,6.000,6.000,6.000,12.000,12.000,6.000,6.000,6.000,6.000,6.000,6.000,0.277826,0.063629,0.231523,-0.036357,0.187200,-0.002486,0.283400,0.064916,0.236446,0.110187,0.000000,3.000000,1.000000,0.000000,0.124200,0.049716,0.034369,0.047504,-0.166139
3.8600,0.24683,0.07221,0.46226,0.98698,-0.04950,0.10994,-0.10644,0.21273,0.04949,0.32648,0.31446,0.18752,-0.03728,1,0.03984,0.18752,0.052171,0.10467,0.0000,0.0000,-2.2047,-0.4812,10.5453,44.0579,-196.4998,1,0.04900,0.01900,0.0000,0.8920,0.000000,0.000000,0.0000,0.0000,0.0000,0.0000,0.0000,0.0000,-10.6375,2.8377,132.8028,-8.3164,-19.9184,40.3355,0.000000,0.000000,0.0000,0.000000,0.000000,0.0000,-0.049007,0.019007,115.3534,-0.048998,0.018923,40.3355,0.32985,0.04797,0.48171,-0.08117,-0.35241,0.09902,-0.45954,-0.18822,-0.35106,0.33427,-0.15253,-0.05673,-2.22729,-0.28847,-2.23181,0.17389,-1.88636,2.90664,2.79970,-4.81655,-0.83530,0.86007,-0.07606,6.00107,-4.80597,-3.32711,0.21899,1.92139,3.45473,-6.00107,-6.00106,-2.71658,6.000,6.000,12.000,12.000,6.000,6.000,6.000,6.000,12.000,12.000,6.000,6.000,6.000,6.000,6.000,6.000,0.282783,0.064161,0.232736,-0.037282,0.190200,-0.004972,0.283400,0.064916,0.241255,0.113116,0.000000,3.000000,1.000000,0.000000,0.124200,0.049716,0.034369,0.072321,-0.107653
3.8650,0.25064,0.07251,0.46120,0.98434,-0.05670,0.12262,-0.11324,0.21436,0.04995,0.32591,0.31446,0.20798,-0.03816,1,0.03911,0.20798,0.053094,0.36645,0.0000,0.0000,-2.1537,-0.4667,13.0480,47.8562,-223.2911,0,0.04900,0.01900,0.0000,0.8267,0.000000,0.000000,0.0000,0.0000,0.0000,0.0000,0.0000,0.0000,-5.9076,8.1979,147.3069,-12.3938,-14.0446,37.7691,0.000000,0.000000,0.0000,0.000000,0.000000,0.0000,-0.017844,0.019005,134.5286,-0.048986,0.018755,37.7691,0.38597,0.08644,0.40403,0.04684,-0.47913,0.01811,-0.42253,-0.15944,-0.34389,0.26281,-0.09192,-0.01053,-2.23855,-0.24402,-2.28192,0.03371,6.00075,6.00075,-12.00074,12.00074,-5.99941,-6.00075,6.00075,6.00075,5.49177,-6.50710,-0.73130,-0.03290,-6.00075,6.00075,6.00075,-6.00075,6.000,6.000,12.000,12.000,6.000,6.000,6.000,6.000,12.000,12.000,6.000,6.000,6.000,6.000,6.000,6.000,0.278340,0.060410,0.233898,-0.038162,0.193200,-0.007457,0.283400,0.064916,0.227468,0.108127,0.000000,3.000000,1.000000,0.000000,0.124200,0.049716,0.034369,0.099025,-0.056726
3.8700,0.25445,0.07289,0.46038,0.98005,-0.07128,0.13661,-0.12556,0.21605,0.05047,0.32536,0.31446,0.23060,-0.03900,1,0.03890,0.23060,0.056490,1.14900,0.0000,0.0000,2.6004,-0.4506,-5.5258,185.9893,-274.6948,1,0.04900,0.01900,0.0000,0.4035,0.000000,0.000000,0.0000,0.0000,0.0000,0.0000,0.0000,0.0000,17.2406,-2.9876,28.4042,-38.0771,23.0336,183.8621,0.000000,0.000000,0.0000,0.000000,0.000000,0.0000,-0.049062,0.019060,28.9291,0.005729,0.018916,183.8621,0.53803,0.16633,0.23007,0.32068,-0.66243,-0.14691,-0.34506,-0.11485,-0.30724,0.15497,-0.02298,0.02572,-2.29607,-0.09517,-2.29266,-0.12024,6.00075,6.00075,-12.00074,12.00074,-5.99941,-6.00075,6.00075,6.00075,5.49177,-6.50710,-0.73130,-0.03290,-6.00075,6.00075,6.00075,-6.00075,6.000,6.000,12.000,12.000,6.000,6.000,6.000,6.000,12.000,12.000,6.000,6.000,6.000,6.000,6.000,6.000,0.213839,0.053050,0.235009,-0.038996,0.196200,-0.009943,0.132690,0.064916,0.201280,0.094450,0.000000,3.000000,1.000000,0.000000,0.124200,0.049716,0.034369,0.018114,-0.010527
3.8750,0.25774,0.07326,0.45944,0.97523,-0.08884,0.14891,-0.13730,0.21765,0.05114,0.32513,0.31446,0.25254,-0.03978,1,0.03952,0.25254,0.062384,1.49236,0.0000,0.0000,4.1380,-0.4299,-13.8986,319.1969,-301.9271,0,0.04900,0.01900,0.0000,1.1669,0.000000,0.000000,0.0000,0.0000,0.0000,0.0000,0.0000,0.0000,3.4967,1.5377,2.5903,-61.3830,0.0000,87.6899,0.000000,0.000000,0.0000,0.000000,0.000000,0.0000,0.049229,0.019217,3.5189,0.048993,0.018821,87.6899,0.67052,0.23675,0.01251,0.62003,-0.71119,-0.32979,-0.28901,-0.06231,-0.24375,0.00679,0.04130,0.04948,-2.33644,0.02400,-2.29323,-0.13384,2.56214,-6.00085,-9.31141,12.00084,6.00085,-6.00085,1.03729,6.00077,7.35895,-5.70492,1.59172,0.50524,6.00085,-6.00085,6.00085,6.00085,6.000,6.000,12.000,12.000,6.000,6.000,6.000,6.000,12.000,12.000,6.000,6.000,6.000,6.000,6.000,6.000,0.190176,-0.000095,0.236065,-0.039784,0.199200,-0.012429,0.085000,0.064916,0.047869,0.060672,0.000000,3.000000,1.000000,0.000000,0.124200,0.049716,0.034369,-0.146914,0.025717
3.8800,0.26008,0.07368,0.45807,0.97069,-0.10657,0.15924,-0.14510,0.21915,0.05185,0.32503,0.31446,0.26929,-0.04052,1,0.04078,0.26929,0.071055,2.15895,0.0000,0.0000,4.1850,-0.4077,-11.5062,325.7247,-264.2796,1,0.04900,0.01900,0.0000,1.1669,0.000000,0.000000,0.0000,0.0000,0.0000,0.0000,0.0000,0.0000,9.4221,4.2972,7.5742,-10.9218,0.0000,15.6026,0.000000,0.000000,0.0000,0.000000,0.000000,0.0000,0.049089,0.019084,9.7829,0.049000,0.018992,15.6026,0.74563,0.28778,-0.21465,0.90637,-0.61681,-0.48589,-0.25614,-0.00639,-0.17371,-0.13896,0.08561,0.06616,-2.32146,-0.02136,-2.28580,-0.04078,2.56214,-6.00085,-9.31141,12.00084,6.00085,-6.00085,1.03729,6.00077,7.35895,-5.70492,1.59172,0.50524,6.00085,-6.00085,6.00085,6.00085,6.000,6.000,12.000,12.000,6.000,6.000,6.000,6.000,12.000,12.000,6.000,6.000,6.000,6.000,6.000,6.000,0.185501,-0.009115,0.237067,-0.040524,0.202200,-0.014915,0.085000,0.064916,0.040168,0.060379,0.000000,3.000000,1.000000,0.000000,0.124200,0.049716,0.034369,-0.329787,0.049484
3.8850,0.26165,0.07434,0.45586,0.96592,-0.12488,0.16931,-0.15078,0.22065,0.05254,0.32472,0.31446,0.28193,-0.04121,1,0.04144,0.28193,0.083351,2.76686,0.0000,0.0000,4.2319,-0.3862,0.0285,332.5653,-253.0983,0,0.04900,0.01900,0.0000,0.0000,0.000000,0.000000,0.0000,0.0000,0.0000,0.0000,0.0000,0.0000,28.0572,-2.5603,65.2292,0.0000,0.0000,0.0000,0.000000,0.000000,0.0000,0.000000,0.000000,0.0000,0.049014,0.019014,65.7899,0.000000,0.000000,0.0000,0.75063,0.33116,-0.42144,1.19343,-0.58896,-0.58507,-0.19356,0.04740,-0.14377,-0.20501,0.13190,0.06265,-2.28624,-0.08274,-2.28191,0.10979,-6.00102,6.00101,-6.44372,12.00100,-6.00101,-6.00101,5.58058,6.00095,3.63351,6.31318,4.85084,-0.69858,6.00102,-6.00101,-0.26676,6.00101,6.000,6.000,12.000,12.000,6.000,6.000,6.000,6.000,12.000,12.000,6.000,6.000,6.000,6.000,6.000,6.000,0.167483,-0.011956,0.238012,-0.041214,0.205200,-0.017401,0.085000,0.064916,0.091550,0.076357,0.000000,3.000000,1.000000,0.000000,0.124200,0.049716,0.034369,-0.485892,0.066158
3.8900,0.26304,0.07539,0.45346,0.96116,-0.14226,0.17819,-0.15553,0.22216,0.05321,0.32413,0.31446,0.31033,-0.04185,1,0.04241,0.31033,0.094228,1.88165,-15.2855,-0.0489,4.2790,-0.3653,15.4238,349.7268,-260.1301,0,0.04900,0.01900,0.0000,0.0000,0.000000,0.000000,21.0236,-18.0052,94.1043,0.0000,0.0000,0.0000,0.0000,0.0000,0.0000,0.0000,0.0000,0.0000,0.049031,0.019031,74.7971,0.000000,0.000000,0.0000,0.000000,0.000000,0.0000,0.000000,0.000000,0.0000,0.72827,0.37740,-0.58210,1.40505,-0.56426,-0.63884,-0.07446,0.08224,-0.15123,-0.22964,0.22580,0.14545,-2.23256,-0.12380,-2.27219,0.28169,-1.90056,2.15425,-9.43391,-7.49310,0.56956,-0.49191,6.00233,-6.00233,-4.98688,-12.00221,6.00233,6.00233,6.00233,-6.00233,4.08226,6.00233,6.000,6.000,12.000,12.000,6.000,6.000,6.000,6.000,12.000,12.000,6.000,6.000,6.000,6.000,6.000,6.000,0.174929,-0.006095,0.238899,-0.041853,0.208200,-0.019887,0.085000,0.064916,0.072293,0.073286,0.000000,3.000000,1.000000,0.000000,0.244200,-0.049716,0.034369,-0.585067,0.062654
3.8950,0.26439,0.07683,0.45055,0.95421,-0.16265,0.19021,-0.16384,0.22366,0.05386,0.32330,0.31446,0.35179,-0.04244,1,0.04380,0.35179,0.105736,2.65384,0.0000,0.0000,2.1719,-0.3449,14.5188,331.5567,-235.7473,0,0.04900,0.01900,0.0000,1.1669,0.000000,0.000000,0.0000,0.0000,0.0000,0.0000,0.0000,0.0000,15.2937,3.6681,149.3107,0.0000,-54.9234,78.4620,0.000000,0.000000,0.0000,0.000000,0.000000,0.0000,-0.023533,0.019005,149.5931,0.048950,0.018948,78.4620,0.70959,0.43336,-0.76104,1.58971,-0.46356,-0.66544,0.06698,0.11494,-0.21684,-0.17292,0.23525,0.19309,-2.22084,-0.05360,-2.22888,0.30399,6.00080,6.00080,-12.00079,12.00079,6.00080,-6.00080,6.00080,6.00079,-12.00075,0.94084,-4.91572,-1.92033,-6.00080,6.00080,6.00081,-6.00081,6.000,6.000,12.000,12.000,6.000,6.000,6.000,6.000,12.000,12.000,6.000,6.000,6.000,6.000,6.000,6.000,0.220673,0.013437,0.239727,-0.042440,0.211200,-0.022372,0.154040,0.064916,0.080343,0.059036,0.000000,3.000000,1.000000,0.000000,0.124200,0.049716,0.034369,-0.638843,0.145454
3.9000,0.26560,0.07843,0.44624,0.94425,-0.18738,0.20607,-0.17556,0.22502,0.05447,0.32253,0.31446,0.40280,-0.04297,1,0.04547,0.40280,0.120726,3.32225,0.0000,0.0000,4.3681,-0.3258,16.5671,439.7301,-333.5857,1,0.04900,0.01900,0.0000,1.1669,0.000000,0.000000,0.0000,0.0000,0.0000,0.0000,0.0000,0.0000,31.3107,17.7699,146.2103,-42.8592,0.0000,61.2274,0.000000,0.000000,0.0000,0.000000,0.000000,0.0000,0.049001,0.019001,149.5929,0.048907,0.018970,61.2274,0.69653,0.51109,-0.98061,1.78469,-0.31298,-0.67678,0.23264,0.14649,-0.34070,-0.04582,0.16570,0.17672,-2.26841,0.10921,-2.16070,0.18792,6.00080,6.00080,-12.00079,12.00079,6.00080,-6.00080,6.00080,6.00079,-12.00075,0.94084,-4.91572,-1.92033,-6.00080,6.00080,6.00081,-6.00081,6.000,6.000,12.000,12.000,6.000,6.000,6.000,6.000,12.000,12.000,6.000,6.000,6.000,6.000,6.000,6.000,0.141957,-0.008763,0.240492,-0.042973,0.214200,-0.024858,0.085000,0.064916,0.166902,0.104305,0.000000,3.000000,1.000000,0.000000,0.124200,0.049716,0.034369,-0.665443,0.193095
3.9050,0.26671,0.07998,0.44026,0.93192,-0.21429,0.22370,-0.18857,0.22623,0.05510,0.32177,0.31446,0.46724,-0.04345,1,0.04794,0.46724,0.138713,3.87679,0.0000,0.0000,4.4059,0.9926,30.4381,512.3039,-392.2049,1,0.04900,0.01900,0.0000,0.0000,0.000000,0.000000,0.0000,0.0000,0.0000,0.0000,0.0000,0.0000,95.7627,54.4235,89.3362,0.0000,0.0000,0.0000,0.000000,0.000000,0.0000,0.000000,0.000000,0.0000,-0.049464,0.020994,108.1127,0.000000,0.000000,0.0000,0.68812,0.61857,-1.22385,1.97837,-0.14300,-0.67811,0.40801,0.16584,-0.50026,0.10378,0.06224,0.12982,-2.35494,0.30684,-2.08286,0.01478,6.00080,6.00080,-12.00079,12.00079,6.00080,-6.00080,6.00080,6.00079,-12.00075,0.94084,-4.91572,-1.92033,-6.00080,6.00080,6.00081,-6.00081,6.000,6.000,12.000,12.000,6.000,6.000,6.000,6.000,12.000,12.000,6.000,6.000,6.000,6.000,6.000,6.000,0.100790,-0.026576,0.241194,-0.043451,0.217200,-0.027344,0.085000,0.023282,0.289015,0.141415,0.000000,3.000000,1.000000,0.000000,0.124200,0.049716,0.034369,-0.676778,0.176719
3.9100,0.26791,0.08163,0.43400,0.92112,-0.23686,0.23813,-0.19679,0.22743,0.05574,0.32082,0.31446,0.53945,-0.04387,1,0.05041,0.53945,0.155456,3.08079,-24.4907,-0.1041,4.4432,3.2047,50.5773,553.7172,-420.6573,0,0.04900,0.01900,0.0000,0.0000,0.000000,0.000000,10.7538,39.4285,51.0488,0.0000,0.0000,0.0000,0.0000,0.0000,0.0000,0.0000,0.0000,0.0000,0.049017,0.019017,49.8645,0.000000,0.000000,0.0000,0.000000,0.000000,0.0000,0.000000,0.000000,0.0000,0.68011,0.73992,-1.44038,2.13380,0.00523,-0.66934,0.57480,0.15329,-0.62009,0.20749,-0.08409,0.19038,-2.39042,0.33988,-2.03444,-0.01247,1.61376,-3.75851,-3.17635,-3.32450,1.09904,-1.82484,6.00089,-6.00089,12.00081,5.31384,-6.00089,6.00089,6.00089,-6.00089,-3.48670,6.00089,6.000,6.000,12.000,12.000,6.000,6.000,6.000,6.000,12.000,12.000,6.000,6.000,6.000,6.000,6.000,6.000,0.082518,-0.049593,0.241832,-0.043873,0.220200,-0.029830,0.085000,-0.046990,0.342741,0.159416,0.000000,3.000000,1.000000,0.000000,0.244200,-0.049716,0.034369,-0.678106,0.129817
