t,x,y,z,qw,qx,qy,qz,com_x,com_y,com_z,com_ref_z,tilt,com_ref_y,n_stance,swing_z,trunk_tilt,foot_z,foot_vz,acc_ref_z,e_lin_z,acom_x,acom_y,acom_z,arp_r,arp_p,degraded,cop_lx,cop_ly,slip_l,slip_r,patch_lx,patch_ly,fqp_l_x,fqp_l_y,fqp_l_z,fmj_l_x,fmj_l_y,fmj_l_z,fqp_r_x,fqp_r_y,fqp_r_z,fmj_r_x,fmj_r_y,fmj_r_z,cop_qp_l_x,cop_qp_l_y,fz_qp_l,cop_mj_l_x,cop_mj_l_y,fz_mj_l,cop_qp_r_x,cop_qp_r_y,fz_qp_r,cop_mj_r_x,cop_mj_r_y,fz_mj_r,left_hip_pitch_joint,left_hip_roll_joint,left_hip_yaw_joint,left_knee_joint,left_ankle_pitch_joint,left_ankle_roll_joint,right_hip_pitch_joint,right_hip_roll_joint,right_hip_yaw_joint,right_knee_joint,right_ankle_pitch_joint,right_ankle_roll_joint,left_shoulder_pitch_joint,left_elbow_joint,right_shoulder_pitch_joint,right_elbow_joint,tau_left_hip_pitch_joint,tau_left_hip_roll_joint,tau_left_hip_yaw_joint,tau_left_knee_joint,tau_left_ankle_pitch_joint,tau_left_ankle_roll_joint,tau_right_hip_pitch_joint,tau_right_hip_roll_joint,tau_right_hip_yaw_joint,tau_right_knee_joint,tau_right_ankle_pitch_joint,tau_right_ankle_roll_joint,tau_left_shoulder_pitch_joint,tau_left_elbow_joint,tau_right_shoulder_pitch_joint,tau_right_elbow_joint,lim_left_hip_pitch_joint,lim_left_hip_roll_joint,lim_left_hip_yaw_joint,lim_left_knee_joint,lim_left_ankle_pitch_joint,lim_left_ankle_roll_joint,lim_right_hip_pitch_joint,lim_right_hip_roll_joint,lim_right_hip_yaw_joint,lim_right_knee_joint,lim_right_ankle_pitch_joint,lim_right_ankle_roll_joint,lim_left_shoulder_pitch_joint,lim_left_elbow_joint,lim_right_shoulder_pitch_joint,lim_right_elbow_joint
0.0000,-0.00008,0.00000,0.75210,1.00000,-0.00000,-0.00093,-0.00000,0.03516,0.00007,0.68452,0.68452,0.00183,0.00007,2,0.03428,0.00183,0.034276,0.01446,-1.1824,0.0000,0.9512,-0.0021,-1.9537,-0.0004,0.7969,0,0.08500,0.03000,0.0862,0.0862,0.056853,0.118397,16.2346,-0.1245,134.1932,-8.9380,-0.6137,173.2324,16.2324,0.0530,133.9716,-8.9347,0.6301,173.0819,-0.084094,-0.000341,134.1860,0.025531,-0.000134,173.2324,-0.084219,0.000711,133.9644,0.025547,0.000147,173.0819,-0.32320,0.00004,-0.00002,0.70515,-0.38049,-0.00002,-0.32319,-0.00003,0.00001,0.70514,-0.38049,0.00002,0.00129,0.00116,0.00129,0.00116,-1.73367,-0.18116,0.11877,-15.10276,-5.84846,0.05000,-1.73991,0.17531,-0.11385,-15.08452,-5.85449,-0.09694,-1.24913,-0.82360,-1.24892,-0.82361,88.000,88.000,88.000,139.000,35.000,35.000,88.000,88.000,88.000,139.000,35.000,35.000,25.000,25.000,25.000,25.000
0.0050,-0.00012,0.00000,0.75217,1.00000,-0.00000,-0.00094,-0.00000,0.03512,0.00007,0.68462,0.68452,0.00187,0.00007,2,0.03434,0.00187,0.034345,0.01330,-1.2740,-0.0001,0.5549,-0.0015,-1.3685,-0.0003,0.5621,0,0.08500,0.03000,0.2061,0.2063,-0.049564,0.118236,9.4704,-0.1173,144.1791,17.4846,-0.1851,141.4164,9.4689,0.0667,143.9620,17.4807,0.1282,141.1977,-0.048390,-0.000399,144.1752,-0.080885,-0.000295,141.4164,-0.048449,0.000621,143.9581,-0.080996,0.000619,141.1977,-0.32325,0.00004,-0.00002,0.70518,-0.38049,-0.00001,-0.32324,-0.00003,0.00002,0.70517,-0.38049,0.00001,0.00117,0.00113,0.00117,0.00113,-0.78347,-0.19165,0.10976,-13.74377,-1.55551,0.06161,-0.78980,0.18729,-0.10772,-13.72590,-1.56132,-0.09185,-1.33070,-0.94494,-1.33113,-0.94496,88.000,88.000,88.000,139.000,35.000,35.000,88.000,88.000,88.000,139.000,35.000,35.000,25.000,25.000,25.000,25.000
0.0100,-0.00014,0.00000,0.75221,1.00000,-0.00000,-0.00093,-0.00000,0.03509,0.00008,0.68469,0.68452,0.00188,0.00007,2,0.03441,0.00188,0.034407,0.01175,-1.2918,-0.0001,0.2994,-0.0010,-1.0002,-0.0001,0.3601,1,0.08500,0.03000,0.1226,0.1227,-0.016398,0.118167,-4.4086,89.9615,150.0005,11.0938,-0.1530,150.8644,14.6290,-89.9955,150.0095,11.0925,0.1092,150.6482,0.017559,-0.030002,150.0002,-0.047716,-0.000364,150.8644,-0.016798,0.021756,150.0002,-0.047772,0.000569,150.6482,-0.32338,0.00004,-0.00002,0.70539,-0.38062,-0.00001,-0.32338,-0.00003,0.00002,0.70539,-0.38062,-0.00001,0.00106,0.00111,0.00106,0.00111,-0.78347,-0.19165,0.10976,-13.74377,-1.55551,0.06161,-0.78980,0.18729,-0.10772,-13.72590,-1.56132,-0.09185,-1.33070,-0.94494,-1.33113,-0.94496,88.000,88.000,88.000,139.000,35.000,35.000,88.000,88.000,88.000,139.000,35.000,35.000,25.000,25.000,25.000,25.000
0.0150,-0.00017,-0.00005,0.75226,1.00000,-0.00007,-0.00089,0.00029,0.03508,0.00008,0.68474,0.68452,0.00186,0.00007,2,0.03459,0.00186,0.034556,0.04177,-1.2664,-0.0002,0.0429,-0.0005,-0.6235,0.0000,0.1726,0,0.08500,0.03000,0.1213,0.1215,-0.016236,0.118167,-88.4587,89.9776,149.9610,10.9879,-0.1527,150.9635,89.9291,-89.9940,150.0469,10.9862,0.1082,150.7470,0.030409,0.004961,150.0002,-0.047548,-0.000364,150.9635,-0.085003,-0.004269,150.0002,-0.047604,0.000569,150.7470,-0.32429,0.00041,0.00057,0.70645,-0.38023,-0.00038,-0.32357,0.00151,0.00165,0.70645,-0.38345,0.00098,0.00071,0.00262,0.00071,0.00268,-50.75892,-47.53510,34.21853,-34.87690,5.07587,-3.89435,46.81665,54.31004,-21.48176,6.76577,-2.89576,3.78949,1.21861,1.97474,-2.31948,1.74109,88.000,88.000,88.000,139.000,35.000,35.000,88.000,88.000,88.000,139.000,35.000,35.000,25.000,25.000,25.000,25.000
0.0200,-0.00020,-0.00012,0.75230,1.00000,-0.00018,-0.00083,0.00059,0.03509,0.00009,0.68480,0.68452,0.00177,0.00007,2,0.03472,0.00177,0.034714,0.02550,-3.9067,-0.0004,-0.1979,-0.4407,-1.4291,1.8252,-0.6656,0,0.08500,0.03000,0.8203,0.8180,0.034297,0.120961,-3.1186,-5.4528,142.2611,-60.8947,83.1272,209.3547,-3.6373,-9.5914,143.8120,80.1022,-48.0098,190.2713,-0.013528,-0.006342,142.2583,0.002934,0.002544,209.3547,-0.000062,-0.029843,143.8333,-0.056714,-0.005524,190.2713,-0.32536,0.00112,0.00152,0.70772,-0.37980,-0.00076,-0.32363,0.00409,0.00470,0.70701,-0.38420,0.00400,0.00018,0.00488,0.00021,0.00503,2.05864,7.70305,2.12966,-11.95321,2.80765,1.09951,-1.30214,1.25172,4.61364,-12.48473,4.75052,4.57726,-4.25960,-1.07360,0.33503,-0.90795,88.000,88.000,88.000,139.000,35.000,35.000,88.000,88.000,88.000,139.000,35.000,35.000,25.000,25.000,25.000,25.000
0.0250,-0.00022,-0.00018,0.75233,1.00000,-0.00030,-0.00078,0.00052,0.03511,0.00012,0.68486,0.68452,0.00166,0.00007,2,0.03476,0.00166,0.034806,0.01431,-2.8568,-0.0005,-0.2148,-0.3844,-0.6043,1.9147,-0.4411,1,0.08500,0.03000,0.0611,0.0692,0.016751,0.112896,-89.5914,-90.1416,150.1603,0.1422,-5.5300,150.9377,82.2914,77.0888,150.5899,-2.6283,-6.1418,160.8431,-0.083055,-0.017636,150.0002,-0.014696,-0.005336,150.9377,0.085003,-0.030003,150.0002,-0.003483,-0.026105,160.8431,-0.32599,0.00206,0.00269,0.70860,-0.37982,-0.00087,-0.32371,0.00657,0.00789,0.70692,-0.38251,0.00742,-0.00045,0.00686,-0.00034,0.00710,2.05864,7.70305,2.12966,-11.95321,2.80765,1.09951,-1.30214,1.25172,4.61364,-12.48473,4.75052,4.57726,-4.25960,-1.07360,0.33503,-0.90795,88.000,88.000,88.000,139.000,35.000,35.000,88.000,88.000,88.000,139.000,35.000,35.000,25.000,25.000,25.000,25.000
0.0300,-0.00023,-0.00021,0.75234,1.00000,-0.00042,-0.00072,0.00008,0.03512,0.00013,0.68488,0.68452,0.00156,0.00007,2,0.03480,0.00156,0.034854,0.00683,-2.1077,-0.0006,-0.2042,-0.2694,-0.3684,1.9556,-0.5816,1,0.08500,0.03000,0.0810,0.0363,0.015139,0.113200,-89.4192,-90.2506,150.1974,3.4737,-6.8157,157.3663,82.4669,81.2442,150.7881,-3.0300,-1.7378,160.4527,-0.085003,-0.030003,150.0002,-0.016347,-0.004934,157.3663,0.077669,-0.030003,150.0002,-0.003363,-0.027281,160.4527,-0.32630,0.00330,0.00428,0.70919,-0.38015,-0.00081,-0.32399,0.00880,0.01088,0.70692,-0.38138,0.00999,-0.00120,0.00864,-0.00095,0.00898,2.05864,7.70305,2.12966,-11.95321,2.80765,1.09951,-1.30214,1.25172,4.61364,-12.48473,4.75052,4.57726,-4.25960,-1.07360,0.33503,-0.90795,88.000,88.000,88.000,139.000,35.000,35.000,88.000,88.000,88.000,139.000,35.000,35.000,25.000,25.000,25.000,25.000
0.0350,-0.00025,-0.00022,0.75234,1.00000,-0.00055,-0.00064,-0.00070,0.03513,0.00015,0.68489,0.68452,0.00144,0.00007,2,0.03484,0.00144,0.034873,0.00200,-1.5853,-0.0006,-0.2254,-0.1831,-0.1980,2.1169,-0.7848,1,0.08500,0.03000,0.0977,0.0324,0.014123,0.113337,-89.3092,-90.3710,150.1905,5.7086,-7.5820,161.8313,81.6082,84.4365,150.9776,-2.9246,1.1342,161.4384,-0.047209,-0.006842,150.0002,-0.017384,-0.004742,161.8313,0.085003,-0.030003,150.0002,-0.003603,-0.027449,161.4384,-0.32640,0.00485,0.00630,0.70962,-0.38072,-0.00067,-0.32448,0.01092,0.01382,0.70701,-0.38062,0.01213,-0.00208,0.01025,-0.00162,0.01070,2.05864,7.70305,2.12966,-11.95321,2.80765,1.09951,-1.30214,1.25172,4.61364,-12.48473,4.75052,4.57726,-4.25960,-1.07360,0.33503,-0.90795,88.000,88.000,88.000,139.000,35.000,35.000,88.000,88.000,88.000,139.000,35.000,35.000,25.000,25.000,25.000,25.000
0.0400,-0.00027,-0.00021,0.75233,1.00000,-0.00069,-0.00055,-0.00179,0.03515,0.00015,0.68489,0.68452,0.00129,0.00007,2,0.03488,0.00129,0.034873,-0.00100,-1.2279,-0.0007,-0.2710,-0.1190,-0.0824,2.3888,-1.0310,1,0.08500,0.03000,0.1092,0.0473,0.013494,0.113383,-89.2370,-90.4968,150.1577,7.1862,-8.0605,164.8823,79.9634,86.8653,151.1683,-2.8734,3.6004,162.2986,-0.000040,-0.030002,150.0002,-0.018021,-0.004667,164.8823,0.085003,-0.030002,150.0002,-0.003830,-0.027453,162.2986,-0.32636,0.00671,0.00876,0.70998,-0.38148,-0.00050,-0.32515,0.01308,0.01687,0.70718,-0.38010,0.01412,-0.00311,0.01173,-0.00235,0.01229,2.05864,7.70305,2.12966,-11.95321,2.80765,1.09951,-1.30214,1.25172,4.61364,-12.48473,4.75052,4.57726,-4.25960,-1.07360,0.33503,-0.90795,88.000,88.000,88.000,139.000,35.000,35.000,88.000,88.000,88.000,139.000,35.000,35.000,25.000,25.000,25.000,25.000
0.0450,-0.00029,-0.00019,0.75232,0.99999,-0.00086,-0.00045,-0.00317,0.03517,0.00016,0.68488,0.68452,0.00138,0.00007,2,0.03493,0.00138,0.034862,-0.00276,-0.9870,-0.0007,-0.3325,-0.0750,-0.0037,2.7595,-1.3007,1,0.08500,0.03000,0.1165,0.0622,0.013118,0.113375,-89.1869,-90.6234,150.1111,8.1496,-8.3479,166.9273,77.8035,88.5969,151.3680,-2.8624,5.3514,162.6755,0.085003,-0.030002,150.0002,-0.018402,-0.004661,166.9273,-0.067425,-0.030002,150.0002,-0.004021,-0.027458,162.6755,-0.32623,0.00889,0.01163,0.71033,-0.38239,-0.00035,-0.32600,0.01537,0.02013,0.70744,-0.37971,0.01613,-0.00428,0.01309,-0.00313,0.01378,2.05864,7.70305,2.12966,-11.95321,2.80765,1.09951,-1.30214,1.25172,4.61364,-12.48473,4.75052,4.57726,-4.25960,-1.07360,0.33503,-0.90795,88.000,88.000,88.000,139.000,35.000,35.000,88.000,88.000,88.000,139.000,35.000,35.000,25.000,25.000,25.000,25.000
0.0500,-0.00031,-0.00017,0.75230,0.99999,-0.00106,-0.00033,-0.00481,0.03519,0.00016,0.68487,0.68452,0.00172,0.00007,2,0.03499,0.00172,0.034845,-0.00369,-0.8278,-0.0007,-0.4049,-0.0452,0.0528,3.2027,-1.5816,1,0.08500,0.03000,0.1211,0.0728,0.012907,0.113336,-89.1532,-90.2183,150.0587,8.7716,-8.5181,168.2744,75.3093,88.6811,151.5610,-2.8604,6.5120,162.7622,0.085003,-0.030002,150.0002,-0.018615,-0.004696,168.2744,-0.018624,-0.030002,150.0002,-0.004203,-0.027462,162.7622,-0.32604,0.01137,0.01489,0.71073,-0.38344,-0.00024,-0.32701,0.01785,0.02366,0.70775,-0.37936,0.01822,-0.00561,0.01437,-0.00395,0.01517,2.05864,7.70305,2.12966,-11.95321,2.80765,1.09951,-1.30214,1.25172,4.61364,-12.48473,4.75052,4.57726,-4.25960,-1.07360,0.33503,-0.90795,88.000,88.000,88.000,139.000,35.000,35.000,88.000,88.000,88.000,139.000,35.000,35.000,25.000,25.000,25.000,25.000
0.0550,-0.00034,-0.00013,0.75228,0.99998,-0.00128,-0.00019,-0.00670,0.03522,0.00016,0.68486,0.68452,0.00211,0.00007,2,0.03505,0.00211,0.034826,-0.00407,-0.7255,-0.0006,-0.4847,-0.0247,0.0965,3.6997,-1.8666,1,0.08500,0.03000,0.1240,0.0802,0.012805,0.113279,-89.1318,-89.2040,150.0064,9.1695,-8.6195,169.1405,72.5680,88.3762,151.7634,-2.8651,7.2832,162.7078,-0.024084,-0.011452,150.0002,-0.018718,-0.004755,169.1405,0.085003,-0.030002,150.0002,-0.004381,-0.027467,162.7078,-0.32581,0.01415,0.01852,0.71121,-0.38461,-0.00018,-0.32816,0.02056,0.02747,0.70810,-0.37900,0.02044,-0.00710,0.01557,-0.00480,0.01650,2.05864,7.70305,2.12966,-11.95321,2.80765,1.09951,-1.30214,1.25172,4.61364,-12.48473,4.75052,4.57726,-4.25960,-1.07360,0.33503,-0.90795,88.000,88.000,88.000,139.000,35.000,35.000,88.000,88.000,88.000,139.000,35.000,35.000,25.000,25.000,25.000,25.000
0.0600,-0.00036,-0.00008,0.75225,0.99996,-0.00153,-0.00004,-0.00882,0.03525,0.00016,0.68485,0.68452,0.00256,0.00007,2,0.03512,0.00256,0.034805,-0.00409,-0.6627,-0.0006,-0.5698,-0.0107,0.1334,4.2385,-2.1523,1,0.08500,0.03000,0.1258,0.0852,0.012777,0.113213,-89.1124,-88.3726,149.9571,9.4206,-8.6815,169.6718,69.6532,88.0349,151.9797,-2.8774,7.8030,162.5938,-0.059936,-0.002672,150.0002,-0.018748,-0.004826,169.6718,0.085003,-0.030001,150.0002,-0.004557,-0.027473,162.5938,-0.32556,0.01721,0.02248,0.71177,-0.38588,-0.00018,-0.32944,0.02350,0.03158,0.70847,-0.37859,0.02280,-0.00876,0.01671,-0.00568,0.01776,2.05864,7.70305,2.12966,-11.95321,2.80765,1.09951,-1.30214,1.25172,4.61364,-12.48473,4.75052,4.57726,-4.25960,-1.07360,0.33503,-0.90795,88.000,88.000,88.000,139.000,35.000,35.000,88.000,88.000,88.000,139.000,35.000,35.000,25.000,25.000,25.000,25.000
0.0650,-0.00041,-0.00007,0.75225,0.99994,-0.00185,0.00013,-0.01083,0.03529,0.00016,0.68483,0.68452,0.00306,0.00007,2,0.03542,0.00306,0.034837,0.01370,-0.6274,-0.0006,-0.6586,-0.0012,0.1673,4.8116,-2.4373,0,0.08500,0.03000,0.1270,0.0888,0.012801,0.113143,-89.0931,-87.6583,149.9127,9.5756,-8.7218,169.9663,66.6135,87.6594,152.2076,-2.8995,8.1610,162.4635,0.021452,0.030002,150.0002,-0.018727,-0.004902,169.9663,0.085002,-0.029021,150.0002,-0.004727,-0.027479,162.4635,-0.32580,0.02089,0.02669,0.71274,-0.38729,-0.00156,-0.33132,0.02801,0.03892,0.71057,-0.37659,0.02145,-0.01055,0.01882,-0.00670,0.02009,-52.32422,48.06887,-17.10899,-36.71678,3.40913,-1.51961,56.58077,-43.21693,31.42608,24.48160,21.61358,0.87892,1.20790,1.19340,-1.90900,1.02869,88.000,88.000,88.000,139.000,35.000,35.000,88.000,88.000,88.000,139.000,35.000,35.000,25.000,25.000,25.000,25.000
0.0700,-0.00047,-0.00008,0.75227,0.99991,-0.00225,0.00030,-0.01287,0.03533,0.00017,0.68486,0.68452,0.00372,0.00007,2,0.03580,0.00372,0.034908,0.01394,-2.1012,-0.0006,-0.8948,-0.2103,-0.9764,6.4532,-2.9454,0,0.08500,0.03000,0.8250,0.8253,0.036628,0.132393,12.5449,-65.7760,149.9882,-67.4859,-66.0373,190.7475,-43.0863,58.5967,151.5352,86.7722,81.7553,240.7536,-0.015751,0.025135,150.0002,0.005208,0.013988,190.7475,0.081793,-0.030003,150.0002,0.028364,-0.028446,240.7536,-0.32612,0.02545,0.03157,0.71399,-0.38926,-0.00391,-0.33317,0.03466,0.05092,0.71303,-0.37333,0.01742,-0.01242,0.02130,-0.00775,0.02290,10.53331,30.87557,-8.67288,-7.99428,3.23365,-1.62359,-6.97222,-24.05358,21.05946,-13.63260,15.40373,1.85999,-5.37715,-1.27603,1.06839,-0.97074,88.000,88.000,88.000,139.000,35.000,35.000,88.000,88.000,88.000,139.000,35.000,35.000,25.000,25.000,25.000,25.000
0.0750,-0.00052,-0.00013,0.75229,0.99988,-0.00275,0.00043,-0.01532,0.03538,0.00018,0.68491,0.68452,0.00451,0.00007,2,0.03591,0.00451,0.035001,0.03268,-2.2320,-0.0007,-0.5502,-0.1573,-0.8393,7.5814,-2.5466,0,0.08500,0.03000,0.6405,0.7176,-0.053533,0.135379,73.3000,-88.7847,150.2006,24.1432,-10.3897,68.3913,-92.0756,83.4860,152.1868,-51.2594,37.3185,147.2718,-0.048336,-0.029988,150.0002,-0.085006,0.018039,68.3913,0.085003,-0.001212,150.0002,0.085030,-0.030088,147.2718,-0.32600,0.03244,0.03949,0.71569,-0.38981,-0.00200,-0.33418,0.04349,0.06840,0.71289,-0.37067,0.00743,-0.01440,0.02348,-0.00870,0.02556,42.19780,47.81141,-18.47962,6.28950,1.43661,7.48181,-39.46198,-38.10266,28.92068,-28.93935,13.45089,-3.24889,-7.27269,-1.03807,3.45626,-0.61168,88.000,88.000,88.000,139.000,35.000,35.000,88.000,88.000,88.000,139.000,35.000,35.000,25.000,25.000,25.000,25.000
0.0800,-0.00056,-0.00017,0.75231,0.99983,-0.00333,0.00056,-0.01820,0.03540,0.00018,0.68494,0.68452,0.00553,0.00007,2,0.03561,0.00553,0.035216,0.04131,-3.8788,-0.0008,-0.5370,-0.0598,-0.5846,9.5554,-2.3229,1,0.08500,0.03000,0.7359,0.8585,0.005283,0.091856,74.8841,-86.4539,149.8210,56.6697,-54.3036,177.7681,-93.2145,84.4396,151.2669,-67.4257,37.2622,149.5541,0.085007,-0.030007,150.0005,-0.026796,-0.026722,177.7681,-0.082397,-0.030007,150.0005,0.085037,-0.030032,149.5541,-0.32561,0.04161,0.05024,0.71862,-0.39310,0.00224,-0.33436,0.05377,0.09094,0.70890,-0.36605,-0.00678,-0.01652,0.02554,-0.00955,0.02813,42.19780,47.81141,-18.47962,6.28950,1.43661,7.48181,-39.46198,-38.10266,28.92068,-28.93935,13.45089,-3.24889,-7.27269,-1.03807,3.45626,-0.61168,88.000,88.000,88.000,139.000,35.000,35.000,88.000,88.000,88.000,139.000,35.000,35.000,25.000,25.000,25.000,25.000
0.0850,-0.00058,-0.00027,0.75231,0.99976,-0.00408,0.00066,-0.02137,0.03543,0.00018,0.68495,0.68452,0.00670,0.00007,2,0.03505,0.00670,0.035416,0.04220,-4.9115,-0.0010,-0.6297,0.0627,0.1110,11.7239,-1.9662,1,0.08500,0.03000,1.1667,0.8704,0.116945,0.092228,61.4362,90.5326,150.7218,0.0000,-48.0662,68.6661,-82.9153,-88.7852,151.5883,-72.2335,35.8718,154.4362,0.085008,-0.030008,150.0006,0.084999,-0.030040,68.6661,-0.005386,-0.030008,150.0006,0.085036,0.030051,154.4362,-0.32453,0.05331,0.06328,0.72186,-0.39735,0.00907,-0.33359,0.06621,0.11912,0.70206,-0.36198,-0.01109,-0.01883,0.02741,-0.01020,0.03065,42.19780,47.81141,-18.47962,6.28950,1.43661,7.48181,-39.46198,-38.10266,28.92068,-28.93935,13.45089,-3.24889,-7.27269,-1.03807,3.45626,-0.61168,88.000,88.000,88.000,139.000,35.000,35.000,88.000,88.000,88.000,139.000,35.000,35.000,25.000,25.000,25.000,25.000
0.0900,-0.00062,-0.00039,0.75235,0.99967,-0.00499,0.00079,-0.02518,0.03545,0.00017,0.68492,0.68452,0.00822,0.00007,2,0.03473,0.00822,0.035721,0.06838,-5.2999,-0.0012,-0.3774,-1.1124,0.2885,15.0641,-1.8728,1,0.08500,0.03000,0.8042,0.6274,0.008701,0.093403,67.8728,57.7551,151.0224,65.8051,-64.6109,191.1303,-80.7578,-95.0046,152.1613,-55.4552,85.1019,269.8177,0.085008,-0.030008,150.0006,-0.022832,-0.026915,191.1303,0.002651,-0.030008,150.0006,0.014241,0.028009,269.8177,-0.32311,0.06765,0.07933,0.72596,-0.40283,0.01544,-0.33363,0.07852,0.14511,0.69664,-0.35650,-0.00544,-0.02136,0.02927,-0.01077,0.03328,42.19780,47.81141,-18.47962,6.28950,1.43661,7.48181,-39.46198,-38.10266,28.92068,-28.93935,13.45089,-3.24889,-7.27269,-1.03807,3.45626,-0.61168,88.000,88.000,88.000,139.000,35.000,35.000,88.000,88.000,88.000,139.000,35.000,35.000,25.000,25.000,25.000,25.000
0.0950,-0.00065,-0.00047,0.75240,0.99953,-0.00596,0.00090,-0.02999,0.03548,0.00018,0.68495,0.68452,0.01005,0.00007,2,0.03461,0.01005,0.036027,0.05460,-7.8818,-0.0015,-0.4726,-0.5781,-1.1207,17.4236,-2.5702,0,0.08500,0.03000,0.9541,0.8239,-0.053953,0.093170,81.8709,-89.3553,147.6436,70.8387,-18.7656,128.0060,-98.0036,69.6214,148.9564,-77.1312,109.9209,271.6366,0.049450,-0.030008,150.0006,-0.085007,-0.025135,128.0060,-0.085008,-0.030008,150.0006,0.022492,0.000931,271.6366,-0.32074,0.08239,0.09556,0.73000,-0.40393,0.02317,-0.33419,0.09010,0.16687,0.69290,-0.35420,0.00662,-0.02407,0.03042,-0.01126,0.03643,45.18013,8.08967,-5.61034,15.62867,15.70447,7.09109,-43.34057,1.73638,7.92204,-44.01443,-11.34191,2.59187,-4.11874,-2.42537,-0.18801,0.44235,88.000,88.000,88.000,139.000,35.000,35.000,88.000,88.000,88.000,139.000,35.000,35.000,25.000,25.000,25.000,25.000
0.1000,-0.00065,-0.00045,0.75243,0.99934,-0.00691,0.00099,-0.03563,0.03548,0.00021,0.68499,0.68452,0.01201,0.00007,2,0.03462,0.01201,0.035906,-0.04465,-7.2652,-0.0018,-0.0718,-0.4796,-0.8231,17.6513,-1.8353,0,0.08500,0.03000,0.8255,0.6993,0.115143,0.099476,75.1815,83.3502,152.8925,46.1359,-49.5967,136.7608,-77.6474,-99.6048,150.8328,-68.2186,41.2999,190.0648,-0.085008,-0.030008,150.0006,0.085013,-0.030183,136.7608,0.071927,-0.030008,150.0006,-0.079869,-0.015753,190.0648,-0.31618,0.09590,0.11468,0.73059,-0.41124,0.03065,-0.33529,0.10058,0.18408,0.69050,-0.35227,0.01790,-0.02701,0.03098,-0.01168,0.04066,9.04402,-81.48996,46.55546,-5.57696,-4.39678,0.90700,-6.62634,88.00081,-43.26793,-22.05424,12.06436,8.43377,-3.29802,-1.49857,0.33155,1.44504,88.000,88.000,88.000,139.000,35.000,35.000,88.000,88.000,88.000,139.000,35.000,35.000,25.000,25.000,25.000,25.000
0.1050,-0.00067,-0.00032,0.75248,0.99909,-0.00777,0.00110,-0.04198,0.03546,0.00020,0.68499,0.68452,0.01394,0.00007,2,0.03480,0.01394,0.035929,0.03291,0.8717,-0.0017,0.2551,0.4477,-0.0236,17.9205,-1.3803,1,0.08500,0.03000,0.8534,0.8903,-0.030928,0.094069,-90.3623,76.2937,153.9787,63.6069,109.4913,247.2831,99.0971,-60.9659,150.0491,-35.2752,-109.2960,214.9990,0.085008,-0.030007,150.0006,-0.060680,-0.025944,247.2831,-0.050259,-0.030008,150.0006,0.027537,-0.018988,214.9990,-0.31155,0.10720,0.13323,0.73196,-0.42021,0.03437,-0.33748,0.11011,0.19752,0.68966,-0.34856,0.02558,-0.03027,0.03152,-0.01213,0.04617,9.04402,-81.48996,46.55546,-5.57696,-4.39678,0.90700,-6.62634,88.00081,-43.26793,-22.05424,12.06436,8.43377,-3.29802,-1.49857,0.33155,1.44504,88.000,88.000,88.000,139.000,35.000,35.000,88.000,88.000,88.000,139.000,35.000,35.000,25.000,25.000,25.000,25.000
0.1100,-0.00068,-0.00013,0.75254,0.99874,-0.00855,0.00121,-0.04939,0.03545,0.00017,0.68504,0.68452,0.01568,0.00007,2,0.03496,0.01568,0.036133,0.04152,-5.3679,-0.0017,-0.0735,0.5190,-1.4489,15.9786,-1.9370,0,0.08500,0.03000,0.8428,0.8717,-0.055762,0.091564,92.4249,-52.1936,145.1861,54.9438,83.9491,198.4184,-94.9336,69.9101,140.2097,-26.6547,-112.7405,221.4892,0.085008,-0.023505,147.5534,-0.085026,-0.025240,198.4184,-0.064617,0.030008,139.6802,0.021683,-0.021603,221.4892,-0.30689,0.11831,0.15152,0.73465,-0.42032,0.03631,-0.33998,0.11962,0.21012,0.68872,-0.34368,0.02465,-0.03325,0.03188,-0.01290,0.05174,43.07317,25.90007,-10.75882,20.12297,21.03114,4.54039,-39.48668,-21.67755,22.88581,-39.52962,-7.49529,-7.11606,-1.60804,-0.86314,-1.54781,-1.01599,88.000,88.000,88.000,139.000,35.000,35.000,88.000,88.000,88.000,139.000,35.000,35.000,25.000,25.000,25.000,25.000
0.1150,-0.00068,0.00007,0.75258,0.99830,-0.00930,0.00129,-0.05748,0.03545,0.00015,0.68510,0.68452,0.01725,0.00007,2,0.03491,0.01725,0.036395,0.05358,-6.3793,-0.0019,-0.2302,0.1393,-0.9907,15.3235,-1.3759,0,0.08500,0.03000,0.8894,0.8266,0.109783,0.100512,80.1260,27.1329,151.2628,78.6542,-25.9861,155.2317,-87.9833,-22.3776,149.7732,-56.5174,49.7986,151.8800,0.085007,0.030007,150.0006,0.081854,-0.030162,155.2317,-0.059541,0.012100,150.0006,-0.072432,-0.025405,151.8800,-0.30199,0.13116,0.17261,0.73791,-0.42030,0.02617,-0.34165,0.13002,0.22382,0.68602,-0.33698,0.01587,-0.03571,0.03202,-0.01391,0.05672,31.55591,-30.79067,20.58910,17.96411,21.00887,-6.40514,-28.90707,35.29078,-6.27113,-41.14614,-7.35968,-1.97098,-2.62426,-1.01620,-0.22335,-0.81305,88.000,88.000,88.000,139.000,35.000,35.000,88.000,88.000,88.000,139.000,35.000,35.000,25.000,25.000,25.000,25.000
0.1200,-0.00067,0.00023,0.75263,0.99777,-0.01010,0.00137,-0.06603,0.03546,0.00016,0.68514,0.68452,0.01877,0.00007,2,0.03487,0.01877,0.036666,0.05380,-7.7607,-0.0022,-0.1609,-0.4265,-0.6788,16.2785,-0.7970,1,0.08500,0.03000,0.8278,0.5610,0.112038,0.100527,-95.7961,63.4466,153.8540,48.2144,56.9588,150.2475,90.2644,-77.6738,150.2188,-57.4562,-38.0768,204.7669,0.085007,-0.030007,150.0005,0.085028,-0.030206,150.2475,-0.084124,-0.030007,150.0005,-0.055668,0.012631,204.7669,-0.29640,0.14672,0.19888,0.74148,-0.41952,0.00354,-0.34274,0.14196,0.23944,0.68317,-0.33031,0.00937,-0.03778,0.03197,-0.01502,0.06126,31.55591,-30.79067,20.58910,17.96411,21.00887,-6.40514,-28.90707,35.29078,-6.27113,-41.14614,-7.35968,-1.97098,-2.62426,-1.01620,-0.22335,-0.81305,88.000,88.000,88.000,139.000,35.000,35.000,88.000,88.000,88.000,139.000,35.000,35.000,25.000,25.000,25.000,25.000
0.1250,-0.00066,0.00032,0.75269,0.99714,-0.01096,0.00142,-0.07471,0.03546,0.00020,0.68517,0.68452,0.02039,0.00007,2,0.03498,0.02039,0.036650,-0.03342,-8.5697,-0.0024,0.0149,-1.6135,-0.9023,17.5398,-0.7410,0,0.08500,0.03000,0.8262,0.6057,0.111360,0.100207,-91.0502,21.3264,151.8441,49.0298,54.7984,148.3260,91.5547,-76.3698,150.7191,-55.7556,-40.0638,188.9087,0.085008,0.030001,150.0006,0.085059,-0.030105,148.3260,-0.062585,0.005963,150.0006,-0.055642,0.025901,188.9087,-0.29047,0.16264,0.22670,0.74290,-0.41987,-0.02731,-0.34321,0.15485,0.25549,0.68183,-0.32653,0.01068,-0.03883,0.03178,-0.01680,0.06540,-78.08036,-36.00292,28.06495,-37.79918,12.15927,-7.18662,84.30085,44.05186,-26.45385,15.37884,1.09198,2.04733,13.82758,0.16364,-16.17190,-2.26303,88.000,88.000,88.000,139.000,35.000,35.000,88.000,88.000,88.000,139.000,35.000,35.000,25.000,25.000,25.000,25.000
0.1300,-0.00063,0.00029,0.75276,0.99646,-0.01190,0.00140,-0.08318,0.03546,0.00023,0.68522,0.68452,0.02211,0.00007,2,0.03520,0.02211,0.036344,-0.07864,-1.5168,-0.0024,-0.0926,-1.2868,-1.0265,18.7950,-0.1776,1,0.08500,0.03000,0.8982,0.8341,0.104120,0.159021,50.7995,-83.0677,150.1168,-84.3637,33.5737,168.4820,-53.9600,39.1430,149.6995,79.8926,-59.1460,198.6264,-0.085007,0.030007,150.0005,0.085074,0.030038,168.4820,0.084846,-0.006955,150.0005,-0.045219,0.026198,198.6264,-0.28439,0.17828,0.25525,0.74230,-0.42427,-0.05163,-0.34237,0.16865,0.27056,0.68176,-0.32289,0.01872,-0.03839,0.03145,-0.01951,0.06911,-78.08036,-36.00292,28.06495,-37.79918,12.15927,-7.18662,84.30085,44.05186,-26.45385,15.37884,1.09198,2.04733,13.82758,0.16364,-16.17190,-2.26303,88.000,88.000,88.000,139.000,35.000,35.000,88.000,88.000,88.000,139.000,35.000,35.000,25.000,25.000,25.000,25.000
0.1350,-0.00056,0.00013,0.75280,0.99575,-0.01286,0.00126,-0.09124,0.03545,0.00025,0.68526,0.68452,0.02397,0.00007,2,0.03521,0.02397,0.035851,-0.11002,2.4611,-0.0021,0.4602,-1.7398,-0.2974,20.4441,1.5878,1,0.08500,0.03000,0.9278,0.0000,0.104581,0.158015,-70.0875,-95.9008,153.8558,-94.7786,30.3649,178.7764,85.5305,36.5714,150.0748,0.0000,0.0000,0.0000,-0.078511,-0.030007,150.0005,0.085055,0.030144,178.7764,0.085007,-0.030007,150.0005,0.000000,0.000000,0.0000,-0.27814,0.19335,0.28452,0.74068,-0.43289,-0.06748,-0.33865,0.18260,0.28317,0.68058,-0.32303,0.02344,-0.03643,0.03097,-0.02303,0.07226,-78.08036,-36.00292,28.06495,-37.79918,12.15927,-7.18662,84.30085,44.05186,-26.45385,15.37884,1.09198,2.04733,13.82758,0.16364,-16.17190,-2.26303,88.000,88.000,88.000,139.000,35.000,35.000,88.000,88.000,88.000,139.000,35.000,35.000,25.000,25.000,25.000,25.000
0.1400,-0.00051,-0.00015,0.75288,0.99497,-0.01390,0.00109,-0.09922,0.03540,0.00029,0.68522,0.68452,0.02584,0.00007,2,0.03536,0.02584,0.035513,-0.04281,5.7006,-0.0016,1.0840,-1.9230,0.1589,21.5127,2.7557,1,0.08500,0.03000,0.8256,0.8998,0.051192,0.146549,-50.0438,-91.5212,154.4243,-92.2751,85.2953,253.6721,86.8551,26.3443,150.2813,116.2610,-45.7316,231.4179,-0.085008,-0.014525,150.0006,0.029509,0.028594,253.6721,0.036765,-0.030008,150.0006,-0.048206,-0.026150,231.4179,-0.27272,0.20739,0.31059,0.74016,-0.44057,-0.07438,-0.33411,0.19899,0.29812,0.68037,-0.32231,0.01772,-0.03308,0.03050,-0.02751,0.07520,-78.08036,-36.00292,28.06495,-37.79918,12.15927,-7.18662,84.30085,44.05186,-26.45385,15.37884,1.09198,2.04733,13.82758,0.16364,-16.17190,-2.26303,88.000,88.000,88.000,139.000,35.000,35.000,88.000,88.000,88.000,139.000,35.000,35.000,25.000,25.000,25.000,25.000
0.1450,-0.00044,-0.00039,0.75294,0.99412,-0.01495,0.00090,-0.10722,0.03535,0.00034,0.68525,0.68452,0.02787,0.00007,2,0.03532,0.02787,0.035371,-0.01454,1.3779,-0.0013,0.6076,-1.3107,-1.1133,23.2994,3.2063,0,0.08500,0.03000,0.8313,1.0591,0.055570,0.145355,96.0861,-61.5231,146.5198,-96.0725,74.8411,244.1623,-75.3455,16.7836,150.3332,114.6360,-12.3811,181.4530,-0.079569,-0.030010,141.5964,0.032401,0.028714,244.1623,0.085009,-0.030009,150.0007,-0.085004,-0.025066,181.4530,-0.26695,0.22029,0.33233,0.74111,-0.44675,-0.06665,-0.32961,0.21511,0.31507,0.67818,-0.31350,0.01211,-0.03020,0.02944,-0.03136,0.07918,86.69580,47.81936,-33.65079,9.64296,-1.31502,8.11604,-82.85121,-47.16623,35.28252,-30.11830,14.41562,2.39864,-14.87056,-3.99205,13.18521,3.89184,88.000,88.000,88.000,139.000,35.000,35.000,88.000,88.000,88.000,139.000,35.000,35.000,25.000,25.000,25.000,25.000
0.1500,-0.00035,-0.00052,0.75296,0.99319,-0.01602,0.00070,-0.11536,0.03530,0.00040,0.68525,0.68452,0.02990,0.00007,2,0.03520,0.02990,0.035381,0.01562,-0.6547,-0.0011,0.7258,-0.9556,-0.0224,23.2124,3.5494,1,0.08500,0.03000,0.8652,0.9054,-0.058657,0.120430,101.9011,-65.7228,154.9111,54.5670,-28.3546,118.4593,-77.3241,33.4059,150.9093,-78.7322,29.6953,154.8964,-0.085008,-0.030008,150.0006,-0.085039,0.025209,118.4593,-0.021963,0.025428,150.0006,0.085024,-0.030055,154.8964,-0.25994,0.23304,0.35119,0.74326,-0.45022,-0.04497,-0.32600,0.22937,0.33274,0.67496,-0.30701,0.00843,-0.02899,0.02746,-0.03356,0.08493,86.69580,47.81936,-33.65079,9.64296,-1.31502,8.11604,-82.85121,-47.16623,35.28252,-30.11830,14.41562,2.39864,-14.87056,-3.99205,13.18521,3.89184,88.000,88.000,88.000,139.000,35.000,35.000,88.000,88.000,88.000,139.000,35.000,35.000,25.000,25.000,25.000,25.000
0.1550,-0.00025,-0.00056,0.75294,0.99217,-0.01718,0.00049,-0.12372,0.03524,0.00046,0.68522,0.68452,0.03199,0.00007,2,0.03503,0.03199,0.035508,0.00945,-3.0825,-0.0011,1.0050,-0.9891,0.5464,24.5850,3.7442,1,0.08500,0.03000,0.8759,0.9017,-0.059032,0.120417,103.0184,-68.7850,152.8284,63.2143,-29.9545,133.0983,-69.1496,35.4390,150.9121,-84.0126,32.5639,166.5378,-0.085008,-0.030007,150.0006,-0.085040,0.025110,133.0983,-0.015476,-0.019232,150.0006,0.085033,-0.024001,166.5378,-0.25142,0.24623,0.36768,0.74628,-0.45072,-0.01455,-0.32323,0.24220,0.35097,0.67115,-0.30376,0.00716,-0.02940,0.02464,-0.03413,0.09223,86.69580,47.81936,-33.65079,9.64296,-1.31502,8.11604,-82.85121,-47.16623,35.28252,-30.11830,14.41562,2.39864,-14.87056,-3.99205,13.18521,3.89184,88.000,88.000,88.000,139.000,35.000,35.000,88.000,88.000,88.000,139.000,35.000,35.000,25.000,25.000,25.000,25.000
0.1600,-0.00016,-0.00051,0.75288,0.99105,-0.01832,0.00030,-0.13224,0.03516,0.00052,0.68514,0.68452,0.03423,0.00007,2,0.03492,0.03423,0.035484,0.00761,-2.7891,-0.0013,1.5990,-1.1707,1.5734,26.8205,4.1487,0,0.08500,0.03000,0.0000,0.8968,0.000000,0.000000,80.0766,58.1757,150.7988,0.0000,0.0000,0.0000,-26.0936,-97.2130,149.4657,-87.2191,35.0673,174.6950,-0.074485,-0.030008,150.0006,0.000000,0.000000,0.0000,0.085008,-0.030008,150.0006,0.085022,-0.021108,174.6950,-0.24221,0.25825,0.38339,0.74804,-0.45247,0.01167,-0.32153,0.25369,0.36698,0.66792,-0.30139,0.00759,-0.03074,0.02422,-0.03451,0.10348,-18.41712,-58.01751,33.46458,-5.16926,-2.28585,3.11598,18.51248,58.13250,-26.57187,-7.44581,16.49875,7.64138,1.49310,3.92133,2.44246,7.50604,88.000,88.000,88.000,139.000,35.000,35.000,88.000,88.000,88.000,139.000,35.000,35.000,25.000,25.000,25.000,25.000
0.1650,-0.00014,-0.00041,0.75285,0.98987,-0.01937,0.00018,-0.14063,0.03507,0.00056,0.68502,0.68452,0.03644,0.00007,2,0.03492,0.03644,0.035696,0.06582,-2.6021,-0.0012,1.1041,-0.8510,1.6275,25.2987,3.4008,0,0.08500,0.03000,0.8251,0.6639,-0.023807,0.079118,77.4412,74.4310,152.5974,66.4206,68.8001,193.1724,-40.5364,-99.8335,149.3660,-7.7577,-78.3080,197.5399,0.085007,-0.030007,150.0006,-0.055630,-0.026062,193.1724,-0.062576,-0.030007,150.0006,0.048165,-0.022786,197.5399,-0.23466,0.26958,0.39972,0.75167,-0.45545,0.02673,-0.32039,0.26489,0.38200,0.66577,-0.29884,0.00889,-0.03233,0.02736,-0.03552,0.11867,6.59551,-63.93646,32.56448,19.65700,21.57574,1.93838,-5.22192,64.86889,-24.42177,-33.93980,-6.29006,7.63570,0.10050,2.80398,0.65627,5.05603,88.000,88.000,88.000,139.000,35.000,35.000,88.000,88.000,88.000,139.000,35.000,35.000,25.000,25.000,25.000,25.000
0.1700,-0.00015,-0.00029,0.75284,0.98864,-0.02036,0.00010,-0.14893,0.03502,0.00061,0.68493,0.68452,0.03850,0.00007,2,0.03499,0.03850,0.036198,0.12296,-7.5948,-0.0015,0.6955,-0.8745,1.0161,24.5650,2.7566,1,0.08500,0.03000,0.8296,0.8214,0.082207,0.097144,-81.7277,48.0686,154.2524,66.5629,82.3331,212.7086,104.5400,-74.0371,149.3002,-36.0438,-77.2904,173.0357,-0.054635,-0.030007,150.0005,0.052754,-0.029316,212.7086,0.029462,-0.030007,150.0005,-0.056829,-0.025871,173.0357,-0.22835,0.28119,0.41771,0.75774,-0.45892,0.03410,-0.31927,0.27631,0.39739,0.66416,-0.29662,0.01115,-0.03393,0.03304,-0.03700,0.13641,6.59551,-63.93646,32.56448,19.65700,21.57574,1.93838,-5.22192,64.86889,-24.42177,-33.93980,-6.29006,7.63570,0.10050,2.80398,0.65627,5.05603,88.000,88.000,88.000,139.000,35.000,35.000,88.000,88.000,88.000,139.000,35.000,35.000,25.000,25.000,25.000,25.000
0.1750,-0.00017,-0.00020,0.75283,0.98739,-0.02132,0.00000,-0.15685,0.03499,0.00065,0.68488,0.68452,0.04042,0.00007,2,0.03511,0.04042,0.036643,0.06127,-12.9667,-0.0020,0.3691,-0.9823,0.5520,23.8443,2.3717,0,0.08500,0.03000,0.8396,0.8813,0.083953,0.097730,-92.6920,43.9809,155.1249,59.3514,87.0600,209.1591,104.3483,-74.1798,149.3635,-30.0742,-66.2931,137.6676,0.085007,-0.030007,150.0005,0.055322,-0.029431,209.1591,-0.051953,-0.030007,150.0005,-0.085017,-0.025051,137.6676,-0.22264,0.29233,0.43542,0.76342,-0.46287,0.03602,-0.31749,0.28832,0.41322,0.66313,-0.29022,0.01615,-0.03494,0.03905,-0.03905,0.15411,-72.63254,-14.61014,24.75275,-36.68354,12.57286,0.86883,81.51902,19.66629,-21.82273,17.65854,3.10227,7.60347,8.75831,-0.18087,-14.04162,-0.61387,88.000,88.000,88.000,139.000,35.000,35.000,88.000,88.000,88.000,139.000,35.000,35.000,25.000,25.000,25.000,25.000
0.1800,-0.00021,-0.00015,0.75285,0.98614,-0.02229,-0.00012,-0.16440,0.03497,0.00072,0.68484,0.68452,0.04231,0.00007,2,0.03532,0.04231,0.036783,0.00745,-8.7392,-0.0024,0.2771,-1.1912,0.4730,24.4654,3.0697,0,0.08500,0.03000,0.9426,0.8758,0.113007,0.102519,-96.6261,37.2068,155.1487,-90.8066,26.1565,167.0902,105.0621,-74.5184,148.6931,92.4510,-43.8653,194.7375,0.085007,-0.030007,150.0006,0.085031,-0.030318,167.0902,-0.051770,-0.030007,150.0006,-0.037044,-0.026486,194.7375,-0.21696,0.30248,0.45256,0.76667,-0.46830,0.03354,-0.31533,0.30032,0.42891,0.66317,-0.28617,0.02082,-0.03501,0.04419,-0.04191,0.17037,-65.37084,-7.36523,20.43724,-35.06355,12.54098,0.84015,74.11401,12.30362,-18.68966,15.67596,2.88448,7.52107,8.92484,-0.12764,-13.91325,-0.81317,88.000,88.000,88.000,139.000,35.000,35.000,88.000,88.000,88.000,139.000,35.000,35.000,25.000,25.000,25.000,25.000
0.1850,-0.00025,-0.00014,0.75288,0.98488,-0.02326,-0.00026,-0.17166,0.03495,0.00077,0.68481,0.68452,0.04420,0.00007,2,0.03561,0.04420,0.036682,-0.03923,-4.6547,-0.0025,0.2963,-1.0090,0.3007,24.8796,3.3025,1,0.08500,0.03000,0.9688,0.8875,0.113479,0.102055,-96.3428,43.2830,155.3141,-93.7353,22.2862,165.7450,105.6457,-74.8001,148.1372,90.6705,-39.1541,185.4637,0.085007,-0.030007,150.0006,0.085023,-0.030329,165.7450,-0.072004,-0.030007,150.0006,-0.038622,-0.026464,185.4637,-0.21134,0.31163,0.46898,0.76796,-0.47506,0.02805,-0.31286,0.31220,0.44446,0.66395,-0.28473,0.02520,-0.03416,0.04858,-0.04560,0.18539,-65.37084,-7.36523,20.43724,-35.06355,12.54098,0.84015,74.11401,12.30362,-18.68966,15.67596,2.88448,7.52107,8.92484,-0.12764,-13.91325,-0.81317,88.000,88.000,88.000,139.000,35.000,35.000,88.000,88.000,88.000,139.000,35.000,35.000,25.000,25.000,25.000,25.000
0.1900,-0.00030,-0.00016,0.75290,0.98362,-0.02421,-0.00045,-0.17861,0.03494,0.00082,0.68479,0.68452,0.04611,0.00007,2,0.03585,0.04611,0.036306,-0.09733,-0.7535,-0.0024,0.3387,-0.8351,0.1233,25.3686,3.4957,1,0.08500,0.03000,0.9641,0.8939,0.114499,0.101255,-94.9241,48.9691,154.8912,-92.7287,22.8325,165.0874,105.9922,-75.0527,147.7612,91.1955,-37.4899,183.8363,0.078208,-0.030007,150.0006,0.084999,-0.030330,165.0874,-0.084999,-0.030007,150.0006,-0.038582,-0.026490,183.8363,-0.20610,0.31959,0.48367,0.76720,-0.47537,0.02173,-0.30952,0.32358,0.45895,0.66474,-0.28398,0.03264,-0.03240,0.05233,-0.05012,0.19929,-65.37084,-7.36523,20.43724,-35.06355,12.54098,0.84015,74.11401,12.30362,-18.68966,15.67596,2.88448,7.52107,8.92484,-0.12764,-13.91325,-0.81317,88.000,88.000,88.000,139.000,35.000,35.000,88.000,88.000,88.000,139.000,35.000,35.000,25.000,25.000,25.000,25.000
0.1950,-0.00034,-0.00024,0.75292,0.98235,-0.02514,-0.00072,-0.18536,0.03491,0.00086,0.68475,0.68452,0.04799,0.00007,2,0.03605,0.04799,0.036000,-0.04031,4.4992,-0.0021,0.5845,-1.1462,1.2311,25.0840,5.2841,1,0.08500,0.03000,0.8377,1.1034,0.071772,0.092348,-87.3287,41.3955,153.8215,-98.2101,68.7601,238.5289,106.3993,-75.8889,147.0397,109.4601,-6.4783,165.6263,0.057123,-0.030008,150.0006,0.040251,-0.028983,238.5289,-0.085008,-0.030008,150.0006,-0.085006,-0.025166,165.6263,-0.20143,0.32710,0.49622,0.76689,-0.47143,0.01414,-0.30519,0.33479,0.47284,0.66544,-0.28379,0.04170,-0.02976,0.05562,-0.05547,0.21233,-65.37084,-7.36523,20.43724,-35.06355,12.54098,0.84015,74.11401,12.30362,-18.68966,15.67596,2.88448,7.52107,8.92484,-0.12764,-13.91325,-0.81317,88.000,88.000,88.000,139.000,35.000,35.000,88.000,88.000,88.000,139.000,35.000,35.000,25.000,25.000,25.000,25.000
0.2000,-0.00039,-0.00036,0.75296,0.98105,-0.02608,-0.00100,-0.19197,0.03488,0.00094,0.68470,0.68452,0.04984,0.00007,2,0.03629,0.04984,0.035776,-0.04878,0.4307,-0.0017,0.4936,-1.6046,0.1824,26.1340,5.8486,0,0.08500,0.03000,0.8495,0.8940,0.078345,0.092305,-90.5652,24.5624,152.7593,-98.6967,59.7889,226.4081,106.8480,-77.0734,146.0957,103.5894,-42.5564,208.7797,0.059174,0.030008,150.0006,0.045672,-0.029098,226.4081,-0.085008,-0.027813,150.0006,-0.038354,-0.026589,208.7797,-0.19681,0.33480,0.50762,0.76698,-0.46905,-0.00427,-0.30080,0.34624,0.48765,0.66625,-0.28301,0.04923,-0.02622,0.05844,-0.06146,0.22413,-40.38102,0.76769,13.36646,-28.91222,9.53987,-7.60014,43.84257,1.49523,-11.73598,3.80336,-2.61844,6.70969,6.61999,-0.13332,-10.62734,-1.38128,88.000,88.000,88.000,139.000,35.000,35.000,88.000,88.000,88.000,139.000,35.000,35.000,25.000,25.000,25.000,25.000
0.2050,-0.00043,-0.00050,0.75298,0.97972,-0.02693,-0.00128,-0.19857,0.03486,0.00103,0.68470,0.68452,0.05170,0.00007,2,0.03648,0.05170,0.035231,-0.10444,1.4689,-0.0015,0.3277,-1.8638,0.0953,26.1304,5.5116,0,0.08500,0.03000,1.0211,0.9458,0.118347,0.098251,-67.9145,-111.9202,146.8408,-76.5156,11.9768,126.4177,78.7682,50.3221,152.1411,84.3210,-23.7258,154.3527,-0.085008,0.030008,150.0006,0.085019,-0.030174,126.4177,0.053266,-0.002388,150.0006,-0.085010,-0.025259,154.3527,-0.19143,0.34198,0.51674,0.76430,-0.47158,-0.03159,-0.29623,0.35707,0.50428,0.66717,-0.27657,0.05119,-0.02173,0.06074,-0.06794,0.23428,-12.84432,73.42208,-27.76482,-51.18368,-12.34931,-3.02164,15.50905,-74.59141,28.81595,24.11543,18.25863,-1.81744,5.78281,-0.24452,-9.33259,-1.39466,88.000,88.000,88.000,139.000,35.000,35.000,88.000,88.000,88.000,139.000,35.000,35.000,25.000,25.000,25.000,25.000
0.2100,-0.00046,-0.00060,0.75295,0.97817,-0.02769,-0.00150,-0.20593,0.03484,0.00113,0.68464,0.68452,0.05344,0.00007,2,0.03628,0.05344,0.034835,-0.05017,6.7935,-0.0010,0.5290,-1.9356,0.9713,25.1476,5.9779,0,0.08500,0.03000,0.8260,0.8540,-0.047374,0.068302,106.5872,-71.9606,148.8676,-56.4989,-62.4097,169.8694,-89.5188,9.3954,152.0296,34.9384,60.4592,136.2823,-0.085008,0.030008,150.0006,-0.085004,-0.025065,169.8694,0.021285,0.030008,150.0006,0.085017,-0.030256,136.2823,-0.18465,0.34953,0.52660,0.76255,-0.47329,-0.06024,-0.29163,0.36699,0.52282,0.66430,-0.27378,0.04032,-0.01657,0.06255,-0.07451,0.24283,74.44305,4.38683,-18.22603,9.58581,-2.61579,-2.85861,-78.16152,-3.08373,22.83868,-42.04454,4.18061,-6.56920,-4.94608,-0.71069,2.97245,-0.17287,88.000,88.000,88.000,139.000,35.000,35.000,88.000,88.000,88.000,139.000,35.000,35.000,25.000,25.000,25.000,25.000
0.2150,-0.00049,-0.00061,0.75287,0.97632,-0.02828,-0.00164,-0.21448,0.03481,0.00122,0.68452,0.68452,0.05499,0.00007,2,0.03548,0.05499,0.034874,0.04591,3.0872,-0.0006,0.4223,-1.6306,2.2488,23.1341,5.6702,1,0.08500,0.03000,0.8968,1.1667,-0.034403,0.115732,105.1961,-68.7692,151.3434,107.6149,-43.2767,215.5593,-91.9666,17.4704,151.8386,-66.3468,0.0000,94.7811,-0.085003,0.020537,150.0002,-0.063863,0.018728,215.5593,0.061013,0.030003,150.0002,0.085011,-0.030203,94.7811,-0.17682,0.35788,0.53877,0.76407,-0.47604,-0.08028,-0.28761,0.37520,0.54181,0.65477,-0.27090,0.01889,-0.01096,0.06408,-0.08101,0.24998,74.44305,4.38683,-18.22603,9.58581,-2.61579,-2.85861,-78.16152,-3.08373,22.83868,-42.04454,4.18061,-6.56920,-4.94608,-0.71069,2.97245,-0.17287,88.000,88.000,88.000,139.000,35.000,35.000,88.000,88.000,88.000,139.000,35.000,35.000,25.000,25.000,25.000,25.000
0.2200,-0.00049,-0.00060,0.75272,0.97437,-0.02870,-0.00179,-0.22310,0.03482,0.00128,0.68436,0.68452,0.05621,0.00007,2,0.03471,0.05621,0.035049,0.03007,-4.6603,-0.0006,-0.3683,-1.1825,3.0013,19.9943,5.4766,0,0.08500,0.03000,0.8938,0.8827,-0.033239,0.123836,-72.1580,-101.7205,152.1409,107.1054,-44.0682,215.9622,59.8281,63.7432,151.2681,-53.6419,24.0680,111.0142,-0.085007,0.030007,150.0005,-0.061391,0.025821,215.9622,0.068556,0.028704,150.0005,-0.085027,-0.025083,111.0142,-0.16869,0.36652,0.55291,0.76702,-0.48041,-0.09200,-0.28390,0.38239,0.56116,0.64630,-0.24926,-0.00540,-0.00456,0.06560,-0.08741,0.25603,-43.25039,55.87782,-9.31539,-56.80865,-12.17709,-1.96761,45.53014,-53.90666,14.87251,38.62691,21.01714,-6.90436,8.32703,0.42916,-7.69574,-0.79213,88.000,88.000,88.000,139.000,35.000,35.000,88.000,88.000,88.000,139.000,35.000,35.000,25.000,25.000,25.000,25.000
0.2250,-0.00051,-0.00070,0.75258,0.97242,-0.02921,-0.00191,-0.23138,0.03483,0.00130,0.68413,0.68452,0.05710,0.00007,2,0.03441,0.05710,0.035179,0.02369,-3.6723,-0.0008,-0.0474,-0.8008,3.6329,19.4170,6.1032,1,0.08500,0.03000,0.8266,0.8275,-0.042859,0.122388,98.7630,-66.9721,153.4266,-61.2525,-69.4671,186.7422,-99.4491,38.0485,149.9329,75.3681,88.1337,233.5740,-0.085007,0.010490,150.0005,-0.071199,0.025566,186.7422,0.029636,0.030007,150.0005,0.038925,0.023188,233.5740,-0.16055,0.37609,0.56869,0.77005,-0.48507,-0.09814,-0.28100,0.39050,0.57887,0.64272,-0.23320,-0.02098,0.00270,0.06723,-0.09373,0.26157,-43.25039,55.87782,-9.31539,-56.80865,-12.17709,-1.96761,45.53014,-53.90666,14.87251,38.62691,21.01714,-6.90436,8.32703,0.42916,-7.69574,-0.79213,88.000,88.000,88.000,139.000,35.000,35.000,88.000,88.000,88.000,139.000,35.000,35.000,25.000,25.000,25.000,25.000
0.2300,-0.00055,-0.00090,0.75246,0.97048,-0.02982,-0.00199,-0.23930,0.03484,0.00134,0.68394,0.68452,0.05817,0.00007,2,0.03443,0.05817,0.035286,0.01745,-3.3681,-0.0009,-0.2353,-0.9252,2.8172,21.2396,4.7871,1,0.08500,0.03000,0.8251,0.8279,-0.043666,0.122709,90.2649,-68.2870,153.7032,-63.5649,-66.0477,185.1608,-96.8814,33.1073,149.9590,80.2937,67.7242,211.4541,-0.085007,0.030007,150.0005,-0.072188,0.025548,185.1608,0.034642,0.030007,150.0005,0.046771,0.028982,211.4541,-0.15262,0.38632,0.58507,0.77318,-0.48954,-0.10072,-0.27881,0.39936,0.59498,0.64233,-0.22418,-0.02981,0.01074,0.06900,-0.10004,0.26675,-43.25039,55.87782,-9.31539,-56.80865,-12.17709,-1.96761,45.53014,-53.90666,14.87251,38.62691,21.01714,-6.90436,8.32703,0.42916,-7.69574,-0.79213,88.000,88.000,88.000,139.000,35.000,35.000,88.000,88.000,88.000,139.000,35.000,35.000,25.000,25.000,25.000,25.000
0.2350,-0.00060,-0.00119,0.75235,0.96857,-0.03053,-0.00203,-0.24684,0.03487,0.00137,0.68380,0.68452,0.05946,0.00007,2,0.03469,0.05946,0.035328,0.00319,-3.0383,-0.0010,-0.4519,-0.9306,2.2238,22.9099,3.4733,1,0.08500,0.03000,0.8259,0.8373,-0.055870,0.120314,52.5371,65.0279,148.6234,-62.2542,-56.5226,169.6810,-66.4397,-100.4521,155.5500,82.7806,58.2751,201.5082,0.063129,-0.030007,150.0005,-0.085033,0.025164,169.6810,-0.085007,-0.030007,150.0005,0.051102,0.029132,201.5082,-0.14497,0.39704,0.60142,0.77611,-0.49197,-0.10122,-0.27711,0.40876,0.60984,0.64416,-0.21988,-0.03534,0.01947,0.07093,-0.10640,0.27163,-43.25039,55.87782,-9.31539,-56.80865,-12.17709,-1.96761,45.53014,-53.90666,14.87251,38.62691,21.01714,-6.90436,8.32703,0.42916,-7.69574,-0.79213,88.000,88.000,88.000,139.000,35.000,35.000,88.000,88.000,88.000,139.000,35.000,35.000,25.000,25.000,25.000,25.000
0.2400,-0.00066,-0.00150,0.75222,0.96662,-0.03132,-0.00201,-0.25430,0.03491,0.00140,0.68369,0.68452,0.06096,0.00007,2,0.03498,0.06096,0.035218,-0.03225,-1.9628,-0.0011,-0.6992,-0.9234,1.8671,24.6597,2.1400,0,0.08500,0.03000,0.8264,0.8478,-0.055394,0.120718,43.6828,64.9158,148.7177,-63.4649,-56.3219,171.1240,-66.2033,-99.3113,156.3812,83.4013,51.4439,192.6360,0.024656,-0.000668,150.0005,-0.085037,0.025150,171.1240,-0.085007,0.030007,150.0005,0.055328,0.029273,192.6360,-0.13720,0.40662,0.61802,0.77808,-0.48348,-0.09984,-0.27513,0.41912,0.62515,0.64626,-0.21895,-0.03733,0.02849,0.07330,-0.11292,0.27645,2.91260,-74.76917,30.92076,12.48350,12.13309,-1.54185,-7.00262,80.44998,-22.25867,-50.71001,-11.74702,-0.66546,-0.74243,0.28628,-1.53521,0.04956,88.000,88.000,88.000,139.000,35.000,35.000,88.000,88.000,88.000,139.000,35.000,35.000,25.000,25.000,25.000,25.000
0.2450,-0.00071,-0.00181,0.75212,0.96451,-0.03216,-0.00192,-0.26206,0.03494,0.00141,0.68356,0.68452,0.06261,0.00007,2,0.03525,0.06261,0.035048,-0.02482,1.0488,-0.0010,-0.3267,-0.4775,2.5426,25.6356,0.7400,1,0.08500,0.03000,0.8301,0.8260,0.057220,0.146562,55.5778,79.3130,148.0266,48.1509,60.3067,154.9394,-66.2687,-98.9359,156.5899,-65.1062,-71.9288,195.7643,0.080486,-0.030003,150.0002,0.030661,0.028535,154.9394,-0.085003,-0.030003,150.0002,-0.063992,0.023316,195.7643,-0.12893,0.41496,0.63476,0.77927,-0.47728,-0.09224,-0.27247,0.43084,0.64211,0.64779,-0.22024,-0.03606,0.03759,0.07639,-0.11960,0.28146,2.91260,-74.76917,30.92076,12.48350,12.13309,-1.54185,-7.00262,80.44998,-22.25867,-50.71001,-11.74702,-0.66546,-0.74243,0.28628,-1.53521,0.04956,88.000,88.000,88.000,139.000,35.000,35.000,88.000,88.000,88.000,139.000,35.000,35.000,25.000,25.000,25.000,25.000
0.2500,-0.00075,-0.00212,0.75205,0.96230,-0.03304,-0.00180,-0.26996,0.03496,0.00142,0.68343,0.68452,0.06434,0.00007,2,0.03549,0.06434,0.035001,-0.00051,0.7291,-0.0008,-0.2048,-0.4779,2.0648,26.5153,-0.4011,0,0.08500,0.03000,1.0744,0.8284,0.116773,0.124575,58.9969,80.9366,148.0621,7.0808,78.4035,122.1204,-66.5589,-99.2934,156.2414,-64.1315,-77.0931,201.7494,0.076161,0.030007,150.0005,0.085043,-0.004655,122.1204,-0.085007,0.030007,150.0005,-0.063936,0.023064,201.7494,-0.12016,0.42333,0.65252,0.78123,-0.47650,-0.08673,-0.26911,0.44325,0.66027,0.64862,-0.22262,-0.03259,0.04674,0.07979,-0.12625,0.28627,6.36380,-66.15841,27.42220,21.02773,19.88779,-6.49946,-7.12862,62.43043,-16.33586,-47.06093,-11.29703,-0.46533,-1.60994,-0.57401,-1.05738,-0.50749,88.000,88.000,88.000,139.000,35.000,35.000,88.000,88.000,88.000,139.000,35.000,35.000,25.000,25.000,25.000,25.000
0.2550,-0.00079,-0.00245,0.75200,0.96002,-0.03394,-0.00163,-0.27786,0.03496,0.00142,0.68333,0.68452,0.06613,0.00007,2,0.03568,0.06613,0.035051,0.01569,-1.1397,-0.0007,0.0445,-0.5497,1.8749,27.2497,-1.2624,1,0.08500,0.03000,0.8496,0.8260,0.110807,0.151617,67.4720,80.0923,148.2515,43.4562,71.8791,164.7647,-66.9417,-100.1236,155.5466,-62.4033,-69.0190,187.7461,0.073185,0.022707,150.0005,0.085053,0.023365,164.7647,-0.085007,0.030007,150.0005,-0.068204,0.025734,187.7461,-0.11082,0.43198,0.67192,0.78395,-0.47975,-0.08418,-0.26508,0.45590,0.67927,0.64865,-0.22523,-0.02682,0.05590,0.08322,-0.13278,0.29064,6.36380,-66.15841,27.42220,21.02773,19.88779,-6.49946,-7.12862,62.43043,-16.33586,-47.06093,-11.29703,-0.46533,-1.60994,-0.57401,-1.05738,-0.50749,88.000,88.000,88.000,139.000,35.000,35.000,88.000,88.000,88.000,139.000,35.000,35.000,25.000,25.000,25.000,25.000
0.2600,-0.00083,-0.00277,0.75196,0.95766,-0.03486,-0.00143,-0.28580,0.03495,0.00143,0.68324,0.68452,0.06795,0.00007,2,0.03585,0.06795,0.035162,0.02530,-2.5148,-0.0008,0.2463,-0.5728,1.6937,27.8187,-2.1492,1,0.08500,0.03000,0.8419,0.8266,0.110187,0.151565,-98.2635,40.0617,150.7752,45.7630,69.2070,164.2429,106.1490,-60.2942,153.2446,-61.5738,-69.8241,187.7113,0.015787,-0.030007,150.0006,0.085054,0.023937,164.2429,-0.085007,-0.030007,150.0006,-0.070289,0.025654,187.7113,-0.10086,0.44078,0.69296,0.78715,-0.48579,-0.08350,-0.26058,0.46872,0.69891,0.64805,-0.22748,-0.01935,0.06503,0.08671,-0.13921,0.29463,6.36380,-66.15841,27.42220,21.02773,19.88779,-6.49946,-7.12862,62.43043,-16.33586,-47.06093,-11.29703,-0.46533,-1.60994,-0.57401,-1.05738,-0.50749,88.000,88.000,88.000,139.000,35.000,35.000,88.000,88.000,88.000,139.000,35.000,35.000,25.000,25.000,25.000,25.000
0.2650,-0.00082,-0.00313,0.75191,0.95531,-0.03572,-0.00134,-0.29343,0.03493,0.00144,0.68316,0.68452,0.06978,0.00007,2,0.03590,0.06978,0.035117,-0.02986,-3.4587,-0.0009,0.4163,-0.5593,1.5222,28.1992,-3.0217,0,0.08500,0.03000,0.8364,0.8271,0.109405,0.151514,-93.9770,40.9469,150.6729,47.6979,66.8291,163.6099,107.3926,-60.5174,153.3140,-60.4305,-69.8626,186.1331,0.085008,0.030007,150.0006,0.085047,0.024692,163.6099,-0.054785,-0.029323,150.0006,-0.073149,0.025541,186.1331,-0.09043,0.44934,0.71451,0.78927,-0.49327,-0.08514,-0.25518,0.47983,0.71583,0.64739,-0.22821,-0.00262,0.07487,0.08991,-0.14597,0.29780,-67.89952,10.85157,20.25064,-33.36017,12.79927,-6.76271,81.30037,-18.78202,-19.10857,21.59900,3.08706,8.31371,13.88357,0.23322,-15.06179,-3.05853,88.000,88.000,88.000,139.000,35.000,35.000,88.000,88.000,88.000,139.000,35.000,35.000,25.000,25.000,25.000,25.000
0.2700,-0.00070,-0.00353,0.75176,0.95306,-0.03642,-0.00155,-0.30059,0.03489,0.00146,0.68306,0.68452,0.07150,0.00007,2,0.03573,0.07150,0.034912,-0.04319,1.0264,-0.0009,1.0454,-0.8411,2.8680,27.9224,0.8925,0,0.08500,0.03000,0.8876,0.0000,0.109987,0.147051,-72.4923,33.5377,150.2014,-81.2368,35.0746,166.1592,107.5474,-62.8364,152.2690,0.0000,0.0000,0.0000,0.085008,-0.005078,150.0006,0.085027,0.020924,166.1592,0.004362,-0.030007,150.0006,0.000000,0.000000,0.0000,-0.07972,0.45691,0.73465,0.79038,-0.50035,-0.08750,-0.24842,0.48790,0.72714,0.64745,-0.21777,0.02281,0.08589,0.09265,-0.15312,0.29990,-44.57591,7.77632,13.57119,-23.54821,14.16210,-1.20679,58.60458,-14.49695,-14.18078,22.63709,11.24664,8.44372,11.66913,0.24754,-10.19054,-2.28807,88.000,88.000,88.000,139.000,35.000,35.000,88.000,88.000,88.000,139.000,35.000,35.000,25.000,25.000,25.000,25.000
0.2750,-0.00054,-0.00395,0.75155,0.95077,-0.03698,-0.00193,-0.30769,0.03480,0.00150,0.68283,0.68452,0.07291,0.00007,2,0.03540,0.07291,0.034685,-0.07018,2.4222,-0.0006,1.8316,-1.3656,4.9429,26.7558,5.6734,1,0.08500,0.03000,0.5789,0.9249,0.097043,0.152561,107.1818,-67.9734,150.3080,-51.9459,9.6647,152.1321,-46.1880,22.0509,150.4284,63.9936,-20.9424,121.3371,-0.085009,0.030008,150.0007,0.073494,0.029679,152.1321,0.077768,0.030009,150.0007,0.085032,-0.030025,121.3371,-0.06933,0.46367,0.75295,0.79143,-0.50336,-0.08571,-0.24143,0.49393,0.73446,0.64765,-0.21090,0.04840,0.09791,0.09507,-0.16072,0.30121,-44.57591,7.77632,13.57119,-23.54821,14.16210,-1.20679,58.60458,-14.49695,-14.18078,22.63709,11.24664,8.44372,11.66913,0.24754,-10.19054,-2.28807,88.000,88.000,88.000,139.000,35.000,35.000,88.000,88.000,88.000,139.000,35.000,35.000,25.000,25.000,25.000,25.000
0.2800,-0.00042,-0.00431,0.75130,0.94820,-0.03749,-0.00226,-0.31546,0.03470,0.00156,0.68253,0.68452,0.07405,0.00007,2,0.03512,0.07405,0.034576,0.00910,4.9448,-0.0004,1.5044,-1.3395,5.7141,25.8451,7.7433,0,0.08500,0.03000,0.7210,0.9103,0.096255,0.114838,107.2235,-68.3843,150.0918,-69.7186,42.0695,188.2281,-60.6793,29.4658,152.2643,61.9013,-22.5269,120.6118,0.024208,-0.030009,150.0007,0.064309,-0.006546,188.2281,0.085009,-0.030008,150.0007,0.085053,-0.030132,120.6118,-0.05904,0.47059,0.77018,0.79342,-0.50237,-0.08404,-0.23526,0.50071,0.74402,0.64793,-0.20980,0.06758,0.11020,0.09777,-0.16888,0.30389,88.00086,0.56155,-28.92012,18.35489,13.72779,7.38482,-88.00083,-3.53622,33.65279,-23.79850,14.62570,2.87063,-2.73239,0.18616,5.33253,2.84265,88.000,88.000,88.000,139.000,35.000,35.000,88.000,88.000,88.000,139.000,35.000,35.000,25.000,25.000,25.000,25.000
0.2850,-0.00039,-0.00456,0.75103,0.94523,-0.03803,-0.00246,-0.32419,0.03463,0.00162,0.68223,0.68452,0.07509,0.00007,2,0.03509,0.07509,0.034849,0.08467,-1.2221,-0.0003,1.0519,-1.4847,5.2978,25.6775,6.0841,1,0.08500,0.03000,0.9089,0.8288,0.055399,0.083547,107.8117,-68.9313,149.4185,103.7823,-38.1537,202.7658,-77.4371,28.9967,153.7235,-73.4668,60.4804,191.3532,-0.085008,0.030008,150.0006,0.017473,-0.028038,202.7658,0.028236,0.030008,150.0006,0.062039,-0.029521,191.3532,-0.04818,0.47871,0.78773,0.79820,-0.50432,-0.08409,-0.23052,0.50987,0.75795,0.64982,-0.20874,0.08068,0.12245,0.10106,-0.17733,0.30883,88.00086,0.56155,-28.92012,18.35489,13.72779,7.38482,-88.00083,-3.53622,33.65279,-23.79850,14.62570,2.87063,-2.73239,0.18616,5.33253,2.84265,88.000,88.000,88.000,139.000,35.000,35.000,88.000,88.000,88.000,139.000,35.000,35.000,25.000,25.000,25.000,25.000
0.2900,-0.00044,-0.00471,0.75074,0.94183,-0.03861,-0.00251,-0.33384,0.03459,0.00169,0.68197,0.68452,0.07616,0.00007,2,0.03536,0.07616,0.035469,0.14077,-7.7039,-0.0006,0.7312,-1.7580,4.6196,25.8968,4.1738,1,0.08500,0.03000,0.8989,0.8306,0.058507,0.084545,108.1559,-69.5949,148.8609,100.7845,-39.9048,200.9847,-88.5505,21.5985,154.2330,-79.3905,62.6859,202.9662,-0.057687,0.025326,150.0006,0.020903,-0.028158,200.9847,0.085008,0.030008,150.0006,0.057460,-0.029423,202.9662,-0.03655,0.48787,0.80549,0.80533,-0.50930,-0.08466,-0.22742,0.52117,0.77496,0.65371,-0.20768,0.08981,0.13473,0.10483,-0.18582,0.31553,88.00086,0.56155,-28.92012,18.35489,13.72779,7.38482,-88.00083,-3.53622,33.65279,-23.79850,14.62570,2.87063,-2.73239,0.18616,5.33253,2.84265,88.000,88.000,88.000,139.000,35.000,35.000,88.000,88.000,88.000,139.000,35.000,35.000,25.000,25.000,25.000,25.000
0.2950,-0.00052,-0.00465,0.75049,0.93820,-0.03900,-0.00245,-0.34389,0.03455,0.00178,0.68175,0.68452,0.07728,0.00007,2,0.03583,0.07728,0.036276,0.17734,-13.1821,-0.0012,0.7291,-2.0680,4.1874,26.2254,2.1321,1,0.08500,0.03000,0.8400,0.8317,0.120837,0.097320,108.2361,-70.5835,148.3361,52.2053,-35.3900,125.1361,-88.4130,12.3995,153.8634,-83.2904,64.4005,210.9869,-0.085007,0.030007,150.0006,0.085020,-0.030067,125.1361,0.075642,0.030007,150.0006,0.054663,-0.029373,210.9869,-0.02482,0.49513,0.81964,0.81200,-0.51695,-0.08156,-0.22687,0.53161,0.78997,0.65854,-0.20830,0.09466,0.14704,0.10949,-0.19409,0.32361,88.00086,0.56155,-28.92012,18.35489,13.72779,7.38482,-88.00083,-3.53622,33.65279,-23.79850,14.62570,2.87063,-2.73239,0.18616,5.33253,2.84265,88.000,88.000,88.000,139.000,35.000,35.000,88.000,88.000,88.000,139.000,35.000,35.000,25.000,25.000,25.000,25.000
0.3000,-0.00055,-0.00429,0.75031,0.93456,-0.03893,-0.00236,-0.35365,0.03450,0.00191,0.68158,0.68452,0.07797,0.00007,2,0.03635,0.07797,0.037302,0.22690,-17.3965,-0.0020,1.2095,-3.1939,2.9579,19.8347,2.9842,1,0.08500,0.03000,0.0000,0.6567,0.000000,0.000000,107.8483,-72.8349,147.5282,0.0000,0.0000,0.0000,-70.1752,-26.1088,150.3813,-80.1218,132.1184,392.1608,-0.085008,0.030008,150.0006,0.000000,0.000000,0.0000,-0.003295,0.030008,150.0006,0.016142,-0.028291,392.1608,-0.01314,0.49886,0.82936,0.81708,-0.51436,-0.07133,-0.22982,0.53771,0.79733,0.66289,-0.21255,0.09485,0.15939,0.11558,-0.20177,0.33288,88.00086,0.56155,-28.92012,18.35489,13.72779,7.38482,-88.00083,-3.53622,33.65279,-23.79850,14.62570,2.87063,-2.73239,0.18616,5.33253,2.84265,88.000,88.000,88.000,139.000,35.000,35.000,88.000,88.000,88.000,139.000,35.000,35.000,25.000,25.000,25.000,25.000
0.3050,-0.00054,-0.00366,0.75023,0.93083,-0.03847,-0.00224,-0.36341,0.03441,0.00213,0.68150,0.68452,0.07775,0.00007,2,0.03693,0.07775,0.038603,0.28421,-22.9965,-0.0030,1.8003,-4.6306,1.5813,13.3122,4.6477,1,0.08500,0.03000,0.8567,0.7372,0.117094,0.100717,-42.8609,-106.4302,147.0992,57.9314,-32.5803,129.3024,101.6176,-44.9169,145.3317,-80.9905,137.3266,360.4191,-0.085009,-0.030008,150.0007,0.085065,-0.030192,129.3024,-0.040726,-0.030009,150.0007,0.018996,-0.028396,360.4191,-0.00136,0.50003,0.83625,0.82136,-0.51926,-0.06137,-0.23561,0.54088,0.79956,0.66660,-0.21695,0.09395,0.17181,0.12281,-0.20882,0.34318,88.00086,0.56155,-28.92012,18.35489,13.72779,7.38482,-88.00083,-3.53622,33.65279,-23.79850,14.62570,2.87063,-2.73239,0.18616,5.33253,2.84265,88.000,88.000,88.000,139.000,35.000,35.000,88.000,88.000,88.000,139.000,35.000,35.000,25.000,25.000,25.000,25.000
0.3100,-0.00051,-0.00311,0.75012,0.92805,-0.03782,-0.00242,-0.37053,0.03431,0.00242,0.68151,0.68452,0.07674,0.00007,2,0.03703,0.07674,0.039312,0.04978,-29.6571,-0.0043,1.9513,-5.6118,0.6890,7.6343,6.7657,0,0.08500,0.03000,0.8424,0.0000,0.114310,0.103345,-41.3007,-107.7637,145.5986,56.3328,-37.0106,133.3476,105.8527,-79.3215,143.9496,0.0000,0.0000,0.0000,0.085009,0.030010,150.0007,0.085087,-0.030285,133.3476,-0.085009,0.030009,150.0007,0.000000,0.000000,0.0000,0.00579,0.49615,0.83054,0.81969,-0.51897,-0.05951,-0.24215,0.53776,0.78838,0.66687,-0.21898,0.08956,0.17159,0.15085,-0.20945,0.33743,-43.46665,15.39889,-3.68517,-37.18436,13.87342,-2.19082,88.00095,-15.54914,-44.86003,18.01431,-1.28415,-2.98325,-25.00144,25.00144,-12.81686,-25.00144,88.000,88.000,88.000,139.000,35.000,35.000,88.000,88.000,88.000,139.000,35.000,35.000,25.000,25.000,25.000,25.000
0.3150,-0.00050,-0.00289,0.75002,0.92691,-0.03732,-0.00307,-0.37341,0.03419,0.00273,0.68141,0.68452,0.07542,0.00007,2,0.03679,0.07542,0.039269,-0.04242,-12.0278,-0.0050,1.7209,-7.0420,2.9603,8.8068,11.3366,1,0.08500,0.03000,0.6322,0.0000,0.112283,0.105673,-55.4700,-109.9691,145.3645,-54.3578,-7.5363,144.6708,103.4204,-84.1687,144.6400,0.0000,0.0000,0.0000,-0.058742,-0.030009,150.0007,0.085110,-0.030321,144.6708,-0.085009,-0.030009,150.0007,0.000000,0.000000,0.0000,0.00628,0.48701,0.80777,0.81153,-0.51308,-0.06834,-0.24795,0.52901,0.76301,0.66579,-0.22020,0.07387,0.15275,0.20684,-0.20301,0.30912,-43.46665,15.39889,-3.68517,-37.18436,13.87342,-2.19082,88.00095,-15.54914,-44.86003,18.01431,-1.28415,-2.98325,-25.00144,25.00144,-12.81686,-25.00144,88.000,88.000,88.000,139.000,35.000,35.000,88.000,88.000,88.000,139.000,35.000,35.000,25.000,25.000,25.000,25.000
0.3200,-0.00051,-0.00300,0.74993,0.92721,-0.03713,-0.00425,-0.37267,0.03408,0.00301,0.68122,0.68452,0.07450,0.00007,2,0.03640,0.07450,0.038816,-0.12348,-1.8845,-0.0050,0.3685,-7.1227,2.4406,14.6201,13.3044,1,0.08500,0.03000,0.7572,0.8981,0.111278,0.107238,-72.1841,-109.5458,146.5945,-68.2869,-3.1016,150.4655,80.2821,-88.4403,145.6079,117.7912,-46.9255,235.3096,0.085008,0.030008,150.0006,0.085129,-0.030282,150.4655,-0.085008,0.030008,150.0006,-0.085055,-0.025272,235.3096,0.00248,0.47429,0.77174,0.79968,-0.50824,-0.08520,-0.25222,0.51644,0.72743,0.66433,-0.21938,0.04946,0.11752,0.28375,-0.19389,0.26307,-43.46665,15.39889,-3.68517,-37.18436,13.87342,-2.19082,88.00095,-15.54914,-44.86003,18.01431,-1.28415,-2.98325,-25.00144,25.00144,-12.81686,-25.00144,88.000,88.000,88.000,139.000,35.000,35.000,88.000,88.000,88.000,139.000,35.000,35.000,25.000,25.000,25.000,25.000
0.3250,-0.00047,-0.00348,0.74980,0.92873,-0.03734,-0.00608,-0.36882,0.03397,0.00327,0.68100,0.68452,0.07441,0.00007,2,0.03578,0.07441,0.037986,-0.19777,13.8494,-0.0045,2.6579,1.2511,4.8741,21.9015,19.7511,1,0.08500,0.03000,0.7859,0.9107,0.110948,0.108147,-8.3603,82.0876,154.3318,-72.1425,-1.5151,153.0362,92.2775,-32.1249,149.2576,157.5818,-57.1784,306.8002,0.076142,-0.030008,150.0006,0.085134,-0.030214,153.0362,-0.085008,-0.030008,150.0006,-0.085043,-0.025199,306.8002,-0.00324,0.45899,0.72607,0.78499,-0.50465,-0.10729,-0.25380,0.49967,0.68112,0.66185,-0.21857,0.02129,0.06759,0.37576,-0.18611,0.20271,-43.46665,15.39889,-3.68517,-37.18436,13.87342,-2.19082,88.00095,-15.54914,-44.86003,18.01431,-1.28415,-2.98325,-25.00144,25.00144,-12.81686,-25.00144,88.000,88.000,88.000,139.000,35.000,35.000,88.000,88.000,88.000,139.000,35.000,35.000,25.000,25.000,25.000,25.000
0.3300,-0.00037,-0.00435,0.74964,0.93129,-0.03816,-0.00857,-0.36217,0.03385,0.00353,0.68072,0.68452,0.07547,0.00007,2,0.03514,0.07547,0.036867,-0.23191,27.5205,-0.0037,4.4327,7.5480,6.4756,32.7629,25.0642,1,0.08500,0.03000,0.8110,0.9055,0.111128,0.108571,64.3317,89.5022,150.6266,-75.1814,-1.4625,154.5374,84.0790,91.4417,152.5450,177.9157,-67.0578,349.9620,-0.085009,0.030008,150.0007,0.085127,-0.030128,154.5374,-0.085009,0.030008,150.0007,-0.085017,-0.025127,349.9620,-0.00918,0.44272,0.67430,0.76880,-0.50328,-0.12967,-0.25213,0.48023,0.62673,0.65846,-0.22016,-0.01262,0.00453,0.47784,-0.18316,0.13070,-43.46665,15.39889,-3.68517,-37.18436,13.87342,-2.19082,88.00095,-15.54914,-44.86003,18.01431,-1.28415,-2.98325,-25.00144,25.00144,-12.81686,-25.00144,88.000,88.000,88.000,139.000,35.000,35.000,88.000,88.000,88.000,139.000,35.000,35.000,25.000,25.000,25.000,25.000
0.3350,-0.00017,-0.00556,0.74933,0.93156,-0.03915,-0.01181,-0.36128,0.03372,0.00375,0.68042,0.68452,0.07817,0.00007,2,0.03474,0.07817,0.035750,-0.21536,35.1044,-0.0026,5.5669,11.2879,6.3790,48.0697,27.4662,0,0.08500,0.03000,0.9224,1.1667,0.110577,0.155689,91.7341,90.6300,148.5663,-100.9955,-26.0980,188.4725,88.3262,90.7336,150.5548,46.2053,0.0000,66.0076,-0.085009,0.030009,150.0007,0.085113,0.016987,188.4725,-0.085009,0.030009,150.0007,0.085009,-0.030039,66.0076,-0.00113,0.43232,0.64783,0.75323,-0.50857,-0.15422,-0.24417,0.47219,0.59695,0.65911,-0.22799,-0.04948,-0.07548,0.58797,-0.18116,0.04240,-29.02054,-41.16592,37.27381,7.06575,-2.83493,-9.21085,34.21666,37.31097,12.05618,-5.58987,-4.00081,-7.59041,-25.00138,25.00139,-0.33642,-25.00139,88.000,88.000,88.000,139.000,35.000,35.000,88.000,88.000,88.000,139.000,35.000,35.000,25.000,25.000,25.000,25.000
0.3400,0.00014,-0.00698,0.74879,0.92776,-0.03993,-0.01562,-0.37070,0.03361,0.00393,0.68009,0.68452,0.08179,0.00007,2,0.03479,0.08179,0.034847,-0.12372,14.9090,-0.0014,5.6889,-0.7327,7.9593,50.3323,49.4176,1,0.08500,0.03000,0.8303,0.6269,0.112264,0.168662,92.5767,59.8118,147.9803,3.0978,2.4617,7.9421,89.6872,-88.0334,151.3514,79.5818,-55.8919,258.5225,-0.085010,-0.030009,150.0008,0.085065,0.030046,7.9421,-0.085010,-0.030009,150.0008,-0.054930,0.025959,258.5225,0.02499,0.42957,0.65733,0.73885,-0.51899,-0.18456,-0.23195,0.48105,0.60139,0.66778,-0.23644,-0.07765,-0.17163,0.70246,-0.17986,-0.06170,-29.02054,-41.16592,37.27381,7.06575,-2.83493,-9.21085,34.21666,37.31097,12.05618,-5.58987,-4.00081,-7.59041,-25.00138,25.00139,-0.33642,-25.00139,88.000,88.000,88.000,139.000,35.000,35.000,88.000,88.000,88.000,139.000,35.000,35.000,25.000,25.000,25.000,25.000
0.3450,0.00054,-0.00859,0.74806,0.92016,-0.04049,-0.01981,-0.38894,0.03357,0.00408,0.67972,0.68452,0.08578,0.00007,2,0.03516,0.08578,0.034705,0.03796,20.8876,-0.0005,-1.7898,8.7847,8.8809,51.2411,64.8945,1,0.08500,0.03000,1.0377,0.5492,-0.042435,0.167483,-87.4068,96.9377,147.1870,115.6310,-12.6674,186.8304,25.3294,94.9910,146.6729,63.5495,-43.9525,234.4903,0.085009,-0.030009,150.0007,-0.070720,0.025572,186.8304,0.085009,-0.030009,150.0007,-0.055698,0.026023,234.4903,0.06292,0.43163,0.69141,0.72904,-0.53073,-0.21346,-0.21635,0.50310,0.63201,0.68317,-0.24469,-0.10099,-0.27773,0.81692,-0.18245,-0.17636,-29.02054,-41.16592,37.27381,7.06575,-2.83493,-9.21085,34.21666,37.31097,12.05618,-5.58987,-4.00081,-7.59041,-25.00138,25.00139,-0.33642,-25.00139,88.000,88.000,88.000,139.000,35.000,35.000,88.000,88.000,88.000,139.000,35.000,35.000,25.000,25.000,25.000,25.000
0.3500,0.00106,-0.01034,0.74714,0.90874,-0.04078,-0.02421,-0.41466,0.03365,0.00420,0.67939,0.68452,0.09018,0.00007,2,0.03573,0.09018,0.035346,0.20009,15.1725,-0.0004,-13.1493,14.5244,8.6728,50.8164,76.9395,1,0.08500,0.03000,1.0609,0.5930,-0.036233,0.169503,-88.2053,76.9172,145.8411,93.7635,9.9244,148.1257,-88.8391,100.3458,144.0097,66.9479,-49.6165,234.2019,-0.085004,-0.030004,150.0004,-0.065231,0.025795,148.1257,0.085004,-0.030004,150.0004,-0.058110,0.026033,234.2019,0.11021,0.43506,0.74360,0.72299,-0.54426,-0.24127,-0.19755,0.53466,0.68228,0.70380,-0.25134,-0.12189,-0.38776,0.92814,-0.19035,-0.29767,-29.02054,-41.16592,37.27381,7.06575,-2.83493,-9.21085,34.21666,37.31097,12.05618,-5.58987,-4.00081,-7.59041,-25.00138,25.00139,-0.33642,-25.00139,88.000,88.000,88.000,139.000,35.000,35.000,88.000,88.000,88.000,139.000,35.000,35.000,25.000,25.000,25.000,25.000
0.3550,0.00204,-0.01169,0.74629,0.89461,-0.03956,-0.02892,-0.44415,0.03387,0.00429,0.67911,0.68452,0.09483,0.00007,2,0.03598,0.09483,0.036785,0.34692,5.6639,-0.0010,-21.9262,22.2695,9.2190,45.1220,88.4925,1,0.08500,0.03000,1.1667,0.8254,-0.055390,0.171966,-97.4325,-44.7427,153.9994,63.1083,0.0000,90.1547,0.0170,-0.1203,-0.0029,159.0982,-170.0118,470.1571,-0.107612,-0.031074,151.6423,-0.085053,0.025267,90.1547,0.000000,0.000000,0.0000,-0.085054,0.025316,470.1571,0.16084,0.43043,0.80437,0.71735,-0.55768,-0.26962,-0.18191,0.55745,0.72844,0.72433,-0.25196,-0.13263,-0.49525,1.03532,-0.20265,-0.42173,-29.02054,-41.16592,37.27381,7.06575,-2.83493,-9.21085,34.21666,37.31097,12.05618,-5.58987,-4.00081,-7.59041,-25.00138,25.00139,-0.33642,-25.00139,88.000,88.000,88.000,139.000,35.000,35.000,88.000,88.000,88.000,139.000,35.000,35.000,25.000,25.000,25.000,25.000
0.3600,0.00361,-0.01259,0.74556,0.87808,-0.03670,-0.03388,-0.47589,0.03422,0.00430,0.67904,0.68452,0.09791,0.00007,2,0.03607,0.09791,0.038850,0.46498,-8.9439,-0.0025,-31.9472,27.4012,5.6041,21.6053,108.5291,1,0.08500,0.03000,1.1667,0.2518,-0.054870,0.173824,-97.1400,12.0303,151.0482,0.0000,10.4138,14.8769,-0.1694,0.0173,-0.0353,97.1074,-86.5364,860.8679,-0.120263,-0.031352,152.7006,-0.085079,0.025367,14.8769,0.000000,0.000000,0.0000,-0.033520,0.026910,860.8679,0.21243,0.41544,0.87195,0.71027,-0.56984,-0.28978,-0.17094,0.56992,0.76756,0.74652,-0.25698,-0.12915,-0.59671,1.13708,-0.21788,-0.54578,-29.02054,-41.16592,37.27381,7.06575,-2.83493,-9.21085,34.21666,37.31097,12.05618,-5.58987,-4.00081,-7.59041,-25.00138,25.00139,-0.33642,-25.00139,88.000,88.000,88.000,139.000,35.000,35.000,88.000,88.000,88.000,139.000,35.000,35.000,25.000,25.000,25.000,25.000
0.3650,0.00576,-0.01317,0.74488,0.85862,-0.03242,-0.03900,-0.51010,0.03463,0.00426,0.67923,0.68452,0.09977,0.00007,2,0.03610,0.09977,0.041398,0.55852,-24.9581,-0.0045,-37.8243,32.5708,2.8783,2.1636,125.2749,1,0.08500,0.03000,0.0000,0.1573,0.000000,0.000000,-101.0921,-22.1317,154.7750,0.0000,0.0000,0.0000,-0.3019,0.0525,-0.0014,64.1711,-42.9808,818.4682,-0.124985,-0.031193,153.2312,0.000000,0.000000,0.0000,-84.607579,-9.248700,0.0053,-0.029485,0.027045,818.4682,0.26471,0.39070,0.94817,0.70129,-0.58192,-0.30146,-0.16383,0.57561,0.80316,0.77115,-0.26504,-0.11793,-0.69135,1.23239,-0.23476,-0.66789,-29.02054,-41.16592,37.27381,7.06575,-2.83493,-9.21085,34.21666,37.31097,12.05618,-5.58987,-4.00081,-7.59041,-25.00138,25.00139,-0.33642,-25.00139,88.000,88.000,88.000,139.000,35.000,35.000,88.000,88.000,88.000,139.000,35.000,35.000,25.000,25.000,25.000,25.000
0.3700,0.00850,-0.01352,0.74414,0.83565,-0.02690,-0.04418,-0.54682,0.03509,0.00419,0.67960,0.68452,0.10133,0.00007,2,0.03610,0.10133,0.044412,0.65581,-40.7434,-0.0071,-45.5497,32.4065,0.1959,-14.6922,140.0709,1,0.08500,0.03000,0.0000,0.3959,0.000000,0.000000,-110.7046,-68.7554,161.9236,0.0000,0.0000,0.0000,-78.5262,114.5301,140.1158,56.6894,-45.8051,306.8427,-0.147502,-0.036470,155.8071,0.000000,0.000000,0.0000,-0.037022,0.033521,150.2099,-0.085057,0.025375,306.8427,0.31667,0.35643,1.03328,0.69056,-0.59411,-0.30746,-0.16016,0.57696,0.83776,0.79836,-0.27448,-0.10336,-0.78001,1.32116,-0.25223,-0.78650,-29.02054,-41.16592,37.27381,7.06575,-2.83493,-9.21085,34.21666,37.31097,12.05618,-5.58987,-4.00081,-7.59041,-25.00138,25.00139,-0.33642,-25.00139,88.000,88.000,88.000,139.000,35.000,35.000,88.000,88.000,88.000,139.000,35.000,35.000,25.000,25.000,25.000,25.000
0.3750,0.01183,-0.01366,0.74328,0.80859,-0.02023,-0.04935,-0.58595,0.03558,0.00410,0.68011,0.68452,0.10339,0.00007,2,0.03607,0.10339,0.047910,0.75556,-53.2284,-0.0101,-58.0585,28.2026,-2.1749,-29.5596,153.6092,1,0.08500,0.03000,0.0000,0.3197,0.000000,0.000000,-124.8113,-75.1832,170.0338,0.0000,0.0000,0.0000,-72.0722,119.8960,141.3508,45.8483,-26.6976,276.5896,-0.193302,-0.082757,163.6258,0.000000,0.000000,0.0000,0.086164,0.039695,151.0771,-0.085055,0.025363,276.5896,0.36712,0.31272,1.12730,0.67844,-0.60635,-0.30977,-0.15980,0.57564,0.87306,0.82758,-0.28208,-0.08963,-0.86441,1.40395,-0.26969,-0.90048,-29.02054,-41.16592,37.27381,7.06575,-2.83493,-9.21085,34.21666,37.31097,12.05618,-5.58987,-4.00081,-7.59041,-25.00138,25.00139,-0.33642,-25.00139,88.000,88.000,88.000,139.000,35.000,35.000,88.000,88.000,88.000,139.000,35.000,35.000,25.000,25.000,25.000,25.000
0.3800,0.01511,-0.01339,0.74237,0.78488,-0.01367,-0.05331,-0.61719,0.03609,0.00401,0.68070,0.68452,0.10667,0.00007,2,0.03633,0.10667,0.052001,0.87348,-63.2469,-0.0136,-71.5395,24.2591,-0.5547,-45.0985,168.7404,1,0.08500,0.03000,0.0000,0.0693,0.000000,0.000000,-140.4930,-79.6551,177.6295,0.0000,0.0000,0.0000,-19.5383,114.1295,142.8941,20.9461,23.1505,751.3635,-0.227409,-0.093850,171.6854,0.000000,0.000000,0.0000,0.092367,0.044824,151.7419,-0.020154,0.027291,751.3635,0.39079,0.26849,1.17988,0.67464,-0.60809,-0.30459,-0.16811,0.56931,0.89239,0.85531,-0.29343,-0.07568,-0.93402,1.45336,-0.27631,-0.98307,-17.30707,5.66925,-28.22504,7.40036,8.23052,5.11248,-7.14144,-3.12088,-23.15793,-11.00919,-0.94132,-2.48027,19.35315,-25.00000,10.36102,22.45074,88.000,88.000,88.000,139.000,35.000,35.000,88.000,88.000,88.000,139.000,35.000,35.000,25.000,25.000,25.000,25.000
0.3850,0.01803,-0.01265,0.74155,0.76923,-0.00788,-0.05611,-0.63645,0.03657,0.00391,0.68126,0.68452,0.11011,0.00007,2,0.03665,0.11011,0.056408,0.89889,-69.4982,-0.0176,-43.6693,16.1949,-1.2892,-40.8400,125.4573,1,0.08500,0.03000,0.0000,0.1897,0.000000,0.000000,-107.6091,-66.7751,160.1937,0.0000,0.0000,0.0000,74.4633,83.2425,142.7543,-20.8032,19.7220,251.8847,-0.117303,-0.041264,153.8237,0.000000,0.000000,0.0000,0.086279,0.031934,150.2617,-0.000553,0.027867,251.8847,0.38238,0.23076,1.17384,0.68104,-0.60291,-0.29656,-0.18439,0.55586,0.89032,0.87694,-0.30335,-0.06646,-0.98857,1.46529,-0.27098,-1.02593,-10.73014,5.79383,-29.01978,1.92263,1.58558,1.02825,-2.49520,-0.21135,-17.09549,-11.36868,5.25077,-5.16493,20.18085,-25.00000,3.52128,23.67753,88.000,88.000,88.000,139.000,35.000,35.000,88.000,88.000,88.000,139.000,35.000,35.000,25.000,25.000,25.000,25.000
0.3900,0.02064,-0.01173,0.74082,0.75949,-0.00285,-0.05856,-0.64788,0.03704,0.00381,0.68169,0.68452,0.11338,0.00007,2,0.03685,0.11338,0.060604,0.80609,-86.1357,-0.0220,-29.5126,9.7414,-1.2977,-32.2750,101.7460,1,0.08500,0.03000,0.0000,0.3220,0.000000,0.000000,-99.5718,-60.5149,159.6741,0.0000,0.0000,0.0000,95.5650,72.0750,142.8913,-7.3100,46.3160,242.6914,-0.088801,-0.032590,150.4090,0.000000,0.000000,0.0000,0.087236,0.032238,150.2452,0.019497,0.028458,242.6914,0.35917,0.19913,1.14095,0.69288,-0.59704,-0.28889,-0.20262,0.53837,0.87811,0.89347,-0.31226,-0.05840,-1.03219,1.45599,-0.26117,-1.03755,-0.09762,5.95037,-9.07085,-1.22889,1.00943,1.41372,-0.03703,3.03400,-9.52525,-8.65648,-0.22080,-0.42112,20.82907,-21.74727,0.21592,24.31572,88.000,88.000,88.000,139.000,35.000,35.000,88.000,88.000,88.000,139.000,35.000,35.000,25.000,25.000,25.000,25.000
0.3950,0.02294,-0.01079,0.74015,0.75426,0.00133,-0.06090,-0.65374,0.03751,0.00372,0.68197,0.68452,0.11722,0.00007,2,0.03691,0.11722,0.064244,0.67817,-87.8848,-0.0262,-18.6894,9.0608,0.1392,-16.6997,86.3807,1,0.08500,0.03000,0.0000,0.2748,0.000000,0.000000,-73.7701,39.0846,153.8534,0.0000,0.0000,0.0000,-1.4367,111.5079,142.6748,8.3754,22.4372,145.2520,-0.085011,0.030011,150.0012,0.000000,0.000000,0.0000,0.085011,0.030011,150.0012,0.002938,0.027962,145.2520,0.33045,0.17289,1.09878,0.70743,-0.59105,-0.28136,-0.21953,0.51928,0.86169,0.90640,-0.32316,-0.05101,-1.06593,1.43849,-0.25321,-1.02822,2.79186,6.11418,-8.27637,-2.86022,0.78929,1.23643,-0.20825,3.71111,-7.47858,-8.11864,3.76710,-3.28421,21.34842,-15.36570,-0.80511,14.72300,88.000,88.000,88.000,139.000,35.000,35.000,88.000,88.000,88.000,139.000,35.000,35.000,25.000,25.000,25.000,25.000
0.4000,0.02497,-0.00987,0.73947,0.75286,0.00473,-0.06314,-0.65513,0.03800,0.00364,0.68208,0.68452,0.12158,0.00007,2,0.03666,0.12158,0.067192,0.52861,-98.2073,-0.0298,-10.1598,5.2206,2.3180,-2.3734,74.0240,1,0.08500,0.03000,0.0000,1.1667,0.000000,0.000000,-63.6753,52.5475,155.0190,0.0000,0.0000,0.0000,-23.8692,124.0706,142.9731,0.0000,61.5127,87.8752,0.085011,0.030011,150.0011,0.000000,0.000000,0.0000,0.085011,0.030011,150.0011,0.084993,0.030362,87.8752,0.29898,0.15069,1.05179,0.72325,-0.58513,-0.27408,-0.23438,0.49867,0.84233,0.91532,-0.33313,-0.04513,-1.09029,1.41880,-0.24824,-1.00777,2.95778,6.12170,-7.52043,-3.72729,0.71166,1.24424,-0.79719,4.77583,-5.61741,-6.09871,1.77087,-0.62007,21.75101,-13.64493,0.72634,8.14940,88.000,88.000,88.000,139.000,35.000,35.000,88.000,88.000,88.000,139.000,35.000,35.000,25.000,25.000,25.000,25.000
0.4050,0.02671,-0.00897,0.73876,0.75457,0.00733,-0.06519,-0.65293,0.03850,0.00359,0.68199,0.68452,0.12605,0.00007,2,0.03642,0.12605,0.069369,0.36968,-95.2068,-0.0327,-7.2886,2.9851,4.8725,11.2366,60.7833,1,0.08500,0.03000,0.0000,0.4439,0.000000,0.000000,-86.0614,-30.6437,167.9461,0.0000,0.0000,0.0000,6.4309,110.0160,143.2913,34.3011,11.3187,135.6206,0.085011,0.030011,150.0011,0.000000,0.000000,0.0000,0.085011,0.030011,150.0011,-0.009779,0.027556,135.6206,0.26655,0.13185,1.00307,0.73936,-0.57931,-0.26701,-0.24759,0.47862,0.82117,0.92298,-0.34271,-0.03723,-1.10624,1.39811,-0.24475,-0.98192,3.11975,4.70248,-6.67741,-4.26876,0.67055,1.21671,-1.56556,5.05463,-4.43554,-5.42073,3.60897,-2.45537,20.33729,-12.89957,1.50053,4.62835,88.000,88.000,88.000,139.000,35.000,35.000,88.000,88.000,88.000,139.000,35.000,35.000,25.000,25.000,25.000,25.000
0.4100,0.02820,-0.00809,0.73797,0.75851,0.00925,-0.06709,-0.64813,0.03903,0.00355,0.68174,0.68452,0.13021,0.00007,2,0.03618,0.13021,0.070762,0.21294,-88.7077,-0.0349,-7.7763,3.1232,7.7364,22.5371,49.2703,1,0.08500,0.03000,0.0000,0.4638,0.000000,0.000000,-80.7186,-21.0191,169.7994,0.0000,0.0000,0.0000,-1.3331,114.4475,143.8239,35.1103,15.7332,138.2665,0.085012,0.030011,150.0011,0.000000,0.000000,0.0000,0.085011,0.030011,150.0011,0.001390,0.027854,138.2665,0.23474,0.11533,0.95535,0.75470,-0.57362,-0.26016,-0.25927,0.45948,0.79887,0.92975,-0.34977,-0.02992,-1.11542,1.37665,-0.24184,-0.95346,3.26801,3.73805,-5.80070,-4.35190,0.63028,1.19709,-2.06341,5.01214,-3.31349,-4.82814,1.70279,-2.07880,17.35427,-12.32618,1.81108,3.68018,88.000,88.000,88.000,139.000,35.000,35.000,88.000,88.000,88.000,139.000,35.000,35.000,25.000,25.000,25.000,25.000
0.4150,0.02946,-0.00724,0.73708,0.76400,0.01053,-0.06887,-0.64144,0.03959,0.00351,0.68132,0.68452,0.13400,0.00007,2,0.03600,0.13400,0.071396,0.06472,-78.8953,-0.0362,-8.4294,3.4934,10.4498,32.7568,39.4625,1,0.08500,0.03000,0.0000,0.4814,0.000000,0.000000,-66.1728,9.5123,167.3239,0.0000,0.0000,0.0000,-15.2973,100.1905,145.5961,29.3695,13.2521,111.5510,0.025556,0.030005,150.0005,0.000000,0.000000,0.0000,0.085005,0.030005,150.0005,-0.007811,0.027549,111.5510,0.20455,0.10071,0.91031,0.76873,-0.56810,-0.25351,-0.26935,0.44185,0.77635,0.93673,-0.35788,-0.02275,-1.11944,1.35459,-0.23908,-0.92378,3.39424,3.03107,-4.93743,-4.11544,0.60730,1.17851,-2.67936,4.55158,-2.84316,-4.95197,2.51960,-2.58980,15.05816,-11.78815,1.81310,3.26770,88.000,88.000,88.000,139.000,35.000,35.000,88.000,88.000,88.000,139.000,35.000,35.000,25.000,25.000,25.000,25.000
0.4200,0.03053,-0.00642,0.73607,0.77053,0.01129,-0.07054,-0.63339,0.04016,0.00348,0.68075,0.68452,0.13741,0.00007,2,0.03588,0.13741,0.071324,-0.07083,-66.9929,-0.0368,-9.1169,3.8621,13.2381,41.4496,31.3440,1,0.08500,0.03000,0.0000,0.2727,0.000000,0.000000,-49.7573,40.8033,163.1142,0.0000,0.0000,0.0000,-29.1622,83.7909,147.1859,14.8230,9.9579,109.1363,-0.026585,0.030005,150.0006,0.000000,0.000000,0.0000,0.085006,0.030006,150.0006,0.005860,0.027919,109.1363,0.17644,0.08763,0.86893,0.78110,-0.56277,-0.24703,-0.27827,0.42544,0.75348,0.94407,-0.36655,-0.01653,-1.11945,1.33209,-0.23637,-0.89391,3.49349,2.49264,-4.11758,-3.68896,0.59781,1.15045,-3.21164,4.08625,-2.41568,-5.14193,2.93968,-2.36823,13.25442,-11.32102,1.73001,2.83828,88.000,88.000,88.000,139.000,35.000,35.000,88.000,88.000,88.000,139.000,35.000,35.000,25.000,25.000,25.000,25.000
0.4250,0.03143,-0.00561,0.73493,0.77772,0.01159,-0.07210,-0.62435,0.04075,0.00346,0.68001,0.68452,0.14049,0.00007,2,0.03579,0.14049,0.070614,-0.19199,-53.9241,-0.0367,-9.7490,4.1554,16.0839,48.4355,24.8237,1,0.08500,0.03000,0.0000,0.1452,0.000000,0.000000,-33.6272,70.1740,158.1284,0.0000,0.0000,0.0000,-44.1114,68.9776,148.6265,4.0228,7.9647,102.4531,-0.079324,0.031865,150.2155,0.000000,0.000000,0.0000,0.086927,0.031936,150.2168,0.016563,0.028205,102.4531,0.15056,0.07590,0.83166,0.79172,-0.55762,-0.24071,-0.28638,0.40995,0.73015,0.95182,-0.37558,-0.01109,-1.11636,1.30929,-0.23373,-0.86472,3.56461,2.06484,-3.35879,-3.16171,0.59560,1.12004,-3.56197,3.75982,-1.90498,-5.37778,3.26453,-2.07238,11.81632,-10.91013,1.63739,2.40630,88.000,88.000,88.000,139.000,35.000,35.000,88.000,88.000,88.000,139.000,35.000,35.000,25.000,25.000,25.000,25.000
0.4300,0.03218,-0.00481,0.73364,0.78535,0.01152,-0.07355,-0.61455,0.04134,0.00345,0.67910,0.68452,0.14328,0.00007,2,0.03573,0.14328,0.069338,-0.29857,-40.2855,-0.0360,-10.3305,4.3356,18.9577,54.1867,19.3640,1,0.08500,0.03000,0.0000,0.1037,0.000000,0.000000,-18.9914,93.9976,152.4835,0.0000,0.0000,0.0000,-47.6842,58.9696,148.9856,-2.0075,5.9298,100.5872,-0.085008,0.030008,150.0009,0.000000,0.000000,0.0000,0.085008,0.030008,150.0009,0.021976,0.028338,100.5872,0.12686,0.06546,0.79856,0.80065,-0.55266,-0.23455,-0.29391,0.39526,0.70651,0.96004,-0.38474,-0.00600,-1.11087,1.28626,-0.23118,-0.83688,3.60855,1.67462,-2.66909,-2.61286,0.59673,1.08869,-3.80049,3.52208,-1.38384,-5.62447,3.50669,-1.91668,10.66572,-10.53531,1.56363,1.98378,88.000,88.000,88.000,139.000,35.000,35.000,88.000,88.000,88.000,139.000,35.000,35.000,25.000,25.000,25.000,25.000
0.4350,0.03280,-0.00401,0.73220,0.79333,0.01110,-0.07490,-0.60406,0.04193,0.00345,0.67801,0.68452,0.14582,0.00007,2,0.03568,0.14582,0.067571,-0.39037,-31.0295,-0.0347,-10.0473,2.4262,21.8103,59.1417,14.4809,1,0.08500,0.03000,0.0000,0.1129,0.000000,0.000000,-20.7247,87.3841,153.7813,0.0000,0.0000,0.0000,-49.3574,6.0110,150.6922,-5.0429,4.7154,101.8968,-0.085008,0.030008,150.0009,0.000000,0.000000,0.0000,0.085008,0.030008,150.0009,0.023627,0.028362,101.8968,0.10507,0.05626,0.76923,0.80810,-0.54788,-0.22854,-0.30095,0.38129,0.68270,0.96860,-0.39289,-0.00130,-1.10351,1.26306,-0.22880,-0.81089,2.77794,1.27998,-2.04973,-2.09150,0.59734,1.05740,-3.97782,3.28904,-0.94739,-5.91614,3.65920,-1.91422,9.74067,-10.17935,1.51167,1.58032,88.000,88.000,88.000,139.000,35.000,35.000,88.000,88.000,88.000,139.000,35.000,35.000,25.000,25.000,25.000,25.000
0.4400,0.03328,-0.00322,0.73060,0.80164,0.01036,-0.07612,-0.59285,0.04251,0.00344,0.67675,0.68452,0.14813,0.00007,2,0.03559,0.14813,0.065380,-0.46979,-21.3787,-0.0329,-10.2042,0.9689,25.0371,63.5335,9.8223,1,0.08500,0.03000,0.0000,0.1324,0.000000,0.000000,-21.9169,83.6100,154.4709,0.0000,0.0000,0.0000,-48.8079,-30.9379,151.5172,-7.6756,3.8310,107.9814,-0.085007,0.030007,150.0008,0.000000,0.000000,0.0000,0.085007,0.030007,150.0008,0.023604,0.028336,107.9814,0.08483,0.04822,0.74306,0.81435,-0.54326,-0.22267,-0.30731,0.36802,0.65925,0.97724,-0.40077,0.00285,-1.09458,1.23942,-0.22670,-0.78705,2.06977,0.90214,-1.49424,-1.67021,0.59300,1.02262,-4.15087,3.09599,-0.55278,-6.03245,2.83195,-1.70796,8.97018,-9.83368,1.49711,1.20315,88.000,88.000,88.000,139.000,35.000,35.000,88.000,88.000,88.000,139.000,35.000,35.000,25.000,25.000,25.000,25.000
0.4450,0.03364,-0.00244,0.72884,0.81029,0.00930,-0.07721,-0.58085,0.04309,0.00345,0.67531,0.68452,0.15021,0.00007,2,0.03543,0.15021,0.062871,-0.48837,-11.4445,-0.0306,-10.2429,-0.1894,28.4673,68.0292,4.8605,1,0.08500,0.03000,0.0000,0.6349,0.000000,0.000000,-21.2524,84.6806,153.8706,0.0000,0.0000,0.0000,-43.8881,-60.5754,151.8458,-20.5876,10.5141,60.6817,-0.085007,0.030007,150.0007,0.000000,0.000000,0.0000,0.085007,0.030007,150.0008,0.085003,0.030118,60.6817,0.06592,0.04139,0.71962,0.81990,-0.53958,-0.21648,-0.31272,0.35549,0.63687,0.98583,-0.41037,0.00682,-1.08423,1.21511,-0.22499,-0.76509,1.48346,0.51814,-0.99228,-1.36243,0.58568,0.98788,-4.54554,2.84482,-0.64655,-6.10733,3.80269,-1.49123,8.26577,-9.30224,1.54735,1.67584,88.000,88.000,88.000,139.000,35.000,35.000,88.000,88.000,88.000,139.000,35.000,35.000,25.000,25.000,25.000,25.000
0.4500,0.03389,-0.00169,0.72696,0.81889,0.00799,-0.07824,-0.56854,0.04366,0.00346,0.67369,0.68452,0.15206,0.00007,2,0.03537,0.15206,0.060940,-0.32637,-5.8828,-0.0281,-9.9665,-0.7742,31.3854,71.5023,0.5787,1,0.08500,0.03000,1.1667,0.1092,0.092535,0.051185,-14.3335,98.8220,149.4163,0.0000,83.0638,118.6625,-43.0104,-67.7885,151.6626,-7.0867,2.5051,114.7151,-0.062085,0.030003,150.0003,0.085877,0.031145,118.6625,0.085003,0.030003,150.0003,0.018962,0.028158,114.7151,0.04933,0.03682,0.69994,0.82912,-0.54817,-0.20408,-0.31808,0.34354,0.61410,0.99539,-0.41980,0.01185,-1.07253,1.19023,-0.22371,-0.74423,0.82376,0.00480,-1.76575,-1.59985,2.19471,0.04046,-4.64435,2.65292,-0.35168,-6.42583,4.19568,-1.97019,7.55626,-8.71345,1.63892,1.98497,88.000,88.000,88.000,139.000,35.000,35.000,88.000,88.000,88.000,139.000,35.000,35.000,25.000,25.000,25.000,25.000
0.4550,0.03405,-0.00102,0.72499,0.82754,0.00644,-0.07927,-0.55575,0.04422,0.00352,0.67197,0.68452,0.15385,0.00007,2,0.03525,0.15385,0.059759,-0.18319,-15.7117,-0.0261,-9.8157,-2.1002,33.0307,75.1511,-1.9483,1,0.08500,0.03000,1.1667,0.5688,0.093022,0.044725,-18.7803,95.1599,149.8976,0.0000,75.7373,108.1961,-45.1639,-75.1688,151.3685,-20.5536,12.4126,70.3540,0.052501,0.030006,150.0007,0.085766,0.031075,108.1961,0.085006,0.030006,150.0007,0.085005,0.030075,70.3540,0.03496,0.03437,0.68231,0.84270,-0.56403,-0.18907,-0.32215,0.33232,0.59274,1.00464,-0.43034,0.01590,-1.05969,1.16499,-0.22283,-0.72409,-0.20463,-0.94876,-2.76029,-3.68753,7.84454,-2.82312,-4.78239,2.44061,-0.04879,-6.78606,4.37846,-2.13822,6.89787,-8.23699,1.75393,2.02233,88.000,88.000,88.000,139.000,35.000,35.000,88.000,88.000,88.000,139.000,35.000,35.000,25.000,25.000,25.000,25.000
0.4600,0.03414,-0.00038,0.72295,0.83613,0.00474,-0.08031,-0.54260,0.04477,0.00366,0.67016,0.68452,0.15571,0.00007,2,0.03519,0.15571,0.059102,-0.10663,-25.2359,-0.0249,-9.3805,-3.7178,34.8056,79.3362,-3.8108,1,0.08500,0.03000,1.1667,0.0790,0.093417,0.039813,-15.3557,82.8036,149.2578,0.0000,88.2178,126.0255,-32.7568,-82.8877,151.0426,-4.0304,4.5752,128.5949,0.085006,0.030005,150.0006,0.085748,0.031131,126.0255,0.085005,0.030005,150.0006,0.016378,0.028040,128.5949,0.02245,0.03322,0.66569,0.85903,-0.58060,-0.17469,-0.32587,0.32125,0.57138,1.01434,-0.44072,0.02066,-1.04571,1.13946,-0.22217,-0.70457,-1.08458,-1.67322,-2.97846,-5.50001,9.45376,-3.16481,-5.31048,2.21742,-0.31417,-6.73548,4.97520,-1.82616,6.28969,-7.90456,1.83504,1.98277,88.000,88.000,88.000,139.000,35.000,35.000,88.000,88.000,88.000,139.000,35.000,35.000,25.000,25.000,25.000,25.000
0.4650,0.03419,0.00024,0.72083,0.84478,0.00291,-0.08133,-0.52888,0.04531,0.00387,0.66829,0.68452,0.15767,0.00007,2,0.03509,0.15767,0.058291,-0.15511,-30.2712,-0.0243,-9.1307,-5.1708,36.4350,81.9616,-4.6704,1,0.08500,0.03000,0.0000,0.5228,0.000000,0.000000,4.3735,57.3068,146.8479,0.0000,0.0000,0.0000,-27.9199,-86.2039,150.6646,-19.4389,14.1313,76.6209,0.085005,0.030005,150.0005,0.000000,0.000000,0.0000,0.085005,0.030005,150.0005,0.085002,0.030037,76.6209,0.01087,0.03216,0.64853,0.87453,-0.58919,-0.16491,-0.32896,0.31028,0.55052,1.02396,-0.45167,0.02523,-1.03071,1.11372,-0.22164,-0.68581,-1.77299,-2.05850,-2.85679,-6.51486,9.48143,-2.93277,-5.44294,2.23089,0.00021,-6.96565,5.07777,-2.19655,5.64897,-7.56363,1.85622,1.93678,88.000,88.000,88.000,139.000,35.000,35.000,88.000,88.000,88.000,139.000,35.000,35.000,25.000,25.000,25.000,25.000
0.4700,0.03419,0.00086,0.71862,0.85334,0.00099,-0.08233,-0.51481,0.04584,0.00413,0.66630,0.68452,0.15965,0.00007,2,0.03499,0.15965,0.057546,-0.14854,-25.0582,-0.0234,-8.7905,-6.2438,38.8277,84.2298,-6.1111,1,0.08500,0.03000,1.0131,0.5404,0.093042,0.033466,20.7460,49.7285,143.5243,12.3143,73.4251,122.4849,-23.2135,-89.2180,150.3368,-19.3711,16.1412,77.7587,0.085005,0.030005,150.0005,0.085713,0.031181,122.4849,0.085005,0.030005,150.0005,0.085000,0.030019,77.7587,0.00054,0.03161,0.63154,0.89046,-0.59954,-0.15408,-0.33173,0.29940,0.52987,1.03368,-0.46147,0.02939,-1.01486,1.08796,-0.22123,-0.66768,-2.13843,-2.02515,-2.30644,-6.21791,6.62599,-1.45614,-5.59619,2.23975,0.23082,-7.13080,5.38516,-2.23183,5.06085,-7.21565,1.85434,1.96419,88.000,88.000,88.000,139.000,35.000,35.000,88.000,88.000,88.000,139.000,35.000,35.000,25.000,25.000,25.000,25.000
0.4750,0.03417,0.00147,0.71633,0.86176,-0.00099,-0.08333,-0.50042,0.04637,0.00445,0.66422,0.68452,0.16169,0.00007,2,0.03490,0.16169,0.056759,-0.16553,-24.3551,-0.0226,-8.5887,-7.4886,41.1013,86.1848,-6.9374,1,0.08500,0.03000,1.0352,0.6262,0.092696,0.031429,37.1537,35.4408,141.5733,8.0321,58.3642,94.8519,-25.0659,-88.5056,150.0371,-20.2103,26.5273,88.7542,0.085005,0.030005,150.0005,0.085683,0.031162,94.8519,0.085005,0.030005,150.0005,0.085005,0.004960,88.7542,-0.00875,0.03144,0.61463,0.90637,-0.61160,-0.14293,-0.33414,0.28862,0.50941,1.04367,-0.47141,0.03081,-0.99832,1.06238,-0.22090,-0.65014,-2.63110,-2.21303,-2.07839,-6.57747,7.72506,-2.25189,-5.77216,2.21606,0.39713,-7.09964,4.54146,-1.56957,4.54203,-6.86374,1.86467,1.94866,88.000,88.000,88.000,139.000,35.000,35.000,88.000,88.000,88.000,139.000,35.000,35.000,25.000,25.000,25.000,25.000
0.4800,0.03412,0.00209,0.71396,0.86996,-0.00299,-0.08431,-0.48586,0.04690,0.00482,0.66203,0.68452,0.16377,0.00007,2,0.03494,0.16377,0.055854,-0.19082,-21.7015,-0.0218,-8.6055,-8.7851,42.9818,86.9969,-7.0693,1,0.08500,0.03000,0.9541,0.2410,0.092482,0.030065,50.0229,22.0563,140.7214,13.8047,54.2760,97.8312,-31.0707,-85.2099,150.0049,-3.5240,18.9045,132.9612,0.085005,0.030005,150.0005,0.085655,0.031151,97.8312,0.085005,0.030005,150.0005,0.023534,0.010435,132.9612,-0.01720,0.03154,0.59782,0.92182,-0.62448,-0.13232,-0.33664,0.27786,0.48875,1.05475,-0.48277,0.03114,-0.98113,1.03717,-0.22057,-0.63313,-3.04517,-2.34778,-1.85709,-6.67778,8.41637,-2.25842,-5.66060,2.27673,0.99335,-7.76849,5.39560,-0.85091,4.03018,-6.51121,1.83953,1.90491,88.000,88.000,88.000,139.000,35.000,35.000,88.000,88.000,88.000,139.000,35.000,35.000,25.000,25.000,25.000,25.000
0.4850,0.03405,0.00274,0.71151,0.87797,-0.00502,-0.08526,-0.47104,0.04744,0.00525,0.65976,0.68452,0.16590,0.00007,2,0.03499,0.16590,0.054834,-0.21216,-18.1961,-0.0209,-8.4454,-10.0351,45.1258,88.3364,-7.4833,1,0.08500,0.03000,0.7085,0.6034,0.092416,0.029235,62.1431,10.7727,140.0804,9.4737,43.1847,103.9958,-31.9313,-84.5047,150.0769,-19.9645,24.7740,87.8790,0.085005,0.030005,150.0006,0.085623,0.031137,103.9958,0.085005,0.030005,150.0006,0.085012,-0.004668,87.8790,-0.02514,0.03179,0.58095,0.93694,-0.63795,-0.12242,-0.33869,0.26737,0.46901,1.06607,-0.49559,0.03080,-0.96348,1.01250,-0.22022,-0.61665,-3.33846,-2.45054,-1.50035,-6.74186,8.87691,-2.16003,-5.90538,2.15582,0.87368,-7.94612,6.37662,-0.30894,3.59006,-6.16130,1.81042,1.86326,88.000,88.000,88.000,139.000,35.000,35.000,88.000,88.000,88.000,139.000,35.000,35.000,25.000,25.000,25.000,25.000
0.4900,0.03396,0.00341,0.70898,0.88574,-0.00706,-0.08618,-0.45605,0.04796,0.00573,0.65739,0.68452,0.16804,0.00007,2,0.03508,0.16804,0.053714,-0.23116,-14.8249,-0.0199,-8.3609,-11.0281,47.1565,88.8292,-7.6725,1,0.08500,0.03000,0.5383,0.5549,0.092432,0.028789,75.0121,2.9304,139.1080,6.6377,34.2305,107.9588,-35.2670,-82.4479,150.2560,-18.6115,25.1001,93.8612,0.085005,0.030005,150.0006,0.085584,0.031119,107.9588,0.085005,0.030005,150.0006,0.085009,-0.007416,93.8612,-0.03275,0.03204,0.56421,0.95174,-0.65195,-0.11316,-0.34060,0.25703,0.44980,1.07781,-0.50892,0.03077,-0.94527,0.98835,-0.21962,-0.60067,-3.52630,-2.48230,-1.24828,-6.81411,9.29041,-2.02222,-5.91171,2.13434,1.04531,-8.35452,6.84939,-0.42347,3.16159,-6.03833,1.75407,1.82263,88.000,88.000,88.000,139.000,35.000,35.000,88.000,88.000,88.000,139.000,35.000,35.000,25.000,25.000,25.000,25.000
0.4950,0.03384,0.00412,0.70637,0.89330,-0.00911,-0.08705,-0.44087,0.04848,0.00625,0.65495,0.68452,0.17016,0.00007,2,0.03513,0.17016,0.052504,-0.24877,-11.4839,-0.0187,-8.2890,-11.8707,49.2015,89.0945,-7.8587,1,0.08500,0.03000,0.4039,0.4038,0.092480,0.028598,88.2557,-2.8598,138.1360,4.9550,26.6032,111.6772,-35.3134,-82.0697,150.4226,-17.3359,11.9944,87.0016,0.085006,0.030005,150.0006,0.085540,0.031097,111.6772,0.085006,0.030006,150.0006,0.085006,0.030023,87.0016,-0.04018,0.03227,0.54764,0.96631,-0.66652,-0.10438,-0.34225,0.24700,0.43166,1.08935,-0.52159,0.03416,-0.92649,0.96466,-0.21871,-0.58515,-3.64053,-2.47392,-1.05128,-6.89617,9.71247,-1.92698,-5.89367,2.11570,1.17792,-8.64143,6.99025,-1.02110,2.66898,-5.88896,1.57865,1.77300,88.000,88.000,88.000,139.000,35.000,35.000,88.000,88.000,88.000,139.000,35.000,35.000,25.000,25.000,25.000,25.000
0.5000,0.03371,0.00484,0.70368,0.90064,-0.01120,-0.08788,-0.42543,0.04900,0.00680,0.65241,0.68452,0.17226,0.00007,2,0.03508,0.17226,0.051211,-0.26480,-8.1106,-0.0175,-8.0535,-12.6226,51.5417,90.2704,-8.5101,1,0.08500,0.03000,0.3199,0.4587,0.092534,0.028567,102.2228,-5.7425,136.9853,4.3187,21.7024,115.2832,-34.8077,-82.4478,150.3234,-18.9728,16.2282,90.7051,0.085006,0.030006,150.0006,0.085492,0.031074,115.2832,0.085006,0.030006,150.0007,0.085004,0.030018,90.7051,-0.04756,0.03249,0.53121,0.98075,-0.68167,-0.09588,-0.34327,0.23755,0.41498,1.10035,-0.53439,0.03872,-0.90728,0.94145,-0.21755,-0.57010,-3.69340,-2.48113,-0.78503,-7.04336,10.16405,-1.90433,-6.18410,1.87348,0.72353,-8.43305,7.08377,-2.33277,2.21061,-5.73978,1.43101,1.72435,88.000,88.000,88.000,139.000,35.000,35.000,88.000,88.000,88.000,139.000,35.000,35.000,25.000,25.000,25.000,25.000
0.5050,0.03356,0.00560,0.70091,0.90773,-0.01328,-0.08866,-0.40987,0.04950,0.00737,0.64979,0.68452,0.17434,0.00007,2,0.03496,0.17434,0.049843,-0.27870,-4.7328,-0.0162,-7.8437,-13.4018,53.8140,91.2436,-9.1128,1,0.08500,0.03000,0.2702,0.4938,0.092582,0.028638,111.0602,0.7927,135.5549,4.3760,18.8036,119.0639,-33.2784,-83.3806,150.1632,-18.9072,20.5300,94.2084,0.085003,0.030003,150.0003,0.085441,0.031050,119.0639,0.085003,0.030003,150.0003,0.085001,0.030009,94.2084,-0.05490,0.03261,0.51520,0.99503,-0.69740,-0.08754,-0.34420,0.22820,0.39868,1.11113,-0.54455,0.04183,-0.88768,0.91872,-0.21618,-0.55547,-3.71194,-2.48687,-0.58353,-7.20554,10.62567,-1.94660,-6.38972,1.65395,0.50281,-8.40351,7.41749,-2.40870,1.79246,-5.60400,1.30245,1.67655,88.000,88.000,88.000,139.000,35.000,35.000,88.000,88.000,88.000,139.000,35.000,35.000,25.000,25.000,25.000,25.000
0.5100,0.03340,0.00641,0.69805,0.91449,-0.01533,-0.08941,-0.39432,0.05000,0.00798,0.64708,0.68452,0.17638,0.00007,2,0.03495,0.17638,0.048412,-0.29039,-1.4092,-0.0148,-7.9085,-14.1152,55.8928,90.8227,-8.8194,1,0.08500,0.03000,0.2374,0.5858,0.092618,0.028773,114.2658,15.8722,133.7947,4.7347,16.8270,122.7114,-33.7036,-83.1888,150.1483,-19.8624,31.3046,105.4827,0.085003,0.030003,150.0003,0.085388,0.031027,122.7114,0.085003,0.030003,150.0003,0.085010,0.005633,105.4827,-0.06219,0.03258,0.49984,1.00910,-0.71366,-0.07935,-0.34537,0.21880,0.38223,1.12285,-0.55601,0.04296,-0.86777,0.89649,-0.21461,-0.54126,-3.73652,-2.43259,-0.56062,-7.31471,11.07751,-2.01828,-6.23092,1.75006,0.95843,-8.69004,6.40751,-1.45019,1.37139,-5.48332,1.17146,1.62136,88.000,88.000,88.000,139.000,35.000,35.000,88.000,88.000,88.000,139.000,35.000,35.000,25.000,25.000,25.000,25.000
0.5150,0.03323,0.00726,0.69511,0.92091,-0.01734,-0.09012,-0.37882,0.05049,0.00862,0.64429,0.68452,0.17838,0.00007,2,0.03503,0.17838,0.046930,-0.30002,1.8363,-0.0134,-7.9467,-14.8728,57.7854,90.3691,-8.3334,1,0.08500,0.03000,0.2149,0.5890,0.092641,0.028949,116.5668,30.1016,132.4008,5.2652,15.3955,126.1776,-32.9581,-83.1867,150.3140,-20.9093,27.1028,96.8662,0.085007,0.030007,150.0008,0.085332,0.031004,126.1776,0.085008,0.030008,150.0009,0.085015,0.002757,96.8662,-0.06943,0.03242,0.48515,1.02299,-0.73041,-0.07128,-0.34663,0.20950,0.36607,1.13534,-0.56893,0.04343,-0.84766,0.87474,-0.21287,-0.52744,-3.76557,-2.38510,-0.57787,-7.42617,11.52583,-2.08506,-6.09802,1.78154,1.28562,-9.28963,7.27060,-1.14860,0.99332,-5.36996,1.05347,1.56489,88.000,88.000,88.000,139.000,35.000,35.000,88.000,88.000,88.000,139.000,35.000,35.000,25.000,25.000,25.000,25.000
0.5200,0.03306,0.00815,0.69210,0.92701,-0.01934,-0.09080,-0.36337,0.05098,0.00929,0.64145,0.68452,0.18034,0.00007,2,0.03511,0.18034,0.045405,-0.30776,4.9979,-0.0119,-7.8841,-15.6387,59.8476,90.5208,-8.1102,1,0.08500,0.03000,0.2009,0.5548,0.092652,0.029148,118.3005,44.3707,131.1412,5.7210,14.5245,129.5101,-31.9121,-83.1713,150.5478,-21.9108,26.6000,103.5321,0.085004,0.030003,150.0004,0.085275,0.030982,129.5101,0.085004,0.030004,150.0004,0.085016,0.001970,103.5321,-0.07668,0.03217,0.47102,1.03680,-0.74761,-0.06328,-0.34765,0.20059,0.35089,1.14793,-0.58305,0.04353,-0.82747,0.85349,-0.21101,-0.51402,-3.77233,-2.36569,-0.53988,-7.58019,11.96815,-2.16418,-6.22017,1.60988,1.11755,-9.44907,8.19160,-0.67383,0.67594,-5.26057,0.95408,1.51484,88.000,88.000,88.000,139.000,35.000,35.000,88.000,88.000,88.000,139.000,35.000,35.000,25.000,25.000,25.000,25.000
0.5250,0.03287,0.00907,0.68901,0.93278,-0.02133,-0.09143,-0.34800,0.05145,0.00999,0.63853,0.68452,0.18226,0.00007,2,0.03517,0.18226,0.043846,-0.31397,8.0732,-0.0103,-7.8662,-16.3663,61.8383,90.5331,-7.9257,1,0.08500,0.03000,0.1946,0.3996,0.092652,0.029361,119.2430,57.9407,130.1565,6.2540,14.1882,132.7974,-31.3370,-82.8667,150.8415,-19.1429,14.4357,100.0008,0.085004,0.030004,150.0004,0.085217,0.030962,132.7974,0.085004,0.030004,150.0004,0.085012,0.030045,100.0008,-0.08399,0.03185,0.45745,1.05056,-0.76522,-0.05534,-0.34867,0.19205,0.33663,1.16055,-0.59643,0.04744,-0.80729,0.83272,-0.20904,-0.50100,-3.75640,-2.35071,-0.51376,-7.75028,12.39553,-2.26263,-6.27860,1.44428,0.96384,-9.59935,8.64363,-1.04006,0.38726,-5.15529,0.86095,1.46984,88.000,88.000,88.000,139.000,35.000,35.000,88.000,88.000,88.000,139.000,35.000,35.000,25.000,25.000,25.000,25.000
0.5300,0.03266,0.01002,0.68584,0.93825,-0.02334,-0.09202,-0.33267,0.05192,0.01071,0.63555,0.68452,0.18413,0.00007,2,0.03519,0.18413,0.042259,-0.31894,11.0791,-0.0088,-7.9616,-16.9697,63.7336,90.5492,-7.7650,1,0.08500,0.03000,0.1932,0.4221,0.092642,0.029582,119.4108,70.7181,129.4383,6.7057,14.2545,135.8932,-31.9804,-82.7001,150.8306,-19.8828,17.2231,103.8661,0.085004,0.030004,150.0004,0.085158,0.030943,135.8932,0.085004,0.030004,150.0004,0.085012,0.030044,103.8661,-0.09137,0.03150,0.44434,1.06436,-0.78321,-0.04743,-0.34948,0.18411,0.32344,1.17301,-0.60972,0.05258,-0.78724,0.81242,-0.20701,-0.48836,-3.72886,-2.34909,-0.49635,-7.93679,12.81512,-2.36102,-6.23273,1.28174,0.83839,-9.74940,8.39514,-2.89142,0.13589,-5.05508,0.77854,1.42615,88.000,88.000,88.000,139.000,35.000,35.000,88.000,88.000,88.000,139.000,35.000,35.000,25.000,25.000,25.000,25.000
0.5350,0.03245,0.01100,0.68261,0.94342,-0.02535,-0.09257,-0.31741,0.05237,0.01145,0.63250,0.68452,0.18597,0.00007,2,0.03519,0.18597,0.040651,-0.32261,14.0269,-0.0072,-7.9829,-17.6998,65.7137,91.0052,-7.7342,1,0.08500,0.03000,0.1941,0.4825,0.092622,0.029809,118.9632,83.1149,128.8765,7.0837,14.5473,138.9063,-37.4961,-81.1385,150.7444,-20.5579,22.7291,105.8661,0.085004,0.030004,150.0005,0.085099,0.030926,138.9063,0.085004,0.030004,150.0005,0.085011,0.030039,105.8661,-0.09886,0.03111,0.43168,1.07821,-0.80153,-0.03956,-0.35008,0.17674,0.31116,1.18539,-0.62322,0.05750,-0.76738,0.79259,-0.20491,-0.47609,-3.68902,-2.36520,-0.43600,-8.15421,13.23013,-2.46434,-6.32236,1.00387,0.66214,-9.83227,8.73814,-2.77033,-0.06287,-4.95914,0.70825,1.38430,88.000,88.000,88.000,139.000,35.000,35.000,88.000,88.000,88.000,139.000,35.000,35.000,25.000,25.000,25.000,25.000
0.5400,0.03222,0.01200,0.67930,0.94828,-0.02737,-0.09307,-0.30225,0.05282,0.01223,0.62939,0.68452,0.18776,0.00007,2,0.03516,0.18776,0.039028,-0.32511,16.9019,-0.0056,-8.0260,-18.4116,67.6450,91.2026,-7.6221,1,0.08500,0.03000,0.1988,0.4644,0.092595,0.030040,116.9465,91.2198,129.2393,7.3935,15.2083,141.7661,1.2785,-93.4455,150.5999,-21.2613,21.3303,108.0746,0.085003,0.030003,150.0003,0.085038,0.030910,141.7661,0.085003,0.030003,150.0003,0.085009,0.030036,108.0746,-0.10645,0.03065,0.41950,1.09212,-0.82014,-0.03170,-0.35059,0.16985,0.29967,1.19781,-0.63680,0.06237,-0.74775,0.77321,-0.20275,-0.46418,-3.63890,-2.37129,-0.39348,-8.37146,13.62770,-2.57554,-6.35680,0.77306,0.53275,-9.96136,8.99115,-2.82236,-0.24480,-4.86445,0.63448,1.34440,88.000,88.000,88.000,139.000,35.000,35.000,88.000,88.000,88.000,139.000,35.000,35.000,25.000,25.000,25.000,25.000
0.5450,0.03198,0.01307,0.67593,0.95282,-0.02932,-0.09353,-0.28726,0.05326,0.01303,0.62622,0.68452,0.18952,0.00007,2,0.03514,0.18952,0.037904,-0.16757,19.7048,-0.0039,-8.0921,-19.1181,69.5331,91.2108,-7.4324,1,0.08500,0.03000,0.5549,0.4734,0.019734,0.044855,113.6775,94.0042,130.9044,86.6503,8.1803,261.4354,-91.8524,5.5988,150.2775,-21.5620,22.5744,109.9089,0.086594,0.033147,150.2481,0.010737,0.028717,261.4354,0.085131,0.030113,150.0119,0.085007,0.030033,109.9089,-0.11589,0.02913,0.40533,1.10921,-0.83624,-0.02128,-0.35114,0.16317,0.28889,1.21034,-0.65042,0.06726,-0.72827,0.75432,-0.20046,-0.45258,-3.58321,-2.37139,-0.36619,-8.58834,14.01017,-2.68117,-6.35462,0.57259,0.44309,-10.12390,9.21811,-2.87657,-0.40662,-4.77243,0.55933,1.30545,88.000,88.000,88.000,139.000,35.000,35.000,88.000,88.000,88.000,139.000,35.000,35.000,25.000,25.000,25.000,25.000
0.5500,0.03177,0.01420,0.67250,0.95697,-0.03113,-0.09403,-0.27278,0.05372,0.01385,0.62304,0.68452,0.19117,0.00007,2,0.03512,0.19117,0.037406,-0.06173,8.9050,-0.0028,-9.1219,-19.7608,70.1386,89.5747,-6.3397,1,0.08500,0.03000,0.5431,0.4649,0.029003,0.042162,110.7176,95.5466,132.2726,74.1397,11.2158,230.0898,-93.2822,-0.8604,150.2638,-22.1179,21.9175,111.6313,0.086484,0.033053,150.2324,0.020490,0.028932,230.0898,0.085124,0.030113,150.0109,0.085005,0.030031,111.6313,-0.12728,0.02632,0.38899,1.13005,-0.84916,-0.01009,-0.35176,0.15681,0.27918,1.22315,-0.66399,0.07209,-0.70891,0.73590,-0.19802,-0.44119,-2.41494,-1.70351,1.26845,-10.80806,12.57731,-4.36825,-6.28329,0.51058,0.34446,-10.33768,9.42656,-2.96861,-0.62627,-4.70454,0.44677,1.23394,88.000,88.000,88.000,139.000,35.000,35.000,88.000,88.000,88.000,139.000,35.000,35.000,25.000,25.000,25.000,25.000
0.5550,0.03158,0.01540,0.66903,0.96064,-0.03279,-0.09460,-0.25911,0.05422,0.01470,0.61987,0.68452,0.19277,0.00007,2,0.03517,0.19277,0.037292,-0.00101,1.2389,-0.0023,-10.2940,-20.3598,70.8700,87.1973,-3.3847,1,0.08500,0.03000,0.5396,0.1324,0.027975,0.041920,108.5518,96.0572,133.1511,67.7252,17.3167,215.9317,-92.9751,-7.6751,150.2518,4.0581,12.3669,163.8328,0.085317,0.030683,150.0502,0.019741,0.028871,215.9317,0.085027,0.030026,150.0023,0.033778,0.028524,163.8328,-0.13945,0.02261,0.37215,1.15286,-0.86003,-0.00007,-0.35269,0.15068,0.27036,1.23670,-0.67700,0.07720,-0.68967,0.71795,-0.19542,-0.42999,-1.81230,-1.28248,2.10931,-12.31202,11.74660,-4.14576,-6.23493,0.30516,0.01579,-10.61409,9.60263,-2.99883,-0.82848,-4.63329,0.33614,1.12990,88.000,88.000,88.000,139.000,35.000,35.000,88.000,88.000,88.000,139.000,35.000,35.000,25.000,25.000,25.000,25.000
0.5600,0.03144,0.01665,0.66550,0.96388,-0.03430,-0.09529,-0.24631,0.05476,0.01558,0.61671,0.68452,0.19437,0.00007,2,0.03522,0.19437,0.037390,0.03107,-3.4342,-0.0022,-11.4491,-20.8474,71.7077,84.2911,0.5283,1,0.08500,0.03000,0.4742,0.4636,0.032111,0.041116,107.2611,96.1638,133.7773,53.7998,17.3145,198.6226,-70.4184,-75.1956,150.5792,-24.9685,19.7528,114.4487,0.085005,0.030005,150.0006,0.024151,0.028990,198.6226,0.085005,0.030005,150.0006,0.085005,0.030029,114.4487,-0.15170,0.01821,0.35565,1.17647,-0.86951,0.00884,-0.35359,0.14503,0.26284,1.25055,-0.69007,0.08187,-0.67065,0.70045,-0.19269,-0.41902,-1.59807,-0.93780,2.40686,-13.18046,11.20757,-3.80630,-6.08383,0.18396,-0.18136,-11.07024,9.58061,-3.15187,-1.02471,-4.56228,0.22005,1.03811,88.000,88.000,88.000,139.000,35.000,35.000,88.000,88.000,88.000,139.000,35.000,35.000,25.000,25.000,25.000,25.000
0.5650,0.03134,0.01794,0.66194,0.96674,-0.03568,-0.09608,-0.23434,0.05532,0.01649,0.61353,0.68452,0.19600,0.00007,2,0.03527,0.19600,0.037617,0.05785,-6.1526,-0.0023,-12.3528,-21.3212,72.8674,81.8715,4.4969,1,0.08500,0.03000,0.4244,0.4698,0.035285,0.040698,105.8268,92.4035,134.8246,44.5404,15.9924,185.8319,-78.6203,-74.3137,150.6218,-26.6199,18.6338,115.2729,0.085006,0.030005,150.0006,0.027490,0.029086,185.8319,0.085006,0.030006,150.0006,0.085007,0.030029,115.2729,-0.16368,0.01347,0.34036,1.20024,-0.87770,0.01777,-0.35442,0.13973,0.25640,1.26459,-0.70316,0.08628,-0.65185,0.68340,-0.18983,-0.40827,-1.60041,-0.66896,2.44872,-13.68892,10.88918,-3.54996,-6.08115,-0.03275,-0.53737,-11.34151,9.81786,-3.01792,-1.18217,-4.49163,0.11341,0.96910,88.000,88.000,88.000,139.000,35.000,35.000,88.000,88.000,88.000,139.000,35.000,35.000,25.000,25.000,25.000,25.000
0.5700,0.03127,0.01929,0.65838,0.96928,-0.03692,-0.09696,-0.22299,0.05589,0.01742,0.61035,0.68452,0.19767,0.00007,2,0.03531,0.19767,0.038001,0.08955,-8.6534,-0.0025,-13.0662,-21.7837,73.7535,79.5188,8.2284,1,0.08500,0.03000,0.2658,0.4588,0.082092,0.034048,105.0210,90.0407,135.4492,35.2847,15.1270,240.7273,-86.8406,-73.6317,150.6925,-27.2444,16.9928,116.6314,0.085006,0.030005,150.0006,0.074815,0.030516,240.7273,0.085006,0.030006,150.0006,0.085008,0.030032,116.6314,-0.17539,0.00896,0.32747,1.22400,-0.88386,0.02856,-0.35510,0.13444,0.25067,1.27862,-0.71618,0.09060,-0.63323,0.66688,-0.18686,-0.39767,-1.66660,-0.59875,1.96792,-14.02187,10.31007,-4.25890,-6.09376,-0.12788,-0.77673,-11.55061,9.99661,-3.04523,-1.35102,-4.45129,0.00792,0.87247,88.000,88.000,88.000,139.000,35.000,35.000,88.000,88.000,88.000,139.000,35.000,35.000,25.000,25.000,25.000,25.000
0.5750,0.03122,0.02069,0.65482,0.97157,-0.03805,-0.09792,-0.21216,0.05647,0.01837,0.60718,0.68452,0.19930,0.00007,2,0.03535,0.19930,0.038534,0.11936,-11.7997,-0.0029,-13.5783,-22.3434,74.3381,77.4765,11.5288,1,0.08500,0.03000,0.2370,0.4443,0.089855,0.033333,104.3985,87.1121,136.0951,25.8654,21.7219,237.5785,-96.0051,-72.9753,150.7806,-27.2918,15.5765,117.8779,0.085005,0.030005,150.0006,0.082605,0.030725,237.5785,0.085005,0.030005,150.0006,0.085009,0.030035,117.8779,-0.18679,0.00480,0.31683,1.24771,-0.88855,0.03977,-0.35563,0.12908,0.24546,1.29256,-0.72911,0.09481,-0.61485,0.65084,-0.18379,-0.38728,-1.74229,-0.69981,1.22689,-14.33850,9.66667,-4.95438,-6.13120,-0.13130,-0.90118,-11.69566,10.15955,-3.06783,-1.51510,-4.42253,-0.09622,0.77497,88.000,88.000,88.000,139.000,35.000,35.000,88.000,88.000,88.000,139.000,35.000,35.000,25.000,25.000,25.000,25.000
0.5800,0.03118,0.02213,0.65126,0.97364,-0.03910,-0.09894,-0.20178,0.05705,0.01936,0.60402,0.68452,0.20088,0.00007,2,0.03539,0.20088,0.039216,0.14889,-15.0327,-0.0034,-13.9473,-22.9872,74.9505,75.8743,14.3897,1,0.08500,0.03000,0.2401,0.4290,0.092286,0.033343,103.7444,82.7133,136.8217,20.8721,26.6709,235.0889,-103.0815,-72.8717,150.8789,-26.9474,14.4935,118.8621,0.085004,0.030004,150.0005,0.084976,0.030764,235.0889,0.085005,0.030005,150.0005,0.085010,0.030038,118.8621,-0.19794,0.00088,0.30790,1.27146,-0.89216,0.05065,-0.35602,0.12362,0.24062,1.30643,-0.74196,0.09893,-0.59679,0.63522,-0.18063,-0.37718,-1.82236,-0.81091,0.61074,-14.65936,9.23913,-5.07104,-6.17237,-0.11105,-0.96286,-11.82774,10.32059,-3.09072,-1.64618,-4.37566,-0.19414,0.71729,88.000,88.000,88.000,139.000,35.000,35.000,88.000,88.000,88.000,139.000,35.000,35.000,25.000,25.000,25.000,25.000
0.5850,0.03116,0.02361,0.64769,0.97550,-0.04006,-0.10001,-0.19179,0.05762,0.02037,0.60088,0.68452,0.20239,0.00007,2,0.03544,0.20239,0.040037,0.17588,-18.4788,-0.0041,-14.2430,-23.6675,75.6274,74.5427,16.9214,1,0.08500,0.03000,0.2436,0.4149,0.092418,0.033605,103.1828,77.4400,137.4780,17.2957,28.6132,228.7930,-102.0365,-74.1374,150.9722,-26.5042,13.6786,119.8027,0.085004,0.030004,150.0004,0.085012,0.030734,228.7930,0.085004,0.030004,150.0004,0.085011,0.030043,119.8027,-0.20890,-0.00292,0.30030,1.29527,-0.89489,0.06107,-0.35628,0.11807,0.23611,1.32023,-0.75472,0.10297,-0.57910,0.61998,-0.17742,-0.36740,-1.87266,-0.86039,0.18253,-15.01395,8.89803,-5.05567,-6.20625,-0.08211,-0.99274,-11.96548,10.48065,-3.11976,-1.74676,-4.31559,-0.28532,0.68710,88.000,88.000,88.000,139.000,35.000,35.000,88.000,88.000,88.000,139.000,35.000,35.000,25.000,25.000,25.000,25.000
0.5900,0.03115,0.02514,0.64410,0.97719,-0.04097,-0.10112,-0.18219,0.05819,0.02141,0.59776,0.68452,0.20382,0.00007,2,0.03549,0.20382,0.040983,0.19957,-21.9444,-0.0049,-14.4877,-24.3647,76.3714,73.3545,19.2426,1,0.08500,0.03000,0.2463,0.4027,0.092563,0.033819,102.7820,71.5710,138.0181,14.2047,29.5999,222.1914,-101.0236,-75.3016,151.0773,-26.0882,13.0480,120.7351,0.085004,0.030004,150.0005,0.085052,0.030708,222.1914,0.085004,0.030004,150.0005,0.085012,0.030048,120.7351,-0.21967,-0.00669,0.29375,1.31912,-0.89691,0.07100,-0.35646,0.11246,0.23192,1.33401,-0.76740,0.10695,-0.56183,0.60511,-0.17416,-0.35795,-1.91372,-0.86980,-0.13354,-15.36712,8.61949,-5.01699,-6.23074,-0.05629,-1.01426,-12.11329,10.63741,-3.15149,-1.82177,-4.24909,-0.36946,0.66797,88.000,88.000,88.000,139.000,35.000,35.000,88.000,88.000,88.000,139.000,35.000,35.000,25.000,25.000,25.000,25.000
0.5950,0.03115,0.02671,0.64050,0.97871,-0.04181,-0.10226,-0.17296,0.05874,0.02248,0.59464,0.68452,0.20516,0.00007,2,0.03554,0.20516,0.042038,0.21971,-25.3447,-0.0059,-14.6927,-25.0702,77.1790,72.2412,21.4113,1,0.08500,0.03000,0.2493,0.3920,0.092716,0.033999,102.5464,65.1081,138.4555,11.5618,30.1508,215.8615,-100.0396,-76.3708,151.1953,-25.7161,12.5387,121.6541,0.085004,0.030004,150.0004,0.085096,0.030686,215.8615,0.085004,0.030004,150.0004,0.085013,0.030053,121.6541,-0.23025,-0.01047,0.28809,1.34296,-0.89836,0.08045,-0.35658,0.10679,0.22803,1.34777,-0.77997,0.11086,-0.54501,0.59059,-0.17087,-0.34882,-1.95432,-0.85440,-0.38033,-15.70547,8.39066,-4.97089,-6.24513,-0.03712,-1.03691,-12.27194,10.79000,-3.18415,-1.87490,-4.17909,-0.44749,0.65283,88.000,88.000,88.000,139.000,35.000,35.000,88.000,88.000,88.000,139.000,35.000,35.000,25.000,25.000,25.000,25.000
0.6000,0.03115,0.02832,0.63688,0.98008,-0.04259,-0.10343,-0.16409,0.05929,0.02359,0.59152,0.68452,0.20639,0.00007,2,0.03561,0.20639,0.043182,0.23623,-28.6309,-0.0069,-14.8639,-25.7791,78.0476,71.1658,23.4563,1,0.08500,0.03000,0.2524,0.3825,0.092874,0.034154,102.4739,58.0586,138.8067,9.2572,30.3979,209.8155,-99.0834,-77.3514,151.3281,-25.3840,12.1166,122.5594,0.085008,0.030008,150.0009,0.085143,0.030667,209.8155,0.085009,0.030009,150.0009,0.085014,0.030059,122.5594,-0.24063,-0.01430,0.28320,1.36674,-0.89933,0.08941,-0.35666,0.10109,0.22445,1.36155,-0.79245,0.11470,-0.52867,0.57639,-0.16757,-0.33999,-1.99795,-0.82322,-0.58264,-16.02335,8.20171,-4.91843,-6.24941,-0.02456,-1.06390,-12.44088,10.93857,-3.21702,-1.90911,-4.10679,-0.52067,0.63895,88.000,88.000,88.000,139.000,35.000,35.000,88.000,88.000,88.000,139.000,35.000,35.000,25.000,25.000,25.000,25.000
0.6050,0.03116,0.02997,0.63324,0.98131,-0.04332,-0.10462,-0.15558,0.05982,0.02472,0.58840,0.68452,0.20751,0.00007,2,0.03569,0.20751,0.044398,0.24924,-31.7700,-0.0080,-15.0044,-26.4884,78.9752,70.1089,25.3925,1,0.08500,0.03000,0.2553,0.3740,0.093035,0.034293,102.5579,50.4646,139.0832,7.2237,30.4086,204.0500,-98.1512,-78.2456,151.4756,-25.0826,11.7626,123.4548,0.085008,0.030008,150.0009,0.085192,0.030653,204.0500,0.085008,0.030008,150.0009,0.085016,0.030066,123.4548,-0.25081,-0.01820,0.27899,1.39040,-0.89991,0.09790,-0.35672,0.09538,0.22117,1.37537,-0.80481,0.11849,-0.51284,0.56250,-0.16425,-0.33146,-2.04570,-0.78164,-0.75569,-16.31843,8.04492,-4.86019,-6.24402,-0.01714,-1.09571,-12.61904,11.08377,-3.24985,-1.92684,-4.03275,-0.59009,0.62529,88.000,88.000,88.000,139.000,35.000,35.000,88.000,88.000,88.000,139.000,35.000,35.000,25.000,25.000,25.000,25.000
0.6100,0.03117,0.03165,0.62958,0.98241,-0.04401,-0.10582,-0.14743,0.06034,0.02589,0.58528,0.68452,0.20852,0.00007,2,0.03578,0.20852,0.045669,0.25901,-34.7423,-0.0093,-15.1162,-27.1963,79.9598,69.0612,27.2274,1,0.08500,0.03000,0.2579,0.3662,0.093199,0.034419,102.7893,42.3547,139.3011,5.4307,30.2444,198.6073,-97.2433,-79.0573,151.6388,-24.8019,11.4653,124.3455,0.085006,0.030006,150.0006,0.085244,0.030642,198.6073,0.085006,0.030006,150.0006,0.085017,0.030073,124.3455,-0.26078,-0.02218,0.27541,1.41390,-0.90018,0.10592,-0.35681,0.08967,0.21821,1.38923,-0.81707,0.12221,-0.49752,0.54892,-0.16094,-0.32322,-2.09731,-0.73292,-0.90911,-16.59061,7.91447,-4.79813,-6.22966,-0.01304,-1.13178,-12.80513,11.22637,-3.28260,-1.93024,-3.95734,-0.65668,0.61141,88.000,88.000,88.000,139.000,35.000,35.000,88.000,88.000,88.000,139.000,35.000,35.000,25.000,25.000,25.000,25.000
0.6150,0.03119,0.03337,0.62588,0.98339,-0.04465,-0.10703,-0.13962,0.06085,0.02709,0.58215,0.68452,0.20942,0.00007,2,0.03588,0.20942,0.046981,0.26589,-37.5410,-0.0105,-15.2008,-27.9021,80.9984,68.0188,28.9657,1,0.08500,0.03000,0.2602,0.3590,0.093363,0.034537,103.1541,33.7389,139.4804,3.8643,29.9657,193.5489,-96.3606,-79.7899,151.8185,-24.5326,11.2180,125.2367,0.085006,0.030006,150.0006,0.085297,0.030634,193.5489,0.085006,0.030006,150.0006,0.085019,0.030081,125.2367,-0.27053,-0.02624,0.27240,1.43718,-0.90020,0.11350,-0.35692,0.08396,0.21554,1.40314,-0.82922,0.12588,-0.48274,0.53563,-0.15762,-0.31524,-2.15173,-0.67912,-1.04907,-16.84145,7.80607,-4.73503,-6.20718,-0.01047,-1.17125,-12.99785,11.36712,-3.31533,-1.92125,-3.88091,-0.72114,0.59705,88.000,88.000,88.000,139.000,35.000,35.000,88.000,88.000,88.000,139.000,35.000,35.000,25.000,25.000,25.000,25.000
0.6200,0.03121,0.03512,0.62216,0.98426,-0.04524,-0.10824,-0.13216,0.06134,0.02831,0.57901,0.68452,0.21019,0.00007,2,0.03599,0.21019,0.048319,0.27030,-40.1707,-0.0118,-15.2599,-28.6058,82.0873,66.9811,30.6110,1,0.08500,0.03000,0.2623,0.3522,0.093527,0.034647,78.5927,39.6477,139.9438,2.5143,29.6266,188.9259,-95.5031,-80.4449,152.0145,-24.2673,11.0163,126.1328,0.085006,0.030006,150.0006,0.085351,0.030630,188.9259,0.085006,0.019365,150.0006,0.085022,0.030089,126.1328,-0.28006,-0.03039,0.26993,1.46021,-0.90002,0.12066,-0.35708,0.07826,0.21318,1.41713,-0.84127,0.12949,-0.46850,0.52261,-0.15431,-0.30753,-2.20748,-0.62156,-1.17958,-17.07373,7.71651,-4.67363,-6.17747,-0.00793,-1.21336,-13.19598,11.50668,-3.34808,-1.90165,-3.80376,-0.78401,0.58203,88.000,88.000,88.000,139.000,35.000,35.000,88.000,88.000,88.000,139.000,35.000,35.000,25.000,25.000,25.000,25.000
0.6250,0.03123,0.03691,0.61841,0.98503,-0.04580,-0.10946,-0.12503,0.06181,0.02957,0.57585,0.68452,0.21084,0.00007,2,0.03611,0.21084,0.049673,0.27268,-42.6441,-0.0131,-15.2950,-29.3082,83.2220,65.9487,32.1671,1,0.08500,0.03000,0.2643,0.3456,0.093690,0.034751,55.0822,44.3665,140.9770,1.3676,29.2699,184.7636,-94.6717,-81.0243,152.2266,-24.0003,10.8573,127.0366,0.085005,0.030005,150.0006,0.085406,0.030628,184.7636,0.085006,0.010079,150.0006,0.085025,0.030098,127.0366,-0.28937,-0.03464,0.26795,1.48298,-0.89968,0.12742,-0.35731,0.07255,0.21111,1.43118,-0.85321,0.13305,-0.45479,0.50987,-0.15100,-0.30006,-2.26300,-0.56114,-1.30331,-17.29081,7.64331,-4.61601,-6.14144,-0.00422,-1.25755,-13.39845,11.64550,-3.38092,-1.87313,-3.72624,-0.84575,0.56617,88.000,88.000,88.000,139.000,35.000,35.000,88.000,88.000,88.000,139.000,35.000,35.000,25.000,25.000,25.000,25.000
0.6300,0.03125,0.03873,0.61463,0.98571,-0.04631,-0.11067,-0.11823,0.06227,0.03085,0.57268,0.68452,0.21138,0.00007,2,0.03624,0.21138,0.051035,0.27344,-44.9785,-0.0145,-15.3079,-30.0102,84.3978,64.9232,33.6387,1,0.08500,0.03000,0.2663,0.3393,0.093852,0.034849,33.3068,47.6619,142.5114,0.4071,28.9259,181.0590,-93.8673,-81.5297,152.4546,-23.7273,10.7386,127.9497,0.085005,0.030005,150.0005,0.085462,0.030629,181.0590,0.085005,0.000480,150.0006,0.085028,0.030108,127.9497,-0.29847,-0.03898,0.26644,1.50546,-0.89922,0.13381,-0.35761,0.06685,0.20933,1.44531,-0.86505,0.13656,-0.44163,0.49739,-0.14770,-0.29283,-2.31686,-0.49847,-1.42216,-17.49611,7.58437,-4.56338,-6.09999,0.00158,-1.30347,-13.60432,11.78394,-3.41387,-1.83725,-3.64865,-0.90669,0.54932,88.000,88.000,88.000,139.000,35.000,35.000,88.000,88.000,88.000,139.000,35.000,35.000,25.000,25.000,25.000,25.000
0.6350,0.03126,0.04059,0.61081,0.98631,-0.04680,-0.11188,-0.11174,0.06271,0.03216,0.56949,0.68452,0.21180,0.00007,2,0.03640,0.21180,0.052396,0.27270,-47.1925,-0.0158,-15.1788,-30.8424,85.6516,63.9068,35.0312,1,0.08500,0.03000,0.2683,0.3331,0.094011,0.034944,18.4447,46.7043,144.2259,-0.3868,28.6138,177.7873,-93.0909,-81.9627,152.6982,-23.4456,10.6585,128.8725,0.085005,0.030005,150.0005,0.085518,0.030632,177.7873,0.085005,-0.011148,150.0005,0.085031,0.030118,128.8725,-0.30738,-0.04342,0.26537,1.52764,-0.89867,0.13985,-0.35805,0.06115,0.20782,1.45958,-0.87662,0.14024,-0.42897,0.48515,-0.14443,-0.28581,-2.36792,-0.43398,-1.53750,-17.69280,7.53777,-4.51618,-6.05401,0.01011,-1.35099,-13.81280,11.92219,-3.44692,-1.79547,-3.57131,-0.96714,0.53139,88.000,88.000,88.000,139.000,35.000,35.000,88.000,88.000,88.000,139.000,35.000,35.000,25.000,25.000,25.000,25.000
0.6400,0.03125,0.04248,0.60698,0.98683,-0.04727,-0.11305,-0.10562,0.06313,0.03351,0.56628,0.68452,0.21211,0.00007,2,0.03687,0.21211,0.053749,0.27029,-49.2839,-0.0172,-15.0791,-31.6900,86.7427,62.9967,36.2116,1,0.08500,0.03000,0.2644,0.0611,0.094167,0.035036,4.8072,44.6793,146.2510,-1.2665,27.6704,174.6086,-92.3178,-82.3544,152.9565,1.3986,7.6793,213.0884,0.085005,0.030005,150.0005,0.085573,0.030637,174.6086,0.085005,-0.022501,150.0005,0.085036,0.030127,213.0884,-0.31614,-0.04777,0.26481,1.54947,-0.89806,0.14553,-0.35957,0.05559,0.20664,1.47526,-0.88517,0.14689,-0.41678,0.47313,-0.14120,-0.27892,-2.40672,-0.38443,-1.65342,-17.88003,7.50089,-4.46859,-5.89479,0.00821,-1.40813,-14.16951,11.70888,-3.91569,-1.76545,-3.48467,-1.01518,0.49772,88.000,88.000,88.000,139.000,35.000,35.000,88.000,88.000,88.000,139.000,35.000,35.000,25.000,25.000,25.000,25.000
0.6450,0.03122,0.04440,0.60314,0.98727,-0.04776,-0.11420,-0.09983,0.06355,0.03487,0.56310,0.68452,0.21232,0.00007,2,0.03770,0.21232,0.055085,0.26671,-51.2252,-0.0185,-15.1839,-32.5516,87.0976,62.3544,37.0317,1,0.08500,0.03000,0.2671,0.1089,0.094321,0.035125,-16.3800,46.7290,149.1610,-1.9526,27.4574,171.7613,-91.1439,-83.0690,153.2737,-1.9505,13.2050,204.3578,0.085005,0.030005,150.0005,0.085627,0.030644,171.7613,0.085005,-0.030005,150.0005,0.085057,0.030124,204.3578,-0.32473,-0.05204,0.26463,1.57093,-0.89740,0.15087,-0.36221,0.05020,0.20553,1.49257,-0.89082,0.15462,-0.40504,0.46134,-0.13800,-0.27215,-2.43350,-0.40874,-1.80344,-18.03785,7.47086,-4.40722,-5.34762,-0.05950,-1.46858,-15.08010,10.37487,-5.31582,-1.74628,-3.39605,-1.05714,0.44139,88.000,88.000,88.000,139.000,35.000,35.000,88.000,88.000,88.000,139.000,35.000,35.000,25.000,25.000,25.000,25.000
0.6500,0.03117,0.04634,0.59930,0.98766,-0.04829,-0.11534,-0.09427,0.06396,0.03627,0.55996,0.68452,0.21248,0.00007,2,0.03883,0.21248,0.056402,0.26231,-53.0454,-0.0198,-15.2479,-33.5065,87.4855,62.3766,37.9426,1,0.08500,0.03000,0.2705,0.1611,0.094470,0.035211,-33.8436,47.4115,152.1501,-2.5298,27.2992,168.9248,-89.5680,-83.8202,153.7929,-4.3195,19.2199,203.8490,0.085005,0.030005,150.0005,0.085681,0.030654,168.9248,0.085005,-0.030005,150.0005,0.085093,0.030115,203.8490,-0.33312,-0.05631,0.26466,1.59202,-0.89670,0.15593,-0.36563,0.04491,0.20430,1.51111,-0.89446,0.16189,-0.39373,0.44980,-0.13481,-0.26549,-2.47216,-0.40233,-1.87109,-18.19322,7.44708,-4.36239,-4.92471,-0.10317,-1.37512,-15.91636,9.48068,-5.36765,-1.72377,-3.32080,-1.10747,0.37996,88.000,88.000,88.000,139.000,35.000,35.000,88.000,88.000,88.000,139.000,35.000,35.000,25.000,25.000,25.000,25.000
0.6550,0.03112,0.04831,0.59546,0.98800,-0.04887,-0.11648,-0.08887,0.06437,0.03771,0.55684,0.68452,0.21264,0.00007,2,0.04018,0.21264,0.057696,0.25754,-54.7668,-0.0211,-15.2626,-34.4907,88.0112,62.7302,39.0018,1,0.08500,0.03000,0.2767,0.1856,0.094614,0.035295,-52.2325,48.9494,155.5765,-2.8711,27.4821,166.4467,-87.7157,-84.3929,154.5455,-7.5668,20.3807,195.2465,0.085005,0.030005,150.0005,0.085734,0.030664,166.4467,0.085005,-0.030005,150.0005,0.085141,0.030109,195.2465,-0.34128,-0.06062,0.26481,1.61276,-0.89599,0.16074,-0.36952,0.03966,0.20297,1.53045,-0.89668,0.16854,-0.38284,0.43853,-0.13162,-0.25895,-2.52474,-0.36605,-1.89155,-18.34435,7.42966,-4.33210,-4.64179,-0.11939,-1.26493,-16.57717,8.84250,-5.22793,-1.70154,-3.25630,-1.16762,0.32388,88.000,88.000,88.000,139.000,35.000,35.000,88.000,88.000,88.000,139.000,35.000,35.000,25.000,25.000,25.000,25.000
0.6600,0.03106,0.05030,0.59162,0.98829,-0.04948,-0.11763,-0.08362,0.06477,0.03918,0.55374,0.68452,0.21282,0.00007,2,0.04168,0.21282,0.058965,0.25267,-56.4185,-0.0224,-15.2365,-35.4932,88.6718,63.2282,40.1787,1,0.08500,0.03000,0.2837,0.2058,0.094754,0.035377,-61.4410,47.1154,158.2330,-3.0524,27.8036,164.3097,-85.6756,-84.7769,155.4769,-10.2623,20.6330,186.6522,0.085005,0.030005,150.0005,0.085785,0.030677,164.3097,0.085005,0.030005,150.0005,0.085197,0.030106,186.6522,-0.34920,-0.06501,0.26508,1.63314,-0.89529,0.16533,-0.37366,0.03444,0.20159,1.55026,-0.89786,0.17458,-0.37236,0.42752,-0.12840,-0.25254,-2.58717,-0.31343,-1.89285,-18.49353,7.41816,-4.31024,-4.46533,-0.11993,-1.17059,-17.09088,8.38036,-5.07693,-1.68003,-3.19789,-1.23374,0.27518,88.000,88.000,88.000,139.000,35.000,35.000,88.000,88.000,88.000,139.000,35.000,35.000,25.000,25.000,25.000,25.000
0.6650,0.03101,0.05232,0.58777,0.98854,-0.05014,-0.11880,-0.07849,0.06516,0.04068,0.55066,0.68452,0.21302,0.00007,2,0.04328,0.21302,0.060211,0.24791,-58.0232,-0.0236,-15.1786,-36.5114,89.4512,63.7658,41.4316,1,0.08500,0.03000,0.2910,0.2237,0.094889,0.035457,-60.0385,42.8072,159.4469,-3.1579,28.1864,162.4371,-83.5102,-84.9906,156.5348,-12.3140,20.6604,179.1688,0.085005,0.030004,150.0004,0.085835,0.030690,162.4371,0.085005,0.030005,150.0004,0.085258,0.030106,179.1688,-0.35687,-0.06948,0.26544,1.65318,-0.89459,0.16971,-0.37789,0.02924,0.20022,1.57029,-0.89832,0.18009,-0.36226,0.41678,-0.12516,-0.24628,-2.65467,-0.25322,-1.89077,-18.64324,7.41156,-4.29304,-4.36430,-0.11228,-1.09962,-17.49422,8.04518,-4.94072,-1.65922,-3.14245,-1.30192,0.23312,88.000,88.000,88.000,139.000,35.000,35.000,88.000,88.000,88.000,139.000,35.000,35.000,25.000,25.000,25.000,25.000
0.6700,0.03095,0.05437,0.58391,0.98875,-0.05084,-0.11999,-0.07346,0.06554,0.04222,0.54758,0.68452,0.21327,0.00007,2,0.04495,0.21327,0.061434,0.24334,-59.5957,-0.0249,-15.0957,-37.5446,90.3331,64.2857,42.7241,1,0.08500,0.03000,0.2984,0.2394,0.095021,0.035537,-58.6183,38.6745,160.6302,-3.2356,28.5984,160.7721,-81.2642,-85.0534,157.6786,-13.8221,20.6152,172.8240,0.085005,0.030004,150.0004,0.085884,0.030706,160.7721,0.085005,0.030005,150.0004,0.085323,0.030109,172.8240,-0.36430,-0.07404,0.26592,1.67290,-0.89390,0.17389,-0.38211,0.02404,0.19892,1.59037,-0.89827,0.18514,-0.35255,0.40629,-0.12191,-0.24017,-2.72324,-0.19001,-1.89331,-18.79529,7.40876,-4.27844,-4.31535,-0.10009,-1.05199,-17.81681,7.80299,-4.82183,-1.63904,-3.08832,-1.36927,0.19642,88.000,88.000,88.000,139.000,35.000,35.000,88.000,88.000,88.000,139.000,35.000,35.000,25.000,25.000,25.000,25.000
0.6750,0.03090,0.05644,0.58005,0.98892,-0.05157,-0.12119,-0.06855,0.06591,0.04380,0.54450,0.68452,0.21355,0.00007,2,0.04666,0.21355,0.062635,0.23900,-61.1451,-0.0260,-14.9935,-38.5926,91.3036,64.7591,44.0283,1,0.08500,0.03000,0.3057,0.2526,0.095150,0.035615,-57.1866,34.7074,161.7882,-3.3090,29.0253,159.2754,-78.9700,-84.9817,158.8783,-14.8962,20.5546,167.4965,0.085005,0.030004,150.0004,0.085931,0.030722,159.2754,0.085005,0.030005,150.0004,0.085390,0.030116,167.4965,-0.37148,-0.07868,0.26653,1.69232,-0.89324,0.17789,-0.38625,0.01884,0.19773,1.61037,-0.89787,0.18976,-0.34319,0.39605,-0.11865,-0.23421,-2.78991,-0.12591,-1.90410,-18.95077,7.40874,-4.26529,-4.30160,-0.08498,-1.02515,-18.08116,7.62946,-4.71935,-1.61941,-3.03474,-1.43394,0.16384,88.000,88.000,88.000,139.000,35.000,35.000,88.000,88.000,88.000,139.000,35.000,35.000,25.000,25.000,25.000,25.000
0.6800,0.03086,0.05854,0.57617,0.98905,-0.05233,-0.12242,-0.06374,0.06626,0.04541,0.54141,0.68452,0.21387,0.00007,2,0.04839,0.21387,0.063815,0.23488,-62.6756,-0.0272,-14.8760,-39.6559,92.3507,65.1739,45.3246,1,0.08500,0.03000,0.3130,0.2636,0.095275,0.035694,-55.7480,30.9006,162.9256,-3.3881,29.4607,157.9186,-76.6515,-84.7892,160.1119,-15.6285,20.5103,163.0532,0.085005,0.030004,150.0004,0.085978,0.030740,157.9186,0.085005,0.030005,150.0004,0.085458,0.030125,163.0532,-0.37844,-0.08341,0.26730,1.71145,-0.89260,0.18171,-0.39027,0.01364,0.19668,1.63022,-0.89723,0.19402,-0.33419,0.38605,-0.11539,-0.22841,-2.85268,-0.06175,-1.92450,-19.11019,7.41067,-4.25289,-4.31093,-0.06756,-1.01591,-18.30430,7.50686,-4.63189,-1.60027,-2.98144,-1.49489,0.13440,88.000,88.000,88.000,139.000,35.000,35.000,88.000,88.000,88.000,139.000,35.000,35.000,25.000,25.000,25.000,25.000
0.6850,0.03081,0.06068,0.57228,0.98914,-0.05311,-0.12366,-0.05903,0.06660,0.04706,0.53832,0.68452,0.21421,0.00007,2,0.05012,0.21421,0.064975,0.23095,-64.1886,-0.0284,-14.7465,-40.7348,93.4640,65.5282,46.6000,1,0.08500,0.03000,0.3202,0.2726,0.095397,0.035772,-54.3063,27.2508,164.0465,-3.4758,29.9019,156.6799,-74.3260,-84.4869,161.3632,-16.0927,20.5012,159.3678,0.085005,0.030004,150.0004,0.086023,0.030760,156.6799,0.085005,0.030005,150.0004,0.085527,0.030136,159.3678,-0.38519,-0.08822,0.26823,1.73031,-0.89199,0.18536,-0.39414,0.00843,0.19580,1.64987,-0.89644,0.19796,-0.32553,0.37628,-0.11214,-0.22275,-2.91039,0.00228,-1.95471,-19.27357,7.41389,-4.24079,-4.33480,-0.04801,-1.02118,-18.49906,7.42215,-4.55784,-1.58160,-2.92838,-1.55170,0.10734,88.000,88.000,88.000,139.000,35.000,35.000,88.000,88.000,88.000,139.000,35.000,35.000,25.000,25.000,25.000,25.000
0.6900,0.03077,0.06284,0.56836,0.98921,-0.05392,-0.12491,-0.05443,0.06692,0.04875,0.53521,0.68452,0.21458,0.00007,2,0.05184,0.21458,0.066116,0.22715,-65.6829,-0.0295,-14.6076,-41.8300,94.6349,65.8258,47.8471,1,0.08500,0.03000,0.3274,0.2799,0.095517,0.035850,-52.8643,23.7563,165.1546,-3.5718,30.3476,155.5421,-72.0059,-84.0840,162.6208,-16.3474,20.5375,156.3224,0.085005,0.030004,150.0004,0.086066,0.030781,155.5421,0.085005,0.030005,150.0004,0.085595,0.030149,156.3224,-0.39174,-0.09311,0.26935,1.74893,-0.89141,0.18885,-0.39786,0.00321,0.19511,1.66928,-0.89557,0.20161,-0.31719,0.36674,-0.10891,-0.21725,-2.96246,0.06630,-1.99433,-19.44065,7.41789,-4.22868,-4.36724,-0.02632,-1.03824,-18.67498,7.36562,-4.49546,-1.56343,-2.87565,-1.60434,0.08207,88.000,88.000,88.000,139.000,35.000,35.000,88.000,88.000,88.000,139.000,35.000,35.000,25.000,25.000,25.000,25.000
0.6950,0.03073,0.06504,0.56443,0.98924,-0.05475,-0.12618,-0.04992,0.06723,0.05047,0.53208,0.68452,0.21497,0.00007,2,0.05354,0.21497,0.067239,0.22345,-67.1562,-0.0306,-14.4613,-42.9423,95.8561,66.0738,49.0623,1,0.08500,0.03000,0.3346,0.2858,0.095634,0.035929,-51.4246,20.4160,166.2531,-3.6744,30.7978,154.4912,-69.7002,-83.5876,163.8764,-16.4393,20.6230,153.8102,0.085005,0.030004,150.0004,0.086109,0.030803,154.4912,0.085005,0.030005,150.0004,0.085664,0.030165,153.8102,-0.39811,-0.09808,0.27067,1.76730,-0.89085,0.19218,-0.40141,-0.00202,0.19462,1.68843,-0.89466,0.20501,-0.30918,0.35742,-0.10570,-0.21190,-3.00878,0.13057,-2.04272,-19.61096,7.42232,-4.21635,-4.40422,-0.00241,-1.06482,-18.83901,7.32995,-4.44300,-1.54581,-2.82339,-1.65304,0.05818,88.000,88.000,88.000,139.000,35.000,35.000,88.000,88.000,88.000,139.000,35.000,35.000,25.000,25.000,25.000,25.000
0.7000,0.03068,0.06727,0.56048,0.98924,-0.05559,-0.12745,-0.04551,0.06752,0.05223,0.52893,0.68452,0.21538,0.00007,2,0.05523,0.21538,0.068343,0.21980,-68.6055,-0.0317,-14.3090,-44.0725,97.1215,66.2811,50.2447,1,0.08500,0.03000,0.3418,0.2906,0.095749,0.036009,-49.9720,17.6167,167.2771,-3.7812,31.2531,153.5162,-67.4152,-83.0035,165.1245,-16.4057,20.7582,151.7361,0.085005,0.030004,150.0004,0.086151,0.030827,153.5162,0.085005,0.030005,150.0004,0.085731,0.030183,151.7361,-0.40431,-0.10312,0.27221,1.78545,-0.89032,0.19535,-0.40480,-0.00728,0.19435,1.70733,-0.89374,0.20819,-0.30147,0.34831,-0.10253,-0.20669,-3.04949,0.19537,-2.09920,-19.78395,7.42689,-4.20365,-4.44311,0.02378,-1.09911,-18.99612,7.30961,-4.39875,-1.52881,-2.77174,-1.69820,0.03531,88.000,88.000,88.000,139.000,35.000,35.000,88.000,88.000,88.000,139.000,35.000,35.000,25.000,25.000,25.000,25.000
0.7050,0.03064,0.06954,0.55650,0.98921,-0.05645,-0.12873,-0.04119,0.06780,0.05403,0.52577,0.68452,0.21580,0.00007,2,0.05689,0.21580,0.069429,0.21614,-70.0273,-0.0328,-14.1520,-45.2214,98.4264,66.4573,51.3954,1,0.08500,0.03000,0.3490,0.2947,0.095861,0.036089,-48.4546,16.5912,167.9995,-3.8900,31.7145,152.6080,-65.1547,-82.3363,166.3613,-16.2764,20.9413,150.0174,0.085005,0.030004,150.0004,0.086192,0.030853,152.6080,0.085005,0.030005,150.0004,0.085797,0.030203,150.0174,-0.41036,-0.10825,0.27396,1.80338,-0.88981,0.19837,-0.40803,-0.01257,0.19430,1.72597,-0.89284,0.21116,-0.29405,0.33941,-0.09941,-0.20162,-3.08495,0.26095,-2.16308,-19.95905,7.43143,-4.19049,-4.48226,0.05234,-1.13969,-19.14973,7.30038,-4.36115,-1.51252,-2.72083,-1.74024,0.01325,88.000,88.000,88.000,139.000,35.000,35.000,88.000,88.000,88.000,139.000,35.000,35.000,25.000,25.000,25.000,25.000
0.7100,0.03060,0.07185,0.55249,0.98916,-0.05732,-0.13002,-0.03696,0.06807,0.05586,0.52258,0.68452,0.21623,0.00007,2,0.05853,0.21623,0.070497,0.21244,-71.4182,-0.0338,-13.9914,-46.3896,99.7668,66.6118,52.5165,1,0.08500,0.03000,0.3562,0.2982,0.095971,0.036171,-46.9305,16.1179,168.6211,-3.9987,32.1832,151.7594,-62.9214,-81.5895,167.5844,-16.0757,21.1693,148.5836,0.085005,0.030004,150.0004,0.086232,0.030880,151.7594,0.085005,0.030005,150.0004,0.085862,0.030224,148.5836,-0.41626,-0.11345,0.27595,1.82111,-0.88933,0.20124,-0.41111,-0.01788,0.19447,1.74435,-0.89196,0.21395,-0.28692,0.33072,-0.09632,-0.19668,-3.11559,0.32753,-2.23377,-20.13568,7.43582,-4.17679,-4.52078,0.08328,-1.18546,-19.30209,7.29902,-4.32880,-1.49701,-2.67078,-1.77964,-0.00822,88.000,88.000,88.000,139.000,35.000,35.000,88.000,88.000,88.000,139.000,35.000,35.000,25.000,25.000,25.000,25.000
0.7150,0.03056,0.07419,0.54845,0.98909,-0.05820,-0.13132,-0.03282,0.06831,0.05774,0.51936,0.68452,0.21667,0.00007,2,0.06014,0.21667,0.071546,0.20867,-72.7751,-0.0349,-13.8277,-47.5780,101.1394,66.7538,53.6108,1,0.08500,0.03000,0.3634,0.3013,0.096078,0.036254,-45.4250,15.6377,169.2426,-4.1056,32.6609,150.9640,-60.7166,-80.7657,168.7924,-15.8229,21.4390,147.3754,0.085005,0.030004,150.0004,0.086271,0.030908,150.9640,0.085005,0.030005,150.0004,0.085926,0.030248,147.3754,-0.42202,-0.11873,0.27817,1.83863,-0.88886,0.20398,-0.41403,-0.02324,0.19487,1.76250,-0.89113,0.21657,-0.28006,0.32222,-0.09328,-0.19188,-3.14191,0.39529,-2.31073,-20.31333,7.43997,-4.16253,-4.55826,0.11660,-1.23560,-19.45461,7.30310,-4.30049,-1.48237,-2.62168,-1.81683,-0.02921,88.000,88.000,88.000,139.000,35.000,35.000,88.000,88.000,88.000,139.000,35.000,35.000,25.000,25.000,25.000,25.000
0.7200,0.03051,0.07657,0.54439,0.98898,-0.05910,-0.13262,-0.02876,0.06855,0.05965,0.51612,0.68452,0.21712,0.00007,2,0.06172,0.21712,0.072577,0.20480,-74.0950,-0.0359,-13.6616,-48.7873,102.5420,66.8921,54.6815,1,0.08500,0.03000,0.3707,0.3044,0.096184,0.036338,-43.9383,15.1558,169.8653,-4.2097,33.1491,150.2167,-58.5404,-79.8670,169.9845,-15.5338,21.7472,146.3438,0.085005,0.030004,150.0004,0.086309,0.030939,150.2167,0.085005,0.030005,150.0004,0.085988,0.030273,146.3438,-0.42766,-0.12409,0.28063,1.85595,-0.88842,0.20657,-0.41682,-0.02863,0.19549,1.78040,-0.89034,0.21904,-0.27346,0.31392,-0.09029,-0.18721,-3.16439,0.46435,-2.39354,-20.49154,7.44385,-4.14766,-4.59462,0.15225,-1.28947,-19.60803,7.31074,-4.27519,-1.46866,-2.57361,-1.85222,-0.04982,88.000,88.000,88.000,139.000,35.000,35.000,88.000,88.000,88.000,139.000,35.000,35.000,25.000,25.000,25.000,25.000
0.7250,0.03046,0.07899,0.54029,0.98886,-0.06001,-0.13393,-0.02478,0.06877,0.06161,0.51285,0.68452,0.21758,0.00007,2,0.06328,0.21758,0.073587,0.20082,-75.3751,-0.0369,-13.4934,-50.0183,103.9724,67.0345,55.7315,1,0.08500,0.03000,0.3782,0.3074,0.096286,0.036425,-42.4707,14.6771,170.4908,-4.3100,33.6494,149.5124,-56.3928,-78.8949,171.1605,-15.2209,22.0906,145.4483,0.085005,0.030004,150.0004,0.086346,0.030971,149.5124,0.085005,0.030005,150.0004,0.086049,0.030299,145.4483,-0.43317,-0.12953,0.28334,1.87309,-0.88800,0.20903,-0.41946,-0.03407,0.19635,1.79808,-0.88960,0.22136,-0.26712,0.30582,-0.08735,-0.18266,-3.18351,0.53478,-2.48183,-20.66990,7.44744,-4.13218,-4.63003,0.19017,-1.34662,-19.76266,7.32056,-4.25202,-1.45593,-2.52661,-1.88616,-0.07013,88.000,88.000,88.000,139.000,35.000,35.000,88.000,88.000,88.000,139.000,35.000,35.000,25.000,25.000,25.000,25.000
0.7300,0.03041,0.08145,0.53617,0.98872,-0.06093,-0.13524,-0.02087,0.06897,0.06360,0.50956,0.68452,0.21806,0.00007,2,0.06481,0.21806,0.074578,0.19670,-76.6128,-0.0378,-13.3236,-51.2716,105.4291,67.1885,56.7638,1,0.08500,0.03000,0.3857,0.3106,0.096387,0.036512,-41.0223,14.2067,171.1204,-4.4063,34.1631,148.8469,-54.2727,-77.8503,172.3203,-14.8943,22.4664,144.6559,0.085005,0.030004,150.0004,0.086382,0.031004,148.8469,0.085005,0.030005,150.0004,0.086109,0.030328,144.6559,-0.43858,-0.13506,0.28630,1.89004,-0.88759,0.21135,-0.42197,-0.03957,0.19743,1.81554,-0.88891,0.22354,-0.26101,0.29789,-0.08446,-0.17822,-3.19971,0.60663,-2.57532,-20.84805,7.45073,-4.11606,-4.66479,0.23026,-1.40670,-19.91851,7.33153,-4.23028,-1.44421,-2.48073,-1.91896,-0.09017,88.000,88.000,88.000,139.000,35.000,35.000,88.000,88.000,88.000,139.000,35.000,35.000,25.000,25.000,25.000,25.000
0.7350,0.03035,0.08396,0.53200,0.98855,-0.06186,-0.13656,-0.01702,0.06916,0.06564,0.50623,0.68452,0.21855,0.00007,2,0.06632,0.21855,0.075548,0.19243,-77.8061,-0.0388,-13.1523,-52.5479,106.9112,67.3606,57.7811,1,0.08500,0.03000,0.3934,0.3140,0.096485,0.036602,-39.5937,13.7498,171.7553,-4.4985,34.6916,148.2159,-52.1792,-76.7338,173.4639,-14.5621,22.8719,143.9399,0.085005,0.030004,150.0004,0.086417,0.031039,148.2159,0.085005,0.030005,150.0004,0.086167,0.030358,143.9399,-0.44387,-0.14066,0.28951,1.90680,-0.88720,0.21355,-0.42433,-0.04511,0.19875,1.83279,-0.88826,0.22559,-0.25514,0.29016,-0.08162,-0.17391,-3.21339,0.67991,-2.67377,-21.02569,7.45372,-4.09927,-4.69928,0.27240,-1.46945,-20.07537,7.34288,-4.20936,-1.43353,-2.43599,-1.95086,-0.10998,88.000,88.000,88.000,139.000,35.000,35.000,88.000,88.000,88.000,139.000,35.000,35.000,25.000,25.000,25.000,25.000
0.7400,0.03029,0.08650,0.52781,0.98837,-0.06281,-0.13788,-0.01324,0.06934,0.06772,0.50287,0.68452,0.21906,0.00007,2,0.06781,0.21906,0.076496,0.18801,-78.9525,-0.0397,-12.9795,-53.8480,108.4176,67.5569,58.7859,1,0.08500,0.03000,0.4012,0.3176,0.096581,0.036694,-38.1849,13.3115,172.3969,-4.5869,35.2359,147.6153,-50.1107,-75.5458,174.5916,-14.2307,23.3047,143.2788,0.085005,0.030004,150.0004,0.086451,0.031076,147.6153,0.085005,0.030005,150.0004,0.086224,0.030390,143.2788,-0.44906,-0.14635,0.29298,1.92337,-0.88682,0.21562,-0.42657,-0.05072,0.20028,1.84982,-0.88765,0.22751,-0.24950,0.28260,-0.07883,-0.16971,-3.22491,0.75460,-2.77702,-21.20253,7.45642,-4.08179,-4.73391,0.31648,-1.53470,-20.23288,7.35407,-4.18877,-1.42388,-2.39240,-1.98208,-0.12957,88.000,88.000,88.000,139.000,35.000,35.000,88.000,88.000,88.000,139.000,35.000,35.000,25.000,25.000,25.000,25.000
0.7450,0.03023,0.08909,0.52357,0.98816,-0.06378,-0.13920,-0.00951,0.06950,0.06984,0.49948,0.68452,0.21960,0.00007,2,0.06927,0.21960,0.077421,0.18341,-80.0500,-0.0406,-12.8055,-55.1726,109.9479,67.7828,59.7801,1,0.08500,0.03000,0.4092,0.3217,0.096674,0.036788,-36.7966,12.8971,173.0461,-4.6719,35.7967,147.0411,-48.0658,-74.2863,175.7034,-13.9051,23.7627,142.6551,0.085005,0.030004,150.0004,0.086484,0.031114,147.0411,0.085005,0.030005,150.0004,0.086280,0.030423,142.6551,-0.45414,-0.15213,0.29671,1.93976,-0.88646,0.21756,-0.42867,-0.05638,0.20205,1.86666,-0.88709,0.22931,-0.24406,0.27522,-0.07609,-0.16561,-3.23459,0.83069,-2.88494,-21.37833,7.45883,-4.06358,-4.76911,0.36234,-1.60231,-20.39063,7.36475,-4.16811,-1.41525,-2.34994,-2.01277,-0.14895,88.000,88.000,88.000,139.000,35.000,35.000,88.000,88.000,88.000,139.000,35.000,35.000,25.000,25.000,25.000,25.000
0.7500,0.03017,0.09172,0.51931,0.98794,-0.06476,-0.14053,-0.00583,0.06965,0.07200,0.49606,0.68452,0.22016,0.00007,2,0.07072,0.22016,0.078323,0.17863,-81.0965,-0.0415,-12.6301,-56.5223,111.5017,68.0431,60.7656,1,0.08500,0.03000,0.4174,0.3261,0.096765,0.036884,-35.4289,12.5118,173.7040,-4.7542,36.3748,146.4893,-46.0428,-72.9552,176.7995,-13.5893,24.2439,142.0549,0.085005,0.030004,150.0004,0.086516,0.031154,146.4893,0.085005,0.030004,150.0004,0.086334,0.030458,142.0549,-0.45913,-0.15798,0.30071,1.95597,-0.88611,0.21939,-0.43063,-0.06211,0.20403,1.88330,-0.88656,0.23098,-0.23883,0.26801,-0.07340,-0.16162,-3.24272,0.90814,-2.99742,-21.55285,7.46097,-4.04459,-4.80531,0.40986,-1.67216,-20.54812,7.37465,-4.14705,-1.40762,-2.30862,-2.04307,-0.16811,88.000,88.000,88.000,139.000,35.000,35.000,88.000,88.000,88.000,139.000,35.000,35.000,25.000,25.000,25.000,25.000
0.7550,0.03010,0.09440,0.51500,0.98770,-0.06575,-0.14186,-0.00219,0.06978,0.07421,0.49260,0.68452,0.22076,0.00007,2,0.07213,0.22076,0.079201,0.17367,-82.0897,-0.0424,-12.4533,-57.8979,113.0788,68.3423,61.7436,1,0.08500,0.03000,0.4258,0.3309,0.096854,0.036983,-34.0822,12.1610,174.3715,-4.8346,36.9705,145.9562,-44.0402,-71.5522,177.8797,-13.2864,24.7466,141.4670,0.085005,0.030004,150.0004,0.086546,0.031196,145.9562,0.085005,0.030004,150.0004,0.086388,0.030495,141.4670,-0.46402,-0.16393,0.30496,1.97199,-0.88577,0.22110,-0.43245,-0.06790,0.20624,1.89973,-0.88606,0.23255,-0.23380,0.26097,-0.07075,-0.15773,-3.24954,0.98690,-3.11442,-21.72586,7.46284,-4.02478,-4.84290,0.45889,-1.74418,-20.70487,7.38362,-4.12533,-1.40094,-2.26841,-2.07306,-0.18705,88.000,88.000,88.000,139.000,35.000,35.000,88.000,88.000,88.000,139.000,35.000,35.000,25.000,25.000,25.000,25.000
0.7600,0.03002,0.09712,0.51066,0.98744,-0.06677,-0.14320,0.00141,0.06990,0.07647,0.48911,0.68452,0.22453,0.00007,2,0.07353,0.22453,0.080053,0.16850,-83.0274,-0.0432,-12.2750,-59.3000,114.6792,68.6842,62.7152,1,0.08500,0.03000,0.4344,0.3362,0.096940,0.037084,-32.7567,11.8502,175.0491,-4.9139,37.5841,145.4382,-42.0562,-70.0767,178.9441,-12.9986,25.2693,140.8825,0.085005,0.030004,150.0004,0.086576,0.031239,145.4382,0.085005,0.030004,150.0004,0.086440,0.030534,140.8825,-0.46880,-0.16995,0.30948,1.98783,-0.88544,0.22269,-0.43413,-0.07376,0.20867,1.91597,-0.88559,0.23399,-0.22895,0.25410,-0.06815,-0.15393,-3.25527,1.06691,-3.23588,-21.89716,7.46445,-4.00409,-4.88226,0.50929,-1.81830,-20.86039,7.39160,-4.10273,-1.39516,-2.22928,-2.10281,-0.20575,88.000,88.000,88.000,139.000,35.000,35.000,88.000,88.000,88.000,139.000,35.000,35.000,25.000,25.000,25.000,25.000
0.7650,0.02995,0.09989,0.50627,0.98716,-0.06781,-0.14454,0.00498,0.07001,0.07877,0.48559,0.68452,0.22858,0.00007,2,0.07490,0.22858,0.080879,0.16312,-83.9071,-0.0440,-12.0951,-60.7294,116.3030,69.0725,63.6813,1,0.08500,0.03000,0.4432,0.3419,0.097024,0.037188,-31.4528,11.5851,175.7374,-4.9930,38.2156,144.9316,-40.0893,-68.5281,179.9922,-12.7279,25.8106,140.2942,0.085005,0.030004,150.0004,0.086604,0.031284,144.9316,0.085004,0.030004,150.0004,0.086491,0.030574,140.2942,-0.47350,-0.17606,0.31427,2.00348,-0.88512,0.22416,-0.43566,-0.07970,0.21132,1.93201,-0.88515,0.23532,-0.22428,0.24740,-0.06559,-0.15024,-3.26011,1.14813,-3.36179,-22.06651,7.46580,-3.98247,-4.92373,0.56093,-1.89445,-21.01419,7.39853,-4.07907,-1.39022,-2.19120,-2.13237,-0.22420,88.000,88.000,88.000,139.000,35.000,35.000,88.000,88.000,88.000,139.000,35.000,35.000,25.000,25.000,25.000,25.000
0.7700,0.02987,0.10270,0.50185,0.98686,-0.06887,-0.14589,0.00853,0.07011,0.08111,0.48203,0.68452,0.23260,0.00007,2,0.07626,0.23260,0.081677,0.15751,-84.7263,-0.0448,-11.9134,-62.1865,117.9504,69.5105,64.6421,1,0.08500,0.03000,0.4523,0.3480,0.097106,0.037294,-30.1707,11.3716,176.4367,-5.0727,38.8651,144.4331,-38.1380,-66.9058,181.0236,-12.4756,26.3693,139.6962,0.085004,0.030004,150.0004,0.086632,0.031330,144.4331,0.085004,0.030004,150.0004,0.086541,0.030616,139.6962,-0.47809,-0.18226,0.31933,2.01894,-0.88481,0.22552,-0.43703,-0.08570,0.21418,1.94785,-0.88472,0.23654,-0.21979,0.24085,-0.06307,-0.14663,-3.26422,1.23051,-3.49215,-22.23369,7.46690,-3.95988,-4.96762,0.61366,-1.97258,-21.16579,7.40444,-4.05420,-1.38607,-2.15414,-2.16176,-0.24239,88.000,88.000,88.000,139.000,35.000,35.000,88.000,88.000,88.000,139.000,35.000,35.000,25.000,25.000,25.000,25.000
0.7750,0.02978,0.10556,0.49739,0.98655,-0.06995,-0.14724,0.01205,0.07019,0.08351,0.47843,0.68452,0.23659,0.00007,2,0.07758,0.23659,0.082447,0.15166,-85.4823,-0.0456,-11.7297,-63.6722,119.6218,70.0012,65.5980,1,0.08500,0.03000,0.4616,0.3546,0.097185,0.037402,-28.9129,11.1655,177.1622,-5.1539,39.5324,143.9395,-36.2008,-65.2087,182.0378,-12.2429,26.9442,139.0836,0.085004,0.030004,150.0004,0.086657,0.031378,143.9395,-0.085004,0.030004,150.0004,0.086590,0.030659,139.0836,-0.48259,-0.18854,0.32465,2.03421,-0.88451,0.22677,-0.43825,-0.09178,0.21726,1.96348,-0.88432,0.23764,-0.21546,0.23446,-0.06059,-0.14311,-3.26775,1.31400,-3.62695,-22.39848,7.46776,-3.93624,-5.01420,0.66736,-2.05262,-21.31474,7.40935,-4.02802,-1.38262,-2.11806,-2.19099,-0.26028,88.000,88.000,88.000,139.000,35.000,35.000,88.000,88.000,88.000,139.000,35.000,35.000,25.000,25.000,25.000,25.000
0.7800,0.02969,0.10848,0.49289,0.98622,-0.07106,-0.14860,0.01556,0.07026,0.08595,0.47479,0.68452,0.24056,0.00007,2,0.07889,0.24056,0.083187,0.14556,-86.1722,-0.0463,-11.5438,-65.1871,121.3175,70.5474,66.5488,1,0.08500,0.03000,0.4712,0.3617,0.097262,0.037514,-27.6785,10.9979,177.9076,-5.2374,40.2172,143.4477,-34.2763,-63.4361,183.0340,-12.0306,27.5342,138.4524,0.085004,0.030004,150.0004,0.086682,0.031428,143.4477,-0.085004,0.030004,150.0004,0.086639,0.030705,138.4524,-0.48698,-0.19491,0.33025,2.04928,-0.88421,0.22791,-0.43930,-0.09793,0.22055,1.97890,-0.88393,0.23863,-0.21129,0.22822,-0.05815,-0.13968,-3.27082,1.39854,-3.76621,-22.56063,7.46837,-3.91151,-5.06373,0.72191,-2.13450,-21.46060,7.41331,-4.00041,-1.37980,-2.08291,-2.22006,-0.27788,88.000,88.000,88.000,139.000,35.000,35.000,88.000,88.000,88.000,139.000,35.000,35.000,25.000,25.000,25.000,25.000
0.7850,0.02960,0.11144,0.48834,0.98587,-0.07220,-0.14997,0.01906,0.07031,0.08844,0.47112,0.68452,0.24449,0.00007,2,0.08017,0.24449,0.083896,0.13920,-86.7931,-0.0470,-11.3554,-66.7318,123.0380,71.1515,67.4942,1,0.08500,0.03000,0.4811,0.3692,0.097337,0.037628,-26.4665,10.8978,178.6661,-5.3241,40.9192,142.9547,-32.3632,-61.5869,184.0112,-11.8394,28.1382,137.7991,0.085004,0.030004,150.0004,0.086705,0.031479,142.9547,-0.085004,0.030004,150.0004,0.086686,0.030752,137.7991,-0.49128,-0.20136,0.33613,2.06415,-0.88392,0.22894,-0.44018,-0.10415,0.22405,1.99411,-0.88356,0.23951,-0.20728,0.22213,-0.05575,-0.13633,-3.27356,1.48409,-3.90996,-22.71989,7.46874,-3.88563,-5.11642,0.77719,-2.21816,-21.60296,7.41638,-3.97130,-1.37753,-2.04866,-2.24895,-0.29515,88.000,88.000,88.000,139.000,35.000,35.000,88.000,88.000,88.000,139.000,35.000,35.000,25.000,25.000,25.000,25.000
0.7900,0.02951,0.11445,0.48375,0.98550,-0.07337,-0.15134,0.02256,0.07036,0.09099,0.46741,0.68452,0.24840,0.00007,2,0.08143,0.24840,0.084572,0.13256,-87.3418,-0.0476,-11.1642,-68.3070,124.7840,71.8159,68.4337,1,0.08500,0.03000,0.4912,0.3772,0.097409,0.037745,-25.2772,10.8717,179.4370,-5.4146,41.6380,142.4577,-30.4604,-59.6600,184.9683,-11.6698,28.7553,137.1208,0.085004,0.030004,150.0004,0.086727,0.031532,142.4577,-0.085004,0.030004,150.0004,0.086732,0.030801,137.1208,-0.49548,-0.20790,0.34228,2.07882,-0.88363,0.22986,-0.44089,-0.11046,0.22776,2.00910,-0.88319,0.24028,-0.20341,0.21619,-0.05339,-0.13307,-3.27605,1.57060,-4.05821,-22.87601,7.46887,-3.85854,-5.17248,0.83307,-2.30352,-21.74141,7.41860,-3.94061,-1.37574,-2.01525,-2.27765,-0.31208,88.000,88.000,88.000,139.000,35.000,35.000,88.000,88.000,88.000,139.000,35.000,35.000,25.000,25.000,25.000,25.000
0.7950,0.02941,0.11751,0.47912,0.98511,-0.07458,-0.15272,0.02606,0.07039,0.09358,0.46365,0.68452,0.25228,0.00007,2,0.08267,0.25228,0.085214,0.12562,-87.8150,-0.0483,-10.9701,-69.9132,126.5560,72.5430,69.3665,1,0.08500,0.03000,0.5017,0.3856,0.097480,0.037865,-24.1105,10.9267,180.2194,-5.5097,42.3732,141.9540,-28.5669,-57.6543,185.9041,-11.5224,29.3843,136.4147,0.085004,0.030004,150.0004,0.086748,0.031587,141.9540,-0.085004,0.030004,150.0004,0.086777,0.030852,136.4147,-0.49958,-0.21452,0.34871,2.09328,-0.88335,0.23068,-0.44140,-0.11684,0.23167,2.02387,-0.88284,0.24093,-0.19968,0.21040,-0.05106,-0.12988,-3.27840,1.65804,-4.21100,-23.02872,7.46878,-3.83020,-5.23206,0.88946,-2.39048,-21.87555,7.42006,-3.90827,-1.37433,-1.98264,-2.30613,-0.32865,88.000,88.000,88.000,139.000,35.000,35.000,88.000,88.000,88.000,139.000,35.000,35.000,25.000,25.000,25.000,25.000
0.8000,0.02930,0.12063,0.47445,0.98470,-0.07582,-0.15410,0.02956,0.07040,0.09623,0.45986,0.68452,0.25613,0.00007,2,0.08388,0.25613,0.085821,0.11837,-88.2093,-0.0488,-10.7726,-71.5511,128.3548,73.3346,70.2917,1,0.08500,0.03000,0.5124,0.3945,0.097548,0.037988,-23.6675,8.0618,182.7462,-5.6102,43.1240,141.4408,-27.2499,-56.1794,187.5190,-11.3975,30.0243,135.6784,0.088681,0.033589,150.3165,0.086767,0.031643,141.4408,-0.088634,0.033682,150.3165,0.086820,0.030905,135.6784,-0.50357,-0.22122,0.35541,2.10752,-0.88308,0.23139,-0.44172,-0.12330,0.23579,2.03840,-0.88249,0.24147,-0.19609,0.20474,-0.04877,-0.12677,-3.28067,1.74636,-4.36835,-23.17773,7.46845,-3.80055,-5.29532,0.94624,-2.47895,-22.00499,7.42080,-3.87425,-1.37323,-1.95079,-2.33436,-0.34484,88.000,88.000,88.000,139.000,35.000,35.000,88.000,88.000,88.000,139.000,35.000,35.000,25.000,25.000,25.000,25.000
0.8050,0.02920,0.12380,0.46973,0.98427,-0.07709,-0.15550,0.03308,0.07041,0.09893,0.45603,0.68452,0.25996,0.00007,2,0.08506,0.25996,0.086391,0.11080,-88.5212,-0.0494,-10.5714,-73.2213,130.1811,74.1927,71.2082,1,0.08500,0.03000,0.5235,0.4038,0.097614,0.038114,-22.5415,8.3308,183.5832,-5.7165,43.8900,140.9155,-25.3640,-54.0013,188.4165,-11.2957,30.6740,134.9094,0.088676,0.033584,150.3138,0.086784,0.031701,140.9155,-0.088623,0.033674,150.3139,0.086863,0.030960,134.9094,-0.50745,-0.22801,0.36240,2.12154,-0.88280,0.23199,-0.44183,-0.12983,0.24011,2.05268,-0.88214,0.24190,-0.19263,0.19922,-0.04651,-0.12373,-3.28295,1.83553,-4.53028,-23.32273,7.46790,-3.76955,-5.36238,1.00331,-2.56882,-22.12936,7.42088,-3.83847,-1.37235,-1.91965,-2.36231,-0.36064,88.000,88.000,88.000,139.000,35.000,35.000,88.000,88.000,88.000,139.000,35.000,35.000,25.000,25.000,25.000,25.000
0.8100,0.02908,0.12702,0.46496,0.98382,-0.07841,-0.15689,0.03661,0.07040,0.10168,0.45215,0.68452,0.26375,0.00007,2,0.08622,0.26375,0.086922,0.10289,-88.7468,-0.0499,-10.3663,-74.9243,132.0358,75.1190,72.1146,1,0.08500,0.03000,0.5349,0.4136,0.097679,0.038243,-21.4386,8.7028,184.4275,-5.8295,44.6703,140.3755,-23.4849,-51.7406,189.2880,-11.2175,31.3323,134.1057,0.088672,0.033580,150.3115,0.086800,0.031760,140.3755,-0.088612,0.033667,150.3116,0.086905,0.031016,134.1057,-0.51123,-0.23488,0.36968,2.13533,-0.88253,0.23248,-0.44174,-0.13645,0.24462,2.06672,-0.88180,0.24222,-0.18930,0.19383,-0.04428,-0.12077,-3.28529,1.92551,-4.69682,-23.46342,7.46713,-3.73712,-5.43335,1.06058,-2.65997,-22.24827,7.42036,-3.80091,-1.37162,-1.88916,-2.38994,-0.37602,88.000,88.000,88.000,139.000,35.000,35.000,88.000,88.000,88.000,139.000,35.000,35.000,25.000,25.000,25.000,25.000
0.8150,0.02897,0.13030,0.46014,0.98335,-0.07976,-0.15829,0.04017,0.07038,0.10449,0.44823,0.68452,0.26751,0.00007,2,0.08734,0.26751,0.087412,0.09462,-88.8826,-0.0504,-10.1568,-76.6608,133.9198,76.1152,73.0095,1,0.08500,0.03000,0.5466,0.4238,0.097741,0.038375,-20.3586,9.1856,185.2763,-5.9498,45.4641,139.8182,-21.6121,-49.3959,190.1317,-11.1631,31.9979,133.2650,0.088668,0.033576,150.3095,0.086815,0.031822,139.8182,-0.088601,0.033660,150.3096,0.086946,0.031075,133.2650,-0.51489,-0.24183,0.37723,2.14888,-0.88226,0.23287,-0.44142,-0.14315,0.24933,2.08049,-0.88146,0.24242,-0.18610,0.18858,-0.04209,-0.11788,-3.28775,2.01628,-4.86799,-23.59945,7.46615,-3.70324,-5.50831,1.11793,-2.75227,-22.36135,7.41929,-3.76151,-1.37096,-1.85930,-2.41722,-0.39098,88.000,88.000,88.000,139.000,35.000,35.000,88.000,88.000,88.000,139.000,35.000,35.000,25.000,25.000,25.000,25.000
0.8200,0.02885,0.13363,0.45528,0.98285,-0.08117,-0.15970,0.04375,0.07035,0.10736,0.44426,0.68452,0.27124,0.00007,2,0.08844,0.27124,0.087860,0.08599,-88.9245,-0.0508,-9.9425,-78.4312,135.8340,77.1828,73.8911,1,0.08500,0.03000,0.5586,0.4345,0.097802,0.038509,-19.3057,9.7100,186.1599,-6.0780,46.2704,139.2409,-19.7453,-46.9661,190.9457,-11.1332,32.6695,132.3853,-0.088599,0.033574,150.3080,0.086827,0.031885,139.2409,-0.088590,0.033654,150.3081,0.086985,0.031135,132.3853,-0.51844,-0.24887,0.38508,2.16218,-0.88200,0.23315,-0.44087,-0.14992,0.25423,2.09399,-0.88112,0.24251,-0.18301,0.18345,-0.03993,-0.11506,-3.29040,2.10779,-5.04379,-23.73049,7.46494,-3.66784,-5.58733,1.17527,-2.84558,-22.46822,7.41770,-3.72025,-1.37029,-1.83000,-2.44409,-0.40548,88.000,88.000,88.000,139.000,35.000,35.000,88.000,88.000,88.000,139.000,35.000,35.000,25.000,25.000,25.000,25.000
0.8250,0.02873,0.13702,0.45037,0.98233,-0.08261,-0.16111,0.04736,0.07030,0.11028,0.44025,0.68452,0.27494,0.00007,2,0.08950,0.27494,0.088264,0.07698,-88.8688,-0.0512,-9.7231,-80.2361,137.7796,78.3231,74.7578,1,0.08500,0.03000,0.5710,0.4457,0.097861,0.038647,-18.2908,10.1006,187.1647,-6.2148,47.0880,138.6409,-17.8853,-44.4516,191.7321,-11.1281,33.3456,131.4646,-0.088599,0.033579,150.3100,0.086838,0.031949,138.6409,-0.088588,0.033656,150.3101,0.087024,0.031198,131.4646,-0.52187,-0.25599,0.39321,2.17523,-0.88173,0.23332,-0.44009,-0.15678,0.25932,2.10721,-0.88078,0.24249,-0.18004,0.17845,-0.03780,-0.11231,-3.29328,2.20003,-5.22423,-23.85616,7.46353,-3.63087,-5.67046,1.23251,-2.93974,-22.56850,7.41565,-3.67708,-1.36954,-1.80122,-2.47052,-0.41952,88.000,88.000,88.000,139.000,35.000,35.000,88.000,88.000,88.000,139.000,35.000,35.000,25.000,25.000,25.000,25.000
0.8300,0.02860,0.14047,0.44541,0.98179,-0.08411,-0.16253,0.05101,0.07024,0.11326,0.43619,0.68452,0.27861,0.00007,2,0.09054,0.27861,0.088622,0.06759,-88.7113,-0.0516,-9.4981,-82.0759,139.7575,79.5373,75.6073,1,0.08500,0.03000,0.5837,0.4573,0.097918,0.038788,-16.6228,13.4884,186.1723,-6.3608,47.9157,138.0155,-15.5071,-41.3055,191.7145,-11.1485,34.0247,130.5010,-0.085011,0.030010,150.0009,0.086848,0.032016,138.0155,-0.085011,0.030011,150.0009,0.087061,0.031262,130.5010,-0.52519,-0.26320,0.40163,2.18801,-0.88146,0.23339,-0.43906,-0.16372,0.26459,2.12014,-0.88044,0.24235,-0.17718,0.17356,-0.03570,-0.10962,-3.29644,2.29295,-5.40930,-23.97606,7.46191,-3.59227,-5.75773,1.28956,-3.03459,-22.66181,7.41316,-3.63197,-1.36864,-1.77291,-2.49645,-0.43308,88.000,88.000,88.000,139.000,35.000,35.000,88.000,88.000,88.000,139.000,35.000,35.000,25.000,25.000,25.000,25.000
0.8350,0.02847,0.14398,0.44040,0.98122,-0.08566,-0.16394,0.05469,0.07017,0.11630,0.43208,0.68452,0.28224,0.00007,2,0.09154,0.28224,0.088931,0.05793,-88.4494,-0.0519,-9.2670,-83.9510,141.7689,80.8267,76.4377,1,0.08500,0.03000,0.5956,0.4694,0.097974,0.038932,-15.6568,14.1479,187.1203,-6.5077,48.6703,137.4022,-13.6639,-38.6248,192.4123,-11.1947,34.7059,129.4922,-0.085011,0.030010,150.0009,0.086855,0.032084,137.4022,-0.085011,0.030010,150.0009,0.087097,0.031328,129.4922,-0.52837,-0.27048,0.41034,2.20051,-0.88120,0.23335,-0.43777,-0.17075,0.27004,2.13276,-0.88010,0.24209,-0.17443,0.16880,-0.03363,-0.10700,-3.29994,2.38653,-5.59921,-24.08975,7.46006,-3.55179,-5.84916,1.34632,-3.12993,-22.74774,7.41027,-3.58492,-1.36751,-1.74503,-2.52184,-0.44613,88.000,88.000,88.000,139.000,35.000,35.000,88.000,88.000,88.000,139.000,35.000,35.000,25.000,25.000,25.000,25.000
0.8400,0.02833,0.14755,0.43534,0.98063,-0.08726,-0.16536,0.05842,0.07008,0.11941,0.42792,0.68452,0.28583,0.00007,2,0.09250,0.28583,0.089192,0.04798,-88.0889,-0.0522,-9.0296,-85.8610,143.8148,82.1936,77.2458,1,0.08500,0.03000,0.6075,0.4819,0.098029,0.039078,-14.7128,14.9846,188.0481,-6.6686,49.4036,136.7582,-11.8263,-35.8541,193.0691,-11.2671,35.3872,128.4364,-0.085011,0.030010,150.0009,0.086861,0.032154,136.7582,-0.085010,0.030010,150.0009,0.087132,0.031397,128.4364,-0.53144,-0.27785,0.41936,2.21272,-0.88093,0.23320,-0.43621,-0.17785,0.27567,2.14505,-0.87975,0.24172,-0.17179,0.16415,-0.03160,-0.10445,-3.30391,2.48071,-5.79554,-24.19645,7.45795,-3.50806,-5.94483,1.40285,-3.22541,-22.82589,7.40700,-3.53590,-1.36608,-1.71753,-2.54665,-0.45865,88.000,88.000,88.000,139.000,35.000,35.000,88.000,88.000,88.000,139.000,35.000,35.000,25.000,25.000,25.000,25.000
0.8450,0.02819,0.15118,0.43022,0.98000,-0.08891,-0.16678,0.06220,0.06999,0.12257,0.42371,0.68452,0.28938,0.00007,2,0.09342,0.28938,0.089402,0.03766,-87.6264,-0.0524,-8.7851,-87.8060,145.8966,83.6404,78.0288,1,0.08500,0.03000,0.6202,0.4950,0.098082,0.039223,-13.7904,16.0140,188.9446,-6.8558,50.1557,136.0453,-9.9946,-32.9925,193.6818,-11.3665,36.0665,127.3311,-0.085010,0.030010,150.0009,0.086865,0.032225,136.0453,-0.085010,0.030010,150.0009,0.087166,0.031467,127.3311,-0.53436,-0.28531,0.42867,2.22463,-0.88066,0.23293,-0.43438,-0.18504,0.28146,2.15702,-0.87940,0.24123,-0.16926,0.15961,-0.02959,-0.10196,-3.30854,2.57555,-5.99845,-24.29531,7.45548,-3.46163,-6.04476,1.45904,-3.32069,-22.89582,7.40339,-3.48490,-1.36424,-1.69035,-2.57085,-0.47061,88.000,88.000,88.000,139.000,35.000,35.000,88.000,88.000,88.000,139.000,35.000,35.000,25.000,25.000,25.000,25.000
0.8500,0.02805,0.15488,0.42505,0.97935,-0.09063,-0.16820,0.06603,0.06987,0.12580,0.41945,0.68452,0.29289,0.00007,2,0.09431,0.29289,0.089559,0.02689,-87.0522,-0.0525,-8.5330,-89.7863,148.0160,85.1685,78.7837,1,0.08500,0.03000,0.6333,0.5085,0.098134,0.039368,-12.8902,17.2358,189.8060,-7.0650,50.9140,135.2702,-8.1692,-30.0389,194.2472,-11.4938,36.7421,126.1743,-0.085010,0.030010,150.0009,0.086868,0.032299,135.2702,-0.085010,0.030010,150.0009,0.087198,0.031540,126.1743,-0.53715,-0.29284,0.43830,2.23621,-0.88039,0.23255,-0.43227,-0.19232,0.28742,2.16864,-0.87905,0.24062,-0.16683,0.15517,-0.02762,-0.09952,-3.31393,2.67113,-6.20707,-24.38562,7.45264,-3.41312,-6.14889,1.51471,-3.41552,-22.95713,7.39945,-3.43189,-1.36192,-1.66345,-2.59439,-0.48201,88.000,88.000,88.000,139.000,35.000,35.000,88.000,88.000,88.000,139.000,35.000,35.000,25.000,25.000,25.000,25.000
0.8550,0.02790,0.15863,0.41982,0.97868,-0.09240,-0.16961,0.06991,0.06975,0.12909,0.41514,0.68452,0.29635,0.00007,2,0.09515,0.29635,0.089661,0.01566,-86.3584,-0.0526,-8.2726,-91.8022,150.1748,86.7787,79.5074,1,0.08500,0.03000,0.6470,0.5226,0.098186,0.039510,-12.0131,18.6513,190.6267,-7.2934,51.6730,134.4374,-6.3509,-26.9925,194.7617,-11.6497,37.4118,124.9641,-0.085010,0.030010,150.0009,0.086869,0.032375,134.4374,-0.085010,0.030010,150.0009,0.087229,0.031614,124.9641,-0.53980,-0.30047,0.44823,2.24745,-0.88012,0.23205,-0.42986,-0.19968,0.29353,2.17989,-0.87869,0.23989,-0.16450,0.15085,-0.02568,-0.09716,-3.32013,2.76748,-6.42077,-24.46673,7.44943,-3.36241,-6.25713,1.56967,-3.50965,-23.00943,7.39520,-3.37688,-1.35903,-1.63677,-2.61719,-0.49282,88.000,88.000,88.000,139.000,35.000,35.000,88.000,88.000,88.000,139.000,35.000,35.000,25.000,25.000,25.000,25.000
0.8600,0.02774,0.16246,0.41454,0.97797,-0.09424,-0.17102,0.07385,0.06961,0.13245,0.41077,0.68452,0.29975,0.00007,2,0.09596,0.29975,0.089706,0.00394,-85.5385,-0.0527,-8.0033,-93.8540,152.3747,88.4713,80.1968,1,0.08500,0.03000,0.6610,0.5372,0.098237,0.039648,-11.1600,20.2634,191.3998,-7.5407,52.4270,133.5478,-4.5406,-23.8527,195.2216,-11.8349,38.0733,123.6994,-0.085010,0.030010,150.0009,0.086868,0.032454,133.5478,-0.085010,0.030010,150.0009,0.087259,0.031691,123.6994,-0.54230,-0.30818,0.45848,2.25832,-0.87984,0.23143,-0.42715,-0.20713,0.29979,2.19076,-0.87832,0.23904,-0.16226,0.14662,-0.02377,-0.09485,-3.32721,2.86458,-6.63913,-24.53796,7.44587,-3.30943,-6.36930,1.62376,-3.60287,-23.05232,7.39066,-3.31986,-1.35550,-1.61025,-2.63920,-0.50302,88.000,88.000,88.000,139.000,35.000,35.000,88.000,88.000,88.000,139.000,35.000,35.000,25.000,25.000,25.000,25.000
0.8650,0.02758,0.16634,0.40920,0.97722,-0.09614,-0.17243,0.07785,0.06945,0.13587,0.40634,0.68452,0.30311,0.00007,2,0.09671,0.30311,0.089690,-0.00826,-84.5875,-0.0527,-7.7243,-95.9418,154.6176,90.2465,80.8482,1,0.08500,0.03000,0.6755,0.5523,0.098287,0.039781,-10.3320,22.0751,192.1175,-7.8068,53.1719,132.6020,-2.7394,-20.6189,195.6231,-12.0499,38.7240,122.3789,-0.085010,0.030010,150.0009,0.086866,0.032534,132.6020,-0.085010,0.030010,150.0009,0.087288,0.031769,122.3789,-0.54465,-0.31597,0.46903,2.26882,-0.87956,0.23069,-0.42413,-0.21466,0.30619,2.20124,-0.87795,0.23808,-0.16013,0.14249,-0.02189,-0.09260,-3.33522,2.96240,-6.86182,-24.59863,7.44198,-3.25413,-6.48522,1.67681,-3.69492,-23.08541,7.38585,-3.26083,-1.35127,-1.58385,-2.66032,-0.51258,88.000,88.000,88.000,139.000,35.000,35.000,88.000,88.000,88.000,139.000,35.000,35.000,25.000,25.000,25.000,25.000
0.8700,0.02741,0.17030,0.40379,0.97645,-0.09811,-0.17382,0.08192,0.06928,0.13936,0.40186,0.68452,0.30640,0.00007,2,0.09742,0.30640,0.089611,-0.02093,-83.5017,-0.0526,-7.4352,-98.0656,156.9052,92.1040,81.4581,1,0.08500,0.03000,0.6903,0.5680,0.098338,0.039910,-9.5304,24.0888,192.7715,-8.0916,53.9046,131.5999,-0.9486,-17.2907,195.9621,-12.2950,39.3615,121.0019,-0.085010,0.030010,150.0009,0.086861,0.032617,131.5999,-0.085010,0.030010,150.0009,0.087315,0.031850,121.0019,-0.54684,-0.32386,0.47989,2.27892,-0.87928,0.22983,-0.42079,-0.22228,0.31273,2.21131,-0.87757,0.23699,-0.15809,0.13845,-0.02004,-0.09041,-3.34421,3.06090,-7.08854,-24.64811,7.43779,-3.19651,-6.60468,1.72869,-3.78554,-23.10832,7.38079,-3.19983,-1.34626,-1.55751,-2.68045,-0.52150,88.000,88.000,88.000,139.000,35.000,35.000,88.000,88.000,88.000,139.000,35.000,35.000,25.000,25.000,25.000,25.000
0.8750,0.02724,0.17432,0.39833,0.97564,-0.10014,-0.17520,0.08605,0.06910,0.14291,0.39732,0.68452,0.30962,0.00007,2,0.09809,0.30962,0.089468,-0.03406,-82.2784,-0.0525,-7.1350,-100.2253,159.2395,94.0435,82.0226,1,0.08500,0.03000,0.7056,0.5842,0.098388,0.040032,-8.7566,26.3062,193.3531,-8.3954,54.6222,130.5406,0.8301,-13.8681,196.2346,-12.5704,39.9833,119.5677,-0.085010,0.030010,150.0009,0.086855,0.032702,130.5406,-0.085010,0.030010,150.0009,0.087341,0.031933,119.5677,-0.54887,-0.33183,0.49105,2.28860,-0.87898,0.22885,-0.41713,-0.22998,0.31939,2.22096,-0.87719,0.23578,-0.15615,0.13451,-0.01823,-0.08827,-3.35421,3.16004,-7.31899,-24.68575,7.43331,-3.13656,-6.72743,1.77926,-3.87444,-23.12067,7.37549,-3.13689,-1.34044,-1.53118,-2.69951,-0.52973,88.000,88.000,88.000,139.000,35.000,35.000,88.000,88.000,88.000,139.000,35.000,35.000,25.000,25.000,25.000,25.000
0.8800,0.02706,0.17841,0.39280,0.97479,-0.10225,-0.17657,0.09025,0.06890,0.14654,0.39271,0.68452,0.31277,0.00007,2,0.09870,0.31277,0.089258,-0.04760,-80.9156,-0.0523,-6.8232,-102.4208,161.6223,96.0644,82.5377,1,0.08500,0.03000,0.7212,0.6010,0.098439,0.040147,-8.0113,28.7316,193.8493,-8.7183,55.3220,129.4222,2.5957,-10.3506,196.4345,-12.8762,40.5867,118.0759,-0.085004,0.030004,150.0004,0.086847,0.032790,129.4222,-0.085004,0.030004,150.0004,0.087366,0.032019,118.0759,-0.55072,-0.33990,0.50252,2.29783,-0.87869,0.22774,-0.41314,-0.23777,0.32617,2.23015,-0.87680,0.23446,-0.15429,0.13065,-0.01646,-0.08620,-3.36526,3.25978,-7.55285,-24.71091,7.42857,-3.07429,-6.85318,1.82840,-3.96134,-23.12209,7.36999,-3.07204,-1.33373,-1.50482,-2.71738,-0.53725,88.000,88.000,88.000,139.000,35.000,35.000,88.000,88.000,88.000,139.000,35.000,35.000,25.000,25.000,25.000,25.000
0.8850,0.02687,0.18258,0.38720,0.97391,-0.10443,-0.17792,0.09453,0.06868,0.15023,0.38804,0.68452,0.31585,0.00007,2,0.09926,0.31585,0.088979,-0.06153,-79.4123,-0.0520,-6.4991,-104.6520,164.0555,98.1657,82.9994,1,0.08500,0.03000,0.7373,0.6175,0.098491,0.040255,-7.2828,31.6807,194.0198,-9.0612,56.0017,128.2424,4.3446,-6.7399,196.5607,-13.2091,41.1123,116.5526,-0.085004,0.030004,150.0004,0.086837,0.032880,128.2424,-0.085004,0.030004,150.0004,0.087390,0.032106,116.5526,-0.55240,-0.34806,0.51429,2.30659,-0.87839,0.22651,-0.40881,-0.24565,0.33306,2.23889,-0.87640,0.23300,-0.15254,0.12688,-0.01472,-0.08418,-3.37737,3.36008,-7.78973,-24.72295,7.42358,-3.00970,-6.98161,1.87600,-4.04600,-23.11221,7.36430,-3.00531,-1.32609,-1.47839,-2.73397,-0.54405,88.000,88.000,88.000,139.000,35.000,35.000,88.000,88.000,88.000,139.000,35.000,35.000,25.000,25.000,25.000,25.000
0.8900,0.02667,0.18681,0.38153,0.97299,-0.10668,-0.17925,0.09887,0.06845,0.15400,0.38331,0.68452,0.31883,0.00007,2,0.09976,0.31883,0.088629,-0.07581,-77.7682,-0.0517,-6.1619,-106.9177,166.5408,100.3475,83.4025,1,0.08500,0.03000,0.7538,0.6332,0.098544,0.040355,-6.5435,35.7883,193.3307,-9.4251,56.6589,126.9984,6.0754,-3.0356,196.6069,-13.5737,41.5274,115.0012,-0.085004,0.030004,150.0004,0.086825,0.032972,126.9984,-0.085004,0.030004,150.0004,0.087412,0.032196,115.0012,-0.55390,-0.35631,0.52635,2.31486,-0.87808,0.22516,-0.40414,-0.25361,0.34006,2.24714,-0.87599,0.23143,-0.15087,0.12319,-0.01302,-0.08222,-3.39052,3.46104,-8.02912,-24.72123,7.41836,-2.94284,-7.11262,1.92188,-4.12994,-23.09036,7.35835,-2.93502,-1.31744,-1.45183,-2.74916,-0.55007,88.000,88.000,88.000,139.000,35.000,35.000,88.000,88.000,88.000,139.000,35.000,35.000,25.000,25.000,25.000,25.000
0.8950,0.02646,0.19112,0.37580,0.97203,-0.10901,-0.18056,0.10328,0.06820,0.15784,0.37850,0.68452,0.32172,0.00007,2,0.10021,0.32172,0.088206,-0.09038,-75.9837,-0.0513,-5.8109,-109.2169,169.0802,102.6108,83.7418,1,0.08500,0.03000,0.7708,0.6501,0.098598,0.040446,-5.8497,39.9876,192.5284,-9.8103,57.2912,125.6882,7.7862,0.7635,196.5685,-13.9855,41.9422,113.3557,-0.085004,0.030004,150.0004,0.086811,0.033066,125.6882,-0.085004,0.030004,150.0004,0.087433,0.032288,113.3557,-0.55521,-0.36466,0.53870,2.32262,-0.87776,0.22368,-0.39913,-0.26166,0.34717,2.25490,-0.87555,0.22975,-0.14929,0.11958,-0.01135,-0.08031,-3.40469,3.56276,-8.27036,-24.70517,7.41291,-2.87373,-7.24619,1.96606,-4.21361,-23.05564,7.35207,-2.86157,-1.30772,-1.42510,-2.76287,-0.55529,88.000,88.000,88.000,139.000,35.000,35.000,88.000,88.000,88.000,139.000,35.000,35.000,25.000,25.000,25.000,25.000
0.9000,0.02625,0.19550,0.36999,0.97104,-0.11141,-0.18184,0.10777,0.06794,0.16175,0.37363,0.68452,0.32451,0.00007,2,0.10055,0.32451,0.087709,-0.10525,-74.0603,-0.0508,-5.4532,-111.5534,171.6691,104.9575,84.0117,1,0.08500,0.03000,0.7883,0.6647,0.098654,0.040528,-5.2042,44.2755,191.6064,-10.2219,57.8992,124.3073,9.4779,4.6528,196.4407,-13.1901,42.9617,112.6839,-0.085004,0.030004,150.0004,0.086795,0.033163,124.3073,-0.085004,0.030004,150.0004,0.087454,0.032383,112.6839,-0.55633,-0.37311,0.55134,2.32982,-0.87744,0.22207,-0.39382,-0.26980,0.35433,2.26191,-0.87439,0.22781,-0.14781,0.11604,-0.00973,-0.07846,-3.41980,3.66534,-8.51264,-24.67439,7.40723,-2.80248,-7.37506,2.00714,-4.29909,-23.01272,7.31750,-2.81152,-1.29670,-1.39818,-2.77494,-0.55964,88.000,88.000,88.000,139.000,35.000,35.000,88.000,88.000,88.000,139.000,35.000,35.000,25.000,25.000,25.000,25.000
0.9050,0.02602,0.19996,0.36409,0.97000,-0.11388,-0.18308,0.11230,0.06765,0.16573,0.36868,0.68452,0.32719,0.00007,2,0.10064,0.32719,0.087137,-0.12017,-71.9959,-0.0503,-5.1228,-113.8262,174.5677,107.1017,84.2139,1,0.08500,0.03000,0.8062,0.6728,0.098712,0.040602,-4.6111,48.6485,190.5602,-10.6687,58.4706,122.8764,11.2091,8.6569,196.2155,-16.2502,45.8301,120.4528,-0.085011,0.030011,150.0010,0.086777,0.033263,122.8764,-0.085010,0.030011,150.0010,0.087453,0.032460,120.4528,-0.55727,-0.38164,0.56429,2.33646,-0.87712,0.22033,-0.38820,-0.27803,0.36146,2.26771,-0.87173,0.22549,-0.14641,0.11257,-0.00817,-0.07668,-3.42873,3.76170,-8.77722,-24.62538,7.40166,-2.72917,-7.44012,2.05997,-4.26126,-22.47004,6.08271,-2.33243,-1.28242,-1.36867,-2.77899,-0.55781,88.000,88.000,88.000,139.000,35.000,35.000,88.000,88.000,88.000,139.000,35.000,35.000,25.000,25.000,25.000,25.000
0.9100,0.02578,0.20449,0.35813,0.96892,-0.11643,-0.18429,0.11691,0.06735,0.16978,0.36365,0.68452,0.32974,0.00007,2,0.10080,0.32974,0.086490,-0.13524,-69.8077,-0.0496,-4.6690,-116.2170,177.2381,109.5720,84.3522,1,0.08500,0.03000,0.8235,0.7016,0.098772,0.040666,-4.0698,53.1029,189.3779,-11.0582,58.9888,121.4625,13.0367,12.7859,195.8750,-19.0010,42.8182,111.2833,-0.085004,0.030004,150.0004,0.086756,0.033365,121.4625,-0.085004,0.030004,150.0004,0.087398,0.032481,111.2833,-0.55800,-0.39028,0.57751,2.34251,-0.87679,0.21847,-0.38217,-0.28632,0.36881,2.27336,-0.87003,0.22354,-0.14511,0.10917,-0.00666,-0.07495,-3.44562,3.86434,-9.02181,-24.56500,7.39568,-2.65289,-7.63085,2.08518,-4.41174,-22.56619,6.59398,-2.61619,-1.26979,-1.34048,-2.78540,-0.56278,88.000,88.000,88.000,139.000,35.000,35.000,88.000,88.000,88.000,139.000,35.000,35.000,25.000,25.000,25.000,25.000
0.9150,0.02553,0.20909,0.35207,0.96780,-0.11906,-0.18546,0.12160,0.06702,0.17391,0.35855,0.68452,0.33217,0.00007,2,0.10099,0.33217,0.085767,-0.15035,-67.4880,-0.0489,-4.2526,-118.6715,179.9516,112.1771,84.3850,1,0.08500,0.03000,0.8432,0.7222,0.098834,0.040723,-3.5868,57.6326,188.0587,-11.5461,59.5361,119.8675,14.7442,16.9308,195.4391,-14.9764,45.7560,111.1068,-0.085004,0.030004,150.0004,0.086734,0.033470,119.8675,-0.085004,0.030004,150.0004,0.087379,0.032541,111.1068,-0.55852,-0.39903,0.59095,2.34794,-0.87645,0.21648,-0.37580,-0.29468,0.37630,2.27879,-0.86873,0.22166,-0.14389,0.10583,-0.00519,-0.07327,-3.46273,3.97020,-9.26154,-24.48930,7.38948,-2.57635,-7.77472,2.11287,-4.52522,-22.63229,6.85724,-2.63968,-1.25497,-1.31266,-2.79136,-0.56535,88.000,88.000,88.000,139.000,35.000,35.000,88.000,88.000,88.000,139.000,35.000,35.000,25.000,25.000,25.000,25.000
0.9200,0.02526,0.21377,0.34594,0.96664,-0.12178,-0.18659,0.12637,0.06668,0.17811,0.35336,0.68452,0.33445,0.00007,2,0.10119,0.33445,0.084674,-0.21064,-65.0453,-0.0482,-3.8568,-121.1757,182.7234,114.9013,84.3283,1,0.08500,0.03000,0.0000,0.7420,0.000000,0.000000,-3.1650,62.2315,186.5951,0.0000,0.0000,0.0000,16.3958,21.1382,194.8970,-12.4922,47.3064,109.9083,-0.085005,0.030005,150.0005,0.000000,0.000000,0.0000,-0.085005,0.030005,150.0005,0.087386,0.032629,109.9083,-0.55890,-0.40796,0.60403,2.35172,-0.87370,0.21359,-0.36918,-0.30310,0.38390,2.28389,-0.86746,0.21979,-0.14278,0.10255,-0.00377,-0.07165,-3.48212,4.07930,-9.49566,-24.39728,7.38318,-2.49908,-7.89057,2.14114,-4.61912,-22.65396,6.92662,-2.63280,-1.23854,-1.28553,-2.79681,-0.56688,88.000,88.000,88.000,139.000,35.000,35.000,88.000,88.000,88.000,139.000,35.000,35.000,25.000,25.000,25.000,25.000
0.9250,0.02498,0.21853,0.33971,0.96542,-0.12459,-0.18766,0.13122,0.06632,0.18238,0.34809,0.68452,0.33657,0.00007,2,0.10136,0.33657,0.083648,-0.20240,-58.3982,-0.0470,-3.4750,-123.6057,185.7601,117.7249,84.1609,1,0.08500,0.03000,0.8762,0.7661,0.098882,0.040535,-2.5953,66.9455,184.9651,-14.5257,63.4520,123.8207,18.0245,25.4185,194.2409,-10.9867,48.2749,107.7023,-0.085005,0.030005,150.0005,0.086629,0.033562,123.8207,-0.085005,0.030005,150.0005,0.087407,0.032737,107.7023,-0.55895,-0.41698,0.61758,2.35526,-0.87211,0.21114,-0.36231,-0.31160,0.39157,2.28855,-0.86596,0.21784,-0.14175,0.09934,-0.00240,-0.07008,-3.48107,4.20627,-9.53455,-23.94542,6.58464,-2.18225,-7.97909,2.16318,-4.70282,-22.63605,6.87036,-2.59167,-1.21679,-1.25584,-2.79790,-0.56606,88.000,88.000,88.000,139.000,35.000,35.000,88.000,88.000,88.000,139.000,35.000,35.000,25.000,25.000,25.000,25.000
0.9300,0.02469,0.22337,0.33339,0.96416,-0.12748,-0.18869,0.13616,0.06594,0.18673,0.34274,0.68452,0.33853,0.00007,2,0.10149,0.33853,0.082634,-0.20257,-57.3416,-0.0460,-3.0356,-126.1840,188.6433,120.5954,83.9279,1,0.08500,0.03000,0.9038,0.7894,0.098899,0.040409,-2.2001,71.6605,183.1952,-18.0990,59.8138,115.2456,19.6452,29.7783,193.4628,-10.3902,48.8497,105.4398,-0.085005,0.030005,150.0005,0.086574,0.033606,115.2456,-0.085005,0.030005,150.0005,0.087436,0.032858,105.4398,-0.55865,-0.42614,0.63146,2.35841,-0.87141,0.20875,-0.35522,-0.32019,0.39928,2.29269,-0.86411,0.21580,-0.14080,0.09619,-0.00108,-0.06856,-3.55844,4.31365,-9.84065,-23.95101,6.99934,-2.29354,-8.06311,2.19061,-4.77453,-22.57098,6.73385,-2.53084,-1.19729,-1.22891,-2.79995,-0.56569,88.000,88.000,88.000,139.000,35.000,35.000,88.000,88.000,88.000,139.000,35.000,35.000,25.000,25.000,25.000,25.000
0.9350,0.02438,0.22829,0.32698,0.96285,-0.13046,-0.18965,0.14118,0.06554,0.19117,0.33731,0.68452,0.34032,0.00007,2,0.10151,0.34032,0.081606,-0.20695,-55.6343,-0.0449,-2.6080,-128.8047,191.6113,123.5890,83.5927,1,0.08500,0.03000,0.9306,0.8157,0.098940,0.040366,-1.9523,76.4112,181.2680,-14.8900,62.1111,114.3942,21.2632,34.2171,192.5555,-10.3567,49.3298,102.9893,-0.085005,0.030005,150.0005,0.086536,0.033691,114.3942,-0.085005,0.030005,150.0005,0.087469,0.032988,102.9893,-0.55808,-0.43540,0.64560,2.36103,-0.87109,0.20636,-0.34792,-0.32887,0.40692,2.29602,-0.86133,0.21346,-0.13995,0.09310,0.00020,-0.06710,-3.61301,4.42481,-10.10270,-23.90350,7.26523,-2.23879,-8.14533,2.22005,-4.82986,-22.47003,6.54897,-2.46031,-1.17660,-1.20152,-2.80115,-0.56466,88.000,88.000,88.000,139.000,35.000,35.000,88.000,88.000,88.000,139.000,35.000,35.000,25.000,25.000,25.000,25.000
0.9400,0.02405,0.23329,0.32047,0.96149,-0.13352,-0.19055,0.14627,0.06513,0.19568,0.33179,0.68452,0.34192,0.00007,2,0.10128,0.34192,0.080544,-0.21464,-53.5683,-0.0438,-2.2252,-131.3519,194.8890,126.3942,83.1841,1,0.08500,0.03000,0.9540,0.8258,0.098997,0.040369,-1.8046,81.1954,179.1776,-12.7298,63.4274,113.0237,22.9164,38.7501,191.5041,-13.7864,52.1346,108.8429,-0.085005,0.030005,150.0005,0.086506,0.033802,113.0237,-0.085005,-0.001516,150.0005,0.087485,0.033102,108.8429,-0.55731,-0.44474,0.66001,2.36304,-0.87078,0.20395,-0.34041,-0.33766,0.41438,2.29806,-0.85701,0.21074,-0.13919,0.09005,0.00142,-0.06570,-3.63016,4.51644,-10.37732,-23.80489,7.33779,-2.21789,-8.16133,2.26138,-4.73160,-21.88125,5.36101,-2.02147,-1.15175,-1.17085,-2.79458,-0.55815,88.000,88.000,88.000,139.000,35.000,35.000,88.000,88.000,88.000,139.000,35.000,35.000,25.000,25.000,25.000,25.000
0.9450,0.02371,0.23837,0.31386,0.96008,-0.13667,-0.19139,0.15143,0.06469,0.20027,0.32616,0.68452,0.34333,0.00007,2,0.10110,0.34333,0.079436,-0.22442,-51.1857,-0.0427,-1.7448,-134.0330,197.9816,129.4944,82.7043,1,0.08500,0.03000,0.9781,0.8554,0.099063,0.040391,-1.7252,86.0066,176.9194,-11.6489,64.2305,111.2324,24.6330,43.3699,190.2967,-16.8708,48.0970,99.3101,-0.085005,0.030005,150.0005,0.086480,0.033931,111.2324,-0.085005,-0.022697,150.0005,0.087455,0.033159,99.3101,-0.55634,-0.45418,0.67461,2.36436,-0.87027,0.20148,-0.33254,-0.34652,0.42192,2.29979,-0.85322,0.20824,-0.13851,0.08706,0.00258,-0.06435,-3.63944,4.61061,-10.62001,-23.66541,7.29676,-2.16408,-8.31201,2.27940,-4.83184,-21.88078,5.65131,-2.21130,-1.12912,-1.14214,-2.79020,-0.55815,88.000,88.000,88.000,139.000,35.000,35.000,88.000,88.000,88.000,139.000,35.000,35.000,25.000,25.000,25.000,25.000
0.9500,0.02335,0.24353,0.30714,0.95862,-0.13991,-0.19216,0.15667,0.06423,0.20494,0.32045,0.68452,0.34452,0.00007,2,0.10091,0.34452,0.078042,-0.28333,-48.5640,-0.0416,-1.3006,-136.7649,201.1587,132.6942,82.1158,1,0.08500,0.03000,1.0068,0.8900,0.099140,0.040414,-1.6986,90.8401,174.4872,-11.4076,64.9124,109.1000,26.2500,48.0046,188.9632,-14.0588,49.8391,96.9690,-0.085005,0.030005,150.0006,0.086455,0.034070,109.1000,-0.085005,-0.030005,150.0006,0.087455,0.033257,96.9690,-0.55528,-0.46375,0.68879,2.36413,-0.86756,0.19836,-0.32442,-0.35544,0.42950,2.30108,-0.84949,0.20574,-0.13792,0.08411,0.00369,-0.06305,-3.64021,4.70488,-10.84610,-23.49103,7.18709,-2.09768,-8.42330,2.29759,-4.89305,-21.82314,5.72433,-2.19045,-1.10442,-1.11332,-2.78480,-0.55547,88.000,88.000,88.000,139.000,35.000,35.000,88.000,88.000,88.000,139.000,35.000,35.000,25.000,25.000,25.000,25.000
0.9550,0.02297,0.24877,0.30030,0.95711,-0.14323,-0.19285,0.16195,0.06376,0.20969,0.31464,0.68452,0.34550,0.00007,2,0.10044,0.34550,0.076665,-0.26825,-41.5561,-0.0401,-0.8776,-139.3989,204.6243,135.9335,81.4194,1,0.08500,0.03000,0.9962,0.0000,0.099158,0.040190,34.8115,78.0361,159.9653,-12.9555,67.2542,114.5853,27.8109,52.6811,187.4882,0.0000,0.0000,0.0000,-0.085005,0.029464,150.0006,0.086394,0.034107,114.5853,-0.085005,-0.030005,150.0006,0.000000,0.000000,0.0000,-0.55395,-0.47338,0.70332,2.36320,-0.86523,0.19533,-0.31622,-0.36446,0.43677,2.30094,-0.84392,0.20258,-0.13743,0.08121,0.00472,-0.06181,-3.60177,4.81832,-10.81917,-22.93361,6.22740,-1.77986,-8.49869,2.30585,-4.94033,-21.72003,5.64193,-2.14562,-1.07440,-1.08186,-2.77386,-0.55035,88.000,88.000,88.000,139.000,35.000,35.000,88.000,88.000,88.000,139.000,35.000,35.000,25.000,25.000,25.000,25.000
0.9600,0.02258,0.25409,0.29336,0.95555,-0.14664,-0.19347,0.16731,0.06327,0.21451,0.30871,0.68452,0.34702,0.00007,2,0.10004,0.34702,0.075339,-0.26095,-40.4981,-0.0387,-0.4144,-142.0669,208.1029,139.0097,80.6341,1,0.08500,0.03000,0.9813,0.9430,0.099221,0.039994,49.1440,75.7194,153.0810,-13.3582,61.7381,107.2805,29.4395,57.4498,185.8317,-14.3219,52.9615,96.9682,-0.085005,0.018721,150.0006,0.086346,0.034184,107.2805,-0.085005,-0.030005,150.0006,0.087435,0.033436,96.9682,-0.55233,-0.48310,0.71823,2.36162,-0.86342,0.19242,-0.30768,-0.37355,0.44414,2.30051,-0.83887,0.19969,-0.13702,0.07835,0.00570,-0.06062,-3.65160,4.89703,-11.17725,-22.78462,6.56162,-1.83289,-8.52591,2.32901,-4.87430,-21.26532,4.93425,-1.88723,-1.04367,-1.04956,-2.75669,-0.54147,88.000,88.000,88.000,139.000,35.000,35.000,88.000,88.000,88.000,139.000,35.000,35.000,25.000,25.000,25.000,25.000
