t,x,y,z,qw,qx,qy,qz,com_x,com_y,com_z,com_ref_z,tilt,com_ref_y,n_stance,swing_z,trunk_tilt,foot_z,foot_vz,acc_ref_z,e_lin_z,acom_x,acom_y,acom_z,arp_r,arp_p,degraded,cop_lx,cop_ly,slip_l,slip_r,patch_lx,patch_ly,fqp_l_x,fqp_l_y,fqp_l_z,fmj_l_x,fmj_l_y,fmj_l_z,fqp_r_x,fqp_r_y,fqp_r_z,fmj_r_x,fmj_r_y,fmj_r_z,cop_qp_l_x,cop_qp_l_y,fz_qp_l,cop_mj_l_x,cop_mj_l_y,fz_mj_l,cop_qp_r_x,cop_qp_r_y,fz_qp_r,cop_mj_r_x,cop_mj_r_y,fz_mj_r,left_hip_pitch_joint,left_hip_roll_joint,left_hip_yaw_joint,left_knee_joint,left_ankle_pitch_joint,left_ankle_roll_joint,right_hip_pitch_joint,right_hip_roll_joint,right_hip_yaw_joint,right_knee_joint,right_ankle_pitch_joint,right_ankle_roll_joint,left_shoulder_pitch_joint,left_elbow_joint,right_shoulder_pitch_joint,right_elbow_joint,tau_left_hip_pitch_joint,tau_left_hip_roll_joint,tau_left_hip_yaw_joint,tau_left_knee_joint,tau_left_ankle_pitch_joint,tau_left_ankle_roll_joint,tau_right_hip_pitch_joint,tau_right_hip_roll_joint,tau_right_hip_yaw_joint,tau_right_knee_joint,tau_right_ankle_pitch_joint,tau_right_ankle_roll_joint,tau_left_shoulder_pitch_joint,tau_left_elbow_joint,tau_right_shoulder_pitch_joint,tau_right_elbow_joint,lim_left_hip_pitch_joint,lim_left_hip_roll_joint,lim_left_hip_yaw_joint,lim_left_knee_joint,lim_left_ankle_pitch_joint,lim_left_ankle_roll_joint,lim_right_hip_pitch_joint,lim_right_hip_roll_joint,lim_right_hip_yaw_joint,lim_right_knee_joint,lim_right_ankle_pitch_joint,lim_right_ankle_roll_joint,lim_left_shoulder_pitch_joint,lim_left_elbow_joint,lim_right_shoulder_pitch_joint,lim_right_elbow_joint
0.0000,-0.00013,0.00000,0.75201,1.00000,-0.00000,-0.00089,0.00002,0.03516,0.00007,0.68452,0.68452,0.00183,0.00007,2,0.03428,0.00183,0.034277,0.01507,-1.1824,0.0000,0.9512,-0.0021,-1.9537,-0.0004,0.7969,1,0.08500,0.03000,0.0862,0.0862,0.056853,0.118397,-0.0000,0.0000,0.0000,-8.9380,-0.6137,173.2324,0.0000,-0.0000,0.0000,-8.9347,0.6301,173.0819,0.000000,0.000000,0.0000,0.025531,-0.000134,173.2324,0.000000,0.000000,0.0000,0.025547,0.000147,173.0819,-0.32379,0.00003,-0.00005,0.70601,-0.38079,-0.00002,-0.32376,-0.00005,-0.00002,0.70600,-0.38079,0.00003,0.00106,0.00078,0.00111,0.00082,0.06784,0.02279,-0.02885,0.03332,-0.00220,0.00090,-0.12449,0.02018,-0.03190,0.00918,-0.00753,0.00090,-1.72955,-1.18198,-1.33761,-1.04087,88.000,88.000,88.000,139.000,35.000,35.000,88.000,88.000,88.000,139.000,35.000,35.000,25.000,25.000,25.000,25.000
0.0050,-0.00023,0.00000,0.75184,1.00000,-0.00001,-0.00089,0.00004,0.03512,0.00007,0.68456,0.68452,0.00178,0.00007,2,0.03435,0.00178,0.034351,0.01448,-1.3260,-0.0001,0.5054,-0.0022,0.4478,0.0684,-0.5680,1,0.08500,0.03000,0.4850,0.4846,-0.009854,0.118666,5.6748,-5.6781,9.4652,19.2616,-0.2829,66.1941,5.5931,5.5965,9.3290,19.2062,0.2852,66.0599,-0.030031,0.006076,9.4634,-0.041177,0.000135,66.1941,-0.030048,-0.030000,9.3272,-0.041119,-0.000124,66.0599,-0.32502,0.00001,-0.00010,0.70824,-0.38170,-0.00003,-0.32497,-0.00006,-0.00006,0.70820,-0.38171,0.00005,0.00044,0.00029,0.00057,0.00037,3.31373,3.02297,-1.75809,0.78562,0.33713,0.14046,3.32842,-2.82009,1.65725,0.77759,0.33472,0.08317,-0.91794,-0.41971,-0.96928,-0.44033,88.000,88.000,88.000,139.000,35.000,35.000,88.000,88.000,88.000,139.000,35.000,35.000,25.000,25.000,25.000,25.000
0.0100,-0.00035,-0.00000,0.75154,1.00000,-0.00002,-0.00089,0.00009,0.03511,0.00008,0.68445,0.68452,0.00177,0.00007,2,0.03442,0.00177,0.034428,0.01598,-1.3962,-0.0001,-0.0636,-0.0006,2.6226,0.0978,0.8500,1,0.08500,0.03000,0.5353,0.5340,-0.005822,0.119276,-20.9821,-26.7764,44.6208,24.1567,-5.8642,77.3990,18.8827,26.7439,44.5781,24.0360,5.7439,77.1351,-0.085000,-0.027230,44.6265,-0.037142,0.000744,77.3990,-0.085000,0.030000,44.5732,-0.037130,-0.003475,77.1351,-0.32683,0.00018,0.00006,0.71170,-0.38349,0.00004,-0.32668,-0.00006,-0.00010,0.71154,-0.38331,-0.00004,-0.00057,-0.00079,-0.00036,-0.00066,-13.17107,16.85962,-6.80439,-14.01092,-3.20828,2.15243,12.69667,-14.84702,10.68289,-0.81122,-1.11218,-2.27316,-3.75157,-2.59050,-3.91345,-2.60180,88.000,88.000,88.000,139.000,35.000,35.000,88.000,88.000,88.000,139.000,35.000,35.000,25.000,25.000,25.000,25.000
0.0150,-0.00047,-0.00001,0.75116,1.00000,-0.00003,-0.00085,0.00014,0.03513,0.00008,0.68424,0.68452,0.00178,0.00007,2,0.03448,0.00178,0.034498,0.01270,-1.6391,-0.0002,-0.4646,-0.0623,3.9339,0.2168,0.0911,1,0.08500,0.03000,0.3208,0.6708,-0.021625,0.107487,-7.8682,-1.0796,67.1724,-2.7470,-22.4144,117.3057,-7.7670,-1.0149,66.4853,36.2346,27.0680,112.3797,-0.054866,0.013646,67.1756,-0.052944,-0.011059,117.3057,-0.055178,0.014594,66.4869,-0.055191,0.011051,112.3797,-0.32901,0.00038,0.00024,0.71576,-0.38566,0.00006,-0.32876,-0.00007,-0.00017,0.71548,-0.38526,-0.00020,-0.00180,-0.00199,-0.00152,-0.00182,-1.65353,-0.48405,-0.00238,-11.23180,-1.52111,-0.87976,-1.73236,-0.22862,-0.04270,-11.13986,-1.52862,-0.93505,-0.85759,-0.47002,-1.00977,-0.47831,88.000,88.000,88.000,139.000,35.000,35.000,88.000,88.000,88.000,139.000,35.000,35.000,25.000,25.000,25.000,25.000
0.0200,-0.00060,-0.00002,0.75075,1.00000,-0.00003,-0.00079,0.00020,0.03517,0.00008,0.68397,0.68452,0.00171,0.00007,2,0.03453,0.00171,0.034552,0.00993,-1.4875,-0.0003,-0.7180,-0.0217,4.7849,0.1100,-0.4206,1,0.08500,0.03000,0.1285,0.1310,-0.014375,0.125305,-12.1444,-0.4177,81.4773,10.0314,-2.6335,134.5240,-12.1002,-0.3289,81.1231,10.6250,-0.4270,135.3228,-0.023451,0.003799,81.4847,-0.045682,0.006738,134.5240,-0.023448,0.004733,81.1260,-0.045573,0.006750,135.3228,-0.33134,0.00047,0.00032,0.71999,-0.38782,-0.00000,-0.33102,-0.00009,-0.00024,0.71966,-0.38734,-0.00034,-0.00303,-0.00279,-0.00270,-0.00260,-1.19386,-0.29737,0.00791,-11.96574,0.57617,-0.29596,-1.22749,0.00602,-0.03409,-11.92018,0.57092,-0.37193,-1.18164,-0.69976,-1.26135,-0.70719,88.000,88.000,88.000,139.000,35.000,35.000,88.000,88.000,88.000,139.000,35.000,35.000,25.000,25.000,25.000,25.000
0.0250,-0.00072,-0.00002,0.75031,1.00000,-0.00003,-0.00070,0.00024,0.03522,0.00008,0.68366,0.68452,0.00158,0.00007,2,0.03457,0.00158,0.034595,0.00763,-1.3529,-0.0003,-0.8777,0.0002,5.2950,0.0486,-0.8522,1,0.08500,0.03000,0.0699,0.0707,0.001811,0.120738,-14.8391,-0.0623,90.0690,6.0627,-1.5542,149.2842,-14.8257,0.0412,89.9023,6.3617,-0.0064,149.9072,-0.006971,-0.000238,90.0801,-0.029495,0.002146,149.2842,-0.006932,0.000739,89.9066,-0.029384,0.002458,149.9072,-0.33373,0.00051,0.00033,0.72424,-0.38993,-0.00006,-0.33336,-0.00013,-0.00031,0.72389,-0.38945,-0.00042,-0.00426,-0.00331,-0.00389,-0.00311,-0.81327,-0.19638,0.01341,-12.25909,2.04523,0.02263,-0.82269,0.13605,-0.03004,-12.23930,2.04200,-0.06666,-1.36633,-0.84329,-1.40483,-0.84998,88.000,88.000,88.000,139.000,35.000,35.000,88.000,88.000,88.000,139.000,35.000,35.000,25.000,25.000,25.000,25.000
0.0300,-0.00083,-0.00002,0.74987,1.00000,-0.00003,-0.00060,0.00028,0.03527,0.00008,0.68334,0.68452,0.00141,0.00007,2,0.03460,0.00141,0.034627,0.00578,-1.2364,-0.0004,-0.9793,0.0109,5.6035,0.0151,-1.2218,1,0.08500,0.03000,0.0392,0.0393,0.011404,0.118623,-16.5539,0.1117,95.2843,3.6029,-0.9268,158.0435,-16.5561,0.2241,95.2141,3.7325,0.2508,158.5114,0.003303,-0.001971,95.2979,-0.019900,0.000012,158.0435,0.003340,-0.000961,95.2196,-0.019777,0.000461,158.5114,-0.33613,0.00052,0.00032,0.72843,-0.39195,-0.00010,-0.33573,-0.00016,-0.00036,0.72809,-0.39152,-0.00043,-0.00550,-0.00364,-0.00510,-0.00342,-0.49697,-0.14579,0.01716,-12.32430,3.09586,0.18301,-0.49454,0.20418,-0.02759,-12.31789,3.09427,0.08518,-1.47024,-0.93416,-1.48536,-0.94013,88.000,88.000,88.000,139.000,35.000,35.000,88.000,88.000,88.000,139.000,35.000,35.000,25.000,25.000,25.000,25.000
0.0350,-0.00095,-0.00003,0.74943,1.00000,-0.00003,-0.00048,0.00032,0.03534,0.00008,0.68301,0.68452,0.00120,0.00007,2,0.03463,0.00120,0.034651,0.00432,-1.1389,-0.0004,-1.0448,0.0149,5.7919,-0.0014,-1.5411,1,0.08500,0.03000,0.0219,0.0218,0.017703,0.117648,-17.6603,0.1773,98.4893,2.0667,-0.5636,163.2521,-17.6697,0.2952,98.4586,2.1042,0.4030,163.5872,0.010394,-0.002594,98.5043,-0.013599,-0.000975,163.2521,0.010430,-0.001561,98.4652,-0.013470,-0.000461,163.5872,-0.33853,0.00052,0.00029,0.73253,-0.39388,-0.00011,-0.33811,-0.00019,-0.00041,0.73221,-0.39353,-0.00039,-0.00674,-0.00384,-0.00631,-0.00361,-0.23152,-0.12492,0.02069,-12.27485,3.86742,0.24841,-0.22450,0.23564,-0.02527,-12.27428,3.86705,0.14507,-1.52688,-0.99239,-1.52879,-0.99766,88.000,88.000,88.000,139.000,35.000,35.000,88.000,88.000,88.000,139.000,35.000,35.000,25.000,25.000,25.000,25.000
0.0400,-0.00106,-0.00003,0.74900,1.00000,-0.00003,-0.00035,0.00035,0.03540,0.00008,0.68267,0.68452,0.00096,0.00007,2,0.03465,0.00096,0.034669,0.00318,-1.0597,-0.0004,-1.0876,0.0151,5.9089,-0.0077,-1.8180,1,0.08500,0.03000,0.0115,0.0119,0.022145,0.117269,-18.3840,0.1800,100.4986,1.0938,-0.3614,166.3339,-18.3961,0.3012,100.4729,1.0846,0.4837,166.5562,0.015596,-0.002644,100.5138,-0.009155,-0.001363,166.3339,0.015637,-0.001597,100.4801,-0.009026,-0.000817,166.5562,-0.34091,0.00050,0.00026,0.73653,-0.39572,-0.00009,-0.34047,-0.00023,-0.00045,0.73624,-0.39547,-0.00033,-0.00797,-0.00394,-0.00752,-0.00370,-0.00732,-0.12110,0.02447,-12.17535,4.44767,0.25846,0.00019,0.24589,-0.02263,-12.17619,4.44817,0.15153,-1.55607,-1.03019,-1.55051,-1.03478,88.000,88.000,88.000,139.000,35.000,35.000,88.000,88.000,88.000,139.000,35.000,35.000,25.000,25.000,25.000,25.000
0.0450,-0.00117,-0.00003,0.74857,1.00000,-0.00003,-0.00021,0.00037,0.03546,0.00008,0.68234,0.68452,0.00070,0.00007,2,0.03467,0.00070,0.034682,0.00232,-0.9968,-0.0005,-1.1158,0.0133,5.9839,-0.0084,-2.0580,1,0.08500,0.03000,0.0053,0.0067,0.025435,0.117211,-18.8633,0.1493,101.7995,0.4679,-0.2592,168.1388,-18.8754,0.2727,101.7598,0.4379,0.5153,168.2661,0.019548,-0.002408,101.8143,-0.005863,-0.001427,168.1388,0.019601,-0.001353,101.7673,-0.005737,-0.000867,168.2661,-0.34325,0.00048,0.00023,0.74042,-0.39749,-0.00006,-0.34280,-0.00025,-0.00048,0.74016,-0.39732,-0.00025,-0.00919,-0.00398,-0.00873,-0.00373,0.18271,-0.12634,0.02843,-12.06223,4.89259,0.23883,0.18854,0.24459,-0.01980,-12.06202,4.89368,0.12949,-1.56952,-1.05511,-1.55975,-1.05906,88.000,88.000,88.000,139.000,35.000,35.000,88.000,88.000,88.000,139.000,35.000,35.000,25.000,25.000,25.000,25.000
0.0500,-0.00128,-0.00003,0.74814,1.00000,-0.00003,-0.00005,0.00039,0.03553,0.00008,0.68201,0.68452,0.00041,0.00007,2,0.03468,0.00041,0.034691,0.00167,-0.9478,-0.0005,-1.1346,0.0106,6.0341,-0.0063,-2.2656,1,0.08500,0.03000,0.0022,0.0051,0.027954,0.117320,-19.1832,0.1046,102.6835,0.0585,-0.2181,169.1784,-19.1942,0.2294,102.6213,0.0224,0.5145,169.2268,0.022610,-0.002055,102.6974,-0.003343,-0.001323,169.1784,0.022678,-0.000995,102.6286,-0.003222,-0.000757,169.2268,-0.34557,0.00046,0.00021,0.74422,-0.39919,-0.00003,-0.34511,-0.00028,-0.00050,0.74398,-0.39911,-0.00017,-0.01040,-0.00398,-0.00994,-0.00372,0.34405,-0.13566,0.03227,-11.95511,5.23881,0.20607,0.34724,0.23774,-0.01709,-11.95269,5.24033,0.09506,-1.57415,-1.07184,-1.56206,-1.07520,88.000,88.000,88.000,139.000,35.000,35.000,88.000,88.000,88.000,139.000,35.000,35.000,25.000,25.000,25.000,25.000
0.0550,-0.00139,-0.00003,0.74772,1.00000,-0.00003,0.00010,0.00041,0.03559,0.00008,0.68168,0.68452,0.00011,0.00007,2,0.03469,0.00011,0.034698,0.00119,-0.9101,-0.0005,-1.1470,0.0077,6.0700,-0.0032,-2.4448,1,0.08500,0.03000,0.0030,0.0054,0.029923,0.117502,-19.3973,0.0576,103.3241,-0.2136,-0.2126,169.7611,-19.4067,0.1835,103.2376,-0.2480,0.4946,169.7457,0.025001,-0.001683,103.3369,-0.001373,-0.001145,169.7611,0.025084,-0.000619,103.2446,-0.001258,-0.000577,169.7457,-0.34786,0.00045,0.00018,0.74791,-0.40084,-0.00000,-0.34739,-0.00030,-0.00052,0.74770,-0.40084,-0.00010,-0.01161,-0.00395,-0.01113,-0.00369,0.48119,-0.14606,0.03570,-11.86359,5.51118,0.17043,0.48145,0.22896,-0.01479,-11.85859,5.51301,0.05820,-1.57402,-1.08330,-1.56072,-1.08614,88.000,88.000,88.000,139.000,35.000,35.000,88.000,88.000,88.000,139.000,35.000,35.000,25.000,25.000,25.000,25.000
0.0600,-0.00149,-0.00003,0.74731,1.00000,-0.00003,0.00027,0.00042,0.03565,0.00007,0.68136,0.68452,0.00021,0.00007,2,0.03469,0.00021,0.034702,0.00083,-0.8813,-0.0005,-1.1552,0.0051,6.0979,0.0001,-2.5989,1,0.08500,0.03000,0.0045,0.0062,0.031483,0.117700,-19.5396,0.0153,103.8242,-0.3970,-0.2259,170.0729,-19.5471,0.1420,103.7155,-0.4258,0.4653,170.0075,0.026871,-0.001347,103.8355,0.000187,-0.000949,170.0729,0.026969,-0.000281,103.7218,0.000296,-0.000381,170.0075,-0.35011,0.00043,0.00016,0.75152,-0.40243,0.00002,-0.34964,-0.00031,-0.00053,0.75132,-0.40250,-0.00004,-0.01279,-0.00390,-0.01232,-0.00363,0.59786,-0.15583,0.03851,-11.79140,5.72708,0.13773,0.59535,0.22030,-0.01313,-11.78395,5.72920,0.02458,-1.57147,-1.09134,-1.55766,-1.09373,88.000,88.000,88.000,139.000,35.000,35.000,88.000,88.000,88.000,139.000,35.000,35.000,25.000,25.000,25.000,25.000
0.0650,-0.00160,-0.00003,0.74690,1.00000,-0.00003,0.00043,0.00043,0.03572,0.00007,0.68104,0.68452,0.00053,0.00007,2,0.03470,0.00053,0.034706,0.00057,-0.8595,-0.0005,-1.1605,0.0030,6.1212,0.0029,-2.7312,1,0.08500,0.03000,0.0057,0.0068,0.032727,0.117884,-19.6322,-0.0193,104.2439,-0.5215,-0.2471,170.2261,-19.6379,0.1080,104.1169,-0.5433,0.4335,170.1229,0.028329,-0.001073,104.2536,0.001432,-0.000767,170.2261,0.028439,-0.000005,104.1225,0.001535,-0.000201,170.1229,-0.35232,0.00042,0.00014,0.75504,-0.40399,0.00003,-0.35185,-0.00032,-0.00054,0.75486,-0.40412,0.00001,-0.01397,-0.00383,-0.01349,-0.00356,0.69731,-0.16418,0.04061,-11.73898,5.89920,0.11079,0.69237,0.21279,-0.01219,-11.72943,5.90158,-0.00311,-1.56781,-1.09713,-1.55397,-1.09913,88.000,88.000,88.000,139.000,35.000,35.000,88.000,88.000,88.000,139.000,35.000,35.000,25.000,25.000,25.000,25.000
0.0700,-0.00170,-0.00003,0.74650,1.00000,-0.00003,0.00060,0.00044,0.03578,0.00007,0.68073,0.68452,0.00086,0.00007,2,0.03470,0.00086,0.034708,0.00039,-0.8431,-0.0005,-1.1637,0.0014,6.1420,0.0051,-2.8444,1,0.08500,0.03000,0.0065,0.0073,0.033724,0.118037,-19.6898,-0.0452,104.6178,-0.6062,-0.2696,170.2878,-19.6939,0.0826,104.4773,-0.6208,0.4035,170.1572,0.029460,-0.000866,104.6260,0.002429,-0.000616,170.2878,0.029579,0.000203,104.4821,0.002526,-0.000050,170.1572,-0.35451,0.00041,0.00012,0.75848,-0.40551,0.00003,-0.35403,-0.00033,-0.00054,0.75832,-0.40569,0.00004,-0.01512,-0.00376,-0.01465,-0.00349,0.78231,-0.17083,0.04202,-11.70496,6.03702,0.09044,0.77534,0.20680,-0.01196,-11.69376,6.03968,-0.02410,-1.56378,-1.10141,-1.55021,-1.10308,88.000,88.000,88.000,139.000,35.000,35.000,88.000,88.000,88.000,139.000,35.000,35.000,25.000,25.000,25.000,25.000
0.0750,-0.00180,-0.00003,0.74610,1.00000,-0.00003,0.00077,0.00045,0.03584,0.00007,0.68042,0.68452,0.00120,0.00007,2,0.03470,0.00120,0.034709,0.00025,-0.8307,-0.0005,-1.1654,0.0003,6.1614,0.0067,-2.9412,1,0.08500,0.03000,0.0071,0.0075,0.034525,0.118154,-19.7226,-0.0632,104.9659,-0.6632,-0.2897,170.2979,-19.7252,0.0652,104.8162,-0.6710,0.3778,170.1488,0.030328,-0.000723,104.9725,0.003230,-0.000500,170.2979,0.030455,0.000347,104.8201,0.003321,0.000065,170.1488,-0.35665,0.00040,0.00010,0.76185,-0.40700,0.00002,-0.35617,-0.00034,-0.00055,0.76171,-0.40722,0.00005,-0.01626,-0.00369,-0.01579,-0.00341,0.85526,-0.17585,0.04281,-11.68719,6.14786,0.07632,0.84668,0.20236,-0.01235,-11.67479,6.15079,-0.03877,-1.55976,-1.10465,-1.54669,-1.10606,88.000,88.000,88.000,139.000,35.000,35.000,88.000,88.000,88.000,139.000,35.000,35.000,25.000,25.000,25.000,25.000
0.0800,-0.00190,-0.00003,0.74571,1.00000,-0.00002,0.00094,0.00046,0.03590,0.00007,0.68011,0.68452,0.00154,0.00007,2,0.03471,0.00154,0.034710,0.00016,-0.8213,-0.0005,-1.1660,-0.0004,6.1802,0.0078,-3.0240,1,0.08500,0.03000,0.0075,0.0077,0.035169,0.118237,-19.7374,-0.0744,105.2988,-0.7007,-0.3057,170.2801,-19.7387,0.0545,105.1437,-0.7025,0.3573,170.1193,0.030989,-0.000633,105.3041,0.003874,-0.000418,170.2801,0.031121,0.000438,105.1468,0.003960,0.000147,170.1193,-0.35876,0.00039,0.00008,0.76515,-0.40846,0.00001,-0.35828,-0.00034,-0.00055,0.76502,-0.40872,0.00006,-0.01739,-0.00361,-0.01692,-0.00333,0.91821,-0.17948,0.04311,-11.68324,6.23739,0.06748,0.90839,0.19927,-0.01323,-11.67003,6.24060,-0.04813,-1.55593,-1.10717,-1.54351,-1.10837,88.000,88.000,88.000,139.000,35.000,35.000,88.000,88.000,88.000,139.000,35.000,35.000,25.000,25.000,25.000,25.000
0.0850,-0.00199,-0.00003,0.74533,1.00000,-0.00002,0.00111,0.00046,0.03596,0.00007,0.67981,0.68452,0.00188,0.00007,2,0.03471,0.00188,0.034710,0.00009,-0.8142,-0.0005,-1.1659,-0.0007,6.1985,0.0084,-3.0947,1,0.08500,0.03000,0.0077,0.0078,0.035688,0.118291,-19.7393,-0.0804,105.6225,-0.7242,-0.3172,170.2479,-19.7394,0.0489,105.4649,-0.7207,0.3420,170.0807,0.031486,-0.000583,105.6264,0.004392,-0.000365,170.2479,0.031620,0.000488,105.4671,0.004474,0.000201,170.0807,-0.36084,0.00038,0.00007,0.76838,-0.40989,-0.00001,-0.36036,-0.00034,-0.00055,0.76826,-0.41019,0.00006,-0.01849,-0.00353,-0.01803,-0.00325,0.97289,-0.18200,0.04306,-11.69075,6.31009,0.06270,0.96213,0.19725,-0.01445,-11.67704,6.31359,-0.05337,-1.55237,-1.10919,-1.54070,-1.11021,88.000,88.000,88.000,139.000,35.000,35.000,88.000,88.000,88.000,139.000,35.000,35.000,25.000,25.000,25.000,25.000
0.0900,-0.00209,-0.00004,0.74495,1.00000,-0.00002,0.00128,0.00047,0.03601,0.00007,0.67951,0.68452,0.00222,0.00007,2,0.03471,0.00222,0.034710,0.00004,-0.8087,-0.0005,-1.1652,-0.0009,6.2165,0.0087,-3.1552,1,0.08500,0.03000,0.0079,0.0079,0.036107,0.118323,-19.7319,-0.0828,105.9398,-0.7375,-0.3246,170.2093,-19.7310,0.0470,105.7817,-0.7297,0.3314,170.0394,0.031852,-0.000563,105.9426,0.004811,-0.000334,170.2093,0.031988,0.000509,105.7831,0.004889,0.000232,170.0394,-0.36288,0.00038,0.00006,0.77155,-0.41131,-0.00002,-0.36240,-0.00034,-0.00055,0.77144,-0.41162,0.00006,-0.01958,-0.00346,-0.01912,-0.00318,1.02077,-0.18371,0.04279,-11.70756,6.36951,0.06082,1.00930,0.19602,-0.01590,-11.69356,6.37327,-0.05570,-1.54911,-1.11082,-1.53823,-1.11171,88.000,88.000,88.000,139.000,35.000,35.000,88.000,88.000,88.000,139.000,35.000,35.000,25.000,25.000,25.000,25.000
0.0950,-0.00218,-0.00004,0.74458,1.00000,-0.00002,0.00144,0.00047,0.03607,0.00007,0.67922,0.68452,0.00255,0.00007,2,0.03471,0.00255,0.034710,0.00001,-0.8044,-0.0005,-1.1641,-0.0009,6.2343,0.0088,-3.2071,1,0.08500,0.03000,0.0080,0.0079,0.036446,0.118338,-19.7178,-0.0829,106.2521,-0.7433,-0.3286,170.1685,-19.7160,0.0474,106.0947,-0.7320,0.3245,169.9983,0.032117,-0.000560,106.2538,0.005150,-0.000320,170.1685,0.032254,0.000512,106.0954,0.005224,0.000247,169.9983,-0.36489,0.00037,0.00005,0.77466,-0.41269,-0.00004,-0.36441,-0.00034,-0.00055,0.77455,-0.41303,0.00005,-0.02065,-0.00338,-0.02020,-0.00310,1.06304,-0.18488,0.04240,-11.73178,6.41842,0.06080,1.05105,0.19532,-0.01745,-11.71765,6.42242,-0.05615,-1.54612,-1.11218,-1.53606,-1.11295,88.000,88.000,88.000,139.000,35.000,35.000,88.000,88.000,88.000,139.000,35.000,35.000,25.000,25.000,25.000,25.000
0.1000,-0.00227,-0.00004,0.74422,1.00000,-0.00002,0.00161,0.00047,0.03612,0.00007,0.67893,0.68452,0.00289,0.00007,2,0.03471,0.00289,0.034710,-0.00001,-0.8010,-0.0005,-1.1627,-0.0009,6.2519,0.0089,-3.2516,1,0.08500,0.03000,0.0080,0.0078,0.036722,0.118343,-19.6988,-0.0816,106.5597,-0.7438,-0.3300,170.1278,-19.6962,0.0491,106.4038,-0.7296,0.3204,169.9589,0.032302,-0.000568,106.5604,0.005425,-0.000316,170.1278,0.032439,0.000504,106.4038,0.005496,0.000252,169.9589,-0.36686,0.00037,0.00004,0.77771,-0.41406,-0.00006,-0.36638,-0.00034,-0.00054,0.77760,-0.41441,0.00004,-0.02170,-0.00331,-0.02126,-0.00303,1.10069,-0.18570,0.04198,-11.76182,6.45902,0.06183,1.08830,0.19496,-0.01902,-11.74766,6.46324,-0.05554,-1.54339,-1.11333,-1.53413,-1.11401,88.000,88.000,88.000,139.000,35.000,35.000,88.000,88.000,88.000,139.000,35.000,35.000,25.000,25.000,25.000,25.000
0.1050,-0.00237,-0.00004,0.74386,1.00000,-0.00002,0.00177,0.00048,0.03618,0.00007,0.67865,0.68452,0.00322,0.00007,2,0.03471,0.00322,0.034710,-0.00003,-0.7982,-0.0005,-1.1611,-0.0008,6.2692,0.0089,-3.2900,1,0.08500,0.03000,0.0079,0.0078,0.036947,0.118341,-19.6764,-0.0798,106.8626,-0.7404,-0.3297,170.0883,-19.6731,0.0513,106.7085,-0.7238,0.3183,169.9215,0.032425,-0.000580,106.8626,0.005650,-0.000319,170.0883,0.032561,0.000493,106.7078,0.005719,0.000251,169.9215,-0.36880,0.00037,0.00003,0.78070,-0.41540,-0.00008,-0.36832,-0.00034,-0.00054,0.78060,-0.41577,0.00003,-0.02274,-0.00324,-0.02230,-0.00296,1.13454,-0.18634,0.04159,-11.79638,6.49304,0.06330,1.12184,0.19477,-0.02055,-11.78222,6.49744,-0.05447,-1.54089,-1.11430,-1.53242,-1.11492,88.000,88.000,88.000,139.000,35.000,35.000,88.000,88.000,88.000,139.000,35.000,35.000,25.000,25.000,25.000,25.000
0.1100,-0.00246,-0.00004,0.74350,1.00000,-0.00002,0.00194,0.00048,0.03623,0.00007,0.67837,0.68452,0.00355,0.00007,2,0.03471,0.00355,0.034710,-0.00004,-0.7957,-0.0005,-1.1594,-0.0007,6.2863,0.0089,-3.3231,1,0.08500,0.03000,0.0079,0.0077,0.037132,0.118336,-19.6515,-0.0780,107.1607,-0.7341,-0.3282,170.0504,-19.6476,0.0536,107.0083,-0.7157,0.3175,169.8859,0.032499,-0.000593,107.1600,0.005835,-0.000324,170.0504,0.032635,0.000480,107.0071,0.005901,0.000248,169.8859,-0.37071,0.00036,0.00002,0.78363,-0.41673,-0.00009,-0.37022,-0.00034,-0.00053,0.78354,-0.41710,0.00002,-0.02376,-0.00318,-0.02333,-0.00290,1.16524,-0.18689,0.04128,-11.83439,6.52181,0.06481,1.15229,0.19466,-0.02198,-11.82025,6.52637,-0.05334,-1.53860,-1.11515,-1.53086,-1.11570,88.000,88.000,88.000,139.000,35.000,35.000,88.000,88.000,88.000,139.000,35.000,35.000,25.000,25.000,25.000,25.000
0.1150,-0.00254,-0.00004,0.74315,1.00000,-0.00002,0.00210,0.00048,0.03628,0.00007,0.67810,0.68452,0.00387,0.00007,2,0.03471,0.00387,0.034709,-0.00004,-0.7936,-0.0005,-1.1576,-0.0006,6.3030,0.0089,-3.3518,1,0.08500,0.03000,0.0078,0.0076,0.037285,0.118330,-19.6250,-0.0764,107.4538,-0.7259,-0.3262,170.0143,-19.6206,0.0556,107.3028,-0.7059,0.3174,169.8519,0.032536,-0.000604,107.4524,0.005988,-0.000331,170.0143,0.032672,0.000469,107.3011,0.006052,0.000243,169.8519,-0.37258,0.00036,0.00001,0.78651,-0.41803,-0.00010,-0.37209,-0.00034,-0.00053,0.78642,-0.41842,0.00002,-0.02476,-0.00311,-0.02433,-0.00284,1.19332,-0.18741,0.04106,-11.87498,6.54638,0.06614,1.18015,0.19456,-0.02331,-11.86086,6.55107,-0.05238,-1.53649,-1.11589,-1.52944,-1.11640,88.000,88.000,88.000,139.000,35.000,35.000,88.000,88.000,88.000,139.000,35.000,35.000,25.000,25.000,25.000,25.000
0.1200,-0.00263,-0.00004,0.74281,1.00000,-0.00002,0.00225,0.00048,0.03633,0.00007,0.67782,0.68452,0.00419,0.00007,2,0.03471,0.00419,0.034709,-0.00005,-0.7917,-0.0005,-1.1557,-0.0005,6.3195,0.0090,-3.3768,1,0.08500,0.03000,0.0077,0.0075,0.037412,0.118324,-19.5973,-0.0753,107.7414,-0.7162,-0.3239,169.9798,-19.5924,0.0572,107.5917,-0.6951,0.3176,169.8193,0.032544,-0.000611,107.7396,0.006115,-0.000337,169.9798,0.032679,0.000462,107.5896,0.006178,0.000239,169.8193,-0.37441,0.00036,0.00000,0.78934,-0.41931,-0.00011,-0.37393,-0.00034,-0.00052,0.78925,-0.41970,0.00001,-0.02574,-0.00305,-0.02532,-0.00278,1.21921,-0.18794,0.04093,-11.91748,6.56758,0.06718,1.20584,0.19445,-0.02453,-11.90334,6.57238,-0.05171,-1.53455,-1.11654,-1.52813,-1.11701,88.000,88.000,88.000,139.000,35.000,35.000,88.000,88.000,88.000,139.000,35.000,35.000,25.000,25.000,25.000,25.000
0.1250,-0.00271,-0.00004,0.74247,1.00000,-0.00002,0.00241,0.00048,0.03638,0.00007,0.67756,0.68452,0.00451,0.00007,2,0.03471,0.00451,0.034709,-0.00005,-0.7900,-0.0005,-1.1538,-0.0005,6.3356,0.0091,-3.3987,1,0.08500,0.03000,0.0076,0.0074,0.037519,0.118320,-19.5688,-0.0745,108.0236,-0.7056,-0.3218,169.9467,-19.5635,0.0583,107.8747,-0.6835,0.3178,169.7878,0.032529,-0.000616,108.0213,0.006221,-0.000341,169.9467,0.032664,0.000457,107.8723,0.006283,0.000237,169.7878,-0.37622,0.00035,-0.00001,0.79211,-0.42058,-0.00012,-0.37573,-0.00033,-0.00051,0.79203,-0.42097,0.00000,-0.02670,-0.00300,-0.02629,-0.00273,1.24324,-0.18850,0.04090,-11.96132,6.58603,0.06789,1.22970,0.19430,-0.02563,-11.94717,6.59092,-0.05135,-1.53274,-1.11713,-1.52690,-1.11756,88.000,88.000,88.000,139.000,35.000,35.000,88.000,88.000,88.000,139.000,35.000,35.000,25.000,25.000,25.000,25.000
0.1300,-0.00280,-0.00004,0.74213,1.00000,-0.00002,0.00256,0.00048,0.03643,0.00007,0.67730,0.68452,0.00481,0.00007,2,0.03471,0.00481,0.034708,-0.00005,-0.7884,-0.0005,-1.1518,-0.0004,6.3515,0.0092,-3.4178,1,0.08500,0.03000,0.0075,0.0073,0.037609,0.118318,-19.5399,-0.0742,108.3000,-0.6944,-0.3199,169.9148,-19.5343,0.0591,108.1517,-0.6714,0.3179,169.7571,0.032497,-0.000618,108.2973,0.006311,-0.000344,169.9148,0.032631,0.000455,108.1490,0.006372,0.000236,169.7571,-0.37799,0.00035,-0.00001,0.79484,-0.42182,-0.00013,-0.37750,-0.00033,-0.00051,0.79476,-0.42222,-0.00000,-0.02765,-0.00295,-0.02725,-0.00268,1.26570,-0.18907,0.04094,-12.00609,6.60224,0.06831,1.25199,0.19412,-0.02664,-11.99190,6.60720,-0.05127,-1.53105,-1.11765,-1.52574,-1.11806,88.000,88.000,88.000,139.000,35.000,35.000,88.000,88.000,88.000,139.000,35.000,35.000,25.000,25.000,25.000,25.000
0.1350,-0.00288,-0.00004,0.74180,1.00000,-0.00002,0.00271,0.00048,0.03648,0.00008,0.67704,0.68452,0.00512,0.00007,2,0.03471,0.00512,0.034708,-0.00005,-0.7868,-0.0005,-1.1499,-0.0004,6.3670,0.0094,-3.4347,1,0.08500,0.03000,0.0074,0.0072,0.037686,0.118317,-19.5108,-0.0741,108.5706,-0.6827,-0.3182,169.8840,-19.5048,0.0595,108.4227,-0.6591,0.3177,169.7271,0.032451,-0.000618,108.5676,0.006387,-0.000346,169.8840,0.032584,0.000455,108.4196,0.006448,0.000237,169.7271,-0.37972,0.00035,-0.00002,0.79751,-0.42304,-0.00013,-0.37924,-0.00033,-0.00050,0.79743,-0.42344,-0.00000,-0.02858,-0.00289,-0.02819,-0.00263,1.28680,-0.18965,0.04106,-12.05145,6.61661,0.06849,1.27293,0.19393,-0.02756,-12.03719,6.62161,-0.05143,-1.52948,-1.11811,-1.52465,-1.11851,88.000,88.000,88.000,139.000,35.000,35.000,88.000,88.000,88.000,139.000,35.000,35.000,25.000,25.000,25.000,25.000
0.1400,-0.00296,-0.00004,0.74148,1.00000,-0.00002,0.00285,0.00048,0.03653,0.00008,0.67678,0.68452,0.00542,0.00007,2,0.03471,0.00542,0.034708,-0.00006,-0.7853,-0.0005,-1.1479,-0.0004,6.3821,0.0095,-3.4496,1,0.08500,0.03000,0.0073,0.0071,0.037751,0.118316,-19.4815,-0.0744,108.8353,-0.6708,-0.3169,169.8539,-19.4752,0.0597,108.6876,-0.6466,0.3174,169.6977,0.032394,-0.000617,108.8321,0.006452,-0.000346,169.8539,0.032527,0.000457,108.6843,0.006512,0.000238,169.6977,-0.38143,0.00035,-0.00002,0.80014,-0.42424,-0.00014,-0.38095,-0.00032,-0.00049,0.80006,-0.42464,-0.00001,-0.02950,-0.00285,-0.02911,-0.00258,1.30673,-0.19022,0.04123,-12.09712,6.62943,0.06848,1.29272,0.19372,-0.02841,-12.08280,6.63447,-0.05176,-1.52800,-1.11854,-1.52361,-1.11892,88.000,88.000,88.000,139.000,35.000,35.000,88.000,88.000,88.000,139.000,35.000,35.000,25.000,25.000,25.000,25.000
0.1450,-0.00304,-0.00004,0.74116,1.00000,-0.00002,0.00300,0.00048,0.03657,0.00008,0.67653,0.68452,0.00571,0.00007,2,0.03471,0.00571,0.034707,-0.00006,-0.7838,-0.0005,-1.1460,-0.0005,6.3969,0.0097,-3.4629,1,0.08500,0.03000,0.0072,0.0070,0.037808,0.118317,-19.4522,-0.0747,109.0940,-0.6588,-0.3157,169.8246,-19.4457,0.0597,108.9464,-0.6342,0.3169,169.6687,0.032329,-0.000614,109.0906,0.006508,-0.000346,169.8246,0.032462,0.000460,108.9429,0.006568,0.000241,169.6687,-0.38311,0.00034,-0.00003,0.80272,-0.42542,-0.00014,-0.38262,-0.00032,-0.00048,0.80264,-0.42583,-0.00001,-0.03039,-0.00280,-0.03001,-0.00254,1.32564,-0.19078,0.04144,-12.14289,6.64095,0.06837,1.31149,0.19352,-0.02919,-12.12849,6.64602,-0.05219,-1.52661,-1.11893,-1.52262,-1.11929,88.000,88.000,88.000,139.000,35.000,35.000,88.000,88.000,88.000,139.000,35.000,35.000,25.000,25.000,25.000,25.000
0.1500,-0.00312,-0.00004,0.74084,0.99999,-0.00002,0.00314,0.00048,0.03662,0.00008,0.67628,0.68452,0.00599,0.00007,2,0.03471,0.00599,0.034707,-0.00006,-0.7824,-0.0005,-1.1441,-0.0005,6.4114,0.0098,-3.4747,1,0.08500,0.03000,0.0071,0.0069,0.037856,0.118318,-19.4230,-0.0752,109.3469,-0.6467,-0.3148,169.7959,-19.4163,0.0596,109.1992,-0.6217,0.3163,169.6401,0.032258,-0.000610,109.3434,0.006556,-0.000345,169.7959,0.032391,0.000464,109.1956,0.006616,0.000244,169.6401,-0.38475,0.00034,-0.00003,0.80525,-0.42659,-0.00014,-0.38427,-0.00032,-0.00048,0.80517,-0.42699,-0.00001,-0.03127,-0.00276,-0.03090,-0.00250,1.34364,-0.19132,0.04169,-12.18861,6.65138,0.06819,1.32936,0.19332,-0.02993,-12.17413,6.65646,-0.05268,-1.52530,-1.11928,-1.52167,-1.11963,88.000,88.000,88.000,139.000,35.000,35.000,88.000,88.000,88.000,139.000,35.000,35.000,25.000,25.000,25.000,25.000
0.1550,-0.00319,-0.00004,0.74053,0.99999,-0.00002,0.00328,0.00048,0.03666,0.00008,0.67604,0.68452,0.00628,0.00007,2,0.03471,0.00628,0.034706,-0.00006,-0.7810,-0.0005,-1.1421,-0.0005,6.4256,0.0100,-3.4852,1,0.08500,0.03000,0.0070,0.0067,0.037899,0.118320,-19.3940,-0.0757,109.5939,-0.6346,-0.3140,169.7676,-19.3871,0.0595,109.4462,-0.6094,0.3155,169.6119,0.032182,-0.000607,109.5902,0.006598,-0.000343,169.7676,0.032315,0.000467,109.4425,0.006658,0.000247,169.6119,-0.38636,0.00034,-0.00004,0.80774,-0.42773,-0.00015,-0.38588,-0.00031,-0.00047,0.80766,-0.42813,-0.00001,-0.03214,-0.00272,-0.03176,-0.00246,1.36085,-0.19183,0.04195,-12.23412,6.66087,0.06798,1.34645,0.19315,-0.03062,-12.21956,6.66596,-0.05319,-1.52406,-1.11960,-1.52075,-1.11994,88.000,88.000,88.000,139.000,35.000,35.000,88.000,88.000,88.000,139.000,35.000,35.000,25.000,25.000,25.000,25.000
0.1600,-0.00327,-0.00004,0.74023,0.99999,-0.00002,0.00341,0.00048,0.03670,0.00008,0.67580,0.68452,0.00655,0.00007,2,0.03471,0.00655,0.034706,-0.00006,-0.7796,-0.0005,-1.1402,-0.0005,6.4394,0.0101,-3.4947,1,0.08500,0.03000,0.0068,0.0066,0.037936,0.118322,-19.3652,-0.0761,109.8352,-0.6226,-0.3134,169.7396,-19.3581,0.0593,109.6873,-0.5972,0.3147,169.5840,0.032103,-0.000604,109.8314,0.006634,-0.000342,169.7396,0.032235,0.000471,109.6835,0.006694,0.000251,169.5840,-0.38795,0.00034,-0.00004,0.81018,-0.42885,-0.00015,-0.38747,-0.00031,-0.00046,0.81010,-0.42926,-0.00001,-0.03298,-0.00268,-0.03262,-0.00243,1.37733,-0.19231,0.04223,-12.27933,6.66955,0.06779,1.36282,0.19299,-0.03129,-12.26470,6.67465,-0.05368,-1.52288,-1.11990,-1.51987,-1.12023,88.000,88.000,88.000,139.000,35.000,35.000,88.000,88.000,88.000,139.000,35.000,35.000,25.000,25.000,25.000,25.000
0.1650,-0.00334,-0.00004,0.73993,0.99999,-0.00002,0.00354,0.00048,0.03674,0.00008,0.67556,0.68452,0.00682,0.00007,2,0.03471,0.00682,0.034706,-0.00006,-0.7782,-0.0005,-1.1384,-0.0005,6.4529,0.0102,-3.5032,1,0.08500,0.03000,0.0067,0.0065,0.037968,0.118323,-19.3366,-0.0766,110.0708,-0.6107,-0.3128,169.7120,-19.3294,0.0592,109.9228,-0.5851,0.3139,169.5563,0.032021,-0.000600,110.0669,0.006666,-0.000341,169.7120,0.032153,0.000474,109.9188,0.006726,0.000254,169.5563,-0.38950,0.00034,-0.00005,0.81258,-0.42995,-0.00015,-0.38902,-0.00031,-0.00045,0.81250,-0.43036,-0.00001,-0.03381,-0.00265,-0.03346,-0.00240,1.39317,-0.19275,0.04252,-12.32416,6.67753,0.06762,1.37856,0.19286,-0.03192,-12.30945,6.68264,-0.05413,-1.52176,-1.12017,-1.51903,-1.12050,88.000,88.000,88.000,139.000,35.000,35.000,88.000,88.000,88.000,139.000,35.000,35.000,25.000,25.000,25.000,25.000
0.1700,-0.00341,-0.00004,0.73963,0.99999,-0.00002,0.00367,0.00048,0.03678,0.00008,0.67533,0.68452,0.00708,0.00007,2,0.03471,0.00708,0.034705,-0.00005,-0.7769,-0.0005,-1.1365,-0.0006,6.4661,0.0103,-3.5109,1,0.08500,0.03000,0.0066,0.0064,0.037997,0.118324,-19.3084,-0.0770,110.3007,-0.5989,-0.3123,169.6847,-19.3010,0.0591,110.1526,-0.5731,0.3131,169.5289,0.031937,-0.000598,110.2967,0.006695,-0.000340,169.6847,0.032069,0.000477,110.1486,0.006754,0.000257,169.5289,-0.39103,0.00033,-0.00005,0.81493,-0.43104,-0.00015,-0.39055,-0.00030,-0.00044,0.81486,-0.43144,-0.00001,-0.03463,-0.00262,-0.03428,-0.00237,1.40842,-0.19315,0.04282,-12.36855,6.68491,0.06749,1.39372,0.19276,-0.03254,-12.35376,6.69001,-0.05454,-1.52069,-1.12042,-1.51821,-1.12074,88.000,88.000,88.000,139.000,35.000,35.000,88.000,88.000,88.000,139.000,35.000,35.000,25.000,25.000,25.000,25.000
0.1750,-0.00349,-0.00004,0.73934,0.99999,-0.00002,0.00380,0.00047,0.03682,0.00008,0.67510,0.68452,0.00734,0.00007,2,0.03471,0.00734,0.034705,-0.00005,-0.7756,-0.0005,-1.1347,-0.0006,6.4790,0.0104,-3.5178,1,0.08500,0.03000,0.0065,0.0063,0.038022,0.118325,-19.2804,-0.0774,110.5252,-0.5872,-0.3117,169.6576,-19.2729,0.0591,110.3770,-0.5613,0.3123,169.5017,0.031853,-0.000595,110.5212,0.006720,-0.000339,169.6576,0.031984,0.000479,110.3730,0.006779,0.000260,169.5017,-0.39253,0.00033,-0.00006,0.81725,-0.43210,-0.00015,-0.39205,-0.00030,-0.00043,0.81717,-0.43251,-0.00002,-0.03543,-0.00259,-0.03508,-0.00234,1.42312,-0.19352,0.04312,-12.41243,6.69176,0.06739,1.40835,0.19268,-0.03313,-12.39758,6.69686,-0.05491,-1.51966,-1.12065,-1.51742,-1.12097,88.000,88.000,88.000,139.000,35.000,35.000,88.000,88.000,88.000,139.000,35.000,35.000,25.000,25.000,25.000,25.000
0.1800,-0.00355,-0.00004,0.73905,0.99999,-0.00002,0.00392,0.00047,0.03686,0.00008,0.67487,0.68452,0.00760,0.00007,2,0.03470,0.00760,0.034705,-0.00005,-0.7743,-0.0005,-1.1329,-0.0006,6.4915,0.0104,-3.5241,1,0.08500,0.03000,0.0064,0.0062,0.038045,0.118326,-19.2528,-0.0777,110.7443,-0.5756,-0.3112,169.6307,-19.2451,0.0591,110.5961,-0.5497,0.3115,169.4747,0.031768,-0.000594,110.7403,0.006742,-0.000339,169.6307,0.031898,0.000481,110.5920,0.006802,0.000262,169.4747,-0.39399,0.00033,-0.00006,0.81952,-0.43315,-0.00016,-0.39352,-0.00029,-0.00042,0.81944,-0.43355,-0.00002,-0.03621,-0.00256,-0.03587,-0.00232,1.43734,-0.19386,0.04343,-12.45577,6.69814,0.06733,1.42249,0.19261,-0.03370,-12.44086,6.70323,-0.05523,-1.51868,-1.12087,-1.51665,-1.12118,88.000,88.000,88.000,139.000,35.000,35.000,88.000,88.000,88.000,139.000,35.000,35.000,25.000,25.000,25.000,25.000
0.1850,-0.00362,-0.00004,0.73877,0.99999,-0.00002,0.00404,0.00047,0.03690,0.00008,0.67465,0.68452,0.00784,0.00007,2,0.03470,0.00784,0.034704,-0.00005,-0.7730,-0.0005,-1.1311,-0.0006,6.5038,0.0105,-3.5298,1,0.08500,0.03000,0.0063,0.0061,0.038065,0.118327,-19.2255,-0.0780,110.9582,-0.5642,-0.3107,169.6040,-19.2177,0.0591,110.8099,-0.5383,0.3108,169.4479,0.031682,-0.000592,110.9541,0.006762,-0.000339,169.6040,0.031813,0.000483,110.8057,0.006821,0.000264,169.4479,-0.39544,0.00033,-0.00007,0.82175,-0.43418,-0.00016,-0.39496,-0.00029,-0.00041,0.82168,-0.43458,-0.00002,-0.03698,-0.00254,-0.03665,-0.00229,1.45109,-0.19418,0.04373,-12.49854,6.70411,0.06730,1.43617,0.19257,-0.03426,-12.48357,6.70919,-0.05552,-1.51774,-1.12106,-1.51591,-1.12138,88.000,88.000,88.000,139.000,35.000,35.000,88.000,88.000,88.000,139.000,35.000,35.000,25.000,25.000,25.000,25.000
0.1900,-0.00369,-0.00004,0.73849,0.99999,-0.00002,0.00416,0.00047,0.03694,0.00008,0.67443,0.68452,0.00808,0.00007,2,0.03470,0.00808,0.034704,-0.00005,-0.7718,-0.0005,-1.1293,-0.0006,6.5158,0.0105,-3.5349,1,0.08500,0.03000,0.0062,0.0060,0.038083,0.118327,-19.1986,-0.0783,111.1670,-0.5530,-0.3102,169.5776,-19.1907,0.0591,111.0186,-0.5270,0.3101,169.4213,0.031597,-0.000591,111.1629,0.006779,-0.000338,169.5776,0.031727,0.000484,111.0144,0.006839,0.000266,169.4213,-0.39685,0.00033,-0.00007,0.82394,-0.43519,-0.00016,-0.39638,-0.00028,-0.00041,0.82387,-0.43559,-0.00002,-0.03774,-0.00251,-0.03741,-0.00227,1.46442,-0.19446,0.04403,-12.54071,6.70971,0.06730,1.44944,0.19254,-0.03480,-12.52570,6.71479,-0.05577,-1.51684,-1.12125,-1.51518,-1.12156,88.000,88.000,88.000,139.000,35.000,35.000,88.000,88.000,88.000,139.000,35.000,35.000,25.000,25.000,25.000,25.000
0.1950,-0.00376,-0.00004,0.73822,0.99999,-0.00002,0.00428,0.00047,0.03698,0.00008,0.67421,0.68452,0.00832,0.00007,2,0.03470,0.00832,0.034704,-0.00005,-0.7706,-0.0005,-1.1276,-0.0006,6.5275,0.0105,-3.5396,1,0.08500,0.03000,0.0061,0.0059,0.038099,0.118327,-19.1720,-0.0785,111.3708,-0.5419,-0.3097,169.5513,-19.1641,0.0592,111.2224,-0.5160,0.3094,169.3949,0.031513,-0.000590,111.3666,0.006795,-0.000338,169.5513,0.031642,0.000485,111.2182,0.006855,0.000268,169.3949,-0.39824,0.00033,-0.00007,0.82609,-0.43618,-0.00016,-0.39777,-0.00028,-0.00040,0.82602,-0.43659,-0.00002,-0.03848,-0.00249,-0.03815,-0.00225,1.47735,-0.19472,0.04434,-12.58227,6.71499,0.06733,1.46232,0.19252,-0.03532,-12.56721,6.72006,-0.05599,-1.51597,-1.12141,-1.51448,-1.12172,88.000,88.000,88.000,139.000,35.000,35.000,88.000,88.000,88.000,139.000,35.000,35.000,25.000,25.000,25.000,25.000
0.2000,-0.00382,-0.00004,0.73795,0.99999,-0.00002,0.00439,0.00047,0.03701,0.00008,0.67400,0.68452,0.00855,0.00007,2,0.03470,0.00855,0.034703,-0.00005,-0.7694,-0.0005,-1.1259,-0.0006,6.5389,0.0105,-3.5439,1,0.08500,0.03000,0.0060,0.0058,0.038114,0.118327,-19.1459,-0.0787,111.5698,-0.5310,-0.3092,169.5252,-19.1379,0.0593,111.4213,-0.5051,0.3088,169.3687,0.031429,-0.000589,111.5655,0.006810,-0.000339,169.5252,0.031558,0.000486,111.4171,0.006869,0.000270,169.3687,-0.39960,0.00033,-0.00008,0.82821,-0.43716,-0.00016,-0.39913,-0.00027,-0.00039,0.82814,-0.43756,-0.00002,-0.03920,-0.00247,-0.03888,-0.00223,1.48990,-0.19497,0.04464,-12.62321,6.71999,0.06737,1.47482,0.19252,-0.03583,-12.60810,6.72504,-0.05619,-1.51513,-1.12157,-1.51380,-1.12188,88.000,88.000,88.000,139.000,35.000,35.000,88.000,88.000,88.000,139.000,35.000,35.000,25.000,25.000,25.000,25.000
0.2050,-0.00389,-0.00004,0.73768,0.99999,-0.00002,0.00450,0.00047,0.03705,0.00008,0.67379,0.68452,0.00878,0.00007,2,0.03470,0.00878,0.034703,-0.00005,-0.7682,-0.0005,-1.1243,-0.0006,6.5501,0.0105,-3.5478,1,0.08500,0.03000,0.0059,0.0057,0.038127,0.118327,-19.1201,-0.0789,111.7640,-0.5203,-0.3086,169.4992,-19.1120,0.0594,111.6155,-0.4944,0.3082,169.3427,0.031346,-0.000588,111.7597,0.006823,-0.000339,169.4992,0.031474,0.000487,111.6112,0.006882,0.000271,169.3427,-0.40094,0.00032,-0.00008,0.83028,-0.43812,-0.00016,-0.40047,-0.00027,-0.00038,0.83021,-0.43852,-0.00002,-0.03992,-0.00245,-0.03960,-0.00222,1.50210,-0.19519,0.04494,-12.66352,6.72472,0.06742,1.48697,0.19252,-0.03632,-12.64836,6.72976,-0.05637,-1.51432,-1.12171,-1.51313,-1.12202,88.000,88.000,88.000,139.000,35.000,35.000,88.000,88.000,88.000,139.000,35.000,35.000,25.000,25.000,25.000,25.000
0.2100,-0.00395,-0.00004,0.73742,0.99999,-0.00002,0.00461,0.00046,0.03708,0.00008,0.67359,0.68452,0.00900,0.00007,2,0.03470,0.00900,0.034703,-0.00005,-0.7671,-0.0005,-1.1226,-0.0006,6.5610,0.0105,-3.5513,1,0.08500,0.03000,0.0059,0.0056,0.038139,0.118327,-19.0947,-0.0790,111.9536,-0.5097,-0.3081,169.4735,-19.0866,0.0595,111.8051,-0.4839,0.3076,169.3169,0.031264,-0.000588,111.9493,0.006835,-0.000339,169.4735,0.031392,0.000487,111.8008,0.006894,0.000272,169.3169,-0.40225,0.00032,-0.00009,0.83232,-0.43906,-0.00016,-0.40178,-0.00027,-0.00037,0.83225,-0.43946,-0.00002,-0.04061,-0.00244,-0.04030,-0.00220,1.51396,-0.19540,0.04525,-12.70318,6.72922,0.06748,1.49879,0.19253,-0.03680,-12.68799,6.73425,-0.05653,-1.51354,-1.12184,-1.51248,-1.12215,88.000,88.000,88.000,139.000,35.000,35.000,88.000,88.000,88.000,139.000,35.000,35.000,25.000,25.000,25.000,25.000
0.2150,-0.00401,-0.00004,0.73716,0.99999,-0.00002,0.00471,0.00046,0.03712,0.00008,0.67338,0.68452,0.00921,0.00007,2,0.03470,0.00921,0.034702,-0.00004,-0.7659,-0.0005,-1.1210,-0.0006,6.5716,0.0105,-3.5545,1,0.08500,0.03000,0.0058,0.0056,0.038150,0.118327,-19.0698,-0.0792,112.1387,-0.4993,-0.3076,169.4479,-19.0616,0.0596,111.9901,-0.4736,0.3071,169.2913,0.031183,-0.000587,112.1344,0.006845,-0.000340,169.4479,0.031311,0.000488,111.9858,0.006905,0.000274,169.2913,-0.40354,0.00032,-0.00009,0.83433,-0.43999,-0.00016,-0.40307,-0.00026,-0.00036,0.83426,-0.44039,-0.00002,-0.04130,-0.00242,-0.04099,-0.00219,1.52551,-0.19560,0.04555,-12.74221,6.73351,0.06755,1.51030,0.19255,-0.03726,-12.72697,6.73852,-0.05669,-1.51278,-1.12196,-1.51184,-1.12227,88.000,88.000,88.000,139.000,35.000,35.000,88.000,88.000,88.000,139.000,35.000,35.000,25.000,25.000,25.000,25.000
0.2200,-0.00407,-0.00004,0.73691,0.99999,-0.00002,0.00482,0.00046,0.03715,0.00008,0.67318,0.68452,0.00943,0.00007,2,0.03470,0.00943,0.034702,-0.00004,-0.7648,-0.0005,-1.1194,-0.0006,6.5820,0.0105,-3.5574,1,0.08500,0.03000,0.0057,0.0055,0.038161,0.118327,-19.0452,-0.0794,112.3195,-0.4891,-0.3071,169.4225,-19.0370,0.0597,112.1709,-0.4635,0.3066,169.2658,0.031104,-0.000587,112.3152,0.006855,-0.000340,169.4225,0.031231,0.000488,112.1666,0.006915,0.000275,169.2658,-0.40481,0.00032,-0.00009,0.83629,-0.44090,-0.00016,-0.40434,-0.00026,-0.00035,0.83623,-0.44129,-0.00002,-0.04197,-0.00241,-0.04166,-0.00218,1.53675,-0.19578,0.04585,-12.78060,6.73761,0.06763,1.52151,0.19257,-0.03771,-12.76532,6.74261,-0.05683,-1.51205,-1.12207,-1.51122,-1.12238,88.000,88.000,88.000,139.000,35.000,35.000,88.000,88.000,88.000,139.000,35.000,35.000,25.000,25.000,25.000,25.000
0.2250,-0.00413,-0.00004,0.73666,0.99999,-0.00002,0.00492,0.00046,0.03718,0.00008,0.67299,0.68452,0.00963,0.00007,2,0.03470,0.00963,0.034702,-0.00004,-0.7637,-0.0005,-1.1179,-0.0006,6.5922,0.0104,-3.5601,1,0.08500,0.03000,0.0056,0.0054,0.038170,0.118326,-19.0210,-0.0795,112.4960,-0.4791,-0.3066,169.3973,-19.0128,0.0598,112.3473,-0.4536,0.3061,169.2405,0.031026,-0.000587,112.4917,0.006865,-0.000341,169.3973,0.031153,0.000489,112.3430,0.006924,0.000276,169.2405,-0.40605,0.00032,-0.00010,0.83823,-0.44179,-0.00016,-0.40558,-0.00025,-0.00034,0.83816,-0.44219,-0.00002,-0.04262,-0.00240,-0.04233,-0.00217,1.54770,-0.19595,0.04615,-12.81835,6.74153,0.06770,1.53242,0.19260,-0.03815,-12.80304,6.74652,-0.05697,-1.51135,-1.12218,-1.51061,-1.12248,88.000,88.000,88.000,139.000,35.000,35.000,88.000,88.000,88.000,139.000,35.000,35.000,25.000,25.000,25.000,25.000
0.2300,-0.00419,-0.00004,0.73641,0.99999,-0.00002,0.00501,0.00046,0.03721,0.00008,0.67279,0.68452,0.00983,0.00007,2,0.03470,0.00983,0.034702,-0.00004,-0.7626,-0.0005,-1.1164,-0.0006,6.6021,0.0104,-3.5625,1,0.08500,0.03000,0.0055,0.0053,0.038179,0.118326,-18.9973,-0.0796,112.6683,-0.4693,-0.3061,169.3723,-18.9890,0.0599,112.5197,-0.4438,0.3056,169.2155,0.030950,-0.000586,112.6640,0.006873,-0.000342,169.3723,0.031076,0.000489,112.5154,0.006932,0.000277,169.2155,-0.40726,0.00032,-0.00010,0.84013,-0.44267,-0.00017,-0.40680,-0.00025,-0.00033,0.84006,-0.44307,-0.00002,-0.04327,-0.00238,-0.04297,-0.00216,1.55837,-0.19611,0.04645,-12.85546,6.74530,0.06778,1.54307,0.19263,-0.03858,-12.84012,6.75026,-0.05709,-1.51066,-1.12227,-1.51001,-1.12257,88.000,88.000,88.000,139.000,35.000,35.000,88.000,88.000,88.000,139.000,35.000,35.000,25.000,25.000,25.000,25.000
0.2350,-0.00425,-0.00004,0.73617,0.99999,-0.00002,0.00511,0.00046,0.03724,0.00008,0.67260,0.68452,0.01003,0.00007,2,0.03470,0.01003,0.034701,-0.00004,-0.7616,-0.0005,-1.1149,-0.0006,6.6118,0.0104,-3.5646,1,0.08500,0.03000,0.0054,0.0052,0.038187,0.118326,-18.9739,-0.0798,112.8367,-0.4596,-0.3057,169.3475,-18.9657,0.0600,112.6880,-0.4343,0.3051,169.1906,0.030874,-0.000586,112.8324,0.006881,-0.000342,169.3475,0.031000,0.000489,112.6837,0.006940,0.000278,169.1906,-0.40846,0.00032,-0.00010,0.84199,-0.44353,-0.00017,-0.40799,-0.00024,-0.00032,0.84193,-0.44393,-0.00002,-0.04390,-0.00237,-0.04361,-0.00215,1.56877,-0.19626,0.04674,-12.89195,6.74892,0.06786,1.55344,0.19266,-0.03899,-12.87657,6.75387,-0.05722,-1.50999,-1.12235,-1.50943,-1.12265,88.000,88.000,88.000,139.000,35.000,35.000,88.000,88.000,88.000,139.000,35.000,35.000,25.000,25.000,25.000,25.000
0.2400,-0.00430,-0.00004,0.73593,0.99999,-0.00002,0.00520,0.00045,0.03727,0.00008,0.67241,0.68452,0.01022,0.00007,2,0.03470,0.01022,0.034701,-0.00004,-0.7605,-0.0005,-1.1134,-0.0006,6.6212,0.0103,-3.5666,1,0.08500,0.03000,0.0054,0.0052,0.038195,0.118326,-18.9510,-0.0799,113.0011,-0.4502,-0.3052,169.3229,-18.9427,0.0601,112.8524,-0.4249,0.3047,169.1659,0.030801,-0.000586,112.9968,0.006888,-0.000343,169.3229,0.030926,0.000490,112.8481,0.006948,0.000279,169.1659,-0.40963,0.00031,-0.00011,0.84383,-0.44438,-0.00017,-0.40916,-0.00024,-0.00031,0.84376,-0.44478,-0.00002,-0.04452,-0.00237,-0.04423,-0.00215,1.57891,-0.19640,0.04704,-12.92781,6.75241,0.06793,1.56356,0.19270,-0.03939,-12.91240,6.75734,-0.05734,-1.50934,-1.12243,-1.50885,-1.12272,88.000,88.000,88.000,139.000,35.000,35.000,88.000,88.000,88.000,139.000,35.000,35.000,25.000,25.000,25.000,25.000
0.2450,-0.00436,-0.00004,0.73569,0.99999,-0.00002,0.00530,0.00045,0.03730,0.00008,0.67223,0.68452,0.01041,0.00007,2,0.03470,0.01041,0.034701,-0.00004,-0.7595,-0.0005,-1.1120,-0.0006,6.6305,0.0103,-3.5683,1,0.08500,0.03000,0.0053,0.0051,0.038202,0.118325,-18.9285,-0.0801,113.1617,-0.4409,-0.3048,169.2985,-18.9201,0.0602,113.0130,-0.4157,0.3042,169.1414,0.030729,-0.000586,113.1574,0.006895,-0.000343,169.2985,0.030854,0.000490,113.0086,0.006954,0.000279,169.1414,-0.41078,0.00031,-0.00011,0.84563,-0.44521,-0.00017,-0.41032,-0.00023,-0.00031,0.84556,-0.44561,-0.00002,-0.04512,-0.00236,-0.04484,-0.00214,1.58881,-0.19653,0.04733,-12.96306,6.75577,0.06801,1.57343,0.19273,-0.03978,-12.94761,6.76068,-0.05745,-1.50871,-1.12250,-1.50829,-1.12279,88.000,88.000,88.000,139.000,35.000,35.000,88.000,88.000,88.000,139.000,35.000,35.000,25.000,25.000,25.000,25.000
0.2500,-0.00441,-0.00004,0.73546,0.99999,-0.00002,0.00539,0.00045,0.03733,0.00008,0.67205,0.68452,0.01059,0.00007,2,0.03470,0.01059,0.034701,-0.00003,-0.7584,-0.0005,-1.1105,-0.0006,6.6395,0.0102,-3.5699,1,0.08500,0.03000,0.0052,0.0050,0.038209,0.118325,-18.9063,-0.0802,113.3186,-0.4318,-0.3043,169.2742,-18.8980,0.0603,113.1698,-0.4067,0.3038,169.1171,0.030658,-0.000585,113.3143,0.006902,-0.000344,169.2742,0.030783,0.000490,113.1655,0.006961,0.000280,169.1171,-0.41191,0.00031,-0.00012,0.84740,-0.44603,-0.00017,-0.41145,-0.00023,-0.00030,0.84733,-0.44643,-0.00002,-0.04571,-0.00235,-0.04544,-0.00214,1.59846,-0.19665,0.04762,-12.99769,6.75901,0.06809,1.58306,0.19277,-0.04016,-12.98221,6.76391,-0.05756,-1.50810,-1.12256,-1.50774,-1.12285,88.000,88.000,88.000,139.000,35.000,35.000,88.000,88.000,88.000,139.000,35.000,35.000,25.000,25.000,25.000,25.000
0.2550,-0.00446,-0.00004,0.73524,0.99998,-0.00002,0.00547,0.00045,0.03736,0.00008,0.67187,0.68452,0.01077,0.00007,2,0.03470,0.01077,0.034700,-0.00003,-0.7574,-0.0005,-1.1092,-0.0006,6.6483,0.0102,-3.5713,1,0.08500,0.03000,0.0051,0.0049,0.038215,0.118325,-18.8846,-0.0803,113.4718,-0.4228,-0.3039,169.2502,-18.8762,0.0604,113.3231,-0.3979,0.3034,169.0931,0.030589,-0.000585,113.4675,0.006908,-0.000344,169.2502,0.030713,0.000490,113.3187,0.006967,0.000281,169.0931,-0.41302,0.00031,-0.00012,0.84914,-0.44684,-0.00017,-0.41255,-0.00022,-0.00029,0.84907,-0.44723,-0.00002,-0.04630,-0.00235,-0.04602,-0.00214,1.60788,-0.19677,0.04790,-13.03172,6.76215,0.06817,1.59246,0.19281,-0.04053,-13.01622,6.76703,-0.05766,-1.50750,-1.12261,-1.50720,-1.12290,88.000,88.000,88.000,139.000,35.000,35.000,88.000,88.000,88.000,139.000,35.000,35.000,25.000,25.000,25.000,25.000
0.2600,-0.00452,-0.00004,0.73501,0.99998,-0.00002,0.00556,0.00045,0.03739,0.00008,0.67169,0.68452,0.01095,0.00007,2,0.03470,0.01095,0.034700,-0.00003,-0.7564,-0.0005,-1.1078,-0.0006,6.6570,0.0102,-3.5725,1,0.08500,0.03000,0.0051,0.0049,0.038221,0.118324,-18.8632,-0.0804,113.6216,-0.4141,-0.3035,169.2264,-18.8549,0.0605,113.4728,-0.3892,0.3030,169.0692,0.030521,-0.000585,113.6173,0.006914,-0.000345,169.2264,0.030645,0.000491,113.4685,0.006973,0.000282,169.0692,-0.41410,0.00031,-0.00012,0.85085,-0.44763,-0.00017,-0.41364,-0.00022,-0.00028,0.85078,-0.44802,-0.00002,-0.04687,-0.00235,-0.04660,-0.00214,1.61708,-0.19687,0.04819,-13.06516,6.76519,0.06825,1.60164,0.19285,-0.04089,-13.04963,6.77004,-0.05776,-1.50692,-1.12266,-1.50667,-1.12294,88.000,88.000,88.000,139.000,35.000,35.000,88.000,88.000,88.000,139.000,35.000,35.000,25.000,25.000,25.000,25.000
0.2650,-0.00457,-0.00004,0.73479,0.99998,-0.00002,0.00564,0.00045,0.03742,0.00008,0.67152,0.68452,0.01112,0.00007,2,0.03470,0.01112,0.034700,-0.00003,-0.7554,-0.0005,-1.1065,-0.0006,6.6654,0.0101,-3.5736,1,0.08500,0.03000,0.0050,0.0048,0.038227,0.118324,-18.8423,-0.0805,113.7679,-0.4055,-0.3031,169.2028,-18.8339,0.0606,113.6191,-0.3808,0.3026,169.0455,0.030455,-0.000585,113.7636,0.006919,-0.000346,169.2028,0.030579,0.000491,113.6148,0.006978,0.000283,169.0455,-0.41517,0.00031,-0.00013,0.85252,-0.44841,-0.00017,-0.41471,-0.00021,-0.00027,0.85246,-0.44880,-0.00002,-0.04742,-0.00234,-0.04716,-0.00213,1.62606,-0.19698,0.04847,-13.09802,6.76813,0.06833,1.61059,0.19289,-0.04124,-13.08246,6.77297,-0.05785,-1.50636,-1.12270,-1.50615,-1.12298,88.000,88.000,88.000,139.000,35.000,35.000,88.000,88.000,88.000,139.000,35.000,35.000,25.000,25.000,25.000,25.000
0.2700,-0.00462,-0.00004,0.73457,0.99998,-0.00002,0.00572,0.00045,0.03744,0.00008,0.67135,0.68452,0.01128,0.00007,2,0.03470,0.01128,0.034700,-0.00003,-0.7544,-0.0005,-1.1052,-0.0006,6.6737,0.0101,-3.5745,1,0.08500,0.03000,0.0049,0.0047,0.038233,0.118324,-18.8217,-0.0807,113.9109,-0.3971,-0.3027,169.1795,-18.8133,0.0607,113.7621,-0.3725,0.3022,169.0221,0.030390,-0.000585,113.9066,0.006924,-0.000346,169.1795,0.030513,0.000491,113.7578,0.006983,0.000283,169.0221,-0.41622,0.00030,-0.00013,0.85417,-0.44917,-0.00017,-0.41576,-0.00021,-0.00026,0.85411,-0.44956,-0.00002,-0.04797,-0.00234,-0.04771,-0.00214,1.63482,-0.19707,0.04874,-13.13030,6.77098,0.06841,1.61934,0.19293,-0.04158,-13.11471,6.77581,-0.05794,-1.50580,-1.12274,-1.50564,-1.12302,88.000,88.000,88.000,139.000,35.000,35.000,88.000,88.000,88.000,139.000,35.000,35.000,25.000,25.000,25.000,25.000
0.2750,-0.00467,-0.00004,0.73436,0.99998,-0.00002,0.00580,0.00044,0.03747,0.00008,0.67118,0.68452,0.01144,0.00007,2,0.03470,0.01144,0.034700,-0.00003,-0.7535,-0.0005,-1.1039,-0.0006,6.6817,0.0100,-3.5753,1,0.08500,0.03000,0.0049,0.0047,0.038238,0.118323,-18.8015,-0.0808,114.0507,-0.3888,-0.3023,169.1563,-18.7931,0.0608,113.9019,-0.3643,0.3018,168.9989,0.030327,-0.000585,114.0464,0.006929,-0.000347,169.1563,0.030450,0.000491,113.8975,0.006988,0.000284,168.9989,-0.41724,0.00030,-0.00013,0.85579,-0.44992,-0.00017,-0.41679,-0.00020,-0.00025,0.85573,-0.45031,-0.00002,-0.04850,-0.00234,-0.04825,-0.00214,1.64338,-0.19716,0.04902,-13.16201,6.77375,0.06849,1.62788,0.19297,-0.04191,-13.14640,6.77856,-0.05803,-1.50526,-1.12277,-1.50513,-1.12304,88.000,88.000,88.000,139.000,35.000,35.000,88.000,88.000,88.000,139.000,35.000,35.000,25.000,25.000,25.000,25.000
0.2800,-0.00472,-0.00004,0.73415,0.99998,-0.00002,0.00588,0.00044,0.03749,0.00008,0.67101,0.68452,0.01160,0.00007,2,0.03470,0.01160,0.034699,-0.00003,-0.7525,-0.0005,-1.1026,-0.0006,6.6896,0.0100,-3.5760,1,0.08500,0.03000,0.0048,0.0046,0.038243,0.118323,-18.7817,-0.0809,114.1873,-0.3807,-0.3020,169.1334,-18.7733,0.0609,114.0385,-0.3564,0.3014,168.9759,0.030265,-0.000585,114.1830,0.006934,-0.000347,169.1334,0.030387,0.000491,114.0341,0.006993,0.000285,168.9759,-0.41825,0.00030,-0.00014,0.85738,-0.45066,-0.00017,-0.41779,-0.00020,-0.00024,0.85732,-0.45105,-0.00002,-0.04903,-0.00234,-0.04878,-0.00214,1.65173,-0.19725,0.04929,-13.19317,6.77644,0.06856,1.63622,0.19301,-0.04224,-13.17753,6.78123,-0.05812,-1.50474,-1.12279,-1.50464,-1.12307,88.000,88.000,88.000,139.000,35.000,35.000,88.000,88.000,88.000,139.000,35.000,35.000,25.000,25.000,25.000,25.000
0.2850,-0.00476,-0.00004,0.73394,0.99998,-0.00002,0.00595,0.00044,0.03752,0.00008,0.67085,0.68452,0.01176,0.00007,2,0.03470,0.01176,0.034699,-0.00003,-0.7516,-0.0005,-1.1014,-0.0006,6.6973,0.0099,-3.5766,1,0.08500,0.03000,0.0047,0.0045,0.038248,0.118323,-18.7622,-0.0810,114.3208,-0.3728,-0.3016,169.1106,-18.7538,0.0610,114.1720,-0.3486,0.3011,168.9531,0.030204,-0.000585,114.3165,0.006938,-0.000348,169.1106,0.030327,0.000491,114.1676,0.006997,0.000285,168.9531,-0.41924,0.00030,-0.00014,0.85895,-0.45139,-0.00017,-0.41879,-0.00019,-0.00023,0.85889,-0.45178,-0.00002,-0.04954,-0.00234,-0.04929,-0.00214,1.65989,-0.19733,0.04955,-13.22377,6.77906,0.06864,1.64437,0.19305,-0.04255,-13.20811,6.78383,-0.05820,-1.50422,-1.12282,-1.50416,-1.12308,88.000,88.000,88.000,139.000,35.000,35.000,88.000,88.000,88.000,139.000,35.000,35.000,25.000,25.000,25.000,25.000
0.2900,-0.00481,-0.00004,0.73374,0.99998,-0.00002,0.00603,0.00044,0.03754,0.00008,0.67069,0.68452,0.01191,0.00007,2,0.03470,0.01191,0.034699,-0.00003,-0.7506,-0.0005,-1.1002,-0.0006,6.7048,0.0099,-3.5770,1,0.08500,0.03000,0.0047,0.0045,0.038252,0.118322,-18.7431,-0.0811,114.4514,-0.3650,-0.3013,169.0881,-18.7347,0.0611,114.3025,-0.3409,0.3008,168.9306,0.030145,-0.000584,114.4471,0.006943,-0.000348,169.0881,0.030267,0.000491,114.2981,0.007002,0.000286,168.9306,-0.42021,0.00030,-0.00015,0.86048,-0.45210,-0.00017,-0.41976,-0.00019,-0.00023,0.86042,-0.45249,-0.00002,-0.05005,-0.00234,-0.04980,-0.00214,1.66786,-0.19740,0.04982,-13.25384,6.78161,0.06872,1.65232,0.19309,-0.04286,-13.23815,6.78636,-0.05827,-1.50372,-1.12283,-1.50368,-1.12310,88.000,88.000,88.000,139.000,35.000,35.000,88.000,88.000,88.000,139.000,35.000,35.000,25.000,25.000,25.000,25.000
0.2950,-0.00486,-0.00004,0.73354,0.99998,-0.00002,0.00610,0.00044,0.03757,0.00008,0.67053,0.68452,0.01206,0.00007,2,0.03470,0.01206,0.034699,-0.00002,-0.7497,-0.0005,-1.0990,-0.0006,6.7122,0.0098,-3.5774,1,0.08500,0.03000,0.0046,0.0044,0.038257,0.118322,-18.7244,-0.0812,114.5790,-0.3574,-0.3009,169.0659,-18.7160,0.0612,114.4301,-0.3334,0.3004,168.9083,0.030087,-0.000584,114.5747,0.006947,-0.000349,169.0659,0.030209,0.000491,114.4257,0.007006,0.000286,168.9083,-0.42116,0.00030,-0.00015,0.86199,-0.45280,-0.00017,-0.42071,-0.00018,-0.00022,0.86193,-0.45319,-0.00002,-0.05054,-0.00235,-0.05030,-0.00215,1.67565,-0.19747,0.05008,-13.28337,6.78409,0.06879,1.66009,0.19313,-0.04316,-13.26766,6.78882,-0.05835,-1.50323,-1.12284,-1.50321,-1.12310,88.000,88.000,88.000,139.000,35.000,35.000,88.000,88.000,88.000,139.000,35.000,35.000,25.000,25.000,25.000,25.000
0.3000,-0.00490,-0.00004,0.73334,0.99998,-0.00002,0.00617,0.00044,0.03759,0.00008,0.67037,0.68452,0.01220,0.00007,2,0.03470,0.01220,0.034699,-0.00002,-0.7488,-0.0005,-1.0979,-0.0006,6.7194,0.0098,-3.5776,1,0.08500,0.03000,0.0045,0.0044,0.038261,0.118322,-18.7060,-0.0813,114.7038,-0.3500,-0.3006,169.0438,-18.6976,0.0613,114.5549,-0.3261,0.3001,168.8862,0.030031,-0.000584,114.6994,0.006951,-0.000350,169.0438,0.030152,0.000491,114.5505,0.007010,0.000287,168.8862,-0.42210,0.00029,-0.00015,0.86348,-0.45349,-0.00017,-0.42165,-0.00018,-0.00021,0.86342,-0.45388,-0.00002,-0.05102,-0.00235,-0.05078,-0.00215,1.68325,-0.19754,0.05033,-13.31239,6.78650,0.06887,1.66768,0.19317,-0.04346,-13.29665,6.79122,-0.05842,-1.50275,-1.12285,-1.50275,-1.12311,88.000,88.000,88.000,139.000,35.000,35.000,88.000,88.000,88.000,139.000,35.000,35.000,25.000,25.000,25.000,25.000
0.3050,-0.00495,-0.00004,0.73315,0.99998,-0.00002,0.00624,0.00044,0.03761,0.00008,0.67022,0.68452,0.01234,0.00007,2,0.03470,0.01234,0.034699,-0.00002,-0.7479,-0.0005,-1.0967,-0.0006,6.7264,0.0097,-3.5778,1,0.08500,0.03000,0.0045,0.0043,0.038265,0.118321,-18.6880,-0.0814,114.8258,-0.3427,-0.3003,169.0220,-18.6796,0.0613,114.6769,-0.3189,0.2998,168.8643,0.029976,-0.000584,114.8215,0.006955,-0.000350,169.0220,0.030097,0.000491,114.6725,0.007014,0.000288,168.8643,-0.42301,0.00029,-0.00016,0.86494,-0.45417,-0.00018,-0.42256,-0.00017,-0.00020,0.86488,-0.45455,-0.00002,-0.05149,-0.00235,-0.05126,-0.00216,1.69068,-0.19760,0.05058,-13.34089,6.78885,0.06894,1.67510,0.19321,-0.04374,-13.32513,6.79355,-0.05849,-1.50228,-1.12285,-1.50230,-1.12311,88.000,88.000,88.000,139.000,35.000,35.000,88.000,88.000,88.000,139.000,35.000,35.000,25.000,25.000,25.000,25.000
0.3100,-0.00499,-0.00004,0.73296,0.99998,-0.00002,0.00630,0.00043,0.03763,0.00008,0.67007,0.68452,0.01248,0.00007,2,0.03470,0.01248,0.034699,-0.00002,-0.7470,-0.0005,-1.0956,-0.0006,6.7333,0.0097,-3.5778,1,0.08500,0.03000,0.0044,0.0043,0.038269,0.118321,-18.6703,-0.0815,114.9451,-0.3356,-0.3000,169.0004,-18.6619,0.0614,114.7962,-0.3119,0.2995,168.8427,0.029922,-0.000584,114.9408,0.006959,-0.000351,169.0004,0.030042,0.000491,114.7918,0.007017,0.000288,168.8427,-0.42391,0.00029,-0.00016,0.86637,-0.45483,-0.00018,-0.42347,-0.00017,-0.00019,0.86631,-0.45522,-0.00002,-0.05195,-0.00236,-0.05172,-0.00217,1.69793,-0.19766,0.05083,-13.36889,6.79115,0.06901,1.68235,0.19324,-0.04402,-13.35311,6.79583,-0.05856,-1.50182,-1.12285,-1.50186,-1.12310,88.000,88.000,88.000,139.000,35.000,35.000,88.000,88.000,88.000,139.000,35.000,35.000,25.000,25.000,25.000,25.000
0.3150,-0.00503,-0.00004,0.73277,0.99998,-0.00002,0.00637,0.00043,0.03766,0.00008,0.66992,0.68452,0.01261,0.00007,2,0.03470,0.01261,0.034698,-0.00002,-0.7461,-0.0005,-1.0945,-0.0006,6.7401,0.0096,-3.5778,1,0.08500,0.03000,0.0044,0.0042,0.038273,0.118321,-18.6529,-0.0815,115.0618,-0.3286,-0.2997,168.9791,-18.6445,0.0615,114.9128,-0.3050,0.2992,168.8213,0.029869,-0.000584,115.0575,0.006962,-0.000351,168.9791,0.029989,0.000491,114.9085,0.007021,0.000289,168.8213,-0.42480,0.00029,-0.00017,0.86778,-0.45549,-0.00018,-0.42435,-0.00016,-0.00018,0.86772,-0.45587,-0.00002,-0.05241,-0.00236,-0.05218,-0.00217,1.70502,-0.19772,0.05108,-13.39639,6.79339,0.06908,1.68942,0.19328,-0.04430,-13.38059,6.79805,-0.05863,-1.50137,-1.12285,-1.50142,-1.12310,88.000,88.000,88.000,139.000,35.000,35.000,88.000,88.000,88.000,139.000,35.000,35.000,25.000,25.000,25.000,25.000
0.3200,-0.00507,-0.00004,0.73258,0.99998,-0.00002,0.00643,0.00043,0.03768,0.00008,0.66978,0.68452,0.01274,0.00007,2,0.03470,0.01274,0.034698,-0.00002,-0.7452,-0.0005,-1.0935,-0.0006,6.7467,0.0096,-3.5778,1,0.08500,0.03000,0.0043,0.0042,0.038277,0.118320,-18.6359,-0.0816,115.1759,-0.3217,-0.2994,168.9579,-18.6275,0.0616,115.0270,-0.2983,0.2989,168.8001,0.029818,-0.000584,115.1716,0.006966,-0.000352,168.9579,0.029937,0.000491,115.0226,0.007024,0.000289,168.8001,-0.42566,0.00029,-0.00017,0.86916,-0.45613,-0.00018,-0.42522,-0.00016,-0.00017,0.86910,-0.45651,-0.00001,-0.05285,-0.00237,-0.05263,-0.00218,1.71195,-0.19777,0.05132,-13.42341,6.79558,0.06915,1.69634,0.19332,-0.04456,-13.40759,6.80022,-0.05869,-1.50093,-1.12284,-1.50100,-1.12309,88.000,88.000,88.000,139.000,35.000,35.000,88.000,88.000,88.000,139.000,35.000,35.000,25.000,25.000,25.000,25.000
0.3250,-0.00512,-0.00004,0.73240,0.99998,-0.00002,0.00649,0.00043,0.03770,0.00008,0.66963,0.68452,0.01287,0.00007,2,0.03470,0.01287,0.034698,-0.00002,-0.7443,-0.0005,-1.0924,-0.0006,6.7531,0.0095,-3.5776,1,0.08500,0.03000,0.0043,0.0041,0.038280,0.118320,-18.6192,-0.0817,115.2876,-0.3150,-0.2991,168.9371,-18.6108,0.0617,115.1386,-0.2917,0.2986,168.7792,0.029767,-0.000584,115.2832,0.006969,-0.000352,168.9371,0.029887,0.000491,115.1342,0.007028,0.000290,168.7792,-0.42652,0.00029,-0.00017,0.87052,-0.45676,-0.00018,-0.42607,-0.00015,-0.00017,0.87046,-0.45714,-0.00001,-0.05328,-0.00237,-0.05307,-0.00219,1.71872,-0.19782,0.05155,-13.44995,6.79771,0.06922,1.70310,0.19335,-0.04483,-13.43411,6.80234,-0.05875,-1.50049,-1.12283,-1.50058,-1.12307,88.000,88.000,88.000,139.000,35.000,35.000,88.000,88.000,88.000,139.000,35.000,35.000,25.000,25.000,25.000,25.000
0.3300,-0.00516,-0.00004,0.73222,0.99998,-0.00002,0.00655,0.00043,0.03772,0.00008,0.66949,0.68452,0.01299,0.00007,2,0.03470,0.01299,0.034698,-0.00002,-0.7434,-0.0005,-1.0914,-0.0006,6.7594,0.0095,-3.5774,1,0.08500,0.03000,0.0042,0.0041,0.038284,0.118320,-18.6028,-0.0818,115.3968,-0.3084,-0.2988,168.9164,-18.5945,0.0617,115.2478,-0.2853,0.2984,168.7585,0.029718,-0.000584,115.3924,0.006972,-0.000353,168.9164,0.029837,0.000491,115.2434,0.007031,0.000290,168.7585,-0.42735,0.00028,-0.00018,0.87186,-0.45738,-0.00018,-0.42691,-0.00015,-0.00016,0.87180,-0.45776,-0.00001,-0.05371,-0.00238,-0.05349,-0.00220,1.72533,-0.19787,0.05179,-13.47602,6.79980,0.06929,1.70970,0.19339,-0.04508,-13.46017,6.80441,-0.05881,-1.50007,-1.12281,-1.50016,-1.12305,88.000,88.000,88.000,139.000,35.000,35.000,88.000,88.000,88.000,139.000,35.000,35.000,25.000,25.000,25.000,25.000
0.3350,-0.00520,-0.00004,0.73204,0.99998,-0.00002,0.00661,0.00043,0.03774,0.00008,0.66935,0.68452,0.01311,0.00007,2,0.03470,0.01311,0.034698,-0.00002,-0.7425,-0.0005,-1.0904,-0.0006,6.7656,0.0094,-3.5771,1,0.08500,0.03000,0.0042,0.0040,0.038287,0.118320,-18.5867,-0.0819,115.5036,-0.3020,-0.2986,168.8960,-18.5784,0.0618,115.3546,-0.2790,0.2981,168.7380,0.029670,-0.000584,115.4993,0.006976,-0.000353,168.8960,0.029789,0.000491,115.3502,0.007034,0.000291,168.7380,-0.42817,0.00028,-0.00018,0.87317,-0.45799,-0.00018,-0.42773,-0.00014,-0.00015,0.87311,-0.45837,-0.00001,-0.05413,-0.00239,-0.05391,-0.00221,1.73179,-0.19791,0.05201,-13.50164,6.80184,0.06936,1.71615,0.19342,-0.04533,-13.48576,6.80644,-0.05887,-1.49965,-1.12280,-1.49976,-1.12303,88.000,88.000,88.000,139.000,35.000,35.000,88.000,88.000,88.000,139.000,35.000,35.000,25.000,25.000,25.000,25.000
0.3400,-0.00524,-0.00004,0.73187,0.99998,-0.00002,0.00667,0.00043,0.03776,0.00008,0.66921,0.68452,0.01323,0.00007,2,0.03470,0.01323,0.034698,-0.00002,-0.7417,-0.0005,-1.0894,-0.0006,6.7716,0.0094,-3.5768,1,0.08500,0.03000,0.0041,0.0040,0.038291,0.118319,-18.5710,-0.0820,115.6081,-0.2957,-0.2983,168.8758,-18.5626,0.0619,115.4591,-0.2728,0.2979,168.7178,0.029623,-0.000584,115.6038,0.006979,-0.000354,168.8758,0.029742,0.000491,115.4547,0.007037,0.000291,168.7178,-0.42897,0.00028,-0.00019,0.87446,-0.45859,-0.00018,-0.42853,-0.00014,-0.00014,0.87440,-0.45897,-0.00001,-0.05453,-0.00240,-0.05432,-0.00221,1.73810,-0.19796,0.05224,-13.52680,6.80383,0.06942,1.72246,0.19346,-0.04557,-13.51090,6.80842,-0.05893,-1.49925,-1.12278,-1.49936,-1.12301,88.000,88.000,88.000,139.000,35.000,35.000,88.000,88.000,88.000,139.000,35.000,35.000,25.000,25.000,25.000,25.000
0.3450,-0.00527,-0.00004,0.73170,0.99998,-0.00002,0.00673,0.00043,0.03778,0.00008,0.66908,0.68452,0.01334,0.00007,2,0.03470,0.01334,0.034698,-0.00002,-0.7408,-0.0005,-1.0884,-0.0006,6.7776,0.0093,-3.5764,1,0.08500,0.03000,0.0041,0.0039,0.038294,0.118319,-18.5555,-0.0820,115.7104,-0.2895,-0.2981,168.8558,-18.5472,0.0620,115.5614,-0.2667,0.2976,168.6978,0.029578,-0.000584,115.7061,0.006982,-0.000354,168.8558,0.029696,0.000491,115.5570,0.007041,0.000291,168.6978,-0.42976,0.00028,-0.00019,0.87573,-0.45918,-0.00018,-0.42932,-0.00014,-0.00013,0.87567,-0.45956,-0.00001,-0.05493,-0.00241,-0.05473,-0.00222,1.74427,-0.19799,0.05246,-13.55151,6.80578,0.06949,1.72862,0.19349,-0.04581,-13.53560,6.81035,-0.05898,-1.49885,-1.12276,-1.49896,-1.12298,88.000,88.000,88.000,139.000,35.000,35.000,88.000,88.000,88.000,139.000,35.000,35.000,25.000,25.000,25.000,25.000
0.3500,-0.00531,-0.00004,0.73153,0.99998,-0.00002,0.00678,0.00042,0.03780,0.00008,0.66895,0.68452,0.01345,0.00007,2,0.03470,0.01345,0.034698,-0.00001,-0.7400,-0.0005,-1.0875,-0.0006,6.7833,0.0093,-3.5759,1,0.08500,0.03000,0.0041,0.0039,0.038297,0.118319,-18.5404,-0.0821,115.8105,-0.2835,-0.2978,168.8361,-18.5321,0.0620,115.6614,-0.2608,0.2974,168.6780,0.029533,-0.000584,115.8062,0.006985,-0.000355,168.8361,0.029651,0.000491,115.6571,0.007044,0.000292,168.6780,-0.43054,0.00028,-0.00020,0.87697,-0.45976,-0.00018,-0.43010,-0.00013,-0.00012,0.87691,-0.46014,-0.00001,-0.05532,-0.00241,-0.05512,-0.00224,1.75030,-0.19803,0.05268,-13.57579,6.80769,0.06955,1.73464,0.19352,-0.04605,-13.55987,6.81225,-0.05903,-1.49846,-1.12273,-1.49858,-1.12296,88.000,88.000,88.000,139.000,35.000,35.000,88.000,88.000,88.000,139.000,35.000,35.000,25.000,25.000,25.000,25.000
0.3550,-0.00535,-0.00004,0.73137,0.99998,-0.00002,0.00683,0.00042,0.03781,0.00008,0.66882,0.68452,0.01356,0.00007,2,0.03470,0.01356,0.034698,-0.00001,-0.7391,-0.0005,-1.0866,-0.0006,6.7890,0.0092,-3.5754,1,0.08500,0.03000,0.0040,0.0039,0.038300,0.118319,-18.5255,-0.0822,115.9084,-0.2776,-0.2976,168.8166,-18.5172,0.0621,115.7594,-0.2550,0.2972,168.6585,0.029489,-0.000584,115.9041,0.006988,-0.000355,168.8166,0.029607,0.000491,115.7550,0.007047,0.000292,168.6585,-0.43130,0.00027,-0.00020,0.87820,-0.46033,-0.00018,-0.43086,-0.00013,-0.00012,0.87814,-0.46071,-0.00001,-0.05570,-0.00242,-0.05550,-0.00225,1.75619,-0.19807,0.05289,-13.59965,6.80956,0.06961,1.74052,0.19355,-0.04627,-13.58370,6.81410,-0.05909,-1.49807,-1.12270,-1.49820,-1.12293,88.000,88.000,88.000,139.000,35.000,35.000,88.000,88.000,88.000,139.000,35.000,35.000,25.000,25.000,25.000,25.000
0.3600,-0.00538,-0.00004,0.73120,0.99998,-0.00002,0.00689,0.00042,0.03783,0.00008,0.66869,0.68452,0.01367,0.00007,2,0.03470,0.01367,0.034697,-0.00001,-0.7383,-0.0005,-1.0857,-0.0006,6.7946,0.0092,-3.5749,1,0.08500,0.03000,0.0040,0.0038,0.038304,0.118318,-18.5109,-0.0823,116.0043,-0.2718,-0.2974,168.7973,-18.5026,0.0622,115.8552,-0.2493,0.2970,168.6392,0.029446,-0.000584,115.9999,0.006991,-0.000356,168.7973,0.029564,0.000491,115.8508,0.007049,0.000293,168.6392,-0.43204,0.00027,-0.00020,0.87940,-0.46089,-0.00018,-0.43160,-0.00012,-0.00011,0.87934,-0.46127,-0.00001,-0.05608,-0.00243,-0.05588,-0.00226,1.76195,-0.19810,0.05310,-13.62308,6.81139,0.06967,1.74627,0.19358,-0.04650,-13.60712,6.81591,-0.05914,-1.49770,-1.12268,-1.49782,-1.12289,88.000,88.000,88.000,139.000,35.000,35.000,88.000,88.000,88.000,139.000,35.000,35.000,25.000,25.000,25.000,25.000
0.3650,-0.00542,-0.00004,0.73104,0.99998,-0.00002,0.00694,0.00042,0.03785,0.00008,0.66856,0.68452,0.01377,0.00007,2,0.03470,0.01377,0.034697,-0.00001,-0.7374,-0.0005,-1.0848,-0.0006,6.8000,0.0091,-3.5743,1,0.08500,0.03000,0.0039,0.0038,0.038307,0.118318,-18.4966,-0.0823,116.0981,-0.2661,-0.2971,168.7783,-18.4883,0.0623,115.9490,-0.2438,0.2967,168.6202,0.029405,-0.000584,116.0938,0.006994,-0.000356,168.7783,0.029522,0.000491,115.9446,0.007052,0.000293,168.6202,-0.43277,0.00027,-0.00021,0.88058,-0.46145,-0.00018,-0.43234,-0.00012,-0.00010,0.88052,-0.46182,-0.00001,-0.05644,-0.00244,-0.05625,-0.00227,1.76758,-0.19813,0.05331,-13.64610,6.81318,0.06973,1.75189,0.19361,-0.04671,-13.63012,6.81769,-0.05919,-1.49733,-1.12264,-1.49746,-1.12286,88.000,88.000,88.000,139.000,35.000,35.000,88.000,88.000,88.000,139.000,35.000,35.000,25.000,25.000,25.000,25.000
0.3700,-0.00546,-0.00004,0.73089,0.99998,-0.00002,0.00699,0.00042,0.03787,0.00008,0.66844,0.68452,0.01387,0.00007,2,0.03470,0.01387,0.034697,-0.00001,-0.7366,-0.0005,-1.0839,-0.0006,6.8053,0.0091,-3.5737,1,0.08500,0.03000,0.0039,0.0038,0.038310,0.118318,-18.4826,-0.0824,116.1899,-0.2606,-0.2969,168.7595,-18.4743,0.0623,116.0408,-0.2383,0.2965,168.6013,0.029364,-0.000584,116.1856,0.006997,-0.000357,168.7595,0.029481,0.000491,116.0364,0.007055,0.000293,168.6013,-0.43349,0.00027,-0.00021,0.88174,-0.46199,-0.00018,-0.43306,-0.00011,-0.00009,0.88169,-0.46236,-0.00001,-0.05680,-0.00245,-0.05661,-0.00228,1.77307,-0.19816,0.05351,-13.66871,6.81494,0.06979,1.75738,0.19363,-0.04693,-13.65272,6.81944,-0.05923,-1.49696,-1.12261,-1.49710,-1.12282,88.000,88.000,88.000,139.000,35.000,35.000,88.000,88.000,88.000,139.000,35.000,35.000,25.000,25.000,25.000,25.000
0.3750,-0.00549,-0.00004,0.73073,0.99998,-0.00002,0.00703,0.00042,0.03788,0.00008,0.66831,0.68452,0.01397,0.00007,2,0.03470,0.01397,0.034697,-0.00001,-0.7358,-0.0005,-1.0831,-0.0006,6.8105,0.0090,-3.5730,1,0.08500,0.03000,0.0039,0.0037,0.038313,0.118318,-18.4689,-0.0825,116.2798,-0.2552,-0.2967,168.7410,-18.4606,0.0624,116.1307,-0.2330,0.2963,168.5827,0.029324,-0.000584,116.2755,0.006999,-0.000357,168.7410,0.029441,0.000491,116.1263,0.007058,0.000294,168.5827,-0.43420,0.00026,-0.00022,0.88288,-0.46252,-0.00018,-0.43376,-0.00011,-0.00008,0.88283,-0.46290,-0.00001,-0.05715,-0.00246,-0.05696,-0.00229,1.77845,-0.19819,0.05371,-13.69093,6.81666,0.06985,1.76275,0.19366,-0.04714,-13.67492,6.82114,-0.05928,-1.49661,-1.12258,-1.49674,-1.12278,88.000,88.000,88.000,139.000,35.000,35.000,88.000,88.000,88.000,139.000,35.000,35.000,25.000,25.000,25.000,25.000
0.3800,-0.00552,-0.00004,0.73058,0.99997,-0.00002,0.00708,0.00042,0.03790,0.00008,0.66819,0.68452,0.01407,0.00007,2,0.03470,0.01407,0.034697,-0.00001,-0.7350,-0.0005,-1.0822,-0.0006,6.8156,0.0090,-3.5723,1,0.08500,0.03000,0.0038,0.0037,0.038315,0.118318,-18.4554,-0.0825,116.3678,-0.2499,-0.2965,168.7226,-18.4471,0.0625,116.2187,-0.2278,0.2961,168.5643,0.029285,-0.000584,116.3635,0.007002,-0.000357,168.7226,0.029402,0.000491,116.2143,0.007061,0.000294,168.5643,-0.43489,0.00026,-0.00022,0.88401,-0.46304,-0.00018,-0.43445,-0.00010,-0.00008,0.88395,-0.46342,-0.00001,-0.05749,-0.00248,-0.05731,-0.00230,1.78370,-0.19821,0.05390,-13.71276,6.81835,0.06991,1.76799,0.19368,-0.04734,-13.69673,6.82282,-0.05933,-1.49626,-1.12254,-1.49640,-1.12274,88.000,88.000,88.000,139.000,35.000,35.000,88.000,88.000,88.000,139.000,35.000,35.000,25.000,25.000,25.000,25.000
0.3850,-0.00556,-0.00004,0.73043,0.99997,-0.00002,0.00713,0.00042,0.03792,0.00008,0.66807,0.68452,0.01416,0.00007,2,0.03470,0.01416,0.034697,-0.00001,-0.7341,-0.0005,-1.0814,-0.0006,6.8206,0.0090,-3.5716,1,0.08500,0.03000,0.0038,0.0037,0.038318,0.118318,-18.4422,-0.0826,116.4539,-0.2447,-0.2963,168.7045,-18.4339,0.0625,116.3048,-0.2227,0.2960,168.5462,0.029247,-0.000584,116.4496,0.007005,-0.000358,168.7045,0.029363,0.000491,116.3004,0.007063,0.000294,168.5462,-0.43557,0.00026,-0.00023,0.88511,-0.46356,-0.00018,-0.43513,-0.00010,-0.00007,0.88505,-0.46393,-0.00001,-0.05783,-0.00249,-0.05765,-0.00232,1.78883,-0.19824,0.05409,-13.73420,6.82001,0.06996,1.77312,0.19371,-0.04754,-13.71816,6.82446,-0.05937,-1.49592,-1.12250,-1.49605,-1.12270,88.000,88.000,88.000,139.000,35.000,35.000,88.000,88.000,88.000,139.000,35.000,35.000,25.000,25.000,25.000,25.000
0.3900,-0.00559,-0.00004,0.73028,0.99997,-0.00002,0.00717,0.00042,0.03793,0.00008,0.66796,0.68452,0.01425,0.00007,2,0.03470,0.01425,0.034697,-0.00001,-0.7333,-0.0005,-1.0806,-0.0006,6.8255,0.0089,-3.5709,1,0.08500,0.03000,0.0038,0.0036,0.038321,0.118317,-18.4292,-0.0827,116.5383,-0.2396,-0.2961,168.6866,-18.4210,0.0626,116.3891,-0.2177,0.2958,168.5283,0.029210,-0.000584,116.5339,0.007007,-0.000358,168.6866,0.029326,0.000491,116.3848,0.007066,0.000295,168.5283,-0.43623,0.00026,-0.00023,0.88619,-0.46406,-0.00018,-0.43580,-0.00009,-0.00006,0.88614,-0.46444,-0.00001,-0.05816,-0.00250,-0.05798,-0.00233,1.79385,-0.19826,0.05428,-13.75526,6.82163,0.07001,1.77813,0.19373,-0.04774,-13.73921,6.82607,-0.05941,-1.49558,-1.12246,-1.49572,-1.12266,88.000,88.000,88.000,139.000,35.000,35.000,88.000,88.000,88.000,139.000,35.000,35.000,25.000,25.000,25.000,25.000
0.3950,-0.00562,-0.00004,0.73014,0.99997,-0.00002,0.00721,0.00041,0.03795,0.00008,0.66784,0.68452,0.01434,0.00007,2,0.03470,0.01434,0.034697,-0.00001,-0.7325,-0.0005,-1.0798,-0.0006,6.8303,0.0089,-3.5701,1,0.08500,0.03000,0.0037,0.0036,0.038324,0.118317,-18.4165,-0.0827,116.6209,-0.2346,-0.2960,168.6690,-18.4083,0.0626,116.4717,-0.2128,0.2956,168.5106,0.029174,-0.000584,116.6165,0.007010,-0.000359,168.6690,0.029289,0.000491,116.4674,0.007068,0.000295,168.5106,-0.43689,0.00026,-0.00023,0.88726,-0.46456,-0.00019,-0.43646,-0.00009,-0.00005,0.88720,-0.46494,-0.00001,-0.05848,-0.00251,-0.05830,-0.00234,1.79875,-0.19828,0.05447,-13.77596,6.82322,0.07007,1.78302,0.19376,-0.04793,-13.75990,6.82765,-0.05946,-1.49525,-1.12242,-1.49538,-1.12262,88.000,88.000,88.000,139.000,35.000,35.000,88.000,88.000,88.000,139.000,35.000,35.000,25.000,25.000,25.000,25.000
0.4000,-0.00565,-0.00004,0.72999,0.99997,-0.00002,0.00726,0.00041,0.03796,0.00008,0.66773,0.68452,0.01443,0.00007,2,0.03470,0.01443,0.034697,-0.00001,-0.7317,-0.0005,-1.0791,-0.0006,6.8349,0.0088,-3.5693,1,0.08500,0.03000,0.0037,0.0036,0.038327,0.118317,-18.4041,-0.0828,116.7017,-0.2297,-0.2958,168.6516,-18.3958,0.0627,116.5526,-0.2080,0.2954,168.4931,0.029138,-0.000584,116.6974,0.007013,-0.000359,168.6516,0.029254,0.000491,116.5482,0.007071,0.000295,168.4931,-0.43753,0.00025,-0.00024,0.88831,-0.46505,-0.00019,-0.43710,-0.00009,-0.00005,0.88825,-0.46543,-0.00001,-0.05879,-0.00252,-0.05862,-0.00236,1.80354,-0.19830,0.05465,-13.79629,6.82479,0.07012,1.78781,0.19378,-0.04812,-13.78021,6.82920,-0.05950,-1.49492,-1.12238,-1.49506,-1.12257,88.000,88.000,88.000,139.000,35.000,35.000,88.000,88.000,88.000,139.000,35.000,35.000,25.000,25.000,25.000,25.000
0.4050,-0.00568,-0.00004,0.72985,0.99997,-0.00002,0.00730,0.00041,0.03798,0.00008,0.66762,0.68452,0.01451,0.00007,2,0.03470,0.01451,0.034697,-0.00001,-0.7309,-0.0005,-1.0783,-0.0006,6.8395,0.0088,-3.5685,1,0.08500,0.03000,0.0037,0.0035,0.038329,0.118317,-18.3919,-0.0829,116.7809,-0.2249,-0.2956,168.6343,-18.3836,0.0628,116.6318,-0.2034,0.2953,168.4759,0.029104,-0.000584,116.7766,0.007015,-0.000359,168.6343,0.029219,0.000491,116.6274,0.007074,0.000296,168.4759,-0.43816,0.00025,-0.00024,0.88934,-0.46553,-0.00019,-0.43773,-0.00008,-0.00004,0.88928,-0.46591,-0.00001,-0.05910,-0.00254,-0.05893,-0.00237,1.80823,-0.19832,0.05482,-13.81627,6.82632,0.07017,1.79249,0.19380,-0.04830,-13.80018,6.83073,-0.05954,-1.49460,-1.12234,-1.49474,-1.12252,88.000,88.000,88.000,139.000,35.000,35.000,88.000,88.000,88.000,139.000,35.000,35.000,25.000,25.000,25.000,25.000
0.4100,-0.00571,-0.00004,0.72971,0.99997,-0.00002,0.00734,0.00041,0.03799,0.00008,0.66751,0.68452,0.01459,0.00007,2,0.03470,0.01459,0.034697,-0.00001,-0.7301,-0.0005,-1.0776,-0.0006,6.8440,0.0087,-3.5676,1,0.08500,0.03000,0.0036,0.0035,0.038332,0.118317,-18.3799,-0.0829,116.8585,-0.2203,-0.2955,168.6174,-18.3717,0.0628,116.7093,-0.1988,0.2951,168.4589,0.029070,-0.000584,116.8541,0.007018,-0.000360,168.6174,0.029185,0.000491,116.7049,0.007076,0.000296,168.4589,-0.43878,0.00025,-0.00025,0.89035,-0.46600,-0.00019,-0.43835,-0.00008,-0.00003,0.89029,-0.46638,-0.00001,-0.05940,-0.00255,-0.05923,-0.00239,1.81280,-0.19834,0.05500,-13.83590,6.82783,0.07022,1.79706,0.19382,-0.04848,-13.81979,6.83222,-0.05957,-1.49429,-1.12229,-1.49442,-1.12248,88.000,88.000,88.000,139.000,35.000,35.000,88.000,88.000,88.000,139.000,35.000,35.000,25.000,25.000,25.000,25.000
0.4150,-0.00574,-0.00004,0.72958,0.99997,-0.00002,0.00737,0.00041,0.03801,0.00008,0.66740,0.68452,0.01467,0.00007,2,0.03470,0.01467,0.034697,-0.00001,-0.7293,-0.0005,-1.0769,-0.0006,6.8484,0.0087,-3.5667,1,0.08500,0.03000,0.0036,0.0035,0.038335,0.118317,-18.3681,-0.0830,116.9344,-0.2157,-0.2953,168.6006,-18.3599,0.0629,116.7853,-0.1943,0.2950,168.4421,0.029037,-0.000584,116.9301,0.007020,-0.000360,168.6006,0.029152,0.000491,116.7809,0.007079,0.000296,168.4421,-0.43939,0.00025,-0.00025,0.89134,-0.46647,-0.00019,-0.43896,-0.00007,-0.00002,0.89129,-0.46684,-0.00001,-0.05969,-0.00256,-0.05953,-0.00240,1.81728,-0.19835,0.05517,-13.85518,6.82931,0.07027,1.80153,0.19384,-0.04866,-13.83906,6.83369,-0.05961,-1.49398,-1.12225,-1.49412,-1.12243,88.000,88.000,88.000,139.000,35.000,35.000,88.000,88.000,88.000,139.000,35.000,35.000,25.000,25.000,25.000,25.000
0.4200,-0.00577,-0.00004,0.72944,0.99997,-0.00002,0.00741,0.00041,0.03802,0.00008,0.66730,0.68452,0.01475,0.00007,2,0.03470,0.01475,0.034697,-0.00001,-0.7285,-0.0005,-1.0762,-0.0006,6.8527,0.0087,-3.5659,1,0.08500,0.03000,0.0036,0.0035,0.038337,0.118317,-18.3566,-0.0830,117.0088,-0.2112,-0.2951,168.5841,-18.3484,0.0629,116.8596,-0.1899,0.2948,168.4255,0.029004,-0.000584,117.0045,0.007023,-0.000360,168.5841,0.029119,0.000491,116.8553,0.007081,0.000297,168.4255,-0.43998,0.00024,-0.00026,0.89232,-0.46693,-0.00019,-0.43955,-0.00007,-0.00001,0.89226,-0.46730,-0.00001,-0.05998,-0.00258,-0.05982,-0.00241,1.82165,-0.19837,0.05534,-13.87413,6.83077,0.07032,1.80590,0.19385,-0.04883,-13.85799,6.83514,-0.05965,-1.49368,-1.12220,-1.49381,-1.12238,88.000,88.000,88.000,139.000,35.000,35.000,88.000,88.000,88.000,139.000,35.000,35.000,25.000,25.000,25.000,25.000
0.4250,-0.00580,-0.00004,0.72931,0.99997,-0.00002,0.00745,0.00041,0.03803,0.00008,0.66719,0.68452,0.01483,0.00007,2,0.03470,0.01483,0.034697,-0.00001,-0.7278,-0.0005,-1.0755,-0.0006,6.8570,0.0086,-3.5650,1,0.08500,0.03000,0.0036,0.0034,0.038340,0.118316,-18.3454,-0.0831,117.0817,-0.2068,-0.2950,168.5677,-18.3372,0.0630,116.9325,-0.1856,0.2947,168.4092,0.028973,-0.000584,117.0774,0.007025,-0.000361,168.5677,0.029087,0.000491,116.9281,0.007084,0.000297,168.4092,-0.44057,0.00024,-0.00026,0.89328,-0.46738,-0.00019,-0.44014,-0.00006,-0.00001,0.89322,-0.46775,-0.00001,-0.06026,-0.00259,-0.06010,-0.00243,1.82593,-0.19838,0.05550,-13.89274,6.83220,0.07036,1.81017,0.19387,-0.04900,-13.87660,6.83655,-0.05969,-1.49338,-1.12215,-1.49351,-1.12233,88.000,88.000,88.000,139.000,35.000,35.000,88.000,88.000,88.000,139.000,35.000,35.000,25.000,25.000,25.000,25.000
0.4300,-0.00583,-0.00004,0.72918,0.99997,-0.00002,0.00749,0.00041,0.03805,0.00008,0.66709,0.68452,0.01490,0.00007,2,0.03470,0.01490,0.034696,-0.00001,-0.7270,-0.0005,-1.0748,-0.0006,6.8611,0.0086,-3.5640,1,0.08500,0.03000,0.0035,0.0034,0.038343,0.118316,-18.3343,-0.0832,117.1531,-0.2026,-0.2949,168.5516,-18.3261,0.0630,117.0039,-0.1814,0.2946,168.3930,0.028942,-0.000584,117.1488,0.007028,-0.000361,168.5516,0.029056,0.000491,116.9995,0.007086,0.000297,168.3930,-0.44114,0.00024,-0.00027,0.89422,-0.46782,-0.00019,-0.44071,-0.00006,0.00000,0.89417,-0.46819,-0.00001,-0.06053,-0.00260,-0.06038,-0.00244,1.83011,-0.19840,0.05566,-13.91103,6.83360,0.07041,1.81434,0.19389,-0.04916,-13.89487,6.83795,-0.05972,-1.49309,-1.12211,-1.49322,-1.12228,88.000,88.000,88.000,139.000,35.000,35.000,88.000,88.000,88.000,139.000,35.000,35.000,25.000,25.000,25.000,25.000
0.4350,-0.00586,-0.00004,0.72905,0.99997,-0.00002,0.00752,0.00041,0.03806,0.00008,0.66699,0.68452,0.01497,0.00007,2,0.03470,0.01497,0.034696,-0.00001,-0.7262,-0.0005,-1.0741,-0.0006,6.8652,0.0085,-3.5631,1,0.08500,0.03000,0.0035,0.0034,0.038345,0.118316,-18.3234,-0.0832,117.2230,-0.1984,-0.2947,168.5357,-18.3153,0.0631,117.0738,-0.1773,0.2944,168.3771,0.028912,-0.000584,117.2187,0.007030,-0.000362,168.5357,0.029026,0.000491,117.0694,0.007088,0.000297,168.3771,-0.44170,0.00024,-0.00027,0.89515,-0.46825,-0.00019,-0.44128,-0.00005,0.00001,0.89510,-0.46862,-0.00001,-0.06080,-0.00262,-0.06065,-0.00246,1.83419,-0.19841,0.05582,-13.92900,6.83499,0.07045,1.81842,0.19390,-0.04932,-13.91283,6.83932,-0.05976,-1.49280,-1.12206,-1.49293,-1.12223,88.000,88.000,88.000,139.000,35.000,35.000,88.000,88.000,88.000,139.000,35.000,35.000,25.000,25.000,25.000,25.000
0.4400,-0.00588,-0.00004,0.72893,0.99997,-0.00002,0.00755,0.00041,0.03807,0.00008,0.66689,0.68452,0.01504,0.00007,2,0.03470,0.01504,0.034696,-0.00001,-0.7254,-0.0005,-1.0735,-0.0006,6.8691,0.0085,-3.5622,1,0.08500,0.03000,0.0035,0.0034,0.038348,0.118316,-18.3128,-0.0833,117.2915,-0.1943,-0.2946,168.5201,-18.3047,0.0631,117.1423,-0.1733,0.2943,168.3614,0.028882,-0.000584,117.2872,0.007032,-0.000362,168.5201,0.028996,0.000491,117.1379,0.007091,0.000298,168.3614,-0.44225,0.00023,-0.00028,0.89606,-0.46868,-0.00019,-0.44183,-0.00005,0.00002,0.89601,-0.46905,-0.00001,-0.06107,-0.00263,-0.06092,-0.00247,1.83819,-0.19842,0.05597,-13.94665,6.83634,0.07050,1.82241,0.19392,-0.04948,-13.93047,6.84067,-0.05979,-1.49252,-1.12201,-1.49264,-1.12217,88.000,88.000,88.000,139.000,35.000,35.000,88.000,88.000,88.000,139.000,35.000,35.000,25.000,25.000,25.000,25.000
0.4450,-0.00591,-0.00004,0.72880,0.99997,-0.00002,0.00759,0.00041,0.03808,0.00008,0.66679,0.68452,0.01511,0.00007,2,0.03470,0.01511,0.034696,-0.00001,-0.7247,-0.0005,-1.0728,-0.0006,6.8730,0.0085,-3.5612,1,0.08500,0.03000,0.0035,0.0034,0.038350,0.118316,-18.3024,-0.0833,117.3587,-0.1902,-0.2945,168.5046,-18.2942,0.0632,117.2094,-0.1693,0.2942,168.3459,0.028854,-0.000584,117.3543,0.007035,-0.000362,168.5046,0.028967,0.000491,117.2051,0.007093,0.000298,168.3459,-0.44280,0.00023,-0.00028,0.89696,-0.46910,-0.00019,-0.44237,-0.00005,0.00002,0.89691,-0.46947,-0.00001,-0.06132,-0.00264,-0.06118,-0.00249,1.84209,-0.19843,0.05613,-13.96400,6.83768,0.07054,1.82631,0.19393,-0.04964,-13.94781,6.84199,-0.05982,-1.49224,-1.12196,-1.49236,-1.12212,88.000,88.000,88.000,139.000,35.000,35.000,88.000,88.000,88.000,139.000,35.000,35.000,25.000,25.000,25.000,25.000
0.4500,-0.00594,-0.00004,0.72868,0.99997,-0.00002,0.00762,0.00040,0.03810,0.00008,0.66670,0.68452,0.01518,0.00007,2,0.03470,0.01518,0.034696,-0.00001,-0.7239,-0.0005,-1.0722,-0.0006,6.8769,0.0084,-3.5603,1,0.08500,0.03000,0.0034,0.0033,0.038353,0.118316,-18.2922,-0.0834,117.4244,-0.1863,-0.2944,168.4894,-18.2840,0.0632,117.2752,-0.1655,0.2941,168.3306,0.028825,-0.000584,117.4201,0.007037,-0.000362,168.4894,0.028939,0.000491,117.2708,0.007095,0.000298,168.3306,-0.44333,0.00023,-0.00028,0.89784,-0.46951,-0.00019,-0.44290,-0.00004,0.00003,0.89779,-0.46988,-0.00000,-0.06158,-0.00266,-0.06143,-0.00251,1.84591,-0.19844,0.05627,-13.98105,6.83899,0.07058,1.83012,0.19394,-0.04979,-13.96484,6.84330,-0.05985,-1.49196,-1.12191,-1.49209,-1.12207,88.000,88.000,88.000,139.000,35.000,35.000,88.000,88.000,88.000,139.000,35.000,35.000,25.000,25.000,25.000,25.000
0.4550,-0.00596,-0.00004,0.72856,0.99997,-0.00002,0.00765,0.00040,0.03811,0.00008,0.66660,0.68452,0.01524,0.00007,2,0.03470,0.01524,0.034696,-0.00001,-0.7231,-0.0005,-1.0716,-0.0006,6.8806,0.0084,-3.5593,1,0.08500,0.03000,0.0034,0.0033,0.038355,0.118316,-18.2822,-0.0834,117.4889,-0.1825,-0.2942,168.4743,-18.2740,0.0633,117.3396,-0.1617,0.2940,168.3155,0.028798,-0.000584,117.4845,0.007040,-0.000363,168.4743,0.028911,0.000490,117.3353,0.007098,0.000299,168.3155,-0.44385,0.00023,-0.00029,0.89870,-0.46992,-0.00019,-0.44343,-0.00004,0.00004,0.89865,-0.47029,-0.00000,-0.06182,-0.00267,-0.06168,-0.00252,1.84964,-0.19845,0.05642,-13.99779,6.84029,0.07062,1.83385,0.19396,-0.04994,-13.98158,6.84458,-0.05988,-1.49170,-1.12186,-1.49182,-1.12201,88.000,88.000,88.000,139.000,35.000,35.000,88.000,88.000,88.000,139.000,35.000,35.000,25.000,25.000,25.000,25.000
0.4600,-0.00599,-0.00004,0.72845,0.99997,-0.00002,0.00768,0.00040,0.03812,0.00008,0.66651,0.68452,0.01530,0.00007,2,0.03470,0.01530,0.034696,-0.00001,-0.7224,-0.0005,-1.0710,-0.0006,6.8843,0.0084,-3.5583,1,0.08500,0.03000,0.0034,0.0033,0.038358,0.118316,-18.2723,-0.0835,117.5520,-0.1787,-0.2941,168.4595,-18.2642,0.0633,117.4028,-0.1580,0.2939,168.3006,0.028771,-0.000584,117.5477,0.007042,-0.000363,168.4595,0.028884,0.000490,117.3984,0.007100,0.000299,168.3006,-0.44436,0.00022,-0.00029,0.89955,-0.47032,-0.00019,-0.44394,-0.00003,0.00005,0.89950,-0.47069,-0.00000,-0.06206,-0.00269,-0.06192,-0.00254,1.85328,-0.19846,0.05656,-14.01425,6.84156,0.07066,1.83749,0.19397,-0.05008,-13.99802,6.84584,-0.05991,-1.49143,-1.12180,-1.49155,-1.12196,88.000,88.000,88.000,139.000,35.000,35.000,88.000,88.000,88.000,139.000,35.000,35.000,25.000,25.000,25.000,25.000
0.4650,-0.00601,-0.00004,0.72833,0.99997,-0.00002,0.00771,0.00040,0.03813,0.00008,0.66642,0.68452,0.01536,0.00007,2,0.03470,0.01536,0.034696,-0.00000,-0.7216,-0.0005,-1.0704,-0.0006,6.8879,0.0083,-3.5574,1,0.08500,0.03000,0.0034,0.0033,0.038360,0.118316,-18.2627,-0.0835,117.6139,-0.1750,-0.2940,168.4448,-18.2546,0.0634,117.4646,-0.1544,0.2938,168.2860,0.028745,-0.000584,117.6096,0.007044,-0.000363,168.4448,0.028858,0.000490,117.4603,0.007102,0.000299,168.2860,-0.44487,0.00022,-0.00030,0.90039,-0.47071,-0.00019,-0.44445,-0.00003,0.00005,0.90034,-0.47108,-0.00000,-0.06230,-0.00270,-0.06216,-0.00255,1.85685,-0.19846,0.05670,-14.03042,6.84281,0.07070,1.84105,0.19398,-0.05023,-14.01418,6.84708,-0.05994,-1.49117,-1.12175,-1.49129,-1.12190,88.000,88.000,88.000,139.000,35.000,35.000,88.000,88.000,88.000,139.000,35.000,35.000,25.000,25.000,25.000,25.000
0.4700,-0.00604,-0.00004,0.72822,0.99997,-0.00002,0.00774,0.00040,0.03814,0.00008,0.66633,0.68452,0.01542,0.00007,2,0.03470,0.01542,0.034696,-0.00000,-0.7208,-0.0005,-1.0698,-0.0006,6.8914,0.0083,-3.5564,1,0.08500,0.03000,0.0034,0.0033,0.038363,0.118316,-18.2533,-0.0836,117.6746,-0.1714,-0.2939,168.4304,-18.2452,0.0634,117.5253,-0.1509,0.2937,168.2715,0.028719,-0.000584,117.6702,0.007047,-0.000364,168.4304,0.028832,0.000490,117.5209,0.007105,0.000299,168.2715,-0.44536,0.00022,-0.00030,0.90121,-0.47110,-0.00019,-0.44494,-0.00002,0.00006,0.90116,-0.47146,-0.00000,-0.06253,-0.00272,-0.06239,-0.00257,1.86033,-0.19847,0.05684,-14.04631,6.84404,0.07074,1.84453,0.19399,-0.05037,-14.03006,6.84830,-0.05997,-1.49091,-1.12170,-1.49103,-1.12185,88.000,88.000,88.000,139.000,35.000,35.000,88.000,88.000,88.000,139.000,35.000,35.000,25.000,25.000,25.000,25.000
0.4750,-0.00606,-0.00004,0.72810,0.99997,-0.00002,0.00777,0.00040,0.03815,0.00008,0.66624,0.68452,0.01548,0.00007,2,0.03470,0.01548,0.034696,-0.00000,-0.7201,-0.0005,-1.0693,-0.0006,6.8948,0.0082,-3.5554,1,0.08500,0.03000,0.0033,0.0033,0.038365,0.118316,-18.2440,-0.0836,117.7340,-0.1679,-0.2938,168.4162,-18.2359,0.0635,117.5847,-0.1474,0.2936,168.2572,0.028694,-0.000584,117.7297,0.007049,-0.000364,168.4162,0.028807,0.000490,117.5803,0.007107,0.000299,168.2572,-0.44585,0.00022,-0.00031,0.90202,-0.47147,-0.00019,-0.44543,-0.00002,0.00007,0.90197,-0.47184,-0.00000,-0.06275,-0.00273,-0.06262,-0.00259,1.86374,-0.19847,0.05697,-14.06192,6.84525,0.07078,1.84793,0.19400,-0.05050,-14.04566,6.84950,-0.06000,-1.49066,-1.12165,-1.49078,-1.12179,88.000,88.000,88.000,139.000,35.000,35.000,88.000,88.000,88.000,139.000,35.000,35.000,25.000,25.000,25.000,25.000
0.4800,-0.00609,-0.00004,0.72799,0.99997,-0.00002,0.00780,0.00040,0.03816,0.00008,0.66615,0.68452,0.01554,0.00007,2,0.03470,0.01554,0.034696,-0.00000,-0.7193,-0.0004,-1.0687,-0.0006,6.8982,0.0082,-3.5544,1,0.08500,0.03000,0.0033,0.0032,0.038367,0.118316,-18.2349,-0.0837,117.7922,-0.1644,-0.2938,168.4021,-18.2269,0.0635,117.6430,-0.1441,0.2935,168.2432,0.028670,-0.000584,117.7879,0.007051,-0.000364,168.4021,0.028782,0.000490,117.6386,0.007109,0.000300,168.2432,-0.44632,0.00021,-0.00031,0.90282,-0.47185,-0.00020,-0.44590,-0.00001,0.00008,0.90277,-0.47222,-0.00000,-0.06297,-0.00275,-0.06284,-0.00260,1.86707,-0.19848,0.05710,-14.07726,6.84645,0.07081,1.85126,0.19401,-0.05064,-14.06099,6.85069,-0.06003,-1.49042,-1.12159,-1.49053,-1.12174,88.000,88.000,88.000,139.000,35.000,35.000,88.000,88.000,88.000,139.000,35.000,35.000,25.000,25.000,25.000,25.000
0.4850,-0.00611,-0.00004,0.72789,0.99997,-0.00002,0.00782,0.00040,0.03817,0.00008,0.66606,0.68452,0.01559,0.00007,2,0.03470,0.01559,0.034696,-0.00000,-0.7186,-0.0004,-1.0682,-0.0006,6.9015,0.0082,-3.5534,1,0.08500,0.03000,0.0033,0.0032,0.038370,0.118316,-18.2261,-0.0837,117.8493,-0.1610,-0.2937,168.3883,-18.2180,0.0636,117.7000,-0.1407,0.2934,168.2293,0.028646,-0.000584,117.8450,0.007053,-0.000364,168.3883,0.028758,0.000490,117.6957,0.007112,0.000300,168.2293,-0.44679,0.00021,-0.00032,0.90360,-0.47221,-0.00020,-0.44637,-0.00001,0.00008,0.90355,-0.47258,-0.00000,-0.06319,-0.00276,-0.06306,-0.00262,1.87033,-0.19848,0.05723,-14.09233,6.84762,0.07085,1.85451,0.19402,-0.05077,-14.07606,6.85185,-0.06005,-1.49017,-1.12154,-1.49029,-1.12168,88.000,88.000,88.000,139.000,35.000,35.000,88.000,88.000,88.000,139.000,35.000,35.000,25.000,25.000,25.000,25.000
0.4900,-0.00613,-0.00004,0.72778,0.99997,-0.00002,0.00785,0.00040,0.03818,0.00008,0.66598,0.68452,0.01565,0.00007,2,0.03470,0.01565,0.034696,-0.00000,-0.7178,-0.0004,-1.0676,-0.0006,6.9048,0.0081,-3.5524,1,0.08500,0.03000,0.0033,0.0032,0.038372,0.118316,-18.2173,-0.0838,117.9053,-0.1577,-0.2936,168.3746,-18.2093,0.0636,117.7560,-0.1375,0.2934,168.2156,0.028622,-0.000584,117.9010,0.007056,-0.000365,168.3746,0.028735,0.000490,117.7516,0.007114,0.000300,168.2156,-0.44725,0.00021,-0.00032,0.90436,-0.47258,-0.00020,-0.44683,-0.00001,0.00009,0.90431,-0.47294,-0.00000,-0.06340,-0.00278,-0.06327,-0.00263,1.87351,-0.19849,0.05736,-14.10714,6.84878,0.07088,1.85769,0.19402,-0.05090,-14.09086,6.85300,-0.06008,-1.48993,-1.12149,-1.49005,-1.12163,88.000,88.000,88.000,139.000,35.000,35.000,88.000,88.000,88.000,139.000,35.000,35.000,25.000,25.000,25.000,25.000
0.4950,-0.00615,-0.00004,0.72767,0.99997,-0.00002,0.00787,0.00040,0.03819,0.00008,0.66590,0.68452,0.01570,0.00007,2,0.03470,0.01570,0.034696,-0.00000,-0.7171,-0.0004,-1.0671,-0.0006,6.9080,0.0081,-3.5514,1,0.08500,0.03000,0.0033,0.0032,0.038375,0.118316,-18.2088,-0.0838,117.9602,-0.1545,-0.2935,168.3612,-18.2007,0.0637,117.8109,-0.1343,0.2933,168.2021,0.028599,-0.000584,117.9558,0.007058,-0.000365,168.3612,0.028712,0.000490,117.8065,0.007116,0.000300,168.2021,-0.44770,0.00020,-0.00033,0.90512,-0.47293,-0.00020,-0.44728,-0.00000,0.00010,0.90507,-0.47330,-0.00000,-0.06360,-0.00280,-0.06348,-0.00265,1.87662,-0.19849,0.05748,-14.12170,6.84992,0.07092,1.86079,0.19403,-0.05102,-14.10540,6.85413,-0.06011,-1.48970,-1.12143,-1.48981,-1.12157,88.000,88.000,88.000,139.000,35.000,35.000,88.000,88.000,88.000,139.000,35.000,35.000,25.000,25.000,25.000,25.000
0.5000,-0.00617,-0.00004,0.72757,0.99997,-0.00002,0.00790,0.00040,0.03820,0.00008,0.66582,0.68452,0.01575,0.00007,2,0.03470,0.01575,0.034696,-0.00000,-0.7164,-0.0004,-1.0666,-0.0006,6.9111,0.0081,-3.5504,1,0.08500,0.03000,0.0033,0.0032,0.038377,0.118316,-18.2004,-0.0839,118.0140,-0.1513,-0.2934,168.3479,-18.1924,0.0637,117.8646,-0.1312,0.2932,168.1888,0.028577,-0.000583,118.0096,0.007060,-0.000365,168.3479,0.028689,0.000490,117.8603,0.007118,0.000300,168.1888,-0.44814,0.00020,-0.00033,0.90586,-0.47328,-0.00020,-0.44772,0.00000,0.00010,0.90581,-0.47365,-0.00000,-0.06380,-0.00281,-0.06368,-0.00267,1.87966,-0.19849,0.05760,-14.13600,6.85104,0.07095,1.86383,0.19404,-0.05115,-14.11970,6.85524,-0.06013,-1.48947,-1.12138,-1.48957,-1.12151,88.000,88.000,88.000,139.000,35.000,35.000,88.000,88.000,88.000,139.000,35.000,35.000,25.000,25.000,25.000,25.000
0.5050,-0.00620,-0.00004,0.72747,0.99997,-0.00002,0.00792,0.00040,0.03821,0.00008,0.66573,0.68452,0.01580,0.00007,2,0.03470,0.01580,0.034696,-0.00000,-0.7156,-0.0004,-1.0661,-0.0006,6.9142,0.0081,-3.5494,1,0.08500,0.03000,0.0033,0.0032,0.038379,0.118316,-18.1922,-0.0839,118.0667,-0.1482,-0.2934,168.3349,-18.1842,0.0637,117.9173,-0.1282,0.2932,168.1757,0.028555,-0.000583,118.0623,0.007062,-0.000365,168.3349,0.028667,0.000490,117.9130,0.007121,0.000301,168.1757,-0.44857,0.00020,-0.00034,0.90659,-0.47362,-0.00020,-0.44816,0.00001,0.00011,0.90654,-0.47399,0.00000,-0.06400,-0.00283,-0.06388,-0.00268,1.88264,-0.19849,0.05772,-14.15006,6.85214,0.07098,1.86680,0.19404,-0.05127,-14.13374,6.85634,-0.06016,-1.48924,-1.12133,-1.48935,-1.12146,88.000,88.000,88.000,139.000,35.000,35.000,88.000,88.000,88.000,139.000,35.000,35.000,25.000,25.000,25.000,25.000
0.5100,-0.00622,-0.00004,0.72737,0.99997,-0.00002,0.00795,0.00040,0.03822,0.00008,0.66566,0.68452,0.01585,0.00007,2,0.03470,0.01585,0.034696,-0.00000,-0.7149,-0.0004,-1.0656,-0.0006,6.9172,0.0080,-3.5484,1,0.08500,0.03000,0.0032,0.0032,0.038382,0.118316,-18.1842,-0.0839,118.1184,-0.1452,-0.2933,168.3220,-18.1761,0.0638,117.9690,-0.1252,0.2931,168.1628,0.028534,-0.000583,118.1140,0.007065,-0.000366,168.3220,0.028646,0.000490,117.9647,0.007123,0.000301,168.1628,-0.44900,0.00020,-0.00034,0.90731,-0.47396,-0.00020,-0.44858,0.00001,0.00012,0.90726,-0.47433,0.00000,-0.06419,-0.00284,-0.06408,-0.00270,1.88555,-0.19850,0.05784,-14.16387,6.85323,0.07102,1.86970,0.19405,-0.05139,-14.14754,6.85742,-0.06018,-1.48901,-1.12127,-1.48912,-1.12140,88.000,88.000,88.000,139.000,35.000,35.000,88.000,88.000,88.000,139.000,35.000,35.000,25.000,25.000,25.000,25.000
0.5150,-0.00624,-0.00004,0.72727,0.99997,-0.00002,0.00797,0.00040,0.03823,0.00008,0.66558,0.68452,0.01589,0.00007,2,0.03470,0.01589,0.034696,-0.00000,-0.7141,-0.0004,-1.0652,-0.0006,6.9201,0.0080,-3.5475,1,0.08500,0.03000,0.0032,0.0031,0.038384,0.118316,-18.1763,-0.0840,118.1691,-0.1422,-0.2932,168.3093,-18.1682,0.0638,118.0197,-0.1223,0.2930,168.1501,0.028513,-0.000583,118.1647,0.007067,-0.000366,168.3093,0.028625,0.000490,118.0153,0.007125,0.000301,168.1501,-0.44942,0.00019,-0.00035,0.90801,-0.47429,-0.00020,-0.44900,0.00002,0.00013,0.90796,-0.47466,0.00000,-0.06438,-0.00286,-0.06427,-0.00272,1.88839,-0.19850,0.05795,-14.17744,6.85431,0.07105,1.87254,0.19405,-0.05150,-14.16111,6.85849,-0.06020,-1.48879,-1.12122,-1.48890,-1.12135,88.000,88.000,88.000,139.000,35.000,35.000,88.000,88.000,88.000,139.000,35.000,35.000,25.000,25.000,25.000,25.000
0.5200,-0.00626,-0.00004,0.72717,0.99997,-0.00002,0.00799,0.00040,0.03824,0.00008,0.66550,0.68452,0.01594,0.00007,2,0.03470,0.01594,0.034696,-0.00000,-0.7134,-0.0004,-1.0647,-0.0006,6.9230,0.0080,-3.5465,1,0.08500,0.03000,0.0032,0.0031,0.038386,0.118316,-18.1685,-0.0840,118.2187,-0.1393,-0.2932,168.2968,-18.1605,0.0639,118.0694,-0.1195,0.2930,168.1375,0.028493,-0.000583,118.2144,0.007069,-0.000366,168.2968,0.028604,0.000490,118.0650,0.007127,0.000301,168.1375,-0.44983,0.00019,-0.00035,0.90870,-0.47462,-0.00020,-0.44941,0.00002,0.00013,0.90865,-0.47498,0.00000,-0.06456,-0.00287,-0.06445,-0.00273,1.89117,-0.19850,0.05806,-14.19078,6.85536,0.07108,1.87532,0.19405,-0.05162,-14.17443,6.85954,-0.06022,-1.48857,-1.12117,-1.48868,-1.12129,88.000,88.000,88.000,139.000,35.000,35.000,88.000,88.000,88.000,139.000,35.000,35.000,25.000,25.000,25.000,25.000
0.5250,-0.00628,-0.00004,0.72708,0.99997,-0.00002,0.00801,0.00039,0.03825,0.00008,0.66543,0.68452,0.01598,0.00007,2,0.03470,0.01598,0.034696,-0.00000,-0.7127,-0.0004,-1.0642,-0.0006,6.9258,0.0079,-3.5455,1,0.08500,0.03000,0.0032,0.0031,0.038389,0.118316,-18.1610,-0.0841,118.2675,-0.1365,-0.2931,168.2844,-18.1529,0.0639,118.1181,-0.1167,0.2929,168.1252,0.028473,-0.000583,118.2631,0.007071,-0.000366,168.2844,0.028584,0.000490,118.1137,0.007129,0.000301,168.1252,-0.45023,0.00019,-0.00036,0.90938,-0.47494,-0.00020,-0.44982,0.00002,0.00014,0.90933,-0.47530,0.00000,-0.06474,-0.00289,-0.06463,-0.00275,1.89389,-0.19850,0.05817,-14.20388,6.85640,0.07111,1.87803,0.19406,-0.05173,-14.18753,6.86057,-0.06025,-1.48836,-1.12111,-1.48846,-1.12123,88.000,88.000,88.000,139.000,35.000,35.000,88.000,88.000,88.000,139.000,35.000,35.000,25.000,25.000,25.000,25.000
0.5300,-0.00630,-0.00004,0.72699,0.99997,-0.00002,0.00803,0.00039,0.03826,0.00008,0.66535,0.68452,0.01603,0.00007,2,0.03470,0.01603,0.034696,-0.00000,-0.7119,-0.0004,-1.0638,-0.0006,6.9286,0.0079,-3.5445,1,0.08500,0.03000,0.0032,0.0031,0.038391,0.118316,-18.1535,-0.0841,118.3152,-0.1337,-0.2931,168.2723,-18.1455,0.0639,118.1659,-0.1140,0.2929,168.1130,0.028453,-0.000583,118.3109,0.007073,-0.000367,168.2723,0.028565,0.000490,118.1615,0.007131,0.000301,168.1130,-0.45063,0.00019,-0.00036,0.91005,-0.47525,-0.00020,-0.45021,0.00003,0.00015,0.91000,-0.47562,0.00000,-0.06491,-0.00291,-0.06481,-0.00277,1.89654,-0.19850,0.05827,-14.21676,6.85743,0.07114,1.88069,0.19406,-0.05184,-14.20040,6.86159,-0.06027,-1.48815,-1.12106,-1.48825,-1.12118,88.000,88.000,88.000,139.000,35.000,35.000,88.000,88.000,88.000,139.000,35.000,35.000,25.000,25.000,25.000,25.000
0.5350,-0.00632,-0.00004,0.72689,0.99997,-0.00002,0.00805,0.00039,0.03827,0.00008,0.66528,0.68452,0.01607,0.00007,2,0.03470,0.01607,0.034696,-0.00000,-0.7112,-0.0004,-1.0633,-0.0006,6.9313,0.0079,-3.5435,1,0.08500,0.03000,0.0032,0.0031,0.038393,0.118316,-18.1462,-0.0842,118.3621,-0.1310,-0.2930,168.2603,-18.1382,0.0640,118.2127,-0.1113,0.2929,168.1010,0.028434,-0.000583,118.3578,0.007076,-0.000367,168.2603,0.028545,0.000490,118.2083,0.007134,0.000302,168.1010,-0.45101,0.00018,-0.00037,0.91071,-0.47556,-0.00020,-0.45060,0.00003,0.00015,0.91066,-0.47593,0.00000,-0.06508,-0.00292,-0.06498,-0.00278,1.89914,-0.19850,0.05838,-14.22942,6.85844,0.07117,1.88328,0.19406,-0.05194,-14.21305,6.86259,-0.06029,-1.48794,-1.12101,-1.48804,-1.12112,88.000,88.000,88.000,139.000,35.000,35.000,88.000,88.000,88.000,139.000,35.000,35.000,25.000,25.000,25.000,25.000
0.5400,-0.00634,-0.00004,0.72680,0.99997,-0.00002,0.00807,0.00039,0.03827,0.00008,0.66521,0.68452,0.01611,0.00007,2,0.03470,0.01611,0.034696,-0.00000,-0.7105,-0.0004,-1.0629,-0.0006,6.9340,0.0079,-3.5425,1,0.08500,0.03000,0.0032,0.0031,0.038395,0.118316,-18.1391,-0.0842,118.4080,-0.1283,-0.2930,168.2485,-18.1311,0.0640,118.2587,-0.1087,0.2928,168.0891,0.028416,-0.000583,118.4037,0.007078,-0.000367,168.2485,0.028527,0.000489,118.2543,0.007136,0.000302,168.0891,-0.45139,0.00018,-0.00037,0.91135,-0.47587,-0.00020,-0.45098,0.00004,0.00016,0.91131,-0.47623,0.00000,-0.06525,-0.00294,-0.06515,-0.00280,1.90168,-0.19849,0.05848,-14.24186,6.85944,0.07119,1.88582,0.19406,-0.05205,-14.22548,6.86358,-0.06031,-1.48774,-1.12095,-1.48784,-1.12107,88.000,88.000,88.000,139.000,35.000,35.000,88.000,88.000,88.000,139.000,35.000,35.000,25.000,25.000,25.000,25.000
0.5450,-0.00635,-0.00004,0.72671,0.99997,-0.00002,0.00809,0.00039,0.03828,0.00008,0.66514,0.68452,0.01615,0.00007,2,0.03470,0.01615,0.034696,-0.00000,-0.7098,-0.0004,-1.0625,-0.0006,6.9366,0.0078,-3.5416,1,0.08500,0.03000,0.0032,0.0031,0.038398,0.118316,-18.1321,-0.0842,118.4531,-0.1257,-0.2930,168.2368,-18.1241,0.0640,118.3037,-0.1062,0.2928,168.0774,0.028398,-0.000583,118.4488,0.007080,-0.000367,168.2368,0.028508,0.000489,118.2993,0.007138,0.000302,168.0774,-0.45177,0.00018,-0.00038,0.91199,-0.47617,-0.00020,-0.45136,0.00004,0.00017,0.91194,-0.47653,0.00000,-0.06541,-0.00295,-0.06532,-0.00282,1.90416,-0.19849,0.05858,-14.25408,6.86042,0.07122,1.88829,0.19407,-0.05215,-14.23770,6.86456,-0.06033,-1.48754,-1.12090,-1.48764,-1.12101,88.000,88.000,88.000,139.000,35.000,35.000,88.000,88.000,88.000,139.000,35.000,35.000,25.000,25.000,25.000,25.000
0.5500,-0.00637,-0.00004,0.72663,0.99997,-0.00002,0.00811,0.00039,0.03829,0.00008,0.66507,0.68452,0.01619,0.00007,2,0.03470,0.01619,0.034696,-0.00000,-0.7090,-0.0004,-1.0621,-0.0006,6.9392,0.0078,-3.5406,1,0.08500,0.03000,0.0031,0.0031,0.038400,0.118316,-18.1252,-0.0843,118.4973,-0.1232,-0.2929,168.2254,-18.1172,0.0641,118.3479,-0.1037,0.2928,168.0659,0.028380,-0.000583,118.4929,0.007082,-0.000367,168.2254,0.028491,0.000489,118.3435,0.007140,0.000302,168.0659,-0.45214,0.00017,-0.00038,0.91261,-0.47646,-0.00020,-0.45172,0.00004,0.00017,0.91257,-0.47683,0.00000,-0.06557,-0.00297,-0.06548,-0.00284,1.90659,-0.19849,0.05868,-14.26609,6.86139,0.07125,1.89072,0.19407,-0.05225,-14.24970,6.86552,-0.06035,-1.48734,-1.12085,-1.48744,-1.12096,88.000,88.000,88.000,139.000,35.000,35.000,88.000,88.000,88.000,139.000,35.000,35.000,25.000,25.000,25.000,25.000
0.5550,-0.00639,-0.00004,0.72654,0.99997,-0.00002,0.00813,0.00039,0.03830,0.00008,0.66500,0.68452,0.01622,0.00007,2,0.03470,0.01622,0.034696,-0.00000,-0.7083,-0.0004,-1.0617,-0.0006,6.9417,0.0078,-3.5396,1,0.08500,0.03000,0.0031,0.0031,0.038402,0.118316,-18.1185,-0.0843,118.5406,-0.1207,-0.2929,168.2141,-18.1105,0.0641,118.3912,-0.1012,0.2927,168.0546,0.028362,-0.000583,118.5363,0.007084,-0.000368,168.2141,0.028473,0.000489,118.3868,0.007142,0.000302,168.0546,-0.45250,0.00017,-0.00039,0.91323,-0.47675,-0.00020,-0.45208,0.00005,0.00018,0.91318,-0.47712,0.00001,-0.06573,-0.00299,-0.06563,-0.00285,1.90897,-0.19849,0.05877,-14.27790,6.86235,0.07127,1.89309,0.19407,-0.05235,-14.26150,6.86647,-0.06037,-1.48714,-1.12079,-1.48724,-1.12090,88.000,88.000,88.000,139.000,35.000,35.000,88.000,88.000,88.000,139.000,35.000,35.000,25.000,25.000,25.000,25.000
0.5600,-0.00641,-0.00004,0.72646,0.99997,-0.00002,0.00815,0.00039,0.03830,0.00008,0.66493,0.68452,0.01626,0.00007,2,0.03470,0.01626,0.034696,-0.00000,-0.7076,-0.0004,-1.0613,-0.0006,6.9442,0.0077,-3.5387,1,0.08500,0.03000,0.0031,0.0031,0.038404,0.118316,-18.1119,-0.0844,118.5831,-0.1182,-0.2929,168.2029,-18.1039,0.0641,118.4337,-0.0988,0.2927,168.0435,0.028345,-0.000583,118.5788,0.007086,-0.000368,168.2029,0.028456,0.000489,118.4293,0.007144,0.000302,168.0435,-0.45285,0.00017,-0.00039,0.91383,-0.47704,-0.00020,-0.45244,0.00005,0.00019,0.91379,-0.47740,0.00001,-0.06588,-0.00300,-0.06579,-0.00287,1.91129,-0.19848,0.05887,-14.28950,6.86329,0.07130,1.89541,0.19407,-0.05244,-14.27309,6.86740,-0.06038,-1.48695,-1.12074,-1.48705,-1.12085,88.000,88.000,88.000,139.000,35.000,35.000,88.000,88.000,88.000,139.000,35.000,35.000,25.000,25.000,25.000,25.000
0.5650,-0.00643,-0.00004,0.72637,0.99997,-0.00002,0.00816,0.00039,0.03831,0.00008,0.66487,0.68452,0.01629,0.00007,2,0.03470,0.01629,0.034696,-0.00000,-0.7069,-0.0004,-1.0609,-0.0006,6.9466,0.0077,-3.5377,1,0.08500,0.03000,0.0031,0.0031,0.038406,0.118316,-18.1055,-0.0844,118.6248,-0.1158,-0.2928,168.1920,-18.0975,0.0642,118.4754,-0.0965,0.2927,168.0325,0.028329,-0.000583,118.6205,0.007088,-0.000368,168.1920,0.028439,0.000489,118.4710,0.007146,0.000303,168.0325,-0.45320,0.00016,-0.00040,0.91443,-0.47732,-0.00021,-0.45279,0.00006,0.00020,0.91438,-0.47768,0.00001,-0.06603,-0.00302,-0.06594,-0.00289,1.91356,-0.19848,0.05896,-14.30090,6.86422,0.07133,1.89767,0.19407,-0.05253,-14.28449,6.86833,-0.06040,-1.48676,-1.12069,-1.48686,-1.12079,88.000,88.000,88.000,139.000,35.000,35.000,88.000,88.000,88.000,139.000,35.000,35.000,25.000,25.000,25.000,25.000
0.5700,-0.00644,-0.00004,0.72629,0.99997,-0.00002,0.00818,0.00039,0.03832,0.00008,0.66480,0.68452,0.01633,0.00007,2,0.03470,0.01633,0.034696,-0.00000,-0.7062,-0.0004,-1.0605,-0.0006,6.9490,0.0077,-3.5368,1,0.08500,0.03000,0.0031,0.0030,0.038409,0.118316,-18.0991,-0.0844,118.6657,-0.1135,-0.2928,168.1812,-18.0911,0.0642,118.5163,-0.0942,0.2927,168.0216,0.028313,-0.000583,118.6614,0.007090,-0.000368,168.1812,0.028423,0.000489,118.5119,0.007148,0.000303,168.0216,-0.45354,0.00016,-0.00040,0.91501,-0.47759,-0.00021,-0.45313,0.00006,0.00020,0.91496,-0.47796,0.00001,-0.06617,-0.00304,-0.06608,-0.00290,1.91578,-0.19848,0.05905,-14.31211,6.86513,0.07135,1.89989,0.19407,-0.05263,-14.29569,6.86924,-0.06042,-1.48658,-1.12063,-1.48667,-1.12074,88.000,88.000,88.000,139.000,35.000,35.000,88.000,88.000,88.000,139.000,35.000,35.000,25.000,25.000,25.000,25.000
0.5750,-0.00646,-0.00004,0.72621,0.99997,-0.00002,0.00820,0.00039,0.03833,0.00008,0.66474,0.68452,0.01636,0.00007,2,0.03470,0.01636,0.034696,-0.00000,-0.7055,-0.0004,-1.0601,-0.0006,6.9513,0.0077,-3.5359,1,0.08500,0.03000,0.0031,0.0030,0.038411,0.118316,-18.0929,-0.0845,118.7058,-0.1112,-0.2928,168.1705,-18.0849,0.0642,118.5564,-0.0920,0.2926,168.0109,0.028297,-0.000583,118.7015,0.007092,-0.000368,168.1705,0.028407,0.000489,118.5520,0.007151,0.000303,168.0109,-0.45387,0.00016,-0.00041,0.91558,-0.47786,-0.00021,-0.45346,0.00007,0.00021,0.91554,-0.47823,0.00001,-0.06631,-0.00305,-0.06623,-0.00292,1.91794,-0.19847,0.05913,-14.32312,6.86604,0.07137,1.90205,0.19406,-0.05272,-14.30669,6.87013,-0.06044,-1.48639,-1.12058,-1.48649,-1.12068,88.000,88.000,88.000,139.000,35.000,35.000,88.000,88.000,88.000,139.000,35.000,35.000,25.000,25.000,25.000,25.000
0.5800,-0.00648,-0.00004,0.72613,0.99997,-0.00002,0.00821,0.00039,0.03833,0.00008,0.66467,0.68452,0.01639,0.00007,2,0.03470,0.01639,0.034696,-0.00000,-0.7047,-0.0004,-1.0598,-0.0006,6.9536,0.0076,-3.5349,1,0.08500,0.03000,0.0031,0.0030,0.038413,0.118316,-18.0868,-0.0845,118.7452,-0.1090,-0.2928,168.1600,-18.0789,0.0643,118.5957,-0.0898,0.2926,168.0004,0.028281,-0.000583,118.7408,0.007095,-0.000369,168.1600,0.028391,0.000489,118.5914,0.007153,0.000303,168.0004,-0.45420,0.00016,-0.00041,0.91615,-0.47813,-0.00021,-0.45379,0.00007,0.00022,0.91610,-0.47849,0.00001,-0.06645,-0.00307,-0.06637,-0.00294,1.92007,-0.19847,0.05922,-14.33394,6.86693,0.07140,1.90417,0.19406,-0.05280,-14.31751,6.87102,-0.06045,-1.48621,-1.12053,-1.48631,-1.12063,88.000,88.000,88.000,139.000,35.000,35.000,88.000,88.000,88.000,139.000,35.000,35.000,25.000,25.000,25.000,25.000
0.5850,-0.00649,-0.00004,0.72605,0.99997,-0.00002,0.00823,0.00039,0.03834,0.00008,0.66461,0.68452,0.01643,0.00007,2,0.03470,0.01643,0.034696,-0.00000,-0.7040,-0.0004,-1.0594,-0.0006,6.9559,0.0076,-3.5340,1,0.08500,0.03000,0.0031,0.0030,0.038415,0.118316,-18.0809,-0.0845,118.7838,-0.1068,-0.2928,168.1497,-18.0729,0.0643,118.6343,-0.0877,0.2926,167.9901,0.028266,-0.000583,118.7794,0.007097,-0.000369,168.1497,0.028376,0.000489,118.6299,0.007155,0.000303,167.9901,-0.45452,0.00015,-0.00042,0.91670,-0.47839,-0.00021,-0.45411,0.00007,0.00022,0.91666,-0.47876,0.00001,-0.06659,-0.00309,-0.06650,-0.00296,1.92214,-0.19846,0.05930,-14.34458,6.86781,0.07142,1.90624,0.19406,-0.05289,-14.32814,6.87189,-0.06047,-1.48603,-1.12048,-1.48613,-1.12058,88.000,88.000,88.000,139.000,35.000,35.000,88.000,88.000,88.000,139.000,35.000,35.000,25.000,25.000,25.000,25.000
0.5900,-0.00651,-0.00004,0.72598,0.99997,-0.00002,0.00824,0.00039,0.03835,0.00008,0.66455,0.68452,0.01646,0.00007,2,0.03470,0.01646,0.034696,-0.00000,-0.7033,-0.0004,-1.0591,-0.0006,6.9581,0.0076,-3.5331,1,0.08500,0.03000,0.0031,0.0030,0.038417,0.118316,-18.0750,-0.0846,118.8217,-0.1046,-0.2928,168.1395,-18.0670,0.0643,118.6722,-0.0856,0.2926,167.9799,0.028251,-0.000583,118.8173,0.007099,-0.000369,168.1395,0.028361,0.000489,118.6678,0.007157,0.000303,167.9799,-0.45484,0.00015,-0.00042,0.91724,-0.47865,-0.00021,-0.45443,0.00008,0.00023,0.91720,-0.47901,0.00001,-0.06672,-0.00310,-0.06664,-0.00297,1.92417,-0.19846,0.05938,-14.35503,6.86867,0.07144,1.90826,0.19406,-0.05297,-14.33859,6.87275,-0.06048,-1.48586,-1.12043,-1.48595,-1.12052,88.000,88.000,88.000,139.000,35.000,35.000,88.000,88.000,88.000,139.000,35.000,35.000,25.000,25.000,25.000,25.000
0.5950,-0.00652,-0.00004,0.72590,0.99997,-0.00002,0.00826,0.00039,0.03835,0.00008,0.66449,0.68452,0.01649,0.00007,2,0.03470,0.01649,0.034696,-0.00000,-0.7026,-0.0004,-1.0587,-0.0006,6.9603,0.0076,-3.5322,1,0.08500,0.03000,0.0031,0.0030,0.038419,0.118316,-18.0693,-0.0846,118.8588,-0.1026,-0.2928,168.1295,-18.0613,0.0644,118.7093,-0.0835,0.2926,167.9698,0.028237,-0.000583,118.8545,0.007101,-0.000369,168.1295,0.028347,0.000489,118.7050,0.007159,0.000303,167.9698,-0.45515,0.00015,-0.00043,0.91778,-0.47890,-0.00021,-0.45474,0.00008,0.00024,0.91774,-0.47927,0.00001,-0.06685,-0.00312,-0.06677,-0.00299,1.92615,-0.19845,0.05946,-14.36531,6.86953,0.07146,1.91024,0.19405,-0.05306,-14.34885,6.87360,-0.06050,-1.48569,-1.12037,-1.48578,-1.12047,88.000,88.000,88.000,139.000,35.000,35.000,88.000,88.000,88.000,139.000,35.000,35.000,25.000,25.000,25.000,25.000
0.6000,-0.00654,-0.00004,0.72583,0.99997,-0.00002,0.00827,0.00039,0.03836,0.00008,0.66443,0.68452,0.01651,0.00007,2,0.03470,0.01651,0.034696,-0.00000,-0.7019,-0.0004,-1.0584,-0.0006,6.9624,0.0076,-3.5313,1,0.08500,0.03000,0.0031,0.0030,0.038421,0.118316,-18.0636,-0.0847,118.8953,-0.1005,-0.2927,168.1196,-18.0557,0.0644,118.7458,-0.0815,0.2926,167.9599,0.028223,-0.000583,118.8909,0.007103,-0.000369,168.1196,0.028332,0.000489,118.7414,0.007161,0.000303,167.9599,-0.45546,0.00014,-0.00043,0.91831,-0.47915,-0.00021,-0.45505,0.00009,0.00024,0.91826,-0.47952,0.00001,-0.06697,-0.00313,-0.06690,-0.00301,1.92809,-0.19845,0.05954,-14.37541,6.87037,0.07148,1.91218,0.19405,-0.05314,-14.35895,6.87444,-0.06051,-1.48552,-1.12032,-1.48561,-1.12042,88.000,88.000,88.000,139.000,35.000,35.000,88.000,88.000,88.000,139.000,35.000,35.000,25.000,25.000,25.000,25.000
0.6050,-0.00655,-0.00004,0.72575,0.99997,-0.00002,0.00828,0.00039,0.03836,0.00008,0.66438,0.68452,0.01654,0.00007,2,0.03470,0.01654,0.034696,-0.00000,-0.7012,-0.0004,-1.0580,-0.0006,6.9645,0.0075,-3.5304,1,0.08500,0.03000,0.0031,0.0030,0.038424,0.118316,-18.0581,-0.0847,118.9310,-0.0985,-0.2927,168.1099,-18.0502,0.0644,118.7815,-0.0795,0.2926,167.9502,0.028209,-0.000583,118.9267,0.007105,-0.000369,168.1099,0.028318,0.000489,118.7772,0.007163,0.000303,167.9502,-0.45575,0.00014,-0.00044,0.91882,-0.47940,-0.00021,-0.45535,0.00009,0.00025,0.91878,-0.47976,0.00001,-0.06709,-0.00315,-0.06702,-0.00302,1.92999,-0.19844,0.05962,-14.38533,6.87120,0.07150,1.91407,0.19405,-0.05321,-14.36886,6.87526,-0.06053,-1.48535,-1.12027,-1.48544,-1.12036,88.000,88.000,88.000,139.000,35.000,35.000,88.000,88.000,88.000,139.000,35.000,35.000,25.000,25.000,25.000,25.000
0.6100,-0.00657,-0.00004,0.72568,0.99997,-0.00002,0.00830,0.00039,0.03837,0.00008,0.66432,0.68452,0.01657,0.00007,2,0.03470,0.01657,0.034696,-0.00000,-0.7005,-0.0004,-1.0577,-0.0006,6.9665,0.0075,-3.5295,1,0.08500,0.03000,0.0031,0.0030,0.038426,0.118317,-18.0527,-0.0847,118.9661,-0.0965,-0.2927,168.1003,-18.0448,0.0645,118.8166,-0.0776,0.2926,167.9405,0.028195,-0.000583,118.9618,0.007107,-0.000369,168.1003,0.028305,0.000488,118.8122,0.007165,0.000304,167.9405,-0.45605,0.00014,-0.00044,0.91933,-0.47964,-0.00021,-0.45564,0.00009,0.00026,0.91929,-0.48000,0.00001,-0.06721,-0.00317,-0.06714,-0.00304,1.93184,-0.19844,0.05969,-14.39509,6.87202,0.07152,1.91592,0.19404,-0.05329,-14.37861,6.87608,-0.06054,-1.48519,-1.12022,-1.48528,-1.12031,88.000,88.000,88.000,139.000,35.000,35.000,88.000,88.000,88.000,139.000,35.000,35.000,25.000,25.000,25.000,25.000
0.6150,-0.00658,-0.00004,0.72561,0.99997,-0.00002,0.00831,0.00039,0.03838,0.00008,0.66426,0.68452,0.01660,0.00007,2,0.03470,0.01660,0.034696,-0.00000,-0.6998,-0.0004,-1.0574,-0.0006,6.9685,0.0075,-3.5286,1,0.08500,0.03000,0.0031,0.0030,0.038428,0.118317,-18.0474,-0.0848,119.0006,-0.0946,-0.2928,168.0909,-18.0395,0.0645,118.8510,-0.0757,0.2926,167.9311,0.028182,-0.000583,118.9962,0.007109,-0.000370,168.0909,0.028291,0.000488,118.8467,0.007167,0.000304,167.9311,-0.45634,0.00013,-0.00045,0.91983,-0.47988,-0.00021,-0.45593,0.00010,0.00026,0.91979,-0.48024,0.00001,-0.06733,-0.00318,-0.06726,-0.00306,1.93365,-0.19843,0.05976,-14.40467,6.87283,0.07154,1.91773,0.19404,-0.05337,-14.38819,6.87688,-0.06055,-1.48502,-1.12017,-1.48512,-1.12026,88.000,88.000,88.000,139.000,35.000,35.000,88.000,88.000,88.000,139.000,35.000,35.000,25.000,25.000,25.000,25.000
0.6200,-0.00660,-0.00004,0.72554,0.99997,-0.00002,0.00832,0.00038,0.03838,0.00008,0.66421,0.68452,0.01662,0.00007,2,0.03470,0.01662,0.034696,-0.00000,-0.6991,-0.0004,-1.0571,-0.0006,6.9705,0.0075,-3.5278,1,0.08500,0.03000,0.0030,0.0030,0.038430,0.118317,-18.0422,-0.0848,119.0343,-0.0927,-0.2928,168.0816,-18.0343,0.0645,118.8848,-0.0739,0.2926,167.9218,0.028169,-0.000582,119.0300,0.007111,-0.000370,168.0816,0.028278,0.000488,118.8804,0.007169,0.000304,167.9218,-0.45662,0.00013,-0.00045,0.92032,-0.48011,-0.00021,-0.45621,0.00010,0.00027,0.92028,-0.48047,0.00001,-0.06744,-0.00320,-0.06738,-0.00307,1.93542,-0.19842,0.05983,-14.41410,6.87363,0.07156,1.91950,0.19404,-0.05344,-14.39761,6.87767,-0.06057,-1.48486,-1.12012,-1.48496,-1.12021,88.000,88.000,88.000,139.000,35.000,35.000,88.000,88.000,88.000,139.000,35.000,35.000,25.000,25.000,25.000,25.000
0.6250,-0.00661,-0.00004,0.72547,0.99997,-0.00002,0.00834,0.00038,0.03839,0.00008,0.66415,0.68452,0.01665,0.00007,2,0.03470,0.01665,0.034696,-0.00000,-0.6984,-0.0004,-1.0568,-0.0006,6.9724,0.0074,-3.5269,1,0.08500,0.03000,0.0030,0.0030,0.038432,0.118317,-18.0372,-0.0848,119.0675,-0.0909,-0.2928,168.0725,-18.0292,0.0645,118.9180,-0.0721,0.2926,167.9126,0.028156,-0.000582,119.0631,0.007113,-0.000370,168.0725,0.028266,0.000488,118.9136,0.007171,0.000304,167.9126,-0.45690,0.00013,-0.00046,0.92081,-0.48034,-0.00021,-0.45649,0.00011,0.00028,0.92076,-0.48070,0.00001,-0.06755,-0.00322,-0.06749,-0.00309,1.93716,-0.19842,0.05990,-14.42336,6.87442,0.07158,1.92123,0.19403,-0.05351,-14.40686,6.87845,-0.06058,-1.48471,-1.12007,-1.48480,-1.12016,88.000,88.000,88.000,139.000,35.000,35.000,88.000,88.000,88.000,139.000,35.000,35.000,25.000,25.000,25.000,25.000
0.6300,-0.00662,-0.00004,0.72541,0.99997,-0.00002,0.00835,0.00038,0.03839,0.00008,0.66410,0.68452,0.01667,0.00007,2,0.03470,0.01667,0.034696,-0.00000,-0.6977,-0.0004,-1.0565,-0.0006,6.9743,0.0074,-3.5261,1,0.08500,0.03000,0.0030,0.0030,0.038434,0.118317,-18.0322,-0.0849,119.1000,-0.0891,-0.2928,168.0634,-18.0242,0.0646,118.9505,-0.0703,0.2927,167.9035,0.028144,-0.000582,119.0957,0.007115,-0.000370,168.0634,0.028253,0.000488,118.9461,0.007173,0.000304,167.9035,-0.45717,0.00013,-0.00046,0.92128,-0.48056,-0.00021,-0.45677,0.00011,0.00028,0.92124,-0.48092,0.00001,-0.06766,-0.00323,-0.06760,-0.00311,1.93885,-0.19841,0.05997,-14.43246,6.87519,0.07160,1.92292,0.19402,-0.05358,-14.41596,6.87923,-0.06059,-1.48455,-1.12002,-1.48464,-1.12011,88.000,88.000,88.000,139.000,35.000,35.000,88.000,88.000,88.000,139.000,35.000,35.000,25.000,25.000,25.000,25.000
0.6350,-0.00664,-0.00004,0.72534,0.99996,-0.00002,0.00836,0.00038,0.03840,0.00008,0.66405,0.68452,0.01669,0.00007,2,0.03470,0.01669,0.034696,0.00000,-0.6970,-0.0004,-1.0562,-0.0006,6.9762,0.0074,-3.5252,1,0.08500,0.03000,0.0030,0.0030,0.038436,0.118317,-18.0273,-0.0849,119.1320,-0.0873,-0.2928,168.0546,-18.0194,0.0646,118.9824,-0.0686,0.2927,167.8946,0.028132,-0.000582,119.1276,0.007117,-0.000370,168.0546,0.028241,0.000488,118.9780,0.007175,0.000304,167.8946,-0.45744,0.00012,-0.00047,0.92175,-0.48078,-0.00021,-0.45703,0.00011,0.00029,0.92171,-0.48115,0.00001,-0.06777,-0.00325,-0.06771,-0.00313,1.94051,-0.19840,0.06004,-14.44141,6.87596,0.07162,1.92457,0.19402,-0.05365,-14.42490,6.87999,-0.06060,-1.48440,-1.11997,-1.48449,-1.12006,88.000,88.000,88.000,139.000,35.000,35.000,88.000,88.000,88.000,139.000,35.000,35.000,25.000,25.000,25.000,25.000
0.6400,-0.00665,-0.00004,0.72528,0.99996,-0.00002,0.00837,0.00038,0.03840,0.00008,0.66400,0.68452,0.01672,0.00007,2,0.03470,0.01672,0.034696,0.00000,-0.6963,-0.0004,-1.0559,-0.0006,6.9780,0.0074,-3.5244,1,0.08500,0.03000,0.0030,0.0030,0.038438,0.118317,-18.0225,-0.0849,119.1633,-0.0856,-0.2928,168.0458,-18.0146,0.0646,119.0137,-0.0669,0.2927,167.8859,0.028120,-0.000582,119.1589,0.007119,-0.000370,168.0458,0.028229,0.000488,119.0093,0.007177,0.000304,167.8859,-0.45770,0.00012,-0.00047,0.92221,-0.48100,-0.00021,-0.45730,0.00012,0.00030,0.92217,-0.48136,0.00001,-0.06787,-0.00327,-0.06781,-0.00314,1.94213,-0.19839,0.06010,-14.45020,6.87671,0.07164,1.92619,0.19401,-0.05372,-14.43369,6.88074,-0.06062,-1.48425,-1.11993,-1.48434,-1.12001,88.000,88.000,88.000,139.000,35.000,35.000,88.000,88.000,88.000,139.000,35.000,35.000,25.000,25.000,25.000,25.000
0.6450,-0.00666,-0.00004,0.72521,0.99996,-0.00002,0.00838,0.00038,0.03841,0.00008,0.66395,0.68452,0.01674,0.00007,2,0.03470,0.01674,0.034696,0.00000,-0.6956,-0.0004,-1.0556,-0.0006,6.9798,0.0074,-3.5236,1,0.08500,0.03000,0.0030,0.0030,0.038440,0.118317,-18.0178,-0.0849,119.1940,-0.0839,-0.2928,168.0372,-18.0099,0.0647,119.0445,-0.0653,0.2927,167.8772,0.028109,-0.000582,119.1897,0.007121,-0.000370,168.0372,0.028217,0.000488,119.0401,0.007179,0.000304,167.8772,-0.45796,0.00012,-0.00048,0.92266,-0.48122,-0.00022,-0.45756,0.00012,0.00030,0.92262,-0.48158,0.00001,-0.06797,-0.00328,-0.06791,-0.00316,1.94371,-0.19839,0.06016,-14.45884,6.87746,0.07165,1.92777,0.19401,-0.05378,-14.44233,6.88148,-0.06063,-1.48410,-1.11988,-1.48419,-1.11996,88.000,88.000,88.000,139.000,35.000,35.000,88.000,88.000,88.000,139.000,35.000,35.000,25.000,25.000,25.000,25.000
0.6500,-0.00668,-0.00004,0.72515,0.99996,-0.00002,0.00839,0.00038,0.03841,0.00008,0.66390,0.68452,0.01676,0.00007,2,0.03470,0.01676,0.034696,0.00000,-0.6949,-0.0004,-1.0553,-0.0006,6.9815,0.0073,-3.5227,1,0.08500,0.03000,0.0030,0.0030,0.038442,0.118317,-18.0132,-0.0850,119.2242,-0.0823,-0.2928,168.0288,-18.0053,0.0647,119.0746,-0.0637,0.2927,167.8687,0.028097,-0.000582,119.2198,0.007123,-0.000370,168.0288,0.028206,0.000488,119.0702,0.007181,0.000304,167.8687,-0.45822,0.00011,-0.00048,0.92310,-0.48143,-0.00022,-0.45781,0.00013,0.00031,0.92306,-0.48179,0.00001,-0.06807,-0.00330,-0.06801,-0.00318,1.94526,-0.19838,0.06022,-14.46734,6.87820,0.07167,1.92932,0.19400,-0.05385,-14.45082,6.88221,-0.06064,-1.48395,-1.11983,-1.48404,-1.11991,88.000,88.000,88.000,139.000,35.000,35.000,88.000,88.000,88.000,139.000,35.000,35.000,25.000,25.000,25.000,25.000
0.6550,-0.00669,-0.00004,0.72509,0.99996,-0.00002,0.00840,0.00038,0.03842,0.00008,0.66385,0.68452,0.01678,0.00007,2,0.03470,0.01678,0.034696,0.00000,-0.6942,-0.0004,-1.0551,-0.0006,6.9833,0.0073,-3.5219,1,0.08500,0.03000,0.0030,0.0030,0.038444,0.118318,-18.0087,-0.0850,119.2538,-0.0807,-0.2929,168.0204,-18.0008,0.0647,119.1042,-0.0621,0.2928,167.8604,0.028086,-0.000582,119.2495,0.007124,-0.000371,168.0204,0.028195,0.000488,119.0998,0.007182,0.000304,167.8604,-0.45846,0.00011,-0.00049,0.92354,-0.48163,-0.00022,-0.45806,0.00013,0.00032,0.92350,-0.48200,0.00002,-0.06817,-0.00332,-0.06811,-0.00319,1.94678,-0.19837,0.06028,-14.47569,6.87892,0.07169,1.93083,0.19399,-0.05391,-14.45916,6.88293,-0.06065,-1.48381,-1.11978,-1.48390,-1.11986,88.000,88.000,88.000,139.000,35.000,35.000,88.000,88.000,88.000,139.000,35.000,35.000,25.000,25.000,25.000,25.000
0.6600,-0.00670,-0.00004,0.72503,0.99996,-0.00002,0.00841,0.00038,0.03842,0.00008,0.66380,0.68452,0.01680,0.00007,2,0.03470,0.01680,0.034696,0.00000,-0.6935,-0.0004,-1.0548,-0.0006,6.9850,0.0073,-3.5211,1,0.08500,0.03000,0.0030,0.0030,0.038446,0.118318,-18.0042,-0.0850,119.2829,-0.0791,-0.2929,168.0122,-17.9963,0.0647,119.1333,-0.0606,0.2928,167.8521,0.028075,-0.000582,119.2785,0.007126,-0.000371,168.0122,0.028184,0.000488,119.1289,0.007184,0.000304,167.8521,-0.45871,0.00011,-0.00049,0.92397,-0.48184,-0.00022,-0.45831,0.00013,0.00032,0.92393,-0.48220,0.00002,-0.06826,-0.00333,-0.06821,-0.00321,1.94826,-0.19836,0.06034,-14.48390,6.87964,0.07170,1.93231,0.19399,-0.05397,-14.46736,6.88364,-0.06066,-1.48366,-1.11973,-1.48376,-1.11981,88.000,88.000,88.000,139.000,35.000,35.000,88.000,88.000,88.000,139.000,35.000,35.000,25.000,25.000,25.000,25.000
0.6650,-0.00671,-0.00004,0.72497,0.99996,-0.00002,0.00842,0.00038,0.03843,0.00008,0.66375,0.68452,0.01682,0.00007,2,0.03470,0.01682,0.034696,0.00000,-0.6928,-0.0004,-1.0546,-0.0006,6.9866,0.0073,-3.5203,1,0.08500,0.03000,0.0030,0.0030,0.038448,0.118318,-17.9999,-0.0851,119.3114,-0.0775,-0.2929,168.0041,-17.9920,0.0648,119.1618,-0.0590,0.2928,167.8440,0.028065,-0.000582,119.3070,0.007128,-0.000371,168.0041,0.028173,0.000488,119.1574,0.007186,0.000305,167.8440,-0.45895,0.00010,-0.00050,0.92439,-0.48204,-0.00022,-0.45855,0.00014,0.00033,0.92435,-0.48240,0.00002,-0.06835,-0.00335,-0.06830,-0.00323,1.94970,-0.19835,0.06040,-14.49196,6.88035,0.07172,1.93375,0.19398,-0.05403,-14.47542,6.88435,-0.06067,-1.48352,-1.11969,-1.48362,-1.11976,88.000,88.000,88.000,139.000,35.000,35.000,88.000,88.000,88.000,139.000,35.000,35.000,25.000,25.000,25.000,25.000
0.6700,-0.00672,-0.00004,0.72491,0.99996,-0.00002,0.00843,0.00038,0.03843,0.00008,0.66370,0.68452,0.01684,0.00007,2,0.03470,0.01684,0.034696,0.00000,-0.6921,-0.0004,-1.0543,-0.0006,6.9883,0.0073,-3.5196,1,0.08500,0.03000,0.0030,0.0030,0.038450,0.118318,-17.9956,-0.0851,119.3394,-0.0760,-0.2930,167.9961,-17.9877,0.0648,119.1898,-0.0576,0.2929,167.8360,0.028054,-0.000582,119.3350,0.007130,-0.000371,167.9961,0.028163,0.000488,119.1854,0.007188,0.000305,167.8360,-0.45919,0.00010,-0.00050,0.92480,-0.48224,-0.00022,-0.45878,0.00014,0.00034,0.92476,-0.48260,0.00002,-0.06844,-0.00336,-0.06839,-0.00324,1.95112,-0.19834,0.06046,-14.49989,6.88104,0.07173,1.93516,0.19397,-0.05409,-14.48335,6.88504,-0.06068,-1.48339,-1.11964,-1.48348,-1.11971,88.000,88.000,88.000,139.000,35.000,35.000,88.000,88.000,88.000,139.000,35.000,35.000,25.000,25.000,25.000,25.000
0.6750,-0.00674,-0.00004,0.72485,0.99996,-0.00002,0.00844,0.00038,0.03844,0.00008,0.66366,0.68452,0.01686,0.00007,2,0.03470,0.01686,0.034696,0.00000,-0.6914,-0.0004,-1.0541,-0.0006,6.9899,0.0073,-3.5188,1,0.08500,0.03000,0.0030,0.0030,0.038452,0.118318,-17.9915,-0.0851,119.3669,-0.0745,-0.2930,167.9883,-17.9836,0.0648,119.2173,-0.0561,0.2929,167.8281,0.028044,-0.000582,119.3625,0.007132,-0.000371,167.9883,0.028153,0.000488,119.2129,0.007190,0.000305,167.8281,-0.45942,0.00010,-0.00051,0.92521,-0.48243,-0.00022,-0.45901,0.00015,0.00034,0.92517,-0.48279,0.00002,-0.06852,-0.00338,-0.06848,-0.00326,1.95251,-0.19833,0.06051,-14.50769,6.88173,0.07175,1.93655,0.19397,-0.05415,-14.49114,6.88572,-0.06069,-1.48325,-1.11959,-1.48334,-1.11966,88.000,88.000,88.000,139.000,35.000,35.000,88.000,88.000,88.000,139.000,35.000,35.000,25.000,25.000,25.000,25.000
0.6800,-0.00675,-0.00004,0.72479,0.99996,-0.00002,0.00845,0.00038,0.03844,0.00008,0.66361,0.68452,0.01688,0.00007,2,0.03470,0.01688,0.034696,0.00000,-0.6907,-0.0004,-1.0538,-0.0006,6.9914,0.0072,-3.5180,1,0.08500,0.03000,0.0030,0.0030,0.038454,0.118318,-17.9874,-0.0852,119.3939,-0.0731,-0.2930,167.9806,-17.9795,0.0648,119.2442,-0.0547,0.2929,167.8204,0.028034,-0.000582,119.3895,0.007134,-0.000371,167.9806,0.028143,0.000487,119.2398,0.007192,0.000305,167.8204,-0.45964,0.00009,-0.00051,0.92561,-0.48262,-0.00022,-0.45924,0.00015,0.00035,0.92557,-0.48298,0.00002,-0.06861,-0.00340,-0.06856,-0.00328,1.95386,-0.19833,0.06056,-14.51535,6.88241,0.07176,1.93790,0.19396,-0.05420,-14.49879,6.88640,-0.06070,-1.48311,-1.11955,-1.48321,-1.11962,88.000,88.000,88.000,139.000,35.000,35.000,88.000,88.000,88.000,139.000,35.000,35.000,25.000,25.000,25.000,25.000
0.6850,-0.00676,-0.00004,0.72474,0.99996,-0.00002,0.00846,0.00038,0.03845,0.00008,0.66357,0.68452,0.01690,0.00007,2,0.03470,0.01690,0.034696,0.00000,-0.6901,-0.0004,-1.0536,-0.0006,6.9930,0.0072,-3.5173,1,0.08500,0.03000,0.0030,0.0030,0.038455,0.118318,-17.9834,-0.0852,119.4203,-0.0717,-0.2931,167.9730,-17.9755,0.0649,119.2707,-0.0533,0.2930,167.8128,0.028025,-0.000582,119.4160,0.007136,-0.000371,167.9730,0.028133,0.000487,119.2663,0.007194,0.000305,167.8128,-0.45987,0.00009,-0.00052,0.92601,-0.48281,-0.00022,-0.45946,0.00015,0.00036,0.92597,-0.48317,0.00002,-0.06869,-0.00341,-0.06865,-0.00329,1.95518,-0.19832,0.06061,-14.52288,6.88308,0.07177,1.93922,0.19395,-0.05426,-14.50632,6.88706,-0.06071,-1.48298,-1.11950,-1.48308,-1.11957,88.000,88.000,88.000,139.000,35.000,35.000,88.000,88.000,88.000,139.000,35.000,35.000,25.000,25.000,25.000,25.000
0.6900,-0.00677,-0.00004,0.72468,0.99996,-0.00002,0.00846,0.00038,0.03845,0.00008,0.66353,0.68452,0.01691,0.00007,2,0.03470,0.01691,0.034696,0.00000,-0.6894,-0.0004,-1.0533,-0.0006,6.9945,0.0072,-3.5165,1,0.08500,0.03000,0.0030,0.0030,0.038457,0.118318,-17.9794,-0.0852,119.4463,-0.0703,-0.2931,167.9655,-17.9716,0.0649,119.2967,-0.0520,0.2930,167.8053,0.028015,-0.000582,119.4420,0.007137,-0.000371,167.9655,0.028124,0.000487,119.2923,0.007196,0.000305,167.8053,-0.46009,0.00009,-0.00052,0.92639,-0.48299,-0.00022,-0.45968,0.00016,0.00036,0.92635,-0.48335,0.00002,-0.06877,-0.00343,-0.06873,-0.00331,1.95648,-0.19831,0.06067,-14.53028,6.88374,0.07179,1.94051,0.19394,-0.05431,-14.51371,6.88772,-0.06071,-1.48285,-1.11946,-1.48295,-1.11952,88.000,88.000,88.000,139.000,35.000,35.000,88.000,88.000,88.000,139.000,35.000,35.000,25.000,25.000,25.000,25.000
0.6950,-0.00678,-0.00004,0.72463,0.99996,-0.00002,0.00847,0.00038,0.03845,0.00008,0.66348,0.68452,0.01693,0.00007,2,0.03470,0.01693,0.034696,0.00000,-0.6887,-0.0004,-1.0531,-0.0006,6.9960,0.0072,-3.5158,1,0.08500,0.03000,0.0030,0.0030,0.038459,0.118319,-17.9756,-0.0852,119.4719,-0.0689,-0.2931,167.9581,-17.9677,0.0649,119.3222,-0.0507,0.2930,167.7979,0.028006,-0.000582,119.4675,0.007139,-0.000371,167.9581,0.028114,0.000487,119.3178,0.007197,0.000305,167.7979,-0.46030,0.00008,-0.00053,0.92677,-0.48317,-0.00022,-0.45990,0.00016,0.00037,0.92673,-0.48353,0.00002,-0.06885,-0.00345,-0.06881,-0.00333,1.95774,-0.19830,0.06071,-14.53756,6.88439,0.07180,1.94177,0.19393,-0.05436,-14.52099,6.88837,-0.06072,-1.48272,-1.11941,-1.48282,-1.11948,88.000,88.000,88.000,139.000,35.000,35.000,88.000,88.000,88.000,139.000,35.000,35.000,25.000,25.000,25.000,25.000
0.7000,-0.00679,-0.00004,0.72458,0.99996,-0.00002,0.00848,0.00038,0.03846,0.00008,0.66344,0.68452,0.01694,0.00007,2,0.03470,0.01694,0.034696,0.00000,-0.6880,-0.0004,-1.0529,-0.0006,6.9974,0.0072,-3.5151,1,0.08500,0.03000,0.0030,0.0030,0.038461,0.118319,-17.9718,-0.0853,119.4969,-0.0676,-0.2932,167.9509,-17.9639,0.0649,119.3472,-0.0494,0.2931,167.7906,0.027997,-0.000582,119.4925,0.007141,-0.000371,167.9509,0.028105,0.000487,119.3428,0.007199,0.000305,167.7906,-0.46051,0.00008,-0.00054,0.92715,-0.48335,-0.00022,-0.46011,0.00017,0.00038,0.92711,-0.48371,0.00002,-0.06893,-0.00346,-0.06889,-0.00334,1.95898,-0.19829,0.06076,-14.54471,6.88504,0.07181,1.94301,0.19392,-0.05441,-14.52813,6.88901,-0.06073,-1.48260,-1.11937,-1.48269,-1.11943,88.000,88.000,88.000,139.000,35.000,35.000,88.000,88.000,88.000,139.000,35.000,35.000,25.000,25.000,25.000,25.000
0.7050,-0.00680,-0.00004,0.72452,0.99996,-0.00002,0.00849,0.00038,0.03846,0.00008,0.66340,0.68452,0.01696,0.00007,2,0.03470,0.01696,0.034696,0.00000,-0.6873,-0.0004,-1.0527,-0.0006,6.9989,0.0072,-3.5143,1,0.08500,0.03000,0.0030,0.0030,0.038463,0.118319,-17.9681,-0.0853,119.5215,-0.0663,-0.2932,167.9437,-17.9602,0.0649,119.3718,-0.0481,0.2931,167.7834,0.027988,-0.000582,119.5171,0.007143,-0.000372,167.9437,0.028096,0.000487,119.3674,0.007201,0.000305,167.7834,-0.46072,0.00008,-0.00054,0.92752,-0.48353,-0.00022,-0.46032,0.00017,0.00038,0.92748,-0.48389,0.00002,-0.06900,-0.00348,-0.06896,-0.00336,1.96019,-0.19828,0.06081,-14.55174,6.88567,0.07182,1.94421,0.19391,-0.05446,-14.53516,6.88964,-0.06074,-1.48247,-1.11932,-1.48257,-1.11939,88.000,88.000,88.000,139.000,35.000,35.000,88.000,88.000,88.000,139.000,35.000,35.000,25.000,25.000,25.000,25.000
0.7100,-0.00681,-0.00004,0.72447,0.99996,-0.00002,0.00849,0.00038,0.03847,0.00008,0.66336,0.68452,0.01698,0.00007,2,0.03470,0.01698,0.034696,0.00000,-0.6866,-0.0004,-1.0524,-0.0006,7.0003,0.0071,-3.5136,1,0.08500,0.03000,0.0030,0.0029,0.038465,0.118319,-17.9645,-0.0853,119.5456,-0.0650,-0.2933,167.9367,-17.9566,0.0650,119.3959,-0.0468,0.2932,167.7764,0.027980,-0.000581,119.5413,0.007145,-0.000372,167.9367,0.028088,0.000487,119.3915,0.007203,0.000305,167.7764,-0.46092,0.00008,-0.00055,0.92788,-0.48370,-0.00022,-0.46052,0.00017,0.00039,0.92784,-0.48406,0.00002,-0.06907,-0.00349,-0.06904,-0.00338,1.96137,-0.19827,0.06085,-14.55865,6.88630,0.07184,1.94540,0.19391,-0.05451,-14.54206,6.89026,-0.06074,-1.48235,-1.11928,-1.48245,-1.11934,88.000,88.000,88.000,139.000,35.000,35.000,88.000,88.000,88.000,139.000,35.000,35.000,25.000,25.000,25.000,25.000
0.7150,-0.00682,-0.00004,0.72442,0.99996,-0.00002,0.00850,0.00038,0.03847,0.00008,0.66332,0.68452,0.01699,0.00007,2,0.03470,0.01699,0.034696,0.00000,-0.6859,-0.0004,-1.0522,-0.0006,7.0017,0.0071,-3.5129,1,0.08500,0.03000,0.0030,0.0029,0.038467,0.118319,-17.9609,-0.0854,119.5693,-0.0638,-0.2933,167.9298,-17.9531,0.0650,119.4196,-0.0456,0.2932,167.7694,0.027971,-0.000581,119.5650,0.007146,-0.000372,167.9298,0.028079,0.000487,119.4152,0.007204,0.000305,167.7694,-0.46112,0.00007,-0.00055,0.92823,-0.48387,-0.00022,-0.46072,0.00018,0.00040,0.92819,-0.48423,0.00002,-0.06914,-0.00351,-0.06911,-0.00339,1.96253,-0.19826,0.06090,-14.56544,6.88692,0.07185,1.94655,0.19390,-0.05456,-14.54885,6.89088,-0.06075,-1.48223,-1.11924,-1.48233,-1.11930,88.000,88.000,88.000,139.000,35.000,35.000,88.000,88.000,88.000,139.000,35.000,35.000,25.000,25.000,25.000,25.000
0.7200,-0.00683,-0.00004,0.72437,0.99996,-0.00002,0.00851,0.00038,0.03847,0.00008,0.66328,0.68452,0.01700,0.00007,2,0.03470,0.01700,0.034696,0.00000,-0.6853,-0.0004,-1.0520,-0.0006,7.0030,0.0071,-3.5122,1,0.08500,0.03000,0.0030,0.0029,0.038468,0.118319,-17.9574,-0.0854,119.5926,-0.0626,-0.2934,167.9230,-17.9496,0.0650,119.4429,-0.0444,0.2933,167.7626,0.027963,-0.000581,119.5882,0.007148,-0.000372,167.9230,0.028071,0.000487,119.4385,0.007206,0.000305,167.7626,-0.46132,0.00007,-0.00056,0.92858,-0.48404,-0.00022,-0.46092,0.00018,0.00040,0.92854,-0.48440,0.00002,-0.06921,-0.00353,-0.06918,-0.00341,1.96366,-0.19825,0.06094,-14.57212,6.88753,0.07186,1.94768,0.19389,-0.05460,-14.55552,6.89149,-0.06076,-1.48211,-1.11919,-1.48221,-1.11925,88.000,88.000,88.000,139.000,35.000,35.000,88.000,88.000,88.000,139.000,35.000,35.000,25.000,25.000,25.000,25.000
0.7250,-0.00684,-0.00004,0.72432,0.99996,-0.00002,0.00852,0.00038,0.03848,0.00008,0.66324,0.68452,0.01702,0.00007,2,0.03470,0.01702,0.034696,0.00000,-0.6846,-0.0004,-1.0518,-0.0006,7.0044,0.0071,-3.5115,1,0.08500,0.03000,0.0030,0.0029,0.038470,0.118320,-17.9540,-0.0854,119.6155,-0.0614,-0.2934,167.9163,-17.9462,0.0650,119.4657,-0.0433,0.2933,167.7558,0.027955,-0.000581,119.6111,0.007150,-0.000372,167.9163,0.028063,0.000487,119.4613,0.007208,0.000305,167.7558,-0.46151,0.00007,-0.00056,0.92893,-0.48420,-0.00022,-0.46111,0.00019,0.00041,0.92889,-0.48456,0.00002,-0.06928,-0.00354,-0.06925,-0.00343,1.96477,-0.19824,0.06098,-14.57868,6.88813,0.07187,1.94878,0.19388,-0.05465,-14.56208,6.89208,-0.06076,-1.48199,-1.11915,-1.48209,-1.11921,88.000,88.000,88.000,139.000,35.000,35.000,88.000,88.000,88.000,139.000,35.000,35.000,25.000,25.000,25.000,25.000
0.7300,-0.00685,-0.00004,0.72427,0.99996,-0.00002,0.00852,0.00038,0.03848,0.00008,0.66320,0.68452,0.01703,0.00007,2,0.03470,0.01703,0.034696,0.00000,-0.6839,-0.0004,-1.0516,-0.0006,7.0057,0.0071,-3.5109,1,0.08500,0.03000,0.0030,0.0029,0.038472,0.118320,-17.9507,-0.0854,119.6379,-0.0602,-0.2935,167.9097,-17.9428,0.0651,119.4882,-0.0422,0.2934,167.7492,0.027947,-0.000581,119.6335,0.007152,-0.000372,167.9097,0.028055,0.000487,119.4837,0.007210,0.000305,167.7492,-0.46170,0.00006,-0.00057,0.92926,-0.48436,-0.00023,-0.46130,0.00019,0.00042,0.92923,-0.48472,0.00002,-0.06934,-0.00356,-0.06931,-0.00344,1.96585,-0.19822,0.06102,-14.58513,6.88873,0.07188,1.94986,0.19387,-0.05469,-14.56853,6.89268,-0.06077,-1.48187,-1.11911,-1.48197,-1.11916,88.000,88.000,88.000,139.000,35.000,35.000,88.000,88.000,88.000,139.000,35.000,35.000,25.000,25.000,25.000,25.000
0.7350,-0.00686,-0.00004,0.72423,0.99996,-0.00002,0.00853,0.00038,0.03848,0.00008,0.66316,0.68452,0.01704,0.00007,2,0.03470,0.01704,0.034696,0.00000,-0.6832,-0.0004,-1.0514,-0.0006,7.0070,0.0071,-3.5102,1,0.08500,0.03000,0.0030,0.0029,0.038474,0.118320,-17.9474,-0.0855,119.6599,-0.0591,-0.2935,167.9032,-17.9395,0.0651,119.5102,-0.0410,0.2934,167.7427,0.027939,-0.000581,119.6555,0.007153,-0.000372,167.9032,0.028047,0.000487,119.5058,0.007211,0.000305,167.7427,-0.46189,0.00006,-0.00057,0.92960,-0.48452,-0.00023,-0.46149,0.00019,0.00042,0.92956,-0.48488,0.00002,-0.06941,-0.00357,-0.06938,-0.00346,1.96691,-0.19821,0.06106,-14.59147,6.88931,0.07189,1.95092,0.19386,-0.05473,-14.57487,6.89326,-0.06078,-1.48176,-1.11907,-1.48186,-1.11912,88.000,88.000,88.000,139.000,35.000,35.000,88.000,88.000,88.000,139.000,35.000,35.000,25.000,25.000,25.000,25.000
0.7400,-0.00687,-0.00004,0.72418,0.99996,-0.00002,0.00853,0.00038,0.03849,0.00008,0.66313,0.68452,0.01706,0.00007,2,0.03470,0.01706,0.034696,0.00000,-0.6825,-0.0004,-1.0512,-0.0006,7.0082,0.0071,-3.5095,1,0.08500,0.03000,0.0030,0.0029,0.038475,0.118320,-17.9442,-0.0855,119.6815,-0.0580,-0.2936,167.8968,-17.9363,0.0651,119.5318,-0.0400,0.2935,167.7363,0.027932,-0.000581,119.6772,0.007155,-0.000372,167.8968,0.028039,0.000486,119.5274,0.007213,0.000305,167.7363,-0.46207,0.00006,-0.00058,0.92992,-0.48468,-0.00023,-0.46167,0.00020,0.00043,0.92989,-0.48504,0.00002,-0.06947,-0.00359,-0.06944,-0.00348,1.96794,-0.19820,0.06110,-14.59771,6.88989,0.07190,1.95195,0.19385,-0.05477,-14.58110,6.89383,-0.06078,-1.48164,-1.11902,-1.48175,-1.11908,88.000,88.000,88.000,139.000,35.000,35.000,88.000,88.000,88.000,139.000,35.000,35.000,25.000,25.000,25.000,25.000
0.7450,-0.00688,-0.00004,0.72413,0.99996,-0.00002,0.00854,0.00038,0.03849,0.00008,0.66309,0.68452,0.01707,0.00007,2,0.03470,0.01707,0.034696,0.00000,-0.6819,-0.0004,-1.0510,-0.0006,7.0095,0.0070,-3.5089,1,0.08500,0.03000,0.0030,0.0029,0.038477,0.118320,-17.9410,-0.0855,119.7028,-0.0569,-0.2936,167.8905,-17.9332,0.0651,119.5530,-0.0389,0.2936,167.7299,0.027924,-0.000581,119.6984,0.007157,-0.000372,167.8905,0.028032,0.000486,119.5486,0.007215,0.000305,167.7299,-0.46225,0.00005,-0.00058,0.93024,-0.48483,-0.00023,-0.46185,0.00020,0.00043,0.93021,-0.48519,0.00002,-0.06953,-0.00361,-0.06950,-0.00349,1.96896,-0.19819,0.06114,-14.60384,6.89046,0.07191,1.95296,0.19384,-0.05481,-14.58722,6.89440,-0.06079,-1.48153,-1.11898,-1.48164,-1.11904,88.000,88.000,88.000,139.000,35.000,35.000,88.000,88.000,88.000,139.000,35.000,35.000,25.000,25.000,25.000,25.000
0.7500,-0.00689,-0.00004,0.72409,0.99996,-0.00002,0.00855,0.00038,0.03849,0.00008,0.66305,0.68452,0.01708,0.00007,2,0.03470,0.01708,0.034696,0.00000,-0.6812,-0.0004,-1.0509,-0.0006,7.0107,0.0070,-3.5083,1,0.08500,0.03000,0.0030,0.0029,0.038479,0.118320,-17.9379,-0.0855,119.7236,-0.0558,-0.2937,167.8843,-17.9301,0.0651,119.5738,-0.0379,0.2936,167.7237,0.027917,-0.000581,119.7192,0.007158,-0.000372,167.8843,0.028025,0.000486,119.5694,0.007216,0.000305,167.7237,-0.46243,0.00005,-0.00059,0.93056,-0.48498,-0.00023,-0.46203,0.00021,0.00044,0.93052,-0.48534,0.00003,-0.06959,-0.00362,-0.06956,-0.00351,1.96995,-0.19818,0.06118,-14.60986,6.89102,0.07192,1.95394,0.19383,-0.05485,-14.59324,6.89496,-0.06079,-1.48142,-1.11894,-1.48153,-1.11899,88.000,88.000,88.000,139.000,35.000,35.000,88.000,88.000,88.000,139.000,35.000,35.000,25.000,25.000,25.000,25.000
0.7550,-0.00690,-0.00004,0.72404,0.99996,-0.00002,0.00855,0.00038,0.03850,0.00008,0.66302,0.68452,0.01709,0.00007,2,0.03470,0.01709,0.034696,0.00000,-0.6805,-0.0004,-1.0507,-0.0006,7.0119,0.0070,-3.5076,1,0.08500,0.03000,0.0030,0.0029,0.038481,0.118321,-17.9349,-0.0856,119.7441,-0.0548,-0.2938,167.8782,-17.9270,0.0652,119.5943,-0.0368,0.2937,167.7176,0.027910,-0.000581,119.7397,0.007160,-0.000372,167.8782,0.028017,0.000486,119.5899,0.007218,0.000305,167.7176,-0.46260,0.00005,-0.00059,0.93087,-0.48513,-0.00023,-0.46220,0.00021,0.00045,0.93083,-0.48549,0.00003,-0.06965,-0.00364,-0.06962,-0.00352,1.97091,-0.19817,0.06121,-14.61578,6.89158,0.07193,1.95491,0.19382,-0.05489,-14.59916,6.89551,-0.06080,-1.48131,-1.11890,-1.48142,-1.11895,88.000,88.000,88.000,139.000,35.000,35.000,88.000,88.000,88.000,139.000,35.000,35.000,25.000,25.000,25.000,25.000
0.7600,-0.00690,-0.00004,0.72400,0.99996,-0.00002,0.00856,0.00038,0.03850,0.00008,0.66298,0.68452,0.01710,0.00007,2,0.03470,0.01710,0.034696,0.00000,-0.6798,-0.0004,-1.0505,-0.0006,7.0130,0.0070,-3.5070,1,0.08500,0.03000,0.0030,0.0029,0.038482,0.118321,-17.9319,-0.0856,119.7642,-0.0538,-0.2938,167.8722,-17.9241,0.0652,119.6144,-0.0358,0.2938,167.7116,0.027903,-0.000581,119.7598,0.007162,-0.000372,167.8722,0.028010,0.000486,119.6100,0.007220,0.000305,167.7116,-0.46277,0.00004,-0.00060,0.93117,-0.48527,-0.00023,-0.46237,0.00021,0.00045,0.93114,-0.48563,0.00003,-0.06970,-0.00365,-0.06968,-0.00354,1.97186,-0.19816,0.06124,-14.62161,6.89213,0.07194,1.95585,0.19380,-0.05493,-14.60498,6.89606,-0.06080,-1.48120,-1.11886,-1.48131,-1.11891,88.000,88.000,88.000,139.000,35.000,35.000,88.000,88.000,88.000,139.000,35.000,35.000,25.000,25.000,25.000,25.000
0.7650,-0.00691,-0.00004,0.72396,0.99996,-0.00002,0.00856,0.00038,0.03850,0.00008,0.66295,0.68452,0.01711,0.00007,2,0.03470,0.01711,0.034696,0.00000,-0.6792,-0.0004,-1.0503,-0.0006,7.0142,0.0070,-3.5064,1,0.08500,0.03000,0.0030,0.0029,0.038484,0.118321,-17.9290,-0.0856,119.7839,-0.0528,-0.2939,167.8663,-17.9211,0.0652,119.6341,-0.0349,0.2938,167.7056,0.027896,-0.000581,119.7795,0.007163,-0.000372,167.8663,0.028004,0.000486,119.6297,0.007221,0.000305,167.7056,-0.46293,0.00004,-0.00060,0.93147,-0.48542,-0.00023,-0.46254,0.00022,0.00046,0.93144,-0.48578,0.00003,-0.06975,-0.00367,-0.06973,-0.00356,1.97278,-0.19815,0.06128,-14.62733,6.89267,0.07195,1.95677,0.19379,-0.05496,-14.61069,6.89660,-0.06081,-1.48110,-1.11882,-1.48121,-1.11887,88.000,88.000,88.000,139.000,35.000,35.000,88.000,88.000,88.000,139.000,35.000,35.000,25.000,25.000,25.000,25.000
0.7700,-0.00692,-0.00004,0.72392,0.99996,-0.00002,0.00857,0.00037,0.03851,0.00008,0.66292,0.68452,0.01712,0.00007,2,0.03470,0.01712,0.034696,0.00000,-0.6785,-0.0004,-1.0502,-0.0006,7.0153,0.0070,-3.5058,1,0.08500,0.03000,0.0030,0.0029,0.038486,0.118321,-17.9261,-0.0856,119.8033,-0.0518,-0.2940,167.8605,-17.9183,0.0652,119.6535,-0.0339,0.2939,167.6998,0.027889,-0.000581,119.7989,0.007165,-0.000372,167.8605,0.027997,0.000486,119.6491,0.007223,0.000305,167.6998,-0.46310,0.00004,-0.00061,0.93177,-0.48556,-0.00023,-0.46270,0.00022,0.00047,0.93173,-0.48592,0.00003,-0.06981,-0.00368,-0.06979,-0.00357,1.97369,-0.19813,0.06131,-14.63295,6.89320,0.07196,1.95767,0.19378,-0.05500,-14.61632,6.89713,-0.06081,-1.48099,-1.11878,-1.48110,-1.11883,88.000,88.000,88.000,139.000,35.000,35.000,88.000,88.000,88.000,139.000,35.000,35.000,25.000,25.000,25.000,25.000
0.7750,-0.00693,-0.00004,0.72388,0.99996,-0.00002,0.00857,0.00037,0.03851,0.00008,0.66288,0.68452,0.01713,0.00007,2,0.03470,0.01713,0.034696,0.00000,-0.6778,-0.0004,-1.0500,-0.0006,7.0164,0.0070,-3.5052,1,0.08500,0.03000,0.0030,0.0029,0.038487,0.118321,-17.9233,-0.0857,119.8223,-0.0508,-0.2940,167.8547,-17.9155,0.0652,119.6725,-0.0330,0.2940,167.6941,0.027883,-0.000581,119.8180,0.007167,-0.000372,167.8547,0.027990,0.000486,119.6681,0.007225,0.000306,167.6941,-0.46326,0.00003,-0.00061,0.93206,-0.48570,-0.00023,-0.46286,0.00022,0.00047,0.93202,-0.48606,0.00003,-0.06986,-0.00370,-0.06984,-0.00359,1.97457,-0.19812,0.06134,-14.63848,6.89373,0.07196,1.95856,0.19377,-0.05503,-14.62184,6.89765,-0.06081,-1.48089,-1.11874,-1.48100,-1.11879,88.000,88.000,88.000,139.000,35.000,35.000,88.000,88.000,88.000,139.000,35.000,35.000,25.000,25.000,25.000,25.000
0.7800,-0.00694,-0.00004,0.72383,0.99996,-0.00002,0.00858,0.00037,0.03851,0.00008,0.66285,0.68452,0.01714,0.00007,2,0.03470,0.01714,0.034696,0.00000,-0.6771,-0.0004,-1.0498,-0.0006,7.0175,0.0069,-3.5046,1,0.08500,0.03000,0.0030,0.0029,0.038489,0.118321,-17.9206,-0.0857,119.8410,-0.0499,-0.2941,167.8491,-17.9127,0.0653,119.6912,-0.0321,0.2940,167.6884,0.027877,-0.000581,119.8366,0.007168,-0.000372,167.8491,0.027984,0.000486,119.6868,0.007226,0.000306,167.6884,-0.46342,0.00003,-0.00062,0.93234,-0.48583,-0.00023,-0.46302,0.00023,0.00048,0.93231,-0.48619,0.00003,-0.06991,-0.00372,-0.06989,-0.00360,1.97544,-0.19811,0.06137,-14.64392,6.89425,0.07197,1.95942,0.19376,-0.05507,-14.62727,6.89817,-0.06082,-1.48079,-1.11870,-1.48090,-1.11875,88.000,88.000,88.000,139.000,35.000,35.000,88.000,88.000,88.000,139.000,35.000,35.000,25.000,25.000,25.000,25.000
0.7850,-0.00694,-0.00004,0.72379,0.99996,-0.00002,0.00858,0.00037,0.03851,0.00008,0.66282,0.68452,0.01715,0.00007,2,0.03470,0.01715,0.034696,0.00000,-0.6765,-0.0004,-1.0497,-0.0006,7.0186,0.0069,-3.5040,1,0.08500,0.03000,0.0030,0.0029,0.038490,0.118322,-17.9179,-0.0857,119.8594,-0.0490,-0.2942,167.8436,-17.9100,0.0653,119.7095,-0.0312,0.2941,167.6828,0.027870,-0.000581,119.8550,0.007170,-0.000373,167.8436,0.027978,0.000486,119.7051,0.007228,0.000306,167.6828,-0.46357,0.00003,-0.00063,0.93262,-0.48597,-0.00023,-0.46317,0.00023,0.00049,0.93259,-0.48633,0.00003,-0.06996,-0.00373,-0.06994,-0.00362,1.97628,-0.19810,0.06140,-14.64926,6.89476,0.07198,1.96026,0.19375,-0.05510,-14.63261,6.89868,-0.06082,-1.48069,-1.11866,-1.48080,-1.11871,88.000,88.000,88.000,139.000,35.000,35.000,88.000,88.000,88.000,139.000,35.000,35.000,25.000,25.000,25.000,25.000
0.7900,-0.00695,-0.00004,0.72375,0.99996,-0.00002,0.00858,0.00037,0.03852,0.00008,0.66279,0.68452,0.01716,0.00007,2,0.03470,0.01716,0.034696,0.00000,-0.6758,-0.0004,-1.0495,-0.0006,7.0197,0.0069,-3.5034,1,0.08500,0.03000,0.0030,0.0029,0.038492,0.118322,-17.9152,-0.0857,119.8774,-0.0481,-0.2942,167.8381,-17.9074,0.0653,119.7276,-0.0303,0.2942,167.6773,0.027864,-0.000580,119.8730,0.007171,-0.000373,167.8381,0.027972,0.000486,119.7231,0.007229,0.000306,167.6773,-0.46372,0.00002,-0.00063,0.93290,-0.48610,-0.00023,-0.46333,0.00024,0.00049,0.93286,-0.48646,0.00003,-0.07000,-0.00375,-0.06999,-0.00364,1.97711,-0.19809,0.06143,-14.65452,6.89527,0.07199,1.96108,0.19374,-0.05513,-14.63786,6.89918,-0.06083,-1.48059,-1.11862,-1.48070,-1.11867,88.000,88.000,88.000,139.000,35.000,35.000,88.000,88.000,88.000,139.000,35.000,35.000,25.000,25.000,25.000,25.000
0.7950,-0.00696,-0.00004,0.72372,0.99996,-0.00002,0.00859,0.00037,0.03852,0.00008,0.66276,0.68452,0.01717,0.00007,2,0.03470,0.01717,0.034696,0.00000,-0.6751,-0.0004,-1.0494,-0.0006,7.0207,0.0069,-3.5028,1,0.08500,0.03000,0.0030,0.0029,0.038494,0.118322,-17.9126,-0.0858,119.8951,-0.0472,-0.2943,167.8327,-17.9048,0.0653,119.7452,-0.0295,0.2942,167.6720,0.027858,-0.000580,119.8907,0.007173,-0.000373,167.8327,0.027966,0.000486,119.7408,0.007231,0.000306,167.6720,-0.46387,0.00002,-0.00064,0.93317,-0.48623,-0.00023,-0.46348,0.00024,0.00050,0.93314,-0.48659,0.00003,-0.07005,-0.00376,-0.07004,-0.00365,1.97792,-0.19807,0.06146,-14.65968,6.89577,0.07199,1.96189,0.19372,-0.05516,-14.64303,6.89968,-0.06083,-1.48049,-1.11859,-1.48060,-1.11863,88.000,88.000,88.000,139.000,35.000,35.000,88.000,88.000,88.000,139.000,35.000,35.000,25.000,25.000,25.000,25.000
0.8000,-0.00697,-0.00004,0.72368,0.99996,-0.00002,0.00859,0.00037,0.03852,0.00008,0.66273,0.68452,0.01718,0.00007,2,0.03470,0.01718,0.034696,0.00000,-0.6745,-0.0004,-1.0492,-0.0006,7.0217,0.0069,-3.5023,1,0.08500,0.03000,0.0030,0.0029,0.038495,0.118322,-17.9101,-0.0858,119.9125,-0.0464,-0.2944,167.8275,-17.9023,0.0653,119.7626,-0.0286,0.2943,167.6666,0.027853,-0.000580,119.9081,0.007174,-0.000373,167.8275,0.027960,0.000485,119.7582,0.007233,0.000306,167.6666,-0.46402,0.00002,-0.00064,0.93344,-0.48636,-0.00023,-0.46362,0.00024,0.00051,0.93340,-0.48672,0.00003,-0.07009,-0.00378,-0.07008,-0.00367,1.97871,-0.19806,0.06149,-14.66476,6.89626,0.07200,1.96268,0.19371,-0.05519,-14.64810,6.90017,-0.06083,-1.48039,-1.11855,-1.48051,-1.11859,88.000,88.000,88.000,139.000,35.000,35.000,88.000,88.000,88.000,139.000,35.000,35.000,25.000,25.000,25.000,25.000
0.8050,-0.00697,-0.00004,0.72364,0.99996,-0.00002,0.00860,0.00037,0.03852,0.00008,0.66270,0.68452,0.01719,0.00007,2,0.03470,0.01719,0.034696,0.00000,-0.6738,-0.0004,-1.0491,-0.0006,7.0227,0.0069,-3.5017,1,0.08500,0.03000,0.0030,0.0029,0.038497,0.118322,-17.9076,-0.0858,119.9296,-0.0455,-0.2945,167.8223,-17.8998,0.0653,119.7797,-0.0278,0.2944,167.6614,0.027847,-0.000580,119.9252,0.007176,-0.000373,167.8223,0.027954,0.000485,119.7753,0.007234,0.000306,167.6614,-0.46416,0.00001,-0.00065,0.93370,-0.48648,-0.00023,-0.46377,0.00025,0.00051,0.93366,-0.48684,0.00003,-0.07014,-0.00379,-0.07013,-0.00368,1.97948,-0.19805,0.06151,-14.66975,6.89675,0.07201,1.96345,0.19370,-0.05522,-14.65309,6.90065,-0.06083,-1.48030,-1.11851,-1.48041,-1.11855,88.000,88.000,88.000,139.000,35.000,35.000,88.000,88.000,88.000,139.000,35.000,35.000,25.000,25.000,25.000,25.000
0.8100,-0.00698,-0.00004,0.72360,0.99996,-0.00002,0.00860,0.00037,0.03853,0.00008,0.66267,0.68452,0.01719,0.00007,2,0.03470,0.01719,0.034696,0.00000,-0.6731,-0.0004,-1.0489,-0.0006,7.0237,0.0069,-3.5012,1,0.08500,0.03000,0.0030,0.0029,0.038498,0.118323,-17.9052,-0.0858,119.9463,-0.0447,-0.2945,167.8171,-17.8973,0.0654,119.7965,-0.0270,0.2945,167.6563,0.027841,-0.000580,119.9420,0.007178,-0.000373,167.8171,0.027949,0.000485,119.7920,0.007236,0.000306,167.6563,-0.46431,0.00001,-0.00065,0.93396,-0.48661,-0.00024,-0.46391,0.00025,0.00052,0.93392,-0.48697,0.00003,-0.07018,-0.00381,-0.07017,-0.00370,1.98023,-0.19804,0.06154,-14.67466,6.89723,0.07201,1.96420,0.19369,-0.05525,-14.65799,6.90113,-0.06084,-1.48020,-1.11847,-1.48032,-1.11851,88.000,88.000,88.000,139.000,35.000,35.000,88.000,88.000,88.000,139.000,35.000,35.000,25.000,25.000,25.000,25.000
0.8150,-0.00699,-0.00004,0.72357,0.99996,-0.00002,0.00860,0.00037,0.03853,0.00008,0.66264,0.68452,0.01720,0.00007,2,0.03470,0.01720,0.034696,0.00000,-0.6724,-0.0004,-1.0488,-0.0006,7.0246,0.0069,-3.5006,1,0.08500,0.03000,0.0030,0.0029,0.038500,0.118323,-17.9028,-0.0858,119.9628,-0.0439,-0.2946,167.8121,-17.8950,0.0654,119.8129,-0.0262,0.2946,167.6512,0.027836,-0.000580,119.9584,0.007179,-0.000373,167.8121,0.027943,0.000485,119.8085,0.007237,0.000306,167.6512,-0.46444,0.00001,-0.00066,0.93421,-0.48673,-0.00024,-0.46405,0.00026,0.00052,0.93417,-0.48709,0.00003,-0.07022,-0.00382,-0.07021,-0.00371,1.98097,-0.19802,0.06156,-14.67948,6.89770,0.07202,1.96494,0.19368,-0.05527,-14.66281,6.90160,-0.06084,-1.48011,-1.11844,-1.48023,-1.11848,88.000,88.000,88.000,139.000,35.000,35.000,88.000,88.000,88.000,139.000,35.000,35.000,25.000,25.000,25.000,25.000
0.8200,-0.00699,-0.00004,0.72353,0.99996,-0.00002,0.00861,0.00037,0.03853,0.00008,0.66261,0.68452,0.01721,0.00007,2,0.03470,0.01721,0.034696,0.00000,-0.6718,-0.0004,-1.0486,-0.0006,7.0256,0.0069,-3.5001,1,0.08500,0.03000,0.0030,0.0029,0.038501,0.118323,-17.9004,-0.0859,119.9790,-0.0431,-0.2947,167.8072,-17.8926,0.0654,119.8291,-0.0255,0.2946,167.6462,0.027831,-0.000580,119.9746,0.007181,-0.000373,167.8072,0.027938,0.000485,119.8247,0.007239,0.000306,167.6462,-0.46458,0.00000,-0.00066,0.93446,-0.48685,-0.00024,-0.46419,0.00026,0.00053,0.93442,-0.48721,0.00003,-0.07026,-0.00384,-0.07025,-0.00373,1.98170,-0.19801,0.06158,-14.68423,6.89817,0.07203,1.96566,0.19366,-0.05530,-14.66755,6.90207,-0.06084,-1.48002,-1.11840,-1.48014,-1.11844,88.000,88.000,88.000,139.000,35.000,35.000,88.000,88.000,88.000,139.000,35.000,35.000,25.000,25.000,25.000,25.000
0.8250,-0.00700,-0.00004,0.72350,0.99996,-0.00002,0.00861,0.00037,0.03853,0.00008,0.66258,0.68452,0.01722,0.00007,2,0.03470,0.01722,0.034696,0.00000,-0.6711,-0.0004,-1.0485,-0.0006,7.0265,0.0068,-3.4996,1,0.08500,0.03000,0.0030,0.0029,0.038503,0.118323,-17.8981,-0.0859,119.9949,-0.0423,-0.2948,167.8023,-17.8903,0.0654,119.8450,-0.0247,0.2947,167.6413,0.027825,-0.000580,119.9905,0.007182,-0.000373,167.8023,0.027933,0.000485,119.8405,0.007240,0.000306,167.6413,-0.46472,0.00000,-0.00067,0.93470,-0.48697,-0.00024,-0.46432,0.00026,0.00054,0.93467,-0.48732,0.00003,-0.07030,-0.00385,-0.07029,-0.00375,1.98240,-0.19800,0.06161,-14.68889,6.89863,0.07203,1.96636,0.19365,-0.05533,-14.67221,6.90252,-0.06084,-1.47993,-1.11836,-1.48005,-1.11840,88.000,88.000,88.000,139.000,35.000,35.000,88.000,88.000,88.000,139.000,35.000,35.000,25.000,25.000,25.000,25.000
0.8300,-0.00701,-0.00004,0.72346,0.99996,-0.00002,0.00861,0.00037,0.03854,0.00008,0.66255,0.68452,0.01722,0.00007,2,0.03470,0.01722,0.034696,0.00000,-0.6704,-0.0004,-1.0484,-0.0006,7.0274,0.0068,-3.4991,1,0.08500,0.03000,0.0030,0.0029,0.038504,0.118323,-17.8959,-0.0859,120.0105,-0.0416,-0.2949,167.7975,-17.8881,0.0654,119.8606,-0.0240,0.2948,167.6365,0.027820,-0.000580,120.0061,0.007183,-0.000373,167.7975,0.027927,0.000485,119.8561,0.007242,0.000306,167.6365,-0.46485,-0.00000,-0.00067,0.93494,-0.48708,-0.00024,-0.46445,0.00027,0.00054,0.93491,-0.48744,0.00003,-0.07034,-0.00387,-0.07033,-0.00376,1.98309,-0.19798,0.06163,-14.69347,6.89908,0.07204,1.96705,0.19364,-0.05535,-14.67679,6.90298,-0.06085,-1.47984,-1.11833,-1.47996,-1.11837,88.000,88.000,88.000,139.000,35.000,35.000,88.000,88.000,88.000,139.000,35.000,35.000,25.000,25.000,25.000,25.000
0.8350,-0.00701,-0.00004,0.72343,0.99996,-0.00002,0.00862,0.00037,0.03854,0.00008,0.66253,0.68452,0.01723,0.00007,2,0.03470,0.01723,0.034696,0.00000,-0.6698,-0.0004,-1.0482,-0.0006,7.0283,0.0068,-3.4986,1,0.08500,0.03000,0.0030,0.0029,0.038506,0.118324,-17.8937,-0.0859,120.0258,-0.0409,-0.2949,167.7928,-17.8859,0.0654,119.8759,-0.0233,0.2949,167.6318,0.027815,-0.000580,120.0214,0.007185,-0.000373,167.7928,0.027922,0.000485,119.8715,0.007243,0.000306,167.6318,-0.46498,-0.00001,-0.00068,0.93518,-0.48720,-0.00024,-0.46458,0.00027,0.00055,0.93515,-0.48755,0.00003,-0.07037,-0.00388,-0.07037,-0.00378,1.98377,-0.19797,0.06165,-14.69798,6.89953,0.07204,1.96772,0.19363,-0.05537,-14.68129,6.90342,-0.06085,-1.47975,-1.11829,-1.47988,-1.11833,88.000,88.000,88.000,139.000,35.000,35.000,88.000,88.000,88.000,139.000,35.000,35.000,25.000,25.000,25.000,25.000
0.8400,-0.00702,-0.00004,0.72340,0.99996,-0.00002,0.00862,0.00037,0.03854,0.00008,0.66250,0.68452,0.01724,0.00007,2,0.03470,0.01724,0.034696,0.00000,-0.6691,-0.0004,-1.0481,-0.0006,7.0292,0.0068,-3.4981,1,0.08500,0.03000,0.0030,0.0029,0.038507,0.118324,-17.8915,-0.0860,120.0409,-0.0401,-0.2950,167.7881,-17.8837,0.0655,119.8909,-0.0226,0.2950,167.6271,0.027811,-0.000580,120.0365,0.007186,-0.000373,167.7881,0.027918,0.000485,119.8865,0.007244,0.000306,167.6271,-0.46510,-0.00001,-0.00069,0.93541,-0.48731,-0.00024,-0.46471,0.00027,0.00056,0.93538,-0.48767,0.00004,-0.07041,-0.00390,-0.07040,-0.00379,1.98443,-0.19796,0.06167,-14.70241,6.89997,0.07205,1.96838,0.19361,-0.05540,-14.68572,6.90386,-0.06085,-1.47967,-1.11826,-1.47979,-1.11829,88.000,88.000,88.000,139.000,35.000,35.000,88.000,88.000,88.000,139.000,35.000,35.000,25.000,25.000,25.000,25.000
0.8450,-0.00703,-0.00004,0.72336,0.99996,-0.00002,0.00862,0.00037,0.03854,0.00008,0.66247,0.68452,0.01724,0.00007,2,0.03470,0.01724,0.034696,0.00000,-0.6685,-0.0004,-1.0480,-0.0006,7.0301,0.0068,-3.4976,1,0.08500,0.03000,0.0030,0.0029,0.038509,0.118324,-17.8894,-0.0860,120.0556,-0.0394,-0.2951,167.7835,-17.8816,0.0655,119.9057,-0.0219,0.2951,167.6225,0.027806,-0.000580,120.0513,0.007188,-0.000373,167.7835,0.027913,0.000485,119.9013,0.007246,0.000306,167.6225,-0.46523,-0.00001,-0.00069,0.93564,-0.48742,-0.00024,-0.46483,0.00028,0.00056,0.93561,-0.48778,0.00004,-0.07044,-0.00391,-0.07044,-0.00381,1.98507,-0.19794,0.06169,-14.70676,6.90041,0.07205,1.96902,0.19360,-0.05542,-14.69007,6.90430,-0.06085,-1.47958,-1.11822,-1.47970,-1.11826,88.000,88.000,88.000,139.000,35.000,35.000,88.000,88.000,88.000,139.000,35.000,35.000,25.000,25.000,25.000,25.000
0.8500,-0.00703,-0.00004,0.72333,0.99996,-0.00002,0.00863,0.00037,0.03854,0.00008,0.66245,0.68452,0.01725,0.00007,2,0.03470,0.01725,0.034696,0.00000,-0.6678,-0.0004,-1.0479,-0.0006,7.0309,0.0068,-3.4971,1,0.08500,0.03000,0.0030,0.0029,0.038510,0.118324,-17.8873,-0.0860,120.0702,-0.0387,-0.2952,167.7790,-17.8795,0.0655,119.9202,-0.0212,0.2952,167.6180,0.027801,-0.000580,120.0658,0.007189,-0.000373,167.7790,0.027908,0.000485,119.9158,0.007247,0.000306,167.6180,-0.46535,-0.00002,-0.00070,0.93587,-0.48752,-0.00024,-0.46496,0.00028,0.00057,0.93583,-0.48788,0.00004,-0.07048,-0.00393,-0.07047,-0.00382,1.98570,-0.19793,0.06171,-14.71104,6.90084,0.07206,1.96965,0.19359,-0.05544,-14.69435,6.90472,-0.06085,-1.47950,-1.11819,-1.47962,-1.11822,88.000,88.000,88.000,139.000,35.000,35.000,88.000,88.000,88.000,139.000,35.000,35.000,25.000,25.000,25.000,25.000
0.8550,-0.00704,-0.00004,0.72330,0.99996,-0.00002,0.00863,0.00037,0.03855,0.00008,0.66242,0.68452,0.01725,0.00007,2,0.03470,0.01725,0.034696,0.00000,-0.6671,-0.0004,-1.0477,-0.0006,7.0318,0.0068,-3.4966,1,0.08500,0.03000,0.0030,0.0029,0.038512,0.118324,-17.8853,-0.0860,120.0844,-0.0381,-0.2953,167.7746,-17.8774,0.0655,119.9345,-0.0206,0.2952,167.6135,0.027797,-0.000580,120.0801,0.007191,-0.000373,167.7746,0.027903,0.000484,119.9300,0.007249,0.000306,167.6135,-0.46547,-0.00002,-0.00070,0.93609,-0.48763,-0.00024,-0.46508,0.00029,0.00057,0.93605,-0.48799,0.00004,-0.07051,-0.00394,-0.07051,-0.00384,1.98632,-0.19792,0.06173,-14.71525,6.90126,0.07206,1.97027,0.19357,-0.05546,-14.69855,6.90515,-0.06085,-1.47941,-1.11815,-1.47954,-1.11819,88.000,88.000,88.000,139.000,35.000,35.000,88.000,88.000,88.000,139.000,35.000,35.000,25.000,25.000,25.000,25.000
0.8600,-0.00705,-0.00004,0.72327,0.99996,-0.00002,0.00863,0.00037,0.03855,0.00008,0.66240,0.68452,0.01726,0.00007,2,0.03470,0.01726,0.034696,0.00000,-0.6665,-0.0004,-1.0476,-0.0006,7.0326,0.0068,-3.4962,1,0.08500,0.03000,0.0030,0.0029,0.038513,0.118325,-17.8833,-0.0860,120.0985,-0.0374,-0.2954,167.7703,-17.8754,0.0655,119.9485,-0.0199,0.2953,167.6092,0.027792,-0.000579,120.0941,0.007192,-0.000373,167.7703,0.027899,0.000484,119.9441,0.007250,0.000306,167.6092,-0.46559,-0.00002,-0.00071,0.93630,-0.48774,-0.00024,-0.46519,0.00029,0.00058,0.93627,-0.48809,0.00004,-0.07054,-0.00396,-0.07054,-0.00385,1.98692,-0.19790,0.06175,-14.71939,6.90168,0.07207,1.97087,0.19356,-0.05548,-14.70269,6.90556,-0.06085,-1.47933,-1.11812,-1.47946,-1.11815,88.000,88.000,88.000,139.000,35.000,35.000,88.000,88.000,88.000,139.000,35.000,35.000,25.000,25.000,25.000,25.000
0.8650,-0.00705,-0.00004,0.72324,0.99996,-0.00002,0.00864,0.00037,0.03855,0.00008,0.66237,0.68452,0.01727,0.00007,2,0.03470,0.01727,0.034696,0.00000,-0.6658,-0.0004,-1.0475,-0.0006,7.0334,0.0068,-3.4957,1,0.08500,0.03000,0.0030,0.0029,0.038514,0.118325,-17.8813,-0.0861,120.1122,-0.0368,-0.2955,167.7660,-17.8735,0.0655,119.9622,-0.0193,0.2954,167.6048,0.027788,-0.000579,120.1078,0.007193,-0.000373,167.7660,0.027895,0.000484,119.9578,0.007251,0.000306,167.6048,-0.46570,-0.00003,-0.00071,0.93652,-0.48784,-0.00024,-0.46531,0.00029,0.00059,0.93648,-0.48820,0.00004,-0.07057,-0.00397,-0.07057,-0.00387,1.98751,-0.19789,0.06176,-14.72346,6.90210,0.07207,1.97146,0.19355,-0.05550,-14.70675,6.90597,-0.06085,-1.47925,-1.11809,-1.47938,-1.11812,88.000,88.000,88.000,139.000,35.000,35.000,88.000,88.000,88.000,139.000,35.000,35.000,25.000,25.000,25.000,25.000
0.8700,-0.00706,-0.00004,0.72321,0.99996,-0.00002,0.00864,0.00037,0.03855,0.00008,0.66235,0.68452,0.01727,0.00007,2,0.03470,0.01727,0.034696,0.00000,-0.6651,-0.0004,-1.0474,-0.0006,7.0342,0.0068,-3.4952,1,0.08500,0.03000,0.0030,0.0029,0.038516,0.118325,-17.8794,-0.0861,120.1258,-0.0361,-0.2956,167.7618,-17.8715,0.0656,119.9757,-0.0187,0.2955,167.6006,0.027783,-0.000579,120.1214,0.007195,-0.000373,167.7618,0.027890,0.000484,119.9713,0.007253,0.000306,167.6006,-0.46582,-0.00003,-0.00072,0.93673,-0.48794,-0.00024,-0.46542,0.00030,0.00059,0.93669,-0.48830,0.00004,-0.07060,-0.00399,-0.07060,-0.00388,1.98809,-0.19788,0.06178,-14.72746,6.90250,0.07207,1.97203,0.19353,-0.05552,-14.71075,6.90638,-0.06085,-1.47917,-1.11805,-1.47930,-1.11808,88.000,88.000,88.000,139.000,35.000,35.000,88.000,88.000,88.000,139.000,35.000,35.000,25.000,25.000,25.000,25.000
0.8750,-0.00706,-0.00004,0.72318,0.99996,-0.00002,0.00864,0.00037,0.03855,0.00008,0.66233,0.68452,0.01728,0.00007,2,0.03470,0.01728,0.034696,0.00000,-0.6645,-0.0004,-1.0473,-0.0006,7.0349,0.0067,-3.4948,1,0.08500,0.03000,0.0030,0.0029,0.038517,0.118325,-17.8775,-0.0861,120.1390,-0.0355,-0.2957,167.7576,-17.8697,0.0656,119.9890,-0.0181,0.2956,167.5964,0.027779,-0.000579,120.1346,0.007196,-0.000373,167.7576,0.027886,0.000484,119.9846,0.007254,0.000306,167.5964,-0.46593,-0.00003,-0.00072,0.93693,-0.48804,-0.00024,-0.46554,0.00030,0.00060,0.93690,-0.48840,0.00004,-0.07063,-0.00400,-0.07063,-0.00390,1.98866,-0.19786,0.06179,-14.73139,6.90291,0.07208,1.97259,0.19352,-0.05554,-14.71468,6.90678,-0.06085,-1.47909,-1.11802,-1.47922,-1.11805,88.000,88.000,88.000,139.000,35.000,35.000,88.000,88.000,88.000,139.000,35.000,35.000,25.000,25.000,25.000,25.000
0.8800,-0.00707,-0.00004,0.72315,0.99996,-0.00002,0.00864,0.00037,0.03856,0.00008,0.66230,0.68452,0.01728,0.00007,2,0.03470,0.01728,0.034696,0.00000,-0.6638,-0.0004,-1.0472,-0.0006,7.0357,0.0067,-3.4943,1,0.08500,0.03000,0.0030,0.0029,0.038519,0.118326,-17.8756,-0.0861,120.1521,-0.0349,-0.2958,167.7535,-17.8678,0.0656,120.0021,-0.0175,0.2957,167.5923,0.027775,-0.000579,120.1477,0.007197,-0.000373,167.7535,0.027882,0.000484,119.9976,0.007255,0.000306,167.5923,-0.46604,-0.00004,-0.00073,0.93714,-0.48814,-0.00024,-0.46565,0.00031,0.00061,0.93710,-0.48850,0.00004,-0.07066,-0.00402,-0.07066,-0.00391,1.98921,-0.19785,0.06181,-14.73525,6.90330,0.07208,1.97314,0.19351,-0.05556,-14.71854,6.90718,-0.06085,-1.47901,-1.11799,-1.47914,-1.11802,88.000,88.000,88.000,139.000,35.000,35.000,88.000,88.000,88.000,139.000,35.000,35.000,25.000,25.000,25.000,25.000
0.8850,-0.00707,-0.00004,0.72312,0.99996,-0.00002,0.00864,0.00037,0.03856,0.00008,0.66228,0.68452,0.01728,0.00007,2,0.03470,0.01728,0.034696,0.00000,-0.6632,-0.0004,-1.0471,-0.0006,7.0365,0.0067,-3.4939,1,0.08500,0.03000,0.0030,0.0029,0.038520,0.118326,-17.8738,-0.0861,120.1649,-0.0343,-0.2958,167.7495,-17.8660,0.0656,120.0149,-0.0169,0.2958,167.5883,0.027771,-0.000579,120.1605,0.007199,-0.000373,167.7495,0.027878,0.000484,120.0104,0.007257,0.000306,167.5883,-0.46615,-0.00004,-0.00073,0.93734,-0.48823,-0.00024,-0.46575,0.00031,0.00061,0.93730,-0.48859,0.00004,-0.07068,-0.00403,-0.07069,-0.00393,1.98975,-0.19784,0.06182,-14.73905,6.90369,0.07208,1.97368,0.19349,-0.05557,-14.72234,6.90757,-0.06085,-1.47893,-1.11795,-1.47907,-1.11798,88.000,88.000,88.000,139.000,35.000,35.000,88.000,88.000,88.000,139.000,35.000,35.000,25.000,25.000,25.000,25.000
0.8900,-0.00708,-0.00004,0.72309,0.99996,-0.00002,0.00865,0.00037,0.03856,0.00008,0.66226,0.68452,0.01729,0.00007,2,0.03470,0.01729,0.034696,0.00000,-0.6625,-0.0004,-1.0470,-0.0006,7.0372,0.0067,-3.4935,1,0.08500,0.03000,0.0030,0.0029,0.038521,0.118326,-17.8720,-0.0862,120.1775,-0.0338,-0.2959,167.7456,-17.8642,0.0656,120.0275,-0.0164,0.2959,167.5843,0.027767,-0.000579,120.1731,0.007200,-0.000373,167.7456,0.027874,0.000484,120.0230,0.007258,0.000306,167.5843,-0.46625,-0.00004,-0.00074,0.93753,-0.48833,-0.00024,-0.46586,0.00031,0.00062,0.93750,-0.48869,0.00004,-0.07071,-0.00405,-0.07071,-0.00394,1.99027,-0.19782,0.06184,-14.74279,6.90408,0.07209,1.97420,0.19348,-0.05559,-14.72607,6.90795,-0.06085,-1.47886,-1.11792,-1.47899,-1.11795,88.000,88.000,88.000,139.000,35.000,35.000,88.000,88.000,88.000,139.000,35.000,35.000,25.000,25.000,25.000,25.000
0.8950,-0.00708,-0.00004,0.72306,0.99996,-0.00002,0.00865,0.00037,0.03856,0.00008,0.66224,0.68452,0.01729,0.00007,2,0.03470,0.01729,0.034696,0.00000,-0.6619,-0.0004,-1.0469,-0.0006,7.0379,0.0067,-3.4930,1,0.08500,0.03000,0.0030,0.0029,0.038523,0.118326,-17.8703,-0.0862,120.1899,-0.0332,-0.2960,167.7417,-17.8625,0.0656,120.0398,-0.0158,0.2960,167.5804,0.027763,-0.000579,120.1855,0.007201,-0.000373,167.7417,0.027870,0.000484,120.0354,0.007259,0.000306,167.5804,-0.46636,-0.00005,-0.00075,0.93773,-0.48842,-0.00025,-0.46596,0.00032,0.00062,0.93769,-0.48878,0.00004,-0.07073,-0.00406,-0.07074,-0.00396,1.99079,-0.19781,0.06185,-14.74646,6.90446,0.07209,1.97472,0.19347,-0.05560,-14.72974,6.90833,-0.06085,-1.47878,-1.11789,-1.47892,-1.11792,88.000,88.000,88.000,139.000,35.000,35.000,88.000,88.000,88.000,139.000,35.000,35.000,25.000,25.000,25.000,25.000
0.9000,-0.00709,-0.00004,0.72304,0.99996,-0.00002,0.00865,0.00037,0.03856,0.00008,0.66221,0.68452,0.01730,0.00007,2,0.03470,0.01730,0.034696,0.00000,-0.6612,-0.0004,-1.0468,-0.0006,7.0386,0.0067,-3.4926,1,0.08500,0.03000,0.0030,0.0029,0.038524,0.118326,-17.8686,-0.0862,120.2020,-0.0326,-0.2961,167.7378,-17.8608,0.0657,120.0520,-0.0153,0.2961,167.5766,0.027760,-0.000579,120.1976,0.007202,-0.000373,167.7378,0.027866,0.000484,120.0475,0.007261,0.000306,167.5766,-0.46646,-0.00005,-0.00075,0.93792,-0.48851,-0.00025,-0.46607,0.00032,0.00063,0.93788,-0.48887,0.00004,-0.07076,-0.00407,-0.07077,-0.00397,1.99129,-0.19779,0.06186,-14.75008,6.90484,0.07209,1.97522,0.19345,-0.05562,-14.73335,6.90870,-0.06085,-1.47871,-1.11786,-1.47884,-1.11789,88.000,88.000,88.000,139.000,35.000,35.000,88.000,88.000,88.000,139.000,35.000,35.000,25.000,25.000,25.000,25.000
0.9050,-0.00709,-0.00004,0.72301,0.99996,-0.00002,0.00865,0.00037,0.03856,0.00008,0.66219,0.68452,0.01730,0.00007,2,0.03470,0.01730,0.034696,0.00000,-0.6605,-0.0004,-1.0467,-0.0006,7.0393,0.0067,-3.4922,1,0.08500,0.03000,0.0030,0.0029,0.038525,0.118327,-17.8669,-0.0862,120.2140,-0.0321,-0.2962,167.7341,-17.8591,0.0657,120.0639,-0.0147,0.2962,167.5728,0.027756,-0.000579,120.2096,0.007204,-0.000373,167.7341,0.027863,0.000484,120.0595,0.007262,0.000306,167.5728,-0.46656,-0.00005,-0.00076,0.93810,-0.48860,-0.00025,-0.46617,0.00032,0.00064,0.93807,-0.48896,0.00004,-0.07078,-0.00409,-0.07079,-0.00398,1.99178,-0.19778,0.06187,-14.75363,6.90521,0.07210,1.97571,0.19344,-0.05563,-14.73690,6.90907,-0.06085,-1.47863,-1.11783,-1.47877,-1.11785,88.000,88.000,88.000,139.000,35.000,35.000,88.000,88.000,88.000,139.000,35.000,35.000,25.000,25.000,25.000,25.000
0.9100,-0.00710,-0.00004,0.72298,0.99996,-0.00002,0.00865,0.00037,0.03857,0.00008,0.66217,0.68452,0.01731,0.00007,2,0.03470,0.01731,0.034696,0.00000,-0.6599,-0.0004,-1.0466,-0.0006,7.0400,0.0067,-3.4918,1,0.08500,0.03000,0.0030,0.0030,0.038526,0.118327,-17.8653,-0.0862,120.2257,-0.0316,-0.2963,167.7304,-17.8574,0.0657,120.0756,-0.0142,0.2963,167.5690,0.027752,-0.000579,120.2213,0.007205,-0.000373,167.7304,0.027859,0.000483,120.0712,0.007263,0.000306,167.5690,-0.46666,-0.00006,-0.00076,0.93829,-0.48869,-0.00025,-0.46627,0.00033,0.00064,0.93825,-0.48905,0.00004,-0.07081,-0.00410,-0.07081,-0.00400,1.99227,-0.19776,0.06189,-14.75712,6.90557,0.07210,1.97619,0.19343,-0.05565,-14.74038,6.90943,-0.06085,-1.47856,-1.11779,-1.47870,-1.11782,88.000,88.000,88.000,139.000,35.000,35.000,88.000,88.000,88.000,139.000,35.000,35.000,25.000,25.000,25.000,25.000
0.9150,-0.00710,-0.00004,0.72296,0.99996,-0.00002,0.00866,0.00037,0.03857,0.00008,0.66215,0.68452,0.01731,0.00007,2,0.03470,0.01731,0.034696,0.00000,-0.6592,-0.0004,-1.0465,-0.0006,7.0407,0.0067,-3.4914,1,0.08500,0.03000,0.0030,0.0030,0.038528,0.118327,-17.8636,-0.0863,120.2372,-0.0311,-0.2964,167.7267,-17.8558,0.0657,120.0871,-0.0137,0.2964,167.5654,0.027749,-0.000579,120.2328,0.007206,-0.000373,167.7267,0.027856,0.000483,120.0827,0.007264,0.000306,167.5654,-0.46676,-0.00006,-0.00077,0.93847,-0.48878,-0.00025,-0.46636,0.00033,0.00065,0.93843,-0.48914,0.00004,-0.07083,-0.00412,-0.07084,-0.00401,1.99274,-0.19775,0.06190,-14.76055,6.90593,0.07210,1.97666,0.19341,-0.05566,-14.74381,6.90979,-0.06085,-1.47849,-1.11776,-1.47863,-1.11779,88.000,88.000,88.000,139.000,35.000,35.000,88.000,88.000,88.000,139.000,35.000,35.000,25.000,25.000,25.000,25.000
0.9200,-0.00711,-0.00004,0.72293,0.99996,-0.00002,0.00866,0.00037,0.03857,0.00008,0.66213,0.68452,0.01731,0.00007,2,0.03470,0.01731,0.034696,0.00000,-0.6586,-0.0004,-1.0464,-0.0006,7.0413,0.0067,-3.4910,1,0.08500,0.03000,0.0030,0.0030,0.038529,0.118327,-17.8621,-0.0863,120.2486,-0.0306,-0.2965,167.7231,-17.8543,0.0657,120.0984,-0.0132,0.2965,167.5618,0.027745,-0.000579,120.2442,0.007207,-0.000373,167.7231,0.027852,0.000483,120.0940,0.007266,0.000306,167.5618,-0.46685,-0.00006,-0.00077,0.93864,-0.48886,-0.00025,-0.46646,0.00034,0.00066,0.93861,-0.48922,0.00004,-0.07085,-0.00413,-0.07086,-0.00403,1.99320,-0.19774,0.06191,-14.76392,6.90629,0.07210,1.97711,0.19340,-0.05567,-14.74718,6.91015,-0.06085,-1.47842,-1.11773,-1.47856,-1.11776,88.000,88.000,88.000,139.000,35.000,35.000,88.000,88.000,88.000,139.000,35.000,35.000,25.000,25.000,25.000,25.000
0.9250,-0.00711,-0.00004,0.72291,0.99996,-0.00002,0.00866,0.00037,0.03857,0.00008,0.66211,0.68452,0.01732,0.00007,2,0.03470,0.01732,0.034696,0.00000,-0.6579,-0.0004,-1.0463,-0.0006,7.0420,0.0067,-3.4906,1,0.08500,0.03000,0.0030,0.0030,0.038530,0.118328,-17.8605,-0.0863,120.2597,-0.0301,-0.2966,167.7196,-17.8527,0.0657,120.1096,-0.0128,0.2966,167.5582,0.027742,-0.000578,120.2553,0.007209,-0.000373,167.7196,0.027849,0.000483,120.1051,0.007267,0.000305,167.5582,-0.46694,-0.00007,-0.00078,0.93882,-0.48895,-0.00025,-0.46655,0.00034,0.00066,0.93879,-0.48931,0.00004,-0.07087,-0.00415,-0.07088,-0.00404,1.99365,-0.19772,0.06192,-14.76724,6.90664,0.07210,1.97756,0.19338,-0.05568,-14.75050,6.91050,-0.06085,-1.47835,-1.11770,-1.47849,-1.11773,88.000,88.000,88.000,139.000,35.000,35.000,88.000,88.000,88.000,139.000,35.000,35.000,25.000,25.000,25.000,25.000
0.9300,-0.00712,-0.00004,0.72288,0.99996,-0.00002,0.00866,0.00037,0.03857,0.00008,0.66209,0.68452,0.01732,0.00007,2,0.03470,0.01732,0.034696,0.00000,-0.6573,-0.0004,-1.0462,-0.0006,7.0426,0.0067,-3.4902,1,0.08500,0.03000,0.0030,0.0030,0.038531,0.118328,-17.8590,-0.0863,120.2706,-0.0296,-0.2967,167.7162,-17.8512,0.0657,120.1205,-0.0123,0.2967,167.5547,0.027739,-0.000578,120.2662,0.007210,-0.000373,167.7162,0.027845,0.000483,120.1161,0.007268,0.000305,167.5547,-0.46704,-0.00007,-0.00078,0.93899,-0.48903,-0.00025,-0.46664,0.00034,0.00067,0.93896,-0.48939,0.00005,-0.07089,-0.00416,-0.07090,-0.00406,1.99409,-0.19771,0.06193,-14.77050,6.90698,0.07211,1.97800,0.19337,-0.05569,-14.75376,6.91084,-0.06085,-1.47828,-1.11767,-1.47842,-1.11770,88.000,88.000,88.000,139.000,35.000,35.000,88.000,88.000,88.000,139.000,35.000,35.000,25.000,25.000,25.000,25.000
0.9350,-0.00712,-0.00004,0.72286,0.99996,-0.00002,0.00866,0.00037,0.03857,0.00008,0.66207,0.68452,0.01732,0.00007,2,0.03470,0.01732,0.034696,0.00000,-0.6566,-0.0004,-1.0461,-0.0006,7.0433,0.0066,-3.4899,1,0.08500,0.03000,0.0030,0.0030,0.038533,0.118328,-17.8575,-0.0863,120.2813,-0.0291,-0.2968,167.7127,-17.8497,0.0658,120.1312,-0.0118,0.2968,167.5513,0.027736,-0.000578,120.2769,0.007211,-0.000373,167.7127,0.027842,0.000483,120.1268,0.007269,0.000305,167.5513,-0.46713,-0.00007,-0.00079,0.93916,-0.48911,-0.00025,-0.46673,0.00035,0.00067,0.93913,-0.48947,0.00005,-0.07091,-0.00417,-0.07092,-0.00407,1.99452,-0.19769,0.06193,-14.77371,6.90732,0.07211,1.97843,0.19335,-0.05571,-14.75696,6.91118,-0.06085,-1.47821,-1.11764,-1.47835,-1.11767,88.000,88.000,88.000,139.000,35.000,35.000,88.000,88.000,88.000,139.000,35.000,35.000,25.000,25.000,25.000,25.000
0.9400,-0.00713,-0.00004,0.72283,0.99996,-0.00002,0.00866,0.00037,0.03857,0.00008,0.66205,0.68452,0.01733,0.00007,2,0.03470,0.01733,0.034696,0.00000,-0.6560,-0.0004,-1.0460,-0.0006,7.0439,0.0066,-3.4895,1,0.08500,0.03000,0.0030,0.0030,0.038534,0.118328,-17.8560,-0.0864,120.2919,-0.0286,-0.2970,167.7094,-17.8482,0.0658,120.1418,-0.0114,0.2969,167.5479,0.027732,-0.000578,120.2875,0.007212,-0.000373,167.7094,0.027839,0.000483,120.1373,0.007270,0.000305,167.5479,-0.46721,-0.00008,-0.00080,0.93932,-0.48919,-0.00025,-0.46682,0.00035,0.00068,0.93929,-0.48955,0.00005,-0.07093,-0.00419,-0.07094,-0.00408,1.99494,-0.19768,0.06194,-14.77686,6.90766,0.07211,1.97884,0.19334,-0.05572,-14.76011,6.91151,-0.06085,-1.47815,-1.11761,-1.47829,-1.11764,88.000,88.000,88.000,139.000,35.000,35.000,88.000,88.000,88.000,139.000,35.000,35.000,25.000,25.000,25.000,25.000
0.9450,-0.00713,-0.00004,0.72281,0.99996,-0.00002,0.00867,0.00037,0.03858,0.00008,0.66203,0.68452,0.01733,0.00007,2,0.03470,0.01733,0.034696,0.00000,-0.6553,-0.0004,-1.0459,-0.0006,7.0445,0.0066,-3.4891,1,0.08500,0.03000,0.0030,0.0030,0.038535,0.118329,-17.8546,-0.0864,120.3023,-0.0282,-0.2971,167.7061,-17.8468,0.0658,120.1521,-0.0109,0.2970,167.5446,0.027729,-0.000578,120.2979,0.007213,-0.000373,167.7061,0.027836,0.000483,120.1477,0.007272,0.000305,167.5446,-0.46730,-0.00008,-0.00080,0.93949,-0.48927,-0.00025,-0.46691,0.00035,0.00069,0.93945,-0.48963,0.00005,-0.07095,-0.00420,-0.07096,-0.00410,1.99535,-0.19766,0.06195,-14.77996,6.90799,0.07211,1.97925,0.19333,-0.05573,-14.76321,6.91184,-0.06084,-1.47808,-1.11758,-1.47822,-1.11761,88.000,88.000,88.000,139.000,35.000,35.000,88.000,88.000,88.000,139.000,35.000,35.000,25.000,25.000,25.000,25.000
0.9500,-0.00714,-0.00004,0.72279,0.99996,-0.00002,0.00867,0.00037,0.03858,0.00008,0.66202,0.68452,0.01733,0.00007,2,0.03470,0.01733,0.034696,0.00000,-0.6547,-0.0004,-1.0459,-0.0006,7.0451,0.0066,-3.4888,1,0.08500,0.03000,0.0030,0.0030,0.038536,0.118329,-17.8532,-0.0864,120.3124,-0.0277,-0.2972,167.7028,-17.8454,0.0658,120.1623,-0.0105,0.2971,167.5413,0.027726,-0.000578,120.3080,0.007215,-0.000373,167.7028,0.027833,0.000483,120.1578,0.007273,0.000305,167.5413,-0.46739,-0.00008,-0.00081,0.93965,-0.48935,-0.00025,-0.46699,0.00036,0.00069,0.93961,-0.48971,0.00005,-0.07096,-0.00422,-0.07098,-0.00411,1.99575,-0.19765,0.06196,-14.78301,6.90832,0.07211,1.97965,0.19331,-0.05573,-14.76625,6.91217,-0.06084,-1.47801,-1.11755,-1.47816,-1.11758,88.000,88.000,88.000,139.000,35.000,35.000,88.000,88.000,88.000,139.000,35.000,35.000,25.000,25.000,25.000,25.000
0.9550,-0.00714,-0.00004,0.72276,0.99996,-0.00002,0.00867,0.00037,0.03858,0.00008,0.66200,0.68452,0.01733,0.00007,2,0.03470,0.01733,0.034696,0.00000,-0.6540,-0.0004,-1.0458,-0.0006,7.0457,0.0066,-3.4884,1,0.08500,0.03000,0.0030,0.0030,0.038537,0.118329,-17.8518,-0.0864,120.3225,-0.0273,-0.2973,167.6996,-17.8440,0.0658,120.1723,-0.0101,0.2972,167.5381,0.027723,-0.000578,120.3181,0.007216,-0.000373,167.6996,0.027830,0.000483,120.1678,0.007274,0.000305,167.5381,-0.46747,-0.00009,-0.00081,0.93980,-0.48942,-0.00025,-0.46708,0.00036,0.00070,0.93977,-0.48978,0.00005,-0.07098,-0.00423,-0.07100,-0.00413,1.99614,-0.19763,0.06196,-14.78601,6.90864,0.07211,1.98004,0.19330,-0.05574,-14.76925,6.91249,-0.06084,-1.47795,-1.11753,-1.47809,-1.11755,88.000,88.000,88.000,139.000,35.000,35.000,88.000,88.000,88.000,139.000,35.000,35.000,25.000,25.000,25.000,25.000
0.9600,-0.00714,-0.00004,0.72274,0.99996,-0.00002,0.00867,0.00037,0.03858,0.00008,0.66198,0.68452,0.01734,0.00007,2,0.03470,0.01734,0.034696,0.00000,-0.6534,-0.0004,-1.0457,-0.0006,7.0462,0.0066,-3.4881,1,0.08500,0.03000,0.0030,0.0030,0.038538,0.118329,-17.8505,-0.0864,120.3323,-0.0269,-0.2974,167.6965,-17.8427,0.0658,120.1821,-0.0097,0.2973,167.5349,0.027720,-0.000578,120.3279,0.007217,-0.000373,167.6965,0.027827,0.000482,120.1777,0.007275,0.000305,167.5349,-0.46755,-0.00009,-0.00082,0.93996,-0.48950,-0.00025,-0.46716,0.00037,0.00071,0.93993,-0.48986,0.00005,-0.07100,-0.00424,-0.07101,-0.00414,1.99653,-0.19762,0.06197,-14.78895,6.90896,0.07211,1.98043,0.19328,-0.05575,-14.77219,6.91281,-0.06084,-1.47788,-1.11750,-1.47803,-1.11752,88.000,88.000,88.000,139.000,35.000,35.000,88.000,88.000,88.000,139.000,35.000,35.000,25.000,25.000,25.000,25.000
0.9650,-0.00715,-0.00004,0.72272,0.99996,-0.00002,0.00867,0.00037,0.03858,0.00008,0.66196,0.68452,0.01734,0.00007,2,0.03470,0.01734,0.034696,0.00000,-0.6527,-0.0004,-1.0456,-0.0006,7.0468,0.0066,-3.4877,1,0.08500,0.03000,0.0030,0.0030,0.038540,0.118329,-17.8492,-0.0865,120.3419,-0.0265,-0.2975,167.6934,-17.8414,0.0658,120.1918,-0.0093,0.2975,167.5318,0.027718,-0.000578,120.3375,0.007218,-0.000373,167.6934,0.027824,0.000482,120.1873,0.007276,0.000305,167.5318,-0.46763,-0.00009,-0.00082,0.94011,-0.48957,-0.00025,-0.46724,0.00037,0.00071,0.94008,-0.48993,0.00005,-0.07101,-0.00426,-0.07103,-0.00415,1.99690,-0.19760,0.06197,-14.79185,6.90927,0.07211,1.98080,0.19327,-0.05576,-14.77508,6.91312,-0.06084,-1.47782,-1.11747,-1.47797,-1.11749,88.000,88.000,88.000,139.000,35.000,35.000,88.000,88.000,88.000,139.000,35.000,35.000,25.000,25.000,25.000,25.000
0.9700,-0.00715,-0.00004,0.72270,0.99996,-0.00002,0.00867,0.00037,0.03858,0.00008,0.66194,0.68452,0.01734,0.00007,2,0.03470,0.01734,0.034696,0.00000,-0.6521,-0.0004,-1.0455,-0.0006,7.0474,0.0066,-3.4874,1,0.08500,0.03000,0.0030,0.0030,0.038541,0.118330,-17.8479,-0.0865,120.3514,-0.0261,-0.2976,167.6903,-17.8401,0.0659,120.2012,-0.0089,0.2976,167.5288,0.027715,-0.000578,120.3470,0.007219,-0.000373,167.6903,0.027821,0.000482,120.1968,0.007277,0.000305,167.5288,-0.46771,-0.00010,-0.00083,0.94026,-0.48964,-0.00025,-0.46732,0.00037,0.00072,0.94023,-0.49000,0.00005,-0.07103,-0.00427,-0.07105,-0.00417,1.99727,-0.19759,0.06198,-14.79470,6.90958,0.07212,1.98116,0.19325,-0.05577,-14.77793,6.91343,-0.06083,-1.47776,-1.11744,-1.47791,-1.11746,88.000,88.000,88.000,139.000,35.000,35.000,88.000,88.000,88.000,139.000,35.000,35.000,25.000,25.000,25.000,25.000
0.9750,-0.00716,-0.00004,0.72268,0.99996,-0.00002,0.00867,0.00037,0.03858,0.00008,0.66193,0.68452,0.01734,0.00007,2,0.03470,0.01734,0.034696,0.00000,-0.6514,-0.0004,-1.0455,-0.0006,7.0479,0.0066,-3.4871,1,0.08500,0.03000,0.0030,0.0030,0.038542,0.118330,-17.8466,-0.0865,120.3608,-0.0257,-0.2977,167.6873,-17.8388,0.0659,120.2105,-0.0085,0.2977,167.5257,0.027712,-0.000578,120.3564,0.007220,-0.000373,167.6873,0.027819,0.000482,120.2061,0.007278,0.000305,167.5257,-0.46779,-0.00010,-0.00083,0.94041,-0.48972,-0.00026,-0.46740,0.00038,0.00072,0.94038,-0.49007,0.00005,-0.07104,-0.00428,-0.07106,-0.00418,1.99763,-0.19757,0.06198,-14.79750,6.90989,0.07212,1.98152,0.19324,-0.05577,-14.78073,6.91373,-0.06083,-1.47770,-1.11741,-1.47785,-1.11743,88.000,88.000,88.000,139.000,35.000,35.000,88.000,88.000,88.000,139.000,35.000,35.000,25.000,25.000,25.000,25.000
0.9800,-0.00716,-0.00004,0.72266,0.99996,-0.00002,0.00867,0.00037,0.03858,0.00008,0.66191,0.68452,0.01735,0.00007,2,0.03470,0.01735,0.034696,0.00000,-0.6508,-0.0004,-1.0454,-0.0006,7.0484,0.0066,-3.4868,1,0.08500,0.03000,0.0030,0.0030,0.038543,0.118330,-17.8453,-0.0865,120.3699,-0.0253,-0.2978,167.6844,-17.8375,0.0659,120.2197,-0.0081,0.2978,167.5228,0.027709,-0.000578,120.3655,0.007221,-0.000373,167.6844,0.027816,0.000482,120.2153,0.007279,0.000305,167.5228,-0.46787,-0.00010,-0.00084,0.94055,-0.48979,-0.00026,-0.46748,0.00038,0.00073,0.94052,-0.49014,0.00005,-0.07106,-0.00430,-0.07108,-0.00420,1.99798,-0.19756,0.06199,-14.80025,6.91019,0.07212,1.98187,0.19322,-0.05578,-14.78348,6.91403,-0.06083,-1.47764,-1.11738,-1.47779,-1.11740,88.000,88.000,88.000,139.000,35.000,35.000,88.000,88.000,88.000,139.000,35.000,35.000,25.000,25.000,25.000,25.000
0.9850,-0.00716,-0.00004,0.72264,0.99996,-0.00002,0.00868,0.00037,0.03859,0.00008,0.66189,0.68452,0.01735,0.00007,2,0.03470,0.01735,0.034696,0.00000,-0.6501,-0.0004,-1.0453,-0.0006,7.0490,0.0066,-3.4864,1,0.08500,0.03000,0.0030,0.0030,0.038544,0.118330,-17.8441,-0.0865,120.3789,-0.0249,-0.2979,167.6815,-17.8363,0.0659,120.2287,-0.0077,0.2979,167.5198,0.027707,-0.000577,120.3745,0.007222,-0.000373,167.6815,0.027813,0.000482,120.2243,0.007280,0.000305,167.5198,-0.46794,-0.00011,-0.00085,0.94069,-0.48985,-0.00026,-0.46755,0.00038,0.00074,0.94066,-0.49021,0.00005,-0.07107,-0.00431,-0.07109,-0.00421,1.99832,-0.19754,0.06199,-14.80296,6.91049,0.07212,1.98221,0.19321,-0.05578,-14.78618,6.91433,-0.06083,-1.47758,-1.11736,-1.47773,-1.11738,88.000,88.000,88.000,139.000,35.000,35.000,88.000,88.000,88.000,139.000,35.000,35.000,25.000,25.000,25.000,25.000
0.9900,-0.00717,-0.00004,0.72262,0.99996,-0.00002,0.00868,0.00037,0.03859,0.00008,0.66188,0.68452,0.01735,0.00007,2,0.03470,0.01735,0.034696,0.00000,-0.6495,-0.0004,-1.0452,-0.0006,7.0495,0.0066,-3.4861,1,0.08500,0.03000,0.0030,0.0030,0.038545,0.118331,-17.8429,-0.0865,120.3878,-0.0245,-0.2980,167.6786,-17.8351,0.0659,120.2375,-0.0074,0.2980,167.5170,0.027704,-0.000577,120.3834,0.007223,-0.000373,167.6786,0.027811,0.000482,120.2331,0.007281,0.000305,167.5170,-0.46802,-0.00011,-0.00085,0.94083,-0.48992,-0.00026,-0.46763,0.00039,0.00074,0.94080,-0.49028,0.00005,-0.07108,-0.00432,-0.07110,-0.00422,1.99865,-0.19753,0.06199,-14.80562,6.91078,0.07212,1.98254,0.19319,-0.05579,-14.78884,6.91462,-0.06082,-1.47752,-1.11733,-1.47767,-1.11735,88.000,88.000,88.000,139.000,35.000,35.000,88.000,88.000,88.000,139.000,35.000,35.000,25.000,25.000,25.000,25.000
0.9950,-0.00717,-0.00004,0.72260,0.99996,-0.00002,0.00868,0.00037,0.03859,0.00008,0.66186,0.68452,0.01735,0.00007,2,0.03470,0.01735,0.034696,0.00000,-0.6489,-0.0004,-1.0452,-0.0006,7.0500,0.0066,-3.4858,1,0.08500,0.03000,0.0030,0.0030,0.038546,0.118331,-17.8417,-0.0866,120.3965,-0.0242,-0.2982,167.6758,-17.8339,0.0659,120.2462,-0.0070,0.2981,167.5142,0.027702,-0.000577,120.3921,0.007224,-0.000373,167.6758,0.027808,0.000482,120.2418,0.007282,0.000305,167.5142,-0.46809,-0.00011,-0.00086,0.94097,-0.48999,-0.00026,-0.46770,0.00039,0.00075,0.94094,-0.49035,0.00005,-0.07110,-0.00434,-0.07112,-0.00424,1.99898,-0.19751,0.06200,-14.80823,6.91107,0.07212,1.98287,0.19318,-0.05579,-14.79145,6.91491,-0.06082,-1.47746,-1.11730,-1.47761,-1.11732,88.000,88.000,88.000,139.000,35.000,35.000,88.000,88.000,88.000,139.000,35.000,35.000,25.000,25.000,25.000,25.000
1.0000,-0.00717,-0.00004,0.72258,0.99996,-0.00002,0.00868,0.00037,0.03859,0.00008,0.66185,0.68452,0.01735,0.00007,2,0.03470,0.01735,0.034696,0.00000,-0.6482,-0.0004,-1.0451,-0.0006,7.0505,0.0066,-3.4855,1,0.08500,0.03000,0.0030,0.0030,0.038547,0.118331,-17.8406,-0.0866,120.4050,-0.0238,-0.2983,167.6731,-17.8328,0.0659,120.2548,-0.0067,0.2982,167.5114,0.027699,-0.000577,120.4006,0.007225,-0.000373,167.6731,0.027806,0.000482,120.2503,0.007284,0.000305,167.5114,-0.46816,-0.00012,-0.00086,0.94111,-0.49005,-0.00026,-0.46777,0.00040,0.00075,0.94108,-0.49041,0.00005,-0.07111,-0.00435,-0.07113,-0.00425,1.99930,-0.19750,0.06200,-14.81081,6.91135,0.07212,1.98319,0.19316,-0.05580,-14.79402,6.91519,-0.06082,-1.47740,-1.11728,-1.47755,-1.11729,88.000,88.000,88.000,139.000,35.000,35.000,88.000,88.000,88.000,139.000,35.000,35.000,25.000,25.000,25.000,25.000
1.0050,-0.00718,-0.00004,0.72256,0.99996,-0.00002,0.00868,0.00037,0.03859,0.00008,0.66183,0.68452,0.01736,0.00007,2,0.03470,0.01736,0.034696,0.00000,-0.6476,-0.0004,-1.0450,-0.0006,7.0510,0.0066,-3.4852,1,0.08500,0.03000,0.0030,0.0030,0.038548,0.118331,-17.8395,-0.0866,120.4134,-0.0235,-0.2984,167.6704,-17.8316,0.0659,120.2631,-0.0063,0.2984,167.5086,0.027697,-0.000577,120.4090,0.007226,-0.000373,167.6704,0.027803,0.000482,120.2587,0.007285,0.000305,167.5086,-0.46823,-0.00012,-0.00087,0.94124,-0.49012,-0.00026,-0.46784,0.00040,0.00076,0.94121,-0.49048,0.00005,-0.07112,-0.00436,-0.07114,-0.00426,1.99961,-0.19748,0.06200,-14.81334,6.91163,0.07212,1.98350,0.19315,-0.05580,-14.79655,6.91547,-0.06082,-1.47734,-1.11725,-1.47750,-1.11727,88.000,88.000,88.000,139.000,35.000,35.000,88.000,88.000,88.000,139.000,35.000,35.000,25.000,25.000,25.000,25.000
1.0100,-0.00718,-0.00004,0.72254,0.99996,-0.00002,0.00868,0.00037,0.03859,0.00008,0.66182,0.68452,0.01736,0.00007,2,0.03470,0.01736,0.034696,0.00000,-0.6469,-0.0004,-1.0450,-0.0006,7.0515,0.0065,-3.4849,1,0.08500,0.03000,0.0030,0.0030,0.038549,0.118332,-17.8383,-0.0866,120.4217,-0.0231,-0.2985,167.6677,-17.8305,0.0660,120.2714,-0.0060,0.2985,167.5059,0.027695,-0.000577,120.4173,0.007227,-0.000373,167.6677,0.027801,0.000481,120.2669,0.007286,0.000305,167.5059,-0.46830,-0.00012,-0.00087,0.94137,-0.49018,-0.00026,-0.46791,0.00040,0.00077,0.94134,-0.49054,0.00005,-0.07113,-0.00438,-0.07115,-0.00428,1.99992,-0.19747,0.06200,-14.81582,6.91191,0.07212,1.98380,0.19313,-0.05581,-14.79904,6.91575,-0.06081,-1.47729,-1.11722,-1.47744,-1.11724,88.000,88.000,88.000,139.000,35.000,35.000,88.000,88.000,88.000,139.000,35.000,35.000,25.000,25.000,25.000,25.000
1.0150,-0.00718,-0.00004,0.72252,0.99996,-0.00002,0.00868,0.00037,0.03859,0.00008,0.66180,0.68452,0.01736,0.00007,2,0.03470,0.01736,0.034696,0.00000,-0.6463,-0.0004,-1.0449,-0.0006,7.0519,0.0065,-3.4846,1,0.08500,0.03000,0.0030,0.0030,0.038550,0.118332,-17.8373,-0.0866,120.4298,-0.0228,-0.2986,167.6651,-17.8295,0.0660,120.2795,-0.0057,0.2986,167.5033,0.027692,-0.000577,120.4254,0.007228,-0.000373,167.6651,0.027799,0.000481,120.2750,0.007287,0.000305,167.5033,-0.46837,-0.00013,-0.00088,0.94150,-0.49024,-0.00026,-0.46798,0.00041,0.00077,0.94147,-0.49060,0.00006,-0.07114,-0.00439,-0.07117,-0.00429,2.00022,-0.19745,0.06200,-14.81827,6.91218,0.07212,1.98410,0.19312,-0.05581,-14.80148,6.91602,-0.06081,-1.47723,-1.11720,-1.47739,-1.11721,88.000,88.000,88.000,139.000,35.000,35.000,88.000,88.000,88.000,139.000,35.000,35.000,25.000,25.000,25.000,25.000
1.0200,-0.00719,-0.00004,0.72250,0.99996,-0.00002,0.00868,0.00037,0.03859,0.00008,0.66179,0.68452,0.01736,0.00007,2,0.03470,0.01736,0.034696,0.00000,-0.6456,-0.0004,-1.0449,-0.0006,7.0524,0.0065,-3.4843,1,0.08500,0.03000,0.0030,0.0030,0.038551,0.118332,-17.8362,-0.0866,120.4377,-0.0225,-0.2987,167.6625,-17.8284,0.0660,120.2874,-0.0054,0.2987,167.5007,0.027690,-0.000577,120.4333,0.007229,-0.000373,167.6625,0.027796,0.000481,120.2830,0.007288,0.000305,167.5007,-0.46843,-0.00013,-0.00088,0.94162,-0.49031,-0.00026,-0.46804,0.00041,0.00078,0.94159,-0.49066,0.00006,-0.07115,-0.00440,-0.07118,-0.00430,2.00051,-0.19744,0.06200,-14.82067,6.91245,0.07212,1.98439,0.19310,-0.05581,-14.80388,6.91628,-0.06081,-1.47718,-1.11717,-1.47733,-1.11719,88.000,88.000,88.000,139.000,35.000,35.000,88.000,88.000,88.000,139.000,35.000,35.000,25.000,25.000,25.000,25.000
1.0250,-0.00719,-0.00004,0.72248,0.99996,-0.00002,0.00868,0.00037,0.03859,0.00008,0.66177,0.68452,0.01736,0.00007,2,0.03470,0.01736,0.034696,0.00000,-0.6450,-0.0004,-1.0448,-0.0006,7.0529,0.0065,-3.4841,1,0.08500,0.03000,0.0030,0.0030,0.038552,0.118332,-17.8351,-0.0867,120.4456,-0.0221,-0.2988,167.6599,-17.8273,0.0660,120.2952,-0.0051,0.2988,167.4981,0.027688,-0.000577,120.4412,0.007230,-0.000373,167.6599,0.027794,0.000481,120.2908,0.007288,0.000305,167.4981,-0.46850,-0.00014,-0.00089,0.94175,-0.49037,-0.00026,-0.46811,0.00041,0.00079,0.94172,-0.49072,0.00006,-0.07116,-0.00442,-0.07119,-0.00432,2.00080,-0.19742,0.06200,-14.82304,6.91271,0.07211,1.98467,0.19309,-0.05581,-14.80624,6.91655,-0.06080,-1.47712,-1.11714,-1.47728,-1.11716,88.000,88.000,88.000,139.000,35.000,35.000,88.000,88.000,88.000,139.000,35.000,35.000,25.000,25.000,25.000,25.000
1.0300,-0.00719,-0.00004,0.72247,0.99996,-0.00002,0.00868,0.00037,0.03859,0.00008,0.66176,0.68452,0.01736,0.00007,2,0.03470,0.01736,0.034696,0.00000,-0.6444,-0.0004,-1.0447,-0.0006,7.0533,0.0065,-3.4838,1,0.08500,0.03000,0.0030,0.0030,0.038553,0.118333,-17.8341,-0.0867,120.4533,-0.0218,-0.2990,167.6574,-17.8263,0.0660,120.3029,-0.0048,0.2989,167.4956,0.027686,-0.000577,120.4488,0.007231,-0.000373,167.6574,0.027792,0.000481,120.2985,0.007289,0.000305,167.4956,-0.46856,-0.00014,-0.00090,0.94187,-0.49043,-0.00026,-0.46817,0.00042,0.00079,0.94184,-0.49078,0.00006,-0.07117,-0.00443,-0.07120,-0.00433,2.00108,-0.19741,0.06200,-14.82536,6.91298,0.07211,1.98495,0.19307,-0.05582,-14.80856,6.91681,-0.06080,-1.47707,-1.11712,-1.47723,-1.11713,88.000,88.000,88.000,139.000,35.000,35.000,88.000,88.000,88.000,139.000,35.000,35.000,25.000,25.000,25.000,25.000
1.0350,-0.00720,-0.00004,0.72245,0.99996,-0.00002,0.00868,0.00037,0.03860,0.00008,0.66175,0.68452,0.01737,0.00007,2,0.03470,0.01737,0.034696,0.00000,-0.6437,-0.0004,-1.0447,-0.0006,7.0538,0.0065,-3.4835,1,0.08500,0.03000,0.0030,0.0030,0.038554,0.118333,-17.8331,-0.0867,120.4608,-0.0215,-0.2991,167.6550,-17.8253,0.0660,120.3105,-0.0045,0.2991,167.4931,0.027684,-0.000577,120.4564,0.007232,-0.000373,167.6550,0.027790,0.000481,120.3060,0.007290,0.000305,167.4931,-0.46863,-0.00014,-0.00090,0.94199,-0.49048,-0.00026,-0.46824,0.00042,0.00080,0.94196,-0.49084,0.00006,-0.07118,-0.00444,-0.07121,-0.00434,2.00135,-0.19739,0.06200,-14.82765,6.91323,0.07211,1.98522,0.19306,-0.05582,-14.81085,6.91707,-0.06080,-1.47701,-1.11709,-1.47717,-1.11711,88.000,88.000,88.000,139.000,35.000,35.000,88.000,88.000,88.000,139.000,35.000,35.000,25.000,25.000,25.000,25.000
1.0400,-0.00720,-0.00004,0.72243,0.99996,-0.00002,0.00868,0.00037,0.03860,0.00008,0.66173,0.68452,0.01737,0.00007,2,0.03470,0.01737,0.034696,0.00000,-0.6431,-0.0004,-1.0446,-0.0006,7.0542,0.0065,-3.4832,1,0.08500,0.03000,0.0030,0.0030,0.038555,0.118333,-17.8321,-0.0867,120.4682,-0.0212,-0.2992,167.6526,-17.8243,0.0660,120.3179,-0.0042,0.2992,167.4907,0.027682,-0.000577,120.4638,0.007233,-0.000373,167.6526,0.027788,0.000481,120.3134,0.007291,0.000305,167.4907,-0.46869,-0.00015,-0.00091,0.94211,-0.49054,-0.00026,-0.46830,0.00043,0.00080,0.94208,-0.49090,0.00006,-0.07119,-0.00446,-0.07122,-0.00436,2.00161,-0.19738,0.06200,-14.82989,6.91349,0.07211,1.98548,0.19304,-0.05582,-14.81309,6.91732,-0.06079,-1.47696,-1.11707,-1.47712,-1.11708,88.000,88.000,88.000,139.000,35.000,35.000,88.000,88.000,88.000,139.000,35.000,35.000,25.000,25.000,25.000,25.000
1.0450,-0.00720,-0.00004,0.72242,0.99996,-0.00002,0.00868,0.00037,0.03860,0.00008,0.66172,0.68452,0.01737,0.00007,2,0.03470,0.01737,0.034696,0.00000,-0.6424,-0.0004,-1.0446,-0.0006,7.0546,0.0065,-3.4830,1,0.08500,0.03000,0.0030,0.0030,0.038556,0.118334,-17.8312,-0.0867,120.4755,-0.0209,-0.2993,167.6502,-17.8234,0.0660,120.3252,-0.0039,0.2993,167.4883,0.027680,-0.000576,120.4711,0.007234,-0.000373,167.6502,0.027786,0.000481,120.3207,0.007292,0.000305,167.4883,-0.46875,-0.00015,-0.00091,0.94222,-0.49060,-0.00026,-0.46836,0.00043,0.00081,0.94219,-0.49096,0.00006,-0.07120,-0.00447,-0.07122,-0.00437,2.00188,-0.19736,0.06200,-14.83210,6.91374,0.07211,1.98574,0.19303,-0.05582,-14.81530,6.91757,-0.06079,-1.47691,-1.11704,-1.47707,-1.11706,88.000,88.000,88.000,139.000,35.000,35.000,88.000,88.000,88.000,139.000,35.000,35.000,25.000,25.000,25.000,25.000
1.0500,-0.00721,-0.00004,0.72240,0.99996,-0.00002,0.00868,0.00037,0.03860,0.00008,0.66171,0.68452,0.01737,0.00007,2,0.03470,0.01737,0.034696,0.00000,-0.6418,-0.0004,-1.0445,-0.0006,7.0550,0.0065,-3.4827,1,0.08500,0.03000,0.0030,0.0030,0.038557,0.118334,-17.8302,-0.0867,120.4827,-0.0207,-0.2994,167.6478,-17.8224,0.0661,120.3323,-0.0036,0.2994,167.4859,0.027678,-0.000576,120.4783,0.007235,-0.000373,167.6478,0.027784,0.000481,120.3279,0.007293,0.000305,167.4859,-0.46881,-0.00015,-0.00092,0.94234,-0.49065,-0.00026,-0.46842,0.00043,0.00082,0.94231,-0.49101,0.00006,-0.07120,-0.00448,-0.07123,-0.00438,2.00213,-0.19734,0.06200,-14.83427,6.91398,0.07211,1.98599,0.19301,-0.05582,-14.81747,6.91782,-0.06078,-1.47686,-1.11702,-1.47702,-1.11703,88.000,88.000,88.000,139.000,35.000,35.000,88.000,88.000,88.000,139.000,35.000,35.000,25.000,25.000,25.000,25.000
1.0550,-0.00721,-0.00004,0.72238,0.99996,-0.00002,0.00869,0.00037,0.03860,0.00008,0.66169,0.68452,0.01737,0.00007,2,0.03470,0.01737,0.034696,0.00000,-0.6412,-0.0004,-1.0444,-0.0006,7.0554,0.0065,-3.4825,1,0.08500,0.03000,0.0030,0.0030,0.038558,0.118334,-17.8293,-0.0868,120.4898,-0.0204,-0.2996,167.6455,-17.8215,0.0661,120.3394,-0.0034,0.2995,167.4836,0.027676,-0.000576,120.4853,0.007236,-0.000373,167.6455,0.027782,0.000481,120.3349,0.007294,0.000305,167.4836,-0.46887,-0.00016,-0.00092,0.94245,-0.49071,-0.00026,-0.46848,0.00044,0.00082,0.94242,-0.49107,0.00006,-0.07121,-0.00449,-0.07124,-0.00439,2.00238,-0.19733,0.06200,-14.83641,6.91423,0.07211,1.98624,0.19300,-0.05582,-14.81960,6.91806,-0.06078,-1.47681,-1.11699,-1.47697,-1.11701,88.000,88.000,88.000,139.000,35.000,35.000,88.000,88.000,88.000,139.000,35.000,35.000,25.000,25.000,25.000,25.000
1.0600,-0.00721,-0.00004,0.72237,0.99996,-0.00002,0.00869,0.00037,0.03860,0.00008,0.66168,0.68452,0.01737,0.00007,2,0.03470,0.01737,0.034696,0.00000,-0.6405,-0.0004,-1.0444,-0.0006,7.0559,0.0065,-3.4822,1,0.08500,0.03000,0.0030,0.0030,0.038559,0.118334,-17.8284,-0.0868,120.4967,-0.0201,-0.2997,167.6433,-17.8206,0.0661,120.3463,-0.0031,0.2997,167.4813,0.027674,-0.000576,120.4923,0.007237,-0.000373,167.6433,0.027780,0.000480,120.3419,0.007295,0.000305,167.4813,-0.46892,-0.00016,-0.00093,0.94256,-0.49076,-0.00027,-0.46853,0.00044,0.00083,0.94253,-0.49112,0.00006,-0.07122,-0.00451,-0.07125,-0.00441,2.00262,-0.19731,0.06200,-14.83851,6.91447,0.07211,1.98648,0.19298,-0.05582,-14.82170,6.91830,-0.06078,-1.47676,-1.11697,-1.47692,-1.11698,88.000,88.000,88.000,139.000,35.000,35.000,88.000,88.000,88.000,139.000,35.000,35.000,25.000,25.000,25.000,25.000
1.0650,-0.00722,-0.00004,0.72235,0.99996,-0.00002,0.00869,0.00037,0.03860,0.00008,0.66167,0.68452,0.01737,0.00007,2,0.03470,0.01737,0.034696,0.00000,-0.6399,-0.0004,-1.0443,-0.0006,7.0563,0.0065,-3.4820,1,0.08500,0.03000,0.0030,0.0030,0.038560,0.118335,-17.8275,-0.0868,120.5035,-0.0198,-0.2998,167.6410,-17.8197,0.0661,120.3531,-0.0028,0.2998,167.4791,0.027672,-0.000576,120.4991,0.007238,-0.000373,167.6410,0.027778,0.000480,120.3487,0.007296,0.000305,167.4791,-0.46898,-0.00016,-0.00094,0.94267,-0.49081,-0.00027,-0.46859,0.00044,0.00083,0.94264,-0.49117,0.00006,-0.07123,-0.00452,-0.07126,-0.00442,2.00286,-0.19730,0.06199,-14.84058,6.91470,0.07211,1.98672,0.19297,-0.05582,-14.82376,6.91853,-0.06077,-1.47671,-1.11695,-1.47687,-1.11696,88.000,88.000,88.000,139.000,35.000,35.000,88.000,88.000,88.000,139.000,35.000,35.000,25.000,25.000,25.000,25.000
1.0700,-0.00722,-0.00004,0.72234,0.99996,-0.00002,0.00869,0.00037,0.03860,0.00008,0.66165,0.68452,0.01737,0.00007,2,0.03470,0.01737,0.034696,0.00000,-0.6393,-0.0004,-1.0443,-0.0006,7.0566,0.0065,-3.4817,1,0.08500,0.03000,0.0030,0.0030,0.038560,0.118335,-17.8266,-0.0868,120.5102,-0.0196,-0.2999,167.6389,-17.8188,0.0661,120.3598,-0.0026,0.2999,167.4769,0.027670,-0.000576,120.5058,0.007238,-0.000373,167.6389,0.027777,0.000480,120.3553,0.007297,0.000304,167.4769,-0.46904,-0.00017,-0.00094,0.94278,-0.49087,-0.00027,-0.46865,0.00045,0.00084,0.94275,-0.49122,0.00006,-0.07123,-0.00453,-0.07126,-0.00443,2.00309,-0.19728,0.06199,-14.84261,6.91494,0.07210,1.98695,0.19295,-0.05582,-14.82579,6.91877,-0.06077,-1.47666,-1.11692,-1.47682,-1.11693,88.000,88.000,88.000,139.000,35.000,35.000,88.000,88.000,88.000,139.000,35.000,35.000,25.000,25.000,25.000,25.000
1.0750,-0.00722,-0.00004,0.72232,0.99996,-0.00002,0.00869,0.00037,0.03860,0.00008,0.66164,0.68452,0.01737,0.00007,2,0.03470,0.01737,0.034696,0.00000,-0.6386,-0.0004,-1.0442,-0.0006,7.0570,0.0065,-3.4815,1,0.08500,0.03000,0.0030,0.0030,0.038561,0.118335,-17.8257,-0.0868,120.5168,-0.0193,-0.3001,167.6367,-17.8179,0.0661,120.3663,-0.0023,0.3000,167.4747,0.027669,-0.000576,120.5123,0.007239,-0.000373,167.6367,0.027775,0.000480,120.3619,0.007298,0.000304,167.4747,-0.46909,-0.00017,-0.00095,0.94288,-0.49092,-0.00027,-0.46870,0.00045,0.00085,0.94285,-0.49127,0.00006,-0.07124,-0.00454,-0.07127,-0.00445,2.00332,-0.19727,0.06199,-14.84460,6.91517,0.07210,1.98717,0.19294,-0.05582,-14.82779,6.91899,-0.06076,-1.47661,-1.11690,-1.47678,-1.11691,88.000,88.000,88.000,139.000,35.000,35.000,88.000,88.000,88.000,139.000,35.000,35.000,25.000,25.000,25.000,25.000
1.0800,-0.00722,-0.00004,0.72231,0.99996,-0.00002,0.00869,0.00037,0.03860,0.00008,0.66163,0.68452,0.01737,0.00007,2,0.03470,0.01737,0.034696,0.00000,-0.6380,-0.0004,-1.0442,-0.0006,7.0574,0.0065,-3.4812,1,0.08500,0.03000,0.0030,0.0030,0.038562,0.118335,-17.8249,-0.0868,120.5232,-0.0191,-0.3002,167.6346,-17.8171,0.0661,120.3728,-0.0021,0.3002,167.4726,0.027667,-0.000576,120.5188,0.007240,-0.000373,167.6346,0.027773,0.000480,120.3683,0.007298,0.000304,167.4726,-0.46914,-0.00017,-0.00095,0.94298,-0.49097,-0.00027,-0.46876,0.00046,0.00085,0.94295,-0.49133,0.00006,-0.07124,-0.00456,-0.07128,-0.00446,2.00354,-0.19725,0.06198,-14.84657,6.91539,0.07210,1.98739,0.19292,-0.05581,-14.82975,6.91922,-0.06076,-1.47656,-1.11687,-1.47673,-1.11689,88.000,88.000,88.000,139.000,35.000,35.000,88.000,88.000,88.000,139.000,35.000,35.000,25.000,25.000,25.000,25.000
1.0850,-0.00723,-0.00004,0.72229,0.99996,-0.00002,0.00869,0.00037,0.03860,0.00008,0.66162,0.68452,0.01738,0.00007,2,0.03470,0.01738,0.034696,0.00000,-0.6374,-0.0004,-1.0441,-0.0006,7.0578,0.0065,-3.4810,1,0.08500,0.03000,0.0030,0.0030,0.038563,0.118336,-17.8241,-0.0869,120.5296,-0.0188,-0.3003,167.6325,-17.8163,0.0661,120.3791,-0.0019,0.3003,167.4705,0.027665,-0.000576,120.5252,0.007241,-0.000372,167.6325,0.027771,0.000480,120.3747,0.007299,0.000304,167.4705,-0.46920,-0.00018,-0.00096,0.94309,-0.49102,-0.00027,-0.46881,0.00046,0.00086,0.94306,-0.49137,0.00006,-0.07125,-0.00457,-0.07128,-0.00447,2.00376,-0.19723,0.06198,-14.84850,6.91562,0.07210,1.98761,0.19291,-0.05581,-14.83168,6.91944,-0.06076,-1.47651,-1.11685,-1.47668,-1.11686,88.000,88.000,88.000,139.000,35.000,35.000,88.000,88.000,88.000,139.000,35.000,35.000,25.000,25.000,25.000,25.000
1.0900,-0.00723,-0.00004,0.72228,0.99996,-0.00002,0.00869,0.00037,0.03860,0.00008,0.66161,0.68452,0.01738,0.00007,2,0.03470,0.01738,0.034696,0.00000,-0.6367,-0.0004,-1.0441,-0.0006,7.0581,0.0065,-3.4808,1,0.08500,0.03000,0.0030,0.0030,0.038564,0.118336,-17.8233,-0.0869,120.5358,-0.0186,-0.3004,167.6304,-17.8155,0.0662,120.3854,-0.0016,0.3004,167.4684,0.027663,-0.000576,120.5314,0.007242,-0.000372,167.6304,0.027770,0.000480,120.3809,0.007300,0.000304,167.4684,-0.46925,-0.00018,-0.00096,0.94319,-0.49106,-0.00027,-0.46886,0.00046,0.00086,0.94316,-0.49142,0.00006,-0.07125,-0.00458,-0.07129,-0.00448,2.00397,-0.19722,0.06198,-14.85039,6.91584,0.07210,1.98782,0.19289,-0.05581,-14.83357,6.91966,-0.06075,-1.47647,-1.11683,-1.47664,-1.11684,88.000,88.000,88.000,139.000,35.000,35.000,88.000,88.000,88.000,139.000,35.000,35.000,25.000,25.000,25.000,25.000
1.0950,-0.00723,-0.00004,0.72226,0.99996,-0.00002,0.00869,0.00037,0.03860,0.00008,0.66160,0.68452,0.01738,0.00007,2,0.03470,0.01738,0.034696,0.00000,-0.6361,-0.0004,-1.0440,-0.0006,7.0585,0.0065,-3.4806,1,0.08500,0.03000,0.0030,0.0030,0.038565,0.118336,-17.8225,-0.0869,120.5419,-0.0184,-0.3006,167.6284,-17.8147,0.0662,120.3915,-0.0014,0.3005,167.4663,0.027662,-0.000576,120.5375,0.007243,-0.000372,167.6284,0.027768,0.000480,120.3870,0.007301,0.000304,167.4663,-0.46930,-0.00018,-0.00097,0.94328,-0.49111,-0.00027,-0.46891,0.00047,0.00087,0.94325,-0.49147,0.00006,-0.07126,-0.00459,-0.07129,-0.00450,2.00418,-0.19720,0.06197,-14.85226,6.91605,0.07210,1.98802,0.19287,-0.05581,-14.83543,6.91988,-0.06075,-1.47642,-1.11680,-1.47659,-1.11681,88.000,88.000,88.000,139.000,35.000,35.000,88.000,88.000,88.000,139.000,35.000,35.000,25.000,25.000,25.000,25.000
1.1000,-0.00723,-0.00004,0.72225,0.99996,-0.00002,0.00869,0.00037,0.03861,0.00008,0.66158,0.68452,0.01738,0.00007,2,0.03470,0.01738,0.034696,0.00000,-0.6355,-0.0004,-1.0440,-0.0006,7.0589,0.0065,-3.4804,1,0.08500,0.03000,0.0030,0.0030,0.038566,0.118336,-17.8217,-0.0869,120.5480,-0.0181,-0.3007,167.6264,-17.8139,0.0662,120.3975,-0.0012,0.3007,167.4643,0.027660,-0.000576,120.5436,0.007243,-0.000372,167.6264,0.027766,0.000480,120.3931,0.007302,0.000304,167.4643,-0.46935,-0.00019,-0.00097,0.94338,-0.49116,-0.00027,-0.46896,0.00047,0.00088,0.94335,-0.49152,0.00007,-0.07126,-0.00461,-0.07130,-0.00451,2.00438,-0.19719,0.06197,-14.85409,6.91627,0.07209,1.98822,0.19286,-0.05580,-14.83727,6.92009,-0.06074,-1.47638,-1.11678,-1.47655,-1.11679,88.000,88.000,88.000,139.000,35.000,35.000,88.000,88.000,88.000,139.000,35.000,35.000,25.000,25.000,25.000,25.000
1.1050,-0.00724,-0.00004,0.72224,0.99996,-0.00002,0.00869,0.00037,0.03861,0.00008,0.66157,0.68452,0.01738,0.00007,2,0.03470,0.01738,0.034696,0.00000,-0.6348,-0.0004,-1.0440,-0.0006,7.0592,0.0065,-3.4801,1,0.08500,0.03000,0.0030,0.0030,0.038566,0.118337,-17.8209,-0.0869,120.5539,-0.0179,-0.3008,167.6245,-17.8131,0.0662,120.4034,-0.0010,0.3008,167.4624,0.027659,-0.000575,120.5495,0.007244,-0.000372,167.6245,0.027765,0.000480,120.3990,0.007303,0.000304,167.4624,-0.46940,-0.00019,-0.00098,0.94347,-0.49121,-0.00027,-0.46901,0.00047,0.00088,0.94345,-0.49156,0.00007,-0.07127,-0.00462,-0.07130,-0.00452,2.00457,-0.19717,0.06196,-14.85590,6.91648,0.07209,1.98842,0.19284,-0.05580,-14.83907,6.92030,-0.06074,-1.47633,-1.11676,-1.47650,-1.11677,88.000,88.000,88.000,139.000,35.000,35.000,88.000,88.000,88.000,139.000,35.000,35.000,25.000,25.000,25.000,25.000
1.1100,-0.00724,-0.00004,0.72222,0.99996,-0.00002,0.00869,0.00037,0.03861,0.00008,0.66156,0.68452,0.01738,0.00007,2,0.03470,0.01738,0.034696,0.00000,-0.6342,-0.0004,-1.0439,-0.0006,7.0595,0.0065,-3.4799,1,0.08500,0.03000,0.0030,0.0030,0.038567,0.118337,-17.8202,-0.0869,120.5597,-0.0177,-0.3009,167.6226,-17.8124,0.0662,120.4092,-0.0008,0.3009,167.4604,0.027657,-0.000575,120.5553,0.007245,-0.000372,167.6226,0.027763,0.000479,120.4048,0.007303,0.000304,167.4604,-0.46945,-0.00019,-0.00099,0.94357,-0.49125,-0.00027,-0.46906,0.00048,0.00089,0.94354,-0.49161,0.00007,-0.07127,-0.00463,-0.07131,-0.00453,2.00477,-0.19715,0.06196,-14.85767,6.91669,0.07209,1.98861,0.19283,-0.05580,-14.84084,6.92051,-0.06073,-1.47629,-1.11674,-1.47646,-1.11675,88.000,88.000,88.000,139.000,35.000,35.000,88.000,88.000,88.000,139.000,35.000,35.000,25.000,25.000,25.000,25.000
1.1150,-0.00724,-0.00004,0.72221,0.99996,-0.00002,0.00869,0.00036,0.03861,0.00008,0.66155,0.68452,0.01738,0.00007,2,0.03470,0.01738,0.034696,0.00000,-0.6336,-0.0004,-1.0439,-0.0006,7.0599,0.0064,-3.4797,1,0.08500,0.03000,0.0030,0.0030,0.038568,0.118337,-17.8194,-0.0870,120.5654,-0.0175,-0.3011,167.6207,-17.8116,0.0662,120.4149,-0.0006,0.3010,167.4585,0.027656,-0.000575,120.5610,0.007246,-0.000372,167.6207,0.027762,0.000479,120.4105,0.007304,0.000304,167.4585,-0.46949,-0.00020,-0.00099,0.94366,-0.49130,-0.00027,-0.46911,0.00048,0.00090,0.94363,-0.49165,0.00007,-0.07127,-0.00464,-0.07131,-0.00454,2.00496,-0.19714,0.06195,-14.85942,6.91689,0.07209,1.98880,0.19281,-0.05579,-14.84258,6.92071,-0.06073,-1.47624,-1.11671,-1.47641,-1.11672,88.000,88.000,88.000,139.000,35.000,35.000,88.000,88.000,88.000,139.000,35.000,35.000,25.000,25.000,25.000,25.000
1.1200,-0.00724,-0.00004,0.72220,0.99996,-0.00002,0.00869,0.00036,0.03861,0.00008,0.66154,0.68452,0.01738,0.00007,2,0.03470,0.01738,0.034696,0.00000,-0.6329,-0.0004,-1.0438,-0.0006,7.0602,0.0064,-3.4795,1,0.08500,0.03000,0.0030,0.0030,0.038569,0.118338,-17.8187,-0.0870,120.5711,-0.0173,-0.3012,167.6188,-17.8109,0.0662,120.4206,-0.0004,0.3012,167.4567,0.027654,-0.000575,120.5667,0.007247,-0.000372,167.6188,0.027760,0.000479,120.4161,0.007305,0.000304,167.4567,-0.46954,-0.00020,-0.00100,0.94375,-0.49134,-0.00027,-0.46915,0.00049,0.00090,0.94372,-0.49170,0.00007,-0.07128,-0.00465,-0.07132,-0.00456,2.00514,-0.19712,0.06195,-14.86113,6.91709,0.07208,1.98898,0.19280,-0.05579,-14.84430,6.92092,-0.06072,-1.47620,-1.11669,-1.47637,-1.11670,88.000,88.000,88.000,139.000,35.000,35.000,88.000,88.000,88.000,139.000,35.000,35.000,25.000,25.000,25.000,25.000
1.1250,-0.00725,-0.00004,0.72218,0.99996,-0.00002,0.00869,0.00036,0.03861,0.00008,0.66153,0.68452,0.01738,0.00007,2,0.03470,0.01738,0.034696,0.00000,-0.6323,-0.0004,-1.0438,-0.0006,7.0605,0.0064,-3.4793,1,0.08500,0.03000,0.0030,0.0030,0.038569,0.118338,-17.8180,-0.0870,120.5766,-0.0171,-0.3013,167.6170,-17.8102,0.0662,120.4261,-0.0002,0.3013,167.4548,0.027653,-0.000575,120.5722,0.007247,-0.000372,167.6170,0.027759,0.000479,120.4216,0.007306,0.000304,167.4548,-0.46959,-0.00020,-0.00100,0.94384,-0.49138,-0.00027,-0.46920,0.00049,0.00091,0.94381,-0.49174,0.00007,-0.07128,-0.00467,-0.07132,-0.00457,2.00532,-0.19711,0.06194,-14.86282,6.91729,0.07208,1.98916,0.19278,-0.05578,-14.84598,6.92112,-0.06072,-1.47616,-1.11667,-1.47633,-1.11668,88.000,88.000,88.000,139.000,35.000,35.000,88.000,88.000,88.000,139.000,35.000,35.000,25.000,25.000,25.000,25.000
1.1300,-0.00725,-0.00004,0.72217,0.99996,-0.00002,0.00869,0.00036,0.03861,0.00008,0.66152,0.68452,0.01738,0.00007,2,0.03470,0.01738,0.034696,0.00000,-0.6317,-0.0004,-1.0437,-0.0006,7.0608,0.0064,-3.4791,1,0.08500,0.03000,0.0030,0.0030,0.038570,0.118338,-17.8173,-0.0870,120.5820,-0.0169,-0.3014,167.6152,-17.8095,0.0662,120.4315,0.0000,0.3014,167.4530,0.027651,-0.000575,120.5776,0.007248,-0.000372,167.6152,0.027758,0.000479,120.4270,0.007306,0.000304,167.4530,-0.46963,-0.00021,-0.00101,0.94392,-0.49143,-0.00027,-0.46924,0.00049,0.00091,0.94390,-0.49178,0.00007,-0.07128,-0.00468,-0.07132,-0.00458,2.00550,-0.19709,0.06193,-14.86448,6.91749,0.07208,1.98933,0.19276,-0.05578,-14.84764,6.92131,-0.06071,-1.47611,-1.11665,-1.47629,-1.11666,88.000,88.000,88.000,139.000,35.000,35.000,88.000,88.000,88.000,139.000,35.000,35.000,25.000,25.000,25.000,25.000
1.1350,-0.00725,-0.00004,0.72216,0.99996,-0.00002,0.00869,0.00036,0.03861,0.00008,0.66151,0.68452,0.01738,0.00007,2,0.03470,0.01738,0.034696,0.00000,-0.6311,-0.0004,-1.0437,-0.0006,7.0612,0.0064,-3.4789,1,0.08500,0.03000,0.0030,0.0030,0.038571,0.118338,-17.8166,-0.0870,120.5874,-0.0167,-0.3016,167.6134,-17.8088,0.0663,120.4368,0.0002,0.3016,167.4512,0.027650,-0.000575,120.5829,0.007249,-0.000372,167.6134,0.027756,0.000479,120.4324,0.007307,0.000304,167.4512,-0.46968,-0.00021,-0.00101,0.94401,-0.49147,-0.00027,-0.46929,0.00050,0.00092,0.94398,-0.49183,0.00007,-0.07129,-0.00469,-0.07133,-0.00459,2.00567,-0.19707,0.06193,-14.86611,6.91768,0.07208,1.98950,0.19275,-0.05577,-14.84927,6.92150,-0.06071,-1.47607,-1.11663,-1.47625,-1.11663,88.000,88.000,88.000,139.000,35.000,35.000,88.000,88.000,88.000,139.000,35.000,35.000,25.000,25.000,25.000,25.000
1.1400,-0.00725,-0.00004,0.72215,0.99996,-0.00002,0.00869,0.00036,0.03861,0.00008,0.66150,0.68452,0.01738,0.00007,2,0.03470,0.01738,0.034696,0.00000,-0.6304,-0.0004,-1.0437,-0.0006,7.0615,0.0064,-3.4787,1,0.08500,0.03000,0.0030,0.0030,0.038572,0.118339,-17.8160,-0.0870,120.5926,-0.0165,-0.3017,167.6117,-17.8082,0.0663,120.4421,0.0004,0.3017,167.4495,0.027649,-0.000575,120.5882,0.007250,-0.000372,167.6117,0.027755,0.000479,120.4376,0.007308,0.000304,167.4495,-0.46972,-0.00021,-0.00102,0.94409,-0.49151,-0.00028,-0.46933,0.00050,0.00093,0.94407,-0.49187,0.00007,-0.07129,-0.00470,-0.07133,-0.00460,2.00584,-0.19706,0.06192,-14.86771,6.91787,0.07207,1.98967,0.19273,-0.05577,-14.85087,6.92169,-0.06070,-1.47603,-1.11660,-1.47620,-1.11661,88.000,88.000,88.000,139.000,35.000,35.000,88.000,88.000,88.000,139.000,35.000,35.000,25.000,25.000,25.000,25.000
1.1450,-0.00725,-0.00004,0.72213,0.99996,-0.00002,0.00869,0.00036,0.03861,0.00008,0.66149,0.68452,0.01738,0.00007,2,0.03470,0.01738,0.034696,0.00000,-0.6298,-0.0004,-1.0436,-0.0006,7.0618,0.0064,-3.4785,1,0.08500,0.03000,0.0030,0.0030,0.038572,0.118339,-17.8153,-0.0871,120.5978,-0.0163,-0.3018,167.6100,-17.8075,0.0663,120.4472,0.0006,0.3018,167.4477,0.027647,-0.000575,120.5934,0.007250,-0.000372,167.6100,0.027753,0.000479,120.4428,0.007309,0.000304,167.4477,-0.46976,-0.00022,-0.00103,0.94418,-0.49155,-0.00028,-0.46937,0.00050,0.00093,0.94415,-0.49191,0.00007,-0.07129,-0.00471,-0.07133,-0.00462,2.00600,-0.19704,0.06191,-14.86929,6.91806,0.07207,1.98983,0.19272,-0.05576,-14.85244,6.92188,-0.06070,-1.47599,-1.11658,-1.47616,-1.11659,88.000,88.000,88.000,139.000,35.000,35.000,88.000,88.000,88.000,139.000,35.000,35.000,25.000,25.000,25.000,25.000
1.1500,-0.00726,-0.00004,0.72212,0.99996,-0.00002,0.00869,0.00036,0.03861,0.00008,0.66148,0.68452,0.01738,0.00007,2,0.03470,0.01738,0.034696,0.00000,-0.6292,-0.0004,-1.0436,-0.0006,7.0621,0.0064,-3.4784,1,0.08500,0.03000,0.0030,0.0030,0.038573,0.118339,-17.8147,-0.0871,120.6028,-0.0161,-0.3020,167.6083,-17.8069,0.0663,120.4523,0.0008,0.3019,167.4460,0.027646,-0.000575,120.5984,0.007251,-0.000372,167.6083,0.027752,0.000479,120.4478,0.007309,0.000304,167.4460,-0.46980,-0.00022,-0.00103,0.94426,-0.49159,-0.00028,-0.46941,0.00051,0.00094,0.94423,-0.49195,0.00007,-0.07129,-0.00472,-0.07133,-0.00463,2.00616,-0.19703,0.06190,-14.87084,6.91825,0.07207,1.98999,0.19270,-0.05576,-14.85399,6.92207,-0.06069,-1.47595,-1.11656,-1.47612,-1.11657,88.000,88.000,88.000,139.000,35.000,35.000,88.000,88.000,88.000,139.000,35.000,35.000,25.000,25.000,25.000,25.000
1.1550,-0.00726,-0.00004,0.72211,0.99996,-0.00002,0.00869,0.00036,0.03861,0.00008,0.66147,0.68452,0.01738,0.00007,2,0.03470,0.01738,0.034696,0.00000,-0.6285,-0.0004,-1.0435,-0.0006,7.0624,0.0064,-3.4782,1,0.08500,0.03000,0.0030,0.0030,0.038574,0.118339,-17.8140,-0.0871,120.6078,-0.0159,-0.3021,167.6066,-17.8062,0.0663,120.4572,0.0009,0.3021,167.4444,0.027645,-0.000575,120.6034,0.007252,-0.000372,167.6066,0.027751,0.000479,120.4528,0.007310,0.000304,167.4444,-0.46984,-0.00022,-0.00104,0.94434,-0.49163,-0.00028,-0.46946,0.00051,0.00094,0.94431,-0.49199,0.00007,-0.07130,-0.00474,-0.07134,-0.00464,2.00632,-0.19701,0.06190,-14.87236,6.91843,0.07207,1.99014,0.19269,-0.05575,-14.85551,6.92225,-0.06069,-1.47591,-1.11654,-1.47608,-1.11655,88.000,88.000,88.000,139.000,35.000,35.000,88.000,88.000,88.000,139.000,35.000,35.000,25.000,25.000,25.000,25.000
1.1600,-0.00726,-0.00004,0.72210,0.99996,-0.00002,0.00869,0.00036,0.03861,0.00008,0.66146,0.68452,0.01738,0.00007,2,0.03470,0.01738,0.034696,0.00000,-0.6279,-0.0004,-1.0435,-0.0006,7.0626,0.0064,-3.4780,1,0.08500,0.03000,0.0030,0.0030,0.038575,0.118340,-17.8134,-0.0871,120.6127,-0.0158,-0.3022,167.6050,-17.8056,0.0663,120.4621,0.0011,0.3022,167.4427,0.027644,-0.000574,120.6083,0.007252,-0.000372,167.6050,0.027750,0.000478,120.4577,0.007311,0.000304,167.4427,-0.46988,-0.00023,-0.00104,0.94442,-0.49167,-0.00028,-0.46950,0.00052,0.00095,0.94439,-0.49202,0.00007,-0.07130,-0.00475,-0.07134,-0.00465,2.00647,-0.19699,0.06189,-14.87386,6.91861,0.07206,1.99029,0.19267,-0.05574,-14.85701,6.92243,-0.06068,-1.47587,-1.11652,-1.47605,-1.11653,88.000,88.000,88.000,139.000,35.000,35.000,88.000,88.000,88.000,139.000,35.000,35.000,25.000,25.000,25.000,25.000
1.1650,-0.00726,-0.00004,0.72209,0.99996,-0.00002,0.00869,0.00036,0.03861,0.00008,0.66146,0.68452,0.01738,0.00007,2,0.03470,0.01738,0.034696,0.00000,-0.6273,-0.0004,-1.0435,-0.0006,7.0629,0.0064,-3.4778,1,0.08500,0.03000,0.0030,0.0030,0.038575,0.118340,-17.8128,-0.0871,120.6175,-0.0156,-0.3024,167.6034,-17.8050,0.0663,120.4669,0.0013,0.3023,167.4411,0.027642,-0.000574,120.6131,0.007253,-0.000372,167.6034,0.027749,0.000478,120.4625,0.007311,0.000304,167.4411,-0.46992,-0.00023,-0.00105,0.94449,-0.49170,-0.00028,-0.46954,0.00052,0.00096,0.94447,-0.49206,0.00007,-0.07130,-0.00476,-0.07134,-0.00466,2.00662,-0.19698,0.06188,-14.87533,6.91879,0.07206,1.99044,0.19265,-0.05574,-14.85848,6.92260,-0.06068,-1.47583,-1.11650,-1.47601,-1.11651,88.000,88.000,88.000,139.000,35.000,35.000,88.000,88.000,88.000,139.000,35.000,35.000,25.000,25.000,25.000,25.000
1.1700,-0.00726,-0.00004,0.72208,0.99996,-0.00002,0.00869,0.00036,0.03861,0.00008,0.66145,0.68452,0.01738,0.00007,2,0.03470,0.01738,0.034696,0.00000,-0.6267,-0.0004,-1.0434,-0.0006,7.0632,0.0064,-3.4776,1,0.08500,0.03000,0.0030,0.0030,0.038576,0.118340,-17.8122,-0.0871,120.6223,-0.0154,-0.3025,167.6018,-17.8044,0.0663,120.4717,0.0014,0.3025,167.4395,0.027641,-0.000574,120.6178,0.007254,-0.000372,167.6018,0.027747,0.000478,120.4672,0.007312,0.000303,167.4395,-0.46996,-0.00024,-0.00105,0.94457,-0.49174,-0.00028,-0.46957,0.00052,0.00096,0.94454,-0.49210,0.00007,-0.07130,-0.00477,-0.07134,-0.00467,2.00677,-0.19696,0.06187,-14.87678,6.91896,0.07206,1.99058,0.19264,-0.05573,-14.85993,6.92278,-0.06067,-1.47579,-1.11648,-1.47597,-1.11649,88.000,88.000,88.000,139.000,35.000,35.000,88.000,88.000,88.000,139.000,35.000,35.000,25.000,25.000,25.000,25.000
1.1750,-0.00727,-0.00004,0.72207,0.99996,-0.00002,0.00869,0.00036,0.03861,0.00008,0.66144,0.68452,0.01738,0.00007,2,0.03470,0.01738,0.034696,0.00000,-0.6261,-0.0004,-1.0434,-0.0006,7.0635,0.0064,-3.4775,1,0.08500,0.03000,0.0030,0.0030,0.038577,0.118341,-17.8116,-0.0871,120.6269,-0.0153,-0.3026,167.6003,-17.8038,0.0663,120.4763,0.0016,0.3026,167.4379,0.027640,-0.000574,120.6225,0.007254,-0.000372,167.6003,0.027746,0.000478,120.4718,0.007313,0.000303,167.4379,-0.47000,-0.00024,-0.00106,0.94465,-0.49178,-0.00028,-0.46961,0.00053,0.00097,0.94462,-0.49214,0.00007,-0.07130,-0.00478,-0.07134,-0.00469,2.00691,-0.19694,0.06186,-14.87821,6.91913,0.07205,1.99072,0.19262,-0.05572,-14.86135,6.92295,-0.06067,-1.47575,-1.11646,-1.47593,-1.11647,88.000,88.000,88.000,139.000,35.000,35.000,88.000,88.000,88.000,139.000,35.000,35.000,25.000,25.000,25.000,25.000
1.1800,-0.00727,-0.00004,0.72206,0.99996,-0.00002,0.00869,0.00036,0.03861,0.00008,0.66143,0.68452,0.01738,0.00007,2,0.03470,0.01738,0.034696,0.00000,-0.6254,-0.0004,-1.0434,-0.0006,7.0637,0.0064,-3.4773,1,0.08500,0.03000,0.0030,0.0030,0.038577,0.118341,-17.8111,-0.0872,120.6315,-0.0151,-0.3028,167.5988,-17.8033,0.0664,120.4809,0.0017,0.3027,167.4364,0.027639,-0.000574,120.6271,0.007255,-0.000372,167.5988,0.027745,0.000478,120.4764,0.007313,0.000303,167.4364,-0.47004,-0.00024,-0.00107,0.94472,-0.49181,-0.00028,-0.46965,0.00053,0.00097,0.94469,-0.49217,0.00007,-0.07130,-0.00479,-0.07134,-0.00470,2.00705,-0.19693,0.06185,-14.87961,6.91930,0.07205,1.99086,0.19261,-0.05572,-14.86275,6.92312,-0.06066,-1.47571,-1.11644,-1.47589,-1.11644,88.000,88.000,88.000,139.000,35.000,35.000,88.000,88.000,88.000,139.000,35.000,35.000,25.000,25.000,25.000,25.000
1.1850,-0.00727,-0.00004,0.72205,0.99996,-0.00002,0.00869,0.00036,0.03861,0.00008,0.66142,0.68452,0.01738,0.00007,2,0.03470,0.01738,0.034696,0.00000,-0.6248,-0.0004,-1.0433,-0.0006,7.0640,0.0064,-3.4771,1,0.08500,0.03000,0.0030,0.0030,0.038578,0.118341,-17.8105,-0.0872,120.6360,-0.0150,-0.3029,167.5973,-17.8027,0.0664,120.4853,0.0019,0.3029,167.4349,0.027638,-0.000574,120.6316,0.007256,-0.000372,167.5973,0.027744,0.000478,120.4809,0.007314,0.000303,167.4349,-0.47008,-0.00025,-0.00107,0.94479,-0.49185,-0.00028,-0.46969,0.00053,0.00098,0.94476,-0.49221,0.00008,-0.07130,-0.00480,-0.07135,-0.00471,2.00718,-0.19691,0.06185,-14.88099,6.91947,0.07205,1.99100,0.19259,-0.05571,-14.86413,6.92329,-0.06066,-1.47568,-1.11642,-1.47586,-1.11642,88.000,88.000,88.000,139.000,35.000,35.000,88.000,88.000,88.000,139.000,35.000,35.000,25.000,25.000,25.000,25.000
1.1900,-0.00727,-0.00004,0.72203,0.99996,-0.00002,0.00869,0.00036,0.03862,0.00008,0.66141,0.68452,0.01738,0.00007,2,0.03470,0.01738,0.034696,0.00000,-0.6242,-0.0004,-1.0433,-0.0006,7.0643,0.0064,-3.4770,1,0.08500,0.03000,0.0030,0.0030,0.038579,0.118341,-17.8100,-0.0872,120.6404,-0.0148,-0.3030,167.5958,-17.8022,0.0664,120.4897,0.0020,0.3030,167.4334,0.027637,-0.000574,120.6360,0.007256,-0.000372,167.5958,0.027743,0.000478,120.4853,0.007315,0.000303,167.4334,-0.47011,-0.00025,-0.00108,0.94486,-0.49188,-0.00028,-0.46972,0.00054,0.00099,0.94483,-0.49224,0.00008,-0.07130,-0.00482,-0.07135,-0.00472,2.00732,-0.19689,0.06184,-14.88234,6.91963,0.07204,1.99113,0.19257,-0.05570,-14.86548,6.92345,-0.06065,-1.47564,-1.11640,-1.47582,-1.11640,88.000,88.000,88.000,139.000,35.000,35.000,88.000,88.000,88.000,139.000,35.000,35.000,25.000,25.000,25.000,25.000
1.1950,-0.00727,-0.00004,0.72202,0.99996,-0.00002,0.00869,0.00036,0.03862,0.00008,0.66141,0.68452,0.01738,0.00007,2,0.03470,0.01738,0.034696,0.00000,-0.6236,-0.0004,-1.0433,-0.0006,7.0645,0.0064,-3.4768,1,0.08500,0.03000,0.0030,0.0030,0.038579,0.118342,-17.8094,-0.0872,120.6447,-0.0147,-0.3032,167.5944,-17.8016,0.0664,120.4941,0.0022,0.3031,167.4319,0.027636,-0.000574,120.6403,0.007257,-0.000372,167.5944,0.027742,0.000478,120.4896,0.007315,0.000303,167.4319,-0.47015,-0.00025,-0.00108,0.94493,-0.49192,-0.00028,-0.46976,0.00054,0.00099,0.94490,-0.49228,0.00008,-0.07130,-0.00483,-0.07135,-0.00473,2.00745,-0.19688,0.06183,-14.88367,6.91980,0.07204,1.99125,0.19256,-0.05569,-14.86681,6.92361,-0.06064,-1.47560,-1.11638,-1.47579,-1.11638,88.000,88.000,88.000,139.000,35.000,35.000,88.000,88.000,88.000,139.000,35.000,35.000,25.000,25.000,25.000,25.000
1.2000,-0.00727,-0.00004,0.72201,0.99996,-0.00002,0.00869,0.00036,0.03862,0.00008,0.66140,0.68452,0.01738,0.00007,2,0.03470,0.01738,0.034696,0.00000,-0.6229,-0.0004,-1.0432,-0.0006,7.0648,0.0064,-3.4767,1,0.08500,0.03000,0.0030,0.0030,0.038580,0.118342,-17.8089,-0.0872,120.6490,-0.0145,-0.3033,167.5929,-17.8011,0.0664,120.4983,0.0023,0.3033,167.4305,0.027635,-0.000574,120.6446,0.007258,-0.000372,167.5929,0.027741,0.000478,120.4939,0.007316,0.000303,167.4305,-0.47018,-0.00026,-0.00109,0.94500,-0.49195,-0.00028,-0.46979,0.00054,0.00100,0.94497,-0.49231,0.00008,-0.07130,-0.00484,-0.07135,-0.00474,2.00757,-0.19686,0.06182,-14.88498,6.91996,0.07204,1.99138,0.19254,-0.05568,-14.86812,6.92377,-0.06064,-1.47557,-1.11636,-1.47575,-1.11636,88.000,88.000,88.000,139.000,35.000,35.000,88.000,88.000,88.000,139.000,35.000,35.000,25.000,25.000,25.000,25.000
1.2050,-0.00728,-0.00004,0.72201,0.99996,-0.00002,0.00869,0.00036,0.03862,0.00008,0.66139,0.68452,0.01738,0.00007,2,0.03470,0.01738,0.034696,0.00000,-0.6223,-0.0004,-1.0432,-0.0006,7.0650,0.0064,-3.4765,1,0.08500,0.03000,0.0030,0.0030,0.038581,0.118342,-17.8084,-0.0872,120.6532,-0.0144,-0.3034,167.5915,-17.8006,0.0664,120.5025,0.0025,0.3034,167.4291,0.027634,-0.000574,120.6488,0.007258,-0.000372,167.5915,0.027740,0.000477,120.4980,0.007317,0.000303,167.4291,-0.47022,-0.00026,-0.00109,0.94507,-0.49198,-0.00028,-0.46983,0.00055,0.00100,0.94504,-0.49234,0.00008,-0.07130,-0.00485,-0.07135,-0.00475,2.00770,-0.19684,0.06181,-14.88627,6.92011,0.07203,1.99150,0.19253,-0.05568,-14.86940,6.92393,-0.06063,-1.47553,-1.11634,-1.47571,-1.11634,88.000,88.000,88.000,139.000,35.000,35.000,88.000,88.000,88.000,139.000,35.000,35.000,25.000,25.000,25.000,25.000
1.2100,-0.00728,-0.00004,0.72200,0.99996,-0.00002,0.00869,0.00036,0.03862,0.00008,0.66138,0.68452,0.01738,0.00007,2,0.03470,0.01738,0.034696,0.00000,-0.6217,-0.0004,-1.0432,-0.0006,7.0652,0.0064,-3.4764,1,0.08500,0.03000,0.0030,0.0030,0.038581,0.118343,-17.8079,-0.0873,120.6573,-0.0142,-0.3036,167.5902,-17.8001,0.0664,120.5066,0.0026,0.3035,167.4277,0.027633,-0.000574,120.6529,0.007259,-0.000371,167.5902,0.027739,0.000477,120.5022,0.007317,0.000303,167.4277,-0.47025,-0.00026,-0.00110,0.94513,-0.49202,-0.00028,-0.46986,0.00055,0.00101,0.94511,-0.49238,0.00008,-0.07130,-0.00486,-0.07135,-0.00476,2.00782,-0.19683,0.06180,-14.88754,6.92027,0.07203,1.99162,0.19251,-0.05567,-14.87067,6.92409,-0.06063,-1.47549,-1.11632,-1.47568,-1.11633,88.000,88.000,88.000,139.000,35.000,35.000,88.000,88.000,88.000,139.000,35.000,35.000,25.000,25.000,25.000,25.000
1.2150,-0.00728,-0.00004,0.72199,0.99996,-0.00002,0.00869,0.00036,0.03862,0.00008,0.66137,0.68452,0.01738,0.00007,2,0.03470,0.01738,0.034696,0.00000,-0.6211,-0.0004,-1.0432,-0.0006,7.0655,0.0064,-3.4762,1,0.08500,0.03000,0.0030,0.0030,0.038582,0.118343,-17.8074,-0.0873,120.6614,-0.0141,-0.3037,167.5888,-17.7996,0.0664,120.5107,0.0027,0.3037,167.4263,0.027632,-0.000573,120.6569,0.007259,-0.000371,167.5888,0.027738,0.000477,120.5062,0.007318,0.000303,167.4263,-0.47028,-0.00027,-0.00111,0.94520,-0.49205,-0.00028,-0.46990,0.00056,0.00102,0.94517,-0.49241,0.00008,-0.07130,-0.00487,-0.07135,-0.00477,2.00793,-0.19681,0.06179,-14.88878,6.92042,0.07202,1.99174,0.19249,-0.05566,-14.87191,6.92424,-0.06062,-1.47546,-1.11630,-1.47565,-1.11631,88.000,88.000,88.000,139.000,35.000,35.000,88.000,88.000,88.000,139.000,35.000,35.000,25.000,25.000,25.000,25.000
1.2200,-0.00728,-0.00004,0.72198,0.99996,-0.00002,0.00869,0.00036,0.03862,0.00008,0.66137,0.68452,0.01738,0.00007,2,0.03470,0.01738,0.034696,0.00000,-0.6205,-0.0004,-1.0431,-0.0006,7.0657,0.0064,-3.4761,1,0.08500,0.03000,0.0030,0.0030,0.038582,0.118343,-17.8069,-0.0873,120.6653,-0.0140,-0.3038,167.5875,-17.7991,0.0664,120.5146,0.0029,0.3038,167.4250,0.027631,-0.000573,120.6609,0.007260,-0.000371,167.5875,0.027737,0.000477,120.5102,0.007319,0.000303,167.4250,-0.47032,-0.00027,-0.00111,0.94526,-0.49208,-0.00029,-0.46993,0.00056,0.00102,0.94524,-0.49244,0.00008,-0.07130,-0.00488,-0.07135,-0.00479,2.00805,-0.19680,0.06178,-14.89001,6.92057,0.07202,1.99185,0.19248,-0.05565,-14.87313,6.92439,-0.06061,-1.47543,-1.11628,-1.47561,-1.11629,88.000,88.000,88.000,139.000,35.000,35.000,88.000,88.000,88.000,139.000,35.000,35.000,25.000,25.000,25.000,25.000
1.2250,-0.00728,-0.00004,0.72197,0.99996,-0.00002,0.00869,0.00036,0.03862,0.00008,0.66136,0.68452,0.01738,0.00007,2,0.03470,0.01738,0.034696,0.00000,-0.6199,-0.0004,-1.0431,-0.0006,7.0659,0.0064,-3.4759,1,0.08500,0.03000,0.0030,0.0030,0.038583,0.118343,-17.8064,-0.0873,120.6693,-0.0138,-0.3040,167.5862,-17.7986,0.0665,120.5185,0.0030,0.3039,167.4236,0.027630,-0.000573,120.6648,0.007261,-0.000371,167.5862,0.027736,0.000477,120.5141,0.007319,0.000303,167.4236,-0.47035,-0.00027,-0.00112,0.94533,-0.49211,-0.00029,-0.46996,0.00056,0.00103,0.94530,-0.49247,0.00008,-0.07130,-0.00489,-0.07135,-0.00480,2.00816,-0.19678,0.06177,-14.89121,6.92072,0.07202,1.99196,0.19246,-0.05564,-14.87434,6.92454,-0.06061,-1.47539,-1.11626,-1.47558,-1.11627,88.000,88.000,88.000,139.000,35.000,35.000,88.000,88.000,88.000,139.000,35.000,35.000,25.000,25.000,25.000,25.000
1.2300,-0.00728,-0.00004,0.72196,0.99996,-0.00002,0.00869,0.00036,0.03862,0.00008,0.66135,0.68452,0.01738,0.00007,2,0.03470,0.01738,0.034696,0.00000,-0.6192,-0.0004,-1.0431,-0.0006,7.0662,0.0064,-3.4758,1,0.08500,0.03000,0.0030,0.0030,0.038584,0.118344,-17.8059,-0.0873,120.6731,-0.0137,-0.3041,167.5849,-17.7981,0.0665,120.5224,0.0031,0.3041,167.4223,0.027629,-0.000573,120.6687,0.007261,-0.000371,167.5849,0.027735,0.000477,120.5179,0.007320,0.000303,167.4223,-0.47038,-0.00028,-0.00112,0.94539,-0.49214,-0.00029,-0.46999,0.00057,0.00103,0.94536,-0.49250,0.00008,-0.07130,-0.00490,-0.07135,-0.00481,2.00827,-0.19676,0.06175,-14.89240,6.92087,0.07201,1.99207,0.19244,-0.05563,-14.87552,6.92468,-0.06060,-1.47536,-1.11624,-1.47554,-1.11625,88.000,88.000,88.000,139.000,35.000,35.000,88.000,88.000,88.000,139.000,35.000,35.000,25.000,25.000,25.000,25.000
1.2350,-0.00729,-0.00004,0.72195,0.99996,-0.00002,0.00869,0.00036,0.03862,0.00008,0.66134,0.68452,0.01738,0.00007,2,0.03470,0.01738,0.034696,0.00000,-0.6186,-0.0004,-1.0430,-0.0006,7.0664,0.0064,-3.4757,1,0.08500,0.03000,0.0030,0.0030,0.038584,0.118344,-17.8055,-0.0873,120.6769,-0.0136,-0.3042,167.5836,-17.7977,0.0665,120.5261,0.0032,0.3042,167.4210,0.027628,-0.000573,120.6725,0.007262,-0.000371,167.5836,0.027734,0.000477,120.5217,0.007320,0.000303,167.4210,-0.47041,-0.00028,-0.00113,0.94545,-0.49217,-0.00029,-0.47002,0.00057,0.00104,0.94542,-0.49253,0.00008,-0.07130,-0.00491,-0.07135,-0.00482,2.00838,-0.19675,0.06174,-14.89356,6.92101,0.07201,1.99217,0.19243,-0.05562,-14.87668,6.92483,-0.06060,-1.47532,-1.11623,-1.47551,-1.11623,88.000,88.000,88.000,139.000,35.000,35.000,88.000,88.000,88.000,139.000,35.000,35.000,25.000,25.000,25.000,25.000
1.2400,-0.00729,-0.00004,0.72194,0.99996,-0.00002,0.00869,0.00036,0.03862,0.00008,0.66134,0.68452,0.01738,0.00007,2,0.03470,0.01738,0.034696,0.00000,-0.6180,-0.0004,-1.0430,-0.0006,7.0666,0.0064,-3.4755,1,0.08500,0.03000,0.0030,0.0030,0.038585,0.118344,-17.8050,-0.0873,120.6806,-0.0135,-0.3044,167.5824,-17.7972,0.0665,120.5298,0.0033,0.3044,167.4198,0.027627,-0.000573,120.6762,0.007262,-0.000371,167.5824,0.027733,0.000477,120.5254,0.007321,0.000303,167.4198,-0.47044,-0.00028,-0.00113,0.94551,-0.49220,-0.00029,-0.47005,0.00057,0.00105,0.94548,-0.49256,0.00008,-0.07130,-0.00492,-0.07135,-0.00483,2.00848,-0.19673,0.06173,-14.89470,6.92115,0.07201,1.99228,0.19241,-0.05561,-14.87783,6.92497,-0.06059,-1.47529,-1.11621,-1.47548,-1.11621,88.000,88.000,88.000,139.000,35.000,35.000,88.000,88.000,88.000,139.000,35.000,35.000,25.000,25.000,25.000,25.000
1.2450,-0.00729,-0.00004,0.72193,0.99996,-0.00002,0.00869,0.00036,0.03862,0.00008,0.66133,0.68452,0.01738,0.00007,2,0.03470,0.01738,0.034696,0.00000,-0.6174,-0.0004,-1.0430,-0.0006,7.0668,0.0064,-3.4754,1,0.08500,0.03000,0.0030,0.0030,0.038585,0.118345,-17.8046,-0.0874,120.6843,-0.0133,-0.3045,167.5811,-17.7968,0.0665,120.5335,0.0035,0.3045,167.4185,0.027626,-0.000573,120.6798,0.007263,-0.000371,167.5811,0.027732,0.000477,120.5290,0.007321,0.000303,167.4185,-0.47047,-0.00029,-0.00114,0.94557,-0.49223,-0.00029,-0.47008,0.00058,0.00105,0.94554,-0.49259,0.00008,-0.07130,-0.00493,-0.07135,-0.00484,2.00859,-0.19671,0.06172,-14.89583,6.92129,0.07200,1.99238,0.19240,-0.05560,-14.87895,6.92511,-0.06058,-1.47526,-1.11619,-1.47545,-1.11619,88.000,88.000,88.000,139.000,35.000,35.000,88.000,88.000,88.000,139.000,35.000,35.000,25.000,25.000,25.000,25.000
1.2500,-0.00729,-0.00004,0.72192,0.99996,-0.00002,0.00869,0.00036,0.03862,0.00008,0.66132,0.68452,0.01738,0.00007,2,0.03470,0.01738,0.034696,0.00000,-0.6168,-0.0004,-1.0430,-0.0006,7.0670,0.0064,-3.4753,1,0.08500,0.03000,0.0030,0.0030,0.038586,0.118345,-17.8042,-0.0874,120.6879,-0.0132,-0.3046,167.5799,-17.7963,0.0665,120.5371,0.0036,0.3046,167.4173,0.027625,-0.000573,120.6834,0.007263,-0.000371,167.5799,0.027731,0.000477,120.5326,0.007322,0.000302,167.4173,-0.47050,-0.00029,-0.00115,0.94563,-0.49226,-0.00029,-0.47011,0.00058,0.00106,0.94560,-0.49262,0.00008,-0.07130,-0.00495,-0.07134,-0.00485,2.00869,-0.19670,0.06171,-14.89694,6.92143,0.07200,1.99247,0.19238,-0.05559,-14.88006,6.92525,-0.06058,-1.47523,-1.11617,-1.47542,-1.11617,88.000,88.000,88.000,139.000,35.000,35.000,88.000,88.000,88.000,139.000,35.000,35.000,25.000,25.000,25.000,25.000
1.2550,-0.00729,-0.00004,0.72192,0.99996,-0.00002,0.00869,0.00036,0.03862,0.00008,0.66132,0.68452,0.01738,0.00007,2,0.03470,0.01738,0.034696,0.00000,-0.6162,-0.0004,-1.0429,-0.0006,7.0672,0.0064,-3.4751,1,0.08500,0.03000,0.0030,0.0030,0.038586,0.118345,-17.8037,-0.0874,120.6914,-0.0131,-0.3048,167.5787,-17.7959,0.0665,120.5406,0.0037,0.3048,167.4161,0.027625,-0.000573,120.6870,0.007264,-0.000371,167.5787,0.027731,0.000476,120.5361,0.007322,0.000302,167.4161,-0.47053,-0.00029,-0.00115,0.94568,-0.49229,-0.00029,-0.47014,0.00059,0.00106,0.94566,-0.49265,0.00008,-0.07130,-0.00496,-0.07134,-0.00486,2.00878,-0.19668,0.06170,-14.89803,6.92157,0.07199,1.99257,0.19236,-0.05558,-14.88114,6.92539,-0.06057,-1.47519,-1.11615,-1.47538,-1.11616,88.000,88.000,88.000,139.000,35.000,35.000,88.000,88.000,88.000,139.000,35.000,35.000,25.000,25.000,25.000,25.000
1.2600,-0.00729,-0.00004,0.72191,0.99996,-0.00002,0.00869,0.00036,0.03862,0.00008,0.66131,0.68452,0.01738,0.00007,2,0.03470,0.01738,0.034696,0.00000,-0.6155,-0.0004,-1.0429,-0.0006,7.0674,0.0064,-3.4750,1,0.08500,0.03000,0.0030,0.0030,0.038587,0.118345,-17.8033,-0.0874,120.6949,-0.0130,-0.3049,167.5776,-17.7955,0.0665,120.5441,0.0038,0.3049,167.4149,0.027624,-0.000573,120.6904,0.007265,-0.000371,167.5776,0.027730,0.000476,120.5396,0.007323,0.000302,167.4149,-0.47056,-0.00030,-0.00116,0.94574,-0.49231,-0.00029,-0.47017,0.00059,0.00107,0.94571,-0.49267,0.00008,-0.07129,-0.00497,-0.07134,-0.00487,2.00888,-0.19666,0.06169,-14.89910,6.92170,0.07199,1.99266,0.19235,-0.05557,-14.88221,6.92552,-0.06057,-1.47516,-1.11613,-1.47535,-1.11614,88.000,88.000,88.000,139.000,35.000,35.000,88.000,88.000,88.000,139.000,35.000,35.000,25.000,25.000,25.000,25.000
1.2650,-0.00729,-0.00004,0.72190,0.99996,-0.00002,0.00869,0.00036,0.03862,0.00008,0.66130,0.68452,0.01738,0.00007,2,0.03470,0.01738,0.034696,0.00000,-0.6149,-0.0004,-1.0429,-0.0006,7.0676,0.0064,-3.4749,1,0.08500,0.03000,0.0030,0.0030,0.038587,0.118346,-17.8029,-0.0874,120.6983,-0.0129,-0.3051,167.5764,-17.7951,0.0665,120.5475,0.0039,0.3050,167.4138,0.027623,-0.000573,120.6938,0.007265,-0.000371,167.5764,0.027729,0.000476,120.5430,0.007324,0.000302,167.4138,-0.47059,-0.00030,-0.00116,0.94580,-0.49234,-0.00029,-0.47020,0.00059,0.00108,0.94577,-0.49270,0.00008,-0.07129,-0.00498,-0.07134,-0.00488,2.00897,-0.19664,0.06167,-14.90015,6.92183,0.07199,1.99275,0.19233,-0.05556,-14.88326,6.92565,-0.06056,-1.47513,-1.11612,-1.47532,-1.11612,88.000,88.000,88.000,139.000,35.000,35.000,88.000,88.000,88.000,139.000,35.000,35.000,25.000,25.000,25.000,25.000
1.2700,-0.00730,-0.00004,0.72189,0.99996,-0.00002,0.00869,0.00036,0.03862,0.00008,0.66130,0.68452,0.01738,0.00007,2,0.03470,0.01738,0.034696,0.00000,-0.6143,-0.0004,-1.0429,-0.0006,7.0678,0.0063,-3.4748,1,0.08500,0.03000,0.0030,0.0030,0.038588,0.118346,-17.8025,-0.0874,120.7016,-0.0128,-0.3052,167.5753,-17.7947,0.0665,120.5508,0.0040,0.3052,167.4126,0.027622,-0.000572,120.6972,0.007266,-0.000371,167.5753,0.027728,0.000476,120.5463,0.007324,0.000302,167.4126,-0.47061,-0.00030,-0.00117,0.94585,-0.49237,-0.00029,-0.47023,0.00060,0.00108,0.94582,-0.49273,0.00009,-0.07129,-0.00499,-0.07134,-0.00489,2.00906,-0.19663,0.06166,-14.90118,6.92196,0.07198,1.99284,0.19232,-0.05555,-14.88430,6.92578,-0.06055,-1.47510,-1.11610,-1.47529,-1.11610,88.000,88.000,88.000,139.000,35.000,35.000,88.000,88.000,88.000,139.000,35.000,35.000,25.000,25.000,25.000,25.000
1.2750,-0.00730,-0.00004,0.72188,0.99996,-0.00002,0.00869,0.00036,0.03862,0.00008,0.66129,0.68452,0.01738,0.00007,2,0.03470,0.01738,0.034696,0.00000,-0.6137,-0.0004,-1.0428,-0.0006,7.0680,0.0063,-3.4747,1,0.08500,0.03000,0.0030,0.0030,0.038589,0.118346,-17.8021,-0.0874,120.7049,-0.0127,-0.3053,167.5742,-17.7943,0.0666,120.5541,0.0041,0.3053,167.4115,0.027621,-0.000572,120.7005,0.007266,-0.000371,167.5742,0.027727,0.000476,120.5496,0.007325,0.000302,167.4115,-0.47064,-0.00031,-0.00117,0.94590,-0.49239,-0.00029,-0.47025,0.00060,0.00109,0.94588,-0.49275,0.00009,-0.07129,-0.00500,-0.07134,-0.00490,2.00915,-0.19661,0.06165,-14.90220,6.92209,0.07198,1.99293,0.19230,-0.05554,-14.88531,6.92591,-0.06055,-1.47507,-1.11608,-1.47526,-1.11608,88.000,88.000,88.000,139.000,35.000,35.000,88.000,88.000,88.000,139.000,35.000,35.000,25.000,25.000,25.000,25.000
1.2800,-0.00730,-0.00004,0.72188,0.99996,-0.00002,0.00869,0.00036,0.03862,0.00008,0.66129,0.68452,0.01738,0.00007,2,0.03470,0.01738,0.034696,0.00000,-0.6131,-0.0004,-1.0428,-0.0006,7.0682,0.0063,-3.4745,1,0.08500,0.03000,0.0030,0.0030,0.038589,0.118347,-17.8017,-0.0875,120.7082,-0.0126,-0.3055,167.5731,-17.7939,0.0666,120.5573,0.0042,0.3055,167.4104,0.027621,-0.000572,120.7037,0.007267,-0.000371,167.5731,0.027727,0.000476,120.5528,0.007325,0.000302,167.4104,-0.47067,-0.00031,-0.00118,0.94596,-0.49242,-0.00029,-0.47028,0.00060,0.00109,0.94593,-0.49278,0.00009,-0.07129,-0.00501,-0.07134,-0.00491,2.00924,-0.19659,0.06164,-14.90320,6.92222,0.07197,1.99301,0.19228,-0.05553,-14.88631,6.92604,-0.06054,-1.47504,-1.11606,-1.47523,-1.11607,88.000,88.000,88.000,139.000,35.000,35.000,88.000,88.000,88.000,139.000,35.000,35.000,25.000,25.000,25.000,25.000
1.2850,-0.00730,-0.00004,0.72187,0.99996,-0.00002,0.00869,0.00036,0.03862,0.00008,0.66128,0.68452,0.01738,0.00007,2,0.03470,0.01738,0.034696,0.00000,-0.6125,-0.0004,-1.0428,-0.0006,7.0684,0.0063,-3.4744,1,0.08500,0.03000,0.0030,0.0030,0.038590,0.118347,-17.8013,-0.0875,120.7113,-0.0125,-0.3056,167.5720,-17.7935,0.0666,120.5605,0.0043,0.3056,167.4093,0.027620,-0.000572,120.7069,0.007267,-0.000371,167.5720,0.027726,0.000476,120.5560,0.007326,0.000302,167.4093,-0.47069,-0.00032,-0.00119,0.94601,-0.49244,-0.00029,-0.47030,0.00061,0.00110,0.94598,-0.49280,0.00009,-0.07129,-0.00502,-0.07134,-0.00492,2.00932,-0.19658,0.06162,-14.90419,6.92234,0.07197,1.99310,0.19227,-0.05551,-14.88729,6.92616,-0.06053,-1.47501,-1.11605,-1.47520,-1.11605,88.000,88.000,88.000,139.000,35.000,35.000,88.000,88.000,88.000,139.000,35.000,35.000,25.000,25.000,25.000,25.000
