t,x,y,z,qw,qx,qy,qz,com_x,com_y,com_z,com_ref_z,tilt,com_ref_y,n_stance,swing_z,trunk_tilt,foot_z,foot_vz,acc_ref_z,e_lin_z,acom_x,acom_y,acom_z,arp_r,arp_p,degraded,cop_lx,cop_ly,slip_l,slip_r,patch_lx,patch_ly,fqp_l_x,fqp_l_y,fqp_l_z,fmj_l_x,fmj_l_y,fmj_l_z,fqp_r_x,fqp_r_y,fqp_r_z,fmj_r_x,fmj_r_y,fmj_r_z,cop_qp_l_x,cop_qp_l_y,fz_qp_l,cop_mj_l_x,cop_mj_l_y,fz_mj_l,cop_qp_r_x,cop_qp_r_y,fz_qp_r,cop_mj_r_x,cop_mj_r_y,fz_mj_r,left_hip_yaw_joint,left_hip_roll_joint,left_hip_pitch_joint,left_knee_joint,left_ankle_pitch_joint,left_ankle_roll_joint,right_hip_yaw_joint,right_hip_roll_joint,right_hip_pitch_joint,right_knee_joint,right_ankle_pitch_joint,right_ankle_roll_joint,left_shoulder_pitch_joint,left_elbow_joint,right_shoulder_pitch_joint,right_elbow_joint,tau_left_hip_yaw_joint,tau_left_hip_roll_joint,tau_left_hip_pitch_joint,tau_left_knee_joint,tau_left_ankle_pitch_joint,tau_left_ankle_roll_joint,tau_right_hip_yaw_joint,tau_right_hip_roll_joint,tau_right_hip_pitch_joint,tau_right_knee_joint,tau_right_ankle_pitch_joint,tau_right_ankle_roll_joint,tau_left_shoulder_pitch_joint,tau_left_elbow_joint,tau_right_shoulder_pitch_joint,tau_right_elbow_joint,lim_left_hip_yaw_joint,lim_left_hip_roll_joint,lim_left_hip_pitch_joint,lim_left_knee_joint,lim_left_ankle_pitch_joint,lim_left_ankle_roll_joint,lim_right_hip_yaw_joint,lim_right_hip_roll_joint,lim_right_hip_pitch_joint,lim_right_knee_joint,lim_right_ankle_pitch_joint,lim_right_ankle_roll_joint,lim_left_shoulder_pitch_joint,lim_left_elbow_joint,lim_right_shoulder_pitch_joint,lim_right_elbow_joint
0.0000,-0.00064,-0.00000,0.46168,1.00000,0.00000,-0.00196,0.00000,0.00856,-0.00000,0.30051,0.30051,0.00370,-0.00000,2,0.03434,0.00370,0.034344,0.01510,-1.2478,0.0000,0.9909,0.0000,-1.4022,-0.0000,2.9136,0,0.04900,0.01900,0.0288,0.0288,0.013398,0.067548,3.2850,-0.0003,27.8717,-0.4918,0.2767,32.6831,3.2850,0.0003,27.8717,-0.4918,-0.2767,32.6831,-0.044990,-0.000057,27.8734,0.007182,-0.002494,32.6831,-0.044990,0.000057,27.8734,0.007182,0.002494,32.6831,-0.00011,0.00009,-0.54856,1.10723,-0.55428,0.00051,0.00011,-0.00009,-0.54856,1.10723,-0.55428,-0.00051,0.00018,-0.00042,0.00018,-0.00042,0.00011,-0.00061,-0.48390,-1.90368,-0.98005,0.00035,-0.00011,0.00061,-0.48390,-1.90368,-0.98005,-0.00035,-0.07239,-0.00683,-0.07239,-0.00683,6.000,6.000,12.000,12.000,6.000,6.000,6.000,6.000,12.000,12.000,6.000,6.000,6.000,6.000,6.000,6.000
0.0050,-0.00069,0.00000,0.46173,1.00000,0.00000,-0.00204,-0.00000,0.00851,0.00000,0.30058,0.30051,0.00392,0.00000,2,0.03442,0.00392,0.034416,0.01398,-1.3309,-0.0001,0.6238,0.0001,-1.0415,-0.0000,2.2986,0,0.04900,0.01900,0.1793,0.1793,-0.035262,0.069916,2.0680,-0.0002,29.0678,3.1712,0.0254,29.4834,2.0680,0.0012,29.0674,3.1712,-0.0254,29.4834,-0.026827,-0.000094,29.0688,-0.041476,-0.000132,29.4834,-0.026827,0.000081,29.0684,-0.041476,0.000132,29.4834,-0.00011,0.00009,-0.54867,1.10767,-0.55455,0.00045,0.00011,-0.00009,-0.54867,1.10767,-0.55455,-0.00045,0.00017,-0.00040,0.00017,-0.00040,-0.00004,-0.00221,-0.32968,-1.69655,-0.61674,0.00107,0.00004,0.00232,-0.32968,-1.69653,-0.61675,-0.00072,-0.04643,-0.00359,-0.04643,-0.00359,6.000,6.000,12.000,12.000,6.000,6.000,6.000,6.000,12.000,12.000,6.000,6.000,6.000,6.000,6.000,6.000
0.0100,-0.00072,0.00000,0.46176,1.00000,0.00000,-0.00208,-0.00000,0.00849,0.00000,0.30063,0.30051,0.00407,0.00000,2,0.03448,0.00407,0.034482,0.01255,-1.3571,-0.0001,0.3841,0.0005,-0.8012,-0.0000,1.8003,0,0.04900,0.01900,0.1123,0.1123,-0.018939,0.069893,1.2731,0.0008,29.8650,2.0517,0.0251,30.4464,1.2731,0.0027,29.8634,2.0517,-0.0243,30.4461,-0.015950,-0.000126,29.8655,-0.025150,-0.000153,30.4464,-0.015952,0.000080,29.8639,-0.025151,0.000141,30.4461,-0.00010,0.00010,-0.54886,1.10826,-0.55497,0.00038,0.00010,-0.00010,-0.54886,1.10826,-0.55497,-0.00038,0.00015,-0.00037,0.00015,-0.00037,-0.00014,-0.00308,-0.22998,-1.56709,-0.38256,0.00190,0.00014,0.00349,-0.23001,-1.56702,-0.38257,-0.00063,-0.03033,-0.00164,-0.03033,-0.00164,6.000,6.000,12.000,12.000,6.000,6.000,6.000,6.000,12.000,12.000,6.000,6.000,6.000,6.000,6.000,6.000
0.0150,-0.00074,0.00000,0.46179,1.00000,0.00000,-0.00210,-0.00000,0.00847,0.00000,0.30067,0.30051,0.00416,0.00000,2,0.03454,0.00416,0.034540,0.01098,-1.3473,-0.0002,0.2301,0.0011,-0.6399,-0.0000,1.3925,0,0.04900,0.01900,0.0703,0.0703,-0.008976,0.069871,0.7629,0.0024,30.4006,1.3101,0.0254,31.0888,0.7628,0.0047,30.3970,1.3101,-0.0225,31.0872,-0.009289,-0.000155,30.4008,-0.015183,-0.000174,31.0888,-0.009292,0.000063,30.3972,-0.015184,0.000131,31.0872,-0.00010,0.00011,-0.54908,1.10887,-0.55542,0.00031,0.00010,-0.00011,-0.54908,1.10887,-0.55542,-0.00031,0.00013,-0.00033,0.00013,-0.00033,-0.00019,-0.00349,-0.16467,-1.48604,-0.23088,0.00283,0.00019,0.00433,-0.16474,-1.48589,-0.23092,-0.00025,-0.02031,-0.00052,-0.02031,-0.00052,6.000,6.000,12.000,12.000,6.000,6.000,6.000,6.000,12.000,12.000,6.000,6.000,6.000,6.000,6.000,6.000
0.0200,-0.00075,0.00000,0.46181,1.00000,0.00000,-0.00211,-0.00000,0.00846,0.00000,0.30071,0.30051,0.00421,0.00001,2,0.03459,0.00421,0.034590,0.00942,-1.3142,-0.0003,0.1315,0.0017,-0.5306,-0.0000,1.0578,0,0.04900,0.01900,0.0442,0.0442,-0.002814,0.069851,0.4359,0.0045,30.7645,0.8359,0.0253,31.5205,0.4359,0.0070,30.7580,0.8359,-0.0195,31.5169,-0.005134,-0.000182,30.7645,-0.009018,-0.000193,31.5205,-0.005137,0.000037,30.7581,-0.009020,0.000108,31.5169,-0.00010,0.00011,-0.54933,1.10944,-0.55583,0.00024,0.00010,-0.00012,-0.54933,1.10944,-0.55583,-0.00024,0.00010,-0.00030,0.00010,-0.00030,-0.00022,-0.00357,-0.12117,-1.43507,-0.13166,0.00380,0.00022,0.00493,-0.12128,-1.43481,-0.13173,0.00032,-0.01409,0.00010,-0.01409,0.00010,6.000,6.000,12.000,12.000,6.000,6.000,6.000,6.000,12.000,12.000,6.000,6.000,6.000,6.000,6.000,6.000
0.0250,-0.00075,0.00000,0.46182,1.00000,0.00000,-0.00209,-0.00000,0.00846,0.00000,0.30073,0.30051,0.00421,0.00001,2,0.03463,0.00421,0.034633,0.00795,-1.2687,-0.0003,0.0683,0.0025,-0.4562,-0.0001,0.7825,0,0.04900,0.01900,0.0279,0.0279,0.001063,0.069831,0.2264,0.0069,31.0131,0.5326,0.0258,31.8188,0.2264,0.0095,31.0028,0.5326,-0.0166,31.8124,-0.002501,-0.000208,31.0131,-0.005138,-0.000212,31.8188,-0.002506,0.000005,31.0028,-0.005142,0.000078,31.8124,-0.00010,0.00012,-0.54958,1.10993,-0.55617,0.00019,0.00010,-0.00012,-0.54958,1.10993,-0.55617,-0.00017,0.00008,-0.00026,0.00008,-0.00026,-0.00023,-0.00339,-0.09162,-1.40272,-0.06598,0.00479,0.00022,0.00535,-0.09180,-1.40230,-0.06610,0.00104,-0.01024,0.00041,-0.01024,0.00041,6.000,6.000,12.000,12.000,6.000,6.000,6.000,6.000,12.000,12.000,6.000,6.000,6.000,6.000,6.000,6.000
0.0300,-0.00075,0.00000,0.46183,1.00000,0.00000,-0.00207,-0.00000,0.00846,0.00000,0.30076,0.30051,0.00419,0.00002,2,0.03467,0.00419,0.034669,0.00663,-1.2190,-0.0004,0.0279,0.0033,-0.4057,-0.0002,0.5561,0,0.04900,0.01900,0.0176,0.0176,0.003541,0.069811,0.0924,0.0095,31.1829,0.3375,0.0269,32.0276,0.0924,0.0121,31.1679,0.3375,-0.0138,32.0174,-0.000812,-0.000233,31.1829,-0.002659,-0.000233,32.0276,-0.000818,-0.000032,31.1679,-0.002663,0.000044,32.0174,-0.00010,0.00012,-0.54982,1.11033,-0.55643,0.00014,0.00010,-0.00013,-0.54982,1.11033,-0.55643,-0.00012,0.00006,-0.00023,0.00006,-0.00023,-0.00022,-0.00306,-0.07109,-1.38186,-0.02192,0.00580,0.00022,0.00568,-0.07136,-1.38124,-0.02210,0.00185,-0.00787,0.00052,-0.00787,0.00052,6.000,6.000,12.000,12.000,6.000,6.000,6.000,6.000,12.000,12.000,6.000,6.000,6.000,6.000,6.000,6.000
0.0350,-0.00074,0.00000,0.46185,1.00000,0.00000,-0.00204,-0.00000,0.00846,0.00000,0.30077,0.30051,0.00414,0.00002,2,0.03470,0.00414,0.034698,0.00548,-1.1701,-0.0004,0.0021,0.0041,-0.3716,-0.0003,0.3696,0,0.04900,0.01900,0.0111,0.0110,0.005147,0.069789,0.0070,0.0123,31.2987,0.2117,0.0283,32.1743,0.0070,0.0148,31.2781,0.2117,-0.0111,32.1596,0.000286,-0.000258,31.2987,-0.001052,-0.000254,32.1743,0.000279,-0.000070,31.2781,-0.001058,0.000009,32.1596,-0.00010,0.00013,-0.55005,1.11063,-0.55660,0.00010,0.00010,-0.00014,-0.55005,1.11063,-0.55660,-0.00007,0.00004,-0.00019,0.00004,-0.00019,-0.00021,-0.00264,-0.05648,-1.36809,0.00806,0.00682,0.00020,0.00597,-0.05684,-1.36724,0.00782,0.00273,-0.00640,0.00053,-0.00640,0.00053,6.000,6.000,12.000,12.000,6.000,6.000,6.000,6.000,12.000,12.000,6.000,6.000,6.000,6.000,6.000,6.000
0.0400,-0.00073,0.00000,0.46186,1.00000,0.00000,-0.00200,-0.00000,0.00846,0.00000,0.30079,0.30051,0.00407,0.00003,2,0.03472,0.00407,0.034723,0.00449,-1.1247,-0.0004,-0.0142,0.0049,-0.3487,-0.0004,0.2161,0,0.04900,0.01900,0.0069,0.0068,0.006203,0.069766,-0.0469,0.0151,31.3777,0.1306,0.0299,32.2779,-0.0470,0.0176,31.3506,0.1306,-0.0085,32.2576,0.001010,-0.000285,31.3777,0.000004,-0.000277,32.2779,0.001001,-0.000109,31.3506,-0.000003,-0.000028,32.2576,-0.00010,0.00013,-0.55026,1.11084,-0.55670,0.00007,0.00010,-0.00014,-0.55026,1.11084,-0.55670,-0.00002,0.00002,-0.00016,0.00002,-0.00016,-0.00020,-0.00216,-0.04578,-1.35872,0.02881,0.00785,0.00019,0.00627,-0.04627,-1.35761,0.02849,0.00364,-0.00548,0.00050,-0.00549,0.00050,6.000,6.000,12.000,12.000,6.000,6.000,6.000,6.000,12.000,12.000,6.000,6.000,6.000,6.000,6.000,6.000
0.0450,-0.00072,0.00000,0.46187,1.00000,0.00000,-0.00195,-0.00000,0.00846,0.00000,0.30081,0.30051,0.00399,0.00004,2,0.03474,0.00399,0.034743,0.00367,-1.0842,-0.0005,-0.0244,0.0058,-0.3335,-0.0006,0.0898,0,0.04900,0.01900,0.0044,0.0041,0.006909,0.069741,-0.0808,0.0179,31.4318,0.0784,0.0317,32.3514,-0.0808,0.0203,31.3973,0.0784,-0.0060,32.3246,0.001496,-0.000312,31.4318,0.000710,-0.000302,32.3514,0.001485,-0.000148,31.3973,0.000701,-0.000064,32.3246,-0.00010,0.00013,-0.55046,1.11097,-0.55674,0.00005,0.00010,-0.00015,-0.55046,1.11097,-0.55674,0.00002,-0.00000,-0.00014,-0.00000,-0.00014,-0.00019,-0.00165,-0.03773,-1.35211,0.04342,0.00889,0.00017,0.00658,-0.03835,-1.35069,0.04302,0.00460,-0.00490,0.00044,-0.00491,0.00044,6.000,6.000,12.000,12.000,6.000,6.000,6.000,6.000,12.000,12.000,6.000,6.000,6.000,6.000,6.000,6.000
0.0500,-0.00071,0.00000,0.46189,1.00000,0.00000,-0.00190,-0.00000,0.00847,0.00000,0.30082,0.30051,0.00390,0.00005,2,0.03476,0.00390,0.034759,0.00297,-1.0490,-0.0005,-0.0307,0.0066,-0.3235,-0.0008,-0.0138,0,0.04900,0.01900,0.0029,0.0023,0.007389,0.069715,-0.1017,0.0207,31.4691,0.0449,0.0336,32.4038,-0.1017,0.0231,31.4263,0.0449,-0.0036,32.3697,0.001829,-0.000341,31.4691,0.001190,-0.000328,32.4038,0.001816,-0.000187,31.4263,0.001179,-0.000101,32.3697,-0.00010,0.00013,-0.55064,1.11103,-0.55672,0.00003,0.00010,-0.00016,-0.55064,1.11103,-0.55672,0.00006,-0.00003,-0.00011,-0.00003,-0.00011,-0.00018,-0.00111,-0.03151,-1.34724,0.05391,0.00994,0.00016,0.00692,-0.03228,-1.34548,0.05341,0.00558,-0.00452,0.00037,-0.00453,0.00037,6.000,6.000,12.000,12.000,6.000,6.000,6.000,6.000,12.000,12.000,6.000,6.000,6.000,6.000,6.000,6.000
0.0550,-0.00069,0.00000,0.46190,1.00000,0.00000,-0.00184,-0.00000,0.00847,0.00000,0.30084,0.30051,0.00379,0.00006,2,0.03477,0.00379,0.034772,0.00240,-1.0188,-0.0005,-0.0345,0.0075,-0.3170,-0.0011,-0.0988,0,0.04900,0.01900,0.0022,0.0012,0.007723,0.069687,-0.1144,0.0235,31.4954,0.0236,0.0355,32.4417,-0.1145,0.0259,31.4433,0.0235,-0.0012,32.3993,0.002062,-0.000371,31.4954,0.001524,-0.000355,32.4417,0.002047,-0.000226,31.4433,0.001511,-0.000137,32.3993,-0.00010,0.00012,-0.55081,1.11103,-0.55665,0.00003,0.00010,-0.00016,-0.55081,1.11103,-0.55665,0.00009,-0.00005,-0.00009,-0.00005,-0.00009,-0.00017,-0.00055,-0.02658,-1.34351,0.06159,0.01099,0.00014,0.00730,-0.02751,-1.34137,0.06098,0.00658,-0.00426,0.00031,-0.00426,0.00031,6.000,6.000,12.000,12.000,6.000,6.000,6.000,6.000,12.000,12.000,6.000,6.000,6.000,6.000,6.000,6.000
0.0600,-0.00068,0.00001,0.46191,1.00000,0.00000,-0.00178,-0.00000,0.00847,0.00000,0.30085,0.30051,0.00368,0.00007,2,0.03478,0.00368,0.034782,0.00194,-0.9934,-0.0005,-0.0368,0.0083,-0.3128,-0.0013,-0.1683,0,0.04900,0.01900,0.0020,0.0005,0.007961,0.069658,-0.1220,0.0263,31.5145,0.0100,0.0375,32.4695,-0.1220,0.0286,31.4522,0.0099,0.0011,32.4180,0.002230,-0.000403,31.5145,0.001761,-0.000383,32.4695,0.002211,-0.000265,31.4522,0.001746,-0.000173,32.4180,-0.00010,0.00012,-0.55096,1.11098,-0.55655,0.00002,0.00010,-0.00017,-0.55096,1.11098,-0.55655,0.00013,-0.00008,-0.00007,-0.00008,-0.00007,-0.00017,0.00002,-0.02257,-1.34055,0.06732,0.01205,0.00013,0.00772,-0.02369,-1.33799,0.06659,0.00761,-0.00406,0.00024,-0.00407,0.00024,6.000,6.000,12.000,12.000,6.000,6.000,6.000,6.000,12.000,12.000,6.000,6.000,6.000,6.000,6.000,6.000
0.0650,-0.00066,0.00001,0.46192,1.00000,0.00000,-0.00172,-0.00000,0.00848,0.00000,0.30086,0.30051,0.00357,0.00008,2,0.03479,0.00357,0.034791,0.00156,-0.9722,-0.0005,-0.0381,0.0091,-0.3100,-0.0016,-0.2249,0,0.04900,0.01900,0.0020,0.0002,0.008134,0.069628,-0.1263,0.0291,31.5291,0.0014,0.0394,32.4906,-0.1263,0.0313,31.4556,0.0013,0.0033,32.4290,0.002354,-0.000435,31.5291,0.001934,-0.000413,32.4906,0.002332,-0.000304,31.4556,0.001916,-0.000209,32.4290,-0.00010,0.00011,-0.55110,1.11089,-0.55642,0.00003,0.00010,-0.00018,-0.55110,1.11089,-0.55642,0.00016,-0.00011,-0.00005,-0.00011,-0.00005,-0.00016,0.00061,-0.01926,-1.33812,0.07167,0.01312,0.00012,0.00817,-0.02058,-1.33510,0.07080,0.00865,-0.00391,0.00019,-0.00392,0.00019,6.000,6.000,12.000,12.000,6.000,6.000,6.000,6.000,12.000,12.000,6.000,6.000,6.000,6.000,6.000,6.000
0.0700,-0.00065,0.00001,0.46194,1.00000,0.00000,-0.00166,-0.00000,0.00848,0.00000,0.30087,0.30051,0.00345,0.00009,2,0.03480,0.00345,0.034798,0.00125,-0.9545,-0.0005,-0.0388,0.0099,-0.3083,-0.0020,-0.2709,0,0.04900,0.01900,0.0021,0.0004,0.008264,0.069598,-0.1286,0.0318,31.5408,-0.0040,0.0414,32.5071,-0.1286,0.0340,31.4553,-0.0040,0.0055,32.4345,0.002447,-0.000468,31.5408,0.002064,-0.000444,32.5071,0.002423,-0.000343,31.4554,0.002043,-0.000245,32.4345,-0.00010,0.00010,-0.55123,1.11076,-0.55627,0.00004,0.00010,-0.00019,-0.55123,1.11077,-0.55627,0.00019,-0.00014,-0.00003,-0.00014,-0.00003,-0.00016,0.00122,-0.01648,-1.33608,0.07501,0.01420,0.00011,0.00866,-0.01801,-1.33257,0.07401,0.00971,-0.00377,0.00013,-0.00378,0.00013,6.000,6.000,12.000,12.000,6.000,6.000,6.000,6.000,12.000,12.000,6.000,6.000,6.000,6.000,6.000,6.000
0.0750,-0.00063,0.00001,0.46195,1.00000,0.00000,-0.00160,0.00000,0.00849,0.00001,0.30089,0.30051,0.00333,0.00011,2,0.03480,0.00333,0.034803,0.00100,-0.9399,-0.0005,-0.0391,0.0107,-0.3072,-0.0023,-0.3080,0,0.04900,0.01900,0.0022,0.0005,0.008363,0.069566,-0.1296,0.0345,31.5510,-0.0073,0.0433,32.5206,-0.1297,0.0367,31.4526,-0.0073,0.0076,32.4361,0.002520,-0.000502,31.5510,0.002163,-0.000475,32.5206,0.002492,-0.000382,31.4526,0.002138,-0.000281,32.4361,-0.00010,0.00009,-0.55134,1.11061,-0.55610,0.00005,0.00010,-0.00020,-0.55134,1.11062,-0.55610,0.00022,-0.00018,-0.00002,-0.00018,-0.00002,-0.00015,0.00185,-0.01411,-1.33435,0.07762,0.01529,0.00010,0.00918,-0.01587,-1.33031,0.07647,0.01079,-0.00365,0.00009,-0.00366,0.00009,6.000,6.000,12.000,12.000,6.000,6.000,6.000,6.000,12.000,12.000,6.000,6.000,6.000,6.000,6.000,6.000
0.0800,-0.00062,0.00001,0.46196,1.00000,0.00000,-0.00154,0.00000,0.00849,0.00001,0.30090,0.30051,0.00320,0.00012,2,0.03481,0.00320,0.034808,0.00080,-0.9278,-0.0005,-0.0392,0.0115,-0.3065,-0.0027,-0.3379,0,0.04900,0.01900,0.0024,0.0007,0.008441,0.069533,-0.1300,0.0371,31.5603,-0.0092,0.0452,32.5322,-0.1301,0.0393,31.4481,-0.0093,0.0097,32.4349,0.002578,-0.000537,31.5603,0.002240,-0.000508,32.5322,0.002546,-0.000420,31.4481,0.002212,-0.000317,32.4349,-0.00010,0.00008,-0.55145,1.11044,-0.55592,0.00007,0.00010,-0.00021,-0.55145,1.11045,-0.55593,0.00025,-0.00022,-0.00001,-0.00022,-0.00001,-0.00015,0.00250,-0.01206,-1.33287,0.07968,0.01639,0.00010,0.00974,-0.01407,-1.32826,0.07837,0.01188,-0.00354,0.00004,-0.00355,0.00004,6.000,6.000,12.000,12.000,6.000,6.000,6.000,6.000,12.000,12.000,6.000,6.000,6.000,6.000,6.000,6.000
0.0850,-0.00061,0.00002,0.46198,1.00000,0.00000,-0.00148,0.00000,0.00849,0.00001,0.30091,0.30051,0.00308,0.00014,2,0.03481,0.00308,0.034811,0.00064,-0.9178,-0.0005,-0.0392,0.0123,-0.3060,-0.0030,-0.3617,0,0.04900,0.01900,0.0025,0.0008,0.008503,0.069500,-0.1299,0.0397,31.5694,-0.0104,0.0470,32.5426,-0.1300,0.0419,31.4424,-0.0105,0.0117,32.4316,0.002625,-0.000573,31.5694,0.002302,-0.000541,32.5426,0.002589,-0.000459,31.4424,0.002271,-0.000353,32.4316,-0.00010,0.00007,-0.55155,1.11026,-0.55574,0.00009,0.00010,-0.00022,-0.55155,1.11027,-0.55575,0.00028,-0.00026,0.00000,-0.00026,0.00001,-0.00015,0.00317,-0.01028,-1.33160,0.08132,0.01751,0.00009,0.01033,-0.01256,-1.32639,0.07983,0.01299,-0.00343,0.00001,-0.00345,0.00001,6.000,6.000,12.000,12.000,6.000,6.000,6.000,6.000,12.000,12.000,6.000,6.000,6.000,6.000,6.000,6.000
0.0900,-0.00059,0.00002,0.46199,1.00000,0.00000,-0.00142,0.00000,0.00850,0.00001,0.30092,0.30051,0.00296,0.00016,2,0.03481,0.00296,0.034814,0.00051,-0.9096,-0.0005,-0.0391,0.0131,-0.3056,-0.0034,-0.3806,0,0.04900,0.01900,0.0026,0.0009,0.008553,0.069466,-0.1295,0.0423,31.5785,-0.0110,0.0489,32.5524,-0.1296,0.0444,31.4358,-0.0111,0.0137,32.4269,0.002664,-0.000609,31.5785,0.002352,-0.000574,32.5524,0.002624,-0.000499,31.4358,0.002317,-0.000390,32.4269,-0.00010,0.00006,-0.55164,1.11006,-0.55556,0.00011,0.00010,-0.00024,-0.55164,1.11007,-0.55556,0.00031,-0.00030,0.00001,-0.00030,0.00001,-0.00015,0.00386,-0.00871,-1.33050,0.08263,0.01863,0.00008,0.01096,-0.01127,-1.32465,0.08096,0.01412,-0.00333,-0.00003,-0.00334,-0.00003,6.000,6.000,12.000,12.000,6.000,6.000,6.000,6.000,12.000,12.000,6.000,6.000,6.000,6.000,6.000,6.000
0.0950,-0.00058,0.00002,0.46201,1.00000,0.00000,-0.00136,0.00000,0.00850,0.00001,0.30093,0.30051,0.00284,0.00017,2,0.03482,0.00284,0.034816,0.00040,-0.9028,-0.0005,-0.0390,0.0138,-0.3053,-0.0038,-0.3953,0,0.04900,0.01900,0.0027,0.0010,0.008594,0.069432,-0.1291,0.0448,31.5878,-0.0113,0.0507,32.5620,-0.1292,0.0470,31.4286,-0.0114,0.0157,32.4209,0.002696,-0.000646,31.5878,0.002393,-0.000609,32.5620,0.002651,-0.000538,31.4286,0.002353,-0.000426,32.4209,-0.00010,0.00004,-0.55172,1.10986,-0.55537,0.00014,0.00010,-0.00025,-0.55173,1.10987,-0.55538,0.00034,-0.00035,0.00002,-0.00035,0.00002,-0.00016,0.00458,-0.00732,-1.32956,0.08369,0.01976,0.00008,0.01162,-0.01017,-1.32304,0.08183,0.01525,-0.00322,-0.00006,-0.00325,-0.00006,6.000,6.000,12.000,12.000,6.000,6.000,6.000,6.000,12.000,12.000,6.000,6.000,6.000,6.000,6.000,6.000
0.1000,-0.00056,0.00003,0.46202,1.00000,0.00000,-0.00130,0.00000,0.00850,0.00001,0.30094,0.30051,0.00272,0.00019,2,0.03482,0.00272,0.034818,0.00032,-0.8972,-0.0005,-0.0388,0.0146,-0.3050,-0.0042,-0.4067,0,0.04900,0.01900,0.0027,0.0011,0.008628,0.069397,-0.1285,0.0474,31.5975,-0.0113,0.0525,32.5715,-0.1287,0.0495,31.4209,-0.0115,0.0176,32.4140,0.002722,-0.000684,31.5975,0.002427,-0.000643,32.5715,0.002673,-0.000577,31.4208,0.002383,-0.000463,32.4140,-0.00010,0.00003,-0.55180,1.10965,-0.55518,0.00016,0.00010,-0.00027,-0.55181,1.10966,-0.55519,0.00037,-0.00040,0.00003,-0.00040,0.00003,-0.00016,0.00531,-0.00608,-1.32876,0.08454,0.02091,0.00007,0.01230,-0.00924,-1.32152,0.08248,0.01640,-0.00313,-0.00008,-0.00315,-0.00008,6.000,6.000,12.000,12.000,6.000,6.000,6.000,6.000,12.000,12.000,6.000,6.000,6.000,6.000,6.000,6.000
0.1050,-0.00055,0.00003,0.46203,1.00000,0.00000,-0.00124,0.00000,0.00851,0.00002,0.30095,0.30051,0.00260,0.00021,2,0.03482,0.00260,0.034819,0.00025,-0.8924,-0.0005,-0.0386,0.0153,-0.3047,-0.0046,-0.4154,0,0.04900,0.01900,0.0028,0.0012,0.008656,0.069362,-0.1280,0.0498,31.6076,-0.0113,0.0542,32.5811,-0.1281,0.0519,31.4126,-0.0114,0.0195,32.4064,0.002745,-0.000722,31.6076,0.002455,-0.000678,32.5811,0.002691,-0.000617,31.4126,0.002406,-0.000500,32.4064,-0.00010,0.00001,-0.55187,1.10943,-0.55499,0.00019,0.00010,-0.00029,-0.55188,1.10945,-0.55501,0.00040,-0.00044,0.00003,-0.00045,0.00003,-0.00016,0.00608,-0.00496,-1.32808,0.08523,0.02206,0.00007,0.01302,-0.00845,-1.32009,0.08296,0.01757,-0.00303,-0.00011,-0.00306,-0.00011,6.000,6.000,12.000,12.000,6.000,6.000,6.000,6.000,12.000,12.000,6.000,6.000,6.000,6.000,6.000,6.000
0.1100,-0.00053,0.00003,0.46204,1.00000,0.00000,-0.00119,0.00000,0.00851,0.00002,0.30097,0.30051,0.00249,0.00023,2,0.03482,0.00249,0.034820,0.00020,-0.8885,-0.0005,-0.0385,0.0161,-0.3044,-0.0051,-0.4218,0,0.04900,0.01900,0.0029,0.0012,0.008680,0.069326,-0.1275,0.0523,31.6182,-0.0111,0.0559,32.5909,-0.1276,0.0544,31.4040,-0.0113,0.0213,32.3981,0.002764,-0.000760,31.6182,0.002479,-0.000714,32.5909,0.002705,-0.000657,31.4040,0.002425,-0.000537,32.3981,-0.00010,-0.00001,-0.55194,1.10922,-0.55481,0.00023,0.00010,-0.00031,-0.55195,1.10924,-0.55482,0.00044,-0.00049,0.00004,-0.00050,0.00004,-0.00016,0.00686,-0.00394,-1.32751,0.08579,0.02323,0.00006,0.01377,-0.00777,-1.31874,0.08330,0.01874,-0.00294,-0.00013,-0.00296,-0.00013,6.000,6.000,12.000,12.000,6.000,6.000,6.000,6.000,12.000,12.000,6.000,6.000,6.000,6.000,6.000,6.000
0.1150,-0.00052,0.00004,0.46206,1.00000,0.00000,-0.00113,0.00000,0.00851,0.00002,0.30098,0.30051,0.00237,0.00025,2,0.03482,0.00237,0.034821,0.00016,-0.8851,-0.0005,-0.0383,0.0168,-0.3041,-0.0055,-0.4263,0,0.04900,0.01900,0.0030,0.0013,0.008700,0.069290,-0.1269,0.0547,31.6293,-0.0109,0.0576,32.6011,-0.1271,0.0568,31.3950,-0.0111,0.0231,32.3892,0.002780,-0.000798,31.6292,0.002499,-0.000750,32.6011,0.002716,-0.000698,31.3950,0.002440,-0.000575,32.3892,-0.00010,-0.00003,-0.55200,1.10900,-0.55463,0.00026,0.00010,-0.00033,-0.55201,1.10902,-0.55464,0.00048,-0.00054,0.00004,-0.00055,0.00004,-0.00016,0.00767,-0.00300,-1.32704,0.08624,0.02441,0.00006,0.01454,-0.00720,-1.31745,0.08352,0.01993,-0.00285,-0.00015,-0.00288,-0.00015,6.000,6.000,12.000,12.000,6.000,6.000,6.000,6.000,12.000,12.000,6.000,6.000,6.000,6.000,6.000,6.000
0.1200,-0.00051,0.00004,0.46207,1.00000,0.00000,-0.00108,0.00000,0.00852,0.00003,0.30099,0.30051,0.00226,0.00028,2,0.03482,0.00226,0.034822,0.00012,-0.8822,-0.0005,-0.0382,0.0175,-0.3038,-0.0059,-0.4293,0,0.04900,0.01900,0.0031,0.0014,0.008717,0.069254,-0.1264,0.0571,31.6408,-0.0107,0.0592,32.6116,-0.1266,0.0591,31.3855,-0.0109,0.0248,32.3798,0.002794,-0.000837,31.6408,0.002516,-0.000786,32.6116,0.002724,-0.000738,31.3855,0.002452,-0.000612,32.3798,-0.00010,-0.00005,-0.55206,1.10878,-0.55445,0.00030,0.00010,-0.00035,-0.55207,1.10881,-0.55447,0.00051,-0.00060,0.00004,-0.00060,0.00004,-0.00017,0.00851,-0.00214,-1.32665,0.08662,0.02560,0.00005,0.01534,-0.00671,-1.31621,0.08365,0.02113,-0.00276,-0.00016,-0.00279,-0.00016,6.000,6.000,12.000,12.000,6.000,6.000,6.000,6.000,12.000,12.000,6.000,6.000,6.000,6.000,6.000,6.000
0.1250,-0.00049,0.00005,0.46208,1.00000,0.00000,-0.00102,0.00000,0.00852,0.00003,0.30100,0.30051,0.00215,0.00030,2,0.03482,0.00215,0.034822,0.00010,-0.8797,-0.0005,-0.0380,0.0182,-0.3034,-0.0064,-0.4312,0,0.04900,0.01900,0.0032,0.0015,0.008732,0.069217,-0.1260,0.0595,31.6529,-0.0105,0.0608,32.6225,-0.1262,0.0615,31.3757,-0.0107,0.0266,32.3699,0.002806,-0.000877,31.6529,0.002530,-0.000822,32.6225,0.002730,-0.000779,31.3757,0.002461,-0.000650,32.3699,-0.00011,-0.00008,-0.55211,1.10856,-0.55428,0.00034,0.00010,-0.00038,-0.55212,1.10859,-0.55430,0.00055,-0.00065,0.00004,-0.00065,0.00004,-0.00017,0.00937,-0.00134,-1.32635,0.08692,0.02680,0.00005,0.01618,-0.00631,-1.31502,0.08371,0.02234,-0.00268,-0.00018,-0.00271,-0.00018,6.000,6.000,12.000,12.000,6.000,6.000,6.000,6.000,12.000,12.000,6.000,6.000,6.000,6.000,6.000,6.000
0.1300,-0.00048,0.00006,0.46209,1.00000,0.00000,-0.00097,0.00000,0.00852,0.00003,0.30100,0.30051,0.00205,0.00032,2,0.03482,0.00205,0.034823,0.00007,-0.8775,-0.0005,-0.0379,0.0189,-0.3031,-0.0068,-0.4320,0,0.04900,0.01900,0.0032,0.0016,0.008744,0.069180,-0.1255,0.0618,31.6655,-0.0102,0.0624,32.6338,-0.1258,0.0638,31.3655,-0.0105,0.0283,32.3595,0.002817,-0.000916,31.6654,0.002543,-0.000859,32.6338,0.002735,-0.000820,31.3655,0.002467,-0.000689,32.3595,-0.00011,-0.00010,-0.55216,1.10835,-0.55411,0.00038,0.00010,-0.00040,-0.55218,1.10838,-0.55413,0.00060,-0.00070,0.00004,-0.00070,0.00004,-0.00017,0.01026,-0.00059,-1.32612,0.08717,0.02801,0.00005,0.01703,-0.00596,-1.31386,0.08370,0.02356,-0.00260,-0.00019,-0.00263,-0.00019,6.000,6.000,12.000,12.000,6.000,6.000,6.000,6.000,12.000,12.000,6.000,6.000,6.000,6.000,6.000,6.000
0.1350,-0.00047,0.00006,0.46211,1.00000,0.00000,-0.00092,0.00000,0.00853,0.00004,0.30101,0.30051,0.00194,0.00035,2,0.03482,0.00194,0.034823,0.00006,-0.8756,-0.0005,-0.0378,0.0196,-0.3027,-0.0073,-0.4320,0,0.04900,0.01900,0.0033,0.0016,0.008755,0.069143,-0.1251,0.0641,31.6785,-0.0100,0.0639,32.6455,-0.1254,0.0661,31.3549,-0.0103,0.0299,32.3486,0.002826,-0.000956,31.6785,0.002553,-0.000896,32.6455,0.002737,-0.000862,31.3549,0.002472,-0.000727,32.3486,-0.00011,-0.00013,-0.55221,1.10814,-0.55394,0.00042,0.00010,-0.00043,-0.55223,1.10817,-0.55397,0.00064,-0.00075,0.00004,-0.00076,0.00004,-0.00018,0.01118,0.00012,-1.32596,0.08738,0.02923,0.00004,0.01792,-0.00568,-1.31274,0.08363,0.02479,-0.00252,-0.00021,-0.00256,-0.00021,6.000,6.000,12.000,12.000,6.000,6.000,6.000,6.000,12.000,12.000,6.000,6.000,6.000,6.000,6.000,6.000
0.1400,-0.00046,0.00007,0.46212,1.00000,0.00000,-0.00087,0.00000,0.00853,0.00004,0.30102,0.30051,0.00184,0.00038,2,0.03482,0.00184,0.034823,0.00004,-0.8739,-0.0005,-0.0377,0.0203,-0.3023,-0.0078,-0.4315,0,0.04900,0.01900,0.0034,0.0017,0.008764,0.069106,-0.1247,0.0664,31.6920,-0.0098,0.0654,32.6576,-0.1250,0.0684,31.3439,-0.0100,0.0315,32.3373,0.002833,-0.000996,31.6920,0.002563,-0.000933,32.6576,0.002738,-0.000903,31.3438,0.002475,-0.000766,32.3373,-0.00011,-0.00016,-0.55226,1.10793,-0.55378,0.00047,0.00010,-0.00046,-0.55227,1.10797,-0.55381,0.00068,-0.00080,0.00004,-0.00081,0.00004,-0.00018,0.01212,0.00079,-1.32585,0.08755,0.03046,0.00004,0.01883,-0.00545,-1.31164,0.08353,0.02604,-0.00244,-0.00022,-0.00248,-0.00022,6.000,6.000,12.000,12.000,6.000,6.000,6.000,6.000,12.000,12.000,6.000,6.000,6.000,6.000,6.000,6.000
0.1450,-0.00044,0.00008,0.46213,1.00000,0.00000,-0.00082,0.00000,0.00853,0.00005,0.30103,0.30051,0.00174,0.00040,2,0.03482,0.00174,0.034823,0.00003,-0.8723,-0.0005,-0.0375,0.0210,-0.3019,-0.0082,-0.4304,0,0.04900,0.01900,0.0034,0.0018,0.008772,0.069068,-0.1243,0.0686,31.7060,-0.0095,0.0669,32.6702,-0.1246,0.0706,31.3324,-0.0098,0.0331,32.3256,0.002840,-0.001036,31.7060,0.002571,-0.000971,32.6702,0.002739,-0.000945,31.3324,0.002476,-0.000805,32.3256,-0.00011,-0.00020,-0.55230,1.10772,-0.55362,0.00052,0.00010,-0.00049,-0.55231,1.10777,-0.55365,0.00073,-0.00086,0.00003,-0.00086,0.00003,-0.00018,0.01308,0.00143,-1.32581,0.08770,0.03170,0.00003,0.01977,-0.00526,-1.31056,0.08338,0.02729,-0.00237,-0.00023,-0.00241,-0.00023,6.000,6.000,12.000,12.000,6.000,6.000,6.000,6.000,12.000,12.000,6.000,6.000,6.000,6.000,6.000,6.000
0.1500,-0.00043,0.00009,0.46214,1.00000,0.00001,-0.00078,0.00000,0.00854,0.00005,0.30104,0.30051,0.00165,0.00043,2,0.03482,0.00165,0.034824,0.00002,-0.8708,-0.0005,-0.0374,0.0217,-0.3016,-0.0087,-0.4289,0,0.04900,0.01900,0.0035,0.0019,0.008779,0.069030,-0.1239,0.0708,31.7204,-0.0093,0.0684,32.6832,-0.1243,0.0729,31.3206,-0.0096,0.0347,32.3134,0.002846,-0.001077,31.7204,0.002578,-0.001009,32.6832,0.002738,-0.000988,31.3205,0.002477,-0.000844,32.3134,-0.00011,-0.00023,-0.55234,1.10752,-0.55347,0.00057,0.00010,-0.00053,-0.55235,1.10757,-0.55350,0.00078,-0.00091,0.00003,-0.00091,0.00003,-0.00019,0.01408,0.00204,-1.32581,0.08782,0.03295,0.00003,0.02074,-0.00512,-1.30949,0.08321,0.02855,-0.00230,-0.00024,-0.00235,-0.00024,6.000,6.000,12.000,12.000,6.000,6.000,6.000,6.000,12.000,12.000,6.000,6.000,6.000,6.000,6.000,6.000
0.1550,-0.00042,0.00009,0.46215,1.00000,0.00001,-0.00073,0.00000,0.00854,0.00006,0.30105,0.30051,0.00155,0.00046,2,0.03483,0.00155,0.034824,0.00002,-0.8694,-0.0005,-0.0373,0.0223,-0.3012,-0.0092,-0.4271,0,0.04900,0.01900,0.0036,0.0019,0.008785,0.068992,-0.1236,0.0730,31.7353,-0.0091,0.0698,32.6966,-0.1239,0.0750,31.3083,-0.0094,0.0362,32.3008,0.002852,-0.001117,31.7353,0.002584,-0.001046,32.6966,0.002736,-0.001030,31.3082,0.002476,-0.000884,32.3008,-0.00011,-0.00027,-0.55237,1.10732,-0.55332,0.00062,0.00010,-0.00056,-0.55239,1.10737,-0.55336,0.00083,-0.00096,0.00003,-0.00096,0.00003,-0.00019,0.01510,0.00264,-1.32586,0.08793,0.03420,0.00003,0.02173,-0.00501,-1.30844,0.08301,0.02982,-0.00223,-0.00025,-0.00228,-0.00025,6.000,6.000,12.000,12.000,6.000,6.000,6.000,6.000,12.000,12.000,6.000,6.000,6.000,6.000,6.000,6.000
0.1600,-0.00041,0.00010,0.46216,1.00000,0.00001,-0.00069,0.00000,0.00854,0.00007,0.30106,0.30051,0.00146,0.00049,2,0.03483,0.00146,0.034824,0.00001,-0.8682,-0.0005,-0.0372,0.0230,-0.3008,-0.0097,-0.4251,0,0.04900,0.01900,0.0037,0.0020,0.008791,0.068954,-0.1233,0.0752,31.7507,-0.0089,0.0712,32.7104,-0.1236,0.0772,31.2956,-0.0092,0.0377,32.2877,0.002857,-0.001158,31.7506,0.002589,-0.001084,32.7104,0.002733,-0.001073,31.2955,0.002474,-0.000924,32.2877,-0.00011,-0.00031,-0.55241,1.10712,-0.55317,0.00067,0.00010,-0.00060,-0.55243,1.10718,-0.55322,0.00089,-0.00101,0.00002,-0.00101,0.00002,-0.00019,0.01614,0.00322,-1.32596,0.08803,0.03547,0.00002,0.02275,-0.00493,-1.30740,0.08278,0.03110,-0.00217,-0.00026,-0.00222,-0.00026,6.000,6.000,12.000,12.000,6.000,6.000,6.000,6.000,12.000,12.000,6.000,6.000,6.000,6.000,6.000,6.000
0.1650,-0.00040,0.00011,0.46217,1.00000,0.00001,-0.00065,0.00000,0.00854,0.00007,0.30107,0.30051,0.00138,0.00052,2,0.03483,0.00138,0.034824,0.00001,-0.8669,-0.0005,-0.0371,0.0236,-0.3004,-0.0102,-0.4229,0,0.04900,0.01900,0.0037,0.0021,0.008796,0.068915,-0.1229,0.0774,31.7665,-0.0086,0.0726,32.7247,-0.1233,0.0794,31.2824,-0.0090,0.0392,32.2742,0.002861,-0.001199,31.7664,0.002594,-0.001122,32.7247,0.002730,-0.001116,31.2824,0.002472,-0.000964,32.2742,-0.00011,-0.00035,-0.55244,1.10693,-0.55303,0.00073,0.00010,-0.00064,-0.55246,1.10699,-0.55308,0.00095,-0.00106,0.00002,-0.00106,0.00002,-0.00020,0.01721,0.00378,-1.32609,0.08812,0.03674,0.00002,0.02380,-0.00489,-1.30636,0.08255,0.03239,-0.00211,-0.00027,-0.00216,-0.00027,6.000,6.000,12.000,12.000,6.000,6.000,6.000,6.000,12.000,12.000,6.000,6.000,6.000,6.000,6.000,6.000
0.1700,-0.00039,0.00012,0.46218,1.00000,0.00001,-0.00060,0.00000,0.00855,0.00008,0.30108,0.30051,0.00129,0.00055,2,0.03483,0.00129,0.034824,0.00000,-0.8657,-0.0005,-0.0370,0.0243,-0.3000,-0.0106,-0.4205,0,0.04900,0.01900,0.0038,0.0021,0.008800,0.068877,-0.1226,0.0795,31.7827,-0.0084,0.0739,32.7395,-0.1230,0.0815,31.2688,-0.0088,0.0406,32.2602,0.002865,-0.001240,31.7827,0.002599,-0.001161,32.7395,0.002726,-0.001159,31.2688,0.002469,-0.001004,32.2602,-0.00011,-0.00039,-0.55247,1.10674,-0.55289,0.00079,0.00010,-0.00068,-0.55249,1.10680,-0.55294,0.00100,-0.00111,0.00001,-0.00111,0.00001,-0.00020,0.01831,0.00433,-1.32627,0.08820,0.03803,0.00001,0.02487,-0.00487,-1.30533,0.08229,0.03368,-0.00205,-0.00028,-0.00210,-0.00027,6.000,6.000,12.000,12.000,6.000,6.000,6.000,6.000,12.000,12.000,6.000,6.000,6.000,6.000,6.000,6.000
0.1750,-0.00038,0.00013,0.46219,1.00000,0.00001,-0.00056,0.00000,0.00855,0.00009,0.30108,0.30051,0.00121,0.00059,2,0.03483,0.00121,0.034824,-0.00000,-0.8646,-0.0005,-0.0370,0.0249,-0.2996,-0.0112,-0.4181,0,0.04900,0.01900,0.0039,0.0022,0.008804,0.068838,-0.1223,0.0816,31.7994,-0.0082,0.0752,32.7546,-0.1227,0.0836,31.2548,-0.0087,0.0421,32.2459,0.002869,-0.001281,31.7993,0.002603,-0.001199,32.7546,0.002722,-0.001203,31.2547,0.002465,-0.001045,32.2459,-0.00011,-0.00043,-0.55250,1.10655,-0.55276,0.00085,0.00010,-0.00073,-0.55252,1.10662,-0.55281,0.00106,-0.00115,0.00000,-0.00116,0.00000,-0.00020,0.01944,0.00487,-1.32648,0.08828,0.03932,0.00001,0.02597,-0.00488,-1.30430,0.08202,0.03499,-0.00199,-0.00028,-0.00204,-0.00028,6.000,6.000,12.000,12.000,6.000,6.000,6.000,6.000,12.000,12.000,6.000,6.000,6.000,6.000,6.000,6.000
0.1800,-0.00037,0.00015,0.46220,1.00000,0.00001,-0.00052,0.00000,0.00855,0.00010,0.30109,0.30051,0.00113,0.00062,2,0.03483,0.00113,0.034824,-0.00000,-0.8635,-0.0005,-0.0369,0.0255,-0.2992,-0.0117,-0.4156,0,0.04900,0.01900,0.0039,0.0023,0.008808,0.068799,-0.1220,0.0837,31.8165,-0.0080,0.0765,32.7702,-0.1225,0.0856,31.2403,-0.0085,0.0434,32.2310,0.002873,-0.001322,31.8164,0.002607,-0.001238,32.7702,0.002717,-0.001246,31.2403,0.002461,-0.001086,32.2310,-0.00011,-0.00048,-0.55252,1.10637,-0.55263,0.00091,0.00010,-0.00078,-0.55255,1.10645,-0.55268,0.00113,-0.00120,-0.00000,-0.00121,-0.00000,-0.00021,0.02059,0.00541,-1.32673,0.08836,0.04061,0.00001,0.02709,-0.00491,-1.30326,0.08174,0.03630,-0.00193,-0.00029,-0.00199,-0.00028,6.000,6.000,12.000,12.000,6.000,6.000,6.000,6.000,12.000,12.000,6.000,6.000,6.000,6.000,6.000,6.000
0.1850,-0.00036,0.00016,0.46221,1.00000,0.00001,-0.00049,0.00000,0.00855,0.00010,0.30110,0.30051,0.00105,0.00065,2,0.03483,0.00105,0.034824,-0.00001,-0.8624,-0.0005,-0.0368,0.0262,-0.2988,-0.0122,-0.4130,0,0.04900,0.01900,0.0040,0.0024,0.008812,0.068761,-0.1217,0.0857,31.8340,-0.0078,0.0778,32.7862,-0.1222,0.0877,31.2254,-0.0083,0.0448,32.2158,0.002876,-0.001364,31.8340,0.002611,-0.001277,32.7862,0.002712,-0.001290,31.2254,0.002456,-0.001127,32.2158,-0.00011,-0.00053,-0.55254,1.10619,-0.55250,0.00098,0.00010,-0.00083,-0.55257,1.10627,-0.55256,0.00119,-0.00125,-0.00001,-0.00126,-0.00001,-0.00021,0.02177,0.00594,-1.32701,0.08844,0.04192,0.00000,0.02824,-0.00497,-1.30223,0.08145,0.03762,-0.00188,-0.00026,-0.00194,-0.00027,6.000,6.000,12.000,12.000,6.000,6.000,6.000,6.000,12.000,12.000,6.000,6.000,6.000,6.000,6.000,6.000
0.1900,-0.00035,0.00017,0.46222,1.00000,0.00001,-0.00045,0.00000,0.00856,0.00011,0.30111,0.30051,0.00097,0.00069,2,0.03483,0.00097,0.034824,-0.00001,-0.8613,-0.0005,-0.0367,0.0268,-0.2984,-0.0127,-0.4102,0,0.04900,0.01900,0.0040,0.0024,0.008816,0.068722,-0.1214,0.0878,31.8520,-0.0076,0.0790,32.8026,-0.1219,0.0897,31.2101,-0.0082,0.0461,32.2001,0.002880,-0.001405,31.8520,0.002615,-0.001315,32.8026,0.002706,-0.001335,31.2100,0.002451,-0.001168,32.2001,-0.00011,-0.00058,-0.55257,1.10602,-0.55237,0.00105,0.00010,-0.00088,-0.55260,1.10610,-0.55244,0.00126,-0.00129,-0.00001,-0.00130,-0.00001,-0.00021,0.02298,0.00646,-1.32732,0.08851,0.04323,-0.00000,0.02942,-0.00504,-1.30120,0.08115,0.03895,-0.00184,-0.00020,-0.00190,-0.00021,6.000,6.000,12.000,12.000,6.000,6.000,6.000,6.000,12.000,12.000,6.000,6.000,6.000,6.000,6.000,6.000
0.1950,-0.00034,0.00019,0.46223,1.00000,0.00001,-0.00041,0.00000,0.00856,0.00012,0.30111,0.30051,0.00090,0.00073,2,0.03483,0.00090,0.034824,-0.00001,-0.8603,-0.0005,-0.0366,0.0274,-0.2980,-0.0132,-0.4075,0,0.04900,0.01900,0.0041,0.0025,0.008819,0.068682,-0.1211,0.0898,31.8704,-0.0075,0.0802,32.8195,-0.1217,0.0917,31.1943,-0.0080,0.0475,32.1839,0.002883,-0.001447,31.8704,0.002618,-0.001354,32.8195,0.002700,-0.001379,31.1943,0.002446,-0.001209,32.1839,-0.00011,-0.00064,-0.55259,1.10584,-0.55225,0.00112,0.00010,-0.00093,-0.55262,1.10594,-0.55232,0.00133,-0.00134,-0.00001,-0.00135,-0.00001,-0.00022,0.02421,0.00698,-1.32767,0.08859,0.04455,-0.00000,0.03062,-0.00514,-1.30016,0.08085,0.04028,-0.00180,-0.00016,-0.00186,-0.00017,6.000,6.000,12.000,12.000,6.000,6.000,6.000,6.000,12.000,12.000,6.000,6.000,6.000,6.000,6.000,6.000
0.2000,-0.00033,0.00020,0.46224,1.00000,0.00001,-0.00038,0.00000,0.00856,0.00013,0.30112,0.30051,0.00082,0.00077,2,0.03483,0.00082,0.034824,-0.00001,-0.8592,-0.0005,-0.0365,0.0280,-0.2976,-0.0137,-0.4048,0,0.04900,0.01900,0.0041,0.0026,0.008823,0.068643,-0.1208,0.0917,31.8893,-0.0073,0.0814,32.8368,-0.1214,0.0937,31.1781,-0.0078,0.0487,32.1673,0.002886,-0.001489,31.8892,0.002622,-0.001393,32.8368,0.002694,-0.001424,31.1780,0.002440,-0.001251,32.1673,-0.00011,-0.00070,-0.55261,1.10568,-0.55214,0.00119,0.00010,-0.00099,-0.55264,1.10577,-0.55221,0.00141,-0.00138,-0.00001,-0.00139,-0.00001,-0.00022,0.02547,0.00749,-1.32804,0.08868,0.04588,-0.00001,0.03185,-0.00525,-1.29911,0.08054,0.04162,-0.00175,-0.00013,-0.00182,-0.00014,6.000,6.000,12.000,12.000,6.000,6.000,6.000,6.000,12.000,12.000,6.000,6.000,6.000,6.000,6.000,6.000
0.2050,-0.00032,0.00021,0.46225,1.00000,0.00001,-0.00034,0.00001,0.00856,0.00014,0.30113,0.30051,0.00075,0.00080,2,0.03483,0.00075,0.034824,-0.00001,-0.8582,-0.0005,-0.0365,0.0286,-0.2972,-0.0143,-0.4022,0,0.04900,0.01900,0.0042,0.0026,0.008826,0.068604,-0.1206,0.0937,31.9085,-0.0071,0.0825,32.8545,-0.1212,0.0956,31.1614,-0.0077,0.0500,32.1503,0.002890,-0.001530,31.9085,0.002625,-0.001432,32.8545,0.002688,-0.001469,31.1614,0.002434,-0.001293,32.1503,-0.00011,-0.00076,-0.55262,1.10551,-0.55202,0.00127,0.00009,-0.00105,-0.55266,1.10561,-0.55210,0.00148,-0.00142,-0.00001,-0.00144,-0.00001,-0.00022,0.02676,0.00801,-1.32844,0.08877,0.04721,-0.00001,0.03311,-0.00538,-1.29806,0.08022,0.04297,-0.00171,-0.00010,-0.00178,-0.00011,6.000,6.000,12.000,12.000,6.000,6.000,6.000,6.000,12.000,12.000,6.000,6.000,6.000,6.000,6.000,6.000
0.2100,-0.00031,0.00023,0.46226,1.00000,0.00001,-0.00031,0.00001,0.00857,0.00015,0.30113,0.30051,0.00069,0.00084,2,0.03483,0.00069,0.034824,-0.00001,-0.8572,-0.0005,-0.0364,0.0291,-0.2968,-0.0148,-0.3997,0,0.04900,0.01900,0.0043,0.0027,0.008830,0.068564,-0.1203,0.0956,31.9282,-0.0069,0.0837,32.8726,-0.1209,0.0976,31.1443,-0.0076,0.0512,32.1329,0.002893,-0.001572,31.9281,0.002629,-0.001472,32.8726,0.002682,-0.001514,31.1443,0.002428,-0.001335,32.1329,-0.00011,-0.00082,-0.55264,1.10535,-0.55191,0.00134,0.00009,-0.00111,-0.55268,1.10546,-0.55199,0.00156,-0.00147,-0.00001,-0.00148,-0.00001,-0.00023,0.02808,0.00852,-1.32887,0.08886,0.04855,-0.00001,0.03439,-0.00552,-1.29700,0.07990,0.04433,-0.00166,-0.00009,-0.00174,-0.00010,6.000,6.000,12.000,12.000,6.000,6.000,6.000,6.000,12.000,12.000,6.000,6.000,6.000,6.000,6.000,6.000
0.2150,-0.00031,0.00025,0.46226,1.00000,0.00001,-0.00028,0.00001,0.00857,0.00017,0.30114,0.30051,0.00062,0.00088,2,0.03483,0.00062,0.034823,-0.00001,-0.8561,-0.0005,-0.0363,0.0297,-0.2964,-0.0154,-0.3972,0,0.04900,0.01900,0.0043,0.0027,0.008833,0.068525,-0.1200,0.0976,31.9483,-0.0067,0.0848,32.8912,-0.1207,0.0995,31.1268,-0.0074,0.0524,32.1150,0.002897,-0.001614,31.9483,0.002632,-0.001511,32.8912,0.002675,-0.001559,31.1267,0.002422,-0.001378,32.1150,-0.00012,-0.00088,-0.55265,1.10519,-0.55180,0.00143,0.00009,-0.00118,-0.55269,1.10531,-0.55189,0.00164,-0.00151,-0.00001,-0.00152,-0.00001,-0.00023,0.02942,0.00904,-1.32932,0.08897,0.04990,-0.00002,0.03570,-0.00568,-1.29593,0.07958,0.04569,-0.00162,-0.00008,-0.00170,-0.00008,6.000,6.000,12.000,12.000,6.000,6.000,6.000,6.000,12.000,12.000,6.000,6.000,6.000,6.000,6.000,6.000
0.2200,-0.00030,0.00026,0.46227,1.00000,0.00001,-0.00025,0.00001,0.00857,0.00018,0.30115,0.30051,0.00056,0.00092,2,0.03483,0.00056,0.034823,-0.00001,-0.8551,-0.0005,-0.0362,0.0303,-0.2960,-0.0159,-0.3948,0,0.04900,0.01900,0.0044,0.0028,0.008837,0.068485,-0.1198,0.0995,31.9689,-0.0066,0.0859,32.9101,-0.1205,0.1014,31.1088,-0.0073,0.0536,32.0967,0.002900,-0.001656,31.9688,0.002636,-0.001550,32.9101,0.002668,-0.001605,31.1088,0.002416,-0.001420,32.0967,-0.00012,-0.00095,-0.55267,1.10504,-0.55169,0.00151,0.00009,-0.00124,-0.55271,1.10516,-0.55178,0.00173,-0.00155,-0.00001,-0.00156,-0.00001,-0.00023,0.03079,0.00955,-1.32980,0.08907,0.05125,-0.00002,0.03704,-0.00586,-1.29485,0.07926,0.04706,-0.00158,-0.00007,-0.00166,-0.00008,6.000,6.000,12.000,12.000,6.000,6.000,6.000,6.000,12.000,12.000,6.000,6.000,6.000,6.000,6.000,6.000
0.2250,-0.00029,0.00028,0.46228,1.00000,0.00001,-0.00022,0.00001,0.00857,0.00019,0.30115,0.30051,0.00049,0.00097,2,0.03483,0.00049,0.034823,-0.00001,-0.8541,-0.0005,-0.0362,0.0309,-0.2956,-0.0165,-0.3924,0,0.04900,0.01900,0.0044,0.0029,0.008841,0.068446,-0.1195,0.1013,31.9899,-0.0064,0.0870,32.9295,-0.1203,0.1032,31.0904,-0.0071,0.0548,32.0779,0.002904,-0.001698,31.9898,0.002640,-0.001589,32.9295,0.002661,-0.001651,31.0903,0.002409,-0.001463,32.0779,-0.00012,-0.00102,-0.55268,1.10488,-0.55159,0.00160,0.00009,-0.00131,-0.55272,1.10501,-0.55169,0.00181,-0.00158,-0.00001,-0.00160,-0.00001,-0.00024,0.03219,0.01006,-1.33030,0.08919,0.05260,-0.00003,0.03840,-0.00605,-1.29377,0.07893,0.04844,-0.00154,-0.00007,-0.00162,-0.00007,6.000,6.000,12.000,12.000,6.000,6.000,6.000,6.000,12.000,12.000,6.000,6.000,6.000,6.000,6.000,6.000
0.2300,-0.00028,0.00030,0.46229,1.00000,0.00001,-0.00019,0.00001,0.00857,0.00020,0.30116,0.30051,0.00043,0.00101,2,0.03483,0.00043,0.034823,-0.00002,-0.8531,-0.0005,-0.0361,0.0314,-0.2952,-0.0170,-0.3901,0,0.04900,0.01900,0.0045,0.0029,0.008845,0.068406,-0.1192,0.1032,32.0113,-0.0062,0.0880,32.9494,-0.1200,0.1051,31.0716,-0.0070,0.0559,32.0587,0.002907,-0.001740,32.0112,0.002644,-0.001629,32.9494,0.002654,-0.001697,31.0715,0.002403,-0.001506,32.0587,-0.00012,-0.00109,-0.55269,1.10473,-0.55148,0.00169,0.00009,-0.00139,-0.55274,1.10487,-0.55159,0.00190,-0.00162,-0.00001,-0.00164,-0.00001,-0.00024,0.03361,0.01058,-1.33083,0.08931,0.05397,-0.00003,0.03979,-0.00626,-1.29267,0.07859,0.04982,-0.00149,-0.00006,-0.00158,-0.00007,6.000,6.000,12.000,12.000,6.000,6.000,6.000,6.000,12.000,12.000,6.000,6.000,6.000,6.000,6.000,6.000
0.2350,-0.00027,0.00032,0.46230,1.00000,0.00002,-0.00016,0.00001,0.00858,0.00022,0.30117,0.30051,0.00038,0.00105,2,0.03483,0.00038,0.034823,-0.00002,-0.8520,-0.0005,-0.0360,0.0320,-0.2949,-0.0176,-0.3879,0,0.04900,0.01900,0.0045,0.0030,0.008848,0.068366,-0.1190,0.1050,32.0331,-0.0061,0.0890,32.9696,-0.1198,0.1069,31.0523,-0.0069,0.0570,32.0391,0.002911,-0.001782,32.0330,0.002647,-0.001668,32.9696,0.002647,-0.001743,31.0522,0.002396,-0.001549,32.0391,-0.00012,-0.00117,-0.55270,1.10459,-0.55138,0.00178,0.00009,-0.00146,-0.55275,1.10473,-0.55150,0.00200,-0.00166,-0.00001,-0.00168,-0.00001,-0.00024,0.03507,0.01110,-1.33139,0.08943,0.05533,-0.00003,0.04120,-0.00647,-1.29157,0.07826,0.05120,-0.00145,-0.00006,-0.00154,-0.00007,6.000,6.000,12.000,12.000,6.000,6.000,6.000,6.000,12.000,12.000,6.000,6.000,6.000,6.000,6.000,6.000
0.2400,-0.00027,0.00034,0.46230,1.00000,0.00002,-0.00013,0.00001,0.00858,0.00023,0.30117,0.30051,0.00032,0.00110,2,0.03483,0.00032,0.034823,-0.00002,-0.8510,-0.0005,-0.0359,0.0325,-0.2945,-0.0182,-0.3857,0,0.04900,0.01900,0.0046,0.0030,0.008852,0.068327,-0.1187,0.1069,32.0553,-0.0059,0.0900,32.9903,-0.1196,0.1087,31.0325,-0.0068,0.0581,32.0190,0.002915,-0.001824,32.0552,0.002651,-0.001708,32.9903,0.002640,-0.001790,31.0325,0.002389,-0.001592,32.0190,-0.00012,-0.00125,-0.55271,1.10445,-0.55129,0.00187,0.00009,-0.00154,-0.55276,1.10459,-0.55140,0.00209,-0.00169,-0.00001,-0.00171,-0.00001,-0.00025,0.03655,0.01162,-1.33197,0.08956,0.05671,-0.00004,0.04264,-0.00671,-1.29045,0.07792,0.05260,-0.00141,-0.00006,-0.00151,-0.00007,6.000,6.000,12.000,12.000,6.000,6.000,6.000,6.000,12.000,12.000,6.000,6.000,6.000,6.000,6.000,6.000
0.2450,-0.00026,0.00036,0.46231,1.00000,0.00002,-0.00011,0.00001,0.00858,0.00025,0.30118,0.30051,0.00026,0.00115,2,0.03483,0.00026,0.034823,-0.00002,-0.8500,-0.0005,-0.0359,0.0331,-0.2941,-0.0187,-0.3835,0,0.04900,0.01900,0.0046,0.0031,0.008857,0.068287,-0.1185,0.1086,32.0780,-0.0058,0.0910,33.0114,-0.1194,0.1105,31.0124,-0.0067,0.0592,31.9985,0.002919,-0.001866,32.0779,0.002656,-0.001747,33.0114,0.002632,-0.001836,31.0123,0.002382,-0.001636,31.9985,-0.00012,-0.00133,-0.55272,1.10431,-0.55119,0.00197,0.00008,-0.00162,-0.55277,1.10446,-0.55132,0.00219,-0.00173,-0.00001,-0.00175,-0.00001,-0.00025,0.03806,0.01214,-1.33257,0.08970,0.05808,-0.00004,0.04411,-0.00695,-1.28933,0.07757,0.05400,-0.00138,-0.00006,-0.00147,-0.00007,6.000,6.000,12.000,12.000,6.000,6.000,6.000,6.000,12.000,12.000,6.000,6.000,6.000,6.000,6.000,6.000
0.2500,-0.00025,0.00038,0.46232,1.00000,0.00002,-0.00008,0.00001,0.00858,0.00026,0.30118,0.30051,0.00021,0.00119,2,0.03483,0.00021,0.034823,-0.00002,-0.8490,-0.0005,-0.0358,0.0336,-0.2937,-0.0193,-0.3814,0,0.04900,0.01900,0.0046,0.0032,0.008861,0.068247,-0.1182,0.1104,32.1011,-0.0056,0.0920,33.0329,-0.1192,0.1123,30.9918,-0.0066,0.0602,31.9776,0.002923,-0.001909,32.1010,0.002660,-0.001787,33.0329,0.002625,-0.001883,30.9917,0.002375,-0.001680,31.9776,-0.00012,-0.00142,-0.55273,1.10417,-0.55110,0.00207,0.00008,-0.00171,-0.55278,1.10433,-0.55123,0.00229,-0.00176,-0.00001,-0.00178,-0.00001,-0.00025,0.03959,0.01266,-1.33320,0.08985,0.05947,-0.00004,0.04560,-0.00721,-1.28819,0.07723,0.05540,-0.00134,-0.00006,-0.00144,-0.00007,6.000,6.000,12.000,12.000,6.000,6.000,6.000,6.000,12.000,12.000,6.000,6.000,6.000,6.000,6.000,6.000
0.2550,-0.00025,0.00040,0.46233,1.00000,0.00002,-0.00005,0.00001,0.00858,0.00028,0.30119,0.30051,0.00016,0.00124,2,0.03483,0.00016,0.034823,-0.00002,-0.8480,-0.0005,-0.0357,0.0341,-0.2934,-0.0199,-0.3793,0,0.04900,0.01900,0.0047,0.0032,0.008865,0.068207,-0.1180,0.1122,32.1246,-0.0055,0.0929,33.0548,-0.1190,0.1140,30.9707,-0.0064,0.0612,31.9562,0.002927,-0.001951,32.1245,0.002664,-0.001826,33.0548,0.002617,-0.001930,30.9706,0.002367,-0.001724,31.9562,-0.00013,-0.00150,-0.55273,1.10403,-0.55101,0.00218,0.00008,-0.00179,-0.55279,1.10421,-0.55115,0.00239,-0.00179,-0.00000,-0.00182,-0.00000,-0.00026,0.04116,0.01319,-1.33385,0.09000,0.06085,-0.00005,0.04712,-0.00749,-1.28705,0.07688,0.05681,-0.00130,-0.00007,-0.00140,-0.00007,6.000,6.000,12.000,12.000,6.000,6.000,6.000,6.000,12.000,12.000,6.000,6.000,6.000,6.000,6.000,6.000
0.2600,-0.00024,0.00043,0.46233,1.00000,0.00002,-0.00003,0.00001,0.00859,0.00029,0.30119,0.30051,0.00011,0.00129,2,0.03483,0.00011,0.034823,-0.00002,-0.8469,-0.0005,-0.0357,0.0346,-0.2930,-0.0205,-0.3773,0,0.04900,0.01900,0.0047,0.0033,0.008869,0.068167,-0.1177,0.1139,32.1485,-0.0053,0.0938,33.0772,-0.1188,0.1157,30.9493,-0.0063,0.0622,31.9345,0.002931,-0.001993,32.1484,0.002668,-0.001866,33.0772,0.002609,-0.001978,30.9492,0.002360,-0.001768,31.9345,-0.00013,-0.00159,-0.55274,1.10390,-0.55092,0.00228,0.00008,-0.00188,-0.55279,1.10408,-0.55107,0.00250,-0.00182,-0.00000,-0.00185,-0.00000,-0.00026,0.04275,0.01372,-1.33453,0.09016,0.06224,-0.00005,0.04867,-0.00777,-1.28589,0.07653,0.05822,-0.00127,-0.00007,-0.00137,-0.00007,6.000,6.000,12.000,12.000,6.000,6.000,6.000,6.000,12.000,12.000,6.000,6.000,6.000,6.000,6.000,6.000
0.2650,-0.00023,0.00045,0.46234,1.00000,0.00002,-0.00001,0.00001,0.00859,0.00031,0.30120,0.30051,0.00006,0.00134,2,0.03483,0.00006,0.034823,-0.00002,-0.8459,-0.0005,-0.0356,0.0352,-0.2926,-0.0211,-0.3753,0,0.04900,0.01900,0.0048,0.0033,0.008874,0.068127,-0.1175,0.1156,32.1729,-0.0052,0.0947,33.0999,-0.1186,0.1174,30.9274,-0.0062,0.0632,31.9122,0.002936,-0.002035,32.1728,0.002673,-0.001906,33.0999,0.002601,-0.002025,30.9273,0.002352,-0.001813,31.9122,-0.00013,-0.00169,-0.55274,1.10377,-0.55084,0.00239,0.00008,-0.00198,-0.55280,1.10396,-0.55099,0.00261,-0.00185,-0.00000,-0.00188,-0.00000,-0.00027,0.04437,0.01425,-1.33523,0.09032,0.06364,-0.00005,0.05024,-0.00807,-1.28472,0.07618,0.05964,-0.00123,-0.00007,-0.00134,-0.00007,6.000,6.000,12.000,12.000,6.000,6.000,6.000,6.000,12.000,12.000,6.000,6.000,6.000,6.000,6.000,6.000
0.2700,-0.00023,0.00047,0.46235,1.00000,0.00002,0.00002,0.00001,0.00859,0.00033,0.30121,0.30051,0.00004,0.00139,2,0.03483,0.00004,0.034823,-0.00002,-0.8449,-0.0005,-0.0355,0.0357,-0.2922,-0.0217,-0.3734,0,0.04900,0.01900,0.0048,0.0034,0.008879,0.068088,-0.1172,0.1173,32.1977,-0.0050,0.0956,33.1231,-0.1184,0.1191,30.9050,-0.0061,0.0642,31.8896,0.002940,-0.002077,32.1976,0.002678,-0.001945,33.1231,0.002593,-0.002073,30.9049,0.002345,-0.001857,31.8896,-0.00013,-0.00178,-0.55275,1.10365,-0.55075,0.00251,0.00008,-0.00207,-0.55281,1.10384,-0.55091,0.00272,-0.00188,-0.00000,-0.00191,-0.00000,-0.00027,0.04602,0.01479,-1.33595,0.09049,0.06503,-0.00005,0.05183,-0.00838,-1.28355,0.07582,0.06107,-0.00120,-0.00007,-0.00131,-0.00007,6.000,6.000,12.000,12.000,6.000,6.000,6.000,6.000,12.000,12.000,6.000,6.000,6.000,6.000,6.000,6.000
0.2750,-0.00022,0.00050,0.46235,1.00000,0.00002,0.00004,0.00001,0.00859,0.00034,0.30121,0.30051,0.00004,0.00144,2,0.03483,0.00004,0.034822,-0.00002,-0.8438,-0.0005,-0.0355,0.0362,-0.2919,-0.0223,-0.3715,0,0.04900,0.01900,0.0049,0.0034,0.008883,0.068048,-0.1170,0.1190,32.2229,-0.0049,0.0965,33.1467,-0.1182,0.1208,30.8823,-0.0060,0.0651,31.8665,0.002945,-0.002119,32.2227,0.002682,-0.001985,33.1467,0.002585,-0.002121,30.8821,0.002337,-0.001902,31.8665,-0.00013,-0.00188,-0.55275,1.10352,-0.55067,0.00262,0.00007,-0.00217,-0.55281,1.10373,-0.55083,0.00284,-0.00190,-0.00000,-0.00194,-0.00000,-0.00027,0.04769,0.01532,-1.33669,0.09067,0.06644,-0.00006,0.05345,-0.00870,-1.28236,0.07546,0.06249,-0.00117,-0.00007,-0.00128,-0.00008,6.000,6.000,12.000,12.000,6.000,6.000,6.000,6.000,12.000,12.000,6.000,6.000,6.000,6.000,6.000,6.000
0.2800,-0.00021,0.00053,0.46236,1.00000,0.00002,0.00006,0.00002,0.00859,0.00036,0.30122,0.30051,0.00008,0.00149,2,0.03483,0.00008,0.034822,-0.00002,-0.8428,-0.0005,-0.0354,0.0367,-0.2915,-0.0229,-0.3697,0,0.04900,0.01900,0.0049,0.0035,0.008888,0.068008,-0.1167,0.1207,32.2485,-0.0048,0.0973,33.1707,-0.1180,0.1224,30.8591,-0.0060,0.0660,31.8430,0.002950,-0.002161,32.2484,0.002687,-0.002024,33.1707,0.002577,-0.002169,30.8589,0.002329,-0.001947,31.8430,-0.00014,-0.00198,-0.55275,1.10340,-0.55059,0.00274,0.00007,-0.00227,-0.55281,1.10362,-0.55076,0.00296,-0.00193,-0.00000,-0.00196,-0.00000,-0.00028,0.04940,0.01587,-1.33746,0.09086,0.06784,-0.00006,0.05510,-0.00903,-1.28115,0.07510,0.06393,-0.00113,-0.00007,-0.00125,-0.00008,6.000,6.000,12.000,12.000,6.000,6.000,6.000,6.000,12.000,12.000,6.000,6.000,6.000,6.000,6.000,6.000
0.2850,-0.00021,0.00055,0.46237,1.00000,0.00002,0.00008,0.00002,0.00859,0.00038,0.30122,0.30051,0.00012,0.00155,2,0.03483,0.00012,0.034822,-0.00002,-0.8418,-0.0005,-0.0353,0.0372,-0.2912,-0.0235,-0.3679,0,0.04900,0.01900,0.0049,0.0035,0.008893,0.067968,-0.1165,0.1223,32.2745,-0.0046,0.0982,33.1952,-0.1178,0.1240,30.8354,-0.0059,0.0669,31.8191,0.002955,-0.002203,32.2744,0.002692,-0.002064,33.1952,0.002569,-0.002217,30.8353,0.002321,-0.001992,31.8191,-0.00014,-0.00209,-0.55275,1.10329,-0.55051,0.00286,0.00007,-0.00238,-0.55282,1.10351,-0.55069,0.00308,-0.00195,-0.00000,-0.00199,-0.00000,-0.00028,0.05113,0.01641,-1.33825,0.09105,0.06925,-0.00006,0.05678,-0.00938,-1.27994,0.07474,0.06537,-0.00110,-0.00007,-0.00122,-0.00008,6.000,6.000,12.000,12.000,6.000,6.000,6.000,6.000,12.000,12.000,6.000,6.000,6.000,6.000,6.000,6.000
0.2900,-0.00020,0.00058,0.46237,1.00000,0.00002,0.00010,0.00002,0.00860,0.00040,0.30122,0.30051,0.00017,0.00160,2,0.03483,0.00017,0.034822,-0.00002,-0.8408,-0.0005,-0.0353,0.0376,-0.2908,-0.0241,-0.3661,0,0.04900,0.01900,0.0050,0.0036,0.008898,0.067928,-0.1163,0.1239,32.3010,-0.0045,0.0990,33.2200,-0.1176,0.1257,30.8114,-0.0058,0.0678,31.7948,0.002960,-0.002245,32.3008,0.002697,-0.002103,33.2200,0.002560,-0.002266,30.8113,0.002313,-0.002037,31.7948,-0.00014,-0.00220,-0.55275,1.10317,-0.55044,0.00299,0.00007,-0.00249,-0.55282,1.10340,-0.55062,0.00321,-0.00198,-0.00000,-0.00201,-0.00000,-0.00028,0.05289,0.01696,-1.33906,0.09125,0.07066,-0.00007,0.05848,-0.00974,-1.27872,0.07437,0.06681,-0.00107,-0.00007,-0.00120,-0.00008,6.000,6.000,12.000,12.000,6.000,6.000,6.000,6.000,12.000,12.000,6.000,6.000,6.000,6.000,6.000,6.000
0.2950,-0.00020,0.00061,0.46238,1.00000,0.00003,0.00012,0.00002,0.00860,0.00042,0.30123,0.30051,0.00021,0.00166,2,0.03483,0.00021,0.034822,-0.00002,-0.8397,-0.0005,-0.0352,0.0381,-0.2904,-0.0247,-0.3644,0,0.04900,0.01900,0.0050,0.0036,0.008904,0.067888,-0.1160,0.1255,32.3278,-0.0044,0.0998,33.2453,-0.1174,0.1272,30.7869,-0.0057,0.0687,31.7700,0.002965,-0.002287,32.3277,0.002703,-0.002143,33.2453,0.002552,-0.002315,30.7868,0.002305,-0.002083,31.7700,-0.00014,-0.00231,-0.55275,1.10306,-0.55036,0.00312,0.00007,-0.00260,-0.55282,1.10329,-0.55056,0.00334,-0.00200,-0.00000,-0.00204,-0.00000,-0.00029,0.05468,0.01751,-1.33989,0.09145,0.07207,-0.00007,0.06020,-0.01010,-1.27748,0.07400,0.06825,-0.00104,-0.00008,-0.00117,-0.00008,6.000,6.000,12.000,12.000,6.000,6.000,6.000,6.000,12.000,12.000,6.000,6.000,6.000,6.000,6.000,6.000
0.3000,-0.00019,0.00064,0.46238,1.00000,0.00003,0.00014,0.00002,0.00860,0.00044,0.30123,0.30051,0.00025,0.00171,2,0.03483,0.00025,0.034822,-0.00002,-0.8387,-0.0005,-0.0352,0.0386,-0.2901,-0.0254,-0.3627,0,0.04900,0.01900,0.0050,0.0037,0.008909,0.067849,-0.1158,0.1271,32.3551,-0.0042,0.1005,33.2710,-0.1172,0.1288,30.7620,-0.0056,0.0695,31.7448,0.002970,-0.002329,32.3550,0.002708,-0.002182,33.2710,0.002543,-0.002364,30.7618,0.002297,-0.002129,31.7448,-0.00015,-0.00243,-0.55275,1.10294,-0.55029,0.00325,0.00006,-0.00271,-0.55282,1.10319,-0.55049,0.00347,-0.00202,-0.00000,-0.00206,-0.00000,-0.00029,0.05649,0.01807,-1.34075,0.09167,0.07349,-0.00007,0.06195,-0.01048,-1.27623,0.07363,0.06970,-0.00102,-0.00008,-0.00114,-0.00008,6.000,6.000,12.000,12.000,6.000,6.000,6.000,6.000,12.000,12.000,6.000,6.000,6.000,6.000,6.000,6.000
0.3050,-0.00019,0.00067,0.46239,1.00000,0.00003,0.00016,0.00002,0.00860,0.00047,0.30124,0.30051,0.00028,0.00177,2,0.03483,0.00028,0.034822,-0.00002,-0.8376,-0.0005,-0.0351,0.0391,-0.2897,-0.0260,-0.3611,0,0.04900,0.01900,0.0051,0.0037,0.008914,0.067809,-0.1156,0.1287,32.3828,-0.0041,0.1013,33.2971,-0.1171,0.1304,30.7366,-0.0055,0.0703,31.7192,0.002975,-0.002371,32.3827,0.002713,-0.002222,33.2971,0.002534,-0.002413,30.7365,0.002288,-0.002174,31.7192,-0.00015,-0.00254,-0.55275,1.10284,-0.55022,0.00338,0.00006,-0.00283,-0.55283,1.10309,-0.55043,0.00360,-0.00204,-0.00000,-0.00209,-0.00000,-0.00030,0.05834,0.01863,-1.34163,0.09188,0.07491,-0.00007,0.06373,-0.01087,-1.27497,0.07326,0.07116,-0.00099,-0.00008,-0.00112,-0.00008,6.000,6.000,12.000,12.000,6.000,6.000,6.000,6.000,12.000,12.000,6.000,6.000,6.000,6.000,6.000,6.000
0.3100,-0.00018,0.00070,0.46239,1.00000,0.00003,0.00018,0.00002,0.00860,0.00049,0.30124,0.30051,0.00032,0.00183,2,0.03483,0.00032,0.034822,-0.00002,-0.8366,-0.0005,-0.0350,0.0395,-0.2894,-0.0266,-0.3595,0,0.04900,0.01900,0.0051,0.0038,0.008920,0.067769,-0.1153,0.1303,32.4109,-0.0040,0.1020,33.3236,-0.1169,0.1319,30.7109,-0.0055,0.0711,31.6931,0.002981,-0.002413,32.4108,0.002719,-0.002261,33.3236,0.002525,-0.002462,30.7107,0.002280,-0.002221,31.6931,-0.00015,-0.00266,-0.55275,1.10273,-0.55015,0.00352,0.00006,-0.00295,-0.55283,1.10299,-0.55037,0.00374,-0.00206,-0.00000,-0.00211,-0.00000,-0.00030,0.06021,0.01920,-1.34253,0.09211,0.07633,-0.00008,0.06553,-0.01127,-1.27370,0.07288,0.07262,-0.00096,-0.00008,-0.00110,-0.00008,6.000,6.000,12.000,12.000,6.000,6.000,6.000,6.000,12.000,12.000,6.000,6.000,6.000,6.000,6.000,6.000
0.3150,-0.00018,0.00073,0.46240,1.00000,0.00003,0.00020,0.00002,0.00860,0.00051,0.30125,0.30051,0.00036,0.00189,2,0.03483,0.00036,0.034822,-0.00002,-0.8356,-0.0005,-0.0350,0.0400,-0.2890,-0.0272,-0.3579,0,0.04900,0.01900,0.0051,0.0038,0.008926,0.067730,-0.1151,0.1318,32.4394,-0.0039,0.1028,33.3505,-0.1167,0.1334,30.6847,-0.0054,0.0719,31.6667,0.002986,-0.002454,32.4393,0.002725,-0.002300,33.3505,0.002516,-0.002512,30.6845,0.002271,-0.002267,31.6667,-0.00015,-0.00279,-0.55275,1.10262,-0.55008,0.00366,0.00005,-0.00308,-0.55283,1.10290,-0.55031,0.00388,-0.00208,-0.00000,-0.00213,-0.00000,-0.00030,0.06212,0.01977,-1.34345,0.09234,0.07775,-0.00008,0.06735,-0.01168,-1.27242,0.07250,0.07408,-0.00094,-0.00008,-0.00107,-0.00008,6.000,6.000,12.000,12.000,6.000,6.000,6.000,6.000,12.000,12.000,6.000,6.000,6.000,6.000,6.000,6.000
0.3200,-0.00017,0.00077,0.46240,1.00000,0.00003,0.00021,0.00003,0.00860,0.00054,0.30125,0.30051,0.00039,0.00195,2,0.03483,0.00039,0.034822,-0.00002,-0.8345,-0.0005,-0.0349,0.0405,-0.2887,-0.0279,-0.3564,0,0.04900,0.01900,0.0052,0.0038,0.008931,0.067690,-0.1149,0.1333,32.4684,-0.0037,0.1035,33.3778,-0.1165,0.1349,30.6581,-0.0053,0.0727,31.6398,0.002992,-0.002496,32.4682,0.002731,-0.002340,33.3778,0.002507,-0.002561,30.6579,0.002263,-0.002313,31.6398,-0.00016,-0.00292,-0.55275,1.10252,-0.55001,0.00381,0.00005,-0.00321,-0.55283,1.10281,-0.55025,0.00403,-0.00210,-0.00000,-0.00215,-0.00000,-0.00031,0.06405,0.02035,-1.34439,0.09258,0.07918,-0.00008,0.06921,-0.01211,-1.27112,0.07212,0.07554,-0.00091,-0.00008,-0.00105,-0.00008,6.000,6.000,12.000,12.000,6.000,6.000,6.000,6.000,12.000,12.000,6.000,6.000,6.000,6.000,6.000,6.000
0.3250,-0.00017,0.00080,0.46241,1.00000,0.00003,0.00023,0.00003,0.00861,0.00056,0.30126,0.30051,0.00043,0.00201,2,0.03483,0.00043,0.034821,-0.00002,-0.8335,-0.0005,-0.0348,0.0409,-0.2883,-0.0285,-0.3549,0,0.04900,0.01900,0.0052,0.0039,0.008937,0.067651,-0.1147,0.1348,32.4977,-0.0036,0.1042,33.4055,-0.1164,0.1364,30.6310,-0.0052,0.0734,31.6125,0.002998,-0.002537,32.4976,0.002737,-0.002379,33.4055,0.002498,-0.002611,30.6309,0.002254,-0.002360,31.6125,-0.00016,-0.00305,-0.55274,1.10242,-0.54995,0.00395,0.00005,-0.00334,-0.55282,1.10272,-0.55020,0.00418,-0.00212,-0.00000,-0.00217,-0.00000,-0.00031,0.06601,0.02093,-1.34535,0.09282,0.08061,-0.00008,0.07108,-0.01254,-1.26981,0.07174,0.07701,-0.00089,-0.00008,-0.00103,-0.00008,6.000,6.000,12.000,12.000,6.000,6.000,6.000,6.000,12.000,12.000,6.000,6.000,6.000,6.000,6.000,6.000
0.3300,-0.00016,0.00084,0.46241,1.00000,0.00003,0.00025,0.00003,0.00861,0.00058,0.30126,0.30051,0.00046,0.00207,2,0.03483,0.00046,0.034821,-0.00002,-0.8324,-0.0005,-0.0348,0.0413,-0.2880,-0.0292,-0.3535,0,0.04900,0.01900,0.0052,0.0039,0.008943,0.067612,-0.1144,0.1363,32.5275,-0.0035,0.1049,33.4337,-0.1162,0.1379,30.6036,-0.0052,0.0741,31.5847,0.003004,-0.002579,32.5273,0.002743,-0.002418,33.4337,0.002489,-0.002662,30.6034,0.002245,-0.002407,31.5847,-0.00016,-0.00318,-0.55274,1.10232,-0.54989,0.00410,0.00005,-0.00347,-0.55282,1.10263,-0.55014,0.00433,-0.00213,-0.00000,-0.00219,-0.00000,-0.00031,0.06799,0.02151,-1.34633,0.09307,0.08203,-0.00009,0.07298,-0.01298,-1.26849,0.07135,0.07848,-0.00086,-0.00008,-0.00101,-0.00008,6.000,6.000,12.000,12.000,6.000,6.000,6.000,6.000,12.000,12.000,6.000,6.000,6.000,6.000,6.000,6.000
0.3350,-0.00016,0.00087,0.46242,1.00000,0.00003,0.00026,0.00003,0.00861,0.00061,0.30126,0.30051,0.00049,0.00213,2,0.03483,0.00049,0.034821,-0.00002,-0.8314,-0.0005,-0.0347,0.0418,-0.2876,-0.0298,-0.3520,0,0.04900,0.01900,0.0053,0.0040,0.008950,0.067572,-0.1142,0.1378,32.5577,-0.0034,0.1055,33.4623,-0.1160,0.1393,30.5757,-0.0051,0.0748,31.5566,0.003010,-0.002620,32.5575,0.002749,-0.002457,33.4623,0.002479,-0.002712,30.5755,0.002236,-0.002454,31.5566,-0.00017,-0.00332,-0.55273,1.10223,-0.54982,0.00426,0.00004,-0.00361,-0.55282,1.10254,-0.55009,0.00448,-0.00215,-0.00000,-0.00220,-0.00000,-0.00032,0.07001,0.02210,-1.34734,0.09333,0.08346,-0.00009,0.07491,-0.01343,-1.26716,0.07096,0.07996,-0.00084,-0.00008,-0.00099,-0.00008,6.000,6.000,12.000,12.000,6.000,6.000,6.000,6.000,12.000,12.000,6.000,6.000,6.000,6.000,6.000,6.000
0.3400,-0.00015,0.00091,0.46242,1.00000,0.00003,0.00028,0.00003,0.00861,0.00064,0.30127,0.30051,0.00052,0.00219,2,0.03483,0.00052,0.034821,-0.00002,-0.8303,-0.0005,-0.0347,0.0422,-0.2873,-0.0305,-0.3506,0,0.04900,0.01900,0.0053,0.0040,0.008956,0.067533,-0.1140,0.1392,32.5883,-0.0032,0.1062,33.4912,-0.1159,0.1407,30.5474,-0.0051,0.0755,31.5280,0.003016,-0.002661,32.5881,0.002755,-0.002496,33.4912,0.002470,-0.002762,30.5472,0.002227,-0.002501,31.5280,-0.00017,-0.00346,-0.55273,1.10213,-0.54976,0.00442,0.00004,-0.00375,-0.55282,1.10246,-0.55004,0.00464,-0.00216,-0.00000,-0.00222,-0.00000,-0.00032,0.07206,0.02269,-1.34836,0.09360,0.08489,-0.00009,0.07686,-0.01390,-1.26581,0.07057,0.08144,-0.00082,-0.00008,-0.00097,-0.00008,6.000,6.000,12.000,12.000,6.000,6.000,6.000,6.000,12.000,12.000,6.000,6.000,6.000,6.000,6.000,6.000
0.3450,-0.00015,0.00095,0.46243,1.00000,0.00004,0.00029,0.00003,0.00861,0.00066,0.30127,0.30051,0.00055,0.00226,2,0.03483,0.00055,0.034821,-0.00002,-0.8293,-0.0005,-0.0346,0.0427,-0.2869,-0.0311,-0.3493,0,0.04900,0.01900,0.0053,0.0040,0.008962,0.067494,-0.1138,0.1407,32.6193,-0.0031,0.1068,33.5206,-0.1157,0.1421,30.5187,-0.0050,0.0762,31.4991,0.003022,-0.002702,32.6191,0.002762,-0.002534,33.5206,0.002460,-0.002813,30.5185,0.002218,-0.002548,31.4991,-0.00017,-0.00361,-0.55273,1.10204,-0.54970,0.00458,0.00004,-0.00389,-0.55282,1.10237,-0.54999,0.00481,-0.00218,-0.00000,-0.00224,-0.00000,-0.00033,0.07413,0.02329,-1.34941,0.09386,0.08633,-0.00009,0.07884,-0.01437,-1.26445,0.07017,0.08292,-0.00080,-0.00008,-0.00095,-0.00009,6.000,6.000,12.000,12.000,6.000,6.000,6.000,6.000,12.000,12.000,6.000,6.000,6.000,6.000,6.000,6.000
0.3500,-0.00014,0.00098,0.46243,1.00000,0.00004,0.00031,0.00003,0.00861,0.00069,0.30127,0.30051,0.00058,0.00232,2,0.03483,0.00058,0.034821,-0.00002,-0.8282,-0.0005,-0.0346,0.0431,-0.2866,-0.0318,-0.3480,0,0.04900,0.01900,0.0053,0.0041,0.008969,0.067455,-0.1135,0.1421,32.6507,-0.0030,0.1074,33.5504,-0.1156,0.1435,30.4895,-0.0049,0.0768,31.4697,0.003029,-0.002743,32.6505,0.002768,-0.002573,33.5504,0.002451,-0.002864,30.4893,0.002209,-0.002596,31.4697,-0.00018,-0.00376,-0.55272,1.10195,-0.54965,0.00474,0.00003,-0.00404,-0.55281,1.10229,-0.54994,0.00497,-0.00219,-0.00000,-0.00225,-0.00000,-0.00033,0.07624,0.02390,-1.35047,0.09414,0.08776,-0.00009,0.08084,-0.01485,-1.26308,0.06978,0.08440,-0.00077,-0.00008,-0.00093,-0.00009,6.000,6.000,12.000,12.000,6.000,6.000,6.000,6.000,12.000,12.000,6.000,6.000,6.000,6.000,6.000,6.000
0.3550,-0.00014,0.00102,0.46244,1.00000,0.00004,0.00032,0.00004,0.00861,0.00072,0.30128,0.30051,0.00061,0.00239,2,0.03483,0.00061,0.034821,-0.00002,-0.8272,-0.0005,-0.0345,0.0435,-0.2863,-0.0324,-0.3467,0,0.04900,0.01900,0.0054,0.0041,0.008975,0.067416,-0.1133,0.1435,32.6825,-0.0029,0.1080,33.5806,-0.1154,0.1449,30.4600,-0.0049,0.0775,31.4399,0.003035,-0.002784,32.6823,0.002775,-0.002612,33.5806,0.002441,-0.002915,30.4598,0.002199,-0.002643,31.4399,-0.00018,-0.00391,-0.55272,1.10186,-0.54959,0.00491,0.00003,-0.00419,-0.55281,1.10222,-0.54989,0.00514,-0.00220,-0.00000,-0.00227,-0.00000,-0.00034,0.07837,0.02450,-1.35156,0.09442,0.08919,-0.00010,0.08286,-0.01534,-1.26170,0.06937,0.08589,-0.00075,-0.00008,-0.00092,-0.00009,6.000,6.000,12.000,12.000,6.000,6.000,6.000,6.000,12.000,12.000,6.000,6.000,6.000,6.000,6.000,6.000
0.3600,-0.00013,0.00106,0.46244,1.00000,0.00004,0.00033,0.00004,0.00861,0.00075,0.30128,0.30051,0.00064,0.00246,2,0.03483,0.00064,0.034821,-0.00003,-0.8261,-0.0005,-0.0344,0.0439,-0.2859,-0.0331,-0.3454,0,0.04900,0.01900,0.0054,0.0042,0.008982,0.067377,-0.1131,0.1449,32.7147,-0.0028,0.1086,33.6112,-0.1152,0.1463,30.4300,-0.0048,0.0781,31.4097,0.003042,-0.002825,32.7145,0.002781,-0.002650,33.6112,0.002431,-0.002966,30.4298,0.002190,-0.002691,31.4097,-0.00018,-0.00406,-0.55271,1.10177,-0.54954,0.00508,0.00003,-0.00435,-0.55281,1.10214,-0.54985,0.00531,-0.00221,-0.00000,-0.00228,-0.00000,-0.00034,0.08053,0.02512,-1.35267,0.09471,0.09063,-0.00010,0.08491,-0.01585,-1.26030,0.06897,0.08738,-0.00073,-0.00008,-0.00090,-0.00009,6.000,6.000,12.000,12.000,6.000,6.000,6.000,6.000,12.000,12.000,6.000,6.000,6.000,6.000,6.000,6.000
0.3650,-0.00013,0.00110,0.46245,1.00000,0.00004,0.00035,0.00004,0.00862,0.00078,0.30128,0.30051,0.00067,0.00253,2,0.03483,0.00067,0.034820,-0.00003,-0.8251,-0.0005,-0.0344,0.0443,-0.2856,-0.0338,-0.3442,0,0.04900,0.01900,0.0054,0.0042,0.008989,0.067339,-0.1129,0.1462,32.7473,-0.0027,0.1092,33.6422,-0.1151,0.1476,30.3996,-0.0048,0.0787,31.3790,0.003048,-0.002865,32.7471,0.002788,-0.002689,33.6422,0.002421,-0.003018,30.3994,0.002180,-0.002739,31.3790,-0.00019,-0.00422,-0.55270,1.10169,-0.54948,0.00526,0.00002,-0.00451,-0.55280,1.10207,-0.54980,0.00549,-0.00222,-0.00000,-0.00229,-0.00000,-0.00034,0.08272,0.02574,-1.35379,0.09500,0.09206,-0.00010,0.08699,-0.01636,-1.25889,0.06856,0.08887,-0.00071,-0.00008,-0.00088,-0.00009,6.000,6.000,12.000,12.000,6.000,6.000,6.000,6.000,12.000,12.000,6.000,6.000,6.000,6.000,6.000,6.000
0.3700,-0.00013,0.00115,0.46245,1.00000,0.00004,0.00036,0.00004,0.00862,0.00081,0.30129,0.30051,0.00069,0.00259,2,0.03483,0.00069,0.034820,-0.00003,-0.8240,-0.0005,-0.0343,0.0447,-0.2852,-0.0344,-0.3430,0,0.04900,0.01900,0.0054,0.0042,0.008996,0.067300,-0.1126,0.1476,32.7803,-0.0026,0.1098,33.6736,-0.1149,0.1489,30.3688,-0.0047,0.0793,31.3480,0.003055,-0.002906,32.7801,0.002795,-0.002727,33.6736,0.002410,-0.003070,30.3686,0.002170,-0.002788,31.3480,-0.00019,-0.00438,-0.55270,1.10160,-0.54943,0.00544,0.00002,-0.00467,-0.55280,1.10199,-0.54976,0.00567,-0.00223,-0.00000,-0.00231,-0.00000,-0.00035,0.08494,0.02636,-1.35494,0.09531,0.09349,-0.00010,0.08908,-0.01688,-1.25747,0.06815,0.09037,-0.00069,-0.00008,-0.00087,-0.00009,6.000,6.000,12.000,12.000,6.000,6.000,6.000,6.000,12.000,12.000,6.000,6.000,6.000,6.000,6.000,6.000
0.3750,-0.00012,0.00119,0.46245,1.00000,0.00004,0.00037,0.00004,0.00862,0.00084,0.30129,0.30051,0.00072,0.00266,2,0.03483,0.00072,0.034820,-0.00003,-0.8229,-0.0005,-0.0343,0.0451,-0.2849,-0.0351,-0.3418,0,0.04900,0.01900,0.0055,0.0043,0.009003,0.067262,-0.1124,0.1489,32.8138,-0.0025,0.1104,33.7054,-0.1148,0.1503,30.3376,-0.0047,0.0799,31.3165,0.003062,-0.002946,32.8136,0.002802,-0.002765,33.7054,0.002400,-0.003121,30.3374,0.002161,-0.002836,31.3165,-0.00020,-0.00455,-0.55269,1.10152,-0.54938,0.00562,0.00001,-0.00483,-0.55279,1.10192,-0.54972,0.00585,-0.00224,-0.00000,-0.00232,-0.00000,-0.00035,0.08719,0.02699,-1.35611,0.09561,0.09493,-0.00010,0.09121,-0.01741,-1.25603,0.06774,0.09186,-0.00068,-0.00008,-0.00085,-0.00009,6.000,6.000,12.000,12.000,6.000,6.000,6.000,6.000,12.000,12.000,6.000,6.000,6.000,6.000,6.000,6.000
0.3800,-0.00012,0.00123,0.46246,1.00000,0.00004,0.00038,0.00005,0.00862,0.00087,0.30129,0.30051,0.00074,0.00273,2,0.03483,0.00074,0.034820,-0.00003,-0.8219,-0.0005,-0.0342,0.0455,-0.2846,-0.0358,-0.3406,0,0.04900,0.01900,0.0055,0.0043,0.009010,0.067223,-0.1122,0.1503,32.8476,-0.0024,0.1109,33.7376,-0.1146,0.1515,30.3059,-0.0047,0.0804,31.2847,0.003069,-0.002986,32.8474,0.002809,-0.002803,33.7376,0.002390,-0.003173,30.3057,0.002151,-0.002885,31.2847,-0.00020,-0.00472,-0.55268,1.10144,-0.54933,0.00580,0.00001,-0.00500,-0.55279,1.10185,-0.54968,0.00604,-0.00225,-0.00000,-0.00233,-0.00000,-0.00036,0.08947,0.02763,-1.35729,0.09592,0.09636,-0.00010,0.09335,-0.01795,-1.25459,0.06733,0.09337,-0.00066,-0.00008,-0.00084,-0.00009,6.000,6.000,12.000,12.000,6.000,6.000,6.000,6.000,12.000,12.000,6.000,6.000,6.000,6.000,6.000,6.000
0.3850,-0.00012,0.00128,0.46246,1.00000,0.00004,0.00039,0.00005,0.00862,0.00090,0.30130,0.30051,0.00076,0.00281,2,0.03483,0.00076,0.034820,-0.00003,-0.8208,-0.0005,-0.0342,0.0459,-0.2842,-0.0364,-0.3395,0,0.04900,0.01900,0.0055,0.0043,0.009017,0.067185,-0.1120,0.1516,32.8819,-0.0022,0.1114,33.7702,-0.1145,0.1528,30.2739,-0.0046,0.0810,31.2524,0.003076,-0.003026,32.8816,0.002817,-0.002841,33.7702,0.002379,-0.003226,30.2737,0.002141,-0.002934,31.2524,-0.00020,-0.00489,-0.55268,1.10136,-0.54928,0.00599,0.00000,-0.00518,-0.55278,1.10179,-0.54964,0.00623,-0.00226,-0.00000,-0.00234,-0.00000,-0.00036,0.09178,0.02827,-1.35850,0.09624,0.09779,-0.00010,0.09552,-0.01850,-1.25312,0.06691,0.09487,-0.00064,-0.00008,-0.00082,-0.00009,6.000,6.000,12.000,12.000,6.000,6.000,6.000,6.000,12.000,12.000,6.000,6.000,6.000,6.000,6.000,6.000
0.3900,-0.00011,0.00133,0.46247,1.00000,0.00005,0.00040,0.00005,0.00862,0.00094,0.30130,0.30051,0.00079,0.00288,2,0.03483,0.00079,0.034820,-0.00003,-0.8197,-0.0005,-0.0341,0.0463,-0.2839,-0.0371,-0.3384,0,0.04900,0.01900,0.0055,0.0044,0.009025,0.067147,-0.1118,0.1529,32.9165,-0.0021,0.1120,33.8032,-0.1144,0.1541,30.2415,-0.0046,0.0815,31.2198,0.003083,-0.003066,32.9163,0.002824,-0.002878,33.8032,0.002369,-0.003278,30.2412,0.002130,-0.002983,31.2198,-0.00021,-0.00507,-0.55267,1.10128,-0.54923,0.00618,0.00000,-0.00535,-0.55278,1.10172,-0.54961,0.00642,-0.00227,-0.00000,-0.00235,-0.00000,-0.00037,0.09411,0.02892,-1.35972,0.09657,0.09923,-0.00010,0.09771,-0.01905,-1.25165,0.06648,0.09637,-0.00062,-0.00008,-0.00081,-0.00009,6.000,6.000,12.000,12.000,6.000,6.000,6.000,6.000,12.000,12.000,6.000,6.000,6.000,6.000,6.000,6.000
0.3950,-0.00011,0.00137,0.46247,1.00000,0.00005,0.00042,0.00005,0.00862,0.00097,0.30130,0.30051,0.00081,0.00295,2,0.03483,0.00081,0.034820,-0.00003,-0.8187,-0.0005,-0.0341,0.0467,-0.2836,-0.0378,-0.3373,0,0.04900,0.01900,0.0055,0.0044,0.009032,0.067109,-0.1116,0.1542,32.9516,-0.0020,0.1125,33.8366,-0.1142,0.1553,30.2086,-0.0045,0.0820,31.1867,0.003091,-0.003105,32.9513,0.002831,-0.002916,33.8366,0.002358,-0.003331,30.2084,0.002120,-0.003032,31.1867,-0.00021,-0.00524,-0.55266,1.10121,-0.54918,0.00638,-0.00000,-0.00553,-0.55277,1.10165,-0.54957,0.00662,-0.00228,-0.00000,-0.00236,-0.00000,-0.00037,0.09648,0.02957,-1.36097,0.09689,0.10066,-0.00010,0.09993,-0.01962,-1.25016,0.06606,0.09788,-0.00061,-0.00008,-0.00080,-0.00009,6.000,6.000,12.000,12.000,6.000,6.000,6.000,6.000,12.000,12.000,6.000,6.000,6.000,6.000,6.000,6.000
0.4000,-0.00011,0.00142,0.46247,1.00000,0.00005,0.00043,0.00005,0.00862,0.00101,0.30130,0.30051,0.00083,0.00303,2,0.03483,0.00083,0.034819,-0.00003,-0.8176,-0.0005,-0.0340,0.0471,-0.2833,-0.0385,-0.3362,0,0.04900,0.01900,0.0056,0.0044,0.009040,0.067071,-0.1113,0.1554,32.9870,-0.0019,0.1130,33.8704,-0.1141,0.1566,30.1753,-0.0045,0.0825,31.1532,0.003098,-0.003145,32.9868,0.002839,-0.002953,33.8704,0.002347,-0.003384,30.1751,0.002110,-0.003081,31.1532,-0.00022,-0.00543,-0.55265,1.10113,-0.54913,0.00658,-0.00001,-0.00571,-0.55276,1.10159,-0.54953,0.00682,-0.00228,-0.00000,-0.00237,-0.00000,-0.00038,0.09888,0.03023,-1.36223,0.09723,0.10209,-0.00010,0.10217,-0.02020,-1.24866,0.06563,0.09939,-0.00059,-0.00008,-0.00078,-0.00009,6.000,6.000,12.000,12.000,6.000,6.000,6.000,6.000,12.000,12.000,6.000,6.000,6.000,6.000,6.000,6.000
0.4050,-0.00010,0.00147,0.46248,1.00000,0.00005,0.00044,0.00006,0.00862,0.00104,0.30131,0.30051,0.00085,0.00310,2,0.03483,0.00085,0.034819,-0.00003,-0.8165,-0.0005,-0.0339,0.0474,-0.2829,-0.0392,-0.3352,0,0.04900,0.01900,0.0056,0.0044,0.009047,0.067034,-0.1111,0.1567,33.0228,-0.0018,0.1134,33.9046,-0.1139,0.1578,30.1416,-0.0045,0.0829,31.1193,0.003105,-0.003184,33.0226,0.002847,-0.002991,33.9046,0.002336,-0.003437,30.1414,0.002099,-0.003131,31.1193,-0.00022,-0.00562,-0.55265,1.10106,-0.54909,0.00678,-0.00001,-0.00590,-0.55276,1.10153,-0.54950,0.00702,-0.00229,-0.00000,-0.00238,-0.00000,-0.00038,0.10130,0.03089,-1.36352,0.09757,0.10352,-0.00010,0.10443,-0.02078,-1.24715,0.06520,0.10090,-0.00058,-0.00008,-0.00077,-0.00009,6.000,6.000,12.000,12.000,6.000,6.000,6.000,6.000,12.000,12.000,6.000,6.000,6.000,6.000,6.000,6.000
0.4100,-0.00010,0.00152,0.46248,1.00000,0.00005,0.00045,0.00006,0.00862,0.00108,0.30131,0.30051,0.00087,0.00318,2,0.03483,0.00087,0.034819,-0.00003,-0.8155,-0.0005,-0.0339,0.0478,-0.2826,-0.0398,-0.3342,0,0.04900,0.01900,0.0056,0.0045,0.009055,0.066996,-0.1109,0.1579,33.0591,-0.0017,0.1139,33.9392,-0.1138,0.1590,30.1076,-0.0044,0.0834,31.0850,0.003113,-0.003223,33.0588,0.002854,-0.003028,33.9392,0.002325,-0.003490,30.1073,0.002088,-0.003180,31.0850,-0.00023,-0.00581,-0.55264,1.10099,-0.54904,0.00699,-0.00002,-0.00609,-0.55275,1.10147,-0.54947,0.00723,-0.00229,-0.00000,-0.00239,-0.00000,-0.00039,0.10376,0.03156,-1.36482,0.09792,0.10495,-0.00010,0.10672,-0.02137,-1.24562,0.06477,0.10241,-0.00056,-0.00008,-0.00076,-0.00009,6.000,6.000,12.000,12.000,6.000,6.000,6.000,6.000,12.000,12.000,6.000,6.000,6.000,6.000,6.000,6.000
0.4150,-0.00010,0.00157,0.46248,1.00000,0.00005,0.00046,0.00006,0.00863,0.00111,0.30131,0.30051,0.00089,0.00325,2,0.03483,0.00089,0.034819,-0.00003,-0.8144,-0.0005,-0.0338,0.0482,-0.2823,-0.0405,-0.3332,0,0.04900,0.01900,0.0056,0.0045,0.009063,0.066959,-0.1107,0.1592,33.0957,-0.0016,0.1144,33.9742,-0.1137,0.1602,30.0731,-0.0044,0.0839,31.0503,0.003121,-0.003262,33.0955,0.002862,-0.003065,33.9742,0.002313,-0.003543,30.0728,0.002078,-0.003230,31.0503,-0.00023,-0.00600,-0.55263,1.10092,-0.54900,0.00720,-0.00002,-0.00629,-0.55274,1.10141,-0.54944,0.00744,-0.00230,-0.00000,-0.00240,-0.00000,-0.00039,0.10625,0.03223,-1.36614,0.09827,0.10638,-0.00010,0.10903,-0.02198,-1.24409,0.06433,0.10393,-0.00055,-0.00008,-0.00075,-0.00009,6.000,6.000,12.000,12.000,6.000,6.000,6.000,6.000,12.000,12.000,6.000,6.000,6.000,6.000,6.000,6.000
0.4200,-0.00009,0.00162,0.46249,1.00000,0.00005,0.00046,0.00006,0.00863,0.00115,0.30132,0.30051,0.00091,0.00333,2,0.03483,0.00091,0.034819,-0.00003,-0.8133,-0.0005,-0.0338,0.0485,-0.2820,-0.0412,-0.3322,0,0.04900,0.01900,0.0056,0.0045,0.009071,0.066922,-0.1105,0.1604,33.1328,-0.0015,0.1148,34.0096,-0.1135,0.1613,30.0382,-0.0044,0.0843,31.0152,0.003128,-0.003300,33.1325,0.002870,-0.003101,34.0096,0.002302,-0.003597,30.0379,0.002067,-0.003280,31.0152,-0.00024,-0.00620,-0.55262,1.10085,-0.54895,0.00741,-0.00003,-0.00648,-0.55274,1.10135,-0.54941,0.00766,-0.00230,-0.00000,-0.00240,-0.00000,-0.00040,0.10876,0.03292,-1.36748,0.09863,0.10780,-0.00010,0.11136,-0.02259,-1.24253,0.06389,0.10545,-0.00053,-0.00008,-0.00074,-0.00009,6.000,6.000,12.000,12.000,6.000,6.000,6.000,6.000,12.000,12.000,6.000,6.000,6.000,6.000,6.000,6.000
0.4250,-0.00009,0.00168,0.46249,1.00000,0.00005,0.00047,0.00007,0.00863,0.00119,0.30132,0.30051,0.00093,0.00341,2,0.03483,0.00093,0.034819,-0.00003,-0.8122,-0.0005,-0.0337,0.0489,-0.2816,-0.0419,-0.3312,0,0.04900,0.01900,0.0056,0.0046,0.009079,0.066885,-0.1103,0.1616,33.1702,-0.0014,0.1153,34.0454,-0.1134,0.1625,30.0029,-0.0044,0.0847,30.9797,0.003136,-0.003339,33.1699,0.002878,-0.003138,34.0454,0.002291,-0.003651,30.0026,0.002056,-0.003331,30.9797,-0.00024,-0.00640,-0.55261,1.10078,-0.54891,0.00763,-0.00003,-0.00668,-0.55273,1.10130,-0.54938,0.00788,-0.00231,-0.00000,-0.00241,-0.00000,-0.00040,0.11131,0.03360,-1.36884,0.09899,0.10923,-0.00010,0.11372,-0.02321,-1.24097,0.06345,0.10697,-0.00052,-0.00008,-0.00073,-0.00009,6.000,6.000,12.000,12.000,6.000,6.000,6.000,6.000,12.000,12.000,6.000,6.000,6.000,6.000,6.000,6.000
0.4300,-0.00009,0.00173,0.46249,1.00000,0.00006,0.00048,0.00007,0.00863,0.00123,0.30132,0.30051,0.00095,0.00349,2,0.03483,0.00095,0.034819,-0.00003,-0.8112,-0.0005,-0.0337,0.0492,-0.2813,-0.0426,-0.3303,0,0.04900,0.01900,0.0057,0.0046,0.009087,0.066848,-0.1101,0.1628,33.2080,-0.0013,0.1157,34.0815,-0.1133,0.1636,29.9672,-0.0043,0.0851,30.9438,0.003144,-0.003377,33.2077,0.002886,-0.003174,34.0815,0.002279,-0.003705,29.9669,0.002045,-0.003381,30.9438,-0.00025,-0.00660,-0.55260,1.10071,-0.54887,0.00785,-0.00004,-0.00689,-0.55272,1.10124,-0.54935,0.00810,-0.00231,-0.00000,-0.00242,-0.00000,-0.00041,0.11388,0.03430,-1.37022,0.09936,0.11065,-0.00010,0.11609,-0.02383,-1.23939,0.06300,0.10849,-0.00051,-0.00008,-0.00072,-0.00009,6.000,6.000,12.000,12.000,6.000,6.000,6.000,6.000,12.000,12.000,6.000,6.000,6.000,6.000,6.000,6.000
0.4350,-0.00008,0.00178,0.46250,1.00000,0.00006,0.00049,0.00007,0.00863,0.00127,0.30132,0.30051,0.00096,0.00357,2,0.03483,0.00096,0.034818,-0.00003,-0.8101,-0.0005,-0.0336,0.0496,-0.2810,-0.0433,-0.3294,0,0.04900,0.01900,0.0057,0.0046,0.009095,0.066812,-0.1099,0.1639,33.2462,-0.0012,0.1161,34.1181,-0.1131,0.1647,29.9311,-0.0043,0.0855,30.9075,0.003152,-0.003415,33.2460,0.002895,-0.003211,34.1181,0.002267,-0.003759,29.9308,0.002033,-0.003432,30.9075,-0.00025,-0.00681,-0.55259,1.10064,-0.54883,0.00807,-0.00005,-0.00710,-0.55271,1.10119,-0.54932,0.00832,-0.00231,-0.00000,-0.00242,-0.00000,-0.00041,0.11649,0.03499,-1.37161,0.09973,0.11207,-0.00010,0.11849,-0.02447,-1.23780,0.06255,0.11001,-0.00049,-0.00008,-0.00071,-0.00009,6.000,6.000,12.000,12.000,6.000,6.000,6.000,6.000,12.000,12.000,6.000,6.000,6.000,6.000,6.000,6.000
0.4400,-0.00008,0.00184,0.46250,1.00000,0.00006,0.00050,0.00007,0.00863,0.00131,0.30132,0.30051,0.00098,0.00365,2,0.03483,0.00098,0.034818,-0.00003,-0.8090,-0.0005,-0.0336,0.0499,-0.2807,-0.0440,-0.3285,0,0.04900,0.01900,0.0057,0.0046,0.009103,0.066776,-0.1096,0.1651,33.2848,-0.0011,0.1166,34.1551,-0.1130,0.1658,29.8946,-0.0043,0.0859,30.8709,0.003160,-0.003453,33.2846,0.002903,-0.003247,34.1551,0.002255,-0.003814,29.8943,0.002022,-0.003482,30.8709,-0.00026,-0.00703,-0.55258,1.10058,-0.54879,0.00830,-0.00005,-0.00731,-0.55271,1.10114,-0.54929,0.00855,-0.00232,-0.00000,-0.00243,-0.00000,-0.00042,0.11912,0.03570,-1.37303,0.10011,0.11349,-0.00010,0.12092,-0.02511,-1.23619,0.06210,0.11153,-0.00048,-0.00008,-0.00070,-0.00009,6.000,6.000,12.000,12.000,6.000,6.000,6.000,6.000,12.000,12.000,6.000,6.000,6.000,6.000,6.000,6.000
0.4450,-0.00008,0.00190,0.46250,1.00000,0.00006,0.00051,0.00008,0.00863,0.00135,0.30133,0.30051,0.00100,0.00373,2,0.03483,0.00100,0.034818,-0.00003,-0.8079,-0.0005,-0.0335,0.0503,-0.2804,-0.0447,-0.3276,0,0.04900,0.01900,0.0057,0.0047,0.009112,0.066739,-0.1094,0.1662,33.3238,-0.0010,0.1170,34.1924,-0.1129,0.1669,29.8577,-0.0043,0.0862,30.8338,0.003168,-0.003490,33.3236,0.002911,-0.003282,34.1924,0.002243,-0.003868,29.8574,0.002010,-0.003534,30.8338,-0.00027,-0.00724,-0.55257,1.10051,-0.54875,0.00853,-0.00006,-0.00753,-0.55270,1.10109,-0.54927,0.00879,-0.00232,-0.00000,-0.00244,-0.00000,-0.00043,0.12179,0.03641,-1.37446,0.10050,0.11490,-0.00010,0.12336,-0.02576,-1.23457,0.06164,0.11306,-0.00047,-0.00008,-0.00069,-0.00009,6.000,6.000,12.000,12.000,6.000,6.000,6.000,6.000,12.000,12.000,6.000,6.000,6.000,6.000,6.000,6.000
0.4500,-0.00008,0.00195,0.46250,1.00000,0.00006,0.00051,0.00008,0.00863,0.00139,0.30133,0.30051,0.00101,0.00381,2,0.03483,0.00101,0.034818,-0.00003,-0.8068,-0.0005,-0.0335,0.0506,-0.2800,-0.0454,-0.3267,0,0.04900,0.01900,0.0057,0.0047,0.009120,0.066704,-0.1092,0.1674,33.3632,-0.0010,0.1174,34.2302,-0.1128,0.1680,29.8204,-0.0043,0.0866,30.7963,0.003177,-0.003528,33.3629,0.002920,-0.003318,34.2302,0.002231,-0.003923,29.8201,0.001999,-0.003585,30.7963,-0.00027,-0.00746,-0.55257,1.10045,-0.54871,0.00877,-0.00006,-0.00775,-0.55269,1.10104,-0.54924,0.00903,-0.00232,-0.00000,-0.00244,-0.00000,-0.00043,0.12448,0.03713,-1.37591,0.10089,0.11631,-0.00010,0.12583,-0.02643,-1.23294,0.06118,0.11459,-0.00046,-0.00008,-0.00068,-0.00009,6.000,6.000,12.000,12.000,6.000,6.000,6.000,6.000,12.000,12.000,6.000,6.000,6.000,6.000,6.000,6.000
0.4550,-0.00007,0.00201,0.46251,1.00000,0.00006,0.00052,0.00008,0.00863,0.00143,0.30133,0.30051,0.00103,0.00390,2,0.03483,0.00103,0.034818,-0.00003,-0.8058,-0.0005,-0.0334,0.0509,-0.2797,-0.0461,-0.3259,0,0.04900,0.01900,0.0057,0.0047,0.009129,0.066668,-0.1090,0.1685,33.4030,-0.0009,0.1178,34.2683,-0.1126,0.1691,29.7827,-0.0043,0.0869,30.7584,0.003185,-0.003565,33.4027,0.002928,-0.003353,34.2683,0.002219,-0.003979,29.7824,0.001987,-0.003636,30.7584,-0.00028,-0.00768,-0.55256,1.10039,-0.54867,0.00901,-0.00007,-0.00797,-0.55268,1.10099,-0.54922,0.00927,-0.00232,-0.00000,-0.00245,-0.00000,-0.00044,0.12721,0.03785,-1.37738,0.10129,0.11772,-0.00010,0.12831,-0.02709,-1.23129,0.06072,0.11611,-0.00044,-0.00008,-0.00067,-0.00009,6.000,6.000,12.000,12.000,6.000,6.000,6.000,6.000,12.000,12.000,6.000,6.000,6.000,6.000,6.000,6.000
0.4600,-0.00007,0.00207,0.46251,1.00000,0.00006,0.00053,0.00008,0.00863,0.00148,0.30133,0.30051,0.00104,0.00398,2,0.03483,0.00104,0.034818,-0.00003,-0.8047,-0.0005,-0.0334,0.0512,-0.2794,-0.0468,-0.3250,0,0.04900,0.01900,0.0057,0.0047,0.009137,0.066632,-0.1088,0.1696,33.4432,-0.0008,0.1181,34.3068,-0.1125,0.1701,29.7446,-0.0042,0.0872,30.7202,0.003193,-0.003602,33.4429,0.002937,-0.003389,34.3068,0.002206,-0.004034,29.7443,0.001975,-0.003688,30.7202,-0.00028,-0.00791,-0.55255,1.10033,-0.54863,0.00925,-0.00007,-0.00820,-0.55267,1.10094,-0.54919,0.00951,-0.00232,-0.00000,-0.00245,-0.00000,-0.00044,0.12996,0.03858,-1.37887,0.10169,0.11913,-0.00010,0.13082,-0.02777,-1.22963,0.06026,0.11765,-0.00043,-0.00008,-0.00067,-0.00009,6.000,6.000,12.000,12.000,6.000,6.000,6.000,6.000,12.000,12.000,6.000,6.000,6.000,6.000,6.000,6.000
0.4650,-0.00007,0.00213,0.46251,1.00000,0.00007,0.00054,0.00009,0.00863,0.00152,0.30133,0.30051,0.00106,0.00407,2,0.03483,0.00106,0.034818,-0.00003,-0.8036,-0.0005,-0.0333,0.0516,-0.2791,-0.0475,-0.3242,0,0.04900,0.01900,0.0058,0.0048,0.009146,0.066597,-0.1086,0.1707,33.4837,-0.0007,0.1185,34.3457,-0.1124,0.1711,29.7061,-0.0042,0.0875,30.6815,0.003202,-0.003638,33.4834,0.002945,-0.003424,34.3457,0.002194,-0.004089,29.7058,0.001963,-0.003740,30.6815,-0.00029,-0.00814,-0.55253,1.10027,-0.54860,0.00950,-0.00008,-0.00843,-0.55266,1.10090,-0.54917,0.00976,-0.00232,-0.00000,-0.00246,-0.00000,-0.00045,0.13275,0.03931,-1.38037,0.10209,0.12053,-0.00010,0.13335,-0.02845,-1.22796,0.05979,0.11918,-0.00042,-0.00008,-0.00066,-0.00009,6.000,6.000,12.000,12.000,6.000,6.000,6.000,6.000,12.000,12.000,6.000,6.000,6.000,6.000,6.000,6.000
0.4700,-0.00007,0.00220,0.46251,1.00000,0.00007,0.00054,0.00009,0.00863,0.00157,0.30134,0.30051,0.00107,0.00415,2,0.03483,0.00107,0.034817,-0.00003,-0.8025,-0.0005,-0.0333,0.0519,-0.2788,-0.0482,-0.3234,0,0.04900,0.01900,0.0058,0.0048,0.009155,0.066562,-0.1084,0.1718,33.5247,-0.0006,0.1189,34.3850,-0.1123,0.1721,29.6672,-0.0042,0.0878,30.6425,0.003210,-0.003675,33.5244,0.002954,-0.003458,34.3850,0.002181,-0.004145,29.6669,0.001951,-0.003792,30.6425,-0.00030,-0.00838,-0.55252,1.10021,-0.54856,0.00975,-0.00009,-0.00866,-0.55265,1.10085,-0.54915,0.01001,-0.00232,-0.00000,-0.00246,-0.00000,-0.00046,0.13557,0.04006,-1.38190,0.10251,0.12194,-0.00010,0.13590,-0.02915,-1.22628,0.05932,0.12071,-0.00041,-0.00008,-0.00065,-0.00009,6.000,6.000,12.000,12.000,6.000,6.000,6.000,6.000,12.000,12.000,6.000,6.000,6.000,6.000,6.000,6.000
0.4750,-0.00006,0.00226,0.46252,1.00000,0.00007,0.00055,0.00009,0.00864,0.00161,0.30134,0.30051,0.00108,0.00424,2,0.03483,0.00108,0.034817,-0.00003,-0.8014,-0.0005,-0.0332,0.0522,-0.2785,-0.0489,-0.3226,0,0.04900,0.01900,0.0058,0.0048,0.009164,0.066527,-0.1082,0.1729,33.5660,-0.0005,0.1192,34.4247,-0.1122,0.1731,29.6280,-0.0042,0.0881,30.6030,0.003219,-0.003711,33.5657,0.002963,-0.003493,34.4247,0.002168,-0.004201,29.6277,0.001938,-0.003844,30.6030,-0.00030,-0.00862,-0.55251,1.10015,-0.54852,0.01000,-0.00009,-0.00890,-0.55265,1.10080,-0.54913,0.01027,-0.00233,-0.00000,-0.00246,-0.00000,-0.00046,0.13842,0.04080,-1.38344,0.10292,0.12333,-0.00009,0.13848,-0.02985,-1.22458,0.05884,0.12224,-0.00040,-0.00008,-0.00064,-0.00009,6.000,6.000,12.000,12.000,6.000,6.000,6.000,6.000,12.000,12.000,6.000,6.000,6.000,6.000,6.000,6.000
0.4800,-0.00006,0.00232,0.46252,1.00000,0.00007,0.00055,0.00010,0.00864,0.00166,0.30134,0.30051,0.00110,0.00433,2,0.03483,0.00110,0.034817,-0.00003,-0.8003,-0.0005,-0.0332,0.0525,-0.2782,-0.0497,-0.3219,0,0.04900,0.01900,0.0058,0.0048,0.009173,0.066492,-0.1080,0.1739,33.6077,-0.0004,0.1196,34.4647,-0.1120,0.1741,29.5883,-0.0042,0.0883,30.5632,0.003228,-0.003747,33.6074,0.002972,-0.003527,34.4647,0.002155,-0.004257,29.5880,0.001926,-0.003896,30.5632,-0.00031,-0.00886,-0.55250,1.10009,-0.54849,0.01026,-0.00010,-0.00915,-0.55264,1.10076,-0.54910,0.01053,-0.00232,-0.00000,-0.00247,-0.00000,-0.00047,0.14129,0.04156,-1.38499,0.10334,0.12473,-0.00009,0.14107,-0.03055,-1.22287,0.05836,0.12378,-0.00039,-0.00008,-0.00064,-0.00009,6.000,6.000,12.000,12.000,6.000,6.000,6.000,6.000,12.000,12.000,6.000,6.000,6.000,6.000,6.000,6.000
0.4850,-0.00006,0.00239,0.46252,1.00000,0.00007,0.00056,0.00010,0.00864,0.00171,0.30134,0.30051,0.00111,0.00442,2,0.03483,0.00111,0.034817,-0.00003,-0.7992,-0.0005,-0.0331,0.0528,-0.2779,-0.0504,-0.3211,0,0.04900,0.01900,0.0058,0.0048,0.009182,0.066458,-0.1078,0.1750,33.6498,-0.0003,0.1199,34.5052,-0.1119,0.1751,29.5483,-0.0042,0.0886,30.5230,0.003237,-0.003783,33.6495,0.002981,-0.003561,34.5052,0.002142,-0.004314,29.5479,0.001913,-0.003949,30.5230,-0.00032,-0.00911,-0.55249,1.10003,-0.54845,0.01052,-0.00011,-0.00939,-0.55263,1.10072,-0.54908,0.01079,-0.00232,-0.00000,-0.00247,-0.00000,-0.00048,0.14420,0.04232,-1.38657,0.10377,0.12612,-0.00009,0.14369,-0.03127,-1.22114,0.05788,0.12532,-0.00038,-0.00008,-0.00063,-0.00009,6.000,6.000,12.000,12.000,6.000,6.000,6.000,6.000,12.000,12.000,6.000,6.000,6.000,6.000,6.000,6.000
0.4900,-0.00006,0.00245,0.46252,1.00000,0.00007,0.00057,0.00010,0.00864,0.00175,0.30134,0.30051,0.00112,0.00451,2,0.03483,0.00112,0.034817,-0.00003,-0.7981,-0.0005,-0.0331,0.0531,-0.2776,-0.0511,-0.3204,0,0.04900,0.01900,0.0058,0.0049,0.009191,0.066424,-0.1076,0.1760,33.6923,-0.0002,0.1202,34.5460,-0.1118,0.1761,29.5078,-0.0042,0.0888,30.4824,0.003245,-0.003818,33.6920,0.002990,-0.003595,34.5460,0.002129,-0.004370,29.5075,0.001901,-0.004002,30.4824,-0.00032,-0.00936,-0.55248,1.09998,-0.54842,0.01079,-0.00011,-0.00964,-0.55262,1.10067,-0.54906,0.01106,-0.00232,-0.00000,-0.00247,-0.00000,-0.00049,0.14714,0.04308,-1.38816,0.10420,0.12750,-0.00009,0.14632,-0.03199,-1.21940,0.05740,0.12686,-0.00037,-0.00008,-0.00062,-0.00009,6.000,6.000,12.000,12.000,6.000,6.000,6.000,6.000,12.000,12.000,6.000,6.000,6.000,6.000,6.000,6.000
0.4950,-0.00006,0.00252,0.46252,1.00000,0.00007,0.00057,0.00011,0.00864,0.00180,0.30135,0.30051,0.00113,0.00460,2,0.03483,0.00113,0.034817,-0.00003,-0.7970,-0.0005,-0.0330,0.0534,-0.2772,-0.0518,-0.3196,0,0.04900,0.01900,0.0058,0.0049,0.009200,0.066390,-0.1074,0.1770,33.7352,-0.0001,0.1206,34.5872,-0.1117,0.1770,29.4670,-0.0042,0.0890,30.4414,0.003254,-0.003853,33.7348,0.002999,-0.003629,34.5872,0.002115,-0.004427,29.4667,0.001888,-0.004055,30.4414,-0.00033,-0.00961,-0.55247,1.09992,-0.54839,0.01105,-0.00012,-0.00990,-0.55261,1.10063,-0.54905,0.01133,-0.00232,-0.00000,-0.00248,-0.00000,-0.00049,0.15011,0.04386,-1.38977,0.10464,0.12889,-0.00008,0.14898,-0.03272,-1.21765,0.05691,0.12840,-0.00036,-0.00008,-0.00062,-0.00009,6.000,6.000,12.000,12.000,6.000,6.000,6.000,6.000,12.000,12.000,6.000,6.000,6.000,6.000,6.000,6.000
0.5000,-0.00005,0.00259,0.46253,1.00000,0.00008,0.00058,0.00011,0.00864,0.00185,0.30135,0.30051,0.00115,0.00469,2,0.03483,0.00115,0.034816,-0.00003,-0.7959,-0.0005,-0.0330,0.0537,-0.2769,-0.0525,-0.3189,0,0.04900,0.01900,0.0058,0.0049,0.009209,0.066356,-0.1071,0.1780,33.7784,-0.0000,0.1209,34.6288,-0.1116,0.1779,29.4258,-0.0042,0.0892,30.4001,0.003263,-0.003888,33.7780,0.003009,-0.003662,34.6288,0.002102,-0.004484,29.4254,0.001875,-0.004108,30.4001,-0.00034,-0.00987,-0.55246,1.09986,-0.54835,0.01133,-0.00013,-0.01015,-0.55259,1.10059,-0.54903,0.01161,-0.00232,-0.00000,-0.00248,-0.00000,-0.00050,0.15311,0.04463,-1.39140,0.10508,0.13026,-0.00008,0.15165,-0.03346,-1.21588,0.05642,0.12994,-0.00035,-0.00008,-0.00061,-0.00009,6.000,6.000,12.000,12.000,6.000,6.000,6.000,6.000,12.000,12.000,6.000,6.000,6.000,6.000,6.000,6.000
0.5050,-0.00005,0.00266,0.46253,1.00000,0.00008,0.00058,0.00011,0.00864,0.00190,0.30135,0.30051,0.00116,0.00478,2,0.03484,0.00116,0.034816,-0.00003,-0.7948,-0.0005,-0.0329,0.0540,-0.2766,-0.0532,-0.3182,0,0.04900,0.01900,0.0058,0.0049,0.009218,0.066323,-0.1069,0.1790,33.8220,0.0000,0.1212,34.6707,-0.1115,0.1788,29.3842,-0.0042,0.0894,30.3583,0.003272,-0.003922,33.8217,0.003018,-0.003695,34.6707,0.002088,-0.004542,29.3838,0.001862,-0.004161,30.3583,-0.00035,-0.01013,-0.55245,1.09981,-0.54832,0.01160,-0.00014,-0.01041,-0.55258,1.10055,-0.54901,0.01189,-0.00232,-0.00000,-0.00248,-0.00000,-0.00051,0.15615,0.04542,-1.39304,0.10553,0.13164,-0.00008,0.15435,-0.03421,-1.21410,0.05592,0.13148,-0.00035,-0.00008,-0.00061,-0.00009,6.000,6.000,12.000,12.000,6.000,6.000,6.000,6.000,12.000,12.000,6.000,6.000,6.000,6.000,6.000,6.000
0.5100,-0.00005,0.00273,0.46253,1.00000,0.00008,0.00059,0.00012,0.00864,0.00195,0.30135,0.30051,0.00117,0.00487,2,0.03484,0.00117,0.034816,-0.00003,-0.7937,-0.0005,-0.0329,0.0543,-0.2763,-0.0539,-0.3175,0,0.04900,0.01900,0.0058,0.0049,0.009228,0.066290,-0.1067,0.1800,33.8660,0.0001,0.1215,34.7130,-0.1114,0.1797,29.3422,-0.0042,0.0896,30.3162,0.003282,-0.003957,33.8656,0.003027,-0.003728,34.7130,0.002074,-0.004599,29.3419,0.001848,-0.004215,30.3162,-0.00035,-0.01039,-0.55244,1.09975,-0.54828,0.01188,-0.00014,-0.01068,-0.55257,1.10051,-0.54899,0.01217,-0.00232,-0.00000,-0.00248,-0.00000,-0.00052,0.15921,0.04621,-1.39470,0.10598,0.13301,-0.00008,0.15706,-0.03496,-1.21231,0.05542,0.13302,-0.00034,-0.00008,-0.00060,-0.00009,6.000,6.000,12.000,12.000,6.000,6.000,6.000,6.000,12.000,12.000,6.000,6.000,6.000,6.000,6.000,6.000
0.5150,-0.00005,0.00280,0.46253,1.00000,0.00008,0.00059,0.00012,0.00864,0.00201,0.30135,0.30051,0.00118,0.00496,2,0.03484,0.00118,0.034816,-0.00004,-0.7926,-0.0005,-0.0328,0.0545,-0.2760,-0.0547,-0.3168,0,0.04900,0.01900,0.0058,0.0049,0.009237,0.066257,-0.1065,0.1810,33.9104,0.0002,0.1218,34.7557,-0.1113,0.1806,29.2998,-0.0042,0.0898,30.2737,0.003291,-0.003991,33.9100,0.003037,-0.003760,34.7557,0.002060,-0.004657,29.2995,0.001835,-0.004269,30.2737,-0.00036,-0.01066,-0.55242,1.09970,-0.54825,0.01217,-0.00015,-0.01095,-0.55256,1.10047,-0.54897,0.01246,-0.00232,-0.00000,-0.00249,-0.00000,-0.00052,0.16230,0.04701,-1.39638,0.10644,0.13437,-0.00007,0.15980,-0.03572,-1.21050,0.05492,0.13457,-0.00033,-0.00008,-0.00060,-0.00009,6.000,6.000,12.000,12.000,6.000,6.000,6.000,6.000,12.000,12.000,6.000,6.000,6.000,6.000,6.000,6.000
0.5200,-0.00005,0.00287,0.46253,1.00000,0.00008,0.00060,0.00012,0.00864,0.00206,0.30135,0.30051,0.00119,0.00506,2,0.03484,0.00119,0.034816,-0.00004,-0.7915,-0.0005,-0.0328,0.0548,-0.2757,-0.0554,-0.3162,0,0.04900,0.01900,0.0058,0.0050,0.009247,0.066224,-0.1063,0.1820,33.9551,0.0003,0.1221,34.7988,-0.1112,0.1815,29.2571,-0.0042,0.0899,30.2308,0.003300,-0.004024,33.9547,0.003046,-0.003793,34.7988,0.002046,-0.004715,29.2568,0.001821,-0.004323,30.2308,-0.00037,-0.01093,-0.55241,1.09965,-0.54822,0.01245,-0.00016,-0.01122,-0.55255,1.10044,-0.54896,0.01275,-0.00232,-0.00000,-0.00249,-0.00000,-0.00053,0.16543,0.04781,-1.39808,0.10690,0.13573,-0.00007,0.16255,-0.03649,-1.20868,0.05442,0.13611,-0.00032,-0.00008,-0.00059,-0.00009,6.000,6.000,12.000,12.000,6.000,6.000,6.000,6.000,12.000,12.000,6.000,6.000,6.000,6.000,6.000,6.000
0.5250,-0.00004,0.00295,0.46254,1.00000,0.00008,0.00060,0.00013,0.00864,0.00211,0.30135,0.30051,0.00120,0.00515,2,0.03484,0.00120,0.034815,-0.00004,-0.7904,-0.0005,-0.0328,0.0551,-0.2754,-0.0561,-0.3155,0,0.04900,0.01900,0.0059,0.0050,0.009256,0.066192,-0.1061,0.1829,34.0002,0.0004,0.1224,34.8423,-0.1111,0.1823,29.2140,-0.0042,0.0900,30.1876,0.003309,-0.004058,33.9998,0.003056,-0.003825,34.8423,0.002032,-0.004774,29.2136,0.001808,-0.004378,30.1876,-0.00038,-0.01121,-0.55240,1.09959,-0.54819,0.01275,-0.00017,-0.01150,-0.55254,1.10040,-0.54894,0.01304,-0.00231,-0.00000,-0.00249,-0.00000,-0.00054,0.16859,0.04862,-1.39979,0.10737,0.13709,-0.00006,0.16532,-0.03726,-1.20685,0.05391,0.13766,-0.00031,-0.00008,-0.00059,-0.00009,6.000,6.000,12.000,12.000,6.000,6.000,6.000,6.000,12.000,12.000,6.000,6.000,6.000,6.000,6.000,6.000
0.5300,-0.00004,0.00302,0.46254,1.00000,0.00008,0.00061,0.00013,0.00864,0.00217,0.30135,0.30051,0.00121,0.00525,2,0.03484,0.00121,0.034815,-0.00004,-0.7893,-0.0005,-0.0327,0.0554,-0.2751,-0.0568,-0.3149,0,0.04900,0.01900,0.0059,0.0050,0.009266,0.066160,-0.1059,0.1839,34.0457,0.0005,0.1226,34.8861,-0.1110,0.1832,29.1705,-0.0042,0.0902,30.1439,0.003319,-0.004091,34.0453,0.003065,-0.003856,34.8861,0.002017,-0.004832,29.1701,0.001794,-0.004432,30.1439,-0.00038,-0.01149,-0.55239,1.09954,-0.54815,0.01304,-0.00017,-0.01178,-0.55253,1.10036,-0.54893,0.01334,-0.00231,-0.00000,-0.00249,-0.00000,-0.00055,0.17178,0.04944,-1.40152,0.10784,0.13844,-0.00006,0.16812,-0.03804,-1.20500,0.05340,0.13921,-0.00031,-0.00008,-0.00059,-0.00009,6.000,6.000,12.000,12.000,6.000,6.000,6.000,6.000,12.000,12.000,6.000,6.000,6.000,6.000,6.000,6.000
0.5350,-0.00004,0.00309,0.46254,1.00000,0.00009,0.00061,0.00013,0.00864,0.00222,0.30136,0.30051,0.00122,0.00535,2,0.03484,0.00122,0.034815,-0.00004,-0.7882,-0.0005,-0.0327,0.0556,-0.2748,-0.0575,-0.3142,0,0.04900,0.01900,0.0059,0.0050,0.009276,0.066128,-0.1057,0.1848,34.0916,0.0006,0.1229,34.9303,-0.1108,0.1840,29.1266,-0.0042,0.0903,30.0999,0.003328,-0.004124,34.0912,0.003075,-0.003888,34.9303,0.002003,-0.004891,29.1262,0.001780,-0.004487,30.0999,-0.00039,-0.01178,-0.55237,1.09949,-0.54812,0.01334,-0.00018,-0.01206,-0.55252,1.10032,-0.54891,0.01364,-0.00231,-0.00000,-0.00249,-0.00000,-0.00056,0.17499,0.05026,-1.40326,0.10832,0.13978,-0.00006,0.17093,-0.03883,-1.20314,0.05289,0.14075,-0.00030,-0.00008,-0.00058,-0.00009,6.000,6.000,12.000,12.000,6.000,6.000,6.000,6.000,12.000,12.000,6.000,6.000,6.000,6.000,6.000,6.000
0.5400,-0.00004,0.00317,0.46254,1.00000,0.00009,0.00062,0.00014,0.00864,0.00228,0.30136,0.30051,0.00122,0.00545,2,0.03484,0.00122,0.034815,-0.00004,-0.7871,-0.0005,-0.0326,0.0559,-0.2745,-0.0583,-0.3136,0,0.04900,0.01900,0.0059,0.0050,0.009285,0.066096,-0.1055,0.1857,34.1378,0.0007,0.1232,34.9749,-0.1107,0.1848,29.0824,-0.0042,0.0904,30.0556,0.003338,-0.004156,34.1374,0.003085,-0.003919,34.9749,0.001988,-0.004950,29.0820,0.001766,-0.004542,30.0556,-0.00040,-0.01206,-0.55236,1.09944,-0.54809,0.01364,-0.00019,-0.01235,-0.55250,1.10029,-0.54890,0.01395,-0.00230,-0.00000,-0.00250,-0.00000,-0.00057,0.17825,0.05109,-1.40502,0.10880,0.14112,-0.00005,0.17376,-0.03963,-1.20126,0.05237,0.14230,-0.00029,-0.00008,-0.00058,-0.00009,6.000,6.000,12.000,12.000,6.000,6.000,6.000,6.000,12.000,12.000,6.000,6.000,6.000,6.000,6.000,6.000
0.5450,-0.00004,0.00325,0.46254,1.00000,0.00009,0.00062,0.00014,0.00864,0.00233,0.30136,0.30051,0.00123,0.00554,2,0.03484,0.00123,0.034815,-0.00004,-0.7860,-0.0005,-0.0326,0.0561,-0.2742,-0.0590,-0.3130,0,0.04900,0.01900,0.0059,0.0050,0.009295,0.066065,-0.1053,0.1866,34.1844,0.0007,0.1234,35.0198,-0.1106,0.1856,29.0377,-0.0043,0.0905,30.0108,0.003347,-0.004188,34.1840,0.003095,-0.003950,35.0198,0.001973,-0.005009,29.0373,0.001751,-0.004597,30.0108,-0.00041,-0.01236,-0.55235,1.09939,-0.54806,0.01395,-0.00020,-0.01264,-0.55249,1.10025,-0.54888,0.01426,-0.00230,-0.00000,-0.00250,-0.00000,-0.00058,0.18153,0.05193,-1.40680,0.10929,0.14246,-0.00005,0.17660,-0.04043,-1.19938,0.05185,0.14385,-0.00028,-0.00008,-0.00058,-0.00009,6.000,6.000,12.000,12.000,6.000,6.000,6.000,6.000,12.000,12.000,6.000,6.000,6.000,6.000,6.000,6.000
0.5500,-0.00004,0.00333,0.46254,1.00000,0.00009,0.00062,0.00015,0.00864,0.00239,0.30136,0.30051,0.00124,0.00564,2,0.03484,0.00124,0.034815,-0.00004,-0.7849,-0.0005,-0.0325,0.0564,-0.2739,-0.0597,-0.3124,0,0.04900,0.01900,0.0059,0.0050,0.009305,0.066034,-0.1051,0.1875,34.2314,0.0008,0.1237,35.0651,-0.1106,0.1864,28.9927,-0.0043,0.0905,29.9657,0.003357,-0.004220,34.2310,0.003105,-0.003981,35.0651,0.001958,-0.005069,28.9923,0.001737,-0.004653,29.9657,-0.00042,-0.01265,-0.55234,1.09933,-0.54803,0.01426,-0.00021,-0.01294,-0.55248,1.10022,-0.54887,0.01457,-0.00230,-0.00000,-0.00250,-0.00000,-0.00059,0.18484,0.05277,-1.40859,0.10978,0.14379,-0.00004,0.17947,-0.04124,-1.19747,0.05132,0.14541,-0.00028,-0.00008,-0.00057,-0.00009,6.000,6.000,12.000,12.000,6.000,6.000,6.000,6.000,12.000,12.000,6.000,6.000,6.000,6.000,6.000,6.000
0.5550,-0.00003,0.00341,0.46254,1.00000,0.00009,0.00063,0.00015,0.00864,0.00245,0.30136,0.30051,0.00125,0.00574,2,0.03484,0.00125,0.034814,-0.00004,-0.7837,-0.0005,-0.0325,0.0566,-0.2736,-0.0604,-0.3118,0,0.04900,0.01900,0.0059,0.0051,0.009315,0.066003,-0.1049,0.1884,34.2787,0.0009,0.1240,35.1107,-0.1105,0.1872,28.9474,-0.0043,0.0906,29.9202,0.003367,-0.004252,34.2783,0.003115,-0.004011,35.1107,0.001943,-0.005129,28.9470,0.001722,-0.004708,29.9202,-0.00043,-0.01295,-0.55232,1.09928,-0.54800,0.01457,-0.00022,-0.01324,-0.55247,1.10018,-0.54886,0.01489,-0.00230,-0.00000,-0.00250,-0.00000,-0.00060,0.18819,0.05362,-1.41040,0.11027,0.14511,-0.00004,0.18235,-0.04206,-1.19556,0.05080,0.14696,-0.00027,-0.00008,-0.00057,-0.00009,6.000,6.000,12.000,12.000,6.000,6.000,6.000,6.000,12.000,12.000,6.000,6.000,6.000,6.000,6.000,6.000
0.5600,-0.00003,0.00349,0.46255,1.00000,0.00009,0.00063,0.00015,0.00865,0.00251,0.30136,0.30051,0.00126,0.00584,2,0.03484,0.00126,0.034814,-0.00004,-0.7826,-0.0005,-0.0324,0.0569,-0.2733,-0.0612,-0.3112,0,0.04900,0.01900,0.0059,0.0051,0.009325,0.065973,-0.1047,0.1893,34.3264,0.0010,0.1242,35.1568,-0.1104,0.1879,28.9016,-0.0043,0.0907,29.8744,0.003376,-0.004283,34.3260,0.003125,-0.004041,35.1568,0.001927,-0.005189,28.9012,0.001707,-0.004764,29.8744,-0.00044,-0.01326,-0.55231,1.09923,-0.54797,0.01489,-0.00022,-0.01354,-0.55245,1.10015,-0.54884,0.01521,-0.00229,-0.00000,-0.00250,-0.00000,-0.00061,0.19157,0.05448,-1.41222,0.11077,0.14642,-0.00003,0.18525,-0.04288,-1.19363,0.05027,0.14851,-0.00026,-0.00008,-0.00057,-0.00009,6.000,6.000,12.000,12.000,6.000,6.000,6.000,6.000,12.000,12.000,6.000,6.000,6.000,6.000,6.000,6.000
0.5650,-0.00003,0.00357,0.46255,1.00000,0.00009,0.00064,0.00016,0.00865,0.00257,0.30136,0.30051,0.00126,0.00595,2,0.03484,0.00126,0.034814,-0.00004,-0.7815,-0.0005,-0.0324,0.0571,-0.2731,-0.0619,-0.3106,0,0.04900,0.01900,0.0059,0.0051,0.009335,0.065943,-0.1045,0.1902,34.3744,0.0011,0.1244,35.2032,-0.1103,0.1887,28.8555,-0.0043,0.0907,29.8281,0.003386,-0.004314,34.3740,0.003135,-0.004071,35.2032,0.001912,-0.005249,28.8551,0.001693,-0.004821,29.8281,-0.00045,-0.01356,-0.55229,1.09918,-0.54794,0.01521,-0.00023,-0.01385,-0.55244,1.10011,-0.54883,0.01554,-0.00229,-0.00000,-0.00250,-0.00000,-0.00062,0.19497,0.05534,-1.41406,0.11128,0.14773,-0.00002,0.18817,-0.04371,-1.19169,0.04973,0.15007,-0.00026,-0.00008,-0.00056,-0.00009,6.000,6.000,12.000,12.000,6.000,6.000,6.000,6.000,12.000,12.000,6.000,6.000,6.000,6.000,6.000,6.000
0.5700,-0.00003,0.00365,0.46255,1.00000,0.00010,0.00064,0.00016,0.00865,0.00263,0.30136,0.30051,0.00127,0.00605,2,0.03484,0.00127,0.034814,-0.00004,-0.7804,-0.0005,-0.0323,0.0574,-0.2728,-0.0626,-0.3100,0,0.04900,0.01900,0.0059,0.0051,0.009345,0.065913,-0.1043,0.1910,34.4229,0.0012,0.1247,35.2499,-0.1102,0.1894,28.8090,-0.0043,0.0907,29.7815,0.003396,-0.004344,34.4224,0.003145,-0.004100,35.2499,0.001896,-0.005310,28.8086,0.001677,-0.004877,29.7815,-0.00045,-0.01387,-0.55228,1.09913,-0.54791,0.01553,-0.00024,-0.01416,-0.55242,1.10008,-0.54882,0.01587,-0.00228,-0.00000,-0.00250,-0.00000,-0.00063,0.19842,0.05620,-1.41592,0.11179,0.14904,-0.00002,0.19111,-0.04455,-1.18973,0.04919,0.15162,-0.00025,-0.00008,-0.00056,-0.00009,6.000,6.000,12.000,12.000,6.000,6.000,6.000,6.000,12.000,12.000,6.000,6.000,6.000,6.000,6.000,6.000
0.5750,-0.00003,0.00374,0.46255,1.00000,0.00010,0.00064,0.00017,0.00865,0.00269,0.30136,0.30051,0.00128,0.00615,2,0.03484,0.00128,0.034814,-0.00004,-0.7793,-0.0005,-0.0323,0.0576,-0.2725,-0.0634,-0.3094,0,0.04900,0.01900,0.0059,0.0051,0.009356,0.065883,-0.1040,0.1919,34.4717,0.0012,0.1249,35.2970,-0.1101,0.1901,28.7622,-0.0043,0.0907,29.7346,0.003406,-0.004374,34.4712,0.003155,-0.004130,35.2970,0.001880,-0.005371,28.7618,0.001662,-0.004934,29.7346,-0.00046,-0.01419,-0.55227,1.09908,-0.54787,0.01586,-0.00025,-0.01448,-0.55241,1.10004,-0.54880,0.01620,-0.00228,-0.00000,-0.00250,-0.00000,-0.00064,0.20189,0.05708,-1.41779,0.11230,0.15034,-0.00001,0.19406,-0.04539,-1.18777,0.04865,0.15318,-0.00025,-0.00008,-0.00056,-0.00009,6.000,6.000,12.000,12.000,6.000,6.000,6.000,6.000,12.000,12.000,6.000,6.000,6.000,6.000,6.000,6.000
0.5800,-0.00003,0.00382,0.46255,1.00000,0.00010,0.00065,0.00017,0.00865,0.00275,0.30137,0.30051,0.00128,0.00626,2,0.03484,0.00128,0.034813,-0.00004,-0.7782,-0.0005,-0.0323,0.0578,-0.2722,-0.0641,-0.3089,0,0.04900,0.01900,0.0059,0.0051,0.009366,0.065854,-0.1038,0.1927,34.5208,0.0013,0.1251,35.3445,-0.1100,0.1908,28.7150,-0.0044,0.0907,29.6873,0.003416,-0.004404,34.5203,0.003165,-0.004158,35.3445,0.001864,-0.005432,28.7146,0.001647,-0.004991,29.6873,-0.00047,-0.01451,-0.55225,1.09903,-0.54784,0.01619,-0.00026,-0.01480,-0.55240,1.10001,-0.54879,0.01654,-0.00228,-0.00000,-0.00250,-0.00000,-0.00065,0.20539,0.05796,-1.41967,0.11282,0.15163,-0.00001,0.19703,-0.04624,-1.18578,0.04811,0.15474,-0.00024,-0.00008,-0.00056,-0.00009,6.000,6.000,12.000,12.000,6.000,6.000,6.000,6.000,12.000,12.000,6.000,6.000,6.000,6.000,6.000,6.000
0.5850,-0.00002,0.00391,0.46255,1.00000,0.00010,0.00065,0.00018,0.00865,0.00281,0.30137,0.30051,0.00129,0.00636,2,0.03484,0.00129,0.034813,-0.00004,-0.7770,-0.0005,-0.0322,0.0581,-0.2719,-0.0648,-0.3083,0,0.04900,0.01900,0.0059,0.0051,0.009376,0.065825,-0.1036,0.1935,34.5703,0.0014,0.1254,35.3923,-0.1099,0.1915,28.6674,-0.0044,0.0907,29.6396,0.003426,-0.004434,34.5698,0.003176,-0.004187,35.3923,0.001848,-0.005494,28.6670,0.001631,-0.005048,29.6396,-0.00048,-0.01483,-0.55224,1.09898,-0.54781,0.01653,-0.00027,-0.01512,-0.55238,1.09997,-0.54878,0.01688,-0.00227,-0.00000,-0.00250,-0.00000,-0.00066,0.20893,0.05885,-1.42157,0.11334,0.15291,0.00000,0.20002,-0.04710,-1.18379,0.04756,0.15629,-0.00023,-0.00008,-0.00055,-0.00009,6.000,6.000,12.000,12.000,6.000,6.000,6.000,6.000,12.000,12.000,6.000,6.000,6.000,6.000,6.000,6.000
0.5900,-0.00002,0.00399,0.46255,1.00000,0.00010,0.00065,0.00018,0.00865,0.00287,0.30137,0.30051,0.00130,0.00647,2,0.03484,0.00130,0.034813,-0.00004,-0.7759,-0.0005,-0.0322,0.0583,-0.2716,-0.0655,-0.3078,0,0.04900,0.01900,0.0059,0.0051,0.009386,0.065797,-0.1034,0.1943,34.6202,0.0015,0.1256,35.4405,-0.1098,0.1921,28.6195,-0.0044,0.0907,29.5916,0.003436,-0.004463,34.6197,0.003186,-0.004215,35.4405,0.001832,-0.005556,28.6190,0.001616,-0.005105,29.5916,-0.00049,-0.01516,-0.55222,1.09893,-0.54778,0.01687,-0.00028,-0.01545,-0.55237,1.09994,-0.54877,0.01722,-0.00227,-0.00000,-0.00250,-0.00000,-0.00067,0.21250,0.05974,-1.42349,0.11387,0.15419,0.00001,0.20302,-0.04796,-1.18178,0.04701,0.15785,-0.00023,-0.00008,-0.00055,-0.00009,6.000,6.000,12.000,12.000,6.000,6.000,6.000,6.000,12.000,12.000,6.000,6.000,6.000,6.000,6.000,6.000
0.5950,-0.00002,0.00408,0.46255,1.00000,0.00010,0.00065,0.00018,0.00865,0.00294,0.30137,0.30051,0.00130,0.00657,2,0.03484,0.00130,0.034813,-0.00004,-0.7748,-0.0005,-0.0321,0.0585,-0.2713,-0.0663,-0.3073,0,0.04900,0.01900,0.0059,0.0051,0.009397,0.065768,-0.1032,0.1951,34.6704,0.0016,0.1258,35.4891,-0.1097,0.1928,28.5712,-0.0044,0.0907,29.5432,0.003446,-0.004492,34.6699,0.003196,-0.004243,35.4891,0.001815,-0.005618,28.5707,0.001600,-0.005163,29.5432,-0.00050,-0.01549,-0.55221,1.09888,-0.54775,0.01721,-0.00029,-0.01578,-0.55235,1.09991,-0.54876,0.01757,-0.00226,-0.00000,-0.00251,-0.00000,-0.00069,0.21610,0.06064,-1.42542,0.11440,0.15546,0.00002,0.20604,-0.04883,-1.17976,0.04646,0.15941,-0.00022,-0.00008,-0.00055,-0.00009,6.000,6.000,12.000,12.000,6.000,6.000,6.000,6.000,12.000,12.000,6.000,6.000,6.000,6.000,6.000,6.000
0.6000,-0.00002,0.00417,0.46256,1.00000,0.00011,0.00066,0.00019,0.00865,0.00300,0.30137,0.30051,0.00131,0.00668,2,0.03484,0.00131,0.034813,-0.00004,-0.7737,-0.0005,-0.0321,0.0587,-0.2710,-0.0670,-0.3067,0,0.04900,0.01900,0.0059,0.0051,0.009407,0.065740,-0.1030,0.1959,34.7209,0.0016,0.1260,35.5380,-0.1096,0.1934,28.5225,-0.0045,0.0906,29.4944,0.003456,-0.004521,34.7205,0.003207,-0.004271,35.5380,0.001799,-0.005680,28.5221,0.001584,-0.005221,29.4944,-0.00051,-0.01582,-0.55219,1.09883,-0.54772,0.01756,-0.00030,-0.01611,-0.55234,1.09987,-0.54874,0.01792,-0.00226,-0.00000,-0.00251,-0.00000,-0.00070,0.21974,0.06155,-1.42737,0.11494,0.15672,0.00002,0.20908,-0.04971,-1.17772,0.04590,0.16097,-0.00022,-0.00008,-0.00055,-0.00009,6.000,6.000,12.000,12.000,6.000,6.000,6.000,6.000,12.000,12.000,6.000,6.000,6.000,6.000,6.000,6.000
0.6050,-0.00002,0.00426,0.46256,1.00000,0.00011,0.00066,0.00019,0.00865,0.00307,0.30137,0.30051,0.00131,0.00679,2,0.03484,0.00131,0.034812,-0.00004,-0.7726,-0.0005,-0.0320,0.0589,-0.2707,-0.0677,-0.3062,0,0.04900,0.01900,0.0059,0.0051,0.009418,0.065713,-0.1028,0.1967,34.7719,0.0017,0.1262,35.5872,-0.1095,0.1941,28.4735,-0.0045,0.0906,29.4453,0.003467,-0.004549,34.7714,0.003217,-0.004298,35.5872,0.001782,-0.005743,28.4730,0.001568,-0.005280,29.4453,-0.00052,-0.01616,-0.55218,1.09877,-0.54769,0.01791,-0.00031,-0.01645,-0.55232,1.09984,-0.54873,0.01828,-0.00225,-0.00000,-0.00251,-0.00000,-0.00071,0.22340,0.06246,-1.42933,0.11548,0.15798,0.00003,0.21213,-0.05059,-1.17567,0.04535,0.16254,-0.00021,-0.00008,-0.00055,-0.00009,6.000,6.000,12.000,12.000,6.000,6.000,6.000,6.000,12.000,12.000,6.000,6.000,6.000,6.000,6.000,6.000
0.6100,-0.00002,0.00435,0.46256,1.00000,0.00011,0.00066,0.00020,0.00865,0.00314,0.30137,0.30051,0.00132,0.00690,2,0.03484,0.00132,0.034812,-0.00004,-0.7714,-0.0005,-0.0320,0.0592,-0.2704,-0.0685,-0.3057,0,0.04900,0.01900,0.0059,0.0051,0.009428,0.065685,-0.1026,0.1975,34.8231,0.0018,0.1264,35.6368,-0.1095,0.1947,28.4241,-0.0045,0.0905,29.3959,0.003477,-0.004576,34.8226,0.003228,-0.004325,35.6368,0.001765,-0.005806,28.4237,0.001551,-0.005338,29.3959,-0.00053,-0.01650,-0.55216,1.09872,-0.54766,0.01827,-0.00032,-0.01680,-0.55230,1.09980,-0.54872,0.01864,-0.00225,-0.00000,-0.00251,-0.00000,-0.00072,0.22710,0.06338,-1.43131,0.11603,0.15923,0.00004,0.21519,-0.05148,-1.17361,0.04478,0.16410,-0.00021,-0.00008,-0.00055,-0.00009,6.000,6.000,12.000,12.000,6.000,6.000,6.000,6.000,12.000,12.000,6.000,6.000,6.000,6.000,6.000,6.000
0.6150,-0.00002,0.00444,0.46256,1.00000,0.00011,0.00066,0.00020,0.00865,0.00320,0.30137,0.30051,0.00132,0.00701,2,0.03484,0.00132,0.034812,-0.00004,-0.7703,-0.0005,-0.0319,0.0594,-0.2702,-0.0692,-0.3052,0,0.04900,0.01900,0.0059,0.0051,0.009439,0.065658,-0.1024,0.1983,34.8747,0.0019,0.1266,35.6868,-0.1094,0.1953,28.3744,-0.0045,0.0904,29.3461,0.003487,-0.004604,34.8743,0.003239,-0.004352,35.6868,0.001748,-0.005869,28.3739,0.001535,-0.005397,29.3461,-0.00054,-0.01685,-0.55214,1.09867,-0.54763,0.01863,-0.00033,-0.01714,-0.55229,1.09977,-0.54871,0.01901,-0.00224,-0.00000,-0.00251,-0.00000,-0.00074,0.23083,0.06430,-1.43330,0.11658,0.16047,0.00005,0.21828,-0.05237,-1.17153,0.04422,0.16566,-0.00020,-0.00008,-0.00054,-0.00009,6.000,6.000,12.000,12.000,6.000,6.000,6.000,6.000,12.000,12.000,6.000,6.000,6.000,6.000,6.000,6.000
0.6200,-0.00002,0.00454,0.46256,1.00000,0.00011,0.00067,0.00021,0.00865,0.00327,0.30137,0.30051,0.00133,0.00712,2,0.03484,0.00133,0.034812,-0.00004,-0.7692,-0.0005,-0.0319,0.0596,-0.2699,-0.0699,-0.3047,0,0.04900,0.01900,0.0059,0.0051,0.009450,0.065632,-0.1022,0.1990,34.9267,0.0020,0.1268,35.7371,-0.1093,0.1959,28.3243,-0.0046,0.0903,29.2959,0.003497,-0.004631,34.9262,0.003249,-0.004378,35.7371,0.001730,-0.005933,28.3239,0.001518,-0.005456,29.2959,-0.00055,-0.01720,-0.55213,1.09862,-0.54760,0.01899,-0.00034,-0.01749,-0.55227,1.09974,-0.54870,0.01937,-0.00224,-0.00000,-0.00251,-0.00000,-0.00075,0.23460,0.06524,-1.43530,0.11713,0.16170,0.00006,0.22137,-0.05327,-1.16944,0.04365,0.16723,-0.00020,-0.00008,-0.00054,-0.00008,6.000,6.000,12.000,12.000,6.000,6.000,6.000,6.000,12.000,12.000,6.000,6.000,6.000,6.000,6.000,6.000
0.6250,-0.00001,0.00463,0.46256,1.00000,0.00011,0.00067,0.00021,0.00865,0.00334,0.30137,0.30051,0.00133,0.00723,2,0.03484,0.00133,0.034812,-0.00004,-0.7680,-0.0005,-0.0319,0.0598,-0.2696,-0.0707,-0.3042,0,0.04900,0.01900,0.0059,0.0051,0.009460,0.065605,-0.1020,0.1998,34.9790,0.0021,0.1270,35.7877,-0.1092,0.1964,28.2739,-0.0046,0.0902,29.2454,0.003508,-0.004658,34.9785,0.003260,-0.004404,35.7877,0.001713,-0.005997,28.2734,0.001502,-0.005515,29.2454,-0.00057,-0.01755,-0.55211,1.09857,-0.54757,0.01935,-0.00035,-0.01785,-0.55225,1.09970,-0.54869,0.01975,-0.00223,-0.00000,-0.00251,-0.00000,-0.00076,0.23840,0.06617,-1.43732,0.11769,0.16292,0.00007,0.22448,-0.05418,-1.16734,0.04308,0.16879,-0.00019,-0.00008,-0.00054,-0.00008,6.000,6.000,12.000,12.000,6.000,6.000,6.000,6.000,12.000,12.000,6.000,6.000,6.000,6.000,6.000,6.000
0.6300,-0.00001,0.00473,0.46256,1.00000,0.00011,0.00067,0.00022,0.00865,0.00341,0.30137,0.30051,0.00134,0.00734,2,0.03484,0.00134,0.034811,-0.00004,-0.7669,-0.0005,-0.0318,0.0600,-0.2693,-0.0714,-0.3037,0,0.04900,0.01900,0.0059,0.0052,0.009471,0.065579,-0.1018,0.2005,35.0317,0.0021,0.1272,35.8387,-0.1091,0.1970,28.2231,-0.0046,0.0901,29.1945,0.003518,-0.004684,35.0312,0.003271,-0.004429,35.8387,0.001695,-0.006061,28.2226,0.001485,-0.005575,29.1945,-0.00058,-0.01791,-0.55209,1.09852,-0.54754,0.01972,-0.00036,-0.01820,-0.55223,1.09967,-0.54868,0.02012,-0.00223,-0.00000,-0.00251,-0.00000,-0.00078,0.24222,0.06712,-1.43936,0.11826,0.16414,0.00008,0.22761,-0.05509,-1.16522,0.04250,0.17036,-0.00019,-0.00008,-0.00054,-0.00008,6.000,6.000,12.000,12.000,6.000,6.000,6.000,6.000,12.000,12.000,6.000,6.000,6.000,6.000,6.000,6.000
0.6350,-0.00001,0.00482,0.46256,1.00000,0.00012,0.00067,0.00022,0.00865,0.00348,0.30137,0.30051,0.00134,0.00745,2,0.03484,0.00134,0.034811,-0.00004,-0.7658,-0.0005,-0.0318,0.0602,-0.2690,-0.0721,-0.3032,0,0.04900,0.01900,0.0059,0.0052,0.009482,0.065554,-0.1016,0.2013,35.0847,0.0022,0.1274,35.8900,-0.1090,0.1976,28.1720,-0.0047,0.0899,29.1433,0.003529,-0.004710,35.0842,0.003282,-0.004455,35.8900,0.001677,-0.006125,28.1715,0.001467,-0.005635,29.1433,-0.00059,-0.01827,-0.55207,1.09846,-0.54750,0.02010,-0.00037,-0.01857,-0.55222,1.09963,-0.54867,0.02050,-0.00222,-0.00000,-0.00251,-0.00000,-0.00079,0.24609,0.06807,-1.44141,0.11882,0.16535,0.00009,0.23075,-0.05601,-1.16309,0.04192,0.17193,-0.00018,-0.00008,-0.00054,-0.00008,6.000,6.000,12.000,12.000,6.000,6.000,6.000,6.000,12.000,12.000,6.000,6.000,6.000,6.000,6.000,6.000
0.6400,-0.00001,0.00492,0.46256,1.00000,0.00012,0.00068,0.00023,0.00865,0.00355,0.30137,0.30051,0.00135,0.00756,2,0.03484,0.00135,0.034811,-0.00004,-0.7646,-0.0005,-0.0317,0.0603,-0.2687,-0.0728,-0.3027,0,0.04900,0.01900,0.0059,0.0052,0.009493,0.065529,-0.1014,0.2020,35.1381,0.0023,0.1276,35.9417,-0.1090,0.1981,28.1205,-0.0047,0.0898,29.0918,0.003539,-0.004736,35.1375,0.003292,-0.004480,35.9417,0.001659,-0.006190,28.1200,0.001450,-0.005695,29.0918,-0.00060,-0.01864,-0.55206,1.09841,-0.54747,0.02047,-0.00038,-0.01893,-0.55220,1.09960,-0.54865,0.02088,-0.00222,-0.00000,-0.00251,-0.00000,-0.00081,0.24998,0.06903,-1.44347,0.11939,0.16655,0.00010,0.23390,-0.05694,-1.16095,0.04134,0.17350,-0.00018,-0.00008,-0.00054,-0.00008,6.000,6.000,12.000,12.000,6.000,6.000,6.000,6.000,12.000,12.000,6.000,6.000,6.000,6.000,6.000,6.000
0.6450,-0.00001,0.00502,0.46256,1.00000,0.00012,0.00068,0.00023,0.00865,0.00362,0.30137,0.30051,0.00135,0.00768,2,0.03484,0.00135,0.034811,-0.00004,-0.7635,-0.0005,-0.0317,0.0605,-0.2685,-0.0736,-0.3023,0,0.04900,0.01900,0.0059,0.0052,0.009504,0.065504,-0.1011,0.2027,35.1918,0.0024,0.1278,35.9937,-0.1089,0.1986,28.0687,-0.0047,0.0896,29.0399,0.003550,-0.004761,35.1912,0.003303,-0.004504,35.9937,0.001641,-0.006256,28.0682,0.001433,-0.005756,29.0399,-0.00061,-0.01900,-0.55204,1.09836,-0.54744,0.02086,-0.00039,-0.01930,-0.55218,1.09956,-0.54864,0.02127,-0.00221,-0.00000,-0.00251,-0.00000,-0.00082,0.25391,0.06999,-1.44554,0.11997,0.16774,0.00011,0.23707,-0.05787,-1.15880,0.04076,0.17507,-0.00018,-0.00008,-0.00054,-0.00008,6.000,6.000,12.000,12.000,6.000,6.000,6.000,6.000,12.000,12.000,6.000,6.000,6.000,6.000,6.000,6.000
0.6500,-0.00001,0.00512,0.46256,1.00000,0.00012,0.00068,0.00024,0.00865,0.00370,0.30138,0.30051,0.00135,0.00779,2,0.03484,0.00135,0.034810,-0.00004,-0.7624,-0.0005,-0.0316,0.0607,-0.2682,-0.0743,-0.3018,0,0.04900,0.01900,0.0059,0.0052,0.009514,0.065479,-0.1009,0.2034,35.2458,0.0025,0.1280,36.0461,-0.1088,0.1991,28.0165,-0.0048,0.0895,28.9876,0.003560,-0.004786,35.2453,0.003314,-0.004528,36.0461,0.001623,-0.006321,28.0160,0.001415,-0.005817,28.9876,-0.00062,-0.01938,-0.55202,1.09830,-0.54741,0.02124,-0.00040,-0.01967,-0.55216,1.09953,-0.54863,0.02166,-0.00221,-0.00000,-0.00251,-0.00000,-0.00084,0.25787,0.07096,-1.44763,0.12055,0.16892,0.00012,0.24025,-0.05881,-1.15663,0.04017,0.17664,-0.00017,-0.00008,-0.00054,-0.00008,6.000,6.000,12.000,12.000,6.000,6.000,6.000,6.000,12.000,12.000,6.000,6.000,6.000,6.000,6.000,6.000
0.6550,-0.00001,0.00522,0.46256,1.00000,0.00012,0.00068,0.00024,0.00865,0.00377,0.30138,0.30051,0.00136,0.00791,2,0.03484,0.00136,0.034810,-0.00004,-0.7612,-0.0005,-0.0316,0.0609,-0.2679,-0.0750,-0.3013,0,0.04900,0.01900,0.0059,0.0052,0.009525,0.065455,-0.1007,0.2041,35.3002,0.0025,0.1282,36.0988,-0.1087,0.1996,27.9640,-0.0048,0.0893,28.9350,0.003571,-0.004810,35.2996,0.003325,-0.004552,36.0988,0.001604,-0.006387,27.9635,0.001397,-0.005878,28.9350,-0.00063,-0.01975,-0.55200,1.09825,-0.54738,0.02163,-0.00042,-0.02005,-0.55214,1.09949,-0.54862,0.02206,-0.00220,-0.00000,-0.00251,-0.00000,-0.00085,0.26187,0.07193,-1.44974,0.12114,0.17010,0.00013,0.24345,-0.05975,-1.15444,0.03958,0.17821,-0.00017,-0.00008,-0.00054,-0.00008,6.000,6.000,12.000,12.000,6.000,6.000,6.000,6.000,12.000,12.000,6.000,6.000,6.000,6.000,6.000,6.000
0.6600,-0.00001,0.00532,0.46256,1.00000,0.00012,0.00068,0.00025,0.00865,0.00384,0.30138,0.30051,0.00136,0.00802,2,0.03484,0.00136,0.034810,-0.00004,-0.7601,-0.0005,-0.0315,0.0611,-0.2676,-0.0758,-0.3009,0,0.04900,0.01900,0.0059,0.0052,0.009536,0.065431,-0.1005,0.2048,35.3549,0.0026,0.1283,36.1518,-0.1086,0.2001,27.9111,-0.0048,0.0891,28.8821,0.003582,-0.004834,35.3543,0.003336,-0.004576,36.1518,0.001586,-0.006453,27.9106,0.001379,-0.005940,28.8821,-0.00065,-0.02013,-0.55198,1.09820,-0.54734,0.02202,-0.00043,-0.02043,-0.55212,1.09945,-0.54861,0.02246,-0.00220,-0.00000,-0.00251,-0.00000,-0.00087,0.26589,0.07292,-1.45186,0.12172,0.17126,0.00014,0.24666,-0.06070,-1.15225,0.03898,0.17978,-0.00016,-0.00008,-0.00054,-0.00008,6.000,6.000,12.000,12.000,6.000,6.000,6.000,6.000,12.000,12.000,6.000,6.000,6.000,6.000,6.000,6.000
0.6650,-0.00001,0.00542,0.46256,1.00000,0.00013,0.00068,0.00026,0.00865,0.00392,0.30138,0.30051,0.00137,0.00814,2,0.03484,0.00137,0.034810,-0.00004,-0.7590,-0.0005,-0.0315,0.0612,-0.2673,-0.0765,-0.3004,0,0.04900,0.01900,0.0059,0.0051,0.009547,0.065407,-0.1003,0.2055,35.4099,0.0027,0.1285,36.2052,-0.1086,0.2005,27.8579,-0.0049,0.0889,28.8288,0.003593,-0.004858,35.4094,0.003347,-0.004599,36.2052,0.001567,-0.006520,27.8574,0.001361,-0.006002,28.8288,-0.00066,-0.02052,-0.55196,1.09814,-0.54731,0.02242,-0.00044,-0.02082,-0.55210,1.09942,-0.54860,0.02286,-0.00219,-0.00000,-0.00251,-0.00000,-0.00089,0.26996,0.07390,-1.45399,0.12232,0.17242,0.00015,0.24988,-0.06166,-1.15004,0.03839,0.18136,-0.00016,-0.00008,-0.00054,-0.00008,6.000,6.000,12.000,12.000,6.000,6.000,6.000,6.000,12.000,12.000,6.000,6.000,6.000,6.000,6.000,6.000
0.6700,-0.00000,0.00553,0.46256,1.00000,0.00013,0.00069,0.00026,0.00865,0.00399,0.30138,0.30051,0.00137,0.00826,2,0.03484,0.00137,0.034810,-0.00004,-0.7578,-0.0005,-0.0315,0.0614,-0.2671,-0.0772,-0.3000,0,0.04900,0.01900,0.0059,0.0051,0.009558,0.065384,-0.1001,0.2062,35.4653,0.0028,0.1287,36.2589,-0.1085,0.2010,27.8044,-0.0049,0.0887,28.7753,0.003603,-0.004881,35.4648,0.003358,-0.004622,36.2589,0.001548,-0.006587,27.8039,0.001343,-0.006064,28.7753,-0.00067,-0.02091,-0.55194,1.09809,-0.54728,0.02282,-0.00045,-0.02121,-0.55208,1.09938,-0.54859,0.02327,-0.00219,-0.00000,-0.00251,-0.00000,-0.00090,0.27405,0.07490,-1.45613,0.12291,0.17356,0.00016,0.25311,-0.06262,-1.14782,0.03779,0.18293,-0.00016,-0.00008,-0.00054,-0.00008,6.000,6.000,12.000,12.000,6.000,6.000,6.000,6.000,12.000,12.000,6.000,6.000,6.000,6.000,6.000,6.000
0.6750,-0.00000,0.00563,0.46257,1.00000,0.00013,0.00069,0.00027,0.00865,0.00407,0.30138,0.30051,0.00137,0.00838,2,0.03484,0.00137,0.034809,-0.00004,-0.7567,-0.0005,-0.0314,0.0616,-0.2668,-0.0780,-0.2995,0,0.04900,0.01900,0.0059,0.0051,0.009570,0.065362,-0.0999,0.2068,35.5210,0.0029,0.1289,36.3130,-0.1084,0.2014,27.7505,-0.0049,0.0885,28.7213,0.003614,-0.004904,35.5205,0.003369,-0.004644,36.3130,0.001528,-0.006654,27.7500,0.001324,-0.006126,28.7213,-0.00068,-0.02130,-0.55192,1.09803,-0.54724,0.02322,-0.00046,-0.02160,-0.55205,1.09934,-0.54857,0.02368,-0.00218,-0.00000,-0.00251,-0.00000,-0.00092,0.27818,0.07590,-1.45829,0.12351,0.17470,0.00018,0.25635,-0.06358,-1.14558,0.03718,0.18451,-0.00015,-0.00008,-0.00054,-0.00008,6.000,6.000,12.000,12.000,6.000,6.000,6.000,6.000,12.000,12.000,6.000,6.000,6.000,6.000,6.000,6.000
0.6800,-0.00000,0.00574,0.46257,1.00000,0.00013,0.00069,0.00027,0.00865,0.00415,0.30138,0.30051,0.00138,0.00850,2,0.03484,0.00138,0.034809,-0.00004,-0.7555,-0.0005,-0.0314,0.0617,-0.2665,-0.0787,-0.2991,0,0.04900,0.01900,0.0059,0.0051,0.009581,0.065339,-0.0997,0.2075,35.5771,0.0029,0.1291,36.3674,-0.1083,0.2018,27.6963,-0.0050,0.0882,28.6671,0.003625,-0.004927,35.5765,0.003381,-0.004666,36.3674,0.001509,-0.006722,27.6958,0.001306,-0.006189,28.6671,-0.00069,-0.02169,-0.55190,1.09797,-0.54721,0.02363,-0.00047,-0.02200,-0.55203,1.09930,-0.54856,0.02409,-0.00218,-0.00000,-0.00251,-0.00000,-0.00094,0.28234,0.07691,-1.46046,0.12412,0.17583,0.00019,0.25961,-0.06456,-1.14333,0.03658,0.18608,-0.00015,-0.00008,-0.00054,-0.00008,6.000,6.000,12.000,12.000,6.000,6.000,6.000,6.000,12.000,12.000,6.000,6.000,6.000,6.000,6.000,6.000
0.6850,-0.00000,0.00584,0.46257,1.00000,0.00013,0.00069,0.00028,0.00865,0.00423,0.30138,0.30051,0.00138,0.00862,2,0.03484,0.00138,0.034809,-0.00004,-0.7544,-0.0005,-0.0313,0.0619,-0.2662,-0.0794,-0.2987,0,0.04900,0.01900,0.0059,0.0051,0.009592,0.065317,-0.0995,0.2081,35.6334,0.0030,0.1292,36.4221,-0.1083,0.2023,27.6418,-0.0050,0.0880,28.6125,0.003636,-0.004949,35.6329,0.003392,-0.004688,36.4221,0.001489,-0.006790,27.6412,0.001287,-0.006252,28.6125,-0.00071,-0.02209,-0.55188,1.09792,-0.54718,0.02404,-0.00049,-0.02240,-0.55201,1.09926,-0.54855,0.02451,-0.00217,-0.00000,-0.00251,-0.00000,-0.00096,0.28653,0.07792,-1.46264,0.12473,0.17695,0.00020,0.26288,-0.06553,-1.14107,0.03597,0.18766,-0.00014,-0.00008,-0.00054,-0.00008,6.000,6.000,12.000,12.000,6.000,6.000,6.000,6.000,12.000,12.000,6.000,6.000,6.000,6.000,6.000,6.000
0.6900,-0.00000,0.00595,0.46257,1.00000,0.00013,0.00069,0.00028,0.00865,0.00431,0.30138,0.30051,0.00138,0.00874,2,0.03484,0.00138,0.034809,-0.00004,-0.7532,-0.0005,-0.0313,0.0621,-0.2659,-0.0801,-0.2982,0,0.04900,0.01900,0.0059,0.0051,0.009603,0.065295,-0.0993,0.2088,35.6901,0.0031,0.1294,36.4771,-0.1082,0.2027,27.5869,-0.0051,0.0877,28.5575,0.003647,-0.004971,35.6896,0.003403,-0.004709,36.4771,0.001469,-0.006859,27.5863,0.001268,-0.006316,28.5575,-0.00072,-0.02250,-0.55185,1.09786,-0.54714,0.02445,-0.00050,-0.02280,-0.55199,1.09922,-0.54854,0.02493,-0.00216,-0.00000,-0.00251,-0.00000,-0.00097,0.29076,0.07894,-1.46484,0.12534,0.17806,0.00021,0.26616,-0.06652,-1.13880,0.03536,0.18924,-0.00014,-0.00008,-0.00054,-0.00008,6.000,6.000,12.000,12.000,6.000,6.000,6.000,6.000,12.000,12.000,6.000,6.000,6.000,6.000,6.000,6.000
0.6950,-0.00000,0.00606,0.46257,1.00000,0.00014,0.00069,0.00029,0.00865,0.00439,0.30138,0.30051,0.00138,0.00886,2,0.03485,0.00138,0.034808,-0.00005,-0.7521,-0.0005,-0.0312,0.0622,-0.2657,-0.0809,-0.2978,0,0.04900,0.01900,0.0059,0.0051,0.009614,0.065274,-0.0990,0.2094,35.7472,0.0032,0.1296,36.5325,-0.1081,0.2030,27.5317,-0.0051,0.0874,28.5023,0.003657,-0.004992,35.7466,0.003414,-0.004730,36.5325,0.001449,-0.006927,27.5311,0.001248,-0.006379,28.5023,-0.00073,-0.02291,-0.55183,1.09780,-0.54711,0.02487,-0.00051,-0.02321,-0.55196,1.09918,-0.54852,0.02536,-0.00216,-0.00000,-0.00251,-0.00000,-0.00099,0.29502,0.07996,-1.46705,0.12596,0.17915,0.00023,0.26945,-0.06750,-1.13651,0.03474,0.19082,-0.00014,-0.00008,-0.00054,-0.00008,6.000,6.000,12.000,12.000,6.000,6.000,6.000,6.000,12.000,12.000,6.000,6.000,6.000,6.000,6.000,6.000
0.7000,0.00000,0.00617,0.46257,1.00000,0.00014,0.00069,0.00030,0.00865,0.00447,0.30138,0.30051,0.00139,0.00898,2,0.03485,0.00139,0.034808,-0.00005,-0.7509,-0.0005,-0.0312,0.0624,-0.2654,-0.0816,-0.2974,0,0.04900,0.01900,0.0059,0.0051,0.009626,0.065253,-0.0988,0.2100,35.8045,0.0033,0.1297,36.5881,-0.1081,0.2034,27.4762,-0.0052,0.0871,28.4467,0.003668,-0.005013,35.8039,0.003426,-0.004751,36.5881,0.001429,-0.006997,27.4756,0.001229,-0.006444,28.4467,-0.00075,-0.02332,-0.55181,1.09774,-0.54707,0.02529,-0.00052,-0.02362,-0.55194,1.09914,-0.54851,0.02579,-0.00215,-0.00000,-0.00251,-0.00000,-0.00101,0.29932,0.08100,-1.46927,0.12658,0.18024,0.00024,0.27275,-0.06850,-1.13421,0.03412,0.19241,-0.00013,-0.00008,-0.00054,-0.00008,6.000,6.000,12.000,12.000,6.000,6.000,6.000,6.000,12.000,12.000,6.000,6.000,6.000,6.000,6.000,6.000
0.7050,0.00000,0.00628,0.46257,1.00000,0.00014,0.00070,0.00030,0.00865,0.00455,0.30138,0.30051,0.00139,0.00910,2,0.03485,0.00139,0.034808,-0.00005,-0.7498,-0.0005,-0.0312,0.0625,-0.2651,-0.0823,-0.2970,0,0.04900,0.01900,0.0059,0.0051,0.009637,0.065233,-0.0986,0.2106,35.8622,0.0033,0.1299,36.6442,-0.1080,0.2038,27.4203,-0.0052,0.0868,28.3908,0.003679,-0.005033,35.8616,0.003437,-0.004771,36.6442,0.001409,-0.007066,27.4197,0.001209,-0.006508,28.3908,-0.00076,-0.02373,-0.55179,1.09768,-0.54704,0.02571,-0.00054,-0.02404,-0.55191,1.09910,-0.54850,0.02622,-0.00215,-0.00000,-0.00251,-0.00000,-0.00103,0.30365,0.08203,-1.47150,0.12720,0.18132,0.00026,0.27607,-0.06950,-1.13189,0.03350,0.19399,-0.00013,-0.00008,-0.00054,-0.00008,6.000,6.000,12.000,12.000,6.000,6.000,6.000,6.000,12.000,12.000,6.000,6.000,6.000,6.000,6.000,6.000
0.7100,0.00000,0.00639,0.46257,1.00000,0.00014,0.00070,0.00031,0.00865,0.00463,0.30138,0.30051,0.00139,0.00923,2,0.03485,0.00139,0.034808,-0.00005,-0.7486,-0.0005,-0.0311,0.0626,-0.2649,-0.0830,-0.2966,0,0.04900,0.01900,0.0059,0.0051,0.009648,0.065212,-0.0984,0.2113,35.9202,0.0034,0.1301,36.7005,-0.1079,0.2041,27.3641,-0.0052,0.0865,28.3345,0.003690,-0.005053,35.9196,0.003448,-0.004791,36.7005,0.001388,-0.007136,27.3635,0.001190,-0.006573,28.3345,-0.00077,-0.02415,-0.55176,1.09762,-0.54700,0.02614,-0.00055,-0.02446,-0.55189,1.09906,-0.54849,0.02666,-0.00214,-0.00000,-0.00251,-0.00000,-0.00105,0.30801,0.08308,-1.47375,0.12783,0.18239,0.00027,0.27939,-0.07050,-1.12957,0.03288,0.19557,-0.00013,-0.00008,-0.00054,-0.00008,6.000,6.000,12.000,12.000,6.000,6.000,6.000,6.000,12.000,12.000,6.000,6.000,6.000,6.000,6.000,6.000
0.7150,0.00000,0.00651,0.46257,1.00000,0.00014,0.00070,0.00031,0.00865,0.00471,0.30138,0.30051,0.00139,0.00935,2,0.03485,0.00139,0.034807,-0.00005,-0.7475,-0.0005,-0.0311,0.0628,-0.2646,-0.0838,-0.2962,0,0.04900,0.01900,0.0059,0.0051,0.009660,0.065193,-0.0982,0.2119,35.9785,0.0035,0.1302,36.7572,-0.1079,0.2044,27.3076,-0.0053,0.0862,28.2780,0.003701,-0.005073,35.9779,0.003460,-0.004810,36.7572,0.001367,-0.007207,27.3070,0.001170,-0.006638,28.2780,-0.00079,-0.02457,-0.55174,1.09755,-0.54696,0.02658,-0.00056,-0.02488,-0.55186,1.09902,-0.54847,0.02710,-0.00213,-0.00000,-0.00251,-0.00000,-0.00107,0.31241,0.08413,-1.47601,0.12847,0.18344,0.00029,0.28273,-0.07151,-1.12723,0.03225,0.19716,-0.00012,-0.00008,-0.00054,-0.00008,6.000,6.000,12.000,12.000,6.000,6.000,6.000,6.000,12.000,12.000,6.000,6.000,6.000,6.000,6.000,6.000
0.7200,0.00000,0.00662,0.46257,1.00000,0.00014,0.00070,0.00032,0.00866,0.00479,0.30138,0.30051,0.00140,0.00948,2,0.03485,0.00140,0.034807,-0.00005,-0.7463,-0.0005,-0.0310,0.0629,-0.2643,-0.0845,-0.2957,0,0.04900,0.01900,0.0059,0.0051,0.009671,0.065173,-0.0980,0.2124,36.0372,0.0036,0.1304,36.8141,-0.1078,0.2047,27.2508,-0.0053,0.0859,28.2211,0.003712,-0.005092,36.0366,0.003471,-0.004829,36.8141,0.001346,-0.007278,27.2502,0.001150,-0.006704,28.2211,-0.00080,-0.02500,-0.55171,1.09749,-0.54693,0.02701,-0.00057,-0.02531,-0.55183,1.09897,-0.54846,0.02755,-0.00213,-0.00000,-0.00251,-0.00000,-0.00109,0.31684,0.08518,-1.47828,0.12910,0.18449,0.00030,0.28607,-0.07253,-1.12488,0.03162,0.19875,-0.00012,-0.00008,-0.00054,-0.00008,6.000,6.000,12.000,12.000,6.000,6.000,6.000,6.000,12.000,12.000,6.000,6.000,6.000,6.000,6.000,6.000
0.7250,0.00001,0.00673,0.46257,1.00000,0.00015,0.00070,0.00033,0.00866,0.00488,0.30138,0.30051,0.00140,0.00960,2,0.03485,0.00140,0.034807,-0.00005,-0.7452,-0.0005,-0.0310,0.0631,-0.2640,-0.0852,-0.2953,0,0.04900,0.01900,0.0059,0.0051,0.009682,0.065154,-0.0978,0.2130,36.0961,0.0037,0.1306,36.8714,-0.1077,0.2050,27.1936,-0.0054,0.0855,28.1639,0.003723,-0.005111,36.0955,0.003482,-0.004848,36.8714,0.001325,-0.007349,27.1930,0.001129,-0.006770,28.1639,-0.00081,-0.02543,-0.55169,1.09743,-0.54689,0.02745,-0.00059,-0.02574,-0.55181,1.09893,-0.54844,0.02800,-0.00212,-0.00000,-0.00251,-0.00000,-0.00111,0.32131,0.08624,-1.48056,0.12974,0.18553,0.00032,0.28942,-0.07355,-1.12251,0.03099,0.20033,-0.00012,-0.00008,-0.00055,-0.00008,6.000,6.000,12.000,12.000,6.000,6.000,6.000,6.000,12.000,12.000,6.000,6.000,6.000,6.000,6.000,6.000
0.7300,0.00001,0.00685,0.46257,1.00000,0.00015,0.00070,0.00033,0.00866,0.00496,0.30138,0.30051,0.00140,0.00973,2,0.03485,0.00140,0.034807,-0.00005,-0.7440,-0.0005,-0.0310,0.0632,-0.2638,-0.0859,-0.2949,0,0.04900,0.01900,0.0059,0.0051,0.009694,0.065136,-0.0976,0.2136,36.1554,0.0037,0.1307,36.9290,-0.1077,0.2053,27.1361,-0.0054,0.0852,28.1064,0.003735,-0.005130,36.1548,0.003494,-0.004866,36.9290,0.001304,-0.007421,27.1355,0.001109,-0.006837,28.1064,-0.00083,-0.02586,-0.55166,1.09736,-0.54685,0.02789,-0.00060,-0.02617,-0.55178,1.09888,-0.54843,0.02845,-0.00212,-0.00000,-0.00251,-0.00000,-0.00113,0.32581,0.08731,-1.48286,0.13039,0.18655,0.00034,0.29279,-0.07458,-1.12013,0.03036,0.20192,-0.00012,-0.00008,-0.00055,-0.00008,6.000,6.000,12.000,12.000,6.000,6.000,6.000,6.000,12.000,12.000,6.000,6.000,6.000,6.000,6.000,6.000
0.7350,0.00001,0.00697,0.46257,1.00000,0.00015,0.00070,0.00034,0.00866,0.00505,0.30138,0.30051,0.00140,0.00985,2,0.03485,0.00140,0.034806,-0.00005,-0.7429,-0.0005,-0.0309,0.0633,-0.2635,-0.0867,-0.2945,0,0.04900,0.01900,0.0059,0.0051,0.009705,0.065117,-0.0974,0.2142,36.2150,0.0038,0.1309,36.9870,-0.1076,0.2056,27.0783,-0.0055,0.0848,28.0486,0.003746,-0.005148,36.2144,0.003505,-0.004884,36.9870,0.001282,-0.007493,27.0777,0.001088,-0.006903,28.0486,-0.00084,-0.02630,-0.55163,1.09730,-0.54681,0.02834,-0.00061,-0.02661,-0.55175,1.09883,-0.54841,0.02891,-0.00211,-0.00000,-0.00251,-0.00000,-0.00115,0.33035,0.08838,-1.48516,0.13103,0.18756,0.00035,0.29616,-0.07561,-1.11774,0.02972,0.20351,-0.00011,-0.00008,-0.00055,-0.00008,6.000,6.000,12.000,12.000,6.000,6.000,6.000,6.000,12.000,12.000,6.000,6.000,6.000,6.000,6.000,6.000
0.7400,0.00001,0.00709,0.46257,1.00000,0.00015,0.00070,0.00035,0.00866,0.00514,0.30138,0.30051,0.00140,0.00998,2,0.03485,0.00140,0.034806,-0.00005,-0.7417,-0.0005,-0.0309,0.0634,-0.2632,-0.0874,-0.2942,0,0.04900,0.01900,0.0059,0.0050,0.009717,0.065099,-0.0971,0.2148,36.2749,0.0039,0.1311,37.0452,-0.1075,0.2058,27.0202,-0.0055,0.0844,27.9904,0.003757,-0.005165,36.2743,0.003517,-0.004901,37.0452,0.001261,-0.007565,27.0196,0.001067,-0.006971,27.9904,-0.00086,-0.02674,-0.55161,1.09723,-0.54677,0.02879,-0.00063,-0.02705,-0.55172,1.09879,-0.54840,0.02937,-0.00210,-0.00000,-0.00251,-0.00000,-0.00118,0.33492,0.08946,-1.48748,0.13169,0.18856,0.00037,0.29954,-0.07664,-1.11534,0.02908,0.20511,-0.00011,-0.00008,-0.00055,-0.00008,6.000,6.000,12.000,12.000,6.000,6.000,6.000,6.000,12.000,12.000,6.000,6.000,6.000,6.000,6.000,6.000
0.7450,0.00001,0.00721,0.46257,1.00000,0.00015,0.00070,0.00035,0.00866,0.00522,0.30138,0.30051,0.00140,0.01011,2,0.03485,0.00140,0.034806,-0.00005,-0.7406,-0.0005,-0.0308,0.0636,-0.2630,-0.0881,-0.2938,0,0.04900,0.01900,0.0059,0.0050,0.009728,0.065082,-0.0969,0.2153,36.3351,0.0040,0.1313,37.1038,-0.1075,0.2061,26.9618,-0.0056,0.0840,27.9320,0.003768,-0.005182,36.3345,0.003528,-0.004918,37.1038,0.001239,-0.007638,26.9611,0.001046,-0.007038,27.9320,-0.00087,-0.02718,-0.55158,1.09716,-0.54673,0.02924,-0.00064,-0.02750,-0.55169,1.09874,-0.54838,0.02983,-0.00210,-0.00000,-0.00251,-0.00000,-0.00120,0.33952,0.09055,-1.48981,0.13234,0.18956,0.00039,0.30293,-0.07768,-1.11292,0.02843,0.20670,-0.00011,-0.00008,-0.00055,-0.00008,6.000,6.000,12.000,12.000,6.000,6.000,6.000,6.000,12.000,12.000,6.000,6.000,6.000,6.000,6.000,6.000
0.7500,0.00001,0.00733,0.46257,1.00000,0.00015,0.00070,0.00036,0.00866,0.00531,0.30138,0.30051,0.00141,0.01024,2,0.03485,0.00141,0.034806,-0.00005,-0.7394,-0.0005,-0.0308,0.0637,-0.2627,-0.0888,-0.2934,0,0.04900,0.01900,0.0059,0.0050,0.009740,0.065065,-0.0967,0.2159,36.3956,0.0041,0.1314,37.1626,-0.1074,0.2063,26.9030,-0.0056,0.0836,27.8732,0.003779,-0.005199,36.3950,0.003540,-0.004935,37.1626,0.001216,-0.007712,26.9024,0.001025,-0.007106,27.8732,-0.00088,-0.02763,-0.55155,1.09709,-0.54669,0.02970,-0.00065,-0.02795,-0.55166,1.09869,-0.54837,0.03030,-0.00209,-0.00000,-0.00251,-0.00000,-0.00122,0.34416,0.09164,-1.49215,0.13300,0.19053,0.00041,0.30632,-0.07873,-1.11049,0.02779,0.20830,-0.00010,-0.00007,-0.00055,-0.00008,6.000,6.000,12.000,12.000,6.000,6.000,6.000,6.000,12.000,12.000,6.000,6.000,6.000,6.000,6.000,6.000
0.7550,0.00001,0.00745,0.46257,1.00000,0.00016,0.00070,0.00036,0.00866,0.00540,0.30138,0.30051,0.00141,0.01037,2,0.03485,0.00141,0.034806,-0.00005,-0.7383,-0.0005,-0.0307,0.0638,-0.2624,-0.0896,-0.2930,0,0.04900,0.01900,0.0059,0.0050,0.009751,0.065048,-0.0965,0.2164,36.4565,0.0041,0.1316,37.2218,-0.1073,0.2065,26.8440,-0.0057,0.0832,27.8141,0.003790,-0.005215,36.4558,0.003552,-0.004951,37.2218,0.001194,-0.007786,26.8433,0.001003,-0.007175,27.8141,-0.00090,-0.02809,-0.55152,1.09702,-0.54665,0.03016,-0.00067,-0.02840,-0.55163,1.09864,-0.54835,0.03077,-0.00209,-0.00000,-0.00251,-0.00000,-0.00125,0.34883,0.09274,-1.49451,0.13366,0.19150,0.00043,0.30973,-0.07978,-1.10805,0.02714,0.20989,-0.00010,-0.00007,-0.00055,-0.00008,6.000,6.000,12.000,12.000,6.000,6.000,6.000,6.000,12.000,12.000,6.000,6.000,6.000,6.000,6.000,6.000
0.7600,0.00001,0.00757,0.46257,1.00000,0.00016,0.00071,0.00037,0.00866,0.00549,0.30138,0.30051,0.00141,0.01050,2,0.03485,0.00141,0.034805,-0.00005,-0.7371,-0.0005,-0.0307,0.0639,-0.2622,-0.0903,-0.2926,0,0.04900,0.01900,0.0059,0.0050,0.009763,0.065032,-0.0963,0.2169,36.5176,0.0042,0.1318,37.2813,-0.1073,0.2067,26.7846,-0.0057,0.0828,27.7547,0.003802,-0.005231,36.5170,0.003563,-0.004967,37.2813,0.001172,-0.007860,26.7840,0.000982,-0.007243,27.7547,-0.00091,-0.02854,-0.55149,1.09695,-0.54661,0.03063,-0.00068,-0.02886,-0.55160,1.09859,-0.54833,0.03125,-0.00208,-0.00000,-0.00251,-0.00000,-0.00127,0.35354,0.09384,-1.49687,0.13433,0.19246,0.00045,0.31314,-0.08084,-1.10559,0.02649,0.21149,-0.00010,-0.00007,-0.00056,-0.00008,6.000,6.000,12.000,12.000,6.000,6.000,6.000,6.000,12.000,12.000,6.000,6.000,6.000,6.000,6.000,6.000
0.7650,0.00001,0.00769,0.46257,1.00000,0.00016,0.00071,0.00038,0.00866,0.00558,0.30138,0.30051,0.00141,0.01063,2,0.03485,0.00141,0.034805,-0.00005,-0.7359,-0.0005,-0.0307,0.0640,-0.2619,-0.0910,-0.2922,0,0.04900,0.01900,0.0059,0.0050,0.009775,0.065016,-0.0961,0.2175,36.5790,0.0043,0.1319,37.3410,-0.1072,0.2069,26.7249,-0.0058,0.0824,27.6950,0.003813,-0.005247,36.5784,0.003575,-0.004983,37.3410,0.001149,-0.007935,26.7243,0.000960,-0.007313,27.6950,-0.00093,-0.02900,-0.55146,1.09688,-0.54657,0.03110,-0.00069,-0.02932,-0.55157,1.09853,-0.54832,0.03172,-0.00207,-0.00000,-0.00251,-0.00000,-0.00130,0.35828,0.09495,-1.49924,0.13500,0.19340,0.00047,0.31656,-0.08190,-1.10313,0.02583,0.21309,-0.00010,-0.00007,-0.00056,-0.00008,6.000,6.000,12.000,12.000,6.000,6.000,6.000,6.000,12.000,12.000,6.000,6.000,6.000,6.000,6.000,6.000
0.7700,0.00001,0.00782,0.46257,1.00000,0.00016,0.00071,0.00039,0.00866,0.00567,0.30138,0.30051,0.00141,0.01076,2,0.03485,0.00141,0.034805,-0.00005,-0.7348,-0.0005,-0.0306,0.0641,-0.2616,-0.0917,-0.2919,0,0.04900,0.01900,0.0059,0.0050,0.009786,0.065001,-0.0959,0.2180,36.6408,0.0044,0.1321,37.4011,-0.1071,0.2071,26.6650,-0.0058,0.0819,27.6350,0.003824,-0.005262,36.6401,0.003586,-0.004998,37.4011,0.001126,-0.008010,26.6643,0.000938,-0.007382,27.6350,-0.00094,-0.02947,-0.55143,1.09681,-0.54653,0.03157,-0.00071,-0.02978,-0.55153,1.09848,-0.54830,0.03221,-0.00207,-0.00000,-0.00251,-0.00000,-0.00132,0.36305,0.09606,-1.50163,0.13567,0.19433,0.00049,0.31999,-0.08296,-1.10065,0.02517,0.21469,-0.00009,-0.00007,-0.00056,-0.00008,6.000,6.000,12.000,12.000,6.000,6.000,6.000,6.000,12.000,12.000,6.000,6.000,6.000,6.000,6.000,6.000
0.7750,0.00001,0.00794,0.46257,1.00000,0.00016,0.00071,0.00039,0.00866,0.00576,0.30138,0.30051,0.00141,0.01089,2,0.03485,0.00141,0.034804,-0.00005,-0.7336,-0.0005,-0.0306,0.0642,-0.2614,-0.0924,-0.2915,0,0.04900,0.01900,0.0059,0.0049,0.009798,0.064986,-0.0956,0.2185,36.7028,0.0045,0.1323,37.4615,-0.1071,0.2073,26.6047,-0.0059,0.0814,27.5747,0.003835,-0.005276,36.7022,0.003598,-0.005013,37.4615,0.001103,-0.008086,26.6040,0.000916,-0.007452,27.5747,-0.00096,-0.02993,-0.55140,1.09673,-0.54648,0.03204,-0.00072,-0.03025,-0.55150,1.09843,-0.54828,0.03269,-0.00206,-0.00000,-0.00251,-0.00000,-0.00135,0.36787,0.09718,-1.50403,0.13635,0.19525,0.00051,0.32343,-0.08404,-1.09816,0.02451,0.21630,-0.00009,-0.00007,-0.00056,-0.00008,6.000,6.000,12.000,12.000,6.000,6.000,6.000,6.000,12.000,12.000,6.000,6.000,6.000,6.000,6.000,6.000
0.7800,0.00001,0.00807,0.46257,1.00000,0.00016,0.00071,0.00040,0.00866,0.00586,0.30138,0.30051,0.00141,0.01103,2,0.03485,0.00141,0.034804,-0.00005,-0.7325,-0.0005,-0.0305,0.0643,-0.2611,-0.0932,-0.2911,0,0.04900,0.01900,0.0059,0.0049,0.009810,0.064971,-0.0954,0.2190,36.7652,0.0045,0.1324,37.5222,-0.1070,0.2074,26.5441,-0.0060,0.0810,27.5141,0.003847,-0.005291,36.7645,0.003610,-0.005027,37.5222,0.001079,-0.008162,26.5434,0.000893,-0.007523,27.5141,-0.00097,-0.03040,-0.55137,1.09666,-0.54644,0.03252,-0.00074,-0.03072,-0.55146,1.09837,-0.54826,0.03318,-0.00206,-0.00000,-0.00251,-0.00000,-0.00137,0.37271,0.09831,-1.50643,0.13703,0.19616,0.00053,0.32687,-0.08511,-1.09565,0.02385,0.21790,-0.00009,-0.00007,-0.00056,-0.00008,6.000,6.000,12.000,12.000,6.000,6.000,6.000,6.000,12.000,12.000,6.000,6.000,6.000,6.000,6.000,6.000
0.7850,0.00002,0.00820,0.46257,1.00000,0.00017,0.00071,0.00041,0.00866,0.00595,0.30138,0.30051,0.00141,0.01116,2,0.03485,0.00141,0.034804,-0.00005,-0.7313,-0.0005,-0.0305,0.0644,-0.2608,-0.0939,-0.2907,0,0.04900,0.01900,0.0059,0.0049,0.009821,0.064957,-0.0952,0.2195,36.8278,0.0046,0.1326,37.5832,-0.1070,0.2075,26.4832,-0.0060,0.0805,27.4532,0.003858,-0.005304,36.8271,0.003621,-0.005041,37.5832,0.001056,-0.008239,26.4825,0.000870,-0.007594,27.4532,-0.00099,-0.03088,-0.55133,1.09658,-0.54640,0.03300,-0.00075,-0.03120,-0.55143,1.09831,-0.54824,0.03368,-0.00205,-0.00000,-0.00251,-0.00000,-0.00140,0.37759,0.09944,-1.50885,0.13772,0.19705,0.00055,0.33031,-0.08619,-1.09313,0.02319,0.21951,-0.00009,-0.00007,-0.00056,-0.00008,6.000,6.000,12.000,12.000,6.000,6.000,6.000,6.000,12.000,12.000,6.000,6.000,6.000,6.000,6.000,6.000
0.7900,0.00002,0.00832,0.46257,1.00000,0.00017,0.00071,0.00041,0.00866,0.00604,0.30138,0.30051,0.00142,0.01130,2,0.03485,0.00142,0.034804,-0.00005,-0.7301,-0.0005,-0.0305,0.0645,-0.2606,-0.0946,-0.2904,0,0.04900,0.01900,0.0059,0.0049,0.009833,0.064943,-0.0950,0.2200,36.8908,0.0047,0.1328,37.6445,-0.1069,0.2077,26.4220,-0.0061,0.0800,27.3920,0.003869,-0.005318,36.8901,0.003633,-0.005054,37.6445,0.001032,-0.008316,26.4213,0.000848,-0.007665,27.3920,-0.00101,-0.03136,-0.55130,1.09650,-0.54635,0.03349,-0.00077,-0.03168,-0.55139,1.09825,-0.54822,0.03418,-0.00204,-0.00000,-0.00251,-0.00000,-0.00142,0.38251,0.10058,-1.51128,0.13841,0.19793,0.00057,0.33377,-0.08728,-1.09060,0.02252,0.22112,-0.00008,-0.00007,-0.00057,-0.00008,6.000,6.000,12.000,12.000,6.000,6.000,6.000,6.000,12.000,12.000,6.000,6.000,6.000,6.000,6.000,6.000
0.7950,0.00002,0.00845,0.46257,1.00000,0.00017,0.00071,0.00042,0.00866,0.00614,0.30138,0.30051,0.00142,0.01143,2,0.03485,0.00142,0.034803,-0.00005,-0.7290,-0.0005,-0.0304,0.0646,-0.2603,-0.0953,-0.2900,0,0.04900,0.01900,0.0059,0.0049,0.009845,0.064930,-0.0948,0.2205,36.9540,0.0048,0.1330,37.7061,-0.1069,0.2078,26.3605,-0.0061,0.0795,27.3305,0.003880,-0.005330,36.9533,0.003645,-0.005067,37.7061,0.001008,-0.008394,26.3598,0.000825,-0.007737,27.3305,-0.00102,-0.03184,-0.55127,1.09642,-0.54631,0.03398,-0.00078,-0.03216,-0.55136,1.09819,-0.54820,0.03468,-0.00204,-0.00000,-0.00251,-0.00000,-0.00145,0.38746,0.10172,-1.51372,0.13910,0.19880,0.00059,0.33723,-0.08836,-1.08806,0.02185,0.22273,-0.00008,-0.00007,-0.00057,-0.00008,6.000,6.000,12.000,12.000,6.000,6.000,6.000,6.000,12.000,12.000,6.000,6.000,6.000,6.000,6.000,6.000
0.8000,0.00002,0.00858,0.46257,1.00000,0.00017,0.00071,0.00043,0.00866,0.00623,0.30138,0.30051,0.00142,0.01157,2,0.03485,0.00142,0.034803,-0.00005,-0.7278,-0.0005,-0.0304,0.0647,-0.2600,-0.0960,-0.2896,0,0.04900,0.01900,0.0059,0.0048,0.009856,0.064917,-0.0946,0.2210,37.0175,0.0049,0.1331,37.7679,-0.1068,0.2079,26.2987,-0.0062,0.0790,27.2687,0.003892,-0.005343,37.0168,0.003657,-0.005080,37.7679,0.000983,-0.008472,26.2980,0.000801,-0.007810,27.2687,-0.00104,-0.03232,-0.55123,1.09634,-0.54626,0.03447,-0.00080,-0.03265,-0.55132,1.09813,-0.54818,0.03518,-0.00203,-0.00000,-0.00251,-0.00000,-0.00148,0.39245,0.10287,-1.51616,0.13979,0.19966,0.00062,0.34069,-0.08946,-1.08551,0.02118,0.22434,-0.00008,-0.00007,-0.00057,-0.00008,6.000,6.000,12.000,12.000,6.000,6.000,6.000,6.000,12.000,12.000,6.000,6.000,6.000,6.000,6.000,6.000
0.8050,0.00002,0.00872,0.46257,1.00000,0.00017,0.00071,0.00043,0.00866,0.00633,0.30138,0.30051,0.00142,0.01170,2,0.03485,0.00142,0.034803,-0.00005,-0.7266,-0.0005,-0.0303,0.0648,-0.2598,-0.0967,-0.2893,0,0.04900,0.01900,0.0059,0.0048,0.009868,0.064904,-0.0943,0.2215,37.0813,0.0049,0.1333,37.8301,-0.1067,0.2079,26.2367,-0.0062,0.0784,27.2066,0.003903,-0.005355,37.0806,0.003668,-0.005092,37.8301,0.000959,-0.008551,26.2359,0.000778,-0.007882,27.2066,-0.00105,-0.03281,-0.55119,1.09626,-0.54621,0.03497,-0.00081,-0.03314,-0.55128,1.09807,-0.54816,0.03569,-0.00202,-0.00000,-0.00251,-0.00000,-0.00151,0.39747,0.10402,-1.51862,0.14049,0.20050,0.00064,0.34416,-0.09056,-1.08294,0.02050,0.22595,-0.00008,-0.00007,-0.00057,-0.00008,6.000,6.000,12.000,12.000,6.000,6.000,6.000,6.000,12.000,12.000,6.000,6.000,6.000,6.000,6.000,6.000
0.8100,0.00002,0.00885,0.46257,1.00000,0.00018,0.00071,0.00044,0.00866,0.00643,0.30138,0.30051,0.00142,0.01184,2,0.03485,0.00142,0.034803,-0.00005,-0.7254,-0.0005,-0.0303,0.0649,-0.2595,-0.0974,-0.2889,0,0.04900,0.01900,0.0059,0.0048,0.009880,0.064892,-0.0941,0.2220,37.1454,0.0050,0.1335,37.8926,-0.1067,0.2080,26.1743,-0.0063,0.0779,27.1442,0.003914,-0.005366,37.1447,0.003680,-0.005104,37.8926,0.000934,-0.008631,26.1736,0.000754,-0.007956,27.1442,-0.00107,-0.03331,-0.55116,1.09617,-0.54616,0.03547,-0.00083,-0.03363,-0.55124,1.09801,-0.54814,0.03621,-0.00202,-0.00000,-0.00251,-0.00000,-0.00154,0.40253,0.10518,-1.52109,0.14119,0.20133,0.00066,0.34764,-0.09166,-1.08036,0.01982,0.22757,-0.00008,-0.00007,-0.00057,-0.00008,6.000,6.000,12.000,12.000,6.000,6.000,6.000,6.000,12.000,12.000,6.000,6.000,6.000,6.000,6.000,6.000
0.8150,0.00002,0.00898,0.46257,1.00000,0.00018,0.00071,0.00045,0.00866,0.00653,0.30138,0.30051,0.00142,0.01198,2,0.03485,0.00142,0.034802,-0.00005,-0.7243,-0.0005,-0.0302,0.0649,-0.2593,-0.0981,-0.2886,0,0.04900,0.01900,0.0059,0.0048,0.009892,0.064880,-0.0939,0.2224,37.2098,0.0051,0.1337,37.9553,-0.1066,0.2081,26.1116,-0.0064,0.0773,27.0815,0.003926,-0.005377,37.2091,0.003692,-0.005115,37.9553,0.000909,-0.008711,26.1109,0.000730,-0.008030,27.0815,-0.00109,-0.03380,-0.55112,1.09609,-0.54611,0.03597,-0.00084,-0.03413,-0.55120,1.09794,-0.54811,0.03672,-0.00201,-0.00000,-0.00251,-0.00000,-0.00157,0.40762,0.10635,-1.52357,0.14190,0.20215,0.00069,0.35112,-0.09277,-1.07777,0.01914,0.22919,-0.00007,-0.00007,-0.00058,-0.00008,6.000,6.000,12.000,12.000,6.000,6.000,6.000,6.000,12.000,12.000,6.000,6.000,6.000,6.000,6.000,6.000
0.8200,0.00002,0.00912,0.46257,1.00000,0.00018,0.00071,0.00046,0.00866,0.00662,0.30138,0.30051,0.00142,0.01211,2,0.03485,0.00142,0.034802,-0.00005,-0.7231,-0.0005,-0.0302,0.0650,-0.2590,-0.0989,-0.2882,0,0.04900,0.01900,0.0059,0.0048,0.009903,0.064869,-0.0937,0.2229,37.2745,0.0052,0.1339,38.0183,-0.1066,0.2081,26.0487,-0.0064,0.0768,27.0186,0.003937,-0.005388,37.2738,0.003704,-0.005126,38.0183,0.000884,-0.008791,26.0479,0.000706,-0.008104,27.0186,-0.00110,-0.03430,-0.55108,1.09600,-0.54606,0.03648,-0.00086,-0.03463,-0.55116,1.09787,-0.54809,0.03724,-0.00201,-0.00000,-0.00251,-0.00000,-0.00160,0.41275,0.10752,-1.52605,0.14261,0.20295,0.00071,0.35460,-0.09388,-1.07517,0.01846,0.23081,-0.00007,-0.00007,-0.00058,-0.00008,6.000,6.000,12.000,12.000,6.000,6.000,6.000,6.000,12.000,12.000,6.000,6.000,6.000,6.000,6.000,6.000
0.8250,0.00002,0.00925,0.46257,1.00000,0.00018,0.00071,0.00046,0.00866,0.00672,0.30138,0.30051,0.00142,0.01225,2,0.03485,0.00142,0.034802,-0.00005,-0.7219,-0.0005,-0.0302,0.0651,-0.2587,-0.0996,-0.2879,0,0.04900,0.01900,0.0059,0.0047,0.009915,0.064858,-0.0935,0.2234,37.3395,0.0053,0.1341,38.0817,-0.1065,0.2081,25.9854,-0.0065,0.0762,26.9553,0.003949,-0.005398,37.3388,0.003715,-0.005137,38.0817,0.000859,-0.008872,25.9847,0.000682,-0.008179,26.9553,-0.00112,-0.03480,-0.55104,1.09591,-0.54601,0.03699,-0.00087,-0.03514,-0.55111,1.09781,-0.54807,0.03777,-0.00200,-0.00000,-0.00252,-0.00000,-0.00163,0.41791,0.10869,-1.52855,0.14332,0.20374,0.00074,0.35809,-0.09499,-1.07255,0.01777,0.23243,-0.00007,-0.00007,-0.00058,-0.00008,6.000,6.000,12.000,12.000,6.000,6.000,6.000,6.000,12.000,12.000,6.000,6.000,6.000,6.000,6.000,6.000
0.8300,0.00002,0.00939,0.46256,1.00000,0.00018,0.00071,0.00047,0.00866,0.00682,0.30138,0.30051,0.00142,0.01239,2,0.03485,0.00142,0.034802,-0.00005,-0.7208,-0.0005,-0.0301,0.0651,-0.2585,-0.1003,-0.2875,0,0.04900,0.01900,0.0059,0.0047,0.009927,0.064848,-0.0932,0.2238,37.4047,0.0053,0.1342,38.1453,-0.1065,0.2081,25.9219,-0.0065,0.0756,26.8918,0.003960,-0.005408,37.4040,0.003727,-0.005147,38.1453,0.000833,-0.008954,25.9212,0.000657,-0.008254,26.8918,-0.00114,-0.03531,-0.55100,1.09582,-0.54596,0.03750,-0.00089,-0.03565,-0.55107,1.09774,-0.54804,0.03829,-0.00199,-0.00000,-0.00252,-0.00000,-0.00166,0.42311,0.10987,-1.53106,0.14403,0.20452,0.00076,0.36158,-0.09611,-1.06993,0.01709,0.23405,-0.00007,-0.00007,-0.00058,-0.00008,6.000,6.000,12.000,12.000,6.000,6.000,6.000,6.000,12.000,12.000,6.000,6.000,6.000,6.000,6.000,6.000
0.8350,0.00002,0.00952,0.46256,1.00000,0.00018,0.00071,0.00048,0.00866,0.00692,0.30138,0.30051,0.00142,0.01253,2,0.03485,0.00142,0.034801,-0.00005,-0.7196,-0.0005,-0.0301,0.0652,-0.2582,-0.1010,-0.2872,0,0.04900,0.01900,0.0059,0.0047,0.009939,0.064837,-0.0930,0.2243,37.4702,0.0054,0.1344,38.2091,-0.1064,0.2081,25.8581,-0.0066,0.0750,26.8280,0.003971,-0.005417,37.4695,0.003739,-0.005156,38.2091,0.000807,-0.009036,25.8574,0.000632,-0.008330,26.8280,-0.00115,-0.03582,-0.55096,1.09573,-0.54591,0.03802,-0.00090,-0.03616,-0.55103,1.09767,-0.54802,0.03882,-0.00199,-0.00000,-0.00252,-0.00000,-0.00169,0.42835,0.11106,-1.53357,0.14475,0.20528,0.00079,0.36508,-0.09724,-1.06729,0.01639,0.23568,-0.00007,-0.00007,-0.00059,-0.00008,6.000,6.000,12.000,12.000,6.000,6.000,6.000,6.000,12.000,12.000,6.000,6.000,6.000,6.000,6.000,6.000
0.8400,0.00002,0.00966,0.46256,1.00000,0.00019,0.00071,0.00049,0.00866,0.00703,0.30138,0.30051,0.00142,0.01267,2,0.03485,0.00142,0.034801,-0.00005,-0.7184,-0.0005,-0.0300,0.0653,-0.2580,-0.1017,-0.2868,0,0.04900,0.01900,0.0059,0.0047,0.009950,0.064828,-0.0928,0.2247,37.5361,0.0055,0.1346,38.2733,-0.1064,0.2081,25.7940,-0.0067,0.0744,26.7639,0.003983,-0.005426,37.5353,0.003751,-0.005166,38.2733,0.000781,-0.009119,25.7933,0.000607,-0.008406,26.7639,-0.00117,-0.03634,-0.55092,1.09563,-0.54586,0.03854,-0.00092,-0.03667,-0.55098,1.09759,-0.54799,0.03936,-0.00198,-0.00000,-0.00252,-0.00000,-0.00172,0.43362,0.11225,-1.53609,0.14547,0.20603,0.00082,0.36857,-0.09836,-1.06464,0.01570,0.23730,-0.00006,-0.00007,-0.00059,-0.00008,6.000,6.000,12.000,12.000,6.000,6.000,6.000,6.000,12.000,12.000,6.000,6.000,6.000,6.000,6.000,6.000
0.8450,0.00003,0.00980,0.46256,1.00000,0.00019,0.00071,0.00049,0.00866,0.00713,0.30138,0.30051,0.00142,0.01281,2,0.03485,0.00142,0.034801,-0.00005,-0.7172,-0.0005,-0.0300,0.0653,-0.2577,-0.1024,-0.2865,0,0.04900,0.01900,0.0059,0.0046,0.009962,0.064819,-0.0926,0.2251,37.6021,0.0056,0.1348,38.3377,-0.1063,0.2081,25.7296,-0.0067,0.0737,26.6995,0.003994,-0.005434,37.6014,0.003763,-0.005174,38.3377,0.000755,-0.009202,25.7289,0.000582,-0.008483,26.6995,-0.00119,-0.03685,-0.55088,1.09554,-0.54580,0.03906,-0.00093,-0.03719,-0.55094,1.09752,-0.54796,0.03990,-0.00198,-0.00000,-0.00252,-0.00000,-0.00175,0.43892,0.11345,-1.53863,0.14620,0.20676,0.00084,0.37208,-0.09950,-1.06197,0.01501,0.23893,-0.00006,-0.00007,-0.00059,-0.00008,6.000,6.000,12.000,12.000,6.000,6.000,6.000,6.000,12.000,12.000,6.000,6.000,6.000,6.000,6.000,6.000
0.8500,0.00003,0.00994,0.46256,1.00000,0.00019,0.00071,0.00050,0.00866,0.00723,0.30138,0.30051,0.00142,0.01296,2,0.03486,0.00142,0.034801,-0.00005,-0.7161,-0.0005,-0.0300,0.0654,-0.2574,-0.1031,-0.2861,0,0.04900,0.01900,0.0059,0.0046,0.009974,0.064810,-0.0924,0.2256,37.6685,0.0057,0.1350,38.4025,-0.1063,0.2080,25.6650,-0.0068,0.0731,26.6349,0.004006,-0.005442,37.6678,0.003774,-0.005183,38.4025,0.000728,-0.009286,25.6642,0.000557,-0.008560,26.6349,-0.00121,-0.03738,-0.55084,1.09544,-0.54575,0.03959,-0.00095,-0.03772,-0.55089,1.09744,-0.54793,0.04044,-0.00197,-0.00000,-0.00252,-0.00000,-0.00179,0.44426,0.11465,-1.54117,0.14692,0.20748,0.00087,0.37558,-0.10063,-1.05930,0.01431,0.24057,-0.00006,-0.00007,-0.00059,-0.00008,6.000,6.000,12.000,12.000,6.000,6.000,6.000,6.000,12.000,12.000,6.000,6.000,6.000,6.000,6.000,6.000
0.8550,0.00003,0.01008,0.46256,1.00000,0.00019,0.00071,0.00051,0.00866,0.00733,0.30138,0.30051,0.00142,0.01310,2,0.03486,0.00142,0.034800,-0.00005,-0.7149,-0.0004,-0.0299,0.0655,-0.2572,-0.1038,-0.2858,0,0.04900,0.01900,0.0059,0.0046,0.009986,0.064802,-0.0921,0.2260,37.7351,0.0058,0.1352,38.4675,-0.1062,0.2080,25.6001,-0.0069,0.0725,26.5700,0.004017,-0.005450,37.7344,0.003786,-0.005191,38.4675,0.000702,-0.009370,25.5993,0.000531,-0.008638,26.5700,-0.00122,-0.03790,-0.55079,1.09534,-0.54569,0.04012,-0.00097,-0.03824,-0.55084,1.09736,-0.54791,0.04098,-0.00196,-0.00000,-0.00252,-0.00000,-0.00182,0.44964,0.11586,-1.54372,0.14766,0.20818,0.00090,0.37909,-0.10177,-1.05661,0.01361,0.24220,-0.00006,-0.00007,-0.00060,-0.00008,6.000,6.000,12.000,12.000,6.000,6.000,6.000,6.000,12.000,12.000,6.000,6.000,6.000,6.000,6.000,6.000
0.8600,0.00003,0.01023,0.46256,1.00000,0.00019,0.00071,0.00052,0.00866,0.00744,0.30138,0.30051,0.00142,0.01324,2,0.03486,0.00142,0.034800,-0.00005,-0.7137,-0.0004,-0.0299,0.0655,-0.2569,-0.1045,-0.2855,0,0.04900,0.01900,0.0059,0.0045,0.009998,0.064794,-0.0919,0.2264,37.8020,0.0058,0.1354,38.5327,-0.1062,0.2079,25.5349,-0.0069,0.0718,26.5048,0.004028,-0.005457,37.8013,0.003798,-0.005198,38.5327,0.000675,-0.009456,25.5341,0.000505,-0.008717,26.5048,-0.00124,-0.03843,-0.55075,1.09524,-0.54564,0.04065,-0.00098,-0.03877,-0.55079,1.09728,-0.54788,0.04153,-0.00196,-0.00000,-0.00252,-0.00000,-0.00185,0.45505,0.11707,-1.54628,0.14839,0.20887,0.00093,0.38259,-0.10292,-1.05391,0.01291,0.24384,-0.00006,-0.00007,-0.00060,-0.00008,6.000,6.000,12.000,12.000,6.000,6.000,6.000,6.000,12.000,12.000,6.000,6.000,6.000,6.000,6.000,6.000
0.8650,0.00003,0.01037,0.46256,1.00000,0.00019,0.00071,0.00053,0.00866,0.00754,0.30138,0.30051,0.00142,0.01338,2,0.03486,0.00142,0.034800,-0.00005,-0.7125,-0.0004,-0.0298,0.0656,-0.2567,-0.1052,-0.2851,0,0.04900,0.01900,0.0059,0.0045,0.010010,0.064786,-0.0917,0.2268,37.8692,0.0059,0.1356,38.5983,-0.1061,0.2078,25.4694,-0.0070,0.0711,26.4393,0.004040,-0.005463,37.8684,0.003810,-0.005205,38.5983,0.000647,-0.009541,25.4686,0.000479,-0.008796,26.4393,-0.00126,-0.03896,-0.55070,1.09514,-0.54558,0.04119,-0.00100,-0.03931,-0.55074,1.09720,-0.54785,0.04209,-0.00195,-0.00000,-0.00252,-0.00000,-0.00189,0.46050,0.11829,-1.54884,0.14913,0.20955,0.00096,0.38610,-0.10406,-1.05120,0.01220,0.24548,-0.00006,-0.00007,-0.00060,-0.00008,6.000,6.000,12.000,12.000,6.000,6.000,6.000,6.000,12.000,12.000,6.000,6.000,6.000,6.000,6.000,6.000
0.8700,0.00003,0.01051,0.46256,1.00000,0.00020,0.00071,0.00053,0.00866,0.00765,0.30138,0.30051,0.00142,0.01353,2,0.03486,0.00142,0.034799,-0.00005,-0.7113,-0.0004,-0.0298,0.0656,-0.2564,-0.1059,-0.2848,0,0.04900,0.01900,0.0059,0.0045,0.010021,0.064779,-0.0915,0.2272,37.9366,0.0060,0.1358,38.6641,-0.1061,0.2077,25.4036,-0.0071,0.0704,26.3736,0.004051,-0.005470,37.9359,0.003822,-0.005212,38.6641,0.000620,-0.009628,25.4028,0.000453,-0.008875,26.3736,-0.00128,-0.03950,-0.55065,1.09504,-0.54552,0.04173,-0.00101,-0.03984,-0.55069,1.09712,-0.54782,0.04264,-0.00194,-0.00000,-0.00252,-0.00000,-0.00192,0.46599,0.11951,-1.55142,0.14987,0.21021,0.00099,0.38962,-0.10522,-1.04848,0.01150,0.24712,-0.00005,-0.00007,-0.00060,-0.00008,6.000,6.000,12.000,12.000,6.000,6.000,6.000,6.000,12.000,12.000,6.000,6.000,6.000,6.000,6.000,6.000
0.8750,0.00003,0.01066,0.46256,1.00000,0.00020,0.00071,0.00054,0.00866,0.00776,0.30138,0.30051,0.00142,0.01367,2,0.03486,0.00142,0.034799,-0.00005,-0.7102,-0.0004,-0.0298,0.0656,-0.2562,-0.1066,-0.2845,0,0.04900,0.01900,0.0059,0.0044,0.010033,0.064772,-0.0912,0.2276,38.0043,0.0061,0.1361,38.7301,-0.1060,0.2076,25.3376,-0.0071,0.0697,26.3076,0.004063,-0.005475,38.0036,0.003834,-0.005218,38.7301,0.000592,-0.009715,25.3368,0.000427,-0.008956,26.3076,-0.00130,-0.04004,-0.55061,1.09493,-0.54546,0.04227,-0.00103,-0.04038,-0.55064,1.09704,-0.54778,0.04320,-0.00194,-0.00000,-0.00252,-0.00000,-0.00196,0.47151,0.12074,-1.55400,0.15061,0.21086,0.00102,0.39313,-0.10637,-1.04575,0.01079,0.24876,-0.00005,-0.00007,-0.00061,-0.00008,6.000,6.000,12.000,12.000,6.000,6.000,6.000,6.000,12.000,12.000,6.000,6.000,6.000,6.000,6.000,6.000
0.8800,0.00003,0.01080,0.46256,1.00000,0.00020,0.00071,0.00055,0.00866,0.00786,0.30138,0.30051,0.00142,0.01382,2,0.03486,0.00142,0.034799,-0.00005,-0.7090,-0.0004,-0.0297,0.0657,-0.2559,-0.1073,-0.2841,0,0.04900,0.01900,0.0059,0.0044,0.010045,0.064766,-0.0910,0.2280,38.0723,0.0062,0.1363,38.7965,-0.1060,0.2074,25.2713,-0.0072,0.0690,26.2413,0.004074,-0.005480,38.0716,0.003845,-0.005224,38.7965,0.000564,-0.009802,25.2705,0.000400,-0.009036,26.2413,-0.00131,-0.04058,-0.55056,1.09482,-0.54540,0.04282,-0.00105,-0.04093,-0.55059,1.09695,-0.54775,0.04376,-0.00193,-0.00000,-0.00253,-0.00000,-0.00200,0.47707,0.12197,-1.55659,0.15136,0.21149,0.00105,0.39664,-0.10753,-1.04300,0.01008,0.25041,-0.00005,-0.00007,-0.00061,-0.00008,6.000,6.000,12.000,12.000,6.000,6.000,6.000,6.000,12.000,12.000,6.000,6.000,6.000,6.000,6.000,6.000
0.8850,0.00003,0.01095,0.46256,1.00000,0.00020,0.00071,0.00056,0.00866,0.00797,0.30138,0.30051,0.00142,0.01397,2,0.03486,0.00142,0.034799,-0.00005,-0.7078,-0.0004,-0.0297,0.0657,-0.2557,-0.1080,-0.2838,0,0.04900,0.01900,0.0059,0.0044,0.010057,0.064761,-0.0908,0.2284,38.1405,0.0062,0.1365,38.8631,-0.1059,0.2073,25.2048,-0.0073,0.0683,26.1747,0.004085,-0.005485,38.1398,0.003857,-0.005230,38.8631,0.000536,-0.009891,25.2040,0.000373,-0.009118,26.1747,-0.00133,-0.04112,-0.55051,1.09471,-0.54534,0.04337,-0.00106,-0.04148,-0.55054,1.09686,-0.54772,0.04433,-0.00193,-0.00000,-0.00253,-0.00000,-0.00203,0.48266,0.12321,-1.55919,0.15211,0.21211,0.00108,0.40016,-0.10869,-1.04025,0.00937,0.25206,-0.00005,-0.00007,-0.00061,-0.00008,6.000,6.000,12.000,12.000,6.000,6.000,6.000,6.000,12.000,12.000,6.000,6.000,6.000,6.000,6.000,6.000
0.8900,0.00003,0.01110,0.46256,1.00000,0.00020,0.00071,0.00057,0.00866,0.00808,0.30137,0.30051,0.00142,0.01411,2,0.03486,0.00142,0.034798,-0.00005,-0.7066,-0.0004,-0.0296,0.0658,-0.2554,-0.1086,-0.2835,0,0.04900,0.01900,0.0059,0.0043,0.010069,0.064755,-0.0906,0.2288,38.2090,0.0063,0.1367,38.9300,-0.1059,0.2071,25.1380,-0.0073,0.0676,26.1079,0.004097,-0.005490,38.2083,0.003869,-0.005235,38.9300,0.000508,-0.009980,25.1372,0.000346,-0.009200,26.1079,-0.00135,-0.04167,-0.55046,1.09460,-0.54528,0.04392,-0.00108,-0.04203,-0.55048,1.09677,-0.54768,0.04490,-0.00192,-0.00000,-0.00253,-0.00000,-0.00207,0.48829,0.12445,-1.56180,0.15286,0.21271,0.00111,0.40367,-0.10986,-1.03748,0.00865,0.25371,-0.00005,-0.00007,-0.00062,-0.00008,6.000,6.000,12.000,12.000,6.000,6.000,6.000,6.000,12.000,12.000,6.000,6.000,6.000,6.000,6.000,6.000
0.8950,0.00003,0.01125,0.46256,1.00000,0.00020,0.00071,0.00058,0.00866,0.00819,0.30137,0.30051,0.00142,0.01426,2,0.03486,0.00142,0.034798,-0.00006,-0.7054,-0.0004,-0.0296,0.0658,-0.2551,-0.1093,-0.2831,0,0.04900,0.01900,0.0059,0.0043,0.010081,0.064750,-0.0904,0.2292,38.2778,0.0064,0.1369,38.9971,-0.1058,0.2070,25.0709,-0.0074,0.0668,26.0409,0.004108,-0.005493,38.2770,0.003881,-0.005239,38.9971,0.000479,-0.010069,25.0701,0.000318,-0.009282,26.0409,-0.00137,-0.04223,-0.55041,1.09449,-0.54521,0.04447,-0.00110,-0.04258,-0.55042,1.09668,-0.54765,0.04548,-0.00191,-0.00000,-0.00253,-0.00000,-0.00211,0.49396,0.12570,-1.56441,0.15361,0.21329,0.00115,0.40719,-0.11103,-1.03470,0.00793,0.25536,-0.00005,-0.00007,-0.00062,-0.00008,6.000,6.000,12.000,12.000,6.000,6.000,6.000,6.000,12.000,12.000,6.000,6.000,6.000,6.000,6.000,6.000
0.9000,0.00003,0.01140,0.46256,1.00000,0.00021,0.00071,0.00058,0.00866,0.00830,0.30137,0.30051,0.00142,0.01441,2,0.03486,0.00142,0.034798,-0.00006,-0.7043,-0.0004,-0.0295,0.0658,-0.2549,-0.1100,-0.2828,0,0.04900,0.01900,0.0059,0.0043,0.010092,0.064746,-0.0901,0.2296,38.3468,0.0065,0.1372,39.0645,-0.1058,0.2068,25.0036,-0.0075,0.0661,25.9736,0.004120,-0.005497,38.3460,0.003893,-0.005243,39.0645,0.000450,-0.010160,25.0027,0.000290,-0.009365,25.9736,-0.00139,-0.04278,-0.55035,1.09437,-0.54515,0.04503,-0.00112,-0.04314,-0.55037,1.09658,-0.54761,0.04605,-0.00191,-0.00000,-0.00253,-0.00000,-0.00215,0.49966,0.12695,-1.56703,0.15437,0.21386,0.00118,0.41070,-0.11221,-1.03191,0.00721,0.25702,-0.00004,-0.00007,-0.00062,-0.00008,6.000,6.000,12.000,12.000,6.000,6.000,6.000,6.000,12.000,12.000,6.000,6.000,6.000,6.000,6.000,6.000
0.9050,0.00004,0.01155,0.46256,1.00000,0.00021,0.00071,0.00059,0.00866,0.00841,0.30137,0.30051,0.00142,0.01455,2,0.03486,0.00142,0.034797,-0.00006,-0.7031,-0.0004,-0.0295,0.0658,-0.2546,-0.1107,-0.2825,0,0.04900,0.01900,0.0059,0.0042,0.010104,0.064742,-0.0899,0.2300,38.4161,0.0066,0.1374,39.1321,-0.1057,0.2066,24.9360,-0.0075,0.0653,25.9060,0.004131,-0.005500,38.4153,0.003905,-0.005247,39.1321,0.000421,-0.010251,24.9351,0.000262,-0.009449,25.9060,-0.00141,-0.04334,-0.55030,1.09425,-0.54508,0.04560,-0.00113,-0.04370,-0.55031,1.09649,-0.54758,0.04663,-0.00190,-0.00000,-0.00253,-0.00000,-0.00219,0.50540,0.12821,-1.56966,0.15513,0.21442,0.00121,0.41421,-0.11338,-1.02911,0.00649,0.25868,-0.00004,-0.00007,-0.00063,-0.00008,6.000,6.000,12.000,12.000,6.000,6.000,6.000,6.000,12.000,12.000,6.000,6.000,6.000,6.000,6.000,6.000
0.9100,0.00004,0.01170,0.46256,1.00000,0.00021,0.00071,0.00060,0.00866,0.00852,0.30137,0.30051,0.00142,0.01470,2,0.03486,0.00142,0.034797,-0.00006,-0.7019,-0.0004,-0.0295,0.0659,-0.2544,-0.1114,-0.2822,0,0.04900,0.01900,0.0059,0.0042,0.010116,0.064738,-0.0897,0.2303,38.4856,0.0067,0.1376,39.2000,-0.1057,0.2064,24.8681,-0.0076,0.0645,25.8381,0.004142,-0.005502,38.4848,0.003917,-0.005250,39.2000,0.000391,-0.010343,24.8673,0.000234,-0.009534,25.8381,-0.00143,-0.04390,-0.55024,1.09413,-0.54502,0.04616,-0.00115,-0.04427,-0.55025,1.09639,-0.54754,0.04722,-0.00190,-0.00000,-0.00253,-0.00000,-0.00223,0.51117,0.12947,-1.57229,0.15590,0.21495,0.00125,0.41773,-0.11456,-1.02629,0.00577,0.26034,-0.00004,-0.00007,-0.00063,-0.00008,6.000,6.000,12.000,12.000,6.000,6.000,6.000,6.000,12.000,12.000,6.000,6.000,6.000,6.000,6.000,6.000
0.9150,0.00004,0.01185,0.46256,1.00000,0.00021,0.00071,0.00061,0.00866,0.00863,0.30137,0.30051,0.00142,0.01485,2,0.03486,0.00142,0.034797,-0.00006,-0.7007,-0.0004,-0.0294,0.0659,-0.2541,-0.1121,-0.2818,0,0.04900,0.01900,0.0059,0.0042,0.010128,0.064735,-0.0894,0.2307,38.5553,0.0067,0.1379,39.2682,-0.1056,0.2061,24.8000,-0.0077,0.0637,25.7701,0.004154,-0.005504,38.5546,0.003928,-0.005253,39.2682,0.000362,-0.010435,24.7992,0.000206,-0.009619,25.7701,-0.00145,-0.04447,-0.55019,1.09401,-0.54495,0.04673,-0.00117,-0.04483,-0.55019,1.09629,-0.54750,0.04781,-0.00189,-0.00000,-0.00254,-0.00000,-0.00227,0.51698,0.13074,-1.57493,0.15666,0.21548,0.00128,0.42124,-0.11575,-1.02347,0.00504,0.26200,-0.00004,-0.00007,-0.00063,-0.00008,6.000,6.000,12.000,12.000,6.000,6.000,6.000,6.000,12.000,12.000,6.000,6.000,6.000,6.000,6.000,6.000
0.9200,0.00004,0.01201,0.46256,1.00000,0.00021,0.00071,0.00062,0.00866,0.00875,0.30137,0.30051,0.00142,0.01500,2,0.03486,0.00142,0.034797,-0.00006,-0.6995,-0.0004,-0.0294,0.0659,-0.2539,-0.1128,-0.2815,0,0.04900,0.01900,0.0059,0.0041,0.010140,0.064732,-0.0892,0.2311,38.6254,0.0068,0.1381,39.3366,-0.1056,0.2059,24.7317,-0.0078,0.0629,25.7017,0.004165,-0.005506,38.6246,0.003940,-0.005255,39.3366,0.000332,-0.010528,24.7308,0.000177,-0.009704,25.7017,-0.00147,-0.04504,-0.55013,1.09389,-0.54488,0.04730,-0.00118,-0.04541,-0.55013,1.09618,-0.54746,0.04840,-0.00188,-0.00000,-0.00254,-0.00000,-0.00231,0.52283,0.13201,-1.57758,0.15743,0.21598,0.00132,0.42475,-0.11693,-1.02063,0.00432,0.26367,-0.00004,-0.00007,-0.00064,-0.00008,6.000,6.000,12.000,12.000,6.000,6.000,6.000,6.000,12.000,12.000,6.000,6.000,6.000,6.000,6.000,6.000
0.9250,0.00004,0.01216,0.46256,1.00000,0.00021,0.00071,0.00063,0.00866,0.00886,0.30137,0.30051,0.00142,0.01515,2,0.03486,0.00142,0.034796,-0.00006,-0.6983,-0.0004,-0.0293,0.0659,-0.2536,-0.1134,-0.2812,0,0.04900,0.01900,0.0059,0.0041,0.010151,0.064730,-0.0890,0.2314,38.6956,0.0069,0.1383,39.4052,-0.1055,0.2056,24.6631,-0.0078,0.0621,25.6331,0.004176,-0.005507,38.6948,0.003952,-0.005257,39.4052,0.000301,-0.010622,24.6622,0.000148,-0.009791,25.6331,-0.00149,-0.04561,-0.55007,1.09376,-0.54481,0.04788,-0.00120,-0.04598,-0.55007,1.09608,-0.54742,0.04899,-0.00188,-0.00000,-0.00254,-0.00000,-0.00235,0.52872,0.13329,-1.58024,0.15820,0.21648,0.00135,0.42826,-0.11813,-1.01779,0.00359,0.26534,-0.00004,-0.00007,-0.00064,-0.00008,6.000,6.000,12.000,12.000,6.000,6.000,6.000,6.000,12.000,12.000,6.000,6.000,6.000,6.000,6.000,6.000
0.9300,0.00004,0.01232,0.46256,1.00000,0.00022,0.00071,0.00064,0.00866,0.00898,0.30137,0.30051,0.00142,0.01530,2,0.03486,0.00142,0.034796,-0.00006,-0.6971,-0.0004,-0.0293,0.0659,-0.2534,-0.1141,-0.2809,0,0.04900,0.01900,0.0059,0.0040,0.010163,0.064728,-0.0888,0.2318,38.7661,0.0070,0.1386,39.4741,-0.1055,0.2054,24.5942,-0.0079,0.0613,25.5643,0.004188,-0.005507,38.7653,0.003964,-0.005258,39.4741,0.000271,-0.010717,24.5933,0.000119,-0.009878,25.5643,-0.00151,-0.04619,-0.55001,1.09363,-0.54474,0.04846,-0.00122,-0.04656,-0.55000,1.09597,-0.54738,0.04959,-0.00187,-0.00000,-0.00254,-0.00000,-0.00239,0.53464,0.13457,-1.58290,0.15898,0.21695,0.00139,0.43176,-0.11932,-1.01493,0.00286,0.26701,-0.00004,-0.00007,-0.00064,-0.00008,6.000,6.000,12.000,12.000,6.000,6.000,6.000,6.000,12.000,12.000,6.000,6.000,6.000,6.000,6.000,6.000
0.9350,0.00004,0.01247,0.46255,1.00000,0.00022,0.00071,0.00064,0.00866,0.00909,0.30137,0.30051,0.00142,0.01546,2,0.03486,0.00142,0.034796,-0.00006,-0.6959,-0.0004,-0.0293,0.0659,-0.2531,-0.1148,-0.2806,0,0.04900,0.01900,0.0059,0.0040,0.010175,0.064727,-0.0885,0.2321,38.8369,0.0071,0.1388,39.5433,-0.1054,0.2051,24.5251,-0.0080,0.0605,25.4952,0.004199,-0.005507,38.8361,0.003976,-0.005259,39.5433,0.000240,-0.010812,24.5242,0.000090,-0.009965,25.4952,-0.00153,-0.04677,-0.54995,1.09350,-0.54467,0.04904,-0.00124,-0.04714,-0.54994,1.09586,-0.54734,0.05019,-0.00187,-0.00000,-0.00254,-0.00000,-0.00243,0.54059,0.13585,-1.58556,0.15976,0.21741,0.00143,0.43527,-0.12052,-1.01206,0.00212,0.26869,-0.00004,-0.00007,-0.00065,-0.00008,6.000,6.000,12.000,12.000,6.000,6.000,6.000,6.000,12.000,12.000,6.000,6.000,6.000,6.000,6.000,6.000
0.9400,0.00004,0.01263,0.46255,1.00000,0.00022,0.00071,0.00065,0.00866,0.00921,0.30137,0.30051,0.00142,0.01561,2,0.03486,0.00142,0.034795,-0.00006,-0.6947,-0.0004,-0.0292,0.0660,-0.2529,-0.1155,-0.2802,0,0.04900,0.01900,0.0059,0.0039,0.010187,0.064726,-0.0883,0.2325,38.9079,0.0072,0.1391,39.6127,-0.1054,0.2048,24.4557,-0.0081,0.0596,25.4259,0.004210,-0.005507,38.9071,0.003987,-0.005260,39.6127,0.000209,-0.010908,24.4549,0.000060,-0.010054,25.4259,-0.00155,-0.04735,-0.54989,1.09337,-0.54459,0.04962,-0.00126,-0.04773,-0.54987,1.09575,-0.54729,0.05080,-0.00186,-0.00000,-0.00254,-0.00000,-0.00248,0.54659,0.13714,-1.58824,0.16054,0.21785,0.00146,0.43877,-0.12172,-1.00918,0.00139,0.27037,-0.00003,-0.00007,-0.00065,-0.00008,6.000,6.000,12.000,12.000,6.000,6.000,6.000,6.000,12.000,12.000,6.000,6.000,6.000,6.000,6.000,6.000
0.9450,0.00004,0.01279,0.46255,1.00000,0.00022,0.00071,0.00066,0.00866,0.00932,0.30137,0.30051,0.00142,0.01576,2,0.03486,0.00142,0.034795,-0.00006,-0.6936,-0.0004,-0.0292,0.0660,-0.2526,-0.1162,-0.2799,0,0.04900,0.01900,0.0059,0.0039,0.010199,0.064725,-0.0881,0.2328,38.9791,0.0072,0.1394,39.6823,-0.1054,0.2045,24.3862,-0.0081,0.0588,25.3563,0.004222,-0.005506,38.9783,0.003999,-0.005260,39.6823,0.000178,-0.011005,24.3853,0.000030,-0.010143,25.3563,-0.00157,-0.04794,-0.54983,1.09323,-0.54452,0.05021,-0.00127,-0.04831,-0.54980,1.09564,-0.54725,0.05140,-0.00185,-0.00000,-0.00255,-0.00000,-0.00252,0.55262,0.13844,-1.59092,0.16132,0.21827,0.00150,0.44227,-0.12292,-1.00629,0.00065,0.27205,-0.00003,-0.00007,-0.00065,-0.00008,6.000,6.000,12.000,12.000,6.000,6.000,6.000,6.000,12.000,12.000,6.000,6.000,6.000,6.000,6.000,6.000
0.9500,0.00004,0.01295,0.46255,1.00000,0.00022,0.00071,0.00067,0.00866,0.00944,0.30137,0.30051,0.00142,0.01591,2,0.03486,0.00142,0.034795,-0.00006,-0.6924,-0.0004,-0.0291,0.0660,-0.2524,-0.1168,-0.2796,0,0.04900,0.01900,0.0059,0.0039,0.010210,0.064725,-0.0879,0.2332,39.0506,0.0073,0.1396,39.7522,-0.1053,0.2041,24.3163,-0.0082,0.0579,25.2865,0.004233,-0.005505,39.0498,0.004011,-0.005260,39.7522,0.000146,-0.011103,24.3154,0.000000,-0.010233,25.2865,-0.00159,-0.04853,-0.54977,1.09310,-0.54444,0.05080,-0.00129,-0.04891,-0.54973,1.09552,-0.54720,0.05201,-0.00185,-0.00000,-0.00255,-0.00000,-0.00257,0.55869,0.13974,-1.59360,0.16210,0.21868,0.00154,0.44576,-0.12413,-1.00339,-0.00009,0.27373,-0.00003,-0.00007,-0.00066,-0.00008,6.000,6.000,12.000,12.000,6.000,6.000,6.000,6.000,12.000,12.000,6.000,6.000,6.000,6.000,6.000,6.000
0.9550,0.00004,0.01311,0.46255,1.00000,0.00022,0.00071,0.00068,0.00866,0.00956,0.30137,0.30051,0.00142,0.01607,2,0.03486,0.00142,0.034794,-0.00006,-0.6912,-0.0004,-0.0291,0.0660,-0.2522,-0.1175,-0.2793,0,0.04900,0.01900,0.0059,0.0038,0.010222,0.064726,-0.0876,0.2335,39.1223,0.0074,0.1399,39.8223,-0.1053,0.2038,24.2462,-0.0083,0.0570,25.2164,0.004244,-0.005503,39.1215,0.004023,-0.005259,39.8223,0.000115,-0.011202,24.2454,-0.000030,-0.010323,25.2164,-0.00161,-0.04912,-0.54970,1.09296,-0.54437,0.05140,-0.00131,-0.04950,-0.54966,1.09541,-0.54715,0.05263,-0.00184,-0.00000,-0.00255,-0.00000,-0.00261,0.56479,0.14104,-1.59629,0.16289,0.21907,0.00158,0.44926,-0.12534,-1.00048,-0.00083,0.27542,-0.00003,-0.00007,-0.00066,-0.00008,6.000,6.000,12.000,12.000,6.000,6.000,6.000,6.000,12.000,12.000,6.000,6.000,6.000,6.000,6.000,6.000
0.9600,0.00005,0.01327,0.46255,1.00000,0.00023,0.00071,0.00069,0.00866,0.00968,0.30137,0.30051,0.00142,0.01622,2,0.03486,0.00142,0.034794,-0.00006,-0.6900,-0.0004,-0.0291,0.0660,-0.2519,-0.1182,-0.2790,0,0.04900,0.01900,0.0059,0.0038,0.010234,0.064727,-0.0874,0.2338,39.1942,0.0075,0.1402,39.8926,-0.1052,0.2034,24.1759,-0.0084,0.0561,25.1462,0.004256,-0.005501,39.1934,0.004035,-0.005258,39.8926,0.000082,-0.011301,24.1751,-0.000061,-0.010414,25.1462,-0.00163,-0.04971,-0.54964,1.09281,-0.54429,0.05199,-0.00133,-0.05010,-0.54959,1.09529,-0.54711,0.05325,-0.00184,-0.00000,-0.00255,-0.00000,-0.00266,0.57093,0.14235,-1.59899,0.16368,0.21945,0.00162,0.45274,-0.12655,-0.99756,-0.00157,0.27711,-0.00003,-0.00007,-0.00066,-0.00008,6.000,6.000,12.000,12.000,6.000,6.000,6.000,6.000,12.000,12.000,6.000,6.000,6.000,6.000,6.000,6.000
0.9650,0.00005,0.01343,0.46255,1.00000,0.00023,0.00071,0.00070,0.00866,0.00979,0.30137,0.30051,0.00142,0.01638,2,0.03486,0.00142,0.034794,-0.00006,-0.6888,-0.0004,-0.0290,0.0659,-0.2517,-0.1188,-0.2787,0,0.04900,0.01900,0.0059,0.0037,0.010246,0.064728,-0.0872,0.2342,39.2664,0.0076,0.1404,39.9632,-0.1052,0.2031,24.1054,-0.0084,0.0552,25.0756,0.004267,-0.005499,39.2656,0.004046,-0.005256,39.9632,0.000050,-0.011401,24.1045,-0.000092,-0.010506,25.0756,-0.00165,-0.05031,-0.54957,1.09267,-0.54421,0.05259,-0.00135,-0.05070,-0.54952,1.09516,-0.54706,0.05387,-0.00183,-0.00000,-0.00256,-0.00000,-0.00270,0.57711,0.14366,-1.60169,0.16447,0.21980,0.00166,0.45623,-0.12776,-0.99463,-0.00231,0.27881,-0.00003,-0.00007,-0.00067,-0.00008,6.000,6.000,12.000,12.000,6.000,6.000,6.000,6.000,12.000,12.000,6.000,6.000,6.000,6.000,6.000,6.000
0.9700,0.00005,0.01359,0.46255,1.00000,0.00023,0.00071,0.00071,0.00866,0.00991,0.30137,0.30051,0.00142,0.01653,2,0.03486,0.00142,0.034794,-0.00006,-0.6876,-0.0004,-0.0290,0.0659,-0.2514,-0.1195,-0.2784,0,0.04900,0.01900,0.0059,0.0037,0.010257,0.064729,-0.0869,0.2345,39.3388,0.0077,0.1407,40.0340,-0.1052,0.2027,24.0346,-0.0085,0.0543,25.0049,0.004278,-0.005495,39.3380,0.004058,-0.005254,40.0340,0.000017,-0.011502,24.0337,-0.000123,-0.010599,25.0049,-0.00167,-0.05092,-0.54950,1.09252,-0.54413,0.05319,-0.00136,-0.05130,-0.54945,1.09504,-0.54701,0.05449,-0.00183,-0.00000,-0.00256,-0.00000,-0.00275,0.58332,0.14497,-1.60440,0.16527,0.22015,0.00170,0.45971,-0.12898,-0.99168,-0.00306,0.28050,-0.00003,-0.00007,-0.00067,-0.00008,6.000,6.000,12.000,12.000,6.000,6.000,6.000,6.000,12.000,12.000,6.000,6.000,6.000,6.000,6.000,6.000
0.9750,0.00005,0.01376,0.46255,1.00000,0.00023,0.00071,0.00072,0.00866,0.01003,0.30137,0.30051,0.00142,0.01669,2,0.03486,0.00142,0.034793,-0.00006,-0.6864,-0.0004,-0.0289,0.0659,-0.2512,-0.1202,-0.2781,0,0.04900,0.01900,0.0059,0.0036,0.010269,0.064732,-0.0867,0.2348,39.4114,0.0078,0.1410,40.1051,-0.1051,0.2023,23.9636,-0.0086,0.0533,24.9339,0.004289,-0.005492,39.4106,0.004070,-0.005252,40.1051,-0.000015,-0.011604,23.9627,-0.000154,-0.010692,24.9339,-0.00170,-0.05152,-0.54943,1.09237,-0.54405,0.05380,-0.00138,-0.05191,-0.54937,1.09491,-0.54696,0.05512,-0.00182,-0.00000,-0.00256,-0.00000,-0.00280,0.58957,0.14629,-1.60711,0.16607,0.22047,0.00175,0.46318,-0.13020,-0.98873,-0.00381,0.28220,-0.00003,-0.00007,-0.00068,-0.00008,6.000,6.000,12.000,12.000,6.000,6.000,6.000,6.000,12.000,12.000,6.000,6.000,6.000,6.000,6.000,6.000
0.9800,0.00005,0.01392,0.46255,1.00000,0.00023,0.00071,0.00073,0.00866,0.01016,0.30137,0.30051,0.00141,0.01684,2,0.03487,0.00141,0.034793,-0.00006,-0.6852,-0.0004,-0.0289,0.0659,-0.2509,-0.1208,-0.2778,0,0.04900,0.01900,0.0059,0.0036,0.010281,0.064734,-0.0865,0.2351,39.4843,0.0078,0.1413,40.1763,-0.1051,0.2019,23.8924,-0.0087,0.0524,24.8627,0.004301,-0.005488,39.4835,0.004081,-0.005249,40.1763,-0.000049,-0.011707,23.8915,-0.000186,-0.010786,24.8627,-0.00172,-0.05213,-0.54936,1.09222,-0.54396,0.05441,-0.00140,-0.05252,-0.54929,1.09478,-0.54690,0.05575,-0.00181,-0.00000,-0.00256,-0.00000,-0.00285,0.59586,0.14762,-1.60982,0.16687,0.22077,0.00179,0.46665,-0.13142,-0.98577,-0.00455,0.28391,-0.00003,-0.00007,-0.00068,-0.00008,6.000,6.000,12.000,12.000,6.000,6.000,6.000,6.000,12.000,12.000,6.000,6.000,6.000,6.000,6.000,6.000
0.9850,0.00005,0.01409,0.46255,1.00000,0.00024,0.00071,0.00074,0.00866,0.01028,0.30137,0.30051,0.00141,0.01700,2,0.03487,0.00141,0.034793,-0.00006,-0.6840,-0.0004,-0.0289,0.0659,-0.2507,-0.1215,-0.2774,0,0.04900,0.01900,0.0059,0.0035,0.010292,0.064737,-0.0863,0.2354,39.5574,0.0079,0.1416,40.2478,-0.1050,0.2015,23.8209,-0.0087,0.0514,24.7913,0.004312,-0.005483,39.5566,0.004093,-0.005245,40.2478,-0.000082,-0.011810,23.8200,-0.000218,-0.010881,24.7913,-0.00174,-0.05274,-0.54929,1.09207,-0.54388,0.05502,-0.00142,-0.05314,-0.54922,1.09465,-0.54685,0.05639,-0.00181,-0.00000,-0.00256,-0.00000,-0.00290,0.60219,0.14895,-1.61255,0.16767,0.22106,0.00183,0.47012,-0.13265,-0.98279,-0.00530,0.28562,-0.00002,-0.00007,-0.00068,-0.00008,6.000,6.000,12.000,12.000,6.000,6.000,6.000,6.000,12.000,12.000,6.000,6.000,6.000,6.000,6.000,6.000
0.9900,0.00005,0.01425,0.46255,1.00000,0.00024,0.00071,0.00075,0.00866,0.01040,0.30137,0.30051,0.00141,0.01716,2,0.03487,0.00141,0.034792,-0.00006,-0.6828,-0.0004,-0.0288,0.0659,-0.2504,-0.1222,-0.2771,0,0.04900,0.01900,0.0059,0.0035,0.010304,0.064741,-0.0860,0.2357,39.6307,0.0080,0.1419,40.3195,-0.1050,0.2010,23.7492,-0.0088,0.0505,24.7196,0.004323,-0.005479,39.6299,0.004105,-0.005242,40.3195,-0.000116,-0.011915,23.7483,-0.000250,-0.010977,24.7196,-0.00176,-0.05336,-0.54921,1.09191,-0.54379,0.05563,-0.00144,-0.05376,-0.54914,1.09451,-0.54680,0.05703,-0.00180,-0.00000,-0.00257,-0.00000,-0.00295,0.60855,0.15028,-1.61527,0.16847,0.22133,0.00187,0.47358,-0.13388,-0.97981,-0.00606,0.28733,-0.00002,-0.00007,-0.00069,-0.00008,6.000,6.000,12.000,12.000,6.000,6.000,6.000,6.000,12.000,12.000,6.000,6.000,6.000,6.000,6.000,6.000
0.9950,0.00005,0.01442,0.46255,1.00000,0.00024,0.00071,0.00076,0.00866,0.01052,0.30137,0.30051,0.00141,0.01731,2,0.03487,0.00141,0.034792,-0.00006,-0.6816,-0.0004,-0.0288,0.0659,-0.2502,-0.1228,-0.2768,0,0.04900,0.01900,0.0059,0.0034,0.010316,0.064745,-0.0858,0.2360,39.7042,0.0081,0.1422,40.3915,-0.1049,0.2006,23.6773,-0.0089,0.0495,24.6477,0.004334,-0.005473,39.7034,0.004116,-0.005237,40.3915,-0.000150,-0.012020,23.6764,-0.000283,-0.011074,24.6477,-0.00178,-0.05398,-0.54914,1.09175,-0.54371,0.05625,-0.00146,-0.05438,-0.54906,1.09438,-0.54674,0.05767,-0.00180,-0.00000,-0.00257,-0.00000,-0.00300,0.61495,0.15161,-1.61800,0.16928,0.22158,0.00192,0.47703,-0.13511,-0.97681,-0.00681,0.28904,-0.00002,-0.00007,-0.00069,-0.00008,6.000,6.000,12.000,12.000,6.000,6.000,6.000,6.000,12.000,12.000,6.000,6.000,6.000,6.000,6.000,6.000
1.0000,0.00005,0.01459,0.46255,1.00000,0.00024,0.00071,0.00077,0.00866,0.01065,0.30137,0.30051,0.00141,0.01747,2,0.03487,0.00141,0.034792,-0.00006,-0.6804,-0.0004,-0.0287,0.0658,-0.2500,-0.1235,-0.2765,0,0.04900,0.01900,0.0059,0.0033,0.010327,0.064749,-0.0856,0.2364,39.7779,0.0082,0.1425,40.4637,-0.1049,0.2001,23.6052,-0.0090,0.0485,24.5756,0.004345,-0.005467,39.7771,0.004128,-0.005233,40.4637,-0.000184,-0.012126,23.6043,-0.000315,-0.011171,24.5756,-0.00181,-0.05460,-0.54906,1.09159,-0.54362,0.05687,-0.00148,-0.05500,-0.54897,1.09424,-0.54668,0.05831,-0.00179,-0.00000,-0.00257,-0.00000,-0.00305,0.62138,0.15295,-1.62074,0.17009,0.22182,0.00196,0.48048,-0.13634,-0.97381,-0.00756,0.29076,-0.00002,-0.00007,-0.00070,-0.00008,6.000,6.000,12.000,12.000,6.000,6.000,6.000,6.000,12.000,12.000,6.000,6.000,6.000,6.000,6.000,6.000
1.0050,0.00006,0.01476,0.46254,1.00000,0.00024,0.00071,0.00078,0.00866,0.01077,0.30137,0.30051,0.00141,0.01763,2,0.03487,0.00141,0.034791,-0.00006,-0.6792,-0.0004,-0.0287,0.0658,-0.2497,-0.1241,-0.2762,0,0.04900,0.01900,0.0059,0.0033,0.010339,0.064754,-0.0853,0.2367,39.8519,0.0083,0.1428,40.5360,-0.1049,0.1996,23.5328,-0.0091,0.0475,24.5033,0.004356,-0.005461,39.8511,0.004140,-0.005227,40.5360,-0.000219,-0.012233,23.5319,-0.000349,-0.011269,24.5033,-0.00183,-0.05522,-0.54899,1.09142,-0.54353,0.05750,-0.00150,-0.05563,-0.54889,1.09409,-0.54663,0.05896,-0.00179,-0.00000,-0.00257,-0.00000,-0.00310,0.62786,0.15430,-1.62347,0.17090,0.22203,0.00201,0.48392,-0.13758,-0.97080,-0.00832,0.29248,-0.00002,-0.00007,-0.00070,-0.00008,6.000,6.000,12.000,12.000,6.000,6.000,6.000,6.000,12.000,12.000,6.000,6.000,6.000,6.000,6.000,6.000
1.0100,0.00006,0.01493,0.46254,1.00000,0.00024,0.00070,0.00079,0.00866,0.01089,0.30136,0.30051,0.00141,0.01779,2,0.03487,0.00141,0.034791,-0.00006,-0.6780,-0.0004,-0.0286,0.0658,-0.2495,-0.1248,-0.2759,0,0.04900,0.01900,0.0059,0.0032,0.010350,0.064759,-0.0851,0.2370,39.9261,0.0084,0.1431,40.6086,-0.1048,0.1991,23.4602,-0.0091,0.0465,24.4307,0.004368,-0.005454,39.9252,0.004151,-0.005222,40.6086,-0.000254,-0.012341,23.4593,-0.000382,-0.011368,24.4307,-0.00185,-0.05585,-0.54891,1.09125,-0.54344,0.05812,-0.00152,-0.05626,-0.54881,1.09395,-0.54657,0.05961,-0.00178,-0.00000,-0.00258,-0.00000,-0.00315,0.63437,0.15565,-1.62622,0.17172,0.22223,0.00206,0.48736,-0.13882,-0.96777,-0.00908,0.29420,-0.00002,-0.00007,-0.00070,-0.00008,6.000,6.000,12.000,12.000,6.000,6.000,6.000,6.000,12.000,12.000,6.000,6.000,6.000,6.000,6.000,6.000
1.0150,0.00006,0.01510,0.46254,1.00000,0.00025,0.00070,0.00080,0.00866,0.01102,0.30136,0.30051,0.00141,0.01795,2,0.03487,0.00141,0.034791,-0.00006,-0.6768,-0.0004,-0.0286,0.0657,-0.2492,-0.1254,-0.2756,0,0.04900,0.01900,0.0059,0.0032,0.010362,0.064765,-0.0849,0.2373,40.0005,0.0084,0.1434,40.6815,-0.1048,0.1986,23.3875,-0.0092,0.0455,24.3580,0.004379,-0.005447,39.9996,0.004163,-0.005216,40.6815,-0.000289,-0.012450,23.3865,-0.000415,-0.011468,24.3580,-0.00187,-0.05648,-0.54883,1.09108,-0.54335,0.05875,-0.00153,-0.05689,-0.54872,1.09380,-0.54650,0.06026,-0.00177,-0.00000,-0.00258,-0.00000,-0.00321,0.64091,0.15700,-1.62896,0.17253,0.22241,0.00210,0.49079,-0.14006,-0.96474,-0.00984,0.29593,-0.00002,-0.00007,-0.00071,-0.00008,6.000,6.000,12.000,12.000,6.000,6.000,6.000,6.000,12.000,12.000,6.000,6.000,6.000,6.000,6.000,6.000
1.0200,0.00006,0.01527,0.46254,1.00000,0.00025,0.00070,0.00081,0.00866,0.01115,0.30136,0.30051,0.00141,0.01811,2,0.03487,0.00141,0.034790,-0.00006,-0.6756,-0.0004,-0.0286,0.0657,-0.2490,-0.1261,-0.2753,0,0.04900,0.01900,0.0059,0.0031,0.010374,0.064771,-0.0846,0.2375,40.0751,0.0085,0.1438,40.7545,-0.1048,0.1981,23.3145,-0.0093,0.0444,24.2850,0.004390,-0.005439,40.0742,0.004175,-0.005209,40.7545,-0.000325,-0.012560,23.3135,-0.000449,-0.011569,24.2850,-0.00190,-0.05711,-0.54875,1.09091,-0.54325,0.05938,-0.00155,-0.05753,-0.54863,1.09365,-0.54644,0.06092,-0.00177,-0.00000,-0.00258,-0.00000,-0.00326,0.64750,0.15835,-1.63171,0.17335,0.22258,0.00215,0.49421,-0.14130,-0.96170,-0.01060,0.29766,-0.00002,-0.00007,-0.00071,-0.00008,6.000,6.000,12.000,12.000,6.000,6.000,6.000,6.000,12.000,12.000,6.000,6.000,6.000,6.000,6.000,6.000
1.0250,0.00006,0.01544,0.46254,1.00000,0.00025,0.00070,0.00082,0.00866,0.01127,0.30136,0.30051,0.00141,0.01827,2,0.03487,0.00141,0.034790,-0.00006,-0.6744,-0.0004,-0.0285,0.0657,-0.2487,-0.1267,-0.2750,0,0.04900,0.01900,0.0059,0.0031,0.010385,0.064777,-0.0844,0.2378,40.1499,0.0086,0.1441,40.8277,-0.1047,0.1975,23.2413,-0.0094,0.0434,24.2118,0.004401,-0.005431,40.1490,0.004186,-0.005202,40.8277,-0.000361,-0.012671,23.2403,-0.000483,-0.011670,24.2118,-0.00192,-0.05775,-0.54866,1.09074,-0.54316,0.06002,-0.00157,-0.05817,-0.54854,1.09350,-0.54638,0.06158,-0.00176,-0.00000,-0.00259,-0.00000,-0.00332,0.65412,0.15971,-1.63446,0.17417,0.22272,0.00220,0.49762,-0.14254,-0.95864,-0.01136,0.29940,-0.00002,-0.00007,-0.00072,-0.00008,6.000,6.000,12.000,12.000,6.000,6.000,6.000,6.000,12.000,12.000,6.000,6.000,6.000,6.000,6.000,6.000
1.0300,0.00006,0.01562,0.46254,1.00000,0.00025,0.00070,0.00083,0.00866,0.01140,0.30136,0.30051,0.00141,0.01843,2,0.03487,0.00141,0.034790,-0.00006,-0.6732,-0.0004,-0.0285,0.0656,-0.2485,-0.1274,-0.2747,0,0.04900,0.01900,0.0059,0.0030,0.010397,0.064784,-0.0842,0.2381,40.2249,0.0087,0.1444,40.9012,-0.1047,0.1970,23.1678,-0.0095,0.0423,24.1385,0.004412,-0.005422,40.2240,0.004198,-0.005195,40.9012,-0.000397,-0.012783,23.1669,-0.000518,-0.011772,24.1385,-0.00194,-0.05839,-0.54858,1.09056,-0.54306,0.06065,-0.00159,-0.05881,-0.54845,1.09334,-0.54632,0.06224,-0.00176,-0.00000,-0.00259,-0.00000,-0.00337,0.66078,0.16108,-1.63722,0.17499,0.22284,0.00225,0.50103,-0.14379,-0.95558,-0.01212,0.30114,-0.00002,-0.00007,-0.00072,-0.00008,6.000,6.000,12.000,12.000,6.000,6.000,6.000,6.000,12.000,12.000,6.000,6.000,6.000,6.000,6.000,6.000
1.0350,0.00006,0.01579,0.46254,1.00000,0.00025,0.00070,0.00084,0.00866,0.01153,0.30136,0.30051,0.00141,0.01859,2,0.03487,0.00141,0.034790,-0.00006,-0.6720,-0.0004,-0.0284,0.0656,-0.2483,-0.1280,-0.2744,0,0.04900,0.01900,0.0059,0.0029,0.010408,0.064792,-0.0839,0.2384,40.3001,0.0088,0.1448,40.9748,-0.1046,0.1964,23.0942,-0.0096,0.0412,24.0649,0.004423,-0.005413,40.2992,0.004209,-0.005187,40.9748,-0.000433,-0.012896,23.0933,-0.000553,-0.011876,24.0649,-0.00197,-0.05903,-0.54849,1.09038,-0.54296,0.06130,-0.00161,-0.05945,-0.54836,1.09318,-0.54625,0.06291,-0.00175,-0.00000,-0.00259,-0.00000,-0.00343,0.66747,0.16244,-1.63998,0.17582,0.22295,0.00230,0.50442,-0.14504,-0.95251,-0.01289,0.30288,-0.00002,-0.00007,-0.00073,-0.00008,6.000,6.000,12.000,12.000,6.000,6.000,6.000,6.000,12.000,12.000,6.000,6.000,6.000,6.000,6.000,6.000
1.0400,0.00006,0.01597,0.46254,1.00000,0.00025,0.00070,0.00085,0.00866,0.01166,0.30136,0.30051,0.00141,0.01875,2,0.03487,0.00141,0.034789,-0.00006,-0.6708,-0.0004,-0.0284,0.0655,-0.2480,-0.1286,-0.2741,0,0.04900,0.01900,0.0059,0.0029,0.010420,0.064799,-0.0837,0.2387,40.3755,0.0089,0.1451,41.0487,-0.1046,0.1958,23.0204,-0.0096,0.0401,23.9911,0.004434,-0.005404,40.3746,0.004221,-0.005179,41.0487,-0.000470,-0.013010,23.0194,-0.000588,-0.011980,23.9911,-0.00199,-0.05968,-0.54841,1.09019,-0.54286,0.06194,-0.00163,-0.06010,-0.54827,1.09302,-0.54618,0.06358,-0.00175,-0.00000,-0.00260,-0.00000,-0.00349,0.67420,0.16381,-1.64274,0.17664,0.22304,0.00235,0.50781,-0.14629,-0.94943,-0.01365,0.30462,-0.00002,-0.00007,-0.00073,-0.00008,6.000,6.000,12.000,12.000,6.000,6.000,6.000,6.000,12.000,12.000,6.000,6.000,6.000,6.000,6.000,6.000
1.0450,0.00007,0.01614,0.46254,1.00000,0.00026,0.00070,0.00086,0.00866,0.01179,0.30136,0.30051,0.00140,0.01892,2,0.03487,0.00140,0.034789,-0.00006,-0.6696,-0.0004,-0.0284,0.0655,-0.2478,-0.1293,-0.2738,0,0.04900,0.01900,0.0059,0.0028,0.010431,0.064808,-0.0835,0.2390,40.4511,0.0090,0.1455,41.1228,-0.1046,0.1952,22.9463,-0.0097,0.0390,23.9171,0.004445,-0.005394,40.4503,0.004232,-0.005170,41.1228,-0.000507,-0.013124,22.9454,-0.000623,-0.012085,23.9171,-0.00201,-0.06033,-0.54832,1.09000,-0.54276,0.06258,-0.00165,-0.06075,-0.54817,1.09285,-0.54611,0.06425,-0.00174,-0.00000,-0.00260,-0.00000,-0.00354,0.68097,0.16519,-1.64550,0.17747,0.22311,0.00240,0.51119,-0.14755,-0.94633,-0.01442,0.30638,-0.00002,-0.00007,-0.00074,-0.00008,6.000,6.000,12.000,12.000,6.000,6.000,6.000,6.000,12.000,12.000,6.000,6.000,6.000,6.000,6.000,6.000
1.0500,0.00007,0.01632,0.46254,1.00000,0.00026,0.00070,0.00087,0.00866,0.01192,0.30136,0.30051,0.00140,0.01908,2,0.03487,0.00140,0.034789,-0.00006,-0.6684,-0.0004,-0.0283,0.0654,-0.2476,-0.1299,-0.2735,0,0.04900,0.01900,0.0059,0.0027,0.010442,0.064817,-0.0832,0.2392,40.5269,0.0091,0.1458,41.1970,-0.1045,0.1946,22.8721,-0.0098,0.0379,23.8428,0.004456,-0.005383,40.5261,0.004244,-0.005161,41.1970,-0.000544,-0.013240,22.8711,-0.000658,-0.012191,23.8428,-0.00204,-0.06098,-0.54823,1.08981,-0.54266,0.06323,-0.00167,-0.06141,-0.54807,1.09269,-0.54604,0.06493,-0.00174,-0.00000,-0.00260,-0.00000,-0.00360,0.68778,0.16656,-1.64827,0.17830,0.22316,0.00245,0.51457,-0.14880,-0.94323,-0.01519,0.30813,-0.00002,-0.00007,-0.00074,-0.00008,6.000,6.000,12.000,12.000,6.000,6.000,6.000,6.000,12.000,12.000,6.000,6.000,6.000,6.000,6.000,6.000
1.0550,0.00007,0.01650,0.46254,1.00000,0.00026,0.00070,0.00088,0.00866,0.01205,0.30136,0.30051,0.00140,0.01924,2,0.03487,0.00140,0.034788,-0.00006,-0.6672,-0.0004,-0.0283,0.0654,-0.2473,-0.1306,-0.2732,0,0.04900,0.01900,0.0059,0.0027,0.010454,0.064826,-0.0830,0.2395,40.6029,0.0091,0.1462,41.2715,-0.1045,0.1940,22.7977,-0.0099,0.0368,23.7684,0.004467,-0.005372,40.6021,0.004255,-0.005151,41.2715,-0.000582,-0.013357,22.7967,-0.000694,-0.012298,23.7684,-0.00206,-0.06163,-0.54814,1.08962,-0.54256,0.06388,-0.00169,-0.06207,-0.54798,1.09252,-0.54597,0.06561,-0.00173,-0.00000,-0.00261,-0.00000,-0.00366,0.69462,0.16794,-1.65104,0.17913,0.22319,0.00250,0.51793,-0.15006,-0.94012,-0.01596,0.30989,-0.00002,-0.00007,-0.00075,-0.00008,6.000,6.000,12.000,12.000,6.000,6.000,6.000,6.000,12.000,12.000,6.000,6.000,6.000,6.000,6.000,6.000
1.0600,0.00007,0.01667,0.46254,1.00000,0.00026,0.00070,0.00089,0.00866,0.01218,0.30136,0.30051,0.00140,0.01940,2,0.03487,0.00140,0.034788,-0.00006,-0.6660,-0.0004,-0.0282,0.0653,-0.2471,-0.1312,-0.2730,0,0.04900,0.01900,0.0059,0.0026,0.010465,0.064835,-0.0828,0.2398,40.6791,0.0092,0.1466,41.3461,-0.1045,0.1933,22.7230,-0.0100,0.0357,23.6938,0.004477,-0.005361,40.6783,0.004266,-0.005141,41.3461,-0.000620,-0.013475,22.7221,-0.000730,-0.012405,23.6938,-0.00209,-0.06229,-0.54805,1.08943,-0.54245,0.06454,-0.00171,-0.06273,-0.54788,1.09234,-0.54590,0.06629,-0.00173,-0.00000,-0.00261,-0.00000,-0.00372,0.70150,0.16933,-1.65381,0.17996,0.22320,0.00255,0.52128,-0.15132,-0.93701,-0.01673,0.31165,-0.00002,-0.00007,-0.00075,-0.00008,6.000,6.000,12.000,12.000,6.000,6.000,6.000,6.000,12.000,12.000,6.000,6.000,6.000,6.000,6.000,6.000
1.0650,0.00007,0.01685,0.46254,1.00000,0.00026,0.00070,0.00090,0.00866,0.01231,0.30136,0.30051,0.00140,0.01957,2,0.03487,0.00140,0.034788,-0.00006,-0.6648,-0.0004,-0.0282,0.0653,-0.2468,-0.1318,-0.2727,0,0.04900,0.01900,0.0059,0.0025,0.010477,0.064845,-0.0825,0.2401,40.7555,0.0093,0.1470,41.4210,-0.1044,0.1927,22.6482,-0.0101,0.0345,23.6191,0.004488,-0.005349,40.7547,0.004278,-0.005131,41.4210,-0.000659,-0.013594,22.6472,-0.000767,-0.012514,23.6191,-0.00211,-0.06295,-0.54795,1.08923,-0.54234,0.06519,-0.00173,-0.06339,-0.54777,1.09217,-0.54583,0.06697,-0.00172,-0.00000,-0.00261,-0.00000,-0.00378,0.70842,0.17071,-1.65659,0.18080,0.22319,0.00261,0.52463,-0.15258,-0.93388,-0.01750,0.31342,-0.00001,-0.00007,-0.00076,-0.00008,6.000,6.000,12.000,12.000,6.000,6.000,6.000,6.000,12.000,12.000,6.000,6.000,6.000,6.000,6.000,6.000
1.0700,0.00007,0.01703,0.46253,1.00000,0.00026,0.00070,0.00091,0.00866,0.01244,0.30136,0.30051,0.00140,0.01973,2,0.03487,0.00140,0.034787,-0.00006,-0.6635,-0.0004,-0.0282,0.0652,-0.2466,-0.1324,-0.2724,0,0.04900,0.01900,0.0059,0.0025,0.010488,0.064856,-0.0823,0.2403,40.8321,0.0094,0.1473,41.4960,-0.1044,0.1920,22.5732,-0.0102,0.0334,23.5441,0.004499,-0.005337,40.8312,0.004289,-0.005120,41.4960,-0.000697,-0.013714,22.5722,-0.000804,-0.012624,23.5441,-0.00214,-0.06361,-0.54786,1.08903,-0.54224,0.06585,-0.00175,-0.06406,-0.54767,1.09199,-0.54575,0.06766,-0.00171,-0.00000,-0.00262,-0.00000,-0.00384,0.71538,0.17210,-1.65936,0.18164,0.22317,0.00266,0.52796,-0.15384,-0.93074,-0.01827,0.31519,-0.00001,-0.00007,-0.00076,-0.00008,6.000,6.000,12.000,12.000,6.000,6.000,6.000,6.000,12.000,12.000,6.000,6.000,6.000,6.000,6.000,6.000
1.0750,0.00007,0.01721,0.46253,1.00000,0.00027,0.00070,0.00092,0.00866,0.01258,0.30136,0.30051,0.00140,0.01990,2,0.03487,0.00140,0.034787,-0.00006,-0.6623,-0.0004,-0.0281,0.0651,-0.2464,-0.1331,-0.2721,0,0.04900,0.01900,0.0059,0.0024,0.010499,0.064867,-0.0821,0.2406,40.9089,0.0095,0.1477,41.5713,-0.1044,0.1913,22.4980,-0.0102,0.0322,23.4689,0.004510,-0.005324,40.9080,0.004300,-0.005109,41.5713,-0.000736,-0.013836,22.4970,-0.000841,-0.012735,23.4689,-0.00216,-0.06428,-0.54776,1.08882,-0.54213,0.06651,-0.00177,-0.06472,-0.54757,1.09181,-0.54567,0.06835,-0.00171,-0.00000,-0.00262,-0.00000,-0.00390,0.72237,0.17350,-1.66214,0.18248,0.22312,0.00272,0.53128,-0.15510,-0.92759,-0.01905,0.31696,-0.00001,-0.00007,-0.00077,-0.00008,6.000,6.000,12.000,12.000,6.000,6.000,6.000,6.000,12.000,12.000,6.000,6.000,6.000,6.000,6.000,6.000
1.0800,0.00007,0.01739,0.46253,1.00000,0.00027,0.00070,0.00093,0.00866,0.01271,0.30136,0.30051,0.00140,0.02006,2,0.03487,0.00140,0.034787,-0.00006,-0.6611,-0.0004,-0.0281,0.0651,-0.2461,-0.1337,-0.2718,0,0.04900,0.01900,0.0059,0.0023,0.010510,0.064878,-0.0818,0.2409,40.9858,0.0096,0.1481,41.6467,-0.1043,0.1906,22.4226,-0.0103,0.0310,23.3935,0.004521,-0.005311,40.9850,0.004312,-0.005097,41.6467,-0.000776,-0.013958,22.4216,-0.000878,-0.012846,23.3935,-0.00219,-0.06495,-0.54766,1.08861,-0.54201,0.06718,-0.00179,-0.06540,-0.54746,1.09162,-0.54560,0.06904,-0.00170,-0.00000,-0.00262,-0.00000,-0.00397,0.72940,0.17489,-1.66492,0.18332,0.22306,0.00277,0.53460,-0.15637,-0.92444,-0.01982,0.31874,-0.00001,-0.00007,-0.00077,-0.00008,6.000,6.000,12.000,12.000,6.000,6.000,6.000,6.000,12.000,12.000,6.000,6.000,6.000,6.000,6.000,6.000
1.0850,0.00008,0.01758,0.46253,1.00000,0.00027,0.00070,0.00094,0.00866,0.01284,0.30136,0.30051,0.00140,0.02023,2,0.03487,0.00140,0.034786,-0.00006,-0.6599,-0.0004,-0.0280,0.0650,-0.2459,-0.1343,-0.2715,0,0.04900,0.01900,0.0059,0.0023,0.010522,0.064890,-0.0816,0.2411,41.0629,0.0097,0.1485,41.7223,-0.1043,0.1899,22.3470,-0.0104,0.0298,23.3180,0.004532,-0.005297,41.0621,0.004323,-0.005085,41.7223,-0.000815,-0.014081,22.3460,-0.000916,-0.012959,23.3180,-0.00221,-0.06562,-0.54756,1.08840,-0.54190,0.06784,-0.00181,-0.06607,-0.54735,1.09143,-0.54552,0.06974,-0.00170,-0.00000,-0.00263,-0.00000,-0.00403,0.73646,0.17629,-1.66770,0.18416,0.22297,0.00283,0.53790,-0.15763,-0.92128,-0.02060,0.32052,-0.00001,-0.00007,-0.00078,-0.00008,6.000,6.000,12.000,12.000,6.000,6.000,6.000,6.000,12.000,12.000,6.000,6.000,6.000,6.000,6.000,6.000
1.0900,0.00008,0.01776,0.46253,1.00000,0.00027,0.00070,0.00095,0.00866,0.01298,0.30136,0.30051,0.00140,0.02039,2,0.03487,0.00140,0.034786,-0.00006,-0.6587,-0.0004,-0.0280,0.0649,-0.2457,-0.1349,-0.2712,0,0.04900,0.01900,0.0060,0.0022,0.010533,0.064902,-0.0813,0.2414,41.1403,0.0098,0.1489,41.7981,-0.1043,0.1892,22.2712,-0.0105,0.0286,23.2422,0.004542,-0.005283,41.1394,0.004334,-0.005072,41.7981,-0.000855,-0.014206,22.2702,-0.000954,-0.013073,23.2422,-0.00224,-0.06629,-0.54746,1.08819,-0.54179,0.06851,-0.00183,-0.06675,-0.54724,1.09124,-0.54544,0.07044,-0.00169,-0.00000,-0.00263,-0.00000,-0.00409,0.74357,0.17770,-1.67048,0.18500,0.22287,0.00288,0.54119,-0.15890,-0.91810,-0.02138,0.32231,-0.00001,-0.00007,-0.00078,-0.00008,6.000,6.000,12.000,12.000,6.000,6.000,6.000,6.000,12.000,12.000,6.000,6.000,6.000,6.000,6.000,6.000
1.0950,0.00008,0.01794,0.46253,1.00000,0.00027,0.00070,0.00096,0.00866,0.01311,0.30136,0.30051,0.00139,0.02056,2,0.03487,0.00139,0.034786,-0.00006,-0.6575,-0.0004,-0.0280,0.0649,-0.2454,-0.1356,-0.2709,0,0.04900,0.01900,0.0060,0.0021,0.010544,0.064915,-0.0811,0.2416,41.2178,0.0098,0.1493,41.8741,-0.1042,0.1884,22.1953,-0.0106,0.0274,23.1663,0.004553,-0.005269,41.2169,0.004345,-0.005059,41.8741,-0.000896,-0.014332,22.1943,-0.000992,-0.013187,23.1663,-0.00226,-0.06697,-0.54736,1.08797,-0.54167,0.06919,-0.00186,-0.06743,-0.54713,1.09105,-0.54535,0.07114,-0.00169,-0.00000,-0.00263,-0.00000,-0.00416,0.75071,0.17910,-1.67327,0.18585,0.22274,0.00294,0.54447,-0.16017,-0.91492,-0.02215,0.32410,-0.00001,-0.00007,-0.00079,-0.00008,6.000,6.000,12.000,12.000,6.000,6.000,6.000,6.000,12.000,12.000,6.000,6.000,6.000,6.000,6.000,6.000
1.1000,0.00008,0.01813,0.46253,1.00000,0.00027,0.00070,0.00097,0.00866,0.01325,0.30135,0.30051,0.00139,0.02073,2,0.03488,0.00139,0.034785,-0.00006,-0.6563,-0.0004,-0.0279,0.0648,-0.2452,-0.1362,-0.2706,0,0.04900,0.01900,0.0060,0.0020,0.010555,0.064928,-0.0809,0.2419,41.2954,0.0099,0.1497,41.9502,-0.1042,0.1877,22.1191,-0.0107,0.0262,23.0902,0.004564,-0.005254,41.2946,0.004357,-0.005045,41.9502,-0.000936,-0.014459,22.1181,-0.001031,-0.013303,23.0902,-0.00229,-0.06765,-0.54725,1.08775,-0.54155,0.06986,-0.00188,-0.06811,-0.54702,1.09085,-0.54527,0.07185,-0.00168,-0.00000,-0.00264,-0.00000,-0.00422,0.75788,0.18051,-1.67605,0.18669,0.22260,0.00300,0.54774,-0.16144,-0.91174,-0.02293,0.32589,-0.00001,-0.00007,-0.00079,-0.00008,6.000,6.000,12.000,12.000,6.000,6.000,6.000,6.000,12.000,12.000,6.000,6.000,6.000,6.000,6.000,6.000
1.1050,0.00008,0.01831,0.46253,1.00000,0.00028,0.00070,0.00098,0.00866,0.01339,0.30135,0.30051,0.00139,0.02090,2,0.03488,0.00139,0.034785,-0.00006,-0.6551,-0.0004,-0.0279,0.0647,-0.2450,-0.1368,-0.2703,0,0.04900,0.01900,0.0060,0.0020,0.010566,0.064942,-0.0806,0.2422,41.3733,0.0100,0.1501,42.0266,-0.1042,0.1869,22.0428,-0.0108,0.0249,23.0139,0.004574,-0.005238,41.3724,0.004368,-0.005031,42.0266,-0.000977,-0.014587,22.0418,-0.001070,-0.013420,23.0139,-0.00231,-0.06833,-0.54714,1.08753,-0.54143,0.07054,-0.00190,-0.06880,-0.54691,1.09065,-0.54518,0.07255,-0.00168,-0.00000,-0.00264,-0.00000,-0.00429,0.76510,0.18192,-1.67883,0.18754,0.22243,0.00306,0.55099,-0.16271,-0.90854,-0.02371,0.32769,-0.00001,-0.00007,-0.00080,-0.00008,6.000,6.000,12.000,12.000,6.000,6.000,6.000,6.000,12.000,12.000,6.000,6.000,6.000,6.000,6.000,6.000
1.1100,0.00008,0.01850,0.46253,1.00000,0.00028,0.00070,0.00099,0.00866,0.01352,0.30135,0.30051,0.00139,0.02106,2,0.03488,0.00139,0.034785,-0.00006,-0.6539,-0.0004,-0.0278,0.0646,-0.2447,-0.1374,-0.2701,0,0.04900,0.01900,0.0060,0.0019,0.010577,0.064956,-0.0804,0.2424,41.4513,0.0101,0.1506,42.1031,-0.1041,0.1861,21.9663,-0.0109,0.0237,22.9375,0.004585,-0.005222,41.4504,0.004379,-0.005017,42.1031,-0.001019,-0.014716,21.9653,-0.001109,-0.013538,22.9375,-0.00234,-0.06902,-0.54704,1.08730,-0.54131,0.07122,-0.00192,-0.06949,-0.54679,1.09044,-0.54510,0.07327,-0.00167,-0.00000,-0.00265,-0.00000,-0.00436,0.77235,0.18334,-1.68162,0.18839,0.22225,0.00312,0.55424,-0.16399,-0.90533,-0.02449,0.32949,-0.00001,-0.00007,-0.00080,-0.00008,6.000,6.000,12.000,12.000,6.000,6.000,6.000,6.000,12.000,12.000,6.000,6.000,6.000,6.000,6.000,6.000
1.1150,0.00008,0.01869,0.46253,1.00000,0.00028,0.00070,0.00101,0.00866,0.01366,0.30135,0.30051,0.00139,0.02123,2,0.03488,0.00139,0.034784,-0.00006,-0.6527,-0.0004,-0.0278,0.0645,-0.2445,-0.1380,-0.2698,0,0.04900,0.01900,0.0060,0.0018,0.010588,0.064970,-0.0802,0.2427,41.5295,0.0102,0.1510,42.1798,-0.1041,0.1853,21.8897,-0.0109,0.0224,22.8609,0.004595,-0.005206,41.5286,0.004390,-0.005002,42.1798,-0.001060,-0.014847,21.8887,-0.001148,-0.013657,22.8609,-0.00237,-0.06971,-0.54693,1.08707,-0.54119,0.07190,-0.00194,-0.07018,-0.54667,1.09024,-0.54501,0.07398,-0.00167,-0.00000,-0.00265,-0.00000,-0.00442,0.77964,0.18475,-1.68440,0.18924,0.22204,0.00318,0.55747,-0.16526,-0.90212,-0.02527,0.33130,-0.00001,-0.00007,-0.00081,-0.00008,6.000,6.000,12.000,12.000,6.000,6.000,6.000,6.000,12.000,12.000,6.000,6.000,6.000,6.000,6.000,6.000
1.1200,0.00009,0.01887,0.46253,1.00000,0.00028,0.00069,0.00102,0.00866,0.01380,0.30135,0.30051,0.00139,0.02140,2,0.03488,0.00139,0.034784,-0.00006,-0.6515,-0.0004,-0.0278,0.0645,-0.2443,-0.1386,-0.2695,0,0.04900,0.01900,0.0060,0.0017,0.010599,0.064985,-0.0799,0.2429,41.6078,0.0103,0.1514,42.2566,-0.1041,0.1845,21.8129,-0.0110,0.0212,22.7841,0.004606,-0.005189,41.6070,0.004401,-0.004987,42.2566,-0.001103,-0.014979,21.8119,-0.001188,-0.013777,22.7841,-0.00239,-0.07040,-0.54682,1.08684,-0.54107,0.07258,-0.00196,-0.07087,-0.54655,1.09003,-0.54492,0.07470,-0.00166,-0.00000,-0.00266,-0.00000,-0.00449,0.78696,0.18617,-1.68719,0.19010,0.22182,0.00324,0.56069,-0.16654,-0.89890,-0.02605,0.33311,-0.00001,-0.00007,-0.00081,-0.00008,6.000,6.000,12.000,12.000,6.000,6.000,6.000,6.000,12.000,12.000,6.000,6.000,6.000,6.000,6.000,6.000
1.1250,0.00009,0.01906,0.46252,1.00000,0.00028,0.00069,0.00103,0.00866,0.01394,0.30135,0.30051,0.00139,0.02157,2,0.03488,0.00139,0.034784,-0.00006,-0.6502,-0.0004,-0.0277,0.0644,-0.2441,-0.1392,-0.2692,0,0.04900,0.01900,0.0060,0.0017,0.010610,0.065000,-0.0797,0.2432,41.6864,0.0104,0.1519,42.3337,-0.1040,0.1837,21.7359,-0.0111,0.0199,22.7071,0.004616,-0.005172,41.6855,0.004412,-0.004971,42.3337,-0.001145,-0.015112,21.7348,-0.001229,-0.013898,22.7071,-0.00242,-0.07109,-0.54670,1.08660,-0.54094,0.07327,-0.00198,-0.07157,-0.54643,1.08981,-0.54483,0.07542,-0.00166,-0.00000,-0.00266,-0.00000,-0.00456,0.79432,0.18759,-1.68998,0.19095,0.22157,0.00330,0.56389,-0.16781,-0.89567,-0.02684,0.33493,-0.00001,-0.00007,-0.00082,-0.00008,6.000,6.000,12.000,12.000,6.000,6.000,6.000,6.000,12.000,12.000,6.000,6.000,6.000,6.000,6.000,6.000
1.1300,0.00009,0.01925,0.46252,1.00000,0.00028,0.00069,0.00104,0.00866,0.01408,0.30135,0.30051,0.00139,0.02174,2,0.03488,0.00139,0.034783,-0.00006,-0.6490,-0.0004,-0.0277,0.0643,-0.2438,-0.1398,-0.2689,0,0.04900,0.01900,0.0060,0.0016,0.010621,0.065016,-0.0795,0.2434,41.7651,0.0105,0.1523,42.4109,-0.1040,0.1828,21.6587,-0.0112,0.0186,22.6300,0.004627,-0.005154,41.7642,0.004423,-0.004955,42.4109,-0.001188,-0.015246,21.6577,-0.001269,-0.014021,22.6300,-0.00244,-0.07179,-0.54659,1.08636,-0.54081,0.07396,-0.00200,-0.07227,-0.54631,1.08960,-0.54473,0.07614,-0.00165,-0.00000,-0.00266,-0.00000,-0.00463,0.80172,0.18902,-1.69276,0.19181,0.22131,0.00336,0.56709,-0.16909,-0.89243,-0.02762,0.33675,-0.00001,-0.00007,-0.00082,-0.00008,6.000,6.000,12.000,12.000,6.000,6.000,6.000,6.000,12.000,12.000,6.000,6.000,6.000,6.000,6.000,6.000
1.1350,0.00009,0.01944,0.46252,1.00000,0.00029,0.00069,0.00105,0.00866,0.01422,0.30135,0.30051,0.00139,0.02191,2,0.03488,0.00139,0.034783,-0.00007,-0.6478,-0.0004,-0.0276,0.0642,-0.2436,-0.1404,-0.2686,0,0.04900,0.01900,0.0060,0.0015,0.010632,0.065032,-0.0792,0.2436,41.8439,0.0106,0.1528,42.4882,-0.1040,0.1819,21.5814,-0.0113,0.0173,22.5527,0.004637,-0.005136,41.8431,0.004434,-0.004939,42.4882,-0.001231,-0.015382,21.5803,-0.001310,-0.014144,22.5527,-0.00247,-0.07249,-0.54647,1.08612,-0.54068,0.07465,-0.00202,-0.07297,-0.54618,1.08938,-0.54464,0.07686,-0.00165,-0.00000,-0.00267,-0.00000,-0.00470,0.80916,0.19045,-1.69555,0.19266,0.22102,0.00342,0.57027,-0.17037,-0.88918,-0.02840,0.33858,-0.00001,-0.00007,-0.00083,-0.00009,6.000,6.000,12.000,12.000,6.000,6.000,6.000,6.000,12.000,12.000,6.000,6.000,6.000,6.000,6.000,6.000
1.1400,0.00009,0.01963,0.46252,1.00000,0.00029,0.00069,0.00106,0.00866,0.01436,0.30135,0.30051,0.00139,0.02208,2,0.03488,0.00139,0.034783,-0.00007,-0.6466,-0.0004,-0.0276,0.0641,-0.2434,-0.1410,-0.2683,0,0.04900,0.01900,0.0060,0.0015,0.010643,0.065049,-0.0790,0.2439,41.9229,0.0107,0.1533,42.5657,-0.1039,0.1811,21.5039,-0.0114,0.0159,22.4752,0.004648,-0.005117,41.9221,0.004445,-0.004922,42.5657,-0.001274,-0.015518,21.5028,-0.001351,-0.014269,22.4752,-0.00250,-0.07319,-0.54636,1.08587,-0.54055,0.07534,-0.00204,-0.07368,-0.54606,1.08915,-0.54454,0.07759,-0.00164,-0.00000,-0.00267,-0.00000,-0.00477,0.81663,0.19188,-1.69833,0.19352,0.22072,0.00349,0.57343,-0.17165,-0.88593,-0.02919,0.34041,-0.00001,-0.00007,-0.00084,-0.00009,6.000,6.000,12.000,12.000,6.000,6.000,6.000,6.000,12.000,12.000,6.000,6.000,6.000,6.000,6.000,6.000
1.1450,0.00009,0.01982,0.46252,1.00000,0.00029,0.00069,0.00107,0.00866,0.01450,0.30135,0.30051,0.00138,0.02225,2,0.03488,0.00138,0.034782,-0.00007,-0.6454,-0.0004,-0.0276,0.0640,-0.2431,-0.1416,-0.2681,0,0.04900,0.01900,0.0060,0.0014,0.010654,0.065066,-0.0787,0.2441,42.0021,0.0108,0.1537,42.6434,-0.1039,0.1802,21.4262,-0.0115,0.0146,22.3976,0.004658,-0.005098,42.0012,0.004456,-0.004904,42.6434,-0.001318,-0.015657,21.4252,-0.001393,-0.014394,22.3976,-0.00253,-0.07389,-0.54624,1.08562,-0.54042,0.07604,-0.00207,-0.07439,-0.54593,1.08893,-0.54444,0.07832,-0.00164,-0.00000,-0.00268,-0.00000,-0.00484,0.82414,0.19331,-1.70112,0.19438,0.22039,0.00355,0.57658,-0.17293,-0.88267,-0.02997,0.34224,-0.00001,-0.00007,-0.00084,-0.00009,6.000,6.000,12.000,12.000,6.000,6.000,6.000,6.000,12.000,12.000,6.000,6.000,6.000,6.000,6.000,6.000
1.1500,0.00010,0.02002,0.46252,1.00000,0.00029,0.00069,0.00108,0.00866,0.01464,0.30135,0.30051,0.00138,0.02242,2,0.03488,0.00138,0.034782,-0.00007,-0.6442,-0.0004,-0.0275,0.0639,-0.2429,-0.1422,-0.2678,0,0.04900,0.01900,0.0060,0.0013,0.010665,0.065083,-0.0785,0.2444,42.0814,0.0108,0.1542,42.7213,-0.1039,0.1793,21.3484,-0.0116,0.0133,22.3198,0.004668,-0.005079,42.0806,0.004467,-0.004886,42.7213,-0.001363,-0.015796,21.3474,-0.001435,-0.014521,22.3198,-0.00255,-0.07460,-0.54611,1.08537,-0.54028,0.07674,-0.00209,-0.07510,-0.54580,1.08870,-0.54435,0.07905,-0.00164,-0.00000,-0.00268,-0.00000,-0.00492,0.83169,0.19474,-1.70390,0.19524,0.22004,0.00362,0.57972,-0.17421,-0.87940,-0.03076,0.34408,-0.00001,-0.00007,-0.00085,-0.00009,6.000,6.000,12.000,12.000,6.000,6.000,6.000,6.000,12.000,12.000,6.000,6.000,6.000,6.000,6.000,6.000
1.1550,0.00010,0.02021,0.46252,1.00000,0.00029,0.00069,0.00110,0.00866,0.01478,0.30135,0.30051,0.00138,0.02259,2,0.03488,0.00138,0.034782,-0.00007,-0.6430,-0.0004,-0.0275,0.0638,-0.2427,-0.1428,-0.2675,0,0.04900,0.01900,0.0060,0.0013,0.010676,0.065101,-0.0783,0.2446,42.1609,0.0109,0.1547,42.7993,-0.1039,0.1784,21.2704,-0.0117,0.0119,22.2419,0.004679,-0.005059,42.1600,0.004477,-0.004868,42.7993,-0.001407,-0.015937,21.2694,-0.001477,-0.014650,22.2419,-0.00258,-0.07531,-0.54599,1.08511,-0.54015,0.07744,-0.00211,-0.07581,-0.54566,1.08846,-0.54424,0.07979,-0.00163,-0.00000,-0.00269,-0.00000,-0.00499,0.83927,0.19618,-1.70668,0.19610,0.21967,0.00368,0.58284,-0.17549,-0.87612,-0.03154,0.34592,-0.00001,-0.00007,-0.00085,-0.00009,6.000,6.000,12.000,12.000,6.000,6.000,6.000,6.000,12.000,12.000,6.000,6.000,6.000,6.000,6.000,6.000
1.1600,0.00010,0.02040,0.46252,1.00000,0.00029,0.00069,0.00111,0.00866,0.01492,0.30135,0.30051,0.00138,0.02276,2,0.03488,0.00138,0.034781,-0.00007,-0.6418,-0.0004,-0.0274,0.0637,-0.2425,-0.1434,-0.2672,0,0.04900,0.01900,0.0060,0.0012,0.010686,0.065119,-0.0780,0.2449,42.2405,0.0110,0.1552,42.8774,-0.1038,0.1774,21.1923,-0.0118,0.0105,22.1638,0.004689,-0.005038,42.2397,0.004488,-0.004849,42.8774,-0.001452,-0.016079,21.1913,-0.001519,-0.014779,22.1638,-0.00261,-0.07602,-0.54587,1.08485,-0.54001,0.07814,-0.00213,-0.07652,-0.54553,1.08822,-0.54414,0.08053,-0.00163,-0.00000,-0.00269,-0.00000,-0.00506,0.84689,0.19762,-1.70946,0.19696,0.21928,0.00375,0.58595,-0.17677,-0.87284,-0.03233,0.34777,-0.00001,-0.00007,-0.00086,-0.00009,6.000,6.000,12.000,12.000,6.000,6.000,6.000,6.000,12.000,12.000,6.000,6.000,6.000,6.000,6.000,6.000
1.1650,0.00010,0.02060,0.46252,1.00000,0.00029,0.00069,0.00112,0.00866,0.01507,0.30135,0.30051,0.00138,0.02293,2,0.03488,0.00138,0.034781,-0.00007,-0.6405,-0.0004,-0.0274,0.0636,-0.2422,-0.1440,-0.2669,0,0.04900,0.01900,0.0061,0.0011,0.010697,0.065138,-0.0778,0.2451,42.3203,0.0111,0.1556,42.9558,-0.1038,0.1765,21.1140,-0.0119,0.0092,22.0855,0.004699,-0.005018,42.3194,0.004499,-0.004830,42.9558,-0.001498,-0.016223,21.1130,-0.001562,-0.014909,22.0855,-0.00264,-0.07674,-0.54574,1.08459,-0.53987,0.07885,-0.00215,-0.07724,-0.54539,1.08798,-0.54404,0.08127,-0.00162,-0.00000,-0.00270,-0.00000,-0.00514,0.85455,0.19906,-1.71224,0.19783,0.21887,0.00381,0.58904,-0.17805,-0.86955,-0.03312,0.34963,-0.00001,-0.00007,-0.00087,-0.00009,6.000,6.000,12.000,12.000,6.000,6.000,6.000,6.000,12.000,12.000,6.000,6.000,6.000,6.000,6.000,6.000
1.1700,0.00010,0.02079,0.46252,1.00000,0.00030,0.00069,0.00113,0.00866,0.01521,0.30135,0.30051,0.00138,0.02310,2,0.03488,0.00138,0.034780,-0.00007,-0.6393,-0.0004,-0.0273,0.0635,-0.2420,-0.1446,-0.2667,0,0.04900,0.01900,0.0061,0.0011,0.010708,0.065157,-0.0776,0.2453,42.4002,0.0112,0.1561,43.0342,-0.1038,0.1755,21.0356,-0.0120,0.0078,22.0071,0.004709,-0.004996,42.3994,0.004510,-0.004811,43.0342,-0.001543,-0.016368,21.0346,-0.001606,-0.015041,22.0071,-0.00267,-0.07745,-0.54561,1.08432,-0.53973,0.07956,-0.00218,-0.07796,-0.54526,1.08774,-0.54393,0.08201,-0.00162,-0.00000,-0.00270,-0.00000,-0.00522,0.86225,0.20050,-1.71502,0.19869,0.21844,0.00388,0.59212,-0.17934,-0.86625,-0.03390,0.35148,-0.00001,-0.00007,-0.00087,-0.00009,6.000,6.000,12.000,12.000,6.000,6.000,6.000,6.000,12.000,12.000,6.000,6.000,6.000,6.000,6.000,6.000
1.1750,0.00011,0.02099,0.46251,1.00000,0.00030,0.00069,0.00114,0.00866,0.01536,0.30135,0.30051,0.00138,0.02328,2,0.03488,0.00138,0.034780,-0.00007,-0.6381,-0.0004,-0.0273,0.0634,-0.2418,-0.1452,-0.2664,0,0.04900,0.01900,0.0061,0.0010,0.010719,0.065176,-0.0773,0.2456,42.4803,0.0113,0.1567,43.1128,-0.1037,0.1745,20.9570,-0.0121,0.0064,21.9286,0.004719,-0.004975,42.4794,0.004520,-0.004791,43.1128,-0.001590,-0.016515,20.9560,-0.001649,-0.015174,21.9286,-0.00269,-0.07817,-0.54548,1.08405,-0.53959,0.08027,-0.00220,-0.07869,-0.54512,1.08749,-0.54382,0.08276,-0.00161,-0.00000,-0.00271,-0.00000,-0.00529,0.86998,0.20195,-1.71780,0.19956,0.21799,0.00395,0.59518,-0.18062,-0.86294,-0.03469,0.35334,-0.00001,-0.00007,-0.00088,-0.00009,6.000,6.000,12.000,12.000,6.000,6.000,6.000,6.000,12.000,12.000,6.000,6.000,6.000,6.000,6.000,6.000
1.1800,0.00011,0.02119,0.46251,1.00000,0.00030,0.00069,0.00115,0.00866,0.01550,0.30134,0.30051,0.00138,0.02345,2,0.03488,0.00138,0.034780,-0.00007,-0.6369,-0.0004,-0.0273,0.0632,-0.2416,-0.1457,-0.2661,0,0.04900,0.01900,0.0061,0.0010,0.010729,0.065196,-0.0771,0.2458,42.5605,0.0114,0.1572,43.1916,-0.1037,0.1736,20.8783,-0.0122,0.0050,21.8499,0.004730,-0.004953,42.5597,0.004531,-0.004770,43.1916,-0.001636,-0.016663,20.8772,-0.001693,-0.015309,21.8499,-0.00272,-0.07889,-0.54535,1.08378,-0.53944,0.08098,-0.00222,-0.07941,-0.54498,1.08724,-0.54371,0.08351,-0.00161,-0.00000,-0.00271,-0.00000,-0.00537,0.87774,0.20340,-1.72058,0.20042,0.21751,0.00402,0.59823,-0.18190,-0.85963,-0.03548,0.35521,-0.00001,-0.00007,-0.00089,-0.00009,6.000,6.000,12.000,12.000,6.000,6.000,6.000,6.000,12.000,12.000,6.000,6.000,6.000,6.000,6.000,6.000
1.1850,0.00011,0.02138,0.46251,1.00000,0.00030,0.00069,0.00117,0.00866,0.01565,0.30134,0.30051,0.00138,0.02362,2,0.03488,0.00138,0.034779,-0.00007,-0.6357,-0.0004,-0.0272,0.0631,-0.2413,-0.1463,-0.2658,0,0.04900,0.01900,0.0061,0.0010,0.010740,0.065217,-0.0768,0.2460,42.6408,0.0115,0.1577,43.2705,-0.1037,0.1725,20.7994,-0.0123,0.0035,21.7710,0.004740,-0.004930,42.6400,0.004542,-0.004750,43.2705,-0.001683,-0.016812,20.7984,-0.001737,-0.015445,21.7710,-0.00275,-0.07962,-0.54522,1.08350,-0.53929,0.08169,-0.00224,-0.08014,-0.54483,1.08698,-0.54360,0.08426,-0.00160,-0.00000,-0.00272,-0.00000,-0.00545,0.88555,0.20485,-1.72335,0.20129,0.21702,0.00409,0.60126,-0.18319,-0.85631,-0.03627,0.35708,-0.00001,-0.00007,-0.00089,-0.00009,6.000,6.000,12.000,12.000,6.000,6.000,6.000,6.000,12.000,12.000,6.000,6.000,6.000,6.000,6.000,6.000
1.1900,0.00011,0.02158,0.46251,1.00000,0.00030,0.00069,0.00118,0.00866,0.01579,0.30134,0.30051,0.00137,0.02379,2,0.03488,0.00137,0.034779,-0.00007,-0.6345,-0.0004,-0.0272,0.0630,-0.2411,-0.1469,-0.2656,0,0.04900,0.01900,0.0061,0.0010,0.010750,0.065238,-0.0766,0.2463,42.7213,0.0116,0.1582,43.3495,-0.1037,0.1715,20.7204,-0.0123,0.0021,21.6921,0.004750,-0.004907,42.7205,0.004552,-0.004728,43.3495,-0.001730,-0.016963,20.7194,-0.001782,-0.015582,21.6921,-0.00278,-0.08034,-0.54508,1.08322,-0.53914,0.08241,-0.00226,-0.08087,-0.54469,1.08673,-0.54349,0.08501,-0.00160,-0.00000,-0.00272,-0.00000,-0.00553,0.89339,0.20630,-1.72612,0.20216,0.21650,0.00416,0.60428,-0.18447,-0.85298,-0.03706,0.35896,-0.00001,-0.00007,-0.00090,-0.00009,6.000,6.000,12.000,12.000,6.000,6.000,6.000,6.000,12.000,12.000,6.000,6.000,6.000,6.000,6.000,6.000
1.1950,0.00011,0.02178,0.46251,1.00000,0.00030,0.00069,0.00119,0.00866,0.01594,0.30134,0.30051,0.00137,0.02397,2,0.03488,0.00137,0.034779,-0.00007,-0.6333,-0.0004,-0.0271,0.0629,-0.2409,-0.1475,-0.2653,0,0.04900,0.01900,0.0061,0.0010,0.010761,0.065259,-0.0764,0.2465,42.8020,0.0117,0.1587,43.4287,-0.1036,0.1705,20.6413,-0.0124,0.0006,21.6129,0.004760,-0.004884,42.8011,0.004563,-0.004707,43.4287,-0.001778,-0.017116,20.6402,-0.001827,-0.015720,21.6129,-0.00281,-0.08107,-0.54495,1.08293,-0.53899,0.08313,-0.00229,-0.08160,-0.54454,1.08646,-0.54338,0.08577,-0.00160,-0.00000,-0.00273,-0.00000,-0.00561,0.90126,0.20775,-1.72889,0.20303,0.21596,0.00423,0.60727,-0.18576,-0.84965,-0.03784,0.36084,-0.00001,-0.00007,-0.00090,-0.00009,6.000,6.000,12.000,12.000,6.000,6.000,6.000,6.000,12.000,12.000,6.000,6.000,6.000,6.000,6.000,6.000
1.2000,0.00011,0.02198,0.46251,1.00000,0.00031,0.00069,0.00120,0.00866,0.01609,0.30134,0.30051,0.00137,0.02414,2,0.03488,0.00137,0.034778,-0.00007,-0.6320,-0.0004,-0.0271,0.0628,-0.2407,-0.1480,-0.2650,0,0.04900,0.01900,0.0061,0.0010,0.010771,0.065280,-0.0761,0.2467,42.8827,0.0118,0.1593,43.5080,-0.1036,0.1694,20.5620,-0.0125,-0.0008,21.5337,0.004770,-0.004860,42.8819,0.004573,-0.004685,43.5080,-0.001826,-0.017269,20.5609,-0.001873,-0.015860,21.5337,-0.00284,-0.08181,-0.54481,1.08265,-0.53884,0.08385,-0.00231,-0.08234,-0.54439,1.08620,-0.54326,0.08653,-0.00159,-0.00000,-0.00274,-0.00000,-0.00569,0.90918,0.20921,-1.73165,0.20390,0.21541,0.00430,0.61025,-0.18704,-0.84631,-0.03863,0.36273,-0.00001,-0.00007,-0.00091,-0.00009,6.000,6.000,12.000,12.000,6.000,6.000,6.000,6.000,12.000,12.000,6.000,6.000,6.000,6.000,6.000,6.000
1.2050,0.00012,0.02218,0.46251,1.00000,0.00031,0.00069,0.00122,0.00866,0.01623,0.30134,0.30051,0.00137,0.02431,2,0.03488,0.00137,0.034778,-0.00007,-0.6308,-0.0004,-0.0271,0.0626,-0.2404,-0.1486,-0.2647,0,0.04900,0.01900,0.0061,0.0010,0.010782,0.065303,-0.0759,0.2470,42.9636,0.0119,0.1598,43.5875,-0.1036,0.1684,20.4825,-0.0126,-0.0023,21.4543,0.004779,-0.004836,42.9628,0.004584,-0.004662,43.5875,-0.001875,-0.017425,20.4815,-0.001918,-0.016001,21.4543,-0.00287,-0.08254,-0.54467,1.08235,-0.53869,0.08457,-0.00233,-0.08308,-0.54424,1.08593,-0.54314,0.08729,-0.00159,-0.00000,-0.00274,-0.00000,-0.00577,0.91713,0.21066,-1.73442,0.20477,0.21482,0.00437,0.61322,-0.18832,-0.84296,-0.03942,0.36462,-0.00001,-0.00007,-0.00092,-0.00009,6.000,6.000,12.000,12.000,6.000,6.000,6.000,6.000,12.000,12.000,6.000,6.000,6.000,6.000,6.000,6.000
1.2100,0.00012,0.02238,0.46251,1.00000,0.00031,0.00068,0.00123,0.00866,0.01638,0.30134,0.30051,0.00137,0.02449,2,0.03489,0.00137,0.034778,-0.00007,-0.6296,-0.0004,-0.0270,0.0625,-0.2402,-0.1492,-0.2645,0,0.04900,0.01900,0.0061,0.0010,0.010792,0.065325,-0.0756,0.2472,43.0446,0.0120,0.1604,43.6671,-0.1035,0.1673,20.4030,-0.0127,-0.0038,21.3748,0.004789,-0.004811,43.0438,0.004594,-0.004639,43.6671,-0.001924,-0.017582,20.4020,-0.001965,-0.016143,21.3748,-0.00290,-0.08328,-0.54452,1.08206,-0.53853,0.08530,-0.00235,-0.08382,-0.54409,1.08566,-0.54302,0.08805,-0.00158,-0.00000,-0.00275,-0.00000,-0.00585,0.92511,0.21212,-1.73718,0.20564,0.21422,0.00444,0.61617,-0.18961,-0.83961,-0.04021,0.36652,-0.00001,-0.00007,-0.00092,-0.00009,6.000,6.000,12.000,12.000,6.000,6.000,6.000,6.000,12.000,12.000,6.000,6.000,6.000,6.000,6.000,6.000
1.2150,0.00012,0.02258,0.46251,1.00000,0.00031,0.00068,0.00124,0.00866,0.01653,0.30134,0.30051,0.00137,0.02466,2,0.03489,0.00137,0.034777,-0.00007,-0.6284,-0.0004,-0.0270,0.0624,-0.2400,-0.1497,-0.2642,0,0.04900,0.01900,0.0061,0.0011,0.010802,0.065348,-0.0754,0.2474,43.1258,0.0121,0.1609,43.7468,-0.1035,0.1662,20.3233,-0.0128,-0.0053,21.2951,0.004799,-0.004786,43.1249,0.004604,-0.004616,43.7468,-0.001973,-0.017741,20.3223,-0.002011,-0.016287,21.2951,-0.00293,-0.08401,-0.54438,1.08176,-0.53837,0.08603,-0.00238,-0.08456,-0.54393,1.08538,-0.54290,0.08882,-0.00158,-0.00000,-0.00275,-0.00000,-0.00593,0.93313,0.21358,-1.73994,0.20651,0.21360,0.00452,0.61910,-0.19089,-0.83625,-0.04100,0.36842,-0.00002,-0.00007,-0.00093,-0.00009,6.000,6.000,12.000,12.000,6.000,6.000,6.000,6.000,12.000,12.000,6.000,6.000,6.000,6.000,6.000,6.000
1.2200,0.00012,0.02278,0.46251,1.00000,0.00031,0.00068,0.00125,0.00866,0.01668,0.30134,0.30051,0.00137,0.02484,2,0.03489,0.00137,0.034777,-0.00007,-0.6272,-0.0004,-0.0269,0.0623,-0.2398,-0.1503,-0.2639,0,0.04900,0.01900,0.0062,0.0011,0.010812,0.065371,-0.0752,0.2477,43.2070,0.0122,0.1615,43.8267,-0.1035,0.1651,20.2435,-0.0129,-0.0068,21.2153,0.004809,-0.004760,43.2062,0.004615,-0.004592,43.8267,-0.002023,-0.017901,20.2425,-0.002058,-0.016432,21.2153,-0.00296,-0.08475,-0.54423,1.08145,-0.53821,0.08675,-0.00240,-0.08530,-0.54378,1.08510,-0.54278,0.08959,-0.00157,-0.00000,-0.00276,-0.00000,-0.00602,0.94119,0.21504,-1.74269,0.20738,0.21295,0.00459,0.62201,-0.19218,-0.83289,-0.04179,0.37032,-0.00002,-0.00007,-0.00094,-0.00009,6.000,6.000,12.000,12.000,6.000,6.000,6.000,6.000,12.000,12.000,6.000,6.000,6.000,6.000,6.000,6.000
1.2250,0.00013,0.02299,0.46251,1.00000,0.00031,0.00068,0.00126,0.00866,0.01683,0.30134,0.30051,0.00137,0.02501,2,0.03489,0.00137,0.034777,-0.00007,-0.6260,-0.0004,-0.0269,0.0621,-0.2396,-0.1509,-0.2636,0,0.04900,0.01900,0.0062,0.0012,0.010823,0.065395,-0.0749,0.2479,43.2884,0.0122,0.1620,43.9066,-0.1035,0.1640,20.1636,-0.0130,-0.0083,21.1354,0.004819,-0.004734,43.2876,0.004625,-0.004568,43.9066,-0.002073,-0.018063,20.1625,-0.002105,-0.016579,21.1354,-0.00299,-0.08550,-0.54409,1.08115,-0.53805,0.08749,-0.00242,-0.08605,-0.54362,1.08481,-0.54265,0.09036,-0.00157,-0.00000,-0.00277,-0.00000,-0.00610,0.94928,0.21650,-1.74544,0.20826,0.21228,0.00466,0.62490,-0.19346,-0.82952,-0.04258,0.37223,-0.00002,-0.00007,-0.00094,-0.00009,6.000,6.000,12.000,12.000,6.000,6.000,6.000,6.000,12.000,12.000,6.000,6.000,6.000,6.000,6.000,6.000
1.2300,0.00013,0.02319,0.46250,1.00000,0.00032,0.00068,0.00128,0.00866,0.01698,0.30134,0.30051,0.00136,0.02519,2,0.03489,0.00136,0.034776,-0.00007,-0.6247,-0.0004,-0.0269,0.0620,-0.2393,-0.1514,-0.2634,0,0.04900,0.01900,0.0062,0.0013,0.010833,0.065419,-0.0747,0.2481,43.3700,0.0123,0.1626,43.9867,-0.1034,0.1628,20.0835,-0.0131,-0.0098,21.0554,0.004828,-0.004708,43.3691,0.004635,-0.004544,43.9867,-0.002124,-0.018227,20.0825,-0.002153,-0.016727,21.0554,-0.00302,-0.08624,-0.54394,1.08084,-0.53789,0.08822,-0.00244,-0.08680,-0.54346,1.08453,-0.54253,0.09113,-0.00157,-0.00000,-0.00277,-0.00000,-0.00618,0.95742,0.21797,-1.74819,0.20913,0.21159,0.00474,0.62778,-0.19475,-0.82614,-0.04337,0.37415,-0.00002,-0.00007,-0.00095,-0.00009,6.000,6.000,12.000,12.000,6.000,6.000,6.000,6.000,12.000,12.000,6.000,6.000,6.000,6.000,6.000,6.000
1.2350,0.00013,0.02339,0.46250,1.00000,0.00032,0.00068,0.00129,0.00866,0.01713,0.30134,0.30051,0.00136,0.02537,2,0.03489,0.00136,0.034776,-0.00007,-0.6235,-0.0004,-0.0268,0.0618,-0.2391,-0.1520,-0.2631,0,0.04900,0.01900,0.0062,0.0014,0.010843,0.065444,-0.0744,0.2483,43.4516,0.0124,0.1632,44.0670,-0.1034,0.1617,20.0033,-0.0132,-0.0114,20.9752,0.004838,-0.004681,43.4508,0.004645,-0.004519,44.0670,-0.002175,-0.018392,20.0023,-0.002201,-0.016876,20.9752,-0.00305,-0.08699,-0.54378,1.08052,-0.53772,0.08895,-0.00247,-0.08755,-0.54329,1.08423,-0.54240,0.09191,-0.00156,-0.00000,-0.00278,-0.00000,-0.00627,0.96558,0.21943,-1.75093,0.21000,0.21088,0.00482,0.63063,-0.19603,-0.82275,-0.04416,0.37607,-0.00002,-0.00007,-0.00096,-0.00009,6.000,6.000,12.000,12.000,6.000,6.000,6.000,6.000,12.000,12.000,6.000,6.000,6.000,6.000,6.000,6.000
1.2400,0.00013,0.02360,0.46250,1.00000,0.00032,0.00068,0.00130,0.00866,0.01728,0.30134,0.30051,0.00136,0.02554,2,0.03489,0.00136,0.034776,-0.00007,-0.6223,-0.0004,-0.0268,0.0617,-0.2389,-0.1525,-0.2628,0,0.04900,0.01900,0.0062,0.0015,0.010853,0.065468,-0.0742,0.2486,43.5333,0.0125,0.1638,44.1473,-0.1034,0.1605,19.9230,-0.0133,-0.0129,20.8949,0.004847,-0.004654,43.5325,0.004655,-0.004493,44.1473,-0.002226,-0.018559,19.9220,-0.002250,-0.017027,20.8949,-0.00308,-0.08774,-0.54363,1.08020,-0.53756,0.08969,-0.00249,-0.08831,-0.54313,1.08394,-0.54227,0.09268,-0.00156,-0.00000,-0.00279,-0.00000,-0.00636,0.97378,0.22090,-1.75367,0.21088,0.21015,0.00489,0.63347,-0.19731,-0.81936,-0.04495,0.37800,-0.00002,-0.00007,-0.00097,-0.00009,6.000,6.000,12.000,12.000,6.000,6.000,6.000,6.000,12.000,12.000,6.000,6.000,6.000,6.000,6.000,6.000
1.2450,0.00013,0.02380,0.46250,1.00000,0.00032,0.00068,0.00131,0.00866,0.01743,0.30134,0.30051,0.00136,0.02572,2,0.03489,0.00136,0.034775,-0.00007,-0.6211,-0.0004,-0.0267,0.0616,-0.2387,-0.1531,-0.2626,0,0.04900,0.01900,0.0062,0.0016,0.010863,0.065494,-0.0740,0.2488,43.6152,0.0126,0.1644,44.2278,-0.1034,0.1593,19.8426,-0.0134,-0.0145,20.8145,0.004857,-0.004626,43.6144,0.004666,-0.004467,44.2278,-0.002278,-0.018727,19.8416,-0.002298,-0.017180,20.8145,-0.00311,-0.08849,-0.54348,1.07988,-0.53739,0.09043,-0.00251,-0.08906,-0.54296,1.08364,-0.54214,0.09346,-0.00156,-0.00000,-0.00279,-0.00000,-0.00644,0.98202,0.22237,-1.75641,0.21175,0.20939,0.00497,0.63629,-0.19859,-0.81597,-0.04574,0.37992,-0.00002,-0.00007,-0.00097,-0.00009,6.000,6.000,12.000,12.000,6.000,6.000,6.000,6.000,12.000,12.000,6.000,6.000,6.000,6.000,6.000,6.000
1.2500,0.00014,0.02401,0.46250,1.00000,0.00032,0.00068,0.00133,0.00866,0.01758,0.30134,0.30051,0.00136,0.02589,2,0.03489,0.00136,0.034775,-0.00007,-0.6199,-0.0004,-0.0267,0.0614,-0.2385,-0.1536,-0.2623,0,0.04900,0.01900,0.0062,0.0017,0.010873,0.065520,-0.0737,0.2490,43.6972,0.0127,0.1650,44.3084,-0.1033,0.1581,19.7621,-0.0135,-0.0160,20.7340,0.004867,-0.004598,43.6963,0.004676,-0.004441,44.3084,-0.002331,-0.018898,19.7610,-0.002348,-0.017334,20.7340,-0.00314,-0.08925,-0.54332,1.07955,-0.53721,0.09117,-0.00254,-0.08982,-0.54279,1.08333,-0.54200,0.09425,-0.00155,-0.00000,-0.00280,-0.00000,-0.00653,0.99030,0.22384,-1.75914,0.21263,0.20862,0.00505,0.63909,-0.19988,-0.81257,-0.04653,0.38186,-0.00002,-0.00007,-0.00098,-0.00009,6.000,6.000,12.000,12.000,6.000,6.000,6.000,6.000,12.000,12.000,6.000,6.000,6.000,6.000,6.000,6.000
1.2550,0.00014,0.02422,0.46250,1.00000,0.00032,0.00068,0.00134,0.00866,0.01773,0.30134,0.30051,0.00136,0.02607,2,0.03489,0.00136,0.034774,-0.00007,-0.6187,-0.0004,-0.0267,0.0613,-0.2383,-0.1542,-0.2620,0,0.04900,0.01900,0.0062,0.0018,0.010883,0.065546,-0.0735,0.2497,43.7789,0.0128,0.1656,44.3891,-0.1033,0.1565,19.6818,-0.0136,-0.0176,20.6534,0.004876,-0.004600,43.7781,0.004686,-0.004415,44.3891,-0.002383,-0.019001,19.6807,-0.002397,-0.017490,20.6534,-0.00317,-0.09000,-0.54316,1.07922,-0.53704,0.09191,-0.00256,-0.09058,-0.54262,1.08303,-0.54187,0.09503,-0.00155,-0.00000,-0.00281,-0.00000,-0.00662,0.99976,0.22530,-1.76185,0.21350,0.20911,0.00512,0.64067,-0.20115,-0.80918,-0.04731,0.38246,-0.00002,-0.00007,-0.00099,-0.00009,6.000,6.000,12.000,12.000,6.000,6.000,6.000,6.000,12.000,12.000,6.000,6.000,6.000,6.000,6.000,6.000
1.2600,0.00014,0.02442,0.46250,1.00000,0.00032,0.00068,0.00135,0.00866,0.01789,0.30133,0.30051,0.00136,0.02625,2,0.03489,0.00136,0.034774,-0.00007,-0.6175,-0.0004,-0.0266,0.0611,-0.2380,-0.1547,-0.2618,0,0.04900,0.01900,0.0062,0.0019,0.010893,0.065544,-0.0733,0.2511,43.8602,0.0129,0.1660,44.4695,-0.1033,0.1541,19.6019,-0.0137,-0.0189,20.5731,0.004885,-0.004645,43.8593,0.004695,-0.004416,44.4695,-0.002436,-0.019001,19.6009,-0.002447,-0.017584,20.5731,-0.00321,-0.09076,-0.54300,1.07889,-0.53687,0.09266,-0.00258,-0.09134,-0.54245,1.08272,-0.54173,0.09582,-0.00154,-0.00000,-0.00281,-0.00000,-0.00670,1.01106,0.22676,-1.76454,0.21437,0.21151,0.00520,0.64035,-0.20242,-0.80580,-0.04809,0.38105,-0.00002,-0.00007,-0.00100,-0.00009,6.000,6.000,12.000,12.000,6.000,6.000,6.000,6.000,12.000,12.000,6.000,6.000,6.000,6.000,6.000,6.000
1.2650,0.00014,0.02463,0.46250,1.00000,0.00033,0.00068,0.00137,0.00866,0.01804,0.30133,0.30051,0.00136,0.02643,2,0.03489,0.00136,0.034774,-0.00007,-0.6163,-0.0004,-0.0266,0.0609,-0.2378,-0.1551,-0.2615,0,0.04900,0.01900,0.0062,0.0020,0.010903,0.065502,-0.0730,0.2524,43.9415,0.0130,0.1661,44.5494,-0.1032,0.1516,19.5220,-0.0138,-0.0199,20.4932,0.004895,-0.004689,43.9407,0.004705,-0.004458,44.5494,-0.002489,-0.019001,19.5210,-0.002497,-0.017585,20.4932,-0.00324,-0.09152,-0.54283,1.07855,-0.53669,0.09341,-0.00261,-0.09211,-0.54227,1.08240,-0.54159,0.09660,-0.00154,-0.00000,-0.00282,-0.00000,-0.00678,1.02255,0.22822,-1.76722,0.21524,0.21391,0.00527,0.63985,-0.20368,-0.80241,-0.04887,0.37960,-0.00002,-0.00007,-0.00100,-0.00009,6.000,6.000,12.000,12.000,6.000,6.000,6.000,6.000,12.000,12.000,6.000,6.000,6.000,6.000,6.000,6.000
1.2700,0.00015,0.02484,0.46250,1.00000,0.00033,0.00068,0.00138,0.00866,0.01819,0.30133,0.30051,0.00135,0.02660,2,0.03489,0.00135,0.034773,-0.00007,-0.6151,-0.0004,-0.0265,0.0607,-0.2376,-0.1555,-0.2612,0,0.04900,0.01900,0.0062,0.0021,0.010913,0.065460,-0.0728,0.2538,44.0230,0.0130,0.1662,44.6294,-0.1032,0.1489,19.4419,-0.0139,-0.0210,20.4133,0.004904,-0.004732,44.0221,0.004715,-0.004499,44.6294,-0.002543,-0.019001,19.4409,-0.002548,-0.017585,20.4133,-0.00327,-0.09229,-0.54267,1.07821,-0.53651,0.09417,-0.00263,-0.09287,-0.54210,1.08208,-0.54145,0.09738,-0.00154,-0.00000,-0.00283,-0.00000,-0.00685,1.03417,0.22967,-1.76990,0.21611,0.21628,0.00533,0.63923,-0.20494,-0.79903,-0.04965,0.37812,-0.00002,-0.00007,-0.00101,-0.00009,6.000,6.000,12.000,12.000,6.000,6.000,6.000,6.000,12.000,12.000,6.000,6.000,6.000,6.000,6.000,6.000
1.2750,0.00015,0.02505,0.46249,1.00000,0.00033,0.00068,0.00139,0.00866,0.01835,0.30133,0.30051,0.00135,0.02678,2,0.03489,0.00135,0.034773,-0.00007,-0.6140,-0.0004,-0.0265,0.0605,-0.2374,-0.1559,-0.2610,0,0.04900,0.01900,0.0062,0.0021,0.010923,0.065418,-0.0725,0.2551,44.1045,0.0131,0.1662,44.7095,-0.1032,0.1462,19.3618,-0.0139,-0.0221,20.3332,0.004913,-0.004774,44.1037,0.004725,-0.004540,44.7095,-0.002597,-0.019001,19.3608,-0.002599,-0.017584,20.3332,-0.00330,-0.09305,-0.54250,1.07786,-0.53633,0.09494,-0.00265,-0.09364,-0.54192,1.08176,-0.54131,0.09816,-0.00153,-0.00000,-0.00283,-0.00000,-0.00691,1.04588,0.23113,-1.77256,0.21698,0.21862,0.00539,0.63853,-0.20620,-0.79563,-0.05044,0.37665,-0.00002,-0.00007,-0.00102,-0.00009,6.000,6.000,12.000,12.000,6.000,6.000,6.000,6.000,12.000,12.000,6.000,6.000,6.000,6.000,6.000,6.000
1.2800,0.00015,0.02526,0.46249,1.00000,0.00033,0.00068,0.00141,0.00866,0.01850,0.30133,0.30051,0.00135,0.02696,2,0.03489,0.00135,0.034773,-0.00007,-0.6128,-0.0004,-0.0265,0.0603,-0.2372,-0.1562,-0.2607,0,0.04900,0.01900,0.0062,0.0022,0.010932,0.065377,-0.0723,0.2564,44.1861,0.0132,0.1663,44.7898,-0.1032,0.1435,19.2816,-0.0140,-0.0233,20.2530,0.004922,-0.004815,44.1853,0.004735,-0.004581,44.7898,-0.002651,-0.019001,19.2806,-0.002650,-0.017582,20.2530,-0.00333,-0.09382,-0.54233,1.07751,-0.53614,0.09571,-0.00268,-0.09441,-0.54174,1.08143,-0.54116,0.09893,-0.00153,-0.00000,-0.00284,-0.00000,-0.00698,1.05765,0.23258,-1.77522,0.21785,0.22092,0.00545,0.63777,-0.20746,-0.79224,-0.05122,0.37517,-0.00002,-0.00007,-0.00103,-0.00009,6.000,6.000,12.000,12.000,6.000,6.000,6.000,6.000,12.000,12.000,6.000,6.000,6.000,6.000,6.000,6.000
1.2850,0.00015,0.02547,0.46249,1.00000,0.00033,0.00068,0.00142,0.00865,0.01866,0.30133,0.30051,0.00135,0.02714,2,0.03489,0.00135,0.034772,-0.00007,-0.6117,-0.0004,-0.0264,0.0601,-0.2370,-0.1566,-0.2604,0,0.04900,0.01900,0.0062,0.0023,0.010942,0.065337,-0.0721,0.2577,44.2678,0.0132,0.1665,44.8702,-0.1031,0.1407,19.2012,-0.0141,-0.0246,20.1728,0.004931,-0.004856,44.2670,0.004745,-0.004621,44.8702,-0.002706,-0.019001,19.2003,-0.002702,-0.017580,20.1728,-0.00337,-0.09459,-0.54216,1.07716,-0.53596,0.09648,-0.00270,-0.09518,-0.54155,1.08110,-0.54101,0.09971,-0.00153,-0.00000,-0.00285,-0.00000,-0.00704,1.06948,0.23404,-1.77788,0.21872,0.22319,0.00552,0.63698,-0.20871,-0.78884,-0.05200,0.37370,-0.00002,-0.00007,-0.00104,-0.00009,6.000,6.000,12.000,12.000,6.000,6.000,6.000,6.000,12.000,12.000,6.000,6.000,6.000,6.000,6.000,6.000
1.2900,0.00015,0.02568,0.46249,1.00000,0.00033,0.00067,0.00143,0.00865,0.01881,0.30133,0.30051,0.00135,0.02731,2,0.03489,0.00135,0.034772,-0.00007,-0.6105,-0.0004,-0.0264,0.0598,-0.2368,-0.1569,-0.2602,0,0.04900,0.01900,0.0062,0.0024,0.010952,0.065297,-0.0718,0.2589,44.3497,0.0133,0.1666,44.9506,-0.1031,0.1379,19.1208,-0.0141,-0.0259,20.0924,0.004940,-0.004896,44.3488,0.004754,-0.004660,44.9506,-0.002761,-0.019001,19.1199,-0.002754,-0.017577,20.0924,-0.00340,-0.09537,-0.54199,1.07680,-0.53577,0.09726,-0.00272,-0.09595,-0.54137,1.08077,-0.54087,0.10048,-0.00152,-0.00000,-0.00286,-0.00000,-0.00711,1.08136,0.23549,-1.78053,0.21959,0.22543,0.00558,0.63615,-0.20997,-0.78543,-0.05278,0.37225,-0.00002,-0.00007,-0.00105,-0.00009,6.000,6.000,12.000,12.000,6.000,6.000,6.000,6.000,12.000,12.000,6.000,6.000,6.000,6.000,6.000,6.000
1.2950,0.00016,0.02589,0.46249,1.00000,0.00033,0.00067,0.00145,0.00865,0.01897,0.30133,0.30051,0.00135,0.02749,2,0.03489,0.00135,0.034772,-0.00006,-0.6094,-0.0004,-0.0263,0.0596,-0.2366,-0.1572,-0.2599,0,0.04900,0.01900,0.0062,0.0026,0.010961,0.065258,-0.0716,0.2602,44.4315,0.0133,0.1667,45.0312,-0.1031,0.1350,19.0403,-0.0142,-0.0272,20.0119,0.004949,-0.004936,44.4307,0.004764,-0.004698,45.0312,-0.002817,-0.019001,19.0394,-0.002806,-0.017575,20.0119,-0.00343,-0.09614,-0.54181,1.07643,-0.53558,0.09805,-0.00275,-0.09672,-0.54118,1.08043,-0.54072,0.10125,-0.00152,-0.00000,-0.00286,-0.00000,-0.00717,1.09327,0.23695,-1.78317,0.22046,0.22764,0.00564,0.63530,-0.21122,-0.78202,-0.05356,0.37080,-0.00002,-0.00007,-0.00105,-0.00009,6.000,6.000,12.000,12.000,6.000,6.000,6.000,6.000,12.000,12.000,6.000,6.000,6.000,6.000,6.000,6.000
1.3000,0.00016,0.02610,0.46249,1.00000,0.00034,0.00067,0.00146,0.00865,0.01913,0.30133,0.30051,0.00135,0.02767,2,0.03489,0.00135,0.034771,-0.00006,-0.6083,-0.0004,-0.0263,0.0594,-0.2364,-0.1574,-0.2597,0,0.04900,0.01900,0.0062,0.0027,0.010971,0.065219,-0.0713,0.2614,44.5135,0.0134,0.1669,45.1118,-0.1031,0.1322,18.9597,-0.0143,-0.0286,19.9313,0.004958,-0.004975,44.5127,0.004774,-0.004737,45.1118,-0.002873,-0.019001,18.9588,-0.002859,-0.017572,19.9313,-0.00346,-0.09692,-0.54163,1.07607,-0.53539,0.09884,-0.00277,-0.09750,-0.54099,1.08009,-0.54056,0.10202,-0.00152,-0.00000,-0.00287,-0.00000,-0.00724,1.10522,0.23841,-1.78580,0.22133,0.22982,0.00570,0.63443,-0.21247,-0.77861,-0.05433,0.36937,-0.00002,-0.00007,-0.00106,-0.00009,6.000,6.000,12.000,12.000,6.000,6.000,6.000,6.000,12.000,12.000,6.000,6.000,6.000,6.000,6.000,6.000
1.3050,0.00016,0.02631,0.46249,1.00000,0.00034,0.00067,0.00147,0.00865,0.01928,0.30133,0.30051,0.00135,0.02785,2,0.03489,0.00135,0.034771,-0.00006,-0.6072,-0.0004,-0.0263,0.0591,-0.2362,-0.1577,-0.2594,0,0.04900,0.01900,0.0062,0.0028,0.010980,0.065181,-0.0711,0.2627,44.5956,0.0135,0.1671,45.1926,-0.1030,0.1293,18.8790,-0.0143,-0.0300,19.8506,0.004967,-0.005014,44.5947,0.004783,-0.004775,45.1926,-0.002930,-0.019001,18.8781,-0.002913,-0.017569,19.8506,-0.00350,-0.09770,-0.54145,1.07570,-0.53519,0.09963,-0.00279,-0.09828,-0.54080,1.07974,-0.54041,0.10278,-0.00151,-0.00000,-0.00288,-0.00000,-0.00731,1.11721,0.23986,-1.78843,0.22220,0.23198,0.00577,0.63354,-0.21372,-0.77519,-0.05511,0.36794,-0.00002,-0.00007,-0.00107,-0.00009,6.000,6.000,12.000,12.000,6.000,6.000,6.000,6.000,12.000,12.000,6.000,6.000,6.000,6.000,6.000,6.000
1.3100,0.00016,0.02653,0.46249,1.00000,0.00034,0.00067,0.00149,0.00865,0.01944,0.30133,0.30051,0.00134,0.02803,2,0.03489,0.00134,0.034771,-0.00006,-0.6061,-0.0004,-0.0262,0.0589,-0.2359,-0.1579,-0.2592,0,0.04900,0.01900,0.0062,0.0029,0.010990,0.065142,-0.0709,0.2640,44.6777,0.0135,0.1673,45.2734,-0.1030,0.1264,18.7982,-0.0144,-0.0314,19.7699,0.004976,-0.005052,44.6769,0.004793,-0.004813,45.2734,-0.002987,-0.019001,18.7973,-0.002966,-0.017566,19.7699,-0.00353,-0.09848,-0.54127,1.07532,-0.53500,0.10043,-0.00282,-0.09905,-0.54061,1.07939,-0.54025,0.10355,-0.00151,-0.00000,-0.00289,-0.00000,-0.00738,1.12923,0.24132,-1.79105,0.22307,0.23411,0.00584,0.63263,-0.21497,-0.77177,-0.05589,0.36653,-0.00002,-0.00007,-0.00108,-0.00010,6.000,6.000,12.000,12.000,6.000,6.000,6.000,6.000,12.000,12.000,6.000,6.000,6.000,6.000,6.000,6.000
1.3150,0.00017,0.02674,0.46249,1.00000,0.00034,0.00067,0.00150,0.00865,0.01960,0.30133,0.30051,0.00134,0.02821,2,0.03489,0.00134,0.034770,-0.00006,-0.6049,-0.0004,-0.0262,0.0586,-0.2357,-0.1582,-0.2589,0,0.04900,0.01900,0.0062,0.0030,0.010999,0.065105,-0.0706,0.2653,44.7599,0.0136,0.1675,45.3543,-0.1030,0.1235,18.7174,-0.0145,-0.0329,19.6890,0.004985,-0.005090,44.7591,0.004802,-0.004850,45.3543,-0.003045,-0.019001,18.7165,-0.003021,-0.017563,19.6890,-0.00357,-0.09926,-0.54109,1.07494,-0.53480,0.10123,-0.00284,-0.09983,-0.54041,1.07904,-0.54010,0.10432,-0.00151,-0.00000,-0.00289,-0.00000,-0.00746,1.14128,0.24278,-1.79366,0.22394,0.23622,0.00591,0.63170,-0.21622,-0.76835,-0.05666,0.36513,-0.00002,-0.00007,-0.00109,-0.00010,6.000,6.000,12.000,12.000,6.000,6.000,6.000,6.000,12.000,12.000,6.000,6.000,6.000,6.000,6.000,6.000
1.3200,0.00017,0.02696,0.46249,1.00000,0.00034,0.00067,0.00151,0.00865,0.01975,0.30133,0.30051,0.00134,0.02839,2,0.03490,0.00134,0.034770,-0.00006,-0.6038,-0.0004,-0.0261,0.0584,-0.2355,-0.1584,-0.2587,0,0.04900,0.01900,0.0062,0.0032,0.011008,0.065067,-0.0704,0.2666,44.8422,0.0137,0.1678,45.4353,-0.1030,0.1206,18.6364,-0.0146,-0.0343,19.6081,0.004994,-0.005128,44.8413,0.004812,-0.004887,45.4353,-0.003103,-0.019001,18.6356,-0.003075,-0.017560,19.6081,-0.00360,-0.10005,-0.54090,1.07456,-0.53460,0.10204,-0.00287,-0.10061,-0.54021,1.07868,-0.53994,0.10508,-0.00150,-0.00000,-0.00290,-0.00000,-0.00753,1.15337,0.24424,-1.79627,0.22481,0.23832,0.00597,0.63075,-0.21747,-0.76492,-0.05744,0.36374,-0.00002,-0.00007,-0.00110,-0.00010,6.000,6.000,12.000,12.000,6.000,6.000,6.000,6.000,12.000,12.000,6.000,6.000,6.000,6.000,6.000,6.000
1.3250,0.00017,0.02717,0.46248,1.00000,0.00034,0.00067,0.00153,0.00865,0.01991,0.30133,0.30051,0.00134,0.02857,2,0.03490,0.00134,0.034770,-0.00006,-0.6027,-0.0004,-0.0261,0.0582,-0.2353,-0.1586,-0.2584,0,0.04900,0.01900,0.0062,0.0033,0.011018,0.065030,-0.0701,0.2678,44.9246,0.0137,0.1681,45.5164,-0.1029,0.1177,18.5554,-0.0146,-0.0358,19.5271,0.005002,-0.005166,44.9237,0.004821,-0.004924,45.5164,-0.003162,-0.019001,18.5546,-0.003130,-0.017557,19.5271,-0.00363,-0.10084,-0.54071,1.07417,-0.53440,0.10285,-0.00289,-0.10140,-0.54001,1.07832,-0.53978,0.10585,-0.00150,-0.00000,-0.00291,-0.00000,-0.00761,1.16549,0.24569,-1.79887,0.22567,0.24040,0.00605,0.62978,-0.21871,-0.76149,-0.05821,0.36236,-0.00002,-0.00008,-0.00111,-0.00010,6.000,6.000,12.000,12.000,6.000,6.000,6.000,6.000,12.000,12.000,6.000,6.000,6.000,6.000,6.000,6.000
1.3300,0.00018,0.02739,0.46248,1.00000,0.00034,0.00067,0.00154,0.00865,0.02007,0.30133,0.30051,0.00134,0.02875,2,0.03490,0.00134,0.034769,-0.00006,-0.6016,-0.0004,-0.0261,0.0579,-0.2351,-0.1588,-0.2582,0,0.04900,0.01900,0.0062,0.0034,0.011027,0.064993,-0.0699,0.2692,45.0070,0.0138,0.1684,45.5975,-0.1029,0.1148,18.4743,-0.0147,-0.0372,19.4461,0.005011,-0.005203,45.0061,0.004830,-0.004960,45.5975,-0.003221,-0.019001,18.4735,-0.003186,-0.017554,19.4461,-0.00367,-0.10163,-0.54052,1.07378,-0.53419,0.10366,-0.00291,-0.10218,-0.53981,1.07795,-0.53961,0.10662,-0.00150,-0.00000,-0.00292,-0.00000,-0.00768,1.17765,0.24715,-1.80146,0.22654,0.24245,0.00612,0.62878,-0.21996,-0.75805,-0.05898,0.36098,-0.00002,-0.00008,-0.00111,-0.00010,6.000,6.000,12.000,12.000,6.000,6.000,6.000,6.000,12.000,12.000,6.000,6.000,6.000,6.000,6.000,6.000
1.3350,0.00018,0.02760,0.46248,1.00000,0.00034,0.00067,0.00155,0.00865,0.02023,0.30132,0.30051,0.00134,0.02892,2,0.03490,0.00134,0.034769,-0.00006,-0.6005,-0.0004,-0.0260,0.0577,-0.2349,-0.1590,-0.2580,0,0.04900,0.01900,0.0062,0.0036,0.011036,0.064957,-0.0696,0.2705,45.0895,0.0139,0.1687,45.6787,-0.1029,0.1119,18.3932,-0.0148,-0.0387,19.3650,0.005019,-0.005240,45.0886,0.004839,-0.004996,45.6787,-0.003280,-0.019001,18.3924,-0.003242,-0.017552,19.3650,-0.00370,-0.10242,-0.54033,1.07338,-0.53399,0.10447,-0.00294,-0.10297,-0.53961,1.07758,-0.53945,0.10739,-0.00149,-0.00000,-0.00293,-0.00000,-0.00775,1.18984,0.24861,-1.80405,0.22740,0.24449,0.00620,0.62776,-0.22120,-0.75461,-0.05976,0.35960,-0.00002,-0.00008,-0.00112,-0.00010,6.000,6.000,12.000,12.000,6.000,6.000,6.000,6.000,12.000,12.000,6.000,6.000,6.000,6.000,6.000,6.000
1.3400,0.00018,0.02782,0.46248,1.00000,0.00035,0.00067,0.00157,0.00865,0.02039,0.30132,0.30051,0.00134,0.02910,2,0.03490,0.00134,0.034769,-0.00006,-0.5995,-0.0004,-0.0260,0.0574,-0.2347,-0.1591,-0.2577,0,0.04900,0.01900,0.0062,0.0032,0.011045,0.064921,-0.0694,0.2716,45.1722,0.0140,0.1690,45.7601,-0.1029,0.1087,18.3120,-0.0131,-0.0349,19.2808,0.005028,-0.005276,45.1712,0.004849,-0.005031,45.7601,-0.003340,-0.019001,18.3113,-0.003310,-0.017567,19.2808,-0.00374,-0.10321,-0.54014,1.07298,-0.53378,0.10528,-0.00296,-0.10375,-0.53940,1.07721,-0.53928,0.10815,-0.00149,-0.00000,-0.00294,-0.00000,-0.00778,1.20215,0.25006,-1.80663,0.22827,0.24652,0.00631,0.62667,-0.22244,-0.75118,-0.06053,0.35823,-0.00004,-0.00008,-0.00112,-0.00010,6.000,6.000,12.000,12.000,6.000,6.000,6.000,6.000,12.000,12.000,6.000,6.000,6.000,6.000,6.000,6.000
1.3450,0.00018,0.02803,0.46248,1.00000,0.00035,0.00067,0.00158,0.00865,0.02055,0.30132,0.30051,0.00134,0.02928,2,0.03490,0.00134,0.034768,-0.00006,-0.5984,-0.0004,-0.0260,0.0568,-0.2344,-0.1591,-0.2575,0,0.04900,0.01900,0.0062,0.0035,0.011054,0.064885,-0.0695,0.2721,45.2552,0.0140,0.1692,45.8416,-0.1032,0.1048,18.2313,-0.0138,-0.0382,19.2002,0.005038,-0.005312,45.2543,0.004858,-0.005067,45.8416,-0.003400,-0.019001,18.2305,-0.003365,-0.017562,19.2002,-0.00377,-0.10401,-0.53994,1.07258,-0.53357,0.10610,-0.00298,-0.10454,-0.53919,1.07683,-0.53911,0.10892,-0.00149,-0.00000,-0.00295,-0.00000,-0.00767,1.21470,0.25148,-1.80922,0.22915,0.24857,0.00655,0.62544,-0.22367,-0.74776,-0.06129,0.35684,-0.00010,-0.00008,-0.00108,-0.00009,6.000,6.000,12.000,12.000,6.000,6.000,6.000,6.000,12.000,12.000,6.000,6.000,6.000,6.000,6.000,6.000
1.3500,0.00019,0.02825,0.46248,1.00000,0.00035,0.00067,0.00160,0.00865,0.02071,0.30132,0.30051,0.00133,0.02946,2,0.03490,0.00133,0.034768,-0.00006,-0.5973,-0.0004,-0.0260,0.0564,-0.2341,-0.1590,-0.2573,0,0.04900,0.01900,0.0061,0.0037,0.011065,0.064850,-0.0693,0.2729,45.3381,0.0138,0.1688,45.9234,-0.1033,0.1013,18.1502,-0.0144,-0.0405,19.1198,0.005046,-0.005349,45.3371,0.004868,-0.005102,45.9234,-0.003461,-0.019001,18.1494,-0.003420,-0.017558,19.1198,-0.00381,-0.10480,-0.53974,1.07217,-0.53335,0.10692,-0.00300,-0.10533,-0.53898,1.07644,-0.53893,0.10968,-0.00148,-0.00000,-0.00296,-0.00000,-0.00762,1.22720,0.25291,-1.81180,0.23000,0.25063,0.00674,0.62422,-0.22491,-0.74434,-0.06207,0.35547,-0.00013,-0.00009,-0.00106,-0.00009,6.000,6.000,12.000,12.000,6.000,6.000,6.000,6.000,12.000,12.000,6.000,6.000,6.000,6.000,6.000,6.000
1.3550,0.00019,0.02847,0.46248,1.00000,0.00035,0.00067,0.00161,0.00865,0.02087,0.30132,0.30051,0.00133,0.02964,2,0.03490,0.00133,0.034768,-0.00006,-0.5962,-0.0004,-0.0260,0.0561,-0.2339,-0.1588,-0.2571,0,0.04900,0.01900,0.0061,0.0039,0.011074,0.064814,-0.0691,0.2740,45.4208,0.0137,0.1687,46.0050,-0.1033,0.0980,18.0688,-0.0148,-0.0424,19.0390,0.005055,-0.005385,45.4198,0.004878,-0.005137,46.0050,-0.003523,-0.019001,18.0681,-0.003476,-0.017553,19.0390,-0.00384,-0.10560,-0.53954,1.07176,-0.53314,0.10774,-0.00303,-0.10612,-0.53877,1.07605,-0.53876,0.11045,-0.00148,-0.00000,-0.00296,-0.00000,-0.00762,1.23967,0.25436,-1.81436,0.23085,0.25265,0.00688,0.62301,-0.22615,-0.74090,-0.06285,0.35412,-0.00015,-0.00009,-0.00106,-0.00009,6.000,6.000,12.000,12.000,6.000,6.000,6.000,6.000,12.000,12.000,6.000,6.000,6.000,6.000,6.000,6.000
1.3600,0.00019,0.02869,0.46248,1.00000,0.00035,0.00067,0.00162,0.00865,0.02103,0.30132,0.30051,0.00133,0.02982,2,0.03490,0.00133,0.034767,-0.00006,-0.5951,-0.0004,-0.0259,0.0560,-0.2338,-0.1587,-0.2570,0,0.04900,0.01900,0.0061,0.0044,0.011083,0.064778,-0.0686,0.2759,45.5032,0.0138,0.1688,46.0864,-0.1030,0.0956,17.9870,-0.0161,-0.0475,18.9600,0.005062,-0.005420,45.5022,0.004887,-0.005172,46.0864,-0.003586,-0.019001,17.9863,-0.003524,-0.017534,18.9600,-0.00387,-0.10640,-0.53934,1.07134,-0.53292,0.10856,-0.00305,-0.10692,-0.53855,1.07566,-0.53858,0.11122,-0.00148,-0.00000,-0.00297,-0.00000,-0.00780,1.25189,0.25585,-1.81689,0.23169,0.25462,0.00687,0.62193,-0.22740,-0.73742,-0.06363,0.35279,-0.00012,-0.00009,-0.00109,-0.00009,6.000,6.000,12.000,12.000,6.000,6.000,6.000,6.000,12.000,12.000,6.000,6.000,6.000,6.000,6.000,6.000
1.3650,0.00020,0.02891,0.46248,1.00000,0.00035,0.00067,0.00164,0.00865,0.02119,0.30132,0.30051,0.00133,0.03001,2,0.03490,0.00133,0.034767,-0.00006,-0.5940,-0.0004,-0.0258,0.0558,-0.2336,-0.1586,-0.2568,0,0.04900,0.01900,0.0061,0.0041,0.011091,0.064744,-0.0683,0.2773,45.5859,0.0141,0.1697,46.1677,-0.1029,0.0928,17.9053,-0.0149,-0.0443,18.8759,0.005070,-0.005454,45.5849,0.004894,-0.005206,46.1677,-0.003649,-0.019001,17.9046,-0.003592,-0.017547,18.8759,-0.00391,-0.10720,-0.53914,1.07092,-0.53271,0.10938,-0.00307,-0.10771,-0.53833,1.07526,-0.53840,0.11199,-0.00148,-0.00000,-0.00298,-0.00000,-0.00791,1.26424,0.25732,-1.81942,0.23255,0.25653,0.00692,0.62077,-0.22864,-0.73396,-0.06440,0.35144,-0.00011,-0.00008,-0.00111,-0.00009,6.000,6.000,12.000,12.000,6.000,6.000,6.000,6.000,12.000,12.000,6.000,6.000,6.000,6.000,6.000,6.000
1.3700,0.00020,0.02913,0.46247,1.00000,0.00035,0.00067,0.00165,0.00865,0.02136,0.30132,0.30051,0.00133,0.03019,2,0.03490,0.00133,0.034767,-0.00006,-0.5929,-0.0004,-0.0258,0.0555,-0.2334,-0.1585,-0.2567,0,0.04900,0.01900,0.0062,0.0044,0.011099,0.064711,-0.0680,0.2783,45.6689,0.0143,0.1703,46.2493,-0.1029,0.0893,17.8238,-0.0152,-0.0467,18.7945,0.005079,-0.005487,45.6679,0.004903,-0.005239,46.2493,-0.003712,-0.019001,17.8232,-0.003651,-0.017543,18.7945,-0.00394,-0.10801,-0.53893,1.07049,-0.53249,0.11021,-0.00309,-0.10851,-0.53812,1.07486,-0.53822,0.11277,-0.00147,-0.00000,-0.00299,-0.00000,-0.00793,1.27678,0.25877,-1.82195,0.23341,0.25843,0.00706,0.61950,-0.22988,-0.73050,-0.06516,0.35009,-0.00013,-0.00009,-0.00110,-0.00009,6.000,6.000,12.000,12.000,6.000,6.000,6.000,6.000,12.000,12.000,6.000,6.000,6.000,6.000,6.000,6.000
1.3750,0.00020,0.02935,0.46247,1.00000,0.00035,0.00066,0.00166,0.00865,0.02152,0.30132,0.30051,0.00133,0.03037,2,0.03490,0.00133,0.034766,-0.00006,-0.5918,-0.0004,-0.0257,0.0551,-0.2332,-0.1584,-0.2565,0,0.04900,0.01900,0.0062,0.0045,0.011108,0.064678,-0.0677,0.2795,45.7519,0.0143,0.1704,46.3311,-0.1028,0.0861,17.7422,-0.0155,-0.0485,18.7132,0.005087,-0.005520,45.7509,0.004912,-0.005271,46.3311,-0.003775,-0.019001,17.7416,-0.003708,-0.017540,18.7132,-0.00397,-0.10881,-0.53872,1.07006,-0.53226,0.11103,-0.00311,-0.10930,-0.53789,1.07446,-0.53804,0.11354,-0.00147,-0.00000,-0.00300,-0.00000,-0.00797,1.28931,0.26023,-1.82446,0.23427,0.26033,0.00717,0.61822,-0.23111,-0.72704,-0.06592,0.34875,-0.00013,-0.00009,-0.00110,-0.00009,6.000,6.000,12.000,12.000,6.000,6.000,6.000,6.000,12.000,12.000,6.000,6.000,6.000,6.000,6.000,6.000
1.3800,0.00020,0.02957,0.46247,1.00000,0.00035,0.00066,0.00168,0.00865,0.02168,0.30132,0.30051,0.00133,0.03055,2,0.03490,0.00133,0.034766,-0.00006,-0.5907,-0.0004,-0.0257,0.0548,-0.2330,-0.1582,-0.2564,0,0.04900,0.01900,0.0061,0.0047,0.011117,0.064646,-0.0674,0.2807,45.8349,0.0144,0.1706,46.4128,-0.1027,0.0829,17.6605,-0.0157,-0.0502,18.6318,0.005095,-0.005552,45.8338,0.004921,-0.005302,46.4128,-0.003840,-0.019001,17.6599,-0.003767,-0.017536,18.6318,-0.00401,-0.10962,-0.53851,1.06963,-0.53204,0.11186,-0.00312,-0.11010,-0.53767,1.07405,-0.53785,0.11432,-0.00147,-0.00000,-0.00301,-0.00000,-0.00804,1.30186,0.26169,-1.82697,0.23512,0.26220,0.00726,0.61694,-0.23235,-0.72358,-0.06668,0.34740,-0.00014,-0.00009,-0.00111,-0.00009,6.000,6.000,12.000,12.000,6.000,6.000,6.000,6.000,12.000,12.000,6.000,6.000,6.000,6.000,6.000,6.000
1.3850,0.00021,0.02979,0.46247,1.00000,0.00036,0.00066,0.00169,0.00865,0.02184,0.30132,0.30051,0.00133,0.03073,2,0.03490,0.00133,0.034766,-0.00006,-0.5896,-0.0004,-0.0256,0.0546,-0.2328,-0.1580,-0.2563,0,0.04900,0.01900,0.0062,0.0049,0.011125,0.064614,-0.0671,0.2820,45.9179,0.0146,0.1710,46.4946,-0.1026,0.0798,17.5787,-0.0160,-0.0519,18.5502,0.005103,-0.005584,45.9168,0.004929,-0.005334,46.4946,-0.003905,-0.019001,17.5781,-0.003827,-0.017533,18.5502,-0.00404,-0.11042,-0.53829,1.06919,-0.53181,0.11269,-0.00314,-0.11090,-0.53744,1.07364,-0.53767,0.11510,-0.00147,-0.00000,-0.00302,-0.00000,-0.00811,1.31442,0.26316,-1.82946,0.23597,0.26406,0.00735,0.61563,-0.23358,-0.72011,-0.06744,0.34606,-0.00013,-0.00009,-0.00111,-0.00009,6.000,6.000,12.000,12.000,6.000,6.000,6.000,6.000,12.000,12.000,6.000,6.000,6.000,6.000,6.000,6.000
1.3900,0.00021,0.03001,0.46247,1.00000,0.00036,0.00066,0.00170,0.00865,0.02201,0.30132,0.30051,0.00133,0.03091,2,0.03490,0.00133,0.034765,-0.00006,-0.5885,-0.0004,-0.0255,0.0543,-0.2327,-0.1579,-0.2561,0,0.04900,0.01900,0.0062,0.0050,0.011134,0.064583,-0.0668,0.2833,46.0009,0.0147,0.1714,46.5764,-0.1025,0.0767,17.4968,-0.0161,-0.0534,18.4685,0.005110,-0.005615,45.9998,0.004938,-0.005365,46.5764,-0.003970,-0.019001,17.4963,-0.003887,-0.017530,18.4685,-0.00407,-0.11123,-0.53808,1.06875,-0.53158,0.11352,-0.00316,-0.11171,-0.53721,1.07322,-0.53748,0.11588,-0.00146,-0.00000,-0.00303,-0.00000,-0.00820,1.32700,0.26463,-1.83195,0.23683,0.26589,0.00742,0.61430,-0.23482,-0.71663,-0.06820,0.34471,-0.00013,-0.00009,-0.00112,-0.00009,6.000,6.000,12.000,12.000,6.000,6.000,6.000,6.000,12.000,12.000,6.000,6.000,6.000,6.000,6.000,6.000
1.3950,0.00021,0.03023,0.46247,1.00000,0.00036,0.00066,0.00171,0.00865,0.02217,0.30132,0.30051,0.00132,0.03109,2,0.03490,0.00132,0.034765,-0.00006,-0.5875,-0.0004,-0.0255,0.0540,-0.2325,-0.1577,-0.2560,0,0.04900,0.01900,0.0062,0.0052,0.011142,0.064552,-0.0664,0.2846,46.0839,0.0149,0.1718,46.6582,-0.1023,0.0735,17.4149,-0.0163,-0.0550,18.3868,0.005118,-0.005646,46.0828,0.004946,-0.005395,46.6582,-0.004036,-0.019001,17.4143,-0.003948,-0.017527,18.3868,-0.00410,-0.11204,-0.53786,1.06830,-0.53135,0.11435,-0.00318,-0.11251,-0.53698,1.07280,-0.53729,0.11666,-0.00146,-0.00000,-0.00304,-0.00000,-0.00829,1.33961,0.26609,-1.83443,0.23768,0.26770,0.00750,0.61295,-0.23605,-0.71316,-0.06896,0.34337,-0.00012,-0.00009,-0.00113,-0.00009,6.000,6.000,12.000,12.000,6.000,6.000,6.000,6.000,12.000,12.000,6.000,6.000,6.000,6.000,6.000,6.000
1.4000,0.00022,0.03045,0.46247,1.00000,0.00036,0.00066,0.00173,0.00865,0.02234,0.30132,0.30051,0.00132,0.03127,2,0.03490,0.00132,0.034765,-0.00006,-0.5864,-0.0004,-0.0254,0.0537,-0.2323,-0.1575,-0.2559,0,0.04900,0.01900,0.0062,0.0054,0.011150,0.064522,-0.0661,0.2859,46.1670,0.0151,0.1723,46.7401,-0.1022,0.0704,17.3329,-0.0165,-0.0566,18.3050,0.005126,-0.005676,46.1659,0.004955,-0.005425,46.7401,-0.004103,-0.019001,17.3324,-0.004009,-0.017524,18.3050,-0.00414,-0.11285,-0.53764,1.06785,-0.53112,0.11518,-0.00319,-0.11331,-0.53675,1.07237,-0.53710,0.11745,-0.00146,-0.00000,-0.00305,-0.00000,-0.00839,1.35225,0.26755,-1.83689,0.23853,0.26949,0.00757,0.61157,-0.23727,-0.70968,-0.06971,0.34202,-0.00012,-0.00009,-0.00115,-0.00009,6.000,6.000,12.000,12.000,6.000,6.000,6.000,6.000,12.000,12.000,6.000,6.000,6.000,6.000,6.000,6.000
1.4050,0.00022,0.03068,0.46247,1.00000,0.00036,0.00066,0.00174,0.00865,0.02250,0.30131,0.30051,0.00132,0.03145,2,0.03490,0.00132,0.034764,-0.00006,-0.5853,-0.0004,-0.0253,0.0535,-0.2322,-0.1573,-0.2557,0,0.04900,0.01900,0.0062,0.0055,0.011159,0.064492,-0.0658,0.2872,46.2502,0.0152,0.1727,46.8220,-0.1021,0.0673,17.2509,-0.0166,-0.0581,18.2231,0.005133,-0.005706,46.2491,0.004963,-0.005454,46.8220,-0.004170,-0.019001,17.2504,-0.004071,-0.017521,18.2231,-0.00417,-0.11367,-0.53742,1.06740,-0.53089,0.11602,-0.00321,-0.11412,-0.53652,1.07194,-0.53690,0.11823,-0.00146,-0.00000,-0.00306,-0.00000,-0.00849,1.36492,0.26902,-1.83935,0.23939,0.27125,0.00763,0.61016,-0.23850,-0.70620,-0.07046,0.34067,-0.00011,-0.00008,-0.00116,-0.00009,6.000,6.000,12.000,12.000,6.000,6.000,6.000,6.000,12.000,12.000,6.000,6.000,6.000,6.000,6.000,6.000
1.4100,0.00022,0.03090,0.46247,1.00000,0.00036,0.00066,0.00175,0.00865,0.02266,0.30131,0.30051,0.00132,0.03163,2,0.03490,0.00132,0.034764,-0.00006,-0.5842,-0.0004,-0.0252,0.0532,-0.2320,-0.1572,-0.2556,0,0.04900,0.01900,0.0062,0.0057,0.011167,0.064463,-0.0654,0.2886,46.3334,0.0154,0.1732,46.9039,-0.1019,0.0641,17.1688,-0.0168,-0.0597,18.1413,0.005141,-0.005735,46.3322,0.004971,-0.005483,46.9039,-0.004238,-0.019001,17.1683,-0.004133,-0.017518,18.1413,-0.00420,-0.11448,-0.53719,1.06694,-0.53065,0.11685,-0.00322,-0.11493,-0.53628,1.07151,-0.53671,0.11902,-0.00145,-0.00000,-0.00307,-0.00000,-0.00859,1.37763,0.27048,-1.84180,0.24024,0.27300,0.00770,0.60873,-0.23972,-0.70272,-0.07121,0.33931,-0.00010,-0.00008,-0.00117,-0.00009,6.000,6.000,12.000,12.000,6.000,6.000,6.000,6.000,12.000,12.000,6.000,6.000,6.000,6.000,6.000,6.000
1.4150,0.00023,0.03112,0.46246,1.00000,0.00036,0.00066,0.00176,0.00865,0.02283,0.30131,0.30051,0.00132,0.03182,2,0.03490,0.00132,0.034764,-0.00006,-0.5831,-0.0004,-0.0252,0.0529,-0.2318,-0.1570,-0.2555,0,0.04900,0.01900,0.0062,0.0059,0.011175,0.064434,-0.0651,0.2899,46.4166,0.0156,0.1737,46.9859,-0.1018,0.0609,17.0867,-0.0170,-0.0613,18.0593,0.005149,-0.005764,46.4154,0.004979,-0.005511,46.9859,-0.004307,-0.019001,17.0862,-0.004196,-0.017515,18.0593,-0.00423,-0.11530,-0.53696,1.06648,-0.53041,0.11769,-0.00324,-0.11574,-0.53604,1.07107,-0.53651,0.11981,-0.00145,-0.00000,-0.00308,-0.00000,-0.00869,1.39038,0.27194,-1.84423,0.24109,0.27473,0.00777,0.60726,-0.24094,-0.69924,-0.07196,0.33796,-0.00009,-0.00008,-0.00118,-0.00009,6.000,6.000,12.000,12.000,6.000,6.000,6.000,6.000,12.000,12.000,6.000,6.000,6.000,6.000,6.000,6.000
1.4200,0.00023,0.03135,0.46246,1.00000,0.00036,0.00066,0.00177,0.00865,0.02300,0.30131,0.30051,0.00132,0.03200,2,0.03490,0.00132,0.034764,-0.00006,-0.5820,-0.0004,-0.0251,0.0526,-0.2317,-0.1568,-0.2554,0,0.04900,0.01900,0.0062,0.0060,0.011183,0.064406,-0.0647,0.2912,46.4998,0.0157,0.1742,47.0679,-0.1017,0.0577,17.0046,-0.0171,-0.0628,17.9773,0.005156,-0.005792,46.4986,0.004988,-0.005539,47.0679,-0.004376,-0.019001,17.0041,-0.004260,-0.017512,17.9773,-0.00426,-0.11611,-0.53674,1.06601,-0.53017,0.11853,-0.00326,-0.11655,-0.53580,1.07063,-0.53631,0.12061,-0.00145,-0.00000,-0.00309,-0.00000,-0.00879,1.40316,0.27339,-1.84666,0.24195,0.27645,0.00784,0.60577,-0.24216,-0.69576,-0.07271,0.33660,-0.00008,-0.00008,-0.00119,-0.00009,6.000,6.000,12.000,12.000,6.000,6.000,6.000,6.000,12.000,12.000,6.000,6.000,6.000,6.000,6.000,6.000
1.4250,0.00023,0.03157,0.46246,1.00000,0.00036,0.00066,0.00179,0.00865,0.02316,0.30131,0.30051,0.00132,0.03218,2,0.03490,0.00132,0.034763,-0.00006,-0.5810,-0.0004,-0.0250,0.0523,-0.2315,-0.1567,-0.2553,0,0.04900,0.01900,0.0062,0.0062,0.011191,0.064378,-0.0644,0.2925,46.5831,0.0159,0.1747,47.1500,-0.1015,0.0545,16.9224,-0.0173,-0.0644,17.8953,0.005164,-0.005820,46.5819,0.004996,-0.005566,47.1500,-0.004446,-0.019001,16.9220,-0.004324,-0.017509,17.8953,-0.00430,-0.11693,-0.53650,1.06554,-0.52993,0.11936,-0.00327,-0.11736,-0.53556,1.07018,-0.53611,0.12140,-0.00145,-0.00000,-0.00310,-0.00000,-0.00890,1.41598,0.27485,-1.84908,0.24280,0.27815,0.00791,0.60424,-0.24338,-0.69228,-0.07345,0.33524,-0.00008,-0.00008,-0.00121,-0.00010,6.000,6.000,12.000,12.000,6.000,6.000,6.000,6.000,12.000,12.000,6.000,6.000,6.000,6.000,6.000,6.000
1.4300,0.00024,0.03180,0.46246,1.00000,0.00036,0.00066,0.00180,0.00865,0.02333,0.30131,0.30051,0.00132,0.03236,2,0.03490,0.00132,0.034763,-0.00006,-0.5799,-0.0004,-0.0250,0.0521,-0.2313,-0.1565,-0.2551,0,0.04900,0.01900,0.0062,0.0064,0.011199,0.064351,-0.0641,0.2939,46.6664,0.0161,0.1752,47.2321,-0.1014,0.0513,16.8402,-0.0174,-0.0660,17.8133,0.005171,-0.005847,46.6652,0.005004,-0.005593,47.2321,-0.004517,-0.019001,16.8398,-0.004389,-0.017506,17.8133,-0.00433,-0.11775,-0.53627,1.06506,-0.52969,0.12020,-0.00329,-0.11818,-0.53531,1.06973,-0.53591,0.12220,-0.00144,-0.00000,-0.00312,-0.00000,-0.00900,1.42884,0.27630,-1.85149,0.24365,0.27983,0.00798,0.60268,-0.24459,-0.68879,-0.07420,0.33387,-0.00007,-0.00008,-0.00122,-0.00010,6.000,6.000,12.000,12.000,6.000,6.000,6.000,6.000,12.000,12.000,6.000,6.000,6.000,6.000,6.000,6.000
1.4350,0.00024,0.03202,0.46246,1.00000,0.00036,0.00066,0.00181,0.00865,0.02349,0.30131,0.30051,0.00132,0.03254,2,0.03490,0.00132,0.034763,-0.00006,-0.5788,-0.0004,-0.0249,0.0518,-0.2312,-0.1563,-0.2550,0,0.04900,0.01900,0.0062,0.0066,0.011207,0.064324,-0.0637,0.2952,46.7497,0.0162,0.1757,47.3142,-0.1013,0.0480,16.7580,-0.0176,-0.0676,17.7312,0.005178,-0.005874,46.7485,0.005012,-0.005620,47.3142,-0.004588,-0.019001,16.7576,-0.004454,-0.017503,17.7312,-0.00436,-0.11857,-0.53603,1.06458,-0.52944,0.12104,-0.00330,-0.11899,-0.53506,1.06927,-0.53570,0.12300,-0.00144,-0.00000,-0.00313,-0.00000,-0.00910,1.44173,0.27775,-1.85389,0.24450,0.28149,0.00805,0.60110,-0.24580,-0.68531,-0.07494,0.33251,-0.00006,-0.00008,-0.00123,-0.00010,6.000,6.000,12.000,12.000,6.000,6.000,6.000,6.000,12.000,12.000,6.000,6.000,6.000,6.000,6.000,6.000
1.4400,0.00024,0.03225,0.46246,1.00000,0.00036,0.00066,0.00182,0.00865,0.02366,0.30131,0.30051,0.00131,0.03272,2,0.03491,0.00131,0.034762,-0.00006,-0.5777,-0.0004,-0.0248,0.0515,-0.2310,-0.1561,-0.2549,0,0.04900,0.01900,0.0062,0.0068,0.011215,0.064297,-0.0634,0.2965,46.8330,0.0164,0.1762,47.3964,-0.1011,0.0447,16.6757,-0.0178,-0.0693,17.6492,0.005186,-0.005900,46.8318,0.005020,-0.005646,47.3964,-0.004660,-0.019001,16.6753,-0.004520,-0.017500,17.6492,-0.00439,-0.11939,-0.53579,1.06409,-0.52919,0.12188,-0.00332,-0.11981,-0.53481,1.06881,-0.53550,0.12379,-0.00144,-0.00000,-0.00314,-0.00000,-0.00920,1.45466,0.27920,-1.85627,0.24535,0.28314,0.00813,0.59947,-0.24700,-0.68183,-0.07568,0.33114,-0.00006,-0.00008,-0.00124,-0.00010,6.000,6.000,12.000,12.000,6.000,6.000,6.000,6.000,12.000,12.000,6.000,6.000,6.000,6.000,6.000,6.000
1.4450,0.00025,0.03247,0.46246,1.00000,0.00036,0.00066,0.00183,0.00865,0.02383,0.30131,0.30051,0.00131,0.03291,2,0.03491,0.00131,0.034762,-0.00006,-0.5766,-0.0004,-0.0247,0.0512,-0.2308,-0.1559,-0.2548,0,0.04900,0.01900,0.0062,0.0069,0.011222,0.064271,-0.0631,0.2978,46.9164,0.0166,0.1768,47.4786,-0.1010,0.0414,16.5934,-0.0179,-0.0709,17.5671,0.005193,-0.005926,46.9152,0.005028,-0.005671,47.4786,-0.004733,-0.019001,16.5930,-0.004586,-0.017497,17.5671,-0.00442,-0.12022,-0.53555,1.06360,-0.52894,0.12273,-0.00333,-0.12062,-0.53456,1.06835,-0.53529,0.12459,-0.00144,-0.00000,-0.00315,-0.00000,-0.00930,1.46763,0.28064,-1.85865,0.24619,0.28478,0.00820,0.59782,-0.24821,-0.67834,-0.07643,0.32977,-0.00005,-0.00008,-0.00125,-0.00010,6.000,6.000,12.000,12.000,6.000,6.000,6.000,6.000,12.000,12.000,6.000,6.000,6.000,6.000,6.000,6.000
1.4500,0.00025,0.03270,0.46246,1.00000,0.00036,0.00066,0.00185,0.00865,0.02399,0.30131,0.30051,0.00131,0.03309,2,0.03491,0.00131,0.034762,-0.00006,-0.5755,-0.0004,-0.0247,0.0509,-0.2307,-0.1557,-0.2547,0,0.04900,0.01900,0.0062,0.0071,0.011230,0.064246,-0.0627,0.2991,46.9998,0.0167,0.1773,47.5608,-0.1009,0.0381,16.5111,-0.0181,-0.0725,17.4849,0.005200,-0.005952,46.9985,0.005035,-0.005696,47.5608,-0.004806,-0.019001,16.5107,-0.004654,-0.017494,17.4849,-0.00445,-0.12104,-0.53531,1.06311,-0.52869,0.12357,-0.00334,-0.12144,-0.53430,1.06788,-0.53507,0.12540,-0.00143,-0.00000,-0.00316,-0.00000,-0.00940,1.48063,0.28209,-1.86102,0.24704,0.28639,0.00828,0.59613,-0.24941,-0.67486,-0.07717,0.32840,-0.00005,-0.00008,-0.00126,-0.00010,6.000,6.000,12.000,12.000,6.000,6.000,6.000,6.000,12.000,12.000,6.000,6.000,6.000,6.000,6.000,6.000
1.4550,0.00025,0.03293,0.46246,1.00000,0.00036,0.00066,0.00186,0.00865,0.02416,0.30131,0.30051,0.00131,0.03327,2,0.03491,0.00131,0.034761,-0.00006,-0.5745,-0.0004,-0.0246,0.0506,-0.2305,-0.1555,-0.2546,0,0.04900,0.01900,0.0062,0.0073,0.011238,0.064220,-0.0624,0.3005,47.0832,0.0169,0.1778,47.6430,-0.1007,0.0347,16.4288,-0.0183,-0.0742,17.4028,0.005207,-0.005977,47.0819,0.005043,-0.005721,47.6430,-0.004880,-0.019001,16.4284,-0.004721,-0.017491,17.4028,-0.00449,-0.12187,-0.53506,1.06261,-0.52843,0.12441,-0.00336,-0.12226,-0.53404,1.06740,-0.53486,0.12620,-0.00143,-0.00000,-0.00317,-0.00000,-0.00950,1.49367,0.28353,-1.86337,0.24788,0.28799,0.00836,0.59442,-0.25060,-0.67137,-0.07790,0.32702,-0.00004,-0.00008,-0.00127,-0.00010,6.000,6.000,12.000,12.000,6.000,6.000,6.000,6.000,12.000,12.000,6.000,6.000,6.000,6.000,6.000,6.000
1.4600,0.00026,0.03315,0.46245,1.00000,0.00037,0.00066,0.00187,0.00865,0.02433,0.30131,0.30051,0.00131,0.03345,2,0.03491,0.00131,0.034761,-0.00006,-0.5734,-0.0004,-0.0245,0.0502,-0.2304,-0.1552,-0.2545,0,0.04900,0.01900,0.0063,0.0075,0.011246,0.064196,-0.0620,0.3018,47.1666,0.0171,0.1784,47.7252,-0.1006,0.0314,16.3464,-0.0184,-0.0758,17.3206,0.005214,-0.006001,47.1653,0.005051,-0.005746,47.7252,-0.004954,-0.019001,16.3461,-0.004789,-0.017488,17.3206,-0.00452,-0.12269,-0.53482,1.06211,-0.52817,0.12526,-0.00337,-0.12308,-0.53378,1.06692,-0.53465,0.12700,-0.00143,-0.00000,-0.00318,-0.00000,-0.00960,1.50675,0.28497,-1.86572,0.24873,0.28957,0.00843,0.59267,-0.25180,-0.66789,-0.07864,0.32565,-0.00004,-0.00008,-0.00128,-0.00010,6.000,6.000,12.000,12.000,6.000,6.000,6.000,6.000,12.000,12.000,6.000,6.000,6.000,6.000,6.000,6.000
1.4650,0.00026,0.03338,0.46245,1.00000,0.00037,0.00066,0.00188,0.00865,0.02450,0.30131,0.30051,0.00131,0.03364,2,0.03491,0.00131,0.034761,-0.00006,-0.5723,-0.0004,-0.0245,0.0499,-0.2302,-0.1550,-0.2545,0,0.04900,0.01900,0.0063,0.0077,0.011253,0.064171,-0.0617,0.3031,47.2500,0.0172,0.1789,47.8075,-0.1005,0.0280,16.2640,-0.0186,-0.0775,17.2385,0.005221,-0.006026,47.2487,0.005059,-0.005769,47.8075,-0.005030,-0.019001,16.2638,-0.004858,-0.017485,17.2385,-0.00455,-0.12352,-0.53457,1.06160,-0.52791,0.12611,-0.00339,-0.12390,-0.53352,1.06644,-0.53443,0.12781,-0.00143,-0.00000,-0.00319,-0.00000,-0.00970,1.51986,0.28640,-1.86805,0.24957,0.29113,0.00851,0.59089,-0.25299,-0.66440,-0.07938,0.32428,-0.00003,-0.00008,-0.00129,-0.00010,6.000,6.000,12.000,12.000,6.000,6.000,6.000,6.000,12.000,12.000,6.000,6.000,6.000,6.000,6.000,6.000
1.4700,0.00026,0.03361,0.46245,1.00000,0.00037,0.00065,0.00189,0.00865,0.02467,0.30131,0.30051,0.00131,0.03382,2,0.03491,0.00131,0.034760,-0.00006,-0.5712,-0.0004,-0.0244,0.0496,-0.2300,-0.1547,-0.2544,0,0.04900,0.01900,0.0063,0.0079,0.011261,0.064147,-0.0614,0.3044,47.3334,0.0174,0.1794,47.8897,-0.1003,0.0246,16.1817,-0.0187,-0.0791,17.1563,0.005228,-0.006049,47.3321,0.005066,-0.005793,47.8897,-0.005106,-0.019001,16.1814,-0.004928,-0.017481,17.1563,-0.00458,-0.12435,-0.53432,1.06109,-0.52765,0.12695,-0.00340,-0.12473,-0.53326,1.06595,-0.53421,0.12862,-0.00142,-0.00000,-0.00320,-0.00000,-0.00980,1.53300,0.28784,-1.87037,0.25041,0.29268,0.00859,0.58907,-0.25418,-0.66092,-0.08011,0.32290,-0.00003,-0.00008,-0.00130,-0.00010,6.000,6.000,12.000,12.000,6.000,6.000,6.000,6.000,12.000,12.000,6.000,6.000,6.000,6.000,6.000,6.000
1.4750,0.00027,0.03384,0.46245,1.00000,0.00037,0.00065,0.00190,0.00865,0.02483,0.30131,0.30051,0.00131,0.03400,2,0.03491,0.00131,0.034760,-0.00006,-0.5702,-0.0004,-0.0243,0.0493,-0.2299,-0.1545,-0.2543,0,0.04900,0.01900,0.0063,0.0081,0.011268,0.064124,-0.0610,0.3057,47.4169,0.0175,0.1800,47.9720,-0.1002,0.0212,16.0993,-0.0189,-0.0808,17.0741,0.005235,-0.006072,47.4155,0.005074,-0.005816,47.9720,-0.005183,-0.019001,16.0990,-0.004998,-0.017478,17.0741,-0.00461,-0.12518,-0.53406,1.06057,-0.52739,0.12780,-0.00341,-0.12555,-0.53299,1.06546,-0.53399,0.12943,-0.00142,-0.00000,-0.00321,-0.00000,-0.00989,1.54618,0.28927,-1.87268,0.25125,0.29421,0.00867,0.58723,-0.25536,-0.65743,-0.08084,0.32152,-0.00002,-0.00008,-0.00131,-0.00010,6.000,6.000,12.000,12.000,6.000,6.000,6.000,6.000,12.000,12.000,6.000,6.000,6.000,6.000,6.000,6.000
1.4800,0.00027,0.03407,0.46245,1.00000,0.00037,0.00065,0.00192,0.00865,0.02500,0.30131,0.30051,0.00131,0.03418,2,0.03491,0.00131,0.034760,-0.00006,-0.5691,-0.0004,-0.0243,0.0490,-0.2297,-0.1542,-0.2542,0,0.04900,0.01900,0.0063,0.0083,0.011276,0.064101,-0.0607,0.3070,47.5003,0.0177,0.1805,48.0543,-0.1001,0.0177,16.0169,-0.0191,-0.0825,16.9919,0.005242,-0.006095,47.4990,0.005081,-0.005838,48.0543,-0.005260,-0.019001,16.0166,-0.005068,-0.017475,16.9919,-0.00465,-0.12601,-0.53380,1.06005,-0.52712,0.12865,-0.00343,-0.12638,-0.53272,1.06497,-0.53376,0.13024,-0.00142,-0.00000,-0.00323,-0.00000,-0.00999,1.55939,0.29070,-1.87498,0.25209,0.29572,0.00875,0.58535,-0.25654,-0.65395,-0.08158,0.32015,-0.00002,-0.00008,-0.00132,-0.00010,6.000,6.000,12.000,12.000,6.000,6.000,6.000,6.000,12.000,12.000,6.000,6.000,6.000,6.000,6.000,6.000
1.4850,0.00028,0.03429,0.46245,1.00000,0.00037,0.00065,0.00193,0.00865,0.02517,0.30130,0.30051,0.00131,0.03436,2,0.03491,0.00131,0.034759,-0.00006,-0.5680,-0.0004,-0.0242,0.0487,-0.2296,-0.1539,-0.2541,0,0.04900,0.01900,0.0063,0.0085,0.011283,0.064078,-0.0604,0.3084,47.5837,0.0179,0.1811,48.1365,-0.1000,0.0143,15.9345,-0.0192,-0.0842,16.9097,0.005249,-0.006118,47.5824,0.005089,-0.005860,48.1365,-0.005338,-0.019001,15.9343,-0.005140,-0.017472,16.9097,-0.00468,-0.12684,-0.53355,1.05952,-0.52685,0.12950,-0.00344,-0.12720,-0.53245,1.06447,-0.53354,0.13105,-0.00141,-0.00000,-0.00324,-0.00000,-0.01009,1.57263,0.29212,-1.87726,0.25292,0.29721,0.00884,0.58344,-0.25772,-0.65046,-0.08231,0.31877,-0.00002,-0.00008,-0.00133,-0.00010,6.000,6.000,12.000,12.000,6.000,6.000,6.000,6.000,12.000,12.000,6.000,6.000,6.000,6.000,6.000,6.000
1.4900,0.00028,0.03452,0.46245,1.00000,0.00037,0.00065,0.00194,0.00865,0.02534,0.30130,0.30051,0.00131,0.03455,2,0.03491,0.00131,0.034759,-0.00006,-0.5669,-0.0004,-0.0241,0.0483,-0.2294,-0.1536,-0.2541,0,0.04900,0.01900,0.0063,0.0087,0.011290,0.064056,-0.0600,0.3097,47.6671,0.0180,0.1817,48.2188,-0.0998,0.0108,15.8521,-0.0194,-0.0859,16.8275,0.005255,-0.006139,47.6658,0.005096,-0.005882,48.2188,-0.005417,-0.019001,15.8519,-0.005211,-0.017469,16.8275,-0.00471,-0.12768,-0.53328,1.05899,-0.52658,0.13035,-0.00345,-0.12803,-0.53218,1.06396,-0.53331,0.13186,-0.00141,-0.00000,-0.00325,-0.00000,-0.01019,1.58591,0.29355,-1.87953,0.25376,0.29868,0.00892,0.58151,-0.25890,-0.64698,-0.08303,0.31739,-0.00001,-0.00008,-0.00134,-0.00010,6.000,6.000,12.000,12.000,6.000,6.000,6.000,6.000,12.000,12.000,6.000,6.000,6.000,6.000,6.000,6.000
1.4950,0.00028,0.03475,0.46245,1.00000,0.00037,0.00065,0.00195,0.00865,0.02551,0.30130,0.30051,0.00130,0.03473,2,0.03491,0.00130,0.034759,-0.00006,-0.5659,-0.0004,-0.0240,0.0480,-0.2293,-0.1533,-0.2540,0,0.04900,0.01900,0.0063,0.0089,0.011297,0.064034,-0.0597,0.3110,47.7506,0.0182,0.1822,48.3011,-0.0997,0.0073,15.7697,-0.0196,-0.0876,16.7453,0.005262,-0.006161,47.7492,0.005103,-0.005903,48.3011,-0.005497,-0.019001,15.7695,-0.005284,-0.017466,16.7453,-0.00474,-0.12851,-0.53302,1.05846,-0.52631,0.13120,-0.00347,-0.12886,-0.53190,1.06345,-0.53308,0.13267,-0.00141,-0.00000,-0.00326,-0.00000,-0.01029,1.59922,0.29497,-1.88179,0.25459,0.30013,0.00900,0.57953,-0.26007,-0.64349,-0.08376,0.31601,-0.00001,-0.00008,-0.00135,-0.00010,6.000,6.000,12.000,12.000,6.000,6.000,6.000,6.000,12.000,12.000,6.000,6.000,6.000,6.000,6.000,6.000
1.5000,0.00029,0.03498,0.46245,1.00000,0.00037,0.00065,0.00196,0.00865,0.02568,0.30130,0.30051,0.00130,0.03491,2,0.03491,0.00130,0.034759,-0.00006,-0.5648,-0.0004,-0.0240,0.0477,-0.2291,-0.1529,-0.2540,0,0.04900,0.01900,0.0063,0.0091,0.011305,0.064013,-0.0594,0.3123,47.8340,0.0183,0.1828,48.3834,-0.0996,0.0038,15.6873,-0.0197,-0.0893,16.6631,0.005269,-0.006182,47.8326,0.005111,-0.005924,48.3834,-0.005577,-0.019001,15.6871,-0.005357,-0.017462,16.6631,-0.00477,-0.12934,-0.53275,1.05792,-0.52603,0.13205,-0.00348,-0.12968,-0.53162,1.06294,-0.53284,0.13348,-0.00141,-0.00000,-0.00327,-0.00000,-0.01039,1.61256,0.29639,-1.88404,0.25542,0.30157,0.00909,0.57753,-0.26124,-0.64001,-0.08449,0.31463,-0.00001,-0.00008,-0.00136,-0.00010,6.000,6.000,12.000,12.000,6.000,6.000,6.000,6.000,12.000,12.000,6.000,6.000,6.000,6.000,6.000,6.000
1.5050,0.00029,0.03521,0.46245,1.00000,0.00037,0.00065,0.00197,0.00865,0.02585,0.30130,0.30051,0.00130,0.03509,2,0.03491,0.00130,0.034758,-0.00006,-0.5637,-0.0004,-0.0239,0.0473,-0.2290,-0.1526,-0.2539,0,0.04900,0.01900,0.0063,0.0094,0.011312,0.063992,-0.0590,0.3136,47.9174,0.0185,0.1834,48.4657,-0.0994,0.0002,15.6048,-0.0199,-0.0910,16.5809,0.005275,-0.006202,47.9160,0.005118,-0.005944,48.4657,-0.005658,-0.019001,15.6047,-0.005431,-0.017459,16.5809,-0.00481,-0.13018,-0.53249,1.05737,-0.52575,0.13290,-0.00349,-0.13051,-0.53134,1.06242,-0.53261,0.13430,-0.00140,-0.00000,-0.00328,-0.00000,-0.01049,1.62594,0.29781,-1.88627,0.25625,0.30299,0.00917,0.57550,-0.26240,-0.63653,-0.08521,0.31326,-0.00000,-0.00008,-0.00137,-0.00010,6.000,6.000,12.000,12.000,6.000,6.000,6.000,6.000,12.000,12.000,6.000,6.000,6.000,6.000,6.000,6.000
1.5100,0.00029,0.03545,0.46244,1.00000,0.00037,0.00065,0.00199,0.00865,0.02602,0.30130,0.30051,0.00130,0.03528,2,0.03491,0.00130,0.034758,-0.00006,-0.5627,-0.0004,-0.0238,0.0470,-0.2288,-0.1522,-0.2539,0,0.04900,0.01900,0.0063,0.0096,0.011319,0.063972,-0.0587,0.3149,48.0008,0.0187,0.1840,48.5479,-0.0993,-0.0033,15.5224,-0.0201,-0.0928,16.4987,0.005282,-0.006222,47.9994,0.005125,-0.005964,48.5479,-0.005740,-0.019001,15.5223,-0.005505,-0.017456,16.4987,-0.00484,-0.13102,-0.53222,1.05683,-0.52547,0.13376,-0.00351,-0.13134,-0.53106,1.06189,-0.53237,0.13511,-0.00140,-0.00000,-0.00330,-0.00000,-0.01059,1.63934,0.29922,-1.88850,0.25708,0.30438,0.00926,0.57343,-0.26356,-0.63304,-0.08593,0.31188,0.00000,-0.00008,-0.00138,-0.00011,6.000,6.000,12.000,12.000,6.000,6.000,6.000,6.000,12.000,12.000,6.000,6.000,6.000,6.000,6.000,6.000
1.5150,0.00030,0.03568,0.46244,1.00000,0.00037,0.00065,0.00200,0.00865,0.02619,0.30130,0.30051,0.00130,0.03546,2,0.03491,0.00130,0.034758,-0.00006,-0.5616,-0.0004,-0.0238,0.0467,-0.2287,-0.1518,-0.2538,0,0.04900,0.01900,0.0064,0.0098,0.011326,0.063952,-0.0584,0.3162,48.0841,0.0188,0.1846,48.6302,-0.0992,-0.0069,15.4401,-0.0202,-0.0945,16.4165,0.005288,-0.006242,48.0827,0.005132,-0.005984,48.6302,-0.005822,-0.019001,15.4399,-0.005580,-0.017453,16.4165,-0.00487,-0.13185,-0.53194,1.05627,-0.52519,0.13461,-0.00352,-0.13218,-0.53077,1.06136,-0.53213,0.13593,-0.00140,-0.00000,-0.00331,-0.00000,-0.01069,1.65278,0.30063,-1.89070,0.25790,0.30576,0.00935,0.57133,-0.26472,-0.62956,-0.08665,0.31050,0.00000,-0.00008,-0.00139,-0.00011,6.000,6.000,12.000,12.000,6.000,6.000,6.000,6.000,12.000,12.000,6.000,6.000,6.000,6.000,6.000,6.000
1.5200,0.00030,0.03591,0.46244,1.00000,0.00037,0.00065,0.00201,0.00865,0.02636,0.30130,0.30051,0.00130,0.03564,2,0.03491,0.00130,0.034757,-0.00006,-0.5605,-0.0004,-0.0237,0.0463,-0.2285,-0.1515,-0.2538,0,0.04900,0.01900,0.0064,0.0100,0.011333,0.063932,-0.0580,0.3175,48.1675,0.0190,0.1852,48.7124,-0.0990,-0.0105,15.3577,-0.0204,-0.0963,16.3343,0.005295,-0.006261,48.1661,0.005139,-0.006003,48.7124,-0.005906,-0.019001,15.3576,-0.005656,-0.017449,16.3343,-0.00491,-0.13269,-0.53167,1.05571,-0.52491,0.13547,-0.00353,-0.13301,-0.53048,1.06083,-0.53189,0.13675,-0.00139,-0.00000,-0.00332,-0.00000,-0.01079,1.66624,0.30204,-1.89290,0.25873,0.30712,0.00943,0.56920,-0.26587,-0.62608,-0.08737,0.30912,0.00001,-0.00008,-0.00140,-0.00011,6.000,6.000,12.000,12.000,6.000,6.000,6.000,6.000,12.000,12.000,6.000,6.000,6.000,6.000,6.000,6.000
1.5250,0.00031,0.03614,0.46244,1.00000,0.00037,0.00065,0.00202,0.00865,0.02654,0.30130,0.30051,0.00130,0.03582,2,0.03491,0.00130,0.034757,-0.00006,-0.5595,-0.0004,-0.0236,0.0460,-0.2284,-0.1511,-0.2538,0,0.04900,0.01900,0.0064,0.0103,0.011340,0.063913,-0.0577,0.3188,48.2508,0.0192,0.1858,48.7947,-0.0989,-0.0141,15.2753,-0.0206,-0.0980,16.2522,0.005301,-0.006279,48.2494,0.005146,-0.006021,48.7947,-0.005990,-0.019001,15.2752,-0.005732,-0.017446,16.2522,-0.00494,-0.13353,-0.53139,1.05515,-0.52462,0.13632,-0.00354,-0.13384,-0.53019,1.06029,-0.53165,0.13756,-0.00139,-0.00000,-0.00333,-0.00000,-0.01089,1.67974,0.30345,-1.89508,0.25955,0.30846,0.00952,0.56704,-0.26702,-0.62260,-0.08809,0.30774,0.00001,-0.00008,-0.00140,-0.00011,6.000,6.000,12.000,12.000,6.000,6.000,6.000,6.000,12.000,12.000,6.000,6.000,6.000,6.000,6.000,6.000
1.5300,0.00031,0.03637,0.46244,1.00000,0.00037,0.00065,0.00203,0.00865,0.02671,0.30130,0.30051,0.00130,0.03600,2,0.03491,0.00130,0.034757,-0.00006,-0.5584,-0.0004,-0.0235,0.0456,-0.2282,-0.1507,-0.2537,0,0.04900,0.01900,0.0064,0.0105,0.011346,0.063895,-0.0573,0.3201,48.3342,0.0193,0.1864,48.8769,-0.0988,-0.0177,15.1929,-0.0207,-0.0998,16.1700,0.005307,-0.006297,48.3327,0.005153,-0.006040,48.8769,-0.006075,-0.019001,15.1929,-0.005809,-0.017443,16.1700,-0.00497,-0.13437,-0.53111,1.05459,-0.52433,0.13718,-0.00355,-0.13468,-0.52990,1.05975,-0.53140,0.13838,-0.00139,-0.00000,-0.00334,-0.00000,-0.01099,1.69327,0.30485,-1.89725,0.26037,0.30978,0.00961,0.56485,-0.26816,-0.61912,-0.08880,0.30636,0.00001,-0.00008,-0.00141,-0.00011,6.000,6.000,12.000,12.000,6.000,6.000,6.000,6.000,12.000,12.000,6.000,6.000,6.000,6.000,6.000,6.000
1.5350,0.00031,0.03660,0.46244,1.00000,0.00037,0.00065,0.00204,0.00865,0.02688,0.30130,0.30051,0.00130,0.03619,2,0.03492,0.00130,0.034756,-0.00006,-0.5573,-0.0004,-0.0235,0.0453,-0.2281,-0.1502,-0.2537,0,0.04900,0.01900,0.0064,0.0107,0.011353,0.063877,-0.0570,0.3214,48.4175,0.0195,0.1870,48.9591,-0.0986,-0.0214,15.1106,-0.0209,-0.1015,16.0879,0.005313,-0.006315,48.4160,0.005160,-0.006057,48.9591,-0.006160,-0.019001,15.1106,-0.005886,-0.017439,16.0879,-0.00500,-0.13521,-0.53083,1.05402,-0.52404,0.13803,-0.00357,-0.13551,-0.52961,1.05921,-0.53115,0.13920,-0.00138,-0.00000,-0.00336,-0.00000,-0.01109,1.70682,0.30625,-1.89940,0.26119,0.31108,0.00970,0.56263,-0.26930,-0.61565,-0.08951,0.30498,0.00001,-0.00008,-0.00142,-0.00011,6.000,6.000,12.000,12.000,6.000,6.000,6.000,6.000,12.000,12.000,6.000,6.000,6.000,6.000,6.000,6.000
1.5400,0.00032,0.03684,0.46244,1.00000,0.00037,0.00065,0.00206,0.00865,0.02705,0.30130,0.30051,0.00130,0.03637,2,0.03492,0.00130,0.034756,-0.00006,-0.5563,-0.0004,-0.0234,0.0449,-0.2279,-0.1498,-0.2537,0,0.04900,0.01900,0.0064,0.0110,0.011360,0.063859,-0.0567,0.3227,48.5007,0.0196,0.1876,49.0413,-0.0985,-0.0250,15.0283,-0.0211,-0.1033,16.0058,0.005319,-0.006332,48.4993,0.005167,-0.006074,49.0413,-0.006247,-0.019001,15.0283,-0.005965,-0.017436,16.0058,-0.00504,-0.13605,-0.53055,1.05344,-0.52375,0.13889,-0.00358,-0.13635,-0.52931,1.05865,-0.53090,0.14002,-0.00138,-0.00000,-0.00337,-0.00000,-0.01119,1.72041,0.30765,-1.90154,0.26200,0.31237,0.00979,0.56037,-0.27044,-0.61217,-0.09022,0.30360,0.00002,-0.00008,-0.00143,-0.00011,6.000,6.000,12.000,12.000,6.000,6.000,6.000,6.000,12.000,12.000,6.000,6.000,6.000,6.000,6.000,6.000
1.5450,0.00032,0.03707,0.46244,1.00000,0.00037,0.00065,0.00207,0.00865,0.02722,0.30130,0.30051,0.00130,0.03655,2,0.03492,0.00130,0.034756,-0.00006,-0.5552,-0.0003,-0.0233,0.0445,-0.2278,-0.1494,-0.2537,0,0.04900,0.01900,0.0064,0.0112,0.011367,0.063841,-0.0563,0.3240,48.5840,0.0198,0.1882,49.1234,-0.0984,-0.0287,14.9460,-0.0212,-0.1051,15.9237,0.005326,-0.006349,48.5825,0.005174,-0.006091,49.1234,-0.006334,-0.019001,14.9460,-0.006044,-0.017433,15.9237,-0.00507,-0.13689,-0.53026,1.05286,-0.52345,0.13975,-0.00359,-0.13718,-0.52901,1.05810,-0.53065,0.14084,-0.00137,-0.00000,-0.00338,-0.00000,-0.01129,1.73402,0.30905,-1.90366,0.26282,0.31363,0.00988,0.55808,-0.27158,-0.60869,-0.09093,0.30222,0.00002,-0.00008,-0.00144,-0.00011,6.000,6.000,12.000,12.000,6.000,6.000,6.000,6.000,12.000,12.000,6.000,6.000,6.000,6.000,6.000,6.000
1.5500,0.00033,0.03730,0.46244,1.00000,0.00037,0.00065,0.00208,0.00865,0.02739,0.30130,0.30051,0.00130,0.03673,2,0.03492,0.00130,0.034755,-0.00006,-0.5541,-0.0003,-0.0233,0.0442,-0.2277,-0.1489,-0.2537,0,0.04900,0.01900,0.0064,0.0115,0.011373,0.063825,-0.0560,0.3253,48.6672,0.0200,0.1888,49.2056,-0.0982,-0.0324,14.8637,-0.0214,-0.1069,15.8417,0.005332,-0.006366,48.6657,0.005180,-0.006108,49.2056,-0.006422,-0.019001,14.8637,-0.006123,-0.017429,15.8417,-0.00510,-0.13774,-0.52997,1.05227,-0.52315,0.14061,-0.00360,-0.13802,-0.52871,1.05754,-0.53040,0.14167,-0.00137,-0.00000,-0.00339,-0.00000,-0.01139,1.74767,0.31044,-1.90577,0.26363,0.31487,0.00997,0.55576,-0.27270,-0.60522,-0.09164,0.30085,0.00002,-0.00008,-0.00145,-0.00011,6.000,6.000,12.000,12.000,6.000,6.000,6.000,6.000,12.000,12.000,6.000,6.000,6.000,6.000,6.000,6.000
1.5550,0.00033,0.03754,0.46243,1.00000,0.00037,0.00065,0.00209,0.00865,0.02757,0.30130,0.30051,0.00130,0.03691,2,0.03492,0.00130,0.034755,-0.00006,-0.5531,-0.0003,-0.0232,0.0438,-0.2275,-0.1484,-0.2537,0,0.04900,0.01900,0.0064,0.0117,0.011380,0.063808,-0.0557,0.3266,48.7504,0.0201,0.1895,49.2877,-0.0981,-0.0361,14.7814,-0.0216,-0.1087,15.7597,0.005337,-0.006381,48.7489,0.005187,-0.006124,49.2877,-0.006511,-0.019001,14.7815,-0.006203,-0.017426,15.7597,-0.00514,-0.13858,-0.52968,1.05168,-0.52285,0.14146,-0.00361,-0.13886,-0.52840,1.05697,-0.53014,0.14249,-0.00137,-0.00000,-0.00341,-0.00000,-0.01149,1.76134,0.31183,-1.90787,0.26444,0.31610,0.01006,0.55341,-0.27383,-0.60175,-0.09234,0.29947,0.00002,-0.00009,-0.00146,-0.00011,6.000,6.000,12.000,12.000,6.000,6.000,6.000,6.000,12.000,12.000,6.000,6.000,6.000,6.000,6.000,6.000
1.5600,0.00034,0.03777,0.46243,1.00000,0.00037,0.00065,0.00210,0.00865,0.02774,0.30130,0.30051,0.00129,0.03710,2,0.03492,0.00129,0.034755,-0.00006,-0.5520,-0.0003,-0.0231,0.0434,-0.2274,-0.1479,-0.2537,0,0.04900,0.01900,0.0065,0.0120,0.011386,0.063792,-0.0553,0.3279,48.8335,0.0203,0.1901,49.3698,-0.0979,-0.0399,14.6992,-0.0217,-0.1105,15.6777,0.005343,-0.006397,48.8320,0.005193,-0.006139,49.3698,-0.006601,-0.019001,14.6993,-0.006284,-0.017423,15.6777,-0.00517,-0.13942,-0.52939,1.05109,-0.52255,0.14232,-0.00363,-0.13969,-0.52809,1.05640,-0.52988,0.14331,-0.00136,-0.00000,-0.00342,-0.00000,-0.01159,1.77504,0.31322,-1.90995,0.26525,0.31730,0.01015,0.55103,-0.27495,-0.59828,-0.09304,0.29809,0.00003,-0.00009,-0.00147,-0.00011,6.000,6.000,12.000,12.000,6.000,6.000,6.000,6.000,12.000,12.000,6.000,6.000,6.000,6.000,6.000,6.000
1.5650,0.00034,0.03800,0.46243,1.00000,0.00037,0.00065,0.00211,0.00865,0.02791,0.30129,0.30051,0.00129,0.03728,2,0.03492,0.00129,0.034754,-0.00006,-0.5510,-0.0003,-0.0230,0.0431,-0.2272,-0.1474,-0.2537,0,0.04900,0.01900,0.0065,0.0122,0.011393,0.063777,-0.0550,0.3292,48.9167,0.0204,0.1907,49.4518,-0.0978,-0.0436,14.6170,-0.0219,-0.1123,15.5957,0.005349,-0.006412,48.9151,0.005200,-0.006154,49.4518,-0.006691,-0.019001,14.6171,-0.006366,-0.017419,15.5957,-0.00520,-0.14027,-0.52909,1.05049,-0.52224,0.14318,-0.00364,-0.14053,-0.52778,1.05583,-0.52962,0.14414,-0.00136,-0.00000,-0.00343,0.00000,-0.01169,1.78877,0.31460,-1.91202,0.26605,0.31849,0.01024,0.54862,-0.27607,-0.59481,-0.09374,0.29671,0.00003,-0.00009,-0.00148,-0.00011,6.000,6.000,12.000,12.000,6.000,6.000,6.000,6.000,12.000,12.000,6.000,6.000,6.000,6.000,6.000,6.000
1.5700,0.00034,0.03824,0.46243,1.00000,0.00037,0.00065,0.00213,0.00865,0.02809,0.30129,0.30051,0.00129,0.03746,2,0.03492,0.00129,0.034754,-0.00006,-0.5499,-0.0003,-0.0230,0.0427,-0.2271,-0.1469,-0.2537,0,0.04900,0.01900,0.0065,0.0125,0.011399,0.063761,-0.0547,0.3305,48.9997,0.0206,0.1914,49.5338,-0.0977,-0.0474,14.5349,-0.0221,-0.1141,15.5138,0.005355,-0.006426,48.9982,0.005206,-0.006169,49.5338,-0.006783,-0.019001,14.5350,-0.006449,-0.017416,15.5138,-0.00524,-0.14111,-0.52880,1.04989,-0.52194,0.14404,-0.00365,-0.14137,-0.52747,1.05525,-0.52936,0.14496,-0.00136,-0.00000,-0.00345,0.00000,-0.01179,1.80252,0.31598,-1.91407,0.26686,0.31965,0.01033,0.54617,-0.27718,-0.59135,-0.09444,0.29534,0.00003,-0.00009,-0.00149,-0.00011,6.000,6.000,12.000,12.000,6.000,6.000,6.000,6.000,12.000,12.000,6.000,6.000,6.000,6.000,6.000,6.000
1.5750,0.00035,0.03847,0.46243,1.00000,0.00037,0.00065,0.00214,0.00865,0.02826,0.30129,0.30051,0.00129,0.03764,2,0.03492,0.00129,0.034754,-0.00006,-0.5488,-0.0003,-0.0229,0.0423,-0.2270,-0.1464,-0.2537,0,0.04900,0.01900,0.0065,0.0128,0.011405,0.063747,-0.0543,0.3318,49.0828,0.0208,0.1920,49.6158,-0.0975,-0.0512,14.4527,-0.0222,-0.1159,15.4319,0.005361,-0.006441,49.0812,0.005213,-0.006183,49.6158,-0.006875,-0.019001,14.4529,-0.006532,-0.017412,15.4319,-0.00527,-0.14196,-0.52850,1.04928,-0.52163,0.14490,-0.00366,-0.14221,-0.52716,1.05467,-0.52909,0.14579,-0.00135,-0.00000,-0.00346,0.00000,-0.01189,1.81630,0.31736,-1.91611,0.26766,0.32080,0.01042,0.54370,-0.27829,-0.58788,-0.09513,0.29396,0.00003,-0.00009,-0.00150,-0.00011,6.000,6.000,12.000,12.000,6.000,6.000,6.000,6.000,12.000,12.000,6.000,6.000,6.000,6.000,6.000,6.000
1.5800,0.00035,0.03871,0.46243,1.00000,0.00037,0.00065,0.00215,0.00865,0.02843,0.30129,0.30051,0.00129,0.03782,2,0.03492,0.00129,0.034753,-0.00006,-0.5478,-0.0003,-0.0228,0.0419,-0.2268,-0.1459,-0.2537,0,0.04900,0.01900,0.0065,0.0130,0.011411,0.063732,-0.0540,0.3331,49.1658,0.0209,0.1927,49.6977,-0.0974,-0.0550,14.3707,-0.0224,-0.1178,15.3500,0.005366,-0.006454,49.1642,0.005219,-0.006197,49.6977,-0.006968,-0.019001,14.3708,-0.006616,-0.017409,15.3500,-0.00531,-0.14280,-0.52819,1.04867,-0.52132,0.14576,-0.00367,-0.14305,-0.52684,1.05408,-0.52882,0.14661,-0.00135,-0.00000,-0.00347,0.00000,-0.01199,1.83011,0.31874,-1.91813,0.26846,0.32193,0.01051,0.54119,-0.27939,-0.58442,-0.09583,0.29259,0.00004,-0.00009,-0.00151,-0.00011,6.000,6.000,12.000,12.000,6.000,6.000,6.000,6.000,12.000,12.000,6.000,6.000,6.000,6.000,6.000,6.000
1.5850,0.00036,0.03894,0.46243,1.00000,0.00037,0.00065,0.00216,0.00865,0.02861,0.30129,0.30051,0.00129,0.03800,2,0.03492,0.00129,0.034753,-0.00006,-0.5467,-0.0003,-0.0228,0.0416,-0.2267,-0.1453,-0.2537,0,0.04900,0.01900,0.0065,0.0133,0.011418,0.063718,-0.0537,0.3344,49.2487,0.0211,0.1933,49.7796,-0.0973,-0.0588,14.2886,-0.0226,-0.1196,15.2682,0.005372,-0.006467,49.2471,0.005225,-0.006210,49.7796,-0.007062,-0.019001,14.2887,-0.006700,-0.017406,15.2682,-0.00534,-0.14365,-0.52789,1.04805,-0.52100,0.14662,-0.00368,-0.14389,-0.52652,1.05349,-0.52855,0.14744,-0.00134,-0.00000,-0.00349,0.00000,-0.01210,1.84395,0.32011,-1.92014,0.26925,0.32303,0.01061,0.53865,-0.28049,-0.58096,-0.09652,0.29121,0.00004,-0.00009,-0.00152,-0.00011,6.000,6.000,12.000,12.000,6.000,6.000,6.000,6.000,12.000,12.000,6.000,6.000,6.000,6.000,6.000,6.000
1.5900,0.00036,0.03918,0.46243,1.00000,0.00037,0.00065,0.00217,0.00865,0.02878,0.30129,0.30051,0.00129,0.03819,2,0.03492,0.00129,0.034753,-0.00006,-0.5457,-0.0003,-0.0227,0.0412,-0.2266,-0.1447,-0.2537,0,0.04900,0.01900,0.0065,0.0136,0.011424,0.063705,-0.0533,0.3357,49.3316,0.0213,0.1940,49.8615,-0.0971,-0.0627,14.2066,-0.0228,-0.1215,15.1864,0.005378,-0.006480,49.3300,0.005232,-0.006223,49.8615,-0.007157,-0.019001,14.2068,-0.006785,-0.017402,15.1864,-0.00537,-0.14450,-0.52758,1.04743,-0.52069,0.14748,-0.00369,-0.14473,-0.52620,1.05289,-0.52828,0.14826,-0.00134,-0.00000,-0.00350,0.00000,-0.01220,1.85781,0.32148,-1.92213,0.27005,0.32412,0.01070,0.53608,-0.28158,-0.57750,-0.09720,0.28984,0.00004,-0.00009,-0.00153,-0.00011,6.000,6.000,12.000,12.000,6.000,6.000,6.000,6.000,12.000,12.000,6.000,6.000,6.000,6.000,6.000,6.000
1.5950,0.00037,0.03941,0.46243,1.00000,0.00037,0.00065,0.00218,0.00865,0.02895,0.30129,0.30051,0.00129,0.03837,2,0.03492,0.00129,0.034753,-0.00006,-0.5446,-0.0003,-0.0226,0.0408,-0.2264,-0.1442,-0.2538,0,0.04900,0.01900,0.0065,0.0138,0.011430,0.063692,-0.0530,0.3370,49.4145,0.0214,0.1947,49.9433,-0.0970,-0.0665,14.1246,-0.0229,-0.1233,15.1047,0.005383,-0.006493,49.4128,0.005238,-0.006236,49.9433,-0.007253,-0.019001,14.1248,-0.006871,-0.017399,15.1047,-0.00541,-0.14535,-0.52727,1.04680,-0.52037,0.14834,-0.00370,-0.14558,-0.52588,1.05229,-0.52801,0.14909,-0.00134,-0.00000,-0.00351,0.00000,-0.01230,1.87169,0.32284,-1.92410,0.27084,0.32518,0.01079,0.53348,-0.28267,-0.57405,-0.09789,0.28846,0.00004,-0.00009,-0.00154,-0.00011,6.000,6.000,12.000,12.000,6.000,6.000,6.000,6.000,12.000,12.000,6.000,6.000,6.000,6.000,6.000,6.000
1.6000,0.00037,0.03965,0.46243,1.00000,0.00037,0.00065,0.00220,0.00865,0.02913,0.30129,0.30051,0.00129,0.03855,2,0.03492,0.00129,0.034752,-0.00006,-0.5436,-0.0003,-0.0225,0.0404,-0.2263,-0.1436,-0.2538,0,0.04900,0.01900,0.0065,0.0141,0.011436,0.063679,-0.0526,0.3382,49.4973,0.0216,0.1953,50.0251,-0.0968,-0.0704,14.0427,-0.0231,-0.1252,15.0230,0.005389,-0.006504,49.4956,0.005244,-0.006248,50.0251,-0.007350,-0.019001,14.0429,-0.006958,-0.017395,15.0230,-0.00544,-0.14619,-0.52696,1.04617,-0.52005,0.14921,-0.00371,-0.14642,-0.52555,1.05168,-0.52773,0.14992,-0.00133,-0.00000,-0.00353,0.00000,-0.01240,1.88560,0.32420,-1.92606,0.27163,0.32623,0.01089,0.53085,-0.28376,-0.57060,-0.09857,0.28709,0.00005,-0.00009,-0.00155,-0.00011,6.000,6.000,12.000,12.000,6.000,6.000,6.000,6.000,12.000,12.000,6.000,6.000,6.000,6.000,6.000,6.000
1.6050,0.00038,0.03988,0.46242,1.00000,0.00037,0.00065,0.00221,0.00865,0.02930,0.30129,0.30051,0.00129,0.03873,2,0.03492,0.00129,0.034752,-0.00006,-0.5425,-0.0003,-0.0225,0.0400,-0.2262,-0.1430,-0.2538,0,0.04900,0.01900,0.0066,0.0144,0.011442,0.063667,-0.0523,0.3395,49.5800,0.0217,0.1960,50.1068,-0.0967,-0.0743,13.9608,-0.0233,-0.1270,14.9414,0.005394,-0.006516,49.5784,0.005250,-0.006259,50.1068,-0.007447,-0.019001,13.9611,-0.007046,-0.017392,14.9414,-0.00548,-0.14704,-0.52665,1.04554,-0.51972,0.15007,-0.00372,-0.14726,-0.52522,1.05107,-0.52745,0.15075,-0.00133,-0.00000,-0.00354,0.00000,-0.01250,1.89954,0.32556,-1.92801,0.27241,0.32726,0.01098,0.52818,-0.28484,-0.56715,-0.09925,0.28572,0.00005,-0.00009,-0.00156,-0.00011,6.000,6.000,12.000,12.000,6.000,6.000,6.000,6.000,12.000,12.000,6.000,6.000,6.000,6.000,6.000,6.000
1.6100,0.00038,0.04012,0.46242,1.00000,0.00037,0.00065,0.00222,0.00865,0.02948,0.30129,0.30051,0.00129,0.03891,2,0.03492,0.00129,0.034752,-0.00006,-0.5415,-0.0003,-0.0224,0.0396,-0.2260,-0.1424,-0.2539,0,0.04900,0.01900,0.0066,0.0147,0.011447,0.063655,-0.0520,0.3408,49.6627,0.0219,0.1967,50.1884,-0.0966,-0.0782,13.8790,-0.0234,-0.1289,14.8598,0.005399,-0.006527,49.6610,0.005256,-0.006271,50.1884,-0.007546,-0.019001,13.8793,-0.007134,-0.017388,14.8598,-0.00551,-0.14789,-0.52633,1.04490,-0.51940,0.15093,-0.00373,-0.14810,-0.52489,1.05045,-0.52717,0.15158,-0.00132,-0.00000,-0.00355,0.00000,-0.01261,1.91350,0.32691,-1.92994,0.27320,0.32826,0.01107,0.52549,-0.28592,-0.56371,-0.09993,0.28434,0.00005,-0.00009,-0.00157,-0.00011,6.000,6.000,12.000,12.000,6.000,6.000,6.000,6.000,12.000,12.000,6.000,6.000,6.000,6.000,6.000,6.000
1.6150,0.00038,0.04036,0.46242,1.00000,0.00037,0.00064,0.00223,0.00865,0.02965,0.30129,0.30051,0.00129,0.03909,2,0.03492,0.00129,0.034751,-0.00006,-0.5404,-0.0003,-0.0223,0.0392,-0.2259,-0.1417,-0.2539,0,0.04900,0.01900,0.0066,0.0150,0.011453,0.063644,-0.0516,0.3421,49.7453,0.0221,0.1974,50.2700,-0.0964,-0.0822,13.7973,-0.0236,-0.1308,14.7783,0.005404,-0.006538,49.7436,0.005262,-0.006282,50.2700,-0.007645,-0.019001,13.7975,-0.007223,-0.017385,14.7783,-0.00555,-0.14874,-0.52602,1.04425,-0.51907,0.15179,-0.00374,-0.14895,-0.52456,1.04983,-0.52689,0.15241,-0.00132,-0.00000,-0.00357,0.00000,-0.01271,1.92749,0.32826,-1.93185,0.27398,0.32925,0.01117,0.52276,-0.28699,-0.56026,-0.10061,0.28297,0.00005,-0.00009,-0.00159,-0.00011,6.000,6.000,12.000,12.000,6.000,6.000,6.000,6.000,12.000,12.000,6.000,6.000,6.000,6.000,6.000,6.000
1.6200,0.00039,0.04059,0.46242,1.00000,0.00037,0.00064,0.00224,0.00865,0.02982,0.30129,0.30051,0.00129,0.03927,2,0.03492,0.00129,0.034751,-0.00006,-0.5394,-0.0003,-0.0223,0.0388,-0.2258,-0.1411,-0.2540,0,0.04900,0.01900,0.0066,0.0153,0.011459,0.063633,-0.0513,0.3434,49.8279,0.0222,0.1981,50.3516,-0.0963,-0.0861,13.7155,-0.0238,-0.1326,14.6969,0.005410,-0.006548,49.8262,0.005268,-0.006292,50.3516,-0.007746,-0.019001,13.7158,-0.007313,-0.017381,14.6969,-0.00558,-0.14959,-0.52570,1.04360,-0.51874,0.15265,-0.00375,-0.14979,-0.52422,1.04921,-0.52660,0.15324,-0.00132,-0.00000,-0.00358,0.00000,-0.01281,1.94150,0.32961,-1.93374,0.27476,0.33022,0.01126,0.52000,-0.28805,-0.55682,-0.10128,0.28160,0.00006,-0.00009,-0.00160,-0.00010,6.000,6.000,12.000,12.000,6.000,6.000,6.000,6.000,12.000,12.000,6.000,6.000,6.000,6.000,6.000,6.000
1.6250,0.00039,0.04083,0.46242,1.00000,0.00036,0.00064,0.00226,0.00865,0.03000,0.30129,0.30051,0.00129,0.03945,2,0.03492,0.00129,0.034751,-0.00006,-0.5383,-0.0003,-0.0222,0.0384,-0.2256,-0.1404,-0.2540,0,0.04900,0.01900,0.0066,0.0156,0.011465,0.063622,-0.0510,0.3446,49.9104,0.0224,0.1987,50.4331,-0.0961,-0.0901,13.6339,-0.0239,-0.1345,14.6155,0.005415,-0.006558,49.9087,0.005274,-0.006302,50.4331,-0.007848,-0.019001,13.6342,-0.007404,-0.017378,14.6155,-0.00562,-0.15044,-0.52537,1.04295,-0.51841,0.15352,-0.00376,-0.15064,-0.52388,1.04858,-0.52631,0.15407,-0.00131,-0.00000,-0.00360,0.00000,-0.01291,1.95553,0.33095,-1.93562,0.27553,0.33116,0.01136,0.51721,-0.28912,-0.55339,-0.10195,0.28023,0.00006,-0.00009,-0.00161,-0.00010,6.000,6.000,12.000,12.000,6.000,6.000,6.000,6.000,12.000,12.000,6.000,6.000,6.000,6.000,6.000,6.000
1.6300,0.00040,0.04107,0.46242,1.00000,0.00036,0.00064,0.00227,0.00865,0.03017,0.30129,0.30051,0.00129,0.03963,2,0.03493,0.00129,0.034750,-0.00006,-0.5373,-0.0003,-0.0221,0.0380,-0.2255,-0.1398,-0.2541,0,0.04900,0.01900,0.0066,0.0159,0.011470,0.063612,-0.0506,0.3459,49.9928,0.0225,0.1994,50.5145,-0.0960,-0.0941,13.5523,-0.0241,-0.1364,14.5341,0.005420,-0.006567,49.9911,0.005279,-0.006312,50.5145,-0.007950,-0.019001,13.5526,-0.007496,-0.017374,14.5341,-0.00565,-0.15129,-0.52505,1.04229,-0.51807,0.15438,-0.00377,-0.15148,-0.52354,1.04794,-0.52602,0.15490,-0.00131,-0.00000,-0.00361,0.00000,-0.01302,1.96958,0.33229,-1.93749,0.27631,0.33209,0.01145,0.51439,-0.29017,-0.54996,-0.10262,0.27887,0.00006,-0.00009,-0.00162,-0.00010,6.000,6.000,12.000,12.000,6.000,6.000,6.000,6.000,12.000,12.000,6.000,6.000,6.000,6.000,6.000,6.000
1.6350,0.00040,0.04130,0.46242,1.00000,0.00036,0.00064,0.00228,0.00865,0.03035,0.30129,0.30051,0.00129,0.03981,2,0.03493,0.00129,0.034750,-0.00006,-0.5362,-0.0003,-0.0220,0.0376,-0.2254,-0.1391,-0.2542,0,0.04900,0.01900,0.0066,0.0162,0.011476,0.063603,-0.0503,0.3472,50.0752,0.0227,0.2001,50.5959,-0.0958,-0.0981,13.4708,-0.0243,-0.1383,14.4528,0.005425,-0.006576,50.0735,0.005285,-0.006321,50.5959,-0.008054,-0.019001,13.4711,-0.007588,-0.017371,14.4528,-0.00569,-0.15214,-0.52472,1.04163,-0.51774,0.15524,-0.00378,-0.15233,-0.52320,1.04731,-0.52573,0.15573,-0.00130,-0.00000,-0.00363,0.00000,-0.01312,1.98366,0.33362,-1.93933,0.27708,0.33300,0.01155,0.51154,-0.29123,-0.54653,-0.10329,0.27750,0.00006,-0.00009,-0.00163,-0.00010,6.000,6.000,12.000,12.000,6.000,6.000,6.000,6.000,12.000,12.000,6.000,6.000,6.000,6.000,6.000,6.000
1.6400,0.00041,0.04154,0.46242,1.00000,0.00036,0.00064,0.00229,0.00865,0.03052,0.30129,0.30051,0.00129,0.04000,2,0.03493,0.00129,0.034750,-0.00006,-0.5352,-0.0003,-0.0220,0.0372,-0.2253,-0.1384,-0.2542,0,0.04900,0.01900,0.0066,0.0165,0.011481,0.063593,-0.0500,0.3484,50.1575,0.0229,0.2008,50.6772,-0.0957,-0.1021,13.3893,-0.0245,-0.1402,14.3716,0.005430,-0.006584,50.1558,0.005291,-0.006330,50.6772,-0.008158,-0.019001,13.3896,-0.007681,-0.017367,14.3716,-0.00572,-0.15299,-0.52439,1.04096,-0.51740,0.15610,-0.00379,-0.15317,-0.52285,1.04666,-0.52544,0.15656,-0.00130,-0.00000,-0.00364,0.00001,-0.01322,1.99776,0.33496,-1.94116,0.27784,0.33388,0.01164,0.50866,-0.29227,-0.54310,-0.10395,0.27613,0.00007,-0.00009,-0.00164,-0.00010,6.000,6.000,12.000,12.000,6.000,6.000,6.000,6.000,12.000,12.000,6.000,6.000,6.000,6.000,6.000,6.000
1.6450,0.00041,0.04178,0.46242,1.00000,0.00036,0.00064,0.00230,0.00864,0.03070,0.30129,0.30051,0.00129,0.04018,2,0.03493,0.00129,0.034749,-0.00006,-0.5341,-0.0003,-0.0219,0.0367,-0.2251,-0.1377,-0.2543,0,0.04900,0.01900,0.0067,0.0168,0.011487,0.063584,-0.0496,0.3497,50.2397,0.0230,0.2015,50.7584,-0.0956,-0.1061,13.3079,-0.0246,-0.1421,14.2905,0.005435,-0.006592,50.2380,0.005296,-0.006338,50.7584,-0.008264,-0.019001,13.3082,-0.007775,-0.017363,14.2905,-0.00576,-0.15384,-0.52406,1.04029,-0.51706,0.15697,-0.00380,-0.15402,-0.52250,1.04601,-0.52514,0.15739,-0.00129,-0.00000,-0.00366,0.00001,-0.01333,2.01188,0.33628,-1.94297,0.27861,0.33475,0.01174,0.50575,-0.29331,-0.53968,-0.10461,0.27477,0.00007,-0.00009,-0.00165,-0.00010,6.000,6.000,12.000,12.000,6.000,6.000,6.000,6.000,12.000,12.000,6.000,6.000,6.000,6.000,6.000,6.000
1.6500,0.00042,0.04201,0.46241,1.00000,0.00036,0.00064,0.00231,0.00864,0.03088,0.30128,0.30051,0.00129,0.04036,2,0.03493,0.00129,0.034749,-0.00006,-0.5331,-0.0003,-0.0218,0.0363,-0.2250,-0.1369,-0.2544,0,0.04900,0.01900,0.0067,0.0171,0.011492,0.063576,-0.0493,0.3510,50.3219,0.0232,0.2022,50.8396,-0.0954,-0.1101,13.2265,-0.0248,-0.1440,14.2094,0.005440,-0.006600,50.3201,0.005302,-0.006346,50.8396,-0.008370,-0.019001,13.2269,-0.007870,-0.017360,14.2094,-0.00579,-0.15469,-0.52373,1.03962,-0.51671,0.15783,-0.00381,-0.15486,-0.52215,1.04536,-0.52484,0.15822,-0.00129,-0.00000,-0.00367,0.00001,-0.01343,2.02602,0.33761,-1.94477,0.27937,0.33559,0.01183,0.50281,-0.29435,-0.53627,-0.10527,0.27340,0.00007,-0.00009,-0.00166,-0.00010,6.000,6.000,12.000,12.000,6.000,6.000,6.000,6.000,12.000,12.000,6.000,6.000,6.000,6.000,6.000,6.000
1.6550,0.00042,0.04225,0.46241,1.00000,0.00036,0.00064,0.00233,0.00864,0.03105,0.30128,0.30051,0.00129,0.04054,2,0.03493,0.00129,0.034749,-0.00006,-0.5320,-0.0003,-0.0218,0.0359,-0.2249,-0.1362,-0.2545,0,0.04900,0.01900,0.0067,0.0175,0.011498,0.063568,-0.0490,0.3522,50.4039,0.0234,0.2029,50.9207,-0.0953,-0.1142,13.1453,-0.0250,-0.1460,14.1284,0.005444,-0.006607,50.4022,0.005307,-0.006353,50.9207,-0.008478,-0.019001,13.1457,-0.007966,-0.017356,14.1284,-0.00583,-0.15554,-0.52339,1.03893,-0.51637,0.15869,-0.00382,-0.15571,-0.52180,1.04470,-0.52454,0.15905,-0.00128,-0.00000,-0.00369,0.00001,-0.01353,2.04019,0.33893,-1.94655,0.28013,0.33642,0.01193,0.49984,-0.29538,-0.53285,-0.10592,0.27204,0.00007,-0.00009,-0.00168,-0.00010,6.000,6.000,12.000,12.000,6.000,6.000,6.000,6.000,12.000,12.000,6.000,6.000,6.000,6.000,6.000,6.000
1.6600,0.00043,0.04249,0.46241,1.00000,0.00036,0.00064,0.00234,0.00864,0.03123,0.30128,0.30051,0.00128,0.04072,2,0.03493,0.00128,0.034748,-0.00006,-0.5310,-0.0003,-0.0217,0.0355,-0.2248,-0.1354,-0.2546,0,0.04900,0.01900,0.0067,0.0178,0.011503,0.063560,-0.0487,0.3535,50.4859,0.0235,0.2037,51.0017,-0.0951,-0.1183,13.0641,-0.0251,-0.1479,14.0475,0.005449,-0.006614,50.4842,0.005312,-0.006361,51.0017,-0.008587,-0.019001,13.0645,-0.008062,-0.017353,14.0475,-0.00586,-0.15640,-0.52305,1.03825,-0.51602,0.15955,-0.00383,-0.15655,-0.52145,1.04404,-0.52424,0.15988,-0.00128,-0.00000,-0.00370,0.00001,-0.01364,2.05437,0.34024,-1.94831,0.28089,0.33722,0.01203,0.49683,-0.29641,-0.52944,-0.10657,0.27068,0.00008,-0.00009,-0.00169,-0.00010,6.000,6.000,12.000,12.000,6.000,6.000,6.000,6.000,12.000,12.000,6.000,6.000,6.000,6.000,6.000,6.000
1.6650,0.00043,0.04273,0.46241,1.00000,0.00036,0.00064,0.00235,0.00864,0.03140,0.30128,0.30051,0.00128,0.04089,2,0.03493,0.00128,0.034748,-0.00006,-0.5299,-0.0003,-0.0216,0.0350,-0.2247,-0.1347,-0.2547,0,0.04900,0.01900,0.0067,0.0181,0.011508,0.063553,-0.0483,0.3547,50.5678,0.0237,0.2044,51.0826,-0.0950,-0.1224,12.9830,-0.0253,-0.1498,13.9666,0.005454,-0.006620,50.5661,0.005318,-0.006367,51.0826,-0.008697,-0.019001,12.9834,-0.008160,-0.017349,13.9666,-0.00590,-0.15725,-0.52271,1.03756,-0.51567,0.16042,-0.00384,-0.15740,-0.52109,1.04338,-0.52394,0.16072,-0.00128,-0.00000,-0.00372,0.00001,-0.01374,2.06858,0.34155,-1.95005,0.28164,0.33801,0.01212,0.49380,-0.29743,-0.52604,-0.10722,0.26931,0.00008,-0.00009,-0.00170,-0.00010,6.000,6.000,12.000,12.000,6.000,6.000,6.000,6.000,12.000,12.000,6.000,6.000,6.000,6.000,6.000,6.000
1.6700,0.00044,0.04296,0.46241,1.00000,0.00036,0.00064,0.00236,0.00864,0.03158,0.30128,0.30051,0.00128,0.04107,2,0.03493,0.00128,0.034748,-0.00006,-0.5289,-0.0003,-0.0215,0.0346,-0.2245,-0.1339,-0.2548,0,0.04900,0.01900,0.0067,0.0185,0.011513,0.063546,-0.0480,0.3560,50.6497,0.0238,0.2051,51.1635,-0.0948,-0.1265,12.9019,-0.0255,-0.1517,13.8858,0.005458,-0.006626,50.6479,0.005323,-0.006374,51.1635,-0.008808,-0.019001,12.9024,-0.008258,-0.017345,13.8858,-0.00593,-0.15810,-0.52237,1.03687,-0.51532,0.16128,-0.00385,-0.15824,-0.52073,1.04271,-0.52363,0.16155,-0.00127,-0.00000,-0.00373,0.00001,-0.01384,2.08280,0.34286,-1.95178,0.28239,0.33877,0.01222,0.49074,-0.29845,-0.52264,-0.10787,0.26795,0.00008,-0.00009,-0.00171,-0.00010,6.000,6.000,12.000,12.000,6.000,6.000,6.000,6.000,12.000,12.000,6.000,6.000,6.000,6.000,6.000,6.000
1.6750,0.00044,0.04320,0.46241,1.00000,0.00036,0.00064,0.00237,0.00864,0.03175,0.30128,0.30051,0.00128,0.04125,2,0.03493,0.00128,0.034747,-0.00006,-0.5279,-0.0003,-0.0215,0.0342,-0.2244,-0.1331,-0.2549,0,0.04900,0.01900,0.0067,0.0188,0.011518,0.063539,-0.0477,0.3572,50.7314,0.0240,0.2058,51.2443,-0.0947,-0.1306,12.8210,-0.0257,-0.1537,13.8052,0.005463,-0.006632,50.7296,0.005328,-0.006380,51.2443,-0.008920,-0.019001,12.8214,-0.008357,-0.017342,13.8052,-0.00597,-0.15895,-0.52202,1.03617,-0.51496,0.16214,-0.00385,-0.15909,-0.52037,1.04203,-0.52332,0.16238,-0.00127,-0.00000,-0.00375,0.00001,-0.01395,2.09704,0.34416,-1.95349,0.28314,0.33952,0.01231,0.48764,-0.29946,-0.51924,-0.10851,0.26660,0.00009,-0.00009,-0.00172,-0.00010,6.000,6.000,12.000,12.000,6.000,6.000,6.000,6.000,12.000,12.000,6.000,6.000,6.000,6.000,6.000,6.000
1.6800,0.00045,0.04344,0.46241,1.00000,0.00036,0.00064,0.00238,0.00864,0.03193,0.30128,0.30051,0.00128,0.04143,2,0.03493,0.00128,0.034747,-0.00006,-0.5268,-0.0003,-0.0214,0.0337,-0.2243,-0.1323,-0.2550,0,0.04900,0.01900,0.0068,0.0192,0.011523,0.063533,-0.0473,0.3585,50.8131,0.0242,0.2065,51.3250,-0.0945,-0.1348,12.7401,-0.0258,-0.1556,13.7246,0.005467,-0.006637,50.8112,0.005333,-0.006385,51.3250,-0.009033,-0.019001,12.7406,-0.008457,-0.017338,13.7246,-0.00600,-0.15980,-0.52168,1.03546,-0.51460,0.16300,-0.00386,-0.15994,-0.52000,1.04135,-0.52301,0.16321,-0.00126,-0.00000,-0.00376,0.00001,-0.01405,2.11131,0.34546,-1.95518,0.28388,0.34024,0.01241,0.48452,-0.30046,-0.51585,-0.10915,0.26524,0.00009,-0.00009,-0.00174,-0.00010,6.000,6.000,12.000,12.000,6.000,6.000,6.000,6.000,12.000,12.000,6.000,6.000,6.000,6.000,6.000,6.000
1.6850,0.00045,0.04368,0.46241,1.00000,0.00036,0.00064,0.00240,0.00864,0.03211,0.30128,0.30051,0.00128,0.04161,2,0.03493,0.00128,0.034747,-0.00006,-0.5258,-0.0003,-0.0213,0.0333,-0.2242,-0.1315,-0.2551,0,0.04900,0.01900,0.0068,0.0195,0.011528,0.063528,-0.0470,0.3597,50.8946,0.0243,0.2073,51.4056,-0.0944,-0.1389,12.6593,-0.0260,-0.1576,13.6440,0.005472,-0.006642,50.8928,0.005338,-0.006390,51.4056,-0.009147,-0.019001,12.6598,-0.008558,-0.017334,13.6440,-0.00604,-0.16065,-0.52133,1.03476,-0.51424,0.16386,-0.00387,-0.16078,-0.51964,1.04067,-0.52269,0.16405,-0.00126,-0.00000,-0.00378,0.00001,-0.01416,2.12559,0.34675,-1.95685,0.28463,0.34094,0.01251,0.48136,-0.30146,-0.51247,-0.10979,0.26388,0.00009,-0.00009,-0.00175,-0.00010,6.000,6.000,12.000,12.000,6.000,6.000,6.000,6.000,12.000,12.000,6.000,6.000,6.000,6.000,6.000,6.000
1.6900,0.00046,0.04392,0.46241,1.00000,0.00036,0.00064,0.00241,0.00864,0.03228,0.30128,0.30051,0.00128,0.04179,2,0.03493,0.00128,0.034747,-0.00006,-0.5248,-0.0003,-0.0213,0.0329,-0.2241,-0.1306,-0.2553,0,0.04900,0.01900,0.0068,0.0199,0.011533,0.063522,-0.0467,0.3610,50.9761,0.0245,0.2080,51.4861,-0.0942,-0.1431,12.5786,-0.0262,-0.1595,13.5636,0.005476,-0.006646,50.9743,0.005343,-0.006395,51.4861,-0.009263,-0.019001,12.5791,-0.008660,-0.017331,13.5636,-0.00608,-0.16151,-0.52097,1.03404,-0.51388,0.16473,-0.00388,-0.16163,-0.51927,1.03998,-0.52238,0.16488,-0.00125,-0.00000,-0.00380,0.00001,-0.01426,2.13989,0.34804,-1.95851,0.28537,0.34162,0.01260,0.47818,-0.30246,-0.50909,-0.11043,0.26253,0.00009,-0.00009,-0.00176,-0.00009,6.000,6.000,12.000,12.000,6.000,6.000,6.000,6.000,12.000,12.000,6.000,6.000,6.000,6.000,6.000,6.000
1.6950,0.00046,0.04416,0.46241,1.00000,0.00035,0.00064,0.00242,0.00864,0.03246,0.30128,0.30051,0.00128,0.04197,2,0.03493,0.00128,0.034746,-0.00006,-0.5237,-0.0003,-0.0212,0.0324,-0.2240,-0.1298,-0.2554,0,0.04900,0.01900,0.0068,0.0202,0.011538,0.063517,-0.0463,0.3622,51.0575,0.0247,0.2087,51.5665,-0.0941,-0.1473,12.4980,-0.0263,-0.1615,13.4833,0.005480,-0.006650,51.0556,0.005348,-0.006399,51.5665,-0.009379,-0.019001,12.4985,-0.008763,-0.017327,13.4833,-0.00611,-0.16236,-0.52062,1.03333,-0.51352,0.16559,-0.00389,-0.16247,-0.51889,1.03928,-0.52206,0.16571,-0.00125,-0.00000,-0.00381,0.00002,-0.01436,2.15420,0.34932,-1.96015,0.28610,0.34229,0.01270,0.47497,-0.30344,-0.50571,-0.11106,0.26117,0.00010,-0.00009,-0.00177,-0.00009,6.000,6.000,12.000,12.000,6.000,6.000,6.000,6.000,12.000,12.000,6.000,6.000,6.000,6.000,6.000,6.000
1.7000,0.00047,0.04439,0.46240,1.00000,0.00035,0.00064,0.00243,0.00864,0.03263,0.30128,0.30051,0.00128,0.04215,2,0.03493,0.00128,0.034746,-0.00006,-0.5227,-0.0003,-0.0211,0.0320,-0.2238,-0.1289,-0.2555,0,0.04900,0.01900,0.0068,0.0206,0.011543,0.063513,-0.0460,0.3635,51.1388,0.0248,0.2095,51.6469,-0.0939,-0.1515,12.4174,-0.0265,-0.1634,13.4030,0.005485,-0.006654,51.1369,0.005353,-0.006403,51.6469,-0.009497,-0.019001,12.4180,-0.008867,-0.017323,13.4030,-0.00615,-0.16321,-0.52026,1.03260,-0.51315,0.16645,-0.00389,-0.16332,-0.51852,1.03858,-0.52174,0.16654,-0.00124,-0.00000,-0.00383,0.00002,-0.01447,2.16854,0.35060,-1.96177,0.28683,0.34293,0.01280,0.47173,-0.30443,-0.50234,-0.11169,0.25982,0.00010,-0.00009,-0.00179,-0.00009,6.000,6.000,12.000,12.000,6.000,6.000,6.000,6.000,12.000,12.000,6.000,6.000,6.000,6.000,6.000,6.000
1.7050,0.00048,0.04463,0.46240,1.00000,0.00035,0.00064,0.00244,0.00864,0.03281,0.30128,0.30051,0.00128,0.04233,2,0.03493,0.00128,0.034746,-0.00006,-0.5216,-0.0003,-0.0210,0.0315,-0.2237,-0.1280,-0.2557,0,0.04900,0.01900,0.0068,0.0210,0.011547,0.063509,-0.0457,0.3647,51.2199,0.0250,0.2102,51.7271,-0.0938,-0.1557,12.3370,-0.0267,-0.1654,13.3228,0.005489,-0.006657,51.2181,0.005358,-0.006407,51.7271,-0.009616,-0.019001,12.3376,-0.008972,-0.017320,13.3228,-0.00618,-0.16406,-0.51991,1.03188,-0.51279,0.16731,-0.00390,-0.16417,-0.51814,1.03788,-0.52142,0.16738,-0.00124,-0.00000,-0.00385,0.00002,-0.01457,2.18289,0.35188,-1.96337,0.28756,0.34355,0.01290,0.46845,-0.30541,-0.49897,-0.11232,0.25847,0.00010,-0.00009,-0.00180,-0.00009,6.000,6.000,12.000,12.000,6.000,6.000,6.000,6.000,12.000,12.000,6.000,6.000,6.000,6.000,6.000,6.000
1.7100,0.00048,0.04487,0.46240,1.00000,0.00035,0.00064,0.00246,0.00864,0.03299,0.30128,0.30051,0.00128,0.04250,2,0.03493,0.00128,0.034745,-0.00006,-0.5206,-0.0003,-0.0210,0.0311,-0.2236,-0.1272,-0.2558,0,0.04900,0.01900,0.0068,0.0213,0.011552,0.063505,-0.0454,0.3659,51.3010,0.0251,0.2110,51.8073,-0.0936,-0.1600,12.2567,-0.0269,-0.1673,13.2428,0.005493,-0.006660,51.2991,0.005363,-0.006410,51.8073,-0.009737,-0.019001,12.2572,-0.009078,-0.017316,13.2428,-0.00622,-0.16491,-0.51955,1.03115,-0.51242,0.16817,-0.00391,-0.16501,-0.51777,1.03717,-0.52109,0.16821,-0.00123,-0.00000,-0.00386,0.00002,-0.01467,2.19726,0.35315,-1.96495,0.28829,0.34415,0.01299,0.46515,-0.30638,-0.49561,-0.11294,0.25712,0.00011,-0.00009,-0.00181,-0.00009,6.000,6.000,12.000,12.000,6.000,6.000,6.000,6.000,12.000,12.000,6.000,6.000,6.000,6.000,6.000,6.000
1.7150,0.00049,0.04511,0.46240,1.00000,0.00035,0.00064,0.00247,0.00864,0.03316,0.30128,0.30051,0.00128,0.04268,2,0.03493,0.00128,0.034745,-0.00006,-0.5196,-0.0003,-0.0209,0.0306,-0.2235,-0.1263,-0.2560,0,0.04900,0.01900,0.0068,0.0217,0.011556,0.063502,-0.0450,0.3672,51.3820,0.0253,0.2117,51.8873,-0.0935,-0.1642,12.1764,-0.0270,-0.1693,13.1628,0.005497,-0.006662,51.3801,0.005368,-0.006413,51.8873,-0.009858,-0.019001,12.1770,-0.009185,-0.017312,13.1628,-0.00626,-0.16576,-0.51918,1.03041,-0.51204,0.16903,-0.00392,-0.16586,-0.51738,1.03646,-0.52077,0.16904,-0.00123,-0.00000,-0.00388,0.00002,-0.01478,2.21164,0.35441,-1.96651,0.28901,0.34473,0.01309,0.46182,-0.30734,-0.49226,-0.11356,0.25577,0.00011,-0.00010,-0.00182,-0.00009,6.000,6.000,12.000,12.000,6.000,6.000,6.000,6.000,12.000,12.000,6.000,6.000,6.000,6.000,6.000,6.000
1.7200,0.00049,0.04535,0.46240,1.00000,0.00035,0.00064,0.00248,0.00864,0.03334,0.30128,0.30051,0.00128,0.04286,2,0.03494,0.00128,0.034745,-0.00006,-0.5186,-0.0003,-0.0208,0.0302,-0.2234,-0.1253,-0.2561,0,0.04900,0.01900,0.0069,0.0221,0.011561,0.063499,-0.0447,0.3684,51.4629,0.0255,0.2124,51.9673,-0.0933,-0.1685,12.0963,-0.0272,-0.1713,13.0830,0.005501,-0.006664,51.4610,0.005372,-0.006415,51.9673,-0.009981,-0.019001,12.0969,-0.009292,-0.017308,13.0830,-0.00629,-0.16661,-0.51882,1.02968,-0.51167,0.16989,-0.00392,-0.16670,-0.51700,1.03575,-0.52044,0.16987,-0.00122,-0.00000,-0.00390,0.00002,-0.01488,2.22604,0.35568,-1.96806,0.28973,0.34529,0.01319,0.45846,-0.30830,-0.48891,-0.11418,0.25443,0.00011,-0.00010,-0.00184,-0.00009,6.000,6.000,12.000,12.000,6.000,6.000,6.000,6.000,12.000,12.000,6.000,6.000,6.000,6.000,6.000,6.000
1.7250,0.00050,0.04559,0.46240,1.00000,0.00035,0.00064,0.00249,0.00864,0.03352,0.30128,0.30051,0.00128,0.04304,2,0.03494,0.00128,0.034744,-0.00006,-0.5175,-0.0003,-0.0208,0.0297,-0.2233,-0.1244,-0.2563,0,0.04900,0.01900,0.0069,0.0225,0.011565,0.063496,-0.0444,0.3696,51.5436,0.0256,0.2132,52.0471,-0.0932,-0.1728,12.0162,-0.0274,-0.1733,13.0032,0.005505,-0.006665,51.5417,0.005377,-0.006417,52.0471,-0.010105,-0.019001,12.0168,-0.009401,-0.017305,13.0032,-0.00633,-0.16747,-0.51845,1.02893,-0.51129,0.17075,-0.00393,-0.16755,-0.51662,1.03503,-0.52011,0.17071,-0.00122,-0.00001,-0.00391,0.00002,-0.01499,2.24046,0.35693,-1.96959,0.29045,0.34582,0.01328,0.45507,-0.30926,-0.48556,-0.11479,0.25308,0.00012,-0.00010,-0.00185,-0.00009,6.000,6.000,12.000,12.000,6.000,6.000,6.000,6.000,12.000,12.000,6.000,6.000,6.000,6.000,6.000,6.000
1.7300,0.00050,0.04583,0.46240,1.00000,0.00035,0.00064,0.00250,0.00864,0.03369,0.30128,0.30051,0.00128,0.04321,2,0.03494,0.00128,0.034744,-0.00006,-0.5165,-0.0003,-0.0207,0.0292,-0.2232,-0.1235,-0.2565,0,0.04900,0.01900,0.0069,0.0229,0.011570,0.063494,-0.0441,0.3708,51.6243,0.0258,0.2139,52.1269,-0.0930,-0.1771,11.9363,-0.0275,-0.1752,12.9236,0.005509,-0.006667,51.6224,0.005381,-0.006419,52.1269,-0.010230,-0.019001,11.9369,-0.009511,-0.017301,12.9236,-0.00636,-0.16832,-0.51808,1.02818,-0.51091,0.17161,-0.00394,-0.16839,-0.51623,1.03430,-0.51977,0.17154,-0.00121,-0.00001,-0.00393,0.00003,-0.01509,2.25488,0.35818,-1.97110,0.29116,0.34634,0.01338,0.45166,-0.31021,-0.48223,-0.11540,0.25174,0.00012,-0.00010,-0.00186,-0.00009,6.000,6.000,12.000,12.000,6.000,6.000,6.000,6.000,12.000,12.000,6.000,6.000,6.000,6.000,6.000,6.000
1.7350,0.00051,0.04607,0.46240,1.00000,0.00035,0.00064,0.00251,0.00864,0.03387,0.30128,0.30051,0.00128,0.04339,2,0.03494,0.00128,0.034744,-0.00006,-0.5155,-0.0003,-0.0206,0.0288,-0.2231,-0.1225,-0.2566,0,0.04900,0.01900,0.0069,0.0233,0.011574,0.063492,-0.0437,0.3720,51.7048,0.0260,0.2147,52.2065,-0.0929,-0.1814,11.8565,-0.0277,-0.1772,12.8440,0.005513,-0.006667,51.7029,0.005386,-0.006420,52.2065,-0.010357,-0.019001,11.8571,-0.009622,-0.017297,12.8440,-0.00640,-0.16917,-0.51771,1.02743,-0.51053,0.17247,-0.00394,-0.16924,-0.51584,1.03357,-0.51944,0.17237,-0.00121,-0.00001,-0.00395,0.00003,-0.01519,2.26933,0.35943,-1.97258,0.29187,0.34684,0.01348,0.44821,-0.31115,-0.47889,-0.11601,0.25040,0.00012,-0.00010,-0.00188,-0.00009,6.000,6.000,12.000,12.000,6.000,6.000,6.000,6.000,12.000,12.000,6.000,6.000,6.000,6.000,6.000,6.000
1.7400,0.00051,0.04630,0.46240,1.00000,0.00034,0.00064,0.00253,0.00864,0.03405,0.30128,0.30051,0.00128,0.04357,2,0.03494,0.00128,0.034743,-0.00006,-0.5144,-0.0003,-0.0205,0.0283,-0.2230,-0.1215,-0.2568,0,0.04900,0.01900,0.0069,0.0237,0.011578,0.063490,-0.0434,0.3733,51.7852,0.0261,0.2155,52.2860,-0.0927,-0.1857,11.7767,-0.0279,-0.1792,12.7646,0.005517,-0.006668,51.7833,0.005390,-0.006421,52.2860,-0.010485,-0.019001,11.7774,-0.009734,-0.017293,12.7646,-0.00644,-0.17002,-0.51733,1.02668,-0.51015,0.17333,-0.00395,-0.17008,-0.51544,1.03284,-0.51910,0.17320,-0.00120,-0.00001,-0.00397,0.00003,-0.01530,2.28378,0.36067,-1.97406,0.29257,0.34731,0.01357,0.44474,-0.31209,-0.47557,-0.11662,0.24906,0.00013,-0.00010,-0.00189,-0.00009,6.000,6.000,12.000,12.000,6.000,6.000,6.000,6.000,12.000,12.000,6.000,6.000,6.000,6.000,6.000,6.000
1.7450,0.00052,0.04654,0.46240,1.00000,0.00034,0.00064,0.00254,0.00864,0.03422,0.30127,0.30051,0.00128,0.04374,2,0.03494,0.00128,0.034743,-0.00006,-0.5134,-0.0003,-0.0205,0.0278,-0.2229,-0.1205,-0.2570,0,0.04900,0.01900,0.0069,0.0241,0.011583,0.063489,-0.0431,0.3745,51.8655,0.0263,0.2162,52.3654,-0.0926,-0.1900,11.6971,-0.0281,-0.1812,12.6853,0.005520,-0.006668,51.8636,0.005395,-0.006422,52.3654,-0.010615,-0.019001,11.6978,-0.009847,-0.017290,12.6853,-0.00647,-0.17087,-0.51696,1.02591,-0.50976,0.17418,-0.00395,-0.17093,-0.51505,1.03210,-0.51876,0.17403,-0.00120,-0.00001,-0.00399,0.00003,-0.01540,2.29825,0.36191,-1.97551,0.29328,0.34777,0.01367,0.44124,-0.31302,-0.47225,-0.11722,0.24772,0.00013,-0.00010,-0.00190,-0.00009,6.000,6.000,12.000,12.000,6.000,6.000,6.000,6.000,12.000,12.000,6.000,6.000,6.000,6.000,6.000,6.000
1.7500,0.00052,0.04678,0.46239,1.00000,0.00034,0.00064,0.00255,0.00864,0.03440,0.30127,0.30051,0.00128,0.04392,2,0.03494,0.00128,0.034743,-0.00006,-0.5124,-0.0003,-0.0204,0.0273,-0.2228,-0.1195,-0.2572,0,0.04900,0.01900,0.0069,0.0245,0.011587,0.063489,-0.0428,0.3757,51.9457,0.0264,0.2170,52.4447,-0.0924,-0.1944,11.6176,-0.0282,-0.1832,12.6060,0.005524,-0.006667,51.9438,0.005399,-0.006422,52.4447,-0.010745,-0.019001,11.6183,-0.009961,-0.017286,12.6060,-0.00651,-0.17172,-0.51658,1.02515,-0.50937,0.17504,-0.00396,-0.17177,-0.51465,1.03136,-0.51842,0.17487,-0.00119,-0.00001,-0.00400,0.00003,-0.01550,2.31274,0.36314,-1.97694,0.29397,0.34820,0.01377,0.43770,-0.31395,-0.46893,-0.11782,0.24639,0.00013,-0.00010,-0.00192,-0.00009,6.000,6.000,12.000,12.000,6.000,6.000,6.000,6.000,12.000,12.000,6.000,6.000,6.000,6.000,6.000,6.000
1.7550,0.00053,0.04702,0.46239,1.00000,0.00034,0.00064,0.00256,0.00864,0.03458,0.30127,0.30051,0.00128,0.04409,2,0.03494,0.00128,0.034742,-0.00006,-0.5114,-0.0003,-0.0203,0.0269,-0.2227,-0.1185,-0.2574,0,0.04900,0.01900,0.0070,0.0249,0.011591,0.063488,-0.0425,0.3769,52.0258,0.0266,0.2177,52.5239,-0.0923,-0.1988,11.5382,-0.0284,-0.1852,12.5270,0.005527,-0.006667,52.0238,0.005403,-0.006422,52.5239,-0.010878,-0.019001,11.5389,-0.010076,-0.017282,12.5270,-0.00655,-0.17257,-0.51620,1.02438,-0.50898,0.17590,-0.00396,-0.17261,-0.51425,1.03061,-0.51807,0.17570,-0.00119,-0.00001,-0.00402,0.00003,-0.01561,2.32723,0.36436,-1.97835,0.29467,0.34861,0.01386,0.43415,-0.31487,-0.46563,-0.11841,0.24505,0.00014,-0.00010,-0.00193,-0.00009,6.000,6.000,12.000,12.000,6.000,6.000,6.000,6.000,12.000,12.000,6.000,6.000,6.000,6.000,6.000,6.000
1.7600,0.00054,0.04726,0.46239,1.00000,0.00034,0.00064,0.00257,0.00864,0.03475,0.30127,0.30051,0.00128,0.04427,2,0.03494,0.00128,0.034742,-0.00006,-0.5103,-0.0003,-0.0203,0.0264,-0.2226,-0.1175,-0.2576,0,0.04900,0.01900,0.0070,0.0254,0.011595,0.063488,-0.0421,0.3781,52.1057,0.0268,0.2185,52.6030,-0.0921,-0.2031,11.4590,-0.0286,-0.1872,12.4480,0.005531,-0.006665,52.1038,0.005407,-0.006421,52.6030,-0.011011,-0.019001,11.4597,-0.010192,-0.017278,12.4480,-0.00658,-0.17342,-0.51582,1.02361,-0.50859,0.17675,-0.00397,-0.17346,-0.51385,1.02986,-0.51773,0.17653,-0.00118,-0.00001,-0.00404,0.00004,-0.01571,2.34174,0.36558,-1.97975,0.29536,0.34901,0.01396,0.43056,-0.31578,-0.46232,-0.11900,0.24372,0.00014,-0.00010,-0.00194,-0.00009,6.000,6.000,12.000,12.000,6.000,6.000,6.000,6.000,12.000,12.000,6.000,6.000,6.000,6.000,6.000,6.000
1.7650,0.00054,0.04750,0.46239,1.00000,0.00034,0.00064,0.00258,0.00864,0.03493,0.30127,0.30051,0.00128,0.04445,2,0.03494,0.00128,0.034742,-0.00006,-0.5093,-0.0003,-0.0202,0.0259,-0.2225,-0.1164,-0.2578,0,0.04900,0.01900,0.0070,0.0258,0.011599,0.063489,-0.0418,0.3793,52.1856,0.0269,0.2193,52.6819,-0.0920,-0.2075,11.3798,-0.0288,-0.1892,12.3691,0.005535,-0.006664,52.1836,0.005411,-0.006420,52.6819,-0.011146,-0.019001,11.3805,-0.010309,-0.017275,12.3691,-0.00662,-0.17426,-0.51543,1.02283,-0.50820,0.17761,-0.00398,-0.17430,-0.51345,1.02910,-0.51738,0.17736,-0.00118,-0.00001,-0.00406,0.00004,-0.01581,2.35626,0.36680,-1.98112,0.29605,0.34938,0.01406,0.42695,-0.31669,-0.45903,-0.11959,0.24239,0.00014,-0.00010,-0.00196,-0.00008,6.000,6.000,12.000,12.000,6.000,6.000,6.000,6.000,12.000,12.000,6.000,6.000,6.000,6.000,6.000,6.000
1.7700,0.00055,0.04774,0.46239,1.00000,0.00034,0.00064,0.00260,0.00864,0.03511,0.30127,0.30051,0.00128,0.04462,2,0.03494,0.00128,0.034741,-0.00006,-0.5083,-0.0003,-0.0201,0.0254,-0.2224,-0.1154,-0.2580,0,0.04900,0.01900,0.0070,0.0262,0.011603,0.063490,-0.0415,0.3805,52.2653,0.0271,0.2200,52.7607,-0.0918,-0.2119,11.3008,-0.0289,-0.1912,12.2904,0.005538,-0.006662,52.2633,0.005415,-0.006419,52.7607,-0.011283,-0.019001,11.3015,-0.010428,-0.017271,12.2904,-0.00666,-0.17511,-0.51505,1.02204,-0.50780,0.17847,-0.00398,-0.17514,-0.51304,1.02834,-0.51703,0.17819,-0.00117,-0.00001,-0.00408,0.00004,-0.01592,2.37078,0.36801,-1.98248,0.29673,0.34973,0.01415,0.42331,-0.31759,-0.45574,-0.12018,0.24106,0.00015,-0.00010,-0.00197,-0.00008,6.000,6.000,12.000,12.000,6.000,6.000,6.000,6.000,12.000,12.000,6.000,6.000,6.000,6.000,6.000,6.000
1.7750,0.00055,0.04798,0.46239,1.00000,0.00034,0.00064,0.00261,0.00864,0.03528,0.30127,0.30051,0.00128,0.04480,2,0.03494,0.00128,0.034741,-0.00006,-0.5073,-0.0003,-0.0200,0.0249,-0.2223,-0.1143,-0.2583,0,0.04900,0.01900,0.0070,0.0267,0.011607,0.063491,-0.0412,0.3817,52.3448,0.0273,0.2208,52.8394,-0.0917,-0.2164,11.2219,-0.0291,-0.1932,12.2118,0.005541,-0.006660,52.3428,0.005419,-0.006417,52.8394,-0.011421,-0.019001,11.2226,-0.010548,-0.017267,12.2118,-0.00670,-0.17596,-0.51466,1.02126,-0.50740,0.17932,-0.00399,-0.17599,-0.51263,1.02758,-0.51668,0.17902,-0.00117,-0.00001,-0.00410,0.00004,-0.01602,2.38532,0.36921,-1.98381,0.29741,0.35006,0.01425,0.41964,-0.31848,-0.45246,-0.12076,0.23974,0.00015,-0.00010,-0.00199,-0.00008,6.000,6.000,12.000,12.000,6.000,6.000,6.000,6.000,12.000,12.000,6.000,6.000,6.000,6.000,6.000,6.000
1.7800,0.00056,0.04822,0.46239,1.00000,0.00033,0.00064,0.00262,0.00864,0.03546,0.30127,0.30051,0.00128,0.04497,2,0.03494,0.00128,0.034741,-0.00006,-0.5062,-0.0003,-0.0200,0.0244,-0.2222,-0.1132,-0.2585,0,0.04900,0.01900,0.0070,0.0271,0.011610,0.063492,-0.0409,0.3828,52.4243,0.0274,0.2216,52.9180,-0.0915,-0.2208,11.1431,-0.0293,-0.1952,12.1333,0.005545,-0.006657,52.4223,0.005423,-0.006415,52.9180,-0.011560,-0.019001,11.1438,-0.010668,-0.017263,12.1333,-0.00673,-0.17681,-0.51427,1.02047,-0.50700,0.18017,-0.00399,-0.17683,-0.51222,1.02681,-0.51632,0.17985,-0.00116,-0.00001,-0.00412,0.00004,-0.01612,2.39987,0.37041,-1.98513,0.29809,0.35037,0.01435,0.41594,-0.31937,-0.44919,-0.12134,0.23841,0.00015,-0.00010,-0.00200,-0.00008,6.000,6.000,12.000,12.000,6.000,6.000,6.000,6.000,12.000,12.000,6.000,6.000,6.000,6.000,6.000,6.000
1.7850,0.00057,0.04846,0.46239,1.00000,0.00033,0.00064,0.00263,0.00864,0.03564,0.30127,0.30051,0.00128,0.04514,2,0.03494,0.00128,0.034741,-0.00006,-0.5052,-0.0003,-0.0199,0.0239,-0.2221,-0.1121,-0.2587,0,0.04900,0.01900,0.0070,0.0276,0.011614,0.063494,-0.0405,0.3840,52.5035,0.0276,0.2223,52.9964,-0.0914,-0.2252,11.0644,-0.0294,-0.1972,12.0550,0.005548,-0.006654,52.5015,0.005427,-0.006412,52.9964,-0.011701,-0.019001,11.0652,-0.010790,-0.017259,12.0550,-0.00677,-0.17766,-0.51387,1.01967,-0.50660,0.18103,-0.00399,-0.17767,-0.51181,1.02603,-0.51597,0.18068,-0.00116,-0.00001,-0.00414,0.00005,-0.01622,2.41443,0.37161,-1.98642,0.29877,0.35066,0.01444,0.41222,-0.32026,-0.44592,-0.12192,0.23709,0.00016,-0.00010,-0.00202,-0.00008,6.000,6.000,12.000,12.000,6.000,6.000,6.000,6.000,12.000,12.000,6.000,6.000,6.000,6.000,6.000,6.000
1.7900,0.00057,0.04869,0.46239,1.00000,0.00033,0.00064,0.00264,0.00864,0.03581,0.30127,0.30051,0.00128,0.04532,2,0.03494,0.00128,0.034740,-0.00006,-0.5042,-0.0003,-0.0198,0.0235,-0.2220,-0.1110,-0.2590,0,0.04900,0.01900,0.0071,0.0280,0.011618,0.063496,-0.0402,0.3852,52.5827,0.0278,0.2231,53.0747,-0.0912,-0.2297,10.9859,-0.0296,-0.1992,11.9768,0.005551,-0.006650,52.5807,0.005431,-0.006410,53.0747,-0.011844,-0.019001,10.9867,-0.010913,-0.017256,11.9768,-0.00681,-0.17850,-0.51348,1.01887,-0.50619,0.18188,-0.00400,-0.17851,-0.51139,1.02525,-0.51561,0.18151,-0.00115,-0.00001,-0.00416,0.00005,-0.01633,2.42900,0.37280,-1.98770,0.29944,0.35092,0.01454,0.40847,-0.32113,-0.44266,-0.12249,0.23577,0.00016,-0.00010,-0.00203,-0.00008,6.000,6.000,12.000,12.000,6.000,6.000,6.000,6.000,12.000,12.000,6.000,6.000,6.000,6.000,6.000,6.000
1.7950,0.00058,0.04893,0.46239,1.00000,0.00033,0.00064,0.00265,0.00864,0.03599,0.30127,0.30051,0.00128,0.04549,2,0.03494,0.00128,0.034740,-0.00006,-0.5032,-0.0003,-0.0198,0.0230,-0.2219,-0.1099,-0.2592,0,0.04900,0.01900,0.0071,0.0285,0.011621,0.063499,-0.0399,0.3864,52.6617,0.0279,0.2239,53.1529,-0.0911,-0.2342,10.9075,-0.0298,-0.2012,11.8987,0.005554,-0.006647,52.6597,0.005435,-0.006406,53.1529,-0.011988,-0.019001,10.9083,-0.011038,-0.017252,11.8987,-0.00684,-0.17935,-0.51308,1.01807,-0.50579,0.18273,-0.00400,-0.17935,-0.51098,1.02447,-0.51525,0.18234,-0.00114,-0.00001,-0.00418,0.00005,-0.01643,2.44357,0.37398,-1.98896,0.30010,0.35117,0.01463,0.40470,-0.32200,-0.43941,-0.12306,0.23446,0.00017,-0.00010,-0.00205,-0.00008,6.000,6.000,12.000,12.000,6.000,6.000,6.000,6.000,12.000,12.000,6.000,6.000,6.000,6.000,6.000,6.000
1.8000,0.00058,0.04917,0.46238,1.00000,0.00033,0.00064,0.00266,0.00864,0.03617,0.30127,0.30051,0.00129,0.04567,2,0.03494,0.00129,0.034740,-0.00006,-0.5022,-0.0003,-0.0197,0.0225,-0.2218,-0.1087,-0.2595,0,0.04900,0.01900,0.0071,0.0290,0.011625,0.063502,-0.0396,0.3876,52.7406,0.0281,0.2247,53.2309,-0.0909,-0.2387,10.8292,-0.0300,-0.2032,11.8207,0.005557,-0.006642,52.7386,0.005438,-0.006403,53.2309,-0.012134,-0.019001,10.8301,-0.011163,-0.017248,11.8207,-0.00688,-0.18019,-0.51268,1.01726,-0.50538,0.18358,-0.00401,-0.18019,-0.51056,1.02369,-0.51489,0.18316,-0.00114,-0.00001,-0.00420,0.00005,-0.01653,2.45816,0.37516,-1.99019,0.30076,0.35139,0.01473,0.40090,-0.32287,-0.43616,-0.12362,0.23314,0.00017,-0.00010,-0.00206,-0.00008,6.000,6.000,12.000,12.000,6.000,6.000,6.000,6.000,12.000,12.000,6.000,6.000,6.000,6.000,6.000,6.000
1.8050,0.00059,0.04941,0.46238,1.00000,0.00033,0.00064,0.00268,0.00864,0.03634,0.30127,0.30051,0.00129,0.04584,2,0.03494,0.00129,0.034739,-0.00006,-0.5012,-0.0003,-0.0196,0.0220,-0.2217,-0.1076,-0.2597,0,0.04900,0.01900,0.0071,0.0294,0.011628,0.063505,-0.0393,0.3887,52.8194,0.0282,0.2254,53.3088,-0.0908,-0.2432,10.7511,-0.0301,-0.2052,11.7429,0.005560,-0.006638,52.8173,0.005442,-0.006399,53.3088,-0.012281,-0.019001,10.7519,-0.011290,-0.017244,11.7429,-0.00692,-0.18104,-0.51228,1.01645,-0.50497,0.18443,-0.00401,-0.18103,-0.51014,1.02290,-0.51452,0.18399,-0.00113,-0.00001,-0.00422,0.00005,-0.01663,2.47275,0.37633,-1.99141,0.30142,0.35160,0.01482,0.39707,-0.32372,-0.43292,-0.12419,0.23183,0.00017,-0.00010,-0.00208,-0.00008,6.000,6.000,12.000,12.000,6.000,6.000,6.000,6.000,12.000,12.000,6.000,6.000,6.000,6.000,6.000,6.000
1.8100,0.00060,0.04965,0.46238,1.00000,0.00032,0.00064,0.00269,0.00864,0.03652,0.30127,0.30051,0.00129,0.04601,2,0.03494,0.00129,0.034739,-0.00006,-0.5001,-0.0003,-0.0195,0.0214,-0.2216,-0.1064,-0.2600,0,0.04900,0.01900,0.0071,0.0299,0.011632,0.063509,-0.0390,0.3899,52.8979,0.0284,0.2262,53.3866,-0.0906,-0.2477,10.6731,-0.0303,-0.2072,11.6653,0.005563,-0.006633,52.8959,0.005446,-0.006395,53.3866,-0.012430,-0.019001,10.6740,-0.011418,-0.017240,11.6653,-0.00696,-0.18188,-0.51188,1.01563,-0.50455,0.18528,-0.00401,-0.18187,-0.50971,1.02210,-0.51416,0.18482,-0.00113,-0.00001,-0.00424,0.00006,-0.01673,2.48735,0.37749,-1.99260,0.30208,0.35178,0.01492,0.39322,-0.32458,-0.42969,-0.12475,0.23052,0.00018,-0.00010,-0.00209,-0.00008,6.000,6.000,12.000,12.000,6.000,6.000,6.000,6.000,12.000,12.000,6.000,6.000,6.000,6.000,6.000,6.000
1.8150,0.00060,0.04989,0.46238,1.00000,0.00032,0.00064,0.00270,0.00864,0.03670,0.30127,0.30051,0.00129,0.04618,2,0.03495,0.00129,0.034739,-0.00006,-0.4991,-0.0003,-0.0195,0.0209,-0.2215,-0.1052,-0.2603,0,0.04900,0.01900,0.0071,0.0304,0.011635,0.063513,-0.0387,0.3910,52.9764,0.0286,0.2270,53.4642,-0.0904,-0.2522,10.5953,-0.0305,-0.2093,11.5877,0.005566,-0.006628,52.9744,0.005449,-0.006390,53.4642,-0.012581,-0.019001,10.5961,-0.011547,-0.017236,11.5877,-0.00699,-0.18273,-0.51147,1.01481,-0.50414,0.18613,-0.00402,-0.18271,-0.50929,1.02130,-0.51379,0.18564,-0.00112,-0.00001,-0.00426,0.00006,-0.01683,2.50195,0.37866,-1.99378,0.30273,0.35194,0.01501,0.38934,-0.32542,-0.42647,-0.12530,0.22921,0.00018,-0.00010,-0.00211,-0.00008,6.000,6.000,12.000,12.000,6.000,6.000,6.000,6.000,12.000,12.000,6.000,6.000,6.000,6.000,6.000,6.000
1.8200,0.00061,0.05013,0.46238,1.00000,0.00032,0.00064,0.00271,0.00864,0.03687,0.30127,0.30051,0.00129,0.04636,2,0.03495,0.00129,0.034738,-0.00006,-0.4981,-0.0003,-0.0194,0.0204,-0.2214,-0.1040,-0.2605,0,0.04900,0.01900,0.0071,0.0309,0.011639,0.063517,-0.0383,0.3922,53.0547,0.0287,0.2278,53.5417,-0.0903,-0.2567,10.5176,-0.0307,-0.2113,11.5104,0.005569,-0.006622,53.0526,0.005453,-0.006385,53.5417,-0.012733,-0.019001,10.5184,-0.011678,-0.017233,11.5104,-0.00703,-0.18357,-0.51106,1.01398,-0.50372,0.18698,-0.00402,-0.18354,-0.50886,1.02050,-0.51342,0.18647,-0.00112,-0.00001,-0.00428,0.00006,-0.01693,2.51656,0.37981,-1.99494,0.30338,0.35209,0.01511,0.38543,-0.32626,-0.42326,-0.12585,0.22790,0.00019,-0.00010,-0.00212,-0.00008,6.000,6.000,12.000,12.000,6.000,6.000,6.000,6.000,12.000,12.000,6.000,6.000,6.000,6.000,6.000,6.000
1.8250,0.00061,0.05037,0.46238,1.00000,0.00032,0.00064,0.00272,0.00864,0.03705,0.30127,0.30051,0.00129,0.04653,2,0.03495,0.00129,0.034738,-0.00006,-0.4971,-0.0003,-0.0193,0.0199,-0.2213,-0.1028,-0.2608,0,0.04900,0.01900,0.0072,0.0314,0.011642,0.063522,-0.0380,0.3934,53.1328,0.0289,0.2286,53.6190,-0.0901,-0.2613,10.4400,-0.0308,-0.2133,11.4331,0.005572,-0.006616,53.1308,0.005456,-0.006380,53.6190,-0.012888,-0.019001,10.4409,-0.011810,-0.017229,11.4331,-0.00707,-0.18441,-0.51065,1.01316,-0.50330,0.18783,-0.00402,-0.18438,-0.50843,1.01969,-0.51304,0.18730,-0.00111,-0.00001,-0.00430,0.00006,-0.01704,2.53118,0.38096,-1.99607,0.30402,0.35221,0.01520,0.38150,-0.32709,-0.42005,-0.12640,0.22660,0.00019,-0.00010,-0.00214,-0.00008,6.000,6.000,12.000,12.000,6.000,6.000,6.000,6.000,12.000,12.000,6.000,6.000,6.000,6.000,6.000,6.000
1.8300,0.00062,0.05060,0.46238,1.00000,0.00032,0.00064,0.00273,0.00864,0.03723,0.30127,0.30051,0.00129,0.04670,2,0.03495,0.00129,0.034738,-0.00006,-0.4961,-0.0003,-0.0193,0.0194,-0.2213,-0.1016,-0.2611,0,0.04900,0.01900,0.0072,0.0319,0.011645,0.063527,-0.0377,0.3945,53.2108,0.0291,0.2293,53.6962,-0.0900,-0.2659,10.3626,-0.0310,-0.2153,11.3560,0.005574,-0.006610,53.2088,0.005459,-0.006374,53.6962,-0.013043,-0.019001,10.3635,-0.011943,-0.017225,11.3560,-0.00710,-0.18525,-0.51024,1.01232,-0.50288,0.18868,-0.00403,-0.18522,-0.50799,1.01888,-0.51267,0.18812,-0.00111,-0.00001,-0.00432,0.00007,-0.01714,2.54580,0.38210,-1.99719,0.30466,0.35231,0.01530,0.37755,-0.32792,-0.41685,-0.12695,0.22529,0.00019,-0.00010,-0.00215,-0.00008,6.000,6.000,12.000,12.000,6.000,6.000,6.000,6.000,12.000,12.000,6.000,6.000,6.000,6.000,6.000,6.000
1.8350,0.00063,0.05084,0.46238,1.00000,0.00032,0.00065,0.00274,0.00864,0.03740,0.30127,0.30051,0.00129,0.04687,2,0.03495,0.00129,0.034737,-0.00006,-0.4951,-0.0003,-0.0192,0.0189,-0.2212,-0.1003,-0.2614,0,0.04900,0.01900,0.0072,0.0325,0.011648,0.063532,-0.0374,0.3956,53.2887,0.0292,0.2301,53.7732,-0.0898,-0.2704,10.2853,-0.0312,-0.2173,11.2791,0.005577,-0.006603,53.2866,0.005462,-0.006368,53.7732,-0.013201,-0.019001,10.2862,-0.012077,-0.017221,11.2791,-0.00714,-0.18610,-0.50983,1.01149,-0.50246,0.18952,-0.00403,-0.18605,-0.50756,1.01806,-0.51229,0.18894,-0.00110,-0.00001,-0.00434,0.00007,-0.01724,2.56043,0.38324,-1.99828,0.30529,0.35238,0.01539,0.37357,-0.32874,-0.41366,-0.12749,0.22399,0.00020,-0.00010,-0.00217,-0.00008,6.000,6.000,12.000,12.000,6.000,6.000,6.000,6.000,12.000,12.000,6.000,6.000,6.000,6.000,6.000,6.000
1.8400,0.00063,0.05108,0.46238,1.00000,0.00031,0.00065,0.00276,0.00864,0.03758,0.30127,0.30051,0.00129,0.04704,2,0.03495,0.00129,0.034737,-0.00006,-0.4941,-0.0003,-0.0191,0.0184,-0.2211,-0.0991,-0.2617,0,0.04900,0.01900,0.0072,0.0330,0.011651,0.063538,-0.0371,0.3968,53.3664,0.0294,0.2309,53.8501,-0.0897,-0.2750,10.2082,-0.0314,-0.2194,11.2023,0.005580,-0.006596,53.3643,0.005466,-0.006362,53.8501,-0.013361,-0.019001,10.2091,-0.012213,-0.017217,11.2023,-0.00718,-0.18694,-0.50941,1.01064,-0.50203,0.19037,-0.00403,-0.18689,-0.50712,1.01724,-0.51192,0.18977,-0.00109,-0.00001,-0.00437,0.00007,-0.01734,2.57506,0.38437,-1.99935,0.30592,0.35244,0.01549,0.36956,-0.32955,-0.41047,-0.12803,0.22270,0.00020,-0.00010,-0.00218,-0.00008,6.000,6.000,12.000,12.000,6.000,6.000,6.000,6.000,12.000,12.000,6.000,6.000,6.000,6.000,6.000,6.000
1.8450,0.00064,0.05132,0.46238,1.00000,0.00031,0.00065,0.00277,0.00864,0.03776,0.30127,0.30051,0.00129,0.04721,2,0.03495,0.00129,0.034737,-0.00006,-0.4931,-0.0003,-0.0190,0.0178,-0.2210,-0.0978,-0.2620,0,0.04900,0.01900,0.0072,0.0335,0.011654,0.063544,-0.0368,0.3979,53.4439,0.0295,0.2317,53.9268,-0.0895,-0.2796,10.1312,-0.0315,-0.2214,11.1257,0.005582,-0.006588,53.4418,0.005469,-0.006355,53.9268,-0.013522,-0.019001,10.1322,-0.012350,-0.017213,11.1257,-0.00722,-0.18778,-0.50899,1.00980,-0.50160,0.19121,-0.00403,-0.18772,-0.50668,1.01642,-0.51153,0.19059,-0.00109,-0.00001,-0.00439,0.00007,-0.01744,2.58969,0.38550,-2.00041,0.30655,0.35248,0.01558,0.36553,-0.33035,-0.40730,-0.12856,0.22140,0.00021,-0.00010,-0.00220,-0.00008,6.000,6.000,12.000,12.000,6.000,6.000,6.000,6.000,12.000,12.000,6.000,6.000,6.000,6.000,6.000,6.000
1.8500,0.00065,0.05156,0.46238,1.00000,0.00031,0.00065,0.00278,0.00864,0.03793,0.30127,0.30051,0.00129,0.04738,2,0.03495,0.00129,0.034736,-0.00006,-0.4921,-0.0003,-0.0190,0.0173,-0.2209,-0.0965,-0.2623,0,0.04900,0.01900,0.0072,0.0340,0.011657,0.063551,-0.0365,0.3990,53.5212,0.0297,0.2325,54.0034,-0.0893,-0.2842,10.0544,-0.0317,-0.2234,11.0492,0.005585,-0.006581,53.5192,0.005472,-0.006348,54.0034,-0.013685,-0.019001,10.0554,-0.012489,-0.017209,11.0492,-0.00726,-0.18861,-0.50858,1.00895,-0.50117,0.19205,-0.00404,-0.18855,-0.50624,1.01559,-0.51115,0.19141,-0.00108,-0.00001,-0.00441,0.00008,-0.01753,2.60433,0.38662,-2.00144,0.30717,0.35249,0.01567,0.36148,-0.33115,-0.40413,-0.12909,0.22011,0.00021,-0.00010,-0.00221,-0.00008,6.000,6.000,12.000,12.000,6.000,6.000,6.000,6.000,12.000,12.000,6.000,6.000,6.000,6.000,6.000,6.000
1.8550,0.00065,0.05179,0.46237,1.00000,0.00031,0.00065,0.00279,0.00864,0.03811,0.30126,0.30051,0.00129,0.04755,2,0.03495,0.00129,0.034736,-0.00007,-0.4911,-0.0003,-0.0189,0.0168,-0.2208,-0.0952,-0.2627,0,0.04900,0.01900,0.0072,0.0346,0.011660,0.063558,-0.0362,0.4002,53.5984,0.0299,0.2333,54.0798,-0.0892,-0.2888,9.9778,-0.0319,-0.2254,10.9729,0.005587,-0.006572,53.5964,0.005475,-0.006340,54.0798,-0.013850,-0.019001,9.9787,-0.012629,-0.017206,10.9729,-0.00729,-0.18945,-0.50815,1.00810,-0.50075,0.19289,-0.00403,-0.18938,-0.50580,1.01476,-0.51077,0.19223,-0.00107,-0.00001,-0.00444,0.00008,-0.01763,2.61897,0.38773,-2.00245,0.30779,0.35249,0.01577,0.35740,-0.33195,-0.40097,-0.12962,0.21882,0.00022,-0.00010,-0.00223,-0.00008,6.000,6.000,12.000,12.000,6.000,6.000,6.000,6.000,12.000,12.000,6.000,6.000,6.000,6.000,6.000,6.000
1.8600,0.00066,0.05203,0.46237,1.00000,0.00029,0.00064,0.00278,0.00864,0.03828,0.30126,0.30051,0.00129,0.04772,2,0.03495,0.00129,0.034736,-0.00009,-0.4890,-0.0003,-0.0189,0.0225,-0.2224,-0.0095,-0.2525,0,0.04900,0.01900,0.0013,0.0411,0.011818,0.063708,-0.0360,0.4236,53.6680,0.0401,0.0149,54.2769,-0.0890,-0.2743,9.8977,-0.0426,-0.2638,10.8467,0.005584,-0.006751,53.6658,0.005633,-0.006189,54.2769,-0.014055,-0.019001,9.8986,-0.012817,-0.017208,10.8467,-0.00727,-0.19025,-0.50773,1.00729,-0.50035,0.19372,-0.00400,-0.19017,-0.50535,1.01389,-0.51035,0.19304,-0.00105,-0.00004,-0.00449,0.00009,-0.01779,2.63685,0.38871,-2.00315,0.30770,0.36152,0.01589,0.34858,-0.33303,-0.39832,-0.13002,0.21666,0.00047,-0.00045,-0.00251,0.00007,6.000,6.000,12.000,12.000,6.000,6.000,6.000,6.000,12.000,12.000,6.000,6.000,6.000,6.000,6.000,6.000
1.8650,0.00066,0.05227,0.46237,1.00000,0.00027,0.00064,0.00275,0.00864,0.03846,0.30126,0.30051,0.00129,0.04789,2,0.03495,0.00129,0.034735,-0.00009,-0.4863,-0.0003,-0.0188,0.0357,-0.2259,0.1829,-0.2279,0,0.04900,0.01900,0.0016,0.0387,0.011830,0.063537,-0.0358,0.4732,53.7291,0.0357,0.0361,54.3580,-0.0885,-0.2369,9.8134,-0.0395,-0.2468,10.7554,0.005572,-0.007115,53.7267,0.005645,-0.006360,54.3580,-0.014322,-0.019001,9.8142,-0.013086,-0.017237,10.7554,-0.00720,-0.19102,-0.50729,1.00650,-0.49999,0.19455,-0.00392,-0.19093,-0.50490,1.01301,-0.50991,0.19384,-0.00102,-0.00008,-0.00458,0.00011,-0.01833,2.65752,0.38951,-2.00356,0.30674,0.37951,0.01575,0.33421,-0.33453,-0.39629,-0.13025,0.21345,0.00112,-0.00106,-0.00322,0.00032,6.000,6.000,12.000,12.000,6.000,6.000,6.000,6.000,12.000,12.000,6.000,6.000,6.000,6.000,6.000,6.000
1.8700,0.00067,0.05251,0.46237,1.00000,0.00023,0.00064,0.00270,0.00864,0.03863,0.30126,0.30051,0.00128,0.04806,2,0.03495,0.00128,0.034735,-0.00009,-0.4847,-0.0003,-0.0187,0.0445,-0.2279,0.3433,-0.2056,0,0.04900,0.01900,0.0025,0.0333,0.011818,0.063197,-0.0357,0.5072,53.7971,0.0365,0.0726,54.4119,-0.0880,-0.2119,9.7320,-0.0391,-0.2095,10.6757,0.005563,-0.007282,53.7946,0.005634,-0.006700,54.4119,-0.014584,-0.019001,9.7327,-0.013307,-0.017209,10.6757,-0.00710,-0.19177,-0.50685,1.00573,-0.49965,0.19539,-0.00381,-0.19167,-0.50446,1.01209,-0.50945,0.19462,-0.00098,-0.00014,-0.00469,0.00014,-0.01913,2.67354,0.39033,-2.00424,0.30613,0.38785,0.01531,0.32323,-0.33593,-0.39405,-0.13047,0.21080,0.00178,-0.00141,-0.00398,0.00055,6.000,6.000,12.000,12.000,6.000,6.000,6.000,6.000,12.000,12.000,6.000,6.000,6.000,6.000,6.000,6.000
1.8750,0.00067,0.05275,0.46237,1.00000,0.00020,0.00063,0.00264,0.00864,0.03881,0.30126,0.30051,0.00128,0.04823,2,0.03495,0.00128,0.034734,-0.00008,-0.4838,-0.0003,-0.0186,0.0502,-0.2291,0.4765,-0.1856,0,0.04900,0.01900,0.0033,0.0296,0.011809,0.063038,-0.0356,0.5293,53.8692,0.0373,0.0995,54.4741,-0.0876,-0.1965,9.6522,-0.0389,-0.1842,10.5984,0.005556,-0.007329,53.8665,0.005626,-0.006859,54.4741,-0.014843,-0.019001,9.6529,-0.013524,-0.017185,10.5984,-0.00696,-0.19251,-0.50640,1.00499,-0.49933,0.19623,-0.00367,-0.19239,-0.50401,1.01116,-0.50896,0.19541,-0.00094,-0.00020,-0.00482,0.00017,-0.02009,2.68668,0.39115,-2.00511,0.30582,0.39021,0.01470,0.31480,-0.33728,-0.39162,-0.13069,0.20858,0.00244,-0.00157,-0.00475,0.00077,6.000,6.000,12.000,12.000,6.000,6.000,6.000,6.000,12.000,12.000,6.000,6.000,6.000,6.000,6.000,6.000
1.8800,0.00068,0.05299,0.46237,1.00000,0.00015,0.00063,0.00256,0.00864,0.03898,0.30126,0.30051,0.00127,0.04840,2,0.03495,0.00127,0.034734,-0.00007,-0.4831,-0.0003,-0.0185,0.0536,-0.2298,0.5868,-0.1678,0,0.04900,0.01900,0.0038,0.0274,0.011802,0.062990,-0.0356,0.5432,53.9435,0.0381,0.1187,54.5413,-0.0872,-0.1882,9.5734,-0.0387,-0.1683,10.5223,0.005553,-0.007309,53.9408,0.005619,-0.006906,54.5413,-0.015098,-0.019001,9.5740,-0.013736,-0.017164,10.5223,-0.00678,-0.19323,-0.50595,1.00426,-0.49904,0.19708,-0.00350,-0.19309,-0.50357,1.01022,-0.50846,0.19618,-0.00089,-0.00026,-0.00498,0.00020,-0.02116,2.69821,0.39194,-2.00611,0.30574,0.38917,0.01401,0.30814,-0.33859,-0.38904,-0.13094,0.20666,0.00307,-0.00158,-0.00550,0.00097,6.000,6.000,12.000,12.000,6.000,6.000,6.000,6.000,12.000,12.000,6.000,6.000,6.000,6.000,6.000,6.000
1.8850,0.00068,0.05323,0.46237,1.00000,0.00010,0.00062,0.00247,0.00864,0.03915,0.30126,0.30051,0.00125,0.04856,2,0.03495,0.00125,0.034733,-0.00007,-0.4826,-0.0003,-0.0185,0.0554,-0.2302,0.6780,-0.1520,0,0.04900,0.01900,0.0042,0.0261,0.011798,0.063006,-0.0356,0.5517,54.0189,0.0389,0.1319,54.6115,-0.0870,-0.1845,9.4953,-0.0386,-0.1591,10.4468,0.005551,-0.007257,54.0161,0.005615,-0.006890,54.6115,-0.015353,-0.019001,9.4959,-0.013945,-0.017145,10.4468,-0.00658,-0.19393,-0.50549,1.00354,-0.49877,0.19792,-0.00330,-0.19378,-0.50313,1.00926,-0.50793,0.19695,-0.00084,-0.00032,-0.00516,0.00025,-0.02230,2.70901,0.39270,-2.00721,0.30585,0.38644,0.01329,0.30265,-0.33986,-0.38635,-0.13123,0.20495,0.00367,-0.00148,-0.00623,0.00116,6.000,6.000,12.000,12.000,6.000,6.000,6.000,6.000,12.000,12.000,6.000,6.000,6.000,6.000,6.000,6.000
1.8900,0.00069,0.05347,0.46237,1.00000,0.00005,0.00061,0.00236,0.00863,0.03933,0.30126,0.30051,0.00124,0.04873,2,0.03495,0.00124,0.034733,-0.00006,-0.4821,-0.0003,-0.0185,0.0562,-0.2304,0.7533,-0.1382,0,0.04900,0.01900,0.0045,0.0256,0.011795,0.063054,-0.0356,0.5567,54.0949,0.0396,0.1409,54.6834,-0.0869,-0.1840,9.4178,-0.0386,-0.1545,10.3717,0.005551,-0.007192,54.0920,0.005612,-0.006842,54.6834,-0.015606,-0.019001,9.4184,-0.014154,-0.017128,10.3717,-0.00636,-0.19463,-0.50502,1.00283,-0.49851,0.19876,-0.00308,-0.19446,-0.50269,1.00828,-0.50739,0.19772,-0.00079,-0.00037,-0.00535,0.00030,-0.02346,2.71964,0.39342,-2.00839,0.30614,0.38308,0.01255,0.29788,-0.34109,-0.38357,-0.13156,0.20339,0.00422,-0.00131,-0.00693,0.00133,6.000,6.000,12.000,12.000,6.000,6.000,6.000,6.000,12.000,12.000,6.000,6.000,6.000,6.000,6.000,6.000
1.8950,0.00069,0.05371,0.46237,1.00000,-0.00000,0.00061,0.00225,0.00863,0.03950,0.30126,0.30051,0.00123,0.04890,2,0.03495,0.00123,0.034733,-0.00005,-0.4817,-0.0003,-0.0185,0.0565,-0.2306,0.8156,-0.1260,0,0.04900,0.01900,0.0046,0.0255,0.011794,0.063114,-0.0357,0.5598,54.1709,0.0402,0.1469,54.7563,-0.0868,-0.1854,9.3407,-0.0387,-0.1530,10.2968,0.005552,-0.007126,54.1681,0.005611,-0.006782,54.7563,-0.015858,-0.019001,9.3414,-0.014361,-0.017112,10.2968,-0.00611,-0.19533,-0.50455,1.00213,-0.49826,0.19958,-0.00285,-0.19513,-0.50226,1.00730,-0.50683,0.19849,-0.00075,-0.00042,-0.00557,0.00035,-0.02464,2.73040,0.39410,-2.00964,0.30656,0.37971,0.01180,0.29352,-0.34230,-0.38074,-0.13194,0.20193,0.00474,-0.00109,-0.00759,0.00150,6.000,6.000,12.000,12.000,6.000,6.000,6.000,6.000,12.000,12.000,6.000,6.000,6.000,6.000,6.000,6.000
1.9000,0.00069,0.05395,0.46237,1.00000,-0.00006,0.00060,0.00212,0.00863,0.03967,0.30126,0.30051,0.00121,0.04906,2,0.03495,0.00121,0.034732,-0.00005,-0.4811,-0.0003,-0.0185,0.0564,-0.2306,0.8670,-0.1153,0,0.04900,0.01900,0.0048,0.0258,0.011794,0.063175,-0.0358,0.5617,54.2469,0.0408,0.1511,54.8297,-0.0867,-0.1879,9.2642,-0.0388,-0.1533,10.2220,0.005554,-0.007066,54.2440,0.005612,-0.006721,54.8297,-0.016110,-0.019001,9.2648,-0.014568,-0.017097,10.2220,-0.00585,-0.19602,-0.50407,1.00143,-0.49803,0.20040,-0.00259,-0.19580,-0.50183,1.00632,-0.50626,0.19925,-0.00070,-0.00046,-0.00579,0.00041,-0.02582,2.74147,0.39473,-2.01094,0.30710,0.37662,0.01107,0.28937,-0.34348,-0.37787,-0.13236,0.20054,0.00522,-0.00084,-0.00821,0.00165,6.000,6.000,12.000,12.000,6.000,6.000,6.000,6.000,12.000,12.000,6.000,6.000,6.000,6.000,6.000,6.000
1.9050,0.00070,0.05419,0.46237,1.00000,-0.00011,0.00059,0.00199,0.00863,0.03984,0.30127,0.30051,0.00120,0.04923,2,0.03496,0.00120,0.034732,-0.00005,-0.4806,-0.0003,-0.0185,0.0561,-0.2307,0.9095,-0.1059,0,0.04900,0.01900,0.0048,0.0262,0.011796,0.063232,-0.0359,0.5631,54.3227,0.0413,0.1540,54.9033,-0.0867,-0.1910,9.1880,-0.0390,-0.1548,10.1475,0.005558,-0.007013,54.3198,0.005614,-0.006663,54.9033,-0.016362,-0.019001,9.1887,-0.014775,-0.017083,10.1475,-0.00557,-0.19670,-0.50358,1.00073,-0.49780,0.20121,-0.00232,-0.19647,-0.50141,1.00532,-0.50568,0.20001,-0.00066,-0.00049,-0.00603,0.00047,-0.02699,2.75290,0.39532,-2.01227,0.30774,0.37393,0.01034,0.28529,-0.34463,-0.37498,-0.13281,0.19918,0.00567,-0.00058,-0.00880,0.00179,6.000,6.000,12.000,12.000,6.000,6.000,6.000,6.000,12.000,12.000,6.000,6.000,6.000,6.000,6.000,6.000
1.9100,0.00070,0.05443,0.46237,1.00000,-0.00017,0.00058,0.00185,0.00863,0.04002,0.30127,0.30051,0.00118,0.04940,2,0.03496,0.00118,0.034732,-0.00004,-0.4799,-0.0003,-0.0185,0.0558,-0.2307,0.9447,-0.0977,0,0.04900,0.01900,0.0049,0.0268,0.011799,0.063283,-0.0359,0.5643,54.3983,0.0417,0.1562,54.9770,-0.0867,-0.1945,9.1123,-0.0391,-0.1569,10.0731,0.005562,-0.006967,54.3954,0.005616,-0.006612,54.9770,-0.016615,-0.019001,9.1129,-0.014983,-0.017069,10.0731,-0.00528,-0.19738,-0.50309,1.00003,-0.49757,0.20201,-0.00204,-0.19713,-0.50098,1.00432,-0.50509,0.20077,-0.00062,-0.00051,-0.00628,0.00054,-0.02816,2.76469,0.39587,-2.01363,0.30847,0.37168,0.00963,0.28122,-0.34575,-0.37206,-0.13329,0.19786,0.00610,-0.00032,-0.00935,0.00192,6.000,6.000,12.000,12.000,6.000,6.000,6.000,6.000,12.000,12.000,6.000,6.000,6.000,6.000,6.000,6.000
1.9150,0.00070,0.05467,0.46237,1.00000,-0.00023,0.00057,0.00170,0.00863,0.04019,0.30127,0.30051,0.00116,0.04956,2,0.03496,0.00116,0.034732,-0.00004,-0.4792,-0.0003,-0.0185,0.0554,-0.2307,0.9738,-0.0905,0,0.04900,0.01900,0.0050,0.0274,0.011803,0.063327,-0.0360,0.5656,54.4737,0.0421,0.1580,55.0508,-0.0867,-0.1981,9.0368,-0.0394,-0.1593,9.9990,0.005567,-0.006927,54.4707,0.005620,-0.006568,55.0508,-0.016868,-0.019001,9.0375,-0.015192,-0.017056,9.9990,-0.00497,-0.19806,-0.50259,0.99934,-0.49736,0.20280,-0.00174,-0.19780,-0.50056,1.00331,-0.50449,0.20153,-0.00058,-0.00053,-0.00653,0.00062,-0.02930,2.77680,0.39638,-2.01501,0.30927,0.36981,0.00893,0.27713,-0.34685,-0.36914,-0.13381,0.19656,0.00650,-0.00009,-0.00987,0.00204,6.000,6.000,12.000,12.000,6.000,6.000,6.000,6.000,12.000,12.000,6.000,6.000,6.000,6.000,6.000,6.000
1.9200,0.00071,0.05491,0.46237,1.00000,-0.00028,0.00056,0.00155,0.00863,0.04036,0.30127,0.30051,0.00115,0.04973,2,0.03496,0.00115,0.034731,-0.00004,-0.4784,-0.0003,-0.0185,0.0551,-0.2307,0.9979,-0.0843,0,0.04900,0.01900,0.0050,0.0280,0.011808,0.063365,-0.0360,0.5668,54.5487,0.0425,0.1595,55.1246,-0.0868,-0.2018,8.9617,-0.0396,-0.1619,9.9249,0.005572,-0.006894,54.5458,0.005625,-0.006529,55.1246,-0.017123,-0.019001,8.9624,-0.015401,-0.017043,9.9249,-0.00465,-0.19874,-0.50209,0.99864,-0.49714,0.20359,-0.00143,-0.19846,-0.50015,1.00231,-0.50388,0.20229,-0.00054,-0.00054,-0.00680,0.00069,-0.03043,2.78920,0.39685,-2.01639,0.31014,0.36827,0.00825,0.27298,-0.34792,-0.36622,-0.13435,0.19527,0.00689,0.00012,-0.01036,0.00215,6.000,6.000,12.000,12.000,6.000,6.000,6.000,6.000,12.000,12.000,6.000,6.000,6.000,6.000,6.000,6.000
1.9250,0.00071,0.05515,0.46237,1.00000,-0.00034,0.00055,0.00139,0.00863,0.04053,0.30127,0.30051,0.00113,0.04989,2,0.03496,0.00113,0.034731,-0.00004,-0.4775,-0.0003,-0.0185,0.0547,-0.2307,1.0179,-0.0788,0,0.04900,0.01900,0.0050,0.0286,0.011813,0.063398,-0.0361,0.5682,54.6236,0.0428,0.1608,55.1983,-0.0868,-0.2055,8.8869,-0.0398,-0.1645,9.8511,0.005578,-0.006864,54.6206,0.005631,-0.006496,55.1983,-0.017379,-0.019001,8.8876,-0.015612,-0.017031,9.8511,-0.00433,-0.19941,-0.50158,0.99793,-0.49693,0.20437,-0.00112,-0.19912,-0.49973,1.00129,-0.50327,0.20305,-0.00050,-0.00055,-0.00708,0.00078,-0.03153,2.80185,0.39729,-2.01778,0.31106,0.36701,0.00759,0.26879,-0.34896,-0.36329,-0.13492,0.19399,0.00725,0.00030,-0.01081,0.00226,6.000,6.000,12.000,12.000,6.000,6.000,6.000,6.000,12.000,12.000,6.000,6.000,6.000,6.000,6.000,6.000
1.9300,0.00071,0.05539,0.46237,1.00000,-0.00040,0.00055,0.00123,0.00863,0.04071,0.30127,0.30051,0.00111,0.05006,2,0.03496,0.00111,0.034731,-0.00005,-0.4766,-0.0003,-0.0185,0.0544,-0.2307,1.0345,-0.0739,0,0.04900,0.01900,0.0051,0.0293,0.011819,0.063427,-0.0361,0.5696,54.6981,0.0431,0.1621,55.2720,-0.0869,-0.2092,8.8123,-0.0400,-0.1672,9.7774,0.005584,-0.006838,54.6952,0.005637,-0.006467,55.2720,-0.017636,-0.019001,8.8130,-0.015823,-0.017018,9.7774,-0.00400,-0.20009,-0.50107,0.99723,-0.49671,0.20515,-0.00080,-0.19978,-0.49932,1.00028,-0.50265,0.20381,-0.00046,-0.00055,-0.00736,0.00086,-0.03262,2.81470,0.39769,-2.01917,0.31202,0.36597,0.00694,0.26454,-0.34999,-0.36037,-0.13552,0.19272,0.00760,0.00045,-0.01124,0.00235,6.000,6.000,12.000,12.000,6.000,6.000,6.000,6.000,12.000,12.000,6.000,6.000,6.000,6.000,6.000,6.000
1.9350,0.00071,0.05563,0.46237,1.00000,-0.00045,0.00054,0.00107,0.00863,0.04088,0.30127,0.30051,0.00109,0.05022,2,0.03496,0.00109,0.034731,-0.00005,-0.4757,-0.0003,-0.0186,0.0540,-0.2307,1.0484,-0.0695,0,0.04900,0.01900,0.0051,0.0300,0.011826,0.063453,-0.0361,0.5711,54.7725,0.0433,0.1632,55.3456,-0.0869,-0.2129,8.7380,-0.0402,-0.1699,9.7038,0.005590,-0.006815,54.7695,0.005644,-0.006441,55.3456,-0.017896,-0.019001,8.7387,-0.016037,-0.017006,9.7038,-0.00366,-0.20077,-0.50056,0.99652,-0.49650,0.20592,-0.00047,-0.20045,-0.49891,0.99926,-0.50203,0.20457,-0.00043,-0.00055,-0.00764,0.00095,-0.03368,2.82773,0.39806,-2.02055,0.31302,0.36509,0.00632,0.26025,-0.35100,-0.35746,-0.13613,0.19146,0.00794,0.00057,-0.01164,0.00244,6.000,6.000,12.000,12.000,6.000,6.000,6.000,6.000,12.000,12.000,6.000,6.000,6.000,6.000,6.000,6.000
1.9400,0.00072,0.05587,0.46237,1.00000,-0.00050,0.00053,0.00090,0.00863,0.04105,0.30127,0.30051,0.00107,0.05038,2,0.03496,0.00107,0.034730,-0.00005,-0.4747,-0.0003,-0.0186,0.0537,-0.2307,1.0600,-0.0656,0,0.04900,0.01900,0.0051,0.0307,0.011834,0.063475,-0.0361,0.5727,54.8466,0.0436,0.1643,55.4192,-0.0870,-0.2166,8.6639,-0.0404,-0.1726,9.6304,0.005597,-0.006793,54.8436,0.005652,-0.006418,55.4192,-0.018158,-0.019001,8.6646,-0.016252,-0.016994,9.6304,-0.00332,-0.20145,-0.50004,0.99580,-0.49628,0.20670,-0.00014,-0.20111,-0.49850,0.99824,-0.50141,0.20533,-0.00039,-0.00055,-0.00793,0.00104,-0.03471,2.84089,0.39839,-2.02193,0.31403,0.36436,0.00571,0.25591,-0.35199,-0.35455,-0.13677,0.19021,0.00826,0.00066,-0.01201,0.00252,6.000,6.000,12.000,12.000,6.000,6.000,6.000,6.000,12.000,12.000,6.000,6.000,6.000,6.000,6.000,6.000
1.9450,0.00072,0.05611,0.46237,1.00000,-0.00056,0.00052,0.00073,0.00863,0.04122,0.30127,0.30051,0.00106,0.05055,2,0.03496,0.00106,0.034730,-0.00005,-0.4737,-0.0003,-0.0186,0.0534,-0.2308,1.0698,-0.0619,0,0.04900,0.01900,0.0051,0.0314,0.011841,0.063496,-0.0360,0.5744,54.9204,0.0438,0.1654,55.4927,-0.0871,-0.2202,8.5900,-0.0406,-0.1753,9.5571,0.005604,-0.006774,54.9174,0.005659,-0.006397,55.4927,-0.018422,-0.019001,8.5907,-0.016470,-0.016982,9.5571,-0.00297,-0.20213,-0.49951,0.99507,-0.49606,0.20747,0.00019,-0.20178,-0.49809,0.99722,-0.50078,0.20609,-0.00036,-0.00055,-0.00823,0.00114,-0.03573,2.85417,0.39869,-2.02329,0.31507,0.36373,0.00513,0.25154,-0.35296,-0.35166,-0.13742,0.18895,0.00856,0.00072,-0.01235,0.00259,6.000,6.000,12.000,12.000,6.000,6.000,6.000,6.000,12.000,12.000,6.000,6.000,6.000,6.000,6.000,6.000
1.9500,0.00072,0.05635,0.46237,1.00000,-0.00061,0.00051,0.00057,0.00863,0.04139,0.30127,0.30051,0.00112,0.05071,2,0.03496,0.00112,0.034730,-0.00005,-0.4726,-0.0003,-0.0186,0.0531,-0.2308,1.0783,-0.0585,0,0.04900,0.01900,0.0052,0.0321,0.011849,0.063515,-0.0360,0.5762,54.9940,0.0439,0.1664,55.5661,-0.0872,-0.2239,8.5163,-0.0408,-0.1780,9.4839,0.005610,-0.006756,54.9910,0.005667,-0.006378,55.5661,-0.018690,-0.019001,8.5170,-0.016690,-0.016970,9.4839,-0.00262,-0.20281,-0.49899,0.99434,-0.49584,0.20824,0.00052,-0.20244,-0.49768,0.99619,-0.50015,0.20684,-0.00032,-0.00055,-0.00853,0.00123,-0.03672,2.86755,0.39895,-2.02464,0.31611,0.36319,0.00456,0.24712,-0.35393,-0.34878,-0.13810,0.18770,0.00885,0.00077,-0.01268,0.00266,6.000,6.000,12.000,12.000,6.000,6.000,6.000,6.000,12.000,12.000,6.000,6.000,6.000,6.000,6.000,6.000
1.9550,0.00073,0.05658,0.46237,1.00000,-0.00066,0.00050,0.00039,0.00863,0.04156,0.30127,0.30051,0.00122,0.05087,2,0.03496,0.00122,0.034730,-0.00005,-0.4716,-0.0003,-0.0186,0.0529,-0.2308,1.0856,-0.0552,0,0.04900,0.01900,0.0052,0.0328,0.011858,0.063533,-0.0359,0.5780,55.0673,0.0441,0.1673,55.6394,-0.0873,-0.2275,8.4428,-0.0410,-0.1807,9.4109,0.005617,-0.006739,55.0643,0.005676,-0.006360,55.6394,-0.018961,-0.019001,8.4435,-0.016912,-0.016958,9.4109,-0.00227,-0.20349,-0.49846,0.99361,-0.49562,0.20902,0.00086,-0.20311,-0.49727,0.99517,-0.49952,0.20760,-0.00028,-0.00055,-0.00883,0.00133,-0.03769,2.88102,0.39919,-2.02597,0.31715,0.36272,0.00402,0.24267,-0.35488,-0.34592,-0.13879,0.18646,0.00912,0.00081,-0.01298,0.00272,6.000,6.000,12.000,12.000,6.000,6.000,6.000,6.000,12.000,12.000,6.000,6.000,6.000,6.000,6.000,6.000
1.9600,0.00073,0.05682,0.46237,1.00000,-0.00071,0.00049,0.00022,0.00863,0.04173,0.30127,0.30051,0.00133,0.05104,2,0.03496,0.00133,0.034729,-0.00005,-0.4706,-0.0003,-0.0186,0.0526,-0.2308,1.0922,-0.0521,0,0.04900,0.01900,0.0052,0.0335,0.011866,0.063549,-0.0358,0.5799,55.1404,0.0442,0.1682,55.7126,-0.0873,-0.2310,8.3695,-0.0412,-0.1834,9.3380,0.005624,-0.006723,55.1374,0.005685,-0.006344,55.7126,-0.019235,-0.019001,8.3702,-0.017137,-0.016946,9.3380,-0.00192,-0.20417,-0.49792,0.99287,-0.49539,0.20979,0.00119,-0.20378,-0.49686,0.99414,-0.49888,0.20836,-0.00025,-0.00055,-0.00913,0.00144,-0.03863,2.89455,0.39940,-2.02729,0.31820,0.36231,0.00350,0.23818,-0.35582,-0.34307,-0.13949,0.18521,0.00938,0.00083,-0.01326,0.00278,6.000,6.000,12.000,12.000,6.000,6.000,6.000,6.000,12.000,12.000,6.000,6.000,6.000,6.000,6.000,6.000
1.9650,0.00073,0.05706,0.46237,1.00000,-0.00076,0.00048,0.00005,0.00863,0.04191,0.30127,0.30051,0.00143,0.05120,2,0.03496,0.00143,0.034729,-0.00005,-0.4695,-0.0003,-0.0186,0.0524,-0.2309,1.0982,-0.0489,0,0.04900,0.01900,0.0052,0.0343,0.011875,0.063564,-0.0357,0.5818,55.2132,0.0444,0.1691,55.7857,-0.0874,-0.2346,8.2964,-0.0414,-0.1860,9.2652,0.005630,-0.006709,55.2103,0.005693,-0.006328,55.7857,-0.019514,-0.019001,8.2971,-0.017365,-0.016934,9.2652,-0.00158,-0.20486,-0.49739,0.99212,-0.49516,0.21056,0.00153,-0.20446,-0.49645,0.99311,-0.49825,0.20912,-0.00021,-0.00055,-0.00944,0.00154,-0.03956,2.90814,0.39958,-2.02859,0.31924,0.36194,0.00300,0.23365,-0.35675,-0.34024,-0.14021,0.18397,0.00963,0.00085,-0.01352,0.00283,6.000,6.000,12.000,12.000,6.000,6.000,6.000,6.000,12.000,12.000,6.000,6.000,6.000,6.000,6.000,6.000
1.9700,0.00074,0.05730,0.46237,1.00000,-0.00082,0.00047,-0.00010,0.00863,0.04208,0.30127,0.30051,0.00153,0.05136,2,0.03496,0.00153,0.034729,-0.00008,-0.4685,-0.0003,-0.0186,0.0522,-0.2309,1.1038,-0.0458,0,0.04900,0.01900,0.0032,0.0409,0.011685,0.063747,-0.0356,0.5839,55.2858,0.0462,-0.0987,55.9423,-0.0875,-0.2381,8.2234,-0.0383,-0.2225,9.1933,0.005637,-0.006695,55.2829,0.005503,-0.006145,55.9423,-0.019795,-0.019001,8.2242,-0.017565,-0.016835,9.1933,-0.00127,-0.20552,-0.49688,0.99139,-0.49493,0.21132,0.00183,-0.20510,-0.49602,0.99206,-0.49762,0.20986,-0.00018,-0.00053,-0.00972,0.00164,-0.04046,2.92178,0.39973,-2.02987,0.32028,0.36161,0.00252,0.22909,-0.35767,-0.33743,-0.14094,0.18272,0.00986,0.00086,-0.01377,0.00287,6.000,6.000,12.000,12.000,6.000,6.000,6.000,6.000,12.000,12.000,6.000,6.000,6.000,6.000,6.000,6.000
1.9750,0.00074,0.05754,0.46237,1.00000,-0.00090,0.00047,-0.00023,0.00863,0.04225,0.30127,0.30051,0.00165,0.05152,2,0.03496,0.00165,0.034728,-0.00009,-0.4651,-0.0003,-0.0189,0.0699,-0.2363,1.3623,-0.0850,0,0.04900,0.01900,0.0029,0.0416,0.011689,0.063746,-0.0364,0.6497,55.3352,0.0518,-0.0820,56.0527,-0.0887,-0.1865,8.1382,-0.0436,-0.2226,9.0921,0.005669,-0.007157,55.3320,0.005507,-0.006145,56.0527,-0.019934,-0.019001,8.1388,-0.017778,-0.016930,9.0921,-0.00102,-0.20614,-0.49642,0.99070,-0.49469,0.21208,0.00209,-0.20570,-0.49557,0.99098,-0.49698,0.21060,-0.00017,-0.00051,-0.00997,0.00174,-0.04149,2.94391,0.39942,-2.02849,0.32229,0.38479,0.00188,0.21061,-0.35703,-0.33439,-0.14065,0.17892,0.00917,0.00137,-0.01300,0.00259,6.000,6.000,12.000,12.000,6.000,6.000,6.000,6.000,12.000,12.000,6.000,6.000,6.000,6.000,6.000,6.000
1.9800,0.00074,0.05777,0.46237,1.00000,-0.00098,0.00047,-0.00034,0.00863,0.04242,0.30127,0.30051,0.00179,0.05168,2,0.03496,0.00179,0.034728,-0.00009,-0.4631,-0.0003,-0.0190,0.0826,-0.2396,1.5864,-0.1185,0,0.04900,0.01900,0.0020,0.0331,0.011728,0.063324,-0.0367,0.6970,55.3941,0.0493,-0.0446,56.0981,-0.0894,-0.1496,8.0575,-0.0447,-0.1734,9.0102,0.005693,-0.007388,55.3907,0.005547,-0.006567,56.0981,-0.020111,-0.019001,8.0579,-0.017875,-0.016893,9.0102,-0.00083,-0.20673,-0.49600,0.99004,-0.49444,0.21285,0.00230,-0.20627,-0.49509,0.98988,-0.49635,0.21132,-0.00017,-0.00047,-0.01018,0.00182,-0.04201,2.96040,0.39917,-2.02788,0.32393,0.39644,0.00163,0.19621,-0.35670,-0.33160,-0.14078,0.17579,0.00847,0.00167,-0.01222,0.00233,6.000,6.000,12.000,12.000,6.000,6.000,6.000,6.000,12.000,12.000,6.000,6.000,6.000,6.000,6.000,6.000
1.9850,0.00075,0.05801,0.46237,1.00000,-0.00107,0.00046,-0.00042,0.00863,0.04258,0.30127,0.30051,0.00196,0.05184,2,0.03496,0.00196,0.034727,-0.00009,-0.4619,-0.0003,-0.0191,0.0913,-0.2417,1.7806,-0.1469,0,0.04900,0.01900,0.0015,0.0271,0.011758,0.063111,-0.0365,0.7300,55.4584,0.0478,-0.0164,56.1542,-0.0898,-0.1244,7.9792,-0.0455,-0.1380,8.9323,0.005711,-0.007478,55.4548,0.005578,-0.006780,56.1542,-0.020314,-0.019001,7.9796,-0.018008,-0.016860,8.9323,-0.00068,-0.20729,-0.49561,0.98941,-0.49419,0.21362,0.00247,-0.20681,-0.49460,0.98876,-0.49573,0.21203,-0.00017,-0.00043,-0.01037,0.00191,-0.04222,2.97328,0.39904,-2.02780,0.32528,0.40082,0.00163,0.18488,-0.35662,-0.32894,-0.14120,0.17316,0.00780,0.00179,-0.01144,0.00209,6.000,6.000,12.000,12.000,6.000,6.000,6.000,6.000,12.000,12.000,6.000,6.000,6.000,6.000,6.000,6.000
1.9900,0.00076,0.05825,0.46237,1.00000,-0.00117,0.00046,-0.00049,0.00863,0.04275,0.30127,0.30051,0.00214,0.05200,2,0.03496,0.00214,0.034727,-0.00008,-0.4611,-0.0003,-0.0190,0.0972,-0.2431,1.9474,-0.1702,0,0.04900,0.01900,0.0014,0.0231,0.011785,0.063029,-0.0362,0.7524,55.5259,0.0470,0.0046,56.2164,-0.0900,-0.1081,7.9026,-0.0462,-0.1136,8.8564,0.005725,-0.007481,55.5223,0.005606,-0.006862,56.2164,-0.020540,-0.019001,7.9030,-0.018166,-0.016831,8.8564,-0.00057,-0.20784,-0.49525,0.98879,-0.49394,0.21439,0.00260,-0.20734,-0.49408,0.98762,-0.49511,0.21273,-0.00018,-0.00038,-0.01053,0.00198,-0.04225,2.98401,0.39904,-2.02811,0.32639,0.40077,0.00181,0.17585,-0.35675,-0.32634,-0.14181,0.17092,0.00716,0.00180,-0.01071,0.00187,6.000,6.000,12.000,12.000,6.000,6.000,6.000,6.000,12.000,12.000,6.000,6.000,6.000,6.000,6.000,6.000
1.9950,0.00076,0.05849,0.46237,1.00000,-0.00127,0.00047,-0.00054,0.00863,0.04292,0.30127,0.30051,0.00234,0.05216,2,0.03496,0.00234,0.034726,-0.00007,-0.4606,-0.0003,-0.0190,0.1010,-0.2440,2.0906,-0.1888,0,0.04900,0.01900,0.0015,0.0206,0.011808,0.063027,-0.0359,0.7676,55.5952,0.0465,0.0177,56.2832,-0.0902,-0.0980,7.8271,-0.0468,-0.0978,8.7816,0.005735,-0.007441,55.5915,0.005629,-0.006864,56.2832,-0.020784,-0.019001,7.8274,-0.018346,-0.016804,8.7816,-0.00050,-0.20837,-0.49491,0.98819,-0.49368,0.21516,0.00270,-0.20784,-0.49355,0.98647,-0.49449,0.21343,-0.00019,-0.00034,-0.01067,0.00205,-0.04216,2.99368,0.39916,-2.02871,0.32732,0.39842,0.00210,0.16835,-0.35707,-0.32377,-0.14255,0.16896,0.00658,0.00175,-0.01004,0.00168,6.000,6.000,12.000,12.000,6.000,6.000,6.000,6.000,12.000,12.000,6.000,6.000,6.000,6.000,6.000,6.000
2.0000,0.00077,0.05873,0.46237,1.00000,-0.00138,0.00047,-0.00058,0.00863,0.04308,0.30127,0.30051,0.00255,0.05231,2,0.03497,0.00255,0.034726,-0.00007,-0.4601,-0.0003,-0.0190,0.1035,-0.2447,2.2149,-0.2032,0,0.04900,0.01900,0.0016,0.0191,0.011827,0.063067,-0.0355,0.7783,55.6653,0.0464,0.0250,56.3528,-0.0903,-0.0919,7.7523,-0.0473,-0.0881,8.7074,0.005742,-0.007384,55.6614,0.005648,-0.006823,56.3528,-0.021044,-0.019001,7.7526,-0.018544,-0.016779,8.7074,-0.00045,-0.20889,-0.49459,0.98761,-0.49342,0.21593,0.00278,-0.20833,-0.49300,0.98531,-0.49388,0.21412,-0.00021,-0.00030,-0.01079,0.00212,-0.04201,3.00304,0.39940,-2.02954,0.32810,0.39520,0.00246,0.16179,-0.35752,-0.32123,-0.14338,0.16719,0.00606,0.00165,-0.00944,0.00150,6.000,6.000,12.000,12.000,6.000,6.000,6.000,6.000,12.000,12.000,6.000,6.000,6.000,6.000,6.000,6.000
2.0050,0.00077,0.05897,0.46238,1.00000,-0.00150,0.00047,-0.00061,0.00863,0.04325,0.30127,0.30051,0.00277,0.05247,2,0.03497,0.00277,0.034726,-0.00006,-0.4596,-0.0003,-0.0189,0.1054,-0.2453,2.3240,-0.2142,0,0.04900,0.01900,0.0016,0.0184,0.011843,0.063124,-0.0351,0.7866,55.7355,0.0465,0.0283,56.4240,-0.0903,-0.0881,7.6782,-0.0478,-0.0823,8.6334,0.005747,-0.007326,55.7316,0.005664,-0.006766,56.4240,-0.021317,-0.019001,7.6785,-0.018756,-0.016756,8.6334,-0.00042,-0.20940,-0.49428,0.98703,-0.49315,0.21669,0.00283,-0.20880,-0.49244,0.98414,-0.49327,0.21480,-0.00022,-0.00027,-0.01090,0.00218,-0.04185,3.01251,0.39975,-2.03052,0.32877,0.39193,0.00283,0.15573,-0.35808,-0.31871,-0.14425,0.16554,0.00560,0.00153,-0.00891,0.00135,6.000,6.000,12.000,12.000,6.000,6.000,6.000,6.000,12.000,12.000,6.000,6.000,6.000,6.000,6.000,6.000
2.0100,0.00078,0.05921,0.46238,1.00000,-0.00161,0.00047,-0.00062,0.00863,0.04342,0.30127,0.30051,0.00299,0.05263,2,0.03497,0.00299,0.034725,-0.00005,-0.4591,-0.0003,-0.0189,0.1068,-0.2459,2.4211,-0.2222,0,0.04900,0.01900,0.0016,0.0180,0.011857,0.063183,-0.0347,0.7936,55.8056,0.0466,0.0289,56.4961,-0.0904,-0.0857,7.6046,-0.0483,-0.0788,8.5597,0.005751,-0.007274,55.8016,0.005678,-0.006706,56.4961,-0.021600,-0.019001,7.6049,-0.018980,-0.016735,8.5597,-0.00041,-0.20989,-0.49399,0.98646,-0.49288,0.21744,0.00286,-0.20927,-0.49187,0.98295,-0.49267,0.21548,-0.00024,-0.00024,-0.01099,0.00223,-0.04168,3.02228,0.40019,-2.03161,0.32935,0.38902,0.00321,0.14992,-0.35871,-0.31620,-0.14514,0.16397,0.00520,0.00140,-0.00844,0.00121,6.000,6.000,12.000,12.000,6.000,6.000,6.000,6.000,12.000,12.000,6.000,6.000,6.000,6.000,6.000,6.000
2.0150,0.00079,0.05945,0.46238,1.00000,-0.00173,0.00047,-0.00063,0.00863,0.04358,0.30127,0.30051,0.00322,0.05278,2,0.03497,0.00322,0.034725,-0.00005,-0.4585,-0.0003,-0.0188,0.1080,-0.2464,2.5088,-0.2278,0,0.04900,0.01900,0.0016,0.0179,0.011868,0.063237,-0.0343,0.8001,55.8754,0.0469,0.0278,56.5686,-0.0904,-0.0838,7.5314,-0.0488,-0.0767,8.4862,0.005753,-0.007232,55.8714,0.005689,-0.006652,56.5686,-0.021892,-0.019001,7.5317,-0.019214,-0.016714,8.4862,-0.00042,-0.21038,-0.49370,0.98590,-0.49261,0.21817,0.00288,-0.20973,-0.49129,0.98177,-0.49207,0.21616,-0.00025,-0.00021,-0.01107,0.00228,-0.04152,3.03245,0.40071,-2.03279,0.32987,0.38664,0.00358,0.14418,-0.35940,-0.31370,-0.14603,0.16245,0.00486,0.00127,-0.00804,0.00109,6.000,6.000,12.000,12.000,6.000,6.000,6.000,6.000,12.000,12.000,6.000,6.000,6.000,6.000,6.000,6.000
2.0200,0.00079,0.05969,0.46238,1.00000,-0.00185,0.00048,-0.00063,0.00863,0.04375,0.30128,0.30051,0.00346,0.05294,2,0.03497,0.00346,0.034725,-0.00005,-0.4578,-0.0003,-0.0188,0.1093,-0.2469,2.5890,-0.2313,0,0.04900,0.01900,0.0016,0.0178,0.011878,0.063283,-0.0340,0.8066,55.9449,0.0473,0.0257,56.6413,-0.0904,-0.0822,7.4587,-0.0493,-0.0753,8.4129,0.005755,-0.007199,55.9408,0.005699,-0.006606,56.6413,-0.022193,-0.019001,7.4589,-0.019457,-0.016694,8.4129,-0.00044,-0.21086,-0.49342,0.98535,-0.49234,0.21890,0.00288,-0.21018,-0.49070,0.98057,-0.49147,0.21683,-0.00026,-0.00018,-0.01115,0.00233,-0.04139,3.04299,0.40131,-2.03401,0.33035,0.38480,0.00392,0.13842,-0.36013,-0.31120,-0.14691,0.16096,0.00456,0.00114,-0.00771,0.00098,6.000,6.000,12.000,12.000,6.000,6.000,6.000,6.000,12.000,12.000,6.000,6.000,6.000,6.000,6.000,6.000
2.0250,0.00080,0.05993,0.46238,1.00000,-0.00197,0.00048,-0.00063,0.00863,0.04391,0.30128,0.30051,0.00370,0.05309,2,0.03497,0.00370,0.034725,-0.00005,-0.4571,-0.0003,-0.0187,0.1105,-0.2474,2.6635,-0.2331,0,0.04900,0.01900,0.0016,0.0178,0.011886,0.063321,-0.0337,0.8132,56.0140,0.0476,0.0231,56.7140,-0.0904,-0.0805,7.3863,-0.0497,-0.0740,8.3398,0.005756,-0.007174,56.0099,0.005707,-0.006568,56.7140,-0.022501,-0.019001,7.3865,-0.019706,-0.016675,8.3398,-0.00047,-0.21134,-0.49315,0.98480,-0.49207,0.21962,0.00287,-0.21063,-0.49011,0.97937,-0.49087,0.21750,-0.00028,-0.00016,-0.01122,0.00238,-0.04127,3.05387,0.40197,-2.03528,0.33079,0.38345,0.00424,0.13259,-0.36088,-0.30871,-0.14776,0.15949,0.00432,0.00102,-0.00743,0.00089,6.000,6.000,12.000,12.000,6.000,6.000,6.000,6.000,12.000,12.000,6.000,6.000,6.000,6.000,6.000,6.000
2.0300,0.00081,0.06017,0.46238,1.00000,-0.00209,0.00048,-0.00062,0.00863,0.04408,0.30128,0.30051,0.00394,0.05325,2,0.03497,0.00394,0.034724,-0.00005,-0.4563,-0.0003,-0.0187,0.1118,-0.2479,2.7334,-0.2336,0,0.04900,0.01900,0.0015,0.0178,0.011893,0.063351,-0.0334,0.8200,56.0827,0.0480,0.0201,56.7866,-0.0904,-0.0788,7.3142,-0.0501,-0.0729,8.2670,0.005756,-0.007156,56.0786,0.005715,-0.006538,56.7866,-0.022816,-0.019001,7.3144,-0.019960,-0.016655,8.2670,-0.00050,-0.21181,-0.49288,0.98425,-0.49179,0.22034,0.00286,-0.21107,-0.48950,0.97817,-0.49028,0.21817,-0.00029,-0.00014,-0.01128,0.00242,-0.04119,3.06503,0.40269,-2.03656,0.33121,0.38250,0.00452,0.12669,-0.36165,-0.30621,-0.14858,0.15803,0.00412,0.00090,-0.00720,0.00080,6.000,6.000,12.000,12.000,6.000,6.000,6.000,6.000,12.000,12.000,6.000,6.000,6.000,6.000,6.000,6.000
2.0350,0.00081,0.06040,0.46238,1.00000,-0.00222,0.00048,-0.00061,0.00863,0.04424,0.30128,0.30051,0.00418,0.05341,2,0.03497,0.00418,0.034724,-0.00005,-0.4554,-0.0003,-0.0186,0.1132,-0.2484,2.7998,-0.2330,0,0.04900,0.01900,0.0015,0.0178,0.011899,0.063375,-0.0332,0.8271,56.1511,0.0484,0.0170,56.8590,-0.0903,-0.0769,7.2424,-0.0505,-0.0716,8.1944,0.005757,-0.007143,56.1470,0.005721,-0.006514,56.8590,-0.023137,-0.019001,7.2426,-0.020220,-0.016636,8.1944,-0.00055,-0.21228,-0.49261,0.98370,-0.49152,0.22104,0.00284,-0.21151,-0.48890,0.97696,-0.48969,0.21883,-0.00030,-0.00013,-0.01134,0.00246,-0.04113,3.07640,0.40345,-2.03784,0.33162,0.38187,0.00477,0.12072,-0.36243,-0.30372,-0.14938,0.15657,0.00396,0.00080,-0.00701,0.00073,6.000,6.000,12.000,12.000,6.000,6.000,6.000,6.000,12.000,12.000,6.000,6.000,6.000,6.000,6.000,6.000
2.0400,0.00082,0.06064,0.46238,1.00000,-0.00234,0.00049,-0.00059,0.00863,0.04441,0.30128,0.30051,0.00443,0.05356,2,0.03497,0.00443,0.034724,-0.00005,-0.4545,-0.0003,-0.0186,0.1145,-0.2489,2.8635,-0.2316,0,0.04900,0.01900,0.0015,0.0178,0.011904,0.063394,-0.0329,0.8344,56.2192,0.0489,0.0139,56.9314,-0.0903,-0.0750,7.1709,-0.0509,-0.0703,8.1220,0.005757,-0.007134,56.2150,0.005726,-0.006495,56.9314,-0.023465,-0.019001,7.1711,-0.020485,-0.016617,8.1220,-0.00059,-0.21274,-0.49234,0.98315,-0.49124,0.22175,0.00281,-0.21195,-0.48828,0.97575,-0.48910,0.21950,-0.00031,-0.00012,-0.01140,0.00250,-0.04110,3.08794,0.40425,-2.03913,0.33203,0.38147,0.00498,0.11468,-0.36322,-0.30122,-0.15013,0.15512,0.00383,0.00071,-0.00687,0.00066,6.000,6.000,12.000,12.000,6.000,6.000,6.000,6.000,12.000,12.000,6.000,6.000,6.000,6.000,6.000,6.000
2.0450,0.00083,0.06088,0.46238,1.00000,-0.00246,0.00049,-0.00058,0.00863,0.04457,0.30128,0.30051,0.00468,0.05371,2,0.03497,0.00468,0.034724,-0.00005,-0.4536,-0.0003,-0.0186,0.1160,-0.2494,2.9250,-0.2296,0,0.04900,0.01900,0.0015,0.0178,0.011909,0.063409,-0.0327,0.8419,56.2870,0.0493,0.0108,57.0035,-0.0903,-0.0729,7.0996,-0.0513,-0.0688,8.0499,0.005757,-0.007127,56.2828,0.005731,-0.006480,57.0035,-0.023798,-0.019001,7.0998,-0.020753,-0.016597,8.0499,-0.00064,-0.21320,-0.49207,0.98261,-0.49097,0.22245,0.00279,-0.21238,-0.48767,0.97453,-0.48851,0.22016,-0.00032,-0.00011,-0.01145,0.00254,-0.04110,3.09959,0.40508,-2.04040,0.33243,0.38123,0.00517,0.10858,-0.36400,-0.29872,-0.15086,0.15368,0.00373,0.00063,-0.00677,0.00060,6.000,6.000,12.000,12.000,6.000,6.000,6.000,6.000,12.000,12.000,6.000,6.000,6.000,6.000,6.000,6.000
2.0500,0.00083,0.06112,0.46238,1.00000,-0.00259,0.00049,-0.00056,0.00863,0.04474,0.30128,0.30051,0.00493,0.05387,2,0.03497,0.00493,0.034723,-0.00005,-0.4526,-0.0003,-0.0185,0.1174,-0.2500,2.9848,-0.2271,0,0.04900,0.01900,0.0015,0.0177,0.011913,0.063422,-0.0325,0.8494,56.3544,0.0497,0.0078,57.0754,-0.0903,-0.0707,7.0285,-0.0517,-0.0672,7.9780,0.005756,-0.007122,56.3502,0.005735,-0.006467,57.0754,-0.024136,-0.019001,7.0288,-0.021025,-0.016578,7.9780,-0.00068,-0.21365,-0.49181,0.98206,-0.49069,0.22315,0.00276,-0.21280,-0.48705,0.97331,-0.48792,0.22082,-0.00033,-0.00010,-0.01151,0.00257,-0.04113,3.11132,0.40593,-2.04166,0.33283,0.38111,0.00532,0.10244,-0.36479,-0.29621,-0.15155,0.15224,0.00366,0.00056,-0.00669,0.00055,6.000,6.000,12.000,12.000,6.000,6.000,6.000,6.000,12.000,12.000,6.000,6.000,6.000,6.000,6.000,6.000
2.0550,0.00084,0.06136,0.46238,1.00000,-0.00271,0.00049,-0.00054,0.00863,0.04490,0.30128,0.30051,0.00518,0.05402,2,0.03497,0.00518,0.034723,-0.00005,-0.4517,-0.0003,-0.0185,0.1189,-0.2505,3.0432,-0.2243,0,0.04900,0.01900,0.0015,0.0177,0.011917,0.063434,-0.0324,0.8570,56.4216,0.0502,0.0048,57.1471,-0.0902,-0.0686,6.9577,-0.0520,-0.0656,7.9063,0.005756,-0.007118,56.4173,0.005739,-0.006455,57.1471,-0.024481,-0.019001,6.9579,-0.021301,-0.016558,7.9063,-0.00073,-0.21411,-0.49154,0.98151,-0.49041,0.22384,0.00273,-0.21323,-0.48642,0.97209,-0.48732,0.22147,-0.00034,-0.00009,-0.01156,0.00260,-0.04119,3.12310,0.40681,-2.04291,0.33324,0.38106,0.00545,0.09627,-0.36556,-0.29371,-0.15222,0.15081,0.00361,0.00050,-0.00665,0.00051,6.000,6.000,12.000,12.000,6.000,6.000,6.000,6.000,12.000,12.000,6.000,6.000,6.000,6.000,6.000,6.000
2.0600,0.00085,0.06159,0.46239,1.00000,-0.00284,0.00049,-0.00052,0.00863,0.04506,0.30128,0.30051,0.00543,0.05417,2,0.03497,0.00543,0.034723,-0.00005,-0.4507,-0.0003,-0.0185,0.1204,-0.2511,3.1005,-0.2213,0,0.04900,0.01900,0.0015,0.0176,0.011920,0.063444,-0.0322,0.8647,56.4884,0.0506,0.0018,57.2186,-0.0902,-0.0663,6.8871,-0.0524,-0.0640,7.8349,0.005756,-0.007115,56.4841,0.005742,-0.006445,57.2186,-0.024831,-0.019001,6.8873,-0.021581,-0.016538,7.8349,-0.00078,-0.21456,-0.49127,0.98097,-0.49014,0.22453,0.00270,-0.21365,-0.48580,0.97086,-0.48673,0.22213,-0.00035,-0.00009,-0.01162,0.00263,-0.04127,3.13491,0.40769,-2.04413,0.33365,0.38105,0.00555,0.09007,-0.36634,-0.29120,-0.15286,0.14938,0.00358,0.00045,-0.00662,0.00047,6.000,6.000,12.000,12.000,6.000,6.000,6.000,6.000,12.000,12.000,6.000,6.000,6.000,6.000,6.000,6.000
2.0650,0.00085,0.06183,0.46239,1.00000,-0.00297,0.00049,-0.00051,0.00863,0.04523,0.30128,0.30051,0.00568,0.05433,2,0.03497,0.00568,0.034722,-0.00005,-0.4497,-0.0003,-0.0184,0.1219,-0.2517,3.1568,-0.2183,0,0.04900,0.01900,0.0015,0.0175,0.011923,0.063453,-0.0321,0.8724,56.5550,0.0511,-0.0011,57.2899,-0.0902,-0.0641,6.8167,-0.0527,-0.0623,7.7637,0.005756,-0.007112,56.5507,0.005746,-0.006436,57.2899,-0.025186,-0.019001,6.8169,-0.021863,-0.016518,7.7637,-0.00082,-0.21501,-0.49099,0.98042,-0.48986,0.22523,0.00267,-0.21407,-0.48517,0.96963,-0.48613,0.22279,-0.00035,-0.00008,-0.01168,0.00266,-0.04138,3.14675,0.40859,-2.04534,0.33406,0.38108,0.00563,0.08386,-0.36710,-0.28869,-0.15347,0.14795,0.00357,0.00041,-0.00662,0.00043,6.000,6.000,12.000,12.000,6.000,6.000,6.000,6.000,12.000,12.000,6.000,6.000,6.000,6.000,6.000,6.000
2.0700,0.00086,0.06207,0.46239,0.99999,-0.00309,0.00049,-0.00049,0.00863,0.04539,0.30129,0.30051,0.00594,0.05448,2,0.03497,0.00594,0.034722,-0.00005,-0.4487,-0.0003,-0.0184,0.1234,-0.2523,3.2125,-0.2152,0,0.04900,0.01900,0.0015,0.0175,0.011925,0.063462,-0.0320,0.8801,56.6213,0.0515,-0.0040,57.3609,-0.0902,-0.0619,6.7466,-0.0531,-0.0607,7.6928,0.005757,-0.007109,56.6170,0.005748,-0.006427,57.3609,-0.025548,-0.019001,6.7468,-0.022149,-0.016498,7.6928,-0.00087,-0.21545,-0.49072,0.97987,-0.48959,0.22592,0.00265,-0.21449,-0.48454,0.96839,-0.48554,0.22344,-0.00036,-0.00008,-0.01173,0.00269,-0.04151,3.15858,0.40948,-2.04653,0.33449,0.38111,0.00568,0.07763,-0.36786,-0.28618,-0.15406,0.14653,0.00356,0.00037,-0.00663,0.00040,6.000,6.000,12.000,12.000,6.000,6.000,6.000,6.000,12.000,12.000,6.000,6.000,6.000,6.000,6.000,6.000
2.0750,0.00087,0.06230,0.46239,0.99999,-0.00322,0.00050,-0.00048,0.00863,0.04555,0.30129,0.30051,0.00619,0.05463,2,0.03497,0.00619,0.034722,-0.00006,-0.4477,-0.0003,-0.0184,0.1249,-0.2528,3.2675,-0.2122,0,0.04900,0.01900,0.0015,0.0174,0.011928,0.063470,-0.0319,0.8878,56.6873,0.0519,-0.0068,57.4316,-0.0902,-0.0597,6.6766,-0.0534,-0.0590,7.6221,0.005757,-0.007107,56.6830,0.005751,-0.006418,57.4316,-0.025915,-0.019001,6.6768,-0.022439,-0.016477,7.6221,-0.00091,-0.21590,-0.49045,0.97932,-0.48932,0.22661,0.00262,-0.21490,-0.48391,0.96716,-0.48494,0.22409,-0.00037,-0.00008,-0.01179,0.00272,-0.04165,3.17042,0.41039,-2.04769,0.33492,0.38116,0.00572,0.07140,-0.36861,-0.28367,-0.15463,0.14511,0.00357,0.00034,-0.00666,0.00037,6.000,6.000,12.000,12.000,6.000,6.000,6.000,6.000,12.000,12.000,6.000,6.000,6.000,6.000,6.000,6.000
2.0800,0.00087,0.06254,0.46239,0.99999,-0.00335,0.00050,-0.00046,0.00863,0.04571,0.30129,0.30051,0.00644,0.05478,2,0.03497,0.00644,0.034722,-0.00006,-0.4468,-0.0003,-0.0184,0.1264,-0.2534,3.3219,-0.2093,0,0.04900,0.01900,0.0015,0.0173,0.011930,0.063479,-0.0318,0.8955,56.7530,0.0523,-0.0096,57.5021,-0.0902,-0.0575,6.6069,-0.0537,-0.0573,7.5517,0.005757,-0.007104,56.7487,0.005753,-0.006410,57.5021,-0.026287,-0.019001,6.6071,-0.022732,-0.016456,7.5517,-0.00095,-0.21634,-0.49017,0.97877,-0.48904,0.22730,0.00260,-0.21531,-0.48327,0.96592,-0.48434,0.22474,-0.00037,-0.00008,-0.01185,0.00274,-0.04182,3.18224,0.41129,-2.04883,0.33536,0.38120,0.00574,0.06515,-0.36936,-0.28116,-0.15519,0.14370,0.00359,0.00032,-0.00670,0.00034,6.000,6.000,12.000,12.000,6.000,6.000,6.000,6.000,12.000,12.000,6.000,6.000,6.000,6.000,6.000,6.000
2.0850,0.00088,0.06277,0.46239,0.99999,-0.00348,0.00050,-0.00045,0.00863,0.04588,0.30129,0.30051,0.00670,0.05493,2,0.03497,0.00670,0.034721,-0.00006,-0.4458,-0.0003,-0.0184,0.1279,-0.2541,3.3759,-0.2065,0,0.04900,0.01900,0.0016,0.0173,0.011932,0.063487,-0.0317,0.9031,56.8185,0.0528,-0.0124,57.5723,-0.0902,-0.0553,6.5374,-0.0541,-0.0557,7.4815,0.005758,-0.007102,56.8141,0.005756,-0.006402,57.5723,-0.026666,-0.019001,6.5376,-0.023028,-0.016435,7.4815,-0.00098,-0.21678,-0.48989,0.97822,-0.48877,0.22799,0.00258,-0.21572,-0.48264,0.96467,-0.48373,0.22539,-0.00038,-0.00008,-0.01191,0.00277,-0.04200,3.19406,0.41219,-2.04996,0.33581,0.38124,0.00575,0.05891,-0.37009,-0.27865,-0.15573,0.14229,0.00362,0.00030,-0.00675,0.00032,6.000,6.000,12.000,12.000,6.000,6.000,6.000,6.000,12.000,12.000,6.000,6.000,6.000,6.000,6.000,6.000
2.0900,0.00089,0.06301,0.46239,0.99999,-0.00360,0.00050,-0.00044,0.00863,0.04604,0.30129,0.30051,0.00695,0.05508,2,0.03497,0.00695,0.034721,-0.00006,-0.4448,-0.0003,-0.0184,0.1294,-0.2547,3.4295,-0.2039,0,0.04900,0.01900,0.0016,0.0173,0.011934,0.063495,-0.0317,0.9108,56.8837,0.0532,-0.0152,57.6423,-0.0902,-0.0531,6.4682,-0.0544,-0.0541,7.4116,0.005758,-0.007099,56.8793,0.005758,-0.006394,57.6423,-0.027050,-0.019001,6.4683,-0.023328,-0.016413,7.4116,-0.00102,-0.21722,-0.48961,0.97767,-0.48850,0.22867,0.00256,-0.21613,-0.48200,0.96343,-0.48313,0.22603,-0.00038,-0.00008,-0.01198,0.00279,-0.04219,3.20586,0.41308,-2.05106,0.33627,0.38127,0.00575,0.05266,-0.37081,-0.27615,-0.15625,0.14088,0.00365,0.00029,-0.00681,0.00030,6.000,6.000,12.000,12.000,6.000,6.000,6.000,6.000,12.000,12.000,6.000,6.000,6.000,6.000,6.000,6.000
2.0950,0.00089,0.06324,0.46239,0.99999,-0.00373,0.00050,-0.00043,0.00863,0.04620,0.30129,0.30051,0.00721,0.05523,2,0.03497,0.00721,0.034721,-0.00006,-0.4439,-0.0003,-0.0184,0.1308,-0.2553,3.4828,-0.2015,0,0.04900,0.01900,0.0016,0.0172,0.011936,0.063504,-0.0316,0.9184,56.9486,0.0536,-0.0179,57.7120,-0.0902,-0.0510,6.3992,-0.0548,-0.0525,7.3419,0.005759,-0.007097,56.9442,0.005760,-0.006385,57.7120,-0.027440,-0.019001,6.3993,-0.023632,-0.016391,7.3419,-0.00105,-0.21765,-0.48932,0.97711,-0.48823,0.22936,0.00255,-0.21653,-0.48136,0.96218,-0.48252,0.22668,-0.00038,-0.00008,-0.01204,0.00282,-0.04240,3.21765,0.41397,-2.05214,0.33674,0.38130,0.00573,0.04641,-0.37153,-0.27365,-0.15677,0.13948,0.00368,0.00028,-0.00687,0.00028,6.000,6.000,12.000,12.000,6.000,6.000,6.000,6.000,12.000,12.000,6.000,6.000,6.000,6.000,6.000,6.000
2.1000,0.00090,0.06348,0.46239,0.99999,-0.00386,0.00050,-0.00042,0.00863,0.04636,0.30129,0.30051,0.00746,0.05538,2,0.03497,0.00746,0.034720,-0.00006,-0.4430,-0.0003,-0.0184,0.1323,-0.2559,3.5357,-0.1992,0,0.04900,0.01900,0.0017,0.0172,0.011938,0.063512,-0.0316,0.9260,57.0133,0.0540,-0.0206,57.7815,-0.0902,-0.0489,6.3304,-0.0551,-0.0509,7.2725,0.005760,-0.007094,57.0088,0.005762,-0.006377,57.7815,-0.027837,-0.019001,6.3306,-0.023939,-0.016368,7.2725,-0.00108,-0.21808,-0.48904,0.97656,-0.48796,0.23004,0.00254,-0.21694,-0.48073,0.96092,-0.48191,0.22732,-0.00039,-0.00008,-0.01211,0.00284,-0.04262,3.22941,0.41485,-2.05321,0.33721,0.38131,0.00571,0.04015,-0.37223,-0.27116,-0.15727,0.13808,0.00372,0.00027,-0.00693,0.00026,6.000,6.000,12.000,12.000,6.000,6.000,6.000,6.000,12.000,12.000,6.000,6.000,6.000,6.000,6.000,6.000
2.1050,0.00091,0.06371,0.46240,0.99999,-0.00399,0.00050,-0.00041,0.00863,0.04652,0.30129,0.30051,0.00772,0.05552,2,0.03497,0.00772,0.034720,-0.00006,-0.4420,-0.0003,-0.0184,0.1338,-0.2565,3.5883,-0.1972,0,0.04900,0.01900,0.0017,0.0172,0.011940,0.063520,-0.0315,0.9336,57.0777,0.0544,-0.0232,57.8507,-0.0902,-0.0467,6.2619,-0.0555,-0.0493,7.2033,0.005761,-0.007091,57.0732,0.005764,-0.006369,57.8507,-0.028240,-0.019001,6.2620,-0.024250,-0.016345,7.2033,-0.00110,-0.21852,-0.48875,0.97601,-0.48769,0.23073,0.00253,-0.21734,-0.48009,0.95967,-0.48129,0.22796,-0.00039,-0.00008,-0.01217,0.00286,-0.04285,3.24116,0.41572,-2.05425,0.33769,0.38132,0.00567,0.03390,-0.37293,-0.26868,-0.15776,0.13669,0.00376,0.00027,-0.00700,0.00024,6.000,6.000,12.000,12.000,6.000,6.000,6.000,6.000,12.000,12.000,6.000,6.000,6.000,6.000,6.000,6.000
2.1100,0.00091,0.06394,0.46240,0.99999,-0.00411,0.00050,-0.00040,0.00863,0.04668,0.30130,0.30051,0.00797,0.05567,2,0.03497,0.00797,0.034720,-0.00006,-0.4411,-0.0003,-0.0184,0.1352,-0.2571,3.6407,-0.1953,0,0.04900,0.01900,0.0017,0.0172,0.011942,0.063528,-0.0315,0.9411,57.1418,0.0548,-0.0259,57.9196,-0.0903,-0.0446,6.1936,-0.0558,-0.0477,7.1344,0.005762,-0.007089,57.1373,0.005766,-0.006361,57.9196,-0.028650,-0.019001,6.1938,-0.024565,-0.016322,7.1344,-0.00113,-0.21895,-0.48846,0.97545,-0.48742,0.23141,0.00252,-0.21774,-0.47945,0.95841,-0.48068,0.22860,-0.00039,-0.00008,-0.01224,0.00288,-0.04308,3.25289,0.41658,-2.05528,0.33818,0.38132,0.00563,0.02764,-0.37361,-0.26621,-0.15825,0.13530,0.00380,0.00026,-0.00707,0.00023,6.000,6.000,12.000,12.000,6.000,6.000,6.000,6.000,12.000,12.000,6.000,6.000,6.000,6.000,6.000,6.000
2.1150,0.00092,0.06417,0.46240,0.99999,-0.00424,0.00050,-0.00040,0.00863,0.04684,0.30130,0.30051,0.00823,0.05582,2,0.03498,0.00823,0.034719,-0.00006,-0.4402,-0.0003,-0.0184,0.1367,-0.2578,3.6928,-0.1936,0,0.04900,0.01900,0.0018,0.0172,0.011943,0.063537,-0.0315,0.9486,57.2057,0.0552,-0.0285,57.9883,-0.0903,-0.0426,6.1256,-0.0562,-0.0462,7.0657,0.005763,-0.007086,57.2011,0.005768,-0.006352,57.9883,-0.029066,-0.019001,6.1257,-0.024884,-0.016298,7.0657,-0.00115,-0.21937,-0.48817,0.97489,-0.48715,0.23209,0.00252,-0.21813,-0.47881,0.95715,-0.48006,0.22924,-0.00039,-0.00008,-0.01231,0.00291,-0.04332,3.26459,0.41744,-2.05629,0.33868,0.38131,0.00558,0.02138,-0.37429,-0.26374,-0.15873,0.13392,0.00384,0.00026,-0.00714,0.00021,6.000,6.000,12.000,12.000,6.000,6.000,6.000,6.000,12.000,12.000,6.000,6.000,6.000,6.000,6.000,6.000
2.1200,0.00092,0.06441,0.46240,0.99999,-0.00437,0.00050,-0.00039,0.00863,0.04700,0.30130,0.30051,0.00849,0.05596,2,0.03498,0.00849,0.034719,-0.00006,-0.4393,-0.0003,-0.0184,0.1381,-0.2584,3.7447,-0.1921,0,0.04900,0.01900,0.0018,0.0172,0.011945,0.063545,-0.0314,0.9562,57.2692,0.0556,-0.0311,58.0566,-0.0903,-0.0405,6.0578,-0.0565,-0.0447,6.9973,0.005764,-0.007083,57.2647,0.005770,-0.006344,58.0566,-0.029489,-0.019003,6.0580,-0.025207,-0.016274,6.9973,-0.00117,-0.21980,-0.48788,0.97433,-0.48688,0.23277,0.00251,-0.21853,-0.47817,0.95588,-0.47944,0.22987,-0.00039,-0.00008,-0.01239,0.00293,-0.04357,3.27626,0.41828,-2.05728,0.33918,0.38127,0.00553,0.01513,-0.37496,-0.26128,-0.15920,0.13255,0.00388,0.00026,-0.00721,0.00020,6.000,6.000,12.000,12.000,6.000,6.000,6.000,6.000,12.000,12.000,6.000,6.000,6.000,6.000,6.000,6.000
2.1250,0.00093,0.06464,0.46240,0.99999,-0.00450,0.00049,-0.00039,0.00863,0.04716,0.30130,0.30051,0.00874,0.05611,2,0.03498,0.00874,0.034719,-0.00006,-0.4384,-0.0003,-0.0184,0.1395,-0.2590,3.7964,-0.1908,0,0.04900,0.01900,0.0019,0.0172,0.011947,0.063554,-0.0314,0.9636,57.3326,0.0559,-0.0336,58.1248,-0.0903,-0.0384,5.9903,-0.0569,-0.0432,6.9292,0.005765,-0.007079,57.3280,0.005772,-0.006335,58.1248,-0.029919,-0.019003,5.9905,-0.025534,-0.016250,6.9292,-0.00118,-0.22022,-0.48758,0.97377,-0.48662,0.23344,0.00251,-0.21892,-0.47753,0.95462,-0.47882,0.23051,-0.00039,-0.00008,-0.01246,0.00295,-0.04382,3.28792,0.41912,-2.05826,0.33968,0.38124,0.00547,0.00888,-0.37562,-0.25884,-0.15967,0.13118,0.00392,0.00027,-0.00728,0.00018,6.000,6.000,12.000,12.000,6.000,6.000,6.000,6.000,12.000,12.000,6.000,6.000,6.000,6.000,6.000,6.000
2.1300,0.00094,0.06487,0.46240,0.99999,-0.00463,0.00049,-0.00039,0.00863,0.04732,0.30130,0.30051,0.00900,0.05625,2,0.03498,0.00900,0.034719,-0.00006,-0.4375,-0.0003,-0.0184,0.1410,-0.2597,3.8479,-0.1896,0,0.04900,0.01900,0.0019,0.0172,0.011949,0.063562,-0.0314,0.9711,57.3956,0.0563,-0.0362,58.1927,-0.0904,-0.0364,5.9231,-0.0572,-0.0417,6.8613,0.005766,-0.007076,57.3910,0.005774,-0.006327,58.1927,-0.030357,-0.019003,5.9232,-0.025866,-0.016225,6.8613,-0.00120,-0.22065,-0.48729,0.97321,-0.48635,0.23412,0.00252,-0.21931,-0.47689,0.95335,-0.47819,0.23114,-0.00040,-0.00009,-0.01253,0.00297,-0.04408,3.29954,0.41994,-2.05922,0.34019,0.38119,0.00541,0.00262,-0.37627,-0.25640,-0.16014,0.12981,0.00396,0.00027,-0.00735,0.00017,6.000,6.000,12.000,12.000,6.000,6.000,6.000,6.000,12.000,12.000,6.000,6.000,6.000,6.000,6.000,6.000
2.1350,0.00094,0.06510,0.46240,0.99999,-0.00475,0.00049,-0.00038,0.00863,0.04748,0.30130,0.30051,0.00925,0.05640,2,0.03498,0.00925,0.034718,-0.00006,-0.4366,-0.0003,-0.0184,0.1424,-0.2603,3.8991,-0.1886,0,0.04900,0.01900,0.0020,0.0172,0.011951,0.063571,-0.0314,0.9785,57.4584,0.0567,-0.0387,58.2603,-0.0904,-0.0343,5.8561,-0.0576,-0.0403,6.7937,0.005768,-0.007072,57.4537,0.005776,-0.006318,58.2603,-0.030802,-0.019003,5.8562,-0.026203,-0.016200,6.7937,-0.00121,-0.22107,-0.48699,0.97265,-0.48608,0.23479,0.00252,-0.21970,-0.47625,0.95208,-0.47757,0.23177,-0.00040,-0.00009,-0.01261,0.00299,-0.04434,3.31114,0.42075,-2.06016,0.34071,0.38112,0.00535,-0.00363,-0.37691,-0.25398,-0.16060,0.12845,0.00400,0.00027,-0.00742,0.00015,6.000,6.000,12.000,12.000,6.000,6.000,6.000,6.000,12.000,12.000,6.000,6.000,6.000,6.000,6.000,6.000
2.1400,0.00095,0.06533,0.46240,0.99999,-0.00488,0.00049,-0.00038,0.00863,0.04763,0.30130,0.30051,0.00951,0.05654,2,0.03498,0.00951,0.034718,-0.00006,-0.4357,-0.0003,-0.0184,0.1438,-0.2609,3.9502,-0.1876,0,0.04900,0.01900,0.0020,0.0173,0.011953,0.063580,-0.0313,0.9859,57.5209,0.0571,-0.0412,58.3276,-0.0905,-0.0323,5.7894,-0.0579,-0.0388,6.7263,0.005769,-0.007069,57.5162,0.005778,-0.006309,58.3276,-0.031255,-0.019003,5.7895,-0.026544,-0.016174,6.7263,-0.00122,-0.22149,-0.48669,0.97209,-0.48582,0.23546,0.00252,-0.22009,-0.47560,0.95080,-0.47694,0.23239,-0.00040,-0.00009,-0.01268,0.00300,-0.04460,3.32272,0.42155,-2.06109,0.34122,0.38105,0.00528,-0.00988,-0.37755,-0.25157,-0.16106,0.12709,0.00404,0.00028,-0.00749,0.00014,6.000,6.000,12.000,12.000,6.000,6.000,6.000,6.000,12.000,12.000,6.000,6.000,6.000,6.000,6.000,6.000
2.1450,0.00096,0.06556,0.46241,0.99999,-0.00501,0.00049,-0.00038,0.00863,0.04779,0.30130,0.30051,0.00977,0.05668,2,0.03498,0.00977,0.034718,-0.00005,-0.4348,-0.0003,-0.0184,0.1452,-0.2616,4.0011,-0.1868,0,0.04900,0.01900,0.0021,0.0173,0.011955,0.063589,-0.0313,0.9933,57.5831,0.0574,-0.0437,58.3947,-0.0905,-0.0303,5.7229,-0.0583,-0.0374,6.6592,0.005771,-0.007065,57.5783,0.005780,-0.006300,58.3947,-0.031716,-0.019003,5.7230,-0.026890,-0.016148,6.6592,-0.00123,-0.22190,-0.48639,0.97153,-0.48555,0.23613,0.00253,-0.22048,-0.47496,0.94953,-0.47631,0.23302,-0.00040,-0.00009,-0.01276,0.00302,-0.04486,3.33426,0.42235,-2.06200,0.34174,0.38096,0.00521,-0.01613,-0.37817,-0.24917,-0.16152,0.12573,0.00408,0.00028,-0.00756,0.00012,6.000,6.000,12.000,12.000,6.000,6.000,6.000,6.000,12.000,12.000,6.000,6.000,6.000,6.000,6.000,6.000
2.1500,0.00096,0.06579,0.46241,0.99999,-0.00514,0.00049,-0.00038,0.00863,0.04795,0.30131,0.30051,0.01002,0.05683,2,0.03498,0.01002,0.034717,-0.00005,-0.4339,-0.0003,-0.0184,0.1467,-0.2622,4.0518,-0.1861,0,0.04900,0.01900,0.0021,0.0174,0.011956,0.063598,-0.0313,1.0007,57.6450,0.0578,-0.0461,58.4615,-0.0905,-0.0283,5.6567,-0.0586,-0.0360,6.5924,0.005772,-0.007061,57.6403,0.005782,-0.006291,58.4615,-0.032185,-0.019003,5.6569,-0.027241,-0.016121,6.5924,-0.00124,-0.22232,-0.48609,0.97096,-0.48528,0.23680,0.00254,-0.22086,-0.47432,0.94825,-0.47568,0.23364,-0.00040,-0.00009,-0.01284,0.00304,-0.04513,3.34577,0.42313,-2.06290,0.34226,0.38086,0.00514,-0.02238,-0.37879,-0.24678,-0.16197,0.12438,0.00411,0.00028,-0.00762,0.00011,6.000,6.000,12.000,12.000,6.000,6.000,6.000,6.000,12.000,12.000,6.000,6.000,6.000,6.000,6.000,6.000
2.1550,0.00097,0.06602,0.46241,0.99999,-0.00527,0.00049,-0.00039,0.00863,0.04811,0.30131,0.30051,0.01028,0.05697,2,0.03498,0.01028,0.034717,-0.00005,-0.4330,-0.0003,-0.0184,0.1481,-0.2629,4.1023,-0.1855,0,0.04900,0.01900,0.0022,0.0175,0.011958,0.063608,-0.0313,1.0080,57.7067,0.0582,-0.0485,58.5281,-0.0906,-0.0264,5.5908,-0.0590,-0.0346,6.5258,0.005773,-0.007056,57.7019,0.005784,-0.006282,58.5281,-0.032663,-0.019003,5.5909,-0.027598,-0.016094,6.5258,-0.00125,-0.22273,-0.48579,0.97040,-0.48502,0.23747,0.00255,-0.22124,-0.47367,0.94697,-0.47504,0.23427,-0.00040,-0.00009,-0.01292,0.00306,-0.04539,3.35726,0.42390,-2.06378,0.34278,0.38074,0.00507,-0.02862,-0.37940,-0.24441,-0.16242,0.12304,0.00415,0.00029,-0.00769,0.00010,6.000,6.000,12.000,12.000,6.000,6.000,6.000,6.000,12.000,12.000,6.000,6.000,6.000,6.000,6.000,6.000
2.1600,0.00098,0.06624,0.46241,0.99999,-0.00539,0.00049,-0.00039,0.00863,0.04826,0.30131,0.30051,0.01053,0.05711,2,0.03498,0.01053,0.034717,-0.00005,-0.4322,-0.0003,-0.0184,0.1495,-0.2635,4.1526,-0.1850,0,0.04900,0.01900,0.0022,0.0176,0.011960,0.063617,-0.0313,1.0153,57.7680,0.0585,-0.0510,58.5944,-0.0906,-0.0244,5.5252,-0.0593,-0.0332,6.4595,0.005775,-0.007052,57.7632,0.005786,-0.006273,58.5944,-0.033149,-0.019003,5.5253,-0.027959,-0.016066,6.4595,-0.00125,-0.22314,-0.48549,0.96983,-0.48475,0.23813,0.00256,-0.22162,-0.47303,0.94569,-0.47441,0.23489,-0.00040,-0.00009,-0.01300,0.00308,-0.04565,3.36871,0.42466,-2.06465,0.34330,0.38061,0.00500,-0.03486,-0.38000,-0.24205,-0.16288,0.12170,0.00418,0.00029,-0.00775,0.00008,6.000,6.000,12.000,12.000,6.000,6.000,6.000,6.000,12.000,12.000,6.000,6.000,6.000,6.000,6.000,6.000
2.1650,0.00098,0.06647,0.46241,0.99998,-0.00552,0.00049,-0.00039,0.00863,0.04842,0.30131,0.30051,0.01079,0.05725,2,0.03498,0.01079,0.034717,-0.00005,-0.4313,-0.0003,-0.0184,0.1509,-0.2642,4.2027,-0.1845,0,0.04900,0.01900,0.0023,0.0176,0.011962,0.063627,-0.0312,1.0226,57.8291,0.0589,-0.0533,58.6604,-0.0907,-0.0224,5.4598,-0.0597,-0.0319,6.3935,0.005776,-0.007047,57.8243,0.005789,-0.006263,58.6604,-0.033645,-0.019003,5.4599,-0.028327,-0.016038,6.3935,-0.00126,-0.22355,-0.48519,0.96926,-0.48448,0.23879,0.00257,-0.22200,-0.47239,0.94440,-0.47377,0.23550,-0.00040,-0.00009,-0.01308,0.00309,-0.04592,3.38013,0.42541,-2.06550,0.34382,0.38046,0.00493,-0.04110,-0.38060,-0.23970,-0.16332,0.12037,0.00421,0.00030,-0.00781,0.00007,6.000,6.000,12.000,12.000,6.000,6.000,6.000,6.000,12.000,12.000,6.000,6.000,6.000,6.000,6.000,6.000
2.1700,0.00099,0.06670,0.46241,0.99998,-0.00565,0.00049,-0.00039,0.00863,0.04858,0.30131,0.30051,0.01104,0.05739,2,0.03498,0.01104,0.034716,-0.00005,-0.4304,-0.0003,-0.0184,0.1522,-0.2648,4.2527,-0.1840,0,0.04900,0.01900,0.0023,0.0178,0.011964,0.063637,-0.0312,1.0299,57.8899,0.0593,-0.0557,58.7261,-0.0907,-0.0205,5.3947,-0.0601,-0.0306,6.3277,0.005778,-0.007042,57.8851,0.005791,-0.006253,58.7261,-0.034150,-0.019003,5.3948,-0.028700,-0.016009,6.3277,-0.00126,-0.22396,-0.48488,0.96869,-0.48421,0.23945,0.00258,-0.22238,-0.47174,0.94312,-0.47313,0.23612,-0.00040,-0.00010,-0.01316,0.00311,-0.04618,3.39152,0.42615,-2.06634,0.34433,0.38030,0.00486,-0.04733,-0.38119,-0.23737,-0.16377,0.11904,0.00424,0.00030,-0.00786,0.00006,6.000,6.000,12.000,12.000,6.000,6.000,6.000,6.000,12.000,12.000,6.000,6.000,6.000,6.000,6.000,6.000
2.1750,0.00100,0.06693,0.46241,0.99998,-0.00578,0.00049,-0.00040,0.00863,0.04873,0.30131,0.30051,0.01130,0.05753,2,0.03498,0.01130,0.034716,-0.00005,-0.4295,-0.0003,-0.0184,0.1536,-0.2654,4.3025,-0.1836,0,0.04900,0.01900,0.0024,0.0179,0.011966,0.063647,-0.0312,1.0371,57.9505,0.0596,-0.0581,58.7916,-0.0908,-0.0186,5.3299,-0.0604,-0.0293,6.2622,0.005779,-0.007037,57.9456,0.005793,-0.006243,58.7916,-0.034665,-0.019003,5.3300,-0.029078,-0.015980,6.2622,-0.00127,-0.22436,-0.48458,0.96812,-0.48395,0.24011,0.00260,-0.22275,-0.47109,0.94183,-0.47249,0.23673,-0.00040,-0.00010,-0.01324,0.00313,-0.04645,3.40288,0.42689,-2.06716,0.34485,0.38013,0.00479,-0.05356,-0.38177,-0.23505,-0.16422,0.11772,0.00427,0.00030,-0.00792,0.00004,6.000,6.000,12.000,12.000,6.000,6.000,6.000,6.000,12.000,12.000,6.000,6.000,6.000,6.000,6.000,6.000
2.1800,0.00100,0.06715,0.46242,0.99998,-0.00590,0.00049,-0.00040,0.00863,0.04889,0.30131,0.30051,0.01156,0.05767,2,0.03498,0.01156,0.034716,-0.00005,-0.4286,-0.0003,-0.0184,0.1550,-0.2661,4.3521,-0.1833,0,0.04900,0.01900,0.0024,0.0180,0.011968,0.063657,-0.0312,1.0443,58.0107,0.0600,-0.0604,58.8568,-0.0908,-0.0167,5.2654,-0.0608,-0.0280,6.1970,0.005781,-0.007032,58.0058,0.005795,-0.006233,58.8568,-0.035189,-0.019003,5.2654,-0.029463,-0.015950,6.1970,-0.00127,-0.22477,-0.48427,0.96755,-0.48368,0.24076,0.00261,-0.22312,-0.47045,0.94054,-0.47185,0.23735,-0.00040,-0.00010,-0.01332,0.00314,-0.04671,3.41420,0.42761,-2.06797,0.34536,0.37994,0.00471,-0.05979,-0.38235,-0.23275,-0.16466,0.11640,0.00429,0.00031,-0.00797,0.00003,6.000,6.000,12.000,12.000,6.000,6.000,6.000,6.000,12.000,12.000,6.000,6.000,6.000,6.000,6.000,6.000
2.1850,0.00101,0.06738,0.46242,0.99998,-0.00603,0.00049,-0.00040,0.00863,0.04904,0.30132,0.30051,0.01181,0.05781,2,0.03498,0.01181,0.034715,-0.00005,-0.4278,-0.0003,-0.0184,0.1564,-0.2667,4.4016,-0.1829,0,0.04900,0.01900,0.0025,0.0181,0.011970,0.063668,-0.0312,1.0515,58.0707,0.0603,-0.0627,58.9218,-0.0909,-0.0148,5.2011,-0.0611,-0.0267,6.1320,0.005782,-0.007026,58.0657,0.005797,-0.006223,58.9218,-0.035724,-0.019003,5.2012,-0.029854,-0.015920,6.1320,-0.00128,-0.22517,-0.48397,0.96698,-0.48341,0.24142,0.00262,-0.22349,-0.46980,0.93925,-0.47121,0.23796,-0.00040,-0.00010,-0.01340,0.00316,-0.04697,3.42549,0.42832,-2.06877,0.34587,0.37973,0.00464,-0.06601,-0.38292,-0.23046,-0.16510,0.11509,0.00432,0.00031,-0.00803,0.00002,6.000,6.000,12.000,12.000,6.000,6.000,6.000,6.000,12.000,12.000,6.000,6.000,6.000,6.000,6.000,6.000
2.1900,0.00102,0.06760,0.46242,0.99998,-0.00616,0.00049,-0.00041,0.00863,0.04920,0.30132,0.30051,0.01206,0.05794,2,0.03498,0.01206,0.034715,-0.00005,-0.4269,-0.0003,-0.0184,0.1577,-0.2674,4.4508,-0.1826,0,0.04900,0.01900,0.0025,0.0183,0.011972,0.063679,-0.0312,1.0587,58.1303,0.0607,-0.0650,58.9865,-0.0909,-0.0129,5.1371,-0.0615,-0.0254,6.0673,0.005784,-0.007020,58.1254,0.005799,-0.006212,58.9865,-0.036269,-0.019003,5.1372,-0.030251,-0.015890,6.0673,-0.00128,-0.22557,-0.48366,0.96641,-0.48314,0.24207,0.00264,-0.22386,-0.46915,0.93796,-0.47057,0.23856,-0.00040,-0.00010,-0.01348,0.00317,-0.04723,3.43674,0.42903,-2.06955,0.34638,0.37951,0.00457,-0.07222,-0.38348,-0.22818,-0.16554,0.11378,0.00434,0.00031,-0.00808,0.00001,6.000,6.000,12.000,12.000,6.000,6.000,6.000,6.000,12.000,12.000,6.000,6.000,6.000,6.000,6.000,6.000
2.1950,0.00102,0.06783,0.46242,0.99998,-0.00629,0.00049,-0.00041,0.00863,0.04935,0.30132,0.30051,0.01232,0.05808,2,0.03498,0.01232,0.034715,-0.00005,-0.4260,-0.0003,-0.0184,0.1591,-0.2681,4.5000,-0.1823,0,0.04900,0.01900,0.0026,0.0184,0.011974,0.063689,-0.0312,1.0658,58.1897,0.0611,-0.0673,59.0509,-0.0910,-0.0110,5.0734,-0.0619,-0.0242,6.0029,0.005785,-0.007014,58.1847,0.005801,-0.006201,59.0509,-0.036825,-0.019003,5.0735,-0.030655,-0.015858,6.0029,-0.00128,-0.22597,-0.48335,0.96584,-0.48287,0.24271,0.00265,-0.22423,-0.46850,0.93666,-0.46992,0.23917,-0.00040,-0.00010,-0.01356,0.00319,-0.04749,3.44796,0.42972,-2.07031,0.34688,0.37927,0.00449,-0.07843,-0.38404,-0.22592,-0.16598,0.11248,0.00437,0.00032,-0.00813,-0.00000,6.000,6.000,12.000,12.000,6.000,6.000,6.000,6.000,12.000,12.000,6.000,6.000,6.000,6.000,6.000,6.000
2.2000,0.00103,0.06805,0.46242,0.99998,-0.00641,0.00048,-0.00042,0.00863,0.04950,0.30132,0.30051,0.01257,0.05822,2,0.03498,0.01257,0.034715,-0.00005,-0.4252,-0.0003,-0.0184,0.1604,-0.2687,4.5489,-0.1820,0,0.04900,0.01900,0.0026,0.0186,0.011976,0.063700,-0.0311,1.0729,58.2488,0.0614,-0.0696,59.1150,-0.0911,-0.0092,5.0100,-0.0622,-0.0230,5.9388,0.005786,-0.007008,58.2438,0.005804,-0.006190,59.1150,-0.037393,-0.019003,5.0101,-0.031065,-0.015827,5.9388,-0.00128,-0.22637,-0.48305,0.96526,-0.48261,0.24336,0.00267,-0.22459,-0.46785,0.93537,-0.46928,0.23977,-0.00040,-0.00010,-0.01364,0.00320,-0.04775,3.45914,0.43041,-2.07107,0.34739,0.37902,0.00442,-0.08463,-0.38459,-0.22368,-0.16642,0.11118,0.00439,0.00032,-0.00818,-0.00002,6.000,6.000,12.000,12.000,6.000,6.000,6.000,6.000,12.000,12.000,6.000,6.000,6.000,6.000,6.000,6.000
2.2050,0.00104,0.06827,0.46242,0.99998,-0.00654,0.00048,-0.00042,0.00863,0.04966,0.30132,0.30051,0.01283,0.05835,2,0.03498,0.01283,0.034714,-0.00005,-0.4243,-0.0003,-0.0184,0.1618,-0.2694,4.5977,-0.1816,0,0.04900,0.01900,0.0027,0.0188,0.011978,0.063712,-0.0311,1.0800,58.3075,0.0618,-0.0718,59.1788,-0.0911,-0.0073,4.9469,-0.0626,-0.0217,5.8749,0.005788,-0.007001,58.3025,0.005806,-0.006179,59.1788,-0.037972,-0.019003,4.9470,-0.031483,-0.015794,5.8749,-0.00128,-0.22676,-0.48274,0.96469,-0.48234,0.24401,0.00269,-0.22496,-0.46720,0.93407,-0.46863,0.24038,-0.00040,-0.00010,-0.01372,0.00322,-0.04801,3.47028,0.43108,-2.07181,0.34788,0.37876,0.00435,-0.09083,-0.38514,-0.22145,-0.16686,0.10989,0.00441,0.00032,-0.00823,-0.00003,6.000,6.000,12.000,12.000,6.000,6.000,6.000,6.000,12.000,12.000,6.000,6.000,6.000,6.000,6.000,6.000
2.2100,0.00104,0.06849,0.46242,0.99998,-0.00667,0.00048,-0.00043,0.00863,0.04981,0.30132,0.30051,0.01308,0.05849,2,0.03498,0.01308,0.034714,-0.00005,-0.4234,-0.0003,-0.0184,0.1631,-0.2700,4.6464,-0.1813,0,0.04900,0.01900,0.0027,0.0190,0.011980,0.063723,-0.0311,1.0871,58.3660,0.0621,-0.0741,59.2424,-0.0912,-0.0055,4.8841,-0.0629,-0.0206,5.8113,0.005789,-0.006995,58.3610,0.005808,-0.006168,59.2424,-0.038563,-0.019003,4.8841,-0.031907,-0.015761,5.8113,-0.00129,-0.22715,-0.48243,0.96411,-0.48207,0.24465,0.00270,-0.22532,-0.46655,0.93277,-0.46799,0.24097,-0.00040,-0.00010,-0.01380,0.00323,-0.04826,3.48139,0.43175,-2.07253,0.34837,0.37847,0.00427,-0.09702,-0.38567,-0.21924,-0.16729,0.10860,0.00443,0.00032,-0.00828,-0.00004,6.000,6.000,12.000,12.000,6.000,6.000,6.000,6.000,12.000,12.000,6.000,6.000,6.000,6.000,6.000,6.000
2.2150,0.00105,0.06872,0.46243,0.99998,-0.00679,0.00048,-0.00043,0.00863,0.04996,0.30133,0.30051,0.01334,0.05862,2,0.03498,0.01334,0.034714,-0.00005,-0.4226,-0.0003,-0.0185,0.1645,-0.2707,4.6949,-0.1810,0,0.04900,0.01900,0.0028,0.0192,0.011982,0.063735,-0.0311,1.0941,58.4242,0.0625,-0.0763,59.3057,-0.0912,-0.0036,4.8215,-0.0633,-0.0194,5.7480,0.005790,-0.006988,58.4191,0.005810,-0.006156,59.3057,-0.039166,-0.019003,4.8216,-0.032338,-0.015728,5.7480,-0.00129,-0.22755,-0.48212,0.96354,-0.48180,0.24529,0.00272,-0.22568,-0.46590,0.93147,-0.46734,0.24157,-0.00040,-0.00010,-0.01389,0.00325,-0.04852,3.49245,0.43242,-2.07324,0.34886,0.37817,0.00420,-0.10320,-0.38621,-0.21704,-0.16772,0.10732,0.00445,0.00033,-0.00833,-0.00005,6.000,6.000,12.000,12.000,6.000,6.000,6.000,6.000,12.000,12.000,6.000,6.000,6.000,6.000,6.000,6.000
2.2200,0.00106,0.06894,0.46243,0.99998,-0.00692,0.00048,-0.00044,0.00863,0.05011,0.30133,0.30051,0.01359,0.05876,2,0.03498,0.01359,0.034713,-0.00005,-0.4217,-0.0003,-0.0185,0.1658,-0.2713,4.7432,-0.1806,0,0.04900,0.01900,0.0028,0.0194,0.011983,0.063747,-0.0311,1.1011,58.4821,0.0628,-0.0785,59.3687,-0.0913,-0.0018,4.7593,-0.0637,-0.0182,5.6850,0.005791,-0.006980,58.4770,0.005812,-0.006145,59.3687,-0.039782,-0.019004,4.7593,-0.032777,-0.015694,5.6850,-0.00129,-0.22793,-0.48181,0.96296,-0.48153,0.24592,0.00274,-0.22604,-0.46525,0.93017,-0.46669,0.24217,-0.00040,-0.00010,-0.01397,0.00326,-0.04877,3.50348,0.43307,-2.07394,0.34935,0.37786,0.00412,-0.10937,-0.38674,-0.21485,-0.16815,0.10605,0.00447,0.00033,-0.00838,-0.00006,6.000,6.000,12.000,12.000,6.000,6.000,6.000,6.000,12.000,12.000,6.000,6.000,6.000,6.000,6.000,6.000
2.2250,0.00106,0.06916,0.46243,0.99997,-0.00705,0.00048,-0.00044,0.00863,0.05026,0.30133,0.30051,0.01384,0.05889,2,0.03498,0.01384,0.034713,-0.00005,-0.4209,-0.0003,-0.0185,0.1671,-0.2720,4.7914,-0.1803,0,0.04900,0.01900,0.0029,0.0196,0.011985,0.063759,-0.0311,1.1081,58.5397,0.0632,-0.0807,59.4314,-0.0913,-0.0000,4.6973,-0.0640,-0.0171,5.6223,0.005792,-0.006973,58.5346,0.005814,-0.006133,59.4314,-0.040410,-0.019004,4.6974,-0.033223,-0.015659,5.6223,-0.00129,-0.22832,-0.48150,0.96238,-0.48126,0.24656,0.00275,-0.22639,-0.46460,0.92887,-0.46604,0.24276,-0.00040,-0.00010,-0.01405,0.00327,-0.04903,3.51447,0.43371,-2.07462,0.34983,0.37753,0.00405,-0.11554,-0.38726,-0.21268,-0.16858,0.10478,0.00449,0.00033,-0.00843,-0.00007,6.000,6.000,12.000,12.000,6.000,6.000,6.000,6.000,12.000,12.000,6.000,6.000,6.000,6.000,6.000,6.000
2.2300,0.00107,0.06938,0.46243,0.99997,-0.00717,0.00048,-0.00045,0.00863,0.05042,0.30133,0.30051,0.01409,0.05902,2,0.03499,0.01409,0.034713,-0.00005,-0.4200,-0.0003,-0.0185,0.1684,-0.2727,4.8394,-0.1799,0,0.04900,0.01900,0.0029,0.0199,0.011987,0.063771,-0.0311,1.1150,58.5970,0.0635,-0.0828,59.4938,-0.0914,0.0018,4.6357,-0.0644,-0.0159,5.5599,0.005793,-0.006965,58.5918,0.005816,-0.006121,59.4938,-0.041052,-0.019004,4.6357,-0.033677,-0.015624,5.5599,-0.00129,-0.22871,-0.48119,0.96180,-0.48099,0.24719,0.00277,-0.22675,-0.46395,0.92756,-0.46540,0.24335,-0.00040,-0.00010,-0.01413,0.00329,-0.04928,3.52542,0.43435,-2.07528,0.35030,0.37718,0.00398,-0.12170,-0.38777,-0.21053,-0.16900,0.10352,0.00451,0.00033,-0.00847,-0.00008,6.000,6.000,12.000,12.000,6.000,6.000,6.000,6.000,12.000,12.000,6.000,6.000,6.000,6.000,6.000,6.000
2.2350,0.00108,0.06960,0.46243,0.99997,-0.00730,0.00048,-0.00045,0.00863,0.05057,0.30133,0.30051,0.01435,0.05915,2,0.03499,0.01435,0.034713,-0.00005,-0.4191,-0.0003,-0.0185,0.1698,-0.2733,4.8873,-0.1795,0,0.04900,0.01900,0.0030,0.0201,0.011989,0.063784,-0.0311,1.1220,58.6539,0.0639,-0.0850,59.5560,-0.0915,0.0036,4.5743,-0.0648,-0.0148,5.4977,0.005794,-0.006957,58.6488,0.005818,-0.006108,59.5560,-0.041708,-0.019004,4.5743,-0.034139,-0.015588,5.4977,-0.00129,-0.22909,-0.48088,0.96122,-0.48072,0.24782,0.00279,-0.22710,-0.46329,0.92626,-0.46475,0.24394,-0.00040,-0.00010,-0.01422,0.00330,-0.04953,3.53633,0.43498,-2.07594,0.35077,0.37682,0.00390,-0.12785,-0.38829,-0.20839,-0.16943,0.10226,0.00453,0.00033,-0.00852,-0.00009,6.000,6.000,12.000,12.000,6.000,6.000,6.000,6.000,12.000,12.000,6.000,6.000,6.000,6.000,6.000,6.000
2.2400,0.00108,0.06982,0.46243,0.99997,-0.00743,0.00048,-0.00046,0.00863,0.05072,0.30133,0.30051,0.01460,0.05928,2,0.03499,0.01460,0.034712,-0.00005,-0.4183,-0.0003,-0.0185,0.1711,-0.2740,4.9350,-0.1790,0,0.04900,0.01900,0.0030,0.0204,0.011991,0.063797,-0.0311,1.1289,58.7106,0.0643,-0.0871,59.6178,-0.0915,0.0053,4.5132,-0.0651,-0.0137,5.4358,0.005795,-0.006949,58.7054,0.005820,-0.006096,59.6178,-0.042378,-0.019005,4.5133,-0.034609,-0.015552,5.4358,-0.00129,-0.22947,-0.48057,0.96064,-0.48044,0.24845,0.00280,-0.22745,-0.46264,0.92495,-0.46410,0.24453,-0.00040,-0.00010,-0.01430,0.00331,-0.04978,3.54719,0.43560,-2.07658,0.35124,0.37644,0.00383,-0.13399,-0.38879,-0.20627,-0.16985,0.10101,0.00455,0.00034,-0.00857,-0.00010,6.000,6.000,12.000,12.000,6.000,6.000,6.000,6.000,12.000,12.000,6.000,6.000,6.000,6.000,6.000,6.000
2.2450,0.00109,0.07004,0.46244,0.99997,-0.00755,0.00048,-0.00046,0.00863,0.05087,0.30133,0.30051,0.01485,0.05942,2,0.03499,0.01485,0.034712,-0.00005,-0.4174,-0.0003,-0.0185,0.1724,-0.2746,4.9826,-0.1786,0,0.04900,0.01900,0.0031,0.0207,0.011992,0.063809,-0.0311,1.1357,58.7670,0.0646,-0.0892,59.6794,-0.0916,0.0071,4.4525,-0.0655,-0.0127,5.3743,0.005796,-0.006941,58.7618,0.005822,-0.006083,59.6794,-0.043063,-0.019005,4.4525,-0.035087,-0.015515,5.3743,-0.00129,-0.22985,-0.48026,0.96006,-0.48017,0.24908,0.00282,-0.22780,-0.46199,0.92365,-0.46344,0.24511,-0.00040,-0.00011,-0.01438,0.00333,-0.05004,3.55802,0.43622,-2.07720,0.35170,0.37604,0.00375,-0.14012,-0.38929,-0.20416,-0.17026,0.09976,0.00457,0.00034,-0.00862,-0.00010,6.000,6.000,12.000,12.000,6.000,6.000,6.000,6.000,12.000,12.000,6.000,6.000,6.000,6.000,6.000,6.000
2.2500,0.00110,0.07025,0.46244,0.99997,-0.00768,0.00048,-0.00047,0.00863,0.05101,0.30134,0.30051,0.01510,0.05955,2,0.03499,0.01510,0.034712,-0.00005,-0.4166,-0.0003,-0.0185,0.1737,-0.2753,5.0300,-0.1781,0,0.04900,0.01900,0.0031,0.0210,0.011994,0.063823,-0.0311,1.1426,58.8230,0.0650,-0.0913,59.7407,-0.0917,0.0089,4.3920,-0.0658,-0.0116,5.3130,0.005797,-0.006932,58.8178,0.005824,-0.006070,59.7407,-0.043763,-0.019006,4.3920,-0.035573,-0.015477,5.3130,-0.00130,-0.23023,-0.47995,0.95948,-0.47990,0.24970,0.00284,-0.22814,-0.46133,0.92234,-0.46279,0.24570,-0.00040,-0.00011,-0.01447,0.00334,-0.05029,3.56880,0.43682,-2.07781,0.35215,0.37563,0.00367,-0.14624,-0.38978,-0.20206,-0.17068,0.09852,0.00459,0.00034,-0.00867,-0.00011,6.000,6.000,12.000,12.000,6.000,6.000,6.000,6.000,12.000,12.000,6.000,6.000,6.000,6.000,6.000,6.000
2.2550,0.00110,0.07047,0.46244,0.99997,-0.00780,0.00048,-0.00047,0.00863,0.05116,0.30134,0.30051,0.01535,0.05967,2,0.03499,0.01535,0.034712,-0.00005,-0.4157,-0.0003,-0.0185,0.1750,-0.2760,5.0773,-0.1776,0,0.04900,0.01900,0.0032,0.0213,0.011996,0.063836,-0.0311,1.1494,58.8788,0.0653,-0.0934,59.8016,-0.0917,0.0106,4.3318,-0.0662,-0.0105,5.2520,0.005798,-0.006923,58.8735,0.005825,-0.006057,59.8016,-0.044478,-0.019006,4.3319,-0.036068,-0.015439,5.2520,-0.00130,-0.23061,-0.47963,0.95890,-0.47963,0.25032,0.00286,-0.22849,-0.46068,0.92103,-0.46214,0.24628,-0.00040,-0.00011,-0.01455,0.00335,-0.05054,3.57954,0.43742,-2.07841,0.35260,0.37520,0.00360,-0.15235,-0.39027,-0.19999,-0.17109,0.09729,0.00461,0.00034,-0.00871,-0.00012,6.000,6.000,12.000,12.000,6.000,6.000,6.000,6.000,12.000,12.000,6.000,6.000,6.000,6.000,6.000,6.000
2.2600,0.00111,0.07069,0.46244,0.99997,-0.00793,0.00048,-0.00048,0.00863,0.05131,0.30134,0.30051,0.01560,0.05980,2,0.03499,0.01560,0.034711,-0.00005,-0.4149,-0.0003,-0.0185,0.1763,-0.2766,5.1244,-0.1771,0,0.04900,0.01900,0.0032,0.0216,0.011997,0.063850,-0.0311,1.1562,58.9342,0.0657,-0.0955,59.8623,-0.0918,0.0123,4.2720,-0.0666,-0.0095,5.1913,0.005799,-0.006914,58.9289,0.005827,-0.006044,59.8623,-0.045209,-0.019002,4.2720,-0.036572,-0.015400,5.1913,-0.00130,-0.23098,-0.47932,0.95832,-0.47936,0.25094,0.00288,-0.22883,-0.46002,0.91972,-0.46149,0.24686,-0.00040,-0.00011,-0.01463,0.00336,-0.05079,3.59025,0.43801,-2.07899,0.35305,0.37477,0.00352,-0.15847,-0.39075,-0.19792,-0.17150,0.09604,0.00463,0.00034,-0.00876,-0.00013,6.000,6.000,12.000,12.000,6.000,6.000,6.000,6.000,12.000,12.000,6.000,6.000,6.000,6.000,6.000,6.000
2.2650,0.00112,0.07090,0.46244,0.99997,-0.00805,0.00047,-0.00049,0.00863,0.05146,0.30134,0.30051,0.01585,0.05993,2,0.03499,0.01585,0.034711,-0.00005,-0.4141,-0.0003,-0.0185,0.1775,-0.2773,5.1714,-0.1766,0,0.04900,0.01900,0.0033,0.0219,0.011999,0.063863,-0.0311,1.1630,58.9893,0.0660,-0.0976,59.9227,-0.0919,0.0141,4.2124,-0.0669,-0.0085,5.1309,0.005800,-0.006905,58.9841,0.005829,-0.006030,59.9227,-0.045957,-0.019002,4.2124,-0.037086,-0.015357,5.1309,-0.00130,-0.23136,-0.47901,0.95774,-0.47908,0.25156,0.00289,-0.22917,-0.45937,0.91841,-0.46084,0.24743,-0.00040,-0.00011,-0.01472,0.00338,-0.05104,3.60090,0.43860,-2.07956,0.35349,0.37431,0.00344,-0.16456,-0.39123,-0.19587,-0.17191,0.09481,0.00464,0.00034,-0.00881,-0.00013,6.000,6.000,12.000,12.000,6.000,6.000,6.000,6.000,12.000,12.000,6.000,6.000,6.000,6.000,6.000,6.000
2.2700,0.00112,0.07112,0.46244,0.99997,-0.00818,0.00047,-0.00049,0.00863,0.05161,0.30134,0.30051,0.01610,0.06006,2,0.03499,0.01610,0.034711,-0.00005,-0.4132,-0.0003,-0.0186,0.1788,-0.2780,5.2183,-0.1760,0,0.04900,0.01900,0.0033,0.0223,0.012000,0.063877,-0.0311,1.1697,59.0442,0.0664,-0.0996,59.9828,-0.0919,0.0158,4.1532,-0.0673,-0.0074,5.0708,0.005800,-0.006895,59.0388,0.005831,-0.006016,59.9828,-0.046723,-0.019002,4.1532,-0.037608,-0.015316,5.0708,-0.00130,-0.23173,-0.47870,0.95715,-0.47881,0.25217,0.00291,-0.22951,-0.45871,0.91710,-0.46018,0.24801,-0.00040,-0.00011,-0.01480,0.00339,-0.05129,3.61151,0.43917,-2.08011,0.35393,0.37383,0.00336,-0.17064,-0.39170,-0.19384,-0.17231,0.09359,0.00466,0.00034,-0.00886,-0.00014,6.000,6.000,12.000,12.000,6.000,6.000,6.000,6.000,12.000,12.000,6.000,6.000,6.000,6.000,6.000,6.000
2.2750,0.00113,0.07133,0.46244,0.99997,-0.00830,0.00047,-0.00050,0.00863,0.05175,0.30134,0.30051,0.01635,0.06018,2,0.03499,0.01635,0.034710,-0.00005,-0.4124,-0.0003,-0.0186,0.1801,-0.2786,5.2650,-0.1754,0,0.04900,0.01900,0.0034,0.0226,0.012002,0.063891,-0.0311,1.1764,59.0987,0.0668,-0.1017,60.0425,-0.0920,0.0175,4.0942,-0.0676,-0.0064,5.0110,0.005801,-0.006885,59.0933,0.005832,-0.006002,60.0425,-0.047505,-0.019002,4.0943,-0.038140,-0.015274,5.0110,-0.00130,-0.23210,-0.47838,0.95657,-0.47854,0.25278,0.00293,-0.22985,-0.45805,0.91579,-0.45953,0.24858,-0.00040,-0.00011,-0.01489,0.00340,-0.05154,3.62207,0.43974,-2.08065,0.35436,0.37334,0.00329,-0.17671,-0.39217,-0.19182,-0.17271,0.09238,0.00468,0.00035,-0.00891,-0.00015,6.000,6.000,12.000,12.000,6.000,6.000,6.000,6.000,12.000,12.000,6.000,6.000,6.000,6.000,6.000,6.000
2.2800,0.00114,0.07155,0.46245,0.99996,-0.00843,0.00047,-0.00050,0.00863,0.05190,0.30135,0.30051,0.01660,0.06031,2,0.03499,0.01660,0.034710,-0.00005,-0.4115,-0.0003,-0.0186,0.1813,-0.2793,5.3115,-0.1748,0,0.04900,0.01900,0.0034,0.0230,0.012003,0.063906,-0.0311,1.1831,59.1528,0.0671,-0.1037,60.1020,-0.0921,0.0192,4.0356,-0.0680,-0.0055,4.9515,0.005801,-0.006875,59.1475,0.005834,-0.005988,60.1020,-0.048302,-0.019002,4.0356,-0.038682,-0.015231,4.9515,-0.00130,-0.23246,-0.47807,0.95599,-0.47827,0.25339,0.00295,-0.23018,-0.45740,0.91447,-0.45888,0.24915,-0.00040,-0.00011,-0.01497,0.00341,-0.05179,3.63259,0.44029,-2.08119,0.35477,0.37283,0.00321,-0.18276,-0.39262,-0.18981,-0.17309,0.09117,0.00470,0.00035,-0.00896,-0.00015,6.000,6.000,12.000,12.000,6.000,6.000,6.000,6.000,12.000,12.000,6.000,6.000,6.000,6.000,6.000,6.000
2.2850,0.00114,0.07176,0.46245,0.99996,-0.00855,0.00047,-0.00051,0.00863,0.05205,0.30135,0.30051,0.01685,0.06044,2,0.03499,0.01685,0.034710,-0.00005,-0.4107,-0.0003,-0.0186,0.1826,-0.2800,5.3579,-0.1742,0,0.04900,0.01900,0.0035,0.0233,0.012004,0.063920,-0.0309,1.1897,59.2066,0.0675,-0.1057,60.1612,-0.0923,0.0209,3.9774,-0.0684,-0.0045,4.8924,0.005794,-0.006864,59.2012,0.005835,-0.005974,60.1612,-0.049000,-0.019002,3.9774,-0.039230,-0.015188,4.8924,-0.00130,-0.23283,-0.47775,0.95540,-0.47799,0.25400,0.00297,-0.23052,-0.45674,0.91316,-0.45822,0.24972,-0.00040,-0.00011,-0.01506,0.00342,-0.05221,3.64304,0.44047,-2.08209,0.35479,0.37229,0.00327,-0.18880,-0.39269,-0.18742,-0.17307,0.08997,0.00472,0.00035,-0.00901,-0.00016,6.000,6.000,12.000,12.000,6.000,6.000,6.000,6.000,12.000,12.000,6.000,6.000,6.000,6.000,6.000,6.000
2.2900,0.00115,0.07197,0.46245,0.99996,-0.00867,0.00047,-0.00052,0.00863,0.05219,0.30135,0.30051,0.01710,0.06056,2,0.03499,0.01710,0.034710,-0.00005,-0.4099,-0.0003,-0.0186,0.1838,-0.2806,5.4042,-0.1735,0,0.04900,0.01900,0.0035,0.0238,0.011998,0.063936,-0.0295,1.1963,59.2595,0.0680,-0.1077,60.2200,-0.0938,0.0226,3.9200,-0.0688,-0.0034,4.8335,0.005740,-0.006852,59.2542,0.005829,-0.005959,60.2200,-0.049001,-0.019002,3.9201,-0.039697,-0.015146,4.8335,-0.00130,-0.23319,-0.47744,0.95482,-0.47772,0.25460,0.00298,-0.23085,-0.45608,0.91185,-0.45757,0.25028,-0.00041,-0.00011,-0.01514,0.00344,-0.05362,3.65337,0.43849,-2.08522,0.35242,0.37167,0.00418,-0.19481,-0.39057,-0.18277,-0.17063,0.08878,0.00474,0.00035,-0.00905,-0.00016,6.000,6.000,12.000,12.000,6.000,6.000,6.000,6.000,12.000,12.000,6.000,6.000,6.000,6.000,6.000,6.000
2.2950,0.00116,0.07218,0.46245,0.99996,-0.00880,0.00047,-0.00052,0.00863,0.05234,0.30135,0.30051,0.01735,0.06068,2,0.03499,0.01735,0.034709,-0.00005,-0.4090,-0.0003,-0.0187,0.1850,-0.2813,5.4503,-0.1727,0,0.04900,0.01900,0.0036,0.0243,0.011947,0.063952,-0.0283,1.2026,59.3123,0.0693,-0.1098,60.2780,-0.0954,0.0241,3.8631,-0.0697,-0.0016,4.7749,0.005686,-0.006840,59.3069,0.005779,-0.005943,60.2780,-0.049002,-0.019002,3.8631,-0.039613,-0.015118,4.7749,-0.00130,-0.23355,-0.47713,0.95423,-0.47745,0.25520,0.00300,-0.23118,-0.45543,0.91053,-0.45691,0.25084,-0.00041,-0.00011,-0.01523,0.00345,-0.05494,3.66373,0.43645,-2.08834,0.35006,0.37103,0.00515,-0.20084,-0.38844,-0.17817,-0.16823,0.08759,0.00474,0.00035,-0.00909,-0.00016,6.000,6.000,12.000,12.000,6.000,6.000,6.000,6.000,12.000,12.000,6.000,6.000,6.000,6.000,6.000,6.000
2.3000,0.00117,0.07239,0.46245,0.99996,-0.00892,0.00047,-0.00053,0.00863,0.05248,0.30135,0.30051,0.01759,0.06081,2,0.03499,0.01759,0.034709,-0.00005,-0.4082,-0.0003,-0.0187,0.1862,-0.2819,5.4963,-0.1719,0,0.04900,0.01900,0.0037,0.0250,0.011897,0.063969,-0.0270,1.2088,59.3648,0.0705,-0.1121,60.3358,-0.0971,0.0254,3.8066,-0.0707,0.0001,4.7168,0.005633,-0.006828,59.3593,0.005728,-0.005927,60.3358,-0.049002,-0.019003,3.8066,-0.039526,-0.015088,4.7168,-0.00131,-0.23391,-0.47681,0.95365,-0.47718,0.25580,0.00303,-0.23151,-0.45477,0.90922,-0.45625,0.25140,-0.00041,-0.00011,-0.01531,0.00346,-0.05620,3.67409,0.43439,-2.09146,0.34770,0.37039,0.00616,-0.20690,-0.38631,-0.17362,-0.16585,0.08641,0.00473,0.00035,-0.00912,-0.00016,6.000,6.000,12.000,12.000,6.000,6.000,6.000,6.000,12.000,12.000,6.000,6.000,6.000,6.000,6.000,6.000
2.3050,0.00117,0.07260,0.46245,0.99996,-0.00904,0.00047,-0.00053,0.00863,0.05263,0.30135,0.30051,0.01784,0.06093,2,0.03499,0.01784,0.034709,-0.00005,-0.4074,-0.0003,-0.0188,0.1873,-0.2825,5.5422,-0.1710,0,0.04900,0.01900,0.0037,0.0257,0.011846,0.063985,-0.0258,1.2149,59.4169,0.0716,-0.1145,60.3933,-0.0987,0.0267,3.7504,-0.0718,0.0017,4.6593,0.005580,-0.006816,59.4115,0.005678,-0.005910,60.3933,-0.049002,-0.019003,3.7504,-0.039433,-0.015056,4.6593,-0.00131,-0.23427,-0.47650,0.95306,-0.47690,0.25640,0.00305,-0.23183,-0.45411,0.90791,-0.45559,0.25195,-0.00041,-0.00011,-0.01540,0.00347,-0.05743,3.68445,0.43231,-2.09455,0.34534,0.36975,0.00720,-0.21297,-0.38418,-0.16910,-0.16349,0.08523,0.00471,0.00034,-0.00915,-0.00016,6.000,6.000,12.000,12.000,6.000,6.000,6.000,6.000,12.000,12.000,6.000,6.000,6.000,6.000,6.000,6.000
2.3100,0.00118,0.07281,0.46246,0.99996,-0.00917,0.00047,-0.00054,0.00863,0.05277,0.30136,0.30051,0.01809,0.06105,2,0.03499,0.01809,0.034709,-0.00005,-0.4065,-0.0003,-0.0189,0.1884,-0.2831,5.5880,-0.1702,0,0.04900,0.01900,0.0038,0.0264,0.011796,0.064002,-0.0247,1.2210,59.4688,0.0728,-0.1169,60.4504,-0.1004,0.0279,3.6946,-0.0729,0.0033,4.6021,0.005528,-0.006803,59.4633,0.005628,-0.005894,60.4504,-0.049002,-0.019003,3.6946,-0.039338,-0.015023,4.6021,-0.00131,-0.23463,-0.47618,0.95248,-0.47663,0.25699,0.00308,-0.23216,-0.45345,0.90659,-0.45493,0.25250,-0.00041,-0.00011,-0.01549,0.00349,-0.05865,3.69478,0.43024,-2.09761,0.34301,0.36910,0.00825,-0.21905,-0.38206,-0.16462,-0.16115,0.08406,0.00470,0.00034,-0.00917,-0.00016,6.000,6.000,12.000,12.000,6.000,6.000,6.000,6.000,12.000,12.000,6.000,6.000,6.000,6.000,6.000,6.000
2.3150,0.00119,0.07302,0.46246,0.99996,-0.00929,0.00047,-0.00055,0.00863,0.05291,0.30136,0.30051,0.01833,0.06117,2,0.03499,0.01833,0.034708,-0.00005,-0.4057,-0.0003,-0.0189,0.1894,-0.2837,5.6338,-0.1694,0,0.04900,0.01900,0.0039,0.0272,0.011746,0.064019,-0.0235,1.2270,59.5203,0.0740,-0.1194,60.5072,-0.1021,0.0290,3.6391,-0.0741,0.0049,4.5453,0.005476,-0.006791,59.5148,0.005578,-0.005877,60.5072,-0.049002,-0.019003,3.6391,-0.039239,-0.014990,4.5453,-0.00131,-0.23498,-0.47587,0.95189,-0.47636,0.25758,0.00311,-0.23248,-0.45280,0.90527,-0.45427,0.25305,-0.00041,-0.00011,-0.01558,0.00350,-0.05985,3.70508,0.42818,-2.10063,0.34069,0.36845,0.00930,-0.22513,-0.37996,-0.16017,-0.15884,0.08290,0.00468,0.00034,-0.00920,-0.00016,6.000,6.000,12.000,12.000,6.000,6.000,6.000,6.000,12.000,12.000,6.000,6.000,6.000,6.000,6.000,6.000
2.3200,0.00119,0.07323,0.46246,0.99996,-0.00941,0.00047,-0.00056,0.00863,0.05306,0.30136,0.30051,0.01858,0.06129,2,0.03499,0.01858,0.034708,-0.00005,-0.4048,-0.0003,-0.0190,0.1905,-0.2843,5.6794,-0.1687,0,0.04900,0.01900,0.0039,0.0281,0.011696,0.064036,-0.0224,1.2329,59.5715,0.0751,-0.1220,60.5637,-0.1038,0.0301,3.5838,-0.0753,0.0065,4.4889,0.005425,-0.006778,59.5660,0.005529,-0.005860,60.5637,-0.049003,-0.019003,3.5839,-0.039137,-0.014955,4.4889,-0.00131,-0.23533,-0.47555,0.95131,-0.47610,0.25817,0.00314,-0.23280,-0.45214,0.90396,-0.45360,0.25359,-0.00041,-0.00011,-0.01567,0.00351,-0.06104,3.71534,0.42614,-2.10361,0.33840,0.36777,0.01034,-0.23121,-0.37787,-0.15576,-0.15654,0.08175,0.00467,0.00034,-0.00923,-0.00016,6.000,6.000,12.000,12.000,6.000,6.000,6.000,6.000,12.000,12.000,6.000,6.000,6.000,6.000,6.000,6.000
2.3250,0.00120,0.07344,0.46246,0.99995,-0.00953,0.00046,-0.00057,0.00863,0.05320,0.30136,0.30051,0.01882,0.06141,2,0.03499,0.01882,0.034708,-0.00005,-0.4040,-0.0003,-0.0191,0.1915,-0.2849,5.7250,-0.1681,0,0.04900,0.01900,0.0040,0.0289,0.011647,0.064054,-0.0212,1.2388,59.6223,0.0763,-0.1245,60.6198,-0.1054,0.0312,3.5290,-0.0765,0.0080,4.4328,0.005374,-0.006765,59.6169,0.005480,-0.005844,60.6198,-0.049003,-0.019003,3.5290,-0.039033,-0.014920,4.4328,-0.00131,-0.23568,-0.47524,0.95073,-0.47583,0.25876,0.00317,-0.23311,-0.45148,0.90264,-0.45293,0.25413,-0.00041,-0.00011,-0.01575,0.00352,-0.06224,3.72555,0.42412,-2.10655,0.33613,0.36708,0.01138,-0.23727,-0.37579,-0.15137,-0.15426,0.08060,0.00466,0.00033,-0.00926,-0.00016,6.000,6.000,12.000,12.000,6.000,6.000,6.000,6.000,12.000,12.000,6.000,6.000,6.000,6.000,6.000,6.000
2.3300,0.00121,0.07365,0.46246,0.99995,-0.00966,0.00046,-0.00058,0.00863,0.05334,0.30136,0.30051,0.01907,0.06153,2,0.03499,0.01907,0.034707,-0.00005,-0.4032,-0.0003,-0.0192,0.1926,-0.2855,5.7706,-0.1676,0,0.04900,0.01900,0.0041,0.0298,0.011598,0.064071,-0.0201,1.2446,59.6729,0.0775,-0.1271,60.6757,-0.1071,0.0322,3.4744,-0.0777,0.0096,4.3771,0.005324,-0.006751,59.6674,0.005431,-0.005826,60.6757,-0.049003,-0.019003,3.4744,-0.038926,-0.014884,4.3771,-0.00131,-0.23603,-0.47492,0.95014,-0.47556,0.25934,0.00321,-0.23343,-0.45083,0.90132,-0.45227,0.25466,-0.00041,-0.00011,-0.01584,0.00353,-0.06344,3.73571,0.42212,-2.10945,0.33388,0.36636,0.01240,-0.24332,-0.37373,-0.14702,-0.15199,0.07947,0.00465,0.00033,-0.00930,-0.00016,6.000,6.000,12.000,12.000,6.000,6.000,6.000,6.000,12.000,12.000,6.000,6.000,6.000,6.000,6.000,6.000
2.3350,0.00121,0.07385,0.46247,0.99995,-0.00978,0.00046,-0.00059,0.00863,0.05348,0.30137,0.30051,0.01931,0.06165,2,0.03499,0.01931,0.034707,-0.00005,-0.4023,-0.0003,-0.0193,0.1936,-0.2861,5.8160,-0.1672,0,0.04900,0.01900,0.0042,0.0307,0.011549,0.064089,-0.0190,1.2504,59.7231,0.0786,-0.1296,60.7311,-0.1087,0.0333,3.4201,-0.0789,0.0112,4.3216,0.005274,-0.006737,59.7176,0.005383,-0.005809,60.7311,-0.049003,-0.019003,3.4201,-0.038817,-0.014847,4.3216,-0.00131,-0.23637,-0.47460,0.94956,-0.47529,0.25992,0.00325,-0.23374,-0.45017,0.90001,-0.45160,0.25519,-0.00041,-0.00012,-0.01593,0.00355,-0.06465,3.74582,0.42014,-2.11231,0.33167,0.36562,0.01340,-0.24936,-0.37168,-0.14270,-0.14974,0.07835,0.00465,0.00033,-0.00934,-0.00016,6.000,6.000,12.000,12.000,6.000,6.000,6.000,6.000,12.000,12.000,6.000,6.000,6.000,6.000,6.000,6.000
2.3400,0.00122,0.07406,0.46247,0.99995,-0.00990,0.00046,-0.00060,0.00863,0.05362,0.30137,0.30051,0.01956,0.06177,2,0.03499,0.01956,0.034707,-0.00005,-0.4015,-0.0003,-0.0193,0.1946,-0.2868,5.8613,-0.1669,0,0.04900,0.01900,0.0042,0.0317,0.011501,0.064107,-0.0179,1.2562,59.7729,0.0798,-0.1322,60.7863,-0.1103,0.0343,3.3662,-0.0801,0.0128,4.2665,0.005224,-0.006723,59.7674,0.005335,-0.005791,60.7863,-0.049003,-0.019003,3.3662,-0.038705,-0.014810,4.2665,-0.00131,-0.23672,-0.47429,0.94897,-0.47503,0.26050,0.00329,-0.23405,-0.44951,0.89869,-0.45093,0.25572,-0.00041,-0.00012,-0.01603,0.00356,-0.06586,3.75587,0.41818,-2.11512,0.32948,0.36485,0.01439,-0.25539,-0.36965,-0.13841,-0.14751,0.07724,0.00465,0.00033,-0.00938,-0.00016,6.000,6.000,12.000,12.000,6.000,6.000,6.000,6.000,12.000,12.000,6.000,6.000,6.000,6.000,6.000,6.000
2.3450,0.00123,0.07426,0.46247,0.99995,-0.01002,0.00046,-0.00061,0.00863,0.05376,0.30137,0.30051,0.01980,0.06188,2,0.03499,0.01980,0.034707,-0.00005,-0.4006,-0.0003,-0.0194,0.1957,-0.2874,5.9065,-0.1667,0,0.04900,0.01900,0.0043,0.0327,0.011453,0.064126,-0.0168,1.2620,59.8225,0.0810,-0.1348,60.8412,-0.1119,0.0353,3.3126,-0.0813,0.0143,4.2117,0.005175,-0.006708,59.8170,0.005287,-0.005773,60.8412,-0.049003,-0.019003,3.3126,-0.038591,-0.014772,4.2117,-0.00131,-0.23706,-0.47397,0.94839,-0.47476,0.26107,0.00334,-0.23436,-0.44886,0.89737,-0.45026,0.25625,-0.00041,-0.00012,-0.01612,0.00357,-0.06708,3.76587,0.41625,-2.11789,0.32731,0.36406,0.01536,-0.26140,-0.36764,-0.13415,-0.14530,0.07614,0.00465,0.00033,-0.00942,-0.00017,6.000,6.000,12.000,12.000,6.000,6.000,6.000,6.000,12.000,12.000,6.000,6.000,6.000,6.000,6.000,6.000
2.3500,0.00123,0.07447,0.46247,0.99995,-0.01014,0.00046,-0.00062,0.00863,0.05390,0.30137,0.30051,0.02004,0.06200,2,0.03499,0.02004,0.034706,-0.00005,-0.3998,-0.0003,-0.0195,0.1967,-0.2880,5.9516,-0.1665,0,0.04900,0.01900,0.0044,0.0337,0.011406,0.064145,-0.0158,1.2676,59.8717,0.0822,-0.1373,60.8957,-0.1134,0.0363,3.2593,-0.0826,0.0159,4.1572,0.005127,-0.006693,59.8662,0.005240,-0.005755,60.8957,-0.049003,-0.019003,3.2593,-0.038474,-0.014734,4.1572,-0.00131,-0.23740,-0.47366,0.94781,-0.47450,0.26164,0.00338,-0.23466,-0.44820,0.89605,-0.44958,0.25677,-0.00041,-0.00012,-0.01621,0.00358,-0.06830,3.77581,0.41434,-2.12062,0.32518,0.36325,0.01631,-0.26739,-0.36564,-0.12992,-0.14310,0.07505,0.00466,0.00033,-0.00947,-0.00017,6.000,6.000,12.000,12.000,6.000,6.000,6.000,6.000,12.000,12.000,6.000,6.000,6.000,6.000,6.000,6.000
2.3550,0.00124,0.07467,0.46247,0.99995,-0.01026,0.00046,-0.00063,0.00863,0.05404,0.30137,0.30051,0.02029,0.06211,2,0.03499,0.02029,0.034706,-0.00005,-0.3990,-0.0003,-0.0196,0.1977,-0.2886,5.9966,-0.1664,0,0.04900,0.01900,0.0045,0.0348,0.011359,0.064164,-0.0147,1.2733,59.9206,0.0834,-0.1399,60.9499,-0.1150,0.0373,3.2063,-0.0838,0.0175,4.1030,0.005079,-0.006678,59.9150,0.005194,-0.005736,60.9499,-0.049003,-0.019003,3.2063,-0.038355,-0.014696,4.1030,-0.00131,-0.23774,-0.47334,0.94723,-0.47423,0.26221,0.00344,-0.23497,-0.44755,0.89474,-0.44891,0.25729,-0.00041,-0.00012,-0.01630,0.00360,-0.06953,3.78569,0.41245,-2.12331,0.32306,0.36241,0.01725,-0.27336,-0.36365,-0.12572,-0.14091,0.07396,0.00467,0.00033,-0.00952,-0.00017,6.000,6.000,12.000,12.000,6.000,6.000,6.000,6.000,12.000,12.000,6.000,6.000,6.000,6.000,6.000,6.000
2.3600,0.00125,0.07487,0.46247,0.99995,-0.01038,0.00046,-0.00065,0.00863,0.05418,0.30137,0.30051,0.02053,0.06223,2,0.03499,0.02053,0.034706,-0.00005,-0.3982,-0.0003,-0.0196,0.1987,-0.2892,6.0415,-0.1664,0,0.04900,0.01900,0.0045,0.0359,0.011313,0.064183,-0.0136,1.2789,59.9691,0.0846,-0.1424,61.0038,-0.1165,0.0382,3.1537,-0.0851,0.0190,4.0491,0.005031,-0.006662,59.9636,0.005148,-0.005717,61.0038,-0.049003,-0.019003,3.1537,-0.038233,-0.014657,4.0491,-0.00131,-0.23807,-0.47302,0.94664,-0.47397,0.26278,0.00349,-0.23527,-0.44689,0.89342,-0.44824,0.25780,-0.00041,-0.00012,-0.01639,0.00361,-0.07076,3.79552,0.41058,-2.12596,0.32097,0.36155,0.01817,-0.27932,-0.36168,-0.12155,-0.13875,0.07289,0.00468,0.00033,-0.00957,-0.00018,6.000,6.000,12.000,12.000,6.000,6.000,6.000,6.000,12.000,12.000,6.000,6.000,6.000,6.000,6.000,6.000
2.3650,0.00125,0.07507,0.46248,0.99994,-0.01051,0.00046,-0.00066,0.00863,0.05432,0.30138,0.30051,0.02077,0.06234,2,0.03499,0.02077,0.034706,-0.00005,-0.3973,-0.0003,-0.0197,0.1997,-0.2898,6.0862,-0.1664,0,0.04900,0.01900,0.0046,0.0370,0.011267,0.064203,-0.0126,1.2845,60.0173,0.0858,-0.1450,61.0573,-0.1180,0.0392,3.1014,-0.0863,0.0206,3.9956,0.004984,-0.006646,60.0118,0.005102,-0.005697,61.0573,-0.049003,-0.019003,3.1014,-0.038109,-0.014617,3.9956,-0.00131,-0.23840,-0.47271,0.94606,-0.47370,0.26335,0.00354,-0.23557,-0.44624,0.89210,-0.44757,0.25832,-0.00041,-0.00012,-0.01648,0.00362,-0.07199,3.80529,0.40873,-2.12857,0.31890,0.36066,0.01907,-0.28526,-0.35972,-0.11742,-0.13659,0.07183,0.00470,0.00034,-0.00962,-0.00018,6.000,6.000,12.000,12.000,6.000,6.000,6.000,6.000,12.000,12.000,6.000,6.000,6.000,6.000,6.000,6.000
2.3700,0.00126,0.07527,0.46248,0.99994,-0.01063,0.00046,-0.00068,0.00863,0.05446,0.30138,0.30051,0.02101,0.06246,2,0.03499,0.02101,0.034705,-0.00005,-0.3965,-0.0003,-0.0198,0.2006,-0.2905,6.1309,-0.1665,0,0.04900,0.01900,0.0047,0.0384,0.011221,0.064223,-0.0115,1.2899,60.0651,0.0870,-0.1475,61.1105,-0.1195,0.0400,3.0494,-0.0879,0.0228,3.9428,0.004937,-0.006630,60.0596,0.005057,-0.005677,61.1105,-0.049003,-0.019003,3.0494,-0.037969,-0.014580,3.9428,-0.00130,-0.23874,-0.47239,0.94548,-0.47344,0.26391,0.00360,-0.23587,-0.44558,0.89079,-0.44690,0.25883,-0.00041,-0.00012,-0.01658,0.00363,-0.07322,3.81502,0.40689,-2.13115,0.31684,0.35975,0.01998,-0.29120,-0.35778,-0.11331,-0.13446,0.07077,0.00471,0.00034,-0.00968,-0.00019,6.000,6.000,12.000,12.000,6.000,6.000,6.000,6.000,12.000,12.000,6.000,6.000,6.000,6.000,6.000,6.000
2.3750,0.00127,0.07547,0.46248,0.99994,-0.01075,0.00046,-0.00069,0.00863,0.05459,0.30138,0.30051,0.02125,0.06257,2,0.03499,0.02125,0.034705,-0.00005,-0.3957,-0.0002,-0.0198,0.2015,-0.2911,6.1755,-0.1667,0,0.04900,0.01900,0.0047,0.0397,0.011176,0.064244,-0.0104,1.2952,60.1125,0.0883,-0.1502,61.1633,-0.1209,0.0407,2.9976,-0.0894,0.0248,3.8903,0.004890,-0.006613,60.1069,0.005012,-0.005657,61.1633,-0.049003,-0.019003,2.9976,-0.037827,-0.014543,3.8903,-0.00130,-0.23906,-0.47208,0.94490,-0.47318,0.26446,0.00366,-0.23616,-0.44493,0.88947,-0.44623,0.25934,-0.00041,-0.00012,-0.01667,0.00364,-0.07445,3.82471,0.40507,-2.13370,0.31479,0.35882,0.02087,-0.29714,-0.35585,-0.10923,-0.13235,0.06972,0.00473,0.00034,-0.00973,-0.00019,6.000,6.000,12.000,12.000,6.000,6.000,6.000,6.000,12.000,12.000,6.000,6.000,6.000,6.000,6.000,6.000
2.3800,0.00127,0.07567,0.46248,0.99994,-0.01087,0.00045,-0.00071,0.00863,0.05473,0.30138,0.30051,0.02149,0.06268,2,0.03499,0.02149,0.034705,-0.00005,-0.3949,-0.0002,-0.0198,0.2024,-0.2918,6.2200,-0.1670,0,0.04900,0.01900,0.0048,0.0411,0.011131,0.064265,-0.0092,1.3004,60.1595,0.0896,-0.1529,61.2157,-0.1222,0.0413,2.9461,-0.0908,0.0268,3.8380,0.004844,-0.006596,60.1540,0.004967,-0.005637,61.2157,-0.049003,-0.019003,2.9461,-0.037682,-0.014506,3.8380,-0.00130,-0.23939,-0.47177,0.94432,-0.47291,0.26502,0.00373,-0.23646,-0.44428,0.88816,-0.44556,0.25984,-0.00041,-0.00012,-0.01676,0.00366,-0.07567,3.83437,0.40327,-2.13620,0.31275,0.35786,0.02176,-0.30308,-0.35394,-0.10519,-0.13025,0.06869,0.00475,0.00034,-0.00978,-0.00020,6.000,6.000,12.000,12.000,6.000,6.000,6.000,6.000,12.000,12.000,6.000,6.000,6.000,6.000,6.000,6.000
2.3850,0.00128,0.07587,0.46248,0.99994,-0.01099,0.00045,-0.00072,0.00863,0.05487,0.30138,0.30051,0.02173,0.06279,2,0.03499,0.02173,0.034705,-0.00005,-0.3941,-0.0002,-0.0198,0.2032,-0.2925,6.2644,-0.1674,0,0.04900,0.01900,0.0049,0.0426,0.011086,0.064286,-0.0080,1.3055,60.2062,0.0909,-0.1556,61.2678,-0.1235,0.0419,2.8950,-0.0923,0.0288,3.7860,0.004798,-0.006578,60.2006,0.004922,-0.005616,61.2678,-0.049003,-0.019003,2.8950,-0.037536,-0.014469,3.7860,-0.00129,-0.23972,-0.47145,0.94374,-0.47265,0.26557,0.00380,-0.23675,-0.44362,0.88685,-0.44489,0.26034,-0.00041,-0.00012,-0.01685,0.00367,-0.07689,3.84398,0.40148,-2.13867,0.31073,0.35689,0.02263,-0.30901,-0.35205,-0.10118,-0.12817,0.06766,0.00477,0.00034,-0.00982,-0.00020,6.000,6.000,12.000,12.000,6.000,6.000,6.000,6.000,12.000,12.000,6.000,6.000,6.000,6.000,6.000,6.000
2.3900,0.00129,0.07607,0.46248,0.99994,-0.01111,0.00045,-0.00074,0.00863,0.05500,0.30139,0.30051,0.02197,0.06290,2,0.03499,0.02197,0.034704,-0.00005,-0.3933,-0.0002,-0.0199,0.2041,-0.2932,6.3087,-0.1678,0,0.04900,0.01900,0.0050,0.0440,0.011042,0.064308,-0.0068,1.3106,60.2525,0.0923,-0.1584,61.3195,-0.1248,0.0423,2.8442,-0.0937,0.0308,3.7343,0.004752,-0.006560,60.2469,0.004878,-0.005595,61.3195,-0.049003,-0.019003,2.8442,-0.037387,-0.014432,3.7343,-0.00129,-0.24004,-0.47114,0.94316,-0.47239,0.26612,0.00386,-0.23704,-0.44297,0.88554,-0.44422,0.26084,-0.00041,-0.00012,-0.01695,0.00368,-0.07810,3.85355,0.39972,-2.14110,0.30873,0.35590,0.02350,-0.31493,-0.35017,-0.09720,-0.12611,0.06664,0.00479,0.00034,-0.00987,-0.00021,6.000,6.000,12.000,12.000,6.000,6.000,6.000,6.000,12.000,12.000,6.000,6.000,6.000,6.000,6.000,6.000
2.3950,0.00129,0.07627,0.46249,0.99994,-0.01122,0.00045,-0.00076,0.00863,0.05514,0.30139,0.30051,0.02221,0.06301,2,0.03499,0.02221,0.034704,-0.00005,-0.3924,-0.0002,-0.0199,0.2049,-0.2938,6.3529,-0.1683,0,0.04900,0.01900,0.0051,0.0455,0.010998,0.064329,-0.0057,1.3156,60.2985,0.0937,-0.1613,61.3709,-0.1260,0.0428,2.7937,-0.0951,0.0328,3.6829,0.004707,-0.006542,60.2929,0.004835,-0.005574,61.3709,-0.049003,-0.019003,2.7938,-0.037235,-0.014396,3.6829,-0.00129,-0.24036,-0.47083,0.94259,-0.47213,0.26667,0.00394,-0.23732,-0.44232,0.88423,-0.44355,0.26134,-0.00041,-0.00012,-0.01704,0.00369,-0.07930,3.86307,0.39797,-2.14350,0.30675,0.35489,0.02436,-0.32084,-0.34831,-0.09326,-0.12406,0.06563,0.00482,0.00034,-0.00992,-0.00021,6.000,6.000,12.000,12.000,6.000,6.000,6.000,6.000,12.000,12.000,6.000,6.000,6.000,6.000,6.000,6.000
2.4000,0.00130,0.07646,0.46249,0.99994,-0.01134,0.00045,-0.00078,0.00863,0.05527,0.30139,0.30051,0.02245,0.06312,2,0.03499,0.02245,0.034704,-0.00005,-0.3916,-0.0002,-0.0199,0.2057,-0.2945,6.3970,-0.1688,0,0.04900,0.01900,0.0051,0.0471,0.010954,0.064351,-0.0045,1.3205,60.3441,0.0950,-0.1641,61.4219,-0.1273,0.0432,2.7436,-0.0966,0.0348,3.6318,0.004662,-0.006524,60.3385,0.004791,-0.005552,61.4219,-0.049003,-0.019003,2.7436,-0.037080,-0.014359,3.6318,-0.00129,-0.24068,-0.47051,0.94201,-0.47186,0.26721,0.00401,-0.23761,-0.44167,0.88292,-0.44289,0.26184,-0.00041,-0.00012,-0.01713,0.00370,-0.08050,3.87253,0.39623,-2.14586,0.30479,0.35387,0.02521,-0.32673,-0.34646,-0.08936,-0.12203,0.06462,0.00484,0.00035,-0.00996,-0.00022,6.000,6.000,12.000,12.000,6.000,6.000,6.000,6.000,12.000,12.000,6.000,6.000,6.000,6.000,6.000,6.000
2.4050,0.00131,0.07666,0.46249,0.99993,-0.01146,0.00045,-0.00079,0.00863,0.05540,0.30139,0.30051,0.02269,0.06323,2,0.03499,0.02269,0.034704,-0.00005,-0.3908,-0.0002,-0.0199,0.2065,-0.2952,6.4409,-0.1694,0,0.04900,0.01900,0.0052,0.0487,0.010911,0.064374,-0.0033,1.3253,60.3894,0.0964,-0.1670,61.4726,-0.1285,0.0435,2.6939,-0.0980,0.0368,3.5810,0.004618,-0.006505,60.3838,0.004749,-0.005530,61.4726,-0.049003,-0.019004,2.6939,-0.036923,-0.014322,3.5810,-0.00128,-0.24099,-0.47020,0.94143,-0.47160,0.26776,0.00409,-0.23789,-0.44102,0.88161,-0.44223,0.26233,-0.00041,-0.00012,-0.01723,0.00372,-0.08169,3.88195,0.39452,-2.14818,0.30284,0.35282,0.02605,-0.33262,-0.34463,-0.08549,-0.12001,0.06363,0.00486,0.00035,-0.01001,-0.00022,6.000,6.000,12.000,12.000,6.000,6.000,6.000,6.000,12.000,12.000,6.000,6.000,6.000,6.000,6.000,6.000
2.4100,0.00132,0.07685,0.46249,0.99993,-0.01158,0.00045,-0.00081,0.00863,0.05554,0.30139,0.30051,0.02293,0.06333,2,0.03499,0.02293,0.034703,-0.00005,-0.3900,-0.0002,-0.0199,0.2072,-0.2959,6.4847,-0.1700,0,0.04900,0.01900,0.0053,0.0504,0.010868,0.064396,-0.0021,1.3301,60.4343,0.0978,-0.1699,61.5230,-0.1297,0.0438,2.6445,-0.0994,0.0388,3.5306,0.004574,-0.006486,60.4288,0.004706,-0.005508,61.5230,-0.049004,-0.019004,2.6445,-0.036761,-0.014285,3.5306,-0.00128,-0.24131,-0.46989,0.94086,-0.47134,0.26829,0.00417,-0.23817,-0.44037,0.88031,-0.44156,0.26282,-0.00041,-0.00012,-0.01732,0.00373,-0.08287,3.89132,0.39281,-2.15048,0.30091,0.35176,0.02689,-0.33848,-0.34281,-0.08166,-0.11801,0.06264,0.00488,0.00035,-0.01005,-0.00023,6.000,6.000,12.000,12.000,6.000,6.000,6.000,6.000,12.000,12.000,6.000,6.000,6.000,6.000,6.000,6.000
2.4150,0.00132,0.07705,0.46249,0.99993,-0.01170,0.00045,-0.00083,0.00863,0.05567,0.30139,0.30051,0.02316,0.06344,2,0.03499,0.02316,0.034703,-0.00005,-0.3892,-0.0002,-0.0199,0.2080,-0.2965,6.5284,-0.1707,0,0.04900,0.01900,0.0054,0.0521,0.010826,0.064419,-0.0010,1.3348,60.4789,0.0992,-0.1729,61.5730,-0.1308,0.0441,2.5954,-0.1008,0.0409,3.4805,0.004530,-0.006467,60.4734,0.004664,-0.005486,61.5730,-0.049004,-0.019004,2.5954,-0.036596,-0.014248,3.4805,-0.00128,-0.24162,-0.46958,0.94029,-0.47108,0.26883,0.00425,-0.23844,-0.43972,0.87900,-0.44090,0.26331,-0.00041,-0.00012,-0.01741,0.00374,-0.08405,3.90063,0.39113,-2.15274,0.29899,0.35068,0.02771,-0.34434,-0.34101,-0.07786,-0.11602,0.06166,0.00491,0.00035,-0.01009,-0.00023,6.000,6.000,12.000,12.000,6.000,6.000,6.000,6.000,12.000,12.000,6.000,6.000,6.000,6.000,6.000,6.000
2.4200,0.00133,0.07724,0.46250,0.99993,-0.01182,0.00045,-0.00085,0.00863,0.05580,0.30140,0.30051,0.02340,0.06354,2,0.03499,0.02340,0.034703,-0.00005,-0.3884,-0.0002,-0.0199,0.2087,-0.2972,6.5720,-0.1713,0,0.04900,0.01900,0.0055,0.0539,0.010784,0.064442,0.0002,1.3395,60.5232,0.1006,-0.1758,61.6227,-0.1320,0.0443,2.5467,-0.1023,0.0430,3.4308,0.004487,-0.006447,60.5176,0.004622,-0.005463,61.6227,-0.049004,-0.019004,2.5467,-0.036428,-0.014211,3.4308,-0.00127,-0.24193,-0.46927,0.93971,-0.47082,0.26936,0.00434,-0.23872,-0.43907,0.87770,-0.44024,0.26379,-0.00041,-0.00012,-0.01750,0.00375,-0.08521,3.90989,0.38945,-2.15497,0.29709,0.34957,0.02853,-0.35017,-0.33922,-0.07409,-0.11405,0.06069,0.00493,0.00035,-0.01014,-0.00024,6.000,6.000,12.000,12.000,6.000,6.000,6.000,6.000,12.000,12.000,6.000,6.000,6.000,6.000,6.000,6.000
2.4250,0.00134,0.07743,0.46250,0.99993,-0.01194,0.00045,-0.00087,0.00863,0.05593,0.30140,0.30051,0.02364,0.06365,2,0.03499,0.02364,0.034702,-0.00005,-0.3876,-0.0002,-0.0199,0.2094,-0.2979,6.6154,-0.1720,0,0.04900,0.01900,0.0056,0.0557,0.010742,0.064465,0.0014,1.3440,60.5671,0.1020,-0.1788,61.6720,-0.1331,0.0445,2.4983,-0.1037,0.0450,3.3814,0.004444,-0.006428,60.5615,0.004581,-0.005440,61.6720,-0.049004,-0.019004,2.4983,-0.036255,-0.014174,3.3814,-0.00127,-0.24223,-0.46897,0.93914,-0.47056,0.26989,0.00443,-0.23899,-0.43842,0.87640,-0.43958,0.26427,-0.00041,-0.00012,-0.01760,0.00376,-0.08637,3.91910,0.38779,-2.15717,0.29520,0.34845,0.02934,-0.35599,-0.33744,-0.07037,-0.11209,0.05972,0.00495,0.00035,-0.01018,-0.00025,6.000,6.000,12.000,12.000,6.000,6.000,6.000,6.000,12.000,12.000,6.000,6.000,6.000,6.000,6.000,6.000
2.4300,0.00134,0.07763,0.46250,0.99993,-0.01205,0.00045,-0.00089,0.00863,0.05607,0.30140,0.30051,0.02387,0.06375,2,0.03499,0.02387,0.034702,-0.00005,-0.3869,-0.0002,-0.0199,0.2101,-0.2985,6.6587,-0.1728,0,0.04900,0.01900,0.0056,0.0576,0.010701,0.064489,0.0025,1.3486,60.6106,0.1034,-0.1818,61.7210,-0.1342,0.0446,2.4503,-0.1051,0.0472,3.3324,0.004401,-0.006407,60.6051,0.004540,-0.005417,61.7210,-0.049004,-0.019004,2.4503,-0.036078,-0.014137,3.3324,-0.00127,-0.24254,-0.46866,0.93857,-0.47030,0.27042,0.00452,-0.23926,-0.43777,0.87510,-0.43893,0.26475,-0.00041,-0.00012,-0.01769,0.00377,-0.08753,3.92825,0.38615,-2.15933,0.29333,0.34731,0.03015,-0.36179,-0.33568,-0.06667,-0.11015,0.05877,0.00498,0.00036,-0.01022,-0.00025,6.000,6.000,12.000,12.000,6.000,6.000,6.000,6.000,12.000,12.000,6.000,6.000,6.000,6.000,6.000,6.000
2.4350,0.00135,0.07782,0.46250,0.99993,-0.01217,0.00045,-0.00091,0.00863,0.05620,0.30140,0.30051,0.02411,0.06386,2,0.03499,0.02411,0.034702,-0.00005,-0.3861,-0.0002,-0.0199,0.2108,-0.2993,6.7020,-0.1736,0,0.04900,0.01900,0.0057,0.0598,0.010660,0.064513,0.0037,1.3529,60.6537,0.1048,-0.1847,61.7696,-0.1353,0.0446,2.4025,-0.1068,0.0500,3.2847,0.004358,-0.006387,60.6482,0.004499,-0.005394,61.7696,-0.049004,-0.019004,2.4025,-0.035875,-0.014103,3.2847,-0.00126,-0.24284,-0.46835,0.93800,-0.47004,0.27094,0.00461,-0.23953,-0.43712,0.87380,-0.43827,0.26523,-0.00041,-0.00012,-0.01778,0.00379,-0.08867,3.93735,0.38450,-2.16147,0.29145,0.34613,0.03095,-0.36759,-0.33393,-0.06300,-0.10823,0.05782,0.00500,0.00036,-0.01026,-0.00026,6.000,6.000,12.000,12.000,6.000,6.000,6.000,6.000,12.000,12.000,6.000,6.000,6.000,6.000,6.000,6.000
2.4400,0.00136,0.07801,0.46250,0.99992,-0.01229,0.00045,-0.00093,0.00863,0.05633,0.30140,0.30051,0.02434,0.06396,2,0.03499,0.02434,0.034702,-0.00005,-0.3853,-0.0002,-0.0198,0.2114,-0.3000,6.7452,-0.1746,0,0.04900,0.01900,0.0058,0.0621,0.010619,0.064537,0.0049,1.3571,60.6963,0.1062,-0.1878,61.8177,-0.1364,0.0444,2.3549,-0.1083,0.0528,3.2372,0.004316,-0.006365,60.6907,0.004459,-0.005370,61.8177,-0.049004,-0.019004,2.3549,-0.035668,-0.014070,3.2372,-0.00126,-0.24314,-0.46805,0.93743,-0.46978,0.27146,0.00471,-0.23980,-0.43647,0.87250,-0.43762,0.26570,-0.00041,-0.00012,-0.01788,0.00380,-0.08980,3.94641,0.38285,-2.16359,0.28957,0.34492,0.03176,-0.37340,-0.33218,-0.05935,-0.10632,0.05688,0.00503,0.00036,-0.01030,-0.00026,6.000,6.000,12.000,12.000,6.000,6.000,6.000,6.000,12.000,12.000,6.000,6.000,6.000,6.000,6.000,6.000
2.4450,0.00136,0.07820,0.46251,0.99992,-0.01240,0.00045,-0.00095,0.00863,0.05646,0.30141,0.30051,0.02458,0.06406,2,0.03499,0.02458,0.034701,-0.00005,-0.3845,-0.0002,-0.0198,0.2119,-0.3008,6.7884,-0.1757,0,0.04900,0.01900,0.0059,0.0643,0.010578,0.064562,0.0061,1.3611,60.7384,0.1077,-0.1910,61.8653,-0.1374,0.0441,2.3076,-0.1099,0.0555,3.1899,0.004274,-0.006344,60.7329,0.004418,-0.005346,61.8653,-0.049004,-0.019004,2.3076,-0.035458,-0.014037,3.1899,-0.00126,-0.24344,-0.46774,0.93686,-0.46952,0.27198,0.00481,-0.24006,-0.43582,0.87121,-0.43697,0.26617,-0.00041,-0.00012,-0.01797,0.00381,-0.09092,3.95542,0.38121,-2.16568,0.28770,0.34368,0.03257,-0.37919,-0.33044,-0.05573,-0.10443,0.05595,0.00506,0.00036,-0.01034,-0.00027,6.000,6.000,12.000,12.000,6.000,6.000,6.000,6.000,12.000,12.000,6.000,6.000,6.000,6.000,6.000,6.000
2.4500,0.00137,0.07838,0.46251,0.99992,-0.01252,0.00045,-0.00098,0.00863,0.05659,0.30141,0.30051,0.02481,0.06416,2,0.03499,0.02481,0.034701,-0.00005,-0.3837,-0.0002,-0.0198,0.2125,-0.3016,6.8315,-0.1769,0,0.04900,0.01900,0.0060,0.0667,0.010537,0.064587,0.0074,1.3649,60.7801,0.1092,-0.1943,61.9125,-0.1384,0.0437,2.2606,-0.1114,0.0582,3.1429,0.004232,-0.006321,60.7746,0.004378,-0.005321,61.9125,-0.049004,-0.019004,2.2606,-0.035245,-0.014005,3.1429,-0.00125,-0.24373,-0.46744,0.93630,-0.46926,0.27249,0.00491,-0.24032,-0.43518,0.86992,-0.43632,0.26664,-0.00041,-0.00013,-0.01806,0.00382,-0.09202,3.96438,0.37958,-2.16775,0.28583,0.34243,0.03337,-0.38498,-0.32871,-0.05215,-0.10256,0.05502,0.00508,0.00036,-0.01037,-0.00027,6.000,6.000,12.000,12.000,6.000,6.000,6.000,6.000,12.000,12.000,6.000,6.000,6.000,6.000,6.000,6.000
2.4550,0.00138,0.07857,0.46251,0.99992,-0.01264,0.00045,-0.00100,0.00863,0.05671,0.30141,0.30051,0.02504,0.06426,2,0.03499,0.02504,0.034701,-0.00005,-0.3830,-0.0002,-0.0197,0.2130,-0.3024,6.8745,-0.1783,0,0.04900,0.01900,0.0061,0.0690,0.010497,0.064613,0.0086,1.3688,60.8214,0.1107,-0.1977,61.9592,-0.1394,0.0432,2.2139,-0.1129,0.0608,3.0961,0.004190,-0.006299,60.8159,0.004338,-0.005296,61.9592,-0.049004,-0.019004,2.2139,-0.035028,-0.013970,3.0961,-0.00125,-0.24403,-0.46714,0.93573,-0.46900,0.27301,0.00502,-0.24058,-0.43453,0.86863,-0.43568,0.26711,-0.00041,-0.00013,-0.01815,0.00383,-0.09311,3.97328,0.37795,-2.16978,0.28397,0.34115,0.03418,-0.39076,-0.32699,-0.04860,-0.10071,0.05411,0.00511,0.00037,-0.01040,-0.00027,6.000,6.000,12.000,12.000,6.000,6.000,6.000,6.000,12.000,12.000,6.000,6.000,6.000,6.000,6.000,6.000
2.4600,0.00138,0.07876,0.46251,0.99992,-0.01275,0.00045,-0.00102,0.00863,0.05684,0.30141,0.30051,0.02528,0.06436,2,0.03500,0.02528,0.034701,-0.00005,-0.3822,-0.0002,-0.0197,0.2134,-0.3032,6.9174,-0.1797,0,0.04900,0.01900,0.0062,0.0715,0.010456,0.064639,0.0098,1.3725,60.8624,0.1121,-0.2011,62.0056,-0.1404,0.0427,2.1675,-0.1143,0.0634,3.0498,0.004148,-0.006276,60.8569,0.004298,-0.005270,62.0056,-0.049004,-0.019004,2.1676,-0.034806,-0.013935,3.0498,-0.00125,-0.24432,-0.46683,0.93517,-0.46874,0.27352,0.00513,-0.24084,-0.43389,0.86734,-0.43504,0.26757,-0.00041,-0.00013,-0.01825,0.00384,-0.09417,3.98213,0.37633,-2.17179,0.28212,0.33984,0.03499,-0.39651,-0.32529,-0.04509,-0.09887,0.05321,0.00513,0.00037,-0.01042,-0.00028,6.000,6.000,12.000,12.000,6.000,6.000,6.000,6.000,12.000,12.000,6.000,6.000,6.000,6.000,6.000,6.000
2.4650,0.00139,0.07894,0.46251,0.99992,-0.01287,0.00045,-0.00104,0.00863,0.05697,0.30141,0.30051,0.02551,0.06446,2,0.03500,0.02551,0.034700,-0.00005,-0.3814,-0.0002,-0.0197,0.2139,-0.3040,6.9602,-0.1813,0,0.04900,0.01900,0.0063,0.0740,0.010416,0.064665,0.0110,1.3761,60.9029,0.1136,-0.2045,62.0516,-0.1414,0.0421,2.1215,-0.1158,0.0661,3.0037,0.004107,-0.006253,60.8974,0.004258,-0.005244,62.0516,-0.049004,-0.019004,2.1216,-0.034579,-0.013901,3.0037,-0.00124,-0.24461,-0.46653,0.93461,-0.46849,0.27402,0.00524,-0.24109,-0.43324,0.86606,-0.43440,0.26804,-0.00041,-0.00013,-0.01834,0.00385,-0.09520,3.99092,0.37472,-2.17377,0.28028,0.33852,0.03581,-0.40225,-0.32360,-0.04162,-0.09705,0.05231,0.00515,0.00037,-0.01045,-0.00028,6.000,6.000,12.000,12.000,6.000,6.000,6.000,6.000,12.000,12.000,6.000,6.000,6.000,6.000,6.000,6.000
2.4700,0.00140,0.07913,0.46252,0.99992,-0.01299,0.00045,-0.00107,0.00863,0.05710,0.30142,0.30051,0.02574,0.06456,2,0.03500,0.02574,0.034700,-0.00005,-0.3806,-0.0002,-0.0196,0.2143,-0.3049,7.0029,-0.1831,0,0.04900,0.01900,0.0064,0.0766,0.010377,0.064692,0.0122,1.3796,60.9431,0.1151,-0.2080,62.0972,-0.1424,0.0414,2.0759,-0.1172,0.0688,2.9580,0.004067,-0.006229,60.9377,0.004219,-0.005218,62.0972,-0.049005,-0.019005,2.0759,-0.034348,-0.013868,2.9580,-0.00124,-0.24489,-0.46623,0.93405,-0.46823,0.27452,0.00536,-0.24134,-0.43260,0.86478,-0.43376,0.26849,-0.00041,-0.00013,-0.01843,0.00386,-0.09622,3.99965,0.37312,-2.17571,0.27846,0.33717,0.03662,-0.40797,-0.32192,-0.03819,-0.09524,0.05142,0.00517,0.00037,-0.01047,-0.00028,6.000,6.000,12.000,12.000,6.000,6.000,6.000,6.000,12.000,12.000,6.000,6.000,6.000,6.000,6.000,6.000
2.4750,0.00141,0.07931,0.46252,0.99991,-0.01310,0.00046,-0.00109,0.00863,0.05722,0.30142,0.30051,0.02597,0.06465,2,0.03500,0.02597,0.034700,-0.00005,-0.3799,-0.0002,-0.0196,0.2147,-0.3057,7.0454,-0.1850,0,0.04900,0.01900,0.0065,0.0793,0.010337,0.064719,0.0134,1.3831,60.9830,0.1166,-0.2115,62.1424,-0.1434,0.0406,2.0306,-0.1186,0.0716,2.9127,0.004026,-0.006205,60.9775,0.004180,-0.005192,62.1424,-0.049005,-0.019005,2.0306,-0.034112,-0.013836,2.9127,-0.00124,-0.24518,-0.46594,0.93349,-0.46797,0.27502,0.00548,-0.24159,-0.43196,0.86350,-0.43313,0.26895,-0.00041,-0.00013,-0.01852,0.00388,-0.09722,4.00833,0.37154,-2.17763,0.27665,0.33580,0.03744,-0.41368,-0.32026,-0.03480,-0.09345,0.05055,0.00518,0.00037,-0.01048,-0.00029,6.000,6.000,12.000,12.000,6.000,6.000,6.000,6.000,12.000,12.000,6.000,6.000,6.000,6.000,6.000,6.000
2.4800,0.00141,0.07950,0.46252,0.99991,-0.01322,0.00046,-0.00112,0.00863,0.05735,0.30142,0.30051,0.02620,0.06475,2,0.03500,0.02620,0.034700,-0.00005,-0.3791,-0.0002,-0.0196,0.2151,-0.3065,7.0879,-0.1870,0,0.04900,0.01900,0.0066,0.0821,0.010298,0.064746,0.0146,1.3864,61.0225,0.1180,-0.2150,62.1872,-0.1443,0.0398,1.9857,-0.1200,0.0744,2.8678,0.003987,-0.006181,61.0170,0.004141,-0.005165,62.1872,-0.049005,-0.019005,1.9857,-0.033870,-0.013804,2.8678,-0.00123,-0.24546,-0.46564,0.93293,-0.46772,0.27552,0.00560,-0.24184,-0.43132,0.86222,-0.43249,0.26941,-0.00041,-0.00013,-0.01862,0.00389,-0.09820,4.01695,0.36996,-2.17951,0.27485,0.33441,0.03825,-0.41936,-0.31861,-0.03144,-0.09167,0.04968,0.00520,0.00037,-0.01049,-0.00029,6.000,6.000,12.000,12.000,6.000,6.000,6.000,6.000,12.000,12.000,6.000,6.000,6.000,6.000,6.000,6.000
2.4850,0.00142,0.07968,0.46252,0.99991,-0.01333,0.00046,-0.00114,0.00863,0.05747,0.30142,0.30051,0.02643,0.06485,2,0.03500,0.02643,0.034699,-0.00005,-0.3784,-0.0002,-0.0195,0.2155,-0.3073,7.1303,-0.1892,0,0.04900,0.01900,0.0067,0.0850,0.010260,0.064774,0.0158,1.3897,61.0616,0.1195,-0.2186,62.2317,-0.1453,0.0389,1.9411,-0.1214,0.0772,2.8232,0.003947,-0.006156,61.0561,0.004103,-0.005138,62.2317,-0.049005,-0.019005,1.9411,-0.033623,-0.013774,2.8232,-0.00123,-0.24574,-0.46534,0.93237,-0.46746,0.27601,0.00575,-0.24208,-0.43067,0.86094,-0.43185,0.26987,-0.00041,-0.00013,-0.01871,0.00390,-0.09915,4.02551,0.36840,-2.18137,0.27307,0.33299,0.03906,-0.42503,-0.31698,-0.02812,-0.08991,0.04882,0.00521,0.00038,-0.01050,-0.00030,6.000,6.000,12.000,12.000,6.000,6.000,6.000,6.000,12.000,12.000,6.000,6.000,6.000,6.000,6.000,6.000
2.4900,0.00143,0.07986,0.46252,0.99991,-0.01345,0.00046,-0.00117,0.00863,0.05760,0.30142,0.30051,0.02666,0.06494,2,0.03500,0.02666,0.034699,-0.00005,-0.3774,-0.0002,-0.0213,0.2138,-0.3038,7.1752,-0.1987,0,0.04900,0.01900,0.0067,0.0868,0.010223,0.064801,0.0116,1.3875,61.1137,0.1212,-0.2211,62.2792,-0.1529,0.0301,1.9121,-0.1318,0.0611,2.7882,0.003939,-0.006171,61.1083,0.004067,-0.005111,62.2792,-0.049005,-0.019005,1.9122,-0.033190,-0.013371,2.7882,-0.00122,-0.24601,-0.46505,0.93182,-0.46721,0.27650,0.00593,-0.24231,-0.43002,0.85965,-0.43119,0.27034,-0.00041,-0.00013,-0.01880,0.00391,-0.09345,4.03939,0.36534,-2.18423,0.27109,0.33421,0.04537,-0.43300,-0.31682,-0.02797,-0.09006,0.04894,0.00338,0.00019,-0.00890,-0.00015,6.000,6.000,12.000,12.000,6.000,6.000,6.000,6.000,12.000,12.000,6.000,6.000,6.000,6.000,6.000,6.000
2.4950,0.00143,0.08004,0.46253,0.99991,-0.01356,0.00046,-0.00120,0.00863,0.05772,0.30143,0.30051,0.02690,0.06503,2,0.03500,0.02690,0.034699,-0.00005,-0.3768,-0.0002,-0.0198,0.2142,-0.3076,7.2213,-0.2068,0,0.04900,0.01900,0.0069,0.1001,0.010197,0.064792,0.0174,1.3905,61.1425,0.1157,-0.2323,62.3274,-0.1490,0.0296,1.8583,-0.1396,0.0909,2.7745,0.003877,-0.006130,61.1371,0.004041,-0.005121,62.3274,-0.049005,-0.019005,1.8583,-0.032415,-0.013835,2.7745,-0.00121,-0.24629,-0.46476,0.93127,-0.46696,0.27699,0.00611,-0.24255,-0.42937,0.85838,-0.43056,0.27080,-0.00041,-0.00013,-0.01888,0.00392,-0.09645,4.04622,0.36421,-2.18575,0.26881,0.33180,0.04476,-0.43838,-0.31462,-0.02322,-0.08768,0.04776,0.00398,0.00026,-0.00933,-0.00023,6.000,6.000,12.000,12.000,6.000,6.000,6.000,6.000,12.000,12.000,6.000,6.000,6.000,6.000,6.000,6.000
2.5000,0.00144,0.08022,0.46253,0.99991,-0.01368,0.00046,-0.00123,0.00863,0.05784,0.30143,0.30051,0.02713,0.06513,2,0.03500,0.02713,0.034699,-0.00005,-0.3761,-0.0002,-0.0190,0.2146,-0.3099,7.2652,-0.2132,0,0.04900,0.01900,0.0071,0.1004,0.010139,0.064835,0.0210,1.3936,61.1760,0.1220,-0.2352,62.3630,-0.1472,0.0291,1.8099,-0.1351,0.0919,2.7139,0.003831,-0.006092,61.1706,0.003983,-0.005079,62.3630,-0.049005,-0.019005,1.8099,-0.032312,-0.013791,2.7139,-0.00120,-0.24656,-0.46447,0.93072,-0.46670,0.27748,0.00628,-0.24278,-0.42874,0.85711,-0.42994,0.27126,-0.00041,-0.00013,-0.01897,0.00393,-0.09873,4.05346,0.36321,-2.18708,0.26711,0.32954,0.04443,-0.44368,-0.31276,-0.01917,-0.08554,0.04671,0.00441,0.00031,-0.00963,-0.00028,6.000,6.000,12.000,12.000,6.000,6.000,6.000,6.000,12.000,12.000,6.000,6.000,6.000,6.000,6.000,6.000
2.5050,0.00145,0.08040,0.46253,0.99990,-0.01379,0.00047,-0.00126,0.00863,0.05797,0.30143,0.30051,0.02736,0.06522,2,0.03500,0.02736,0.034698,-0.00005,-0.3754,-0.0002,-0.0186,0.2150,-0.3113,7.3078,-0.2184,0,0.04900,0.01900,0.0072,0.1018,0.010095,0.064875,0.0232,1.3966,61.2119,0.1260,-0.2383,62.4025,-0.1467,0.0285,1.7647,-0.1331,0.0933,2.6608,0.003793,-0.006057,61.2065,0.003940,-0.005039,62.4025,-0.049005,-0.019005,1.7647,-0.032167,-0.013751,2.6608,-0.00119,-0.24682,-0.46418,0.93017,-0.46645,0.27796,0.00645,-0.24302,-0.42810,0.85586,-0.42933,0.27171,-0.00041,-0.00013,-0.01905,0.00393,-0.10052,4.06099,0.36221,-2.18838,0.26566,0.32745,0.04435,-0.44897,-0.31108,-0.01557,-0.08357,0.04574,0.00470,0.00034,-0.00983,-0.00033,6.000,6.000,12.000,12.000,6.000,6.000,6.000,6.000,12.000,12.000,6.000,6.000,6.000,6.000,6.000,6.000
2.5100,0.00146,0.08058,0.46253,0.99990,-0.01391,0.00047,-0.00129,0.00863,0.05809,0.30143,0.30051,0.02758,0.06531,2,0.03500,0.02758,0.034698,-0.00005,-0.3746,-0.0002,-0.0184,0.2153,-0.3122,7.3496,-0.2229,0,0.04900,0.01900,0.0073,0.1042,0.010058,0.064913,0.0247,1.3997,61.2488,0.1287,-0.2415,62.4438,-0.1468,0.0278,1.7213,-0.1326,0.0952,2.6123,0.003758,-0.006024,61.2435,0.003904,-0.005002,62.4438,-0.049006,-0.019006,1.7213,-0.031980,-0.013712,2.6123,-0.00118,-0.24709,-0.46389,0.92962,-0.46620,0.27843,0.00662,-0.24325,-0.42747,0.85460,-0.42873,0.27216,-0.00041,-0.00013,-0.01913,0.00394,-0.10197,4.06872,0.36113,-2.18971,0.26428,0.32553,0.04450,-0.45428,-0.30951,-0.01223,-0.08170,0.04482,0.00490,0.00036,-0.00995,-0.00036,6.000,6.000,12.000,12.000,6.000,6.000,6.000,6.000,12.000,12.000,6.000,6.000,6.000,6.000,6.000,6.000
2.5150,0.00146,0.08076,0.46253,0.99990,-0.01402,0.00047,-0.00132,0.00863,0.05821,0.30143,0.30051,0.02781,0.06540,2,0.03500,0.02781,0.034698,-0.00005,-0.3739,-0.0002,-0.0183,0.2156,-0.3130,7.3909,-0.2271,0,0.04900,0.01900,0.0074,0.1072,0.010024,0.064948,0.0260,1.4027,61.2860,0.1307,-0.2448,62.4859,-0.1473,0.0270,1.6789,-0.1332,0.0975,2.5669,0.003724,-0.005994,61.2807,0.003870,-0.004967,62.4859,-0.049006,-0.019006,1.6790,-0.031754,-0.013673,2.5669,-0.00116,-0.24735,-0.46361,0.92908,-0.46595,0.27891,0.00682,-0.24347,-0.42682,0.85333,-0.42810,0.27261,-0.00041,-0.00013,-0.01921,0.00395,-0.10319,4.07657,0.35998,-2.19110,0.26289,0.32373,0.04482,-0.45960,-0.30799,-0.00905,-0.07991,0.04395,0.00503,0.00037,-0.01002,-0.00039,6.000,6.000,12.000,12.000,6.000,6.000,6.000,6.000,12.000,12.000,6.000,6.000,6.000,6.000,6.000,6.000
2.5200,0.00147,0.08093,0.46254,0.99990,-0.01413,0.00048,-0.00135,0.00863,0.05833,0.30144,0.30051,0.02804,0.06549,2,0.03500,0.02804,0.034698,-0.00004,-0.3730,-0.0002,-0.0199,0.2139,-0.3094,7.4341,-0.2390,0,0.04900,0.01900,0.0075,0.1075,0.009994,0.064981,0.0223,1.4001,61.3362,0.1327,-0.2471,62.5315,-0.1541,0.0179,1.6525,-0.1414,0.0818,2.5329,0.003720,-0.006007,61.3309,0.003840,-0.004935,62.5315,-0.049006,-0.019006,1.6525,-0.031299,-0.013257,2.5329,-0.00115,-0.24761,-0.46333,0.92854,-0.46570,0.27938,0.00703,-0.24369,-0.42618,0.85207,-0.42747,0.27307,-0.00041,-0.00013,-0.01928,0.00395,-0.09760,4.09011,0.35727,-2.19357,0.26120,0.32489,0.05079,-0.46747,-0.30806,-0.00914,-0.08018,0.04408,0.00325,0.00019,-0.00842,-0.00027,6.000,6.000,12.000,12.000,6.000,6.000,6.000,6.000,12.000,12.000,6.000,6.000,6.000,6.000,6.000,6.000
2.5250,0.00148,0.08111,0.46254,0.99990,-0.01425,0.00048,-0.00139,0.00863,0.05845,0.30144,0.30051,0.02827,0.06558,2,0.03500,0.02827,0.034698,-0.00004,-0.3724,-0.0002,-0.0183,0.2141,-0.3132,7.4794,-0.2489,0,0.04900,0.01900,0.0077,0.1255,0.009971,0.064973,0.0284,1.4025,61.3629,0.1277,-0.2585,62.5775,-0.1496,0.0171,1.6008,-0.1528,0.1127,2.5231,0.003663,-0.005961,61.3576,0.003818,-0.004943,62.5775,-0.049006,-0.019006,1.6008,-0.030368,-0.013756,2.5231,-0.00114,-0.24787,-0.46305,0.92800,-0.46546,0.27985,0.00724,-0.24391,-0.42554,0.85081,-0.42687,0.27348,-0.00041,-0.00013,-0.01935,0.00396,-0.10069,4.09637,0.35643,-2.19474,0.25916,0.32215,0.04991,-0.47259,-0.30596,-0.00457,-0.07778,0.04293,0.00390,0.00027,-0.00885,-0.00036,6.000,6.000,12.000,12.000,6.000,6.000,6.000,6.000,12.000,12.000,6.000,6.000,6.000,6.000,6.000,6.000
2.5300,0.00149,0.08129,0.46254,0.99990,-0.01436,0.00049,-0.00142,0.00863,0.05857,0.30144,0.30051,0.02850,0.06567,2,0.03500,0.02850,0.034697,-0.00004,-0.3716,-0.0002,-0.0168,0.2118,-0.3116,7.5199,-0.2561,0,0.04900,0.01900,0.0078,0.1170,0.009917,0.065021,0.0338,1.3971,61.4065,0.1340,-0.2619,62.6116,-0.1450,0.0068,1.5677,-0.1441,0.0983,2.4846,0.003630,-0.005922,61.4013,0.003765,-0.004896,62.6116,-0.049006,-0.019006,1.5678,-0.030082,-0.013770,2.4846,-0.00112,-0.24813,-0.46277,0.92746,-0.46521,0.28031,0.00745,-0.24412,-0.42491,0.84956,-0.42627,0.27387,-0.00041,-0.00012,-0.01942,0.00396,-0.10280,4.10671,0.35676,-2.19531,0.25835,0.32013,0.04892,-0.47919,-0.30485,-0.00142,-0.07597,0.04131,0.00436,0.00032,-0.00906,-0.00043,6.000,6.000,12.000,12.000,6.000,6.000,6.000,6.000,12.000,12.000,6.000,6.000,6.000,6.000,6.000,6.000
2.5350,0.00149,0.08146,0.46254,0.99989,-0.01447,0.00049,-0.00146,0.00863,0.05869,0.30144,0.30051,0.02873,0.06575,2,0.03500,0.02873,0.034697,-0.00004,-0.3709,-0.0002,-0.0167,0.2131,-0.3145,7.5627,-0.2621,0,0.04900,0.01900,0.0082,0.1217,0.009886,0.065062,0.0348,1.4033,61.4354,0.1403,-0.2725,62.6599,-0.1458,0.0099,1.5199,-0.1414,0.1063,2.4234,0.003595,-0.005893,61.4302,0.003734,-0.004856,62.6599,-0.049006,-0.019006,1.5199,-0.030265,-0.013491,2.4234,-0.00110,-0.24838,-0.46249,0.92692,-0.46497,0.28077,0.00765,-0.24433,-0.42428,0.84832,-0.42568,0.27428,-0.00041,-0.00012,-0.01948,0.00396,-0.10451,4.11284,0.35554,-2.19644,0.25698,0.31828,0.04888,-0.48396,-0.30306,0.00224,-0.07391,0.04064,0.00464,0.00034,-0.00925,-0.00049,6.000,6.000,12.000,12.000,6.000,6.000,6.000,6.000,12.000,12.000,6.000,6.000,6.000,6.000,6.000,6.000
2.5400,0.00150,0.08163,0.46254,0.99989,-0.01459,0.00050,-0.00149,0.00863,0.05881,0.30144,0.30051,0.02895,0.06584,2,0.03500,0.02895,0.034697,-0.00005,-0.3702,-0.0002,-0.0167,0.2141,-0.3163,7.6043,-0.2674,0,0.04900,0.01900,0.0080,0.2816,0.009862,0.065090,0.0357,1.4081,61.4675,0.1430,-0.2663,62.7066,-0.1466,0.0115,1.4759,-0.0013,0.3343,1.9788,0.003562,-0.005860,61.4623,0.003710,-0.004829,62.7066,-0.049007,-0.019007,1.4760,-0.049000,-0.017007,1.9788,-0.00109,-0.24863,-0.46222,0.92639,-0.46472,0.28123,0.00790,-0.24454,-0.42364,0.84706,-0.42505,0.27473,-0.00040,-0.00012,-0.01954,0.00396,-0.10587,4.11936,0.35429,-2.19769,0.25559,0.31621,0.04906,-0.48875,-0.30143,0.00550,-0.07204,0.03998,0.00482,0.00036,-0.00936,-0.00054,6.000,6.000,12.000,12.000,6.000,6.000,6.000,6.000,12.000,12.000,6.000,6.000,6.000,6.000,6.000,6.000
2.5450,0.00151,0.08180,0.46255,0.99989,-0.01470,0.00050,-0.00153,0.00863,0.05893,0.30145,0.30051,0.02918,0.06593,2,0.03500,0.02918,0.034697,-0.00004,-0.3694,-0.0002,-0.0182,0.2129,-0.3134,7.6455,-0.2805,0,0.04900,0.01900,0.0082,0.1289,0.009823,0.065130,0.0324,1.4071,61.5135,0.1434,-0.2731,62.7351,-0.1528,0.0044,1.4489,-0.1509,0.0992,2.3363,0.003557,-0.005872,61.5083,0.003671,-0.004789,62.7351,-0.049007,-0.019007,1.4489,-0.029416,-0.013138,2.3363,-0.00108,-0.24888,-0.46195,0.92586,-0.46448,0.28169,0.00813,-0.24475,-0.42300,0.84582,-0.42446,0.27516,-0.00040,-0.00012,-0.01959,0.00396,-0.10085,4.13179,0.35175,-2.19991,0.25398,0.31722,0.05443,-0.49618,-0.30147,0.00557,-0.07231,0.04016,0.00321,0.00020,-0.00789,-0.00044,6.000,6.000,12.000,12.000,6.000,6.000,6.000,6.000,12.000,12.000,6.000,6.000,6.000,6.000,6.000,6.000
2.5500,0.00152,0.08198,0.46255,0.99989,-0.01481,0.00051,-0.00157,0.00863,0.05905,0.30145,0.30051,0.02941,0.06601,2,0.03500,0.02941,0.034696,-0.00004,-0.3687,-0.0002,-0.0159,0.2115,-0.3156,7.6909,-0.2909,0,0.04900,0.01900,0.0084,0.1481,0.009801,0.065123,0.0404,1.4043,61.5434,0.1386,-0.2824,62.7772,-0.1460,-0.0020,1.4044,-0.1662,0.1253,2.3425,0.003501,-0.005818,61.5383,0.003650,-0.004797,62.7772,-0.049007,-0.019007,1.4045,-0.028087,-0.013715,2.3425,-0.00106,-0.24912,-0.46168,0.92534,-0.46423,0.28214,0.00836,-0.24495,-0.42237,0.84459,-0.42388,0.27557,-0.00040,-0.00012,-0.01964,0.00396,-0.10389,4.13926,0.35154,-2.20074,0.25218,0.31417,0.05327,-0.50191,-0.29973,0.00971,-0.07004,0.03879,0.00387,0.00027,-0.00825,-0.00053,6.000,6.000,12.000,12.000,6.000,6.000,6.000,6.000,12.000,12.000,6.000,6.000,6.000,6.000,6.000,6.000
2.5550,0.00152,0.08215,0.46255,0.99989,-0.01493,0.00052,-0.00161,0.00863,0.05916,0.30145,0.30051,0.02963,0.06609,2,0.03500,0.02963,0.034696,-0.00004,-0.3681,-0.0002,-0.0152,0.2123,-0.3189,7.7342,-0.2995,0,0.04900,0.01900,0.0086,0.2511,0.009750,0.065177,0.0437,1.4083,61.5697,0.1487,-0.2885,62.8197,-0.1442,-0.0009,1.3566,-0.1925,0.2509,2.0991,0.003458,-0.005773,61.5646,0.003599,-0.004743,62.8197,-0.049007,-0.019007,1.3567,-0.029902,-0.019000,2.0991,-0.00104,-0.24936,-0.46142,0.92481,-0.46399,0.28259,0.00863,-0.24515,-0.42174,0.84335,-0.42328,0.27598,-0.00040,-0.00012,-0.01968,0.00396,-0.10607,4.14473,0.35060,-2.20170,0.25062,0.31139,0.05284,-0.50648,-0.29791,0.01354,-0.06789,0.03806,0.00430,0.00032,-0.00851,-0.00061,6.000,6.000,12.000,12.000,6.000,6.000,6.000,6.000,12.000,12.000,6.000,6.000,6.000,6.000,6.000,6.000
2.5600,0.00153,0.08232,0.46255,0.99989,-0.01504,0.00053,-0.00164,0.00863,0.05928,0.30145,0.30051,0.02986,0.06618,2,0.03500,0.02986,0.034696,-0.00004,-0.3672,-0.0002,-0.0160,0.2092,-0.3147,7.7770,-0.3165,0,0.04900,0.01900,0.0087,0.2518,0.009712,0.065224,0.0422,1.4014,61.6188,0.1528,-0.2888,62.8564,-0.1485,-0.0145,1.3353,-0.2007,0.2367,2.0542,0.003457,-0.005777,61.6138,0.003562,-0.004698,62.8564,-0.049007,-0.019007,1.3353,-0.029354,-0.019000,2.0542,-0.00103,-0.24960,-0.46116,0.92429,-0.46375,0.28303,0.00891,-0.24534,-0.42110,0.84211,-0.42270,0.27635,-0.00040,-0.00012,-0.01972,0.00396,-0.10013,4.15863,0.34842,-2.20372,0.24909,0.31210,0.05875,-0.51465,-0.29840,0.01303,-0.06838,0.03828,0.00250,0.00014,-0.00677,-0.00050,6.000,6.000,12.000,12.000,6.000,6.000,6.000,6.000,12.000,12.000,6.000,6.000,6.000,6.000,6.000,6.000
2.5650,0.00154,0.08249,0.46256,0.99988,-0.01515,0.00054,-0.00169,0.00863,0.05940,0.30145,0.30051,0.03008,0.06626,2,0.03500,0.03008,0.034696,-0.00004,-0.3666,-0.0002,-0.0130,0.2073,-0.3174,7.8214,-0.3308,0,0.04900,0.01900,0.0090,0.1660,0.009689,0.065225,0.0526,1.3968,61.6456,0.1482,-0.3052,62.8931,-0.1389,-0.0227,1.2900,-0.1791,0.1357,2.2570,0.003399,-0.005717,61.6406,0.003539,-0.004697,62.8931,-0.049008,-0.019008,1.2900,-0.026039,-0.013709,2.2570,-0.00100,-0.24984,-0.46090,0.92377,-0.46351,0.28347,0.00917,-0.24554,-0.42047,0.84090,-0.42215,0.27675,-0.00040,-0.00012,-0.01975,0.00395,-0.10392,4.16585,0.34888,-2.20400,0.24750,0.30874,0.05678,-0.52043,-0.29672,0.01755,-0.06594,0.03684,0.00343,0.00024,-0.00728,-0.00063,6.000,6.000,12.000,12.000,6.000,6.000,6.000,6.000,12.000,12.000,6.000,6.000,6.000,6.000,6.000,6.000
2.5700,0.00155,0.08265,0.46256,0.99988,-0.01527,0.00055,-0.00173,0.00862,0.05951,0.30146,0.30051,0.03031,0.06634,2,0.03500,0.03031,0.034695,-0.00004,-0.3659,-0.0002,-0.0123,0.2087,-0.3218,7.8655,-0.3409,0,0.04900,0.01900,0.0092,0.3760,0.009646,0.065280,0.0557,1.4026,61.6674,0.1607,-0.3063,62.9403,-0.1372,-0.0192,1.2397,-0.0217,0.3936,1.7475,0.003358,-0.005672,61.6624,0.003497,-0.004643,62.9403,-0.049008,-0.019008,1.2397,-0.049000,-0.017753,1.7475,-0.00099,-0.25007,-0.46065,0.92325,-0.46327,0.28391,0.00949,-0.24572,-0.41983,0.83967,-0.42157,0.27717,-0.00040,-0.00012,-0.01977,0.00394,-0.10657,4.17014,0.34810,-2.20464,0.24614,0.30581,0.05587,-0.52456,-0.29478,0.02162,-0.06358,0.03621,0.00403,0.00030,-0.00765,-0.00073,6.000,6.000,12.000,12.000,6.000,6.000,6.000,6.000,12.000,12.000,6.000,6.000,6.000,6.000,6.000,6.000
2.5750,0.00156,0.08282,0.46256,0.99988,-0.01538,0.00056,-0.00177,0.00862,0.05963,0.30146,0.30051,0.03053,0.06642,2,0.03500,0.03053,0.034695,-0.00004,-0.3650,-0.0002,-0.0126,0.2046,-0.3156,7.9066,-0.3569,0,0.04900,0.01900,0.0093,0.2624,0.009602,0.065332,0.0565,1.3927,61.7211,0.1644,-0.3110,62.9658,-0.1403,-0.0365,1.2266,-0.2073,0.2321,1.9772,0.003365,-0.005680,61.7162,0.003453,-0.004592,62.9658,-0.049008,-0.019008,1.2267,-0.027116,-0.019000,1.9772,-0.00096,-0.25030,-0.46039,0.92274,-0.46303,0.28435,0.00978,-0.24590,-0.41920,0.83845,-0.42101,0.27752,-0.00040,-0.00011,-0.01979,0.00393,-0.09826,4.18547,0.34645,-2.20664,0.24455,0.30690,0.05699,-0.53342,-0.29495,0.02165,-0.06320,0.03579,0.00253,0.00015,-0.00609,-0.00065,6.000,6.000,12.000,12.000,6.000,6.000,6.000,6.000,12.000,12.000,6.000,6.000,6.000,6.000,6.000,6.000
2.5800,0.00157,0.08299,0.46256,0.99988,-0.01549,0.00057,-0.00181,0.00862,0.05974,0.30146,0.30051,0.03076,0.06650,2,0.03500,0.03076,0.034695,-0.00004,-0.3644,-0.0002,-0.0114,0.2056,-0.3198,7.9498,-0.3689,0,0.04900,0.01900,0.0097,0.1760,0.009586,0.065329,0.0615,1.3972,61.7426,0.1629,-0.3300,63.0091,-0.1369,-0.0341,1.1777,-0.1749,0.1398,2.1218,0.003321,-0.005627,61.7377,0.003438,-0.004595,63.0091,-0.049008,-0.019008,1.1778,-0.025486,-0.013647,2.1218,-0.00094,-0.25053,-0.46015,0.92223,-0.46279,0.28478,0.01008,-0.24609,-0.41857,0.83723,-0.42045,0.27792,-0.00040,-0.00011,-0.01980,0.00392,-0.10096,4.18959,0.34602,-2.20717,0.24311,0.30360,0.05444,-0.53747,-0.29277,0.02624,-0.06039,0.03486,0.00336,0.00024,-0.00664,-0.00079,6.000,6.000,12.000,12.000,6.000,6.000,6.000,6.000,12.000,12.000,6.000,6.000,6.000,6.000,6.000,6.000
2.5850,0.00158,0.08315,0.46256,0.99988,-0.01560,0.00058,-0.00186,0.00862,0.05985,0.30146,0.30051,0.03098,0.06658,2,0.03500,0.03098,0.034695,-0.00004,-0.3636,-0.0002,-0.0132,0.2050,-0.3181,7.9949,-0.3873,0,0.04900,0.01900,0.0098,0.1727,0.009548,0.065383,0.0596,1.3976,61.7810,0.1692,-0.3285,63.0422,-0.1469,-0.0386,1.1505,-0.1751,0.1212,2.0555,0.003322,-0.005621,61.7761,0.003400,-0.004543,63.0422,-0.049008,-0.019009,1.1506,-0.025540,-0.013004,2.0555,-0.00092,-0.25075,-0.45990,0.92172,-0.46256,0.28521,0.01038,-0.24627,-0.41795,0.83600,-0.41986,0.27832,-0.00040,-0.00011,-0.01980,0.00391,-0.08772,4.19952,0.34177,-2.21088,0.23960,0.30342,0.05249,-0.54380,-0.29126,0.02775,-0.05852,0.03558,0.00159,0.00006,-0.00502,-0.00073,6.000,6.000,12.000,12.000,6.000,6.000,6.000,6.000,12.000,12.000,6.000,6.000,6.000,6.000,6.000,6.000
2.5900,0.00158,0.08332,0.46257,0.99987,-0.01571,0.00059,-0.00190,0.00862,0.05997,0.30146,0.30051,0.03121,0.06666,2,0.03500,0.03121,0.034695,-0.00004,-0.3629,-0.0002,-0.0122,0.2052,-0.3181,8.0336,-0.3969,0,0.04900,0.01900,0.0099,0.2626,0.009525,0.065393,0.0626,1.3998,61.8155,0.1660,-0.3352,63.0840,-0.1436,-0.0390,1.1158,-0.1933,0.2255,1.8858,0.003296,-0.005565,61.8106,0.003378,-0.004533,63.0840,-0.049009,-0.019009,1.1159,-0.027051,-0.019000,1.8858,-0.00089,-0.25098,-0.45965,0.92122,-0.46233,0.28564,0.01065,-0.24645,-0.41733,0.83477,-0.41927,0.27868,-0.00040,-0.00011,-0.01979,0.00389,-0.09251,4.20502,0.34267,-2.21057,0.23966,0.30005,0.05033,-0.54788,-0.28965,0.03138,-0.05613,0.03381,0.00259,0.00017,-0.00577,-0.00092,6.000,6.000,12.000,12.000,6.000,6.000,6.000,6.000,12.000,12.000,6.000,6.000,6.000,6.000,6.000,6.000
2.5950,0.00159,0.08348,0.46257,0.99987,-0.01583,0.00060,-0.00195,0.00862,0.06008,0.30147,0.30051,0.03143,0.06674,2,0.03500,0.03143,0.034694,-0.00004,-0.3622,-0.0002,-0.0122,0.2069,-0.3199,8.0707,-0.4050,0,0.04900,0.01900,0.0100,0.1824,0.009501,0.065450,0.0634,1.4062,61.8437,0.1695,-0.3386,63.1188,-0.1440,-0.0345,1.0756,-0.1662,0.1382,1.9755,0.003270,-0.005514,61.8388,0.003354,-0.004477,63.1188,-0.049009,-0.019009,1.0757,-0.025540,-0.013781,1.9755,-0.00086,-0.25120,-0.45941,0.92072,-0.46210,0.28606,0.01089,-0.24663,-0.41673,0.83355,-0.41868,0.27905,-0.00039,-0.00010,-0.01977,0.00387,-0.09494,4.20899,0.34224,-2.21105,0.23896,0.29684,0.04804,-0.55122,-0.28772,0.03515,-0.05368,0.03289,0.00325,0.00024,-0.00631,-0.00108,6.000,6.000,12.000,12.000,6.000,6.000,6.000,6.000,12.000,12.000,6.000,6.000,6.000,6.000,6.000,6.000
2.6000,0.00160,0.08364,0.46257,0.99987,-0.01594,0.00061,-0.00199,0.00862,0.06019,0.30147,0.30051,0.03165,0.06681,2,0.03500,0.03165,0.034694,-0.00004,-0.3616,-0.0002,-0.0125,0.2091,-0.3222,8.1077,-0.4112,0,0.04900,0.01900,0.0100,0.1928,0.009478,0.065502,0.0634,1.4143,61.8699,0.1714,-0.3368,63.1527,-0.1463,-0.0281,1.0344,-0.1669,0.1463,1.9189,0.003242,-0.005465,61.8651,0.003331,-0.004426,63.1527,-0.049010,-0.019010,1.0345,-0.025392,-0.013707,1.9189,-0.00083,-0.25142,-0.45916,0.92021,-0.46186,0.28648,0.01110,-0.24682,-0.41614,0.83233,-0.41808,0.27944,-0.00039,-0.00010,-0.01974,0.00385,-0.09592,4.21236,0.34101,-2.21213,0.23772,0.29365,0.04574,-0.55424,-0.28562,0.03880,-0.05124,0.03230,0.00367,0.00027,-0.00670,-0.00121,6.000,6.000,12.000,12.000,6.000,6.000,6.000,6.000,12.000,12.000,6.000,6.000,6.000,6.000,6.000,6.000
2.6050,0.00161,0.08381,0.46257,0.99987,-0.01605,0.00063,-0.00203,0.00862,0.06030,0.30147,0.30051,0.03188,0.06689,2,0.03500,0.03188,0.034694,-0.00004,-0.3609,-0.0002,-0.0128,0.2107,-0.3232,8.1430,-0.4159,0,0.04900,0.01900,0.0099,0.2002,0.009452,0.065553,0.0635,1.4206,61.8996,0.1720,-0.3338,63.1849,-0.1486,-0.0238,0.9977,-0.1674,0.1497,1.8694,0.003216,-0.005417,61.8948,0.003307,-0.004376,63.1849,-0.049010,-0.019010,0.9977,-0.025152,-0.013741,1.8694,-0.00081,-0.25164,-0.45892,0.91972,-0.46163,0.28689,0.01130,-0.24701,-0.41556,0.83112,-0.41748,0.27984,-0.00039,-0.00010,-0.01971,0.00383,-0.09616,4.21656,0.33969,-2.21342,0.23637,0.29058,0.04361,-0.55750,-0.28371,0.04205,-0.04901,0.03168,0.00392,0.00029,-0.00695,-0.00132,6.000,6.000,12.000,12.000,6.000,6.000,6.000,6.000,12.000,12.000,6.000,6.000,6.000,6.000,6.000,6.000
2.6100,0.00162,0.08397,0.46257,0.99987,-0.01616,0.00064,-0.00207,0.00862,0.06041,0.30147,0.30051,0.03210,0.06696,2,0.03500,0.03210,0.034694,-0.00004,-0.3602,-0.0002,-0.0132,0.2120,-0.3237,8.1770,-0.4195,0,0.04900,0.01900,0.0098,0.3819,0.009437,0.065599,0.0636,1.4260,61.9307,0.1739,-0.3266,63.2324,-0.1510,-0.0206,0.9634,-0.0169,0.3290,1.4381,0.003191,-0.005372,61.9259,0.003292,-0.004330,63.2324,-0.049010,-0.019010,0.9635,-0.049000,-0.018161,1.4381,-0.00079,-0.25186,-0.45869,0.91922,-0.46140,0.28730,0.01152,-0.24719,-0.41496,0.82988,-0.41684,0.28025,-0.00039,-0.00010,-0.01968,0.00380,-0.09589,4.22133,0.33830,-2.21484,0.23493,0.28775,0.04159,-0.56096,-0.28189,0.04507,-0.04693,0.03103,0.00407,0.00030,-0.00711,-0.00141,6.000,6.000,12.000,12.000,6.000,6.000,6.000,6.000,12.000,12.000,6.000,6.000,6.000,6.000,6.000,6.000
2.6150,0.00163,0.08413,0.46258,0.99987,-0.01626,0.00065,-0.00211,0.00862,0.06052,0.30147,0.30051,0.03232,0.06704,2,0.03500,0.03232,0.034693,-0.00004,-0.3594,-0.0002,-0.0151,0.2117,-0.3199,8.2095,-0.4282,0,0.04900,0.01900,0.0098,0.3143,0.009409,0.065649,0.0604,1.4274,61.9741,0.1743,-0.3303,63.2647,-0.1604,-0.0238,0.9454,-0.2019,0.2368,1.6502,0.003195,-0.005372,61.9694,0.003264,-0.004281,63.2647,-0.049010,-0.019011,0.9455,-0.025835,-0.019000,1.6502,-0.00078,-0.25207,-0.45845,0.91873,-0.46117,0.28771,0.01171,-0.24737,-0.41438,0.82864,-0.41620,0.28062,-0.00039,-0.00009,-0.01963,0.00377,-0.08608,4.23123,0.33497,-2.21797,0.23242,0.28789,0.03997,-0.56661,-0.28075,0.04612,-0.04576,0.03107,0.00266,0.00015,-0.00592,-0.00137,6.000,6.000,12.000,12.000,6.000,6.000,6.000,6.000,12.000,12.000,6.000,6.000,6.000,6.000,6.000,6.000
2.6200,0.00164,0.08429,0.46258,0.99986,-0.01637,0.00066,-0.00215,0.00862,0.06063,0.30148,0.30051,0.03253,0.06711,2,0.03500,0.03253,0.034693,-0.00004,-0.3588,-0.0002,-0.0141,0.2113,-0.3194,8.2426,-0.4334,0,0.04900,0.01900,0.0099,0.2128,0.009395,0.065654,0.0642,1.4277,62.0077,0.1685,-0.3377,63.3012,-0.1576,-0.0266,0.9152,-0.1759,0.1450,1.7856,0.003163,-0.005323,62.0030,0.003251,-0.004277,63.3012,-0.049011,-0.019011,0.9152,-0.024003,-0.013958,1.7856,-0.00076,-0.25229,-0.45822,0.91824,-0.46094,0.28812,0.01188,-0.24756,-0.41380,0.82741,-0.41556,0.28099,-0.00039,-0.00009,-0.01959,0.00375,-0.08844,4.23750,0.33496,-2.21853,0.23154,0.28502,0.03812,-0.57088,-0.27924,0.04932,-0.04384,0.02969,0.00319,0.00021,-0.00633,-0.00149,6.000,6.000,12.000,12.000,6.000,6.000,6.000,6.000,12.000,12.000,6.000,6.000,6.000,6.000,6.000,6.000
2.6250,0.00165,0.08445,0.46258,0.99986,-0.01648,0.00067,-0.00219,0.00862,0.06074,0.30148,0.30051,0.03275,0.06718,2,0.03500,0.03275,0.034693,-0.00004,-0.3581,-0.0002,-0.0140,0.2131,-0.3217,8.2777,-0.4364,0,0.04900,0.01900,0.0101,0.2224,0.009368,0.065705,0.0655,1.4345,62.0316,0.1732,-0.3416,63.3399,-0.1586,-0.0217,0.8760,-0.1753,0.1514,1.7361,0.003131,-0.005282,62.0269,0.003224,-0.004227,63.3399,-0.049011,-0.019011,0.8761,-0.023850,-0.013661,1.7361,-0.00075,-0.25250,-0.45798,0.91775,-0.46071,0.28852,0.01202,-0.24774,-0.41322,0.82619,-0.41493,0.28137,-0.00039,-0.00009,-0.01954,0.00372,-0.08930,4.24139,0.33374,-2.21966,0.23004,0.28236,0.03603,-0.57417,-0.27720,0.05294,-0.04163,0.02896,0.00355,0.00024,-0.00667,-0.00160,6.000,6.000,12.000,12.000,6.000,6.000,6.000,6.000,12.000,12.000,6.000,6.000,6.000,6.000,6.000,6.000
2.6300,0.00166,0.08460,0.46258,0.99986,-0.01659,0.00069,-0.00222,0.00862,0.06084,0.30148,0.30051,0.03296,0.06725,2,0.03500,0.03296,0.034693,-0.00004,-0.3575,-0.0002,-0.0142,0.2144,-0.3230,8.3114,-0.4377,0,0.04900,0.01900,0.0101,0.2293,0.009340,0.065748,0.0663,1.4400,62.0583,0.1750,-0.3397,63.3697,-0.1601,-0.0183,0.8405,-0.1746,0.1538,1.6916,0.003102,-0.005240,62.0537,0.003196,-0.004185,63.3697,-0.049012,-0.019012,0.8406,-0.023471,-0.013639,1.6916,-0.00074,-0.25271,-0.45775,0.91726,-0.46048,0.28892,0.01215,-0.24792,-0.41265,0.82497,-0.41430,0.28174,-0.00039,-0.00009,-0.01948,0.00368,-0.08960,4.24581,0.33244,-2.22089,0.22856,0.27970,0.03409,-0.57760,-0.27533,0.05618,-0.03964,0.02825,0.00380,0.00026,-0.00692,-0.00168,6.000,6.000,12.000,12.000,6.000,6.000,6.000,6.000,12.000,12.000,6.000,6.000,6.000,6.000,6.000,6.000
2.6350,0.00167,0.08476,0.46258,0.99986,-0.01669,0.00070,-0.00225,0.00862,0.06095,0.30148,0.30051,0.03318,0.06732,2,0.03500,0.03318,0.034693,-0.00004,-0.3568,-0.0002,-0.0144,0.2155,-0.3238,8.3441,-0.4380,0,0.04900,0.01900,0.0100,0.2358,0.009315,0.065792,0.0669,1.4447,62.0861,0.1762,-0.3389,63.4019,-0.1620,-0.0158,0.8071,-0.1746,0.1553,1.6522,0.003074,-0.005199,62.0815,0.003172,-0.004142,63.4019,-0.049013,-0.019013,0.8071,-0.023073,-0.013605,1.6522,-0.00074,-0.25292,-0.45752,0.91677,-0.46025,0.28932,0.01227,-0.24811,-0.41208,0.82376,-0.41367,0.28212,-0.00039,-0.00009,-0.01943,0.00365,-0.08950,4.25061,0.33106,-2.22223,0.22704,0.27714,0.03224,-0.58117,-0.27353,0.05923,-0.03778,0.02754,0.00397,0.00027,-0.00712,-0.00175,6.000,6.000,12.000,12.000,6.000,6.000,6.000,6.000,12.000,12.000,6.000,6.000,6.000,6.000,6.000,6.000
2.6400,0.00168,0.08491,0.46259,0.99986,-0.01680,0.00071,-0.00228,0.00862,0.06106,0.30148,0.30051,0.03339,0.06739,2,0.03500,0.03339,0.034692,-0.00004,-0.3561,-0.0002,-0.0145,0.2165,-0.3245,8.3762,-0.4373,0,0.04900,0.01900,0.0101,0.2421,0.009291,0.065834,0.0675,1.4492,62.1142,0.1771,-0.3390,63.4349,-0.1639,-0.0138,0.7748,-0.1756,0.1556,1.6160,0.003047,-0.005161,62.1096,0.003148,-0.004100,63.4349,-0.049014,-0.019014,0.7749,-0.022629,-0.013513,1.6160,-0.00073,-0.25313,-0.45728,0.91629,-0.46002,0.28971,0.01237,-0.24829,-0.41152,0.82255,-0.41304,0.28249,-0.00039,-0.00008,-0.01937,0.00362,-0.08911,4.25563,0.32962,-2.22363,0.22544,0.27473,0.03046,-0.58481,-0.27179,0.06216,-0.03600,0.02684,0.00410,0.00028,-0.00727,-0.00180,6.000,6.000,12.000,12.000,6.000,6.000,6.000,6.000,12.000,12.000,6.000,6.000,6.000,6.000,6.000,6.000
2.6450,0.00169,0.08507,0.46259,0.99985,-0.01690,0.00072,-0.00231,0.00862,0.06116,0.30149,0.30051,0.03360,0.06746,2,0.03500,0.03360,0.034692,-0.00004,-0.3554,-0.0002,-0.0147,0.2173,-0.3250,8.4079,-0.4360,0,0.04900,0.01900,0.0101,0.2491,0.009267,0.065875,0.0684,1.4532,62.1420,0.1780,-0.3394,63.4680,-0.1657,-0.0122,0.7432,-0.1773,0.1564,1.5822,0.003019,-0.005124,62.1374,0.003125,-0.004061,63.4680,-0.049014,-0.019014,0.7433,-0.022122,-0.013420,1.5822,-0.00073,-0.25334,-0.45705,0.91581,-0.45979,0.29010,0.01247,-0.24847,-0.41096,0.82134,-0.41241,0.28287,-0.00040,-0.00008,-0.01931,0.00358,-0.08851,4.26081,0.32814,-2.22508,0.22375,0.27244,0.02874,-0.58854,-0.27009,0.06502,-0.03428,0.02615,0.00419,0.00028,-0.00739,-0.00184,6.000,6.000,12.000,12.000,6.000,6.000,6.000,6.000,12.000,12.000,6.000,6.000,6.000,6.000,6.000,6.000
2.6500,0.00169,0.08522,0.46259,0.99985,-0.01701,0.00073,-0.00233,0.00862,0.06126,0.30149,0.30051,0.03381,0.06753,2,0.03500,0.03381,0.034692,-0.00004,-0.3548,-0.0002,-0.0148,0.2181,-0.3256,8.4393,-0.4342,0,0.04900,0.01900,0.0101,0.2561,0.009243,0.065914,0.0694,1.4571,62.1694,0.1791,-0.3400,63.5008,-0.1674,-0.0109,0.7121,-0.1788,0.1571,1.5493,0.002991,-0.005089,62.1649,0.003101,-0.004023,63.5008,-0.049015,-0.019015,0.7122,-0.021598,-0.013327,1.5493,-0.00074,-0.25354,-0.45682,0.91532,-0.45957,0.29049,0.01255,-0.24865,-0.41040,0.82014,-0.41179,0.28323,-0.00040,-0.00008,-0.01926,0.00355,-0.08777,4.26609,0.32663,-2.22655,0.22202,0.27026,0.02706,-0.59233,-0.26841,0.06783,-0.03260,0.02547,0.00426,0.00028,-0.00749,-0.00187,6.000,6.000,12.000,12.000,6.000,6.000,6.000,6.000,12.000,12.000,6.000,6.000,6.000,6.000,6.000,6.000
2.6550,0.00170,0.08537,0.46259,0.99985,-0.01711,0.00074,-0.00236,0.00862,0.06137,0.30149,0.30051,0.03402,0.06760,2,0.03500,0.03402,0.034692,-0.00004,-0.3541,-0.0002,-0.0149,0.2189,-0.3261,8.4705,-0.4319,0,0.04900,0.01900,0.0101,0.2630,0.009219,0.065951,0.0704,1.4608,62.1965,0.1802,-0.3410,63.5331,-0.1691,-0.0097,0.6815,-0.1802,0.1574,1.5169,0.002962,-0.005055,62.1919,0.003077,-0.003986,63.5331,-0.049016,-0.019016,0.6816,-0.021070,-0.013228,1.5169,-0.00074,-0.25375,-0.45659,0.91485,-0.45934,0.29087,0.01263,-0.24883,-0.40984,0.81895,-0.41117,0.28360,-0.00040,-0.00008,-0.01920,0.00351,-0.08695,4.27142,0.32512,-2.22801,0.22027,0.26815,0.02543,-0.59615,-0.26677,0.07059,-0.03096,0.02479,0.00431,0.00028,-0.00757,-0.00189,6.000,6.000,12.000,12.000,6.000,6.000,6.000,6.000,12.000,12.000,6.000,6.000,6.000,6.000,6.000,6.000
2.6600,0.00171,0.08553,0.46259,0.99985,-0.01722,0.00075,-0.00238,0.00862,0.06147,0.30149,0.30051,0.03423,0.06766,2,0.03500,0.03423,0.034692,-0.00004,-0.3534,-0.0002,-0.0150,0.2196,-0.3267,8.5013,-0.4290,0,0.04900,0.01900,0.0102,0.2698,0.009194,0.065987,0.0715,1.4645,62.2231,0.1814,-0.3420,63.5651,-0.1707,-0.0086,0.6514,-0.1815,0.1576,1.4848,0.002935,-0.005022,62.2186,0.003053,-0.003951,63.5651,-0.049017,-0.019017,0.6514,-0.020536,-0.013123,1.4848,-0.00075,-0.25395,-0.45636,0.91437,-0.45911,0.29125,0.01270,-0.24901,-0.40928,0.81775,-0.41055,0.28396,-0.00040,-0.00008,-0.01915,0.00348,-0.08610,4.27675,0.32362,-2.22945,0.21852,0.26611,0.02385,-0.59998,-0.26516,0.07331,-0.02936,0.02412,0.00437,0.00028,-0.00766,-0.00190,6.000,6.000,12.000,12.000,6.000,6.000,6.000,6.000,12.000,12.000,6.000,6.000,6.000,6.000,6.000,6.000
2.6650,0.00172,0.08568,0.46260,0.99985,-0.01732,0.00076,-0.00240,0.00862,0.06157,0.30149,0.30051,0.03444,0.06773,2,0.03500,0.03444,0.034691,-0.00004,-0.3528,-0.0002,-0.0151,0.2203,-0.3272,8.5319,-0.4258,0,0.04900,0.01900,0.0102,0.2768,0.009170,0.066022,0.0725,1.4682,62.2494,0.1826,-0.3430,63.5967,-0.1723,-0.0075,0.6216,-0.1826,0.1577,1.4532,0.002907,-0.004990,62.2449,0.003030,-0.003917,63.5967,-0.049017,-0.019018,0.6217,-0.019991,-0.013013,1.4532,-0.00075,-0.25415,-0.45614,0.91389,-0.45888,0.29163,0.01277,-0.24918,-0.40872,0.81657,-0.40993,0.28432,-0.00040,-0.00008,-0.01910,0.00344,-0.08524,4.28205,0.32213,-2.23086,0.21678,0.26410,0.02230,-0.60380,-0.26357,0.07599,-0.02777,0.02345,0.00442,0.00027,-0.00775,-0.00190,6.000,6.000,12.000,12.000,6.000,6.000,6.000,6.000,12.000,12.000,6.000,6.000,6.000,6.000,6.000,6.000
2.6700,0.00173,0.08582,0.46260,0.99985,-0.01742,0.00076,-0.00242,0.00862,0.06167,0.30150,0.30051,0.03464,0.06779,2,0.03500,0.03464,0.034691,-0.00004,-0.3521,-0.0002,-0.0152,0.2210,-0.3277,8.5622,-0.4222,0,0.04900,0.01900,0.0102,0.2838,0.009146,0.066057,0.0735,1.4719,62.2753,0.1838,-0.3440,63.6278,-0.1739,-0.0064,0.5923,-0.1837,0.1577,1.4220,0.002880,-0.004958,62.2708,0.003006,-0.003883,63.6278,-0.049018,-0.019018,0.5924,-0.019435,-0.012897,1.4220,-0.00076,-0.25434,-0.45591,0.91342,-0.45866,0.29201,0.01283,-0.24936,-0.40817,0.81539,-0.40932,0.28468,-0.00040,-0.00008,-0.01905,0.00341,-0.08439,4.28731,0.32065,-2.23224,0.21506,0.26212,0.02080,-0.60760,-0.26201,0.07862,-0.02622,0.02279,0.00447,0.00027,-0.00784,-0.00189,6.000,6.000,12.000,12.000,6.000,6.000,6.000,6.000,12.000,12.000,6.000,6.000,6.000,6.000,6.000,6.000
2.6750,0.00174,0.08597,0.46260,0.99984,-0.01752,0.00077,-0.00244,0.00862,0.06177,0.30150,0.30051,0.03484,0.06785,2,0.03500,0.03484,0.034691,-0.00004,-0.3514,-0.0002,-0.0153,0.2218,-0.3282,8.5922,-0.4183,0,0.04900,0.01900,0.0102,0.2911,0.009123,0.066091,0.0744,1.4755,62.3008,0.1849,-0.3449,63.6586,-0.1756,-0.0053,0.5634,-0.1847,0.1577,1.3912,0.002854,-0.004926,62.2964,0.002983,-0.003850,63.6586,-0.049019,-0.019019,0.5635,-0.018865,-0.012777,1.3912,-0.00077,-0.25454,-0.45568,0.91295,-0.45843,0.29238,0.01289,-0.24953,-0.40761,0.81422,-0.40872,0.28503,-0.00040,-0.00008,-0.01901,0.00337,-0.08356,4.29252,0.31919,-2.23358,0.21336,0.26014,0.01934,-0.61136,-0.26047,0.08122,-0.02469,0.02214,0.00453,0.00027,-0.00793,-0.00188,6.000,6.000,12.000,12.000,6.000,6.000,6.000,6.000,12.000,12.000,6.000,6.000,6.000,6.000,6.000,6.000
2.6800,0.00175,0.08612,0.46260,0.99984,-0.01762,0.00078,-0.00246,0.00862,0.06187,0.30150,0.30051,0.03505,0.06792,2,0.03500,0.03505,0.034691,-0.00004,-0.3508,-0.0002,-0.0154,0.2225,-0.3287,8.6219,-0.4141,0,0.04900,0.01900,0.0103,0.2985,0.009100,0.066125,0.0753,1.4792,62.3259,0.1860,-0.3458,63.6889,-0.1772,-0.0041,0.5350,-0.1857,0.1577,1.3608,0.002827,-0.004894,62.3215,0.002960,-0.003817,63.6889,-0.049020,-0.019020,0.5350,-0.018279,-0.012650,1.3608,-0.00078,-0.25474,-0.45545,0.91248,-0.45821,0.29275,0.01294,-0.24970,-0.40706,0.81305,-0.40811,0.28538,-0.00040,-0.00008,-0.01897,0.00334,-0.08276,4.29765,0.31774,-2.23490,0.21168,0.25816,0.01791,-0.61509,-0.25896,0.08377,-0.02318,0.02149,0.00459,0.00027,-0.00803,-0.00187,6.000,6.000,12.000,12.000,6.000,6.000,6.000,6.000,12.000,12.000,6.000,6.000,6.000,6.000,6.000,6.000
2.6850,0.00175,0.08626,0.46260,0.99984,-0.01772,0.00079,-0.00247,0.00862,0.06197,0.30150,0.30051,0.03525,0.06798,2,0.03500,0.03525,0.034691,-0.00004,-0.3501,-0.0002,-0.0155,0.2232,-0.3292,8.6513,-0.4097,0,0.04900,0.01900,0.0103,0.3061,0.009077,0.066158,0.0762,1.4828,62.3506,0.1870,-0.3466,63.7189,-0.1788,-0.0029,0.5069,-0.1867,0.1577,1.3309,0.002802,-0.004863,62.3463,0.002938,-0.003784,63.7189,-0.049022,-0.019022,0.5069,-0.017678,-0.012519,1.3309,-0.00079,-0.25493,-0.45522,0.91202,-0.45799,0.29312,0.01299,-0.24987,-0.40651,0.81188,-0.40751,0.28573,-0.00041,-0.00008,-0.01893,0.00330,-0.08198,4.30271,0.31630,-2.23618,0.21003,0.25617,0.01652,-0.61877,-0.25747,0.08629,-0.02169,0.02085,0.00465,0.00027,-0.00814,-0.00184,6.000,6.000,12.000,12.000,6.000,6.000,6.000,6.000,12.000,12.000,6.000,6.000,6.000,6.000,6.000,6.000
2.6900,0.00176,0.08641,0.46260,0.99984,-0.01782,0.00079,-0.00249,0.00862,0.06207,0.30150,0.30051,0.03545,0.06804,2,0.03500,0.03545,0.034690,-0.00004,-0.3495,-0.0002,-0.0156,0.2239,-0.3297,8.6805,-0.4052,0,0.04900,0.01900,0.0103,0.3139,0.009054,0.066192,0.0770,1.4864,62.3750,0.1880,-0.3474,63.7484,-0.1804,-0.0017,0.4792,-0.1876,0.1576,1.3014,0.002776,-0.004831,62.3707,0.002915,-0.003751,63.7484,-0.049023,-0.019023,0.4792,-0.017059,-0.012381,1.3014,-0.00080,-0.25512,-0.45499,0.91155,-0.45777,0.29348,0.01303,-0.25004,-0.40596,0.81073,-0.40691,0.28608,-0.00041,-0.00008,-0.01890,0.00327,-0.08123,4.30768,0.31488,-2.23742,0.20840,0.25418,0.01516,-0.62241,-0.25601,0.08878,-0.02022,0.02022,0.00471,0.00028,-0.00825,-0.00182,6.000,6.000,12.000,12.000,6.000,6.000,6.000,6.000,12.000,12.000,6.000,6.000,6.000,6.000,6.000,6.000
2.6950,0.00177,0.08655,0.46261,0.99984,-0.01792,0.00080,-0.00251,0.00862,0.06217,0.30150,0.30051,0.03565,0.06810,2,0.03500,0.03565,0.034690,-0.00004,-0.3489,-0.0002,-0.0157,0.2246,-0.3302,8.7093,-0.4006,0,0.04900,0.01900,0.0104,0.3219,0.009031,0.066226,0.0778,1.4900,62.3989,0.1890,-0.3481,63.7774,-0.1820,-0.0006,0.4520,-0.1885,0.1576,1.2723,0.002751,-0.004799,62.3946,0.002893,-0.003719,63.7774,-0.049024,-0.019024,0.4520,-0.016422,-0.012238,1.2723,-0.00081,-0.25531,-0.45476,0.91109,-0.45755,0.29385,0.01307,-0.25020,-0.40541,0.80958,-0.40632,0.28642,-0.00041,-0.00009,-0.01887,0.00324,-0.08051,4.31258,0.31348,-2.23863,0.20680,0.25217,0.01383,-0.62601,-0.25456,0.09123,-0.01878,0.01960,0.00477,0.00028,-0.00837,-0.00179,6.000,6.000,12.000,12.000,6.000,6.000,6.000,6.000,12.000,12.000,6.000,6.000,6.000,6.000,6.000,6.000
2.7000,0.00178,0.08669,0.46261,0.99983,-0.01802,0.00080,-0.00252,0.00862,0.06226,0.30151,0.30051,0.03584,0.06816,2,0.03499,0.03584,0.034690,-0.00004,-0.3483,-0.0002,-0.0158,0.2254,-0.3307,8.7379,-0.3959,0,0.04900,0.01900,0.0104,0.3301,0.009009,0.066260,0.0785,1.4935,62.4225,0.1899,-0.3488,63.8061,-0.1836,0.0006,0.4251,-0.1893,0.1575,1.2436,0.002727,-0.004767,62.4183,0.002872,-0.003686,63.8061,-0.049026,-0.019026,0.4251,-0.015767,-0.012090,1.2436,-0.00082,-0.25550,-0.45453,0.91064,-0.45734,0.29421,0.01311,-0.25037,-0.40487,0.80843,-0.40572,0.28676,-0.00041,-0.00009,-0.01885,0.00321,-0.07982,4.31740,0.31209,-2.23981,0.20523,0.25015,0.01254,-0.62956,-0.25314,0.09364,-0.01736,0.01899,0.00484,0.00028,-0.00849,-0.00176,6.000,6.000,12.000,12.000,6.000,6.000,6.000,6.000,12.000,12.000,6.000,6.000,6.000,6.000,6.000,6.000
2.7050,0.00178,0.08684,0.46261,0.99983,-0.01811,0.00081,-0.00253,0.00862,0.06236,0.30151,0.30051,0.03604,0.06821,2,0.03499,0.03604,0.034690,-0.00004,-0.3476,-0.0002,-0.0160,0.2261,-0.3312,8.7661,-0.3912,0,0.04900,0.01900,0.0104,0.3383,0.008988,0.066293,0.0792,1.4971,62.4457,0.1908,-0.3494,63.8343,-0.1852,0.0019,0.3986,-0.1902,0.1571,1.2155,0.002702,-0.004735,62.4415,0.002850,-0.003653,63.8343,-0.049027,-0.019028,0.3987,-0.015089,-0.011919,1.2155,-0.00082,-0.25568,-0.45430,0.91018,-0.45712,0.29456,0.01315,-0.25053,-0.40432,0.80729,-0.40513,0.28709,-0.00041,-0.00009,-0.01883,0.00318,-0.07915,4.32212,0.31071,-2.24096,0.20368,0.24812,0.01127,-0.63304,-0.25173,0.09602,-0.01596,0.01838,0.00490,0.00028,-0.00861,-0.00172,6.000,6.000,12.000,12.000,6.000,6.000,6.000,6.000,12.000,12.000,6.000,6.000,6.000,6.000,6.000,6.000
2.7100,0.00179,0.08698,0.46261,0.99983,-0.01821,0.00081,-0.00255,0.00862,0.06246,0.30151,0.30051,0.03623,0.06827,2,0.03499,0.03623,0.034690,-0.00004,-0.3470,-0.0002,-0.0161,0.2268,-0.3317,8.7941,-0.3865,0,0.04900,0.01900,0.0104,0.3468,0.008966,0.066327,0.0799,1.5006,62.4684,0.1916,-0.3500,63.8620,-0.1868,0.0032,0.3726,-0.1910,0.1567,1.1877,0.002679,-0.004703,62.4643,0.002829,-0.003620,63.8620,-0.049029,-0.019029,0.3726,-0.014390,-0.011742,1.1877,-0.00083,-0.25587,-0.45407,0.90973,-0.45691,0.29492,0.01318,-0.25069,-0.40378,0.80616,-0.40455,0.28742,-0.00041,-0.00009,-0.01881,0.00315,-0.07849,4.32674,0.30934,-2.24207,0.20215,0.24607,0.01003,-0.63647,-0.25035,0.09836,-0.01459,0.01778,0.00496,0.00029,-0.00873,-0.00168,6.000,6.000,12.000,12.000,6.000,6.000,6.000,6.000,12.000,12.000,6.000,6.000,6.000,6.000,6.000,6.000
2.7150,0.00180,0.08712,0.46261,0.99983,-0.01830,0.00082,-0.00256,0.00862,0.06255,0.30151,0.30051,0.03642,0.06833,2,0.03499,0.03642,0.034689,-0.00003,-0.3464,-0.0002,-0.0163,0.2276,-0.3322,8.8217,-0.3819,0,0.04900,0.01900,0.0104,0.3555,0.008945,0.066362,0.0806,1.5042,62.4908,0.1925,-0.3505,63.8893,-0.1884,0.0046,0.3469,-0.1918,0.1564,1.1604,0.002655,-0.004670,62.4867,0.002808,-0.003586,63.8893,-0.049032,-0.019032,0.3469,-0.013670,-0.011559,1.1604,-0.00084,-0.25605,-0.45384,0.90928,-0.45670,0.29527,0.01321,-0.25085,-0.40325,0.80503,-0.40396,0.28775,-0.00041,-0.00009,-0.01880,0.00312,-0.07786,4.33126,0.30798,-2.24315,0.20065,0.24401,0.00882,-0.63985,-0.24898,0.10066,-0.01324,0.01720,0.00503,0.00029,-0.00885,-0.00164,6.000,6.000,12.000,12.000,6.000,6.000,6.000,6.000,12.000,12.000,6.000,6.000,6.000,6.000,6.000,6.000
2.7200,0.00181,0.08725,0.46262,0.99983,-0.01840,0.00082,-0.00258,0.00862,0.06264,0.30151,0.30051,0.03662,0.06838,2,0.03499,0.03662,0.034689,-0.00003,-0.3458,-0.0002,-0.0164,0.2283,-0.3327,8.8491,-0.3773,0,0.04900,0.01900,0.0104,0.3644,0.008924,0.066396,0.0812,1.5077,62.5128,0.1932,-0.3509,63.9162,-0.1899,0.0060,0.3216,-0.1925,0.1561,1.1335,0.002633,-0.004637,62.5087,0.002788,-0.003553,63.9162,-0.049034,-0.019034,0.3217,-0.012928,-0.011370,1.1335,-0.00085,-0.25623,-0.45361,0.90883,-0.45649,0.29561,0.01324,-0.25101,-0.40271,0.80391,-0.40338,0.28808,-0.00041,-0.00009,-0.01880,0.00310,-0.07724,4.33570,0.30664,-2.24420,0.19918,0.24192,0.00764,-0.64316,-0.24764,0.10293,-0.01191,0.01662,0.00509,0.00030,-0.00897,-0.00160,6.000,6.000,12.000,12.000,6.000,6.000,6.000,6.000,12.000,12.000,6.000,6.000,6.000,6.000,6.000,6.000
2.7250,0.00181,0.08739,0.46262,0.99983,-0.01849,0.00083,-0.00259,0.00862,0.06274,0.30152,0.30051,0.03681,0.06844,2,0.03499,0.03681,0.034689,-0.00003,-0.3452,-0.0002,-0.0165,0.2290,-0.3332,8.8761,-0.3728,0,0.04900,0.01900,0.0105,0.3737,0.008904,0.066430,0.0723,1.5108,62.5280,0.1940,-0.3513,63.9427,-0.1820,0.0078,0.3032,-0.1932,0.1557,1.1070,0.002615,-0.004589,62.5239,0.002768,-0.003520,63.9427,-0.049036,-0.019036,0.3032,-0.012164,-0.011174,1.1070,-0.00085,-0.25641,-0.45339,0.90839,-0.45628,0.29596,0.01327,-0.25116,-0.40218,0.80280,-0.40280,0.28841,-0.00041,-0.00009,-0.01880,0.00307,-0.07497,4.33864,0.30274,-2.24653,0.19699,0.23882,0.00613,-0.64589,-0.24408,0.10616,-0.01024,0.01615,0.00515,0.00031,-0.00910,-0.00155,6.000,6.000,12.000,12.000,6.000,6.000,6.000,6.000,12.000,12.000,6.000,6.000,6.000,6.000,6.000,6.000
2.7300,0.00182,0.08753,0.46262,0.99982,-0.01859,0.00083,-0.00260,0.00862,0.06283,0.30152,0.30051,0.03699,0.06849,2,0.03499,0.03699,0.034689,-0.00003,-0.3446,-0.0002,-0.0167,0.2297,-0.3337,8.9028,-0.3686,0,0.04900,0.01900,0.0104,0.3706,0.008888,0.066480,0.0615,1.5136,62.5415,0.1854,-0.3513,63.9624,-0.1720,0.0095,0.2866,-0.1849,0.1557,1.0873,0.002600,-0.004536,62.5374,0.002752,-0.003471,63.9624,-0.049038,-0.019038,0.2866,-0.011563,-0.011010,1.0873,-0.00086,-0.25658,-0.45316,0.90794,-0.45608,0.29630,0.01329,-0.25132,-0.40165,0.80169,-0.40223,0.28873,-0.00041,-0.00010,-0.01880,0.00305,-0.07232,4.34118,0.29832,-2.24910,0.19466,0.23547,0.00458,-0.64841,-0.24010,0.10954,-0.00853,0.01573,0.00520,0.00031,-0.00921,-0.00150,6.000,6.000,12.000,12.000,6.000,6.000,6.000,6.000,12.000,12.000,6.000,6.000,6.000,6.000,6.000,6.000
2.7350,0.00183,0.08766,0.46262,0.99982,-0.01868,0.00083,-0.00261,0.00862,0.06292,0.30152,0.30051,0.03718,0.06854,2,0.03499,0.03718,0.034689,-0.00003,-0.3441,-0.0002,-0.0168,0.2304,-0.3342,8.9290,-0.3649,0,0.04900,0.01900,0.0102,0.3647,0.008873,0.066532,0.0510,1.5162,62.5547,0.1749,-0.3514,63.9803,-0.1622,0.0112,0.2702,-0.1747,0.1557,1.0693,0.002585,-0.004484,62.5507,0.002738,-0.003419,63.9803,-0.049041,-0.019041,0.2702,-0.010995,-0.010853,1.0693,-0.00086,-0.25676,-0.45293,0.90751,-0.45587,0.29663,0.01331,-0.25147,-0.40112,0.80059,-0.40166,0.28905,-0.00041,-0.00010,-0.01881,0.00303,-0.06969,4.34366,0.29400,-2.25161,0.19236,0.23216,0.00306,-0.65085,-0.23621,0.11286,-0.00686,0.01531,0.00523,0.00031,-0.00930,-0.00146,6.000,6.000,12.000,12.000,6.000,6.000,6.000,6.000,12.000,12.000,6.000,6.000,6.000,6.000,6.000,6.000
2.7400,0.00183,0.08779,0.46262,0.99982,-0.01877,0.00084,-0.00263,0.00862,0.06301,0.30152,0.30051,0.03737,0.06859,2,0.03499,0.03737,0.034689,-0.00003,-0.3435,-0.0002,-0.0169,0.2310,-0.3346,8.9549,-0.3615,0,0.04900,0.01900,0.0101,0.3589,0.008859,0.066585,0.0406,1.5188,62.5677,0.1647,-0.3516,63.9979,-0.1525,0.0128,0.2540,-0.1646,0.1555,1.0516,0.002570,-0.004433,62.5637,0.002724,-0.003368,63.9979,-0.049043,-0.019043,0.2541,-0.010418,-0.010694,1.0516,-0.00086,-0.25693,-0.45270,0.90707,-0.45567,0.29696,0.01333,-0.25162,-0.40059,0.79949,-0.40109,0.28937,-0.00041,-0.00010,-0.01882,0.00301,-0.06708,4.34609,0.28977,-2.25404,0.19011,0.22888,0.00159,-0.65325,-0.23242,0.11611,-0.00523,0.01490,0.00526,0.00032,-0.00938,-0.00141,6.000,6.000,12.000,12.000,6.000,6.000,6.000,6.000,12.000,12.000,6.000,6.000,6.000,6.000,6.000,6.000
2.7450,0.00184,0.08793,0.46262,0.99982,-0.01886,0.00084,-0.00264,0.00862,0.06310,0.30152,0.30051,0.03755,0.06864,2,0.03499,0.03755,0.034688,-0.00003,-0.3430,-0.0002,-0.0170,0.2316,-0.3351,8.9804,-0.3584,0,0.04900,0.01900,0.0100,0.3533,0.008845,0.066637,0.0305,1.5213,62.5804,0.1548,-0.3518,64.0153,-0.1431,0.0144,0.2382,-0.1547,0.1552,1.0341,0.002555,-0.004382,62.5765,0.002710,-0.003317,64.0153,-0.049046,-0.019046,0.2382,-0.009831,-0.010532,1.0341,-0.00087,-0.25710,-0.45248,0.90664,-0.45547,0.29729,0.01335,-0.25177,-0.40007,0.79840,-0.40053,0.28969,-0.00041,-0.00010,-0.01883,0.00299,-0.06451,4.34847,0.28563,-2.25641,0.18791,0.22563,0.00014,-0.65559,-0.22871,0.11930,-0.00363,0.01450,0.00528,0.00032,-0.00945,-0.00136,6.000,6.000,12.000,12.000,6.000,6.000,6.000,6.000,12.000,12.000,6.000,6.000,6.000,6.000,6.000,6.000
2.7500,0.00185,0.08806,0.46263,0.99982,-0.01895,0.00084,-0.00265,0.00862,0.06319,0.30153,0.30051,0.03773,0.06869,2,0.03499,0.03773,0.034688,-0.00003,-0.3425,-0.0002,-0.0168,0.2323,-0.3357,9.0058,-0.3560,0,0.04900,0.01900,0.0099,0.3499,0.008831,0.066688,0.0217,1.5240,62.5926,0.1450,-0.3520,64.0320,-0.1333,0.0163,0.2219,-0.1492,0.1538,1.0209,0.002539,-0.004333,62.5887,0.002697,-0.003266,64.0320,-0.049049,-0.019050,0.2219,-0.008783,-0.010093,1.0209,-0.00087,-0.25727,-0.45225,0.90621,-0.45527,0.29761,0.01337,-0.25192,-0.39955,0.79732,-0.39998,0.29001,-0.00041,-0.00010,-0.01885,0.00297,-0.06222,4.35074,0.28174,-2.25864,0.18572,0.22244,-0.00125,-0.65789,-0.22518,0.12246,-0.00205,0.01415,0.00532,0.00033,-0.00952,-0.00132,6.000,6.000,12.000,12.000,6.000,6.000,6.000,6.000,12.000,12.000,6.000,6.000,6.000,6.000,6.000,6.000
2.7550,0.00185,0.08819,0.46263,0.99981,-0.01904,0.00084,-0.00266,0.00862,0.06328,0.30153,0.30051,0.03792,0.06874,2,0.03499,0.03792,0.034688,-0.00003,-0.3419,-0.0002,-0.0167,0.2330,-0.3363,9.0310,-0.3538,0,0.04900,0.01900,0.0098,0.3449,0.008815,0.066739,0.0129,1.5267,62.6047,0.1366,-0.3519,64.0484,-0.1237,0.0181,0.2059,-0.1392,0.1539,1.0030,0.002523,-0.004283,62.6008,0.002681,-0.003217,64.0484,-0.049053,-0.019053,0.2059,-0.008158,-0.009937,1.0030,-0.00087,-0.25744,-0.45203,0.90579,-0.45508,0.29793,0.01339,-0.25207,-0.39903,0.79625,-0.39943,0.29033,-0.00041,-0.00010,-0.01888,0.00296,-0.05994,4.35296,0.27793,-2.26078,0.18362,0.21925,-0.00260,-0.66014,-0.22171,0.12554,-0.00052,0.01379,0.00535,0.00034,-0.00958,-0.00127,6.000,6.000,12.000,12.000,6.000,6.000,6.000,6.000,12.000,12.000,6.000,6.000,6.000,6.000,6.000,6.000
2.7600,0.00186,0.08832,0.46263,0.99981,-0.01913,0.00085,-0.00267,0.00862,0.06337,0.30153,0.30051,0.03810,0.06879,2,0.03499,0.03810,0.034688,-0.00003,-0.3414,-0.0002,-0.0167,0.2336,-0.3368,9.0557,-0.3517,0,0.04900,0.01900,0.0097,0.3404,0.008801,0.066789,0.0040,1.5292,62.6166,0.1281,-0.3519,64.0646,-0.1145,0.0197,0.1906,-0.1298,0.1538,0.9854,0.002510,-0.004233,62.6128,0.002666,-0.003167,64.0646,-0.049058,-0.019058,0.1906,-0.007517,-0.009787,0.9854,-0.00087,-0.25760,-0.45181,0.90537,-0.45488,0.29824,0.01340,-0.25221,-0.39851,0.79518,-0.39888,0.29065,-0.00041,-0.00010,-0.01890,0.00294,-0.05762,4.35516,0.27416,-2.26287,0.18158,0.21605,-0.00394,-0.66236,-0.21831,0.12855,0.00099,0.01342,0.00537,0.00034,-0.00963,-0.00122,6.000,6.000,12.000,12.000,6.000,6.000,6.000,6.000,12.000,12.000,6.000,6.000,6.000,6.000,6.000,6.000
2.7650,0.00187,0.08844,0.46263,0.99981,-0.01922,0.00085,-0.00268,0.00862,0.06345,0.30153,0.30051,0.03828,0.06884,2,0.03499,0.03828,0.034688,-0.00003,-0.3409,-0.0002,-0.0167,0.2342,-0.3373,9.0801,-0.3498,0,0.04900,0.01900,0.0097,0.3362,0.008788,0.066840,-0.0049,1.5316,62.6285,0.1196,-0.3520,64.0807,-0.1056,0.0213,0.1757,-0.1207,0.1536,0.9686,0.002497,-0.004182,62.6247,0.002653,-0.003117,64.0807,-0.049062,-0.019063,0.1757,-0.006867,-0.009628,0.9686,-0.00087,-0.25776,-0.45159,0.90495,-0.45469,0.29855,0.01341,-0.25236,-0.39800,0.79412,-0.39834,0.29096,-0.00041,-0.00010,-0.01893,0.00293,-0.05529,4.35732,0.27044,-2.26492,0.17959,0.21286,-0.00525,-0.66456,-0.21497,0.13148,0.00246,0.01303,0.00538,0.00035,-0.00966,-0.00118,6.000,6.000,12.000,12.000,6.000,6.000,6.000,6.000,12.000,12.000,6.000,6.000,6.000,6.000,6.000,6.000
2.7700,0.00187,0.08857,0.46263,0.99981,-0.01931,0.00085,-0.00268,0.00862,0.06354,0.30153,0.30051,0.03845,0.06888,2,0.03499,0.03845,0.034688,-0.00003,-0.3403,-0.0002,-0.0167,0.2348,-0.3377,9.1042,-0.3481,0,0.04900,0.01900,0.0096,0.3324,0.008775,0.066891,-0.0137,1.5339,62.6401,0.1111,-0.3521,64.0966,-0.0969,0.0228,0.1611,-0.1119,0.1534,0.9523,0.002484,-0.004132,62.6363,0.002641,-0.003068,64.0966,-0.049068,-0.019068,0.1611,-0.006207,-0.009462,0.9523,-0.00087,-0.25792,-0.45137,0.90453,-0.45450,0.29885,0.01342,-0.25250,-0.39748,0.79307,-0.39781,0.29128,-0.00041,-0.00011,-0.01896,0.00292,-0.05294,4.35945,0.26676,-2.26692,0.17764,0.20969,-0.00654,-0.66672,-0.21169,0.13435,0.00389,0.01265,0.00538,0.00035,-0.00969,-0.00113,6.000,6.000,12.000,12.000,6.000,6.000,6.000,6.000,12.000,12.000,6.000,6.000,6.000,6.000,6.000,6.000
2.7750,0.00188,0.08869,0.46264,0.99981,-0.01940,0.00085,-0.00269,0.00862,0.06362,0.30153,0.30051,0.03863,0.06893,2,0.03500,0.03863,0.034688,-0.00003,-0.3398,-0.0002,-0.0167,0.2354,-0.3381,9.1280,-0.3466,0,0.04900,0.01900,0.0095,0.3289,0.008763,0.066942,-0.0223,1.5362,62.6514,0.1026,-0.3522,64.1122,-0.0884,0.0242,0.1469,-0.1034,0.1532,0.9364,0.002472,-0.004082,62.6477,0.002629,-0.003018,64.1122,-0.049075,-0.019075,0.1469,-0.005536,-0.009290,0.9364,-0.00087,-0.25808,-0.45115,0.90412,-0.45431,0.29915,0.01343,-0.25264,-0.39697,0.79203,-0.39728,0.29159,-0.00041,-0.00011,-0.01899,0.00291,-0.05060,4.36153,0.26314,-2.26887,0.17571,0.20652,-0.00780,-0.66885,-0.20848,0.13717,0.00530,0.01226,0.00537,0.00035,-0.00971,-0.00109,6.000,6.000,12.000,12.000,6.000,6.000,6.000,6.000,12.000,12.000,6.000,6.000,6.000,6.000,6.000,6.000
2.7800,0.00188,0.08882,0.46264,0.99981,-0.01948,0.00085,-0.00270,0.00862,0.06371,0.30154,0.30051,0.03880,0.06897,2,0.03500,0.03880,0.034687,-0.00003,-0.3393,-0.0002,-0.0167,0.2359,-0.3386,9.1515,-0.3453,0,0.04900,0.01900,0.0095,0.3258,0.008751,0.066992,-0.0308,1.5383,62.6626,0.0943,-0.3524,64.1275,-0.0801,0.0256,0.1331,-0.0951,0.1529,0.9210,0.002460,-0.004032,62.6589,0.002617,-0.002968,64.1275,-0.049082,-0.019083,0.1331,-0.004854,-0.009111,0.9210,-0.00087,-0.25824,-0.45093,0.90371,-0.45412,0.29945,0.01344,-0.25278,-0.39647,0.79099,-0.39675,0.29190,-0.00041,-0.00011,-0.01903,0.00290,-0.04828,4.36357,0.25957,-2.27078,0.17382,0.20336,-0.00904,-0.67095,-0.20533,0.13992,0.00667,0.01188,0.00536,0.00035,-0.00972,-0.00105,6.000,6.000,12.000,12.000,6.000,6.000,6.000,6.000,12.000,12.000,6.000,6.000,6.000,6.000,6.000,6.000
2.7850,0.00189,0.08894,0.46264,0.99980,-0.01957,0.00085,-0.00270,0.00862,0.06379,0.30154,0.30051,0.03898,0.06902,2,0.03500,0.03898,0.034687,-0.00003,-0.3387,-0.0002,-0.0167,0.2364,-0.3390,9.1748,-0.3443,0,0.04900,0.01900,0.0094,0.3231,0.008740,0.067043,-0.0391,1.5404,62.6735,0.0862,-0.3525,64.1425,-0.0720,0.0270,0.1195,-0.0870,0.1525,0.9059,0.002449,-0.003983,62.6698,0.002605,-0.002919,64.1425,-0.049092,-0.019092,0.1195,-0.004162,-0.008927,0.9059,-0.00087,-0.25839,-0.45072,0.90331,-0.45393,0.29974,0.01344,-0.25291,-0.39596,0.78996,-0.39623,0.29220,-0.00041,-0.00011,-0.01907,0.00289,-0.04598,4.36556,0.25607,-2.27264,0.17195,0.20020,-0.01025,-0.67301,-0.20224,0.14262,0.00802,0.01149,0.00533,0.00035,-0.00973,-0.00101,6.000,6.000,12.000,12.000,6.000,6.000,6.000,6.000,12.000,12.000,6.000,6.000,6.000,6.000,6.000,6.000
2.7900,0.00190,0.08906,0.46264,0.99980,-0.01966,0.00085,-0.00271,0.00862,0.06387,0.30154,0.30051,0.03915,0.06906,2,0.03500,0.03915,0.034687,-0.00003,-0.3382,-0.0002,-0.0168,0.2369,-0.3394,9.1977,-0.3435,0,0.04900,0.01900,0.0094,0.3208,0.008728,0.067093,-0.0472,1.5425,62.6841,0.0783,-0.3526,64.1572,-0.0640,0.0282,0.1063,-0.0791,0.1522,0.8911,0.002438,-0.003933,62.6805,0.002594,-0.002869,64.1572,-0.049103,-0.019103,0.1063,-0.003459,-0.008738,0.8911,-0.00087,-0.25855,-0.45051,0.90290,-0.45375,0.30003,0.01345,-0.25305,-0.39546,0.78894,-0.39571,0.29251,-0.00042,-0.00011,-0.01910,0.00288,-0.04370,4.36750,0.25263,-2.27444,0.17012,0.19705,-0.01143,-0.67504,-0.19922,0.14526,0.00933,0.01111,0.00530,0.00035,-0.00973,-0.00098,6.000,6.000,12.000,12.000,6.000,6.000,6.000,6.000,12.000,12.000,6.000,6.000,6.000,6.000,6.000,6.000
2.7950,0.00190,0.08918,0.46264,0.99980,-0.01974,0.00086,-0.00271,0.00862,0.06396,0.30154,0.30051,0.03932,0.06910,2,0.03500,0.03932,0.034687,-0.00003,-0.3377,-0.0002,-0.0168,0.2374,-0.3397,9.2203,-0.3429,0,0.04900,0.01900,0.0093,0.3190,0.008717,0.067143,-0.0551,1.5445,62.6945,0.0706,-0.3527,64.1716,-0.0562,0.0295,0.0933,-0.0714,0.1518,0.8767,0.002427,-0.003883,62.6909,0.002583,-0.002820,64.1716,-0.049117,-0.019118,0.0933,-0.002745,-0.008545,0.8767,-0.00087,-0.25870,-0.45029,0.90251,-0.45357,0.30032,0.01345,-0.25318,-0.39497,0.78792,-0.39519,0.29281,-0.00042,-0.00011,-0.01915,0.00287,-0.04145,4.36938,0.24926,-2.27619,0.16832,0.19390,-0.01259,-0.67702,-0.19627,0.14785,0.01061,0.01074,0.00527,0.00035,-0.00972,-0.00094,6.000,6.000,12.000,12.000,6.000,6.000,6.000,6.000,12.000,12.000,6.000,6.000,6.000,6.000,6.000,6.000
2.8000,0.00191,0.08930,0.46264,0.99980,-0.01982,0.00086,-0.00272,0.00862,0.06404,0.30154,0.30051,0.03949,0.06914,2,0.03500,0.03949,0.034687,-0.00003,-0.3371,-0.0002,-0.0168,0.2379,-0.3401,9.2427,-0.3425,0,0.04900,0.01900,0.0093,0.3175,0.008706,0.067194,-0.0628,1.5464,62.7046,0.0630,-0.3528,64.1856,-0.0487,0.0307,0.0806,-0.0638,0.1514,0.8625,0.002416,-0.003833,62.7011,0.002572,-0.002771,64.1856,-0.049136,-0.019136,0.0806,-0.002022,-0.008346,0.8625,-0.00087,-0.25885,-0.45008,0.90211,-0.45339,0.30060,0.01345,-0.25332,-0.39447,0.78691,-0.39468,0.29310,-0.00042,-0.00011,-0.01919,0.00287,-0.03924,4.37120,0.24596,-2.27787,0.16656,0.19075,-0.01371,-0.67897,-0.19339,0.15038,0.01186,0.01037,0.00523,0.00035,-0.00971,-0.00091,6.000,6.000,12.000,12.000,6.000,6.000,6.000,6.000,12.000,12.000,6.000,6.000,6.000,6.000,6.000,6.000
2.8050,0.00191,0.08942,0.46265,0.99980,-0.01991,0.00086,-0.00272,0.00862,0.06412,0.30155,0.30051,0.03965,0.06918,2,0.03500,0.03965,0.034687,-0.00002,-0.3366,-0.0002,-0.0168,0.2383,-0.3405,9.2647,-0.3424,0,0.04900,0.01900,0.0093,0.3165,0.008695,0.067244,-0.0704,1.5482,62.7144,0.0556,-0.3529,64.1994,-0.0412,0.0319,0.0683,-0.0565,0.1509,0.8487,0.002406,-0.003783,62.7110,0.002561,-0.002721,64.1994,-0.049160,-0.019160,0.0683,-0.001289,-0.008141,0.8487,-0.00087,-0.25899,-0.44987,0.90172,-0.45321,0.30088,0.01345,-0.25345,-0.39398,0.78591,-0.39418,0.29339,-0.00042,-0.00011,-0.01923,0.00286,-0.03706,4.37295,0.24273,-2.27950,0.16484,0.18759,-0.01481,-0.68087,-0.19058,0.15286,0.01307,0.01001,0.00519,0.00035,-0.00969,-0.00088,6.000,6.000,12.000,12.000,6.000,6.000,6.000,6.000,12.000,12.000,6.000,6.000,6.000,6.000,6.000,6.000
2.8100,0.00192,0.08954,0.46265,0.99980,-0.01999,0.00086,-0.00272,0.00862,0.06420,0.30155,0.30051,0.03982,0.06922,2,0.03500,0.03982,0.034687,-0.00002,-0.3361,-0.0002,-0.0169,0.2388,-0.3409,9.2864,-0.3424,0,0.04900,0.01900,0.0092,0.3159,0.008685,0.067294,-0.0777,1.5501,62.7240,0.0484,-0.3529,64.2129,-0.0340,0.0330,0.0562,-0.0494,0.1504,0.8352,0.002396,-0.003733,62.7206,0.002550,-0.002672,64.2129,-0.049194,-0.019195,0.0562,-0.000547,-0.007932,0.8352,-0.00086,-0.25914,-0.44967,0.90133,-0.45303,0.30116,0.01344,-0.25357,-0.39349,0.78492,-0.39367,0.29368,-0.00042,-0.00011,-0.01927,0.00286,-0.03493,4.37462,0.23958,-2.28107,0.16317,0.18443,-0.01588,-0.68270,-0.18785,0.15527,0.01425,0.00966,0.00515,0.00035,-0.00967,-0.00085,6.000,6.000,12.000,12.000,6.000,6.000,6.000,6.000,12.000,12.000,6.000,6.000,6.000,6.000,6.000,6.000
2.8150,0.00192,0.08965,0.46265,0.99979,-0.02007,0.00086,-0.00273,0.00862,0.06428,0.30155,0.30051,0.03998,0.06926,2,0.03500,0.03998,0.034687,-0.00002,-0.3356,-0.0002,-0.0169,0.2392,-0.3413,9.3078,-0.3426,0,0.04900,0.01900,0.0092,0.3157,0.008674,0.067344,-0.0835,1.5581,62.7309,0.0415,-0.3529,64.2260,-0.0284,0.0279,0.0468,-0.0424,0.1498,0.8220,0.002388,-0.003677,62.7276,0.002540,-0.002623,64.2260,-0.049233,-0.019234,0.0468,0.000200,-0.007721,0.8220,-0.00086,-0.25928,-0.44946,0.90095,-0.45285,0.30143,0.01344,-0.25370,-0.39301,0.78393,-0.39317,0.29397,-0.00042,-0.00011,-0.01931,0.00285,-0.03327,4.37375,0.23707,-2.28212,0.16184,0.18067,-0.01667,-0.68233,-0.18572,0.15722,0.01513,0.00957,0.00510,0.00035,-0.00964,-0.00083,6.000,6.000,12.000,12.000,6.000,6.000,6.000,6.000,12.000,12.000,6.000,6.000,6.000,6.000,6.000,6.000
2.8200,0.00193,0.08977,0.46265,0.99979,-0.02015,0.00086,-0.00273,0.00862,0.06435,0.30155,0.30051,0.04015,0.06929,2,0.03500,0.04015,0.034686,-0.00002,-0.3351,-0.0002,-0.0169,0.2396,-0.3416,9.3289,-0.3429,0,0.04900,0.01900,0.0090,0.3038,0.008666,0.067400,-0.0890,1.5662,62.7375,0.0361,-0.3465,64.2364,-0.0229,0.0225,0.0378,-0.0370,0.1432,0.8116,0.002381,-0.003620,62.7342,0.002532,-0.002568,64.2364,-0.049288,-0.019289,0.0378,0.000804,-0.007550,0.8116,-0.00086,-0.25943,-0.44926,0.90056,-0.45268,0.30170,0.01343,-0.25383,-0.39253,0.78295,-0.39268,0.29425,-0.00042,-0.00011,-0.01936,0.00285,-0.03168,4.37278,0.23465,-2.28310,0.16056,0.17689,-0.01742,-0.68187,-0.18368,0.15910,0.01598,0.00950,0.00505,0.00034,-0.00961,-0.00080,6.000,6.000,12.000,12.000,6.000,6.000,6.000,6.000,12.000,12.000,6.000,6.000,6.000,6.000,6.000,6.000
2.8250,0.00194,0.08988,0.46265,0.99979,-0.02023,0.00086,-0.00273,0.00862,0.06443,0.30155,0.30051,0.04031,0.06933,2,0.03500,0.04031,0.034686,-0.00002,-0.3346,-0.0002,-0.0169,0.2400,-0.3420,9.3497,-0.3434,0,0.04900,0.01900,0.0089,0.2913,0.008659,0.067456,-0.0945,1.5739,62.7439,0.0309,-0.3401,64.2465,-0.0176,0.0173,0.0291,-0.0318,0.1364,0.8014,0.002373,-0.003564,62.7407,0.002524,-0.002512,64.2465,-0.049374,-0.019376,0.0291,0.001401,-0.007381,0.8014,-0.00086,-0.25957,-0.44906,0.90019,-0.45250,0.30196,0.01342,-0.25395,-0.39205,0.78198,-0.39219,0.29453,-0.00042,-0.00011,-0.01940,0.00285,-0.03012,4.37184,0.23228,-2.28403,0.15931,0.17313,-0.01816,-0.68145,-0.18169,0.16094,0.01680,0.00943,0.00501,0.00034,-0.00958,-0.00078,6.000,6.000,12.000,12.000,6.000,6.000,6.000,6.000,12.000,12.000,6.000,6.000,6.000,6.000,6.000,6.000
2.8300,0.00194,0.09000,0.46265,0.99979,-0.02031,0.00086,-0.00273,0.00862,0.06451,0.30155,0.30051,0.04047,0.06937,2,0.03500,0.04047,0.034686,-0.00002,-0.3341,-0.0002,-0.0169,0.2404,-0.3423,9.3701,-0.3440,0,0.04900,0.01900,0.0087,0.2790,0.008651,0.067512,-0.0998,1.5814,62.7501,0.0259,-0.3340,64.2564,-0.0124,0.0122,0.0205,-0.0268,0.1297,0.7915,0.002367,-0.003508,62.7469,0.002516,-0.002457,64.2564,-0.049530,-0.019531,0.0205,0.002000,-0.007211,0.7915,-0.00085,-0.25970,-0.44886,0.89981,-0.45233,0.30222,0.01341,-0.25407,-0.39158,0.78102,-0.39170,0.29481,-0.00042,-0.00011,-0.01945,0.00284,-0.02860,4.37092,0.22997,-2.28492,0.15809,0.16939,-0.01887,-0.68106,-0.17975,0.16273,0.01759,0.00936,0.00496,0.00034,-0.00955,-0.00076,6.000,6.000,12.000,12.000,6.000,6.000,6.000,6.000,12.000,12.000,6.000,6.000,6.000,6.000,6.000,6.000
2.8350,0.00195,0.09011,0.46266,0.99979,-0.02039,0.00087,-0.00273,0.00862,0.06458,0.30156,0.30051,0.04063,0.06940,2,0.03500,0.04063,0.034686,-0.00002,-0.3336,-0.0002,-0.0169,0.2407,-0.3427,9.3902,-0.3446,0,0.04900,0.01900,0.0085,0.2669,0.008644,0.067568,-0.1049,1.5887,62.7562,0.0210,-0.3280,64.2659,-0.0074,0.0072,0.0122,-0.0219,0.1232,0.7819,0.002360,-0.003453,62.7530,0.002509,-0.002403,64.2659,-0.049890,-0.019894,0.0122,0.002600,-0.007042,0.7819,-0.00085,-0.25984,-0.44866,0.89944,-0.45216,0.30248,0.01340,-0.25419,-0.39111,0.78007,-0.39122,0.29508,-0.00042,-0.00011,-0.01949,0.00284,-0.02711,4.37002,0.22771,-2.28576,0.15691,0.16568,-0.01957,-0.68068,-0.17787,0.16448,0.01835,0.00929,0.00491,0.00033,-0.00951,-0.00075,6.000,6.000,12.000,12.000,6.000,6.000,6.000,6.000,12.000,12.000,6.000,6.000,6.000,6.000,6.000,6.000
2.8400,0.00195,0.09022,0.46266,0.99979,-0.02047,0.00087,-0.00273,0.00862,0.06466,0.30156,0.30051,0.04078,0.06943,2,0.03500,0.04078,0.034686,-0.00002,-0.3331,-0.0002,-0.0169,0.2411,-0.3430,9.4099,-0.3454,0,0.04900,0.01900,0.0084,0.2550,0.008637,0.067624,-0.1099,1.5957,62.7620,0.0162,-0.3222,64.2753,-0.0025,0.0024,0.0041,-0.0172,0.1169,0.7724,0.002353,-0.003397,62.7589,0.002501,-0.002348,64.2753,-0.051667,-0.021677,0.0041,0.003199,-0.006872,0.7724,-0.00085,-0.25997,-0.44847,0.89908,-0.45199,0.30274,0.01339,-0.25431,-0.39065,0.77912,-0.39074,0.29535,-0.00042,-0.00011,-0.01953,0.00284,-0.02566,4.36913,0.22552,-2.28656,0.15575,0.16198,-0.02024,-0.68033,-0.17604,0.16618,0.01909,0.00922,0.00486,0.00033,-0.00947,-0.00073,6.000,6.000,12.000,12.000,6.000,6.000,6.000,6.000,12.000,12.000,6.000,6.000,6.000,6.000,6.000,6.000
2.8450,0.00196,0.09033,0.46266,0.99978,-0.02054,0.00087,-0.00273,0.00862,0.06473,0.30156,0.30051,0.04094,0.06946,2,0.03500,0.04094,0.034686,-0.00002,-0.3327,-0.0002,-0.0170,0.2414,-0.3434,9.4294,-0.3463,0,0.04900,0.01900,0.0082,0.2434,0.008630,0.067679,-0.1125,1.6003,62.7639,0.0116,-0.3166,64.2844,-0.0000,0.0000,-0.0000,-0.0126,0.1107,0.7633,0.002350,-0.003333,62.7608,0.002494,-0.002294,64.2844,0.000000,0.000000,0.0000,0.003798,-0.006703,0.7633,-0.00085,-0.26011,-0.44827,0.89871,-0.45183,0.30299,0.01337,-0.25442,-0.39018,0.77819,-0.39027,0.29562,-0.00042,-0.00011,-0.01958,0.00284,-0.02489,4.36802,0.22431,-2.28640,0.15514,0.15778,-0.02055,-0.68032,-0.17511,0.16705,0.01939,0.00914,0.00481,0.00033,-0.00943,-0.00072,6.000,6.000,12.000,12.000,6.000,6.000,6.000,6.000,12.000,12.000,6.000,6.000,6.000,6.000,6.000,6.000
2.8500,0.00196,0.09043,0.46266,0.99978,-0.02062,0.00087,-0.00273,0.00862,0.06480,0.30156,0.30051,0.04110,0.06950,2,0.03500,0.04110,0.034686,-0.00002,-0.3322,-0.0002,-0.0170,0.2417,-0.3437,9.4484,-0.3472,0,0.04900,0.01900,0.0081,0.2362,0.008627,0.067743,-0.1126,1.6023,62.7617,0.0094,-0.3130,64.2896,-0.0000,0.0000,-0.0000,-0.0104,0.1069,0.7580,0.002350,-0.003259,62.7587,0.002491,-0.002231,64.2896,0.000000,0.000000,0.0000,0.004128,-0.006589,0.7580,-0.00085,-0.26024,-0.44808,0.89835,-0.45166,0.30323,0.01336,-0.25454,-0.38973,0.77726,-0.38980,0.29588,-0.00042,-0.00011,-0.01962,0.00284,-0.02486,4.36668,0.22411,-2.28529,0.15507,0.15306,-0.02050,-0.68064,-0.17509,0.16709,0.01925,0.00906,0.00476,0.00032,-0.00939,-0.00071,6.000,6.000,12.000,12.000,6.000,6.000,6.000,6.000,12.000,12.000,6.000,6.000,6.000,6.000,6.000,6.000
2.8550,0.00197,0.09054,0.46266,0.99978,-0.02070,0.00087,-0.00272,0.00862,0.06488,0.30156,0.30051,0.04125,0.06953,2,0.03500,0.04125,0.034686,-0.00002,-0.3318,-0.0002,-0.0170,0.2419,-0.3440,9.4668,-0.3480,0,0.04900,0.01900,0.0081,0.2334,0.008627,0.067815,-0.1127,1.6039,62.7596,0.0098,-0.3116,64.2909,-0.0000,0.0000,-0.0000,-0.0107,0.1054,0.7566,0.002350,-0.003185,62.7566,0.002490,-0.002159,64.2909,0.000000,0.000000,0.0000,0.004178,-0.006535,0.7566,-0.00084,-0.26037,-0.44789,0.89800,-0.45150,0.30347,0.01334,-0.25465,-0.38927,0.77634,-0.38933,0.29614,-0.00042,-0.00011,-0.01966,0.00284,-0.02488,4.36538,0.22392,-2.28417,0.15502,0.14839,-0.02045,-0.68095,-0.17507,0.16712,0.01910,0.00897,0.00472,0.00032,-0.00936,-0.00070,6.000,6.000,12.000,12.000,6.000,6.000,6.000,6.000,12.000,12.000,6.000,6.000,6.000,6.000,6.000,6.000
2.8600,0.00197,0.09065,0.46266,0.99978,-0.02077,0.00087,-0.00272,0.00862,0.06495,0.30156,0.30051,0.04140,0.06956,2,0.03500,0.04140,0.034686,-0.00002,-0.3313,-0.0002,-0.0170,0.2422,-0.3443,9.4847,-0.3486,0,0.04900,0.01900,0.0081,0.2306,0.008627,0.067887,-0.1128,1.6055,62.7575,0.0101,-0.3105,64.2921,-0.0000,0.0000,-0.0000,-0.0111,0.1039,0.7553,0.002350,-0.003113,62.7546,0.002490,-0.002088,64.2921,0.000000,0.000000,0.0000,0.004227,-0.006483,0.7553,-0.00084,-0.26049,-0.44771,0.89765,-0.45134,0.30371,0.01333,-0.25476,-0.38882,0.77542,-0.38887,0.29640,-0.00042,-0.00011,-0.01970,0.00284,-0.02493,4.36410,0.22374,-2.28306,0.15496,0.14380,-0.02039,-0.68125,-0.17506,0.16717,0.01896,0.00889,0.00468,0.00032,-0.00934,-0.00070,6.000,6.000,12.000,12.000,6.000,6.000,6.000,6.000,12.000,12.000,6.000,6.000,6.000,6.000,6.000,6.000
2.8650,0.00198,0.09075,0.46267,0.99978,-0.02084,0.00087,-0.00272,0.00862,0.06502,0.30157,0.30051,0.04155,0.06958,2,0.03500,0.04155,0.034685,-0.00002,-0.3309,-0.0002,-0.0170,0.2424,-0.3446,9.5022,-0.3492,0,0.04900,0.01900,0.0080,0.2278,0.008627,0.067958,-0.1130,1.6070,62.7554,0.0105,-0.3095,64.2934,-0.0000,0.0000,-0.0000,-0.0114,0.1024,0.7540,0.002350,-0.003042,62.7526,0.002490,-0.002018,64.2934,0.000000,0.000000,0.0000,0.004276,-0.006433,0.7540,-0.00084,-0.26062,-0.44752,0.89730,-0.45118,0.30394,0.01331,-0.25487,-0.38838,0.77452,-0.38842,0.29666,-0.00042,-0.00011,-0.01974,0.00284,-0.02501,4.36286,0.22356,-2.28196,0.15491,0.13929,-0.02033,-0.68154,-0.17505,0.16721,0.01881,0.00881,0.00465,0.00031,-0.00932,-0.00069,6.000,6.000,12.000,12.000,6.000,6.000,6.000,6.000,12.000,12.000,6.000,6.000,6.000,6.000,6.000,6.000
2.8700,0.00198,0.09085,0.46267,0.99978,-0.02092,0.00087,-0.00272,0.00862,0.06509,0.30157,0.30051,0.04170,0.06961,2,0.03500,0.04170,0.034685,-0.00002,-0.3305,-0.0002,-0.0171,0.2426,-0.3449,9.5194,-0.3498,0,0.04900,0.01900,0.0080,0.2251,0.008627,0.068028,-0.1131,1.6085,62.7535,0.0108,-0.3085,64.2946,-0.0000,0.0000,-0.0000,-0.0117,0.1010,0.7527,0.002350,-0.002972,62.7507,0.002489,-0.001949,64.2946,0.000000,0.000000,0.0000,0.004325,-0.006385,0.7527,-0.00084,-0.26074,-0.44734,0.89696,-0.45102,0.30417,0.01329,-0.25498,-0.38794,0.77362,-0.38797,0.29691,-0.00042,-0.00011,-0.01978,0.00284,-0.02510,4.36165,0.22339,-2.28088,0.15487,0.13485,-0.02026,-0.68182,-0.17504,0.16727,0.01866,0.00873,0.00463,0.00031,-0.00930,-0.00069,6.000,6.000,12.000,12.000,6.000,6.000,6.000,6.000,12.000,12.000,6.000,6.000,6.000,6.000,6.000,6.000
2.8750,0.00199,0.09095,0.46267,0.99978,-0.02099,0.00087,-0.00272,0.00862,0.06516,0.30157,0.30051,0.04184,0.06964,2,0.03500,0.04184,0.034685,-0.00002,-0.3301,-0.0002,-0.0171,0.2428,-0.3452,9.5361,-0.3502,0,0.04900,0.01900,0.0080,0.2224,0.008627,0.068096,-0.1133,1.6099,62.7515,0.0111,-0.3076,64.2958,-0.0000,0.0000,-0.0000,-0.0120,0.0995,0.7514,0.002350,-0.002903,62.7489,0.002489,-0.001881,64.2958,0.000000,0.000000,0.0000,0.004374,-0.006337,0.7514,-0.00084,-0.26086,-0.44716,0.89662,-0.45086,0.30439,0.01328,-0.25509,-0.38750,0.77274,-0.38752,0.29716,-0.00042,-0.00010,-0.01982,0.00284,-0.02520,4.36046,0.22322,-2.27980,0.15482,0.13049,-0.02020,-0.68210,-0.17503,0.16732,0.01852,0.00865,0.00460,0.00031,-0.00929,-0.00068,6.000,6.000,12.000,12.000,6.000,6.000,6.000,6.000,12.000,12.000,6.000,6.000,6.000,6.000,6.000,6.000
2.8800,0.00199,0.09105,0.46267,0.99977,-0.02106,0.00088,-0.00271,0.00862,0.06523,0.30157,0.30051,0.04199,0.06966,2,0.03500,0.04199,0.034685,-0.00002,-0.3297,-0.0002,-0.0171,0.2430,-0.3455,9.5525,-0.3506,0,0.04900,0.01900,0.0080,0.2198,0.008627,0.068164,-0.1134,1.6113,62.7496,0.0114,-0.3067,64.2970,-0.0000,0.0000,-0.0000,-0.0123,0.0981,0.7500,0.002349,-0.002835,62.7471,0.002489,-0.001814,64.2970,0.000000,0.000000,0.0000,0.004422,-0.006291,0.7500,-0.00084,-0.26098,-0.44698,0.89628,-0.45071,0.30461,0.01326,-0.25519,-0.38707,0.77186,-0.38708,0.29740,-0.00043,-0.00010,-0.01986,0.00284,-0.02530,4.35930,0.22305,-2.27874,0.15477,0.12618,-0.02013,-0.68238,-0.17503,0.16739,0.01837,0.00856,0.00458,0.00030,-0.00928,-0.00068,6.000,6.000,12.000,12.000,6.000,6.000,6.000,6.000,12.000,12.000,6.000,6.000,6.000,6.000,6.000,6.000
2.8850,0.00200,0.09115,0.46267,0.99977,-0.02113,0.00088,-0.00271,0.00862,0.06529,0.30157,0.30051,0.04213,0.06969,2,0.03500,0.04213,0.034685,-0.00001,-0.3293,-0.0002,-0.0171,0.2432,-0.3458,9.5686,-0.3509,0,0.04900,0.01900,0.0079,0.2171,0.008627,0.068231,-0.1136,1.6127,62.7478,0.0116,-0.3058,64.2982,-0.0000,0.0000,-0.0000,-0.0126,0.0967,0.7487,0.002349,-0.002768,62.7453,0.002488,-0.001748,64.2982,0.000000,0.000000,0.0000,0.004470,-0.006245,0.7487,-0.00084,-0.26110,-0.44681,0.89595,-0.45055,0.30482,0.01324,-0.25529,-0.38664,0.77099,-0.38664,0.29765,-0.00043,-0.00010,-0.01990,0.00284,-0.02541,4.35815,0.22289,-2.27769,0.15472,0.12193,-0.02007,-0.68266,-0.17503,0.16746,0.01822,0.00848,0.00456,0.00030,-0.00926,-0.00068,6.000,6.000,12.000,12.000,6.000,6.000,6.000,6.000,12.000,12.000,6.000,6.000,6.000,6.000,6.000,6.000
2.8900,0.00200,0.09125,0.46267,0.99977,-0.02120,0.00088,-0.00271,0.00862,0.06536,0.30157,0.30051,0.04227,0.06971,2,0.03500,0.04227,0.034685,-0.00001,-0.3289,-0.0002,-0.0171,0.2434,-0.3460,9.5843,-0.3512,0,0.04900,0.01900,0.0079,0.2146,0.008627,0.068298,-0.1137,1.6141,62.7460,0.0119,-0.3050,64.2994,-0.0000,0.0000,-0.0000,-0.0129,0.0953,0.7474,0.002349,-0.002701,62.7436,0.002488,-0.001682,64.2994,0.000000,0.000000,0.0000,0.004518,-0.006200,0.7474,-0.00084,-0.26121,-0.44663,0.89563,-0.45040,0.30503,0.01323,-0.25540,-0.38621,0.77013,-0.38621,0.29789,-0.00043,-0.00010,-0.01994,0.00284,-0.02553,4.35703,0.22273,-2.27665,0.15467,0.11773,-0.02000,-0.68293,-0.17503,0.16753,0.01807,0.00840,0.00454,0.00030,-0.00925,-0.00068,6.000,6.000,12.000,12.000,6.000,6.000,6.000,6.000,12.000,12.000,6.000,6.000,6.000,6.000,6.000,6.000
2.8950,0.00201,0.09135,0.46268,0.99977,-0.02127,0.00088,-0.00271,0.00862,0.06543,0.30158,0.30051,0.04241,0.06974,2,0.03500,0.04241,0.034685,-0.00001,-0.3284,-0.0002,-0.0172,0.2436,-0.3463,9.5997,-0.3515,0,0.04900,0.01900,0.0079,0.2120,0.008627,0.068363,-0.1138,1.6153,62.7443,0.0122,-0.3041,64.3006,-0.0000,0.0000,-0.0000,-0.0132,0.0940,0.7462,0.002349,-0.002635,62.7419,0.002488,-0.001618,64.3006,0.000000,0.000000,0.0000,0.004565,-0.006155,0.7462,-0.00084,-0.26132,-0.44646,0.89530,-0.45025,0.30524,0.01321,-0.25550,-0.38579,0.76927,-0.38578,0.29812,-0.00043,-0.00010,-0.01997,0.00284,-0.02564,4.35593,0.22257,-2.27562,0.15462,0.11357,-0.01993,-0.68321,-0.17503,0.16760,0.01792,0.00831,0.00452,0.00030,-0.00924,-0.00068,6.000,6.000,12.000,12.000,6.000,6.000,6.000,6.000,12.000,12.000,6.000,6.000,6.000,6.000,6.000,6.000
2.9000,0.00201,0.09144,0.46268,0.99977,-0.02134,0.00088,-0.00270,0.00862,0.06549,0.30158,0.30051,0.04255,0.06976,2,0.03500,0.04255,0.034685,-0.00001,-0.3280,-0.0002,-0.0172,0.2438,-0.3466,9.6148,-0.3517,0,0.04900,0.01900,0.0079,0.2095,0.008627,0.068428,-0.1139,1.6165,62.7426,0.0125,-0.3033,64.3018,-0.0000,0.0000,-0.0000,-0.0135,0.0926,0.7449,0.002348,-0.002570,62.7403,0.002487,-0.001553,64.3018,0.000000,0.000000,0.0000,0.004612,-0.006112,0.7449,-0.00084,-0.26144,-0.44629,0.89498,-0.45011,0.30544,0.01319,-0.25560,-0.38538,0.76843,-0.38535,0.29836,-0.00043,-0.00010,-0.02001,0.00284,-0.02576,4.35485,0.22241,-2.27460,0.15457,0.10946,-0.01986,-0.68348,-0.17504,0.16769,0.01778,0.00823,0.00450,0.00029,-0.00923,-0.00068,6.000,6.000,12.000,12.000,6.000,6.000,6.000,6.000,12.000,12.000,6.000,6.000,6.000,6.000,6.000,6.000
2.9050,0.00202,0.09154,0.46268,0.99977,-0.02141,0.00088,-0.00270,0.00862,0.06556,0.30158,0.30051,0.04269,0.06978,2,0.03500,0.04269,0.034685,-0.00001,-0.3276,-0.0002,-0.0172,0.2440,-0.3468,9.6296,-0.3519,0,0.04900,0.01900,0.0078,0.2070,0.008627,0.068493,-0.1141,1.6177,62.7410,0.0128,-0.3025,64.3030,-0.0000,0.0000,-0.0000,-0.0138,0.0913,0.7436,0.002348,-0.002505,62.7388,0.002487,-0.001490,64.3030,0.000000,0.000000,0.0000,0.004659,-0.006068,0.7436,-0.00084,-0.26155,-0.44613,0.89467,-0.44996,0.30564,0.01317,-0.25569,-0.38497,0.76760,-0.38493,0.29859,-0.00043,-0.00010,-0.02005,0.00284,-0.02587,4.35379,0.22226,-2.27359,0.15452,0.10539,-0.01980,-0.68375,-0.17505,0.16777,0.01763,0.00814,0.00449,0.00029,-0.00923,-0.00068,6.000,6.000,12.000,12.000,6.000,6.000,6.000,6.000,12.000,12.000,6.000,6.000,6.000,6.000,6.000,6.000
2.9100,0.00202,0.09163,0.46268,0.99977,-0.02148,0.00088,-0.00270,0.00862,0.06562,0.30158,0.30051,0.04283,0.06980,2,0.03500,0.04283,0.034685,-0.00001,-0.3272,-0.0002,-0.0172,0.2442,-0.3470,9.6440,-0.3520,0,0.04900,0.01900,0.0078,0.2046,0.008627,0.068556,-0.1142,1.6188,62.7394,0.0131,-0.3017,64.3042,-0.0000,0.0000,-0.0000,-0.0141,0.0900,0.7423,0.002348,-0.002441,62.7372,0.002486,-0.001427,64.3042,0.000000,0.000000,0.0000,0.004705,-0.006026,0.7423,-0.00084,-0.26165,-0.44596,0.89436,-0.44982,0.30584,0.01316,-0.25579,-0.38456,0.76677,-0.38452,0.29882,-0.00043,-0.00010,-0.02008,0.00284,-0.02599,4.35275,0.22211,-2.27259,0.15448,0.10137,-0.01973,-0.68401,-0.17506,0.16786,0.01748,0.00806,0.00447,0.00029,-0.00922,-0.00068,6.000,6.000,12.000,12.000,6.000,6.000,6.000,6.000,12.000,12.000,6.000,6.000,6.000,6.000,6.000,6.000
2.9150,0.00203,0.09172,0.46268,0.99976,-0.02154,0.00088,-0.00270,0.00862,0.06568,0.30158,0.30051,0.04296,0.06982,2,0.03500,0.04296,0.034685,-0.00001,-0.3268,-0.0002,-0.0172,0.2443,-0.3473,9.6580,-0.3521,0,0.04900,0.01900,0.0078,0.2022,0.008627,0.068620,-0.1143,1.6198,62.7378,0.0133,-0.3010,64.3054,-0.0000,0.0000,-0.0000,-0.0144,0.0887,0.7411,0.002347,-0.002377,62.7358,0.002486,-0.001365,64.3054,0.000000,0.000000,0.0000,0.004751,-0.005983,0.7411,-0.00084,-0.26176,-0.44580,0.89405,-0.44967,0.30603,0.01314,-0.25588,-0.38416,0.76596,-0.38411,0.29904,-0.00043,-0.00010,-0.02012,0.00285,-0.02611,4.35173,0.22196,-2.27160,0.15443,0.09739,-0.01966,-0.68428,-0.17508,0.16796,0.01733,0.00797,0.00446,0.00029,-0.00921,-0.00068,6.000,6.000,12.000,12.000,6.000,6.000,6.000,6.000,12.000,12.000,6.000,6.000,6.000,6.000,6.000,6.000
2.9200,0.00203,0.09181,0.46268,0.99976,-0.02161,0.00089,-0.00269,0.00862,0.06574,0.30158,0.30051,0.04309,0.06984,2,0.03500,0.04309,0.034685,-0.00001,-0.3264,-0.0002,-0.0173,0.2444,-0.3475,9.6718,-0.3522,0,0.04900,0.01900,0.0078,0.1998,0.008627,0.068682,-0.1144,1.6207,62.7363,0.0136,-0.3003,64.3066,-0.0000,0.0000,-0.0000,-0.0147,0.0875,0.7398,0.002347,-0.002314,62.7343,0.002485,-0.001303,64.3066,0.000000,0.000000,0.0000,0.004796,-0.005942,0.7398,-0.00084,-0.26187,-0.44564,0.89375,-0.44953,0.30622,0.01312,-0.25597,-0.38376,0.76515,-0.38370,0.29926,-0.00043,-0.00010,-0.02015,0.00285,-0.02623,4.35074,0.22181,-2.27062,0.15438,0.09346,-0.01960,-0.68454,-0.17509,0.16806,0.01717,0.00788,0.00445,0.00028,-0.00921,-0.00068,6.000,6.000,12.000,12.000,6.000,6.000,6.000,6.000,12.000,12.000,6.000,6.000,6.000,6.000,6.000,6.000
2.9250,0.00204,0.09190,0.46268,0.99976,-0.02167,0.00089,-0.00269,0.00862,0.06580,0.30159,0.30051,0.04322,0.06985,2,0.03500,0.04322,0.034685,-0.00001,-0.3260,-0.0002,-0.0173,0.2446,-0.3477,9.6851,-0.3523,0,0.04900,0.01900,0.0078,0.1975,0.008627,0.068744,-0.1145,1.6215,62.7349,0.0139,-0.2996,64.3078,-0.0000,0.0000,-0.0000,-0.0149,0.0862,0.7386,0.002347,-0.002252,62.7329,0.002485,-0.001242,64.3078,0.000000,0.000000,0.0000,0.004841,-0.005901,0.7386,-0.00084,-0.26197,-0.44548,0.89345,-0.44940,0.30641,0.01311,-0.25607,-0.38336,0.76435,-0.38330,0.29948,-0.00043,-0.00010,-0.02018,0.00285,-0.02635,4.34977,0.22166,-2.26965,0.15434,0.08958,-0.01953,-0.68480,-0.17511,0.16817,0.01702,0.00779,0.00443,0.00028,-0.00920,-0.00068,6.000,6.000,12.000,12.000,6.000,6.000,6.000,6.000,12.000,12.000,6.000,6.000,6.000,6.000,6.000,6.000
2.9300,0.00204,0.09199,0.46269,0.99976,-0.02174,0.00089,-0.00269,0.00862,0.06586,0.30159,0.30051,0.04335,0.06987,2,0.03500,0.04335,0.034684,-0.00001,-0.3256,-0.0002,-0.0173,0.2447,-0.3479,9.6981,-0.3524,0,0.04900,0.01900,0.0078,0.1952,0.008627,0.068805,-0.1146,1.6223,62.7334,0.0142,-0.2989,64.3089,-0.0000,0.0000,-0.0000,-0.0152,0.0850,0.7374,0.002347,-0.002191,62.7316,0.002485,-0.001182,64.3089,0.000000,0.000000,0.0000,0.004886,-0.005860,0.7374,-0.00084,-0.26207,-0.44532,0.89315,-0.44926,0.30659,0.01309,-0.25615,-0.38298,0.76356,-0.38291,0.29970,-0.00043,-0.00010,-0.02022,0.00285,-0.02646,4.34882,0.22151,-2.26869,0.15429,0.08575,-0.01947,-0.68506,-0.17513,0.16828,0.01687,0.00771,0.00442,0.00028,-0.00919,-0.00069,6.000,6.000,12.000,12.000,6.000,6.000,6.000,6.000,12.000,12.000,6.000,6.000,6.000,6.000,6.000,6.000
2.9350,0.00204,0.09208,0.46269,0.99976,-0.02180,0.00089,-0.00268,0.00862,0.06592,0.30159,0.30051,0.04348,0.06988,2,0.03500,0.04348,0.034684,-0.00001,-0.3252,-0.0002,-0.0173,0.2448,-0.3481,9.7108,-0.3524,0,0.04900,0.01900,0.0077,0.1930,0.008627,0.068865,-0.1147,1.6231,62.7321,0.0144,-0.2983,64.3101,-0.0000,0.0000,-0.0000,-0.0155,0.0838,0.7362,0.002346,-0.002130,62.7303,0.002484,-0.001122,64.3101,0.000000,0.000000,0.0000,0.004930,-0.005820,0.7362,-0.00084,-0.26217,-0.44517,0.89286,-0.44912,0.30678,0.01307,-0.25624,-0.38259,0.76279,-0.38251,0.29991,-0.00044,-0.00010,-0.02025,0.00285,-0.02658,4.34790,0.22136,-2.26774,0.15424,0.08197,-0.01940,-0.68531,-0.17516,0.16839,0.01671,0.00762,0.00441,0.00028,-0.00919,-0.00069,6.000,6.000,12.000,12.000,6.000,6.000,6.000,6.000,12.000,12.000,6.000,6.000,6.000,6.000,6.000,6.000
2.9400,0.00205,0.09216,0.46269,0.99976,-0.02186,0.00089,-0.00268,0.00862,0.06598,0.30159,0.30051,0.04361,0.06990,2,0.03500,0.04361,0.034684,-0.00001,-0.3248,-0.0002,-0.0173,0.2449,-0.3483,9.7231,-0.3525,0,0.04900,0.01900,0.0077,0.1908,0.008627,0.068924,-0.1148,1.6237,62.7308,0.0147,-0.2977,64.3112,-0.0000,0.0000,-0.0000,-0.0157,0.0826,0.7350,0.002346,-0.002070,62.7291,0.002484,-0.001064,64.3112,0.000000,0.000000,0.0000,0.004974,-0.005781,0.7350,-0.00084,-0.26227,-0.44501,0.89258,-0.44899,0.30695,0.01306,-0.25633,-0.38221,0.76202,-0.38213,0.30012,-0.00044,-0.00010,-0.02028,0.00285,-0.02670,4.34700,0.22122,-2.26680,0.15420,0.07824,-0.01934,-0.68557,-0.17519,0.16851,0.01656,0.00753,0.00440,0.00028,-0.00918,-0.00069,6.000,6.000,12.000,12.000,6.000,6.000,6.000,6.000,12.000,12.000,6.000,6.000,6.000,6.000,6.000,6.000
2.9450,0.00205,0.09225,0.46269,0.99976,-0.02192,0.00089,-0.00268,0.00862,0.06604,0.30159,0.30051,0.04373,0.06991,2,0.03500,0.04373,0.034684,-0.00001,-0.3245,-0.0002,-0.0173,0.2450,-0.3485,9.7350,-0.3525,0,0.04900,0.01900,0.0077,0.1886,0.008626,0.068983,-0.1149,1.6243,62.7295,0.0149,-0.2971,64.3124,-0.0000,0.0000,-0.0000,-0.0160,0.0815,0.7338,0.002346,-0.002011,62.7279,0.002484,-0.001006,64.3124,0.000000,0.000000,0.0000,0.005017,-0.005742,0.7338,-0.00084,-0.26236,-0.44486,0.89229,-0.44886,0.30713,0.01304,-0.25641,-0.38184,0.76126,-0.38175,0.30033,-0.00044,-0.00010,-0.02031,0.00285,-0.02682,4.34613,0.22107,-2.26587,0.15416,0.07455,-0.01928,-0.68582,-0.17522,0.16863,0.01640,0.00744,0.00439,0.00028,-0.00918,-0.00070,6.000,6.000,12.000,12.000,6.000,6.000,6.000,6.000,12.000,12.000,6.000,6.000,6.000,6.000,6.000,6.000
2.9500,0.00206,0.09233,0.46269,0.99975,-0.02198,0.00089,-0.00268,0.00862,0.06610,0.30159,0.30051,0.04385,0.06992,2,0.03500,0.04385,0.034684,-0.00001,-0.3241,-0.0002,-0.0173,0.2451,-0.3487,9.7466,-0.3526,0,0.04900,0.01900,0.0077,0.1865,0.008626,0.069041,-0.1150,1.6249,62.7283,0.0152,-0.2965,64.3135,-0.0000,0.0000,-0.0000,-0.0163,0.0803,0.7326,0.002346,-0.001953,62.7267,0.002483,-0.000949,64.3135,0.000000,0.000000,0.0000,0.005060,-0.005704,0.7326,-0.00084,-0.26246,-0.44472,0.89201,-0.44873,0.30730,0.01303,-0.25650,-0.38147,0.76051,-0.38137,0.30053,-0.00044,-0.00010,-0.02034,0.00285,-0.02693,4.34528,0.22093,-2.26495,0.15411,0.07093,-0.01922,-0.68607,-0.17525,0.16876,0.01625,0.00735,0.00438,0.00027,-0.00917,-0.00070,6.000,6.000,12.000,12.000,6.000,6.000,6.000,6.000,12.000,12.000,6.000,6.000,6.000,6.000,6.000,6.000
2.9550,0.00206,0.09241,0.46269,0.99975,-0.02204,0.00089,-0.00267,0.00862,0.06615,0.30159,0.30051,0.04397,0.06994,2,0.03500,0.04397,0.034684,-0.00001,-0.3237,-0.0002,-0.0174,0.2452,-0.3489,9.7578,-0.3526,0,0.04900,0.01900,0.0077,0.1844,0.008626,0.069098,-0.1150,1.6253,62.7271,0.0154,-0.2959,64.3146,-0.0000,0.0000,-0.0000,-0.0165,0.0792,0.7314,0.002346,-0.001896,62.7256,0.002483,-0.000893,64.3146,0.000000,0.000000,0.0000,0.005103,-0.005666,0.7314,-0.00084,-0.26255,-0.44457,0.89174,-0.44861,0.30747,0.01301,-0.25658,-0.38111,0.75977,-0.38100,0.30073,-0.00044,-0.00010,-0.02037,0.00285,-0.02704,4.34446,0.22079,-2.26404,0.15407,0.06735,-0.01916,-0.68631,-0.17528,0.16890,0.01609,0.00726,0.00437,0.00027,-0.00917,-0.00071,6.000,6.000,12.000,12.000,6.000,6.000,6.000,6.000,12.000,12.000,6.000,6.000,6.000,6.000,6.000,6.000
2.9600,0.00207,0.09249,0.46269,0.99975,-0.02210,0.00089,-0.00267,0.00862,0.06621,0.30160,0.30051,0.04409,0.06995,2,0.03500,0.04409,0.034684,-0.00001,-0.3233,-0.0002,-0.0174,0.2452,-0.3491,9.7687,-0.3526,0,0.04900,0.01900,0.0077,0.1824,0.008626,0.069154,-0.1151,1.6258,62.7260,0.0157,-0.2954,64.3157,-0.0000,0.0000,-0.0000,-0.0167,0.0781,0.7302,0.002346,-0.001839,62.7246,0.002482,-0.000837,64.3157,0.000000,0.000000,0.0000,0.005145,-0.005629,0.7302,-0.00084,-0.26264,-0.44443,0.89147,-0.44848,0.30764,0.01299,-0.25666,-0.38075,0.75904,-0.38063,0.30093,-0.00044,-0.00010,-0.02040,0.00285,-0.02716,4.34367,0.22064,-2.26314,0.15402,0.06383,-0.01910,-0.68655,-0.17532,0.16904,0.01593,0.00716,0.00436,0.00027,-0.00916,-0.00071,6.000,6.000,12.000,12.000,6.000,6.000,6.000,6.000,12.000,12.000,6.000,6.000,6.000,6.000,6.000,6.000
2.9650,0.00207,0.09257,0.46270,0.99975,-0.02216,0.00089,-0.00267,0.00862,0.06626,0.30160,0.30051,0.04421,0.06996,2,0.03500,0.04421,0.034684,-0.00001,-0.3230,-0.0002,-0.0174,0.2453,-0.3492,9.7792,-0.3526,0,0.04900,0.01900,0.0077,0.1804,0.008626,0.069209,-0.1152,1.6261,62.7249,0.0159,-0.2949,64.3168,-0.0000,0.0000,-0.0000,-0.0170,0.0770,0.7291,0.002345,-0.001784,62.7236,0.002482,-0.000783,64.3168,0.000000,0.000000,0.0000,0.005186,-0.005593,0.7291,-0.00083,-0.26273,-0.44428,0.89120,-0.44836,0.30781,0.01298,-0.25674,-0.38039,0.75832,-0.38027,0.30112,-0.00044,-0.00010,-0.02043,0.00285,-0.02727,4.34290,0.22050,-2.26225,0.15398,0.06036,-0.01904,-0.68679,-0.17536,0.16918,0.01577,0.00707,0.00435,0.00027,-0.00916,-0.00071,6.000,6.000,12.000,12.000,6.000,6.000,6.000,6.000,12.000,12.000,6.000,6.000,6.000,6.000,6.000,6.000
2.9700,0.00207,0.09265,0.46270,0.99975,-0.02222,0.00090,-0.00267,0.00862,0.06632,0.30160,0.30051,0.04433,0.06996,2,0.03500,0.04433,0.034684,-0.00001,-0.3226,-0.0002,-0.0174,0.2453,-0.3494,9.7893,-0.3527,0,0.04900,0.01900,0.0076,0.1784,0.008626,0.069264,-0.1153,1.6264,62.7239,0.0161,-0.2943,64.3179,-0.0000,0.0000,-0.0000,-0.0172,0.0760,0.7279,0.002345,-0.001729,62.7227,0.002482,-0.000729,64.3179,0.000000,0.000000,0.0000,0.005227,-0.005557,0.7279,-0.00083,-0.26282,-0.44414,0.89094,-0.44824,0.30797,0.01296,-0.25681,-0.38004,0.75761,-0.37991,0.30131,-0.00044,-0.00010,-0.02046,0.00285,-0.02738,4.34216,0.22036,-2.26138,0.15394,0.05695,-0.01898,-0.68703,-0.17540,0.16933,0.01561,0.00698,0.00434,0.00027,-0.00915,-0.00072,6.000,6.000,12.000,12.000,6.000,6.000,6.000,6.000,12.000,12.000,6.000,6.000,6.000,6.000,6.000,6.000
2.9750,0.00208,0.09273,0.46270,0.99975,-0.02227,0.00090,-0.00267,0.00862,0.06637,0.30160,0.30051,0.04444,0.06997,2,0.03500,0.04444,0.034684,-0.00001,-0.3222,-0.0002,-0.0174,0.2454,-0.3495,9.7991,-0.3527,0,0.04900,0.01900,0.0076,0.1765,0.008626,0.069317,-0.1154,1.6267,62.7230,0.0164,-0.2938,64.3189,-0.0000,0.0000,-0.0000,-0.0174,0.0749,0.7268,0.002345,-0.001675,62.7218,0.002482,-0.000676,64.3189,0.000000,0.000000,0.0000,0.005267,-0.005521,0.7268,-0.00083,-0.26290,-0.44401,0.89068,-0.44812,0.30813,0.01295,-0.25689,-0.37970,0.75691,-0.37956,0.30150,-0.00044,-0.00010,-0.02049,0.00285,-0.02749,4.34144,0.22022,-2.26052,0.15389,0.05359,-0.01893,-0.68726,-0.17545,0.16948,0.01545,0.00689,0.00434,0.00027,-0.00915,-0.00072,6.000,6.000,12.000,12.000,6.000,6.000,6.000,6.000,12.000,12.000,6.000,6.000,6.000,6.000,6.000,6.000
2.9800,0.00208,0.09281,0.46270,0.99975,-0.02233,0.00090,-0.00266,0.00862,0.06642,0.30160,0.30051,0.04455,0.06998,2,0.03500,0.04455,0.034684,-0.00001,-0.3219,-0.0002,-0.0174,0.2454,-0.3497,9.8084,-0.3527,0,0.04900,0.01900,0.0076,0.1746,0.008626,0.069370,-0.1155,1.6269,62.7220,0.0166,-0.2934,64.3200,-0.0000,0.0000,-0.0000,-0.0177,0.0739,0.7257,0.002345,-0.001622,62.7209,0.002481,-0.000624,64.3200,0.000000,0.000000,0.0000,0.005307,-0.005487,0.7257,-0.00083,-0.26299,-0.44387,0.89043,-0.44800,0.30828,0.01293,-0.25696,-0.37936,0.75623,-0.37921,0.30168,-0.00044,-0.00010,-0.02051,0.00285,-0.02759,4.34075,0.22008,-2.25966,0.15385,0.05029,-0.01887,-0.68750,-0.17549,0.16963,0.01528,0.00680,0.00433,0.00027,-0.00914,-0.00073,6.000,6.000,12.000,12.000,6.000,6.000,6.000,6.000,12.000,12.000,6.000,6.000,6.000,6.000,6.000,6.000
2.9850,0.00209,0.09288,0.46270,0.99975,-0.02238,0.00090,-0.00266,0.00862,0.06647,0.30160,0.30051,0.04467,0.06998,2,0.03500,0.04467,0.034684,-0.00001,-0.3215,-0.0002,-0.0174,0.2454,-0.3498,9.8174,-0.3526,0,0.04900,0.01900,0.0076,0.1727,0.008626,0.069422,-0.1155,1.6270,62.7212,0.0168,-0.2929,64.3210,-0.0000,0.0000,-0.0000,-0.0179,0.0729,0.7245,0.002345,-0.001569,62.7201,0.002481,-0.000573,64.3210,0.000000,0.000000,0.0000,0.005346,-0.005452,0.7245,-0.00083,-0.26307,-0.44374,0.89018,-0.44789,0.30843,0.01292,-0.25703,-0.37902,0.75555,-0.37887,0.30186,-0.00044,-0.00010,-0.02054,0.00285,-0.02770,4.34009,0.21994,-2.25882,0.15381,0.04704,-0.01882,-0.68772,-0.17554,0.16980,0.01512,0.00670,0.00432,0.00027,-0.00914,-0.00073,6.000,6.000,12.000,12.000,6.000,6.000,6.000,6.000,12.000,12.000,6.000,6.000,6.000,6.000,6.000,6.000
2.9900,0.00209,0.09295,0.46270,0.99974,-0.02244,0.00090,-0.00266,0.00862,0.06652,0.30160,0.30051,0.04477,0.06999,2,0.03500,0.04477,0.034684,-0.00001,-0.3211,-0.0002,-0.0174,0.2454,-0.3499,9.8261,-0.3526,0,0.04900,0.01900,0.0076,0.1709,0.008626,0.069473,-0.1156,1.6271,62.7204,0.0170,-0.2924,64.3221,-0.0000,0.0000,-0.0000,-0.0181,0.0719,0.7234,0.002345,-0.001518,62.7194,0.002481,-0.000523,64.3221,0.000000,0.000000,0.0000,0.005385,-0.005419,0.7234,-0.00083,-0.26315,-0.44361,0.88994,-0.44778,0.30859,0.01290,-0.25710,-0.37869,0.75488,-0.37853,0.30204,-0.00044,-0.00009,-0.02057,0.00285,-0.02780,4.33945,0.21981,-2.25799,0.15377,0.04385,-0.01876,-0.68795,-0.17560,0.16996,0.01496,0.00661,0.00431,0.00026,-0.00913,-0.00074,6.000,6.000,12.000,12.000,6.000,6.000,6.000,6.000,12.000,12.000,6.000,6.000,6.000,6.000,6.000,6.000
2.9950,0.00209,0.09303,0.46270,0.99974,-0.02249,0.00090,-0.00266,0.00862,0.06657,0.30160,0.30051,0.04488,0.06999,2,0.03500,0.04488,0.034684,-0.00001,-0.3208,-0.0002,-0.0174,0.2454,-0.3500,9.8344,-0.3526,0,0.04900,0.01900,0.0076,0.1692,0.008626,0.069523,-0.1157,1.6271,62.7196,0.0173,-0.2920,64.3231,-0.0000,0.0000,-0.0000,-0.0183,0.0710,0.7223,0.002345,-0.001468,62.7187,0.002480,-0.000473,64.3231,0.000000,0.000000,0.0000,0.005423,-0.005386,0.7223,-0.00083,-0.26323,-0.44348,0.88970,-0.44767,0.30873,0.01289,-0.25717,-0.37837,0.75422,-0.37820,0.30221,-0.00045,-0.00009,-0.02059,0.00285,-0.02790,4.33885,0.21967,-2.25717,0.15372,0.04071,-0.01871,-0.68817,-0.17565,0.17013,0.01479,0.00652,0.00431,0.00026,-0.00913,-0.00074,6.000,6.000,12.000,12.000,6.000,6.000,6.000,6.000,12.000,12.000,6.000,6.000,6.000,6.000,6.000,6.000
3.0000,0.00210,0.09310,0.46270,0.99974,-0.02254,0.00090,-0.00265,0.00862,0.06662,0.30161,0.30051,0.04499,0.06999,1,0.03500,0.04499,0.034684,-0.00001,-0.3204,-0.0002,-0.0175,0.2454,-0.3501,9.8423,-0.3525,1,0.04900,0.01900,0.0076,0.1674,0.008626,0.069572,-0.0000,0.0000,0.0000,0.0175,-0.2915,64.3241,0.0000,0.0000,0.0000,-0.0185,0.0700,0.7212,0.000000,0.000000,0.0000,0.002480,-0.000425,64.3241,0.000000,0.000000,0.0000,0.005460,-0.005353,0.7212,-0.00083,-0.26330,-0.44335,0.88946,-0.44756,0.30888,0.01288,-0.25724,-0.37805,0.75357,-0.37788,0.30239,-0.00045,-0.00009,-0.02062,0.00285,-0.02790,4.33885,0.21967,-2.25717,0.15372,0.04071,-0.01871,-0.68817,-0.17565,0.17013,0.01479,0.00652,0.00431,0.00026,-0.00913,-0.00074,6.000,6.000,12.000,12.000,6.000,6.000,6.000,6.000,12.000,12.000,6.000,6.000,6.000,6.000,6.000,6.000
3.0050,0.00210,0.09317,0.46271,0.99974,-0.02259,0.00090,-0.00265,0.00862,0.06667,0.30161,0.30051,0.04509,0.07000,1,0.03500,0.04509,0.034684,-0.00000,-0.3201,-0.0002,-0.0174,0.2449,-0.3512,9.8484,-0.3512,1,0.04900,0.01900,0.0073,0.1670,0.008626,0.069569,-0.0000,0.0000,0.0000,0.0172,-0.2815,64.3361,0.0000,0.0000,0.0000,-0.0199,0.0696,0.7222,0.000000,0.000000,0.0000,0.002480,-0.000429,64.3361,0.000000,0.000000,0.0000,0.005729,-0.005440,0.7222,-0.00083,-0.26338,-0.44322,0.88922,-0.44745,0.30903,0.01286,-0.25731,-0.37773,0.75293,-0.37755,0.30255,-0.00045,-0.00009,-0.02064,0.00285,-0.02790,4.33885,0.21967,-2.25717,0.15372,0.04071,-0.01871,-0.68817,-0.17565,0.17013,0.01479,0.00652,0.00431,0.00026,-0.00913,-0.00074,6.000,6.000,12.000,12.000,6.000,6.000,6.000,6.000,12.000,12.000,6.000,6.000,6.000,6.000,6.000,6.000
3.0100,0.00210,0.09323,0.46271,0.99974,-0.02264,0.00090,-0.00265,0.00862,0.06671,0.30161,0.30051,0.04520,0.07000,1,0.03500,0.04520,0.034684,-0.00000,-0.3199,-0.0002,-0.0172,0.2440,-0.3529,9.8532,-0.3490,1,0.04900,0.01900,0.0070,0.1659,0.008625,0.069567,-0.0000,0.0000,0.0000,0.0170,-0.2714,64.3468,0.0000,0.0000,0.0000,-0.0211,0.0687,0.7219,0.000000,0.000000,0.0000,0.002480,-0.000432,64.3468,0.000000,0.000000,0.0000,0.005970,-0.005509,0.7219,-0.00083,-0.26346,-0.44310,0.88898,-0.44734,0.30917,0.01285,-0.25737,-0.37742,0.75230,-0.37723,0.30272,-0.00045,-0.00009,-0.02066,0.00285,-0.02790,4.33885,0.21967,-2.25717,0.15372,0.04071,-0.01871,-0.68817,-0.17565,0.17013,0.01479,0.00652,0.00431,0.00026,-0.00913,-0.00074,6.000,6.000,12.000,12.000,6.000,6.000,6.000,6.000,12.000,12.000,6.000,6.000,6.000,6.000,6.000,6.000
3.0150,0.00211,0.09330,0.46271,0.99974,-0.02269,0.00090,-0.00265,0.00862,0.06676,0.30161,0.30051,0.04530,0.07000,1,0.03500,0.04530,0.034684,-0.00000,-0.3196,-0.0002,-0.0169,0.2428,-0.3553,9.8569,-0.3464,1,0.04900,0.01900,0.0068,0.1642,0.008624,0.069564,-0.0000,0.0000,0.0000,0.0171,-0.2614,64.3566,0.0000,0.0000,0.0000,-0.0223,0.0674,0.7203,0.000000,0.000000,0.0000,0.002479,-0.000435,64.3566,0.000000,0.000000,0.0000,0.006188,-0.005563,0.7203,-0.00083,-0.26353,-0.44297,0.88874,-0.44723,0.30932,0.01283,-0.25744,-0.37711,0.75167,-0.37692,0.30288,-0.00045,-0.00009,-0.02069,0.00285,-0.02790,4.33885,0.21967,-2.25717,0.15372,0.04071,-0.01871,-0.68817,-0.17565,0.17013,0.01479,0.00652,0.00431,0.00026,-0.00913,-0.00074,6.000,6.000,12.000,12.000,6.000,6.000,6.000,6.000,12.000,12.000,6.000,6.000,6.000,6.000,6.000,6.000
3.0200,0.00211,0.09337,0.46271,0.99974,-0.02274,0.00090,-0.00265,0.00862,0.06680,0.30161,0.30051,0.04540,0.07000,1,0.03500,0.04540,0.034684,-0.00000,-0.3193,-0.0002,-0.0165,0.2412,-0.3581,9.8598,-0.3435,1,0.04900,0.01900,0.0065,0.1621,0.008623,0.069561,-0.0000,0.0000,0.0000,0.0172,-0.2516,64.3658,0.0000,0.0000,0.0000,-0.0234,0.0657,0.7177,0.000000,0.000000,0.0000,0.002477,-0.000439,64.3658,0.000000,0.000000,0.0000,0.006386,-0.005606,0.7177,-0.00083,-0.26361,-0.44283,0.88850,-0.44712,0.30947,0.01282,-0.25750,-0.37680,0.75104,-0.37660,0.30304,-0.00045,-0.00009,-0.02071,0.00285,-0.02790,4.33885,0.21967,-2.25717,0.15372,0.04071,-0.01871,-0.68817,-0.17565,0.17013,0.01479,0.00652,0.00431,0.00026,-0.00913,-0.00074,6.000,6.000,12.000,12.000,6.000,6.000,6.000,6.000,12.000,12.000,6.000,6.000,6.000,6.000,6.000,6.000
3.0250,0.00211,0.09343,0.46271,0.99974,-0.02279,0.00090,-0.00265,0.00862,0.06685,0.30161,0.30051,0.04549,0.07000,1,0.03500,0.04549,0.034684,-0.00000,-0.3190,-0.0002,-0.0161,0.2392,-0.3614,9.8619,-0.3406,1,0.04900,0.01900,0.0063,0.1595,0.008621,0.069558,-0.0000,0.0000,0.0000,0.0174,-0.2418,64.3745,0.0000,0.0000,0.0000,-0.0244,0.0638,0.7143,0.000000,0.000000,0.0000,0.002475,-0.000443,64.3745,0.000000,0.000000,0.0000,0.006566,-0.005638,0.7143,-0.00083,-0.26368,-0.44270,0.88825,-0.44700,0.30963,0.01281,-0.25757,-0.37649,0.75042,-0.37629,0.30320,-0.00045,-0.00009,-0.02073,0.00285,-0.02790,4.33885,0.21967,-2.25717,0.15372,0.04071,-0.01871,-0.68817,-0.17565,0.17013,0.01479,0.00652,0.00431,0.00026,-0.00913,-0.00074,6.000,6.000,12.000,12.000,6.000,6.000,6.000,6.000,12.000,12.000,6.000,6.000,6.000,6.000,6.000,6.000
3.0300,0.00212,0.09350,0.46272,0.99974,-0.02283,0.00090,-0.00264,0.00862,0.06689,0.30162,0.30051,0.04559,0.07000,1,0.03500,0.04559,0.034684,-0.00000,-0.3187,-0.0002,-0.0157,0.2370,-0.3650,9.8634,-0.3377,1,0.04900,0.01900,0.0060,0.1565,0.008619,0.069554,-0.0000,0.0000,0.0000,0.0177,-0.2322,64.3830,0.0000,0.0000,0.0000,-0.0254,0.0617,0.7102,0.000000,0.000000,0.0000,0.002473,-0.000447,64.3830,0.000000,0.000000,0.0000,0.006730,-0.005661,0.7102,-0.00083,-0.26376,-0.44256,0.88799,-0.44689,0.30978,0.01279,-0.25763,-0.37618,0.74979,-0.37598,0.30336,-0.00045,-0.00009,-0.02075,0.00285,-0.02790,4.33885,0.21967,-2.25717,0.15372,0.04071,-0.01871,-0.68817,-0.17565,0.17013,0.01479,0.00652,0.00431,0.00026,-0.00913,-0.00074,6.000,6.000,12.000,12.000,6.000,6.000,6.000,6.000,12.000,12.000,6.000,6.000,6.000,6.000,6.000,6.000
3.0350,0.00212,0.09356,0.46272,0.99973,-0.02288,0.00090,-0.00264,0.00862,0.06693,0.30162,0.30051,0.04568,0.07000,1,0.03500,0.04568,0.034684,-0.00000,-0.3184,-0.0002,-0.0152,0.2345,-0.3689,9.8641,-0.3349,1,0.04900,0.01900,0.0058,0.1533,0.008616,0.069551,-0.0000,0.0000,0.0000,0.0180,-0.2227,64.3914,0.0000,0.0000,0.0000,-0.0263,0.0593,0.7054,0.000000,0.000000,0.0000,0.002471,-0.000451,64.3914,0.000000,0.000000,0.0000,0.006881,-0.005676,0.7054,-0.00083,-0.26383,-0.44242,0.88773,-0.44677,0.30994,0.01278,-0.25770,-0.37587,0.74917,-0.37567,0.30351,-0.00045,-0.00009,-0.02077,0.00285,-0.02790,4.33885,0.21967,-2.25717,0.15372,0.04071,-0.01871,-0.68817,-0.17565,0.17013,0.01479,0.00652,0.00431,0.00026,-0.00913,-0.00074,6.000,6.000,12.000,12.000,6.000,6.000,6.000,6.000,12.000,12.000,6.000,6.000,6.000,6.000,6.000,6.000
3.0400,0.00212,0.09350,0.46238,0.99971,-0.02378,0.00205,-0.00295,0.00862,0.06698,0.30162,0.30051,0.04577,0.07000,1,0.03633,0.04577,0.035685,0.30976,-0.3181,-0.0002,-0.0146,0.2317,-0.3731,9.8643,-0.3324,1,0.04900,0.01900,0.0055,0.1498,0.008614,0.069547,-0.0000,0.0000,0.0000,0.0184,-0.2134,64.3997,0.0000,0.0000,0.0000,-0.0272,0.0567,0.7001,0.000000,0.000000,0.0000,0.002468,-0.000456,64.3997,0.000000,0.000000,0.0000,0.007020,-0.005683,0.7001,-0.00228,-0.25818,-0.46508,0.92792,-0.46634,0.26755,0.00347,-0.25180,-0.40339,0.79821,-0.40845,0.24551,-0.00126,0.00118,-0.02114,0.00133,0.00030,3.25623,-1.88834,3.53797,-1.59708,-4.71134,-0.19701,3.15961,-2.92348,5.72147,-2.73959,-4.61385,0.00757,0.00142,0.31109,-0.04347,6.000,6.000,12.000,12.000,6.000,6.000,6.000,6.000,12.000,12.000,6.000,6.000,6.000,6.000,6.000,6.000
3.0450,0.00190,0.09360,0.46262,0.99969,-0.02448,0.00005,-0.00482,0.00865,0.06711,0.30167,0.30051,0.04757,0.07125,1,0.03643,0.04757,0.035431,-0.22051,-0.7684,-0.0012,-3.2410,-0.3276,5.1248,32.1405,-28.8521,1,0.04900,0.01900,1.1387,0.9617,0.054985,0.088546,-17.8857,1.1956,29.8439,-0.3094,12.3481,18.0821,0.0000,0.0000,0.0000,2.3063,9.1874,16.4195,0.049000,0.019000,29.8536,0.049000,0.018999,18.0821,0.000000,0.000000,0.0000,-0.049000,0.018998,16.4195,-0.00470,-0.25794,-0.45652,0.91646,-0.44123,0.31770,0.04765,-0.25017,-0.38691,0.79283,-0.36681,0.29097,0.00050,-0.00267,-0.02344,0.01248,0.85831,-0.46076,8.49891,-7.16025,6.00000,5.98585,5.48161,-0.73168,7.59772,-5.25092,6.00000,6.00000,0.47787,-0.75472,0.51100,0.86815,6.000,6.000,12.000,12.000,6.000,6.000,6.000,6.000,12.000,12.000,6.000,6.000,6.000,6.000,6.000,6.000
3.0500,0.00178,0.09363,0.46195,0.99962,-0.02704,0.00147,-0.00550,0.00871,0.06715,0.30180,0.30051,0.04896,0.07064,1,0.03896,0.04896,0.037620,0.83939,-2.5074,-0.0009,-2.8499,4.4980,-9.1033,14.3542,70.2332,1,0.04900,0.01900,0.4772,0.3263,0.053514,0.051057,-0.0000,0.0000,0.0000,-49.5824,31.3619,204.9288,0.0000,0.0000,0.0000,-32.8179,-18.9077,193.4948,0.000000,0.000000,0.0000,0.048995,-0.018997,204.9288,0.000000,0.000000,0.0000,0.048993,-0.014428,193.4948,-0.01135,-0.25338,-0.49308,0.98407,-0.49596,0.28206,0.03281,-0.24011,-0.43211,0.87094,-0.40489,0.25175,-0.00867,0.01319,-0.01433,-0.02792,1.04460,5.33570,-11.62633,12.00000,-6.00000,-6.00000,-6.00000,4.61075,-12.00000,12.00000,-6.00000,-6.00000,-0.78998,1.78380,1.58641,-6.00000,6.000,6.000,12.000,12.000,6.000,6.000,6.000,6.000,12.000,12.000,6.000,6.000,6.000,6.000,6.000,6.000
3.0550,0.00193,0.09356,0.46075,0.99949,-0.03085,0.00484,-0.00712,0.00876,0.06704,0.30192,0.30051,0.05410,0.07064,1,0.04264,0.05410,0.039671,0.16713,9.9627,-0.0031,13.5658,6.8960,19.7012,73.1415,-76.1867,0,0.04900,0.01900,0.0000,0.0000,0.000000,0.000000,90.0437,44.5238,148.7505,0.0000,0.0000,0.0000,0.0000,0.0000,0.0000,0.0000,0.0000,0.0000,-0.049004,-0.019004,149.6405,0.000000,0.000000,0.0000,0.000000,0.000000,0.0000,0.000000,0.000000,0.0000,-0.01394,-0.24317,-0.53298,1.06307,-0.58446,0.24034,-0.01010,-0.22069,-0.51249,0.98362,-0.46635,0.18391,-0.01955,0.03390,0.00496,-0.05860,-1.48177,2.39792,12.00060,-0.37773,-1.67567,0.87877,2.78342,4.15793,-12.00059,-3.90695,-1.93292,-0.64565,-0.54158,0.66126,5.72004,0.00761,6.000,6.000,12.000,12.000,6.000,6.000,6.000,6.000,12.000,12.000,6.000,6.000,6.000,6.000,6.000,6.000
3.0600,0.00210,0.09350,0.45989,0.99932,-0.03452,0.00651,-0.01092,0.00882,0.06693,0.30181,0.30051,0.06178,0.07122,1,0.04544,0.06178,0.038828,-0.25940,-1.6055,-0.0052,4.6491,5.0746,12.5718,72.3816,-43.5263,0,0.04900,0.01900,0.0000,0.0000,0.000000,0.000000,30.8234,33.6449,148.3917,0.0000,0.0000,0.0000,0.0000,0.0000,0.0000,0.0000,0.0000,0.0000,-0.016136,0.019004,148.8292,0.000000,0.000000,0.0000,0.000000,0.000000,0.0000,0.000000,0.000000,0.0000,-0.01897,-0.23167,-0.53691,1.07733,-0.62265,0.18224,-0.03665,-0.19821,-0.57543,1.06262,-0.50048,0.14552,-0.02854,0.05074,0.02636,-0.07569,-6.00059,0.04567,6.94452,-2.90647,1.19210,-3.93178,1.20671,5.98259,-6.01341,-1.28320,-1.33161,-0.61807,-0.16200,0.47155,0.27427,-0.73559,6.000,6.000,12.000,12.000,6.000,6.000,6.000,6.000,12.000,12.000,6.000,6.000,6.000,6.000,6.000,6.000
3.0650,0.00211,0.09346,0.45932,0.99913,-0.03797,0.00670,-0.01584,0.00892,0.06682,0.30150,0.30051,0.06920,0.07123,1,0.04759,0.06920,0.037316,-0.31168,13.8271,-0.0043,2.9845,3.9338,9.4156,71.2990,-18.5232,0,0.04900,0.01900,0.9636,0.0000,-0.041275,0.086696,19.7876,26.0808,127.4655,78.8427,8.4935,137.1860,0.0000,0.0000,0.0000,0.0000,0.0000,0.0000,0.025148,0.019011,128.1194,-0.048952,0.018916,137.1860,0.000000,0.000000,0.0000,0.000000,0.000000,0.0000,-0.03061,-0.22117,-0.54393,1.07312,-0.57455,0.12015,-0.05488,-0.17371,-0.62504,1.11982,-0.52454,0.11692,-0.03690,0.06517,0.04265,-0.08345,-6.00152,1.54611,7.32784,1.01786,6.00151,-3.22270,0.54950,2.38309,-4.15961,-0.94514,-1.16155,-0.68443,0.61370,0.52377,-0.14534,-0.44001,6.000,6.000,12.000,12.000,6.000,6.000,6.000,6.000,12.000,12.000,6.000,6.000,6.000,6.000,6.000,6.000
3.0700,0.00197,0.09343,0.45891,0.99892,-0.04120,0.00575,-0.02061,0.00925,0.06672,0.30131,0.30051,0.07617,0.07082,1,0.04925,0.07617,0.035892,-0.19893,19.0436,-0.0028,-5.8896,3.4165,5.4590,70.4694,7.0014,0,0.04900,0.01900,1.1669,0.0000,-0.043074,0.085672,-39.0479,22.6513,101.2338,59.2184,0.0000,84.5978,0.0000,0.0000,0.0000,0.0000,0.0000,0.0000,0.051980,0.021991,104.5648,-0.048965,0.018813,84.5978,0.000000,0.000000,0.0000,0.000000,0.000000,0.0000,-0.04521,-0.21131,-0.55450,1.06351,-0.48618,0.06467,-0.06867,-0.14924,-0.66136,1.16161,-0.54425,0.09158,-0.04496,0.07836,0.05386,-0.08485,-4.20303,2.38398,-0.54392,-3.20162,3.98434,-2.71229,-0.83081,-0.46113,1.75831,1.56584,-0.29068,-0.73477,0.78168,0.45430,-1.16033,-0.31449,6.000,6.000,12.000,12.000,6.000,6.000,6.000,6.000,12.000,12.000,6.000,6.000,6.000,6.000,6.000,6.000
3.0750,0.00179,0.09341,0.45869,0.99874,-0.04387,0.00450,-0.02405,0.00973,0.06664,0.30120,0.30051,0.08264,0.07042,1,0.05051,0.08264,0.035304,-0.06732,14.7604,-0.0014,-9.5623,2.4393,1.6978,65.7136,18.6962,0,0.04900,0.01900,0.3657,0.0000,0.035836,0.077968,-46.9485,16.8366,85.2269,-14.6022,23.0485,124.3626,0.0000,0.0000,0.0000,0.0000,0.0000,0.0000,0.049007,0.019006,84.4646,0.032572,0.018612,124.3626,0.000000,0.000000,0.0000,0.000000,0.000000,0.0000,-0.05747,-0.20333,-0.56312,1.06209,-0.42906,0.03304,-0.08143,-0.12728,-0.68611,1.19130,-0.56111,0.06758,-0.05236,0.09065,0.06143,-0.08212,-2.54835,3.78036,-3.14313,-5.17929,1.24010,-1.65052,-1.17640,-2.35995,2.61832,1.63425,-0.13304,-0.75453,0.39961,0.39025,-1.08795,-0.13609,6.000,6.000,12.000,12.000,6.000,6.000,6.000,6.000,12.000,12.000,6.000,6.000,6.000,6.000,6.000,6.000
3.0800,0.00158,0.09339,0.45860,0.99858,-0.04599,0.00324,-0.02665,0.01015,0.06660,0.30124,0.30051,0.08796,0.07021,1,0.05145,0.08796,0.035140,-0.00953,5.1447,-0.0008,-7.3796,1.5055,-1.6662,57.3763,19.8422,0,0.04900,0.01900,0.7246,0.0000,0.050316,0.073732,-30.9912,10.3638,62.7131,-37.2952,15.0133,92.4870,0.0000,0.0000,0.0000,0.0000,0.0000,0.0000,0.054103,0.024154,59.9846,0.048771,0.018147,92.4870,0.000000,0.000000,0.0000,0.000000,0.000000,0.0000,-0.06860,-0.19635,-0.56894,1.06627,-0.39989,0.01167,-0.09327,-0.10861,-0.70269,1.21177,-0.57592,0.04454,-0.05939,0.10230,0.06584,-0.07683,-1.88157,3.60629,-2.48236,-3.95162,0.87889,-1.37751,-1.06519,-2.97434,1.78788,1.03760,-0.21517,-0.73330,0.13761,0.33100,-0.82070,0.00220,6.000,6.000,12.000,12.000,6.000,6.000,6.000,6.000,12.000,12.000,6.000,6.000,6.000,6.000,6.000,6.000
3.0850,0.00135,0.09337,0.45859,0.99845,-0.04762,0.00204,-0.02866,0.01045,0.06661,0.30136,0.30051,0.09216,0.07032,1,0.05213,0.09216,0.035240,0.03907,-0.2534,-0.0006,-4.7077,0.7334,-2.4767,49.5879,19.9319,0,0.04900,0.01900,0.6193,0.0000,0.049163,0.072132,-23.9626,4.9075,51.9232,-28.2950,10.2081,80.9635,0.0000,0.0000,0.0000,0.0000,0.0000,0.0000,0.055194,0.025381,47.9355,0.048635,0.017903,80.9635,0.000000,0.000000,0.0000,0.000000,0.000000,0.0000,-0.07862,-0.19047,-0.57305,1.07428,-0.38964,-0.00445,-0.10399,-0.09340,-0.71291,1.22546,-0.58891,0.02248,-0.06583,0.11291,0.06757,-0.07010,-1.16149,3.57746,-3.34319,-4.05634,0.33872,-0.92063,-1.09253,-3.11556,2.81351,1.48741,0.01276,-0.70561,0.14236,0.31616,-0.82026,0.07007,6.000,6.000,12.000,12.000,6.000,6.000,6.000,6.000,12.000,12.000,6.000,6.000,6.000,6.000,6.000,6.000
3.0900,0.00112,0.09337,0.45862,0.99835,-0.04884,0.00093,-0.03009,0.01064,0.06665,0.30151,0.30051,0.09535,0.07062,1,0.05257,0.09535,0.035528,0.06922,-4.3000,-0.0007,-3.0597,0.5489,-2.8511,42.7882,18.8070,0,0.04900,0.01900,0.6276,0.0000,0.048495,0.071183,-20.2855,3.6393,46.1372,-27.0187,4.0857,72.5744,0.0000,0.0000,0.0000,0.0000,0.0000,0.0000,0.056007,0.026249,42.0372,0.048573,0.017787,72.5744,0.000000,0.000000,0.0000,0.000000,0.000000,0.0000,-0.08643,-0.18599,-0.57592,1.08449,-0.39119,-0.01679,-0.11354,-0.08149,-0.71773,1.23429,-0.60010,0.00138,-0.07115,0.12181,0.06722,-0.06273,-0.94029,3.34380,-3.05701,-3.67016,0.03178,-0.68512,-0.93333,-2.83183,2.79148,1.45047,0.07938,-0.66957,0.18937,0.28644,-0.71840,0.12104,6.000,6.000,12.000,12.000,6.000,6.000,6.000,6.000,12.000,12.000,6.000,6.000,6.000,6.000,6.000,6.000
3.0950,0.00088,0.09337,0.45869,0.99828,-0.04970,-0.00006,-0.03095,0.01074,0.06669,0.30166,0.30051,0.09773,0.07095,1,0.05282,0.09773,0.035941,0.09044,-7.1715,-0.0010,-1.5634,0.5351,-2.7655,37.2962,17.8233,1,0.04900,0.01900,0.6403,0.0000,0.048146,0.070607,-10.3651,3.5476,46.7053,-24.3434,1.5909,63.5111,0.0000,0.0000,0.0000,0.0000,0.0000,0.0000,0.030098,0.017802,43.7828,0.048569,0.017763,63.5111,0.000000,0.000000,0.0000,0.000000,0.000000,0.0000,-0.09235,-0.18274,-0.57812,1.09574,-0.39975,-0.02768,-0.12252,-0.07260,-0.71818,1.23971,-0.61022,-0.01922,-0.07545,0.12910,0.06521,-0.05526,-0.94029,3.34380,-3.05701,-3.67016,0.03178,-0.68512,-0.93333,-2.83183,2.79148,1.45047,0.07938,-0.66957,0.18937,0.28644,-0.71840,0.12104,6.000,6.000,12.000,12.000,6.000,6.000,6.000,6.000,12.000,12.000,6.000,6.000,6.000,6.000,6.000,6.000
3.1000,0.00063,0.09337,0.45877,0.99823,-0.05030,-0.00099,-0.03176,0.01074,0.06674,0.30181,0.30051,0.09939,0.07130,1,0.05291,0.09939,0.036404,0.09333,-9.5277,-0.0014,-0.1097,0.5253,-2.6983,31.9442,15.4727,0,0.04900,0.01900,0.6234,0.0000,0.047997,0.070253,-0.7270,3.4827,47.1508,-23.4430,1.2624,62.7734,0.0000,0.0000,0.0000,0.0000,0.0000,0.0000,0.055415,0.025677,45.5412,0.048601,0.017795,62.7734,0.000000,0.000000,0.0000,0.000000,0.000000,0.0000,-0.09714,-0.18030,-0.57946,1.10699,-0.41233,-0.03728,-0.13011,-0.06573,-0.71660,1.24179,-0.61919,-0.03907,-0.07888,0.13484,0.06201,-0.04772,-2.16547,2.35087,1.71359,-0.77034,1.41517,-0.69163,-0.19188,-0.96012,-0.98216,-0.51385,-0.41543,-0.59343,0.01892,0.17624,-0.15513,0.21254,6.000,6.000,12.000,12.000,6.000,6.000,6.000,6.000,12.000,12.000,6.000,6.000,6.000,6.000,6.000,6.000
3.1050,0.00036,0.09338,0.45887,0.99817,-0.05070,-0.00193,-0.03288,0.01069,0.06679,0.30195,0.30051,0.10052,0.07166,1,0.05286,0.10052,0.036807,0.07195,-10.4971,-0.0019,0.3149,0.5437,-2.5474,28.7610,16.4731,0,0.04900,0.01900,0.1710,0.0000,0.047942,0.070027,2.0877,3.6050,48.1510,-6.1156,1.3665,61.1041,0.0000,0.0000,0.0000,0.0000,0.0000,0.0000,0.041400,0.025509,46.8769,0.048651,0.017864,61.1041,0.000000,0.000000,0.0000,0.000000,0.000000,0.0000,-0.10119,-0.17830,-0.57879,1.11687,-0.42865,-0.04619,-0.13556,-0.06001,-0.71443,1.24069,-0.62688,-0.05792,-0.08164,0.13933,0.05799,-0.04002,-2.18006,2.14119,1.57562,-1.18268,0.96665,-0.66993,-0.07260,-0.53391,-0.93098,-0.47597,-0.35549,-0.55574,0.02830,0.13475,-0.13484,0.22456,6.000,6.000,12.000,12.000,6.000,6.000,6.000,6.000,12.000,12.000,6.000,6.000,6.000,6.000,6.000,6.000
3.1100,0.00008,0.09337,0.45897,0.99811,-0.05098,-0.00286,-0.03430,0.01061,0.06686,0.30206,0.30051,0.10127,0.07205,1,0.05269,0.10127,0.037000,0.01794,-9.4267,-0.0023,0.8759,0.5169,-2.1129,26.2506,17.2643,0,0.04900,0.01900,0.2499,0.0000,0.047931,0.069879,5.8075,3.4272,51.0316,-8.2625,1.9646,56.6521,0.0000,0.0000,0.0000,0.0000,0.0000,0.0000,0.015010,0.019011,50.0195,0.048711,0.017952,56.6521,0.000000,0.000000,0.0000,0.000000,0.000000,0.0000,-0.10440,-0.17669,-0.57408,1.12308,-0.45019,-0.05393,-0.13902,-0.05508,-0.71176,1.23710,-0.63335,-0.07580,-0.08378,0.14271,0.05337,-0.03219,-1.88056,2.35626,0.84750,-2.18234,-0.02009,-0.38597,-0.05010,-0.45959,-0.48443,-0.24233,-0.24252,-0.52519,0.03308,0.10601,-0.13865,0.23206,6.000,6.000,12.000,12.000,6.000,6.000,6.000,6.000,12.000,12.000,6.000,6.000,6.000,6.000,6.000,6.000
3.1150,-0.00019,0.09336,0.45906,0.99803,-0.05118,-0.00378,-0.03595,0.01048,0.06692,0.30213,0.30051,0.10176,0.07242,1,0.05241,0.10176,0.036842,-0.06167,-5.4118,-0.0025,1.8327,0.6426,-1.1684,24.6973,17.5572,0,0.04900,0.01900,0.4942,0.0000,0.047954,0.069778,12.1509,4.2603,57.2939,-14.4645,-0.3241,48.7999,0.0000,0.0000,0.0000,0.0000,0.0000,0.0000,-0.009104,0.019010,56.9483,0.048780,0.018050,48.7999,0.000000,0.000000,0.0000,0.000000,0.000000,0.0000,-0.10704,-0.17515,-0.56324,1.12362,-0.47958,-0.06176,-0.14059,-0.05066,-0.70838,1.23179,-0.63863,-0.09275,-0.08551,0.14534,0.04821,-0.02426,-2.01231,2.14271,0.21628,-3.16189,-0.95603,-0.45772,0.02562,-0.15013,0.10516,0.10357,-0.10342,-0.49235,0.17927,0.09623,-0.23500,0.22580,6.000,6.000,12.000,12.000,6.000,6.000,6.000,6.000,12.000,12.000,6.000,6.000,6.000,6.000,6.000,6.000
3.1200,-0.00044,0.09334,0.45916,0.99796,-0.05129,-0.00468,-0.03762,0.01028,0.06699,0.30212,0.30051,0.10208,0.07278,1,0.05206,0.10208,0.036566,-0.03017,0.8971,-0.0023,3.4591,0.5275,0.1365,23.7376,17.9325,0,0.04900,0.01900,0.7754,0.0000,0.048016,0.069711,22.9340,3.4972,65.9454,-19.9247,1.8366,43.0166,0.0000,0.0000,0.0000,0.0000,0.0000,0.0000,-0.027284,0.019009,65.9146,0.048857,0.018150,43.0166,0.000000,0.000000,0.0000,0.000000,0.000000,0.0000,-0.10894,-0.17406,-0.54979,1.12087,-0.51068,-0.06814,-0.14045,-0.04669,-0.70391,1.22539,-0.64271,-0.10877,-0.08667,0.14697,0.04255,-0.01626,-2.31947,2.04654,-0.19322,-3.91018,-1.53687,-0.57778,0.09823,0.04112,0.66937,0.44450,0.02836,-0.46300,0.36194,0.10447,-0.36141,0.21596,6.000,6.000,12.000,12.000,6.000,6.000,6.000,6.000,12.000,12.000,6.000,6.000,6.000,6.000,6.000,6.000
3.1250,-0.00067,0.09330,0.45930,0.99790,-0.05127,-0.00559,-0.03911,0.01005,0.06706,0.30209,0.30051,0.10221,0.07308,1,0.05164,0.10221,0.036546,0.01112,-0.9196,-0.0020,2.9094,0.7161,-0.3300,21.7407,18.1679,1,0.04900,0.01900,0.3003,0.0000,-0.023482,0.084129,19.2895,4.7475,62.8526,14.1349,-1.3162,78.7982,0.0000,0.0000,0.0000,0.0000,0.0000,0.0000,-0.000490,0.010130,62.5887,-0.024107,0.018674,78.7982,0.000000,0.000000,0.0000,0.000000,0.000000,0.0000,-0.10945,-0.17399,-0.53976,1.11974,-0.53344,-0.07059,-0.13922,-0.04327,-0.69797,1.21822,-0.64606,-0.12429,-0.08696,0.14724,0.03662,-0.00827,-2.31947,2.04654,-0.19322,-3.91018,-1.53687,-0.57778,0.09823,0.04112,0.66937,0.44450,0.02836,-0.46300,0.36194,0.10447,-0.36141,0.21596,6.000,6.000,12.000,12.000,6.000,6.000,6.000,6.000,12.000,12.000,6.000,6.000,6.000,6.000,6.000,6.000
3.1300,-0.00090,0.09324,0.45946,0.99785,-0.05114,-0.00653,-0.04045,0.00988,0.06712,0.30211,0.30051,0.10207,0.07321,1,0.05118,0.10207,0.036667,0.03156,-4.1284,-0.0020,2.0612,0.7978,-1.0356,19.7262,19.2530,0,0.04900,0.01900,0.2757,0.0000,-0.026548,0.084695,13.6656,5.2892,58.1744,12.2319,0.1960,73.9795,0.0000,0.0000,0.0000,0.0000,0.0000,0.0000,-0.004474,0.019010,57.6287,-0.027258,0.018612,73.9795,0.000000,0.000000,0.0000,0.000000,0.000000,0.0000,-0.10901,-0.17459,-0.53208,1.11940,-0.54971,-0.07026,-0.13680,-0.04027,-0.69096,1.21066,-0.64858,-0.13907,-0.08658,0.14640,0.03039,-0.00027,-2.13241,2.04021,0.21996,-2.86776,-0.22002,-0.35689,0.18057,0.10828,0.49263,0.36573,0.04412,-0.42437,0.41169,0.03598,-0.34542,0.21972,6.000,6.000,12.000,12.000,6.000,6.000,6.000,6.000,12.000,12.000,6.000,6.000,6.000,6.000,6.000,6.000
3.1350,-0.00112,0.09317,0.45961,0.99780,-0.05095,-0.00746,-0.04167,0.00974,0.06718,0.30215,0.30051,0.10173,0.07324,1,0.05069,0.10173,0.036854,0.04065,-5.9531,-0.0021,1.7094,0.8584,-1.2533,18.3809,19.6261,0,0.04900,0.01900,0.1448,0.0000,-0.005419,0.080395,11.3336,5.6914,56.7308,5.7775,-0.3503,66.6454,0.0000,0.0000,0.0000,0.0000,0.0000,0.0000,0.006241,0.019010,56.1179,-0.005735,0.018554,66.6454,0.000000,0.000000,0.0000,0.000000,0.000000,0.0000,-0.10796,-0.17569,-0.52608,1.11927,-0.56088,-0.06757,-0.13310,-0.03757,-0.68339,1.20290,-0.65017,-0.15295,-0.08567,0.14462,0.02383,0.00774,-2.19750,2.20874,0.63852,-2.40475,0.41204,-0.28271,0.21645,0.05225,0.16186,0.20002,0.01832,-0.39823,0.38931,-0.00093,-0.33144,0.22254,6.000,6.000,12.000,12.000,6.000,6.000,6.000,6.000,12.000,12.000,6.000,6.000,6.000,6.000,6.000,6.000
3.1400,-0.00135,0.09310,0.45977,0.99776,-0.05069,-0.00839,-0.04277,0.00962,0.06724,0.30220,0.30051,0.10124,0.07317,1,0.05017,0.10124,0.037066,0.04302,-6.9770,-0.0023,1.5066,0.8773,-1.3437,17.2466,19.8601,0,0.04900,0.01900,0.0883,0.0000,0.004355,0.078399,9.9885,5.8163,56.1314,3.4171,-0.4242,64.9811,0.0000,0.0000,0.0000,0.0000,0.0000,0.0000,0.011876,0.019010,55.4667,0.004199,0.018582,64.9811,0.000000,0.000000,0.0000,0.000000,0.000000,0.0000,-0.10655,-0.17710,-0.52122,1.11899,-0.56817,-0.06327,-0.12822,-0.03514,-0.67560,1.19497,-0.65092,-0.16595,-0.08440,0.14215,0.01697,0.01573,-2.25407,2.39587,0.91180,-2.15697,0.77435,-0.23671,0.23963,-0.03016,-0.09100,0.07660,0.00321,-0.37339,0.36464,-0.02909,-0.32249,0.22448,6.000,6.000,12.000,12.000,6.000,6.000,6.000,6.000,12.000,12.000,6.000,6.000,6.000,6.000,6.000,6.000
3.1450,-0.00159,0.09300,0.45992,0.99773,-0.05039,-0.00930,-0.04378,0.00951,0.06730,0.30225,0.30051,0.10063,0.07303,1,0.04963,0.10063,0.037277,0.04152,-7.5007,-0.0025,1.3933,0.8782,-1.3703,16.2527,20.0015,0,0.04900,0.01900,0.0552,0.0000,0.009832,0.077274,9.2377,5.8227,55.9555,2.0229,-0.6549,64.2590,0.0000,0.0000,0.0000,0.0000,0.0000,0.0000,0.014300,0.019010,55.2625,0.009752,0.018631,64.2590,0.000000,0.000000,0.0000,0.000000,0.000000,0.0000,-0.10495,-0.17872,-0.51710,1.11836,-0.57253,-0.05790,-0.12226,-0.03295,-0.66780,1.18693,-0.65091,-0.17810,-0.08290,0.13919,0.00984,0.02370,-2.29779,2.56359,1.08023,-2.03940,0.96876,-0.21216,0.25674,-0.10979,-0.27401,-0.00810,-0.00245,-0.34936,0.34164,-0.05016,-0.31710,0.22566,6.000,6.000,12.000,12.000,6.000,6.000,6.000,6.000,12.000,12.000,6.000,6.000,6.000,6.000,6.000,6.000
3.1500,-0.00184,0.09290,0.46007,0.99769,-0.05004,-0.01019,-0.04469,0.00941,0.06735,0.30231,0.30051,0.09993,0.07285,1,0.04910,0.09993,0.037474,0.03796,-7.7145,-0.0027,1.3331,0.8735,-1.3663,15.3572,20.0854,0,0.04900,0.01900,0.0395,0.0000,0.012576,0.076705,8.8386,5.7914,55.9816,1.2142,-0.9116,64.0095,0.0000,0.0000,0.0000,0.0000,0.0000,0.0000,0.014858,0.019025,55.2868,0.012520,0.018682,64.0095,0.000000,0.000000,0.0000,0.000000,0.000000,0.0000,-0.10328,-0.18045,-0.51345,1.11730,-0.57474,-0.05189,-0.11533,-0.03098,-0.66017,1.17881,-0.65021,-0.18941,-0.08123,0.13587,0.00248,0.03164,-2.33090,2.69742,1.17580,-1.99772,1.06108,-0.20479,0.27135,-0.17385,-0.39997,-0.06061,-0.00069,-0.32590,0.32233,-0.06560,-0.31451,0.22612,6.000,6.000,12.000,12.000,6.000,6.000,6.000,6.000,12.000,12.000,6.000,6.000,6.000,6.000,6.000,6.000
3.1550,-0.00209,0.09279,0.46021,0.99767,-0.04965,-0.01107,-0.04552,0.00932,0.06739,0.30236,0.30051,0.09913,0.07265,1,0.04856,0.09913,0.037651,0.03345,-7.7410,-0.0029,1.3034,0.8684,-1.3495,14.5347,20.1382,0,0.04900,0.01900,0.0354,0.0000,0.013702,0.076466,8.6415,5.7574,56.0929,0.7602,-1.1262,63.9910,0.0000,0.0000,0.0000,0.0000,0.0000,0.0000,0.014381,0.019025,55.4196,0.013643,0.018728,63.9910,0.000000,0.000000,0.0000,0.000000,0.000000,0.0000,-0.10163,-0.18225,-0.51009,1.11579,-0.57539,-0.04556,-0.10750,-0.02922,-0.65281,1.17068,-0.64888,-0.19991,-0.07945,0.13231,-0.00508,0.03954,-2.35388,2.79755,1.21998,-2.00007,1.09092,-0.20877,0.28483,-0.21984,-0.48124,-0.08763,0.00650,-0.30294,0.30681,-0.07669,-0.31380,0.22600,6.000,6.000,12.000,12.000,6.000,6.000,6.000,6.000,12.000,12.000,6.000,6.000,6.000,6.000,6.000,6.000
3.1600,-0.00235,0.09266,0.46036,0.99764,-0.04923,-0.01193,-0.04628,0.00922,0.06743,0.30240,0.30051,0.09826,0.07243,1,0.04804,0.09826,0.037804,0.02864,-7.6571,-0.0031,1.2909,0.8662,-1.3282,13.7727,20.1775,0,0.04900,0.01900,0.0363,0.0000,0.013909,0.076416,8.5586,5.7432,56.2343,0.5113,-1.2979,64.0660,0.0000,0.0000,0.0000,0.0000,0.0000,0.0000,0.013386,0.019010,55.6030,0.013834,0.018767,64.0660,0.000000,0.000000,0.0000,0.000000,0.000000,0.0000,-0.10002,-0.18407,-0.50689,1.11385,-0.57491,-0.03915,-0.09889,-0.02765,-0.64581,1.16263,-0.64699,-0.20963,-0.07761,0.12858,-0.01282,0.04738,-2.36945,2.86636,1.22946,-2.02622,1.08413,-0.22085,0.29797,-0.24737,-0.52933,-0.09542,0.01729,-0.28048,0.29490,-0.08448,-0.31438,0.22539,6.000,6.000,12.000,12.000,6.000,6.000,6.000,6.000,12.000,12.000,6.000,6.000,6.000,6.000,6.000,6.000
3.1650,-0.00262,0.09252,0.46049,0.99762,-0.04878,-0.01278,-0.04695,0.00913,0.06747,0.30245,0.30051,0.09732,0.07221,1,0.04752,0.09732,0.037933,0.02396,-7.5120,-0.0033,1.2877,0.8683,-1.3063,13.0642,20.2154,0,0.04900,0.01900,0.0382,0.0000,0.013631,0.076468,8.5374,5.7571,56.3795,0.3816,-1.4185,64.1730,0.0000,0.0000,0.0000,0.0000,0.0000,0.0000,0.012202,0.019010,55.8067,0.013533,0.018801,64.1730,0.000000,0.000000,0.0000,0.000000,0.000000,0.0000,-0.09851,-0.18589,-0.50378,1.11153,-0.57366,-0.03283,-0.08956,-0.02624,-0.63920,1.15472,-0.64459,-0.21859,-0.07574,0.12474,-0.02069,0.05517,-2.38177,2.90675,1.21768,-2.06237,1.05831,-0.24014,0.31128,-0.25714,-0.55439,-0.08948,0.03015,-0.25850,0.28642,-0.08977,-0.31604,0.22434,6.000,6.000,12.000,12.000,6.000,6.000,6.000,6.000,12.000,12.000,6.000,6.000,6.000,6.000,6.000,6.000
3.1700,-0.00290,0.09238,0.46063,0.99761,-0.04830,-0.01361,-0.04756,0.00904,0.06750,0.30249,0.30051,0.09632,0.07199,1,0.04702,0.09632,0.038039,0.01951,-7.3382,-0.0034,1.2886,0.8736,-1.2860,12.4033,20.2603,0,0.04900,0.01900,0.0393,0.0000,0.013113,0.076570,8.5437,5.7922,56.5140,0.3382,-1.4759,64.2785,0.0000,0.0000,0.0000,0.0000,0.0000,0.0000,0.010995,0.019010,56.0088,0.012992,0.018829,64.2785,0.000000,0.000000,0.0000,0.000000,0.000000,0.0000,-0.09711,-0.18769,-0.50072,1.10889,-0.57187,-0.02672,-0.07960,-0.02498,-0.63303,1.14705,-0.64172,-0.22681,-0.07386,0.12083,-0.02868,0.06290,-2.39128,2.92557,1.19239,-2.10160,1.02294,-0.26371,0.32454,-0.25282,-0.56403,-0.07412,0.04392,-0.23706,0.28049,-0.09320,-0.31819,0.22296,6.000,6.000,12.000,12.000,6.000,6.000,6.000,6.000,12.000,12.000,6.000,6.000,6.000,6.000,6.000,6.000
3.1750,-0.00318,0.09222,0.46076,0.99759,-0.04781,-0.01442,-0.04809,0.00895,0.06753,0.30254,0.30051,0.09528,0.07178,1,0.04660,0.09528,0.038125,0.01550,-7.1476,-0.0035,1.2900,0.8820,-1.2667,11.7889,20.3173,0,0.04900,0.01900,0.0397,0.0000,0.012490,0.076697,8.5524,5.8477,56.6418,0.3489,-1.4942,64.3538,0.0000,0.0000,0.0000,0.0000,0.0000,0.0000,0.009906,0.019025,56.2088,0.012347,0.018852,64.3538,0.000000,0.000000,0.0000,0.000000,0.000000,0.0000,-0.09584,-0.18942,-0.49770,1.10595,-0.56967,-0.02096,-0.06882,-0.02392,-0.62798,1.14052,-0.63841,-0.23409,-0.07199,0.11692,-0.03679,0.07055,-2.40082,2.92656,1.16167,-2.13774,0.98688,-0.29099,0.33782,-0.23626,-0.56523,-0.05320,0.05759,-0.21617,0.27663,-0.09521,-0.32065,0.22130,6.000,6.000,12.000,12.000,6.000,6.000,6.000,6.000,12.000,12.000,6.000,6.000,6.000,6.000,6.000,6.000
3.1800,-0.00346,0.09205,0.46089,0.99758,-0.04732,-0.01521,-0.04856,0.00887,0.06755,0.30259,0.30051,0.09420,0.07158,1,0.04632,0.09420,0.038191,0.01191,-6.9573,-0.0036,1.1253,0.9544,-1.6304,11.5151,20.2679,0,0.04900,0.01900,0.0389,0.7071,0.011828,0.076833,7.4609,6.3274,54.2304,0.3627,-1.4557,64.2409,0.0000,0.0000,0.0000,2.8478,-0.9290,7.0620,0.013009,0.019026,54.0441,0.011665,0.018871,64.2409,0.000000,0.000000,0.0000,-0.048975,0.018949,7.0620,-0.09469,-0.19105,-0.49475,1.10278,-0.56715,-0.01558,-0.05711,-0.02316,-0.62469,1.13599,-0.63464,-0.24021,-0.07015,0.11303,-0.04500,0.07813,-2.25734,2.70571,1.01337,-2.03415,1.05942,-0.30674,0.35724,-0.21212,-0.45437,0.03347,0.08597,-0.18343,0.28053,-0.09418,-0.31652,0.22002,6.000,6.000,12.000,12.000,6.000,6.000,6.000,6.000,12.000,12.000,6.000,6.000,6.000,6.000,6.000,6.000
3.1850,-0.00376,0.09188,0.46101,0.99758,-0.04681,-0.01598,-0.04895,0.00880,0.06756,0.30266,0.30051,0.09312,0.07139,1,0.04612,0.09312,0.038241,0.00878,-6.7711,-0.0036,1.0148,0.9972,-1.8425,11.2153,20.2380,0,0.04900,0.01900,0.0314,0.7156,0.015236,0.076140,6.7284,6.6112,52.8247,-0.6243,-0.9837,61.9004,0.0000,0.0000,0.0000,2.2830,-0.5891,5.4927,0.014091,0.019027,52.7891,0.015137,0.018889,61.9004,0.000000,0.000000,0.0000,-0.048957,0.018910,5.4927,-0.09365,-0.19263,-0.49193,1.09954,-0.56443,-0.01060,-0.04478,-0.02260,-0.62263,1.13286,-0.63050,-0.24531,-0.06834,0.10917,-0.05329,0.08563,-2.16273,2.57829,0.86704,-2.01880,1.05376,-0.32426,0.37048,-0.20878,-0.36915,0.10425,0.10881,-0.15265,0.28209,-0.09314,-0.31888,0.21768,6.000,6.000,12.000,12.000,6.000,6.000,6.000,6.000,12.000,12.000,6.000,6.000,6.000,6.000,6.000,6.000
3.1900,-0.00407,0.09170,0.46112,0.99757,-0.04630,-0.01674,-0.04928,0.00873,0.06757,0.30273,0.30051,0.09203,0.07121,1,0.04597,0.09203,0.038277,0.00609,-6.5947,-0.0037,0.9752,1.0097,-1.8843,10.8201,20.2259,0,0.04900,0.01900,0.0405,0.7366,0.016796,0.075822,6.4659,6.6942,52.5477,-1.2923,-0.7000,60.5422,0.0000,0.0000,0.0000,1.8650,-0.3501,4.2943,0.012990,0.019027,52.5739,0.016724,0.018902,60.5422,0.000000,0.000000,0.0000,-0.048950,0.018890,4.2943,-0.09272,-0.19415,-0.48925,1.09631,-0.56161,-0.00604,-0.03201,-0.02220,-0.62143,1.13066,-0.62604,-0.24947,-0.06655,0.10532,-0.06164,0.09303,-2.13205,2.54626,0.75290,-2.07883,0.98276,-0.34556,0.37869,-0.21265,-0.32419,0.15063,0.12446,-0.12476,0.28116,-0.09266,-0.32624,0.21457,6.000,6.000,12.000,12.000,6.000,6.000,6.000,6.000,12.000,12.000,6.000,6.000,6.000,6.000,6.000,6.000
3.1950,-0.00438,0.09152,0.46122,0.99757,-0.04577,-0.01748,-0.04953,0.00867,0.06757,0.30281,0.30051,0.09091,0.07105,1,0.04585,0.09091,0.038301,0.00380,-6.4308,-0.0037,0.9776,1.0090,-1.8385,10.3782,20.2349,0,0.04900,0.01900,0.0460,0.7575,0.016325,0.075919,6.4818,6.6897,52.8513,-1.5442,-0.6126,60.2586,0.0000,0.0000,0.0000,1.5039,-0.1848,3.3346,0.010897,0.019010,52.9012,0.016238,0.018911,60.2586,0.000000,0.000000,0.0000,-0.048948,0.018883,3.3346,-0.09192,-0.19563,-0.48671,1.09313,-0.55878,-0.00188,-0.01893,-0.02192,-0.62080,1.12907,-0.62132,-0.25280,-0.06478,0.10148,-0.07005,0.10034,-2.13695,2.55528,0.66672,-2.16824,0.88611,-0.36870,0.38474,-0.20971,-0.30336,0.18134,0.13582,-0.09951,0.27900,-0.09248,-0.33484,0.21121,6.000,6.000,12.000,12.000,6.000,6.000,6.000,6.000,12.000,12.000,6.000,6.000,6.000,6.000,6.000,6.000
3.2000,-0.00470,0.09132,0.46131,0.99757,-0.04522,-0.01821,-0.04970,0.00861,0.06757,0.30288,0.30051,0.08977,0.07090,1,0.04574,0.08977,0.038314,0.00192,-6.2794,-0.0037,1.0030,1.0057,-1.7531,9.9228,20.2660,0,0.04900,0.01900,0.0460,0.7825,0.014895,0.076214,6.6502,6.6680,53.4172,-1.5517,-0.6176,60.5254,0.0000,0.0000,0.0000,1.2059,-0.0903,2.5761,0.008605,0.019026,53.4811,0.014772,0.018918,60.5254,0.000000,0.000000,0.0000,-0.048950,0.018885,2.5761,-0.09128,-0.19707,-0.48428,1.09004,-0.55603,0.00186,-0.00561,-0.02173,-0.62051,1.12784,-0.61637,-0.25540,-0.06302,0.09765,-0.07851,0.10756,-2.16320,2.57135,0.60606,-2.25910,0.78913,-0.39530,0.39085,-0.19168,-0.29765,0.20191,0.14428,-0.07686,0.27711,-0.09238,-0.34314,0.20781,6.000,6.000,12.000,12.000,6.000,6.000,6.000,6.000,12.000,12.000,6.000,6.000,6.000,6.000,6.000,6.000
3.2050,-0.00502,0.09112,0.46138,0.99758,-0.04467,-0.01893,-0.04981,0.00854,0.06757,0.30294,0.30051,0.08861,0.07076,1,0.04563,0.08861,0.038319,0.00037,-6.1441,-0.0037,1.0388,1.0038,-1.6558,9.4709,20.3207,0,0.04900,0.01900,0.0422,0.8136,0.013197,0.076566,6.8875,6.6551,54.0621,-1.4175,-0.6197,61.0546,0.0000,0.0000,0.0000,0.9605,-0.0587,1.9717,0.006458,0.019010,54.1406,0.013034,0.018923,61.0546,0.000000,0.000000,0.0000,-0.048954,0.018891,1.9717,-0.09078,-0.19847,-0.48194,1.08703,-0.55341,0.00520,0.00790,-0.02160,-0.62042,1.12680,-0.61125,-0.25738,-0.06128,0.09381,-0.08703,0.11467,-2.19627,2.58362,0.56337,-2.34121,0.70078,-0.42111,0.39757,-0.15976,-0.30040,0.21630,0.15069,-0.05706,0.27512,-0.09226,-0.34972,0.20454,6.000,6.000,12.000,12.000,6.000,6.000,6.000,6.000,12.000,12.000,6.000,6.000,6.000,6.000,6.000,6.000
3.2100,-0.00534,0.09091,0.46145,0.99759,-0.04410,-0.01964,-0.04985,0.00848,0.06756,0.30299,0.30051,0.08742,0.07064,1,0.04552,0.08742,0.038317,-0.00083,-6.0227,-0.0037,1.0782,1.0070,-1.5596,9.0362,20.3951,0,0.04900,0.01900,0.0372,0.8555,0.011568,0.076905,7.1487,6.6767,54.7002,-1.2245,-0.6266,61.6514,0.0000,0.0000,0.0000,0.7588,-0.0764,1.4860,0.004655,0.019010,54.8017,0.011366,0.018928,61.6514,0.000000,0.000000,0.0000,-0.048959,0.018900,1.4860,-0.09045,-0.19982,-0.47967,1.08411,-0.55096,0.00815,0.02159,-0.02149,-0.62043,1.12584,-0.60596,-0.25885,-0.05956,0.08999,-0.09560,0.12168,-2.23338,2.58195,0.53696,-2.40749,0.62826,-0.44805,0.40586,-0.11276,-0.30961,0.22634,0.15526,-0.04023,0.27377,-0.09206,-0.35463,0.20139,6.000,6.000,12.000,12.000,6.000,6.000,6.000,6.000,12.000,12.000,6.000,6.000,6.000,6.000,6.000,6.000
3.2150,-0.00566,0.09069,0.46151,0.99760,-0.04352,-0.02035,-0.04983,0.00841,0.06756,0.30304,0.30051,0.08621,0.07053,1,0.04540,0.08621,0.038310,-0.00174,-5.9171,-0.0037,1.1175,1.0143,-1.4723,8.6241,20.4889,0,0.04900,0.01900,0.0311,0.9314,0.010175,0.077197,7.4088,6.7249,55.2790,-1.0023,-0.5903,62.2505,0.0000,0.0000,0.0000,0.5893,-0.1361,1.0825,0.003183,0.019010,55.4099,0.009939,0.018931,62.2505,0.000000,0.000000,0.0000,-0.048965,0.018911,1.0825,-0.09027,-0.20113,-0.47746,1.08130,-0.54868,0.01071,0.03545,-0.02136,-0.62047,1.12493,-0.60052,-0.25990,-0.05787,0.08617,-0.10420,0.12859,-2.26968,2.56783,0.52174,-2.45861,0.56991,-0.47445,0.41538,-0.05568,-0.32371,0.23327,0.15849,-0.02634,0.27259,-0.09177,-0.35766,0.19839,6.000,6.000,12.000,12.000,6.000,6.000,6.000,6.000,12.000,12.000,6.000,6.000,6.000,6.000,6.000,6.000
3.2200,-0.00598,0.09045,0.46157,0.99762,-0.04293,-0.02104,-0.04974,0.00835,0.06755,0.30308,0.30051,0.08498,0.07044,1,0.04528,0.08498,0.038300,-0.00236,-5.8277,-0.0037,1.1559,1.0230,-1.3989,8.2389,20.6003,0,0.04900,0.01900,0.0248,0.8982,0.009020,0.077440,7.6636,6.7823,55.7656,-0.7725,-0.5272,62.7995,0.0000,0.0000,0.0000,0.4083,-0.1627,0.8156,0.001924,0.019010,55.9288,0.008757,0.018933,62.7995,0.000000,0.000000,0.0000,-0.048970,0.018923,0.8156,-0.09024,-0.20238,-0.47531,1.07859,-0.54658,0.01292,0.04949,-0.02119,-0.62053,1.12407,-0.59490,-0.26060,-0.05619,0.08236,-0.11283,0.13538,-2.30235,2.54549,0.51291,-2.49788,0.52032,-0.49920,0.42504,0.00467,-0.34212,0.23784,0.16164,-0.01435,0.27104,-0.09142,-0.35885,0.19553,6.000,6.000,12.000,12.000,6.000,6.000,6.000,6.000,12.000,12.000,6.000,6.000,6.000,6.000,6.000,6.000
3.2250,-0.00630,0.09021,0.46162,0.99763,-0.04233,-0.02173,-0.04961,0.00828,0.06754,0.30311,0.30051,0.08374,0.07035,1,0.04515,0.08374,0.038287,-0.00274,-5.7549,-0.0037,1.1921,1.0331,-1.3380,7.8783,20.7222,0,0.04900,0.01900,0.0186,0.8290,0.008020,0.077652,7.9034,6.8496,56.1696,-0.5398,-0.4540,63.2662,0.0000,0.0000,0.0000,0.2318,-0.1908,0.6036,0.000881,0.019010,56.3670,0.007734,0.018935,63.2662,0.000000,0.000000,0.0000,-0.048976,0.018936,0.6036,-0.09034,-0.20358,-0.47322,1.07601,-0.54466,0.01479,0.06371,-0.02092,-0.62059,1.12327,-0.58908,-0.26101,-0.05455,0.07856,-0.12146,0.14207,-2.33163,2.51640,0.50999,-2.52599,0.47988,-0.52222,0.43481,0.06686,-0.36510,0.24011,0.16468,-0.00419,0.26920,-0.09102,-0.35846,0.19274,6.000,6.000,12.000,12.000,6.000,6.000,6.000,6.000,12.000,12.000,6.000,6.000,6.000,6.000,6.000,6.000
3.2300,-0.00662,0.08995,0.46166,0.99765,-0.04173,-0.02242,-0.04942,0.00821,0.06753,0.30315,0.30051,0.08249,0.07028,1,0.04502,0.08249,0.038272,-0.00293,-5.6977,-0.0037,1.2258,1.0445,-1.2869,7.5387,20.8486,0,0.04900,0.01900,0.0127,0.9612,0.007184,0.077831,8.1269,6.9251,56.5082,-0.3147,-0.3712,63.6578,0.0000,0.0000,0.0000,0.0576,-0.2288,0.4092,0.000027,0.019010,56.7406,0.006879,0.018936,63.6578,0.000000,0.000000,0.0000,-0.048982,0.018951,0.4092,-0.09056,-0.20473,-0.47119,1.07357,-0.54291,0.01634,0.07810,-0.02052,-0.62068,1.12255,-0.58304,-0.26118,-0.05292,0.07479,-0.13009,0.14865,-2.35822,2.48243,0.51244,-2.54470,0.44755,-0.54358,0.44461,0.12971,-0.39297,0.24001,0.16756,0.00415,0.26704,-0.09057,-0.35676,0.18998,6.000,6.000,12.000,12.000,6.000,6.000,6.000,6.000,12.000,12.000,6.000,6.000,6.000,6.000,6.000,6.000
3.2350,-0.00694,0.08968,0.46170,0.99767,-0.04113,-0.02309,-0.04920,0.00814,0.06751,0.30318,0.30051,0.08124,0.07022,1,0.04489,0.08124,0.038258,-0.00296,-5.6544,-0.0037,1.2522,1.0563,-1.2499,7.2223,20.9709,0,0.04900,0.01900,0.0078,1.1669,0.006487,0.077980,8.3018,7.0034,56.7533,-0.1002,-0.2802,63.9846,0.0000,0.0000,0.0000,0.0000,-0.2625,0.3750,-0.000551,0.019009,57.0197,0.006167,0.018937,63.9846,0.000000,0.000000,0.0000,-0.048989,0.018968,0.3750,-0.09088,-0.20582,-0.46924,1.07127,-0.54131,0.01761,0.09266,-0.01995,-0.62083,1.12198,-0.57680,-0.26115,-0.05132,0.07103,-0.13870,0.15511,-2.37977,2.44575,0.51775,-2.55206,0.42633,-0.56257,0.45366,0.18906,-0.42237,0.23933,0.17023,0.01124,0.26508,-0.08999,-0.35409,0.18719,6.000,6.000,12.000,12.000,6.000,6.000,6.000,6.000,12.000,12.000,6.000,6.000,6.000,6.000,6.000,6.000
3.2400,-0.00725,0.08940,0.46174,0.99770,-0.04052,-0.02376,-0.04893,0.00807,0.06749,0.30320,0.30051,0.07998,0.07017,1,0.04477,0.07998,0.038243,-0.00287,-5.6228,-0.0037,1.2682,1.0677,-1.2289,6.9303,21.0819,0,0.04900,0.01900,0.0052,1.1669,0.006016,0.078083,8.4079,7.0786,56.8927,0.0734,-0.1876,64.2207,0.0000,0.0000,0.0000,0.0000,-0.2897,0.4138,-0.000827,0.019009,57.1901,0.005686,0.018937,64.2207,0.000000,0.000000,0.0000,-0.048996,0.018987,0.4138,-0.09130,-0.20685,-0.46736,1.06912,-0.53984,0.01861,0.10734,-0.01918,-0.62110,1.12158,-0.57039,-0.26090,-0.04974,0.06731,-0.14726,0.16145,-2.39489,2.40868,0.52328,-2.54826,0.41677,-0.57873,0.46125,0.24179,-0.45053,0.23948,0.17260,0.01760,0.26363,-0.08924,-0.35080,0.18432,6.000,6.000,12.000,12.000,6.000,6.000,6.000,6.000,12.000,12.000,6.000,6.000,6.000,6.000,6.000,6.000
3.2450,-0.00756,0.08910,0.46178,0.99772,-0.03991,-0.02442,-0.04863,0.00800,0.06748,0.30323,0.30051,0.07871,0.07012,1,0.04464,0.07871,0.038229,-0.00272,-5.6005,-0.0036,1.2772,1.0707,-1.2071,6.6507,21.1807,0,0.04900,0.01900,0.0055,0.0000,0.005800,0.078132,8.4675,7.0987,57.0370,0.1878,-0.0991,64.3627,0.0000,0.0000,0.0000,0.0000,0.0000,0.0000,-0.000892,0.019009,57.3470,0.005467,0.018937,64.3627,0.000000,0.000000,0.0000,0.000000,0.000000,0.0000,-0.09179,-0.20783,-0.46558,1.06714,-0.53849,0.01938,0.12193,-0.01812,-0.62148,1.12129,-0.56398,-0.26030,-0.04819,0.06360,-0.15577,0.16768,-2.41034,2.39193,0.53332,-2.53771,0.41638,-0.59134,0.46352,0.27645,-0.47830,0.23968,0.17259,0.02553,0.26327,-0.08833,-0.34803,0.18124,6.000,6.000,12.000,12.000,6.000,6.000,6.000,6.000,12.000,12.000,6.000,6.000,6.000,6.000,6.000,6.000
3.2500,-0.00786,0.08879,0.46181,0.99774,-0.03930,-0.02507,-0.04830,0.00793,0.06746,0.30325,0.30051,0.07745,0.07008,1,0.04451,0.07745,0.038216,-0.00252,-5.5848,-0.0036,1.2815,1.0632,-1.1779,6.3722,21.2611,0,0.04900,0.01900,0.0069,0.0000,0.005750,0.078147,8.4964,7.0488,57.2311,0.2595,-0.0671,64.5080,0.0000,0.0000,0.0000,0.0000,0.0000,0.0000,-0.000786,0.019009,57.5313,0.005417,0.018937,64.5080,0.000000,0.000000,0.0000,0.000000,0.000000,0.0000,-0.09236,-0.20874,-0.46389,1.06533,-0.53725,0.01994,0.13642,-0.01675,-0.62200,1.12112,-0.55759,-0.25938,-0.04666,0.05993,-0.16421,0.17378,-2.42919,2.40146,0.55066,-2.52157,0.42456,-0.60047,0.45943,0.29080,-0.50637,0.23953,0.16983,0.03491,0.26416,-0.08732,-0.34610,0.17797,6.000,6.000,12.000,12.000,6.000,6.000,6.000,6.000,12.000,12.000,6.000,6.000,6.000,6.000,6.000,6.000
3.2550,-0.00817,0.08847,0.46183,0.99777,-0.03869,-0.02571,-0.04794,0.00786,0.06744,0.30327,0.30051,0.07619,0.07004,1,0.04438,0.07619,0.038204,-0.00229,-5.5741,-0.0036,1.2828,1.0602,-1.1598,6.1112,21.3263,0,0.04900,0.01900,0.0083,0.0000,0.005830,0.078134,8.5050,7.0290,57.3511,0.3028,-0.1083,64.6988,0.0000,0.0000,0.0000,0.0000,0.0000,0.0000,-0.000607,0.019009,57.6495,0.005502,0.018937,64.6988,0.000000,0.000000,0.0000,0.000000,0.000000,0.0000,-0.09299,-0.20959,-0.46232,1.06369,-0.53609,0.02030,0.15077,-0.01506,-0.62272,1.12110,-0.55125,-0.25815,-0.04515,0.05629,-0.17257,0.17976,-2.44348,2.39867,0.56582,-2.50264,0.43483,-0.60898,0.45543,0.31113,-0.53523,0.23911,0.16646,0.04393,0.26436,-0.08631,-0.34297,0.17469,6.000,6.000,12.000,12.000,6.000,6.000,6.000,6.000,12.000,12.000,6.000,6.000,6.000,6.000,6.000,6.000
3.2600,-0.00847,0.08813,0.46186,0.99780,-0.03808,-0.02633,-0.04755,0.00780,0.06743,0.30329,0.30051,0.07493,0.07001,1,0.04426,0.07493,0.038194,-0.00206,-5.5674,-0.0036,1.2822,1.0598,-1.1486,5.8639,21.3743,0,0.04900,0.01900,0.0089,0.0000,0.005982,0.078106,8.5013,7.0263,57.4249,0.3262,-0.1208,64.8184,0.0000,0.0000,0.0000,0.0000,0.0000,0.0000,-0.000397,0.019009,57.7259,0.005658,0.018937,64.8184,0.000000,0.000000,0.0000,0.000000,0.000000,0.0000,-0.09368,-0.21038,-0.46086,1.06223,-0.53501,0.02048,0.16498,-0.01305,-0.62366,1.12126,-0.54497,-0.25663,-0.04368,0.05268,-0.18083,0.18562,-2.45466,2.38869,0.57892,-2.48291,0.44542,-0.61682,0.45110,0.33437,-0.56485,0.23827,0.16253,0.05253,0.26407,-0.08529,-0.33911,0.17137,6.000,6.000,12.000,12.000,6.000,6.000,6.000,6.000,12.000,12.000,6.000,6.000,6.000,6.000,6.000,6.000
3.2650,-0.00876,0.08777,0.46188,0.99782,-0.03747,-0.02695,-0.04713,0.00773,0.06741,0.30331,0.30051,0.07367,0.06999,1,0.04415,0.07367,0.038184,-0.00182,-5.5634,-0.0036,1.2806,1.0608,-1.1418,5.6274,21.4038,0,0.04900,0.01900,0.0091,0.0000,0.006162,0.078071,8.4904,7.0330,57.4701,0.3361,-0.1174,64.8929,0.0000,0.0000,0.0000,0.0000,0.0000,0.0000,-0.000179,0.019009,57.7758,0.005846,0.018937,64.8929,0.000000,0.000000,0.0000,0.000000,0.000000,0.0000,-0.09443,-0.21111,-0.45953,1.06095,-0.53400,0.02051,0.17904,-0.01071,-0.62488,1.12159,-0.53875,-0.25483,-0.04223,0.04911,-0.18898,0.19134,-2.46371,2.37461,0.59025,-2.46344,0.45545,-0.62397,0.44621,0.35873,-0.59517,0.23685,0.15807,0.06070,0.26343,-0.08421,-0.33480,0.16795,6.000,6.000,12.000,12.000,6.000,6.000,6.000,6.000,12.000,12.000,6.000,6.000,6.000,6.000,6.000,6.000
3.2700,-0.00905,0.08741,0.46189,0.99785,-0.03687,-0.02755,-0.04669,0.00767,0.06739,0.30333,0.30051,0.07242,0.06997,1,0.04405,0.07242,0.038176,-0.00159,-5.5614,-0.0036,1.2784,1.0625,-1.1376,5.3999,21.4137,0,0.04900,0.01900,0.0091,0.0000,0.006351,0.078034,8.4761,7.0441,57.4979,0.3373,-0.1057,64.9386,0.0000,0.0000,0.0000,0.0000,0.0000,0.0000,0.000036,0.019009,57.8092,0.006041,0.018937,64.9386,0.000000,0.000000,0.0000,0.000000,0.000000,0.0000,-0.09524,-0.21178,-0.45833,1.05985,-0.53307,0.02038,0.19292,-0.00803,-0.62641,1.12212,-0.53262,-0.25277,-0.04081,0.04557,-0.19701,0.19694,-2.47128,2.35822,0.60016,-2.44466,0.46461,-0.63048,0.44062,0.38324,-0.62614,0.23467,0.15313,0.06845,0.26256,-0.08308,-0.33022,0.16443,6.000,6.000,12.000,12.000,6.000,6.000,6.000,6.000,12.000,12.000,6.000,6.000,6.000,6.000,6.000,6.000
3.2750,-0.00934,0.08702,0.46190,0.99788,-0.03626,-0.02814,-0.04622,0.00761,0.06737,0.30335,0.30051,0.07118,0.06995,1,0.04396,0.07118,0.038169,-0.00137,-5.5607,-0.0036,1.2761,1.0644,-1.1350,5.1799,21.4039,0,0.04900,0.01900,0.0089,0.0000,0.006536,0.077998,8.4606,7.0570,57.5154,0.3330,-0.0904,64.9663,0.0000,0.0000,0.0000,0.0000,0.0000,0.0000,0.000246,0.019009,57.8324,0.006232,0.018937,64.9663,0.000000,0.000000,0.0000,0.000000,0.000000,0.0000,-0.09610,-0.21239,-0.45726,1.05894,-0.53221,0.02012,0.20661,-0.00502,-0.62827,1.12283,-0.52659,-0.25046,-0.03942,0.04209,-0.20491,0.20240,-2.47784,2.34053,0.60909,-2.42666,0.47294,-0.63641,0.43425,0.40740,-0.65775,0.23154,0.14772,0.07577,0.26155,-0.08188,-0.32550,0.16079,6.000,6.000,12.000,12.000,6.000,6.000,6.000,6.000,12.000,12.000,6.000,6.000,6.000,6.000,6.000,6.000
3.2800,-0.00963,0.08662,0.46191,0.99790,-0.03566,-0.02871,-0.04574,0.00755,0.06735,0.30336,0.30051,0.06995,0.06993,1,0.04388,0.06995,0.038162,-0.00117,-5.5606,-0.0035,1.2738,1.0664,-1.1332,4.9667,21.3741,0,0.04900,0.01900,0.0086,0.0000,0.006714,0.077963,8.4453,7.0701,57.5270,0.3256,-0.0742,64.9825,0.0000,0.0000,0.0000,0.0000,0.0000,0.0000,0.000452,0.019009,57.8496,0.006417,0.018936,64.9825,0.000000,0.000000,0.0000,0.000000,0.000000,0.0000,-0.09701,-0.21293,-0.45632,1.05822,-0.53142,0.01973,0.22010,-0.00167,-0.63049,1.12372,-0.52067,-0.24791,-0.03806,0.03865,-0.21265,0.20773,-2.48369,2.32209,0.61747,-2.40930,0.48067,-0.64182,0.42706,0.43100,-0.68999,0.22726,0.14187,0.08268,0.26046,-0.08060,-0.32071,0.15703,6.000,6.000,12.000,12.000,6.000,6.000,6.000,6.000,12.000,12.000,6.000,6.000,6.000,6.000,6.000,6.000
3.2850,-0.00991,0.08621,0.46191,0.99793,-0.03506,-0.02927,-0.04522,0.00749,0.06733,0.30338,0.30051,0.06872,0.06992,1,0.04381,0.06872,0.038157,-0.00099,-5.5609,-0.0035,1.2717,1.0683,-1.1320,4.7597,21.3246,0,0.04900,0.01900,0.0083,0.0000,0.006885,0.077929,8.4312,7.0827,57.5355,0.3165,-0.0586,64.9916,0.0000,0.0000,0.0000,0.0000,0.0000,0.0000,0.000660,0.019009,57.8632,0.006595,0.018936,64.9916,0.000000,0.000000,0.0000,0.000000,0.000000,0.0000,-0.09798,-0.21341,-0.45552,1.05768,-0.53071,0.01922,0.23336,0.00202,-0.63309,1.12476,-0.51486,-0.24515,-0.03674,0.03525,-0.22023,0.21291,-2.48908,2.30316,0.62570,-2.39235,0.48813,-0.64677,0.41905,0.45394,-0.72290,0.22161,0.13559,0.08917,0.25934,-0.07924,-0.31588,0.15315,6.000,6.000,12.000,12.000,6.000,6.000,6.000,6.000,12.000,12.000,6.000,6.000,6.000,6.000,6.000,6.000
3.2900,-0.01019,0.08578,0.46191,0.99796,-0.03446,-0.02981,-0.04469,0.00743,0.06732,0.30340,0.30051,0.06750,0.06991,1,0.04376,0.06750,0.038152,-0.00083,-5.5614,-0.0035,1.2698,1.0701,-1.1309,4.5588,21.2559,0,0.04900,0.01900,0.0079,0.0000,0.007052,0.077895,8.4185,7.0946,57.5423,0.3067,-0.0443,64.9962,0.0000,0.0000,0.0000,0.0000,0.0000,0.0000,0.000872,0.019009,57.8749,0.006768,0.018936,64.9962,0.000000,0.000000,0.0000,0.000000,0.000000,0.0000,-0.09899,-0.21383,-0.45487,1.05734,-0.53007,0.01860,0.24640,0.00605,-0.63608,1.12593,-0.50919,-0.24218,-0.03545,0.03192,-0.22764,0.21796,-2.49416,2.28379,0.63414,-2.37558,0.49564,-0.65135,0.41021,0.47625,-0.75649,0.21436,0.12887,0.09527,0.25823,-0.07780,-0.31106,0.14915,6.000,6.000,12.000,12.000,6.000,6.000,6.000,6.000,12.000,12.000,6.000,6.000,6.000,6.000,6.000,6.000
3.2950,-0.01046,0.08534,0.46190,0.99799,-0.03387,-0.03033,-0.04414,0.00737,0.06730,0.30341,0.30051,0.06629,0.06990,1,0.04372,0.06629,0.038149,-0.00067,-5.5620,-0.0035,1.2681,1.0717,-1.1300,4.3639,21.1685,0,0.04900,0.01900,0.0077,0.0000,0.007219,0.077862,8.4074,7.1056,57.5486,0.2968,-0.0312,64.9982,0.0000,0.0000,0.0000,0.0000,0.0000,0.0000,0.001094,0.019009,57.8855,0.006942,0.018936,64.9982,0.000000,0.000000,0.0000,0.000000,0.000000,0.0000,-0.10006,-0.21418,-0.45436,1.05719,-0.52951,0.01787,0.25918,0.01042,-0.63947,1.12719,-0.50365,-0.23902,-0.03420,0.02863,-0.23487,0.22286,-2.49905,2.26404,0.64306,-2.35876,0.50347,-0.65559,0.40055,0.49794,-0.79076,0.20531,0.12174,0.10097,0.25714,-0.07626,-0.30627,0.14503,6.000,6.000,12.000,12.000,6.000,6.000,6.000,6.000,12.000,12.000,6.000,6.000,6.000,6.000,6.000,6.000
3.3000,-0.01073,0.08489,0.46189,0.99802,-0.03328,-0.03084,-0.04356,0.00732,0.06728,0.30343,0.30051,0.06510,0.06989,1,0.04370,0.06510,0.038146,-0.00054,-5.5626,-0.0035,1.2666,1.0733,-1.1291,4.1753,21.0629,0,0.04900,0.01900,0.0074,0.0000,0.007388,0.077827,8.3979,7.1159,57.5547,0.2871,-0.0199,64.9986,0.0000,0.0000,0.0000,0.0000,0.0000,0.0000,0.001329,0.019007,57.8955,0.007118,0.018936,64.9986,0.000000,0.000000,0.0000,0.000000,0.000000,0.0000,-0.10118,-0.21447,-0.45400,1.05723,-0.52902,0.01704,0.27170,0.01511,-0.64328,1.12852,-0.49825,-0.23568,-0.03300,0.02541,-0.24191,0.22762,-2.50384,2.24399,0.65266,-2.34176,0.51185,-0.65939,0.39005,0.51897,-0.82565,0.19428,0.11419,0.10630,0.25609,-0.07463,-0.30154,0.14081,6.000,6.000,12.000,12.000,6.000,6.000,6.000,6.000,12.000,12.000,6.000,6.000,6.000,6.000,6.000,6.000
3.3050,-0.01100,0.08442,0.46188,0.99805,-0.03269,-0.03132,-0.04297,0.00726,0.06726,0.30344,0.30051,0.06450,0.06988,1,0.04369,0.06450,0.038139,-0.00185,-5.5630,-0.0035,1.2655,1.0749,-1.1280,3.9936,20.9397,0,0.04900,0.01900,0.0071,0.0000,0.007562,0.077792,8.3900,7.1264,57.5614,0.2772,-0.0118,64.9971,0.0000,0.0000,0.0000,0.0000,0.0000,0.0000,0.001678,0.017735,57.9060,0.007299,0.018936,64.9971,0.000000,0.000000,0.0000,0.000000,0.000000,0.0000,-0.10235,-0.21475,-0.45372,1.05731,-0.52854,0.01660,0.28395,0.02014,-0.64750,1.12987,-0.49301,-0.23218,-0.03180,0.02219,-0.24876,0.23223,-2.51501,2.29976,0.66967,-2.31879,0.52691,-0.58934,0.37209,0.48588,-0.84666,0.18781,0.10838,0.11035,0.25784,-0.07256,-0.30040,0.13603,6.000,6.000,12.000,12.000,6.000,6.000,6.000,6.000,12.000,12.000,6.000,6.000,6.000,6.000,6.000,6.000
3.3100,-0.01126,0.08394,0.46185,0.99808,-0.03214,-0.03179,-0.04236,0.00721,0.06724,0.30346,0.30051,0.06538,0.06986,1,0.04369,0.06538,0.038116,-0.00624,-5.4410,-0.0035,1.2825,1.1288,-1.0947,3.9596,20.7807,0,0.04900,0.01900,0.0206,0.0000,0.007955,0.077708,8.5030,7.4840,57.7821,0.0366,-0.7967,64.5406,0.0000,0.0000,0.0000,0.0000,0.0000,0.0000,0.001898,0.014661,58.2173,0.007703,0.018936,64.5406,0.000000,0.000000,0.0000,0.000000,0.000000,0.0000,-0.10353,-0.21513,-0.45331,1.05705,-0.52789,0.01785,0.29594,0.02546,-0.65212,1.13120,-0.48791,-0.22853,-0.03052,0.01881,-0.25543,0.23670,-2.54169,2.43342,0.68944,-2.30580,0.54269,-0.41463,0.34706,0.39408,-0.84116,0.19315,0.10652,0.11297,0.26664,-0.07214,-0.30441,0.13060,6.000,6.000,12.000,12.000,6.000,6.000,6.000,6.000,12.000,12.000,6.000,6.000,6.000,6.000,6.000,6.000
3.3150,-0.01151,0.08346,0.46181,0.99811,-0.03163,-0.03223,-0.04174,0.00715,0.06721,0.30347,0.30051,0.06623,0.06977,1,0.04371,0.06623,0.038051,-0.01670,-5.0475,-0.0035,1.3383,1.2868,-0.9939,4.2386,20.5794,0,0.04900,0.01900,0.0662,0.0000,0.008443,0.077598,8.8727,8.5313,58.4506,-0.4655,-2.4832,63.5920,0.0000,0.0000,0.0000,0.0000,0.0000,0.0000,0.001602,0.008333,59.1508,0.008205,0.018936,63.5920,0.000000,0.000000,0.0000,0.000000,0.000000,0.0000,-0.10468,-0.21589,-0.45237,1.05568,-0.52671,0.02343,0.30769,0.03105,-0.65710,1.13248,-0.48295,-0.22475,-0.02897,0.01491,-0.26196,0.24101,-2.59750,2.72592,0.70523,-2.32086,0.54884,-0.04325,0.30840,0.18015,-0.77285,0.22992,0.11450,0.11304,0.28984,-0.07598,-0.31846,0.12405,6.000,6.000,12.000,12.000,6.000,6.000,6.000,6.000,12.000,12.000,6.000,6.000,6.000,6.000,6.000,6.000
3.3200,-0.01175,0.08299,0.46175,0.99813,-0.03124,-0.03265,-0.04113,0.00709,0.06716,0.30346,0.30051,0.06703,0.06952,1,0.04375,0.06703,0.037895,-0.03961,-4.1014,-0.0034,1.4701,1.6434,-0.7595,5.1332,20.3268,0,0.04900,0.01900,0.1630,0.0000,0.008942,0.077473,9.7470,10.8959,60.0050,-1.4494,-5.8571,61.6909,0.0000,0.0000,0.0000,0.0000,0.0000,0.0000,0.000261,-0.003812,61.2909,0.008718,0.018937,61.6909,0.000000,0.000000,0.0000,0.000000,0.000000,0.0000,-0.10570,-0.21751,-0.45008,1.05165,-0.52430,0.03843,0.31930,0.03683,-0.66237,1.13372,-0.47809,-0.22086,-0.02679,0.00978,-0.26841,0.24518,-2.71082,3.34315,0.71270,-2.38964,0.53404,0.71067,0.24274,-0.28405,-0.57361,0.33593,0.14346,0.10826,0.34188,-0.08875,-0.35190,0.11548,6.000,6.000,12.000,12.000,6.000,6.000,6.000,6.000,12.000,12.000,6.000,6.000,6.000,6.000,6.000,6.000
3.3250,-0.01197,0.08254,0.46167,0.99815,-0.03101,-0.03304,-0.04049,0.00702,0.06707,0.30344,0.30051,0.06781,0.06894,1,0.04380,0.06781,0.037647,-0.05564,-2.0138,-0.0032,1.7517,2.3845,-0.2532,7.2499,20.0079,1,0.04900,0.01900,0.3748,0.0000,0.009471,0.077313,8.2376,7.3375,9.1258,-3.3888,-12.5183,57.6863,0.0000,0.0000,0.0000,0.0000,0.0000,0.0000,-0.049000,-0.019000,10.9174,0.009261,0.018939,57.6863,0.000000,0.000000,0.0000,0.000000,0.000000,0.0000,-0.10667,-0.21974,-0.44666,1.04534,-0.52077,0.06248,0.33082,0.04282,-0.66791,1.13490,-0.47329,-0.21693,-0.02413,0.00370,-0.27477,0.24924,-2.71082,3.34315,0.71270,-2.38964,0.53404,0.71067,0.24274,-0.28405,-0.57361,0.33593,0.14346,0.10826,0.34188,-0.08875,-0.35190,0.11548,6.000,6.000,12.000,12.000,6.000,6.000,6.000,6.000,12.000,12.000,6.000,6.000,6.000,6.000,6.000,6.000
3.3300,-0.01218,0.08209,0.46156,0.99817,-0.03096,-0.03339,-0.03978,0.00693,0.06693,0.30338,0.30051,0.06853,0.06804,1,0.04386,0.06853,0.037327,-0.06898,-0.3297,-0.0030,1.9611,2.8621,0.1818,9.8727,19.4239,1,0.04900,0.01900,0.3025,0.0000,0.008375,0.077482,10.4439,9.0946,11.8838,-2.5161,-10.3078,58.4683,0.0000,0.0000,0.0000,0.0000,0.0000,0.0000,-0.049000,-0.019000,13.9154,0.008143,0.018945,58.4683,0.000000,0.000000,0.0000,0.000000,0.000000,0.0000,-0.10772,-0.22210,-0.44267,1.03778,-0.51656,0.09261,0.34231,0.04906,-0.67375,1.13596,-0.46851,-0.21299,-0.02148,-0.00247,-0.28101,0.25324,-2.71082,3.34315,0.71270,-2.38964,0.53404,0.71067,0.24274,-0.28405,-0.57361,0.33593,0.14346,0.10826,0.34188,-0.08875,-0.35190,0.11548,6.000,6.000,12.000,12.000,6.000,6.000,6.000,6.000,12.000,12.000,6.000,6.000,6.000,6.000,6.000,6.000
3.3350,-0.01238,0.08165,0.46143,0.99819,-0.03114,-0.03370,-0.03890,0.00683,0.06675,0.30330,0.30051,0.06918,0.06694,1,0.04395,0.06918,0.036942,-0.08234,1.2533,-0.0027,2.1383,3.2171,0.5738,13.1437,18.7572,1,0.04900,0.01900,0.2799,0.0000,0.007901,0.077525,12.1698,10.2837,14.3008,-2.1628,-9.7315,59.3729,0.0000,0.0000,0.0000,0.0000,0.0000,0.0000,-0.049000,-0.019000,16.3258,0.007661,0.018954,59.3729,0.000000,0.000000,0.0000,0.000000,0.000000,0.0000,-0.10902,-0.22421,-0.43848,1.02960,-0.51188,0.12692,0.35377,0.05568,-0.67987,1.13679,-0.46377,-0.20905,-0.01985,-0.00682,-0.28705,0.25721,-2.71082,3.34315,0.71270,-2.38964,0.53404,0.71067,0.24274,-0.28405,-0.57361,0.33593,0.14346,0.10826,0.34188,-0.08875,-0.35190,0.11548,6.000,6.000,12.000,12.000,6.000,6.000,6.000,6.000,12.000,12.000,6.000,6.000,6.000,6.000,6.000,6.000
3.3400,-0.01259,0.08122,0.46127,0.99821,-0.03156,-0.03398,-0.03789,0.00673,0.06653,0.30320,0.30051,0.06977,0.06571,1,0.04405,0.06977,0.036485,-0.09744,2.9412,-0.0023,2.3017,3.5060,0.9498,17.0571,18.0778,1,0.04900,0.01900,0.2639,0.0000,0.007645,0.077532,13.6342,11.1029,16.5970,-2.0149,-9.1311,59.0701,0.0000,0.0000,0.0000,0.0000,0.0000,0.0000,-0.011469,-0.002716,18.4377,0.007402,0.018964,59.0701,0.000000,0.000000,0.0000,0.000000,0.000000,0.0000,-0.11056,-0.22595,-0.43406,1.02079,-0.50676,0.16464,0.36529,0.06264,-0.68629,1.13741,-0.45907,-0.20511,-0.01908,-0.00959,-0.29292,0.26117,-2.71082,3.34315,0.71270,-2.38964,0.53404,0.71067,0.24274,-0.28405,-0.57361,0.33593,0.14346,0.10826,0.34188,-0.08875,-0.35190,0.11548,6.000,6.000,12.000,12.000,6.000,6.000,6.000,6.000,12.000,12.000,6.000,6.000,6.000,6.000,6.000,6.000
3.3450,-0.01279,0.08079,0.46108,0.99822,-0.03218,-0.03422,-0.03675,0.00662,0.06628,0.30307,0.30051,0.07029,0.06439,1,0.04418,0.07029,0.035947,-0.11475,4.8833,-0.0018,2.4607,3.7423,1.3610,20.8238,17.3957,1,0.04900,0.01900,0.2558,0.0000,0.007467,0.077529,15.0081,11.6901,18.9619,-1.9741,-8.7503,58.4442,0.0000,0.0000,0.0000,0.0000,0.0000,0.0000,-0.049000,-0.019000,20.4819,0.007222,0.018975,58.4442,0.000000,0.000000,0.0000,0.000000,0.000000,0.0000,-0.11232,-0.22732,-0.42933,1.01120,-0.50114,0.20538,0.37691,0.06987,-0.69305,1.13786,-0.45444,-0.20115,-0.01889,-0.01123,-0.29866,0.26515,-2.71082,3.34315,0.71270,-2.38964,0.53404,0.71067,0.24274,-0.28405,-0.57361,0.33593,0.14346,0.10826,0.34188,-0.08875,-0.35190,0.11548,6.000,6.000,12.000,12.000,6.000,6.000,6.000,6.000,12.000,12.000,6.000,6.000,6.000,6.000,6.000,6.000
3.3500,-0.01299,0.08037,0.46087,0.99823,-0.03301,-0.03442,-0.03551,0.00650,0.06600,0.30292,0.30051,0.07074,0.06298,1,0.04432,0.07074,0.035314,-0.13439,7.1318,-0.0013,2.6205,3.9416,1.8247,24.4747,16.7036,1,0.04900,0.01900,0.2522,0.0000,0.007301,0.077528,16.3844,12.1015,21.5115,-1.9865,-8.4836,57.5932,0.0000,0.0000,0.0000,0.0000,0.0000,0.0000,-0.049000,-0.019000,22.5904,0.007052,0.018986,57.5932,0.000000,0.000000,0.0000,0.000000,0.000000,0.0000,-0.11430,-0.22828,-0.42419,1.00064,-0.49495,0.24891,0.38865,0.07731,-0.70016,1.13816,-0.44988,-0.19720,-0.01911,-0.01207,-0.30429,0.26914,-2.71082,3.34315,0.71270,-2.38964,0.53404,0.71067,0.24274,-0.28405,-0.57361,0.33593,0.14346,0.10826,0.34188,-0.08875,-0.35190,0.11548,6.000,6.000,12.000,12.000,6.000,6.000,6.000,6.000,12.000,12.000,6.000,6.000,6.000,6.000,6.000,6.000
3.3550,-0.01318,0.07994,0.46063,0.99824,-0.03402,-0.03458,-0.03416,0.00637,0.06568,0.30275,0.30051,0.07113,0.06150,1,0.04447,0.07113,0.034596,-0.13700,9.7163,-0.0006,2.7835,4.1124,2.3538,28.0401,15.9892,1,0.04900,0.01900,0.2508,0.0000,0.007104,0.077532,17.5652,12.4854,24.4541,-2.0201,-8.2683,56.5799,0.0000,0.0000,0.0000,0.0000,0.0000,0.0000,-0.049000,-0.019000,24.9768,0.006851,0.018995,56.5799,0.000000,0.000000,0.0000,0.000000,0.000000,0.0000,-0.11651,-0.22876,-0.41880,0.98936,-0.48831,0.29421,0.40050,0.08487,-0.70764,1.13835,-0.44540,-0.19323,-0.01963,-0.01233,-0.30982,0.27316,-2.71082,3.34315,0.71270,-2.38964,0.53404,0.71067,0.24274,-0.28405,-0.57361,0.33593,0.14346,0.10826,0.34188,-0.08875,-0.35190,0.11548,6.000,6.000,12.000,12.000,6.000,6.000,6.000,6.000,12.000,12.000,6.000,6.000,6.000,6.000,6.000,6.000
3.3600,-0.01337,0.07951,0.46041,0.99825,-0.03495,-0.03470,-0.03267,0.00624,0.06534,0.30254,0.30051,0.07143,0.05998,1,0.04463,0.07143,0.034099,-0.07735,11.0744,0.0001,2.8115,3.9092,2.6165,30.5212,15.1782,1,0.04900,0.01900,0.4164,0.0000,-0.004805,0.052027,17.7566,11.4168,25.2040,8.5404,19.1384,83.9003,0.0000,0.0000,0.0000,0.0000,0.0000,0.0000,-0.049000,-0.009391,25.0700,0.000399,-0.008363,83.9003,0.000000,0.000000,0.0000,0.000000,0.000000,0.0000,-0.11914,-0.22793,-0.41676,0.98435,-0.48445,0.32623,0.41219,0.09179,-0.71508,1.13835,-0.44105,-0.18920,-0.02044,-0.01206,-0.31528,0.27719,-2.71082,3.34315,0.71270,-2.38964,0.53404,0.71067,0.24274,-0.28405,-0.57361,0.33593,0.14346,0.10826,0.34188,-0.08875,-0.35190,0.11548,6.000,6.000,12.000,12.000,6.000,6.000,6.000,6.000,12.000,12.000,6.000,6.000,6.000,6.000,6.000,6.000
3.3650,-0.01358,0.07908,0.46023,0.99828,-0.03558,-0.03490,-0.03075,0.00612,0.06504,0.30238,0.30051,0.07162,0.05894,1,0.04480,0.07162,0.033838,-0.03773,7.0967,0.0006,2.3677,2.5178,1.5670,28.0394,14.8043,0,0.04900,0.01900,0.3415,0.0000,-0.002770,0.047554,15.6981,16.6929,75.4293,6.0558,15.6943,82.1218,0.0000,0.0000,0.0000,0.0000,0.0000,0.0000,-0.028034,-0.014887,74.5834,0.003306,-0.012346,82.1218,0.000000,0.000000,0.0000,0.000000,0.000000,0.0000,-0.12276,-0.22650,-0.41746,0.98468,-0.48305,0.34429,0.42323,0.09642,-0.72115,1.13941,-0.43679,-0.18509,-0.02153,-0.01147,-0.32071,0.28117,-4.10780,6.33840,0.82426,-2.25140,0.05190,0.81276,-0.23197,-3.88451,1.38447,1.51989,0.47974,0.05225,0.76713,0.09437,-0.55274,0.07969,6.000,6.000,12.000,12.000,6.000,6.000,6.000,6.000,12.000,12.000,6.000,6.000,6.000,6.000,6.000,6.000
3.3700,-0.01380,0.07866,0.46009,0.99833,-0.03588,-0.03525,-0.02830,0.00604,0.06477,0.30228,0.30051,0.07194,0.05840,1,0.04494,0.07194,0.033705,-0.02411,4.3428,0.0008,2.0342,2.3060,0.8896,23.0484,17.0863,1,0.04900,0.01900,0.1022,0.0000,-0.011874,0.050293,8.9926,5.2256,13.3003,4.6203,0.1233,75.3876,0.0000,0.0000,0.0000,0.0000,0.0000,0.0000,-0.049000,0.007722,12.8749,-0.006155,-0.011597,75.3876,0.000000,0.000000,0.0000,0.000000,0.000000,0.0000,-0.12759,-0.22496,-0.41935,0.98745,-0.48283,0.35096,0.43354,0.09795,-0.72517,1.14222,-0.43249,-0.18112,-0.02284,-0.01072,-0.32621,0.28507,-4.10780,6.33840,0.82426,-2.25140,0.05190,0.81276,-0.23197,-3.88451,1.38447,1.51989,0.47974,0.05225,0.76713,0.09437,-0.55274,0.07969,6.000,6.000,12.000,12.000,6.000,6.000,6.000,6.000,12.000,12.000,6.000,6.000,6.000,6.000,6.000,6.000
3.3750,-0.01403,0.07826,0.45998,0.99839,-0.03588,-0.03573,-0.02538,0.00597,0.06451,0.30221,0.30051,0.07248,0.05824,1,0.04507,0.07248,0.033637,-0.00498,3.4640,0.0010,1.7376,2.2036,0.4951,18.2301,19.3992,1,0.04900,0.01900,0.1122,0.0000,-0.012932,0.043142,6.9482,3.9650,10.3400,4.4128,1.5956,69.7188,0.0000,0.0000,0.0000,0.0000,0.0000,0.0000,-0.049000,-0.003809,9.9691,-0.005716,-0.018917,69.7188,0.000000,0.000000,0.0000,0.000000,0.000000,0.0000,-0.13342,-0.22347,-0.42164,0.99104,-0.48299,0.34885,0.44333,0.09655,-0.72718,1.14662,-0.42791,-0.17716,-0.02431,-0.00993,-0.33183,0.28893,-4.10780,6.33840,0.82426,-2.25140,0.05190,0.81276,-0.23197,-3.88451,1.38447,1.51989,0.47974,0.05225,0.76713,0.09437,-0.55274,0.07969,6.000,6.000,12.000,12.000,6.000,6.000,6.000,6.000,12.000,12.000,6.000,6.000,6.000,6.000,6.000,6.000
3.3800,-0.01426,0.07788,0.45990,0.99846,-0.03567,-0.03631,-0.02207,0.00592,0.06425,0.30216,0.30051,0.07324,0.05835,1,0.04519,0.07324,0.033658,0.00955,2.0414,0.0010,1.5691,2.5829,0.0539,14.4502,21.2704,1,0.04900,0.01900,0.1643,0.0000,-0.009962,0.048572,5.5365,3.1599,8.2368,2.0860,-6.8042,72.2222,0.0000,0.0000,0.0000,0.0000,0.0000,0.0000,-0.049000,0.019000,7.9423,-0.003907,-0.013105,72.2222,0.000000,0.000000,0.0000,0.000000,0.000000,0.0000,-0.14000,-0.22256,-0.42416,0.99508,-0.48334,0.34390,0.45272,0.09253,-0.72724,1.15235,-0.42287,-0.17313,-0.02584,-0.00924,-0.33762,0.29273,-4.10780,6.33840,0.82426,-2.25140,0.05190,0.81276,-0.23197,-3.88451,1.38447,1.51989,0.47974,0.05225,0.76713,0.09437,-0.55274,0.07969,6.000,6.000,12.000,12.000,6.000,6.000,6.000,6.000,12.000,12.000,6.000,6.000,6.000,6.000,6.000,6.000
3.3850,-0.01449,0.07753,0.45985,0.99852,-0.03531,-0.03695,-0.01839,0.00587,0.06396,0.30214,0.30051,0.07415,0.05855,1,0.04531,0.07415,0.033734,0.01817,0.8433,0.0010,1.4635,3.1835,-0.3348,11.7077,22.6146,1,0.04900,0.01900,0.2096,0.0000,-0.009524,0.049047,4.1641,2.8508,7.0471,1.4822,-8.7549,70.6112,0.0000,0.0000,0.0000,0.0000,0.0000,0.0000,-0.049000,0.019000,6.8052,-0.003563,-0.012638,70.6112,0.000000,0.000000,0.0000,0.000000,0.000000,0.0000,-0.14722,-0.22215,-0.42672,0.99902,-0.48350,0.33753,0.46177,0.08614,-0.72543,1.15923,-0.41738,-0.16910,-0.02742,-0.00865,-0.34356,0.29646,-4.10780,6.33840,0.82426,-2.25140,0.05190,0.81276,-0.23197,-3.88451,1.38447,1.51989,0.47974,0.05225,0.76713,0.09437,-0.55274,0.07969,6.000,6.000,12.000,12.000,6.000,6.000,6.000,6.000,12.000,12.000,6.000,6.000,6.000,6.000,6.000,6.000
3.3900,-0.01472,0.07722,0.45982,0.99858,-0.03486,-0.03761,-0.01438,0.00583,0.06364,0.30214,0.30051,0.07516,0.05877,1,0.04545,0.07516,0.033838,0.02213,0.0305,0.0009,1.3888,3.9065,-0.6377,9.8387,23.3626,1,0.04900,0.01900,0.2412,0.0000,-0.009160,0.049476,1.9902,3.3556,7.0631,1.0015,-9.9421,69.0690,0.0000,0.0000,0.0000,0.0000,0.0000,0.0000,-0.049000,0.019000,6.8352,-0.003284,-0.012212,69.0690,0.000000,0.000000,0.0000,0.000000,0.000000,0.0000,-0.15502,-0.22211,-0.42929,1.00256,-0.48326,0.33053,0.47051,0.07760,-0.72181,1.16708,-0.41146,-0.16510,-0.02905,-0.00818,-0.34966,0.30013,-4.10780,6.33840,0.82426,-2.25140,0.05190,0.81276,-0.23197,-3.88451,1.38447,1.51989,0.47974,0.05225,0.76713,0.09437,-0.55274,0.07969,6.000,6.000,12.000,12.000,6.000,6.000,6.000,6.000,12.000,12.000,6.000,6.000,6.000,6.000,6.000,6.000
3.3950,-0.01494,0.07693,0.45981,0.99863,-0.03436,-0.03825,-0.01006,0.00580,0.06328,0.30216,0.30051,0.07618,0.05901,1,0.04563,0.07618,0.033953,0.02312,-0.4536,0.0008,1.3381,4.7100,-0.8627,8.7052,23.4962,1,0.04900,0.01900,0.2682,0.0000,-0.008966,0.050068,-0.0399,4.1621,7.6772,0.6794,-10.9029,67.9022,0.0000,0.0000,0.0000,0.0000,0.0000,0.0000,-0.049000,0.019000,7.4493,-0.003203,-0.011644,67.9022,0.000000,0.000000,0.0000,0.000000,0.000000,0.0000,-0.16340,-0.22234,-0.43192,1.00562,-0.48253,0.32341,0.47892,0.06709,-0.71645,1.17574,-0.40516,-0.16113,-0.03074,-0.00780,-0.35593,0.30373,-4.10780,6.33840,0.82426,-2.25140,0.05190,0.81276,-0.23197,-3.88451,1.38447,1.51989,0.47974,0.05225,0.76713,0.09437,-0.55274,0.07969,6.000,6.000,12.000,12.000,6.000,6.000,6.000,6.000,12.000,12.000,6.000,6.000,6.000,6.000,6.000,6.000
3.4000,-0.01515,0.07668,0.45981,0.99866,-0.03384,-0.03883,-0.00545,0.00577,0.06288,0.30219,0.30051,0.07715,0.05924,1,0.04589,0.07715,0.034066,0.02234,-0.7173,0.0007,1.3031,5.5781,-1.0299,8.1849,22.9846,1,0.04900,0.01900,0.2899,0.0000,-0.008910,0.050739,-1.9639,5.2074,8.7445,0.4750,-11.6550,67.0689,0.0000,0.0000,0.0000,0.0000,0.0000,0.0000,-0.049000,0.019000,8.5101,-0.003275,-0.011014,67.0689,0.000000,0.000000,0.0000,0.000000,0.000000,0.0000,-0.17234,-0.22273,-0.43474,1.00820,-0.48126,0.31647,0.48699,0.05479,-0.70940,1.18506,-0.39851,-0.15721,-0.03250,-0.00749,-0.36236,0.30726,-4.10780,6.33840,0.82426,-2.25140,0.05190,0.81276,-0.23197,-3.88451,1.38447,1.51989,0.47974,0.05225,0.76713,0.09437,-0.55274,0.07969,6.000,6.000,12.000,12.000,6.000,6.000,6.000,6.000,12.000,12.000,6.000,6.000,6.000,6.000,6.000,6.000
3.4050,-0.01533,0.07645,0.45981,0.99867,-0.03333,-0.03931,-0.00056,0.00574,0.06244,0.30222,0.30051,0.07799,0.05947,1,0.04624,0.07799,0.034173,0.02061,-0.8378,0.0006,1.2780,6.4969,-1.1572,8.1624,21.8077,1,0.04900,0.01900,0.3063,0.0000,-0.009004,0.051436,-3.8068,6.4307,10.1342,0.3561,-12.2176,66.5184,0.0000,0.0000,0.0000,0.0000,0.0000,0.0000,-0.048999,0.019000,9.8930,-0.003499,-0.010381,66.5184,0.000000,0.000000,0.0000,0.000000,0.000000,0.0000,-0.18185,-0.22319,-0.43791,1.01040,-0.47943,0.30991,0.49467,0.04081,-0.70074,1.19491,-0.39153,-0.15332,-0.03435,-0.00724,-0.36894,0.31074,-4.10780,6.33840,0.82426,-2.25140,0.05190,0.81276,-0.23197,-3.88451,1.38447,1.51989,0.47974,0.05225,0.76713,0.09437,-0.55274,0.07969,6.000,6.000,12.000,12.000,6.000,6.000,6.000,6.000,12.000,12.000,6.000,6.000,6.000,6.000,6.000,6.000
3.4100,-0.01528,0.07634,0.45992,0.99862,-0.03456,-0.03900,0.00630,0.00571,0.06195,0.30227,0.30051,0.07863,0.05967,1,0.04599,0.07863,0.035114,0.25715,-0.8706,0.0005,1.2585,7.4546,-1.2596,8.5342,19.9475,1,0.04900,0.01900,0.3176,0.0000,-0.009248,0.052122,-5.4493,7.7804,11.7925,0.2966,-12.6103,66.2032,0.0000,0.0000,0.0000,0.0000,0.0000,0.0000,0.011667,0.019000,11.5468,-0.003867,-0.009782,66.2032,0.000000,0.000000,0.0000,0.000000,0.000000,0.0000,-0.16297,-0.21787,-0.44171,1.03349,-0.49361,0.28884,0.46140,0.03797,-0.68171,1.19401,-0.43242,-0.14491,-0.03430,-0.00671,-0.34612,0.22492,6.00000,2.89795,-0.62561,0.78428,-1.87980,-2.09565,-6.00000,5.10901,-1.95486,-5.15560,-5.20442,0.74631,1.21464,0.00741,6.00000,-6.00000,6.000,6.000,12.000,12.000,6.000,6.000,6.000,6.000,12.000,12.000,6.000,6.000,6.000,6.000,6.000,6.000
3.4150,-0.01505,0.07624,0.46000,0.99852,-0.03666,-0.03807,0.01277,0.00568,0.06147,0.30229,0.30051,0.07753,0.06002,1,0.04538,0.07753,0.035668,0.00653,-13.8711,-0.0005,5.1195,5.5078,0.3361,56.6519,-0.9531,0,0.04900,0.01900,1.1669,0.0000,0.040803,0.033395,33.5836,34.4324,68.4922,-0.4605,0.0000,0.6578,0.0000,0.0000,0.0000,0.0000,0.0000,0.0000,-0.049022,-0.005970,68.0368,0.048998,-0.018996,0.6578,0.000000,0.000000,0.0000,0.000000,0.000000,0.0000,-0.11267,-0.21010,-0.43166,1.04990,-0.52995,0.24423,0.41030,0.04187,-0.66278,1.18372,-0.48348,-0.13357,-0.03260,-0.00528,-0.31450,0.13618,2.63202,-4.40250,0.84035,-4.13045,-2.81119,-1.55004,-0.46431,4.75062,-5.56873,-2.57651,-1.46274,0.37162,-0.97013,-0.07019,1.09927,-0.66025,6.000,6.000,12.000,12.000,6.000,6.000,6.000,6.000,12.000,12.000,6.000,6.000,6.000,6.000,6.000,6.000
3.4200,-0.01475,0.07608,0.45998,0.99842,-0.03861,-0.03685,0.01733,0.00563,0.06101,0.30214,0.30051,0.07516,0.05966,1,0.04486,0.07516,0.035306,-0.10220,0.8454,-0.0010,8.7954,5.9247,3.9020,50.2962,-5.4146,0,0.04900,0.01900,0.0000,0.0000,0.000000,0.000000,58.3138,39.2806,90.9105,0.0000,0.0000,0.0000,0.0000,0.0000,0.0000,0.0000,0.0000,0.0000,-0.049017,-0.019016,92.3517,0.000000,0.000000,0.0000,0.000000,0.000000,0.0000,0.000000,0.000000,0.0000,-0.04454,-0.20336,-0.40796,1.04522,-0.57299,0.23331,0.36761,0.04651,-0.65135,1.17287,-0.51960,-0.12214,-0.03025,-0.00281,-0.28943,0.08502,4.03783,-1.51895,0.12408,-4.93186,-2.68078,-0.19494,-0.36227,4.69208,-3.20594,-1.23968,-1.08432,0.38116,-0.60239,0.02135,1.21289,-0.63889,6.000,6.000,12.000,12.000,6.000,6.000,6.000,6.000,12.000,12.000,6.000,6.000,6.000,6.000,6.000,6.000
3.4250,-0.01438,0.07586,0.45994,0.99833,-0.04060,-0.03553,0.02059,0.00559,0.06057,0.30184,0.30051,0.07866,0.05838,1,0.04447,0.07866,0.034559,-0.14388,11.5923,-0.0006,8.9063,5.7759,5.2735,49.4504,-8.2042,0,0.04900,0.01900,0.8944,0.0000,-0.051900,0.076989,59.0490,38.2941,100.0037,11.0573,26.9716,54.3270,0.0000,0.0000,0.0000,0.0000,0.0000,0.0000,-0.049006,-0.019006,100.8586,-0.048992,0.018974,54.3270,0.000000,0.000000,0.0000,0.000000,0.000000,0.0000,0.03202,-0.19419,-0.38271,1.03432,-0.60102,0.26615,0.33116,0.05321,-0.64398,1.16276,-0.54858,-0.11099,-0.02712,-0.00017,-0.26612,0.04969,4.45001,0.01049,-0.93362,-5.52296,-2.72511,0.95598,-0.29304,4.29546,-1.35093,-0.24421,-0.80251,0.36992,-0.27377,0.07956,1.13085,-0.64306,6.000,6.000,12.000,12.000,6.000,6.000,6.000,6.000,12.000,12.000,6.000,6.000,6.000,6.000,6.000,6.000
3.4300,-0.01394,0.07567,0.45988,0.99822,-0.04266,-0.03426,0.02392,0.00557,0.06022,0.30149,0.30051,0.08282,0.05731,1,0.04417,0.08282,0.033779,-0.13161,15.5008,0.0001,6.6310,4.4114,5.3348,50.8372,-8.2770,0,0.04900,0.01900,0.4335,0.0000,-0.051197,0.045040,43.9637,29.2474,100.4103,14.3042,16.4993,83.9693,0.0000,0.0000,0.0000,0.0000,0.0000,0.0000,-0.020946,-0.019000,99.8932,-0.048989,-0.008853,83.9693,0.000000,0.000000,0.0000,0.000000,0.000000,0.0000,0.08613,-0.18470,-0.36909,1.02621,-0.60657,0.29302,0.29819,0.06158,-0.63720,1.15400,-0.57470,-0.10026,-0.02348,-0.00029,-0.24154,0.02091,4.48478,1.79392,-0.88044,-4.27055,-0.77895,1.49462,-0.37385,2.94445,-0.29003,0.28798,-0.65675,0.33480,0.03547,0.10744,0.97871,-0.66452,6.000,6.000,12.000,12.000,6.000,6.000,6.000,6.000,12.000,12.000,6.000,6.000,6.000,6.000,6.000,6.000
3.4350,-0.01351,0.07552,0.45982,0.99809,-0.04459,-0.03301,0.02729,0.00561,0.05993,0.30118,0.30051,0.08710,0.05667,1,0.04396,0.08710,0.033397,-0.04555,13.4938,0.0009,2.5869,3.3820,4.5728,51.9235,-7.1826,0,0.04900,0.01900,0.1851,0.0000,-0.005710,0.040572,17.1514,22.4227,95.3577,0.1945,10.0947,90.9200,0.0000,0.0000,0.0000,0.0000,0.0000,0.0000,0.043797,-0.019015,94.8127,-0.004784,-0.016233,90.9200,0.000000,0.000000,0.0000,0.000000,0.000000,0.0000,0.11874,-0.17728,-0.36546,1.02585,-0.60812,0.31058,0.26745,0.06995,-0.63088,1.14620,-0.59939,-0.08994,-0.02050,-0.00193,-0.21581,-0.00497,5.00541,3.66616,1.31302,-0.78610,3.70006,1.47617,-0.73159,0.85745,-1.10516,-0.21680,-0.81841,0.28845,0.03827,-0.00816,1.13274,-0.65500,6.000,6.000,12.000,12.000,6.000,6.000,6.000,6.000,12.000,12.000,6.000,6.000,6.000,6.000,6.000,6.000
3.4400,-0.01312,0.07539,0.45978,0.99794,-0.04638,-0.03170,0.03087,0.00565,0.05966,0.30095,0.30051,0.09112,0.05617,1,0.04383,0.09112,0.033307,-0.00257,5.7363,0.0013,0.6830,2.8400,2.7236,50.7451,-9.1509,0,0.04900,0.01900,0.1232,0.0000,0.044636,0.048216,4.5285,18.8291,83.0980,-4.9884,4.5629,91.4606,0.0000,0.0000,0.0000,0.0000,0.0000,0.0000,0.049017,-0.019017,82.3927,0.045755,-0.016759,91.4606,0.000000,0.000000,0.0000,0.000000,0.000000,0.0000,0.13680,-0.17143,-0.36877,1.03108,-0.60888,0.32092,0.23817,0.07752,-0.62512,1.13930,-0.62304,-0.08013,-0.01877,-0.00323,-0.19015,-0.02422,4.39918,4.23797,-0.08227,-1.40080,2.90327,1.11294,-0.74514,-0.03063,-0.07901,0.33988,-0.63930,0.26141,0.15229,0.01815,0.77155,-0.70663,6.000,6.000,12.000,12.000,6.000,6.000,6.000,6.000,12.000,12.000,6.000,6.000,6.000,6.000,6.000,6.000
3.4450,-0.01278,0.07528,0.45975,0.99779,-0.04805,-0.03032,0.03458,0.00566,0.05940,0.30081,0.30051,0.09484,0.05582,1,0.04382,0.09484,0.033366,0.02017,2.3661,0.0014,1.1096,2.7972,1.7855,49.3603,-10.9940,0,0.04900,0.01900,0.1861,0.0000,0.045992,0.050299,7.3566,18.5455,76.8783,-8.6574,2.1914,79.9880,0.0000,0.0000,0.0000,0.0000,0.0000,0.0000,0.049003,-0.008171,76.0355,0.047283,-0.016135,79.9880,0.000000,0.000000,0.0000,0.000000,0.000000,0.0000,0.14515,-0.16645,-0.37635,1.03956,-0.60979,0.32535,0.21105,0.08414,-0.62060,1.13425,-0.64451,-0.07107,-0.01799,-0.00423,-0.16525,-0.03565,3.90628,3.18325,0.40895,-0.89320,2.88349,0.03161,-0.75950,0.37079,-0.67989,0.04620,-0.70336,0.25634,-0.00041,0.00621,0.81679,-0.45182,6.000,6.000,12.000,12.000,6.000,6.000,6.000,6.000,12.000,12.000,6.000,6.000,6.000,6.000,6.000,6.000
3.4500,-0.01249,0.07516,0.45971,0.99761,-0.04961,-0.02890,0.03841,0.00565,0.05914,0.30073,0.30051,0.09829,0.05564,1,0.04399,0.09829,0.033515,0.03574,0.4511,0.0013,1.3189,3.1347,0.9844,48.3029,-12.7041,0,0.04900,0.01900,0.1573,1.1222,0.045282,0.062653,8.7443,20.7828,71.5670,-6.4542,2.4073,73.0041,0.0000,0.0000,0.0000,-0.2001,-4.9183,7.3121,0.049020,-0.009009,70.5788,0.048990,-0.004649,73.0041,0.000000,0.000000,0.0000,-0.048964,0.018980,7.3121,0.14720,-0.16199,-0.38669,1.05009,-0.61090,0.32543,0.18771,0.08950,-0.61880,1.13290,-0.66130,-0.06332,-0.01789,-0.00489,-0.14064,-0.04151,3.55620,2.14092,0.68583,-0.58638,2.83396,-0.14009,-0.70708,1.03337,-1.02530,-0.07694,-0.65769,0.23992,-0.08896,0.00316,0.83306,-0.26546,6.000,6.000,12.000,12.000,6.000,6.000,6.000,6.000,12.000,12.000,6.000,6.000,6.000,6.000,6.000,6.000
3.4550,-0.01223,0.07503,0.45965,0.99742,-0.05106,-0.02744,0.04229,0.00561,0.05887,0.30068,0.30051,0.10152,0.05560,1,0.04429,0.10152,0.033725,0.04626,-1.0339,0.0011,1.6173,3.2406,0.3734,47.4276,-14.2129,0,0.04900,0.01900,0.1668,1.1669,0.045041,0.063390,10.7225,21.4851,67.5159,-4.9734,4.6443,67.9917,0.0000,0.0000,0.0000,0.0000,-4.5459,6.4942,0.049003,-0.004967,66.5533,0.048986,-0.004375,67.9917,0.000000,0.000000,0.0000,-0.048935,0.018970,6.4942,0.14534,-0.15793,-0.39895,1.06207,-0.61200,0.32249,0.16712,0.09415,-0.61961,1.13456,-0.67458,-0.05664,-0.01825,-0.00527,-0.11614,-0.04353,3.23623,1.36086,1.19351,-0.18614,2.87970,-0.52580,-0.64826,1.45819,-1.54719,-0.28334,-0.62680,0.21668,-0.15912,0.00261,0.85320,-0.13368,6.000,6.000,12.000,12.000,6.000,6.000,6.000,6.000,12.000,12.000,6.000,6.000,6.000,6.000,6.000,6.000
3.4600,-0.01201,0.07488,0.45958,0.99722,-0.05241,-0.02595,0.04611,0.00556,0.05862,0.30067,0.30051,0.10451,0.05565,1,0.04470,0.10451,0.033975,0.05284,-2.2137,0.0009,1.8165,3.2279,0.0381,46.3468,-15.5621,0,0.04900,0.01900,0.1652,1.1669,0.043890,0.068327,12.0436,21.4011,65.2927,-2.7829,5.7404,64.3716,0.0000,0.0000,0.0000,0.0000,-4.0853,5.8361,0.049008,0.000065,64.4407,0.048986,0.000381,64.3716,0.000000,0.000000,0.0000,-0.048933,0.018974,5.8361,0.14117,-0.15417,-0.41251,1.07500,-0.61292,0.31744,0.14879,0.09846,-0.62301,1.13849,-0.68499,-0.05085,-0.01892,-0.00541,-0.09168,-0.04297,3.04237,0.86630,1.58804,0.07164,2.93545,-0.89119,-0.60300,1.76419,-1.96620,-0.45353,-0.60381,0.19630,-0.21889,0.00208,0.86928,-0.04396,6.000,6.000,12.000,12.000,6.000,6.000,6.000,6.000,12.000,12.000,6.000,6.000,6.000,6.000,6.000,6.000
3.4650,-0.01181,0.07471,0.45947,0.99702,-0.05365,-0.02443,0.04979,0.00550,0.05836,0.30067,0.30051,0.10725,0.05577,1,0.04518,0.10725,0.034208,0.04340,-3.1409,0.0007,1.9240,3.1898,-0.1615,45.1398,-16.7297,0,0.04900,0.01900,0.1654,1.1371,0.042596,0.073814,12.7564,21.1487,63.9693,-1.2006,6.0821,62.4777,0.0000,0.0000,0.0000,-0.1020,-3.8433,5.6362,0.040209,0.005989,63.2578,0.048988,0.005827,62.4777,0.000000,0.000000,0.0000,-0.048951,0.018984,5.6362,0.13574,-0.15062,-0.42621,1.08774,-0.61428,0.31086,0.13245,0.10277,-0.62884,1.14421,-0.69294,-0.04585,-0.01976,-0.00538,-0.06737,-0.04078,2.83643,0.39925,1.33544,-0.31351,2.44953,-1.27541,-0.49945,2.08646,-1.91591,-0.37994,-0.51990,0.17966,-0.25112,0.00336,0.81550,0.00671,6.000,6.000,12.000,12.000,6.000,6.000,6.000,6.000,12.000,12.000,6.000,6.000,6.000,6.000,6.000,6.000
3.4700,-0.01164,0.07450,0.45934,0.99682,-0.05477,-0.02291,0.05320,0.00543,0.05812,0.30067,0.30051,0.10974,0.05592,1,0.04569,0.10974,0.034395,0.03412,-2.7594,0.0004,2.1594,3.2112,-0.0455,43.8490,-17.6430,0,0.04900,0.01900,0.1705,1.1669,0.040332,0.080785,14.3168,21.2901,64.7387,-3.1472,5.0116,57.8536,0.0000,0.0000,0.0000,0.0000,-3.7536,5.3624,0.027052,0.008745,64.1837,0.048383,0.013014,57.8536,0.000000,0.000000,0.0000,-0.048987,0.018996,5.3624,0.12971,-0.14720,-0.43932,1.09971,-0.61674,0.30259,0.11743,0.10744,-0.63643,1.15091,-0.69935,-0.04143,-0.02069,-0.00523,-0.04340,-0.03764,2.71418,0.20458,0.90720,-0.93012,1.79266,-1.46417,-0.39477,2.25465,-1.69893,-0.22778,-0.42213,0.16207,-0.25770,0.00669,0.75875,0.03591,6.000,6.000,12.000,12.000,6.000,6.000,6.000,6.000,12.000,12.000,6.000,6.000,6.000,6.000,6.000,6.000
3.4750,-0.01149,0.07426,0.45918,0.99663,-0.05570,-0.02136,0.05625,0.00534,0.05789,0.30066,0.30051,0.11195,0.05611,1,0.04616,0.11195,0.034557,0.03047,-2.3161,0.0003,2.3740,3.0205,0.2491,41.9955,-18.3826,0,0.04900,0.01900,0.1970,0.0000,0.029112,0.079754,15.7393,20.0262,66.6919,-2.9124,6.2372,58.2353,0.0000,0.0000,0.0000,0.0000,0.0000,0.0000,0.016233,0.014623,66.3414,0.037262,0.014463,58.2353,0.000000,0.000000,0.0000,0.000000,0.000000,0.0000,0.12369,-0.14360,-0.45146,1.11152,-0.62243,0.28868,0.10203,0.11303,-0.64469,1.15710,-0.70591,-0.03724,-0.02159,-0.00507,-0.02033,-0.03406,2.68997,0.18435,0.46739,-1.54460,1.22251,-1.84054,-0.33089,2.33458,-1.42715,-0.07462,-0.36339,0.15271,-0.26479,0.00813,0.71499,0.05192,6.000,6.000,12.000,12.000,6.000,6.000,6.000,6.000,12.000,12.000,6.000,6.000,6.000,6.000,6.000,6.000
3.4800,-0.01140,0.07397,0.45902,0.99650,-0.05633,-0.01983,0.05851,0.00524,0.05769,0.30063,0.30051,0.11375,0.05643,1,0.04660,0.11375,0.034693,0.02533,-2.2841,0.0001,2.8325,2.5092,0.4955,38.4644,-19.1914,0,0.04900,0.01900,0.3330,0.0000,0.025461,0.077298,18.7793,16.6359,68.3258,-7.3224,9.4232,59.7385,0.0000,0.0000,0.0000,0.0000,0.0000,0.0000,0.006541,0.019008,68.2764,0.033181,0.012875,59.7385,0.000000,0.000000,0.0000,0.000000,0.000000,0.0000,0.11810,-0.13968,-0.46189,1.12323,-0.63334,0.26550,0.08395,0.11949,-0.65356,1.16304,-0.71225,-0.03319,-0.02239,-0.00499,-0.00394,-0.03107,2.62590,0.51046,0.18675,-1.97657,0.73365,-2.15195,-0.32993,2.22093,-1.21516,0.03727,-0.32659,0.14474,-0.21930,0.01389,0.65634,0.05686,6.000,6.000,12.000,12.000,6.000,6.000,6.000,6.000,12.000,12.000,6.000,6.000,6.000,6.000,6.000,6.000
3.4850,-0.01137,0.07363,0.45885,0.99641,-0.05670,-0.01833,0.06012,0.00510,0.05754,0.30059,0.30051,0.11490,0.05701,1,0.04703,0.11490,0.034831,0.03528,-2.0907,-0.0000,3.4656,1.9649,0.7096,33.0749,-18.8725,0,0.04900,0.01900,0.3758,0.0000,0.021263,0.074440,22.9767,13.0271,69.7448,-8.5056,10.9292,61.4331,0.0000,0.0000,0.0000,0.0000,0.0000,0.0000,-0.007960,0.019020,69.8812,0.028460,0.011038,61.4331,0.000000,0.000000,0.0000,0.000000,0.000000,0.0000,0.11308,-0.13561,-0.47122,1.13486,-0.64729,0.23576,0.06349,0.12692,-0.66251,1.16859,-0.71834,-0.02932,-0.02308,-0.00495,0.00686,-0.02848,2.51726,0.92813,-0.29315,-2.62089,-0.01060,-2.14011,-0.34154,2.10661,-0.85648,0.22787,-0.25941,0.13823,-0.14323,0.02145,0.55091,0.06000,6.000,6.000,12.000,12.000,6.000,6.000,6.000,6.000,12.000,12.000,6.000,6.000,6.000,6.000,6.000,6.000
3.4900,-0.01136,0.07326,0.45869,0.99634,-0.05697,-0.01686,0.06148,0.00494,0.05743,0.30055,0.30051,0.11550,0.05778,1,0.04743,0.11550,0.035046,0.04889,-3.1068,-0.0002,3.4259,1.7993,0.6035,30.0598,-18.8981,0,0.04900,0.01900,0.2238,0.0000,-0.015300,0.074021,22.7137,11.9295,69.0416,8.5710,3.9426,70.2823,0.0000,0.0000,0.0000,0.0000,0.0000,0.0000,-0.013603,0.019008,69.1283,-0.007228,0.018995,70.2823,0.000000,0.000000,0.0000,0.000000,0.000000,0.0000,0.10882,-0.13212,-0.48194,1.14698,-0.65721,0.20948,0.04141,0.13573,-0.67079,1.17347,-0.72422,-0.02565,-0.02370,-0.00484,0.01453,-0.02605,2.45376,0.82296,-0.59210,-2.95249,-0.24644,-2.00356,-0.29278,2.33600,-0.57953,0.35507,-0.21012,0.13617,-0.12867,0.02245,0.47970,0.06358,6.000,6.000,12.000,12.000,6.000,6.000,6.000,6.000,12.000,12.000,6.000,6.000,6.000,6.000,6.000,6.000
3.4950,-0.01135,0.07286,0.45853,0.99627,-0.05720,-0.01540,0.06270,0.00481,0.05733,0.30051,0.30051,0.11590,0.05846,1,0.04782,0.11590,0.035311,0.05619,-4.5398,-0.0004,2.9986,1.8534,0.3816,29.0409,-18.8930,0,0.04900,0.01900,0.1955,0.0000,-0.018493,0.073197,19.8808,12.2880,67.5705,6.5874,4.5610,68.3250,0.0000,0.0000,0.0000,0.0000,0.0000,0.0000,-0.012267,0.019021,67.6756,-0.010529,0.018984,68.3250,0.000000,0.000000,0.0000,0.000000,0.000000,0.0000,0.10521,-0.12896,-0.49364,1.15930,-0.66381,0.18610,0.01895,0.14602,-0.67815,1.17761,-0.72990,-0.02218,-0.02424,-0.00468,0.02095,-0.02360,2.43915,0.58601,-0.66745,-3.02116,-0.11780,-1.93188,-0.24578,2.59010,-0.43665,0.39192,-0.18585,0.13397,-0.15110,0.01981,0.44039,0.06636,6.000,6.000,12.000,12.000,6.000,6.000,6.000,6.000,12.000,12.000,6.000,6.000,6.000,6.000,6.000,6.000
3.5000,-0.01132,0.07243,0.45838,0.99621,-0.05740,-0.01395,0.06384,0.00470,0.05725,0.30050,0.30051,0.11620,0.05907,1,0.04819,0.11620,0.035592,0.05688,-5.5461,-0.0007,2.7378,1.7871,0.2224,28.4986,-19.3295,0,0.04900,0.01900,0.1671,0.0000,-0.014516,0.074055,18.1519,11.8482,66.5149,3.9175,5.4781,67.1858,0.0000,0.0000,0.0000,0.0000,0.0000,0.0000,-0.013090,0.019008,66.6458,-0.006472,0.018974,67.1858,0.000000,0.000000,0.0000,0.000000,0.000000,0.0000,0.10213,-0.12597,-0.50576,1.17136,-0.66799,0.16518,-0.00244,0.15771,-0.68454,1.18094,-0.73538,-0.01893,-0.02474,-0.00449,0.02806,-0.02102,2.39992,0.55660,-0.76043,-3.15910,-0.12506,-1.79488,-0.19050,2.65893,-0.28851,0.43017,-0.16063,0.12852,-0.16934,0.01738,0.41185,0.06580,6.000,6.000,12.000,12.000,6.000,6.000,6.000,6.000,12.000,12.000,6.000,6.000,6.000,6.000,6.000,6.000
3.5050,-0.01126,0.07198,0.45824,0.99615,-0.05759,-0.01252,0.06488,0.00461,0.05718,0.30049,0.30051,0.11644,0.05962,1,0.04855,0.11644,0.035864,0.05384,-6.0484,-0.0009,2.5819,1.7148,0.1455,28.1768,-19.7686,0,0.04900,0.01900,0.1396,0.0000,-0.013560,0.074204,17.1182,11.3691,66.0048,2.3148,5.0176,65.9792,0.0000,0.0000,0.0000,0.0000,0.0000,0.0000,-0.016453,0.019008,66.1499,-0.005516,0.018967,65.9792,0.000000,0.000000,0.0000,0.000000,0.000000,0.0000,0.09955,-0.12311,-0.51784,1.18276,-0.67042,0.14656,-0.02270,0.17074,-0.68980,1.18346,-0.74057,-0.01588,-0.02518,-0.00427,0.03576,-0.01846,2.37621,0.60655,-0.94603,-3.42792,-0.29510,-1.67051,-0.12283,2.63898,-0.08754,0.49459,-0.12685,0.12172,-0.18735,0.01483,0.38771,0.06098,6.000,6.000,12.000,12.000,6.000,6.000,6.000,6.000,12.000,12.000,6.000,6.000,6.000,6.000,6.000,6.000
3.5100,-0.01119,0.07148,0.45810,0.99611,-0.05768,-0.01114,0.06570,0.00453,0.05713,0.30048,0.30051,0.11664,0.06011,1,0.04890,0.11664,0.036119,0.05041,-6.2391,-0.0012,2.4908,1.6467,0.1127,27.8384,-20.0906,0,0.04900,0.01900,0.1194,0.0000,-0.015354,0.073711,16.5140,10.9176,65.7878,1.3613,4.4793,65.3602,0.0000,0.0000,0.0000,0.0000,0.0000,0.0000,-0.021275,0.019022,65.9292,-0.007383,0.018960,65.3602,0.000000,0.000000,0.0000,0.000000,0.000000,0.0000,0.09750,-0.12052,-0.52933,1.19316,-0.67164,0.12992,-0.03908,0.18409,-0.69438,1.18528,-0.74537,-0.01275,-0.02558,-0.00403,0.04222,-0.01613,2.37157,0.68858,-1.19165,-3.77033,-0.56255,-1.55996,-0.05069,2.57177,0.15209,0.57720,-0.08659,0.11448,-0.20480,0.01233,0.36450,0.05335,6.000,6.000,12.000,12.000,6.000,6.000,6.000,6.000,12.000,12.000,6.000,6.000,6.000,6.000,6.000,6.000
3.5150,-0.01112,0.07096,0.45798,0.99609,-0.05760,-0.00986,0.06626,0.00445,0.05709,0.30047,0.30051,0.11665,0.06054,1,0.04921,0.11665,0.036355,0.04589,-6.3713,-0.0015,2.4540,1.6127,0.0941,25.0685,-19.0202,0,0.04900,0.01900,0.0871,0.0000,-0.020239,0.072497,16.2698,10.6920,65.6641,0.8580,3.2955,65.1837,0.0000,0.0000,0.0000,0.0000,0.0000,0.0000,-0.030962,0.019022,65.8012,-0.012419,0.018954,65.1837,0.000000,0.000000,0.0000,0.000000,0.000000,0.0000,0.09598,-0.11838,-0.53977,1.20233,-0.67207,0.11490,-0.04851,0.19653,-0.69891,1.18661,-0.74970,-0.00927,-0.02596,-0.00374,0.04576,-0.01414,2.38032,0.69274,-1.69562,-4.40974,-1.14115,-1.47094,0.19677,2.60019,0.48608,0.75128,-0.02156,0.12367,-0.21946,0.01139,0.31076,0.05008,6.000,6.000,12.000,12.000,6.000,6.000,6.000,6.000,12.000,12.000,6.000,6.000,6.000,6.000,6.000,6.000
3.5200,-0.01102,0.07040,0.45788,0.99609,-0.05738,-0.00867,0.06663,0.00437,0.05706,0.30046,0.30051,0.11632,0.06094,1,0.04951,0.11632,0.036567,0.04066,-6.3843,-0.0017,2.4375,1.5874,0.0837,22.3703,-17.9765,0,0.04900,0.01900,0.0772,0.0000,-0.028443,0.070512,16.1608,10.5243,65.5949,0.5965,2.9554,65.0703,0.0000,0.0000,0.0000,0.0000,0.0000,0.0000,-0.039298,0.019008,65.7209,-0.020860,0.018947,65.0703,0.000000,0.000000,0.0000,0.000000,0.000000,0.0000,0.09486,-0.11658,-0.54908,1.21027,-0.67212,0.10140,-0.05202,0.20826,-0.70312,1.18754,-0.75362,-0.00549,-0.02630,-0.00342,0.04736,-0.01234,2.40412,0.68905,-2.11895,-4.95546,-1.64009,-1.39133,0.44371,2.64137,0.77010,0.90311,0.03438,0.13386,-0.23234,0.01099,0.26780,0.04914,6.000,6.000,12.000,12.000,6.000,6.000,6.000,6.000,12.000,12.000,6.000,6.000,6.000,6.000,6.000,6.000
3.5250,-0.01090,0.06981,0.45779,0.99610,-0.05706,-0.00756,0.06689,0.00430,0.05704,0.30046,0.30051,0.11573,0.06129,1,0.04977,0.11573,0.036752,0.03533,-6.3010,-0.0019,2.4289,1.5619,0.0767,20.2065,-17.1681,0,0.04900,0.01900,0.0700,0.0000,-0.035548,0.068796,16.1034,10.3554,65.5488,0.4872,2.6879,65.0807,0.0000,0.0000,0.0000,0.0000,0.0000,0.0000,-0.045858,0.019022,65.6531,-0.028167,0.018942,65.0807,0.000000,0.000000,0.0000,0.000000,0.000000,0.0000,0.09404,-0.11505,-0.55727,1.21710,-0.67203,0.08933,-0.05027,0.21939,-0.70686,1.18820,-0.75715,-0.00145,-0.02663,-0.00307,0.04762,-0.01067,2.43875,0.69681,-2.44716,-5.38307,-2.03316,-1.31993,0.66146,2.66710,1.00193,1.02407,0.07994,0.14291,-0.24393,0.01048,0.23735,0.04836,6.000,6.000,12.000,12.000,6.000,6.000,6.000,6.000,12.000,12.000,6.000,6.000,6.000,6.000,6.000,6.000
3.5300,-0.01073,0.06921,0.45772,0.99612,-0.05666,-0.00650,0.06707,0.00423,0.05702,0.30046,0.30051,0.11494,0.06160,1,0.05001,0.11494,0.036911,0.03006,-6.1677,-0.0021,2.4234,1.5356,0.0706,18.4615,-16.4920,0,0.04900,0.01900,0.0636,0.0000,-0.041089,0.067456,16.0671,10.1809,65.5084,0.4437,2.4441,65.1109,0.0000,0.0000,0.0000,0.0000,0.0000,0.0000,-0.049008,0.019008,65.5817,-0.033863,0.018940,65.1109,0.000000,0.000000,0.0000,0.000000,0.000000,0.0000,0.09346,-0.11369,-0.56437,1.22291,-0.67196,0.07856,-0.04390,0.23011,-0.71002,1.18864,-0.76030,0.00282,-0.02692,-0.00272,0.04685,-0.00899,2.47181,0.71556,-2.56975,-5.58608,-2.21098,-1.25335,0.83466,2.69874,1.10714,1.07031,0.10432,0.15114,-0.25025,0.01014,0.22325,0.04994,6.000,6.000,12.000,12.000,6.000,6.000,6.000,6.000,12.000,12.000,6.000,6.000,6.000,6.000,6.000,6.000
3.5350,-0.01052,0.06858,0.45766,0.99613,-0.05627,-0.00552,0.06724,0.00416,0.05702,0.30045,0.30051,0.11401,0.06187,1,0.05028,0.11401,0.037035,0.01999,-5.9973,-0.0022,2.4161,1.5096,0.0662,17.1260,-15.8939,0,0.04900,0.01900,0.0576,0.0000,-0.043478,0.066861,16.0188,10.0088,65.4790,0.4569,2.2041,65.0987,0.0000,0.0000,0.0000,0.0000,0.0000,0.0000,-0.049022,0.018811,65.5161,-0.036319,0.018940,65.0987,0.000000,0.000000,0.0000,0.000000,0.000000,0.0000,0.09315,-0.11236,-0.57036,1.22771,-0.67207,0.06992,-0.03244,0.23989,-0.71329,1.18921,-0.76415,0.00411,-0.02719,-0.00235,0.04530,-0.00737,2.50143,0.75418,-2.50574,-5.58561,-2.19109,-1.18123,0.95757,2.72851,1.09288,1.04231,0.10915,0.15797,-0.25100,0.00990,0.22209,0.05630,6.000,6.000,12.000,12.000,6.000,6.000,6.000,6.000,12.000,12.000,6.000,6.000,6.000,6.000,6.000,6.000
3.5400,-0.01027,0.06799,0.45760,0.99611,-0.05610,-0.00460,0.06779,0.00410,0.05700,0.30045,0.30051,0.11308,0.06208,1,0.05058,0.11308,0.037040,-0.00856,-5.3857,-0.0024,2.0535,2.3228,-0.1907,18.3541,-15.1714,0,0.04900,0.01900,0.9411,0.0000,-0.032490,0.064390,13.6147,15.4003,63.7763,24.1138,-41.8279,85.5144,0.0000,0.0000,0.0000,0.0000,0.0000,0.0000,-0.049022,-0.002541,64.7237,-0.026172,0.013989,85.5144,0.000000,0.000000,0.0000,0.000000,0.000000,0.0000,0.09318,-0.11145,-0.57437,1.22989,-0.67269,0.07256,-0.01421,0.24743,-0.71753,1.18932,-0.77233,-0.00432,-0.02785,-0.00119,0.04332,-0.00627,2.55276,0.45259,-2.73853,-5.69361,-2.22620,0.09850,1.30450,3.04488,1.40765,1.21108,0.09685,-0.03073,-0.22224,0.01458,0.19558,0.04650,6.000,6.000,12.000,12.000,6.000,6.000,6.000,6.000,12.000,12.000,6.000,6.000,6.000,6.000,6.000,6.000
3.5450,-0.00998,0.06743,0.45755,0.99603,-0.05606,-0.00367,0.06906,0.00407,0.05689,0.30045,0.30051,0.11263,0.06197,1,0.05080,0.11263,0.036939,-0.03165,-3.1069,-0.0024,1.6346,3.7646,0.3057,22.6772,-14.6570,1,0.04900,0.01900,1.4258,0.0000,-0.041180,0.066320,10.8371,24.9592,67.0669,18.0218,-49.5640,61.6598,0.0000,0.0000,0.0000,0.0000,0.0000,0.0000,-0.001728,-0.007036,69.4557,-0.034179,0.017859,61.6598,0.000000,0.000000,0.0000,0.000000,0.000000,0.0000,0.09334,-0.11109,-0.57706,1.22964,-0.67310,0.08482,0.00253,0.25283,-0.72056,1.18859,-0.78326,-0.01710,-0.02909,0.00117,0.04159,-0.00551,2.55276,0.45259,-2.73853,-5.69361,-2.22620,0.09850,1.30450,3.04488,1.40765,1.21108,0.09685,-0.03073,-0.22224,0.01458,0.19558,0.04650,6.000,6.000,12.000,12.000,6.000,6.000,6.000,6.000,12.000,12.000,6.000,6.000,6.000,6.000,6.000,6.000
3.5500,-0.00967,0.06692,0.45749,0.99587,-0.05607,-0.00267,0.07129,0.00408,0.05670,0.30041,0.30051,0.11242,0.06164,1,0.05080,0.11242,0.036570,-0.09672,-1.0942,-0.0023,1.0964,4.9628,0.8575,23.2936,-16.9769,0,0.04900,0.01900,0.5597,0.0000,-0.055845,0.063888,7.2690,32.9034,70.7257,7.8229,-15.6911,52.2150,0.0000,0.0000,0.0000,0.0000,0.0000,0.0000,-0.036959,-0.019003,74.0879,-0.048996,0.018946,52.2150,0.000000,0.000000,0.0000,0.000000,0.000000,0.0000,0.09359,-0.11228,-0.57781,1.22344,-0.66933,0.11391,0.01335,0.25739,-0.72006,1.18553,-0.79395,-0.03979,-0.03169,0.00625,0.04048,-0.00503,3.07073,-2.35345,-3.16583,-6.23245,-1.99293,1.13680,2.17914,5.71491,2.38748,1.58585,0.05321,-0.30399,-0.32014,0.07612,0.29084,0.03269,6.000,6.000,12.000,12.000,6.000,6.000,6.000,6.000,12.000,12.000,6.000,6.000,6.000,6.000,6.000,6.000
3.5550,-0.00933,0.06645,0.45745,0.99564,-0.05611,-0.00163,0.07447,0.00410,0.05643,0.30031,0.30051,0.11229,0.06087,1,0.05049,0.11229,0.036011,-0.12083,4.7049,-0.0019,0.7279,6.2330,2.2651,24.6634,-19.1575,0,0.04900,0.01900,0.8390,0.0000,-0.055834,0.063868,4.8260,41.3248,80.0580,9.8158,-20.5009,45.1614,0.0000,0.0000,0.0000,0.0000,0.0000,0.0000,-0.049003,-0.019003,83.7025,-0.048996,0.018957,45.1614,0.000000,0.000000,0.0000,0.000000,0.000000,0.0000,0.09290,-0.11528,-0.57595,1.21184,-0.66440,0.16031,0.01984,0.26071,-0.71649,1.17843,-0.80103,-0.07301,-0.03619,0.01486,0.03982,-0.00470,1.64857,-2.81126,-4.50795,-7.98775,-3.15460,1.17596,2.69956,6.00023,3.68559,2.16460,0.13442,-0.60747,-0.62912,0.10768,-0.16687,-0.03602,6.000,6.000,12.000,12.000,6.000,6.000,6.000,6.000,12.000,12.000,6.000,6.000,6.000,6.000,6.000,6.000
3.5600,-0.00900,0.06606,0.45742,0.99530,-0.05589,-0.00082,0.07910,0.00415,0.05608,0.30015,0.30051,0.11220,0.05960,1,0.04997,0.11220,0.035411,-0.11745,7.5308,-0.0013,0.3437,7.3042,2.8368,24.6436,-21.1283,0,0.04900,0.01900,0.5673,0.0000,-0.055823,0.063831,2.2790,48.4268,83.8483,5.4569,-18.3160,56.1554,0.0000,0.0000,0.0000,0.0000,0.0000,0.0000,-0.049007,-0.019007,86.5547,-0.048995,0.018975,56.1554,0.000000,0.000000,0.0000,0.000000,0.000000,0.0000,0.07377,-0.12099,-0.57407,1.19609,-0.64989,0.21103,0.02408,0.26101,-0.71042,1.17235,-0.80547,-0.11199,-0.04166,0.02443,0.03805,-0.00208,-5.18087,-3.20585,-4.09925,-7.53573,-2.32558,0.83422,3.34496,6.00063,5.04564,3.01277,0.31819,-0.62057,0.37643,0.30337,-1.79855,-0.24161,6.000,6.000,12.000,12.000,6.000,6.000,6.000,6.000,12.000,12.000,6.000,6.000,6.000,6.000,6.000,6.000
3.5650,-0.00868,0.06569,0.45737,0.99488,-0.05567,-0.00026,0.08435,0.00423,0.05560,0.29998,0.30051,0.11162,0.05772,1,0.04930,0.11162,0.034564,-0.14865,8.2935,-0.0007,-0.3719,8.8219,2.8119,17.8444,-16.6493,0,0.04900,0.01900,1.7924,0.0000,-0.053306,0.062770,-1.6605,55.0578,85.8981,24.5905,-66.9681,66.3479,0.0000,0.0000,0.0000,0.0000,0.0000,0.0000,0.025374,-0.019008,86.8588,-0.046676,0.017129,66.3479,0.000000,0.000000,0.0000,0.000000,0.000000,0.0000,0.05250,-0.12651,-0.57356,1.17600,-0.61324,0.25119,0.02640,0.25954,-0.70262,1.16670,-0.80716,-0.15167,-0.04742,0.03494,0.03628,0.00101,4.40404,-2.39337,-0.62733,-3.55721,2.38229,0.42850,1.58350,5.74337,1.45594,1.09249,0.06178,-0.59008,-0.68462,0.21444,0.84299,0.20043,6.000,6.000,12.000,12.000,6.000,6.000,6.000,6.000,12.000,12.000,6.000,6.000,6.000,6.000,6.000,6.000
3.5700,-0.00834,0.06529,0.45737,0.99452,-0.05533,0.00034,0.08870,0.00436,0.05508,0.29977,0.30051,0.11104,0.05578,1,0.04877,0.11104,0.034049,-0.07565,12.1054,0.0001,-1.6039,8.1578,3.3057,19.9141,-15.0978,0,0.04900,0.01900,0.2617,0.0000,0.018037,0.054815,-9.8630,50.7321,88.9553,12.5180,8.6728,96.9912,0.0000,0.0000,0.0000,0.0000,0.0000,0.0000,-0.026637,-0.019003,88.2152,0.021745,-0.006391,96.9912,0.000000,0.000000,0.0000,0.000000,0.000000,0.0000,0.04022,-0.12984,-0.57352,1.16281,-0.58752,0.27563,0.02670,0.25756,-0.69628,1.16309,-0.80728,-0.18418,-0.05305,0.04575,0.03493,0.00381,3.99784,-2.67181,-6.41532,-9.18125,-2.92390,0.36895,2.83538,6.00026,5.23134,3.16442,0.62388,-0.59637,-0.95700,0.20914,0.24293,0.07588,6.000,6.000,12.000,12.000,6.000,6.000,6.000,6.000,12.000,12.000,6.000,6.000,6.000,6.000,6.000,6.000
3.5750,-0.00801,0.06487,0.45744,0.99424,-0.05489,0.00106,0.09209,0.00451,0.05463,0.29964,0.30051,0.11021,0.05458,1,0.04857,0.11021,0.033875,-0.01045,7.0559,0.0006,-1.2027,6.6884,1.3419,16.5759,-16.8110,0,0.04900,0.01900,0.5359,0.8736,-0.013569,0.038723,-7.2512,41.2007,75.7169,23.7174,-14.4128,86.3303,0.0000,0.0000,0.0000,5.9165,12.2308,25.9247,0.049008,-0.019008,74.1791,-0.011868,-0.014745,86.3303,0.000000,0.000000,0.0000,-0.048923,0.018993,25.9247,0.03412,-0.13218,-0.57464,1.15569,-0.57173,0.29026,0.02549,0.25581,-0.69401,1.16336,-0.80693,-0.20794,-0.05843,0.05664,0.03390,0.00633,4.19352,-2.41828,-1.40329,-3.03499,2.58794,0.24155,1.78498,5.75513,2.42113,1.71175,0.30232,-0.59201,-0.43067,0.28493,0.49606,0.11348,6.000,6.000,12.000,12.000,6.000,6.000,6.000,6.000,12.000,12.000,6.000,6.000,6.000,6.000,6.000,6.000
3.5800,-0.00771,0.06443,0.45752,0.99400,-0.05444,0.00184,0.09486,0.00468,0.05422,0.29964,0.30051,0.10918,0.05382,1,0.04866,0.10918,0.033943,0.02783,2.1160,0.0008,-1.6490,6.1449,-0.4913,16.0104,-17.7354,0,0.04900,0.01900,0.5399,1.1669,0.041816,0.059550,-9.3188,33.8198,65.5815,17.0332,-18.4812,77.6012,0.0000,0.0000,0.0000,0.0000,10.4500,14.9285,0.049009,-0.019009,63.7074,0.047165,-0.005942,77.6012,0.000000,0.000000,0.0000,-0.048854,0.018977,14.9285,0.03229,-0.13407,-0.57728,1.15315,-0.56152,0.29830,0.02329,0.25426,-0.69535,1.16736,-0.80614,-0.22529,-0.06334,0.06713,0.03316,0.00851,3.68794,-1.63685,-2.48485,-3.34632,1.73968,0.08383,1.81009,4.57925,3.20101,2.27666,0.45996,-0.48926,-0.17598,0.31885,0.20460,0.05578,6.000,6.000,12.000,12.000,6.000,6.000,6.000,6.000,12.000,12.000,6.000,6.000,6.000,6.000,6.000,6.000
3.5850,-0.00744,0.06398,0.45760,0.99380,-0.05397,0.00265,0.09713,0.00486,0.05384,0.29973,0.30051,0.10810,0.05327,1,0.04894,0.10810,0.034150,0.04888,-1.0563,0.0007,-1.7098,5.8392,-1.4980,15.6606,-18.3217,0,0.04900,0.01900,0.5711,1.1669,0.042285,0.058712,-9.2669,30.0610,59.7802,13.2227,-19.1637,67.9576,0.0000,0.0000,0.0000,0.0000,9.2310,13.1871,0.049010,-0.015666,57.8034,0.047741,-0.006668,67.9576,0.000000,0.000000,0.0000,-0.048851,0.018967,13.1871,0.03286,-0.13555,-0.58100,1.15373,-0.55517,0.30123,0.02058,0.25290,-0.69913,1.17456,-0.80509,-0.23952,-0.06761,0.07667,0.03250,0.01060,3.34852,-1.52740,-2.73777,-3.30406,1.35887,-0.22795,1.77412,4.18710,3.29744,2.40089,0.49775,-0.36150,-0.04071,0.31469,0.07829,0.03426,6.000,6.000,12.000,12.000,6.000,6.000,6.000,6.000,12.000,12.000,6.000,6.000,6.000,6.000,6.000,6.000
3.5900,-0.00719,0.06351,0.45765,0.99364,-0.05348,0.00345,0.09902,0.00503,0.05348,0.29985,0.30051,0.10698,0.05291,1,0.04934,0.10698,0.034424,0.05773,-3.0723,0.0005,-1.5956,5.6561,-1.9501,15.0972,-18.5251,0,0.04900,0.01900,0.4695,1.1669,0.041478,0.060954,-8.3693,28.5271,56.9316,8.1974,-15.5095,62.2841,0.0000,0.0000,0.0000,0.0000,6.1129,8.7327,0.049010,-0.010803,54.9725,0.047622,-0.004219,62.2841,0.000000,0.000000,0.0000,-0.048894,0.018971,8.7327,0.03486,-0.13670,-0.58534,1.15633,-0.55170,0.30003,0.01770,0.25171,-0.70436,1.18404,-0.80383,-0.25248,-0.07124,0.08511,0.03190,0.01258,3.12993,-1.81229,-2.54682,-3.11272,1.23960,-0.58208,1.72454,4.31595,3.02728,2.27540,0.47120,-0.29776,0.01496,0.28981,0.05270,0.02990,6.000,6.000,12.000,12.000,6.000,6.000,6.000,6.000,12.000,12.000,6.000,6.000,6.000,6.000,6.000,6.000
3.5950,-0.00697,0.06302,0.45768,0.99350,-0.05296,0.00422,0.10066,0.00518,0.05312,0.29998,0.30051,0.10580,0.05268,1,0.04978,0.10580,0.034699,0.05270,-4.2183,0.0002,-1.3699,5.5871,-1.9669,14.3762,-18.5378,0,0.04900,0.01900,0.3470,1.1669,0.040874,0.069047,-6.9678,28.7140,56.4933,-11.2668,-1.3412,54.5098,0.0000,0.0000,0.0000,2.3115,0.0000,3.3021,0.049004,-0.017879,54.6268,0.048956,0.003811,54.5098,0.000000,0.000000,0.0000,-0.048962,0.018988,3.3021,0.03787,-0.13766,-0.58954,1.15990,-0.55103,0.29585,0.01484,0.25061,-0.71011,1.19506,-0.80182,-0.26340,-0.07435,0.09261,0.03145,0.01427,3.00951,-1.65609,-2.06803,-2.84251,1.29994,-0.27105,1.58374,4.33439,2.52975,2.02015,0.40768,-0.27608,0.04574,0.26249,0.07199,0.02797,6.000,6.000,12.000,12.000,6.000,6.000,6.000,6.000,12.000,12.000,6.000,6.000,6.000,6.000,6.000,6.000
3.6000,-0.00676,0.06253,0.45766,0.99338,-0.05242,0.00495,0.10209,0.00531,0.05276,0.30010,0.30051,0.10459,0.05254,1,0.05018,0.10459,0.034954,0.04965,-4.2562,-0.0000,-0.8880,5.7146,-1.4099,13.8154,-17.9737,0,0.04900,0.01900,0.2930,0.0000,0.042015,0.063930,-4.1548,31.2686,59.3041,-9.3894,-1.4825,54.0742,0.0000,0.0000,0.0000,0.0000,0.0000,0.0000,0.049004,-0.019004,57.5978,0.048951,-0.001443,54.0742,0.000000,0.000000,0.0000,0.000000,0.000000,0.0000,0.04152,-0.13857,-0.59338,1.16395,-0.55238,0.29012,0.01218,0.24960,-0.71583,1.20639,-0.79813,-0.27192,-0.07703,0.09934,0.03121,0.01547,3.03591,-2.05279,-1.11241,-2.37310,1.61694,-0.26358,1.44017,4.96206,1.66554,1.51711,0.31085,-0.19171,0.02252,0.23635,0.18666,0.03218,6.000,6.000,12.000,12.000,6.000,6.000,6.000,6.000,12.000,12.000,6.000,6.000,6.000,6.000,6.000,6.000
3.6050,-0.00658,0.06203,0.45761,0.99328,-0.05187,0.00564,0.10329,0.00541,0.05239,0.30017,0.30051,0.10335,0.05242,1,0.05052,0.10335,0.035201,0.04895,-4.4197,-0.0003,-0.5116,5.7959,-0.8674,13.1822,-17.4005,0,0.04900,0.01900,0.2029,0.0000,0.042105,0.063603,-2.1175,33.7007,61.9058,-6.7872,-0.0916,55.7574,0.0000,0.0000,0.0000,0.0000,0.0000,0.0000,0.049004,-0.019004,60.4018,0.048954,-0.001801,55.7574,0.000000,0.000000,0.0000,0.000000,0.000000,0.0000,0.04547,-0.13949,-0.59718,1.16842,-0.55447,0.28395,0.00984,0.24882,-0.72146,1.21691,-0.79318,-0.27801,-0.07942,0.10548,0.03128,0.01601,3.07430,-2.45722,-0.32789,-2.01404,1.90770,-0.28528,1.34770,5.59359,0.96386,1.08910,0.24325,-0.11289,-0.01339,0.21248,0.29149,0.02963,6.000,6.000,12.000,12.000,6.000,6.000,6.000,6.000,12.000,12.000,6.000,6.000,6.000,6.000,6.000,6.000
3.6100,-0.00640,0.06151,0.45754,0.99319,-0.05130,0.00631,0.10439,0.00549,0.05204,0.30021,0.30051,0.10208,0.05232,1,0.05076,0.10208,0.035318,0.00730,-4.7574,-0.0005,-0.2525,5.7988,-0.4288,12.5236,-16.9635,0,0.04900,0.01900,0.1440,0.0000,0.042058,0.063897,-0.8895,35.6173,63.7877,-4.7787,1.3087,57.3436,0.0000,0.0000,0.0000,0.0000,0.0000,0.0000,0.016777,-0.019009,62.4997,0.048959,-0.001519,57.3436,0.000000,0.000000,0.0000,0.000000,0.000000,0.0000,0.04950,-0.14037,-0.59907,1.17132,-0.55969,0.27706,0.00789,0.24850,-0.72577,1.22602,-0.78839,-0.28188,-0.08177,0.11146,0.03167,0.01582,2.79882,-2.79090,-1.68248,-3.70160,0.20116,-0.28729,1.68865,6.00062,1.70115,1.44112,0.35891,-0.04190,-0.12973,0.18221,0.15686,-0.00908,6.000,6.000,12.000,12.000,6.000,6.000,6.000,6.000,12.000,12.000,6.000,6.000,6.000,6.000,6.000,6.000
3.6150,-0.00620,0.06099,0.45743,0.99310,-0.05071,0.00703,0.10546,0.00553,0.05168,0.30020,0.30051,0.10078,0.05219,1,0.05094,0.10078,0.035126,-0.06467,-1.6125,-0.0006,0.9325,5.7739,0.7210,12.0788,-17.5824,0,0.04900,0.01900,0.8539,0.0000,0.043982,0.056682,6.1826,38.2810,69.8205,-24.0655,7.6670,49.3064,0.0000,0.0000,0.0000,0.0000,0.0000,0.0000,-0.010150,-0.019008,69.0306,0.048961,-0.008991,49.3064,0.000000,0.000000,0.0000,0.000000,0.000000,0.0000,0.05333,-0.14137,-0.59585,1.16953,-0.57385,0.26897,0.00599,0.24953,-0.72782,1.23415,-0.78463,-0.28417,-0.08417,0.11741,0.03246,0.01483,2.73701,-2.50798,-2.04470,-4.69820,-1.04963,-0.18797,1.69192,6.00061,1.80868,1.48687,0.35869,0.00568,-0.11577,0.19054,0.16180,-0.03010,6.000,6.000,12.000,12.000,6.000,6.000,6.000,6.000,12.000,12.000,6.000,6.000,6.000,6.000,6.000,6.000
3.6200,-0.00596,0.06048,0.45729,0.99300,-0.05014,0.00783,0.10662,0.00547,0.05132,0.30010,0.30051,0.09944,0.05193,1,0.05090,0.09944,0.034631,-0.11980,4.4529,-0.0005,2.3878,5.9469,2.4129,11.7813,-18.4885,1,0.04900,0.01900,0.9694,0.0000,0.043316,0.060311,15.8311,39.4279,81.0378,-20.4228,-4.8424,36.0932,0.0000,0.0000,0.0000,0.0000,0.0000,0.0000,-0.008068,-0.013070,80.7211,0.048978,-0.005268,36.0932,0.000000,0.000000,0.0000,0.000000,0.000000,0.0000,0.05650,-0.14171,-0.58858,1.16379,-0.59679,0.25903,0.00507,0.24984,-0.72754,1.24001,-0.78212,-0.28448,-0.08667,0.12333,0.03339,0.01328,2.73701,-2.50798,-2.04470,-4.69820,-1.04963,-0.18797,1.69192,6.00061,1.80868,1.48687,0.35869,0.00568,-0.11577,0.19054,0.16180,-0.03010,6.000,6.000,12.000,12.000,6.000,6.000,6.000,6.000,12.000,12.000,6.000,6.000,6.000,6.000,6.000,6.000
3.6250,-0.00571,0.05998,0.45716,0.99293,-0.04957,0.00864,0.10752,0.00533,0.05095,0.29989,0.30051,0.09809,0.05177,1,0.05081,0.09809,0.034223,-0.05835,9.6494,0.0000,3.6726,6.3496,4.1892,11.9783,-20.8259,0,0.04900,0.01900,0.3055,0.0000,-0.017629,0.042777,24.3491,42.0979,92.8147,9.4769,10.5337,77.3244,0.0000,0.0000,0.0000,0.0000,0.0000,0.0000,-0.024161,-0.019006,92.4521,-0.014914,-0.005779,77.3244,0.000000,0.000000,0.0000,0.000000,0.000000,0.0000,0.05926,-0.14169,-0.58231,1.15933,-0.61802,0.24995,0.00453,0.24997,-0.72672,1.24453,-0.78071,-0.28521,-0.08882,0.12851,0.03461,0.01108,3.48986,-0.89958,-0.56175,-4.78809,-1.41771,0.27496,1.19327,5.62947,0.65616,0.88531,0.14388,0.10204,-0.01008,0.21657,0.51105,-0.02053,6.000,6.000,12.000,12.000,6.000,6.000,6.000,6.000,12.000,12.000,6.000,6.000,6.000,6.000,6.000,6.000
3.6300,-0.00546,0.05949,0.45706,0.99290,-0.04901,0.00937,0.10799,0.00521,0.05059,0.29970,0.30051,0.09677,0.05172,1,0.05080,0.09677,0.034037,-0.02521,5.3913,0.0005,2.3716,5.8859,2.7568,11.6950,-19.4106,0,0.04900,0.01900,0.5858,0.0000,-0.029973,0.036835,15.7239,39.0236,83.3177,31.6019,0.5593,89.9416,0.0000,0.0000,0.0000,0.0000,0.0000,0.0000,-0.000210,-0.019018,82.6989,-0.028805,-0.007645,89.9416,0.000000,0.000000,0.0000,0.000000,0.000000,0.0000,0.06156,-0.14167,-0.57953,1.15798,-0.63167,0.24332,0.00408,0.25019,-0.72683,1.24852,-0.78083,-0.28804,-0.09042,0.13257,0.03609,0.00831,3.47754,-1.59346,-0.14369,-3.24625,0.43356,0.20337,1.28250,5.85050,0.81723,0.93100,0.12394,0.05353,0.07511,0.18822,0.48339,-0.04617,6.000,6.000,12.000,12.000,6.000,6.000,6.000,6.000,12.000,12.000,6.000,6.000,6.000,6.000,6.000,6.000
3.6350,-0.00521,0.05900,0.45697,0.99289,-0.04848,0.01002,0.10825,0.00517,0.05025,0.29957,0.30051,0.09549,0.05171,1,0.05087,0.09549,0.033972,-0.00635,3.0362,0.0006,1.2370,5.7566,1.9373,11.5367,-17.8232,0,0.04900,0.01900,0.4816,0.0000,-0.007637,0.044013,8.2015,38.1662,77.8843,22.6466,-1.3887,78.5365,0.0000,0.0000,0.0000,0.0000,0.0000,0.0000,-0.021365,-0.019019,77.2743,-0.005584,-0.006825,78.5365,0.000000,0.000000,0.0000,0.000000,0.000000,0.0000,0.06335,-0.14164,-0.57919,1.15843,-0.63950,0.23840,0.00379,0.25052,-0.72726,1.25299,-0.78305,-0.29408,-0.09172,0.13590,0.03770,0.00521,3.18319,-2.30420,-3.02619,-5.45050,-1.42071,0.12426,1.98549,6.00156,2.90543,2.02970,0.41166,0.01312,0.01495,0.14566,0.20785,-0.09463,6.000,6.000,12.000,12.000,6.000,6.000,6.000,6.000,12.000,12.000,6.000,6.000,6.000,6.000,6.000,6.000
3.6400,-0.00493,0.05853,0.45690,0.99288,-0.04798,0.01063,0.10854,0.00518,0.04993,0.29949,0.30051,0.09428,0.05173,1,0.05101,0.09428,0.033921,-0.02234,1.6314,0.0007,0.6171,5.6188,1.3526,11.4532,-17.1382,0,0.04900,0.01900,0.4691,0.0000,-0.017831,0.036438,4.0911,37.2524,74.0077,20.2253,-9.1923,78.9399,0.0000,0.0000,0.0000,0.0000,0.0000,0.0000,-0.030474,-0.019020,73.4992,-0.017668,-0.011034,78.9399,0.000000,0.000000,0.0000,0.000000,0.000000,0.0000,0.06478,-0.14153,-0.58047,1.15907,-0.64144,0.23476,0.00373,0.25098,-0.72700,1.25829,-0.78809,-0.30557,-0.09296,0.13897,0.03935,0.00193,2.99814,-2.63950,-4.22217,-6.28980,-2.11721,0.08835,2.26999,6.00156,3.79861,2.49029,0.43773,-0.13528,-0.01880,0.12289,0.07298,-0.11766,6.000,6.000,12.000,12.000,6.000,6.000,6.000,6.000,12.000,12.000,6.000,6.000,6.000,6.000,6.000,6.000
3.6450,-0.00461,0.05808,0.45685,0.99284,-0.04751,0.01127,0.10898,0.00523,0.04962,0.29943,0.30051,0.09314,0.05178,1,0.05108,0.09314,0.033869,0.00610,2.9905,0.0008,-0.2250,5.5628,1.3734,12.2224,-16.9431,0,0.04900,0.01900,0.8720,0.0000,-0.046119,0.027442,-1.4920,36.8813,74.1460,30.4194,-8.9669,60.6260,0.0000,0.0000,0.0000,0.0000,0.0000,0.0000,-0.049020,-0.019020,73.8185,-0.047469,-0.011321,60.6260,0.000000,0.000000,0.0000,0.000000,0.000000,0.0000,0.06575,-0.14138,-0.58283,1.15944,-0.63909,0.23217,0.00404,0.25141,-0.72541,1.26265,-0.79160,-0.32336,-0.09490,0.14316,0.04061,-0.00073,2.92838,-3.02912,-6.37565,-8.27436,-3.67741,0.08164,2.87235,6.00157,5.14222,3.03026,0.45144,-0.29269,-0.58404,0.03934,-0.45593,-0.20450,6.000,6.000,12.000,12.000,6.000,6.000,6.000,6.000,12.000,12.000,6.000,6.000,6.000,6.000,6.000,6.000
3.6500,-0.00425,0.05763,0.45681,0.99280,-0.04696,0.01191,0.10956,0.00532,0.04932,0.29938,0.30051,0.09207,0.05182,1,0.05118,0.09207,0.033994,0.03795,0.7973,0.0008,-0.3463,5.5673,0.9450,11.9799,-18.1328,0,0.04900,0.01900,0.0519,0.0000,-0.050450,0.036757,-2.2960,36.9114,71.3060,2.3328,-0.7165,78.4076,0.0000,0.0000,0.0000,0.0000,0.0000,0.0000,-0.049021,-0.019021,71.0557,-0.048976,-0.001043,78.4076,0.000000,0.000000,0.0000,0.000000,0.000000,0.0000,0.06531,-0.14166,-0.58528,1.16205,-0.64042,0.23039,0.00449,0.25151,-0.72289,1.26850,-0.79347,-0.33780,-0.09800,0.14921,0.04064,-0.00116,1.30957,-3.20079,-6.04803,-7.81822,-3.27919,0.04311,3.09121,6.00157,5.16602,2.92530,0.34370,-0.36777,-0.69193,0.06362,-1.16951,-0.27590,6.000,6.000,12.000,12.000,6.000,6.000,6.000,6.000,12.000,12.000,6.000,6.000,6.000,6.000,6.000,6.000
3.6550,-0.00386,0.05720,0.45679,0.99274,-0.04626,0.01250,0.11034,0.00540,0.04902,0.29936,0.30051,0.09080,0.05183,1,0.05132,0.09080,0.034221,0.05384,-1.9519,0.0007,-0.4123,5.5870,0.4465,9.6235,-18.3894,0,0.04900,0.01900,0.1294,0.0000,-0.050872,0.038202,-2.7332,37.0420,68.0007,5.4520,-2.0434,75.0049,0.0000,0.0000,0.0000,0.0000,0.0000,0.0000,-0.049022,-0.019022,67.7842,-0.048977,0.000532,75.0049,0.000000,0.000000,0.0000,0.000000,0.000000,0.0000,0.06302,-0.14254,-0.58754,1.16549,-0.64358,0.22939,0.00521,0.25100,-0.71949,1.27620,-0.79430,-0.34938,-0.10218,0.15697,0.03904,0.00145,0.67130,-3.30253,-5.98848,-7.54749,-3.08344,-0.00827,3.18076,6.00157,5.33641,2.99955,0.38317,-0.28813,-0.61667,0.13002,-1.40012,-0.22481,6.000,6.000,12.000,12.000,6.000,6.000,6.000,6.000,12.000,12.000,6.000,6.000,6.000,6.000,6.000,6.000
3.6600,-0.00344,0.05678,0.45676,0.99263,-0.04535,0.01302,0.11159,0.00548,0.04873,0.29936,0.30051,0.08926,0.05177,1,0.05148,0.08926,0.034484,0.06322,-3.5866,0.0005,-0.6051,5.6418,0.2088,6.7413,-18.1734,0,0.04900,0.01900,0.5297,0.0000,-0.047822,0.028282,-4.0119,37.4051,66.4247,-10.0307,14.3438,55.0841,0.0000,0.0000,0.0000,0.0000,0.0000,0.0000,-0.049009,-0.019009,66.2367,-0.048978,-0.009794,55.0841,0.000000,0.000000,0.0000,0.000000,0.000000,0.0000,0.05556,-0.14467,-0.59025,1.16806,-0.64451,0.22963,0.00617,0.25015,-0.71406,1.28557,-0.79434,-0.35752,-0.10754,0.16511,0.03573,0.00728,-0.85215,-3.30028,-5.87674,-7.31738,-2.76700,-0.04517,3.32997,6.00061,5.60450,3.14229,0.43649,-0.21101,-0.39690,0.19769,-1.80932,-0.18489,6.000,6.000,12.000,12.000,6.000,6.000,6.000,6.000,12.000,12.000,6.000,6.000,6.000,6.000,6.000,6.000
3.6650,-0.00299,0.05636,0.45673,0.99251,-0.04444,0.01343,0.11304,0.00558,0.04843,0.29936,0.30051,0.08729,0.05150,1,0.05172,0.08729,0.034618,-0.00896,-4.7591,0.0002,-0.7293,5.8577,0.2022,2.2590,-17.4591,0,0.04900,0.01900,0.2683,0.0000,-0.051829,0.041469,-4.8353,38.8363,66.3807,6.3409,-9.4276,70.5905,0.0000,0.0000,0.0000,0.0000,0.0000,0.0000,-0.014932,-0.019001,66.2050,-0.048980,0.004044,70.5905,0.000000,0.000000,0.0000,0.000000,0.000000,0.0000,0.04794,-0.14651,-0.59265,1.16882,-0.64112,0.22881,0.00702,0.24869,-0.70884,1.29686,-0.79022,-0.36178,-0.11302,0.17341,0.03217,0.01388,2.97792,-2.90599,-4.64861,-6.03050,-1.36110,-0.08502,2.43079,6.00004,4.58069,2.76480,0.63240,-0.07758,-0.16815,0.24539,-0.02440,0.17532,6.000,6.000,12.000,12.000,6.000,6.000,6.000,6.000,12.000,12.000,6.000,6.000,6.000,6.000,6.000,6.000
3.6700,-0.00248,0.05592,0.45667,0.99238,-0.04358,0.01379,0.11441,0.00571,0.04813,0.29935,0.30051,0.08533,0.05128,1,0.05200,0.08533,0.034288,-0.08581,0.8011,0.0001,-1.3964,5.4690,0.9622,3.5520,-16.0116,0,0.04900,0.01900,0.7872,0.0000,-0.046717,0.024210,-9.2582,36.2593,71.4200,-3.8525,18.3301,39.6608,0.0000,0.0000,0.0000,0.0000,0.0000,0.0000,-0.010221,-0.019003,71.4092,-0.048984,-0.013924,39.6608,0.000000,0.000000,0.0000,0.000000,0.000000,0.0000,0.04440,-0.14773,-0.59487,1.16277,-0.62249,0.22845,0.00676,0.24951,-0.69952,1.30803,-0.78555,-0.36376,-0.11794,0.18203,0.02947,0.01930,3.29270,-2.75888,-4.95402,-6.50514,-1.31638,0.04899,2.40293,6.00024,4.71389,2.72449,0.73272,0.01727,-0.26389,0.23772,-0.07870,0.13279,6.000,6.000,12.000,12.000,6.000,6.000,6.000,6.000,12.000,12.000,6.000,6.000,6.000,6.000,6.000,6.000
3.6750,-0.00198,0.05548,0.45661,0.99229,-0.04274,0.01412,0.11544,0.00585,0.04789,0.29926,0.30051,0.08349,0.05119,1,0.05233,0.08349,0.034002,-0.03820,7.4763,0.0004,-1.4534,4.7519,2.0660,3.7428,-15.3731,0,0.04900,0.01900,0.3061,0.0000,-0.033013,0.048005,-9.6361,31.5048,78.7379,8.5599,-10.6886,74.5677,0.0000,0.0000,0.0000,0.0000,0.0000,0.0000,0.049007,-0.019007,78.7651,-0.029164,0.005121,74.5677,0.000000,0.000000,0.0000,0.000000,0.000000,0.0000,0.04317,-0.14870,-0.59653,1.15766,-0.60567,0.22804,0.00626,0.25009,-0.69135,1.31894,-0.77581,-0.36249,-0.12246,0.19069,0.02735,0.02377,3.95340,-1.35234,-0.00409,-2.23140,3.18737,0.34755,1.05450,5.41504,1.19567,0.84863,0.24731,0.08090,-0.26293,0.24478,0.34244,0.15322,6.000,6.000,12.000,12.000,6.000,6.000,6.000,6.000,12.000,12.000,6.000,6.000,6.000,6.000,6.000,6.000
3.6800,-0.00147,0.05504,0.45657,0.99224,-0.04188,0.01446,0.11616,0.00599,0.04763,0.29919,0.30051,0.08172,0.05116,1,0.05270,0.08172,0.033901,-0.01069,4.1251,0.0007,-1.4910,5.1837,1.2450,3.6084,-14.9726,0,0.04900,0.01900,0.1877,0.0000,0.037148,0.062269,-9.8856,34.3677,73.2948,1.7482,-8.5298,77.3334,0.0000,0.0000,0.0000,0.0000,0.0000,0.0000,0.000651,-0.019003,73.3112,0.042152,-0.000703,77.3334,0.000000,0.000000,0.0000,0.000000,0.000000,0.0000,0.04311,-0.14987,-0.59754,1.15525,-0.59540,0.22776,0.00554,0.25074,-0.68309,1.32892,-0.76306,-0.35893,-0.12666,0.19915,0.02561,0.02755,3.36944,-2.55386,-3.85503,-5.74652,-0.68754,0.14306,1.95519,6.00024,3.75176,2.04361,0.73623,0.16538,-0.30577,0.23610,-0.07854,0.06759,6.000,6.000,12.000,12.000,6.000,6.000,6.000,6.000,12.000,12.000,6.000,6.000,6.000,6.000,6.000,6.000
3.6850,-0.00092,0.05459,0.45655,0.99222,-0.04093,0.01483,0.11665,0.00612,0.04738,0.29915,0.30051,0.07990,0.05111,1,0.05310,0.07990,0.033905,0.00679,2.0846,0.0008,-1.1623,5.2584,0.8659,2.4872,-15.1160,0,0.04900,0.01900,0.6284,0.0000,0.012681,0.044101,-7.7063,34.8633,70.7809,-23.0555,12.2642,69.2681,0.0000,0.0000,0.0000,0.0000,0.0000,0.0000,-0.014951,-0.019008,70.7948,0.013580,-0.011192,69.2681,0.000000,0.000000,0.0000,0.000000,0.000000,0.0000,0.04354,-0.15130,-0.59767,1.15421,-0.59013,0.22757,0.00452,0.25229,-0.67208,1.33769,-0.74876,-0.35366,-0.13049,0.20710,0.02410,0.03095,3.13114,-2.69685,-4.61037,-6.46826,-1.75674,0.09676,2.07289,6.00062,4.23282,2.17199,0.89305,0.23383,-0.27880,0.22870,-0.20337,0.04188,6.000,6.000,12.000,12.000,6.000,6.000,6.000,6.000,12.000,12.000,6.000,6.000,6.000,6.000,6.000,6.000
3.6900,-0.00037,0.05415,0.45653,0.99223,-0.03998,0.01518,0.11683,0.00619,0.04715,0.29912,0.30051,0.07790,0.05104,1,0.05353,0.07790,0.033959,0.01284,0.6780,0.0008,-0.2166,4.8028,0.7972,0.5915,-16.1883,0,0.04900,0.01900,0.3364,0.0000,-0.035961,0.046296,-1.4359,31.8426,70.3256,9.7882,-10.6528,71.6939,0.0000,0.0000,0.0000,0.0000,0.0000,0.0000,0.049003,-0.019003,70.3843,-0.032510,0.004621,71.6939,0.000000,0.000000,0.0000,0.000000,0.000000,0.0000,0.04413,-0.15257,-0.59716,1.15425,-0.58856,0.22710,0.00372,0.25317,-0.66231,1.34583,-0.73044,-0.34547,-0.13383,0.21417,0.02279,0.03388,3.37083,-1.33774,0.94337,-1.26816,2.92444,0.25232,0.65191,5.32685,0.51595,0.30151,0.36843,0.27342,-0.03654,0.24237,0.24289,0.08783,6.000,6.000,12.000,12.000,6.000,6.000,6.000,6.000,12.000,12.000,6.000,6.000,6.000,6.000,6.000,6.000
3.6950,0.00019,0.05370,0.45652,0.99226,-0.03904,0.01555,0.11688,0.00627,0.04690,0.29910,0.30051,0.07593,0.05099,1,0.05399,0.07593,0.034099,0.04074,0.1075,0.0007,-0.7645,5.4675,0.6861,1.1716,-14.6202,0,0.04900,0.01900,0.2639,0.0000,0.037282,0.063664,-5.0688,36.2496,69.5890,6.6794,-8.1746,66.6766,0.0000,0.0000,0.0000,0.0000,0.0000,0.0000,-0.049008,-0.019008,69.6261,0.042681,0.000842,66.6766,0.000000,0.000000,0.0000,0.000000,0.000000,0.0000,0.04472,-0.15372,-0.59595,1.15577,-0.59211,0.22659,0.00336,0.25380,-0.65173,1.35281,-0.71174,-0.33572,-0.13843,0.22356,0.02107,0.03741,2.84927,-3.02503,-6.47334,-8.43374,-4.01923,0.04244,2.66745,6.00061,5.04145,2.25421,0.92200,0.32689,-1.53473,0.01464,-1.04205,-0.13251,6.000,6.000,12.000,12.000,6.000,6.000,6.000,6.000,12.000,12.000,6.000,6.000,6.000,6.000,6.000,6.000
3.7000,0.00082,0.05327,0.45654,0.99228,-0.03807,0.01597,0.11697,0.00634,0.04664,0.29909,0.30051,0.07396,0.05096,1,0.05451,0.07396,0.034368,0.05800,-2.3497,0.0006,-0.3044,5.3947,0.3032,0.2367,-16.3478,0,0.04900,0.01900,0.1177,0.0000,-0.050930,0.038575,-2.0181,35.7671,67.0508,1.7416,-5.2038,77.6891,0.0000,0.0000,0.0000,0.0000,0.0000,0.0000,-0.049003,-0.019003,67.1083,-0.049002,0.001528,77.6891,0.000000,0.000000,0.0000,0.000000,0.000000,0.0000,0.04514,-0.15481,-0.59382,1.15922,-0.60222,0.22594,0.00328,0.25427,-0.63897,1.35866,-0.69159,-0.32418,-0.14392,0.23461,0.01891,0.04169,2.73828,-2.92244,-6.07356,-7.92743,-3.81528,0.03787,2.36659,6.00023,5.15607,2.23561,1.05987,0.38466,-0.60758,0.25966,-0.64207,-0.01448,6.000,6.000,12.000,12.000,6.000,6.000,6.000,6.000,12.000,12.000,6.000,6.000,6.000,6.000,6.000,6.000
3.7050,0.00153,0.05286,0.45658,0.99230,-0.03710,0.01641,0.11706,0.00639,0.04638,0.29911,0.30051,0.07194,0.05095,1,0.05509,0.07194,0.034725,0.07668,-4.1610,0.0003,-0.0565,5.3608,0.0623,-0.3876,-17.0626,0,0.04900,0.01900,0.1746,0.0000,-0.051219,0.039427,-0.3743,35.5424,65.4531,4.8579,-6.3773,76.5391,0.0000,0.0000,0.0000,0.0000,0.0000,0.0000,-0.046152,-0.019023,65.4831,-0.049001,0.002458,76.5391,0.000000,0.000000,0.0000,0.000000,0.000000,0.0000,0.04543,-0.15577,-0.59075,1.16388,-0.61708,0.22502,0.00317,0.25450,-0.62416,1.36307,-0.66893,-0.31084,-0.14901,0.24501,0.01667,0.04615,2.69995,-2.90419,-5.72338,-7.49516,-3.50202,0.02961,2.19427,6.00158,5.13703,2.05405,1.10846,0.43156,-0.22370,0.31828,-0.53289,0.01548,6.000,6.000,12.000,12.000,6.000,6.000,6.000,6.000,12.000,12.000,6.000,6.000,6.000,6.000,6.000,6.000
3.7100,0.00222,0.05244,0.45663,0.99225,-0.03607,0.01696,0.11770,0.00644,0.04613,0.29915,0.30051,0.06991,0.05095,1,0.05570,0.06991,0.035136,0.07944,-6.2275,-0.0001,-0.2648,5.6016,-0.2842,-0.5441,-17.1849,0,0.04900,0.01900,0.2326,0.0000,-0.051410,0.039917,-1.7557,37.1386,63.1558,8.0883,-6.5419,74.5382,0.0000,0.0000,0.0000,0.0000,0.0000,0.0000,-0.049009,-0.019009,63.1149,-0.049000,0.002994,74.5382,0.000000,0.000000,0.0000,0.000000,0.000000,0.0000,0.04318,-0.15709,-0.58821,1.16875,-0.63341,0.22417,0.00442,0.25423,-0.60803,1.36655,-0.65054,-0.29800,-0.16175,0.26845,0.01233,0.05410,2.19976,-3.75206,-6.07148,-7.69417,-3.57902,-0.09396,3.83910,6.00060,4.42400,1.52768,0.57672,0.31744,-6.00060,-0.45320,-3.26776,-0.51682,6.000,6.000,12.000,12.000,6.000,6.000,6.000,6.000,12.000,12.000,6.000,6.000,6.000,6.000,6.000,6.000
3.7150,0.00283,0.05205,0.45667,0.99203,-0.03490,0.01757,0.11975,0.00650,0.04586,0.29919,0.30051,0.06771,0.05090,1,0.05647,0.06771,0.035591,0.09564,-7.1055,-0.0005,-0.4145,5.7260,-0.4366,-2.0578,-21.2007,0,0.04900,0.01900,0.5320,0.0000,-0.042511,0.040477,-2.7390,37.9320,62.1654,28.5273,-9.8266,94.5469,0.0000,0.0000,0.0000,0.0000,0.0000,0.0000,-0.049001,-0.019001,62.0555,-0.040277,0.001005,94.5469,0.000000,0.000000,0.0000,0.000000,0.000000,0.0000,0.02477,-0.15934,-0.58983,1.17274,-0.64136,0.21821,0.00692,0.25145,-0.59296,1.37428,-0.65226,-0.28620,-0.18705,0.30758,0.00386,0.06935,-3.88249,-3.59403,-4.94378,-6.45920,-2.14487,-0.14132,4.16215,6.00004,4.93581,1.93953,0.58418,0.27819,-5.62478,0.00348,-4.43787,-0.49044,6.000,6.000,12.000,12.000,6.000,6.000,6.000,6.000,12.000,12.000,6.000,6.000,6.000,6.000,6.000,6.000
3.7200,0.00343,0.05167,0.45668,0.99181,-0.03399,0.01809,0.12180,0.00662,0.04552,0.29929,0.30051,0.06514,0.05059,1,0.05727,0.06514,0.035444,-0.12654,-9.0044,-0.0009,-1.6624,7.6028,-1.4269,-6.2820,-21.7185,0,0.04900,0.01900,0.9446,0.0000,-0.047633,0.053434,-7.5602,37.8585,63.4763,12.1204,-43.4303,79.5710,0.0000,0.0000,0.0000,0.0000,0.0000,0.0000,0.049001,-0.019001,63.6248,-0.041378,0.014749,79.5710,0.000000,0.000000,0.0000,0.000000,0.000000,0.0000,0.01034,-0.15998,-0.58949,1.16856,-0.62182,0.21407,0.00753,0.24725,-0.57871,1.38360,-0.66336,-0.27306,-0.21262,0.34504,-0.00573,0.08759,3.52954,-2.25410,-2.34216,-3.02142,2.19992,-0.22495,1.47706,5.42302,3.81453,1.45358,0.15036,0.42149,-0.32179,0.74803,-0.06462,0.49211,6.000,6.000,12.000,12.000,6.000,6.000,6.000,6.000,12.000,12.000,6.000,6.000,6.000,6.000,6.000,6.000
3.7250,0.00409,0.05133,0.45673,0.99102,-0.03279,0.01834,0.12832,0.00681,0.04513,0.29931,0.30051,0.06312,0.05028,1,0.05754,0.06312,0.034439,-0.13611,8.8987,-0.0008,-2.8920,7.7149,1.4848,2.5143,-18.6508,0,0.04900,0.01900,0.0000,0.0000,0.000000,0.000000,-17.5346,45.1027,78.7149,0.0000,0.0000,0.0000,0.0000,0.0000,0.0000,0.0000,0.0000,0.0000,-0.049003,-0.019003,79.0970,0.000000,0.000000,0.0000,0.000000,0.000000,0.0000,0.000000,0.000000,0.0000,-0.02712,-0.16065,-0.58522,1.14728,-0.61099,0.21821,-0.01686,0.24453,-0.53572,1.38236,-0.74665,-0.35265,-0.26253,0.45065,0.00412,0.07448,-4.64406,-6.00023,-9.33015,-10.72897,-3.29170,-0.26728,-4.86684,6.00023,9.09213,-1.43447,-6.00023,-6.00023,-6.00023,6.00023,-6.00023,-6.00023,6.000,6.000,12.000,12.000,6.000,6.000,6.000,6.000,12.000,12.000,6.000,6.000,6.000,6.000,6.000,6.000
3.7300,0.00485,0.05105,0.45692,0.98931,-0.03052,0.01886,0.14133,0.00694,0.04474,0.29920,0.30051,0.06037,0.05002,1,0.05685,0.06037,0.034372,0.04252,12.3011,0.0002,-6.9394,3.5758,1.5570,-15.2303,-22.0986,1,0.04900,0.01900,0.4984,0.0000,-0.020212,0.046798,-19.5821,11.8684,26.6677,-32.5581,7.6906,111.8818,0.0000,0.0000,0.0000,0.0000,0.0000,0.0000,0.049000,-0.019000,26.8031,-0.015557,0.000584,111.8818,0.000000,0.000000,0.0000,0.000000,0.000000,0.0000,-0.09032,-0.16670,-0.59034,1.13236,-0.60545,0.23016,-0.07011,0.23855,-0.45880,1.35431,-0.87189,-0.45237,-0.34337,0.61955,0.03520,0.02629,-4.64406,-6.00023,-9.33015,-10.72897,-3.29170,-0.26728,-4.86684,6.00023,9.09213,-1.43447,-6.00023,-6.00023,-6.00023,6.00023,-6.00023,-6.00023,6.000,6.000,12.000,12.000,6.000,6.000,6.000,6.000,12.000,12.000,6.000,6.000,6.000,6.000,6.000,6.000
3.7350,0.00570,0.05082,0.45713,0.98683,-0.02724,0.01972,0.15822,0.00695,0.04438,0.29925,0.30051,0.05514,0.04903,1,0.05503,0.05514,0.034735,0.09809,-0.9530,0.0003,-10.7165,0.9398,-0.5112,-33.4372,-34.2299,1,0.04900,0.01900,0.2993,0.0000,-0.053143,0.044328,-17.2481,10.7651,23.3980,-13.8206,-0.7813,77.0961,0.0000,0.0000,0.0000,0.0000,0.0000,0.0000,-0.049000,-0.019000,23.6371,-0.048983,0.005145,77.0961,0.000000,0.000000,0.0000,0.000000,0.000000,0.0000,-0.17482,-0.17761,-0.60520,1.11595,-0.58044,0.24330,-0.14446,0.22685,-0.36385,1.29448,-0.95383,-0.51798,-0.44349,0.81143,0.07506,-0.03508,-4.64406,-6.00023,-9.33015,-10.72897,-3.29170,-0.26728,-4.86684,6.00023,9.09213,-1.43447,-6.00023,-6.00023,-6.00023,6.00023,-6.00023,-6.00023,6.000,6.000,12.000,12.000,6.000,6.000,6.000,6.000,12.000,12.000,6.000,6.000,6.000,6.000,6.000,6.000
3.7400,0.00656,0.05063,0.45732,0.98369,-0.02403,0.02076,0.17704,0.00688,0.04402,0.29937,0.30051,0.04760,0.04709,1,0.05348,0.04760,0.035156,0.08946,-5.0976,-0.0001,-13.4165,0.4777,-1.3107,-48.4194,-41.5028,1,0.04900,0.01900,0.6289,0.0000,-0.053569,0.051491,-17.7857,7.2679,25.7415,-2.7974,-48.7765,129.4920,0.0000,0.0000,0.0000,0.0000,0.0000,0.0000,0.049000,-0.019000,26.1031,-0.048977,0.011746,129.4920,0.000000,0.000000,0.0000,0.000000,0.000000,0.0000,-0.27004,-0.18742,-0.62603,1.09771,-0.53757,0.24555,-0.24017,0.20729,-0.26240,1.22511,-1.00413,-0.55949,-0.55754,1.01041,0.10809,-0.07954,-4.64406,-6.00023,-9.33015,-10.72897,-3.29170,-0.26728,-4.86684,6.00023,9.09213,-1.43447,-6.00023,-6.00023,-6.00023,6.00023,-6.00023,-6.00023,6.000,6.000,12.000,12.000,6.000,6.000,6.000,6.000,12.000,12.000,6.000,6.000,6.000,6.000,6.000,6.000
3.7450,0.00745,0.05037,0.45745,0.98048,-0.02134,0.02258,0.19413,0.00676,0.04355,0.29967,0.30051,0.04937,0.04471,1,0.05281,0.04937,0.035248,-0.01802,-4.8094,-0.0005,-14.2892,5.5346,-2.0393,-41.2014,-44.5969,0,0.04900,0.01900,0.5371,0.0000,-0.052836,0.049969,-53.7476,40.6735,77.7678,-6.0942,-41.8487,131.2528,0.0000,0.0000,0.0000,0.0000,0.0000,0.0000,0.049003,-0.019003,78.7772,-0.048985,0.009918,131.2528,0.000000,0.000000,0.0000,0.000000,0.000000,0.0000,-0.34288,-0.19304,-0.64553,1.07699,-0.48691,0.24378,-0.31936,0.18393,-0.18280,1.16948,-1.02869,-0.57970,-0.67243,1.14049,0.13002,-0.10584,3.55891,-0.99767,-2.40379,-5.82265,0.84372,-0.16662,0.00448,6.00026,3.43804,1.04509,-0.50239,-0.58053,-6.00026,0.19580,-3.47755,-1.44551,6.000,6.000,12.000,12.000,6.000,6.000,6.000,6.000,12.000,12.000,6.000,6.000,6.000,6.000,6.000,6.000
3.7500,0.00834,0.05000,0.45748,0.97756,-0.01942,0.02547,0.20820,0.00671,0.04303,0.30007,0.30051,0.05258,0.04288,1,0.05272,0.05258,0.034892,-0.07027,1.9920,-0.0006,-6.5614,9.3645,-0.7371,-28.9783,-59.9738,1,0.04900,0.01900,0.7781,0.0000,-0.052358,0.042471,-17.5937,15.1424,26.8343,32.3177,5.8187,70.3476,0.0000,0.0000,0.0000,0.0000,0.0000,0.0000,0.049000,-0.019000,27.0560,-0.048996,0.002451,70.3476,0.000000,0.000000,0.0000,0.000000,0.000000,0.0000,-0.38178,-0.19469,-0.66127,1.05341,-0.43118,0.24389,-0.36780,0.16412,-0.13139,1.13158,-1.03377,-0.58329,-0.78824,1.20408,0.14144,-0.11800,3.55891,-0.99767,-2.40379,-5.82265,0.84372,-0.16662,0.00448,6.00026,3.43804,1.04509,-0.50239,-0.58053,-6.00026,0.19580,-3.47755,-1.44551,6.000,6.000,12.000,12.000,6.000,6.000,6.000,6.000,12.000,12.000,6.000,6.000,6.000,6.000,6.000,6.000
3.7550,0.00926,0.04958,0.45742,0.97480,-0.01812,0.02965,0.22036,0.00677,0.04254,0.30048,0.30051,0.05792,0.04187,1,0.05304,0.05792,0.034652,-0.02954,5.4933,-0.0002,-0.3488,11.0039,-0.3301,-13.0732,-74.4449,1,0.04900,0.01900,0.7811,0.0000,0.045695,0.034661,-0.6645,14.1669,23.7711,-35.5361,5.8884,76.8693,0.0000,0.0000,0.0000,0.0000,0.0000,0.0000,0.049000,-0.019000,23.7365,0.048999,-0.009559,76.8693,0.000000,0.000000,0.0000,0.000000,0.000000,0.0000,-0.38695,-0.19894,-0.67185,1.03284,-0.39484,0.23618,-0.39186,0.15346,-0.09552,1.10202,-1.02650,-0.57649,-0.90968,1.23664,0.14527,-0.12070,3.55891,-0.99767,-2.40379,-5.82265,0.84372,-0.16662,0.00448,6.00026,3.43804,1.04509,-0.50239,-0.58053,-6.00026,0.19580,-3.47755,-1.44551,6.000,6.000,12.000,12.000,6.000,6.000,6.000,6.000,12.000,12.000,6.000,6.000,6.000,6.000,6.000,6.000
3.7600,0.01025,0.04918,0.45736,0.97243,-0.01707,0.03422,0.23006,0.00676,0.04210,0.30095,0.30051,0.06585,0.04045,1,0.05354,0.06585,0.034729,0.04177,2.3921,0.0000,6.4746,9.8458,-0.5931,-1.0176,-96.0592,0,0.04900,0.01900,0.7239,0.0000,0.045860,0.034396,42.9592,47.9978,72.4540,-37.4475,8.4070,88.3726,0.0000,0.0000,0.0000,0.0000,0.0000,0.0000,0.017131,-0.023765,73.7043,0.048988,-0.008924,88.3726,0.000000,0.000000,0.0000,0.000000,0.000000,0.0000,-0.36497,-0.20882,-0.67378,1.01800,-0.38416,0.23378,-0.40666,0.14684,-0.06904,1.07784,-1.01131,-0.56275,-1.02177,1.25296,0.14541,-0.11721,2.17978,3.11181,10.90661,4.51730,4.30679,0.06344,-1.93842,1.71206,-4.05790,-1.69914,-0.33119,0.32149,0.02136,0.65435,0.53710,-0.00611,6.000,6.000,12.000,12.000,6.000,6.000,6.000,6.000,12.000,12.000,6.000,6.000,6.000,6.000,6.000,6.000
3.7650,0.01125,0.04885,0.45737,0.97059,-0.01603,0.03830,0.23715,0.00674,0.04166,0.30145,0.30051,0.07447,0.03838,1,0.05401,0.07447,0.035306,0.16019,-3.8926,-0.0001,6.1345,9.5805,-2.3597,-0.2474,-90.9333,0,0.04900,0.01900,0.4748,0.0000,0.044640,0.049741,36.8396,45.3201,64.2978,20.4593,-2.3138,72.2906,0.0000,0.0000,0.0000,0.0000,0.0000,0.0000,0.053923,-0.024415,66.0116,0.048981,0.006799,72.2906,0.000000,0.000000,0.0000,0.000000,0.000000,0.0000,-0.32661,-0.22362,-0.67111,1.01065,-0.38382,0.24432,-0.41888,0.13971,-0.04819,1.05716,-0.99150,-0.54469,-1.11562,1.25905,0.14389,-0.10985,3.05022,5.50649,10.01610,5.51997,5.57776,0.40711,-0.91783,-1.01252,-2.91872,-1.34531,-0.01524,0.44842,0.32724,0.36330,0.16172,0.08194,6.000,6.000,12.000,12.000,6.000,6.000,6.000,6.000,12.000,12.000,6.000,6.000,6.000,6.000,6.000,6.000
3.7700,0.01249,0.04857,0.45756,0.96833,-0.01550,0.04130,0.24574,0.00681,0.04119,0.30201,0.30051,0.08204,0.03591,1,0.05380,0.08204,0.035801,0.05526,-15.5393,-0.0006,3.8984,10.5454,-4.6631,-2.6996,-82.4586,0,0.04900,0.01900,0.7210,0.0000,0.043781,0.052231,29.2203,39.8263,54.3563,33.6130,-6.5388,79.1743,0.0000,0.0000,0.0000,0.0000,0.0000,0.0000,-0.049000,0.019000,56.0072,0.048979,0.009270,79.1743,0.000000,0.000000,0.0000,0.000000,0.000000,0.0000,-0.31780,-0.22913,-0.66980,1.00873,-0.39716,0.24011,-0.46159,0.12799,-0.00324,1.00476,-0.97362,-0.52551,-1.18066,1.18033,0.15581,-0.10177,-3.20967,6.00001,2.26771,-0.64446,0.14206,-1.82674,-6.00001,6.00001,3.33681,-4.63495,-5.96920,-0.52499,3.48719,-6.00001,6.00001,-0.90578,6.000,6.000,12.000,12.000,6.000,6.000,6.000,6.000,12.000,12.000,6.000,6.000,6.000,6.000,6.000,6.000
3.7750,0.01386,0.04831,0.45767,0.96594,-0.01542,0.04404,0.25454,0.00689,0.04074,0.30253,0.30051,0.08772,0.03453,1,0.05364,0.08772,0.036121,0.07022,-6.2279,-0.0011,-3.9545,10.5577,-7.6768,3.9283,-62.5795,0,0.04900,0.01900,0.8947,0.0000,0.041719,0.061552,-16.6380,24.6839,43.5118,-19.5072,7.9815,39.2696,0.0000,0.0000,0.0000,0.0000,0.0000,0.0000,0.049014,-0.019015,43.8907,0.048990,0.018990,39.2696,0.000000,0.000000,0.0000,0.000000,0.000000,0.0000,-0.31808,-0.23028,-0.67135,1.00903,-0.41214,0.23065,-0.50880,0.11531,0.05403,0.93689,-0.95573,-0.50593,-1.23118,1.09296,0.17049,-0.09294,4.64385,4.84884,-7.21903,-4.34872,-0.20562,-0.32839,2.29198,-4.55645,9.51237,2.06830,1.47233,0.49118,-0.03426,-0.64615,-2.05222,-0.25077,6.000,6.000,12.000,12.000,6.000,6.000,6.000,6.000,12.000,12.000,6.000,6.000,6.000,6.000,6.000,6.000
3.7800,0.01512,0.04802,0.45758,0.96397,-0.01539,0.04693,0.26140,0.00691,0.04026,0.30297,0.30051,0.09306,0.03368,1,0.05409,0.09306,0.036376,-0.00121,-7.9345,-0.0014,-4.7866,9.0984,-5.3162,6.9466,-65.7375,0,0.04900,0.01900,0.8351,0.0000,0.041741,0.061398,-24.4881,28.5840,50.8969,-12.2678,-16.8179,41.5510,0.0000,0.0000,0.0000,0.0000,0.0000,0.0000,0.055207,-0.025803,51.7627,0.048998,0.018996,41.5510,0.000000,0.000000,0.0000,0.000000,0.000000,0.0000,-0.29923,-0.23586,-0.67315,1.00741,-0.41742,0.23038,-0.53973,0.10370,0.10906,0.87355,-0.93514,-0.48607,-1.27823,1.03797,0.17273,-0.08352,5.32213,4.80250,-6.28019,-4.24831,0.19643,0.17165,2.07896,-4.47612,8.51866,1.63488,1.39926,0.51139,-0.18774,-0.65145,-2.38889,-0.22681,6.000,6.000,12.000,12.000,6.000,6.000,6.000,6.000,12.000,12.000,6.000,6.000,6.000,6.000,6.000,6.000
3.7850,0.01625,0.04767,0.45732,0.96242,-0.01549,0.04993,0.26650,0.00691,0.03971,0.30331,0.30051,0.09868,0.03256,1,0.05509,0.09868,0.036290,0.00693,-3.0140,-0.0017,-5.3447,8.0723,-2.4917,10.2900,-67.4371,0,0.04900,0.01900,0.0000,0.0000,0.000000,0.000000,-30.2647,34.0174,61.7018,0.0000,0.0000,0.0000,0.0000,0.0000,0.0000,0.0000,0.0000,0.0000,0.054163,-0.024607,62.9428,0.000000,0.000000,0.0000,0.000000,0.000000,0.0000,0.000000,0.000000,0.0000,-0.25777,-0.24591,-0.67162,0.99900,-0.40683,0.23899,-0.55791,0.09356,0.16267,0.81330,-0.91219,-0.46621,-1.32122,0.99838,0.16244,-0.07415,5.61985,4.11230,-4.88334,-4.03517,0.83123,0.36695,1.62221,-3.64440,7.22039,1.10628,1.28911,0.52640,-0.13819,-0.63792,-2.87499,-0.24940,6.000,6.000,12.000,12.000,6.000,6.000,6.000,6.000,12.000,12.000,6.000,6.000,6.000,6.000,6.000,6.000
3.7900,0.01723,0.04729,0.45702,0.96135,-0.01535,0.05301,0.26973,0.00689,0.03911,0.30350,0.30051,0.10455,0.03125,1,0.05650,0.10455,0.036585,0.09049,-5.9969,-0.0016,-3.0732,12.1883,-1.5178,11.2753,-69.7251,0,0.04900,0.01900,0.8569,0.0000,0.041986,0.062543,-10.0063,49.3147,76.4925,-10.5624,-26.3310,55.1868,0.0000,0.0000,0.0000,0.0000,0.0000,0.0000,0.053234,-0.013449,78.3183,0.048994,0.018991,55.1868,0.000000,0.000000,0.0000,0.000000,0.000000,0.0000,-0.19864,-0.26312,-0.66814,0.99228,-0.39680,0.25311,-0.56732,0.08285,0.21141,0.75897,-0.88829,-0.44635,-1.35839,0.96593,0.14216,-0.06515,5.82876,6.34500,1.00726,-0.62668,3.22660,-0.16795,1.23416,-3.88720,2.46421,-0.37465,0.74254,0.52223,-0.05573,-0.62276,-1.79268,-0.05195,6.000,6.000,12.000,12.000,6.000,6.000,6.000,6.000,12.000,12.000,6.000,6.000,6.000,6.000,6.000,6.000
3.7950,0.01810,0.04687,0.45671,0.96067,-0.01493,0.05610,0.27157,0.00688,0.03842,0.30370,0.30051,0.11044,0.02940,1,0.05820,0.11044,0.037233,0.15450,-15.9396,-0.0019,-0.6393,16.1399,-3.2426,7.8749,-72.1026,1,0.04900,0.01900,0.4435,0.0000,0.042132,0.063205,15.3846,59.5861,76.5224,11.2098,-16.2774,74.2798,0.0000,0.0000,0.0000,0.0000,0.0000,0.0000,-0.049000,0.019000,79.3671,0.048984,0.018987,74.2798,0.000000,0.000000,0.0000,0.000000,0.000000,0.0000,-0.12498,-0.28630,-0.66193,0.98682,-0.38665,0.27040,-0.57095,0.07067,0.25538,0.71009,-0.86428,-0.42651,-1.38969,0.93704,0.11816,-0.05495,5.82876,6.34500,1.00726,-0.62668,3.22660,-0.16795,1.23416,-3.88720,2.46421,-0.37465,0.74254,0.52223,-0.05573,-0.62276,-1.79268,-0.05195,6.000,6.000,12.000,12.000,6.000,6.000,6.000,6.000,12.000,12.000,6.000,6.000,6.000,6.000,6.000,6.000
3.8000,0.01897,0.04645,0.45639,0.96008,-0.01411,0.05921,0.27301,0.00692,0.03766,0.30394,0.30051,0.11616,0.02734,1,0.06018,0.11616,0.038227,0.23991,-24.1459,-0.0026,0.3299,18.8726,-4.5941,2.8847,-74.4118,1,0.04900,0.01900,0.3812,0.0000,0.042468,0.063770,27.3776,76.9169,87.4556,12.8421,-10.2633,71.8943,0.0000,0.0000,0.0000,0.0000,0.0000,0.0000,0.046976,0.019000,92.1037,0.048972,0.018987,71.8943,0.000000,0.000000,0.0000,0.000000,0.000000,0.0000,-0.04242,-0.31352,-0.65346,0.98435,-0.37766,0.28693,-0.57078,0.05656,0.29714,0.66376,-0.84017,-0.40659,-1.41581,0.90997,0.10163,-0.04259,5.82876,6.34500,1.00726,-0.62668,3.22660,-0.16795,1.23416,-3.88720,2.46421,-0.37465,0.74254,0.52223,-0.05573,-0.62276,-1.79268,-0.05195,6.000,6.000,12.000,12.000,6.000,6.000,6.000,6.000,12.000,12.000,6.000,6.000,6.000,6.000,6.000,6.000
3.8050,0.01980,0.04601,0.45606,0.95963,-0.01291,0.06219,0.27401,0.00699,0.03688,0.30422,0.30051,0.12169,0.02549,1,0.06245,0.12169,0.039507,0.26907,-30.7186,-0.0035,1.8571,19.0848,-5.8483,-3.9918,-77.2091,1,0.04900,0.01900,0.4263,0.0000,0.043002,0.064313,24.2796,79.2600,84.3605,16.3527,-6.8618,69.3515,0.0000,0.0000,0.0000,0.0000,0.0000,0.0000,0.049000,0.019000,90.1881,0.048965,0.018989,69.3515,0.000000,0.000000,0.0000,0.000000,0.000000,0.0000,0.04623,-0.34343,-0.64224,0.98417,-0.36807,0.30397,-0.56810,0.04003,0.33759,0.61917,-0.81588,-0.38667,-1.43710,0.88410,0.09109,-0.03112,5.82876,6.34500,1.00726,-0.62668,3.22660,-0.16795,1.23416,-3.88720,2.46421,-0.37465,0.74254,0.52223,-0.05573,-0.62276,-1.79268,-0.05195,6.000,6.000,12.000,12.000,6.000,6.000,6.000,6.000,12.000,12.000,6.000,6.000,6.000,6.000,6.000,6.000
3.8100,0.02053,0.04554,0.45574,0.95948,-0.01234,0.06439,0.27403,0.00709,0.03610,0.30454,0.30051,0.12677,0.02406,1,0.06511,0.12677,0.040823,0.25607,-32.6101,-0.0048,2.6065,20.0042,-5.6462,-10.1024,-75.8465,1,0.04900,0.01900,0.3560,0.0000,0.043782,0.064880,19.5001,83.5640,84.4672,14.4810,-1.4066,68.1287,0.0000,0.0000,0.0000,0.0000,0.0000,0.0000,0.048746,0.019001,91.8160,0.048964,0.018992,68.1287,0.000000,0.000000,0.0000,0.000000,0.000000,0.0000,0.13067,-0.36929,-0.63244,0.98900,-0.35671,0.32330,-0.56132,0.02415,0.38010,0.57369,-0.78993,-0.36692,-1.45510,0.85977,0.08405,-0.02096,5.82876,6.34500,1.00726,-0.62668,3.22660,-0.16795,1.23416,-3.88720,2.46421,-0.37465,0.74254,0.52223,-0.05573,-0.62276,-1.79268,-0.05195,6.000,6.000,12.000,12.000,6.000,6.000,6.000,6.000,12.000,12.000,6.000,6.000,6.000,6.000,6.000,6.000
3.8150,0.02106,0.04504,0.45550,0.95993,-0.01342,0.06491,0.27227,0.00725,0.03527,0.30492,0.30051,0.13070,0.02331,1,0.06841,0.13070,0.042077,0.25262,-40.2086,-0.0061,-2.7695,21.7534,-7.0057,7.9680,-49.1087,1,0.04900,0.01900,0.4925,0.0000,0.044780,0.065536,18.5865,105.6622,102.2787,12.9942,-26.2721,99.1977,0.0000,0.0000,0.0000,0.0000,0.0000,0.0000,-0.049000,0.019000,113.0290,0.048971,0.018996,99.1977,0.000000,0.000000,0.0000,0.000000,0.000000,0.0000,0.20210,-0.38402,-0.62988,1.00546,-0.34467,0.34108,-0.54923,0.01129,0.42779,0.52609,-0.76170,-0.34724,-1.47030,0.83674,0.07862,-0.01196,5.82876,6.34500,1.00726,-0.62668,3.22660,-0.16795,1.23416,-3.88720,2.46421,-0.37465,0.74254,0.52223,-0.05573,-0.62276,-1.79268,-0.05195,6.000,6.000,12.000,12.000,6.000,6.000,6.000,6.000,12.000,12.000,6.000,6.000,6.000,6.000,6.000,6.000
3.8200,0.02137,0.04449,0.45538,0.96101,-0.01545,0.06378,0.26862,0.00745,0.03434,0.30542,0.30051,0.13232,0.02325,1,0.07230,0.13232,0.043467,0.30694,-40.5084,-0.0074,-6.0252,22.2102,-7.6509,24.1978,-15.4747,1,0.04900,0.01900,0.5003,0.0000,0.045582,0.066123,13.3921,93.9627,87.5530,16.5161,-25.3888,100.9248,0.0000,0.0000,0.0000,0.0000,0.0000,0.0000,-0.049001,0.019001,98.4654,0.048977,0.018999,100.9248,0.000000,0.000000,0.0000,0.000000,0.000000,0.0000,0.26997,-0.39131,-0.63061,1.03193,-0.33273,0.35407,-0.53319,-0.00129,0.47848,0.47953,-0.73300,-0.32746,-1.48146,0.81405,0.07387,-0.00323,5.82876,6.34500,1.00726,-0.62668,3.22660,-0.16795,1.23416,-3.88720,2.46421,-0.37465,0.74254,0.52223,-0.05573,-0.62276,-1.79268,-0.05195,6.000,6.000,12.000,12.000,6.000,6.000,6.000,6.000,12.000,12.000,6.000,6.000,6.000,6.000,6.000,6.000
3.8250,0.02148,0.04388,0.45541,0.96265,-0.01781,0.06118,0.26315,0.00768,0.03333,0.30608,0.30051,0.13127,0.02355,1,0.07670,0.13127,0.045195,0.37341,-41.7017,-0.0088,-8.1857,22.9090,-8.9008,30.0078,12.3222,1,0.04900,0.01900,0.1333,0.0000,0.057581,0.055151,10.1575,84.9858,75.6068,3.3534,-8.1923,110.7285,0.0000,0.0000,0.0000,0.0000,0.0000,0.0000,-0.049000,0.019000,87.0844,0.048986,0.002897,110.7285,0.000000,0.000000,0.0000,0.000000,0.000000,0.0000,0.33977,-0.39374,-0.63251,1.06722,-0.32105,0.35788,-0.51426,-0.01584,0.53019,0.43588,-0.70475,-0.30766,-1.48792,0.79143,0.06914,0.00613,5.82876,6.34500,1.00726,-0.62668,3.22660,-0.16795,1.23416,-3.88720,2.46421,-0.37465,0.74254,0.52223,-0.05573,-0.62276,-1.79268,-0.05195,6.000,6.000,12.000,12.000,6.000,6.000,6.000,6.000,12.000,12.000,6.000,6.000,6.000,6.000,6.000,6.000
3.8300,0.02190,0.04346,0.45577,0.96459,-0.01943,0.05941,0.25623,0.00793,0.03229,0.30690,0.30051,0.12751,0.02415,1,0.07927,0.12751,0.046543,0.20103,-43.5664,-0.0105,-9.9680,24.1872,-10.2442,30.2930,37.5210,0,0.04900,0.01900,0.0000,0.0000,0.000000,0.000000,8.5177,89.0227,74.0530,0.0000,0.0000,0.0000,0.0000,0.0000,0.0000,0.0000,0.0000,0.0000,-0.050745,0.020662,88.4358,0.000000,0.000000,0.0000,0.000000,0.000000,0.0000,0.000000,0.000000,0.0000,0.38051,-0.39043,-0.63806,1.09541,-0.32385,0.31769,-0.46260,-0.01490,0.57100,0.37006,-0.59290,-0.38198,-1.49165,0.84590,0.08376,-0.01999,-6.16460,6.15875,7.03136,1.21822,-0.22479,-3.64982,6.16325,6.16293,6.88716,-12.16345,6.16313,-6.16343,3.02695,6.16353,6.16367,-6.16360,6.000,6.000,12.000,12.000,6.000,6.000,6.000,6.000,12.000,12.000,6.000,6.000,6.000,6.000,6.000,6.000
3.8350,0.02260,0.04319,0.45643,0.96697,-0.02135,0.05994,0.24680,0.00815,0.03122,0.30771,0.30051,0.12490,0.02511,1,0.07948,0.12490,0.047394,0.14804,-34.9768,-0.0118,-3.8293,1.1696,-16.5656,22.1463,0.8894,0,0.04900,0.01900,0.0000,0.0000,0.000000,0.000000,-0.0538,0.1331,-0.3276,0.0000,0.0000,0.0000,0.0000,0.0000,0.0000,0.0000,0.0000,0.0000,0.000000,0.000000,0.0000,0.000000,0.000000,0.0000,0.000000,0.000000,0.0000,0.000000,0.000000,0.0000,0.38580,-0.38067,-0.66077,1.11792,-0.33520,0.26670,-0.36610,0.01379,0.59675,0.27238,-0.39398,-0.46091,-1.48219,0.94890,0.09554,-0.04652,-1.40045,6.34003,-2.82404,0.35246,-0.73883,-0.93062,6.35554,6.35525,4.78981,-12.35358,6.35560,-6.35633,6.35623,4.22144,6.35680,-6.35671,6.000,6.000,12.000,12.000,6.000,6.000,6.000,6.000,12.000,12.000,6.000,6.000,6.000,6.000,6.000,6.000
3.8400,0.02350,0.04293,0.45720,0.96937,-0.02369,0.06261,0.23631,0.00833,0.03017,0.30834,0.30051,0.12681,0.02692,1,0.07862,0.12681,0.047788,0.04203,-33.2821,-0.0126,3.5093,1.4358,-17.8996,59.0586,-32.9710,0,0.04900,0.01900,0.0000,0.0000,0.000000,0.000000,0.1733,-0.0590,-0.3059,0.0000,0.0000,0.0000,0.0000,0.0000,0.0000,0.0000,0.0000,0.0000,0.000000,0.000000,0.0000,0.000000,0.000000,0.0000,0.000000,0.000000,0.0000,0.000000,0.000000,0.0000,0.36810,-0.36617,-0.69967,1.13416,-0.34432,0.22594,-0.23515,0.06157,0.60993,0.15201,-0.15790,-0.40483,-1.43963,0.93690,0.10909,-0.06933,-0.44573,6.33845,-4.38523,-1.52117,-0.82369,-0.88479,6.35238,-0.22285,-4.06096,-10.31430,6.35267,6.35335,6.35307,-6.35339,6.35348,-6.35339,6.000,6.000,12.000,12.000,6.000,6.000,6.000,6.000,12.000,12.000,6.000,6.000,6.000,6.000,6.000,6.000
3.8450,0.02469,0.04271,0.45782,0.97148,-0.02562,0.06656,0.22613,0.00850,0.02912,0.30872,0.30051,0.13296,0.02992,1,0.07757,0.13296,0.047531,-0.09692,-25.3714,-0.0130,8.0714,4.5407,-16.3495,60.0292,-66.4168,0,0.04900,0.01900,0.0000,0.0000,0.000000,0.000000,9.2885,2.5697,8.8134,0.0000,0.0000,0.0000,0.0000,0.0000,0.0000,0.0000,0.0000,0.0000,-0.083023,0.052083,9.7349,0.000000,0.000000,0.0000,0.000000,0.000000,0.0000,0.000000,0.000000,0.0000,0.33067,-0.34649,-0.74673,1.14206,-0.35240,0.18967,-0.08667,0.11276,0.61443,0.03094,0.04669,-0.32060,-1.36810,0.81095,0.14093,-0.08652,-0.25074,6.33900,-5.24217,-2.36850,-0.98811,-0.88152,6.34946,-0.46379,2.17658,-5.24611,3.61216,0.30063,6.35005,-6.01012,6.35024,-4.59991,6.000,6.000,12.000,12.000,6.000,6.000,6.000,6.000,12.000,12.000,6.000,6.000,6.000,6.000,6.000,6.000
3.8500,0.02593,0.04254,0.45816,0.97377,-0.02729,0.07054,0.21459,0.00868,0.02808,0.30887,0.30051,0.14138,0.03418,1,0.07628,0.14138,0.046755,-0.18021,-8.0043,-0.0128,8.3955,1.1576,-10.6278,57.8448,-81.6028,0,0.04900,0.01900,0.0000,0.0000,0.000000,0.000000,23.7100,5.7369,24.8946,0.0000,0.0000,0.0000,0.0000,0.0000,0.0000,0.0000,0.0000,0.0000,0.060404,0.007964,26.3678,0.000000,0.000000,0.0000,0.000000,0.000000,0.0000,0.000000,0.000000,0.0000,0.29691,-0.32251,-0.78814,1.14392,-0.34211,0.16562,0.04395,0.14411,0.60895,-0.05211,0.16409,-0.27622,-1.29740,0.70720,0.17337,-0.09573,-0.35669,6.33072,3.14922,2.39648,2.10553,-0.26723,3.11471,-3.88756,-1.06630,-1.37477,0.33578,0.62607,0.39225,-0.73765,-0.77240,-0.70979,6.000,6.000,12.000,12.000,6.000,6.000,6.000,6.000,12.000,12.000,6.000,6.000,6.000,6.000,6.000,6.000
3.8550,0.02701,0.04243,0.45828,0.97635,-0.02915,0.07407,0.20101,0.00886,0.02704,0.30876,0.30051,0.14966,0.03862,1,0.07463,0.14966,0.045635,-0.24212,-2.7979,-0.0120,6.6236,-1.0687,-3.6725,55.6327,-74.6156,1,0.04900,0.01900,0.0000,0.0000,0.000000,0.000000,0.0000,0.0000,0.0000,0.0000,0.0000,0.0000,0.0000,0.0000,0.0000,0.0000,0.0000,0.0000,0.000000,0.000000,0.0000,0.000000,0.000000,0.0000,0.000000,0.000000,0.0000,0.000000,0.000000,0.0000,0.27544,-0.29485,-0.82038,1.14431,-0.31264,0.14993,0.13004,0.14480,0.60069,-0.10027,0.21972,-0.24869,-1.23784,0.65038,0.19436,-0.09870,-0.35669,6.33072,3.14922,2.39648,2.10553,-0.26723,3.11471,-3.88756,-1.06630,-1.37477,0.33578,0.62607,0.39225,-0.73765,-0.77240,-0.70979,6.000,6.000,12.000,12.000,6.000,6.000,6.000,6.000,12.000,12.000,6.000,6.000,6.000,6.000,6.000,6.000
3.8600,0.02793,0.04233,0.45818,0.97900,-0.03164,0.07710,0.18607,0.00905,0.02601,0.30839,0.30051,0.15700,0.04282,1,0.07287,0.15700,0.044522,-0.15349,-1.1076,-0.0108,-1.5038,13.6570,1.5466,65.2369,-67.3565,1,0.04900,0.01900,0.0000,0.0000,0.000000,0.000000,6.2308,51.3529,39.8611,0.0000,0.0000,0.0000,0.0000,0.0000,0.0000,0.0000,0.0000,0.0000,-0.049000,-0.019000,49.7987,0.000000,0.000000,0.0000,0.000000,0.000000,0.0000,0.000000,0.000000,0.0000,0.25754,-0.26280,-0.84920,1.15061,-0.28174,0.13597,0.17376,0.12261,0.59185,-0.12586,0.24727,-0.22754,-1.18597,0.61405,0.20787,-0.09823,-0.35669,6.33072,3.14922,2.39648,2.10553,-0.26723,3.11471,-3.88756,-1.06630,-1.37477,0.33578,0.62607,0.39225,-0.73765,-0.77240,-0.70979,6.000,6.000,12.000,12.000,6.000,6.000,6.000,6.000,12.000,12.000,6.000,6.000,6.000,6.000,6.000,6.000
3.8650,0.02897,0.04227,0.45832,0.98154,-0.03001,0.08040,0.17090,0.00926,0.02495,0.30783,0.30051,0.16346,0.04687,1,0.07225,0.16346,0.042834,-0.44556,-10.0610,-0.0097,-5.0084,24.4691,3.8941,74.0489,-58.1421,0,0.04900,0.01900,0.8253,0.0000,0.052775,0.083103,9.5114,105.1723,114.8980,20.8659,-21.8017,60.9537,0.0000,0.0000,0.0000,0.0000,0.0000,0.0000,-0.051205,-0.021311,134.2605,0.048918,0.018949,60.9537,0.000000,0.000000,0.0000,0.000000,0.000000,0.0000,0.23726,-0.24654,-0.84353,1.13626,-0.30670,0.13870,0.14215,0.04901,0.58380,-0.13922,0.31837,-0.12909,-1.10964,0.50845,0.23246,-0.09855,-4.90615,-6.32894,12.32593,-2.93537,-3.26886,0.38875,-6.32802,-6.32797,12.32605,-12.32613,6.32795,6.32793,6.32780,-6.32795,6.32798,-6.32797,6.000,6.000,12.000,12.000,6.000,6.000,6.000,6.000,12.000,12.000,6.000,6.000,6.000,6.000,6.000,6.000
3.8700,0.03029,0.04211,0.45859,0.98399,-0.02137,0.08191,0.15683,0.00945,0.02380,0.30720,0.30051,0.16890,0.04928,1,0.07404,0.16890,0.039928,-0.63387,14.5359,-0.0080,8.3670,-2.3731,2.3510,-35.9361,-86.1788,1,0.04900,0.01900,0.9533,0.0000,0.052439,0.085750,32.5588,0.1357,33.9475,-19.1870,-5.1215,34.7264,0.0000,0.0000,0.0000,0.0000,0.0000,0.0000,-0.015444,0.019000,35.8683,0.048912,0.018946,34.7264,0.000000,0.000000,0.0000,0.000000,0.000000,0.0000,0.21239,-0.25131,-0.78348,1.08625,-0.38552,0.16891,0.03438,-0.08062,0.57650,-0.14910,0.43442,0.03073,-1.00010,0.33596,0.27946,-0.10149,-4.90615,-6.32894,12.32593,-2.93537,-3.26886,0.38875,-6.32802,-6.32797,12.32605,-12.32613,6.32795,6.32793,6.32780,-6.32795,6.32798,-6.32797,6.000,6.000,12.000,12.000,6.000,6.000,6.000,6.000,12.000,12.000,6.000,6.000,6.000,6.000,6.000,6.000
3.8750,0.03188,0.04169,0.45848,0.98630,-0.00641,0.07864,0.14484,0.00952,0.02260,0.30651,0.30051,0.16871,0.04974,1,0.07861,0.16871,0.036251,-0.77240,-2.5220,-0.0051,-8.6330,-25.8139,4.9540,-160.3623,-52.9498,1,0.04900,0.01900,1.1669,0.0000,0.053167,0.087942,-7.6968,-33.0460,50.8007,-30.1011,0.0000,43.0015,0.0000,0.0000,0.0000,0.0000,0.0000,0.0000,0.049000,0.019000,46.9722,0.048986,0.018991,43.0015,0.000000,0.000000,0.0000,0.000000,0.000000,0.0000,0.17687,-0.27092,-0.67312,1.00407,-0.49401,0.20956,-0.09953,-0.24003,0.56313,-0.15876,0.56858,0.21208,-0.86854,0.13892,0.35236,-0.10555,-4.90615,-6.32894,12.32593,-2.93537,-3.26886,0.38875,-6.32802,-6.32797,12.32605,-12.32613,6.32795,6.32793,6.32780,-6.32795,6.32798,-6.32797,6.000,6.000,12.000,12.000,6.000,6.000,6.000,6.000,12.000,12.000,6.000,6.000,6.000,6.000,6.000,6.000
3.8800,0.03359,0.04093,0.45770,0.98834,0.01342,0.06974,0.13469,0.00945,0.02139,0.30575,0.30051,0.15764,0.04867,1,0.08589,0.15764,0.033547,-0.24553,-5.3967,-0.0014,-36.8695,-46.0355,19.2125,-269.9325,21.1926,1,0.04900,0.01900,0.0000,0.0000,0.000000,0.000000,-72.4972,-56.9046,149.7299,0.0000,0.0000,0.0000,0.0000,0.0000,0.0000,0.0000,0.0000,0.0000,0.051291,0.021227,149.8906,0.000000,0.000000,0.0000,0.000000,0.000000,0.0000,0.000000,0.000000,0.0000,0.12763,-0.30392,-0.54140,0.90933,-0.58884,0.23613,-0.22301,-0.41135,0.54169,-0.16806,0.71251,0.39987,-0.72392,-0.06057,0.44895,-0.11002,-4.90615,-6.32894,12.32593,-2.93537,-3.26886,0.38875,-6.32802,-6.32797,12.32605,-12.32613,6.32795,6.32793,6.32780,-6.32795,6.32798,-6.32797,6.000,6.000,12.000,12.000,6.000,6.000,6.000,6.000,12.000,12.000,6.000,6.000,6.000,6.000,6.000,6.000
3.8850,0.03524,0.03970,0.45631,0.98978,0.03756,0.05533,0.12593,0.00946,0.02032,0.30511,0.30051,0.13464,0.04675,1,0.09569,0.13464,0.033766,0.26194,4.2207,0.0013,-58.5817,-64.4777,34.6859,-365.0352,100.8965,1,0.04900,0.01900,0.8115,0.0000,-0.020539,0.018396,-73.0278,-83.7962,141.4669,51.1394,91.6986,215.6743,0.0000,0.0000,0.0000,0.0000,0.0000,0.0000,0.049000,0.019000,149.6400,-0.048760,-0.009031,215.6743,0.000000,0.000000,0.0000,0.000000,0.000000,0.0000,0.07066,-0.35217,-0.41675,0.84220,-0.66064,0.25684,-0.31983,-0.58789,0.52015,-0.17645,0.85076,0.53674,-0.57810,-0.20233,0.56571,-0.11452,-4.90615,-6.32894,12.32593,-2.93537,-3.26886,0.38875,-6.32802,-6.32797,12.32605,-12.32613,6.32795,6.32793,6.32780,-6.32795,6.32798,-6.32797,6.000,6.000,12.000,12.000,6.000,6.000,6.000,6.000,12.000,12.000,6.000,6.000,6.000,6.000,6.000,6.000
3.8900,0.03633,0.03807,0.45534,0.99135,0.05786,0.03804,0.11149,0.00967,0.01958,0.30503,0.30051,0.10023,0.04485,1,0.10387,0.10023,0.034992,0.32209,12.3340,0.0011,-73.4316,-80.4515,46.3107,-449.2978,188.3378,0,0.04900,0.01900,0.6751,0.0000,-0.030662,0.034333,-71.9471,-111.9226,136.3912,103.2839,-16.1766,258.1368,0.0000,0.0000,0.0000,0.0000,0.0000,0.0000,0.044915,0.019000,149.6400,-0.048502,0.006605,258.1368,0.000000,0.000000,0.0000,0.000000,0.000000,0.0000,0.07923,-0.39199,-0.28230,0.78859,-0.69741,0.27897,-0.30910,-0.71236,0.55371,-0.18170,0.87200,0.51471,-0.43089,-0.28751,0.64092,-0.02053,3.73298,6.00002,12.00002,-2.11987,1.31610,-0.04204,6.00002,6.00002,12.00002,-12.00002,-6.00002,-6.00002,6.00002,-6.00002,-6.00002,6.00002,6.000,6.000,12.000,12.000,6.000,6.000,6.000,6.000,12.000,12.000,6.000,6.000,6.000,6.000,6.000,6.000
3.8950,0.03734,0.03638,0.45540,0.99308,0.07322,0.02250,0.08897,0.01027,0.01902,0.30539,0.30051,0.12377,0.04426,1,0.10777,0.12377,0.037288,0.63268,-2.8730,-0.0002,-69.3432,-40.4580,14.4009,-318.8379,205.7327,0,0.04900,0.01900,1.0223,0.0000,-0.038023,0.041784,-94.6194,-57.2135,136.2738,99.0127,15.3466,163.3705,0.0000,0.0000,0.0000,0.0000,0.0000,0.0000,0.024122,0.019002,149.6403,-0.048607,0.013321,163.3705,0.000000,0.000000,0.0000,0.000000,0.000000,0.0000,0.17841,-0.41265,-0.12118,0.72625,-0.72310,0.29912,-0.26877,-0.80456,0.58129,-0.18140,0.81286,0.37230,-0.27564,-0.33415,0.65956,0.15727,2.17131,6.00033,12.00026,-4.57001,-1.16528,-1.82921,6.00033,6.00033,12.00033,-12.00033,-6.00033,-6.00033,6.00033,-6.00033,-6.00033,6.00033,6.000,6.000,12.000,12.000,6.000,6.000,6.000,6.000,12.000,12.000,6.000,6.000,6.000,6.000,6.000,6.000
3.9000,0.03852,0.03476,0.45630,0.99464,0.08416,0.01014,0.05929,0.01130,0.01850,0.30622,0.30051,0.15007,0.04423,1,0.10765,0.15007,0.040840,0.80976,-11.4043,-0.0025,-56.8105,-33.7900,-3.0708,-259.9452,173.0643,1,0.04900,0.01900,0.9682,0.0000,-0.043254,0.043750,-89.3577,-60.2154,138.2174,98.7246,4.9031,170.1819,0.0000,0.0000,0.0000,0.0000,0.0000,0.0000,0.049001,0.019001,149.6401,-0.048880,0.016570,170.1819,0.000000,0.000000,0.0000,0.000000,0.000000,0.0000,0.34352,-0.40476,0.06422,0.64539,-0.75144,0.29320,-0.20525,-0.86268,0.59942,-0.17703,0.71240,0.18675,-0.11078,-0.35489,0.63743,0.36496,2.17131,6.00033,12.00026,-4.57001,-1.16528,-1.82921,6.00033,6.00033,12.00033,-12.00033,-6.00033,-6.00033,6.00033,-6.00033,-6.00033,6.00033,6.000,6.000,12.000,12.000,6.000,6.000,6.000,6.000,12.000,12.000,6.000,6.000,6.000,6.000,6.000,6.000
3.9050,0.03968,0.03327,0.45745,0.99557,0.09054,0.00039,0.02526,0.01268,0.01795,0.30741,0.30051,0.16944,0.04357,1,0.10452,0.16944,0.043520,0.47746,5.0602,-0.0060,-39.8789,-33.3625,-13.2479,-180.0248,127.5796,0,0.04900,0.01900,0.0000,0.0000,0.000000,0.000000,-56.7596,-114.1844,137.5168,0.0000,0.0000,0.0000,0.0000,0.0000,0.0000,0.0000,0.0000,0.0000,0.049001,0.019001,149.6401,0.000000,0.000000,0.0000,0.000000,0.000000,0.0000,0.000000,0.000000,0.0000,0.53042,-0.35839,0.25375,0.52717,-0.74392,0.25012,-0.12955,-0.89285,0.61088,-0.17103,0.58588,-0.01225,0.04218,-0.36050,0.58694,0.58018,5.63703,6.00013,2.11631,-8.21853,1.00221,-1.50323,6.00013,6.00013,12.00013,-12.00013,-5.99942,-6.00013,6.00013,-6.00013,-6.00013,6.00013,6.000,6.000,12.000,12.000,6.000,6.000,6.000,6.000,12.000,12.000,6.000,6.000,6.000,6.000,6.000,6.000
3.9100,0.04022,0.03207,0.45856,0.99549,0.09425,-0.00742,-0.00729,0.01408,0.01739,0.30847,0.30051,0.18128,0.04339,1,0.09945,0.18128,0.044768,0.22309,-8.2193,-0.0087,-24.1112,-14.2875,-18.1720,-115.5811,95.7284,1,0.04900,0.01900,0.0000,0.0000,0.000000,0.000000,-2.0512,0.2705,2.3840,0.0000,0.0000,0.0000,0.0000,0.0000,0.0000,0.0000,0.0000,0.0000,-0.049000,-0.019000,2.4071,0.000000,0.000000,0.0000,0.000000,0.000000,0.0000,0.000000,0.000000,0.0000,0.65595,-0.30806,0.40123,0.38498,-0.70149,0.20287,-0.05224,-0.90472,0.61809,-0.16465,0.44074,-0.21429,0.13395,-0.36384,0.51864,0.79387,5.63703,6.00013,2.11631,-8.21853,1.00221,-1.50323,6.00013,6.00013,12.00013,-12.00013,-5.99942,-6.00013,6.00013,-6.00013,-6.00013,6.00013,6.000,6.000,12.000,12.000,6.000,6.000,6.000,6.000,12.000,12.000,6.000,6.000,6.000,6.000,6.000,6.000
3.9150,0.04046,0.03121,0.45948,0.99452,0.09726,-0.01177,-0.03637,0.01547,0.01686,0.30926,0.30051,0.18890,0.04447,1,0.09389,0.18890,0.045838,0.24484,-21.1989,-0.0099,-7.5273,-15.1059,-15.6053,-97.2314,56.6776,0,0.04900,0.01900,0.0000,0.0000,0.000000,0.000000,-5.3298,-31.2239,33.3135,0.0000,0.0000,0.0000,0.0000,0.0000,0.0000,0.0000,0.0000,0.0000,-0.049002,-0.019002,35.0533,0.000000,0.000000,0.0000,0.000000,0.000000,0.0000,0.000000,0.000000,0.0000,0.69611,-0.29356,0.49904,0.24715,-0.67255,0.19027,0.02689,-0.90521,0.62055,-0.15642,0.30057,-0.35950,0.18063,-0.36245,0.45107,0.89609,-1.67556,-1.55164,0.01233,-5.98729,-1.34100,0.62829,0.18771,6.00007,7.42186,-4.47430,-3.46803,-2.23606,-6.00007,-3.92524,-6.00007,-2.68003,6.000,6.000,12.000,12.000,6.000,6.000,6.000,6.000,12.000,12.000,6.000,6.000,6.000,6.000,6.000,6.000
3.9200,0.04060,0.03052,0.46014,0.99307,0.09947,-0.01425,-0.06094,0.01685,0.01638,0.30978,0.30051,0.19559,0.04604,1,0.08893,0.19559,0.046894,0.20810,-46.2555,-0.0110,-1.0446,-3.8527,-14.2851,-86.7248,15.1973,0,0.04900,0.01900,0.0000,0.0000,0.000000,0.000000,-0.0000,-0.0000,-0.0000,0.0000,0.0000,0.0000,0.0000,0.0000,0.0000,0.0000,0.0000,0.0000,0.000000,0.000000,0.0000,0.000000,0.000000,0.0000,0.000000,0.000000,0.0000,0.000000,0.000000,0.0000,0.67780,-0.30731,0.55859,0.13192,-0.65463,0.19447,0.10210,-0.89836,0.61675,-0.14371,0.20693,-0.43429,0.19811,-0.35417,0.40317,0.93002,-0.88109,1.59976,-0.51610,-3.25526,0.64570,0.02395,0.09461,5.68717,1.39413,2.19354,0.42016,-0.58749,-2.36217,-0.43788,4.41801,1.34365,6.000,6.000,12.000,12.000,6.000,6.000,6.000,6.000,12.000,12.000,6.000,6.000,6.000,6.000,6.000,6.000
3.9250,0.04083,0.02986,0.46060,0.99150,0.10083,-0.01560,-0.08071,0.01821,0.01591,0.31003,0.30051,0.20067,0.04749,1,0.08455,0.20067,0.047196,-0.01206,-62.5364,-0.0120,0.4970,5.9383,-10.0926,-75.6458,2.1773,0,0.04900,0.01900,0.0000,0.0000,0.000000,0.000000,2.1136,11.7677,17.1793,0.0000,0.0000,0.0000,0.0000,0.0000,0.0000,0.0000,0.0000,0.0000,-0.049007,0.019007,15.9602,0.000000,0.000000,0.0000,0.000000,0.000000,0.0000,0.000000,0.000000,0.0000,0.62089,-0.33657,0.58341,0.03796,-0.63361,0.19267,0.16717,-0.88739,0.60787,-0.12836,0.14876,-0.47333,0.19781,-0.34129,0.37991,0.95533,0.34585,3.48240,-11.33687,-7.64569,-0.19563,-0.43816,-2.79717,-0.82394,4.75163,2.69278,-0.21667,-0.71152,-3.77955,-0.44813,3.42524,1.43621,6.000,6.000,12.000,12.000,6.000,6.000,6.000,6.000,12.000,12.000,6.000,6.000,6.000,6.000,6.000,6.000
3.9300,0.04112,0.02915,0.46102,0.99010,0.10105,-0.01659,-0.09599,0.01957,0.01543,0.31005,0.30051,0.20390,0.04893,1,0.08068,0.20390,0.045799,-0.42031,-47.0344,-0.0123,-9.2364,14.3502,-5.5234,-63.0403,-8.9779,0,0.04900,0.01900,0.0000,0.0000,0.000000,0.000000,-35.6328,28.7761,69.2012,0.0000,0.0000,0.0000,0.0000,0.0000,0.0000,0.0000,0.0000,0.0000,0.049001,0.019001,70.6890,0.000000,0.000000,0.0000,0.000000,0.000000,0.0000,0.000000,0.000000,0.0000,0.53364,-0.36998,0.57403,-0.04460,-0.57146,0.14987,0.21798,-0.87327,0.59632,-0.11243,0.10750,-0.49331,0.18740,-0.32462,0.36636,0.97837,-1.23885,1.35028,-12.00007,-6.80290,3.81265,-2.72904,-5.94011,0.50553,7.61662,4.71295,0.42644,-0.64991,-1.02643,0.17280,-1.15989,0.74495,6.000,6.000,12.000,12.000,6.000,6.000,6.000,6.000,12.000,12.000,6.000,6.000,6.000,6.000,6.000,6.000
3.9350,0.04154,0.02836,0.46166,0.98930,0.09832,-0.01786,-0.10626,0.02093,0.01494,0.30981,0.30051,0.20472,0.05051,1,0.07679,0.20472,0.042361,-0.74089,-4.4731,-0.0109,-27.4024,22.8711,0.1583,-33.5446,-1.5487,0,0.04900,0.01900,0.0000,0.0000,0.000000,0.000000,-137.2624,54.7777,129.1030,0.0000,0.0000,0.0000,0.0000,0.0000,0.0000,0.0000,0.0000,0.0000,0.049000,0.015157,149.6401,0.000000,0.000000,0.0000,0.000000,0.000000,0.0000,0.000000,0.000000,0.0000,0.42585,-0.38919,0.52753,-0.09903,-0.46953,0.03206,0.25702,-0.84601,0.58659,-0.09321,0.07174,-0.50061,0.17014,-0.30547,0.37081,0.99535,-4.39611,-3.97602,-12.00006,-10.96105,4.39830,-5.58092,-3.80341,6.00006,7.51008,3.41451,-0.26757,-0.61735,-6.00006,-0.84779,6.00006,1.29347,6.000,6.000,12.000,12.000,6.000,6.000,6.000,6.000,12.000,12.000,6.000,6.000,6.000,6.000,6.000,6.000
3.9400,0.04223,0.02750,0.46283,0.98915,0.09409,-0.01957,-0.11114,0.02232,0.01444,0.30938,0.30051,0.19968,0.05307,1,0.07299,0.19968,0.038923,-0.63036,2.4952,-0.0075,-31.9448,34.9763,-5.3916,15.5968,7.8732,0,0.04900,0.01900,0.7188,0.0000,-0.036590,0.056002,-128.5101,90.3046,117.6409,123.5536,-36.8296,298.9793,0.0000,0.0000,0.0000,0.0000,0.0000,0.0000,0.049000,-0.006631,149.6400,-0.048881,0.018842,298.9793,0.000000,0.000000,0.0000,0.000000,0.000000,0.0000,0.32371,-0.39897,0.46448,-0.12998,-0.33621,-0.08479,0.28275,-0.80881,0.57892,-0.07216,0.03383,-0.49944,0.14973,-0.28146,0.40232,1.00662,-3.26626,-4.28721,-12.00004,-7.90163,3.26770,-2.21926,-4.26645,6.00004,7.41267,2.99825,-0.62795,-0.33657,-6.00004,-0.71535,6.00004,1.09058,6.000,6.000,12.000,12.000,6.000,6.000,6.000,6.000,12.000,12.000,6.000,6.000,6.000,6.000,6.000,6.000
3.9450,0.04320,0.02656,0.46429,0.98970,0.08914,-0.02081,-0.11005,0.02397,0.01376,0.30936,0.30051,0.19169,0.05404,1,0.07074,0.19169,0.036226,-0.38133,1.4379,-0.0040,-37.7740,41.9626,-15.2558,39.2149,19.0427,0,0.04900,0.01900,0.7935,0.0000,-0.034528,0.057255,-106.6243,116.9255,104.3005,50.6672,-51.8621,152.3160,0.0000,0.0000,0.0000,0.0000,0.0000,0.0000,0.049001,-0.019001,144.5199,-0.048844,0.018406,152.3160,0.000000,0.000000,0.0000,0.000000,0.000000,0.0000,0.23435,-0.40283,0.39147,-0.13479,-0.19742,-0.16626,0.31080,-0.76229,0.57186,-0.02849,0.04375,-0.40687,0.12878,-0.25635,0.46795,0.92930,-2.65721,-6.00010,-12.00010,-3.68950,1.91606,-0.24220,-6.00010,0.69419,12.00010,12.00009,6.00010,6.00010,-6.00010,-6.00010,6.00010,-6.00010,6.000,6.000,12.000,12.000,6.000,6.000,6.000,6.000,12.000,12.000,6.000,6.000,6.000,6.000,6.000,6.000
3.9500,0.04436,0.02542,0.46592,0.99072,0.08483,-0.02188,-0.10391,0.02574,0.01287,0.30970,0.30051,0.18207,0.05323,1,0.07111,0.18207,0.035198,-0.09412,-6.5016,-0.0013,-38.3086,46.6798,-20.2846,44.3126,16.9325,1,0.04900,0.01900,0.4750,0.0000,0.030468,0.057148,-72.0594,113.6806,82.8844,-56.1172,-24.9054,215.4515,0.0000,0.0000,0.0000,0.0000,0.0000,0.0000,0.049000,-0.019000,120.5345,0.014907,0.018360,215.4515,0.000000,0.000000,0.0000,0.000000,0.000000,0.0000,0.16270,-0.40350,0.32981,-0.11859,-0.10797,-0.20094,0.34521,-0.71021,0.56181,0.04976,0.10495,-0.24130,0.11062,-0.23391,0.56252,0.77034,-2.65721,-6.00010,-12.00010,-3.68950,1.91606,-0.24220,-6.00010,0.69419,12.00010,12.00009,6.00010,6.00010,-6.00010,-6.00010,6.00010,-6.00010,6.000,6.000,12.000,12.000,6.000,6.000,6.000,6.000,12.000,12.000,6.000,6.000,6.000,6.000,6.000,6.000
3.9550,0.04566,0.02420,0.46787,0.99178,0.08127,-0.02054,-0.09669,0.02733,0.01188,0.31057,0.30051,0.17356,0.05152,1,0.07325,0.17356,0.035231,0.08196,-11.6817,-0.0003,-44.1078,47.9299,-22.9261,33.7981,27.6740,0,0.04900,0.01900,0.4632,0.0000,0.042066,0.052113,-53.0567,107.9857,72.8807,-55.4852,4.0249,200.1835,0.0000,0.0000,0.0000,0.0000,0.0000,0.0000,0.049001,-0.019001,107.2659,0.025761,0.017789,200.1835,0.000000,0.000000,0.0000,0.000000,0.000000,0.0000,0.11378,-0.40191,0.26553,-0.06972,-0.06660,-0.20674,0.32607,-0.67663,0.45679,0.21929,0.19653,-0.05491,0.09668,-0.21466,0.66980,0.57603,6.00006,-6.00006,-12.00006,-0.66582,0.92468,-0.05150,-6.00006,6.00006,-7.14777,12.00003,6.00006,6.00006,-6.00006,-6.00006,6.00006,-6.00006,6.000,6.000,12.000,12.000,6.000,6.000,6.000,6.000,12.000,12.000,6.000,6.000,6.000,6.000,6.000,6.000
3.9600,0.04684,0.02262,0.46971,0.99268,0.07861,-0.01800,-0.08995,0.02877,0.01091,0.31190,0.30051,0.16600,0.04941,1,0.07866,0.16600,0.035952,0.18207,-24.4361,-0.0003,-10.8466,31.7824,-31.5591,17.0438,-39.5640,0,0.04900,0.01900,0.3030,0.0000,0.046543,0.048327,-37.1409,88.8625,59.4993,-36.0152,9.1090,204.3652,0.0000,0.0000,0.0000,0.0000,0.0000,0.0000,0.049001,-0.019001,86.3266,0.029858,0.017519,204.3652,0.000000,0.000000,0.0000,0.000000,0.000000,0.0000,0.09114,-0.39937,0.21497,-0.01913,-0.04983,-0.19089,0.32109,-0.63698,0.35360,0.40099,0.31096,0.14266,0.08521,-0.19508,0.78599,0.36865,6.00005,-6.00005,-12.00005,-4.81710,0.28936,0.39041,-5.39549,6.00005,12.00005,12.00005,6.00005,6.00005,-6.00005,-1.77172,6.00005,-6.00005,6.000,6.000,12.000,12.000,6.000,6.000,6.000,6.000,12.000,12.000,6.000,6.000,6.000,6.000,6.000,6.000
3.9650,0.04779,0.02064,0.47123,0.99356,0.07678,-0.01660,-0.08171,0.03003,0.00997,0.31362,0.30051,0.16002,0.04663,1,0.08762,0.16002,0.036997,0.22588,-19.3702,-0.0010,-31.1326,42.7250,-25.3755,4.3770,-25.0554,1,0.04900,0.01900,0.7439,0.0000,0.065357,0.043462,-40.8852,104.5508,72.9609,-53.8636,12.9042,124.1117,0.0000,0.0000,0.0000,0.0000,0.0000,0.0000,0.049001,-0.019001,102.0950,0.048539,0.017172,124.1117,0.000000,0.000000,0.0000,0.000000,0.000000,0.0000,0.08924,-0.39638,0.18779,0.01867,-0.04399,-0.16426,0.35176,-0.57980,0.30075,0.55663,0.43336,0.34668,0.07502,-0.17409,0.91369,0.15705,6.00005,-6.00005,-12.00005,-4.81710,0.28936,0.39041,-5.39549,6.00005,12.00005,12.00005,6.00005,6.00005,-6.00005,-1.77172,6.00005,-6.00005,6.000,6.000,12.000,12.000,6.000,6.000,6.000,6.000,12.000,12.000,6.000,6.000,6.000,6.000,6.000,6.000
3.9700,0.04864,0.01844,0.47256,0.99434,0.07543,-0.01169,-0.07390,0.03107,0.00907,0.31557,0.30051,0.15594,0.04336,1,0.09930,0.15594,0.038061,0.22952,-18.0121,-0.0021,-40.4869,47.7283,-22.1242,-4.1595,0.1539,0,0.04900,0.01900,0.6831,0.0000,0.065546,0.041765,-45.7475,115.1253,85.9914,-47.3955,11.7858,119.1777,0.0000,0.0000,0.0000,0.0000,0.0000,0.0000,0.049001,-0.019001,114.9932,0.048482,0.017342,119.1777,0.000000,0.000000,0.0000,0.000000,0.000000,0.0000,0.09953,-0.39281,0.13496,0.10211,-0.06899,-0.13140,0.32503,-0.54331,0.16882,0.77305,0.55650,0.51534,0.06800,-0.15643,1.04314,-0.05204,6.00007,-6.00007,-12.00006,1.92929,0.26043,0.81165,-6.00007,3.40113,-12.00007,12.00007,6.00007,6.00007,-6.00007,-6.00007,6.00007,-6.00007,6.000,6.000,12.000,12.000,6.000,6.000,6.000,6.000,12.000,12.000,6.000,6.000,6.000,6.000,6.000,6.000
3.9750,0.04937,0.01596,0.47365,0.99489,0.07398,-0.00068,-0.06876,0.03199,0.00820,0.31774,0.30051,0.15233,0.04000,1,0.11333,0.15233,0.039446,0.35917,-17.8684,-0.0032,4.1918,37.3744,-25.0433,-16.4358,-107.9851,1,0.04900,0.01900,0.4045,0.0000,0.065627,0.040855,39.6828,105.7502,80.2654,-30.5638,4.9793,127.6133,0.0000,0.0000,0.0000,0.0000,0.0000,0.0000,-0.049000,-0.019000,117.7368,0.048474,0.017590,127.6133,0.000000,0.000000,0.0000,0.000000,0.000000,0.0000,0.11226,-0.38905,0.03713,0.23804,-0.11714,-0.08491,0.23675,-0.52457,-0.05408,1.04069,0.68545,0.62179,0.06430,-0.14471,1.14495,-0.20033,6.00007,-6.00007,-12.00006,1.92929,0.26043,0.81165,-6.00007,3.40113,-12.00007,12.00007,6.00007,6.00007,-6.00007,-6.00007,6.00007,-6.00007,6.000,6.000,12.000,12.000,6.000,6.000,6.000,6.000,12.000,12.000,6.000,6.000,6.000,6.000,6.000,6.000
3.9800,0.05008,0.01314,0.47431,0.99509,0.07213,0.01597,-0.06592,0.03281,0.00736,0.32016,0.30051,0.14785,0.03677,1,0.12921,0.14785,0.041679,0.56527,-24.5464,-0.0045,35.3707,41.8232,-28.1297,-18.2482,-213.3476,1,0.04900,0.01900,0.4702,0.0000,0.065665,0.040693,109.2761,121.5143,94.7482,-22.4508,17.6162,101.1754,0.0000,0.0000,0.0000,0.0000,0.0000,0.0000,-0.049000,-0.019000,144.0470,0.048527,0.017960,101.1754,0.000000,0.000000,0.0000,0.000000,0.000000,0.0000,0.12529,-0.38545,-0.09647,0.40156,-0.16469,-0.02429,0.11616,-0.49536,-0.32772,1.31746,0.81928,0.68464,0.06302,-0.13795,1.20310,-0.28908,6.00007,-6.00007,-12.00006,1.92929,0.26043,0.81165,-6.00007,3.40113,-12.00007,12.00007,6.00007,6.00007,-6.00007,-6.00007,6.00007,-6.00007,6.000,6.000,12.000,12.000,6.000,6.000,6.000,6.000,12.000,12.000,6.000,6.000,6.000,6.000,6.000,6.000
3.9850,0.05087,0.00993,0.47417,0.99481,0.06985,0.03692,-0.06413,0.03356,0.00656,0.32276,0.30051,0.14204,0.03379,1,0.14607,0.14204,0.044980,0.79204,-27.5669,-0.0068,58.0047,44.6497,-24.0071,-16.3518,-303.4869,1,0.04900,0.01900,0.5909,0.0000,0.065705,0.041243,112.6356,121.7501,104.8771,-18.4473,19.6640,76.0579,0.0000,0.0000,0.0000,0.0000,0.0000,0.0000,0.000114,-0.019000,149.6400,0.048651,0.018429,76.0579,0.000000,0.000000,0.0000,0.000000,0.000000,0.0000,0.13865,-0.38229,-0.25560,0.57640,-0.19747,0.04306,-0.02384,-0.43444,-0.63029,1.59476,0.91507,0.71763,0.06352,-0.13492,1.23216,-0.33736,6.00007,-6.00007,-12.00006,1.92929,0.26043,0.81165,-6.00007,3.40113,-12.00007,12.00007,6.00007,6.00007,-6.00007,-6.00007,6.00007,-6.00007,6.000,6.000,12.000,12.000,6.000,6.000,6.000,6.000,12.000,12.000,6.000,6.000,6.000,6.000,6.000,6.000
3.9900,0.05162,0.00671,0.47416,0.99447,0.06684,0.05410,-0.06036,0.03424,0.00582,0.32543,0.30051,0.13512,0.03129,1,0.16108,0.13512,0.048704,0.73021,-26.0413,-0.0100,71.5529,52.4925,-14.7891,-12.6378,-374.1622,0,0.04900,0.01900,0.8258,0.0000,0.065666,0.042424,113.4955,115.7332,110.6075,-16.5829,18.0125,49.4219,0.0000,0.0000,0.0000,0.0000,0.0000,0.0000,0.018009,-0.019003,149.6404,0.048877,0.018870,49.4219,0.000000,0.000000,0.0000,0.000000,0.000000,0.0000,0.15386,-0.37963,-0.38290,0.69780,-0.17250,0.10895,-0.14847,-0.32771,-0.85708,1.80498,0.96798,0.72596,0.06506,-0.13369,1.24142,-0.35519,6.00039,-5.00757,2.77380,2.79884,6.00040,0.42045,-6.00040,6.00040,7.35275,-1.00951,-1.21906,0.60203,-0.70245,-0.23468,-3.02394,-1.25575,6.000,6.000,12.000,12.000,6.000,6.000,6.000,6.000,12.000,12.000,6.000,6.000,6.000,6.000,6.000,6.000
3.9950,0.05230,0.00362,0.47473,0.99421,0.06347,0.06573,-0.05647,0.03496,0.00514,0.32811,0.30051,0.12760,0.02847,1,0.17322,0.12760,0.051107,0.33884,-47.4916,-0.0138,32.3691,57.8583,-25.2543,11.0469,-248.1259,0,0.04900,0.01900,0.0000,0.0000,0.000000,0.000000,118.3201,109.3877,111.9991,0.0000,0.0000,0.0000,0.0000,0.0000,0.0000,0.0000,0.0000,0.0000,-0.026375,-0.019000,149.6400,0.000000,0.000000,0.0000,0.000000,0.000000,0.0000,0.000000,0.000000,0.0000,0.17118,-0.37722,-0.44946,0.74118,-0.11766,0.14339,-0.24993,-0.18803,-0.99169,1.94381,0.99068,0.71558,0.06740,-0.13352,1.23789,-0.35107,2.17277,1.84867,12.00003,1.57538,0.78515,0.40839,0.00431,6.00003,-4.47373,-3.34781,-0.51470,0.12307,-1.66493,-0.29276,0.30672,-0.18131,6.000,6.000,12.000,12.000,6.000,6.000,6.000,6.000,12.000,12.000,6.000,6.000,6.000,6.000,6.000,6.000
4.0000,0.05277,0.00052,0.47562,0.99419,0.06016,0.07108,-0.05403,0.03571,0.00448,0.33053,0.30051,0.13830,0.02499,1,0.18535,0.13830,0.051855,0.03895,-54.0596,-0.0161,12.4184,57.6535,-32.0646,14.4509,-189.6962,0,0.04900,0.01900,0.0000,0.0000,0.000000,0.000000,103.1499,89.9873,91.4590,0.0000,0.0000,0.0000,0.0000,0.0000,0.0000,0.0000,0.0000,0.0000,-0.049000,-0.019000,125.5364,0.000000,0.000000,0.0000,0.000000,0.000000,0.0000,0.000000,0.000000,0.0000,0.18829,-0.37353,-0.46052,0.74853,-0.12407,0.16426,-0.31091,-0.03374,-1.04301,2.06659,0.91688,0.62826,0.07220,-0.13810,1.22759,-0.33716,2.07524,5.70715,12.00001,2.64419,-2.27571,0.36356,6.00001,6.00001,12.00000,12.00001,-6.00001,-6.00001,6.00001,-6.00001,6.00001,-6.00001,6.000,6.000,12.000,12.000,6.000,6.000,6.000,6.000,12.000,12.000,6.000,6.000,6.000,6.000,6.000,6.000
4.0050,0.05310,-0.00261,0.47659,0.99420,0.05801,0.07327,-0.05321,0.03647,0.00385,0.33270,0.30051,0.14838,0.02095,1,0.19723,0.14838,0.051377,-0.17132,-31.8709,-0.0169,-7.1458,60.2817,-27.9533,25.6422,-67.9651,0,0.04900,0.01900,0.0000,0.0000,0.000000,0.000000,33.1600,78.4655,101.5650,0.0000,0.0000,0.0000,0.0000,0.0000,0.0000,0.0000,0.0000,0.0000,0.005406,0.019000,113.5135,0.000000,0.000000,0.0000,0.000000,0.000000,0.0000,0.000000,0.000000,0.0000,0.19842,-0.37002,-0.43920,0.72312,-0.14042,0.11308,-0.35190,0.12260,-1.04582,2.15865,0.82227,0.52847,0.07622,-0.14326,1.21346,-0.31576,-3.93695,6.00003,9.26344,0.42824,0.68484,-4.05276,0.31731,2.62163,-6.14422,-3.88553,-1.73164,-0.65527,0.22146,-0.19716,0.66276,0.54583,6.000,6.000,12.000,12.000,6.000,6.000,6.000,6.000,12.000,12.000,6.000,6.000,6.000,6.000,6.000,6.000
4.0100,0.05343,-0.00575,0.47749,0.99405,0.05732,0.07513,-0.05411,0.03723,0.00324,0.33463,0.30051,0.15245,0.01692,1,0.20719,0.15245,0.049913,-0.35005,-23.4215,-0.0164,-0.9826,53.4520,-26.7872,-0.6325,-64.8283,0,0.04900,0.01900,0.0000,0.0000,0.000000,0.000000,67.1467,89.5616,91.8402,0.0000,0.0000,0.0000,0.0000,0.0000,0.0000,0.0000,0.0000,0.0000,-0.033131,0.004816,117.7201,0.000000,0.000000,0.0000,0.000000,0.000000,0.0000,0.000000,0.000000,0.0000,0.20466,-0.36754,-0.39712,0.66868,-0.16860,0.01583,-0.38846,0.27657,-1.03052,2.20273,0.75937,0.45800,0.07876,-0.14654,1.19721,-0.28811,3.54560,6.00003,8.17212,-1.12715,-1.90371,-3.36833,-1.42995,2.36791,-5.58662,-5.00451,-2.10417,-0.62076,-1.15421,-0.28069,0.31808,0.75347,6.000,6.000,12.000,12.000,6.000,6.000,6.000,6.000,12.000,12.000,6.000,6.000,6.000,6.000,6.000,6.000
4.0150,0.05382,-0.00858,0.47823,0.99388,0.05864,0.07598,-0.05474,0.03800,0.00265,0.33632,0.30051,0.15620,0.01338,1,0.21435,0.15620,0.049213,-0.01366,-20.3022,-0.0149,-2.9506,47.0594,-26.5294,-17.8393,-60.3737,0,0.04900,0.01900,0.0000,0.0000,0.000000,0.000000,45.1556,99.1631,90.0785,0.0000,0.0000,0.0000,0.0000,0.0000,0.0000,0.0000,0.0000,0.0000,0.021312,-0.022137,118.1487,0.000000,0.000000,0.0000,0.000000,0.000000,0.0000,0.000000,0.000000,0.0000,0.21406,-0.36518,-0.35688,0.62205,-0.16023,-0.04740,-0.41206,0.38802,-1.01511,2.22533,0.69752,0.40897,0.08152,-0.14925,1.18046,-0.25738,2.63200,4.36097,11.37607,3.66568,3.87845,-0.12378,-1.36262,4.74622,-5.08627,-6.30840,-2.53771,-0.63527,-0.50545,-0.16189,0.49525,0.78703,6.000,6.000,12.000,12.000,6.000,6.000,6.000,6.000,12.000,12.000,6.000,6.000,6.000,6.000,6.000,6.000
4.0200,0.05439,-0.01098,0.47907,0.99374,0.06154,0.07587,-0.05425,0.03876,0.00208,0.33775,0.30051,0.15811,0.01177,1,0.21901,0.15811,0.049338,0.06002,-25.3752,-0.0142,-12.9905,28.8366,-25.2022,-57.1637,-33.2381,0,0.04900,0.01900,0.0000,0.0000,0.000000,0.000000,-28.4011,48.3213,54.2496,0.0000,0.0000,0.0000,0.0000,0.0000,0.0000,0.0000,0.0000,0.0000,0.054617,-0.025271,59.2488,0.000000,0.000000,0.0000,0.000000,0.000000,0.0000,0.000000,0.000000,0.0000,0.22282,-0.36303,-0.32588,0.58549,-0.12470,-0.08445,-0.42015,0.44607,-1.00656,2.24298,0.63987,0.37517,0.08371,-0.15105,1.16411,-0.22616,6.36777,6.14273,-6.99612,-6.61690,0.17616,-0.01528,2.28165,-5.89576,2.64515,-3.64955,-2.25997,-0.91926,-1.73069,-0.34250,1.27994,0.88813,6.000,6.000,12.000,12.000,6.000,6.000,6.000,6.000,12.000,12.000,6.000,6.000,6.000,6.000,6.000,6.000
4.0250,0.05512,-0.01305,0.48017,0.99362,0.06485,0.07535,-0.05316,0.03951,0.00146,0.33903,0.30051,0.15813,0.01188,1,0.22227,0.15813,0.049771,0.10495,-33.3074,-0.0143,-18.7111,18.6249,-31.7221,-74.5451,-21.7737,1,0.04900,0.01900,1.0024,0.0000,0.051697,0.022928,-8.0379,14.1562,15.0097,-7.0668,-38.5170,65.1198,0.0000,0.0000,0.0000,0.0000,0.0000,0.0000,0.068753,0.038342,16.6556,0.048864,0.018847,65.1198,0.000000,0.000000,0.0000,0.000000,0.000000,0.0000,0.22765,-0.36133,-0.29911,0.54958,-0.09377,-0.11987,-0.41864,0.46962,-1.00391,2.26413,0.57975,0.34960,0.08475,-0.15168,1.14864,-0.19608,6.36777,6.14273,-6.99612,-6.61690,0.17616,-0.01528,2.28165,-5.89576,2.64515,-3.64955,-2.25997,-0.91926,-1.73069,-0.34250,1.27994,0.88813,6.000,6.000,12.000,12.000,6.000,6.000,6.000,6.000,12.000,12.000,6.000,6.000,6.000,6.000,6.000,6.000
4.0300,0.05599,-0.01491,0.48143,0.99352,0.06801,0.07495,-0.05175,0.04021,0.00069,0.34033,0.30051,0.15729,0.01259,1,0.22467,0.15729,0.050365,0.12725,-39.2643,-0.0147,-19.1212,17.7541,-34.5129,-78.8547,-18.6273,1,0.04900,0.01900,0.9205,0.0000,0.049526,0.022600,-3.7760,6.6506,6.6080,-11.4551,-33.8635,64.7409,0.0000,0.0000,0.0000,0.0000,0.0000,0.0000,0.092668,0.062024,7.4772,0.048795,0.018766,64.7409,0.000000,0.000000,0.0000,0.000000,0.000000,0.0000,0.22981,-0.35945,-0.27631,0.51379,-0.06431,-0.15262,-0.41264,0.47383,-1.00512,2.28673,0.52229,0.32470,0.08522,-0.15185,1.13442,-0.16805,6.36777,6.14273,-6.99612,-6.61690,0.17616,-0.01528,2.28165,-5.89576,2.64515,-3.64955,-2.25997,-0.91926,-1.73069,-0.34250,1.27994,0.88813,6.000,6.000,12.000,12.000,6.000,6.000,6.000,6.000,12.000,12.000,6.000,6.000,6.000,6.000,6.000,6.000
4.0350,0.05695,-0.01661,0.48283,0.99341,0.07049,0.07520,-0.05009,0.04087,-0.00021,0.34165,0.30051,0.15660,0.01353,1,0.22671,0.15660,0.051000,0.12966,-41.8418,-0.0153,-18.3120,20.3309,-35.2041,-73.8277,-24.5752,1,0.04900,0.01900,0.8896,0.0000,0.048348,0.022598,-7.2149,13.3915,13.0794,-15.5088,-37.9533,76.8278,0.0000,0.0000,0.0000,0.0000,0.0000,0.0000,0.070732,0.040286,15.0717,0.048778,0.018742,76.8278,0.000000,0.000000,0.0000,0.000000,0.000000,0.0000,0.23007,-0.35613,-0.25800,0.47767,-0.03471,-0.18610,-0.40937,0.46889,-1.00806,2.30708,0.47665,0.29726,0.08574,-0.15251,1.12163,-0.14219,6.36777,6.14273,-6.99612,-6.61690,0.17616,-0.01528,2.28165,-5.89576,2.64515,-3.64955,-2.25997,-0.91926,-1.73069,-0.34250,1.27994,0.88813,6.000,6.000,12.000,12.000,6.000,6.000,6.000,6.000,12.000,12.000,6.000,6.000,6.000,6.000,6.000,6.000
4.0400,0.05800,-0.01823,0.48424,0.99327,0.07260,0.07614,-0.04836,0.04147,-0.00126,0.34301,0.30051,0.15711,0.01464,1,0.22826,0.15711,0.051549,0.10051,-43.5083,-0.0159,-17.2805,22.9093,-36.0269,-64.3814,-36.4344,0,0.04900,0.01900,0.8371,0.0000,0.047698,0.022746,-10.6845,20.3466,19.2229,-16.9557,-33.5565,74.8707,0.0000,0.0000,0.0000,0.0000,0.0000,0.0000,0.063470,0.033170,22.6224,0.048788,0.018747,74.8707,0.000000,0.000000,0.0000,0.000000,0.000000,0.0000,0.22608,-0.35109,-0.24288,0.44073,-0.00828,-0.22738,-0.40462,0.45929,-1.01685,2.32451,0.44236,0.27058,0.08622,-0.15412,1.11064,-0.11436,-0.77309,6.33355,-1.20888,-4.06474,-0.09128,-1.41707,0.72554,-1.81851,-1.58230,-4.25801,-2.15092,-0.81029,-1.00538,-0.18610,2.89546,1.14549,6.000,6.000,12.000,12.000,6.000,6.000,6.000,6.000,12.000,12.000,6.000,6.000,6.000,6.000,6.000,6.000
4.0450,0.05912,-0.01982,0.48559,0.99310,0.07429,0.07773,-0.04682,0.04201,-0.00237,0.34435,0.30051,0.15895,0.01612,1,0.22930,0.15895,0.052020,0.09258,-43.5211,-0.0164,-15.9657,23.8621,-35.0583,-63.5953,-47.6521,0,0.04900,0.01900,0.6637,0.0000,0.047337,0.022955,-15.0191,29.0465,26.0804,-17.0727,-9.7840,49.4253,0.0000,0.0000,0.0000,0.0000,0.0000,0.0000,0.059106,-0.029906,31.6747,0.048816,0.018768,49.4253,0.000000,0.000000,0.0000,0.000000,0.000000,0.0000,0.21975,-0.34549,-0.22970,0.40201,0.01685,-0.26638,-0.39460,0.44750,-1.03273,2.33941,0.41566,0.24505,0.08663,-0.15618,1.10156,-0.08229,2.31668,3.83219,-2.23335,-4.51970,0.46000,0.08834,2.64495,-0.76778,0.31238,-4.07487,-2.15469,-0.81954,-2.10536,-0.37674,3.96819,1.30442,6.000,6.000,12.000,12.000,6.000,6.000,6.000,6.000,12.000,12.000,6.000,6.000,6.000,6.000,6.000,6.000
4.0500,0.06033,-0.02140,0.48693,0.99289,0.07544,0.07993,-0.04570,0.04250,-0.00358,0.34565,0.30051,0.16204,0.01757,1,0.23002,0.16204,0.052459,0.08842,-44.5869,-0.0169,-15.2045,26.5113,-34.9251,-55.2720,-58.9232,0,0.04900,0.01900,0.8632,0.0000,0.047180,0.023174,-21.0542,42.2127,35.8235,-10.3560,-27.2394,56.2777,0.0000,0.0000,0.0000,0.0000,0.0000,0.0000,0.056110,-0.026702,45.1405,0.048858,0.018811,56.2777,0.000000,0.000000,0.0000,0.000000,0.000000,0.0000,0.21365,-0.34007,-0.21729,0.35936,0.04525,-0.29560,-0.37748,0.43532,-1.05265,2.35229,0.39142,0.21979,0.08712,-0.15840,1.09428,-0.04544,3.22350,0.92010,-3.14132,-5.18869,0.72870,0.10020,4.61793,0.38010,2.11095,-3.98723,-2.16171,-0.83792,-2.82728,-0.48765,5.11768,1.47723,6.000,6.000,12.000,12.000,6.000,6.000,6.000,6.000,12.000,12.000,6.000,6.000,6.000,6.000,6.000,6.000
4.0550,0.06158,-0.02301,0.48825,0.99265,0.07621,0.08254,-0.04508,0.04295,-0.00488,0.34696,0.30051,0.16639,0.01862,1,0.23047,0.16639,0.052926,0.10130,-46.5632,-0.0173,-13.9323,28.7942,-35.8419,-47.2124,-70.9041,0,0.04900,0.01900,0.5808,0.0000,0.047155,0.023330,-8.9362,57.4428,39.3533,-13.2650,-19.9041,68.6467,0.0000,0.0000,0.0000,0.0000,0.0000,0.0000,0.054485,-0.024984,58.6371,0.048902,0.018866,68.6467,0.000000,0.000000,0.0000,0.000000,0.000000,0.0000,0.20834,-0.33497,-0.20498,0.31223,0.07942,-0.31569,-0.35101,0.42384,-1.07640,2.36339,0.36716,0.19549,0.08779,-0.16082,1.08863,-0.00376,2.03447,-1.94899,0.84821,-2.51193,2.45919,0.10450,4.91950,3.98762,1.35818,-4.93916,-2.36504,-0.77447,-2.75677,-0.48886,5.76211,1.57234,6.000,6.000,12.000,12.000,6.000,6.000,6.000,6.000,12.000,12.000,6.000,6.000,6.000,6.000,6.000,6.000
4.0600,0.06285,-0.02470,0.48955,0.99238,0.07678,0.08525,-0.04503,0.04338,-0.00625,0.34830,0.30051,0.17157,0.01934,1,0.23054,0.17157,0.053476,0.12161,-48.5456,-0.0178,-14.1215,30.9739,-36.6041,-42.8306,-76.5859,0,0.04900,0.01900,0.2818,0.0000,0.047203,0.023430,-5.6106,69.4275,44.3915,0.7901,-11.8010,69.9630,0.0000,0.0000,0.0000,0.0000,0.0000,0.0000,0.053623,-0.024055,69.8333,0.048944,0.018923,69.9630,0.000000,0.000000,0.0000,0.000000,0.000000,0.0000,0.20402,-0.33023,-0.19196,0.26015,0.12122,-0.32710,-0.31285,0.41340,-1.10532,2.37292,0.34136,0.17286,0.08872,-0.16353,1.08433,0.04196,1.62316,-4.47251,2.91301,-1.31687,3.38808,0.26456,5.82527,6.35493,1.29393,-5.26769,-2.46332,-0.72425,-2.03843,-0.38251,6.18655,1.62302,6.000,6.000,12.000,12.000,6.000,6.000,6.000,6.000,12.000,12.000,6.000,6.000,6.000,6.000,6.000,6.000
4.0650,0.06417,-0.02645,0.49077,0.99209,0.07699,0.08796,-0.04582,0.04384,-0.00768,0.34968,0.30051,0.17703,0.01976,1,0.23026,0.17703,0.053834,0.02995,-50.9657,-0.0183,-14.4153,33.2129,-37.2201,-39.2604,-78.7565,0,0.04900,0.01900,0.2592,0.0000,0.047274,0.023503,-2.3167,80.0839,49.1925,7.0898,-8.7402,72.3726,0.0000,0.0000,0.0000,0.0000,0.0000,0.0000,-0.005859,-0.023437,79.9408,0.048983,0.018977,72.3726,0.000000,0.000000,0.0000,0.000000,0.000000,0.0000,0.20237,-0.32500,-0.17270,0.19867,0.15880,-0.32873,-0.26192,0.40342,-1.13599,2.38093,0.31278,0.15263,0.09063,-0.16743,1.08107,0.09040,4.01332,-6.36960,0.92121,-4.88788,-0.21589,0.42437,6.35653,6.35575,2.35506,-5.30136,-2.51230,-0.65114,-0.89066,-0.19277,6.35835,1.62022,6.000,6.000,12.000,12.000,6.000,6.000,6.000,6.000,12.000,12.000,6.000,6.000,6.000,6.000,6.000,6.000
4.0700,0.06557,-0.02827,0.49175,0.99177,0.07678,0.09077,-0.04747,0.04428,-0.00913,0.35099,0.30051,0.18260,0.02001,1,0.22957,0.18260,0.053691,-0.04829,-52.6855,-0.0186,-12.3563,35.9780,-34.9994,-30.8038,-81.8239,1,0.04900,0.01900,0.0000,0.0000,0.000000,0.000000,9.1997,100.4791,57.6724,0.0000,0.0000,0.0000,0.0000,0.0000,0.0000,0.0000,0.0000,0.0000,-0.052460,-0.022571,99.5173,0.000000,0.000000,0.0000,0.000000,0.000000,0.0000,0.000000,0.000000,0.0000,0.20328,-0.31856,-0.14548,0.12161,0.18589,-0.32032,-0.19873,0.39371,-1.16568,2.38714,0.28130,0.13377,0.09375,-0.17305,1.07864,0.14064,4.01332,-6.36960,0.92121,-4.88788,-0.21589,0.42437,6.35653,6.35575,2.35506,-5.30136,-2.51230,-0.65114,-0.89066,-0.19277,6.35835,1.62022,6.000,6.000,12.000,12.000,6.000,6.000,6.000,6.000,12.000,12.000,6.000,6.000,6.000,6.000,6.000,6.000
4.0750,0.06705,-0.03014,0.49245,0.99143,0.07618,0.09371,-0.04978,0.04472,-0.01059,0.35206,0.30051,0.18845,0.02033,1,0.22843,0.18845,0.053311,-0.07112,-48.7989,-0.0185,-12.9062,37.9661,-31.2364,-23.1261,-86.1839,1,0.04900,0.01900,0.0000,0.0000,0.000000,0.000000,-2.8036,101.3721,65.5352,0.0000,0.0000,0.0000,0.0000,0.0000,0.0000,0.0000,0.0000,0.0000,-0.021041,-0.019000,102.8920,0.000000,0.000000,0.0000,0.000000,0.000000,0.0000,0.000000,0.000000,0.0000,0.20518,-0.31121,-0.11292,0.03185,0.20561,-0.30794,-0.12512,0.38437,-1.19426,2.39173,0.24657,0.11499,0.09759,-0.17990,1.07683,0.19202,4.01332,-6.36960,0.92121,-4.88788,-0.21589,0.42437,6.35653,6.35575,2.35506,-5.30136,-2.51230,-0.65114,-0.89066,-0.19277,6.35835,1.62022,6.000,6.000,12.000,12.000,6.000,6.000,6.000,6.000,12.000,12.000,6.000,6.000,6.000,6.000,6.000,6.000
4.0800,0.06874,-0.03205,0.49280,0.99091,0.07588,0.09718,-0.05384,0.04516,-0.01204,0.35289,0.30051,0.19462,0.02072,1,0.22481,0.19462,0.053263,0.06117,-42.5669,-0.0181,-14.1488,39.6542,-26.9717,-16.1914,-90.6320,0,0.04900,0.01900,0.0000,0.0000,0.000000,0.000000,-21.8328,88.3443,66.4442,0.0000,0.0000,0.0000,0.0000,0.0000,0.0000,0.0000,0.0000,0.0000,0.013353,-0.019000,92.9442,0.000000,0.000000,0.0000,0.000000,0.000000,0.0000,0.000000,0.000000,0.0000,0.20989,-0.30558,-0.05798,-0.10337,0.23751,-0.29161,-0.01492,0.36384,-1.24886,2.39975,0.18515,0.20126,0.10276,-0.18863,1.07430,0.15909,0.44704,-6.00004,12.00004,-12.00004,1.38256,0.54825,5.79877,6.00004,-12.00004,12.00004,-6.00004,6.00004,5.99990,-6.00004,6.00004,-6.00004,6.000,6.000,12.000,12.000,6.000,6.000,6.000,6.000,12.000,12.000,6.000,6.000,6.000,6.000,6.000,6.000
4.0850,0.07064,-0.03405,0.49245,0.98982,0.07595,0.10587,-0.05730,0.04560,-0.01350,0.35349,0.30051,0.20213,0.02106,1,0.21841,0.20213,0.053450,0.01759,-42.0081,-0.0180,-14.3252,43.3064,-20.5670,-23.7393,-111.7499,0,0.04900,0.01900,0.0000,0.0000,0.000000,0.000000,-11.4485,97.0155,71.1317,0.0000,0.0000,0.0000,0.0000,0.0000,0.0000,0.0000,0.0000,0.0000,0.049001,-0.019001,102.4517,0.000000,0.000000,0.0000,0.000000,0.000000,0.0000,0.000000,0.000000,0.0000,0.21501,-0.30597,-0.06222,-0.15394,0.26497,-0.27023,0.12105,0.34186,-1.35725,2.40966,0.08727,0.36287,0.10656,-0.19471,1.07138,0.03517,6.00007,-6.00007,-12.00007,1.20384,2.34889,0.66899,6.00007,6.00007,-12.00007,12.00007,-6.00007,6.00007,-3.52825,-6.00007,6.00007,-6.00007,6.000,6.000,12.000,12.000,6.000,6.000,6.000,6.000,12.000,12.000,6.000,6.000,6.000,6.000,6.000,6.000
4.0900,0.07274,-0.03610,0.49130,0.98799,0.07634,0.12054,-0.05935,0.04605,-0.01494,0.35384,0.30051,0.22006,0.02058,1,0.21087,0.22006,0.053406,0.00292,-32.6046,-0.0182,-7.0619,43.5863,-13.6608,-39.2098,-230.7705,1,0.04900,0.01900,0.0000,0.0000,0.000000,0.000000,0.9564,121.0154,88.3382,0.0000,0.0000,0.0000,0.0000,0.0000,0.0000,0.0000,0.0000,0.0000,0.030050,-0.019000,128.3636,0.000000,0.000000,0.0000,0.000000,0.000000,0.0000,0.000000,0.000000,0.0000,0.21949,-0.31295,-0.13394,-0.12398,0.31158,-0.24645,0.26855,0.31350,-1.50946,2.41849,-0.03939,0.49896,0.10824,-0.19684,1.06929,-0.11106,6.00007,-6.00007,-12.00007,1.20384,2.34889,0.66899,6.00007,6.00007,-12.00007,12.00007,-6.00007,6.00007,-3.52825,-6.00007,6.00007,-6.00007,6.000,6.000,12.000,12.000,6.000,6.000,6.000,6.000,12.000,12.000,6.000,6.000,6.000,6.000,6.000,6.000
4.0950,0.07496,-0.03811,0.48917,0.98543,0.07681,0.13933,-0.06006,0.04650,-0.01638,0.35397,0.30051,0.24984,0.01939,1,0.20409,0.24984,0.053634,0.13149,-38.1141,-0.0181,17.8366,46.0991,-6.5459,-51.3363,-316.5838,1,0.04900,0.01900,0.0000,0.0000,0.000000,0.000000,100.6793,139.8730,83.5976,0.0000,0.0000,0.0000,0.0000,0.0000,0.0000,0.0000,0.0000,0.0000,-0.025550,-0.019000,149.6400,0.000000,0.000000,0.0000,0.000000,0.000000,0.0000,0.000000,0.000000,0.0000,0.22474,-0.32604,-0.24982,-0.04549,0.37478,-0.22138,0.42380,0.27006,-1.68650,2.42495,-0.18818,0.58484,0.10877,-0.19623,1.06883,-0.20603,6.00007,-6.00007,-12.00007,1.20384,2.34889,0.66899,6.00007,6.00007,-12.00007,12.00007,-6.00007,6.00007,-3.52825,-6.00007,6.00007,-6.00007,6.000,6.000,12.000,12.000,6.000,6.000,6.000,6.000,12.000,12.000,6.000,6.000,6.000,6.000,6.000,6.000
4.1000,0.07699,-0.03978,0.48610,0.98229,0.07766,0.16007,-0.05868,0.04696,-0.01780,0.35388,0.30051,0.28779,0.01763,1,0.20100,0.28779,0.055070,0.52932,-35.9610,-0.0183,29.5475,46.3040,3.4892,-56.8941,-381.6550,0,0.04900,0.01900,0.0000,0.0000,0.000000,0.000000,105.5236,140.8294,77.9803,0.0000,0.0000,0.0000,0.0000,0.0000,0.0000,0.0000,0.0000,0.0000,-0.002741,-0.019000,149.6400,0.000000,0.000000,0.0000,0.000000,0.000000,0.0000,0.000000,0.000000,0.0000,0.22961,-0.34452,-0.41383,0.11902,0.40765,-0.19085,0.54297,0.20643,-1.86558,2.42646,-0.26519,0.63574,0.10958,-0.19538,1.06946,-0.26223,6.00002,-6.00002,-11.99999,12.00002,2.14082,1.03623,1.73306,6.00002,-12.00002,12.00002,6.00002,6.00002,6.00002,-6.00002,6.00002,-6.00002,6.000,6.000,12.000,12.000,6.000,6.000,6.000,6.000,12.000,12.000,6.000,6.000,6.000,6.000,6.000,6.000
4.1050,0.07860,-0.04120,0.48287,0.97965,0.07673,0.17707,-0.05526,0.04745,-0.01922,0.35359,0.30051,0.32951,0.01598,1,0.20044,0.32951,0.059688,1.35932,-33.7991,-0.0198,31.1421,38.6233,9.8465,-65.0480,-377.3603,1,0.04900,0.01900,0.9211,0.0000,0.057912,0.026440,109.2385,147.0641,69.2719,18.8121,6.3351,35.9245,0.0000,0.0000,0.0000,0.0000,0.0000,0.0000,-0.049001,-0.019001,149.6401,0.048966,0.018975,35.9245,0.000000,0.000000,0.0000,0.000000,0.000000,0.0000,0.23720,-0.36049,-0.60875,0.36818,0.40729,-0.15190,0.60724,0.16534,-1.97434,2.41994,-0.27102,0.66310,0.11194,-0.19628,1.07063,-0.29197,6.00002,-6.00002,-11.99999,12.00002,2.14082,1.03623,1.73306,6.00002,-12.00002,12.00002,6.00002,6.00002,6.00002,-6.00002,6.00002,-6.00002,6.000,6.000,12.000,12.000,6.000,6.000,6.000,6.000,12.000,12.000,6.000,6.000,6.000,6.000,6.000,6.000
4.1100,0.07986,-0.04236,0.47942,0.97761,0.07360,0.19028,-0.05155,0.04798,-0.02064,0.35314,0.30051,0.36335,0.01436,1,0.19987,0.36335,0.068234,2.12857,-25.3804,-0.0243,18.6978,44.1819,18.6274,-20.8419,-314.3086,1,0.04900,0.01900,0.0000,0.0000,0.000000,0.000000,85.1596,142.6099,77.1851,0.0000,0.0000,0.0000,0.0000,0.0000,0.0000,0.0000,0.0000,0.0000,-0.049003,-0.019003,149.6403,0.000000,0.000000,0.0000,0.000000,0.000000,0.0000,0.000000,0.000000,0.0000,0.24565,-0.36918,-0.80617,0.63772,0.41264,-0.11565,0.62259,0.15213,-2.03343,2.41217,-0.24246,0.67507,0.11560,-0.19966,1.07185,-0.30406,6.00002,-6.00002,-11.99999,12.00002,2.14082,1.03623,1.73306,6.00002,-12.00002,12.00002,6.00002,6.00002,6.00002,-6.00002,6.00002,-6.00002,6.000,6.000,12.000,12.000,6.000,6.000,6.000,6.000,12.000,12.000,6.000,6.000,6.000,6.000,6.000,6.000
4.1150,0.08094,-0.04341,0.47544,0.97627,0.06797,0.19991,-0.04811,0.04852,-0.02207,0.35243,0.30051,0.38939,0.01355,1,0.19988,0.38939,0.080950,2.96265,-32.4551,-0.0329,9.8204,42.4664,24.5811,13.5927,-266.0343,1,0.04900,0.01900,0.0000,0.0000,0.000000,0.000000,15.0132,130.3969,121.6968,0.0000,0.0000,0.0000,0.0000,0.0000,0.0000,0.0000,0.0000,0.0000,-0.009137,-0.019000,149.6400,0.000000,0.000000,0.0000,0.000000,0.000000,0.0000,0.000000,0.000000,0.0000,0.25916,-0.37339,-1.00846,0.92480,0.42329,-0.07788,0.62322,0.17285,-2.05896,2.40469,-0.17264,0.67683,0.12078,-0.20491,1.07300,-0.30467,6.00002,-6.00002,-11.99999,12.00002,2.14082,1.03623,1.73306,6.00002,-12.00002,12.00002,6.00002,6.00002,6.00002,-6.00002,6.00002,-6.00002,6.000,6.000,12.000,12.000,6.000,6.000,6.000,6.000,12.000,12.000,6.000,6.000,6.000,6.000,6.000,6.000
4.1200,0.08200,-0.04463,0.47188,0.97562,0.06189,0.20557,-0.04557,0.04905,-0.02349,0.35149,0.30051,0.40810,0.01285,1,0.19988,0.40810,0.092496,1.97193,-39.5724,-0.0455,0.7889,44.9345,38.0563,60.8088,-216.7764,0,0.04900,0.01900,0.0000,0.0000,0.000000,0.000000,-7.7916,124.8069,151.2338,0.0000,0.0000,0.0000,0.0000,0.0000,0.0000,0.0000,0.0000,0.0000,0.049000,-0.019000,149.6401,0.000000,0.000000,0.0000,0.000000,0.000000,0.0000,0.000000,0.000000,0.0000,0.27484,-0.37469,-1.16059,1.12548,0.46362,-0.05105,0.62142,0.21407,-2.04269,2.39480,-0.10902,0.66693,0.12553,-0.20867,1.07343,-0.29394,2.78958,-3.96150,5.54922,-3.81409,-0.93379,0.40593,5.72410,4.19920,10.53082,-0.32286,1.28472,-0.08535,-2.38271,-0.68154,1.92580,0.30793,6.000,6.000,12.000,12.000,6.000,6.000,6.000,6.000,12.000,12.000,6.000,6.000,6.000,6.000,6.000,6.000
4.1250,0.08310,-0.04617,0.46937,0.97544,0.05704,0.20834,-0.04322,0.04959,-0.02492,0.35027,0.30051,0.41891,0.01200,1,0.19930,0.41891,0.097972,0.56990,-80.3890,-0.0570,-11.9088,43.8015,29.6065,55.2148,-150.9656,0,0.04900,0.01900,0.0000,0.0000,0.000000,0.000000,7.4161,126.6635,150.5636,0.0000,0.0000,0.0000,0.0000,0.0000,0.0000,0.0000,0.0000,0.0000,0.017259,-0.021465,149.9114,0.000000,0.000000,0.0000,0.000000,0.000000,0.0000,0.000000,0.000000,0.0000,0.28842,-0.37417,-1.24396,1.22689,0.47460,-0.03120,0.61805,0.26230,-1.99487,2.37275,-0.07148,0.64697,0.12869,-0.20974,1.07078,-0.27420,-0.31384,-1.61056,12.37335,-6.18366,-5.65182,0.59360,3.03101,5.14347,-0.32607,-8.11845,-1.31355,-0.32598,0.10456,-0.16840,-0.02134,0.33805,6.000,6.000,12.000,12.000,6.000,6.000,6.000,6.000,12.000,12.000,6.000,6.000,6.000,6.000,6.000,6.000
4.1300,0.08424,-0.04797,0.46775,0.97555,0.05344,0.20934,-0.04033,0.05014,-0.02635,0.34879,0.30051,0.42396,0.01074,1,0.19804,0.42396,0.097328,-0.55649,-86.6301,-0.0624,-23.1079,42.0429,17.6318,37.3038,-116.6386,1,0.04900,0.01900,0.0000,0.0000,0.000000,0.000000,8.1565,84.4055,100.6767,0.0000,0.0000,0.0000,0.0000,0.0000,0.0000,0.0000,0.0000,0.0000,0.003561,0.022398,100.1470,0.000000,0.000000,0.0000,0.000000,0.000000,0.0000,0.000000,0.000000,0.0000,0.29939,-0.37264,-1.27169,1.25974,0.43482,-0.01236,0.61321,0.31365,-1.93139,2.33192,-0.04818,0.62144,0.13064,-0.20899,1.06477,-0.24973,-0.31384,-1.61056,12.37335,-6.18366,-5.65182,0.59360,3.03101,5.14347,-0.32607,-8.11845,-1.31355,-0.32598,0.10456,-0.16840,-0.02134,0.33805,6.000,6.000,12.000,12.000,6.000,6.000,6.000,6.000,12.000,12.000,6.000,6.000,6.000,6.000,6.000,6.000
4.1350,0.08542,-0.05000,0.46683,0.97592,0.05100,0.20890,-0.03662,0.05069,-0.02777,0.34705,0.30051,0.42548,0.00891,1,0.19598,0.42548,0.091770,-1.44354,-70.7073,-0.0617,-26.9278,43.0879,10.1539,18.8107,-89.7210,1,0.04900,0.01900,0.0000,0.0000,0.000000,0.000000,4.5478,83.3158,104.3353,0.0000,0.0000,0.0000,0.0000,0.0000,0.0000,0.0000,0.0000,0.0000,0.004096,0.022347,101.6457,0.000000,0.000000,0.0000,0.000000,0.000000,0.0000,0.000000,0.000000,0.0000,0.30825,-0.37063,-1.25247,1.23811,0.35782,0.00639,0.60771,0.36508,-1.85720,2.27207,-0.03274,0.59355,0.13175,-0.20707,1.05684,-0.22342,-0.31384,-1.61056,12.37335,-6.18366,-5.65182,0.59360,3.03101,5.14347,-0.32607,-8.11845,-1.31355,-0.32598,0.10456,-0.16840,-0.02134,0.33805,6.000,6.000,12.000,12.000,6.000,6.000,6.000,6.000,12.000,12.000,6.000,6.000,6.000,6.000,6.000,6.000
4.1400,0.08667,-0.05212,0.46635,0.97627,0.04998,0.20799,-0.03367,0.05125,-0.02920,0.34508,0.30051,0.42408,0.00658,1,0.19287,0.42408,0.082516,-2.04108,-27.2535,-0.0561,-27.2417,44.1611,7.9408,-1.8477,-68.0854,0,0.04900,0.01900,0.0000,0.0000,0.000000,0.000000,-6.3050,116.4384,158.6587,0.0000,0.0000,0.0000,0.0000,0.0000,0.0000,0.0000,0.0000,0.0000,0.013214,-0.021450,149.9170,0.000000,0.000000,0.0000,0.000000,0.000000,0.0000,0.000000,0.000000,0.0000,0.32163,-0.36828,-1.19373,1.17150,0.24884,0.01897,0.60096,0.39894,-1.78506,2.21533,-0.04480,0.56524,0.13371,-0.20531,1.04324,-0.19701,0.21226,-0.42572,12.37318,-6.95777,-6.37847,0.33541,1.65371,3.99006,-1.93628,-7.43591,-1.50597,-0.68801,5.52730,0.90078,-2.15424,0.29637,6.000,6.000,12.000,12.000,6.000,6.000,6.000,6.000,12.000,12.000,6.000,6.000,6.000,6.000,6.000,6.000
4.1450,0.08797,-0.05423,0.46607,0.97653,0.04947,0.20698,-0.03309,0.05180,-0.03063,0.34285,0.30051,0.42188,0.00499,1,0.18955,0.42188,0.071042,-2.37624,-19.0860,-0.0468,-31.5966,34.5087,5.1276,-14.4495,-66.8071,0,0.04900,0.01900,0.0000,0.0000,0.000000,0.000000,-26.8630,107.1895,162.9760,0.0000,0.0000,0.0000,0.0000,0.0000,0.0000,0.0000,0.0000,0.0000,0.009609,-0.021411,149.9243,0.000000,0.000000,0.0000,0.000000,0.000000,0.0000,0.000000,0.000000,0.0000,0.35149,-0.36560,-1.10387,1.07016,0.11544,0.02376,0.59225,0.41622,-1.72068,2.18436,-0.10528,0.53772,0.13894,-0.20505,1.01367,-0.17185,-0.49939,-4.44943,12.06199,-7.46968,-6.37759,0.14054,3.40769,6.35929,-0.49605,-7.65821,-2.49605,-0.68631,4.90145,0.75548,-5.94388,-0.27421,6.000,6.000,12.000,12.000,6.000,6.000,6.000,6.000,12.000,12.000,6.000,6.000,6.000,6.000,6.000,6.000
4.1500,0.08934,-0.05629,0.46588,0.97674,0.04871,0.20585,-0.03520,0.05236,-0.03206,0.34039,0.30051,0.41973,0.00522,1,0.18622,0.41973,0.058589,-2.44914,-8.0456,-0.0353,-35.0714,34.4557,4.7559,-7.9954,-67.0115,0,0.04900,0.01900,0.0000,0.0000,0.000000,0.000000,-53.8811,94.2758,164.3037,0.0000,0.0000,0.0000,0.0000,0.0000,0.0000,0.0000,0.0000,0.0000,0.006550,-0.021450,149.9479,0.000000,0.000000,0.0000,0.000000,0.000000,0.0000,0.000000,0.000000,0.0000,0.40024,-0.36285,-0.98684,0.93170,-0.03025,0.02279,0.58371,0.42298,-1.65907,2.16902,-0.18684,0.51182,0.14775,-0.20620,0.96706,-0.14863,2.09587,-5.67444,7.79475,-9.00539,-6.37595,0.03739,5.20335,6.36590,2.86658,-5.13158,-1.75522,-0.70518,3.67716,0.51736,-4.65388,-0.05036,6.000,6.000,12.000,12.000,6.000,6.000,6.000,6.000,12.000,12.000,6.000,6.000,6.000,6.000,6.000,6.000
4.1550,0.09069,-0.05830,0.46546,0.97696,0.04717,0.20432,-0.03963,0.05291,-0.03349,0.33769,0.30051,0.41757,0.00740,1,0.18263,0.41757,0.046946,-2.16547,6.4531,-0.0228,-36.4165,39.6491,5.3766,9.7186,-66.7550,0,0.04900,0.01900,0.0000,0.0000,0.000000,0.000000,-84.4077,76.4925,159.7936,0.0000,0.0000,0.0000,0.0000,0.0000,0.0000,0.0000,0.0000,0.0000,0.049006,-0.019006,149.6407,0.000000,0.000000,0.0000,0.000000,0.000000,0.0000,0.000000,0.000000,0.0000,0.47082,-0.36029,-0.85275,0.75813,-0.12335,0.01265,0.57736,0.42345,-1.60127,2.15881,-0.26395,0.48803,0.16017,-0.20807,0.91583,-0.12741,4.00216,-4.59630,7.04132,-4.38053,0.39330,-0.36626,4.10638,5.88706,1.98866,-4.76698,-1.78983,-0.65643,1.01792,0.02900,-0.91139,0.49391,6.000,6.000,12.000,12.000,6.000,6.000,6.000,6.000,12.000,12.000,6.000,6.000,6.000,6.000,6.000,6.000
4.1600,0.09197,-0.06020,0.46449,0.97719,0.04492,0.20249,-0.04563,0.05346,-0.03492,0.33474,0.30051,0.41476,0.01126,1,0.17877,0.41476,0.037096,-1.74410,26.5824,-0.0112,-37.5121,45.2947,13.3369,31.8306,-59.8914,0,0.04900,0.01900,0.0000,0.0000,0.000000,0.000000,-109.8763,58.4244,151.7330,0.0000,0.0000,0.0000,0.0000,0.0000,0.0000,0.0000,0.0000,0.0000,0.049000,-0.019000,149.6401,0.000000,0.000000,0.0000,0.000000,0.000000,0.0000,0.000000,0.000000,0.0000,0.55815,-0.35777,-0.71847,0.57190,-0.15643,-0.00473,0.57168,0.41997,-1.54619,2.15028,-0.31908,0.46562,0.17454,-0.20934,0.86892,-0.10825,6.00006,-1.30726,-1.07755,-5.44616,0.60866,-0.50940,5.61283,0.65253,8.77392,1.98426,0.24209,-0.75170,-1.31442,-0.35293,-0.08367,0.58435,6.000,6.000,12.000,12.000,6.000,6.000,6.000,6.000,12.000,12.000,6.000,6.000,6.000,6.000,6.000,6.000
4.1650,0.09312,-0.06195,0.46302,0.97728,0.04336,0.20114,-0.05093,0.05400,-0.03636,0.33155,0.30051,0.41135,0.01628,1,0.17499,0.41135,0.030729,-0.92037,47.6857,-0.0013,-36.5149,48.1689,24.8955,41.9859,-59.1235,0,0.04900,0.01900,0.0000,0.0000,0.000000,0.000000,-91.8094,62.3310,143.0918,0.0000,0.0000,0.0000,0.0000,0.0000,0.0000,0.0000,0.0000,0.0000,0.049001,-0.019001,149.6401,0.000000,0.000000,0.0000,0.000000,0.000000,0.0000,0.000000,0.000000,0.0000,0.62473,-0.35491,-0.62413,0.43357,-0.15952,-0.01543,0.56273,0.41077,-1.49302,2.14861,-0.35886,0.44347,0.18466,-0.20919,0.82289,-0.09133,4.65488,-1.25695,2.17371,0.95765,3.87525,-0.57973,2.60185,-0.79259,6.40966,2.05012,0.16809,-0.72192,-2.15363,-0.47559,-3.08679,0.06067,6.000,6.000,12.000,12.000,6.000,6.000,6.000,6.000,12.000,12.000,6.000,6.000,6.000,6.000,6.000,6.000
4.1700,0.09414,-0.06366,0.46167,0.97717,0.04311,0.20075,-0.05466,0.05454,-0.03787,0.32844,0.30051,0.40886,0.02020,1,0.17136,0.40886,0.027659,-0.43882,51.4350,0.0050,-30.8061,47.7734,27.7939,16.5864,-71.6823,0,0.04900,0.01900,0.2868,0.0000,0.075931,0.034988,-46.2123,88.7701,144.2128,-10.9395,-36.3860,220.8338,0.0000,0.0000,0.0000,0.0000,0.0000,0.0000,-0.044712,-0.019001,149.6401,0.016730,0.007585,220.8338,0.000000,0.000000,0.0000,0.000000,0.000000,0.0000,0.66685,-0.35436,-0.57947,0.37423,-0.16756,-0.01970,0.54627,0.39592,-1.43726,2.14719,-0.39126,0.42191,0.18970,-0.20650,0.76505,-0.07690,3.75319,-6.00013,1.97098,-2.16897,-4.75779,-0.38115,2.54222,2.73841,5.52316,-0.07504,-0.36506,-0.60461,-3.43242,-0.57616,-6.00012,-0.47936,6.000,6.000,12.000,12.000,6.000,6.000,6.000,6.000,12.000,12.000,6.000,6.000,6.000,6.000,6.000,6.000
4.1750,0.09501,-0.06538,0.46051,0.97696,0.04439,0.20073,-0.05725,0.05510,-0.03945,0.32583,0.30051,0.40830,0.02233,1,0.16816,0.40830,0.026463,-0.12363,45.6637,0.0081,-28.8571,46.0501,24.5575,-6.7499,-81.9170,0,0.04900,0.01900,0.1699,0.0000,0.029309,0.000190,-34.5129,96.5470,147.1415,16.9625,4.2006,171.4598,0.0000,0.0000,0.0000,0.0000,0.0000,0.0000,-0.049001,-0.019001,149.6401,-0.044532,0.004011,171.4598,0.000000,0.000000,0.0000,0.000000,0.000000,0.0000,0.68845,-0.35513,-0.56902,0.37240,-0.18672,-0.02237,0.53172,0.37556,-1.38740,2.15550,-0.44675,0.40703,0.19125,-0.20240,0.68206,0.01436,-6.00012,-6.00012,4.82626,1.43571,-3.98905,-0.34938,6.00012,6.00012,0.54124,1.96572,-2.95701,3.75605,6.00012,2.24548,-6.00012,6.00012,6.000,6.000,12.000,12.000,6.000,6.000,6.000,6.000,12.000,12.000,6.000,6.000,6.000,6.000,6.000,6.000
4.1800,0.09563,-0.06718,0.45953,0.97678,0.04728,0.20045,-0.05909,0.05576,-0.04098,0.32364,0.30051,0.40857,0.02327,1,0.16557,0.40857,0.026508,0.08876,24.7567,0.0093,-26.2911,44.3190,17.3517,-37.2515,-81.7290,1,0.04900,0.01900,0.2950,0.0000,0.032831,0.001825,-29.2119,100.3119,149.1429,28.6280,9.6331,170.6556,0.0000,0.0000,0.0000,0.0000,0.0000,0.0000,-0.049005,-0.019005,149.6406,-0.042450,0.003459,170.6556,0.000000,0.000000,0.0000,0.000000,0.000000,0.0000,0.69357,-0.35644,-0.57893,0.40757,-0.21634,-0.02516,0.52347,0.35093,-1.34654,2.17514,-0.52513,0.40023,0.19052,-0.19767,0.57748,0.17641,-6.00012,-6.00012,4.82626,1.43571,-3.98905,-0.34938,6.00012,6.00012,0.54124,1.96572,-2.95701,3.75605,6.00012,2.24548,-6.00012,6.00012,6.000,6.000,12.000,12.000,6.000,6.000,6.000,6.000,12.000,12.000,6.000,6.000,6.000,6.000,6.000,6.000
4.1850,0.09600,-0.06916,0.45871,0.97671,0.05174,0.19925,-0.06047,0.05652,-0.04248,0.32184,0.30051,0.40844,0.02340,1,0.16365,0.40844,0.027385,0.23402,9.5686,0.0092,-27.4630,42.1785,11.4743,-64.3683,-71.4384,1,0.04900,0.01900,0.3459,0.0000,0.033943,-0.002098,-44.4640,89.0781,147.3786,16.5637,26.8097,151.8804,0.0000,0.0000,0.0000,0.0000,0.0000,0.0000,-0.049005,-0.019005,149.6406,-0.044751,-0.000120,151.8804,0.000000,0.000000,0.0000,0.000000,0.000000,0.0000,0.68835,-0.35770,-0.59720,0.46314,-0.25305,-0.02822,0.52768,0.32583,-1.30908,2.20066,-0.61661,0.39869,0.18857,-0.19297,0.45959,0.36685,-6.00012,-6.00012,4.82626,1.43571,-3.98905,-0.34938,6.00012,6.00012,0.54124,1.96572,-2.95701,3.75605,6.00012,2.24548,-6.00012,6.00012,6.000,6.000,12.000,12.000,6.000,6.000,6.000,6.000,12.000,12.000,6.000,6.000,6.000,6.000,6.000,6.000
4.1900,0.09609,-0.07135,0.45797,0.97681,0.05769,0.19679,-0.06146,0.05736,-0.04390,0.32036,0.30051,0.40658,0.02302,1,0.16262,0.40658,0.028886,0.34981,-0.1949,0.0084,-29.0074,39.2317,7.8999,-90.5559,-51.3034,1,0.04900,0.01900,0.3498,0.0000,0.031282,-0.003525,-64.4136,74.7773,144.2155,15.4055,21.1058,124.5323,0.0000,0.0000,0.0000,0.0000,0.0000,0.0000,-0.049005,-0.019005,149.6407,-0.048138,0.000516,124.5323,0.000000,0.000000,0.0000,0.000000,0.000000,0.0000,0.67584,-0.35874,-0.61693,0.52981,-0.29704,-0.03197,0.53426,0.30510,-1.26837,2.23060,-0.71402,0.40047,0.18592,-0.18852,0.33206,0.56736,-6.00012,-6.00012,4.82626,1.43571,-3.98905,-0.34938,6.00012,6.00012,0.54124,1.96572,-2.95701,3.75605,6.00012,2.24548,-6.00012,6.00012,6.000,6.000,12.000,12.000,6.000,6.000,6.000,6.000,12.000,12.000,6.000,6.000,6.000,6.000,6.000,6.000
4.1950,0.09600,-0.07381,0.45761,0.97704,0.06485,0.19314,-0.06228,0.05827,-0.04524,0.31911,0.30051,0.40232,0.02230,1,0.16160,0.40232,0.030794,0.41171,-7.3471,0.0068,-30.5634,36.7612,6.1472,-115.4239,-27.4474,0,0.04900,0.01900,0.3388,0.0000,0.031431,-0.003743,-83.2659,62.3049,140.8758,13.0790,17.8923,109.0524,0.0000,0.0000,0.0000,0.0000,0.0000,0.0000,-0.042517,-0.019002,149.6403,-0.048201,0.000425,109.0524,0.000000,0.000000,0.0000,0.000000,0.000000,0.0000,0.65985,-0.35937,-0.62788,0.58872,-0.34171,-0.03587,0.54192,0.29142,-1.22759,2.23682,-0.74114,0.31660,0.18424,-0.18641,0.19513,0.76929,-4.82598,-6.00034,5.92563,-3.24717,-6.00032,-0.32801,6.00032,6.00032,-1.10603,-5.65203,2.00642,-5.62968,6.00032,-4.52171,-6.00032,6.00032,6.000,6.000,12.000,12.000,6.000,6.000,6.000,6.000,12.000,12.000,6.000,6.000,6.000,6.000,6.000,6.000
4.2000,0.09585,-0.07658,0.45782,0.97736,0.07297,0.18842,-0.06278,0.05923,-0.04651,0.31819,0.30051,0.39573,0.02141,1,0.15966,0.39573,0.032794,0.40252,-16.6919,0.0049,-28.9607,36.1964,0.3737,-134.3010,-6.7485,0,0.04900,0.01900,0.2032,0.0000,0.030471,-0.002581,-86.1159,61.5232,139.9754,16.1544,12.2607,166.3965,0.0000,0.0000,0.0000,0.0000,0.0000,0.0000,-0.036246,-0.019000,149.6401,-0.048276,0.001979,166.3965,0.000000,0.000000,0.0000,0.000000,0.000000,0.0000,0.64192,-0.35957,-0.62417,0.62614,-0.37873,-0.03949,0.54941,0.28492,-1.18293,2.19864,-0.65697,0.15748,0.18429,-0.18773,0.04967,0.96801,-3.53827,-6.00006,1.23001,-6.87731,-6.00006,-0.32473,6.00006,6.00006,3.08444,-6.83820,6.00006,-6.00006,6.00006,-6.00006,-6.00006,6.00006,6.000,6.000,12.000,12.000,6.000,6.000,6.000,6.000,12.000,12.000,6.000,6.000,6.000,6.000,6.000,6.000
4.2050,0.09577,-0.07959,0.45848,0.97765,0.08145,0.18336,-0.06286,0.06022,-0.04774,0.31763,0.30051,0.38707,0.02049,1,0.15648,0.38707,0.034637,0.35889,-25.5197,0.0029,-27.6185,37.9511,-6.9668,-152.1473,11.7327,0,0.04900,0.01900,0.0736,0.0000,0.030893,-0.003588,-85.1300,63.2498,139.7343,-0.1390,6.3945,144.9248,0.0000,0.0000,0.0000,0.0000,0.0000,0.0000,-0.031758,-0.019000,149.6400,-0.048367,0.000836,144.9248,0.000000,0.000000,0.0000,0.000000,0.000000,0.0000,0.62176,-0.35933,-0.60921,0.63931,-0.40136,-0.04267,0.55340,0.28369,-1.12488,2.11455,-0.49518,-0.03006,0.18560,-0.19178,-0.10313,1.16129,-2.17112,-6.00002,-3.40903,-10.46180,-6.00002,-0.32091,6.00002,6.00002,6.62137,-9.29317,6.00002,-6.00002,6.00002,-6.00002,-6.00002,6.00002,6.000,6.000,12.000,12.000,6.000,6.000,6.000,6.000,12.000,12.000,6.000,6.000,6.000,6.000,6.000,6.000
4.2100,0.09578,-0.08258,0.45924,0.97748,0.08778,0.18074,-0.06446,0.06120,-0.04896,0.31734,0.30051,0.37768,0.01967,1,0.15212,0.37768,0.036311,0.32226,-26.9763,0.0011,-27.1265,41.2136,-12.8310,-146.2354,-0.3021,0,0.04900,0.01900,1.1112,0.0000,0.021650,0.011989,-81.8508,63.5017,136.4114,-2.4488,-55.8171,83.8104,0.0000,0.0000,0.0000,0.0000,0.0000,0.0000,-0.034996,-0.019000,146.1588,-0.048381,0.018747,83.8104,0.000000,0.000000,0.0000,0.000000,0.000000,0.0000,0.60717,-0.35749,-0.60077,0.64450,-0.41335,-0.05285,0.54085,0.28179,-1.07356,1.99650,-0.27963,-0.22673,0.18839,-0.19757,-0.26705,1.34855,-2.50683,-6.00004,-3.30819,-11.12453,-6.00004,-0.36882,6.00004,6.00004,7.38199,-11.81640,6.00004,-6.00004,6.00004,-6.00004,-6.00004,6.00004,6.000,6.000,12.000,12.000,6.000,6.000,6.000,6.000,12.000,12.000,6.000,6.000,6.000,6.000,6.000,6.000
4.2150,0.09600,-0.08551,0.46008,0.97692,0.09189,0.18087,-0.06689,0.06217,-0.05038,0.31716,0.30051,0.37327,0.01937,1,0.14638,0.37327,0.037858,0.30424,-26.7235,-0.0006,-22.4790,47.6398,-15.1854,-108.8338,-49.7600,1,0.04900,0.01900,1.0862,0.0000,0.021720,0.012596,-46.7160,82.2160,138.0848,-0.5117,-60.1684,92.3439,0.0000,0.0000,0.0000,0.0000,0.0000,0.0000,-0.049000,-0.019000,142.3629,-0.048473,0.018776,92.3439,0.000000,0.000000,0.0000,0.000000,0.000000,0.0000,0.59770,-0.35452,-0.59940,0.64370,-0.41910,-0.06751,0.51448,0.27809,-1.02325,1.84621,-0.03827,-0.42296,0.19212,-0.20417,-0.43907,1.52999,-2.50683,-6.00004,-3.30819,-11.12453,-6.00004,-0.36882,6.00004,6.00004,7.38199,-11.81640,6.00004,-6.00004,6.00004,-6.00004,-6.00004,6.00004,6.000,6.000,12.000,12.000,6.000,6.000,6.000,6.000,12.000,12.000,6.000,6.000,6.000,6.000,6.000,6.000
4.2200,0.09602,-0.08849,0.46073,0.97642,0.09718,0.17972,-0.06978,0.06315,-0.05202,0.31709,0.30051,0.37436,0.01937,1,0.14083,0.37436,0.039309,0.27867,-27.7538,-0.0021,-18.6534,53.9919,-17.7197,-80.4774,-95.3139,0,0.04900,0.01900,1.0850,0.0000,0.021786,0.013257,-18.9495,97.1134,140.4893,-4.5293,-57.4606,88.5571,0.0000,0.0000,0.0000,0.0000,0.0000,0.0000,-0.049000,-0.019000,140.4965,-0.048551,0.018796,88.5571,0.000000,0.000000,0.0000,0.000000,0.000000,0.0000,0.58992,-0.35208,-0.59156,0.64524,-0.42907,-0.08471,0.48927,0.26665,-0.97495,1.76716,0.00581,-0.43128,0.19586,-0.21042,-0.61870,1.71259,-6.00004,-6.00004,12.00004,-0.75051,-1.95636,-0.50995,6.00004,6.00004,7.28499,12.00004,-6.00004,5.99899,6.00004,-6.00004,-6.00004,6.00004,6.000,6.000,12.000,12.000,6.000,6.000,6.000,6.000,12.000,12.000,6.000,6.000,6.000,6.000,6.000,6.000
4.2250,0.09593,-0.09158,0.46107,0.97589,0.10544,0.17726,-0.07140,0.06424,-0.05382,0.31721,0.30051,0.37312,0.01948,1,0.13724,0.37312,0.040630,0.25952,-28.0243,-0.0036,-25.8082,48.7390,-7.7978,-131.2389,-26.0444,0,0.04900,0.01900,0.5892,0.0000,0.026518,0.004253,-66.5714,79.9036,140.1281,57.7286,-7.3869,164.6486,0.0000,0.0000,0.0000,0.0000,0.0000,0.0000,-0.043799,-0.019000,149.6400,-0.048701,0.007961,164.6486,0.000000,0.000000,0.0000,0.000000,0.000000,0.0000,0.55636,-0.35181,-0.57944,0.63688,-0.43451,-0.10928,0.49705,0.24630,-0.95351,1.78475,-0.13294,-0.29599,0.19382,-0.21174,-0.79477,1.75718,-6.00004,-6.00004,0.39696,-10.29411,-6.00004,-0.51076,6.00004,6.00004,-4.66272,12.00004,-6.00004,6.00004,5.01657,6.00004,-6.00004,-6.00004,6.000,6.000,12.000,12.000,6.000,6.000,6.000,6.000,12.000,12.000,6.000,6.000,6.000,6.000,6.000,6.000
4.2300,0.09588,-0.09463,0.46104,0.97498,0.11422,0.17617,-0.07307,0.06547,-0.05575,0.31770,0.30051,0.36937,0.01883,1,0.13636,0.36937,0.041941,0.26288,-30.1956,-0.0049,-25.1107,47.6311,-13.1690,-176.9242,-32.9241,1,0.04900,0.01900,1.0629,0.0000,0.021370,0.014406,-81.1398,77.0067,135.0479,2.4918,-65.1290,102.2119,0.0000,0.0000,0.0000,0.0000,0.0000,0.0000,-0.043224,-0.019000,149.6400,-0.048703,0.018818,102.2119,0.000000,0.000000,0.0000,0.000000,0.000000,0.0000,0.50980,-0.35291,-0.57478,0.62823,-0.43998,-0.14085,0.52369,0.21927,-0.95965,1.86244,-0.34624,-0.11349,0.18714,-0.20727,-0.96637,1.66272,-6.00004,-6.00004,0.39696,-10.29411,-6.00004,-0.51076,6.00004,6.00004,-4.66272,12.00004,-6.00004,6.00004,5.01657,6.00004,-6.00004,-6.00004,6.000,6.000,12.000,12.000,6.000,6.000,6.000,6.000,12.000,12.000,6.000,6.000,6.000,6.000,6.000,6.000
4.2350,0.09593,-0.09760,0.46067,0.97374,0.12252,0.17663,-0.07496,0.06675,-0.05790,0.31847,0.30051,0.36849,0.01797,1,0.13857,0.36849,0.043218,0.25218,-32.2983,-0.0062,-27.4666,46.6871,-9.5898,-171.8561,-64.1332,1,0.04900,0.01900,0.9455,0.0000,0.021060,0.014894,-110.9116,68.8836,123.4551,6.4236,-66.1366,117.1451,0.0000,0.0000,0.0000,0.0000,0.0000,0.0000,0.000564,-0.019000,146.9103,-0.048766,0.018820,117.1451,0.000000,0.000000,0.0000,0.000000,0.000000,0.0000,0.46284,-0.35463,-0.57714,0.62318,-0.44810,-0.17585,0.54667,0.18879,-0.97880,1.97613,-0.58598,0.08093,0.17883,-0.19972,-1.13289,1.50068,-6.00004,-6.00004,0.39696,-10.29411,-6.00004,-0.51076,6.00004,6.00004,-4.66272,12.00004,-6.00004,6.00004,5.01657,6.00004,-6.00004,-6.00004,6.000,6.000,12.000,12.000,6.000,6.000,6.000,6.000,12.000,12.000,6.000,6.000,6.000,6.000,6.000,6.000
4.2400,0.09622,-0.10047,0.45973,0.97156,0.13216,0.18124,-0.07590,0.06806,-0.06029,0.31943,0.30051,0.37079,0.01725,1,0.14382,0.37079,0.043983,0.11139,-33.4808,-0.0075,-28.7393,46.9037,-7.6368,-171.8126,-87.7061,0,0.04900,0.01900,0.8592,0.0000,0.020678,0.015366,-129.2602,63.6917,107.5226,6.9028,-65.4095,127.6063,0.0000,0.0000,0.0000,0.0000,0.0000,0.0000,0.028689,-0.019000,137.9733,-0.048818,0.018831,127.6063,0.000000,0.000000,0.0000,0.000000,0.000000,0.0000,0.38459,-0.35690,-0.59887,0.59021,-0.40335,-0.21492,0.53996,0.14407,-1.02136,2.12322,-0.82015,0.27819,0.16774,-0.19425,-1.31291,1.45060,-6.00004,-6.00004,-2.70466,-12.00004,-0.93244,-0.40468,-6.00004,-6.00004,-12.00004,12.00004,-6.00004,6.00004,-6.00004,-6.00003,-6.00004,6.00004,6.000,6.000,12.000,12.000,6.000,6.000,6.000,6.000,12.000,12.000,6.000,6.000,6.000,6.000,6.000,6.000
4.2450,0.09688,-0.10326,0.45836,0.96845,0.14392,0.18924,-0.07470,0.06940,-0.06292,0.32058,0.30051,0.38140,0.01666,1,0.15180,0.38140,0.044777,0.16221,-37.7012,-0.0082,-23.1677,31.8910,-4.2577,-228.5873,-175.7835,0,0.04900,0.01900,1.0204,0.0000,0.019492,0.016463,-84.9161,40.3469,77.0495,11.7854,-74.7713,123.6524,0.0000,0.0000,0.0000,0.0000,0.0000,0.0000,-0.051358,-0.022424,97.2629,-0.048927,0.018905,123.6524,0.000000,0.000000,0.0000,0.000000,0.000000,0.0000,0.26812,-0.35971,-0.62978,0.52419,-0.33876,-0.25908,0.50380,0.08370,-1.10083,2.29188,-0.99117,0.45785,0.15316,-0.19118,-1.51088,1.52591,-6.34460,-6.35264,2.97877,-12.35436,-6.35068,0.41881,-6.35306,-6.35286,-12.35170,12.34997,-6.35075,6.35124,-6.35334,-6.35045,-6.35113,6.35149,6.000,6.000,12.000,12.000,6.000,6.000,6.000,6.000,12.000,12.000,6.000,6.000,6.000,6.000,6.000,6.000
4.2500,0.09831,-0.10608,0.45703,0.96469,0.15682,0.19936,-0.07099,0.07078,-0.06593,0.32210,0.30051,0.39851,0.01462,1,0.15833,0.39851,0.045901,0.35334,-48.3772,-0.0090,-18.7456,24.9807,-5.0176,-276.2258,-207.2067,1,0.04900,0.01900,0.0000,0.0000,0.000000,0.000000,-46.7229,39.2370,41.3483,0.0000,0.0000,0.0000,0.0000,0.0000,0.0000,0.0000,0.0000,0.0000,0.044900,-0.019000,56.2026,0.000000,0.000000,0.0000,0.000000,0.000000,0.0000,0.000000,0.000000,0.0000,0.14023,-0.36172,-0.63855,0.40603,-0.30983,-0.28307,0.44205,0.01487,-1.20466,2.42842,-1.09097,0.57544,0.13780,-0.18924,-1.71628,1.65808,-6.34460,-6.35264,2.97877,-12.35436,-6.35068,0.41881,-6.35306,-6.35286,-12.35170,12.34997,-6.35075,6.35124,-6.35334,-6.35045,-6.35113,6.35149,6.000,6.000,12.000,12.000,6.000,6.000,6.000,6.000,12.000,12.000,6.000,6.000,6.000,6.000,6.000,6.000
4.2550,0.10055,-0.10891,0.45579,0.96033,0.17029,0.21117,-0.06461,0.07213,-0.06917,0.32383,0.30051,0.41906,0.01112,1,0.16231,0.41906,0.048086,0.57013,-59.9278,-0.0101,-13.4182,27.4544,-15.0079,-300.7076,-237.6886,0,0.04900,0.01900,0.7010,0.0000,0.020254,0.016905,-33.5841,32.5912,30.0927,-26.4138,-65.2885,167.4885,0.0000,0.0000,0.0000,0.0000,0.0000,0.0000,-0.049001,-0.019001,43.2717,-0.048940,0.018901,167.4885,0.000000,0.000000,0.0000,0.000000,0.000000,0.0000,0.01269,-0.36305,-0.63104,0.24394,-0.24927,-0.30542,0.35344,-0.05669,-1.34856,2.51288,-1.05747,0.64720,0.12487,-0.19120,-1.92514,1.79576,-6.00005,-6.00005,1.54683,-12.00005,-2.60466,-0.15513,-6.00005,-6.00005,-12.00005,12.00005,6.00005,6.00005,6.00005,-6.00005,-6.00005,4.13413,6.000,6.000,12.000,12.000,6.000,6.000,6.000,6.000,12.000,12.000,6.000,6.000,6.000,6.000,6.000,6.000
4.2600,0.10333,-0.11173,0.45440,0.95588,0.18157,0.22316,-0.05929,0.07340,-0.07265,0.32589,0.30051,0.44182,0.00594,1,0.16485,0.44182,0.050989,0.77096,-62.2522,-0.0123,-4.7602,26.8707,-17.2172,-322.7734,-258.2663,0,0.04900,0.01900,0.5050,0.0000,0.020637,0.014155,-9.5301,39.1253,31.2782,-4.8098,-52.3065,173.3782,0.0000,0.0000,0.0000,0.0000,0.0000,0.0000,0.055886,-0.026382,43.4222,-0.048996,0.018994,173.3782,0.000000,0.000000,0.0000,0.000000,0.000000,0.0000,-0.08001,-0.36267,-0.57754,0.00509,-0.14435,-0.32350,0.28596,-0.13020,-1.53084,2.55990,-0.91870,0.68736,0.11699,-0.19504,-2.12374,1.80428,-6.34297,-6.33953,3.83366,-12.33537,2.81695,0.04886,6.34503,-6.34526,-12.34267,12.34239,6.34465,6.34471,6.34466,-6.34462,-6.34473,-6.34470,6.000,6.000,12.000,12.000,6.000,6.000,6.000,6.000,12.000,12.000,6.000,6.000,6.000,6.000,6.000,6.000
4.2650,0.10638,-0.11449,0.45232,0.95166,0.18962,0.23509,-0.05585,0.07467,-0.07622,0.32802,0.30051,0.46471,0.00138,1,0.16649,0.46471,0.055294,0.93447,-49.7804,-0.0152,-7.8405,41.0174,-10.7664,-262.4802,-267.6097,1,0.04900,0.01900,0.0000,0.0000,0.000000,0.000000,7.5389,36.2572,31.1658,0.0000,0.0000,0.0000,0.0000,0.0000,0.0000,0.0000,0.0000,0.0000,0.049001,-0.019001,40.4569,0.000000,0.000000,0.0000,0.000000,0.000000,0.0000,0.000000,0.000000,0.0000,-0.13587,-0.36151,-0.50587,-0.23327,-0.05200,-0.33089,0.25689,-0.21060,-1.73614,2.58167,-0.72977,0.70616,0.11335,-0.19932,-2.31122,1.69184,-6.34297,-6.33953,3.83366,-12.33537,2.81695,0.04886,6.34503,-6.34526,-12.34267,12.34239,6.34465,6.34471,6.34466,-6.34462,-6.34473,-6.34470,6.000,6.000,12.000,12.000,6.000,6.000,6.000,6.000,12.000,12.000,6.000,6.000,6.000,6.000,6.000,6.000
4.2700,0.10927,-0.11741,0.45048,0.94816,0.19440,0.24605,-0.05151,0.07596,-0.07977,0.32992,0.30051,0.48774,-0.00186,1,0.16856,0.48774,0.057777,0.24030,-41.7151,-0.0195,-8.5653,50.1343,2.5313,-223.1959,-281.4701,0,0.04900,0.01900,0.0000,0.0000,0.000000,0.000000,46.8426,77.5747,75.9052,0.0000,0.0000,0.0000,0.0000,0.0000,0.0000,0.0000,0.0000,0.0000,0.041010,-0.021035,90.0199,0.000000,0.000000,0.0000,0.000000,0.000000,0.0000,0.000000,0.000000,0.0000,-0.16297,-0.36158,-0.49604,-0.31466,0.02478,-0.33162,0.25340,-0.27813,-1.91480,2.58424,-0.55299,0.62018,0.11319,-0.20369,-2.45199,1.51300,4.74499,-6.18622,-12.23928,6.86200,6.25753,0.30710,6.21495,6.22085,-12.18636,12.19808,6.18451,-6.18672,6.20544,-6.18919,6.20099,-6.19520,6.000,6.000,12.000,12.000,6.000,6.000,6.000,6.000,12.000,12.000,6.000,6.000,6.000,6.000,6.000,6.000
4.2750,0.11177,-0.12067,0.44974,0.94582,0.19609,0.25441,-0.04747,0.07728,-0.08334,0.33154,0.30051,0.50821,-0.00417,1,0.17106,0.50821,0.058135,0.00107,-63.8976,-0.0219,-33.3936,67.9930,-9.9693,-165.3979,-244.5782,0,0.04900,0.01900,0.0000,0.0000,0.000000,0.000000,-61.6810,148.6551,90.7353,0.0000,0.0000,0.0000,0.0000,0.0000,0.0000,0.0000,0.0000,0.0000,0.049001,-0.019001,149.6401,0.000000,0.000000,0.0000,0.000000,0.000000,0.0000,0.000000,0.000000,0.0000,-0.17247,-0.36239,-0.52867,-0.28657,0.09685,-0.32722,0.28910,-0.32473,-2.01697,2.57426,-0.40734,0.45574,0.11505,-0.20829,-2.52450,1.30011,-4.75060,-6.00011,-12.00011,1.75664,2.10295,0.19666,6.00011,6.00011,-12.00011,12.00011,6.00011,-6.00011,6.00011,-6.00011,6.00011,-6.00011,6.000,6.000,12.000,12.000,6.000,6.000,6.000,6.000,12.000,12.000,6.000,6.000,6.000,6.000,6.000,6.000
4.2800,0.11393,-0.12420,0.44959,0.94426,0.19520,0.26130,-0.04464,0.07862,-0.08690,0.33290,0.30051,0.52344,-0.00691,1,0.17417,0.52344,0.057852,-0.04355,-47.1175,-0.0223,-36.7260,78.3362,-17.3675,-120.1851,-216.1684,0,0.04900,0.01900,0.0000,0.0000,0.000000,0.000000,-67.8539,149.1154,96.1871,0.0000,0.0000,0.0000,0.0000,0.0000,0.0000,0.0000,0.0000,0.0000,0.049000,-0.019000,149.6401,0.000000,0.000000,0.0000,0.000000,0.000000,0.0000,0.000000,0.000000,0.0000,-0.17001,-0.36332,-0.58126,-0.20915,0.16819,-0.31907,0.36171,-0.35303,-2.06800,2.55854,-0.26293,0.26351,0.11853,-0.21360,-2.54597,1.07532,1.33833,-6.00007,-12.00007,0.63923,2.15097,0.28510,6.00007,6.00007,-12.00007,12.00007,6.00007,-6.00007,6.00007,-6.00007,6.00007,-6.00007,6.000,6.000,12.000,12.000,6.000,6.000,6.000,6.000,12.000,12.000,6.000,6.000,6.000,6.000,6.000,6.000
