t,x,y,z,qw,qx,qy,qz,com_x,com_y,com_z,com_ref_z,tilt,com_ref_y,n_stance,swing_z,trunk_tilt,foot_z,foot_vz,acc_ref_z,e_lin_z,acom_x,acom_y,acom_z,arp_r,arp_p,degraded,cop_lx,cop_ly,slip_l,slip_r,patch_lx,patch_ly,fqp_l_x,fqp_l_y,fqp_l_z,fmj_l_x,fmj_l_y,fmj_l_z,fqp_r_x,fqp_r_y,fqp_r_z,fmj_r_x,fmj_r_y,fmj_r_z,cop_qp_l_x,cop_qp_l_y,fz_qp_l,cop_mj_l_x,cop_mj_l_y,fz_mj_l,cop_qp_r_x,cop_qp_r_y,fz_qp_r,cop_mj_r_x,cop_mj_r_y,fz_mj_r,left_hip_yaw_joint,left_hip_roll_joint,left_hip_pitch_joint,left_knee_joint,left_ankle_pitch_joint,left_ankle_roll_joint,right_hip_yaw_joint,right_hip_roll_joint,right_hip_pitch_joint,right_knee_joint,right_ankle_pitch_joint,right_ankle_roll_joint,left_shoulder_pitch_joint,left_elbow_joint,right_shoulder_pitch_joint,right_elbow_joint,tau_left_hip_yaw_joint,tau_left_hip_roll_joint,tau_left_hip_pitch_joint,tau_left_knee_joint,tau_left_ankle_pitch_joint,tau_left_ankle_roll_joint,tau_right_hip_yaw_joint,tau_right_hip_roll_joint,tau_right_hip_pitch_joint,tau_right_knee_joint,tau_right_ankle_pitch_joint,tau_right_ankle_roll_joint,tau_left_shoulder_pitch_joint,tau_left_elbow_joint,tau_right_shoulder_pitch_joint,tau_right_elbow_joint,lim_left_hip_yaw_joint,lim_left_hip_roll_joint,lim_left_hip_pitch_joint,lim_left_knee_joint,lim_left_ankle_pitch_joint,lim_left_ankle_roll_joint,lim_right_hip_yaw_joint,lim_right_hip_roll_joint,lim_right_hip_pitch_joint,lim_right_knee_joint,lim_right_ankle_pitch_joint,lim_right_ankle_roll_joint,lim_left_shoulder_pitch_joint,lim_left_elbow_joint,lim_right_shoulder_pitch_joint,lim_right_elbow_joint,xi_x,xi_y,xi_ref_x,xi_ref_y,zmp_ref_x,zmp_ref_y,zmp_cmd_x,zmp_cmd_y,zmp_clamp,dcm_err,support,step,share_l,share_r,swing_tgt_x,swing_tgt_y,swing_tgt_z,ankle_roll_l,ankle_roll_r
0.0000,0.00020,0.00001,0.48035,1.00000,0.00000,-0.00125,0.00000,0.00608,-0.00000,0.31446,0.31446,0.00284,0.00445,2,0.03443,0.00284,0.034433,0.01274,-1.0382,0.0000,-0.1997,0.4165,-1.1877,-0.0000,-2.3360,0,0.04900,0.01900,0.1001,0.1001,0.002422,0.068717,-0.6671,1.3786,19.8684,0.0484,-1.9840,33.0639,-0.6566,1.3829,37.2977,0.0484,1.9840,33.0639,0.018937,-0.005113,19.8747,-0.001791,0.018998,33.0639,0.013750,-0.002869,37.2884,-0.001791,-0.018998,33.0639,-0.00064,-0.00035,-0.34813,0.70669,-0.35464,-0.00498,0.00064,0.00028,-0.34811,0.70665,-0.35462,0.00508,0.00033,-0.00039,0.00034,-0.00039,0.00141,-0.32231,0.06146,-0.26278,0.31949,0.05909,0.00163,-0.30606,0.26204,-0.73399,0.45461,0.05138,0.02116,0.00131,0.02117,0.00131,6.000,6.000,12.000,12.000,6.000,6.000,6.000,6.000,12.000,12.000,6.000,6.000,6.000,6.000,6.000,6.000,0.006961,-0.000000,0.004200,0.004451,0.004200,0.000000,0.012483,-0.013352,0.000000,0.005237,0.000000,0.000000,0.365722,0.634278,0.000000,0.000000,0.000000,-0.005271,0.005271
0.0050,0.00025,0.00003,0.48039,1.00000,0.00000,-0.00111,0.00000,0.00610,0.00001,0.31453,0.31446,0.00250,0.00457,2,0.03449,0.00250,0.034494,0.01193,-1.1224,-0.0001,-0.1868,0.3906,-0.9391,-0.0204,-2.0017,0,0.04900,0.01900,0.0956,0.0707,0.021728,0.046358,-0.6242,1.2987,21.2388,-0.5976,1.0997,21.8305,-0.6141,1.2910,37.5750,-0.5988,1.5442,39.0246,0.014268,-0.003540,21.2445,0.017530,-0.003351,21.8305,0.011470,-0.002829,37.5667,0.013272,-0.003171,39.0246,-0.00062,-0.00049,-0.34861,0.70708,-0.35497,-0.00442,0.00062,0.00023,-0.34855,0.70695,-0.35490,0.00475,0.00032,-0.00037,0.00033,-0.00037,0.00207,-0.28488,0.02022,-0.36691,0.24557,0.04361,0.00075,-0.30965,0.20702,-0.80851,0.37323,0.05030,0.01412,0.00118,0.01471,0.00123,6.000,6.000,12.000,12.000,6.000,6.000,6.000,6.000,12.000,12.000,6.000,6.000,6.000,6.000,6.000,6.000,0.006830,0.000362,0.004200,0.004575,0.004200,0.000124,0.012092,-0.012515,0.000000,0.004967,0.000000,0.000000,0.374132,0.625868,0.000000,0.000000,0.000000,-0.004981,0.005081
0.0100,0.00028,0.00006,0.48043,1.00000,0.00001,-0.00098,0.00000,0.00612,0.00002,0.31458,0.31446,0.00221,0.00470,2,0.03454,0.00221,0.034551,0.01080,-1.1559,-0.0001,-0.1745,0.3661,-0.7629,-0.0357,-1.7540,0,0.04900,0.01900,0.0840,0.0662,0.017502,0.047467,-0.5834,1.2213,22.3455,-0.5393,1.0219,22.9235,-0.5738,1.2062,37.6365,-0.5431,1.4520,39.0453,0.011334,-0.002574,22.3504,0.013303,-0.002245,22.9235,0.009910,-0.002747,37.6293,0.011072,-0.003067,39.0453,-0.00060,-0.00068,-0.34915,0.70764,-0.35536,-0.00369,0.00060,0.00015,-0.34904,0.70740,-0.35523,0.00437,0.00031,-0.00034,0.00032,-0.00034,0.00246,-0.25534,-0.00452,-0.44429,0.19758,0.03325,0.00018,-0.30527,0.16950,-0.85751,0.31772,0.04937,0.00963,0.00112,0.01061,0.00120,6.000,6.000,12.000,12.000,6.000,6.000,6.000,6.000,12.000,12.000,6.000,6.000,6.000,6.000,6.000,6.000,0.006705,0.000711,0.004200,0.004699,0.004200,0.000249,0.011717,-0.011715,0.000000,0.004710,0.000000,0.000000,0.382178,0.617822,0.000000,0.000000,0.000000,-0.004415,0.004753
0.0150,0.00031,0.00011,0.48046,1.00000,0.00001,-0.00086,0.00000,0.00614,0.00005,0.31462,0.31446,0.00196,0.00482,2,0.03459,0.00196,0.034601,0.00953,-1.1553,-0.0002,-0.1630,0.3431,-0.6373,-0.0472,-1.5652,0,0.04900,0.01900,0.0748,0.0620,0.014776,0.048141,-0.5448,1.1470,23.2604,-0.4892,0.9510,23.8351,-0.5357,1.1277,37.5545,-0.4947,1.3614,38.9303,0.009420,-0.001953,23.2645,0.010576,-0.001570,23.8351,0.008813,-0.002630,37.5483,0.009548,-0.002933,38.9303,-0.00059,-0.00092,-0.34970,0.70823,-0.35576,-0.00288,0.00060,0.00004,-0.34954,0.70787,-0.35555,0.00400,0.00028,-0.00031,0.00030,-0.00031,0.00265,-0.23138,-0.01844,-0.50306,0.16685,0.02590,-0.00015,-0.29603,0.14365,-0.88912,0.27951,0.04832,0.00681,0.00109,0.00803,0.00118,6.000,6.000,12.000,12.000,6.000,6.000,6.000,6.000,12.000,12.000,6.000,6.000,6.000,6.000,6.000,6.000,0.006587,0.001048,0.004200,0.004823,0.004200,0.000373,0.011361,-0.010952,0.000000,0.004466,0.000000,0.000000,0.389855,0.610145,0.000000,0.000000,0.000000,-0.003687,0.004371
0.0200,0.00034,0.00017,0.48048,1.00000,0.00001,-0.00076,0.00000,0.00615,0.00008,0.31465,0.31446,0.00173,0.00495,2,0.03463,0.00173,0.034645,0.00823,-1.1332,-0.0002,-0.1521,0.3214,-0.5476,-0.0559,-1.4171,0,0.04900,0.01900,0.0671,0.0582,0.012970,0.048569,-0.5085,1.0764,24.0329,-0.4448,0.8852,24.6148,-0.5000,1.0547,37.3771,-0.4512,1.2754,38.7306,0.008122,-0.001538,24.0362,0.008769,-0.001140,24.6148,0.008013,-0.002487,37.3720,0.008467,-0.002777,38.7306,-0.00058,-0.00120,-0.35021,0.70877,-0.35611,-0.00205,0.00059,-0.00012,-0.35000,0.70831,-0.35583,0.00367,0.00025,-0.00028,0.00028,-0.00028,0.00270,-0.21141,-0.02545,-0.54882,0.14736,0.02044,-0.00034,-0.28386,0.12546,-0.90891,0.25266,0.04705,0.00506,0.00106,0.00640,0.00116,6.000,6.000,12.000,12.000,6.000,6.000,6.000,6.000,12.000,12.000,6.000,6.000,6.000,6.000,6.000,6.000,0.006474,0.001374,0.004200,0.004948,0.004200,0.000497,0.011023,-0.010225,0.000000,0.004236,0.000000,0.000000,0.397172,0.602828,0.000000,0.000000,0.000000,-0.002879,0.003996
0.0250,0.00035,0.00023,0.48050,1.00000,0.00002,-0.00066,0.00000,0.00615,0.00012,0.31468,0.31446,0.00152,0.00507,2,0.03466,0.00152,0.034682,0.00699,-1.0988,-0.0003,-0.1419,0.3011,-0.4835,-0.0623,-1.2974,0,0.04900,0.01900,0.0605,0.0548,0.011738,0.048855,-0.4745,1.0094,24.6977,-0.4055,0.8232,25.2957,-0.4666,0.9867,37.1368,-0.4118,1.1950,38.4775,0.007202,-0.001252,24.7003,0.007536,-0.000854,25.2957,0.007404,-0.002328,37.1325,0.007675,-0.002608,38.4775,-0.00058,-0.00151,-0.35068,0.70922,-0.35639,-0.00122,0.00059,-0.00032,-0.35042,0.70865,-0.35605,0.00341,0.00021,-0.00024,0.00025,-0.00024,0.00265,-0.19428,-0.02820,-0.58548,0.13497,0.01620,-0.00044,-0.27003,0.11219,-0.92075,0.23308,0.04563,0.00396,0.00103,0.00535,0.00112,6.000,6.000,12.000,12.000,6.000,6.000,6.000,6.000,12.000,12.000,6.000,6.000,6.000,6.000,6.000,6.000,0.006368,0.001688,0.004200,0.005072,0.004200,0.000621,0.010704,-0.009531,0.000000,0.004019,0.000000,0.000000,0.404144,0.595856,0.000000,0.000000,0.000000,-0.002046,0.003669
0.0300,0.00037,0.00031,0.48052,1.00000,0.00002,-0.00058,0.00000,0.00616,0.00017,0.31470,0.31446,0.00133,0.00520,2,0.03469,0.00133,0.034714,0.00585,-1.0587,-0.0003,-0.1324,0.2819,-0.4382,-0.0671,-1.1981,0,0.04900,0.01900,0.0546,0.0516,0.010869,0.049057,-0.4427,0.9461,25.2795,-0.3711,0.7636,25.9012,-0.4354,0.9232,36.8558,-0.3770,1.1215,38.1923,0.006519,-0.001045,25.2816,0.006666,-0.000650,25.9012,0.006919,-0.002165,36.8523,0.007075,-0.002438,38.1923,-0.00057,-0.00184,-0.35108,0.70956,-0.35660,-0.00043,0.00059,-0.00055,-0.35079,0.70891,-0.35619,0.00324,0.00017,-0.00021,0.00023,-0.00021,0.00254,-0.17910,-0.02842,-0.61567,0.12698,0.01281,-0.00047,-0.25541,0.10206,-0.92722,0.21810,0.04412,0.00328,0.00098,0.00464,0.00107,6.000,6.000,12.000,12.000,6.000,6.000,6.000,6.000,12.000,12.000,6.000,6.000,6.000,6.000,6.000,6.000,0.006268,0.001991,0.004200,0.005196,0.004200,0.000746,0.010404,-0.008870,0.000000,0.003815,0.000000,0.000000,0.410791,0.589209,0.000000,0.000000,0.000000,-0.001223,0.003415
0.0350,0.00038,0.00039,0.48054,1.00000,0.00002,-0.00050,-0.00000,0.00616,0.00022,0.31473,0.31446,0.00116,0.00532,2,0.03471,0.00116,0.034740,0.00484,-1.0176,-0.0003,-0.1236,0.2640,-0.4064,-0.0705,-1.1143,0,0.04900,0.01900,0.0494,0.0488,0.010231,0.049209,-0.4130,0.8865,25.7964,-0.3405,0.7067,26.4459,-0.4062,0.8637,36.5494,-0.3461,1.0542,37.8881,0.005988,-0.000887,25.7980,0.006027,-0.000496,26.4459,0.006514,-0.002005,36.5466,0.006602,-0.002273,37.8881,-0.00056,-0.00219,-0.35142,0.70977,-0.35672,0.00032,0.00060,-0.00082,-0.35111,0.70906,-0.35626,0.00316,0.00013,-0.00019,0.00020,-0.00019,0.00241,-0.16523,-0.02717,-0.64111,0.12166,0.01003,-0.00048,-0.24060,0.09392,-0.93000,0.20604,0.04264,0.00284,0.00093,0.00414,0.00101,6.000,6.000,12.000,12.000,6.000,6.000,6.000,6.000,12.000,12.000,6.000,6.000,6.000,6.000,6.000,6.000,0.006173,0.002284,0.004200,0.005321,0.004200,0.000870,0.010121,-0.008240,0.000000,0.003622,0.000000,0.000000,0.417134,0.582866,0.000000,0.000000,0.000000,-0.000431,0.003243
0.0400,0.00039,0.00048,0.48055,1.00000,0.00003,-0.00042,-0.00000,0.00616,0.00028,0.31475,0.31446,0.00100,0.00544,2,0.03473,0.00100,0.034761,0.00396,-0.9780,-0.0004,-0.1152,0.2471,-0.3845,-0.0729,-1.0424,0,0.04900,0.01900,0.0448,0.0462,0.009744,0.049331,-0.3851,0.8303,26.2619,-0.3129,0.6526,26.9407,-0.3789,0.8080,36.2289,-0.3183,0.9922,37.5726,0.005559,-0.000761,26.2632,0.005538,-0.000373,26.9407,0.006164,-0.001853,36.2266,0.006211,-0.002119,37.5726,-0.00055,-0.00257,-0.35171,0.70988,-0.35676,0.00104,0.00061,-0.00112,-0.35138,0.70911,-0.35626,0.00315,0.00008,-0.00016,0.00016,-0.00016,0.00226,-0.15225,-0.02515,-0.66304,0.11792,0.00771,-0.00048,-0.22594,0.08704,-0.93028,0.19580,0.04124,0.00256,0.00088,0.00377,0.00094,6.000,6.000,12.000,12.000,6.000,6.000,6.000,6.000,12.000,12.000,6.000,6.000,6.000,6.000,6.000,6.000,0.006084,0.002568,0.004200,0.005445,0.004200,0.000994,0.009853,-0.007637,0.000000,0.003439,0.000000,0.000000,0.423191,0.576809,0.000000,0.000000,0.000000,0.000324,0.003156
0.0450,0.00039,0.00058,0.48057,1.00000,0.00003,-0.00036,-0.00001,0.00616,0.00035,0.31476,0.31446,0.00085,0.00557,2,0.03474,0.00085,0.034779,0.00321,-0.9415,-0.0004,-0.1075,0.2313,-0.3697,-0.0743,-0.9802,0,0.04900,0.01900,0.0406,0.0438,0.009355,0.049433,-0.3591,0.7775,26.6867,-0.2878,0.6013,27.3942,-0.3534,0.7557,35.9024,-0.2928,0.9348,37.2516,0.005198,-0.000655,26.6876,0.005147,-0.000270,27.3942,0.005850,-0.001711,35.9005,0.005877,-0.001976,37.2516,-0.00054,-0.00296,-0.35194,0.70987,-0.35673,0.00171,0.00061,-0.00145,-0.35160,0.70908,-0.35620,0.00322,0.00004,-0.00014,0.00013,-0.00014,0.00210,-0.13990,-0.02276,-0.68230,0.11506,0.00575,-0.00049,-0.21165,0.08094,-0.92886,0.18671,0.03994,0.00237,0.00082,0.00346,0.00087,6.000,6.000,12.000,12.000,6.000,6.000,6.000,6.000,12.000,12.000,6.000,6.000,6.000,6.000,6.000,6.000,0.006000,0.002842,0.004200,0.005569,0.004200,0.001119,0.009600,-0.007062,0.000000,0.003267,0.000000,0.000000,0.428980,0.571020,0.000000,0.000000,0.000000,0.001038,0.003151
0.0500,0.00039,0.00069,0.48059,1.00000,0.00004,-0.00029,-0.00001,0.00615,0.00042,0.31478,0.31446,0.00071,0.00569,2,0.03476,0.00071,0.034793,0.00258,-0.9087,-0.0004,-0.1002,0.2163,-0.3599,-0.0752,-0.9259,0,0.04900,0.01900,0.0367,0.0416,0.009031,0.049522,-0.3346,0.7278,27.0785,-0.2647,0.5527,27.8130,-0.3295,0.7066,35.5757,-0.2693,0.8814,36.9298,0.004884,-0.000562,27.0791,0.004823,-0.000180,27.8130,0.005562,-0.001580,35.5742,0.005579,-0.001846,36.9298,-0.00053,-0.00336,-0.35213,0.70978,-0.35663,0.00236,0.00062,-0.00182,-0.35180,0.70897,-0.35608,0.00336,-0.00001,-0.00012,0.00010,-0.00012,0.00194,-0.12805,-0.02026,-0.69951,0.11264,0.00407,-0.00050,-0.19781,0.07533,-0.92632,0.17832,0.03874,0.00223,0.00076,0.00319,0.00079,6.000,6.000,12.000,12.000,6.000,6.000,6.000,6.000,12.000,12.000,6.000,6.000,6.000,6.000,6.000,6.000,0.005920,0.003109,0.004200,0.005693,0.004200,0.001243,0.009361,-0.006511,0.000000,0.003105,0.000000,0.000000,0.434517,0.565483,0.000000,0.000000,0.000000,0.001714,0.003220
0.0550,0.00039,0.00080,0.48060,1.00000,0.00004,-0.00023,-0.00002,0.00614,0.00050,0.31480,0.31446,0.00058,0.00582,2,0.03477,0.00058,0.034804,0.00205,-0.8799,-0.0004,-0.0933,0.2023,-0.3535,-0.0755,-0.8784,0,0.04900,0.01900,0.0332,0.0395,0.008753,0.049603,-0.3118,0.6811,27.4434,-0.2433,0.5069,28.2027,-0.3071,0.6604,35.2530,-0.2475,0.8317,36.6107,0.004605,-0.000477,27.4438,0.004543,-0.000099,28.2027,0.005292,-0.001460,35.2517,0.005307,-0.001727,36.6107,-0.00052,-0.00379,-0.35229,0.70961,-0.35647,0.00297,0.00063,-0.00220,-0.35196,0.70880,-0.35591,0.00355,-0.00005,-0.00010,0.00007,-0.00010,0.00178,-0.11658,-0.01779,-0.71510,0.11042,0.00262,-0.00053,-0.18449,0.07005,-0.92305,0.17040,0.03764,0.00213,0.00071,0.00295,0.00072,6.000,6.000,12.000,12.000,6.000,6.000,6.000,6.000,12.000,12.000,6.000,6.000,6.000,6.000,6.000,6.000,0.005845,0.003367,0.004200,0.005818,0.004200,0.001367,0.009135,-0.005984,0.000000,0.002951,0.000000,0.000000,0.439816,0.560184,0.000000,0.000000,0.000000,0.002355,0.003356
0.0600,0.00038,0.00092,0.48062,1.00000,0.00004,-0.00018,-0.00002,0.00613,0.00058,0.31481,0.31446,0.00046,0.00594,2,0.03477,0.00046,0.034813,0.00161,-0.8548,-0.0004,-0.0870,0.1892,-0.3495,-0.0755,-0.8368,0,0.04900,0.01900,0.0300,0.0375,0.008507,0.049678,-0.2903,0.6373,27.7858,-0.2234,0.4636,28.5675,-0.2862,0.6170,34.9370,-0.2272,0.7852,36.2968,0.004352,-0.000398,27.7862,0.004295,-0.000023,28.5675,0.005035,-0.001350,34.9359,0.005052,-0.001619,36.2968,-0.00051,-0.00423,-0.35241,0.70937,-0.35626,0.00356,0.00064,-0.00261,-0.35209,0.70858,-0.35570,0.00380,-0.00010,-0.00008,0.00004,-0.00008,0.00163,-0.10546,-0.01543,-0.72939,0.10825,0.00135,-0.00057,-0.17168,0.06500,-0.91932,0.16281,0.03662,0.00204,0.00066,0.00272,0.00065,6.000,6.000,12.000,12.000,6.000,6.000,6.000,6.000,12.000,12.000,6.000,6.000,6.000,6.000,6.000,6.000,0.005773,0.003618,0.004200,0.005942,0.004200,0.001491,0.008920,-0.005480,0.000000,0.002806,0.000000,0.000000,0.444891,0.555109,0.000000,0.000000,0.000000,0.002967,0.003552
0.0650,0.00038,0.00104,0.48063,1.00000,0.00005,-0.00012,-0.00003,0.00612,0.00067,0.31483,0.31446,0.00035,0.00607,2,0.03478,0.00035,0.034820,0.00125,-0.8331,-0.0004,-0.0810,0.1768,-0.3471,-0.0753,-0.8002,0,0.04900,0.01900,0.0271,0.0357,0.008284,0.049748,-0.2702,0.5961,28.1094,-0.2048,0.4229,28.9110,-0.2665,0.5762,34.6295,-0.2082,0.7418,35.9899,0.004121,-0.000324,28.1096,0.004071,0.000047,28.9110,0.004789,-0.001249,34.6286,0.004811,-0.001521,35.9899,-0.00050,-0.00468,-0.35250,0.70907,-0.35601,0.00413,0.00065,-0.00304,-0.35220,0.70831,-0.35545,0.00409,-0.00014,-0.00007,0.00000,-0.00007,0.00148,-0.09464,-0.01321,-0.74259,0.10609,0.00023,-0.00061,-0.15938,0.06013,-0.91530,0.15546,0.03568,0.00196,0.00061,0.00250,0.00058,6.000,6.000,12.000,12.000,6.000,6.000,6.000,6.000,12.000,12.000,6.000,6.000,6.000,6.000,6.000,6.000,0.005705,0.003862,0.004200,0.006066,0.004200,0.001616,0.008717,-0.004996,0.000000,0.002669,0.000000,0.000000,0.449755,0.550245,0.000000,0.000000,0.000000,0.003556,0.003800
0.0700,0.00037,0.00117,0.48065,1.00000,0.00005,-0.00007,-0.00003,0.00611,0.00076,0.31484,0.31446,0.00025,0.00619,2,0.03479,0.00025,0.034825,0.00095,-0.8146,-0.0004,-0.0753,0.1652,-0.3457,-0.0748,-0.7682,0,0.04900,0.01900,0.0244,0.0339,0.008080,0.049814,-0.2514,0.5574,28.4165,-0.1874,0.3846,29.2357,-0.2481,0.5379,34.3315,-0.1904,0.7012,35.6913,0.003907,-0.000254,28.4167,0.003866,0.000114,29.2357,0.004553,-0.001156,34.3307,0.004580,-0.001431,35.6913,-0.00048,-0.00515,-0.35257,0.70873,-0.35572,0.00468,0.00067,-0.00349,-0.35230,0.70801,-0.35518,0.00443,-0.00019,-0.00005,-0.00003,-0.00006,0.00134,-0.08410,-0.01112,-0.75487,0.10390,-0.00077,-0.00066,-0.14758,0.05541,-0.91111,0.14833,0.03481,0.00188,0.00056,0.00229,0.00052,6.000,6.000,12.000,12.000,6.000,6.000,6.000,6.000,12.000,12.000,6.000,6.000,6.000,6.000,6.000,6.000,0.005641,0.004100,0.004200,0.006191,0.004200,0.001740,0.008525,-0.004532,0.000000,0.002540,0.000000,0.000000,0.454420,0.545580,0.000000,0.000000,0.000000,0.004126,0.004093
0.0750,0.00036,0.00130,0.48067,1.00000,0.00005,-0.00003,-0.00004,0.00610,0.00086,0.31486,0.31446,0.00015,0.00631,2,0.03479,0.00015,0.034829,0.00071,-0.7988,-0.0005,-0.0701,0.1543,-0.3450,-0.0743,-0.7401,0,0.04900,0.01900,0.0219,0.0323,0.007891,0.049877,-0.2338,0.5211,28.7093,-0.1712,0.3487,29.5439,-0.2309,0.5019,34.0435,-0.1737,0.6631,35.4017,0.003709,-0.000186,28.7094,0.003676,0.000178,29.5439,0.004324,-0.001072,34.0429,0.004357,-0.001349,35.4017,-0.00047,-0.00563,-0.35262,0.70835,-0.35540,0.00523,0.00068,-0.00396,-0.35238,0.70768,-0.35488,0.00479,-0.00023,-0.00004,-0.00006,-0.00005,0.00121,-0.07383,-0.00917,-0.76636,0.10167,-0.00168,-0.00072,-0.13625,0.05084,-0.90685,0.14141,0.03401,0.00181,0.00051,0.00209,0.00046,6.000,6.000,12.000,12.000,6.000,6.000,6.000,6.000,12.000,12.000,6.000,6.000,6.000,6.000,6.000,6.000,0.005580,0.004331,0.004200,0.006315,0.004200,0.001864,0.008342,-0.004087,0.000000,0.002417,0.000000,0.000000,0.458896,0.541104,0.000000,0.000000,0.000000,0.004681,0.004426
0.0800,0.00035,0.00144,0.48068,1.00000,0.00006,0.00002,-0.00005,0.00608,0.00096,0.31487,0.31446,0.00011,0.00644,2,0.03480,0.00011,0.034832,0.00052,-0.7853,-0.0005,-0.0652,0.1441,-0.3447,-0.0737,-0.7155,0,0.04900,0.01900,0.0196,0.0307,0.007715,0.049937,-0.2172,0.4870,28.9893,-0.1559,0.3149,29.8374,-0.2147,0.4681,33.7658,-0.1581,0.6274,35.1214,0.003525,-0.000122,28.9894,0.003500,0.000238,29.8374,0.004104,-0.000993,33.7653,0.004142,-0.001274,35.1214,-0.00046,-0.00612,-0.35266,0.70794,-0.35506,0.00577,0.00069,-0.00444,-0.35245,0.70733,-0.35457,0.00519,-0.00027,-0.00004,-0.00009,-0.00004,0.00109,-0.06381,-0.00733,-0.77715,0.09944,-0.00250,-0.00077,-0.12536,0.04640,-0.90256,0.13469,0.03327,0.00174,0.00046,0.00190,0.00040,6.000,6.000,12.000,12.000,6.000,6.000,6.000,6.000,12.000,12.000,6.000,6.000,6.000,6.000,6.000,6.000,0.005523,0.004556,0.004200,0.006439,0.004200,0.001989,0.008169,-0.003660,0.000000,0.002301,0.000000,0.000000,0.463195,0.536805,0.000000,0.000000,0.000000,0.005227,0.004794
0.0850,0.00033,0.00158,0.48070,1.00000,0.00006,0.00006,-0.00005,0.00606,0.00106,0.31488,0.31446,0.00011,0.00656,2,0.03480,0.00011,0.034834,0.00036,-0.7737,-0.0005,-0.0605,0.1344,-0.3445,-0.0731,-0.6940,0,0.04900,0.01900,0.0175,0.0292,0.007551,0.049994,-0.2017,0.4550,29.2577,-0.1416,0.2832,30.1176,-0.1996,0.4363,33.4983,-0.1434,0.5939,34.8506,0.003354,-0.000060,29.2577,0.003335,0.000296,30.1176,0.003892,-0.000921,33.4978,0.003934,-0.001205,34.8506,-0.00045,-0.00663,-0.35268,0.70751,-0.35470,0.00630,0.00070,-0.00494,-0.35251,0.70696,-0.35424,0.00562,-0.00031,-0.00003,-0.00011,-0.00003,0.00097,-0.05403,-0.00559,-0.78731,0.09720,-0.00326,-0.00083,-0.11489,0.04211,-0.89829,0.12819,0.03259,0.00168,0.00042,0.00172,0.00035,6.000,6.000,12.000,12.000,6.000,6.000,6.000,6.000,12.000,12.000,6.000,6.000,6.000,6.000,6.000,6.000,0.005468,0.004776,0.004200,0.006563,0.004200,0.002113,0.008005,-0.003249,0.000000,0.002192,0.000000,0.000000,0.467327,0.532673,0.000000,0.000000,0.000000,0.005766,0.005192
0.0900,0.00032,0.00173,0.48072,1.00000,0.00006,0.00010,-0.00006,0.00605,0.00117,0.31490,0.31446,0.00012,0.00669,2,0.03480,0.00012,0.034835,0.00024,-0.7639,-0.0005,-0.0562,0.1254,-0.3445,-0.0724,-0.6752,0,0.04900,0.01900,0.0156,0.0278,0.007398,0.050048,-0.1872,0.4250,29.5154,-0.1282,0.2535,30.3857,-0.1855,0.4064,33.2406,-0.1296,0.5624,34.5892,0.003194,-0.000001,29.5155,0.003181,0.000351,30.3857,0.003686,-0.000855,33.2402,0.003733,-0.001141,34.5892,-0.00044,-0.00715,-0.35270,0.70706,-0.35432,0.00684,0.00071,-0.00545,-0.35256,0.70658,-0.35390,0.00606,-0.00034,-0.00002,-0.00014,-0.00003,0.00087,-0.04447,-0.00394,-0.79691,0.09498,-0.00396,-0.00088,-0.10481,0.03796,-0.89405,0.12189,0.03197,0.00161,0.00038,0.00155,0.00031,6.000,6.000,12.000,12.000,6.000,6.000,6.000,6.000,12.000,12.000,6.000,6.000,6.000,6.000,6.000,6.000,0.005416,0.004991,0.004200,0.006688,0.004200,0.002237,0.007849,-0.002854,0.000000,0.002088,0.000000,0.000000,0.471300,0.528700,0.000000,0.000000,0.000000,0.006302,0.005616
0.0950,0.00030,0.00188,0.48073,1.00000,0.00007,0.00013,-0.00006,0.00603,0.00127,0.31491,0.31446,0.00019,0.00681,2,0.03481,0.00019,0.034836,0.00014,-0.7555,-0.0005,-0.0522,0.1169,-0.3446,-0.0717,-0.6589,0,0.04900,0.01900,0.0138,0.0265,0.007255,0.050100,-0.1736,0.3969,29.7634,-0.1157,0.2257,30.6427,-0.1723,0.3784,32.9925,-0.1167,0.5330,34.3370,0.003045,0.000055,29.7634,0.003038,0.000403,30.6427,0.003488,-0.000793,32.9922,0.003539,-0.001083,34.3370,-0.00043,-0.00768,-0.35271,0.70659,-0.35393,0.00737,0.00072,-0.00597,-0.35261,0.70619,-0.35355,0.00653,-0.00038,-0.00002,-0.00017,-0.00002,0.00078,-0.03515,-0.00235,-0.80599,0.09280,-0.00461,-0.00093,-0.09510,0.03396,-0.88985,0.11582,0.03139,0.00155,0.00033,0.00139,0.00027,6.000,6.000,12.000,12.000,6.000,6.000,6.000,6.000,12.000,12.000,6.000,6.000,6.000,6.000,6.000,6.000,0.005367,0.005200,0.004200,0.006812,0.004200,0.002362,0.007701,-0.002473,0.000000,0.001990,0.000000,0.000000,0.475124,0.524876,0.000000,0.000000,0.000000,0.006837,0.006062
0.1000,0.00028,0.00203,0.48075,1.00000,0.00007,0.00017,-0.00007,0.00601,0.00139,0.31492,0.31446,0.00027,0.00694,2,0.03481,0.00027,0.034837,0.00006,-0.7482,-0.0005,-0.0484,0.1090,-0.3446,-0.0710,-0.6446,0,0.04900,0.01900,0.0121,0.0252,0.007121,0.050149,-0.1609,0.3705,30.0022,-0.1039,0.1996,30.8894,-0.1599,0.3520,32.7536,-0.1046,0.5053,34.0938,0.002907,0.000109,30.0023,0.002903,0.000453,30.8894,0.003297,-0.000737,32.7533,0.003351,-0.001028,34.0938,-0.00041,-0.00821,-0.35272,0.70612,-0.35354,0.00791,0.00073,-0.00651,-0.35265,0.70579,-0.35319,0.00701,-0.00041,-0.00001,-0.00019,-0.00002,0.00070,-0.02603,-0.00082,-0.81461,0.09067,-0.00523,-0.00097,-0.08574,0.03011,-0.88572,0.10998,0.03087,0.00149,0.00030,0.00124,0.00024,6.000,6.000,12.000,12.000,6.000,6.000,6.000,6.000,12.000,12.000,6.000,6.000,6.000,6.000,6.000,6.000,0.005320,0.005405,0.004200,0.006936,0.004200,0.002486,0.007561,-0.002107,0.000000,0.001897,0.000000,0.000000,0.478808,0.521192,0.000000,0.000000,0.000000,0.007372,0.006530
0.1050,0.00027,0.00219,0.48076,1.00000,0.00007,0.00020,-0.00007,0.00599,0.00150,0.31494,0.31446,0.00034,0.00706,2,0.03481,0.00034,0.034837,-0.00000,-0.7419,-0.0005,-0.0448,0.1015,-0.3445,-0.0702,-0.6322,0,0.04900,0.01900,0.0106,0.0240,0.006996,0.050196,-0.1490,0.3457,30.2326,-0.0930,0.1752,31.1266,-0.1483,0.3273,32.5234,-0.0932,0.4793,33.8592,0.002778,0.000161,30.2326,0.002778,0.000500,31.1266,0.003113,-0.000684,32.5232,0.003169,-0.000978,33.8592,-0.00041,-0.00876,-0.35272,0.70565,-0.35313,0.00845,0.00074,-0.00706,-0.35269,0.70539,-0.35283,0.00752,-0.00044,-0.00001,-0.00022,-0.00002,0.00062,-0.01712,0.00067,-0.82279,0.08859,-0.00581,-0.00101,-0.07670,0.02641,-0.88165,0.10435,0.03039,0.00144,0.00026,0.00111,0.00021,6.000,6.000,12.000,12.000,6.000,6.000,6.000,6.000,12.000,12.000,6.000,6.000,6.000,6.000,6.000,6.000,0.005276,0.005606,0.004200,0.007061,0.004200,0.002610,0.007428,-0.001754,0.000000,0.001809,0.000000,0.000000,0.482358,0.517642,0.000000,0.000000,0.000000,0.007910,0.007014
0.1100,0.00025,0.00235,0.48078,1.00000,0.00007,0.00024,-0.00008,0.00597,0.00162,0.31495,0.31446,0.00041,0.00718,2,0.03481,0.00041,0.034837,-0.00005,-0.7365,-0.0005,-0.0415,0.0945,-0.3445,-0.0695,-0.6214,0,0.04900,0.01900,0.0092,0.0229,0.006879,0.050241,-0.1379,0.3225,30.4549,-0.0827,0.1523,31.3549,-0.1375,0.3041,32.3015,-0.0826,0.4549,33.6329,0.002658,0.000210,30.4549,0.002660,0.000545,31.3549,0.002936,-0.000635,32.3013,0.002994,-0.000932,33.6329,-0.00040,-0.00932,-0.35272,0.70517,-0.35272,0.00900,0.00075,-0.00761,-0.35273,0.70499,-0.35247,0.00803,-0.00047,-0.00001,-0.00024,-0.00001,0.00055,-0.00840,0.00212,-0.83056,0.08659,-0.00636,-0.00104,-0.06797,0.02285,-0.87764,0.09895,0.02996,0.00138,0.00024,0.00099,0.00018,6.000,6.000,12.000,12.000,6.000,6.000,6.000,6.000,12.000,12.000,6.000,6.000,6.000,6.000,6.000,6.000,0.005234,0.005802,0.004200,0.007185,0.004200,0.002734,0.007301,-0.001414,0.000000,0.001727,0.000000,0.000000,0.485784,0.514216,0.000000,0.000000,0.000000,0.008451,0.007515
0.1150,0.00023,0.00251,0.48079,1.00000,0.00008,0.00027,-0.00008,0.00595,0.00173,0.31496,0.31446,0.00048,0.00731,2,0.03481,0.00048,0.034836,-0.00008,-0.7317,-0.0005,-0.0384,0.0879,-0.3444,-0.0687,-0.6120,0,0.04900,0.01900,0.0079,0.0219,0.006770,0.050283,-0.1275,0.3007,30.6697,-0.0731,0.1310,31.5749,-0.1274,0.2823,32.0874,-0.0727,0.4320,33.4144,0.002546,0.000256,30.6697,0.002551,0.000588,31.5749,0.002765,-0.000590,32.0872,0.002826,-0.000889,33.4144,-0.00039,-0.00988,-0.35272,0.70468,-0.35231,0.00955,0.00076,-0.00818,-0.35277,0.70458,-0.35210,0.00856,-0.00049,-0.00001,-0.00026,-0.00001,0.00049,0.00013,0.00356,-0.83797,0.08466,-0.00689,-0.00107,-0.05952,0.01944,-0.87370,0.09377,0.02958,0.00133,0.00021,0.00088,0.00015,6.000,6.000,12.000,12.000,6.000,6.000,6.000,6.000,12.000,12.000,6.000,6.000,6.000,6.000,6.000,6.000,0.005194,0.005995,0.004200,0.007309,0.004200,0.002859,0.007181,-0.001085,0.000000,0.001648,0.000000,0.000000,0.489091,0.510909,0.000000,0.000000,0.000000,0.008996,0.008030
0.1200,0.00021,0.00268,0.48081,1.00000,0.00008,0.00030,-0.00009,0.00593,0.00185,0.31497,0.31446,0.00054,0.00743,2,0.03482,0.00054,0.034836,-0.00011,-0.7274,-0.0005,-0.0356,0.0818,-0.3442,-0.0680,-0.6038,0,0.04900,0.01900,0.0067,0.0209,0.006668,0.050322,-0.1178,0.2803,30.8774,-0.0642,0.1110,31.7872,-0.1180,0.2618,31.8807,-0.0634,0.4105,33.2034,0.002442,0.000300,30.8774,0.002448,0.000628,31.7872,0.002601,-0.000549,31.8805,0.002663,-0.000849,33.2034,-0.00038,-0.01045,-0.35272,0.70420,-0.35190,0.01010,0.00077,-0.00875,-0.35280,0.70418,-0.35174,0.00910,-0.00051,-0.00000,-0.00028,-0.00001,0.00044,0.00849,0.00497,-0.84502,0.08282,-0.00741,-0.00109,-0.05134,0.01616,-0.86983,0.08880,0.02923,0.00129,0.00019,0.00078,0.00013,6.000,6.000,12.000,12.000,6.000,6.000,6.000,6.000,12.000,12.000,6.000,6.000,6.000,6.000,6.000,6.000,0.005156,0.006183,0.004200,0.007433,0.004200,0.002983,0.007068,-0.000767,0.000000,0.001574,0.000000,0.000000,0.492286,0.507714,0.000000,0.000000,0.000000,0.009546,0.008558
0.1250,0.00018,0.00284,0.48082,1.00000,0.00008,0.00033,-0.00009,0.00591,0.00198,0.31499,0.31446,0.00060,0.00756,2,0.03482,0.00060,0.034835,-0.00013,-0.7237,-0.0005,-0.0329,0.0760,-0.3440,-0.0672,-0.5967,0,0.04900,0.01900,0.0056,0.0199,0.006573,0.050360,-0.1088,0.2612,31.0784,-0.0558,0.0924,31.9922,-0.1092,0.2426,31.6810,-0.0547,0.3904,32.9995,0.002345,0.000342,31.0784,0.002353,0.000666,31.9922,0.002443,-0.000510,31.6808,0.002507,-0.000812,32.9995,-0.00037,-0.01103,-0.35271,0.70372,-0.35148,0.01066,0.00077,-0.00933,-0.35283,0.70378,-0.35137,0.00965,-0.00053,-0.00000,-0.00030,-0.00001,0.00040,0.01667,0.00638,-0.85176,0.08105,-0.00790,-0.00111,-0.04341,0.01302,-0.86601,0.08404,0.02893,0.00125,0.00017,0.00069,0.00011,6.000,6.000,12.000,12.000,6.000,6.000,6.000,6.000,12.000,12.000,6.000,6.000,6.000,6.000,6.000,6.000,0.005120,0.006369,0.004200,0.007558,0.004200,0.003107,0.006959,-0.000460,0.000000,0.001503,0.000000,0.000000,0.495376,0.504624,0.000000,0.000000,0.000000,0.010101,0.009097
0.1300,0.00016,0.00301,0.48083,1.00000,0.00008,0.00036,-0.00010,0.00588,0.00210,0.31500,0.31446,0.00066,0.00768,2,0.03482,0.00066,0.034834,-0.00015,-0.7203,-0.0005,-0.0304,0.0706,-0.3438,-0.0665,-0.5904,0,0.04900,0.01900,0.0046,0.0190,0.006484,0.050395,-0.1003,0.2432,31.2730,-0.0480,0.0750,32.1903,-0.1010,0.2246,31.4878,-0.0467,0.3714,32.8024,0.002255,0.000381,31.2731,0.002264,0.000702,32.1903,0.002291,-0.000475,31.4877,0.002356,-0.000778,32.8024,-0.00037,-0.01162,-0.35271,0.70324,-0.35107,0.01123,0.00078,-0.00992,-0.35286,0.70337,-0.35100,0.01021,-0.00055,-0.00000,-0.00032,-0.00001,0.00035,0.02470,0.00777,-0.85819,0.07937,-0.00838,-0.00113,-0.03573,0.01000,-0.86226,0.07948,0.02867,0.00121,0.00015,0.00061,0.00010,6.000,6.000,12.000,12.000,6.000,6.000,6.000,6.000,12.000,12.000,6.000,6.000,6.000,6.000,6.000,6.000,0.005085,0.006551,0.004200,0.007682,0.004200,0.003232,0.006857,-0.000162,0.000000,0.001437,0.000000,0.000000,0.498366,0.501634,0.000000,0.000000,0.000000,0.010662,0.009647
0.1350,0.00014,0.00318,0.48085,1.00000,0.00008,0.00038,-0.00010,0.00586,0.00222,0.31501,0.31446,0.00071,0.00781,2,0.03482,0.00071,0.034834,-0.00016,-0.7172,-0.0005,-0.0280,0.0655,-0.3435,-0.0657,-0.5850,0,0.04900,0.01900,0.0037,0.0182,0.006401,0.050429,-0.0924,0.2265,31.4617,-0.0408,0.0587,32.3820,-0.0933,0.2077,31.3009,-0.0392,0.3536,32.6116,0.002171,0.000419,31.4617,0.002182,0.000735,32.3820,0.002145,-0.000442,31.3007,0.002212,-0.000747,32.6116,-0.00036,-0.01221,-0.35270,0.70276,-0.35065,0.01180,0.00078,-0.01051,-0.35289,0.70297,-0.35063,0.01077,-0.00057,-0.00000,-0.00034,-0.00001,0.00032,0.03257,0.00916,-0.86434,0.07778,-0.00885,-0.00114,-0.02826,0.00711,-0.85857,0.07512,0.02844,0.00117,0.00014,0.00054,0.00008,6.000,6.000,12.000,12.000,6.000,6.000,6.000,6.000,12.000,12.000,6.000,6.000,6.000,6.000,6.000,6.000,0.005053,0.006730,0.004200,0.007806,0.004200,0.003356,0.006759,0.000126,0.000000,0.001374,0.000000,0.000000,0.501263,0.498737,0.000000,0.000000,0.000000,0.011228,0.010205
0.1400,0.00012,0.00336,0.48086,1.00000,0.00009,0.00041,-0.00010,0.00584,0.00235,0.31502,0.31446,0.00077,0.00793,2,0.03482,0.00077,0.034833,-0.00016,-0.7144,-0.0005,-0.0258,0.0607,-0.3433,-0.0650,-0.5803,0,0.04900,0.01900,0.0028,0.0174,0.006325,0.050461,-0.0850,0.2107,31.6447,-0.0341,0.0436,32.5676,-0.0862,0.1919,31.1197,-0.0322,0.3369,32.4268,0.002094,0.000454,31.6448,0.002105,0.000767,32.5676,0.002005,-0.000412,31.1196,0.002073,-0.000719,32.4268,-0.00036,-0.01281,-0.35270,0.70229,-0.35024,0.01238,0.00078,-0.01111,-0.35292,0.70257,-0.35027,0.01135,-0.00058,-0.00000,-0.00035,-0.00000,0.00029,0.04031,0.01055,-0.87022,0.07627,-0.00931,-0.00114,-0.02102,0.00434,-0.85494,0.07094,0.02825,0.00114,0.00012,0.00047,0.00007,6.000,6.000,12.000,12.000,6.000,6.000,6.000,6.000,12.000,12.000,6.000,6.000,6.000,6.000,6.000,6.000,0.005022,0.006906,0.004200,0.007931,0.004200,0.003480,0.006667,0.000405,0.000000,0.001314,0.000000,0.000000,0.504071,0.495929,0.000000,0.000000,0.000000,0.011800,0.010773
0.1450,0.00009,0.00353,0.48087,1.00000,0.00009,0.00044,-0.00010,0.00582,0.00248,0.31503,0.31446,0.00082,0.00805,2,0.03482,0.00082,0.034832,-0.00017,-0.7118,-0.0005,-0.0238,0.0563,-0.3430,-0.0642,-0.5761,0,0.04900,0.01900,0.0021,0.0167,0.006253,0.050491,-0.0782,0.1960,31.8224,-0.0279,0.0295,32.7476,-0.0796,0.1770,30.9441,-0.0257,0.3213,32.2477,0.002021,0.000488,31.8224,0.002033,0.000798,32.7476,0.001870,-0.000385,30.9440,0.001939,-0.000693,32.2477,-0.00036,-0.01341,-0.35269,0.70182,-0.34983,0.01296,0.00079,-0.01172,-0.35295,0.70218,-0.34990,0.01193,-0.00059,-0.00000,-0.00037,-0.00000,0.00026,0.04790,0.01194,-0.87585,0.07484,-0.00976,-0.00114,-0.01397,0.00169,-0.85136,0.06695,0.02809,0.00112,0.00011,0.00042,0.00006,6.000,6.000,12.000,12.000,6.000,6.000,6.000,6.000,12.000,12.000,6.000,6.000,6.000,6.000,6.000,6.000,0.004993,0.007079,0.004200,0.008055,0.004200,0.003604,0.006579,0.000676,0.000000,0.001258,0.000000,0.000000,0.506796,0.493204,0.000000,0.000000,0.000000,0.012376,0.011348
0.1500,0.00007,0.00371,0.48089,1.00000,0.00009,0.00046,-0.00010,0.00579,0.00261,0.31504,0.31446,0.00087,0.00818,2,0.03482,0.00087,0.034831,-0.00017,-0.7094,-0.0005,-0.0219,0.0521,-0.3426,-0.0635,-0.5724,0,0.04900,0.01900,0.0014,0.0160,0.006187,0.050519,-0.0718,0.1823,31.9950,-0.0221,0.0164,32.9221,-0.0735,0.1631,30.7737,-0.0196,0.3066,32.0740,0.001954,0.000520,31.9950,0.001966,0.000826,32.9221,0.001740,-0.000360,30.7736,0.001810,-0.000669,32.0740,-0.00036,-0.01402,-0.35268,0.70135,-0.34942,0.01355,0.00079,-0.01233,-0.35298,0.70178,-0.34954,0.01252,-0.00060,-0.00000,-0.00038,-0.00000,0.00023,0.05537,0.01332,-0.88125,0.07350,-0.01020,-0.00114,-0.00712,-0.00086,-0.84783,0.06312,0.02797,0.00110,0.00010,0.00037,0.00004,6.000,6.000,12.000,12.000,6.000,6.000,6.000,6.000,12.000,12.000,6.000,6.000,6.000,6.000,6.000,6.000,0.004965,0.007249,0.004200,0.008179,0.004200,0.003729,0.006495,0.000939,0.000000,0.001204,0.000000,0.000000,0.509442,0.490558,0.000000,0.000000,0.000000,0.012958,0.011930
0.1550,0.00005,0.00388,0.48090,1.00000,0.00009,0.00048,-0.00010,0.00577,0.00274,0.31505,0.31446,0.00092,0.00830,2,0.03482,0.00092,0.034830,-0.00017,-0.7071,-0.0005,-0.0202,0.0482,-0.3423,-0.0627,-0.5692,0,0.04900,0.01900,0.0009,0.0153,0.006125,0.050546,-0.0659,0.1694,32.1628,-0.0168,0.0041,33.0916,-0.0678,0.1500,30.6081,-0.0140,0.2928,31.9053,0.001892,0.000550,32.1629,0.001905,0.000853,33.0916,0.001615,-0.000337,30.6080,0.001687,-0.000648,31.9053,-0.00036,-0.01463,-0.35268,0.70088,-0.34902,0.01414,0.00079,-0.01294,-0.35300,0.70139,-0.34918,0.01311,-0.00060,-0.00000,-0.00039,-0.00000,0.00021,0.06271,0.01471,-0.88644,0.07223,-0.01064,-0.00114,-0.00044,-0.00331,-0.84436,0.05946,0.02788,0.00108,0.00009,0.00033,0.00004,6.000,6.000,12.000,12.000,6.000,6.000,6.000,6.000,12.000,12.000,6.000,6.000,6.000,6.000,6.000,6.000,0.004938,0.007417,0.004200,0.008303,0.004200,0.003853,0.006415,0.001195,0.000000,0.001154,0.000000,0.000000,0.512013,0.487987,0.000000,0.000000,0.000000,0.013545,0.012519
0.1600,0.00002,0.00406,0.48091,1.00000,0.00009,0.00051,-0.00011,0.00575,0.00287,0.31506,0.31446,0.00097,0.00843,2,0.03483,0.00097,0.034829,-0.00017,-0.7049,-0.0004,-0.0185,0.0445,-0.3419,-0.0620,-0.5663,0,0.04900,0.01900,0.0007,0.0147,0.006068,0.050571,-0.0604,0.1573,32.3261,-0.0118,-0.0072,33.2562,-0.0625,0.1377,30.4471,-0.0089,0.2798,31.7415,0.001834,0.000579,32.3262,0.001847,0.000878,33.2562,0.001495,-0.000317,30.4471,0.001568,-0.000628,31.7415,-0.00036,-0.01524,-0.35267,0.70042,-0.34861,0.01473,0.00079,-0.01356,-0.35303,0.70100,-0.34882,0.01371,-0.00061,-0.00000,-0.00040,-0.00000,0.00019,0.06995,0.01610,-0.89141,0.07104,-0.01107,-0.00113,0.00606,-0.00567,-0.84093,0.05595,0.02782,0.00106,0.00008,0.00030,0.00003,6.000,6.000,12.000,12.000,6.000,6.000,6.000,6.000,12.000,12.000,6.000,6.000,6.000,6.000,6.000,6.000,0.004913,0.007583,0.004200,0.008428,0.004200,0.003977,0.006340,0.001443,0.000000,0.001106,0.000000,0.000000,0.514515,0.485485,0.000000,0.000000,0.000000,0.014137,0.013113
0.1650,-0.00000,0.00424,0.48092,1.00000,0.00009,0.00053,-0.00011,0.00572,0.00300,0.31507,0.31446,0.00101,0.00855,2,0.03483,0.00101,0.034828,-0.00017,-0.7029,-0.0004,-0.0170,0.0411,-0.3416,-0.0612,-0.5637,0,0.04900,0.01900,0.0010,0.0141,0.006014,0.050595,-0.0553,0.1461,32.4851,-0.0073,-0.0178,33.4164,-0.0575,0.1262,30.2905,-0.0041,0.2677,31.5821,0.001781,0.000606,32.4852,0.001794,0.000902,33.4164,0.001380,-0.000299,30.2904,0.001454,-0.000611,31.5821,-0.00036,-0.01586,-0.35267,0.69997,-0.34821,0.01533,0.00079,-0.01418,-0.35305,0.70061,-0.34847,0.01432,-0.00061,-0.00000,-0.00041,-0.00000,0.00018,0.07707,0.01749,-0.89620,0.06992,-0.01150,-0.00112,0.01240,-0.00793,-0.83754,0.05259,0.02778,0.00105,0.00007,0.00027,0.00002,6.000,6.000,12.000,12.000,6.000,6.000,6.000,6.000,12.000,12.000,6.000,6.000,6.000,6.000,6.000,6.000,0.004889,0.007747,0.004200,0.008552,0.004200,0.004102,0.006268,0.001685,0.000000,0.001060,0.000000,0.000000,0.516949,0.483051,0.000000,0.000000,0.000000,0.014733,0.013713
0.1700,-0.00003,0.00442,0.48094,1.00000,0.00010,0.00055,-0.00010,0.00570,0.00314,0.31508,0.31446,0.00106,0.00868,2,0.03483,0.00106,0.034828,-0.00017,-0.7009,-0.0004,-0.0156,0.0379,-0.3412,-0.0605,-0.5614,0,0.04900,0.01900,0.0014,0.0136,0.005965,0.050617,-0.0505,0.1356,32.6401,-0.0031,-0.0276,33.5723,-0.0530,0.1155,30.1379,0.0004,0.2563,31.4270,0.001731,0.000631,32.6402,0.001745,0.000925,33.5723,0.001270,-0.000282,30.1379,0.001345,-0.000596,31.4270,-0.00036,-0.01648,-0.35266,0.69952,-0.34781,0.01594,0.00079,-0.01481,-0.35307,0.70023,-0.34811,0.01493,-0.00060,-0.00000,-0.00041,-0.00000,0.00016,0.08409,0.01888,-0.90080,0.06887,-0.01192,-0.00111,0.01859,-0.01010,-0.83420,0.04937,0.02778,0.00104,0.00006,0.00024,0.00001,6.000,6.000,12.000,12.000,6.000,6.000,6.000,6.000,12.000,12.000,6.000,6.000,6.000,6.000,6.000,6.000,0.004866,0.007908,0.004200,0.008676,0.004200,0.004226,0.006200,0.001921,0.000000,0.001017,0.000000,0.000000,0.519322,0.480678,0.000000,0.000000,0.000000,0.015333,0.014318
0.1750,-0.00005,0.00460,0.48095,1.00000,0.00010,0.00057,-0.00010,0.00568,0.00327,0.31509,0.31446,0.00110,0.00880,2,0.03483,0.00110,0.034827,-0.00016,-0.6990,-0.0004,-0.0143,0.0349,-0.3408,-0.0598,-0.5593,0,0.04900,0.01900,0.0018,0.0131,0.005919,0.050639,-0.0461,0.1257,32.7913,0.0008,-0.0367,33.7242,-0.0488,0.1054,29.9892,0.0045,0.2456,31.2759,0.001685,0.000656,32.7913,0.001699,0.000946,33.7242,0.001163,-0.000268,29.9892,0.001239,-0.000582,31.2759,-0.00036,-0.01711,-0.35265,0.69907,-0.34742,0.01654,0.00078,-0.01543,-0.35309,0.69985,-0.34776,0.01554,-0.00060,-0.00000,-0.00042,-0.00000,0.00015,0.09102,0.02027,-0.90523,0.06788,-0.01234,-0.00109,0.02463,-0.01220,-0.83090,0.04629,0.02781,0.00104,0.00005,0.00023,0.00001,6.000,6.000,12.000,12.000,6.000,6.000,6.000,6.000,12.000,12.000,6.000,6.000,6.000,6.000,6.000,6.000,0.004845,0.008068,0.004200,0.008801,0.004200,0.004350,0.006135,0.002151,0.000000,0.000976,0.000000,0.000000,0.521635,0.478365,0.000000,0.000000,0.000000,0.015937,0.014928
0.1800,-0.00007,0.00479,0.48096,1.00000,0.00010,0.00059,-0.00010,0.00565,0.00340,0.31510,0.31446,0.00114,0.00892,2,0.03483,0.00114,0.034826,-0.00016,-0.6971,-0.0004,-0.0131,0.0321,-0.3405,-0.0590,-0.5574,0,0.04900,0.01900,0.0022,0.0126,0.005877,0.050659,-0.0420,0.1165,32.9388,0.0043,-0.0451,33.8723,-0.0449,0.0960,29.8441,0.0082,0.2355,31.1285,0.001643,0.000679,32.9389,0.001657,0.000966,33.8723,0.001061,-0.000256,29.8441,0.001138,-0.000571,31.1285,-0.00037,-0.01773,-0.35264,0.69862,-0.34702,0.01716,0.00078,-0.01606,-0.35311,0.69946,-0.34741,0.01616,-0.00059,-0.00000,-0.00042,-0.00000,0.00014,0.09786,0.02167,-0.90950,0.06697,-0.01275,-0.00108,0.03053,-0.01422,-0.82763,0.04333,0.02786,0.00104,0.00004,0.00021,0.00000,6.000,6.000,12.000,12.000,6.000,6.000,6.000,6.000,12.000,12.000,6.000,6.000,6.000,6.000,6.000,6.000,0.004824,0.008225,0.004200,0.008925,0.004200,0.004474,0.006073,0.002376,0.000000,0.000938,0.000000,0.000000,0.523893,0.476107,0.000000,0.000000,0.000000,0.016545,0.015541
0.1850,-0.00010,0.00497,0.48097,1.00000,0.00010,0.00061,-0.00010,0.00563,0.00354,0.31511,0.31446,0.00118,0.00905,2,0.03483,0.00118,0.034825,-0.00016,-0.6953,-0.0004,-0.0120,0.0294,-0.3401,-0.0583,-0.5557,0,0.04900,0.01900,0.0026,0.0122,0.005838,0.050678,-0.0382,0.1080,33.0830,0.0076,-0.0528,34.0169,-0.0413,0.0871,29.7025,0.0117,0.2261,30.9848,0.001603,0.000701,33.0830,0.001617,0.000985,34.0169,0.000962,-0.000245,29.7024,0.001041,-0.000561,30.9848,-0.00037,-0.01836,-0.35263,0.69818,-0.34663,0.01777,0.00077,-0.01670,-0.35312,0.69909,-0.34706,0.01678,-0.00059,-0.00000,-0.00042,-0.00000,0.00013,0.10461,0.02307,-0.91362,0.06611,-0.01317,-0.00106,0.03629,-0.01617,-0.82440,0.04049,0.02793,0.00104,0.00004,0.00021,-0.00000,6.000,6.000,12.000,12.000,6.000,6.000,6.000,6.000,12.000,12.000,6.000,6.000,6.000,6.000,6.000,6.000,0.004804,0.008381,0.004200,0.009049,0.004200,0.004599,0.006014,0.002595,0.000000,0.000901,0.000000,0.000000,0.526098,0.473902,0.000000,0.000000,0.000000,0.017155,0.016158
0.1900,-0.00012,0.00515,0.48098,1.00000,0.00010,0.00063,-0.00010,0.00561,0.00367,0.31512,0.31446,0.00122,0.00917,2,0.03483,0.00122,0.034824,-0.00015,-0.6936,-0.0004,-0.0110,0.0270,-0.3397,-0.0576,-0.5541,0,0.04900,0.01900,0.0030,0.0118,0.005802,0.050697,-0.0347,0.1000,33.2239,0.0105,-0.0600,34.1580,-0.0379,0.0788,29.5640,0.0149,0.2173,30.8444,0.001567,0.000722,33.2240,0.001581,0.001004,34.1580,0.000867,-0.000237,29.5640,0.000947,-0.000553,30.8444,-0.00038,-0.01899,-0.35262,0.69775,-0.34625,0.01839,0.00077,-0.01733,-0.35314,0.69871,-0.34672,0.01740,-0.00058,-0.00000,-0.00043,-0.00000,0.00012,0.11128,0.02446,-0.91760,0.06531,-0.01358,-0.00104,0.04193,-0.01805,-0.82121,0.03776,0.02804,0.00105,0.00003,0.00020,-0.00001,6.000,6.000,12.000,12.000,6.000,6.000,6.000,6.000,12.000,12.000,6.000,6.000,6.000,6.000,6.000,6.000,0.004786,0.008536,0.004200,0.009173,0.004200,0.004723,0.005958,0.002809,0.000000,0.000866,0.000000,0.000000,0.528253,0.471747,0.000000,0.000000,0.000000,0.017769,0.016779
0.1950,-0.00015,0.00534,0.48099,1.00000,0.00010,0.00065,-0.00010,0.00558,0.00381,0.31513,0.31446,0.00126,0.00930,2,0.03483,0.00126,0.034824,-0.00015,-0.6919,-0.0004,-0.0100,0.0247,-0.3393,-0.0569,-0.5526,0,0.04900,0.01900,0.0033,0.0114,0.005768,0.050714,-0.0315,0.0925,33.3618,0.0133,-0.0667,34.2960,-0.0349,0.0710,29.4286,0.0178,0.2090,30.7072,0.001534,0.000742,33.3619,0.001548,0.001021,34.2960,0.000776,-0.000229,29.4286,0.000857,-0.000546,30.7072,-0.00039,-0.01963,-0.35261,0.69731,-0.34587,0.01900,0.00076,-0.01797,-0.35315,0.69834,-0.34638,0.01803,-0.00056,-0.00000,-0.00043,-0.00000,0.00011,0.11788,0.02586,-0.92144,0.06457,-0.01399,-0.00102,0.04745,-0.01987,-0.81805,0.03515,0.02816,0.00105,0.00003,0.00020,-0.00001,6.000,6.000,12.000,12.000,6.000,6.000,6.000,6.000,12.000,12.000,6.000,6.000,6.000,6.000,6.000,6.000,0.004768,0.008688,0.004200,0.009298,0.004200,0.004847,0.005905,0.003019,0.000000,0.000833,0.000000,0.000000,0.530362,0.469638,0.000000,0.000000,0.000000,0.018386,0.017403
0.2000,-0.00017,0.00552,0.48100,1.00000,0.00010,0.00067,-0.00009,0.00556,0.00395,0.31514,0.31446,0.00130,0.00942,2,0.03483,0.00130,0.034823,-0.00015,-0.6902,-0.0004,-0.0091,0.0225,-0.3390,-0.0562,-0.5513,0,0.04900,0.01900,0.0036,0.0110,0.005738,0.050731,-0.0285,0.0856,33.4968,0.0157,-0.0728,34.4310,-0.0321,0.0638,29.2961,0.0205,0.2012,30.5730,0.001503,0.000761,33.4969,0.001517,0.001037,34.4310,0.000688,-0.000224,29.2960,0.000771,-0.000541,30.5730,-0.00039,-0.02026,-0.35260,0.69688,-0.34549,0.01963,0.00075,-0.01861,-0.35316,0.69796,-0.34604,0.01866,-0.00055,-0.00000,-0.00043,-0.00000,0.00010,0.12442,0.02726,-0.92516,0.06388,-0.01440,-0.00099,0.05286,-0.02163,-0.81492,0.03263,0.02831,0.00106,0.00002,0.00020,-0.00001,6.000,6.000,12.000,12.000,6.000,6.000,6.000,6.000,12.000,12.000,6.000,6.000,6.000,6.000,6.000,6.000,0.004751,0.008840,0.004200,0.009422,0.004200,0.004972,0.005854,0.003224,0.000000,0.000802,0.000000,0.000000,0.532426,0.467574,0.000000,0.000000,0.000000,0.019004,0.018029
0.2050,-0.00019,0.00571,0.48101,1.00000,0.00010,0.00068,-0.00009,0.00554,0.00408,0.31514,0.31446,0.00133,0.00955,2,0.03483,0.00133,0.034822,-0.00014,-0.6885,-0.0004,-0.0083,0.0205,-0.3386,-0.0555,-0.5500,0,0.04900,0.01900,0.0039,0.0107,0.005709,0.050747,-0.0258,0.0791,33.6291,0.0180,-0.0784,34.5631,-0.0295,0.0570,29.1662,0.0229,0.1939,30.4416,0.001475,0.000780,33.6292,0.001489,0.001053,34.5631,0.000603,-0.000220,29.1662,0.000687,-0.000537,30.4416,-0.00040,-0.02090,-0.35259,0.69646,-0.34511,0.02025,0.00075,-0.01925,-0.35317,0.69759,-0.34570,0.01929,-0.00053,-0.00000,-0.00042,-0.00000,0.00010,0.13088,0.02866,-0.92876,0.06324,-0.01482,-0.00097,0.05816,-0.02334,-0.81182,0.03022,0.02847,0.00108,0.00002,0.00021,-0.00002,6.000,6.000,12.000,12.000,6.000,6.000,6.000,6.000,12.000,12.000,6.000,6.000,6.000,6.000,6.000,6.000,0.004735,0.008989,0.004200,0.009546,0.004200,0.005096,0.005806,0.003425,0.000000,0.000773,0.000000,0.000000,0.534449,0.465551,0.000000,0.000000,0.000000,0.019626,0.018659
0.2100,-0.00022,0.00589,0.48102,1.00000,0.00010,0.00070,-0.00009,0.00552,0.00422,0.31515,0.31446,0.00137,0.00967,2,0.03483,0.00137,0.034821,-0.00014,-0.6869,-0.0004,-0.0076,0.0186,-0.3382,-0.0549,-0.5487,0,0.04900,0.01900,0.0041,0.0104,0.005683,0.050762,-0.0233,0.0730,33.7589,0.0200,-0.0836,34.6925,-0.0271,0.0506,29.0389,0.0251,0.1871,30.3129,0.001448,0.000797,33.7589,0.001463,0.001068,34.6925,0.000522,-0.000217,29.0389,0.000607,-0.000535,30.3129,-0.00041,-0.02153,-0.35257,0.69603,-0.34474,0.02087,0.00074,-0.01989,-0.35317,0.69723,-0.34537,0.01992,-0.00052,-0.00000,-0.00042,-0.00000,0.00009,0.13728,0.03006,-0.93225,0.06265,-0.01523,-0.00094,0.06335,-0.02499,-0.80875,0.02789,0.02866,0.00109,0.00001,0.00021,-0.00002,6.000,6.000,12.000,12.000,6.000,6.000,6.000,6.000,12.000,12.000,6.000,6.000,6.000,6.000,6.000,6.000,0.004720,0.009138,0.004200,0.009671,0.004200,0.005220,0.005760,0.003623,0.000000,0.000744,0.000000,0.000000,0.536432,0.463568,0.000000,0.000000,0.000000,0.020249,0.019290
0.2150,-0.00024,0.00608,0.48103,1.00000,0.00010,0.00072,-0.00008,0.00549,0.00436,0.31516,0.31446,0.00140,0.00979,2,0.03483,0.00140,0.034821,-0.00014,-0.6853,-0.0004,-0.0069,0.0169,-0.3379,-0.0542,-0.5476,0,0.04900,0.01900,0.0044,0.0101,0.005660,0.050776,-0.0210,0.0674,33.8862,0.0218,-0.0883,34.8195,-0.0249,0.0446,28.9141,0.0271,0.1806,30.1868,0.001425,0.000814,33.8862,0.001439,0.001082,34.8195,0.000443,-0.000216,28.9141,0.000529,-0.000534,30.1868,-0.00042,-0.02217,-0.35256,0.69561,-0.34437,0.02150,0.00073,-0.02053,-0.35317,0.69686,-0.34504,0.02056,-0.00050,-0.00000,-0.00042,-0.00000,0.00009,0.14363,0.03146,-0.93563,0.06210,-0.01564,-0.00091,0.06844,-0.02660,-0.80571,0.02566,0.02887,0.00111,0.00001,0.00022,-0.00002,6.000,6.000,12.000,12.000,6.000,6.000,6.000,6.000,12.000,12.000,6.000,6.000,6.000,6.000,6.000,6.000,0.004705,0.009285,0.004200,0.009795,0.004200,0.005345,0.005716,0.003816,0.000000,0.000718,0.000000,0.000000,0.538378,0.461622,0.000000,0.000000,0.000000,0.020873,0.019923
0.2200,-0.00026,0.00627,0.48104,1.00000,0.00010,0.00073,-0.00008,0.00547,0.00450,0.31517,0.31446,0.00143,0.00992,2,0.03484,0.00143,0.034820,-0.00014,-0.6837,-0.0004,-0.0063,0.0153,-0.3375,-0.0535,-0.5464,0,0.04900,0.01900,0.0046,0.0098,0.005638,0.050790,-0.0188,0.0622,34.0112,0.0235,-0.0926,34.9440,-0.0229,0.0390,28.7915,0.0290,0.1746,30.0629,0.001403,0.000830,34.0113,0.001418,0.001096,34.9440,0.000367,-0.000216,28.7915,0.000455,-0.000534,30.0629,-0.00043,-0.02281,-0.35254,0.69520,-0.34400,0.02213,0.00072,-0.02117,-0.35317,0.69650,-0.34472,0.02120,-0.00048,-0.00000,-0.00041,-0.00000,0.00009,0.14993,0.03285,-0.93891,0.06160,-0.01606,-0.00089,0.07344,-0.02816,-0.80269,0.02350,0.02910,0.00113,0.00000,0.00024,-0.00002,6.000,6.000,12.000,12.000,6.000,6.000,6.000,6.000,12.000,12.000,6.000,6.000,6.000,6.000,6.000,6.000,0.004691,0.009432,0.004200,0.009919,0.004200,0.005469,0.005675,0.004006,0.000000,0.000692,0.000000,0.000000,0.540289,0.459711,0.000000,0.000000,0.000000,0.021500,0.020559
0.2250,-0.00028,0.00645,0.48105,1.00000,0.00011,0.00075,-0.00007,0.00545,0.00463,0.31518,0.31446,0.00146,0.01004,2,0.03484,0.00146,0.034819,-0.00013,-0.6822,-0.0004,-0.0057,0.0137,-0.3371,-0.0529,-0.5453,0,0.04900,0.01900,0.0047,0.0096,0.005618,0.050804,-0.0169,0.0574,34.1341,0.0250,-0.0965,35.0663,-0.0211,0.0338,28.6710,0.0306,0.1689,29.9414,0.001383,0.000846,34.1341,0.001398,0.001110,35.0663,0.000293,-0.000218,28.6710,0.000383,-0.000536,29.9414,-0.00044,-0.02345,-0.35252,0.69478,-0.34364,0.02276,0.00071,-0.02181,-0.35317,0.69613,-0.34439,0.02183,-0.00045,-0.00000,-0.00040,-0.00000,0.00008,0.15617,0.03425,-0.94209,0.06114,-0.01647,-0.00086,0.07835,-0.02968,-0.79969,0.02143,0.02935,0.00114,-0.00000,0.00025,-0.00002,6.000,6.000,12.000,12.000,6.000,6.000,6.000,6.000,12.000,12.000,6.000,6.000,6.000,6.000,6.000,6.000,0.004678,0.009577,0.004200,0.010043,0.004200,0.005593,0.005635,0.004193,0.000000,0.000668,0.000000,0.000000,0.542167,0.457833,0.000000,0.000000,0.000000,0.022128,0.021196
0.2300,-0.00031,0.00664,0.48106,1.00000,0.00011,0.00076,-0.00007,0.00543,0.00477,0.31518,0.31446,0.00150,0.01017,2,0.03484,0.00150,0.034819,-0.00013,-0.6806,-0.0004,-0.0052,0.0123,-0.3368,-0.0522,-0.5443,0,0.04900,0.01900,0.0049,0.0093,0.005600,0.050817,-0.0151,0.0529,34.2550,0.0263,-0.1001,35.1864,-0.0195,0.0289,28.5526,0.0321,0.1636,29.8219,0.001365,0.000861,34.2550,0.001380,0.001122,35.1864,0.000222,-0.000221,28.5526,0.000313,-0.000539,29.8219,-0.00045,-0.02409,-0.35250,0.69437,-0.34328,0.02339,0.00070,-0.02246,-0.35317,0.69577,-0.34407,0.02247,-0.00043,-0.00000,-0.00040,-0.00000,0.00008,0.16237,0.03564,-0.94519,0.06072,-0.01689,-0.00082,0.08317,-0.03116,-0.79672,0.01943,0.02961,0.00117,-0.00000,0.00027,-0.00002,6.000,6.000,12.000,12.000,6.000,6.000,6.000,6.000,12.000,12.000,6.000,6.000,6.000,6.000,6.000,6.000,0.004665,0.009721,0.004200,0.010168,0.004200,0.005717,0.005597,0.004376,0.000000,0.000646,0.000000,0.000000,0.544014,0.455986,0.000000,0.000000,0.000000,0.022756,0.021834
0.2350,-0.00033,0.00683,0.48107,1.00000,0.00011,0.00078,-0.00006,0.00541,0.00491,0.31519,0.31446,0.00153,0.01029,2,0.03484,0.00153,0.034818,-0.00013,-0.6791,-0.0004,-0.0047,0.0110,-0.3364,-0.0516,-0.5433,0,0.04900,0.01900,0.0051,0.0091,0.005583,0.050829,-0.0135,0.0487,34.3739,0.0274,-0.1034,35.3046,-0.0180,0.0243,28.4361,0.0335,0.1586,29.7045,0.001348,0.000876,34.3739,0.001363,0.001135,35.3046,0.000154,-0.000225,28.4361,0.000246,-0.000543,29.7045,-0.00046,-0.02473,-0.35248,0.69396,-0.34292,0.02402,0.00068,-0.02310,-0.35316,0.69541,-0.34375,0.02311,-0.00041,-0.00000,-0.00039,-0.00000,0.00008,0.16852,0.03703,-0.94821,0.06034,-0.01731,-0.00079,0.08790,-0.03260,-0.79378,0.01750,0.02990,0.00119,-0.00001,0.00028,-0.00003,6.000,6.000,12.000,12.000,6.000,6.000,6.000,6.000,12.000,12.000,6.000,6.000,6.000,6.000,6.000,6.000,0.004653,0.009864,0.004200,0.010292,0.004200,0.005842,0.005561,0.004557,0.000000,0.000624,0.000000,0.000000,0.545830,0.454170,0.000000,0.000000,0.000000,0.023386,0.022474
0.2400,-0.00035,0.00701,0.48108,1.00000,0.00011,0.00079,-0.00006,0.00539,0.00505,0.31520,0.31446,0.00155,0.01042,2,0.03484,0.00155,0.034817,-0.00012,-0.6775,-0.0004,-0.0043,0.0098,-0.3360,-0.0510,-0.5423,0,0.04900,0.01900,0.0052,0.0089,0.005568,0.050841,-0.0120,0.0448,34.4910,0.0285,-0.1063,35.4208,-0.0166,0.0200,28.3214,0.0347,0.1539,29.5889,0.001333,0.000890,34.4910,0.001348,0.001147,35.4208,0.000087,-0.000230,28.3214,0.000181,-0.000548,29.5889,-0.00048,-0.02537,-0.35245,0.69356,-0.34257,0.02465,0.00067,-0.02374,-0.35315,0.69506,-0.34344,0.02376,-0.00038,-0.00000,-0.00038,-0.00000,0.00008,0.17463,0.03842,-0.95115,0.05999,-0.01774,-0.00076,0.09256,-0.03400,-0.79085,0.01563,0.03020,0.00121,-0.00001,0.00030,-0.00003,6.000,6.000,12.000,12.000,6.000,6.000,6.000,6.000,12.000,12.000,6.000,6.000,6.000,6.000,6.000,6.000,0.004642,0.010006,0.004200,0.010416,0.004200,0.005966,0.005526,0.004735,0.000000,0.000603,0.000000,0.000000,0.547620,0.452380,0.000000,0.000000,0.000000,0.024017,0.023114
0.2450,-0.00037,0.00720,0.48108,1.00000,0.00011,0.00081,-0.00005,0.00537,0.00519,0.31521,0.31446,0.00158,0.01054,2,0.03484,0.00158,0.034817,-0.00012,-0.6760,-0.0004,-0.0039,0.0086,-0.3357,-0.0504,-0.5413,0,0.04900,0.01900,0.0053,0.0087,0.005555,0.050853,-0.0107,0.0412,34.6063,0.0293,-0.1090,35.5353,-0.0154,0.0160,28.2084,0.0357,0.1495,29.4752,0.001320,0.000904,34.6064,0.001335,0.001158,35.5353,0.000023,-0.000237,28.2084,0.000119,-0.000554,29.4752,-0.00049,-0.02601,-0.35243,0.69315,-0.34222,0.02528,0.00066,-0.02439,-0.35314,0.69470,-0.34313,0.02440,-0.00035,-0.00000,-0.00037,-0.00000,0.00008,0.18071,0.03981,-0.95401,0.05968,-0.01817,-0.00073,0.09714,-0.03538,-0.78794,0.01384,0.03051,0.00124,-0.00001,0.00032,-0.00003,6.000,6.000,12.000,12.000,6.000,6.000,6.000,6.000,12.000,12.000,6.000,6.000,6.000,6.000,6.000,6.000,0.004631,0.010147,0.004200,0.010541,0.004200,0.006090,0.005493,0.004910,0.000000,0.000584,0.000000,0.000000,0.549382,0.450618,0.000000,0.000000,0.000000,0.024648,0.023756
0.2500,-0.00039,0.00739,0.48109,1.00000,0.00011,0.00082,-0.00005,0.00535,0.00533,0.31521,0.31446,0.00161,0.01066,2,0.03484,0.00161,0.034816,-0.00012,-0.6745,-0.0004,-0.0036,0.0076,-0.3353,-0.0498,-0.5403,0,0.04900,0.01900,0.0054,0.0085,0.005543,0.050865,-0.0095,0.0379,34.7201,0.0301,-0.1113,35.6481,-0.0143,0.0122,28.0970,0.0367,0.1454,29.3631,0.001307,0.000918,34.7201,0.001323,0.001169,35.6481,-0.000039,-0.000244,28.0970,0.000058,-0.000562,29.3631,-0.00050,-0.02665,-0.35240,0.69275,-0.34188,0.02591,0.00065,-0.02503,-0.35313,0.69434,-0.34282,0.02504,-0.00032,-0.00000,-0.00036,-0.00000,0.00008,0.18675,0.04119,-0.95680,0.05939,-0.01860,-0.00069,0.10164,-0.03672,-0.78505,0.01210,0.03084,0.00126,-0.00001,0.00035,-0.00003,6.000,6.000,12.000,12.000,6.000,6.000,6.000,6.000,12.000,12.000,6.000,6.000,6.000,6.000,6.000,6.000,0.004620,0.010288,0.004200,0.010665,0.004200,0.006215,0.005461,0.005083,0.000000,0.000565,0.000000,0.000000,0.551120,0.448880,0.000000,0.000000,0.000000,0.025280,0.024398
0.2550,-0.00041,0.00757,0.48110,1.00000,0.00011,0.00083,-0.00004,0.00533,0.00546,0.31522,0.31446,0.00164,0.01079,2,0.03484,0.00164,0.034815,-0.00012,-0.6730,-0.0004,-0.0033,0.0066,-0.3350,-0.0492,-0.5394,0,0.04900,0.01900,0.0055,0.0083,0.005532,0.050876,-0.0084,0.0348,34.8323,0.0308,-0.1135,35.7592,-0.0134,0.0087,27.9871,0.0375,0.1415,29.2525,0.001297,0.000931,34.8323,0.001312,0.001180,35.7592,-0.000099,-0.000252,27.9871,-0.000001,-0.000570,29.2525,-0.00052,-0.02729,-0.35237,0.69235,-0.34153,0.02654,0.00063,-0.02568,-0.35311,0.69399,-0.34251,0.02569,-0.00029,-0.00000,-0.00035,-0.00000,0.00008,0.19276,0.04257,-0.95953,0.05914,-0.01903,-0.00066,0.10608,-0.03804,-0.78219,0.01041,0.03119,0.00129,-0.00001,0.00037,-0.00002,6.000,6.000,12.000,12.000,6.000,6.000,6.000,6.000,12.000,12.000,6.000,6.000,6.000,6.000,6.000,6.000,0.004610,0.010427,0.004200,0.010789,0.004200,0.006339,0.005431,0.005253,0.000000,0.000547,0.000000,0.000000,0.552834,0.447166,0.000000,0.000000,0.000000,0.025912,0.025042
0.2600,-0.00043,0.00776,0.48111,1.00000,0.00011,0.00084,-0.00003,0.00531,0.00560,0.31523,0.31446,0.00166,0.01091,2,0.03484,0.00166,0.034815,-0.00012,-0.6716,-0.0004,-0.0030,0.0056,-0.3346,-0.0486,-0.5385,0,0.04900,0.01900,0.0056,0.0082,0.005522,0.050887,-0.0074,0.0320,34.9431,0.0313,-0.1153,35.8689,-0.0125,0.0054,27.8786,0.0382,0.1378,29.1435,0.001287,0.000944,34.9431,0.001303,0.001191,35.8689,-0.000158,-0.000262,27.8786,-0.000058,-0.000579,29.1435,-0.00053,-0.02793,-0.35234,0.69195,-0.34120,0.02718,0.00062,-0.02632,-0.35309,0.69364,-0.34221,0.02633,-0.00026,-0.00000,-0.00034,-0.00000,0.00008,0.19874,0.04395,-0.96219,0.05892,-0.01947,-0.00062,0.11045,-0.03933,-0.77933,0.00879,0.03155,0.00132,-0.00002,0.00039,-0.00002,6.000,6.000,12.000,12.000,6.000,6.000,6.000,6.000,12.000,12.000,6.000,6.000,6.000,6.000,6.000,6.000,0.004601,0.010566,0.004200,0.010913,0.004200,0.006463,0.005403,0.005422,0.000000,0.000530,0.000000,0.000000,0.554526,0.445474,0.000000,0.000000,0.000000,0.026544,0.025685
0.2650,-0.00045,0.00795,0.48112,1.00000,0.00011,0.00086,-0.00003,0.00529,0.00574,0.31523,0.31446,0.00169,0.01104,2,0.03484,0.00169,0.034814,-0.00011,-0.6701,-0.0004,-0.0028,0.0048,-0.3343,-0.0481,-0.5376,0,0.04900,0.01900,0.0056,0.0080,0.005514,0.050898,-0.0065,0.0294,35.0525,0.0318,-0.1170,35.9772,-0.0117,0.0023,27.7715,0.0388,0.1344,29.0359,0.001278,0.000957,35.0525,0.001294,0.001202,35.9772,-0.000215,-0.000273,27.7715,-0.000113,-0.000589,29.0359,-0.00055,-0.02857,-0.35230,0.69156,-0.34086,0.02781,0.00060,-0.02697,-0.35307,0.69329,-0.34191,0.02697,-0.00023,-0.00000,-0.00032,-0.00000,0.00008,0.20469,0.04532,-0.96480,0.05873,-0.01991,-0.00059,0.11475,-0.04059,-0.77650,0.00721,0.03193,0.00135,-0.00002,0.00042,-0.00002,6.000,6.000,12.000,12.000,6.000,6.000,6.000,6.000,12.000,12.000,6.000,6.000,6.000,6.000,6.000,6.000,0.004591,0.010705,0.004200,0.011038,0.004200,0.006587,0.005375,0.005588,0.000000,0.000514,0.000000,0.000000,0.556197,0.443803,0.000000,0.000000,0.000000,0.027177,0.026329
0.2700,-0.00047,0.00814,0.48112,1.00000,0.00011,0.00087,-0.00002,0.00527,0.00588,0.31524,0.31446,0.00171,0.01116,2,0.03484,0.00171,0.034814,-0.00011,-0.6686,-0.0004,-0.0025,0.0040,-0.3339,-0.0475,-0.5367,0,0.04900,0.01900,0.0057,0.0079,0.005506,0.050909,-0.0057,0.0270,35.1606,0.0321,-0.1184,36.0840,-0.0110,-0.0005,27.6657,0.0393,0.1312,28.9297,0.001271,0.000970,35.1606,0.001287,0.001212,36.0840,-0.000270,-0.000284,27.6657,-0.000167,-0.000600,28.9297,-0.00056,-0.02921,-0.35227,0.69116,-0.34053,0.02844,0.00059,-0.02761,-0.35304,0.69294,-0.34161,0.02762,-0.00019,-0.00000,-0.00031,-0.00000,0.00008,0.21062,0.04669,-0.96735,0.05856,-0.02036,-0.00055,0.11899,-0.04184,-0.77368,0.00569,0.03232,0.00138,-0.00002,0.00044,-0.00002,6.000,6.000,12.000,12.000,6.000,6.000,6.000,6.000,12.000,12.000,6.000,6.000,6.000,6.000,6.000,6.000,0.004583,0.010842,0.004200,0.011162,0.004200,0.006712,0.005349,0.005752,0.000000,0.000499,0.000000,0.000000,0.557849,0.442151,0.000000,0.000000,0.000000,0.027809,0.026974
0.2750,-0.00049,0.00832,0.48113,1.00000,0.00011,0.00088,-0.00001,0.00525,0.00602,0.31525,0.31446,0.00174,0.01129,2,0.03484,0.00174,0.034813,-0.00011,-0.6672,-0.0004,-0.0023,0.0032,-0.3336,-0.0470,-0.5358,0,0.04900,0.01900,0.0057,0.0078,0.005500,0.050919,-0.0050,0.0247,35.2675,0.0324,-0.1196,36.1897,-0.0105,-0.0033,27.5611,0.0398,0.1281,28.8247,0.001265,0.000982,35.2675,0.001281,0.001222,36.1897,-0.000323,-0.000296,27.5611,-0.000219,-0.000612,28.8247,-0.00058,-0.02985,-0.35223,0.69077,-0.34020,0.02907,0.00057,-0.02825,-0.35301,0.69259,-0.34132,0.02826,-0.00016,-0.00000,-0.00029,-0.00000,0.00008,0.21652,0.04806,-0.96985,0.05842,-0.02081,-0.00051,0.12317,-0.04306,-0.77088,0.00421,0.03272,0.00140,-0.00002,0.00047,-0.00002,6.000,6.000,12.000,12.000,6.000,6.000,6.000,6.000,12.000,12.000,6.000,6.000,6.000,6.000,6.000,6.000,0.004574,0.010979,0.004200,0.011286,0.004200,0.006836,0.005324,0.005914,0.000000,0.000485,0.000000,0.000000,0.559481,0.440519,0.000000,0.000000,0.000000,0.028442,0.027618
0.2800,-0.00051,0.00851,0.48114,1.00000,0.00011,0.00089,-0.00001,0.00523,0.00616,0.31525,0.31446,0.00176,0.01141,2,0.03484,0.00176,0.034813,-0.00011,-0.6657,-0.0004,-0.0022,0.0026,-0.3333,-0.0464,-0.5349,0,0.04900,0.01900,0.0057,0.0076,0.005494,0.050929,-0.0044,0.0227,35.3732,0.0326,-0.1207,36.2941,-0.0099,-0.0058,27.4576,0.0401,0.1252,28.7208,0.001259,0.000994,35.3732,0.001275,0.001232,36.2941,-0.000376,-0.000310,27.4576,-0.000269,-0.000625,28.7208,-0.00060,-0.03049,-0.35219,0.69038,-0.33987,0.02971,0.00056,-0.02889,-0.35298,0.69224,-0.34103,0.02891,-0.00012,-0.00000,-0.00028,-0.00000,0.00008,0.22240,0.04942,-0.97230,0.05831,-0.02127,-0.00047,0.12729,-0.04426,-0.76809,0.00277,0.03314,0.00143,-0.00002,0.00049,-0.00002,6.000,6.000,12.000,12.000,6.000,6.000,6.000,6.000,12.000,12.000,6.000,6.000,6.000,6.000,6.000,6.000,0.004566,0.011116,0.004200,0.011411,0.004200,0.006960,0.005300,0.006075,0.000000,0.000471,0.000000,0.000000,0.561096,0.438904,0.000000,0.000000,0.000000,0.029074,0.028263
0.2850,-0.00053,0.00870,0.48115,1.00000,0.00011,0.00090,0.00000,0.00521,0.00630,0.31526,0.31446,0.00178,0.01153,2,0.03484,0.00178,0.034812,-0.00011,-0.6643,-0.0004,-0.0020,0.0019,-0.3329,-0.0459,-0.5340,0,0.04900,0.01900,0.0058,0.0075,0.005489,0.050940,-0.0039,0.0208,35.4778,0.0328,-0.1215,36.3974,-0.0095,-0.0082,27.3552,0.0404,0.1225,28.6182,0.001254,0.001006,35.4778,0.001271,0.001242,36.3974,-0.000426,-0.000324,27.3552,-0.000318,-0.000639,28.6182,-0.00061,-0.03113,-0.35215,0.68999,-0.33955,0.03034,0.00054,-0.02954,-0.35295,0.69189,-0.34074,0.02955,-0.00009,-0.00000,-0.00026,-0.00000,0.00008,0.22826,0.05077,-0.97470,0.05821,-0.02173,-0.00043,0.13136,-0.04544,-0.76532,0.00138,0.03357,0.00146,-0.00002,0.00052,-0.00002,6.000,6.000,12.000,12.000,6.000,6.000,6.000,6.000,12.000,12.000,6.000,6.000,6.000,6.000,6.000,6.000,0.004559,0.011251,0.004200,0.011535,0.004200,0.007085,0.005277,0.006234,0.000000,0.000457,0.000000,0.000000,0.562694,0.437306,0.000000,0.000000,0.000000,0.029706,0.028908
0.2900,-0.00055,0.00888,0.48115,1.00000,0.00011,0.00091,0.00001,0.00519,0.00643,0.31526,0.31446,0.00180,0.01166,2,0.03484,0.00180,0.034811,-0.00010,-0.6629,-0.0004,-0.0019,0.0013,-0.3326,-0.0454,-0.5331,0,0.04900,0.01900,0.0058,0.0074,0.005485,0.050950,-0.0034,0.0191,35.5814,0.0328,-0.1223,36.4996,-0.0092,-0.0104,27.2538,0.0406,0.1200,28.5165,0.001250,0.001018,35.5814,0.001267,0.001252,36.4996,-0.000476,-0.000339,27.2539,-0.000366,-0.000653,28.5165,-0.00063,-0.03177,-0.35210,0.68961,-0.33923,0.03097,0.00052,-0.03018,-0.35292,0.69155,-0.34045,0.03020,-0.00005,-0.00000,-0.00025,-0.00000,0.00008,0.23411,0.05212,-0.97706,0.05814,-0.02220,-0.00039,0.13537,-0.04661,-0.76256,0.00002,0.03401,0.00150,-0.00002,0.00054,-0.00002,6.000,6.000,12.000,12.000,6.000,6.000,6.000,6.000,12.000,12.000,6.000,6.000,6.000,6.000,6.000,6.000,0.004551,0.011387,0.004200,0.011659,0.004200,0.007209,0.005255,0.006391,0.000000,0.000445,0.000000,0.000000,0.564277,0.435723,0.000000,0.000000,0.000000,0.030338,0.029553
0.2950,-0.00057,0.00907,0.48116,1.00000,0.00011,0.00092,0.00002,0.00518,0.00657,0.31527,0.31446,0.00183,0.01178,2,0.03484,0.00183,0.034811,-0.00010,-0.6615,-0.0004,-0.0018,0.0008,-0.3323,-0.0449,-0.5323,0,0.04900,0.01900,0.0058,0.0073,0.005482,0.050960,-0.0030,0.0176,35.6840,0.0328,-0.1228,36.6008,-0.0089,-0.0125,27.1534,0.0408,0.1176,28.4159,0.001247,0.001030,35.6841,0.001264,0.001262,36.6008,-0.000524,-0.000355,27.1534,-0.000413,-0.000668,28.4159,-0.00065,-0.03240,-0.35205,0.68922,-0.33891,0.03160,0.00051,-0.03082,-0.35288,0.69120,-0.34017,0.03084,-0.00001,-0.00000,-0.00023,-0.00000,0.00008,0.23994,0.05347,-0.97938,0.05809,-0.02267,-0.00035,0.13933,-0.04775,-0.75982,-0.00129,0.03447,0.00153,-0.00002,0.00057,-0.00002,6.000,6.000,12.000,12.000,6.000,6.000,6.000,6.000,12.000,12.000,6.000,6.000,6.000,6.000,6.000,6.000,0.004544,0.011521,0.004200,0.011783,0.004200,0.007333,0.005233,0.006547,0.000000,0.000433,0.000000,0.000000,0.565844,0.434156,0.000000,0.000000,0.000000,0.030969,0.030197
0.3000,-0.00058,0.00926,0.48117,1.00000,0.00011,0.00093,0.00003,0.00516,0.00671,0.31528,0.31446,0.00185,0.01191,2,0.03485,0.00185,0.034810,-0.00010,-0.6601,-0.0004,-0.0017,0.0003,-0.3319,-0.0444,-0.5314,0,0.04900,0.01900,0.0058,0.0072,0.005480,0.050970,-0.0027,0.0162,35.7858,0.0328,-0.1232,36.7010,-0.0086,-0.0144,27.0539,0.0409,0.1153,28.3162,0.001245,0.001042,35.7858,0.001262,0.001271,36.7010,-0.000572,-0.000371,27.0539,-0.000458,-0.000684,28.3162,-0.00067,-0.03304,-0.35201,0.68884,-0.33860,0.03223,0.00049,-0.03146,-0.35284,0.69086,-0.33989,0.03149,0.00003,-0.00000,-0.00022,-0.00000,0.00008,0.24575,0.05482,-0.98165,0.05806,-0.02315,-0.00031,0.14324,-0.04889,-0.75708,-0.00257,0.03494,0.00156,-0.00002,0.00060,-0.00001,6.000,6.000,12.000,12.000,6.000,6.000,6.000,6.000,12.000,12.000,6.000,6.000,6.000,6.000,6.000,6.000,0.004537,0.011656,0.004200,0.011908,0.004200,0.007457,0.005213,0.006702,0.000000,0.000421,0.000000,0.000000,0.567398,0.432602,0.000000,0.000000,0.000000,0.031600,0.030842
0.3050,-0.00060,0.00944,0.48117,1.00000,0.00011,0.00094,0.00003,0.00514,0.00685,0.31528,0.31446,0.00187,0.01203,2,0.03485,0.00187,0.034810,-0.00010,-0.6587,-0.0004,-0.0016,-0.0002,-0.3316,-0.0439,-0.5306,0,0.04900,0.01900,0.0058,0.0071,0.005478,0.050980,-0.0024,0.0149,35.8866,0.0327,-0.1235,36.8004,-0.0084,-0.0163,26.9553,0.0409,0.1131,28.2175,0.001243,0.001054,35.8866,0.001260,0.001281,36.8004,-0.000618,-0.000389,26.9553,-0.000503,-0.000701,28.2175,-0.00068,-0.03368,-0.35195,0.68845,-0.33828,0.03286,0.00047,-0.03210,-0.35279,0.69052,-0.33961,0.03213,0.00007,-0.00000,-0.00020,-0.00000,0.00008,0.25155,0.05615,-0.98390,0.05805,-0.02364,-0.00027,0.14710,-0.05001,-0.75436,-0.00382,0.03541,0.00159,-0.00002,0.00062,-0.00001,6.000,6.000,12.000,12.000,6.000,6.000,6.000,6.000,12.000,12.000,6.000,6.000,6.000,6.000,6.000,6.000,0.004531,0.011790,0.004200,0.012032,0.004200,0.007582,0.005194,0.006855,0.000000,0.000411,0.000000,0.000000,0.568938,0.431062,0.000000,0.000000,0.000000,0.032231,0.031486
0.3100,-0.00062,0.00963,0.48118,1.00000,0.00011,0.00095,0.00004,0.00512,0.00699,0.31529,0.31446,0.00188,0.01216,2,0.03485,0.00188,0.034809,-0.00010,-0.6573,-0.0004,-0.0016,-0.0006,-0.3313,-0.0434,-0.5297,0,0.04900,0.01900,0.0058,0.0070,0.005477,0.050990,-0.0022,0.0137,35.9866,0.0325,-0.1237,36.8988,-0.0083,-0.0180,26.8574,0.0409,0.1111,28.1195,0.001242,0.001065,35.9866,0.001259,0.001291,36.8988,-0.000663,-0.000407,26.8574,-0.000546,-0.000719,28.1195,-0.00070,-0.03431,-0.35190,0.68807,-0.33798,0.03349,0.00046,-0.03274,-0.35275,0.69017,-0.33934,0.03277,0.00011,-0.00000,-0.00018,-0.00000,0.00008,0.25734,0.05749,-0.98610,0.05805,-0.02413,-0.00023,0.15091,-0.05111,-0.75165,-0.00503,0.03591,0.00162,-0.00002,0.00065,-0.00001,6.000,6.000,12.000,12.000,6.000,6.000,6.000,6.000,12.000,12.000,6.000,6.000,6.000,6.000,6.000,6.000,0.004525,0.011923,0.004200,0.012156,0.004200,0.007706,0.005175,0.007007,0.000000,0.000400,0.000000,0.000000,0.570465,0.429535,0.000000,0.000000,0.000000,0.032861,0.032130
0.3150,-0.00064,0.00982,0.48118,1.00000,0.00011,0.00096,0.00005,0.00511,0.00712,0.31529,0.31446,0.00190,0.01228,2,0.03485,0.00190,0.034809,-0.00010,-0.6559,-0.0004,-0.0015,-0.0010,-0.3309,-0.0429,-0.5289,0,0.04900,0.01900,0.0058,0.0069,0.005477,0.051000,-0.0020,0.0127,36.0858,0.0323,-0.1237,36.9965,-0.0082,-0.0196,26.7604,0.0408,0.1092,28.0224,0.001242,0.001077,36.0858,0.001259,0.001300,36.9965,-0.000707,-0.000426,26.7604,-0.000588,-0.000737,28.0224,-0.00072,-0.03495,-0.35184,0.68769,-0.33767,0.03412,0.00044,-0.03338,-0.35270,0.68983,-0.33907,0.03342,0.00015,-0.00000,-0.00016,-0.00000,0.00008,0.26312,0.05882,-0.98827,0.05808,-0.02462,-0.00019,0.15468,-0.05221,-0.74895,-0.00621,0.03641,0.00165,-0.00001,0.00068,-0.00001,6.000,6.000,12.000,12.000,6.000,6.000,6.000,6.000,12.000,12.000,6.000,6.000,6.000,6.000,6.000,6.000,0.004519,0.012056,0.004200,0.012281,0.004200,0.007830,0.005157,0.007157,0.000000,0.000390,0.000000,0.000000,0.571981,0.428019,0.000000,0.000000,0.000000,0.033490,0.032774
0.3200,-0.00065,0.01000,0.48119,1.00000,0.00011,0.00097,0.00006,0.00509,0.00726,0.31530,0.31446,0.00192,0.01240,2,0.03485,0.00192,0.034808,-0.00010,-0.6545,-0.0004,-0.0015,-0.0014,-0.3306,-0.0424,-0.5281,0,0.04900,0.01900,0.0057,0.0069,0.005477,0.051010,-0.0019,0.0117,36.1843,0.0321,-0.1236,37.0934,-0.0082,-0.0211,26.6640,0.0407,0.1074,27.9260,0.001242,0.001089,36.1843,0.001259,0.001310,37.0934,-0.000750,-0.000446,26.6640,-0.000630,-0.000756,27.9260,-0.00074,-0.03558,-0.35179,0.68731,-0.33737,0.03475,0.00042,-0.03402,-0.35265,0.68949,-0.33880,0.03406,0.00019,-0.00000,-0.00014,-0.00000,0.00008,0.26889,0.06014,-0.99042,0.05812,-0.02513,-0.00015,0.15840,-0.05329,-0.74627,-0.00736,0.03692,0.00168,-0.00001,0.00070,-0.00001,6.000,6.000,12.000,12.000,6.000,6.000,6.000,6.000,12.000,12.000,6.000,6.000,6.000,6.000,6.000,6.000,0.004513,0.012189,0.004200,0.012405,0.004200,0.007955,0.005140,0.007307,0.000000,0.000381,0.000000,0.000000,0.573485,0.426515,0.000000,0.000000,0.000000,0.034119,0.033417
0.3250,-0.00067,0.01019,0.48120,1.00000,0.00011,0.00098,0.00007,0.00508,0.00740,0.31530,0.31446,0.00194,0.01253,2,0.03485,0.00194,0.034808,-0.00010,-0.6531,-0.0004,-0.0015,-0.0018,-0.3303,-0.0420,-0.5273,0,0.04900,0.01900,0.0057,0.0068,0.005477,0.051020,-0.0018,0.0109,36.2821,0.0318,-0.1235,37.1896,-0.0082,-0.0226,26.5683,0.0406,0.1056,27.8304,0.001242,0.001101,36.2821,0.001259,0.001320,37.1896,-0.000793,-0.000466,26.5683,-0.000671,-0.000775,27.8304,-0.00076,-0.03621,-0.35173,0.68693,-0.33707,0.03537,0.00040,-0.03465,-0.35259,0.68915,-0.33853,0.03470,0.00023,-0.00000,-0.00013,-0.00000,0.00008,0.27465,0.06146,-0.99253,0.05818,-0.02564,-0.00011,0.16208,-0.05437,-0.74359,-0.00848,0.03745,0.00171,-0.00001,0.00073,-0.00000,6.000,6.000,12.000,12.000,6.000,6.000,6.000,6.000,12.000,12.000,6.000,6.000,6.000,6.000,6.000,6.000,0.004508,0.012321,0.004200,0.012529,0.004200,0.008079,0.005124,0.007455,0.000000,0.000372,0.000000,0.000000,0.574979,0.425021,0.000000,0.000000,0.000000,0.034747,0.034060
0.3300,-0.00068,0.01037,0.48120,1.00000,0.00011,0.00099,0.00008,0.00506,0.00754,0.31531,0.31446,0.00196,0.01265,2,0.03485,0.00196,0.034807,-0.00010,-0.6517,-0.0004,-0.0015,-0.0021,-0.3300,-0.0415,-0.5265,0,0.04900,0.01900,0.0057,0.0067,0.005478,0.051030,-0.0018,0.0101,36.3792,0.0315,-0.1232,37.2851,-0.0082,-0.0239,26.4733,0.0404,0.1040,27.7354,0.001243,0.001112,36.3792,0.001260,0.001329,37.2851,-0.000834,-0.000487,26.4733,-0.000710,-0.000795,27.7354,-0.00078,-0.03685,-0.35166,0.68656,-0.33677,0.03600,0.00038,-0.03529,-0.35254,0.68881,-0.33827,0.03534,0.00027,-0.00000,-0.00011,-0.00000,0.00008,0.28041,0.06277,-0.99461,0.05825,-0.02615,-0.00007,0.16572,-0.05543,-0.74093,-0.00958,0.03798,0.00174,-0.00001,0.00076,-0.00000,6.000,6.000,12.000,12.000,6.000,6.000,6.000,6.000,12.000,12.000,6.000,6.000,6.000,6.000,6.000,6.000,0.004502,0.012453,0.004200,0.012653,0.004200,0.008203,0.005108,0.007603,0.000000,0.000363,0.000000,0.000000,0.576462,0.423538,0.000000,0.000000,0.000000,0.035374,0.034703
0.3350,-0.00070,0.01056,0.48121,1.00000,0.00011,0.00099,0.00008,0.00504,0.00767,0.31531,0.31446,0.00197,0.01278,2,0.03485,0.00197,0.034807,-0.00009,-0.6504,-0.0004,-0.0015,-0.0024,-0.3297,-0.0411,-0.5257,0,0.04900,0.01900,0.0057,0.0066,0.005480,0.051040,-0.0018,0.0095,36.4757,0.0312,-0.1229,37.3799,-0.0083,-0.0252,26.3789,0.0402,0.1024,27.6410,0.001245,0.001124,36.4757,0.001262,0.001339,37.3799,-0.000875,-0.000509,26.3789,-0.000749,-0.000816,27.6410,-0.00080,-0.03748,-0.35160,0.68618,-0.33647,0.03663,0.00037,-0.03592,-0.35248,0.68847,-0.33800,0.03599,0.00031,-0.00000,-0.00009,-0.00000,0.00008,0.28616,0.06408,-0.99667,0.05834,-0.02668,-0.00003,0.16931,-0.05648,-0.73827,-0.01065,0.03853,0.00177,-0.00001,0.00078,-0.00000,6.000,6.000,12.000,12.000,6.000,6.000,6.000,6.000,12.000,12.000,6.000,6.000,6.000,6.000,6.000,6.000,0.004497,0.012585,0.004200,0.012778,0.004200,0.008328,0.005093,0.007749,0.000000,0.000355,0.000000,0.000000,0.577936,0.422064,0.000000,0.000000,0.000000,0.036001,0.035345
0.3400,-0.00071,0.01074,0.48121,1.00000,0.00011,0.00100,0.00009,0.00503,0.00781,0.31532,0.31446,0.00199,0.01290,2,0.03485,0.00199,0.034806,-0.00009,-0.6490,-0.0004,-0.0015,-0.0026,-0.3293,-0.0406,-0.5249,0,0.04900,0.01900,0.0056,0.0066,0.005482,0.051050,-0.0018,0.0089,36.5716,0.0308,-0.1224,37.4742,-0.0084,-0.0264,26.2851,0.0400,0.1009,27.5473,0.001247,0.001136,36.5716,0.001264,0.001349,37.4742,-0.000915,-0.000531,26.2851,-0.000788,-0.000837,27.5473,-0.00082,-0.03811,-0.35153,0.68581,-0.33618,0.03725,0.00035,-0.03656,-0.35242,0.68813,-0.33775,0.03663,0.00036,-0.00000,-0.00007,-0.00000,0.00008,0.29190,0.06539,-0.99870,0.05844,-0.02721,0.00002,0.17287,-0.05753,-0.73562,-0.01169,0.03908,0.00180,-0.00001,0.00081,0.00000,6.000,6.000,12.000,12.000,6.000,6.000,6.000,6.000,12.000,12.000,6.000,6.000,6.000,6.000,6.000,6.000,0.004493,0.012716,0.004200,0.012902,0.004200,0.008452,0.005078,0.007895,0.000000,0.000347,0.000000,0.000000,0.579401,0.420599,0.000000,0.000000,0.000000,0.036626,0.035986
0.3450,-0.00073,0.01093,0.48122,1.00000,0.00011,0.00101,0.00010,0.00501,0.00795,0.31532,0.31446,0.00200,0.01303,2,0.03485,0.00200,0.034806,-0.00009,-0.6476,-0.0004,-0.0016,-0.0029,-0.3290,-0.0402,-0.5241,0,0.04900,0.01900,0.0056,0.0065,0.005484,0.051060,-0.0018,0.0084,36.6670,0.0304,-0.1219,37.5678,-0.0085,-0.0275,26.1918,0.0398,0.0995,27.4541,0.001249,0.001148,36.6670,0.001266,0.001359,37.5678,-0.000955,-0.000554,26.1918,-0.000825,-0.000860,27.4541,-0.00084,-0.03874,-0.35146,0.68543,-0.33589,0.03788,0.00033,-0.03719,-0.35235,0.68779,-0.33749,0.03727,0.00040,-0.00000,-0.00005,-0.00000,0.00008,0.29765,0.06669,-1.00071,0.05855,-0.02774,0.00006,0.17639,-0.05856,-0.73298,-0.01272,0.03965,0.00183,-0.00001,0.00083,0.00000,6.000,6.000,12.000,12.000,6.000,6.000,6.000,6.000,12.000,12.000,6.000,6.000,6.000,6.000,6.000,6.000,0.004488,0.012848,0.004200,0.013026,0.004200,0.008576,0.005064,0.008040,0.000000,0.000339,0.000000,0.000000,0.580858,0.419142,0.000000,0.000000,0.000000,0.037251,0.036627
0.3500,-0.00074,0.01111,0.48122,1.00000,0.00011,0.00102,0.00011,0.00500,0.00808,0.31532,0.31446,0.00202,0.01315,2,0.03485,0.00202,0.034805,-0.00009,-0.6463,-0.0004,-0.0016,-0.0031,-0.3287,-0.0398,-0.5233,0,0.04900,0.01900,0.0055,0.0064,0.005487,0.051071,-0.0019,0.0080,36.7618,0.0300,-0.1214,37.6609,-0.0086,-0.0286,26.0990,0.0395,0.0981,27.3615,0.001252,0.001160,36.7618,0.001269,0.001369,37.6609,-0.000993,-0.000578,26.0990,-0.000862,-0.000882,27.3615,-0.00086,-0.03937,-0.35139,0.68506,-0.33560,0.03850,0.00031,-0.03783,-0.35229,0.68746,-0.33723,0.03791,0.00044,-0.00000,-0.00003,-0.00000,0.00007,0.30339,0.06798,-1.00270,0.05868,-0.02829,0.00010,0.17987,-0.05959,-0.73035,-0.01372,0.04023,0.00187,-0.00000,0.00086,0.00001,6.000,6.000,12.000,12.000,6.000,6.000,6.000,6.000,12.000,12.000,6.000,6.000,6.000,6.000,6.000,6.000,0.004483,0.012978,0.004200,0.013151,0.004200,0.008700,0.005051,0.008184,0.000000,0.000332,0.000000,0.000000,0.582306,0.417694,0.000000,0.000000,0.000000,0.037876,0.037268
0.3550,-0.00076,0.01130,0.48123,1.00000,0.00011,0.00102,0.00012,0.00499,0.00822,0.31533,0.31446,0.00203,0.01327,2,0.03485,0.00203,0.034805,-0.00009,-0.6449,-0.0004,-0.0016,-0.0033,-0.3284,-0.0393,-0.5225,0,0.04900,0.01900,0.0055,0.0064,0.005490,0.051081,-0.0020,0.0076,36.8561,0.0296,-0.1207,37.7535,-0.0088,-0.0296,26.0067,0.0392,0.0968,27.2693,0.001255,0.001172,36.8561,0.001272,0.001379,37.7535,-0.001032,-0.000603,26.0068,-0.000899,-0.000906,27.2693,-0.00088,-0.04000,-0.35132,0.68468,-0.33532,0.03912,0.00029,-0.03846,-0.35222,0.68712,-0.33698,0.03855,0.00049,-0.00000,-0.00001,-0.00000,0.00007,0.30912,0.06927,-1.00466,0.05882,-0.02884,0.00015,0.18332,-0.06062,-0.72773,-0.01469,0.04081,0.00190,-0.00000,0.00088,0.00001,6.000,6.000,12.000,12.000,6.000,6.000,6.000,6.000,12.000,12.000,6.000,6.000,6.000,6.000,6.000,6.000,0.004479,0.013109,0.004200,0.013275,0.004200,0.008825,0.005038,0.008327,0.000000,0.000325,0.000000,0.000000,0.583747,0.416253,0.000000,0.000000,0.000000,0.038499,0.037908
0.3600,-0.00077,0.01148,0.48123,1.00000,0.00011,0.00103,0.00013,0.00497,0.00836,0.31533,0.31446,0.00205,0.01340,2,0.03485,0.00205,0.034804,-0.00009,-0.6436,-0.0004,-0.0017,-0.0035,-0.3281,-0.0389,-0.5217,0,0.04900,0.01900,0.0054,0.0063,0.005493,0.051091,-0.0021,0.0073,36.9500,0.0291,-0.1200,37.8456,-0.0090,-0.0306,25.9149,0.0389,0.0956,27.1777,0.001258,0.001184,36.9500,0.001276,0.001389,37.8456,-0.001069,-0.000628,25.9149,-0.000934,-0.000930,27.1777,-0.00090,-0.04062,-0.35124,0.68431,-0.33504,0.03974,0.00027,-0.03909,-0.35215,0.68678,-0.33673,0.03919,0.00053,-0.00000,0.00001,-0.00000,0.00007,0.31486,0.07056,-1.00661,0.05897,-0.02940,0.00019,0.18673,-0.06163,-0.72512,-0.01565,0.04141,0.00192,-0.00000,0.00090,0.00001,6.000,6.000,12.000,12.000,6.000,6.000,6.000,6.000,12.000,12.000,6.000,6.000,6.000,6.000,6.000,6.000,0.004475,0.013239,0.004200,0.013399,0.004200,0.008949,0.005026,0.008470,0.000000,0.000318,0.000000,0.000000,0.585181,0.414819,0.000000,0.000000,0.000000,0.039122,0.038547
0.3650,-0.00078,0.01166,0.48124,1.00000,0.00011,0.00104,0.00014,0.00496,0.00849,0.31534,0.31446,0.00206,0.01352,2,0.03485,0.00206,0.034804,-0.00009,-0.6423,-0.0004,-0.0017,-0.0037,-0.3278,-0.0385,-0.5210,0,0.04900,0.01900,0.0054,0.0063,0.005496,0.051102,-0.0023,0.0071,37.0434,0.0286,-0.1192,37.9373,-0.0092,-0.0315,25.8235,0.0385,0.0944,27.0865,0.001262,0.001196,37.0434,0.001279,0.001399,37.9373,-0.001107,-0.000654,25.8236,-0.000970,-0.000954,27.0865,-0.00092,-0.04125,-0.35116,0.68394,-0.33476,0.04036,0.00025,-0.03972,-0.35208,0.68644,-0.33648,0.03982,0.00057,-0.00000,0.00003,-0.00000,0.00007,0.32060,0.07184,-1.00853,0.05913,-0.02996,0.00023,0.19010,-0.06264,-0.72252,-0.01659,0.04202,0.00195,0.00000,0.00093,0.00001,6.000,6.000,12.000,12.000,6.000,6.000,6.000,6.000,12.000,12.000,6.000,6.000,6.000,6.000,6.000,6.000,0.004471,0.013370,0.004200,0.013523,0.004200,0.009073,0.005014,0.008612,0.000000,0.000312,0.000000,0.000000,0.586608,0.413392,0.000000,0.000000,0.000000,0.039743,0.039186
0.3700,-0.00080,0.01185,0.48124,1.00000,0.00011,0.00104,0.00015,0.00494,0.00863,0.31534,0.31446,0.00208,0.01365,2,0.03485,0.00208,0.034804,-0.00009,-0.6409,-0.0004,-0.0018,-0.0039,-0.3275,-0.0381,-0.5202,0,0.04900,0.01900,0.0053,0.0062,0.005500,0.051113,-0.0024,0.0069,37.1364,0.0282,-0.1184,38.0285,-0.0094,-0.0324,25.7326,0.0382,0.0932,26.9958,0.001266,0.001209,37.1363,0.001283,0.001409,38.0285,-0.001143,-0.000680,25.7326,-0.001004,-0.000979,26.9958,-0.00094,-0.04187,-0.35108,0.68357,-0.33448,0.04098,0.00023,-0.04035,-0.35200,0.68611,-0.33624,0.04046,0.00062,-0.00000,0.00005,-0.00000,0.00007,0.32634,0.07311,-1.01044,0.05930,-0.03054,0.00028,0.19344,-0.06365,-0.71992,-0.01751,0.04263,0.00198,0.00000,0.00095,0.00002,6.000,6.000,12.000,12.000,6.000,6.000,6.000,6.000,12.000,12.000,6.000,6.000,6.000,6.000,6.000,6.000,0.004467,0.013499,0.004200,0.013648,0.004200,0.009198,0.005002,0.008753,0.000000,0.000306,0.000000,0.000000,0.588028,0.411972,0.000000,0.000000,0.000000,0.040364,0.039824
0.3750,-0.00081,0.01203,0.48125,1.00000,0.00011,0.00105,0.00016,0.00493,0.00877,0.31535,0.31446,0.00209,0.01377,2,0.03485,0.00209,0.034803,-0.00009,-0.6396,-0.0004,-0.0019,-0.0040,-0.3272,-0.0377,-0.5195,0,0.04900,0.01900,0.0053,0.0062,0.005505,0.051123,-0.0026,0.0067,37.2289,0.0277,-0.1175,38.1193,-0.0097,-0.0332,25.6420,0.0378,0.0921,26.9054,0.001270,0.001221,37.2289,0.001288,0.001420,38.1193,-0.001180,-0.000707,25.6420,-0.001039,-0.001005,26.9054,-0.00096,-0.04250,-0.35100,0.68320,-0.33420,0.04160,0.00021,-0.04098,-0.35192,0.68577,-0.33599,0.04110,0.00066,-0.00000,0.00007,-0.00000,0.00006,0.33208,0.07438,-1.01233,0.05949,-0.03112,0.00032,0.19675,-0.06465,-0.71733,-0.01841,0.04326,0.00201,0.00001,0.00097,0.00002,6.000,6.000,12.000,12.000,6.000,6.000,6.000,6.000,12.000,12.000,6.000,6.000,6.000,6.000,6.000,6.000,0.004463,0.013629,0.004200,0.013772,0.004200,0.009322,0.004991,0.008894,0.000000,0.000300,0.000000,0.000000,0.589442,0.410558,0.000000,0.000000,0.000000,0.040984,0.040462
0.3800,-0.00082,0.01221,0.48125,1.00000,0.00011,0.00106,0.00017,0.00492,0.00890,0.31535,0.31446,0.00210,0.01390,2,0.03485,0.00210,0.034803,-0.00009,-0.6383,-0.0004,-0.0019,-0.0041,-0.3269,-0.0373,-0.5187,0,0.04900,0.01900,0.0052,0.0061,0.005509,0.051134,-0.0028,0.0066,37.3211,0.0272,-0.1166,38.2097,-0.0100,-0.0340,25.5518,0.0374,0.0910,26.8154,0.001274,0.001234,37.3211,0.001292,0.001430,38.2097,-0.001216,-0.000735,25.5518,-0.001073,-0.001031,26.8154,-0.00098,-0.04312,-0.35091,0.68283,-0.33393,0.04222,0.00020,-0.04160,-0.35184,0.68543,-0.33575,0.04173,0.00071,-0.00000,0.00009,-0.00000,0.00006,0.33782,0.07565,-1.01420,0.05968,-0.03171,0.00036,0.20003,-0.06564,-0.71475,-0.01930,0.04390,0.00204,0.00001,0.00099,0.00002,6.000,6.000,12.000,12.000,6.000,6.000,6.000,6.000,12.000,12.000,6.000,6.000,6.000,6.000,6.000,6.000,0.004460,0.013759,0.004200,0.013896,0.004200,0.009446,0.004980,0.009034,0.000000,0.000294,0.000000,0.000000,0.590851,0.409149,0.000000,0.000000,0.000000,0.041603,0.041098
0.3850,-0.00083,0.01240,0.48126,1.00000,0.00010,0.00106,0.00018,0.00491,0.00904,0.31535,0.31446,0.00211,0.01402,2,0.03485,0.00211,0.034802,-0.00009,-0.6369,-0.0004,-0.0020,-0.0043,-0.3266,-0.0369,-0.5180,0,0.04900,0.01900,0.0052,0.0061,0.005514,0.051145,-0.0030,0.0066,37.4129,0.0266,-0.1157,38.2997,-0.0102,-0.0348,25.4619,0.0370,0.0900,26.7258,0.001279,0.001246,37.4129,0.001297,0.001441,38.2997,-0.001251,-0.000763,25.4619,-0.001106,-0.001058,26.7258,-0.00100,-0.04375,-0.35083,0.68246,-0.33366,0.04284,0.00018,-0.04223,-0.35176,0.68509,-0.33551,0.04237,0.00075,-0.00000,0.00011,-0.00000,0.00006,0.34356,0.07691,-1.01606,0.05988,-0.03230,0.00041,0.20327,-0.06663,-0.71217,-0.02017,0.04454,0.00207,0.00001,0.00101,0.00002,6.000,6.000,12.000,12.000,6.000,6.000,6.000,6.000,12.000,12.000,6.000,6.000,6.000,6.000,6.000,6.000,0.004456,0.013888,0.004200,0.014020,0.004200,0.009570,0.004970,0.009173,0.000000,0.000289,0.000000,0.000000,0.592254,0.407746,0.000000,0.000000,0.000000,0.042221,0.041735
0.3900,-0.00084,0.01258,0.48126,1.00000,0.00010,0.00107,0.00018,0.00489,0.00917,0.31536,0.31446,0.00212,0.01414,2,0.03485,0.00212,0.034802,-0.00009,-0.6356,-0.0004,-0.0021,-0.0044,-0.3263,-0.0365,-0.5173,0,0.04900,0.01900,0.0051,0.0060,0.005519,0.051156,-0.0032,0.0066,37.5044,0.0261,-0.1147,38.3893,-0.0105,-0.0355,25.3724,0.0366,0.0890,26.6366,0.001284,0.001259,37.5044,0.001302,0.001452,38.3893,-0.001286,-0.000792,25.3724,-0.001139,-0.001085,26.6366,-0.00102,-0.04437,-0.35074,0.68208,-0.33339,0.04345,0.00016,-0.04286,-0.35167,0.68476,-0.33527,0.04301,0.00080,-0.00000,0.00013,-0.00000,0.00006,0.34931,0.07817,-1.01790,0.06010,-0.03291,0.00045,0.20649,-0.06762,-0.70960,-0.02102,0.04520,0.00210,0.00001,0.00103,0.00003,6.000,6.000,12.000,12.000,6.000,6.000,6.000,6.000,12.000,12.000,6.000,6.000,6.000,6.000,6.000,6.000,0.004453,0.014017,0.004200,0.014145,0.004200,0.009695,0.004960,0.009312,0.000000,0.000284,0.000000,0.000000,0.593651,0.406349,0.000000,0.000000,0.000000,0.042838,0.042370
0.3950,-0.00086,0.01276,0.48126,1.00000,0.00010,0.00107,0.00019,0.00488,0.00931,0.31536,0.31446,0.00214,0.01427,2,0.03485,0.00214,0.034801,-0.00009,-0.6343,-0.0004,-0.0021,-0.0045,-0.3260,-0.0362,-0.5166,0,0.04900,0.01900,0.0050,0.0060,0.005524,0.051168,-0.0034,0.0066,37.5955,0.0256,-0.1136,38.4787,-0.0108,-0.0362,25.2832,0.0362,0.0880,26.5477,0.001289,0.001272,37.5955,0.001307,0.001463,38.4787,-0.001321,-0.000821,25.2832,-0.001172,-0.001113,26.5477,-0.00104,-0.04499,-0.35064,0.68171,-0.33312,0.04407,0.00014,-0.04348,-0.35159,0.68442,-0.33503,0.04364,0.00084,-0.00000,0.00015,-0.00000,0.00005,0.35506,0.07942,-1.01973,0.06032,-0.03352,0.00050,0.20967,-0.06860,-0.70704,-0.02186,0.04586,0.00212,0.00002,0.00105,0.00003,6.000,6.000,12.000,12.000,6.000,6.000,6.000,6.000,12.000,12.000,6.000,6.000,6.000,6.000,6.000,6.000,0.004450,0.014146,0.004200,0.014269,0.004200,0.009819,0.004950,0.009451,0.000000,0.000279,0.000000,0.000000,0.595044,0.404956,0.000000,0.000000,0.000000,0.043455,0.043005
0.4000,-0.00087,0.01295,0.48127,1.00000,0.00010,0.00108,0.00020,0.00487,0.00944,0.31536,0.31446,0.00215,0.01439,2,0.03486,0.00215,0.034801,-0.00009,-0.6330,-0.0004,-0.0022,-0.0046,-0.3257,-0.0358,-0.5158,0,0.04900,0.01900,0.0050,0.0059,0.005529,0.051179,-0.0037,0.0067,37.6864,0.0251,-0.1126,38.5677,-0.0111,-0.0369,25.1943,0.0358,0.0870,26.4591,0.001294,0.001285,37.6864,0.001312,0.001474,38.5677,-0.001356,-0.000851,25.1943,-0.001205,-0.001142,26.4591,-0.00106,-0.04561,-0.35055,0.68134,-0.33285,0.04468,0.00012,-0.04411,-0.35150,0.68408,-0.33480,0.04427,0.00089,-0.00000,0.00017,-0.00000,0.00005,0.36082,0.08066,-1.02154,0.06055,-0.03414,0.00054,0.21282,-0.06958,-0.70448,-0.02269,0.04653,0.00215,0.00002,0.00107,0.00003,6.000,6.000,12.000,12.000,6.000,6.000,6.000,6.000,12.000,12.000,6.000,6.000,6.000,6.000,6.000,6.000,0.004447,0.014275,0.004200,0.014393,0.004200,0.009943,0.004941,0.009589,0.000000,0.000274,0.000000,0.000000,0.596432,0.403568,0.000000,0.000000,0.000000,0.044070,0.043639
0.4050,-0.00088,0.01313,0.48127,1.00000,0.00010,0.00108,0.00021,0.00486,0.00958,0.31537,0.31446,0.00216,0.01452,2,0.03486,0.00216,0.034800,-0.00008,-0.6317,-0.0004,-0.0023,-0.0047,-0.3254,-0.0354,-0.5151,0,0.04900,0.01900,0.0049,0.0059,0.005534,0.051191,-0.0039,0.0067,37.7769,0.0245,-0.1115,38.6564,-0.0114,-0.0376,25.1057,0.0354,0.0861,26.3707,0.001300,0.001298,37.7769,0.001318,0.001485,38.6564,-0.001390,-0.000882,25.1057,-0.001237,-0.001171,26.3707,-0.00108,-0.04623,-0.35046,0.68097,-0.33259,0.04530,0.00010,-0.04473,-0.35141,0.68375,-0.33456,0.04491,0.00093,-0.00000,0.00019,-0.00000,0.00004,0.36658,0.08190,-1.02334,0.06078,-0.03477,0.00059,0.21595,-0.07056,-0.70193,-0.02350,0.04722,0.00218,0.00002,0.00109,0.00003,6.000,6.000,12.000,12.000,6.000,6.000,6.000,6.000,12.000,12.000,6.000,6.000,6.000,6.000,6.000,6.000,0.004444,0.014404,0.004200,0.014518,0.004200,0.010068,0.004932,0.009726,0.000000,0.000269,0.000000,0.000000,0.597816,0.402184,0.000000,0.000000,0.000000,0.044685,0.044273
0.4100,-0.00089,0.01331,0.48128,1.00000,0.00010,0.00109,0.00022,0.00485,0.00971,0.31537,0.31446,0.00217,0.01464,2,0.03486,0.00217,0.034800,-0.00008,-0.6304,-0.0004,-0.0024,-0.0047,-0.3252,-0.0351,-0.5144,0,0.04900,0.01900,0.0049,0.0058,0.005540,0.051202,-0.0041,0.0069,37.8672,0.0240,-0.1103,38.7448,-0.0117,-0.0382,25.0173,0.0350,0.0852,26.2827,0.001305,0.001312,37.8672,0.001324,0.001497,38.7448,-0.001424,-0.000913,25.0173,-0.001269,-0.001201,26.2827,-0.00110,-0.04685,-0.35036,0.68060,-0.33232,0.04591,0.00008,-0.04535,-0.35131,0.68341,-0.33433,0.04554,0.00098,-0.00000,0.00021,-0.00000,0.00004,0.37235,0.08314,-1.02513,0.06103,-0.03540,0.00063,0.21904,-0.07153,-0.69939,-0.02430,0.04791,0.00220,0.00002,0.00111,0.00004,6.000,6.000,12.000,12.000,6.000,6.000,6.000,6.000,12.000,12.000,6.000,6.000,6.000,6.000,6.000,6.000,0.004441,0.014532,0.004200,0.014642,0.004200,0.010192,0.004923,0.009863,0.000000,0.000265,0.000000,0.000000,0.599196,0.400804,0.000000,0.000000,0.000000,0.045298,0.044906
0.4150,-0.00090,0.01349,0.48128,1.00000,0.00010,0.00109,0.00023,0.00484,0.00985,0.31537,0.31446,0.00218,0.01477,2,0.03486,0.00218,0.034800,-0.00008,-0.6291,-0.0004,-0.0025,-0.0048,-0.3249,-0.0347,-0.5138,0,0.04900,0.01900,0.0048,0.0058,0.005546,0.051214,-0.0044,0.0070,37.9572,0.0234,-0.1092,38.8330,-0.0121,-0.0388,24.9292,0.0345,0.0843,26.1949,0.001311,0.001325,37.9572,0.001329,0.001508,38.8330,-0.001458,-0.000945,24.9292,-0.001301,-0.001231,26.1949,-0.00112,-0.04746,-0.35026,0.68023,-0.33206,0.04652,0.00006,-0.04597,-0.35122,0.68307,-0.33410,0.04617,0.00102,-0.00000,0.00023,-0.00000,0.00003,0.37813,0.08437,-1.02691,0.06128,-0.03604,0.00067,0.22211,-0.07250,-0.69685,-0.02508,0.04861,0.00223,0.00003,0.00113,0.00004,6.000,6.000,12.000,12.000,6.000,6.000,6.000,6.000,12.000,12.000,6.000,6.000,6.000,6.000,6.000,6.000,0.004438,0.014661,0.004200,0.014766,0.004200,0.010316,0.004915,0.010000,0.000000,0.000261,0.000000,0.000000,0.600571,0.399429,0.000000,0.000000,0.000000,0.045911,0.045538
0.4200,-0.00091,0.01367,0.48128,1.00000,0.00010,0.00110,0.00024,0.00482,0.00998,0.31538,0.31446,0.00219,0.01489,2,0.03486,0.00219,0.034799,-0.00008,-0.6278,-0.0004,-0.0026,-0.0049,-0.3246,-0.0343,-0.5131,0,0.04900,0.01900,0.0047,0.0058,0.005552,0.051226,-0.0047,0.0072,38.0470,0.0229,-0.1080,38.9209,-0.0124,-0.0395,24.8413,0.0341,0.0834,26.1074,0.001317,0.001339,38.0470,0.001335,0.001520,38.9209,-0.001491,-0.000978,24.8413,-0.001332,-0.001262,26.1074,-0.00114,-0.04808,-0.35016,0.67986,-0.33180,0.04713,0.00004,-0.04660,-0.35112,0.68273,-0.33387,0.04680,0.00106,-0.00000,0.00025,-0.00000,0.00003,0.38391,0.08560,-1.02867,0.06154,-0.03670,0.00072,0.22515,-0.07346,-0.69431,-0.02586,0.04932,0.00226,0.00003,0.00115,0.00004,6.000,6.000,12.000,12.000,6.000,6.000,6.000,6.000,12.000,12.000,6.000,6.000,6.000,6.000,6.000,6.000,0.004435,0.014789,0.004200,0.014890,0.004200,0.010440,0.004907,0.010136,0.000000,0.000257,0.000000,0.000000,0.601943,0.398057,0.000000,0.000000,0.000000,0.046523,0.046170
0.4250,-0.00092,0.01385,0.48129,1.00000,0.00010,0.00110,0.00025,0.00481,0.01011,0.31538,0.31446,0.00220,0.01501,2,0.03486,0.00220,0.034799,-0.00008,-0.6265,-0.0004,-0.0027,-0.0049,-0.3243,-0.0340,-0.5124,0,0.04900,0.01900,0.0047,0.0057,0.005558,0.051238,-0.0049,0.0074,38.1365,0.0224,-0.1068,39.0086,-0.0127,-0.0400,24.7536,0.0337,0.0825,26.0201,0.001323,0.001352,38.1365,0.001342,0.001532,39.0086,-0.001525,-0.001011,24.7537,-0.001363,-0.001293,26.0201,-0.00117,-0.04870,-0.35005,0.67949,-0.33155,0.04774,0.00002,-0.04722,-0.35102,0.68239,-0.33365,0.04743,0.00111,-0.00000,0.00027,-0.00000,0.00002,0.38970,0.08682,-1.03043,0.06181,-0.03736,0.00076,0.22816,-0.07443,-0.69178,-0.02662,0.05004,0.00228,0.00003,0.00117,0.00004,6.000,6.000,12.000,12.000,6.000,6.000,6.000,6.000,12.000,12.000,6.000,6.000,6.000,6.000,6.000,6.000,0.004433,0.014917,0.004200,0.015015,0.004200,0.010565,0.004899,0.010273,0.000000,0.000253,0.000000,0.000000,0.603311,0.396689,0.000000,0.000000,0.000000,0.047134,0.046801
0.4300,-0.00093,0.01403,0.48129,1.00000,0.00010,0.00111,0.00026,0.00480,0.01025,0.31538,0.31446,0.00221,0.01514,2,0.03486,0.00221,0.034798,-0.00008,-0.6252,-0.0004,-0.0027,-0.0050,-0.3240,-0.0336,-0.5117,0,0.04900,0.01900,0.0046,0.0057,0.005564,0.051251,-0.0052,0.0076,38.2258,0.0218,-0.1056,39.0960,-0.0130,-0.0406,24.6662,0.0332,0.0817,25.9330,0.001329,0.001366,38.2258,0.001348,0.001544,39.0960,-0.001558,-0.001045,24.6662,-0.001394,-0.001325,25.9330,-0.00119,-0.04931,-0.34995,0.67912,-0.33129,0.04835,0.00000,-0.04783,-0.35091,0.68206,-0.33342,0.04806,0.00115,-0.00000,0.00029,-0.00000,0.00002,0.39549,0.08804,-1.03217,0.06208,-0.03802,0.00081,0.23114,-0.07539,-0.68926,-0.02737,0.05076,0.00231,0.00003,0.00118,0.00005,6.000,6.000,12.000,12.000,6.000,6.000,6.000,6.000,12.000,12.000,6.000,6.000,6.000,6.000,6.000,6.000,0.004430,0.015045,0.004200,0.015139,0.004200,0.010689,0.004891,0.010408,0.000000,0.000249,0.000000,0.000000,0.604676,0.395324,0.000000,0.000000,0.000000,0.047744,0.047431
0.4350,-0.00094,0.01422,0.48129,1.00000,0.00010,0.00111,0.00027,0.00479,0.01038,0.31539,0.31446,0.00221,0.01526,2,0.03486,0.00221,0.034798,-0.00008,-0.6239,-0.0004,-0.0028,-0.0050,-0.3238,-0.0333,-0.5111,0,0.04900,0.01900,0.0045,0.0056,0.005570,0.051263,-0.0055,0.0079,38.3148,0.0213,-0.1043,39.1832,-0.0134,-0.0412,24.5790,0.0328,0.0808,25.8462,0.001335,0.001380,38.3148,0.001354,0.001556,39.1832,-0.001591,-0.001079,24.5790,-0.001425,-0.001357,25.8462,-0.00121,-0.04993,-0.34984,0.67875,-0.33104,0.04896,-0.00001,-0.04845,-0.35081,0.68172,-0.33320,0.04869,0.00120,-0.00000,0.00031,-0.00000,0.00001,0.40129,0.08926,-1.03390,0.06236,-0.03870,0.00085,0.23410,-0.07635,-0.68674,-0.02811,0.05150,0.00233,0.00004,0.00120,0.00005,6.000,6.000,12.000,12.000,6.000,6.000,6.000,6.000,12.000,12.000,6.000,6.000,6.000,6.000,6.000,6.000,0.004428,0.015173,0.004200,0.015263,0.004200,0.010813,0.004884,0.010544,0.000000,0.000245,0.000000,0.000000,0.606038,0.393962,0.000000,0.000000,0.000000,0.048353,0.048061
0.4400,-0.00094,0.01440,0.48130,1.00000,0.00010,0.00112,0.00028,0.00478,0.01052,0.31539,0.31446,0.00222,0.01539,2,0.03486,0.00222,0.034797,-0.00008,-0.6226,-0.0004,-0.0029,-0.0051,-0.3235,-0.0330,-0.5104,0,0.04900,0.01900,0.0045,0.0056,0.005576,0.051276,-0.0057,0.0081,38.4037,0.0207,-0.1031,39.2702,-0.0137,-0.0417,24.4919,0.0324,0.0800,25.7595,0.001342,0.001395,38.4037,0.001360,0.001568,39.2702,-0.001624,-0.001114,24.4919,-0.001456,-0.001390,25.7595,-0.00123,-0.05054,-0.34973,0.67838,-0.33078,0.04957,-0.00003,-0.04907,-0.35070,0.68138,-0.33297,0.04932,0.00124,-0.00000,0.00033,-0.00000,0.00001,0.40711,0.09047,-1.03563,0.06265,-0.03939,0.00090,0.23703,-0.07730,-0.68423,-0.02884,0.05224,0.00236,0.00004,0.00121,0.00005,6.000,6.000,12.000,12.000,6.000,6.000,6.000,6.000,12.000,12.000,6.000,6.000,6.000,6.000,6.000,6.000,0.004425,0.015301,0.004200,0.015387,0.004200,0.010938,0.004877,0.010679,0.000000,0.000242,0.000000,0.000000,0.607396,0.392604,0.000000,0.000000,0.000000,0.048961,0.048690
0.4450,-0.00095,0.01458,0.48130,1.00000,0.00010,0.00112,0.00029,0.00477,0.01065,0.31539,0.31446,0.00223,0.01551,2,0.03486,0.00223,0.034797,-0.00008,-0.6214,-0.0004,-0.0030,-0.0051,-0.3232,-0.0326,-0.5098,0,0.04900,0.01900,0.0044,0.0055,0.005583,0.051288,-0.0060,0.0084,38.4924,0.0202,-0.1018,39.3570,-0.0140,-0.0423,24.4051,0.0320,0.0792,25.6730,0.001348,0.001409,38.4924,0.001367,0.001580,39.3570,-0.001657,-0.001150,24.4051,-0.001487,-0.001424,25.6730,-0.00125,-0.05115,-0.34962,0.67801,-0.33053,0.05017,-0.00005,-0.04969,-0.35059,0.68104,-0.33275,0.04995,0.00128,-0.00000,0.00035,-0.00000,-0.00000,0.41293,0.09167,-1.03734,0.06294,-0.04008,0.00094,0.23994,-0.07826,-0.68172,-0.02956,0.05300,0.00238,0.00004,0.00123,0.00005,6.000,6.000,12.000,12.000,6.000,6.000,6.000,6.000,12.000,12.000,6.000,6.000,6.000,6.000,6.000,6.000,0.004423,0.015429,0.004200,0.015512,0.004200,0.011062,0.004870,0.010814,0.000000,0.000238,0.000000,0.000000,0.608752,0.391248,0.000000,0.000000,0.000000,0.049568,0.049319
0.4500,-0.00096,0.01476,0.48130,1.00000,0.00010,0.00112,0.00030,0.00476,0.01078,0.31539,0.31446,0.00224,0.01564,2,0.03486,0.00224,0.034797,-0.00008,-0.6201,-0.0004,-0.0031,-0.0051,-0.3229,-0.0323,-0.5091,0,0.04900,0.01900,0.0043,0.0055,0.005589,0.051301,-0.0063,0.0087,38.5809,0.0196,-0.1005,39.4436,-0.0144,-0.0428,24.3184,0.0315,0.0784,25.5868,0.001355,0.001423,38.5809,0.001374,0.001593,39.4436,-0.001689,-0.001186,24.3184,-0.001517,-0.001458,25.5868,-0.00127,-0.05176,-0.34950,0.67764,-0.33028,0.05078,-0.00007,-0.05030,-0.35048,0.68070,-0.33253,0.05057,0.00133,-0.00000,0.00037,-0.00000,-0.00001,0.41876,0.09288,-1.03904,0.06324,-0.04078,0.00099,0.24282,-0.07921,-0.67922,-0.03027,0.05376,0.00240,0.00004,0.00124,0.00006,6.000,6.000,12.000,12.000,6.000,6.000,6.000,6.000,12.000,12.000,6.000,6.000,6.000,6.000,6.000,6.000,0.004421,0.015557,0.004200,0.015636,0.004200,0.011186,0.004863,0.010948,0.000000,0.000235,0.000000,0.000000,0.610105,0.389895,0.000000,0.000000,0.000000,0.050175,0.049947
0.4550,-0.00097,0.01494,0.48131,1.00000,0.00010,0.00113,0.00031,0.00475,0.01092,0.31540,0.31446,0.00225,0.01576,2,0.03486,0.00225,0.034796,-0.00008,-0.6188,-0.0004,-0.0032,-0.0052,-0.3227,-0.0320,-0.5085,0,0.04900,0.01900,0.0043,0.0055,0.005596,0.051314,-0.0065,0.0090,38.6692,0.0191,-0.0992,39.5301,-0.0147,-0.0434,24.2319,0.0311,0.0776,25.5006,0.001361,0.001438,38.6692,0.001380,0.001606,39.5301,-0.001722,-0.001223,24.2319,-0.001548,-0.001493,25.5006,-0.00129,-0.05238,-0.34939,0.67727,-0.33003,0.05139,-0.00009,-0.05092,-0.35037,0.68036,-0.33231,0.05120,0.00137,-0.00000,0.00039,-0.00000,-0.00002,0.42460,0.09407,-1.04074,0.06354,-0.04149,0.00104,0.24568,-0.08016,-0.67672,-0.03097,0.05453,0.00243,0.00005,0.00126,0.00006,6.000,6.000,12.000,12.000,6.000,6.000,6.000,6.000,12.000,12.000,6.000,6.000,6.000,6.000,6.000,6.000,0.004419,0.015684,0.004200,0.015760,0.004200,0.011310,0.004856,0.011082,0.000000,0.000232,0.000000,0.000000,0.611455,0.388545,0.000000,0.000000,0.000000,0.050781,0.050574
0.4600,-0.00098,0.01512,0.48131,1.00000,0.00010,0.00113,0.00031,0.00474,0.01105,0.31540,0.31446,0.00225,0.01588,2,0.03486,0.00225,0.034796,-0.00008,-0.6175,-0.0004,-0.0033,-0.0052,-0.3224,-0.0316,-0.5079,0,0.04900,0.01900,0.0042,0.0054,0.005603,0.051327,-0.0068,0.0094,38.7573,0.0186,-0.0979,39.6164,-0.0150,-0.0439,24.1455,0.0307,0.0768,25.4147,0.001368,0.001453,38.7573,0.001387,0.001619,39.6164,-0.001754,-0.001260,24.1455,-0.001578,-0.001528,25.4147,-0.00131,-0.05299,-0.34927,0.67690,-0.32978,0.05199,-0.00011,-0.05153,-0.35026,0.68002,-0.33210,0.05183,0.00142,-0.00000,0.00041,-0.00000,-0.00002,0.43044,0.09527,-1.04243,0.06385,-0.04221,0.00108,0.24851,-0.08111,-0.67422,-0.03167,0.05531,0.00245,0.00005,0.00127,0.00006,6.000,6.000,12.000,12.000,6.000,6.000,6.000,6.000,12.000,12.000,6.000,6.000,6.000,6.000,6.000,6.000,0.004416,0.015812,0.004200,0.015885,0.004200,0.011435,0.004850,0.011216,0.000000,0.000229,0.000000,0.000000,0.612803,0.387197,0.000000,0.000000,0.000000,0.051385,0.051201
0.4650,-0.00099,0.01529,0.48131,1.00000,0.00010,0.00113,0.00032,0.00474,0.01118,0.31540,0.31446,0.00226,0.01601,2,0.03486,0.00226,0.034795,-0.00008,-0.6163,-0.0004,-0.0034,-0.0052,-0.3221,-0.0313,-0.5072,0,0.04900,0.01900,0.0041,0.0054,0.005609,0.051341,-0.0071,0.0097,38.8453,0.0181,-0.0965,39.7025,-0.0154,-0.0444,24.0593,0.0303,0.0760,25.3289,0.001375,0.001468,38.8453,0.001394,0.001632,39.7025,-0.001787,-0.001298,24.0593,-0.001608,-0.001564,25.3289,-0.00133,-0.05360,-0.34915,0.67652,-0.32954,0.05259,-0.00013,-0.05215,-0.35014,0.67967,-0.33188,0.05245,0.00146,-0.00000,0.00043,-0.00000,-0.00003,0.43630,0.09645,-1.04411,0.06417,-0.04293,0.00113,0.25131,-0.08205,-0.67173,-0.03235,0.05610,0.00247,0.00005,0.00129,0.00006,6.000,6.000,12.000,12.000,6.000,6.000,6.000,6.000,12.000,12.000,6.000,6.000,6.000,6.000,6.000,6.000,0.004414,0.015939,0.004200,0.016009,0.004200,0.011559,0.004844,0.011350,0.000000,0.000226,0.000000,0.000000,0.614148,0.385852,0.000000,0.000000,0.000000,0.051989,0.051827
0.4700,-0.00099,0.01547,0.48132,1.00000,0.00010,0.00114,0.00033,0.00473,0.01132,0.31540,0.31446,0.00227,0.01613,2,0.03486,0.00227,0.034795,-0.00008,-0.6150,-0.0004,-0.0035,-0.0053,-0.3219,-0.0310,-0.5066,0,0.04900,0.01900,0.0041,0.0053,0.005616,0.051354,-0.0074,0.0101,38.9332,0.0175,-0.0952,39.7884,-0.0157,-0.0450,23.9732,0.0298,0.0752,25.2432,0.001381,0.001483,38.9332,0.001401,0.001645,39.7884,-0.001819,-0.001337,23.9732,-0.001638,-0.001601,25.2432,-0.00135,-0.05420,-0.34903,0.67615,-0.32929,0.05319,-0.00015,-0.05276,-0.35002,0.67933,-0.33166,0.05308,0.00150,-0.00000,0.00044,-0.00000,-0.00004,0.44217,0.09764,-1.04578,0.06449,-0.04367,0.00117,0.25409,-0.08300,-0.66924,-0.03303,0.05690,0.00249,0.00006,0.00130,0.00007,6.000,6.000,12.000,12.000,6.000,6.000,6.000,6.000,12.000,12.000,6.000,6.000,6.000,6.000,6.000,6.000,0.004412,0.016067,0.004200,0.016133,0.004200,0.011683,0.004838,0.011484,0.000000,0.000223,0.000000,0.000000,0.615491,0.384509,0.000000,0.000000,0.000000,0.052592,0.052452
0.4750,-0.00100,0.01565,0.48132,1.00000,0.00010,0.00114,0.00034,0.00472,0.01145,0.31541,0.31446,0.00227,0.01626,2,0.03486,0.00227,0.034794,-0.00008,-0.6137,-0.0004,-0.0036,-0.0053,-0.3216,-0.0307,-0.5060,0,0.04900,0.01900,0.0040,0.0053,0.005623,0.051368,-0.0076,0.0104,39.0208,0.0170,-0.0938,39.8743,-0.0160,-0.0455,23.8873,0.0294,0.0744,25.1577,0.001388,0.001498,39.0208,0.001408,0.001659,39.8743,-0.001852,-0.001376,23.8873,-0.001668,-0.001638,25.1577,-0.00137,-0.05481,-0.34890,0.67577,-0.32904,0.05380,-0.00016,-0.05337,-0.34990,0.67899,-0.33145,0.05370,0.00154,-0.00000,0.00046,-0.00000,-0.00005,0.44805,0.09882,-1.04744,0.06481,-0.04441,0.00122,0.25685,-0.08394,-0.66676,-0.03370,0.05770,0.00252,0.00006,0.00131,0.00007,6.000,6.000,12.000,12.000,6.000,6.000,6.000,6.000,12.000,12.000,6.000,6.000,6.000,6.000,6.000,6.000,0.004410,0.016194,0.004200,0.016257,0.004200,0.011808,0.004832,0.011617,0.000000,0.000220,0.000000,0.000000,0.616833,0.383167,0.000000,0.000000,0.000000,0.053195,0.053077
0.4800,-0.00101,0.01583,0.48132,1.00000,0.00010,0.00114,0.00035,0.00471,0.01158,0.31541,0.31446,0.00228,0.01638,2,0.03486,0.00228,0.034794,-0.00008,-0.6125,-0.0004,-0.0037,-0.0053,-0.3213,-0.0304,-0.5054,0,0.04900,0.01900,0.0039,0.0053,0.005630,0.051382,-0.0079,0.0108,39.1084,0.0165,-0.0925,39.9599,-0.0164,-0.0460,23.8014,0.0290,0.0736,25.0724,0.001395,0.001514,39.1084,0.001415,0.001672,39.9599,-0.001884,-0.001416,23.8015,-0.001698,-0.001675,25.0724,-0.00139,-0.05542,-0.34878,0.67540,-0.32880,0.05440,-0.00018,-0.05399,-0.34978,0.67864,-0.33123,0.05433,0.00159,-0.00000,0.00048,-0.00000,-0.00006,0.45394,0.10000,-1.04909,0.06514,-0.04516,0.00126,0.25959,-0.08488,-0.66428,-0.03436,0.05852,0.00254,0.00006,0.00132,0.00007,6.000,6.000,12.000,12.000,6.000,6.000,6.000,6.000,12.000,12.000,6.000,6.000,6.000,6.000,6.000,6.000,0.004409,0.016321,0.004200,0.016382,0.004200,0.011932,0.004827,0.011750,0.000000,0.000218,0.000000,0.000000,0.618172,0.381828,0.000000,0.000000,0.000000,0.053796,0.053701
0.4850,-0.00101,0.01601,0.48132,1.00000,0.00009,0.00115,0.00036,0.00470,0.01171,0.31541,0.31446,0.00229,0.01651,2,0.03486,0.00229,0.034794,-0.00008,-0.6112,-0.0004,-0.0037,-0.0053,-0.3211,-0.0301,-0.5048,0,0.04900,0.01900,0.0038,0.0052,0.005637,0.051396,-0.0082,0.0112,39.1958,0.0160,-0.0911,40.0455,-0.0167,-0.0465,23.7157,0.0286,0.0728,24.9871,0.001402,0.001529,39.1958,0.001422,0.001686,40.0455,-0.001917,-0.001457,23.7158,-0.001728,-0.001713,24.9871,-0.00141,-0.05603,-0.34865,0.67502,-0.32856,0.05500,-0.00020,-0.05460,-0.34965,0.67830,-0.33102,0.05495,0.00163,-0.00000,0.00050,-0.00000,-0.00007,0.45984,0.10117,-1.05074,0.06547,-0.04592,0.00131,0.26230,-0.08582,-0.66181,-0.03501,0.05934,0.00256,0.00006,0.00133,0.00007,6.000,6.000,12.000,12.000,6.000,6.000,6.000,6.000,12.000,12.000,6.000,6.000,6.000,6.000,6.000,6.000,0.004407,0.016448,0.004200,0.016506,0.004200,0.012056,0.004821,0.011883,0.000000,0.000215,0.000000,0.000000,0.619509,0.380491,0.000000,0.000000,0.000000,0.054397,0.054325
0.4900,-0.00102,0.01619,0.48133,1.00000,0.00009,0.00115,0.00037,0.00469,0.01184,0.31541,0.31446,0.00229,0.01663,2,0.03486,0.00229,0.034793,-0.00008,-0.6100,-0.0004,-0.0038,-0.0053,-0.3208,-0.0298,-0.5042,0,0.04900,0.01900,0.0038,0.0052,0.005644,0.051410,-0.0084,0.0116,39.2831,0.0155,-0.0897,40.1309,-0.0170,-0.0470,23.6301,0.0282,0.0720,24.9020,0.001409,0.001545,39.2831,0.001429,0.001700,40.1309,-0.001949,-0.001498,23.6302,-0.001758,-0.001752,24.9020,-0.00143,-0.05663,-0.34852,0.67465,-0.32832,0.05560,-0.00022,-0.05521,-0.34953,0.67795,-0.33081,0.05557,0.00167,-0.00000,0.00052,-0.00000,-0.00008,0.46576,0.10234,-1.05238,0.06581,-0.04669,0.00135,0.26499,-0.08676,-0.65934,-0.03566,0.06017,0.00258,0.00007,0.00135,0.00008,6.000,6.000,12.000,12.000,6.000,6.000,6.000,6.000,12.000,12.000,6.000,6.000,6.000,6.000,6.000,6.000,0.004405,0.016575,0.004200,0.016630,0.004200,0.012181,0.004816,0.012016,0.000000,0.000213,0.000000,0.000000,0.620844,0.379156,0.000000,0.000000,0.000000,0.054997,0.054948
0.4950,-0.00103,0.01637,0.48133,1.00000,0.00009,0.00115,0.00038,0.00469,0.01198,0.31542,0.31446,0.00230,0.01675,2,0.03486,0.00230,0.034793,-0.00008,-0.6087,-0.0004,-0.0039,-0.0054,-0.3206,-0.0295,-0.5036,0,0.04900,0.01900,0.0037,0.0051,0.005651,0.051424,-0.0087,0.0120,39.3703,0.0150,-0.0883,40.2162,-0.0173,-0.0476,23.5447,0.0278,0.0712,24.8170,0.001416,0.001561,39.3703,0.001436,0.001714,40.2162,-0.001981,-0.001540,23.5447,-0.001788,-0.001791,24.8170,-0.00145,-0.05724,-0.34839,0.67427,-0.32808,0.05619,-0.00024,-0.05582,-0.34940,0.67760,-0.33060,0.05619,0.00171,-0.00000,0.00053,-0.00000,-0.00009,0.47168,0.10350,-1.05402,0.06615,-0.04747,0.00140,0.26765,-0.08770,-0.65687,-0.03630,0.06101,0.00260,0.00007,0.00136,0.00008,6.000,6.000,12.000,12.000,6.000,6.000,6.000,6.000,12.000,12.000,6.000,6.000,6.000,6.000,6.000,6.000,0.004403,0.016702,0.004200,0.016754,0.004200,0.012305,0.004811,0.012148,0.000000,0.000210,0.000000,0.000000,0.622178,0.377822,0.000000,0.000000,0.000000,0.055596,0.055571
0.5000,-0.00103,0.01655,0.48133,1.00000,0.00009,0.00115,0.00039,0.00468,0.01211,0.31542,0.31446,0.00230,0.01688,2,0.03486,0.00230,0.034792,-0.00008,-0.6075,-0.0004,-0.0040,-0.0054,-0.3203,-0.0292,-0.5031,0,0.04900,0.01900,0.0036,0.0051,0.005658,0.051439,-0.0089,0.0124,39.4574,0.0145,-0.0869,40.3014,-0.0176,-0.0481,23.4593,0.0274,0.0704,24.7320,0.001423,0.001577,39.4574,0.001443,0.001728,40.3014,-0.002014,-0.001582,23.4593,-0.001818,-0.001831,24.7320,-0.00147,-0.05784,-0.34826,0.67389,-0.32784,0.05679,-0.00025,-0.05643,-0.34927,0.67726,-0.33038,0.05681,0.00175,-0.00000,0.00055,-0.00000,-0.00010,0.47762,0.10466,-1.05564,0.06650,-0.04825,0.00145,0.27029,-0.08863,-0.65440,-0.03694,0.06186,0.00262,0.00007,0.00137,0.00008,6.000,6.000,12.000,12.000,6.000,6.000,6.000,6.000,12.000,12.000,6.000,6.000,6.000,6.000,6.000,6.000,0.004402,0.016829,0.004200,0.016879,0.004200,0.012429,0.004806,0.012281,0.000000,0.000208,0.000000,0.000000,0.623509,0.376491,0.000000,0.000000,0.000000,0.056194,0.056193
0.5050,-0.00104,0.01672,0.48133,1.00000,0.00009,0.00116,0.00040,0.00467,0.01224,0.31542,0.31446,0.00231,0.01700,2,0.03486,0.00231,0.034792,-0.00008,-0.6062,-0.0004,-0.0041,-0.0054,-0.3201,-0.0289,-0.5025,0,0.04900,0.01900,0.0036,0.0050,0.005665,0.051453,-0.0092,0.0129,39.5443,0.0140,-0.0855,40.3865,-0.0179,-0.0486,23.3740,0.0270,0.0696,24.6472,0.001430,0.001593,39.5443,0.001450,0.001742,40.3865,-0.002046,-0.001626,23.3740,-0.001848,-0.001872,24.6472,-0.00150,-0.05845,-0.34812,0.67352,-0.32760,0.05739,-0.00027,-0.05703,-0.34914,0.67691,-0.33017,0.05744,0.00180,-0.00000,0.00057,-0.00000,-0.00011,0.48356,0.10582,-1.05726,0.06684,-0.04905,0.00149,0.27291,-0.08957,-0.65194,-0.03756,0.06272,0.00264,0.00007,0.00138,0.00008,6.000,6.000,12.000,12.000,6.000,6.000,6.000,6.000,12.000,12.000,6.000,6.000,6.000,6.000,6.000,6.000,0.004400,0.016956,0.004200,0.017003,0.004200,0.012553,0.004801,0.012413,0.000000,0.000206,0.000000,0.000000,0.624840,0.375160,0.000000,0.000000,0.000000,0.056792,0.056815
0.5100,-0.00104,0.01690,0.48134,1.00000,0.00009,0.00116,0.00041,0.00466,0.01237,0.31542,0.31446,0.00231,0.01713,2,0.03487,0.00231,0.034792,-0.00008,-0.6050,-0.0004,-0.0042,-0.0054,-0.3198,-0.0286,-0.5019,0,0.04900,0.01900,0.0035,0.0050,0.005672,0.051468,-0.0094,0.0133,39.6312,0.0135,-0.0841,40.4715,-0.0182,-0.0492,23.2888,0.0266,0.0687,24.5625,0.001437,0.001610,39.6312,0.001457,0.001757,40.4715,-0.002079,-0.001670,23.2889,-0.001878,-0.001913,24.5625,-0.00152,-0.05905,-0.34799,0.67314,-0.32736,0.05798,-0.00029,-0.05764,-0.34900,0.67656,-0.32996,0.05806,0.00184,-0.00000,0.00058,-0.00000,-0.00012,0.48953,0.10697,-1.05888,0.06720,-0.04985,0.00154,0.27551,-0.09050,-0.64948,-0.03819,0.06359,0.00266,0.00008,0.00139,0.00008,6.000,6.000,12.000,12.000,6.000,6.000,6.000,6.000,12.000,12.000,6.000,6.000,6.000,6.000,6.000,6.000,0.004398,0.017083,0.004200,0.017127,0.004200,0.012678,0.004796,0.012545,0.000000,0.000204,0.000000,0.000000,0.626169,0.373831,0.000000,0.000000,0.000000,0.057388,0.057436
0.5150,-0.00105,0.01708,0.48134,1.00000,0.00009,0.00116,0.00041,0.00466,0.01250,0.31542,0.31446,0.00232,0.01725,2,0.03487,0.00232,0.034791,-0.00008,-0.6037,-0.0004,-0.0043,-0.0054,-0.3196,-0.0283,-0.5013,0,0.04900,0.01900,0.0034,0.0050,0.005679,0.051483,-0.0097,0.0137,39.7179,0.0131,-0.0827,40.5564,-0.0185,-0.0497,23.2037,0.0263,0.0679,24.4779,0.001444,0.001626,39.7179,0.001464,0.001772,40.5564,-0.002111,-0.001714,23.2038,-0.001908,-0.001955,24.4779,-0.00154,-0.05965,-0.34785,0.67276,-0.32712,0.05858,-0.00031,-0.05825,-0.34887,0.67621,-0.32976,0.05868,0.00188,-0.00000,0.00060,-0.00000,-0.00013,0.49550,0.10812,-1.06048,0.06755,-0.05066,0.00158,0.27808,-0.09143,-0.64703,-0.03880,0.06446,0.00268,0.00008,0.00139,0.00009,6.000,6.000,12.000,12.000,6.000,6.000,6.000,6.000,12.000,12.000,6.000,6.000,6.000,6.000,6.000,6.000,0.004397,0.017210,0.004200,0.017251,0.004200,0.012802,0.004791,0.012677,0.000000,0.000202,0.000000,0.000000,0.627496,0.372504,0.000000,0.000000,0.000000,0.057984,0.058056
0.5200,-0.00105,0.01726,0.48134,1.00000,0.00009,0.00116,0.00042,0.00465,0.01263,0.31543,0.31446,0.00232,0.01738,2,0.03487,0.00232,0.034791,-0.00008,-0.6025,-0.0004,-0.0043,-0.0054,-0.3193,-0.0280,-0.5008,0,0.04900,0.01900,0.0034,0.0049,0.005686,0.051498,-0.0099,0.0142,39.8046,0.0126,-0.0813,40.6412,-0.0188,-0.0502,23.1187,0.0259,0.0671,24.3934,0.001451,0.001643,39.8046,0.001471,0.001787,40.6412,-0.002144,-0.001759,23.1187,-0.001938,-0.001997,24.3934,-0.00156,-0.06025,-0.34771,0.67237,-0.32688,0.05917,-0.00032,-0.05886,-0.34873,0.67586,-0.32955,0.05930,0.00192,-0.00000,0.00062,-0.00000,-0.00015,0.50148,0.10927,-1.06208,0.06791,-0.05148,0.00163,0.28064,-0.09236,-0.64458,-0.03941,0.06535,0.00270,0.00008,0.00140,0.00009,6.000,6.000,12.000,12.000,6.000,6.000,6.000,6.000,12.000,12.000,6.000,6.000,6.000,6.000,6.000,6.000,0.004395,0.017337,0.004200,0.017376,0.004200,0.012926,0.004787,0.012809,0.000000,0.000200,0.000000,0.000000,0.628822,0.371178,0.000000,0.000000,0.000000,0.058580,0.058677
0.5250,-0.00106,0.01743,0.48134,1.00000,0.00009,0.00117,0.00043,0.00464,0.01277,0.31543,0.31446,0.00233,0.01750,2,0.03487,0.00233,0.034790,-0.00008,-0.6012,-0.0004,-0.0044,-0.0055,-0.3191,-0.0277,-0.5002,0,0.04900,0.01900,0.0033,0.0049,0.005694,0.051514,-0.0101,0.0146,39.8911,0.0121,-0.0799,40.7259,-0.0191,-0.0508,23.0338,0.0255,0.0663,24.3089,0.001459,0.001660,39.8911,0.001479,0.001802,40.7259,-0.002176,-0.001805,23.0338,-0.001968,-0.002040,24.3089,-0.00158,-0.06086,-0.34756,0.67199,-0.32665,0.05977,-0.00034,-0.05946,-0.34859,0.67550,-0.32934,0.05992,0.00196,-0.00000,0.00063,-0.00000,-0.00016,0.50748,0.11041,-1.06367,0.06827,-0.05231,0.00167,0.28317,-0.09329,-0.64213,-0.04002,0.06624,0.00271,0.00009,0.00141,0.00009,6.000,6.000,12.000,12.000,6.000,6.000,6.000,6.000,12.000,12.000,6.000,6.000,6.000,6.000,6.000,6.000,0.004394,0.017463,0.004200,0.017500,0.004200,0.013051,0.004782,0.012941,0.000000,0.000198,0.000000,0.000000,0.630147,0.369853,0.000000,0.000000,0.000000,0.059174,0.059296
0.5300,-0.00106,0.01761,0.48135,1.00000,0.00009,0.00117,0.00044,0.00463,0.01290,0.31543,0.31446,0.00233,0.01762,2,0.03487,0.00233,0.034790,-0.00008,-0.6000,-0.0004,-0.0045,-0.0055,-0.3188,-0.0275,-0.4997,0,0.04900,0.01900,0.0032,0.0048,0.005701,0.051529,-0.0104,0.0150,39.9776,0.0117,-0.0785,40.8106,-0.0194,-0.0513,22.9489,0.0252,0.0655,24.2246,0.001466,0.001677,39.9776,0.001486,0.001817,40.8106,-0.002209,-0.001852,22.9490,-0.001998,-0.002084,24.2246,-0.00160,-0.06146,-0.34742,0.67161,-0.32641,0.06036,-0.00036,-0.06007,-0.34845,0.67515,-0.32913,0.06053,0.00200,-0.00000,0.00065,-0.00000,-0.00017,0.51349,0.11155,-1.06526,0.06864,-0.05315,0.00172,0.28568,-0.09422,-0.63968,-0.04062,0.06714,0.00273,0.00009,0.00142,0.00009,6.000,6.000,12.000,12.000,6.000,6.000,6.000,6.000,12.000,12.000,6.000,6.000,6.000,6.000,6.000,6.000,0.004392,0.017590,0.004200,0.017624,0.004200,0.013175,0.004778,0.013072,0.000000,0.000196,0.000000,0.000000,0.631470,0.368530,0.000000,0.000000,0.000000,0.059768,0.059915
0.5350,-0.00107,0.01779,0.48135,1.00000,0.00009,0.00117,0.00045,0.00463,0.01303,0.31543,0.31446,0.00233,0.01775,2,0.03487,0.00233,0.034790,-0.00008,-0.5988,-0.0004,-0.0046,-0.0055,-0.3186,-0.0272,-0.4991,0,0.04900,0.01900,0.0032,0.0048,0.005708,0.051545,-0.0106,0.0155,40.0640,0.0112,-0.0771,40.8951,-0.0197,-0.0519,22.8641,0.0248,0.0646,24.1403,0.001473,0.001694,40.0640,0.001493,0.001832,40.8951,-0.002242,-0.001899,22.8642,-0.002028,-0.002128,24.1403,-0.00162,-0.06206,-0.34728,0.67122,-0.32617,0.06095,-0.00038,-0.06067,-0.34831,0.67480,-0.32893,0.06115,0.00204,-0.00000,0.00066,-0.00000,-0.00018,0.51952,0.11268,-1.06684,0.06901,-0.05400,0.00177,0.28817,-0.09515,-0.63724,-0.04121,0.06805,0.00275,0.00009,0.00143,0.00010,6.000,6.000,12.000,12.000,6.000,6.000,6.000,6.000,12.000,12.000,6.000,6.000,6.000,6.000,6.000,6.000,0.004391,0.017717,0.004200,0.017748,0.004200,0.013299,0.004774,0.013204,0.000000,0.000194,0.000000,0.000000,0.632792,0.367208,0.000000,0.000000,0.000000,0.060361,0.060534
0.5400,-0.00107,0.01796,0.48135,1.00000,0.00009,0.00117,0.00046,0.00462,0.01316,0.31543,0.31446,0.00234,0.01787,2,0.03487,0.00234,0.034789,-0.00008,-0.5975,-0.0004,-0.0046,-0.0055,-0.3183,-0.0269,-0.4986,0,0.04900,0.01900,0.0031,0.0047,0.005715,0.051560,-0.0108,0.0160,40.1503,0.0108,-0.0756,40.9796,-0.0200,-0.0525,22.7794,0.0245,0.0638,24.0561,0.001480,0.001711,40.1503,0.001500,0.001848,40.9796,-0.002275,-0.001947,22.7794,-0.002058,-0.002173,24.0561,-0.00164,-0.06266,-0.34713,0.67084,-0.32594,0.06155,-0.00039,-0.06127,-0.34816,0.67444,-0.32872,0.06177,0.00208,-0.00000,0.00068,-0.00000,-0.00020,0.52555,0.11382,-1.06842,0.06938,-0.05485,0.00181,0.29063,-0.09607,-0.63480,-0.04180,0.06896,0.00277,0.00009,0.00143,0.00010,6.000,6.000,12.000,12.000,6.000,6.000,6.000,6.000,12.000,12.000,6.000,6.000,6.000,6.000,6.000,6.000,0.004390,0.017843,0.004200,0.017873,0.004200,0.013423,0.004770,0.013335,0.000000,0.000192,0.000000,0.000000,0.634113,0.365887,0.000000,0.000000,0.000000,0.060954,0.061152
0.5450,-0.00108,0.01814,0.48135,1.00000,0.00009,0.00117,0.00047,0.00461,0.01329,0.31544,0.31446,0.00234,0.01800,2,0.03487,0.00234,0.034789,-0.00008,-0.5963,-0.0004,-0.0047,-0.0055,-0.3181,-0.0266,-0.4981,0,0.04900,0.01900,0.0030,0.0047,0.005722,0.051576,-0.0110,0.0164,40.2366,0.0103,-0.0742,41.0640,-0.0202,-0.0530,22.6948,0.0241,0.0630,23.9719,0.001487,0.001729,40.2366,0.001508,0.001864,41.0640,-0.002307,-0.001996,22.6948,-0.002089,-0.002219,23.9719,-0.00166,-0.06326,-0.34698,0.67045,-0.32571,0.06214,-0.00041,-0.06188,-0.34802,0.67408,-0.32851,0.06239,0.00212,-0.00000,0.00069,0.00000,-0.00021,0.53161,0.11494,-1.06998,0.06976,-0.05572,0.00186,0.29308,-0.09699,-0.63237,-0.04239,0.06989,0.00278,0.00010,0.00144,0.00010,6.000,6.000,12.000,12.000,6.000,6.000,6.000,6.000,12.000,12.000,6.000,6.000,6.000,6.000,6.000,6.000,0.004388,0.017970,0.004200,0.017997,0.004200,0.013548,0.004766,0.013467,0.000000,0.000191,0.000000,0.000000,0.635433,0.364567,0.000000,0.000000,0.000000,0.061545,0.061770
0.5500,-0.00108,0.01832,0.48135,1.00000,0.00009,0.00117,0.00048,0.00461,0.01342,0.31544,0.31446,0.00235,0.01812,2,0.03487,0.00235,0.034788,-0.00008,-0.5951,-0.0004,-0.0048,-0.0055,-0.3179,-0.0264,-0.4975,0,0.04900,0.01900,0.0030,0.0046,0.005730,0.051592,-0.0112,0.0169,40.3227,0.0099,-0.0728,41.1483,-0.0205,-0.0536,22.6102,0.0238,0.0621,23.8878,0.001494,0.001747,40.3227,0.001515,0.001879,41.1483,-0.002341,-0.002045,22.6102,-0.002119,-0.002265,23.8878,-0.00168,-0.06385,-0.34683,0.67006,-0.32547,0.06273,-0.00043,-0.06248,-0.34787,0.67372,-0.32831,0.06300,0.00216,-0.00000,0.00071,0.00000,-0.00022,0.53767,0.11607,-1.07155,0.07013,-0.05659,0.00191,0.29550,-0.09792,-0.62993,-0.04297,0.07082,0.00280,0.00010,0.00145,0.00011,6.000,6.000,12.000,12.000,6.000,6.000,6.000,6.000,12.000,12.000,6.000,6.000,6.000,6.000,6.000,6.000,0.004387,0.018096,0.004200,0.018121,0.004200,0.013672,0.004762,0.013598,0.000000,0.000189,0.000000,0.000000,0.636752,0.363248,0.000000,0.000000,0.000000,0.062136,0.062387
0.5550,-0.00109,0.01849,0.48136,1.00000,0.00009,0.00118,0.00048,0.00460,0.01355,0.31544,0.31446,0.00235,0.01825,2,0.03487,0.00235,0.034788,-0.00008,-0.5939,-0.0004,-0.0049,-0.0056,-0.3176,-0.0261,-0.4970,0,0.04900,0.01900,0.0029,0.0046,0.005737,0.051609,-0.0114,0.0174,40.4088,0.0095,-0.0713,41.2326,-0.0208,-0.0542,22.5256,0.0235,0.0612,23.8038,0.001502,0.001764,40.4088,0.001522,0.001895,41.2326,-0.002374,-0.002095,22.5257,-0.002149,-0.002312,23.8038,-0.00170,-0.06445,-0.34667,0.66967,-0.32524,0.06332,-0.00044,-0.06308,-0.34772,0.67336,-0.32810,0.06362,0.00219,-0.00000,0.00072,0.00000,-0.00024,0.54375,0.11719,-1.07310,0.07051,-0.05747,0.00195,0.29790,-0.09884,-0.62750,-0.04354,0.07177,0.00282,0.00010,0.00145,0.00011,6.000,6.000,12.000,12.000,6.000,6.000,6.000,6.000,12.000,12.000,6.000,6.000,6.000,6.000,6.000,6.000,0.004386,0.018223,0.004200,0.018246,0.004200,0.013796,0.004758,0.013729,0.000000,0.000187,0.000000,0.000000,0.638071,0.361929,0.000000,0.000000,0.000000,0.062727,0.063004
0.5600,-0.00109,0.01867,0.48136,1.00000,0.00009,0.00118,0.00049,0.00460,0.01368,0.31544,0.31446,0.00235,0.01837,2,0.03487,0.00235,0.034788,-0.00008,-0.5926,-0.0004,-0.0049,-0.0056,-0.3174,-0.0258,-0.4965,0,0.04900,0.01900,0.0028,0.0045,0.005744,0.051625,-0.0116,0.0178,40.4949,0.0091,-0.0699,41.3168,-0.0210,-0.0548,22.4412,0.0231,0.0604,23.7199,0.001509,0.001782,40.4949,0.001529,0.001912,41.3168,-0.002407,-0.002146,22.4412,-0.002180,-0.002359,23.7199,-0.00172,-0.06505,-0.34652,0.66928,-0.32500,0.06391,-0.00046,-0.06369,-0.34757,0.67300,-0.32790,0.06424,0.00223,-0.00000,0.00074,0.00000,-0.00025,0.54984,0.11831,-1.07465,0.07090,-0.05836,0.00200,0.30029,-0.09976,-0.62507,-0.04411,0.07272,0.00283,0.00010,0.00146,0.00011,6.000,6.000,12.000,12.000,6.000,6.000,6.000,6.000,12.000,12.000,6.000,6.000,6.000,6.000,6.000,6.000,0.004384,0.018349,0.004200,0.018370,0.004200,0.013921,0.004754,0.013860,0.000000,0.000186,0.000000,0.000000,0.639388,0.360612,0.000000,0.000000,0.000000,0.063316,0.063621
0.5650,-0.00109,0.01885,0.48136,1.00000,0.00008,0.00118,0.00050,0.00459,0.01381,0.31544,0.31446,0.00236,0.01849,2,0.03487,0.00236,0.034787,-0.00008,-0.5914,-0.0004,-0.0050,-0.0056,-0.3172,-0.0256,-0.4960,0,0.04900,0.01900,0.0028,0.0045,0.005751,0.051642,-0.0118,0.0183,40.5808,0.0087,-0.0685,41.4009,-0.0213,-0.0554,22.3568,0.0228,0.0595,23.6360,0.001516,0.001801,40.5808,0.001536,0.001928,41.4009,-0.002440,-0.002198,22.3568,-0.002210,-0.002407,23.6360,-0.00174,-0.06565,-0.34636,0.66889,-0.32477,0.06449,-0.00048,-0.06429,-0.34742,0.67264,-0.32769,0.06485,0.00227,-0.00000,0.00075,0.00000,-0.00027,0.55595,0.11942,-1.07620,0.07128,-0.05926,0.00205,0.30265,-0.10068,-0.62265,-0.04468,0.07368,0.00285,0.00011,0.00146,0.00011,6.000,6.000,12.000,12.000,6.000,6.000,6.000,6.000,12.000,12.000,6.000,6.000,6.000,6.000,6.000,6.000,0.004383,0.018476,0.004200,0.018494,0.004200,0.014045,0.004751,0.013991,0.000000,0.000185,0.000000,0.000000,0.640704,0.359296,0.000000,0.000000,0.000000,0.063906,0.064237
0.5700,-0.00110,0.01902,0.48136,1.00000,0.00008,0.00118,0.00051,0.00458,0.01394,0.31544,0.31446,0.00236,0.01862,2,0.03487,0.00236,0.034787,-0.00008,-0.5902,-0.0004,-0.0051,-0.0056,-0.3169,-0.0253,-0.4955,0,0.04900,0.01900,0.0027,0.0044,0.005758,0.051658,-0.0120,0.0188,40.6667,0.0083,-0.0671,41.4850,-0.0215,-0.0560,22.2724,0.0225,0.0586,23.5521,0.001523,0.001819,40.6667,0.001544,0.001944,41.4850,-0.002474,-0.002250,22.2724,-0.002241,-0.002456,23.5521,-0.00176,-0.06624,-0.34621,0.66850,-0.32454,0.06508,-0.00049,-0.06489,-0.34726,0.67228,-0.32749,0.06547,0.00231,-0.00000,0.00076,0.00000,-0.00028,0.56207,0.12053,-1.07774,0.07167,-0.06017,0.00209,0.30499,-0.10159,-0.62022,-0.04524,0.07465,0.00287,0.00011,0.00147,0.00012,6.000,6.000,12.000,12.000,6.000,6.000,6.000,6.000,12.000,12.000,6.000,6.000,6.000,6.000,6.000,6.000,0.004382,0.018602,0.004200,0.018618,0.004200,0.014169,0.004747,0.014121,0.000000,0.000183,0.000000,0.000000,0.642019,0.357981,0.000000,0.000000,0.000000,0.064494,0.064852
0.5750,-0.00110,0.01920,0.48136,1.00000,0.00008,0.00118,0.00052,0.00458,0.01407,0.31544,0.31446,0.00236,0.01874,2,0.03487,0.00236,0.034786,-0.00008,-0.5890,-0.0004,-0.0051,-0.0056,-0.3167,-0.0251,-0.4950,0,0.04900,0.01900,0.0027,0.0044,0.005766,0.051675,-0.0122,0.0193,40.7526,0.0079,-0.0656,41.5690,-0.0218,-0.0566,22.1881,0.0222,0.0577,23.4683,0.001530,0.001837,40.7526,0.001551,0.001961,41.5690,-0.002507,-0.002304,22.1881,-0.002272,-0.002506,23.4683,-0.00177,-0.06684,-0.34605,0.66811,-0.32431,0.06567,-0.00051,-0.06549,-0.34710,0.67191,-0.32728,0.06608,0.00234,-0.00000,0.00078,0.00000,-0.00030,0.56820,0.12164,-1.07927,0.07206,-0.06108,0.00214,0.30731,-0.10251,-0.61780,-0.04580,0.07562,0.00288,0.00011,0.00147,0.00012,6.000,6.000,12.000,12.000,6.000,6.000,6.000,6.000,12.000,12.000,6.000,6.000,6.000,6.000,6.000,6.000,0.004381,0.018729,0.004200,0.018742,0.004200,0.014293,0.004743,0.014252,0.000000,0.000182,0.000000,0.000000,0.643334,0.356666,0.000000,0.000000,0.000000,0.065082,0.065468
0.5800,-0.00110,0.01937,0.48136,1.00000,0.00008,0.00118,0.00053,0.00457,0.01420,0.31545,0.31446,0.00236,0.01887,2,0.03487,0.00236,0.034786,-0.00008,-0.5878,-0.0004,-0.0052,-0.0056,-0.3165,-0.0248,-0.4945,0,0.04900,0.01900,0.0026,0.0043,0.005773,0.051692,-0.0124,0.0198,40.8384,0.0075,-0.0642,41.6530,-0.0220,-0.0572,22.1038,0.0219,0.0569,23.3846,0.001537,0.001856,40.8384,0.001558,0.001978,41.6530,-0.002541,-0.002357,22.1038,-0.002303,-0.002556,23.3846,-0.00179,-0.06743,-0.34589,0.66771,-0.32407,0.06626,-0.00053,-0.06609,-0.34695,0.67154,-0.32708,0.06670,0.00238,-0.00000,0.00079,0.00000,-0.00031,0.57435,0.12275,-1.08080,0.07245,-0.06201,0.00219,0.30961,-0.10343,-0.61538,-0.04635,0.07661,0.00290,0.00011,0.00148,0.00013,6.000,6.000,12.000,12.000,6.000,6.000,6.000,6.000,12.000,12.000,6.000,6.000,6.000,6.000,6.000,6.000,0.004380,0.018855,0.004200,0.018867,0.004200,0.014418,0.004740,0.014383,0.000000,0.000181,0.000000,0.000000,0.644647,0.355353,0.000000,0.000000,0.000000,0.065669,0.066083
0.5850,-0.00111,0.01955,0.48136,1.00000,0.00008,0.00118,0.00054,0.00457,0.01433,0.31545,0.31446,0.00237,0.01899,2,0.03487,0.00237,0.034786,-0.00008,-0.5866,-0.0004,-0.0053,-0.0057,-0.3162,-0.0245,-0.4940,0,0.04900,0.01900,0.0025,0.0043,0.005780,0.051709,-0.0126,0.0202,40.9241,0.0071,-0.0628,41.7369,-0.0223,-0.0578,22.0196,0.0216,0.0560,23.3009,0.001544,0.001875,40.9241,0.001565,0.001995,41.7369,-0.002575,-0.002412,22.0196,-0.002334,-0.002607,23.3009,-0.00181,-0.06803,-0.34572,0.66731,-0.32384,0.06684,-0.00054,-0.06669,-0.34679,0.67118,-0.32687,0.06731,0.00242,-0.00000,0.00080,0.00000,-0.00033,0.58051,0.12385,-1.08232,0.07284,-0.06294,0.00223,0.31188,-0.10434,-0.61297,-0.04690,0.07760,0.00291,0.00012,0.00148,0.00013,6.000,6.000,12.000,12.000,6.000,6.000,6.000,6.000,12.000,12.000,6.000,6.000,6.000,6.000,6.000,6.000,0.004379,0.018981,0.004200,0.018991,0.004200,0.014542,0.004737,0.014513,0.000000,0.000179,0.000000,0.000000,0.645960,0.354040,0.000000,0.000000,0.000000,0.066256,0.066697
0.5900,-0.00111,0.01972,0.48137,1.00000,0.00008,0.00119,0.00054,0.00456,0.01446,0.31545,0.31446,0.00237,0.01912,2,0.03487,0.00237,0.034785,-0.00008,-0.5854,-0.0004,-0.0053,-0.0057,-0.3160,-0.0243,-0.4935,0,0.04900,0.01900,0.0025,0.0042,0.005787,0.051727,-0.0127,0.0207,41.0098,0.0067,-0.0613,41.8207,-0.0225,-0.0585,21.9354,0.0213,0.0550,23.2172,0.001552,0.001894,41.0098,0.001572,0.002012,41.8207,-0.002609,-0.002468,21.9354,-0.002365,-0.002659,23.2172,-0.00183,-0.06862,-0.34556,0.66691,-0.32361,0.06743,-0.00056,-0.06729,-0.34662,0.67081,-0.32667,0.06793,0.00245,-0.00000,0.00081,0.00000,-0.00035,0.58669,0.12494,-1.08383,0.07324,-0.06388,0.00228,0.31414,-0.10525,-0.61055,-0.04745,0.07860,0.00293,0.00012,0.00148,0.00013,6.000,6.000,12.000,12.000,6.000,6.000,6.000,6.000,12.000,12.000,6.000,6.000,6.000,6.000,6.000,6.000,0.004377,0.019108,0.004200,0.019115,0.004200,0.014666,0.004733,0.014644,0.000000,0.000178,0.000000,0.000000,0.647272,0.352728,0.000000,0.000000,0.000000,0.066841,0.067311
0.5950,-0.00111,0.01990,0.48137,1.00000,0.00008,0.00119,0.00055,0.00456,0.01459,0.31545,0.31446,0.00237,0.01924,2,0.03487,0.00237,0.034785,-0.00008,-0.5842,-0.0004,-0.0054,-0.0057,-0.3158,-0.0241,-0.4930,0,0.04900,0.01900,0.0024,0.0042,0.005794,0.051744,-0.0129,0.0212,41.0954,0.0064,-0.0599,41.9046,-0.0227,-0.0591,21.8512,0.0210,0.0541,23.1336,0.001559,0.001913,41.0954,0.001580,0.002029,41.9046,-0.002644,-0.002524,21.8513,-0.002396,-0.002711,23.1336,-0.00185,-0.06922,-0.34539,0.66651,-0.32338,0.06801,-0.00057,-0.06788,-0.34646,0.67043,-0.32647,0.06854,0.00249,-0.00000,0.00083,0.00000,-0.00036,0.59288,0.12604,-1.08534,0.07363,-0.06483,0.00233,0.31638,-0.10616,-0.60814,-0.04799,0.07961,0.00294,0.00012,0.00149,0.00014,6.000,6.000,12.000,12.000,6.000,6.000,6.000,6.000,12.000,12.000,6.000,6.000,6.000,6.000,6.000,6.000,0.004376,0.019234,0.004200,0.019239,0.004200,0.014791,0.004730,0.014774,0.000000,0.000177,0.000000,0.000000,0.648584,0.351416,0.000000,0.000000,0.000000,0.067427,0.067925
0.6000,-0.00111,0.02007,0.48137,1.00000,0.00008,0.00119,0.00056,0.00455,0.01472,0.31545,0.31446,0.00237,0.01936,2,0.03487,0.00237,0.034784,-0.00008,-0.5830,-0.0004,-0.0054,-0.0057,-0.3156,-0.0238,-0.4925,0,0.04900,0.01900,0.0023,0.0041,0.005801,0.051762,-0.0131,0.0217,41.1810,0.0060,-0.0584,41.9883,-0.0229,-0.0597,21.7671,0.0208,0.0532,23.0501,0.001566,0.001932,41.1810,0.001587,0.002047,41.9883,-0.002678,-0.002581,21.7672,-0.002428,-0.002764,23.0501,-0.00187,-0.06981,-0.34522,0.66611,-0.32314,0.06860,-0.00059,-0.06848,-0.34630,0.67006,-0.32626,0.06915,0.00253,-0.00000,0.00084,0.00001,-0.00038,0.59909,0.12713,-1.08684,0.07403,-0.06579,0.00237,0.31860,-0.10707,-0.60573,-0.04853,0.08063,0.00295,0.00012,0.00149,0.00014,6.000,6.000,12.000,12.000,6.000,6.000,6.000,6.000,12.000,12.000,6.000,6.000,6.000,6.000,6.000,6.000,0.004375,0.019360,0.004200,0.019364,0.004200,0.014915,0.004727,0.014904,0.000000,0.000176,0.000000,0.000000,0.649895,0.350105,0.000000,0.000000,0.000000,0.068012,0.068539
0.6050,-0.00112,0.02025,0.48137,1.00000,0.00008,0.00119,0.00057,0.00455,0.01485,0.31545,0.31446,0.00238,0.01949,2,0.03487,0.00238,0.034784,-0.00007,-0.5818,-0.0004,-0.0055,-0.0058,-0.3153,-0.0236,-0.4920,0,0.04900,0.01900,0.0023,0.0041,0.005808,0.051779,-0.0132,0.0222,41.2665,0.0056,-0.0570,42.0721,-0.0231,-0.0604,21.6831,0.0205,0.0523,22.9665,0.001573,0.001951,41.2665,0.001594,0.002064,42.0721,-0.002712,-0.002639,21.6831,-0.002459,-0.002818,22.9665,-0.00189,-0.07040,-0.34505,0.66571,-0.32291,0.06918,-0.00061,-0.06908,-0.34613,0.66969,-0.32606,0.06976,0.00256,-0.00000,0.00085,0.00001,-0.00040,0.60531,0.12822,-1.08834,0.07443,-0.06676,0.00242,0.32080,-0.10798,-0.60333,-0.04907,0.08166,0.00297,0.00012,0.00149,0.00014,6.000,6.000,12.000,12.000,6.000,6.000,6.000,6.000,12.000,12.000,6.000,6.000,6.000,6.000,6.000,6.000,0.004374,0.019486,0.004200,0.019488,0.004200,0.015039,0.004724,0.015035,0.000000,0.000175,0.000000,0.000000,0.651205,0.348795,0.000000,0.000000,0.000000,0.068596,0.069152
0.6100,-0.00112,0.02042,0.48137,1.00000,0.00008,0.00119,0.00058,0.00454,0.01498,0.31545,0.31446,0.00238,0.01961,2,0.03487,0.00238,0.034784,-0.00007,-0.5806,-0.0004,-0.0055,-0.0058,-0.3151,-0.0233,-0.4915,0,0.04900,0.01900,0.0022,0.0040,0.005815,0.051797,-0.0134,0.0227,41.3520,0.0053,-0.0556,42.1558,-0.0233,-0.0611,21.5990,0.0202,0.0513,22.8831,0.001580,0.001971,41.3520,0.001601,0.002082,42.1558,-0.002747,-0.002697,21.5991,-0.002491,-0.002872,22.8831,-0.00191,-0.07100,-0.34488,0.66530,-0.32268,0.06976,-0.00062,-0.06968,-0.34596,0.66931,-0.32585,0.07038,0.00260,-0.00000,0.00086,0.00001,-0.00041,0.61154,0.12931,-1.08983,0.07484,-0.06774,0.00247,0.32297,-0.10889,-0.60092,-0.04960,0.08270,0.00298,0.00013,0.00150,0.00015,6.000,6.000,12.000,12.000,6.000,6.000,6.000,6.000,12.000,12.000,6.000,6.000,6.000,6.000,6.000,6.000,0.004373,0.019613,0.004200,0.019612,0.004200,0.015164,0.004721,0.015165,0.000000,0.000174,0.000000,0.000000,0.652514,0.347486,0.000000,0.000000,0.000000,0.069179,0.069765
0.6150,-0.00112,0.02060,0.48137,1.00000,0.00008,0.00119,0.00058,0.00454,0.01511,0.31545,0.31446,0.00238,0.01974,2,0.03487,0.00238,0.034783,-0.00007,-0.5794,-0.0004,-0.0056,-0.0058,-0.3149,-0.0231,-0.4911,0,0.04900,0.01900,0.0021,0.0040,0.005822,0.051815,-0.0135,0.0232,41.4374,0.0050,-0.0541,42.2394,-0.0236,-0.0617,21.5150,0.0200,0.0504,22.7996,0.001587,0.001990,41.4374,0.001608,0.002100,42.2394,-0.002782,-0.002757,21.5151,-0.002522,-0.002928,22.7996,-0.00193,-0.07159,-0.34471,0.66490,-0.32245,0.07035,-0.00064,-0.07027,-0.34579,0.66893,-0.32565,0.07099,0.00263,-0.00000,0.00087,0.00001,-0.00043,0.61779,0.13039,-1.09132,0.07524,-0.06873,0.00251,0.32513,-0.10979,-0.59852,-0.05013,0.08374,0.00300,0.00013,0.00150,0.00015,6.000,6.000,12.000,12.000,6.000,6.000,6.000,6.000,12.000,12.000,6.000,6.000,6.000,6.000,6.000,6.000,0.004372,0.019739,0.004200,0.019736,0.004200,0.015288,0.004718,0.015295,0.000000,0.000173,0.000000,0.000000,0.653823,0.346177,0.000000,0.000000,0.000000,0.069763,0.070377
0.6200,-0.00112,0.02077,0.48137,1.00000,0.00008,0.00119,0.00059,0.00453,0.01524,0.31546,0.31446,0.00238,0.01986,2,0.03488,0.00238,0.034783,-0.00007,-0.5782,-0.0004,-0.0056,-0.0058,-0.3147,-0.0228,-0.4906,0,0.04900,0.01900,0.0021,0.0039,0.005829,0.051834,-0.0137,0.0237,41.5228,0.0046,-0.0527,42.3230,-0.0238,-0.0624,21.4310,0.0197,0.0494,22.7162,0.001594,0.002010,41.5228,0.001615,0.002118,42.3230,-0.002817,-0.002817,21.4311,-0.002554,-0.002984,22.7162,-0.00195,-0.07218,-0.34454,0.66449,-0.32221,0.07093,-0.00065,-0.07087,-0.34562,0.66855,-0.32544,0.07160,0.00267,-0.00000,0.00088,0.00001,-0.00045,0.62406,0.13147,-1.09280,0.07565,-0.06972,0.00256,0.32727,-0.11070,-0.59612,-0.05066,0.08479,0.00301,0.00013,0.00150,0.00016,6.000,6.000,12.000,12.000,6.000,6.000,6.000,6.000,12.000,12.000,6.000,6.000,6.000,6.000,6.000,6.000,0.004371,0.019865,0.004200,0.019861,0.004200,0.015412,0.004715,0.015425,0.000000,0.000172,0.000000,0.000000,0.655132,0.344868,0.000000,0.000000,0.000000,0.070345,0.070990
0.6250,-0.00112,0.02095,0.48138,1.00000,0.00008,0.00119,0.00060,0.00453,0.01537,0.31546,0.31446,0.00238,0.01998,2,0.03488,0.00238,0.034783,-0.00007,-0.5770,-0.0004,-0.0057,-0.0059,-0.3145,-0.0226,-0.4901,0,0.04900,0.01900,0.0020,0.0038,0.005836,0.051852,-0.0138,0.0242,41.6082,0.0043,-0.0513,42.4066,-0.0239,-0.0631,21.3471,0.0195,0.0485,22.6328,0.001601,0.002030,41.6082,0.001622,0.002136,42.4066,-0.002852,-0.002879,21.3472,-0.002586,-0.003041,22.6328,-0.00197,-0.07277,-0.34436,0.66408,-0.32198,0.07151,-0.00067,-0.07147,-0.34545,0.66817,-0.32524,0.07221,0.00270,-0.00000,0.00089,0.00001,-0.00047,0.63034,0.13254,-1.09427,0.07605,-0.07073,0.00261,0.32939,-0.11160,-0.59372,-0.05118,0.08585,0.00302,0.00013,0.00150,0.00016,6.000,6.000,12.000,12.000,6.000,6.000,6.000,6.000,12.000,12.000,6.000,6.000,6.000,6.000,6.000,6.000,0.004370,0.019991,0.004200,0.019985,0.004200,0.015536,0.004712,0.015555,0.000000,0.000171,0.000000,0.000000,0.656440,0.343560,0.000000,0.000000,0.000000,0.070927,0.071601
0.6300,-0.00113,0.02112,0.48138,1.00000,0.00008,0.00119,0.00061,0.00453,0.01550,0.31546,0.31446,0.00239,0.02011,2,0.03488,0.00239,0.034782,-0.00007,-0.5758,-0.0004,-0.0057,-0.0059,-0.3143,-0.0224,-0.4897,0,0.04900,0.01900,0.0020,0.0038,0.005843,0.051870,-0.0139,0.0247,41.6935,0.0040,-0.0498,42.4902,-0.0241,-0.0638,21.2632,0.0192,0.0475,22.5495,0.001608,0.002050,41.6935,0.001629,0.002155,42.4902,-0.002888,-0.002941,21.2633,-0.002618,-0.003098,22.5495,-0.00199,-0.07336,-0.34418,0.66367,-0.32175,0.07209,-0.00068,-0.07206,-0.34527,0.66779,-0.32503,0.07282,0.00273,-0.00000,0.00090,0.00001,-0.00049,0.63664,0.13362,-1.09574,0.07646,-0.07174,0.00266,0.33149,-0.11250,-0.59132,-0.05170,0.08692,0.00304,0.00014,0.00151,0.00016,6.000,6.000,12.000,12.000,6.000,6.000,6.000,6.000,12.000,12.000,6.000,6.000,6.000,6.000,6.000,6.000,0.004369,0.020117,0.004200,0.020109,0.004200,0.015661,0.004709,0.015685,0.000000,0.000170,0.000000,0.000000,0.657747,0.342253,0.000000,0.000000,0.000000,0.071509,0.072213
0.6350,-0.00113,0.02130,0.48138,1.00000,0.00008,0.00119,0.00062,0.00452,0.01563,0.31546,0.31446,0.00239,0.02023,2,0.03488,0.00239,0.034782,-0.00007,-0.5746,-0.0004,-0.0058,-0.0059,-0.3141,-0.0221,-0.4892,0,0.04900,0.01900,0.0019,0.0037,0.005850,0.051889,-0.0141,0.0252,41.7788,0.0036,-0.0484,42.5737,-0.0243,-0.0645,21.1793,0.0190,0.0465,22.4662,0.001614,0.002070,41.7788,0.001636,0.002173,42.5737,-0.002923,-0.003004,21.1794,-0.002651,-0.003157,22.4662,-0.00201,-0.07395,-0.34400,0.66325,-0.32152,0.07267,-0.00070,-0.07266,-0.34509,0.66740,-0.32483,0.07344,0.00277,-0.00000,0.00091,0.00001,-0.00051,0.64295,0.13469,-1.09720,0.07687,-0.07276,0.00270,0.33357,-0.11340,-0.58893,-0.05222,0.08800,0.00305,0.00014,0.00151,0.00017,6.000,6.000,12.000,12.000,6.000,6.000,6.000,6.000,12.000,12.000,6.000,6.000,6.000,6.000,6.000,6.000,0.004369,0.020243,0.004200,0.020233,0.004200,0.015785,0.004707,0.015815,0.000000,0.000169,0.000000,0.000000,0.659054,0.340946,0.000000,0.000000,0.000000,0.072089,0.072824
0.6400,-0.00113,0.02147,0.48138,1.00000,0.00008,0.00119,0.00063,0.00452,0.01575,0.31546,0.31446,0.00239,0.02036,2,0.03488,0.00239,0.034781,-0.00007,-0.5734,-0.0004,-0.0058,-0.0060,-0.3139,-0.0219,-0.4888,0,0.04900,0.01900,0.0018,0.0037,0.005857,0.051908,-0.0142,0.0257,41.8640,0.0033,-0.0470,42.6571,-0.0245,-0.0652,21.0955,0.0187,0.0455,22.3829,0.001621,0.002091,41.8640,0.001643,0.002192,42.6571,-0.002959,-0.003067,21.0955,-0.002683,-0.003216,22.3829,-0.00203,-0.07454,-0.34382,0.66284,-0.32128,0.07325,-0.00071,-0.07325,-0.34492,0.66702,-0.32462,0.07405,0.00280,-0.00000,0.00092,0.00002,-0.00053,0.64928,0.13576,-1.09865,0.07728,-0.07379,0.00275,0.33563,-0.11430,-0.58654,-0.05273,0.08909,0.00306,0.00014,0.00151,0.00017,6.000,6.000,12.000,12.000,6.000,6.000,6.000,6.000,12.000,12.000,6.000,6.000,6.000,6.000,6.000,6.000,0.004368,0.020370,0.004200,0.020358,0.004200,0.015909,0.004704,0.015945,0.000000,0.000169,0.000000,0.000000,0.660360,0.339640,0.000000,0.000000,0.000000,0.072670,0.073435
0.6450,-0.00113,0.02165,0.48138,1.00000,0.00008,0.00120,0.00063,0.00451,0.01588,0.31546,0.31446,0.00239,0.02048,2,0.03488,0.00239,0.034781,-0.00007,-0.5722,-0.0004,-0.0059,-0.0060,-0.3136,-0.0217,-0.4883,0,0.04900,0.01900,0.0018,0.0036,0.005864,0.051927,-0.0143,0.0263,41.9492,0.0030,-0.0455,42.7406,-0.0247,-0.0659,21.0116,0.0185,0.0445,22.2996,0.001628,0.002111,41.9492,0.001650,0.002210,42.7406,-0.002995,-0.003132,21.0117,-0.002716,-0.003276,22.2996,-0.00204,-0.07513,-0.34364,0.66242,-0.32105,0.07383,-0.00073,-0.07384,-0.34474,0.66663,-0.32442,0.07466,0.00283,-0.00000,0.00093,0.00002,-0.00054,0.65562,0.13682,-1.10010,0.07770,-0.07483,0.00280,0.33767,-0.11519,-0.58414,-0.05324,0.09019,0.00307,0.00014,0.00151,0.00017,6.000,6.000,12.000,12.000,6.000,6.000,6.000,6.000,12.000,12.000,6.000,6.000,6.000,6.000,6.000,6.000,0.004367,0.020496,0.004200,0.020482,0.004200,0.016034,0.004701,0.016075,0.000000,0.000168,0.000000,0.000000,0.661666,0.338334,0.000000,0.000000,0.000000,0.073250,0.074046
0.6500,-0.00113,0.02182,0.48138,1.00000,0.00007,0.00120,0.00064,0.00451,0.01601,0.31546,0.31446,0.00239,0.02061,2,0.03488,0.00239,0.034781,-0.00007,-0.5711,-0.0004,-0.0059,-0.0060,-0.3134,-0.0215,-0.4879,0,0.04900,0.01900,0.0017,0.0035,0.005871,0.051946,-0.0144,0.0268,42.0344,0.0027,-0.0441,42.8240,-0.0249,-0.0667,20.9278,0.0183,0.0435,22.2164,0.001635,0.002132,42.0344,0.001657,0.002229,42.8240,-0.003031,-0.003198,20.9279,-0.002749,-0.003336,22.2164,-0.00206,-0.07572,-0.34345,0.66200,-0.32082,0.07441,-0.00074,-0.07444,-0.34455,0.66624,-0.32421,0.07527,0.00287,-0.00000,0.00094,0.00002,-0.00056,0.66198,0.13788,-1.10155,0.07811,-0.07588,0.00285,0.33969,-0.11609,-0.58176,-0.05375,0.09129,0.00309,0.00014,0.00151,0.00018,6.000,6.000,12.000,12.000,6.000,6.000,6.000,6.000,12.000,12.000,6.000,6.000,6.000,6.000,6.000,6.000,0.004366,0.020622,0.004200,0.020606,0.004200,0.016158,0.004698,0.016205,0.000000,0.000167,0.000000,0.000000,0.662971,0.337029,0.000000,0.000000,0.000000,0.073829,0.074657
0.6550,-0.00113,0.02199,0.48138,1.00000,0.00007,0.00120,0.00065,0.00450,0.01614,0.31546,0.31446,0.00239,0.02073,2,0.03488,0.00239,0.034780,-0.00007,-0.5699,-0.0004,-0.0060,-0.0061,-0.3132,-0.0212,-0.4874,0,0.04900,0.01900,0.0017,0.0035,0.005878,0.051965,-0.0145,0.0273,42.1195,0.0024,-0.0426,42.9074,-0.0250,-0.0674,20.8441,0.0181,0.0425,22.1332,0.001642,0.002152,42.1195,0.001663,0.002248,42.9074,-0.003068,-0.003264,20.8441,-0.002782,-0.003398,22.1332,-0.00208,-0.07631,-0.34327,0.66158,-0.32058,0.07499,-0.00076,-0.07503,-0.34437,0.66585,-0.32400,0.07588,0.00290,-0.00000,0.00095,0.00002,-0.00058,0.66835,0.13894,-1.10298,0.07852,-0.07694,0.00289,0.34169,-0.11698,-0.57937,-0.05425,0.09240,0.00310,0.00015,0.00151,0.00018,6.000,6.000,12.000,12.000,6.000,6.000,6.000,6.000,12.000,12.000,6.000,6.000,6.000,6.000,6.000,6.000,0.004365,0.020748,0.004200,0.020730,0.004200,0.016282,0.004696,0.016334,0.000000,0.000166,0.000000,0.000000,0.664276,0.335724,0.000000,0.000000,0.000000,0.074408,0.075267
0.6600,-0.00113,0.02217,0.48138,1.00000,0.00007,0.00120,0.00066,0.00450,0.01627,0.31546,0.31446,0.00239,0.02085,2,0.03488,0.00239,0.034780,-0.00007,-0.5687,-0.0004,-0.0060,-0.0061,-0.3130,-0.0210,-0.4870,0,0.04900,0.01900,0.0016,0.0034,0.005885,0.051984,-0.0146,0.0278,42.2046,0.0021,-0.0412,42.9907,-0.0252,-0.0681,20.7603,0.0179,0.0415,22.0501,0.001649,0.002173,42.2046,0.001670,0.002268,42.9907,-0.003105,-0.003332,20.7604,-0.002815,-0.003460,22.0501,-0.00210,-0.07690,-0.34308,0.66116,-0.32035,0.07556,-0.00077,-0.07563,-0.34419,0.66545,-0.32380,0.07649,0.00293,-0.00000,0.00095,0.00002,-0.00060,0.67474,0.14000,-1.10441,0.07894,-0.07800,0.00294,0.34367,-0.11787,-0.57698,-0.05476,0.09352,0.00311,0.00015,0.00151,0.00018,6.000,6.000,12.000,12.000,6.000,6.000,6.000,6.000,12.000,12.000,6.000,6.000,6.000,6.000,6.000,6.000,0.004364,0.020874,0.004200,0.020854,0.004200,0.016406,0.004693,0.016464,0.000000,0.000166,0.000000,0.000000,0.665581,0.334419,0.000000,0.000000,0.000000,0.074986,0.075877
0.6650,-0.00114,0.02234,0.48138,1.00000,0.00007,0.00120,0.00067,0.00450,0.01640,0.31546,0.31446,0.00239,0.02098,2,0.03488,0.00239,0.034779,-0.00007,-0.5675,-0.0004,-0.0060,-0.0061,-0.3128,-0.0208,-0.4865,0,0.04900,0.01900,0.0015,0.0034,0.005892,0.052004,-0.0148,0.0283,42.2897,0.0018,-0.0398,43.0741,-0.0253,-0.0689,20.6766,0.0177,0.0405,21.9669,0.001655,0.002194,42.2897,0.001677,0.002287,43.0741,-0.003141,-0.003400,20.6766,-0.002848,-0.003523,21.9669,-0.00212,-0.07749,-0.34289,0.66074,-0.32011,0.07614,-0.00079,-0.07622,-0.34400,0.66506,-0.32359,0.07710,0.00296,-0.00000,0.00096,0.00002,-0.00062,0.68114,0.14105,-1.10584,0.07936,-0.07908,0.00299,0.34563,-0.11876,-0.57460,-0.05526,0.09465,0.00312,0.00015,0.00151,0.00019,6.000,6.000,12.000,12.000,6.000,6.000,6.000,6.000,12.000,12.000,6.000,6.000,6.000,6.000,6.000,6.000,0.004363,0.021000,0.004200,0.020979,0.004200,0.016531,0.004691,0.016594,0.000000,0.000165,0.000000,0.000000,0.666885,0.333115,0.000000,0.000000,0.000000,0.075564,0.076487
0.6700,-0.00114,0.02251,0.48138,1.00000,0.00007,0.00120,0.00067,0.00449,0.01653,0.31546,0.31446,0.00240,0.02110,2,0.03488,0.00240,0.034779,-0.00007,-0.5663,-0.0004,-0.0061,-0.0062,-0.3126,-0.0206,-0.4861,0,0.04900,0.01900,0.0015,0.0033,0.005898,0.052023,-0.0149,0.0288,42.3747,0.0016,-0.0383,43.1574,-0.0255,-0.0697,20.5929,0.0175,0.0394,21.8838,0.001662,0.002216,42.3747,0.001684,0.002306,43.1574,-0.003179,-0.003470,20.5929,-0.002882,-0.003588,21.8838,-0.00214,-0.07807,-0.34270,0.66031,-0.31988,0.07672,-0.00080,-0.07681,-0.34381,0.66466,-0.32338,0.07771,0.00299,-0.00000,0.00097,0.00003,-0.00065,0.68756,0.14210,-1.10726,0.07977,-0.08016,0.00304,0.34757,-0.11965,-0.57222,-0.05575,0.09579,0.00313,0.00015,0.00151,0.00019,6.000,6.000,12.000,12.000,6.000,6.000,6.000,6.000,12.000,12.000,6.000,6.000,6.000,6.000,6.000,6.000,0.004363,0.021126,0.004200,0.021103,0.004200,0.016655,0.004688,0.016723,0.000000,0.000165,0.000000,0.000000,0.668189,0.331811,0.000000,0.000000,0.000000,0.076142,0.077097
0.6750,-0.00114,0.02269,0.48138,1.00000,0.00007,0.00120,0.00068,0.00449,0.01665,0.31547,0.31446,0.00240,0.02123,2,0.03488,0.00240,0.034779,-0.00007,-0.5652,-0.0004,-0.0061,-0.0062,-0.3124,-0.0203,-0.4857,0,0.04900,0.01900,0.0014,0.0032,0.005905,0.052043,-0.0149,0.0294,42.4597,0.0013,-0.0369,43.2406,-0.0256,-0.0704,20.5092,0.0173,0.0384,21.8007,0.001669,0.002237,42.4597,0.001691,0.002326,43.2406,-0.003216,-0.003540,20.5092,-0.002916,-0.003652,21.8007,-0.00216,-0.07866,-0.34251,0.65988,-0.31964,0.07730,-0.00082,-0.07740,-0.34362,0.66426,-0.32317,0.07832,0.00302,-0.00000,0.00098,0.00003,-0.00067,0.69400,0.14315,-1.10867,0.08019,-0.08125,0.00309,0.34950,-0.12054,-0.56984,-0.05625,0.09694,0.00314,0.00015,0.00151,0.00020,6.000,6.000,12.000,12.000,6.000,6.000,6.000,6.000,12.000,12.000,6.000,6.000,6.000,6.000,6.000,6.000,0.004362,0.021252,0.004200,0.021227,0.004200,0.016779,0.004686,0.016853,0.000000,0.000164,0.000000,0.000000,0.669492,0.330508,0.000000,0.000000,0.000000,0.076719,0.077706
0.6800,-0.00114,0.02286,0.48139,1.00000,0.00007,0.00120,0.00069,0.00449,0.01678,0.31547,0.31446,0.00240,0.02135,2,0.03488,0.00240,0.034778,-0.00007,-0.5640,-0.0004,-0.0062,-0.0062,-0.3122,-0.0201,-0.4852,0,0.04900,0.01900,0.0014,0.0032,0.005912,0.052063,-0.0150,0.0299,42.5447,0.0010,-0.0355,43.3239,-0.0258,-0.0712,20.4255,0.0171,0.0373,21.7176,0.001675,0.002258,42.5447,0.001697,0.002346,43.3239,-0.003253,-0.003611,20.4256,-0.002949,-0.003718,21.7176,-0.00218,-0.07925,-0.34231,0.65945,-0.31941,0.07787,-0.00083,-0.07799,-0.34343,0.66386,-0.32297,0.07892,0.00306,-0.00000,0.00098,0.00003,-0.00069,0.70045,0.14419,-1.11008,0.08061,-0.08236,0.00313,0.35140,-0.12142,-0.56746,-0.05674,0.09809,0.00315,0.00016,0.00151,0.00020,6.000,6.000,12.000,12.000,6.000,6.000,6.000,6.000,12.000,12.000,6.000,6.000,6.000,6.000,6.000,6.000,0.004361,0.021378,0.004200,0.021351,0.004200,0.016904,0.004684,0.016983,0.000000,0.000163,0.000000,0.000000,0.670795,0.329205,0.000000,0.000000,0.000000,0.077295,0.078315
0.6850,-0.00114,0.02303,0.48139,1.00000,0.00007,0.00120,0.00070,0.00448,0.01691,0.31547,0.31446,0.00240,0.02148,2,0.03488,0.00240,0.034778,-0.00007,-0.5628,-0.0004,-0.0062,-0.0063,-0.3120,-0.0199,-0.4848,0,0.04900,0.01900,0.0013,0.0031,0.005918,0.052083,-0.0151,0.0304,42.6296,0.0008,-0.0340,43.4071,-0.0259,-0.0720,20.3419,0.0169,0.0363,21.6346,0.001682,0.002280,42.6296,0.001704,0.002366,43.4071,-0.003291,-0.003683,20.3419,-0.002983,-0.003785,21.6346,-0.00220,-0.07983,-0.34212,0.65902,-0.31917,0.07845,-0.00084,-0.07859,-0.34324,0.66345,-0.32276,0.07953,0.00309,-0.00000,0.00099,0.00003,-0.00071,0.70692,0.14523,-1.11148,0.08103,-0.08347,0.00318,0.35329,-0.12231,-0.56509,-0.05723,0.09926,0.00317,0.00016,0.00151,0.00020,6.000,6.000,12.000,12.000,6.000,6.000,6.000,6.000,12.000,12.000,6.000,6.000,6.000,6.000,6.000,6.000,0.004360,0.021504,0.004200,0.021476,0.004200,0.017028,0.004681,0.017112,0.000000,0.000163,0.000000,0.000000,0.672098,0.327902,0.000000,0.000000,0.000000,0.077872,0.078924
0.6900,-0.00114,0.02321,0.48139,1.00000,0.00007,0.00120,0.00070,0.00448,0.01704,0.31547,0.31446,0.00240,0.02160,2,0.03488,0.00240,0.034778,-0.00007,-0.5617,-0.0004,-0.0062,-0.0063,-0.3118,-0.0197,-0.4844,0,0.04900,0.01900,0.0012,0.0030,0.005925,0.052103,-0.0152,0.0309,42.7145,0.0005,-0.0326,43.4903,-0.0261,-0.0728,20.2582,0.0167,0.0352,21.5515,0.001688,0.002302,42.7145,0.001711,0.002386,43.4903,-0.003329,-0.003757,20.2583,-0.003018,-0.003852,21.5515,-0.00221,-0.08042,-0.34192,0.65859,-0.31894,0.07902,-0.00086,-0.07918,-0.34304,0.66305,-0.32255,0.08014,0.00312,-0.00000,0.00100,0.00004,-0.00073,0.71340,0.14627,-1.11287,0.08145,-0.08459,0.00323,0.35515,-0.12319,-0.56271,-0.05771,0.10043,0.00318,0.00016,0.00151,0.00021,6.000,6.000,12.000,12.000,6.000,6.000,6.000,6.000,12.000,12.000,6.000,6.000,6.000,6.000,6.000,6.000,0.004359,0.021630,0.004200,0.021600,0.004200,0.017152,0.004679,0.017242,0.000000,0.000163,0.000000,0.000000,0.673400,0.326600,0.000000,0.000000,0.000000,0.078447,0.079533
0.6950,-0.00114,0.02338,0.48139,1.00000,0.00007,0.00120,0.00071,0.00448,0.01717,0.31547,0.31446,0.00240,0.02172,2,0.03488,0.00240,0.034777,-0.00007,-0.5605,-0.0004,-0.0063,-0.0064,-0.3117,-0.0195,-0.4840,0,0.04900,0.01900,0.0012,0.0029,0.005932,0.052124,-0.0153,0.0315,42.7994,0.0002,-0.0312,43.5735,-0.0262,-0.0736,20.1746,0.0165,0.0341,21.4685,0.001695,0.002324,42.7994,0.001717,0.002406,43.5735,-0.003367,-0.003831,20.1747,-0.003052,-0.003921,21.4685,-0.00223,-0.08101,-0.34172,0.65815,-0.31870,0.07960,-0.00087,-0.07977,-0.34285,0.66264,-0.32234,0.08075,0.00315,-0.00000,0.00100,0.00004,-0.00075,0.71990,0.14731,-1.11426,0.08187,-0.08571,0.00328,0.35700,-0.12407,-0.56034,-0.05820,0.10161,0.00319,0.00016,0.00151,0.00021,6.000,6.000,12.000,12.000,6.000,6.000,6.000,6.000,12.000,12.000,6.000,6.000,6.000,6.000,6.000,6.000,0.004359,0.021756,0.004200,0.021724,0.004200,0.017276,0.004677,0.017371,0.000000,0.000162,0.000000,0.000000,0.674702,0.325298,0.000000,0.000000,0.000000,0.079022,0.080141
0.7000,-0.00114,0.02355,0.48139,1.00000,0.00007,0.00120,0.00072,0.00447,0.01730,0.31547,0.31446,0.00240,0.02185,2,0.03488,0.00240,0.034777,-0.00007,-0.5594,-0.0004,-0.0063,-0.0064,-0.3115,-0.0193,-0.4836,0,0.04900,0.01900,0.0011,0.0029,0.005938,0.052144,-0.0154,0.0320,42.8843,-0.0000,-0.0297,43.6567,-0.0263,-0.0744,20.0910,0.0163,0.0331,21.3855,0.001701,0.002346,42.8843,0.001724,0.002426,43.6567,-0.003406,-0.003906,20.0911,-0.003087,-0.003990,21.3855,-0.00225,-0.08159,-0.34152,0.65771,-0.31846,0.08017,-0.00089,-0.08036,-0.34265,0.66223,-0.32213,0.08136,0.00318,-0.00000,0.00101,0.00004,-0.00077,0.72642,0.14834,-1.11564,0.08230,-0.08685,0.00333,0.35883,-0.12494,-0.55797,-0.05868,0.10280,0.00320,0.00016,0.00151,0.00021,6.000,6.000,12.000,12.000,6.000,6.000,6.000,6.000,12.000,12.000,6.000,6.000,6.000,6.000,6.000,6.000,0.004358,0.021881,0.004200,0.021848,0.004200,0.017401,0.004674,0.017501,0.000000,0.000162,0.000000,0.000000,0.676004,0.323996,0.000000,0.000000,0.000000,0.079597,0.080749
0.7050,-0.00114,0.02373,0.48139,1.00000,0.00007,0.00120,0.00073,0.00447,0.01742,0.31547,0.31446,0.00240,0.02197,2,0.03488,0.00240,0.034776,-0.00007,-0.5582,-0.0004,-0.0063,-0.0064,-0.3113,-0.0191,-0.4831,0,0.04900,0.01900,0.0011,0.0028,0.005945,0.052165,-0.0154,0.0325,42.9691,-0.0003,-0.0283,43.7398,-0.0265,-0.0752,20.0074,0.0162,0.0320,21.3025,0.001708,0.002368,42.9691,0.001730,0.002447,43.7398,-0.003445,-0.003983,20.0075,-0.003122,-0.004060,21.3025,-0.00227,-0.08218,-0.34132,0.65727,-0.31822,0.08075,-0.00090,-0.08095,-0.34245,0.66182,-0.32192,0.08197,0.00321,-0.00000,0.00102,0.00004,-0.00080,0.73295,0.14937,-1.11701,0.08272,-0.08800,0.00338,0.36064,-0.12582,-0.55560,-0.05916,0.10400,0.00321,0.00017,0.00151,0.00021,6.000,6.000,12.000,12.000,6.000,6.000,6.000,6.000,12.000,12.000,6.000,6.000,6.000,6.000,6.000,6.000,0.004357,0.022007,0.004200,0.021972,0.004200,0.017525,0.004672,0.017630,0.000000,0.000161,0.000000,0.000000,0.677305,0.322695,0.000000,0.000000,0.000000,0.080171,0.081358
0.7100,-0.00114,0.02390,0.48139,1.00000,0.00007,0.00120,0.00074,0.00447,0.01755,0.31547,0.31446,0.00240,0.02210,2,0.03488,0.00240,0.034776,-0.00007,-0.5570,-0.0004,-0.0063,-0.0065,-0.3111,-0.0189,-0.4827,0,0.04900,0.01900,0.0010,0.0027,0.005951,0.052185,-0.0155,0.0331,43.0539,-0.0005,-0.0268,43.8229,-0.0266,-0.0760,19.9239,0.0160,0.0309,21.2196,0.001714,0.002390,43.0539,0.001737,0.002467,43.8229,-0.003484,-0.004060,19.9239,-0.003157,-0.004132,21.2196,-0.00229,-0.08276,-0.34111,0.65683,-0.31798,0.08132,-0.00091,-0.08154,-0.34225,0.66140,-0.32170,0.08257,0.00324,-0.00000,0.00102,0.00005,-0.00082,0.73950,0.15040,-1.11838,0.08314,-0.08915,0.00342,0.36243,-0.12669,-0.55323,-0.05964,0.10520,0.00322,0.00017,0.00151,0.00022,6.000,6.000,12.000,12.000,6.000,6.000,6.000,6.000,12.000,12.000,6.000,6.000,6.000,6.000,6.000,6.000,0.004356,0.022133,0.004200,0.022097,0.004200,0.017649,0.004670,0.017759,0.000000,0.000161,0.000000,0.000000,0.678606,0.321394,0.000000,0.000000,0.000000,0.080745,0.081965
0.7150,-0.00114,0.02407,0.48139,1.00000,0.00007,0.00120,0.00074,0.00446,0.01768,0.31547,0.31446,0.00240,0.02222,2,0.03488,0.00240,0.034776,-0.00007,-0.5559,-0.0004,-0.0064,-0.0065,-0.3109,-0.0186,-0.4823,0,0.04900,0.01900,0.0010,0.0027,0.005958,0.052206,-0.0156,0.0336,43.1387,-0.0007,-0.0254,43.9060,-0.0267,-0.0769,19.8403,0.0158,0.0298,21.1367,0.001721,0.002412,43.1387,0.001743,0.002488,43.9060,-0.003523,-0.004138,19.8404,-0.003192,-0.004204,21.1367,-0.00231,-0.08335,-0.34091,0.65638,-0.31774,0.08189,-0.00093,-0.08213,-0.34205,0.66099,-0.32149,0.08318,0.00326,-0.00000,0.00103,0.00005,-0.00084,0.74606,0.15143,-1.11974,0.08357,-0.09031,0.00347,0.36420,-0.12757,-0.55087,-0.06011,0.10642,0.00323,0.00017,0.00151,0.00022,6.000,6.000,12.000,12.000,6.000,6.000,6.000,6.000,12.000,12.000,6.000,6.000,6.000,6.000,6.000,6.000,0.004356,0.022259,0.004200,0.022221,0.004200,0.017774,0.004668,0.017889,0.000000,0.000161,0.000000,0.000000,0.679907,0.320093,0.000000,0.000000,0.000000,0.081319,0.082573
0.7200,-0.00114,0.02425,0.48139,1.00000,0.00007,0.00120,0.00075,0.00446,0.01781,0.31547,0.31446,0.00240,0.02234,2,0.03488,0.00240,0.034775,-0.00007,-0.5547,-0.0004,-0.0064,-0.0066,-0.3107,-0.0184,-0.4819,0,0.04900,0.01900,0.0009,0.0026,0.005964,0.052227,-0.0156,0.0342,43.2235,-0.0010,-0.0240,43.9891,-0.0268,-0.0777,19.7568,0.0157,0.0287,21.0537,0.001727,0.002435,43.2235,0.001750,0.002509,43.9891,-0.003562,-0.004218,19.7568,-0.003227,-0.004277,21.0537,-0.00233,-0.08393,-0.34070,0.65594,-0.31750,0.08246,-0.00094,-0.08272,-0.34184,0.66057,-0.32128,0.08379,0.00329,-0.00000,0.00103,0.00005,-0.00087,0.75264,0.15245,-1.12109,0.08399,-0.09149,0.00352,0.36595,-0.12844,-0.54850,-0.06058,0.10764,0.00324,0.00017,0.00150,0.00022,6.000,6.000,12.000,12.000,6.000,6.000,6.000,6.000,12.000,12.000,6.000,6.000,6.000,6.000,6.000,6.000,0.004355,0.022385,0.004200,0.022345,0.004200,0.017898,0.004666,0.018018,0.000000,0.000160,0.000000,0.000000,0.681207,0.318793,0.000000,0.000000,0.000000,0.081892,0.083181
0.7250,-0.00114,0.02442,0.48139,1.00000,0.00007,0.00120,0.00076,0.00446,0.01794,0.31547,0.31446,0.00240,0.02247,2,0.03488,0.00240,0.034775,-0.00007,-0.5536,-0.0003,-0.0064,-0.0066,-0.3105,-0.0182,-0.4815,0,0.04900,0.01900,0.0009,0.0025,0.005971,0.052248,-0.0157,0.0347,43.3082,-0.0012,-0.0225,44.0722,-0.0269,-0.0786,19.6732,0.0155,0.0275,20.9708,0.001733,0.002457,43.3082,0.001756,0.002530,44.0722,-0.003602,-0.004299,19.6733,-0.003263,-0.004351,20.9708,-0.00234,-0.08452,-0.34049,0.65549,-0.31726,0.08304,-0.00095,-0.08331,-0.34164,0.66015,-0.32106,0.08440,0.00332,-0.00000,0.00104,0.00005,-0.00089,0.75924,0.15347,-1.12244,0.08441,-0.09267,0.00357,0.36768,-0.12931,-0.54614,-0.06105,0.10887,0.00325,0.00017,0.00150,0.00023,6.000,6.000,12.000,12.000,6.000,6.000,6.000,6.000,12.000,12.000,6.000,6.000,6.000,6.000,6.000,6.000,0.004354,0.022511,0.004200,0.022469,0.004200,0.018022,0.004664,0.018147,0.000000,0.000160,0.000000,0.000000,0.682507,0.317493,0.000000,0.000000,0.000000,0.082465,0.083788
0.7300,-0.00114,0.02459,0.48139,1.00000,0.00006,0.00120,0.00077,0.00445,0.01806,0.31547,0.31446,0.00240,0.02259,2,0.03488,0.00240,0.034775,-0.00007,-0.5524,-0.0003,-0.0065,-0.0067,-0.3104,-0.0180,-0.4811,0,0.04900,0.01900,0.0008,0.0024,0.005977,0.052269,-0.0157,0.0352,43.3929,-0.0014,-0.0211,44.1552,-0.0270,-0.0794,19.5897,0.0154,0.0264,20.8879,0.001740,0.002480,43.3929,0.001762,0.002551,44.1552,-0.003642,-0.004380,19.5898,-0.003299,-0.004426,20.8879,-0.00236,-0.08510,-0.34028,0.65504,-0.31702,0.08361,-0.00097,-0.08389,-0.34143,0.65973,-0.32085,0.08500,0.00335,-0.00000,0.00104,0.00006,-0.00091,0.76585,0.15449,-1.12378,0.08484,-0.09386,0.00362,0.36940,-0.13017,-0.54378,-0.06152,0.11011,0.00326,0.00017,0.00150,0.00023,6.000,6.000,12.000,12.000,6.000,6.000,6.000,6.000,12.000,12.000,6.000,6.000,6.000,6.000,6.000,6.000,0.004354,0.022637,0.004200,0.022593,0.004200,0.018146,0.004662,0.018276,0.000000,0.000160,0.000000,0.000000,0.683807,0.316193,0.000000,0.000000,0.000000,0.083037,0.084396
0.7350,-0.00114,0.02476,0.48139,1.00000,0.00006,0.00120,0.00077,0.00445,0.01819,0.31547,0.31446,0.00240,0.02272,2,0.03489,0.00240,0.034774,-0.00007,-0.5513,-0.0003,-0.0065,-0.0067,-0.3102,-0.0178,-0.4807,0,0.04900,0.01900,0.0007,0.0024,0.005983,0.052291,-0.0158,0.0358,43.4776,-0.0016,-0.0197,44.2383,-0.0272,-0.0803,19.5062,0.0152,0.0253,20.8051,0.001746,0.002503,43.4776,0.001769,0.002572,44.2383,-0.003682,-0.004463,19.5063,-0.003335,-0.004502,20.8051,-0.00238,-0.08568,-0.34007,0.65458,-0.31678,0.08418,-0.00098,-0.08448,-0.34122,0.65930,-0.32064,0.08561,0.00338,-0.00000,0.00104,0.00006,-0.00094,0.77248,0.15550,-1.12512,0.08526,-0.09506,0.00367,0.37109,-0.13104,-0.54142,-0.06199,0.11136,0.00327,0.00018,0.00150,0.00023,6.000,6.000,12.000,12.000,6.000,6.000,6.000,6.000,12.000,12.000,6.000,6.000,6.000,6.000,6.000,6.000,0.004353,0.022762,0.004200,0.022717,0.004200,0.018271,0.004660,0.018406,0.000000,0.000160,0.000000,0.000000,0.685107,0.314893,0.000000,0.000000,0.000000,0.083609,0.085003
0.7400,-0.00114,0.02494,0.48139,1.00000,0.00006,0.00120,0.00078,0.00445,0.01832,0.31547,0.31446,0.00240,0.02284,2,0.03489,0.00240,0.034774,-0.00007,-0.5501,-0.0003,-0.0065,-0.0068,-0.3100,-0.0176,-0.4803,0,0.04900,0.01900,0.0007,0.0023,0.005990,0.052312,-0.0158,0.0363,43.5623,-0.0018,-0.0182,44.3213,-0.0273,-0.0812,19.4227,0.0151,0.0241,20.7222,0.001752,0.002526,43.5623,0.001775,0.002594,44.3213,-0.003723,-0.004547,19.4228,-0.003372,-0.004579,20.7222,-0.00240,-0.08627,-0.33985,0.65413,-0.31654,0.08475,-0.00099,-0.08507,-0.34101,0.65887,-0.32042,0.08622,0.00341,-0.00000,0.00105,0.00006,-0.00096,0.77913,0.15652,-1.12644,0.08569,-0.09626,0.00372,0.37277,-0.13190,-0.53906,-0.06245,0.11262,0.00328,0.00018,0.00150,0.00023,6.000,6.000,12.000,12.000,6.000,6.000,6.000,6.000,12.000,12.000,6.000,6.000,6.000,6.000,6.000,6.000,0.004352,0.022888,0.004200,0.022842,0.004200,0.018395,0.004658,0.018535,0.000000,0.000160,0.000000,0.000000,0.686406,0.313594,0.000000,0.000000,0.000000,0.084180,0.085610
0.7450,-0.00114,0.02511,0.48139,1.00000,0.00006,0.00120,0.00079,0.00445,0.01845,0.31547,0.31446,0.00240,0.02297,2,0.03489,0.00240,0.034773,-0.00007,-0.5490,-0.0003,-0.0065,-0.0068,-0.3098,-0.0174,-0.4799,0,0.04900,0.01900,0.0006,0.0022,0.005996,0.052334,-0.0159,0.0369,43.6469,-0.0021,-0.0168,44.4043,-0.0274,-0.0821,19.3392,0.0149,0.0230,20.6394,0.001758,0.002549,43.6469,0.001781,0.002615,44.4043,-0.003764,-0.004632,19.3393,-0.003408,-0.004657,20.6394,-0.00242,-0.08685,-0.33964,0.65367,-0.31629,0.08532,-0.00101,-0.08566,-0.34080,0.65844,-0.32020,0.08682,0.00343,-0.00000,0.00105,0.00007,-0.00098,0.78579,0.15753,-1.12776,0.08612,-0.09748,0.00377,0.37443,-0.13276,-0.53671,-0.06291,0.11389,0.00329,0.00018,0.00150,0.00024,6.000,6.000,12.000,12.000,6.000,6.000,6.000,6.000,12.000,12.000,6.000,6.000,6.000,6.000,6.000,6.000,0.004352,0.023014,0.004200,0.022966,0.004200,0.018519,0.004656,0.018664,0.000000,0.000160,0.000000,0.000000,0.687706,0.312294,0.000000,0.000000,0.000000,0.084751,0.086216
0.7500,-0.00114,0.02528,0.48139,1.00000,0.00006,0.00120,0.00080,0.00444,0.01857,0.31547,0.31446,0.00240,0.02309,2,0.03489,0.00240,0.034773,-0.00007,-0.5479,-0.0003,-0.0065,-0.0069,-0.3096,-0.0172,-0.4795,0,0.04900,0.01900,0.0006,0.0021,0.006002,0.052355,-0.0159,0.0375,43.7315,-0.0023,-0.0153,44.4873,-0.0274,-0.0829,19.2558,0.0148,0.0218,20.5565,0.001764,0.002573,43.7316,0.001787,0.002637,44.4873,-0.003805,-0.004719,19.2559,-0.003445,-0.004736,20.5565,-0.00244,-0.08743,-0.33942,0.65321,-0.31605,0.08589,-0.00102,-0.08625,-0.34059,0.65801,-0.31999,0.08743,0.00346,-0.00000,0.00106,0.00007,-0.00101,0.79247,0.15853,-1.12908,0.08654,-0.09871,0.00382,0.37607,-0.13362,-0.53435,-0.06337,0.11516,0.00330,0.00018,0.00149,0.00024,6.000,6.000,12.000,12.000,6.000,6.000,6.000,6.000,12.000,12.000,6.000,6.000,6.000,6.000,6.000,6.000,0.004351,0.023140,0.004200,0.023090,0.004200,0.018644,0.004654,0.018793,0.000000,0.000159,0.000000,0.000000,0.689005,0.310995,0.000000,0.000000,0.000000,0.085322,0.086823
0.7550,-0.00113,0.02545,0.48139,1.00000,0.00006,0.00120,0.00080,0.00444,0.01870,0.31547,0.31446,0.00240,0.02321,2,0.03489,0.00240,0.034773,-0.00007,-0.5467,-0.0003,-0.0066,-0.0069,-0.3095,-0.0170,-0.4792,0,0.04900,0.01900,0.0005,0.0021,0.006008,0.052377,-0.0160,0.0380,43.8162,-0.0025,-0.0139,44.5702,-0.0275,-0.0838,19.1723,0.0147,0.0207,20.4737,0.001771,0.002596,43.8162,0.001794,0.002659,44.5702,-0.003846,-0.004806,19.1724,-0.003482,-0.004816,20.4737,-0.00246,-0.08801,-0.33920,0.65275,-0.31580,0.08646,-0.00103,-0.08683,-0.34037,0.65758,-0.31977,0.08804,0.00349,-0.00000,0.00106,0.00007,-0.00103,0.79916,0.15954,-1.13038,0.08697,-0.09994,0.00386,0.37769,-0.13447,-0.53200,-0.06383,0.11644,0.00331,0.00018,0.00149,0.00024,6.000,6.000,12.000,12.000,6.000,6.000,6.000,6.000,12.000,12.000,6.000,6.000,6.000,6.000,6.000,6.000,0.004350,0.023266,0.004200,0.023214,0.004200,0.018768,0.004652,0.018922,0.000000,0.000159,0.000000,0.000000,0.690303,0.309697,0.000000,0.000000,0.000000,0.085893,0.087430
0.7600,-0.00113,0.02563,0.48139,1.00000,0.00006,0.00120,0.00081,0.00444,0.01883,0.31547,0.31446,0.00240,0.02334,2,0.03489,0.00240,0.034772,-0.00007,-0.5456,-0.0003,-0.0066,-0.0070,-0.3093,-0.0168,-0.4788,0,0.04900,0.01900,0.0005,0.0020,0.006015,0.052399,-0.0160,0.0386,43.9007,-0.0027,-0.0125,44.6532,-0.0276,-0.0847,19.0889,0.0145,0.0195,20.3909,0.001777,0.002619,43.9007,0.001800,0.002681,44.6532,-0.003888,-0.004895,19.0890,-0.003519,-0.004897,20.3909,-0.00247,-0.08860,-0.33898,0.65228,-0.31556,0.08703,-0.00105,-0.08742,-0.34015,0.65714,-0.31955,0.08864,0.00351,-0.00000,0.00106,0.00008,-0.00106,0.80587,0.16054,-1.13168,0.08739,-0.10118,0.00391,0.37929,-0.13533,-0.52965,-0.06428,0.11774,0.00332,0.00018,0.00149,0.00024,6.000,6.000,12.000,12.000,6.000,6.000,6.000,6.000,12.000,12.000,6.000,6.000,6.000,6.000,6.000,6.000,0.004350,0.023391,0.004200,0.023338,0.004200,0.018892,0.004650,0.019052,0.000000,0.000159,0.000000,0.000000,0.691602,0.308398,0.000000,0.000000,0.000000,0.086463,0.088036
0.7650,-0.00113,0.02580,0.48139,1.00000,0.00006,0.00120,0.00082,0.00444,0.01896,0.31548,0.31446,0.00240,0.02346,2,0.03489,0.00240,0.034772,-0.00007,-0.5445,-0.0003,-0.0066,-0.0070,-0.3091,-0.0166,-0.4784,0,0.04900,0.01900,0.0004,0.0019,0.006021,0.052421,-0.0160,0.0391,43.9853,-0.0029,-0.0110,44.7361,-0.0277,-0.0857,19.0054,0.0144,0.0183,20.3081,0.001783,0.002643,43.9853,0.001806,0.002703,44.7361,-0.003930,-0.004985,19.0055,-0.003557,-0.004979,20.3081,-0.00249,-0.08918,-0.33876,0.65181,-0.31531,0.08760,-0.00106,-0.08801,-0.33993,0.65670,-0.31933,0.08925,0.00354,-0.00000,0.00106,0.00008,-0.00108,0.81260,0.16154,-1.13297,0.08782,-0.10244,0.00396,0.38087,-0.13618,-0.52730,-0.06473,0.11904,0.00332,0.00019,0.00149,0.00025,6.000,6.000,12.000,12.000,6.000,6.000,6.000,6.000,12.000,12.000,6.000,6.000,6.000,6.000,6.000,6.000,0.004349,0.023517,0.004200,0.023463,0.004200,0.019017,0.004648,0.019181,0.000000,0.000159,0.000000,0.000000,0.692900,0.307100,0.000000,0.000000,0.000000,0.087032,0.088642
0.7700,-0.00113,0.02597,0.48139,1.00000,0.00006,0.00120,0.00083,0.00443,0.01908,0.31548,0.31446,0.00240,0.02359,2,0.03489,0.00240,0.034772,-0.00007,-0.5433,-0.0003,-0.0066,-0.0071,-0.3090,-0.0164,-0.4780,0,0.04900,0.01900,0.0004,0.0018,0.006027,0.052443,-0.0161,0.0397,44.0698,-0.0030,-0.0096,44.8190,-0.0278,-0.0866,18.9220,0.0143,0.0171,20.2254,0.001789,0.002667,44.0699,0.001812,0.002725,44.8190,-0.003973,-0.005076,18.9221,-0.003594,-0.005062,20.2254,-0.00251,-0.08976,-0.33854,0.65134,-0.31506,0.08817,-0.00107,-0.08859,-0.33971,0.65626,-0.31911,0.08985,0.00357,-0.00000,0.00107,0.00008,-0.00111,0.81934,0.16253,-1.13426,0.08825,-0.10370,0.00401,0.38243,-0.13703,-0.52495,-0.06519,0.12034,0.00333,0.00019,0.00148,0.00025,6.000,6.000,12.000,12.000,6.000,6.000,6.000,6.000,12.000,12.000,6.000,6.000,6.000,6.000,6.000,6.000,0.004348,0.023643,0.004200,0.023587,0.004200,0.019141,0.004646,0.019310,0.000000,0.000159,0.000000,0.000000,0.694198,0.305802,0.000000,0.000000,0.000000,0.087601,0.089248
0.7750,-0.00113,0.02614,0.48139,1.00000,0.00006,0.00120,0.00083,0.00443,0.01921,0.31548,0.31446,0.00240,0.02371,2,0.03489,0.00240,0.034771,-0.00007,-0.5422,-0.0003,-0.0066,-0.0071,-0.3088,-0.0162,-0.4776,0,0.04900,0.01900,0.0003,0.0018,0.006033,0.052466,-0.0161,0.0403,44.1544,-0.0032,-0.0081,44.9019,-0.0279,-0.0875,18.8386,0.0142,0.0159,20.1426,0.001795,0.002691,44.1544,0.001818,0.002747,44.9019,-0.004015,-0.005168,18.8387,-0.003632,-0.005147,20.1426,-0.00253,-0.09034,-0.33831,0.65087,-0.31482,0.08874,-0.00108,-0.08918,-0.33949,0.65581,-0.31889,0.09046,0.00359,-0.00000,0.00107,0.00009,-0.00113,0.82610,0.16353,-1.13554,0.08867,-0.10497,0.00406,0.38398,-0.13788,-0.52260,-0.06563,0.12166,0.00334,0.00019,0.00148,0.00025,6.000,6.000,12.000,12.000,6.000,6.000,6.000,6.000,12.000,12.000,6.000,6.000,6.000,6.000,6.000,6.000,0.004348,0.023769,0.004200,0.023711,0.004200,0.019265,0.004644,0.019439,0.000000,0.000159,0.000000,0.000000,0.695496,0.304504,0.000000,0.000000,0.000000,0.088170,0.089854
0.7800,-0.00113,0.02631,0.48140,1.00000,0.00006,0.00120,0.00084,0.00443,0.01934,0.31548,0.31446,0.00240,0.02383,2,0.03489,0.00240,0.034771,-0.00007,-0.5411,-0.0003,-0.0066,-0.0072,-0.3086,-0.0161,-0.4773,0,0.04900,0.01900,0.0003,0.0017,0.006039,0.052488,-0.0161,0.0408,44.2389,-0.0034,-0.0067,44.9848,-0.0280,-0.0884,18.7552,0.0140,0.0148,20.0599,0.001800,0.002715,44.2389,0.001824,0.002770,44.9848,-0.004058,-0.005262,18.7553,-0.003671,-0.005232,20.0599,-0.00255,-0.09092,-0.33809,0.65040,-0.31457,0.08931,-0.00110,-0.08977,-0.33927,0.65537,-0.31866,0.09107,0.00362,-0.00000,0.00107,0.00009,-0.00116,0.83288,0.16452,-1.13681,0.08910,-0.10624,0.00411,0.38551,-0.13873,-0.52026,-0.06608,0.12299,0.00335,0.00019,0.00148,0.00025,6.000,6.000,12.000,12.000,6.000,6.000,6.000,6.000,12.000,12.000,6.000,6.000,6.000,6.000,6.000,6.000,0.004347,0.023894,0.004200,0.023835,0.004200,0.019389,0.004642,0.019568,0.000000,0.000159,0.000000,0.000000,0.696794,0.303206,0.000000,0.000000,0.000000,0.088739,0.090460
0.7850,-0.00113,0.02649,0.48140,1.00000,0.00006,0.00120,0.00085,0.00443,0.01946,0.31548,0.31446,0.00240,0.02396,2,0.03489,0.00240,0.034770,-0.00007,-0.5399,-0.0003,-0.0067,-0.0072,-0.3085,-0.0159,-0.4769,0,0.04900,0.01900,0.0002,0.0016,0.006045,0.052511,-0.0161,0.0414,44.3234,-0.0036,-0.0053,45.0677,-0.0280,-0.0894,18.6718,0.0139,0.0135,19.9771,0.001806,0.002739,44.3234,0.001830,0.002792,45.0677,-0.004101,-0.005357,18.6719,-0.003709,-0.005319,19.9771,-0.00257,-0.09150,-0.33786,0.64992,-0.31432,0.08988,-0.00111,-0.09035,-0.33904,0.65492,-0.31844,0.09167,0.00365,-0.00000,0.00107,0.00009,-0.00118,0.83967,0.16551,-1.13807,0.08953,-0.10753,0.00416,0.38701,-0.13957,-0.51792,-0.06653,0.12432,0.00336,0.00019,0.00148,0.00026,6.000,6.000,12.000,12.000,6.000,6.000,6.000,6.000,12.000,12.000,6.000,6.000,6.000,6.000,6.000,6.000,0.004347,0.024020,0.004200,0.023959,0.004200,0.019514,0.004641,0.019697,0.000000,0.000159,0.000000,0.000000,0.698091,0.301909,0.000000,0.000000,0.000000,0.089307,0.091066
0.7900,-0.00113,0.02666,0.48140,1.00000,0.00006,0.00120,0.00085,0.00442,0.01959,0.31548,0.31446,0.00240,0.02408,2,0.03489,0.00240,0.034770,-0.00007,-0.5388,-0.0003,-0.0067,-0.0073,-0.3083,-0.0157,-0.4765,0,0.04900,0.01900,0.0002,0.0016,0.006051,0.052533,-0.0162,0.0420,44.4078,-0.0038,-0.0038,45.1506,-0.0281,-0.0903,18.5884,0.0138,0.0123,19.8944,0.001812,0.002763,44.4078,0.001836,0.002815,45.1506,-0.004145,-0.005453,18.5885,-0.003748,-0.005406,19.8944,-0.00258,-0.09208,-0.33763,0.64944,-0.31407,0.09044,-0.00112,-0.09094,-0.33882,0.65447,-0.31822,0.09228,0.00367,-0.00000,0.00107,0.00010,-0.00121,0.84648,0.16650,-1.13933,0.08995,-0.10883,0.00421,0.38850,-0.14041,-0.51558,-0.06697,0.12567,0.00337,0.00019,0.00147,0.00026,6.000,6.000,12.000,12.000,6.000,6.000,6.000,6.000,12.000,12.000,6.000,6.000,6.000,6.000,6.000,6.000,0.004346,0.024146,0.004200,0.024083,0.004200,0.019638,0.004639,0.019826,0.000000,0.000159,0.000000,0.000000,0.699388,0.300612,0.000000,0.000000,0.000000,0.089875,0.091672
0.7950,-0.00113,0.02683,0.48140,1.00000,0.00006,0.00120,0.00086,0.00442,0.01972,0.31548,0.31446,0.00240,0.02421,2,0.03489,0.00240,0.034770,-0.00007,-0.5377,-0.0003,-0.0067,-0.0073,-0.3081,-0.0155,-0.4761,0,0.04900,0.01900,0.0002,0.0015,0.006057,0.052556,-0.0162,0.0426,44.4923,-0.0039,-0.0024,45.2334,-0.0282,-0.0913,18.5050,0.0137,0.0111,19.8117,0.001818,0.002787,44.4923,0.001842,0.002837,45.2334,-0.004189,-0.005550,18.5051,-0.003787,-0.005495,19.8117,-0.00260,-0.09267,-0.33740,0.64896,-0.31381,0.09101,-0.00113,-0.09152,-0.33859,0.65401,-0.31799,0.09288,0.00370,-0.00000,0.00108,0.00010,-0.00123,0.85331,0.16748,-1.14057,0.09038,-0.11013,0.00426,0.38998,-0.14125,-0.51324,-0.06741,0.12702,0.00338,0.00019,0.00147,0.00026,6.000,6.000,12.000,12.000,6.000,6.000,6.000,6.000,12.000,12.000,6.000,6.000,6.000,6.000,6.000,6.000,0.004345,0.024272,0.004200,0.024207,0.004200,0.019762,0.004637,0.019955,0.000000,0.000159,0.000000,0.000000,0.700685,0.299315,0.000000,0.000000,0.000000,0.090443,0.092277
0.8000,-0.00112,0.02700,0.48140,1.00000,0.00006,0.00120,0.00087,0.00442,0.01985,0.31548,0.31446,0.00240,0.02433,2,0.03489,0.00240,0.034769,-0.00007,-0.5366,-0.0003,-0.0067,-0.0074,-0.3080,-0.0153,-0.4758,0,0.04900,0.01900,0.0002,0.0014,0.006062,0.052579,-0.0162,0.0431,44.5767,-0.0041,-0.0009,45.3163,-0.0282,-0.0923,18.4216,0.0136,0.0099,19.7290,0.001824,0.002812,44.5767,0.001847,0.002860,45.3163,-0.004233,-0.005649,18.4218,-0.003826,-0.005585,19.7290,-0.00262,-0.09325,-0.33716,0.64847,-0.31356,0.09158,-0.00115,-0.09211,-0.33836,0.65356,-0.31777,0.09349,0.00372,-0.00000,0.00108,0.00011,-0.00126,0.86015,0.16846,-1.14181,0.09081,-0.11145,0.00431,0.39143,-0.14209,-0.51090,-0.06785,0.12838,0.00339,0.00020,0.00147,0.00026,6.000,6.000,12.000,12.000,6.000,6.000,6.000,6.000,12.000,12.000,6.000,6.000,6.000,6.000,6.000,6.000,0.004345,0.024397,0.004200,0.024332,0.004200,0.019887,0.004635,0.020084,0.000000,0.000159,0.000000,0.000000,0.701982,0.298018,0.000000,0.000000,0.000000,0.091010,0.092883
0.8050,-0.00112,0.02717,0.48140,1.00000,0.00006,0.00120,0.00088,0.00442,0.01997,0.31548,0.31446,0.00240,0.02446,2,0.03489,0.00240,0.034769,-0.00007,-0.5355,-0.0003,-0.0067,-0.0075,-0.3078,-0.0151,-0.4754,0,0.04900,0.01900,0.0002,0.0014,0.006068,0.052602,-0.0162,0.0440,44.7173,-0.0043,0.0005,45.3991,-0.0283,-0.0935,18.2821,0.0135,0.0087,19.6463,0.001835,0.002781,44.7173,0.001853,0.002883,45.3991,-0.004310,-0.005945,18.2823,-0.003866,-0.005676,19.6463,-0.00264,-0.09383,-0.33693,0.64798,-0.31331,0.09214,-0.00116,-0.09269,-0.33813,0.65310,-0.31754,0.09410,0.00375,-0.00000,0.00108,0.00011,-0.00129,0.87078,0.17012,-1.14442,0.09159,-0.11046,0.00438,0.39471,-0.14360,-0.50717,-0.06864,0.13302,0.00340,0.00020,0.00146,0.00026,6.000,6.000,12.000,12.000,6.000,6.000,6.000,6.000,12.000,12.000,6.000,6.000,6.000,6.000,6.000,6.000,0.004344,0.024523,0.004200,0.024456,0.004200,0.020011,0.004634,0.020213,0.000000,0.000160,0.000000,0.000000,0.703279,0.295485,0.000000,0.000000,0.000000,0.091577,0.093488
0.8100,-0.00112,0.02734,0.48140,1.00000,0.00006,0.00120,0.00088,0.00442,0.02010,0.31548,0.31446,0.00240,0.02458,2,0.03489,0.00240,0.034769,-0.00008,-0.5341,-0.0003,-0.0067,-0.0075,-0.3076,-0.0147,-0.4750,0,0.04900,0.01900,0.0002,0.0012,0.006079,0.052573,-0.0162,0.0450,44.8568,-0.0045,0.0010,45.5367,-0.0284,-0.0946,18.1438,0.0134,0.0055,19.5085,0.001846,0.002756,44.8568,0.001864,0.002855,45.5367,-0.004387,-0.006231,18.1440,-0.003934,-0.005943,19.5085,-0.00266,-0.09441,-0.33669,0.64749,-0.31305,0.09271,-0.00117,-0.09328,-0.33789,0.65264,-0.31731,0.09470,0.00377,-0.00000,0.00108,0.00011,-0.00133,0.88125,0.17177,-1.14698,0.09237,-0.10969,0.00445,0.39786,-0.14508,-0.50347,-0.06942,0.13744,0.00341,0.00020,0.00146,0.00026,6.000,6.000,12.000,12.000,6.000,6.000,6.000,6.000,12.000,12.000,6.000,6.000,6.000,6.000,6.000,6.000,0.004344,0.024648,0.004200,0.024580,0.004200,0.020135,0.004632,0.020340,0.000000,0.000159,0.000000,0.000000,0.704560,0.292978,0.000000,0.000000,0.000000,0.092144,0.094095
0.8150,-0.00112,0.02752,0.48140,1.00000,0.00005,0.00120,0.00089,0.00441,0.02023,0.31548,0.31446,0.00240,0.02470,2,0.03489,0.00240,0.034768,-0.00008,-0.5326,-0.0003,-0.0067,-0.0075,-0.3074,-0.0143,-0.4746,0,0.04900,0.01900,0.0002,0.0012,0.006090,0.052550,-0.0162,0.0461,44.9954,-0.0047,0.0018,45.6734,-0.0284,-0.0956,18.0065,0.0133,0.0026,19.3717,0.001857,0.002734,44.9954,0.001875,0.002831,45.6734,-0.004464,-0.006513,18.0066,-0.004003,-0.006202,19.3717,-0.00268,-0.09499,-0.33645,0.64700,-0.31280,0.09328,-0.00118,-0.09386,-0.33766,0.65217,-0.31708,0.09532,0.00380,-0.00000,0.00108,0.00012,-0.00137,0.89164,0.17341,-1.14951,0.09316,-0.10906,0.00452,0.40092,-0.14654,-0.49978,-0.07018,0.14172,0.00342,0.00020,0.00145,0.00027,6.000,6.000,12.000,12.000,6.000,6.000,6.000,6.000,12.000,12.000,6.000,6.000,6.000,6.000,6.000,6.000,0.004343,0.024773,0.004200,0.024704,0.004200,0.020259,0.004630,0.020466,0.000000,0.000159,0.000000,0.000000,0.705829,0.290493,0.000000,0.000000,0.000000,0.092713,0.094705
0.8200,-0.00112,0.02769,0.48140,1.00000,0.00005,0.00120,0.00090,0.00441,0.02035,0.31548,0.31446,0.00240,0.02483,2,0.03489,0.00240,0.034768,-0.00009,-0.5310,-0.0003,-0.0067,-0.0074,-0.3072,-0.0138,-0.4742,0,0.04900,0.01900,0.0002,0.0011,0.006102,0.052529,-0.0162,0.0474,45.1333,-0.0049,0.0028,45.8094,-0.0285,-0.0964,17.8700,0.0132,-0.0001,19.2359,0.001868,0.002714,45.1333,0.001886,0.002810,45.8094,-0.004542,-0.006794,17.8701,-0.004071,-0.006458,19.2359,-0.00269,-0.09557,-0.33621,0.64650,-0.31254,0.09386,-0.00119,-0.09445,-0.33742,0.65171,-0.31685,0.09593,0.00382,-0.00000,0.00108,0.00012,-0.00141,0.90197,0.17503,-1.15200,0.09394,-0.10851,0.00459,0.40391,-0.14798,-0.49612,-0.07094,0.14594,0.00344,0.00020,0.00144,0.00027,6.000,6.000,12.000,12.000,6.000,6.000,6.000,6.000,12.000,12.000,6.000,6.000,6.000,6.000,6.000,6.000,0.004342,0.024897,0.004200,0.024828,0.004200,0.020384,0.004628,0.020591,0.000000,0.000159,0.000000,0.000000,0.707088,0.288030,0.000000,0.000000,0.000000,0.093285,0.095318
0.8250,-0.00112,0.02786,0.48140,1.00000,0.00005,0.00120,0.00091,0.00441,0.02048,0.31548,0.31446,0.00240,0.02495,2,0.03489,0.00240,0.034767,-0.00009,-0.5294,-0.0003,-0.0067,-0.0073,-0.3070,-0.0134,-0.4738,0,0.04900,0.01900,0.0002,0.0012,0.006113,0.052509,-0.0161,0.0487,45.2704,-0.0051,0.0039,45.9446,-0.0286,-0.0972,17.7342,0.0131,-0.0027,19.1008,0.001879,0.002696,45.2704,0.001898,0.002791,45.9446,-0.004620,-0.007078,17.7343,-0.004140,-0.006714,19.1008,-0.00271,-0.09615,-0.33597,0.64600,-0.31228,0.09443,-0.00121,-0.09503,-0.33719,0.65124,-0.31662,0.09656,0.00384,-0.00000,0.00108,0.00012,-0.00145,0.91228,0.17663,-1.15446,0.09472,-0.10800,0.00465,0.40686,-0.14942,-0.49248,-0.07169,0.15011,0.00346,0.00020,0.00143,0.00027,6.000,6.000,12.000,12.000,6.000,6.000,6.000,6.000,12.000,12.000,6.000,6.000,6.000,6.000,6.000,6.000,0.004342,0.025021,0.004200,0.024952,0.004200,0.020508,0.004627,0.020716,0.000000,0.000158,0.000000,0.000000,0.708338,0.285585,0.000000,0.000000,0.000000,0.093858,0.095935
0.8300,-0.00111,0.02803,0.48140,1.00000,0.00005,0.00120,0.00091,0.00441,0.02061,0.31548,0.31446,0.00239,0.02508,2,0.03489,0.00239,0.034767,-0.00010,-0.5278,-0.0003,-0.0067,-0.0072,-0.3069,-0.0131,-0.4733,0,0.04900,0.01900,0.0003,0.0012,0.006124,0.052491,-0.0161,0.0501,45.4069,-0.0054,0.0051,46.0792,-0.0286,-0.0980,17.5990,0.0131,-0.0052,18.9664,0.001890,0.002677,45.4069,0.001908,0.002772,46.0792,-0.004699,-0.007366,17.5991,-0.004210,-0.006973,18.9664,-0.00273,-0.09673,-0.33573,0.64550,-0.31202,0.09501,-0.00122,-0.09562,-0.33695,0.65077,-0.31639,0.09718,0.00387,-0.00000,0.00108,0.00013,-0.00149,0.92258,0.17822,-1.15689,0.09549,-0.10753,0.00472,0.40976,-0.15083,-0.48886,-0.07243,0.15427,0.00347,0.00021,0.00143,0.00027,6.000,6.000,12.000,12.000,6.000,6.000,6.000,6.000,12.000,12.000,6.000,6.000,6.000,6.000,6.000,6.000,0.004341,0.025145,0.004200,0.025076,0.004200,0.020632,0.004625,0.020839,0.000000,0.000158,0.000000,0.000000,0.709581,0.283159,0.000000,0.000000,0.000000,0.094434,0.096556
0.8350,-0.00111,0.02820,0.48140,1.00000,0.00005,0.00120,0.00092,0.00441,0.02073,0.31548,0.31446,0.00239,0.02520,2,0.03489,0.00239,0.034766,-0.00010,-0.5261,-0.0003,-0.0067,-0.0071,-0.3067,-0.0127,-0.4728,0,0.04900,0.01900,0.0003,0.0013,0.006134,0.052473,-0.0161,0.0515,45.5427,-0.0056,0.0065,46.2132,-0.0287,-0.0986,17.4644,0.0130,-0.0076,18.8327,0.001900,0.002660,45.5427,0.001919,0.002754,46.2132,-0.004779,-0.007658,17.4646,-0.004280,-0.007234,18.8327,-0.00275,-0.09731,-0.33548,0.64499,-0.31175,0.09559,-0.00123,-0.09621,-0.33671,0.65030,-0.31616,0.09781,0.00389,-0.00000,0.00108,0.00013,-0.00153,0.93287,0.17980,-1.15930,0.09626,-0.10709,0.00479,0.41262,-0.15224,-0.48526,-0.07317,0.15842,0.00349,0.00021,0.00142,0.00027,6.000,6.000,12.000,12.000,6.000,6.000,6.000,6.000,12.000,12.000,6.000,6.000,6.000,6.000,6.000,6.000,0.004341,0.025269,0.004200,0.025200,0.004200,0.020757,0.004623,0.020962,0.000000,0.000157,0.000000,0.000000,0.710816,0.280749,0.000000,0.000000,0.000000,0.095011,0.097180
0.8400,-0.00111,0.02837,0.48140,1.00000,0.00005,0.00120,0.00093,0.00440,0.02086,0.31548,0.31446,0.00239,0.02532,2,0.03490,0.00239,0.034766,-0.00010,-0.5245,-0.0003,-0.0067,-0.0070,-0.3065,-0.0125,-0.4723,0,0.04900,0.01900,0.0004,0.0015,0.006145,0.052455,-0.0161,0.0531,45.6780,-0.0058,0.0079,46.3467,-0.0287,-0.0993,17.3304,0.0130,-0.0099,18.6995,0.001911,0.002642,45.6780,0.001930,0.002737,46.3467,-0.004860,-0.007955,17.3306,-0.004351,-0.007500,18.6995,-0.00277,-0.09788,-0.33523,0.64448,-0.31149,0.09617,-0.00124,-0.09679,-0.33647,0.64982,-0.31593,0.09844,0.00392,-0.00000,0.00108,0.00014,-0.00158,0.94316,0.18137,-1.16167,0.09702,-0.10666,0.00485,0.41544,-0.15364,-0.48168,-0.07390,0.16257,0.00351,0.00021,0.00141,0.00027,6.000,6.000,12.000,12.000,6.000,6.000,6.000,6.000,12.000,12.000,6.000,6.000,6.000,6.000,6.000,6.000,0.004340,0.025392,0.004200,0.025324,0.004200,0.020881,0.004621,0.021084,0.000000,0.000156,0.000000,0.000000,0.712045,0.278356,0.000000,0.000000,0.000000,0.095590,0.097807
0.8450,-0.00111,0.02854,0.48140,1.00000,0.00005,0.00120,0.00093,0.00440,0.02099,0.31548,0.31446,0.00239,0.02545,2,0.03490,0.00239,0.034765,-0.00010,-0.5229,-0.0003,-0.0067,-0.0068,-0.3063,-0.0122,-0.4719,0,0.04900,0.01900,0.0004,0.0016,0.006155,0.052438,-0.0160,0.0546,45.8127,-0.0060,0.0094,46.4795,-0.0287,-0.0998,17.1970,0.0129,-0.0122,18.5668,0.001921,0.002625,45.8127,0.001940,0.002719,46.4795,-0.004942,-0.008258,17.1971,-0.004423,-0.007770,18.5668,-0.00279,-0.09846,-0.33498,0.64397,-0.31123,0.09675,-0.00125,-0.09738,-0.33623,0.64935,-0.31570,0.09907,0.00394,-0.00000,0.00108,0.00014,-0.00162,0.95345,0.18293,-1.16402,0.09777,-0.10624,0.00492,0.41823,-0.15504,-0.47812,-0.07463,0.16672,0.00353,0.00021,0.00140,0.00028,6.000,6.000,12.000,12.000,6.000,6.000,6.000,6.000,12.000,12.000,6.000,6.000,6.000,6.000,6.000,6.000,0.004340,0.025515,0.004200,0.025449,0.004200,0.021005,0.004619,0.021206,0.000000,0.000155,0.000000,0.000000,0.713268,0.275979,0.000000,0.000000,0.000000,0.096171,0.098438
0.8500,-0.00111,0.02872,0.48140,1.00000,0.00005,0.00120,0.00094,0.00440,0.02111,0.31548,0.31446,0.00239,0.02557,2,0.03490,0.00239,0.034765,-0.00011,-0.5213,-0.0003,-0.0067,-0.0066,-0.3061,-0.0120,-0.4714,0,0.04900,0.01900,0.0004,0.0017,0.006166,0.052421,-0.0160,0.0563,45.9469,-0.0062,0.0109,46.6118,-0.0288,-0.1004,17.0640,0.0129,-0.0144,18.4347,0.001931,0.002607,45.9469,0.001950,0.002702,46.6118,-0.005024,-0.008566,17.0642,-0.004495,-0.008045,18.4347,-0.00281,-0.09904,-0.33473,0.64345,-0.31096,0.09734,-0.00126,-0.09796,-0.33598,0.64887,-0.31547,0.09971,0.00396,-0.00000,0.00108,0.00015,-0.00166,0.96374,0.18447,-1.16635,0.09851,-0.10584,0.00499,0.42099,-0.15642,-0.47457,-0.07535,0.17088,0.00354,0.00021,0.00139,0.00028,6.000,6.000,12.000,12.000,6.000,6.000,6.000,6.000,12.000,12.000,6.000,6.000,6.000,6.000,6.000,6.000,0.004339,0.025638,0.004200,0.025573,0.004200,0.021129,0.004618,0.021327,0.000000,0.000154,0.000000,0.000000,0.714486,0.273618,0.000000,0.000000,0.000000,0.096752,0.099070
0.8550,-0.00110,0.02889,0.48140,1.00000,0.00005,0.00119,0.00095,0.00440,0.02124,0.31548,0.31446,0.00239,0.02570,2,0.03490,0.00239,0.034764,-0.00011,-0.5197,-0.0003,-0.0067,-0.0065,-0.3059,-0.0119,-0.4709,0,0.04900,0.01900,0.0005,0.0019,0.006176,0.052404,-0.0159,0.0580,46.0805,-0.0064,0.0125,46.7436,-0.0288,-0.1009,16.9315,0.0128,-0.0165,18.3031,0.001941,0.002590,46.0806,0.001961,0.002685,46.7436,-0.005108,-0.008879,16.9317,-0.004568,-0.008324,18.3031,-0.00282,-0.09962,-0.33448,0.64293,-0.31069,0.09792,-0.00128,-0.09855,-0.33574,0.64839,-0.31523,0.10034,0.00399,-0.00000,0.00107,0.00015,-0.00170,0.97404,0.18600,-1.16865,0.09924,-0.10544,0.00505,0.42371,-0.15779,-0.47104,-0.07607,0.17504,0.00356,0.00021,0.00138,0.00028,6.000,6.000,12.000,12.000,6.000,6.000,6.000,6.000,12.000,12.000,6.000,6.000,6.000,6.000,6.000,6.000,0.004338,0.025761,0.004200,0.025697,0.004200,0.021254,0.004616,0.021447,0.000000,0.000153,0.000000,0.000000,0.715698,0.271271,0.000000,0.000000,0.000000,0.097335,0.099705
0.8600,-0.00110,0.02906,0.48140,1.00000,0.00005,0.00119,0.00095,0.00440,0.02137,0.31548,0.31446,0.00239,0.02582,2,0.03490,0.00239,0.034764,-0.00011,-0.5182,-0.0003,-0.0067,-0.0063,-0.3057,-0.0117,-0.4703,0,0.04900,0.01900,0.0006,0.0021,0.006186,0.052387,-0.0159,0.0597,46.2137,-0.0066,0.0142,46.8749,-0.0288,-0.1013,16.7995,0.0128,-0.0186,18.1719,0.001950,0.002573,46.2138,0.001970,0.002668,46.8749,-0.005192,-0.009199,16.7997,-0.004642,-0.008608,18.1719,-0.00284,-0.10020,-0.33422,0.64241,-0.31042,0.09850,-0.00129,-0.09913,-0.33549,0.64791,-0.31500,0.10098,0.00401,-0.00000,0.00107,0.00015,-0.00174,0.98435,0.18753,-1.17093,0.09997,-0.10506,0.00512,0.42640,-0.15916,-0.46753,-0.07678,0.17921,0.00357,0.00022,0.00137,0.00028,6.000,6.000,12.000,12.000,6.000,6.000,6.000,6.000,12.000,12.000,6.000,6.000,6.000,6.000,6.000,6.000,0.004338,0.025884,0.004200,0.025821,0.004200,0.021378,0.004614,0.021568,0.000000,0.000152,0.000000,0.000000,0.716906,0.268939,0.000000,0.000000,0.000000,0.097918,0.100342
0.8650,-0.00110,0.02923,0.48140,1.00000,0.00005,0.00119,0.00096,0.00440,0.02149,0.31548,0.31446,0.00239,0.02594,2,0.03490,0.00239,0.034763,-0.00011,-0.5166,-0.0003,-0.0067,-0.0061,-0.3056,-0.0116,-0.4698,0,0.04900,0.01900,0.0006,0.0022,0.006195,0.052370,-0.0158,0.0614,46.3465,-0.0068,0.0158,47.0057,-0.0288,-0.1017,16.6680,0.0127,-0.0207,18.0413,0.001960,0.002557,46.3465,0.001980,0.002652,47.0057,-0.005277,-0.009524,16.6682,-0.004716,-0.008897,18.0413,-0.00286,-0.10078,-0.33396,0.64188,-0.31015,0.09909,-0.00130,-0.09972,-0.33524,0.64742,-0.31476,0.10162,0.00404,-0.00000,0.00107,0.00016,-0.00178,0.99466,0.18904,-1.17319,0.10069,-0.10470,0.00519,0.42905,-0.16052,-0.46403,-0.07749,0.18338,0.00359,0.00022,0.00136,0.00028,6.000,6.000,12.000,12.000,6.000,6.000,6.000,6.000,12.000,12.000,6.000,6.000,6.000,6.000,6.000,6.000,0.004337,0.026007,0.004200,0.025945,0.004200,0.021502,0.004612,0.021687,0.000000,0.000151,0.000000,0.000000,0.718109,0.266622,0.000000,0.000000,0.000000,0.098502,0.100980
0.8700,-0.00110,0.02940,0.48140,1.00000,0.00005,0.00119,0.00097,0.00439,0.02162,0.31548,0.31446,0.00239,0.02607,2,0.03490,0.00239,0.034762,-0.00011,-0.5151,-0.0003,-0.0067,-0.0059,-0.3054,-0.0115,-0.4693,0,0.04900,0.01900,0.0007,0.0024,0.006205,0.052354,-0.0158,0.0632,46.4787,-0.0070,0.0176,47.1361,-0.0289,-0.1021,16.5369,0.0127,-0.0227,17.9111,0.001969,0.002540,46.4788,0.001990,0.002635,47.1361,-0.005364,-0.009855,16.5371,-0.004792,-0.009191,17.9111,-0.00288,-0.10136,-0.33371,0.64136,-0.30988,0.09967,-0.00131,-0.10030,-0.33499,0.64694,-0.31453,0.10226,0.00406,-0.00000,0.00107,0.00016,-0.00182,1.00497,0.19054,-1.17543,0.10141,-0.10434,0.00526,0.43167,-0.16187,-0.46055,-0.07820,0.18756,0.00360,0.00022,0.00136,0.00029,6.000,6.000,12.000,12.000,6.000,6.000,6.000,6.000,12.000,12.000,6.000,6.000,6.000,6.000,6.000,6.000,0.004337,0.026129,0.004200,0.026069,0.004200,0.021627,0.004611,0.021806,0.000000,0.000150,0.000000,0.000000,0.719308,0.264318,0.000000,0.000000,0.000000,0.099086,0.101619
0.8750,-0.00109,0.02957,0.48140,1.00000,0.00005,0.00119,0.00098,0.00439,0.02174,0.31548,0.31446,0.00239,0.02619,2,0.03490,0.00239,0.034762,-0.00011,-0.5136,-0.0003,-0.0067,-0.0056,-0.3052,-0.0113,-0.4688,0,0.04900,0.01900,0.0007,0.0026,0.006214,0.052338,-0.0157,0.0651,46.6106,-0.0072,0.0194,47.2660,-0.0289,-0.1025,16.4063,0.0127,-0.0248,17.7813,0.001978,0.002524,46.6106,0.001999,0.002619,47.2660,-0.005451,-0.010191,16.4064,-0.004868,-0.009489,17.7813,-0.00290,-0.10193,-0.33345,0.64083,-0.30961,0.10025,-0.00132,-0.10088,-0.33474,0.64645,-0.31429,0.10290,0.00408,-0.00000,0.00107,0.00017,-0.00186,1.01529,0.19204,-1.17765,0.10212,-0.10400,0.00533,0.43425,-0.16321,-0.45709,-0.07890,0.19175,0.00362,0.00022,0.00135,0.00029,6.000,6.000,12.000,12.000,6.000,6.000,6.000,6.000,12.000,12.000,6.000,6.000,6.000,6.000,6.000,6.000,0.004336,0.026251,0.004200,0.026193,0.004200,0.021751,0.004609,0.021925,0.000000,0.000148,0.000000,0.000000,0.720504,0.262028,0.000000,0.000000,0.000000,0.099670,0.102260
0.8800,-0.00109,0.02974,0.48140,1.00000,0.00005,0.00119,0.00098,0.00439,0.02187,0.31548,0.31446,0.00239,0.02632,2,0.03490,0.00239,0.034761,-0.00011,-0.5121,-0.0003,-0.0067,-0.0054,-0.3050,-0.0112,-0.4683,0,0.04900,0.01900,0.0008,0.0028,0.006224,0.052322,-0.0157,0.0670,46.7420,-0.0074,0.0212,47.3955,-0.0289,-0.1029,16.2760,0.0126,-0.0267,17.6520,0.001987,0.002508,46.7420,0.002009,0.002603,47.3955,-0.005540,-0.010534,16.2762,-0.004944,-0.009792,17.6520,-0.00292,-0.10251,-0.33318,0.64029,-0.30933,0.10084,-0.00133,-0.10147,-0.33448,0.64595,-0.31405,0.10354,0.00411,-0.00000,0.00106,0.00017,-0.00190,1.02562,0.19352,-1.17985,0.10283,-0.10367,0.00540,0.43680,-0.16455,-0.45364,-0.07959,0.19594,0.00363,0.00022,0.00134,0.00029,6.000,6.000,12.000,12.000,6.000,6.000,6.000,6.000,12.000,12.000,6.000,6.000,6.000,6.000,6.000,6.000,0.004335,0.026373,0.004200,0.026317,0.004200,0.021875,0.004607,0.022044,0.000000,0.000147,0.000000,0.000000,0.721695,0.259751,0.000000,0.000000,0.000000,0.100254,0.102901
0.8850,-0.00109,0.02991,0.48140,1.00000,0.00005,0.00119,0.00099,0.00439,0.02200,0.31548,0.31446,0.00238,0.02644,2,0.03490,0.00238,0.034761,-0.00011,-0.5106,-0.0003,-0.0067,-0.0052,-0.3048,-0.0111,-0.4678,0,0.04900,0.01900,0.0008,0.0030,0.006233,0.052306,-0.0156,0.0689,46.8730,-0.0076,0.0230,47.5246,-0.0289,-0.1032,16.1462,0.0126,-0.0287,17.5230,0.001996,0.002493,46.8731,0.002018,0.002588,47.5246,-0.005629,-0.010882,16.1464,-0.005022,-0.010100,17.5230,-0.00294,-0.10309,-0.33292,0.63976,-0.30906,0.10142,-0.00134,-0.10205,-0.33423,0.64546,-0.31381,0.10418,0.00413,-0.00000,0.00106,0.00018,-0.00194,1.03595,0.19500,-1.18202,0.10353,-0.10336,0.00547,0.43931,-0.16588,-0.45020,-0.08029,0.20013,0.00364,0.00022,0.00134,0.00029,6.000,6.000,12.000,12.000,6.000,6.000,6.000,6.000,12.000,12.000,6.000,6.000,6.000,6.000,6.000,6.000,0.004335,0.026495,0.004200,0.026441,0.004200,0.022000,0.004605,0.022162,0.000000,0.000146,0.000000,0.000000,0.722883,0.257488,0.000000,0.000000,0.000000,0.100837,0.103543
0.8900,-0.00109,0.03008,0.48140,1.00000,0.00005,0.00119,0.00100,0.00439,0.02212,0.31548,0.31446,0.00238,0.02657,2,0.03490,0.00238,0.034760,-0.00011,-0.5091,-0.0003,-0.0067,-0.0049,-0.3047,-0.0110,-0.4673,0,0.04900,0.01900,0.0009,0.0032,0.006242,0.052291,-0.0156,0.0708,47.0036,-0.0078,0.0249,47.6532,-0.0289,-0.1036,16.0167,0.0126,-0.0306,17.3945,0.002005,0.002478,47.0037,0.002027,0.002573,47.6532,-0.005720,-0.011236,16.0169,-0.005101,-0.010413,17.3945,-0.00296,-0.10366,-0.33266,0.63922,-0.30878,0.10200,-0.00136,-0.10263,-0.33397,0.64496,-0.31357,0.10483,0.00416,-0.00000,0.00106,0.00018,-0.00198,1.04628,0.19646,-1.18418,0.10422,-0.10306,0.00554,0.44179,-0.16720,-0.44677,-0.08097,0.20433,0.00365,0.00022,0.00133,0.00029,6.000,6.000,12.000,12.000,6.000,6.000,6.000,6.000,12.000,12.000,6.000,6.000,6.000,6.000,6.000,6.000,0.004334,0.026617,0.004200,0.026565,0.004200,0.022124,0.004603,0.022280,0.000000,0.000144,0.000000,0.000000,0.724068,0.255237,0.000000,0.000000,0.000000,0.101421,0.104185
0.8950,-0.00108,0.03025,0.48140,1.00000,0.00005,0.00119,0.00101,0.00439,0.02225,0.31548,0.31446,0.00238,0.02669,2,0.03490,0.00238,0.034760,-0.00011,-0.5077,-0.0003,-0.0067,-0.0047,-0.3045,-0.0109,-0.4668,0,0.04900,0.01900,0.0010,0.0034,0.006251,0.052276,-0.0155,0.0727,47.1338,-0.0079,0.0268,47.7815,-0.0289,-0.1039,15.8877,0.0126,-0.0325,17.2664,0.002014,0.002463,47.1339,0.002036,0.002558,47.7815,-0.005812,-0.011596,15.8879,-0.005180,-0.010731,17.2664,-0.00298,-0.10424,-0.33239,0.63868,-0.30851,0.10259,-0.00137,-0.10322,-0.33372,0.64446,-0.31333,0.10547,0.00418,-0.00000,0.00105,0.00019,-0.00201,1.05662,0.19792,-1.18632,0.10491,-0.10278,0.00561,0.44424,-0.16851,-0.44336,-0.08166,0.20853,0.00367,0.00022,0.00132,0.00030,6.000,6.000,12.000,12.000,6.000,6.000,6.000,6.000,12.000,12.000,6.000,6.000,6.000,6.000,6.000,6.000,0.004334,0.026739,0.004200,0.026689,0.004200,0.022248,0.004602,0.022397,0.000000,0.000143,0.000000,0.000000,0.725250,0.252999,0.000000,0.000000,0.000000,0.102004,0.104827
0.9000,-0.00108,0.03042,0.48140,1.00000,0.00004,0.00119,0.00101,0.00439,0.02237,0.31548,0.31446,0.00238,0.02681,2,0.03490,0.00238,0.034759,-0.00011,-0.5062,-0.0003,-0.0067,-0.0044,-0.3043,-0.0107,-0.4663,0,0.04900,0.01900,0.0010,0.0036,0.006260,0.052261,-0.0154,0.0747,47.2637,-0.0081,0.0287,47.9094,-0.0289,-0.1042,15.7590,0.0125,-0.0344,17.1386,0.002022,0.002449,47.2637,0.002044,0.002543,47.9094,-0.005904,-0.011962,15.7592,-0.005260,-0.011053,17.1386,-0.00299,-0.10481,-0.33212,0.63814,-0.30823,0.10317,-0.00138,-0.10380,-0.33346,0.64396,-0.31309,0.10611,0.00420,-0.00000,0.00105,0.00019,-0.00205,1.06697,0.19937,-1.18844,0.10559,-0.10251,0.00568,0.44664,-0.16982,-0.43997,-0.08234,0.21274,0.00368,0.00023,0.00131,0.00030,6.000,6.000,12.000,12.000,6.000,6.000,6.000,6.000,12.000,12.000,6.000,6.000,6.000,6.000,6.000,6.000,0.004333,0.026861,0.004200,0.026813,0.004200,0.022372,0.004600,0.022515,0.000000,0.000142,0.000000,0.000000,0.726430,0.250773,0.000000,0.000000,0.000000,0.102587,0.105470
0.9050,-0.00108,0.03059,0.48140,1.00000,0.00004,0.00119,0.00102,0.00438,0.02250,0.31548,0.31446,0.00238,0.02694,2,0.03490,0.00238,0.034758,-0.00011,-0.5048,-0.0003,-0.0067,-0.0042,-0.3041,-0.0106,-0.4658,0,0.04900,0.01900,0.0011,0.0038,0.006268,0.052247,-0.0153,0.0767,47.3931,-0.0083,0.0306,48.0369,-0.0289,-0.1045,15.6307,0.0125,-0.0363,17.0112,0.002031,0.002435,47.3932,0.002053,0.002529,48.0369,-0.005999,-0.012335,15.6309,-0.005341,-0.011381,17.0112,-0.00301,-0.10538,-0.33185,0.63759,-0.30795,0.10375,-0.00139,-0.10438,-0.33320,0.64346,-0.31285,0.10676,0.00423,-0.00000,0.00105,0.00020,-0.00209,1.07732,0.20082,-1.19054,0.10627,-0.10226,0.00576,0.44902,-0.17112,-0.43658,-0.08301,0.21695,0.00369,0.00023,0.00131,0.00030,6.000,6.000,12.000,12.000,6.000,6.000,6.000,6.000,12.000,12.000,6.000,6.000,6.000,6.000,6.000,6.000,0.004332,0.026982,0.004200,0.026937,0.004200,0.022497,0.004598,0.022632,0.000000,0.000140,0.000000,0.000000,0.727606,0.248559,0.000000,0.000000,0.000000,0.103169,0.106112
0.9100,-0.00107,0.03076,0.48140,1.00000,0.00004,0.00119,0.00103,0.00438,0.02262,0.31548,0.31446,0.00238,0.02706,2,0.03490,0.00238,0.034758,-0.00011,-0.5034,-0.0003,-0.0067,-0.0039,-0.3040,-0.0105,-0.4653,0,0.04900,0.01900,0.0012,0.0040,0.006277,0.052233,-0.0153,0.0787,47.5222,-0.0084,0.0326,48.1640,-0.0289,-0.1047,15.5027,0.0125,-0.0381,16.8842,0.002039,0.002421,47.5223,0.002061,0.002515,48.1640,-0.006094,-0.012713,15.5029,-0.005423,-0.011714,16.8842,-0.00303,-0.10596,-0.33158,0.63704,-0.30767,0.10433,-0.00140,-0.10496,-0.33293,0.64295,-0.31260,0.10740,0.00425,-0.00000,0.00104,0.00020,-0.00213,1.08767,0.20225,-1.19262,0.10695,-0.10203,0.00583,0.45136,-0.17241,-0.43321,-0.08368,0.22116,0.00370,0.00023,0.00130,0.00030,6.000,6.000,12.000,12.000,6.000,6.000,6.000,6.000,12.000,12.000,6.000,6.000,6.000,6.000,6.000,6.000,0.004332,0.027104,0.004200,0.027061,0.004200,0.022621,0.004596,0.022748,0.000000,0.000139,0.000000,0.000000,0.728781,0.246358,0.000000,0.000000,0.000000,0.103751,0.106755
0.9150,-0.00107,0.03093,0.48139,1.00000,0.00004,0.00119,0.00104,0.00438,0.02275,0.31548,0.31446,0.00238,0.02719,2,0.03491,0.00238,0.034757,-0.00011,-0.5019,-0.0003,-0.0066,-0.0037,-0.3038,-0.0103,-0.4649,0,0.04900,0.01900,0.0012,0.0042,0.006285,0.052220,-0.0152,0.0808,47.6510,-0.0086,0.0346,48.2908,-0.0289,-0.1050,15.3751,0.0125,-0.0400,16.7576,0.002047,0.002408,47.6511,0.002070,0.002502,48.2908,-0.006190,-0.013098,15.3753,-0.005506,-0.012051,16.7576,-0.00305,-0.10653,-0.33131,0.63649,-0.30739,0.10491,-0.00141,-0.10554,-0.33267,0.64244,-0.31236,0.10804,0.00427,-0.00000,0.00104,0.00021,-0.00216,1.09803,0.20368,-1.19469,0.10762,-0.10181,0.00590,0.45366,-0.17370,-0.42985,-0.08435,0.22537,0.00371,0.00023,0.00130,0.00030,6.000,6.000,12.000,12.000,6.000,6.000,6.000,6.000,12.000,12.000,6.000,6.000,6.000,6.000,6.000,6.000,0.004331,0.027225,0.004200,0.027185,0.004200,0.022745,0.004594,0.022865,0.000000,0.000137,0.000000,0.000000,0.729953,0.244168,0.000000,0.000000,0.000000,0.104332,0.107398
0.9200,-0.00107,0.03110,0.48139,1.00000,0.00004,0.00119,0.00104,0.00438,0.02287,0.31548,0.31446,0.00238,0.02731,2,0.03491,0.00238,0.034757,-0.00011,-0.5005,-0.0003,-0.0066,-0.0034,-0.3036,-0.0101,-0.4644,0,0.04900,0.01900,0.0013,0.0044,0.006293,0.052207,-0.0151,0.0828,47.7794,-0.0087,0.0366,48.4172,-0.0289,-0.1053,15.2479,0.0125,-0.0418,16.6313,0.002055,0.002395,47.7795,0.002078,0.002489,48.4172,-0.006288,-0.013489,15.2481,-0.005590,-0.012394,16.6313,-0.00307,-0.10710,-0.33104,0.63594,-0.30711,0.10549,-0.00142,-0.10612,-0.33241,0.64193,-0.31211,0.10868,0.00430,-0.00000,0.00103,0.00021,-0.00220,1.10839,0.20510,-1.19673,0.10829,-0.10161,0.00597,0.45593,-0.17498,-0.42651,-0.08502,0.22958,0.00372,0.00023,0.00129,0.00030,6.000,6.000,12.000,12.000,6.000,6.000,6.000,6.000,12.000,12.000,6.000,6.000,6.000,6.000,6.000,6.000,0.004331,0.027346,0.004200,0.027309,0.004200,0.022870,0.004592,0.022981,0.000000,0.000136,0.000000,0.000000,0.731123,0.241989,0.000000,0.000000,0.000000,0.104913,0.108040
0.9250,-0.00107,0.03127,0.48139,1.00000,0.00004,0.00119,0.00105,0.00438,0.02300,0.31548,0.31446,0.00237,0.02743,2,0.03491,0.00237,0.034756,-0.00011,-0.4991,-0.0003,-0.0066,-0.0031,-0.3035,-0.0100,-0.4639,0,0.04900,0.01900,0.0014,0.0046,0.006301,0.052195,-0.0150,0.0849,47.9074,-0.0089,0.0386,48.5433,-0.0289,-0.1055,15.1209,0.0125,-0.0436,16.5053,0.002063,0.002383,47.9075,0.002086,0.002477,48.5433,-0.006387,-0.013886,15.1212,-0.005675,-0.012742,16.5053,-0.00309,-0.10768,-0.33076,0.63538,-0.30682,0.10607,-0.00144,-0.10670,-0.33214,0.64142,-0.31186,0.10932,0.00432,-0.00000,0.00103,0.00022,-0.00224,1.11876,0.20651,-1.19876,0.10896,-0.10143,0.00605,0.45816,-0.17625,-0.42317,-0.08568,0.23380,0.00374,0.00023,0.00128,0.00031,6.000,6.000,12.000,12.000,6.000,6.000,6.000,6.000,12.000,12.000,6.000,6.000,6.000,6.000,6.000,6.000,0.004330,0.027468,0.004200,0.027433,0.004200,0.022994,0.004591,0.023097,0.000000,0.000135,0.000000,0.000000,0.732291,0.239823,0.000000,0.000000,0.000000,0.105493,0.108682
0.9300,-0.00106,0.03143,0.48139,1.00000,0.00004,0.00119,0.00106,0.00438,0.02312,0.31548,0.31446,0.00237,0.02756,2,0.03491,0.00237,0.034755,-0.00011,-0.4977,-0.0003,-0.0066,-0.0028,-0.3033,-0.0098,-0.4634,0,0.04900,0.01900,0.0014,0.0048,0.006309,0.052182,-0.0150,0.0870,48.0351,-0.0090,0.0407,48.6690,-0.0288,-0.1058,14.9943,0.0124,-0.0454,16.3797,0.002071,0.002371,48.0352,0.002094,0.002464,48.6690,-0.006487,-0.014290,14.9946,-0.005760,-0.013095,16.3797,-0.00311,-0.10825,-0.33049,0.63483,-0.30654,0.10665,-0.00145,-0.10728,-0.33187,0.64090,-0.31161,0.10997,0.00434,-0.00000,0.00102,0.00022,-0.00228,1.12913,0.20792,-1.20077,0.10962,-0.10127,0.00612,0.46036,-0.17751,-0.41985,-0.08633,0.23802,0.00375,0.00023,0.00128,0.00031,6.000,6.000,12.000,12.000,6.000,6.000,6.000,6.000,12.000,12.000,6.000,6.000,6.000,6.000,6.000,6.000,0.004329,0.027589,0.004200,0.027557,0.004200,0.023118,0.004589,0.023213,0.000000,0.000134,0.000000,0.000000,0.733457,0.237667,0.000000,0.000000,0.000000,0.106072,0.109324
0.9350,-0.00106,0.03160,0.48139,1.00000,0.00004,0.00119,0.00107,0.00438,0.02325,0.31548,0.31446,0.00237,0.02768,2,0.03491,0.00237,0.034755,-0.00011,-0.4963,-0.0003,-0.0066,-0.0026,-0.3031,-0.0096,-0.4629,0,0.04900,0.01900,0.0015,0.0050,0.006317,0.052171,-0.0149,0.0891,48.1625,-0.0092,0.0427,48.7944,-0.0288,-0.1061,14.8681,0.0124,-0.0472,16.2544,0.002078,0.002360,48.1626,0.002102,0.002453,48.7944,-0.006589,-0.014701,14.8683,-0.005847,-0.013454,16.2544,-0.00313,-0.10882,-0.33021,0.63427,-0.30626,0.10723,-0.00146,-0.10785,-0.33160,0.64038,-0.31136,0.11061,0.00437,-0.00000,0.00102,0.00023,-0.00231,1.13950,0.20931,-1.20276,0.11027,-0.10112,0.00619,0.46253,-0.17877,-0.41654,-0.08698,0.24223,0.00376,0.00023,0.00127,0.00031,6.000,6.000,12.000,12.000,6.000,6.000,6.000,6.000,12.000,12.000,6.000,6.000,6.000,6.000,6.000,6.000,0.004329,0.027710,0.004200,0.027681,0.004200,0.023242,0.004587,0.023329,0.000000,0.000132,0.000000,0.000000,0.734622,0.235523,0.000000,0.000000,0.000000,0.106651,0.109966
0.9400,-0.00106,0.03177,0.48139,1.00000,0.00004,0.00118,0.00107,0.00437,0.02337,0.31548,0.31446,0.00237,0.02781,2,0.03491,0.00237,0.034754,-0.00011,-0.4949,-0.0003,-0.0066,-0.0023,-0.3030,-0.0094,-0.4624,0,0.04900,0.01900,0.0016,0.0052,0.006325,0.052159,-0.0148,0.0912,48.2896,-0.0093,0.0448,48.9195,-0.0288,-0.1063,14.7421,0.0124,-0.0490,16.1294,0.002086,0.002349,48.2896,0.002110,0.002442,48.9195,-0.006692,-0.015118,14.7424,-0.005935,-0.013817,16.1294,-0.00315,-0.10939,-0.32993,0.63370,-0.30597,0.10781,-0.00147,-0.10843,-0.33133,0.63986,-0.31111,0.11125,0.00439,-0.00000,0.00101,0.00023,-0.00235,1.14988,0.21071,-1.20474,0.11093,-0.10100,0.00626,0.46466,-0.18002,-0.41325,-0.08763,0.24645,0.00377,0.00023,0.00126,0.00031,6.000,6.000,12.000,12.000,6.000,6.000,6.000,6.000,12.000,12.000,6.000,6.000,6.000,6.000,6.000,6.000,0.004328,0.027831,0.004200,0.027805,0.004200,0.023367,0.004585,0.023445,0.000000,0.000131,0.000000,0.000000,0.735785,0.233390,0.000000,0.000000,0.000000,0.107228,0.110607
0.9450,-0.00105,0.03194,0.48139,1.00000,0.00004,0.00118,0.00108,0.00437,0.02350,0.31548,0.31446,0.00237,0.02793,2,0.03491,0.00237,0.034754,-0.00011,-0.4935,-0.0003,-0.0066,-0.0020,-0.3028,-0.0092,-0.4620,0,0.04900,0.01900,0.0016,0.0054,0.006333,0.052149,-0.0147,0.0933,48.4163,-0.0095,0.0469,49.0443,-0.0288,-0.1066,14.6165,0.0124,-0.0508,16.0047,0.002093,0.002338,48.4164,0.002117,0.002431,49.0443,-0.006796,-0.015543,14.6168,-0.006024,-0.014187,16.0047,-0.00317,-0.10996,-0.32965,0.63314,-0.30568,0.10838,-0.00148,-0.10901,-0.33106,0.63933,-0.31086,0.11189,0.00441,-0.00000,0.00100,0.00024,-0.00239,1.16027,0.21209,-1.20670,0.11157,-0.10089,0.00634,0.46675,-0.18126,-0.40996,-0.08828,0.25067,0.00378,0.00023,0.00126,0.00031,6.000,6.000,12.000,12.000,6.000,6.000,6.000,6.000,12.000,12.000,6.000,6.000,6.000,6.000,6.000,6.000,0.004328,0.027952,0.004200,0.027929,0.004200,0.023491,0.004583,0.023560,0.000000,0.000130,0.000000,0.000000,0.736947,0.231267,0.000000,0.000000,0.000000,0.107806,0.111248
0.9500,-0.00105,0.03211,0.48139,1.00000,0.00004,0.00118,0.00109,0.00437,0.02362,0.31548,0.31446,0.00237,0.02805,2,0.03491,0.00237,0.034753,-0.00011,-0.4922,-0.0003,-0.0065,-0.0017,-0.3026,-0.0091,-0.4615,0,0.04900,0.01900,0.0017,0.0057,0.006340,0.052138,-0.0146,0.0954,48.5427,-0.0096,0.0489,49.1687,-0.0288,-0.1069,14.4912,0.0124,-0.0525,15.8804,0.002101,0.002328,48.5427,0.002125,0.002421,49.1687,-0.006902,-0.015974,14.4915,-0.006113,-0.014562,15.8804,-0.00319,-0.11053,-0.32937,0.63257,-0.30539,0.10896,-0.00149,-0.10959,-0.33078,0.63881,-0.31061,0.11253,0.00444,-0.00000,0.00100,0.00024,-0.00242,1.17066,0.21347,-1.20864,0.11222,-0.10080,0.00641,0.46881,-0.18250,-0.40668,-0.08892,0.25489,0.00379,0.00023,0.00125,0.00031,6.000,6.000,12.000,12.000,6.000,6.000,6.000,6.000,12.000,12.000,6.000,6.000,6.000,6.000,6.000,6.000,0.004327,0.028073,0.004200,0.028053,0.004200,0.023615,0.004582,0.023676,0.000000,0.000129,0.000000,0.000000,0.738108,0.229156,0.000000,0.000000,0.000000,0.108382,0.111889
0.9550,-0.00105,0.03228,0.48139,1.00000,0.00004,0.00118,0.00110,0.00437,0.02374,0.31548,0.31446,0.00237,0.02818,2,0.03491,0.00237,0.034753,-0.00011,-0.4908,-0.0003,-0.0065,-0.0014,-0.3025,-0.0089,-0.4610,0,0.04900,0.01900,0.0018,0.0059,0.006348,0.052128,-0.0145,0.0975,48.6687,-0.0097,0.0510,49.2928,-0.0287,-0.1071,14.3663,0.0124,-0.0543,15.7564,0.002108,0.002319,48.6688,0.002132,0.002411,49.2928,-0.007009,-0.016412,14.3665,-0.006204,-0.014942,15.7564,-0.00321,-0.11110,-0.32909,0.63200,-0.30510,0.10953,-0.00150,-0.11016,-0.33051,0.63828,-0.31036,0.11317,0.00446,-0.00000,0.00099,0.00025,-0.00246,1.18105,0.21483,-1.21056,0.11286,-0.10073,0.00648,0.47084,-0.18373,-0.40342,-0.08955,0.25911,0.00380,0.00024,0.00124,0.00032,6.000,6.000,12.000,12.000,6.000,6.000,6.000,6.000,12.000,12.000,6.000,6.000,6.000,6.000,6.000,6.000,0.004326,0.028194,0.004200,0.028177,0.004200,0.023740,0.004580,0.023791,0.000000,0.000128,0.000000,0.000000,0.739267,0.227055,0.000000,0.000000,0.000000,0.108958,0.112529
0.9600,-0.00104,0.03245,0.48139,1.00000,0.00004,0.00118,0.00110,0.00437,0.02387,0.31548,0.31446,0.00236,0.02830,2,0.03491,0.00236,0.034752,-0.00011,-0.4894,-0.0003,-0.0065,-0.0012,-0.3023,-0.0086,-0.4606,0,0.04900,0.01900,0.0018,0.0061,0.006355,0.052119,-0.0145,0.0997,48.7945,-0.0099,0.0532,49.4166,-0.0287,-0.1074,14.2416,0.0124,-0.0561,15.6327,0.002115,0.002310,48.7946,0.002140,0.002401,49.4166,-0.007118,-0.016858,14.2419,-0.006296,-0.015328,15.6327,-0.00323,-0.11167,-0.32880,0.63142,-0.30481,0.11011,-0.00152,-0.11074,-0.33023,0.63774,-0.31010,0.11381,0.00449,-0.00000,0.00099,0.00025,-0.00250,1.19145,0.21620,-1.21247,0.11350,-0.10068,0.00656,0.47283,-0.18495,-0.40017,-0.09019,0.26333,0.00381,0.00024,0.00124,0.00032,6.000,6.000,12.000,12.000,6.000,6.000,6.000,6.000,12.000,12.000,6.000,6.000,6.000,6.000,6.000,6.000,0.004326,0.028315,0.004200,0.028301,0.004200,0.023864,0.004578,0.023906,0.000000,0.000127,0.000000,0.000000,0.740425,0.224965,0.000000,0.000000,0.000000,0.109533,0.113169
0.9650,-0.00104,0.03261,0.48139,1.00000,0.00004,0.00118,0.00111,0.00437,0.02399,0.31548,0.31446,0.00236,0.02842,2,0.03491,0.00236,0.034752,-0.00011,-0.4881,-0.0003,-0.0065,-0.0009,-0.3021,-0.0084,-0.4601,0,0.04900,0.01900,0.0019,0.0064,0.006362,0.052110,-0.0144,0.1018,48.9199,-0.0100,0.0553,49.5401,-0.0287,-0.1077,14.1172,0.0124,-0.0578,15.5093,0.002122,0.002301,48.9200,0.002147,0.002392,49.5401,-0.007228,-0.017311,14.1175,-0.006389,-0.015721,15.5093,-0.00326,-0.11223,-0.32852,0.63085,-0.30452,0.11068,-0.00153,-0.11131,-0.32995,0.63721,-0.30984,0.11445,0.00451,-0.00000,0.00098,0.00026,-0.00254,1.20185,0.21755,-1.21435,0.11413,-0.10065,0.00663,0.47479,-0.18616,-0.39693,-0.09081,0.26755,0.00382,0.00024,0.00123,0.00032,6.000,6.000,12.000,12.000,6.000,6.000,6.000,6.000,12.000,12.000,6.000,6.000,6.000,6.000,6.000,6.000,0.004325,0.028436,0.004200,0.028425,0.004200,0.023988,0.004576,0.024021,0.000000,0.000126,0.000000,0.000000,0.741583,0.222885,0.000000,0.000000,0.000000,0.110107,0.113809
0.9700,-0.00104,0.03278,0.48139,1.00000,0.00004,0.00118,0.00112,0.00437,0.02412,0.31548,0.31446,0.00236,0.02855,2,0.03491,0.00236,0.034751,-0.00011,-0.4867,-0.0003,-0.0065,-0.0006,-0.3020,-0.0082,-0.4596,0,0.04900,0.01900,0.0020,0.0066,0.006370,0.052101,-0.0143,0.1040,49.0450,-0.0101,0.0574,49.6633,-0.0286,-0.1080,13.9931,0.0124,-0.0595,15.3864,0.002129,0.002293,49.0451,0.002154,0.002384,49.6633,-0.007340,-0.017773,13.9934,-0.006483,-0.016118,15.3864,-0.00328,-0.11280,-0.32823,0.63027,-0.30423,0.11125,-0.00154,-0.11189,-0.32967,0.63667,-0.30959,0.11509,0.00453,-0.00000,0.00097,0.00026,-0.00257,1.21227,0.21890,-1.21622,0.11477,-0.10063,0.00671,0.47671,-0.18737,-0.39370,-0.09144,0.27178,0.00383,0.00024,0.00123,0.00032,6.000,6.000,12.000,12.000,6.000,6.000,6.000,6.000,12.000,12.000,6.000,6.000,6.000,6.000,6.000,6.000,0.004325,0.028556,0.004200,0.028549,0.004200,0.024112,0.004574,0.024136,0.000000,0.000125,0.000000,0.000000,0.742740,0.220815,0.000000,0.000000,0.000000,0.110681,0.114448
0.9750,-0.00103,0.03295,0.48139,1.00000,0.00004,0.00118,0.00113,0.00437,0.02424,0.31548,0.31446,0.00236,0.02867,2,0.03491,0.00236,0.034750,-0.00011,-0.4854,-0.0003,-0.0064,-0.0003,-0.3019,-0.0076,-0.4593,0,0.04900,0.01900,0.0020,0.0068,0.006377,0.052093,-0.0141,0.1061,49.1696,-0.0103,0.0595,49.7859,-0.0285,-0.1083,13.8690,0.0112,-0.0611,15.2651,0.002137,0.002285,49.1697,0.002161,0.002376,49.7859,-0.007447,-0.018243,13.8693,-0.006570,-0.016518,15.2651,-0.00330,-0.11337,-0.32794,0.62969,-0.30393,0.11183,-0.00155,-0.11246,-0.32939,0.63613,-0.30933,0.11573,0.00456,-0.00000,0.00097,0.00027,-0.00257,1.22270,0.22030,-1.21802,0.11544,-0.10062,0.00682,0.47857,-0.18857,-0.39042,-0.09200,0.27603,0.00383,0.00024,0.00124,0.00032,6.000,6.000,12.000,12.000,6.000,6.000,6.000,6.000,12.000,12.000,6.000,6.000,6.000,6.000,6.000,6.000,0.004324,0.028677,0.004200,0.028672,0.004200,0.024237,0.004572,0.024251,0.000000,0.000124,0.000000,0.000000,0.743897,0.218755,0.000000,0.000000,0.000000,0.111254,0.115088
0.9800,-0.00103,0.03312,0.48139,1.00000,0.00004,0.00118,0.00113,0.00436,0.02436,0.31548,0.31446,0.00236,0.02880,2,0.03492,0.00236,0.034750,-0.00011,-0.4840,-0.0003,-0.0064,-0.0000,-0.3020,-0.0067,-0.4592,0,0.04900,0.01900,0.0021,0.0071,0.006385,0.052085,-0.0139,0.1083,49.2930,-0.0104,0.0615,49.9077,-0.0284,-0.1086,13.7449,0.0095,-0.0638,15.1461,0.002145,0.002278,49.2931,0.002169,0.002368,49.9077,-0.007551,-0.018714,13.7452,-0.006645,-0.016915,15.1461,-0.00332,-0.11393,-0.32765,0.62911,-0.30364,0.11240,-0.00156,-0.11303,-0.32911,0.63559,-0.30908,0.11637,0.00458,-0.00000,0.00096,0.00028,-0.00259,1.23303,0.22173,-1.21973,0.11616,-0.10069,0.00692,0.48039,-0.18976,-0.38711,-0.09251,0.28022,0.00385,0.00024,0.00127,0.00033,6.000,6.000,12.000,12.000,6.000,6.000,6.000,6.000,12.000,12.000,6.000,6.000,6.000,6.000,6.000,6.000,0.004323,0.028798,0.004200,0.028796,0.004200,0.024361,0.004569,0.024366,0.000000,0.000123,0.000000,0.000000,0.745048,0.216709,0.000000,0.000000,0.000000,0.111826,0.115729
0.9850,-0.00103,0.03328,0.48139,1.00000,0.00004,0.00118,0.00114,0.00436,0.02449,0.31548,0.31446,0.00236,0.02892,2,0.03492,0.00236,0.034749,-0.00011,-0.4827,-0.0003,-0.0063,0.0003,-0.3023,-0.0056,-0.4591,0,0.04900,0.01900,0.0021,0.0076,0.006393,0.052078,-0.0136,0.1113,49.4143,-0.0104,0.0636,50.0282,-0.0280,-0.1094,13.6217,0.0075,-0.0680,15.0284,0.002154,0.002235,49.4144,0.002177,0.002362,50.0282,-0.007650,-0.019017,13.6220,-0.006712,-0.017303,15.0284,-0.00334,-0.11450,-0.32736,0.62852,-0.30334,0.11297,-0.00156,-0.11361,-0.32882,0.63505,-0.30883,0.11703,0.00460,-0.00000,0.00095,0.00028,-0.00271,1.24486,0.22321,-1.22132,0.11691,-0.09897,0.00693,0.48037,-0.19092,-0.38376,-0.09295,0.28209,0.00391,0.00025,0.00127,0.00033,6.000,6.000,12.000,12.000,6.000,6.000,6.000,6.000,12.000,12.000,6.000,6.000,6.000,6.000,6.000,6.000,0.004321,0.028918,0.004200,0.028920,0.004200,0.024485,0.004565,0.024479,0.000000,0.000122,0.000000,0.000000,0.746186,0.214684,0.000000,0.000000,0.000000,0.112398,0.116375
0.9900,-0.00102,0.03345,0.48139,1.00000,0.00003,0.00118,0.00115,0.00436,0.02461,0.31548,0.31446,0.00235,0.02904,2,0.03492,0.00235,0.034749,-0.00011,-0.4814,-0.0003,-0.0062,0.0006,-0.3026,-0.0043,-0.4591,0,0.04900,0.01900,0.0022,0.0079,0.006402,0.052038,-0.0132,0.1159,49.5340,-0.0104,0.0656,50.1467,-0.0277,-0.1116,13.5000,0.0064,-0.0707,14.9095,0.002162,0.002112,49.5341,0.002186,0.002321,50.1467,-0.007751,-0.019016,13.5004,-0.006784,-0.017557,14.9095,-0.00336,-0.11507,-0.32706,0.62793,-0.30304,0.11354,-0.00157,-0.11418,-0.32854,0.63451,-0.30858,0.11768,0.00463,-0.00000,0.00094,0.00029,-0.00286,1.26027,0.22466,-1.22288,0.11765,-0.09330,0.00689,0.47658,-0.19207,-0.38046,-0.09338,0.27982,0.00399,0.00026,0.00126,0.00033,6.000,6.000,12.000,12.000,6.000,6.000,6.000,6.000,12.000,12.000,6.000,6.000,6.000,6.000,6.000,6.000,0.004320,0.029038,0.004200,0.029044,0.004200,0.024610,0.004560,0.024591,0.000000,0.000120,0.000000,0.000000,0.747317,0.212675,0.000000,0.000000,0.000000,0.112969,0.117025
0.9950,-0.00102,0.03362,0.48139,1.00000,0.00003,0.00118,0.00116,0.00436,0.02474,0.31548,0.31446,0.00235,0.02917,2,0.03492,0.00235,0.034748,-0.00011,-0.4801,-0.0003,-0.0061,0.0010,-0.3027,-0.0032,-0.4589,0,0.04900,0.01900,0.0023,0.0080,0.006410,0.051921,-0.0129,0.1205,49.6544,-0.0103,0.0672,50.2637,-0.0274,-0.1141,13.3792,0.0069,-0.0709,14.7892,0.002169,0.001984,49.6545,0.002195,0.002205,50.2637,-0.007861,-0.019016,13.3795,-0.006872,-0.017561,14.7892,-0.00338,-0.11563,-0.32677,0.62733,-0.30274,0.11412,-0.00158,-0.11475,-0.32825,0.63397,-0.30833,0.11832,0.00465,-0.00000,0.00094,0.00029,-0.00295,1.27631,0.22604,-1.22451,0.11832,-0.08731,0.00687,0.47231,-0.19323,-0.37727,-0.09390,0.27746,0.00405,0.00026,0.00125,0.00034,6.000,6.000,12.000,12.000,6.000,6.000,6.000,6.000,12.000,12.000,6.000,6.000,6.000,6.000,6.000,6.000,0.004318,0.029158,0.004200,0.029168,0.004200,0.024734,0.004556,0.024704,0.000000,0.000119,0.000000,0.000000,0.748454,0.210670,0.000000,0.000000,0.000000,0.113543,0.117676
1.0000,-0.00102,0.03379,0.48139,1.00000,0.00003,0.00118,0.00116,0.00436,0.02486,0.31548,0.31446,0.00235,0.02929,2,0.03492,0.00235,0.034748,-0.00010,-0.4788,-0.0003,-0.0060,0.0013,-0.3026,-0.0019,-0.4587,0,0.04900,0.01900,0.0023,0.0081,0.006417,0.051800,-0.0126,0.1253,49.7750,-0.0103,0.0688,50.3811,-0.0271,-0.1168,13.2588,0.0072,-0.0712,14.6699,0.002175,0.001855,49.7751,0.002202,0.002084,50.3811,-0.007978,-0.019019,13.2592,-0.006967,-0.017562,14.6699,-0.00340,-0.11620,-0.32647,0.62674,-0.30244,0.11471,-0.00159,-0.11532,-0.32796,0.63343,-0.30808,0.11896,0.00468,-0.00000,0.00093,0.00030,-0.00299,1.29273,0.22736,-1.22618,0.11894,-0.08116,0.00687,0.46772,-0.19438,-0.37415,-0.09445,0.27506,0.00409,0.00026,0.00124,0.00034,6.000,6.000,12.000,12.000,6.000,6.000,6.000,6.000,12.000,12.000,6.000,6.000,6.000,6.000,6.000,6.000,0.004317,0.029278,0.004200,0.029292,0.004200,0.024858,0.004552,0.024818,0.000000,0.000118,0.000000,0.000000,0.749594,0.208672,0.000000,0.000000,0.000000,0.114122,0.118321
1.0050,-0.00101,0.03395,0.48139,1.00000,0.00003,0.00117,0.00117,0.00436,0.02498,0.31548,0.31446,0.00235,0.02942,2,0.03492,0.00235,0.034747,-0.00010,-0.4774,-0.0003,-0.0059,0.0016,-0.3025,-0.0006,-0.4584,0,0.04900,0.01900,0.0023,0.0082,0.006424,0.051676,-0.0123,0.1301,49.8956,-0.0103,0.0703,50.4988,-0.0268,-0.1196,13.1388,0.0075,-0.0716,14.5513,0.002181,0.001723,49.8958,0.002208,0.001960,50.4988,-0.008100,-0.019019,13.1392,-0.007067,-0.017563,14.5513,-0.00342,-0.11676,-0.32617,0.62614,-0.30213,0.11530,-0.00159,-0.11589,-0.32767,0.63288,-0.30784,0.11959,0.00470,-0.00000,0.00092,0.00030,-0.00301,1.30944,0.22865,-1.22786,0.11954,-0.07489,0.00689,0.46287,-0.19552,-0.37107,-0.09502,0.27261,0.00411,0.00027,0.00123,0.00034,6.000,6.000,12.000,12.000,6.000,6.000,6.000,6.000,12.000,12.000,6.000,6.000,6.000,6.000,6.000,6.000,0.004316,0.029398,0.004200,0.029415,0.004200,0.024983,0.004548,0.024931,0.000000,0.000117,0.000000,0.000000,0.750737,0.206681,0.000000,0.000000,0.000000,0.114707,0.118959
1.0100,-0.00101,0.03412,0.48139,1.00000,0.00003,0.00117,0.00118,0.00436,0.02511,0.31548,0.31446,0.00235,0.02954,2,0.03492,0.00235,0.034747,-0.00010,-0.4761,-0.0003,-0.0058,0.0019,-0.3024,0.0008,-0.4581,0,0.04900,0.01900,0.0024,0.0084,0.006430,0.051550,-0.0120,0.1349,50.0163,-0.0104,0.0719,50.6166,-0.0266,-0.1225,13.0191,0.0078,-0.0720,14.4331,0.002186,0.001590,50.0164,0.002214,0.001834,50.6166,-0.008226,-0.019016,13.0195,-0.007170,-0.017559,14.4331,-0.00344,-0.11733,-0.32587,0.62553,-0.30183,0.11590,-0.00160,-0.11646,-0.32738,0.63233,-0.30758,0.12020,0.00473,-0.00000,0.00091,0.00031,-0.00300,1.32634,0.22991,-1.22955,0.12013,-0.06854,0.00692,0.45784,-0.19665,-0.36802,-0.09560,0.27012,0.00413,0.00027,0.00122,0.00034,6.000,6.000,12.000,12.000,6.000,6.000,6.000,6.000,12.000,12.000,6.000,6.000,6.000,6.000,6.000,6.000,0.004314,0.029519,0.004200,0.029539,0.004200,0.025107,0.004544,0.025045,0.000000,0.000117,0.000000,0.000000,0.751882,0.204697,0.000000,0.000000,0.000000,0.115300,0.119586
1.0150,-0.00101,0.03429,0.48139,1.00000,0.00003,0.00117,0.00119,0.00436,0.02523,0.31548,0.31446,0.00235,0.02966,2,0.03492,0.00235,0.034746,-0.00010,-0.4748,-0.0003,-0.0057,0.0022,-0.3022,0.0022,-0.4578,0,0.04900,0.01900,0.0024,0.0085,0.006435,0.051422,-0.0117,0.1397,50.1368,-0.0104,0.0734,50.7342,-0.0263,-0.1254,12.8996,0.0080,-0.0724,14.3152,0.002191,0.001459,50.1369,0.002220,0.001707,50.7342,-0.008354,-0.019019,12.9000,-0.007276,-0.017551,14.3152,-0.00346,-0.11789,-0.32557,0.62493,-0.30152,0.11651,-0.00161,-0.11702,-0.32709,0.63178,-0.30733,0.12081,0.00475,-0.00000,0.00091,0.00032,-0.00297,1.34331,0.23116,-1.23122,0.12071,-0.06225,0.00697,0.45276,-0.19777,-0.36499,-0.09619,0.26769,0.00414,0.00027,0.00122,0.00034,6.000,6.000,12.000,12.000,6.000,6.000,6.000,6.000,12.000,12.000,6.000,6.000,6.000,6.000,6.000,6.000,0.004313,0.029639,0.004200,0.029663,0.004200,0.025231,0.004540,0.025160,0.000000,0.000116,0.000000,0.000000,0.753031,0.202721,0.000000,0.000000,0.000000,0.115899,0.120203
1.0200,-0.00100,0.03445,0.48139,1.00000,0.00003,0.00117,0.00120,0.00436,0.02535,0.31548,0.31446,0.00235,0.02979,2,0.03492,0.00235,0.034746,-0.00010,-0.4734,-0.0003,-0.0057,0.0024,-0.3021,0.0038,-0.4575,0,0.04900,0.01900,0.0025,0.0086,0.006441,0.051296,-0.0114,0.1445,50.2572,-0.0105,0.0750,50.8518,-0.0261,-0.1284,12.7803,0.0082,-0.0730,14.1977,0.002196,0.001328,50.2573,0.002226,0.001580,50.8518,-0.008485,-0.019019,12.7807,-0.007384,-0.017546,14.1977,-0.00349,-0.11846,-0.32527,0.62431,-0.30121,0.11712,-0.00162,-0.11759,-0.32680,0.63123,-0.30708,0.12141,0.00478,-0.00000,0.00090,0.00032,-0.00293,1.36034,0.23240,-1.23288,0.12128,-0.05595,0.00702,0.44759,-0.19889,-0.36198,-0.09678,0.26527,0.00415,0.00026,0.00122,0.00035,6.000,6.000,12.000,12.000,6.000,6.000,6.000,6.000,12.000,12.000,6.000,6.000,6.000,6.000,6.000,6.000,0.004312,0.029760,0.004200,0.029787,0.004200,0.025355,0.004536,0.025274,0.000000,0.000116,0.000000,0.000000,0.754182,0.200752,0.000000,0.000000,0.000000,0.116506,0.120810
1.0250,-0.00100,0.03462,0.48139,1.00000,0.00003,0.00117,0.00120,0.00435,0.02547,0.31548,0.31446,0.00234,0.02991,2,0.03492,0.00234,0.034745,-0.00011,-0.4721,-0.0003,-0.0056,0.0027,-0.3019,0.0055,-0.4572,0,0.04900,0.01900,0.0025,0.0088,0.006446,0.051169,-0.0111,0.1493,50.3774,-0.0106,0.0767,50.9693,-0.0259,-0.1315,12.6611,0.0084,-0.0736,14.0804,0.002201,0.001197,50.3776,0.002231,0.001454,50.9693,-0.008618,-0.019019,12.6615,-0.007493,-0.017537,14.0804,-0.00351,-0.11903,-0.32496,0.62370,-0.30090,0.11774,-0.00163,-0.11815,-0.32651,0.63067,-0.30682,0.12199,0.00480,-0.00000,0.00089,0.00033,-0.00289,1.37740,0.23363,-1.23452,0.12185,-0.04970,0.00708,0.44238,-0.20000,-0.35897,-0.09736,0.26287,0.00416,0.00026,0.00122,0.00035,6.000,6.000,12.000,12.000,6.000,6.000,6.000,6.000,12.000,12.000,6.000,6.000,6.000,6.000,6.000,6.000,0.004311,0.029880,0.004200,0.029911,0.004200,0.025480,0.004533,0.025389,0.000000,0.000115,0.000000,0.000000,0.755335,0.198790,0.000000,0.000000,0.000000,0.117119,0.121407
1.0300,-0.00100,0.03479,0.48139,1.00000,0.00003,0.00117,0.00121,0.00435,0.02560,0.31548,0.31446,0.00234,0.03003,2,0.03493,0.00234,0.034744,-0.00011,-0.4707,-0.0003,-0.0055,0.0029,-0.3018,0.0073,-0.4569,0,0.04900,0.01900,0.0026,0.0089,0.006452,0.051043,-0.0108,0.1541,50.4975,-0.0107,0.0783,51.0866,-0.0257,-0.1346,12.5421,0.0086,-0.0742,13.9633,0.002206,0.001067,50.4976,0.002236,0.001328,51.0866,-0.008753,-0.019017,12.5425,-0.007603,-0.017529,13.9633,-0.00353,-0.11959,-0.32465,0.62308,-0.30059,0.11836,-0.00163,-0.11871,-0.32621,0.63011,-0.30656,0.12257,0.00483,-0.00000,0.00088,0.00033,-0.00284,1.39448,0.23485,-1.23614,0.12241,-0.04347,0.00714,0.43713,-0.20110,-0.35597,-0.09795,0.26048,0.00416,0.00026,0.00122,0.00035,6.000,6.000,12.000,12.000,6.000,6.000,6.000,6.000,12.000,12.000,6.000,6.000,6.000,6.000,6.000,6.000,0.004309,0.030001,0.004200,0.030034,0.004200,0.025604,0.004529,0.025504,0.000000,0.000115,0.000000,0.000000,0.756491,0.196836,0.000000,0.000000,0.000000,0.117738,0.121994
1.0350,-0.00099,0.03495,0.48139,1.00000,0.00002,0.00117,0.00122,0.00435,0.02572,0.31548,0.31446,0.00234,0.03016,2,0.03493,0.00234,0.034744,-0.00011,-0.4693,-0.0003,-0.0054,0.0032,-0.3016,0.0091,-0.4566,0,0.04900,0.01900,0.0026,0.0091,0.006457,0.050918,-0.0105,0.1588,50.6173,-0.0108,0.0800,51.2037,-0.0254,-0.1377,12.4232,0.0087,-0.0749,13.8463,0.002211,0.000939,50.6175,0.002242,0.001203,51.2037,-0.008891,-0.019019,12.4237,-0.007715,-0.017518,13.8463,-0.00355,-0.12016,-0.32434,0.62246,-0.30027,0.11899,-0.00164,-0.11927,-0.32591,0.62955,-0.30630,0.12314,0.00486,-0.00000,0.00088,0.00034,-0.00279,1.41152,0.23607,-1.23775,0.12297,-0.03734,0.00720,0.43190,-0.20219,-0.35298,-0.09852,0.25816,0.00417,0.00026,0.00122,0.00035,6.000,6.000,12.000,12.000,6.000,6.000,6.000,6.000,12.000,12.000,6.000,6.000,6.000,6.000,6.000,6.000,0.004308,0.030122,0.004200,0.030158,0.004200,0.025728,0.004525,0.025619,0.000000,0.000115,0.000000,0.000000,0.757650,0.194890,0.000000,0.000000,0.000000,0.118362,0.122573
1.0400,-0.00099,0.03512,0.48139,1.00000,0.00002,0.00117,0.00123,0.00435,0.02584,0.31548,0.31446,0.00234,0.03028,2,0.03493,0.00234,0.034743,-0.00011,-0.4680,-0.0003,-0.0054,0.0034,-0.3015,0.0110,-0.4563,0,0.04900,0.01900,0.0027,0.0092,0.006462,0.050794,-0.0103,0.1635,50.7370,-0.0109,0.0817,51.3207,-0.0252,-0.1408,12.3045,0.0089,-0.0756,13.7296,0.002216,0.000812,50.7372,0.002247,0.001080,51.3207,-0.009030,-0.019019,12.3050,-0.007829,-0.017510,13.7296,-0.00357,-0.12073,-0.32403,0.62184,-0.29996,0.11962,-0.00165,-0.11983,-0.32562,0.62898,-0.30604,0.12371,0.00488,-0.00000,0.00087,0.00035,-0.00275,1.42855,0.23729,-1.23933,0.12353,-0.03124,0.00727,0.42666,-0.20327,-0.35000,-0.09910,0.25586,0.00417,0.00026,0.00122,0.00036,6.000,6.000,12.000,12.000,6.000,6.000,6.000,6.000,12.000,12.000,6.000,6.000,6.000,6.000,6.000,6.000,0.004307,0.030242,0.004200,0.030282,0.004200,0.025853,0.004522,0.025734,0.000000,0.000114,0.000000,0.000000,0.758811,0.192951,0.000000,0.000000,0.000000,0.118990,0.123144
1.0450,-0.00098,0.03529,0.48139,1.00000,0.00002,0.00117,0.00124,0.00435,0.02597,0.31548,0.31446,0.00234,0.03041,2,0.03493,0.00234,0.034743,-0.00011,-0.4666,-0.0003,-0.0053,0.0036,-0.3013,0.0129,-0.4560,0,0.04900,0.01900,0.0027,0.0094,0.006467,0.050671,-0.0100,0.1681,50.8565,-0.0110,0.0834,51.4375,-0.0250,-0.1440,12.1860,0.0090,-0.0764,13.6130,0.002221,0.000687,50.8567,0.002252,0.000957,51.4375,-0.009172,-0.019022,12.1864,-0.007944,-0.017500,13.6130,-0.00359,-0.12129,-0.32372,0.62121,-0.29964,0.12026,-0.00165,-0.12038,-0.32532,0.62841,-0.30577,0.12427,0.00491,-0.00000,0.00086,0.00035,-0.00270,1.44554,0.23850,-1.24089,0.12408,-0.02523,0.00733,0.42143,-0.20435,-0.34702,-0.09967,0.25362,0.00418,0.00026,0.00122,0.00036,6.000,6.000,12.000,12.000,6.000,6.000,6.000,6.000,12.000,12.000,6.000,6.000,6.000,6.000,6.000,6.000,0.004306,0.030363,0.004200,0.030405,0.004200,0.025977,0.004518,0.025850,0.000000,0.000114,0.000000,0.000000,0.759975,0.191020,0.000000,0.000000,0.000000,0.119621,0.123708
1.0500,-0.00098,0.03545,0.48139,1.00000,0.00002,0.00117,0.00124,0.00435,0.02609,0.31548,0.31446,0.00234,0.03053,2,0.03493,0.00234,0.034742,-0.00011,-0.4653,-0.0003,-0.0052,0.0038,-0.3012,0.0150,-0.4557,0,0.04900,0.01900,0.0028,0.0096,0.006473,0.050550,-0.0097,0.1727,50.9758,-0.0111,0.0851,51.5541,-0.0248,-0.1472,12.0676,0.0091,-0.0772,13.4966,0.002225,0.000561,50.9759,0.002258,0.000836,51.5541,-0.009316,-0.019018,12.0681,-0.008060,-0.017492,13.4966,-0.00361,-0.12186,-0.32341,0.62058,-0.29932,0.12089,-0.00166,-0.12094,-0.32501,0.62784,-0.30550,0.12482,0.00494,-0.00000,0.00085,0.00036,-0.00266,1.46256,0.23970,-1.24244,0.12463,-0.01920,0.00740,0.41615,-0.20542,-0.34405,-0.10023,0.25133,0.00419,0.00026,0.00122,0.00036,6.000,6.000,12.000,12.000,6.000,6.000,6.000,6.000,12.000,12.000,6.000,6.000,6.000,6.000,6.000,6.000,0.004305,0.030484,0.004200,0.030529,0.004200,0.026101,0.004515,0.025966,0.000000,0.000114,0.000000,0.000000,0.761142,0.189096,0.000000,0.000000,0.000000,0.120256,0.124267
1.0550,-0.00098,0.03562,0.48139,1.00000,0.00002,0.00117,0.00125,0.00435,0.02621,0.31548,0.31446,0.00234,0.03065,2,0.03493,0.00234,0.034742,-0.00011,-0.4639,-0.0003,-0.0051,0.0040,-0.3011,0.0170,-0.4553,0,0.04900,0.01900,0.0028,0.0098,0.006478,0.050428,-0.0094,0.1773,51.0949,-0.0112,0.0868,51.6704,-0.0246,-0.1505,11.9494,0.0092,-0.0780,13.3803,0.002230,0.000438,51.0950,0.002263,0.000715,51.6704,-0.009462,-0.019017,11.9499,-0.008177,-0.017479,13.3803,-0.00364,-0.12242,-0.32309,0.61995,-0.29900,0.12153,-0.00167,-0.12149,-0.32471,0.62726,-0.30524,0.12537,0.00497,-0.00000,0.00084,0.00037,-0.00261,1.47953,0.24090,-1.24396,0.12517,-0.01325,0.00746,0.41088,-0.20649,-0.34109,-0.10080,0.24910,0.00419,0.00026,0.00122,0.00036,6.000,6.000,12.000,12.000,6.000,6.000,6.000,6.000,12.000,12.000,6.000,6.000,6.000,6.000,6.000,6.000,0.004303,0.030605,0.004200,0.030653,0.004200,0.026225,0.004511,0.026082,0.000000,0.000114,0.000000,0.000000,0.762311,0.187180,0.000000,0.000000,0.000000,0.120892,0.124820
1.0600,-0.00097,0.03579,0.48139,1.00000,0.00002,0.00117,0.00126,0.00435,0.02633,0.31548,0.31446,0.00233,0.03078,2,0.03493,0.00233,0.034741,-0.00011,-0.4626,-0.0003,-0.0051,0.0042,-0.3009,0.0191,-0.4550,0,0.04900,0.01900,0.0029,0.0100,0.006483,0.050309,-0.0092,0.1818,51.2138,-0.0113,0.0885,51.7867,-0.0244,-0.1537,11.8314,0.0094,-0.0789,13.2643,0.002235,0.000316,51.2139,0.002268,0.000595,51.7867,-0.009610,-0.019018,11.8319,-0.008297,-0.017468,13.2643,-0.00366,-0.12299,-0.32277,0.61931,-0.29868,0.12217,-0.00167,-0.12205,-0.32441,0.62668,-0.30496,0.12591,0.00499,-0.00000,0.00083,0.00037,-0.00257,1.49645,0.24210,-1.24547,0.12572,-0.00738,0.00753,0.40565,-0.20755,-0.33813,-0.10136,0.24693,0.00420,0.00026,0.00122,0.00037,6.000,6.000,12.000,12.000,6.000,6.000,6.000,6.000,12.000,12.000,6.000,6.000,6.000,6.000,6.000,6.000,0.004302,0.030726,0.004200,0.030776,0.004200,0.026350,0.004508,0.026199,0.000000,0.000114,0.000000,0.000000,0.763483,0.185272,0.000000,0.000000,0.000000,0.121531,0.125369
1.0650,-0.00097,0.03595,0.48139,1.00000,0.00001,0.00117,0.00127,0.00434,0.02646,0.31548,0.31446,0.00233,0.03090,2,0.03493,0.00233,0.034741,-0.00011,-0.4612,-0.0003,-0.0050,0.0044,-0.3008,0.0212,-0.4547,0,0.04900,0.01900,0.0029,0.0102,0.006488,0.050191,-0.0089,0.1863,51.3325,-0.0114,0.0903,51.9027,-0.0242,-0.1570,11.7135,0.0095,-0.0799,13.1484,0.002239,0.000195,51.3326,0.002273,0.000478,51.9027,-0.009761,-0.019020,11.7141,-0.008417,-0.017460,13.1484,-0.00368,-0.12355,-0.32246,0.61867,-0.29836,0.12281,-0.00168,-0.12260,-0.32410,0.62610,-0.30469,0.12646,0.00502,-0.00000,0.00083,0.00038,-0.00254,1.51335,0.24329,-1.24696,0.12626,-0.00157,0.00760,0.40041,-0.20861,-0.33518,-0.10191,0.24477,0.00421,0.00026,0.00121,0.00037,6.000,6.000,12.000,12.000,6.000,6.000,6.000,6.000,12.000,12.000,6.000,6.000,6.000,6.000,6.000,6.000,0.004301,0.030847,0.004200,0.030900,0.004200,0.026474,0.004504,0.026316,0.000000,0.000114,0.000000,0.000000,0.764657,0.183372,0.000000,0.000000,0.000000,0.122170,0.125914
1.0700,-0.00097,0.03612,0.48139,1.00000,0.00001,0.00117,0.00127,0.00434,0.02658,0.31548,0.31446,0.00233,0.03102,2,0.03493,0.00233,0.034740,-0.00011,-0.4599,-0.0003,-0.0049,0.0046,-0.3007,0.0234,-0.4544,0,0.04900,0.01900,0.0030,0.0104,0.006492,0.050075,-0.0086,0.1907,51.4509,-0.0115,0.0920,52.0185,-0.0240,-0.1603,11.5959,0.0096,-0.0808,13.0328,0.002244,0.000076,51.4510,0.002278,0.000362,52.0185,-0.009914,-0.019021,11.5965,-0.008539,-0.017450,13.0328,-0.00370,-0.12411,-0.32213,0.61803,-0.29803,0.12345,-0.00168,-0.12315,-0.32379,0.62552,-0.30442,0.12699,0.00505,-0.00000,0.00082,0.00039,-0.00250,1.53022,0.24448,-1.24843,0.12679,0.00420,0.00766,0.39516,-0.20966,-0.33224,-0.10246,0.24263,0.00422,0.00026,0.00121,0.00037,6.000,6.000,12.000,12.000,6.000,6.000,6.000,6.000,12.000,12.000,6.000,6.000,6.000,6.000,6.000,6.000,0.004300,0.030968,0.004200,0.031023,0.004200,0.026598,0.004501,0.026433,0.000000,0.000115,0.000000,0.000000,0.765833,0.181479,0.000000,0.000000,0.000000,0.122810,0.126456
1.0750,-0.00096,0.03628,0.48138,1.00000,0.00001,0.00116,0.00128,0.00434,0.02670,0.31548,0.31446,0.00233,0.03115,2,0.03493,0.00233,0.034740,-0.00010,-0.4586,-0.0003,-0.0048,0.0048,-0.3006,0.0255,-0.4541,0,0.04900,0.01900,0.0030,0.0106,0.006497,0.049959,-0.0084,0.1951,51.5691,-0.0116,0.0937,52.1341,-0.0238,-0.1636,11.4785,0.0096,-0.0818,12.9174,0.002248,-0.000042,51.5692,0.002283,0.000247,52.1341,-0.010070,-0.019021,11.4791,-0.008663,-0.017441,12.9174,-0.00372,-0.12468,-0.32181,0.61739,-0.29771,0.12409,-0.00169,-0.12370,-0.32348,0.62493,-0.30414,0.12753,0.00508,-0.00000,0.00081,0.00039,-0.00247,1.54707,0.24567,-1.24988,0.12733,0.00992,0.00772,0.38991,-0.21070,-0.32930,-0.10301,0.24050,0.00423,0.00026,0.00121,0.00037,6.000,6.000,12.000,12.000,6.000,6.000,6.000,6.000,12.000,12.000,6.000,6.000,6.000,6.000,6.000,6.000,0.004299,0.031089,0.004200,0.031147,0.004200,0.026723,0.004497,0.026550,0.000000,0.000115,0.000000,0.000000,0.767012,0.179595,0.000000,0.000000,0.000000,0.123450,0.126995
1.0800,-0.00096,0.03645,0.48138,1.00000,0.00001,0.00116,0.00129,0.00434,0.02682,0.31548,0.31446,0.00233,0.03127,2,0.03493,0.00233,0.034739,-0.00010,-0.4573,-0.0003,-0.0048,0.0049,-0.3004,0.0277,-0.4538,0,0.04900,0.01900,0.0031,0.0109,0.006502,0.049845,-0.0081,0.1995,51.6870,-0.0117,0.0954,52.2494,-0.0235,-0.1670,11.3613,0.0097,-0.0829,12.8022,0.002252,-0.000158,51.6871,0.002288,0.000133,52.2494,-0.010229,-0.019021,11.3619,-0.008789,-0.017431,12.8022,-0.00373,-0.12524,-0.32149,0.61674,-0.29738,0.12473,-0.00169,-0.12425,-0.32317,0.62433,-0.30386,0.12807,0.00511,-0.00000,0.00080,0.00040,-0.00244,1.56390,0.24684,-1.25132,0.12786,0.01560,0.00778,0.38464,-0.21174,-0.32638,-0.10355,0.23838,0.00424,0.00026,0.00120,0.00037,6.000,6.000,12.000,12.000,6.000,6.000,6.000,6.000,12.000,12.000,6.000,6.000,6.000,6.000,6.000,6.000,0.004298,0.031211,0.004200,0.031271,0.004200,0.026847,0.004494,0.026667,0.000000,0.000115,0.000000,0.000000,0.768194,0.177718,0.000000,0.000000,0.000000,0.124091,0.127532
1.0850,-0.00095,0.03662,0.48138,1.00000,0.00001,0.00116,0.00129,0.00434,0.02695,0.31547,0.31446,0.00233,0.03139,2,0.03493,0.00233,0.034738,-0.00010,-0.4560,-0.0003,-0.0047,0.0051,-0.3003,0.0300,-0.4536,0,0.04900,0.01900,0.0031,0.0111,0.006507,0.049733,-0.0078,0.2039,51.8047,-0.0118,0.0972,52.3645,-0.0233,-0.1703,11.2443,0.0098,-0.0839,12.6872,0.002257,-0.000274,51.8048,0.002292,0.000020,52.3645,-0.010390,-0.019022,11.2449,-0.008917,-0.017421,12.6872,-0.00375,-0.12580,-0.32116,0.61609,-0.29706,0.12537,-0.00169,-0.12480,-0.32286,0.62374,-0.30358,0.12860,0.00514,-0.00000,0.00079,0.00041,-0.00241,1.58071,0.24802,-1.25273,0.12838,0.02123,0.00784,0.37938,-0.21277,-0.32346,-0.10409,0.23628,0.00426,0.00026,0.00120,0.00037,6.000,6.000,12.000,12.000,6.000,6.000,6.000,6.000,12.000,12.000,6.000,6.000,6.000,6.000,6.000,6.000,0.004296,0.031332,0.004200,0.031394,0.004200,0.026971,0.004490,0.026785,0.000000,0.000115,0.000000,0.000000,0.769378,0.175850,0.000000,0.000000,0.000000,0.124731,0.128067
1.0900,-0.00095,0.03678,0.48138,1.00000,0.00000,0.00116,0.00130,0.00434,0.02707,0.31547,0.31446,0.00233,0.03152,2,0.03493,0.00233,0.034738,-0.00010,-0.4548,-0.0003,-0.0046,0.0052,-0.3002,0.0322,-0.4533,0,0.04900,0.01900,0.0032,0.0113,0.006511,0.049621,-0.0076,0.2082,51.9222,-0.0119,0.0989,52.4794,-0.0231,-0.1737,11.1276,0.0099,-0.0850,12.5724,0.002261,-0.000388,51.9223,0.002297,-0.000091,52.4794,-0.010554,-0.019020,11.1282,-0.009046,-0.017411,12.5724,-0.00377,-0.12637,-0.32084,0.61543,-0.29673,0.12601,-0.00169,-0.12535,-0.32255,0.62314,-0.30330,0.12913,0.00517,-0.00000,0.00078,0.00041,-0.00238,1.59751,0.24918,-1.25413,0.12891,0.02683,0.00790,0.37408,-0.21380,-0.32056,-0.10462,0.23418,0.00427,0.00026,0.00119,0.00038,6.000,6.000,12.000,12.000,6.000,6.000,6.000,6.000,12.000,12.000,6.000,6.000,6.000,6.000,6.000,6.000,0.004295,0.031453,0.004200,0.031518,0.004200,0.027095,0.004487,0.026903,0.000000,0.000115,0.000000,0.000000,0.770564,0.173989,0.000000,0.000000,0.000000,0.125371,0.128600
1.0950,-0.00095,0.03695,0.48138,1.00000,0.00000,0.00116,0.00130,0.00434,0.02719,0.31547,0.31446,0.00232,0.03164,2,0.03494,0.00232,0.034737,-0.00010,-0.4535,-0.0003,-0.0046,0.0053,-0.3001,0.0344,-0.4530,0,0.04900,0.01900,0.0032,0.0116,0.006516,0.049511,-0.0073,0.2125,52.0394,-0.0120,0.1006,52.5940,-0.0229,-0.1772,11.0111,0.0100,-0.0861,12.4579,0.002265,-0.000500,52.0395,0.002302,-0.000201,52.5940,-0.010721,-0.019022,11.0117,-0.009177,-0.017400,12.4579,-0.00379,-0.12693,-0.32051,0.61478,-0.29640,0.12665,-0.00170,-0.12590,-0.32223,0.62254,-0.30301,0.12966,0.00520,-0.00000,0.00077,0.00042,-0.00236,1.61427,0.25034,-1.25552,0.12943,0.03236,0.00796,0.36880,-0.21481,-0.31766,-0.10516,0.23212,0.00428,0.00026,0.00118,0.00038,6.000,6.000,12.000,12.000,6.000,6.000,6.000,6.000,12.000,12.000,6.000,6.000,6.000,6.000,6.000,6.000,0.004294,0.031575,0.004200,0.031641,0.004200,0.027220,0.004483,0.027021,0.000000,0.000115,0.000000,0.000000,0.771752,0.172137,0.000000,0.000000,0.000000,0.126011,0.129132
1.1000,-0.00094,0.03711,0.48138,1.00000,-0.00000,0.00116,0.00131,0.00434,0.02731,0.31547,0.31446,0.00232,0.03176,2,0.03494,0.00232,0.034737,-0.00010,-0.4523,-0.0003,-0.0045,0.0055,-0.3000,0.0367,-0.4527,0,0.04900,0.01900,0.0033,0.0119,0.006520,0.049402,-0.0071,0.2168,52.1563,-0.0121,0.1023,52.7084,-0.0227,-0.1806,10.8949,0.0101,-0.0872,12.3437,0.002269,-0.000611,52.1564,0.002306,-0.000310,52.7084,-0.010891,-0.019023,10.8955,-0.009310,-0.017391,12.3437,-0.00381,-0.12749,-0.32018,0.61412,-0.29606,0.12729,-0.00170,-0.12645,-0.32191,0.62193,-0.30273,0.13019,0.00523,-0.00000,0.00076,0.00043,-0.00233,1.63101,0.25150,-1.25688,0.12995,0.03785,0.00802,0.36351,-0.21583,-0.31478,-0.10568,0.23006,0.00430,0.00026,0.00117,0.00038,6.000,6.000,12.000,12.000,6.000,6.000,6.000,6.000,12.000,12.000,6.000,6.000,6.000,6.000,6.000,6.000,0.004293,0.031696,0.004200,0.031765,0.004200,0.027344,0.004480,0.027140,0.000000,0.000116,0.000000,0.000000,0.772943,0.170293,0.000000,0.000000,0.000000,0.126650,0.129663
1.1050,-0.00094,0.03728,0.48138,1.00000,-0.00000,0.00116,0.00132,0.00433,0.02744,0.31547,0.31446,0.00232,0.03189,2,0.03494,0.00232,0.034736,-0.00010,-0.4510,-0.0003,-0.0044,0.0056,-0.2999,0.0390,-0.4525,0,0.04900,0.01900,0.0033,0.0121,0.006525,0.049295,-0.0068,0.2210,52.2729,-0.0122,0.1040,52.8225,-0.0225,-0.1841,10.7789,0.0102,-0.0883,12.2297,0.002273,-0.000721,52.2730,0.002311,-0.000417,52.8225,-0.011064,-0.019024,10.7795,-0.009445,-0.017381,12.2297,-0.00382,-0.12805,-0.31985,0.61346,-0.29573,0.12793,-0.00170,-0.12700,-0.32160,0.62132,-0.30244,0.13072,0.00526,-0.00000,0.00075,0.00044,-0.00231,1.64773,0.25265,-1.25823,0.13046,0.04329,0.00808,0.35820,-0.21683,-0.31190,-0.10621,0.22801,0.00431,0.00026,0.00117,0.00038,6.000,6.000,12.000,12.000,6.000,6.000,6.000,6.000,12.000,12.000,6.000,6.000,6.000,6.000,6.000,6.000,0.004292,0.031818,0.004200,0.031888,0.004200,0.027468,0.004476,0.027258,0.000000,0.000116,0.000000,0.000000,0.774136,0.168457,0.000000,0.000000,0.000000,0.127288,0.130193
1.1100,-0.00093,0.03745,0.48138,1.00000,-0.00001,0.00116,0.00132,0.00433,0.02756,0.31547,0.31446,0.00232,0.03201,2,0.03494,0.00232,0.034736,-0.00010,-0.4498,-0.0003,-0.0043,0.0057,-0.2998,0.0413,-0.4522,0,0.04900,0.01900,0.0033,0.0124,0.006529,0.049188,-0.0065,0.2252,52.3893,-0.0123,0.1056,52.9364,-0.0223,-0.1875,10.6632,0.0103,-0.0895,12.1159,0.002277,-0.000830,52.3893,0.002315,-0.000523,52.9364,-0.011240,-0.019024,10.6638,-0.009582,-0.017371,12.1159,-0.00384,-0.12861,-0.31951,0.61279,-0.29540,0.12856,-0.00170,-0.12755,-0.32128,0.62071,-0.30215,0.13125,0.00529,-0.00000,0.00074,0.00044,-0.00229,1.66444,0.25379,-1.25955,0.13098,0.04870,0.00814,0.35287,-0.21783,-0.30904,-0.10673,0.22596,0.00433,0.00026,0.00116,0.00038,6.000,6.000,12.000,12.000,6.000,6.000,6.000,6.000,12.000,12.000,6.000,6.000,6.000,6.000,6.000,6.000,0.004291,0.031940,0.004200,0.032011,0.004200,0.027593,0.004473,0.027377,0.000000,0.000116,0.000000,0.000000,0.775332,0.166629,0.000000,0.000000,0.000000,0.127926,0.130722
1.1150,-0.00093,0.03761,0.48138,1.00000,-0.00001,0.00116,0.00133,0.00433,0.02768,0.31547,0.31446,0.00232,0.03213,2,0.03494,0.00232,0.034735,-0.00010,-0.4486,-0.0003,-0.0043,0.0058,-0.2997,0.0436,-0.4520,0,0.04900,0.01900,0.0034,0.0127,0.006533,0.049083,-0.0063,0.2294,52.5053,-0.0123,0.1073,53.0499,-0.0221,-0.1911,10.5477,0.0104,-0.0906,12.0025,0.002281,-0.000937,52.5053,0.002319,-0.000628,53.0499,-0.011419,-0.019023,10.5484,-0.009721,-0.017360,12.0025,-0.00386,-0.12917,-0.31918,0.61212,-0.29506,0.12920,-0.00170,-0.12809,-0.32095,0.62009,-0.30186,0.13178,0.00532,-0.00000,0.00073,0.00045,-0.00227,1.68113,0.25492,-1.26087,0.13148,0.05407,0.00819,0.34753,-0.21882,-0.30618,-0.10724,0.22391,0.00435,0.00026,0.00115,0.00038,6.000,6.000,12.000,12.000,6.000,6.000,6.000,6.000,12.000,12.000,6.000,6.000,6.000,6.000,6.000,6.000,0.004290,0.032061,0.004200,0.032135,0.004200,0.027717,0.004469,0.027496,0.000000,0.000116,0.000000,0.000000,0.776529,0.164810,0.000000,0.000000,0.000000,0.128562,0.131251
1.1200,-0.00093,0.03778,0.48138,1.00000,-0.00001,0.00116,0.00133,0.00433,0.02780,0.31547,0.31446,0.00232,0.03226,2,0.03494,0.00232,0.034735,-0.00010,-0.4474,-0.0003,-0.0042,0.0059,-0.2996,0.0459,-0.4517,0,0.04900,0.01900,0.0034,0.0130,0.006538,0.048979,-0.0060,0.2335,52.6211,-0.0124,0.1090,53.1632,-0.0219,-0.1946,10.4326,0.0105,-0.0918,11.8893,0.002285,-0.001043,52.6211,0.002324,-0.000731,53.1632,-0.011602,-0.019023,10.4332,-0.009863,-0.017349,11.8893,-0.00387,-0.12973,-0.31884,0.61145,-0.29473,0.12983,-0.00169,-0.12864,-0.32063,0.61947,-0.30156,0.13231,0.00535,-0.00000,0.00072,0.00046,-0.00225,1.69781,0.25605,-1.26216,0.13199,0.05940,0.00825,0.34217,-0.21981,-0.30334,-0.10776,0.22187,0.00436,0.00026,0.00114,0.00039,6.000,6.000,12.000,12.000,6.000,6.000,6.000,6.000,12.000,12.000,6.000,6.000,6.000,6.000,6.000,6.000,0.004288,0.032183,0.004200,0.032258,0.004200,0.027841,0.004466,0.027615,0.000000,0.000116,0.000000,0.000000,0.777729,0.162998,0.000000,0.000000,0.000000,0.129198,0.131778
1.1250,-0.00092,0.03794,0.48138,1.00000,-0.00001,0.00116,0.00134,0.00433,0.02793,0.31547,0.31446,0.00232,0.03238,2,0.03494,0.00232,0.034734,-0.00010,-0.4462,-0.0003,-0.0041,0.0060,-0.2996,0.0482,-0.4515,0,0.04900,0.01900,0.0035,0.0133,0.006542,0.048877,-0.0058,0.2377,52.7365,-0.0125,0.1106,53.2762,-0.0217,-0.1981,10.3177,0.0106,-0.0930,11.7764,0.002289,-0.001148,52.7365,0.002328,-0.000834,53.2762,-0.011787,-0.019025,10.3183,-0.010006,-0.017338,11.7764,-0.00389,-0.13029,-0.31851,0.61078,-0.29439,0.13047,-0.00169,-0.12919,-0.32030,0.61885,-0.30127,0.13283,0.00538,-0.00001,0.00071,0.00046,-0.00223,1.71444,0.25717,-1.26343,0.13249,0.06466,0.00830,0.33682,-0.22078,-0.30051,-0.10827,0.21987,0.00438,0.00026,0.00113,0.00039,6.000,6.000,12.000,12.000,6.000,6.000,6.000,6.000,12.000,12.000,6.000,6.000,6.000,6.000,6.000,6.000,0.004287,0.032305,0.004200,0.032382,0.004200,0.027965,0.004463,0.027735,0.000000,0.000117,0.000000,0.000000,0.778932,0.161196,0.000000,0.000000,0.000000,0.129833,0.132306
1.1300,-0.00092,0.03811,0.48138,1.00000,-0.00002,0.00116,0.00134,0.00433,0.02805,0.31547,0.31446,0.00231,0.03250,2,0.03494,0.00231,0.034734,-0.00010,-0.4450,-0.0003,-0.0041,0.0060,-0.2995,0.0505,-0.4513,0,0.04900,0.01900,0.0035,0.0136,0.006546,0.048776,-0.0055,0.2417,52.8516,-0.0126,0.1123,53.3889,-0.0215,-0.2017,10.2031,0.0106,-0.0943,11.6638,0.002293,-0.001251,52.8516,0.002332,-0.000935,53.3889,-0.011977,-0.019026,10.2038,-0.010152,-0.017328,11.6638,-0.00390,-0.13085,-0.31817,0.61010,-0.29405,0.13110,-0.00169,-0.12973,-0.31998,0.61823,-0.30097,0.13336,0.00541,-0.00001,0.00070,0.00047,-0.00221,1.73106,0.25828,-1.26469,0.13300,0.06988,0.00835,0.33145,-0.22175,-0.29769,-0.10877,0.21786,0.00440,0.00026,0.00112,0.00039,6.000,6.000,12.000,12.000,6.000,6.000,6.000,6.000,12.000,12.000,6.000,6.000,6.000,6.000,6.000,6.000,0.004286,0.032427,0.004200,0.032505,0.004200,0.028090,0.004459,0.027855,0.000000,0.000117,0.000000,0.000000,0.780136,0.159402,0.000000,0.000000,0.000000,0.130467,0.132833
1.1350,-0.00091,0.03827,0.48138,1.00000,-0.00002,0.00116,0.00134,0.00433,0.02817,0.31547,0.31446,0.00231,0.03263,2,0.03494,0.00231,0.034733,-0.00009,-0.4439,-0.0003,-0.0040,0.0061,-0.2994,0.0529,-0.4511,0,0.04900,0.01900,0.0036,0.0139,0.006550,0.048676,-0.0053,0.2458,52.9664,-0.0127,0.1140,53.5013,-0.0213,-0.2053,10.0888,0.0107,-0.0955,11.5516,0.002296,-0.001354,52.9664,0.002336,-0.001034,53.5013,-0.012170,-0.019021,10.0895,-0.010299,-0.017318,11.5516,-0.00391,-0.13140,-0.31782,0.60942,-0.29371,0.13173,-0.00169,-0.13028,-0.31965,0.61760,-0.30067,0.13389,0.00544,-0.00001,0.00069,0.00048,-0.00219,1.74772,0.25939,-1.26592,0.13349,0.07512,0.00841,0.32600,-0.22272,-0.29489,-0.10927,0.21580,0.00441,0.00026,0.00111,0.00039,6.000,6.000,12.000,12.000,6.000,6.000,6.000,6.000,12.000,12.000,6.000,6.000,6.000,6.000,6.000,6.000,0.004285,0.032548,0.004200,0.032628,0.004200,0.028214,0.004456,0.027975,0.000000,0.000117,0.000000,0.000000,0.781342,0.157616,0.000000,0.000000,0.000000,0.131100,0.133360
1.1400,-0.00091,0.03844,0.48138,1.00000,-0.00002,0.00115,0.00135,0.00433,0.02829,0.31547,0.31446,0.00231,0.03275,2,0.03494,0.00231,0.034733,-0.00009,-0.4427,-0.0003,-0.0039,0.0062,-0.2993,0.0552,-0.4508,0,0.04900,0.01900,0.0036,0.0142,0.006554,0.048576,-0.0050,0.2499,53.0809,-0.0127,0.1156,53.6134,-0.0211,-0.2089,9.9748,0.0108,-0.0967,11.4395,0.002300,-0.001454,53.0809,0.002340,-0.001134,53.6134,-0.012366,-0.019024,9.9755,-0.010450,-0.017302,11.4395,-0.00393,-0.13196,-0.31748,0.60874,-0.29337,0.13236,-0.00168,-0.13082,-0.31932,0.61696,-0.30037,0.13441,0.00548,-0.00001,0.00068,0.00049,-0.00217,1.76428,0.26049,-1.26714,0.13399,0.08023,0.00846,0.32062,-0.22367,-0.29209,-0.10977,0.21383,0.00443,0.00026,0.00111,0.00039,6.000,6.000,12.000,12.000,6.000,6.000,6.000,6.000,12.000,12.000,6.000,6.000,6.000,6.000,6.000,6.000,0.004284,0.032670,0.004200,0.032751,0.004200,0.028338,0.004452,0.028095,0.000000,0.000117,0.000000,0.000000,0.782551,0.155838,0.000000,0.000000,0.000000,0.131733,0.133886
1.1450,-0.00090,0.03861,0.48138,1.00000,-0.00003,0.00115,0.00135,0.00433,0.02841,0.31547,0.31446,0.00231,0.03287,2,0.03494,0.00231,0.034732,-0.00009,-0.4416,-0.0003,-0.0039,0.0062,-0.2993,0.0576,-0.4506,0,0.04900,0.01900,0.0037,0.0145,0.006558,0.048479,-0.0048,0.2539,53.1950,-0.0128,0.1172,53.7251,-0.0209,-0.2126,9.8612,0.0109,-0.0980,11.3279,0.002303,-0.001556,53.1949,0.002344,-0.001230,53.7251,-0.012567,-0.019010,9.8619,-0.010602,-0.017294,11.3279,-0.00394,-0.13252,-0.31714,0.60805,-0.29303,0.13299,-0.00168,-0.13137,-0.31899,0.61633,-0.30007,0.13494,0.00551,-0.00001,0.00067,0.00049,-0.00216,1.78097,0.26158,-1.26834,0.13448,0.08546,0.00851,0.31508,-0.22462,-0.28931,-0.11026,0.21170,0.00445,0.00026,0.00110,0.00039,6.000,6.000,12.000,12.000,6.000,6.000,6.000,6.000,12.000,12.000,6.000,6.000,6.000,6.000,6.000,6.000,0.004283,0.032792,0.004200,0.032875,0.004200,0.028463,0.004449,0.028215,0.000000,0.000117,0.000000,0.000000,0.783762,0.154070,0.000000,0.000000,0.000000,0.132364,0.134412
1.1500,-0.00090,0.03877,0.48138,1.00000,-0.00003,0.00115,0.00135,0.00432,0.02854,0.31547,0.31446,0.00231,0.03300,2,0.03494,0.00231,0.034732,-0.00009,-0.4404,-0.0003,-0.0038,0.0063,-0.2992,0.0600,-0.4504,0,0.04900,0.01900,0.0037,0.0148,0.006561,0.048381,-0.0045,0.2579,53.3089,-0.0129,0.1189,53.8365,-0.0207,-0.2162,9.7478,0.0110,-0.0992,11.2165,0.002307,-0.001651,53.3088,0.002348,-0.001329,53.8365,-0.012771,-0.019025,9.7485,-0.010758,-0.017271,11.2165,-0.00395,-0.13308,-0.31679,0.60736,-0.29268,0.13362,-0.00167,-0.13191,-0.31865,0.61569,-0.29977,0.13546,0.00554,-0.00001,0.00065,0.00050,-0.00214,1.79741,0.26266,-1.26953,0.13497,0.09039,0.00857,0.30975,-0.22556,-0.28654,-0.11075,0.20985,0.00447,0.00026,0.00109,0.00039,6.000,6.000,12.000,12.000,6.000,6.000,6.000,6.000,12.000,12.000,6.000,6.000,6.000,6.000,6.000,6.000,0.004282,0.032914,0.004200,0.032998,0.004200,0.028587,0.004446,0.028336,0.000000,0.000117,0.000000,0.000000,0.784975,0.152309,0.000000,0.000000,0.000000,0.132994,0.134938
1.1550,-0.00090,0.03894,0.48138,1.00000,-0.00003,0.00115,0.00136,0.00432,0.02866,0.31547,0.31446,0.00231,0.03312,2,0.03494,0.00231,0.034731,-0.00009,-0.4393,-0.0003,-0.0037,0.0063,-0.2991,0.0624,-0.4503,0,0.04900,0.01900,0.0037,0.0152,0.006565,0.048288,-0.0043,0.2618,53.4223,-0.0130,0.1205,53.9477,-0.0205,-0.2199,9.6348,0.0110,-0.1006,11.1056,0.002310,-0.001747,53.4222,0.002352,-0.001421,53.9477,-0.012979,-0.019027,9.6355,-0.010915,-0.017270,11.1056,-0.00396,-0.13363,-0.31644,0.60667,-0.29234,0.13425,-0.00166,-0.13246,-0.31832,0.61504,-0.29946,0.13599,0.00557,-0.00001,0.00064,0.00051,-0.00212,1.81391,0.26374,-1.27069,0.13545,0.09538,0.00862,0.30432,-0.22649,-0.28378,-0.11123,0.20789,0.00449,0.00026,0.00108,0.00039,6.000,6.000,12.000,12.000,6.000,6.000,6.000,6.000,12.000,12.000,6.000,6.000,6.000,6.000,6.000,6.000,0.004281,0.033036,0.004200,0.033121,0.004200,0.028711,0.004442,0.028457,0.000000,0.000117,0.000000,0.000000,0.786190,0.150558,0.000000,0.000000,0.000000,0.133624,0.135464
1.1600,-0.00089,0.03910,0.48138,1.00000,-0.00004,0.00115,0.00136,0.00432,0.02878,0.31547,0.31446,0.00231,0.03324,2,0.03494,0.00231,0.034731,-0.00009,-0.4382,-0.0003,-0.0037,0.0064,-0.2991,0.0648,-0.4501,0,0.04900,0.01900,0.0038,0.0155,0.006569,0.048194,-0.0040,0.2658,53.5354,-0.0131,0.1221,54.0585,-0.0203,-0.2236,9.5221,0.0111,-0.1019,10.9949,0.002313,-0.001843,53.5353,0.002355,-0.001514,54.0585,-0.013191,-0.019027,9.5228,-0.011074,-0.017260,10.9949,-0.00397,-0.13419,-0.31609,0.60598,-0.29199,0.13488,-0.00166,-0.13300,-0.31798,0.61439,-0.29915,0.13651,0.00560,-0.00001,0.00063,0.00052,-0.00211,1.83040,0.26481,-1.27183,0.13594,0.10033,0.00867,0.29887,-0.22741,-0.28103,-0.11171,0.20592,0.00450,0.00026,0.00106,0.00039,6.000,6.000,12.000,12.000,6.000,6.000,6.000,6.000,12.000,12.000,6.000,6.000,6.000,6.000,6.000,6.000,0.004279,0.033158,0.004200,0.033244,0.004200,0.028836,0.004439,0.028578,0.000000,0.000117,0.000000,0.000000,0.787408,0.148815,0.000000,0.000000,0.000000,0.134253,0.135989
1.1650,-0.00089,0.03927,0.48138,1.00000,-0.00004,0.00115,0.00136,0.00432,0.02890,0.31547,0.31446,0.00230,0.03337,2,0.03495,0.00230,0.034731,-0.00009,-0.4370,-0.0003,-0.0036,0.0064,-0.2990,0.0672,-0.4499,0,0.04900,0.01900,0.0038,0.0159,0.006572,0.048102,-0.0038,0.2697,53.6482,-0.0131,0.1237,54.1689,-0.0201,-0.2273,9.4097,0.0112,-0.1032,10.8845,0.002317,-0.001937,53.6480,0.002359,-0.001607,54.1689,-0.013408,-0.019026,9.4105,-0.011236,-0.017247,10.8845,-0.00398,-0.13475,-0.31574,0.60528,-0.29164,0.13551,-0.00165,-0.13355,-0.31764,0.61374,-0.29884,0.13704,0.00564,-0.00001,0.00062,0.00052,-0.00209,1.84687,0.26587,-1.27295,0.13641,0.10525,0.00871,0.29339,-0.22833,-0.27830,-0.11219,0.20395,0.00452,0.00026,0.00105,0.00039,6.000,6.000,12.000,12.000,6.000,6.000,6.000,6.000,12.000,12.000,6.000,6.000,6.000,6.000,6.000,6.000,0.004278,0.033280,0.004200,0.033367,0.004200,0.028960,0.004436,0.028699,0.000000,0.000117,0.000000,0.000000,0.788627,0.147080,0.000000,0.000000,0.000000,0.134880,0.136514
1.1700,-0.00088,0.03943,0.48138,1.00000,-0.00004,0.00115,0.00136,0.00432,0.02903,0.31547,0.31446,0.00230,0.03349,2,0.03495,0.00230,0.034730,-0.00009,-0.4359,-0.0003,-0.0035,0.0064,-0.2990,0.0696,-0.4497,0,0.04900,0.01900,0.0039,0.0163,0.006576,0.048011,-0.0036,0.2736,53.7605,-0.0132,0.1254,54.2790,-0.0199,-0.2310,9.2977,0.0113,-0.1045,10.7745,0.002320,-0.002030,53.7603,0.002363,-0.001698,54.2790,-0.013628,-0.019027,9.2985,-0.011401,-0.017235,10.7745,-0.00399,-0.13530,-0.31539,0.60458,-0.29129,0.13613,-0.00164,-0.13409,-0.31730,0.61309,-0.29853,0.13756,0.00567,-0.00001,0.00061,0.00053,-0.00208,1.86331,0.26692,-1.27405,0.13689,0.11010,0.00876,0.28791,-0.22924,-0.27558,-0.11266,0.20199,0.00454,0.00027,0.00104,0.00039,6.000,6.000,12.000,12.000,6.000,6.000,6.000,6.000,12.000,12.000,6.000,6.000,6.000,6.000,6.000,6.000,0.004277,0.033402,0.004200,0.033490,0.004200,0.029084,0.004432,0.028820,0.000000,0.000117,0.000000,0.000000,0.789849,0.145355,0.000000,0.000000,0.000000,0.135507,0.137040
1.1750,-0.00088,0.03960,0.48138,1.00000,-0.00005,0.00115,0.00136,0.00432,0.02915,0.31547,0.31446,0.00230,0.03361,2,0.03495,0.00230,0.034730,-0.00009,-0.4348,-0.0003,-0.0035,0.0064,-0.2989,0.0720,-0.4496,0,0.04900,0.01900,0.0039,0.0166,0.006579,0.047921,-0.0033,0.2774,53.8725,-0.0133,0.1270,54.3887,-0.0197,-0.2348,9.1861,0.0113,-0.1058,10.6649,0.002323,-0.002121,53.8723,0.002366,-0.001787,54.3887,-0.013853,-0.019029,9.1868,-0.011569,-0.017223,10.6649,-0.00400,-0.13586,-0.31503,0.60387,-0.29094,0.13676,-0.00163,-0.13463,-0.31696,0.61243,-0.29822,0.13809,0.00570,-0.00001,0.00060,0.00054,-0.00206,1.87971,0.26796,-1.27513,0.13736,0.11490,0.00881,0.28243,-0.23014,-0.27287,-0.11313,0.20006,0.00456,0.00027,0.00103,0.00040,6.000,6.000,12.000,12.000,6.000,6.000,6.000,6.000,12.000,12.000,6.000,6.000,6.000,6.000,6.000,6.000,0.004276,0.033525,0.004200,0.033613,0.004200,0.029208,0.004429,0.028942,0.000000,0.000117,0.000000,0.000000,0.791072,0.143638,0.000000,0.000000,0.000000,0.136133,0.137565
1.1800,-0.00087,0.03977,0.48138,1.00000,-0.00005,0.00115,0.00136,0.00432,0.02927,0.31547,0.31446,0.00230,0.03374,2,0.03495,0.00230,0.034729,-0.00009,-0.4337,-0.0003,-0.0034,0.0064,-0.2989,0.0745,-0.4494,0,0.04900,0.01900,0.0040,0.0170,0.006583,0.047832,-0.0031,0.2812,53.9841,-0.0134,0.1286,54.4981,-0.0195,-0.2385,9.0748,0.0114,-0.1072,10.5556,0.002326,-0.002211,53.9839,0.002370,-0.001875,54.4981,-0.014083,-0.019030,9.0755,-0.011739,-0.017211,10.5556,-0.00401,-0.13641,-0.31467,0.60317,-0.29059,0.13738,-0.00162,-0.13518,-0.31661,0.61177,-0.29790,0.13861,0.00574,-0.00001,0.00058,0.00055,-0.00205,1.89610,0.26900,-1.27619,0.13783,0.11966,0.00886,0.27693,-0.23103,-0.27018,-0.11359,0.19812,0.00458,0.00027,0.00102,0.00040,6.000,6.000,12.000,12.000,6.000,6.000,6.000,6.000,12.000,12.000,6.000,6.000,6.000,6.000,6.000,6.000,0.004275,0.033647,0.004200,0.033736,0.004200,0.029333,0.004426,0.029064,0.000000,0.000117,0.000000,0.000000,0.792298,0.141930,0.000000,0.000000,0.000000,0.136758,0.138090
1.1850,-0.00087,0.03993,0.48138,1.00000,-0.00005,0.00115,0.00137,0.00432,0.02939,0.31547,0.31446,0.00230,0.03386,2,0.03495,0.00230,0.034729,-0.00009,-0.4327,-0.0003,-0.0033,0.0064,-0.2988,0.0769,-0.4493,0,0.04900,0.01900,0.0040,0.0174,0.006586,0.047745,-0.0028,0.2851,54.0953,-0.0135,0.1302,54.6071,-0.0193,-0.2424,8.9639,0.0115,-0.1085,10.4467,0.002329,-0.002302,54.0951,0.002373,-0.001963,54.6071,-0.014317,-0.019012,8.9647,-0.011912,-0.017199,10.4467,-0.00402,-0.13697,-0.31431,0.60245,-0.29023,0.13801,-0.00161,-0.13572,-0.31627,0.61110,-0.29758,0.13914,0.00577,-0.00001,0.00057,0.00056,-0.00204,1.91259,0.27002,-1.27723,0.13830,0.12454,0.00891,0.27127,-0.23191,-0.26750,-0.11405,0.19603,0.00460,0.00027,0.00101,0.00040,6.000,6.000,12.000,12.000,6.000,6.000,6.000,6.000,12.000,12.000,6.000,6.000,6.000,6.000,6.000,6.000,0.004274,0.033769,0.004200,0.033859,0.004200,0.029457,0.004423,0.029186,0.000000,0.000117,0.000000,0.000000,0.793526,0.140230,0.000000,0.000000,0.000000,0.137382,0.138615
1.1900,-0.00086,0.04010,0.48138,1.00000,-0.00006,0.00115,0.00137,0.00431,0.02951,0.31547,0.31446,0.00230,0.03398,2,0.03495,0.00230,0.034728,-0.00008,-0.4316,-0.0003,-0.0033,0.0064,-0.2988,0.0794,-0.4492,0,0.04900,0.01900,0.0040,0.0178,0.006589,0.047656,-0.0026,0.2888,54.2062,-0.0135,0.1318,54.7157,-0.0191,-0.2461,8.8533,0.0116,-0.1098,10.3381,0.002332,-0.002388,54.2059,0.002376,-0.002051,54.7157,-0.014556,-0.019029,8.8541,-0.012088,-0.017172,10.3381,-0.00403,-0.13752,-0.31395,0.60174,-0.28988,0.13863,-0.00160,-0.13626,-0.31592,0.61043,-0.29726,0.13966,0.00580,-0.00001,0.00056,0.00056,-0.00202,1.92882,0.27104,-1.27825,0.13876,0.12908,0.00896,0.26585,-0.23278,-0.26484,-0.11450,0.19424,0.00462,0.00027,0.00100,0.00040,6.000,6.000,12.000,12.000,6.000,6.000,6.000,6.000,12.000,12.000,6.000,6.000,6.000,6.000,6.000,6.000,0.004273,0.033891,0.004200,0.033982,0.004200,0.029581,0.004419,0.029308,0.000000,0.000117,0.000000,0.000000,0.794756,0.138539,0.000000,0.000000,0.000000,0.138006,0.139139
1.1950,-0.00086,0.04026,0.48138,1.00000,-0.00006,0.00115,0.00137,0.00431,0.02964,0.31547,0.31446,0.00230,0.03411,2,0.03495,0.00230,0.034728,-0.00008,-0.4305,-0.0003,-0.0032,0.0064,-0.2987,0.0819,-0.4490,0,0.04900,0.01900,0.0041,0.0182,0.006592,0.047573,-0.0024,0.2926,54.3167,-0.0136,0.1334,54.8240,-0.0189,-0.2500,8.7431,0.0116,-0.1113,10.2300,0.002335,-0.002474,54.3163,0.002380,-0.002134,54.8240,-0.014800,-0.019026,8.7439,-0.012266,-0.017171,10.2300,-0.00404,-0.13807,-0.31359,0.60102,-0.28952,0.13925,-0.00159,-0.13680,-0.31557,0.60976,-0.29694,0.14019,0.00584,-0.00001,0.00055,0.00057,-0.00201,1.94515,0.27205,-1.27924,0.13922,0.13372,0.00900,0.26029,-0.23365,-0.26219,-0.11495,0.19229,0.00464,0.00027,0.00099,0.00040,6.000,6.000,12.000,12.000,6.000,6.000,6.000,6.000,12.000,12.000,6.000,6.000,6.000,6.000,6.000,6.000,0.004272,0.034014,0.004200,0.034105,0.004200,0.029706,0.004416,0.029431,0.000000,0.000117,0.000000,0.000000,0.795989,0.136858,0.000000,0.000000,0.000000,0.138628,0.139664
1.2000,-0.00085,0.04043,0.48137,1.00000,-0.00007,0.00115,0.00137,0.00431,0.02976,0.31547,0.31446,0.00230,0.03423,2,0.03495,0.00230,0.034727,-0.00008,-0.4295,-0.0003,-0.0031,0.0064,-0.2987,0.0843,-0.4489,0,0.04900,0.01900,0.0041,0.0186,0.006595,0.047489,-0.0021,0.2963,54.4267,-0.0137,0.1349,54.9319,-0.0187,-0.2538,8.6333,0.0117,-0.1126,10.1222,0.002337,-0.002559,54.4264,0.002383,-0.002218,54.9319,-0.015049,-0.019027,8.6341,-0.012448,-0.017155,10.1222,-0.00404,-0.13863,-0.31323,0.60030,-0.28916,0.13987,-0.00158,-0.13734,-0.31522,0.60908,-0.29662,0.14071,0.00587,-0.00001,0.00053,0.00058,-0.00199,1.96141,0.27305,-1.28022,0.13968,0.13827,0.00905,0.25475,-0.23450,-0.25955,-0.11540,0.19039,0.00466,0.00027,0.00098,0.00040,6.000,6.000,12.000,12.000,6.000,6.000,6.000,6.000,12.000,12.000,6.000,6.000,6.000,6.000,6.000,6.000,0.004271,0.034136,0.004200,0.034228,0.004200,0.029830,0.004413,0.029554,0.000000,0.000116,0.000000,0.000000,0.797223,0.135185,0.000000,0.000000,0.000000,0.139250,0.140188
1.2050,-0.00085,0.04059,0.48137,1.00000,-0.00007,0.00115,0.00137,0.00431,0.02988,0.31547,0.31446,0.00229,0.03435,2,0.03495,0.00229,0.034727,-0.00008,-0.4284,-0.0003,-0.0031,0.0064,-0.2987,0.0868,-0.4488,0,0.04900,0.01900,0.0042,0.0191,0.006599,0.047407,-0.0019,0.3000,54.5363,-0.0138,0.1365,55.0394,-0.0185,-0.2576,8.5239,0.0118,-0.1140,10.0149,0.002340,-0.002642,54.5360,0.002386,-0.002300,55.0394,-0.015303,-0.019031,8.5247,-0.012632,-0.017143,10.0149,-0.00405,-0.13918,-0.31286,0.59958,-0.28880,0.14049,-0.00157,-0.13789,-0.31486,0.60840,-0.29629,0.14124,0.00590,-0.00001,0.00052,0.00059,-0.00198,1.97762,0.27404,-1.28118,0.14013,0.14276,0.00909,0.24922,-0.23535,-0.25692,-0.11584,0.18852,0.00468,0.00027,0.00097,0.00040,6.000,6.000,12.000,12.000,6.000,6.000,6.000,6.000,12.000,12.000,6.000,6.000,6.000,6.000,6.000,6.000,0.004270,0.034258,0.004200,0.034351,0.004200,0.029954,0.004409,0.029677,0.000000,0.000116,0.000000,0.000000,0.798460,0.133521,0.000000,0.000000,0.000000,0.139870,0.140713
1.2100,-0.00084,0.04076,0.48137,1.00000,-0.00007,0.00115,0.00137,0.00431,0.03000,0.31547,0.31446,0.00229,0.03447,2,0.03495,0.00229,0.034727,-0.00008,-0.4274,-0.0003,-0.0030,0.0064,-0.2986,0.0893,-0.4487,0,0.04900,0.01900,0.0042,0.0195,0.006602,0.047326,-0.0017,0.3037,54.6455,-0.0138,0.1381,55.1465,-0.0183,-0.2615,8.4148,0.0118,-0.1154,9.9079,0.002343,-0.002724,54.6452,0.002389,-0.002380,55.1465,-0.015562,-0.019030,8.4156,-0.012820,-0.017131,9.9079,-0.00405,-0.13973,-0.31249,0.59885,-0.28844,0.14111,-0.00155,-0.13843,-0.31451,0.60772,-0.29597,0.14176,0.00594,-0.00001,0.00051,0.00059,-0.00197,1.99383,0.27503,-1.28211,0.14058,0.14722,0.00914,0.24365,-0.23619,-0.25432,-0.11627,0.18661,0.00470,0.00027,0.00096,0.00040,6.000,6.000,12.000,12.000,6.000,6.000,6.000,6.000,12.000,12.000,6.000,6.000,6.000,6.000,6.000,6.000,0.004268,0.034381,0.004200,0.034474,0.004200,0.030078,0.004406,0.029800,0.000000,0.000116,0.000000,0.000000,0.799698,0.131865,0.000000,0.000000,0.000000,0.140490,0.141237
1.2150,-0.00084,0.04093,0.48137,1.00000,-0.00008,0.00115,0.00137,0.00431,0.03013,0.31547,0.31446,0.00229,0.03460,2,0.03495,0.00229,0.034726,-0.00008,-0.4263,-0.0003,-0.0029,0.0063,-0.2986,0.0918,-0.4486,0,0.04900,0.01900,0.0042,0.0200,0.006604,0.047246,-0.0014,0.3073,54.7543,-0.0139,0.1397,55.2531,-0.0181,-0.2654,8.3062,0.0119,-0.1168,9.8013,0.002345,-0.002805,54.7539,0.002392,-0.002460,55.2531,-0.015827,-0.019029,8.3070,-0.013010,-0.017117,9.8013,-0.00406,-0.14029,-0.31212,0.59812,-0.28808,0.14173,-0.00154,-0.13897,-0.31415,0.60703,-0.29564,0.14229,0.00597,-0.00001,0.00049,0.00060,-0.00195,2.01000,0.27600,-1.28302,0.14102,0.15164,0.00918,0.23806,-0.23702,-0.25172,-0.11670,0.18471,0.00472,0.00027,0.00095,0.00040,6.000,6.000,12.000,12.000,6.000,6.000,6.000,6.000,12.000,12.000,6.000,6.000,6.000,6.000,6.000,6.000,0.004267,0.034503,0.004200,0.034596,0.004200,0.030203,0.004403,0.029923,0.000000,0.000115,0.000000,0.000000,0.800939,0.130219,0.000000,0.000000,0.000000,0.141109,0.141762
1.2200,-0.00084,0.04109,0.48137,1.00000,-0.00008,0.00114,0.00136,0.00431,0.03025,0.31547,0.31446,0.00229,0.03472,2,0.03495,0.00229,0.034726,-0.00008,-0.4253,-0.0003,-0.0029,0.0063,-0.2986,0.0944,-0.4485,0,0.04900,0.01900,0.0043,0.0204,0.006607,0.047167,-0.0012,0.3109,54.8627,-0.0140,0.1412,55.3594,-0.0179,-0.2693,8.1980,0.0120,-0.1182,9.6951,0.002348,-0.002884,54.8623,0.002395,-0.002538,55.3594,-0.016098,-0.019032,8.1988,-0.013204,-0.017102,9.6951,-0.00406,-0.14084,-0.31175,0.59738,-0.28772,0.14234,-0.00152,-0.13951,-0.31379,0.60634,-0.29531,0.14281,0.00601,-0.00001,0.00048,0.00061,-0.00194,2.02612,0.27696,-1.28391,0.14146,0.15598,0.00923,0.23249,-0.23784,-0.24914,-0.11713,0.18285,0.00474,0.00028,0.00094,0.00040,6.000,6.000,12.000,12.000,6.000,6.000,6.000,6.000,12.000,12.000,6.000,6.000,6.000,6.000,6.000,6.000,0.004266,0.034626,0.004200,0.034719,0.004200,0.030327,0.004400,0.030047,0.000000,0.000115,0.000000,0.000000,0.802182,0.128582,0.000000,0.000000,0.000000,0.141727,0.142286
1.2250,-0.00083,0.04126,0.48137,1.00000,-0.00009,0.00114,0.00136,0.00431,0.03037,0.31547,0.31446,0.00229,0.03484,2,0.03495,0.00229,0.034725,-0.00008,-0.4243,-0.0003,-0.0028,0.0062,-0.2986,0.0969,-0.4484,0,0.04900,0.01900,0.0043,0.0209,0.006610,0.047090,-0.0010,0.3145,54.9707,-0.0141,0.1428,55.4653,-0.0177,-0.2732,8.0902,0.0121,-0.1197,9.5893,0.002350,-0.002963,54.9702,0.002398,-0.002615,55.4653,-0.016374,-0.019029,8.0910,-0.013401,-0.017089,9.5893,-0.00407,-0.14139,-0.31138,0.59664,-0.28735,0.14296,-0.00151,-0.14005,-0.31343,0.60564,-0.29497,0.14333,0.00604,-0.00001,0.00047,0.00062,-0.00193,2.04224,0.27792,-1.28477,0.14190,0.16031,0.00927,0.22688,-0.23865,-0.24657,-0.11755,0.18095,0.00476,0.00028,0.00092,0.00040,6.000,6.000,12.000,12.000,6.000,6.000,6.000,6.000,12.000,12.000,6.000,6.000,6.000,6.000,6.000,6.000,0.004265,0.034748,0.004200,0.034842,0.004200,0.030451,0.004397,0.030171,0.000000,0.000114,0.000000,0.000000,0.803427,0.126953,0.000000,0.000000,0.000000,0.142344,0.142810
1.2300,-0.00083,0.04142,0.48137,1.00000,-0.00009,0.00114,0.00136,0.00431,0.03049,0.31547,0.31446,0.00229,0.03496,2,0.03495,0.00229,0.034725,-0.00008,-0.4232,-0.0003,-0.0027,0.0062,-0.2985,0.0995,-0.4483,0,0.04900,0.01900,0.0044,0.0214,0.006613,0.047013,-0.0007,0.3181,55.0781,-0.0141,0.1444,55.5707,-0.0175,-0.2771,7.9828,0.0121,-0.1211,9.4840,0.002353,-0.003043,55.0776,0.002400,-0.002692,55.5707,-0.016657,-0.019012,7.9836,-0.013602,-0.017072,9.4840,-0.00407,-0.14194,-0.31100,0.59590,-0.28698,0.14358,-0.00149,-0.14059,-0.31307,0.60494,-0.29464,0.14386,0.00607,-0.00001,0.00045,0.00063,-0.00191,2.05843,0.27886,-1.28562,0.14233,0.16469,0.00932,0.22116,-0.23945,-0.24402,-0.11796,0.17895,0.00479,0.00028,0.00091,0.00040,6.000,6.000,12.000,12.000,6.000,6.000,6.000,6.000,12.000,12.000,6.000,6.000,6.000,6.000,6.000,6.000,0.004264,0.034870,0.004200,0.034964,0.004200,0.030576,0.004393,0.030295,0.000000,0.000114,0.000000,0.000000,0.804674,0.125334,0.000000,0.000000,0.000000,0.142960,0.143334
1.2350,-0.00082,0.04159,0.48137,1.00000,-0.00009,0.00114,0.00136,0.00430,0.03061,0.31547,0.31446,0.00229,0.03509,2,0.03495,0.00229,0.034725,-0.00008,-0.4222,-0.0003,-0.0027,0.0061,-0.2985,0.1020,-0.4483,0,0.04900,0.01900,0.0044,0.0219,0.006615,0.046936,-0.0005,0.3216,55.1852,-0.0142,0.1459,55.6757,-0.0173,-0.2811,7.8758,0.0123,-0.1224,9.3790,0.002355,-0.003118,55.1847,0.002403,-0.002769,55.6757,-0.016946,-0.019013,7.8767,-0.013807,-0.017043,9.3790,-0.00408,-0.14250,-0.31062,0.59516,-0.28661,0.14419,-0.00148,-0.14113,-0.31271,0.60424,-0.29430,0.14438,0.00611,-0.00001,0.00044,0.00063,-0.00190,2.07447,0.27980,-1.28644,0.14276,0.16889,0.00936,0.21554,-0.24025,-0.24149,-0.11838,0.17710,0.00481,0.00028,0.00090,0.00040,6.000,6.000,12.000,12.000,6.000,6.000,6.000,6.000,12.000,12.000,6.000,6.000,6.000,6.000,6.000,6.000,0.004263,0.034993,0.004200,0.035087,0.004200,0.030700,0.004390,0.030419,0.000000,0.000113,0.000000,0.000000,0.805924,0.123723,0.000000,0.000000,0.000000,0.143576,0.143858
1.2400,-0.00082,0.04176,0.48137,1.00000,-0.00010,0.00114,0.00136,0.00430,0.03074,0.31547,0.31446,0.00229,0.03521,2,0.03496,0.00229,0.034724,-0.00008,-0.4212,-0.0003,-0.0026,0.0060,-0.2985,0.1046,-0.4482,0,0.04900,0.01900,0.0044,0.0224,0.006618,0.046862,-0.0003,0.3251,55.2919,-0.0143,0.1474,55.7803,-0.0171,-0.2850,7.7692,0.0123,-0.1239,9.2746,0.002357,-0.003190,55.2914,0.002406,-0.002842,55.7803,-0.017242,-0.019035,7.7701,-0.014014,-0.017028,9.2746,-0.00408,-0.14305,-0.31024,0.59441,-0.28624,0.14480,-0.00146,-0.14167,-0.31234,0.60353,-0.29396,0.14491,0.00614,-0.00001,0.00043,0.00064,-0.00188,2.09032,0.28072,-1.28724,0.14318,0.17287,0.00941,0.21007,-0.24103,-0.23897,-0.11879,0.17542,0.00483,0.00028,0.00089,0.00040,6.000,6.000,12.000,12.000,6.000,6.000,6.000,6.000,12.000,12.000,6.000,6.000,6.000,6.000,6.000,6.000,0.004262,0.035116,0.004200,0.035209,0.004200,0.030824,0.004387,0.030543,0.000000,0.000113,0.000000,0.000000,0.807176,0.122122,0.000000,0.000000,0.000000,0.144190,0.144382
1.2450,-0.00081,0.04192,0.48137,1.00000,-0.00010,0.00114,0.00136,0.00430,0.03086,0.31547,0.31446,0.00229,0.03533,2,0.03496,0.00229,0.034724,-0.00008,-0.4202,-0.0003,-0.0026,0.0060,-0.2985,0.1072,-0.4481,0,0.04900,0.01900,0.0045,0.0229,0.006620,0.046792,-0.0000,0.3285,55.3981,-0.0144,0.1490,55.8845,-0.0169,-0.2889,7.6631,0.0123,-0.1254,9.1706,0.002360,-0.003262,55.3975,0.002408,-0.002911,55.8845,-0.017543,-0.019036,7.6640,-0.014224,-0.017029,9.1706,-0.00408,-0.14360,-0.30986,0.59366,-0.28587,0.14542,-0.00144,-0.14221,-0.31197,0.60282,-0.29362,0.14543,0.00618,-0.00001,0.00041,0.00065,-0.00187,2.10625,0.28164,-1.28802,0.14361,0.17693,0.00945,0.20447,-0.24180,-0.23646,-0.11919,0.17358,0.00485,0.00028,0.00088,0.00040,6.000,6.000,12.000,12.000,6.000,6.000,6.000,6.000,12.000,12.000,6.000,6.000,6.000,6.000,6.000,6.000,0.004261,0.035238,0.004200,0.035332,0.004200,0.030948,0.004384,0.030668,0.000000,0.000112,0.000000,0.000000,0.808430,0.120530,0.000000,0.000000,0.000000,0.144804,0.144906
1.2500,-0.00081,0.04209,0.48137,1.00000,-0.00011,0.00114,0.00135,0.00430,0.03098,0.31547,0.31446,0.00228,0.03545,2,0.03496,0.00228,0.034723,-0.00007,-0.4192,-0.0003,-0.0025,0.0059,-0.2985,0.1098,-0.4481,0,0.04900,0.01900,0.0045,0.0234,0.006623,0.046722,0.0002,0.3320,55.5037,-0.0144,0.1505,55.9882,-0.0167,-0.2929,7.5574,0.0124,-0.1269,9.0669,0.002362,-0.003334,55.5031,0.002411,-0.002982,55.9882,-0.017851,-0.019034,7.5583,-0.014438,-0.017014,9.0669,-0.00408,-0.14415,-0.30948,0.59290,-0.28550,0.14603,-0.00142,-0.14275,-0.31160,0.60211,-0.29328,0.14595,0.00622,-0.00001,0.00040,0.00066,-0.00186,2.12216,0.28255,-1.28877,0.14403,0.18096,0.00949,0.19884,-0.24257,-0.23397,-0.11958,0.17174,0.00487,0.00028,0.00087,0.00040,6.000,6.000,12.000,12.000,6.000,6.000,6.000,6.000,12.000,12.000,6.000,6.000,6.000,6.000,6.000,6.000,0.004260,0.035361,0.004200,0.035454,0.004200,0.031073,0.004381,0.030793,0.000000,0.000111,0.000000,0.000000,0.809685,0.118947,0.000000,0.000000,0.000000,0.145417,0.145430
1.2550,-0.00080,0.04225,0.48137,1.00000,-0.00011,0.00114,0.00135,0.00430,0.03110,0.31547,0.31446,0.00228,0.03558,2,0.03496,0.00228,0.034723,-0.00007,-0.4182,-0.0003,-0.0024,0.0058,-0.2985,0.1124,-0.4480,0,0.04900,0.01900,0.0045,0.0240,0.006625,0.046651,0.0004,0.3354,55.6089,-0.0145,0.1521,56.0914,-0.0165,-0.2970,7.4522,0.0125,-0.1283,8.9638,0.002364,-0.003407,55.6083,0.002413,-0.003052,56.0914,-0.018167,-0.019015,7.4531,-0.014656,-0.016996,8.9638,-0.00408,-0.14470,-0.30909,0.59214,-0.28512,0.14664,-0.00140,-0.14329,-0.31123,0.60139,-0.29293,0.14648,0.00625,-0.00001,0.00038,0.00067,-0.00185,2.13813,0.28345,-1.28950,0.14444,0.18506,0.00953,0.19309,-0.24332,-0.23150,-0.11997,0.16978,0.00489,0.00028,0.00086,0.00040,6.000,6.000,12.000,12.000,6.000,6.000,6.000,6.000,12.000,12.000,6.000,6.000,6.000,6.000,6.000,6.000,0.004259,0.035483,0.004200,0.035576,0.004200,0.031197,0.004378,0.030918,0.000000,0.000110,0.000000,0.000000,0.810943,0.117373,0.000000,0.000000,0.000000,0.146028,0.145953
1.2600,-0.00080,0.04242,0.48137,1.00000,-0.00012,0.00114,0.00135,0.00430,0.03123,0.31547,0.31446,0.00228,0.03570,2,0.03496,0.00228,0.034723,-0.00007,-0.4173,-0.0003,-0.0024,0.0057,-0.2985,0.1150,-0.4480,0,0.04900,0.01900,0.0046,0.0245,0.006628,0.046581,0.0006,0.3388,55.7138,-0.0146,0.1536,56.1942,-0.0163,-0.3009,7.3474,0.0126,-0.1297,8.8610,0.002366,-0.003473,55.7131,0.002416,-0.003122,56.1942,-0.018490,-0.019037,7.3483,-0.014879,-0.016966,8.8610,-0.00409,-0.14525,-0.30870,0.59138,-0.28474,0.14725,-0.00139,-0.14383,-0.31085,0.60066,-0.29259,0.14700,0.00629,-0.00001,0.00037,0.00067,-0.00184,2.15383,0.28434,-1.29021,0.14485,0.18882,0.00957,0.18758,-0.24407,-0.22904,-0.12036,0.16811,0.00491,0.00029,0.00085,0.00040,6.000,6.000,12.000,12.000,6.000,6.000,6.000,6.000,12.000,12.000,6.000,6.000,6.000,6.000,6.000,6.000,0.004258,0.035606,0.004200,0.035699,0.004200,0.031321,0.004374,0.031043,0.000000,0.000109,0.000000,0.000000,0.812204,0.115807,0.000000,0.000000,0.000000,0.146639,0.146477
1.2650,-0.00079,0.04258,0.48137,1.00000,-0.00012,0.00114,0.00134,0.00430,0.03135,0.31547,0.31446,0.00228,0.03582,2,0.03496,0.00228,0.034722,-0.00007,-0.4163,-0.0003,-0.0023,0.0056,-0.2985,0.1177,-0.4480,0,0.04900,0.01900,0.0046,0.0251,0.006630,0.046516,0.0009,0.3421,55.8181,-0.0147,0.1551,56.2966,-0.0162,-0.3049,7.2431,0.0126,-0.1313,8.7588,0.002368,-0.003542,55.8174,0.002418,-0.003187,56.2966,-0.018820,-0.019031,7.2439,-0.015104,-0.016965,8.7588,-0.00409,-0.14580,-0.30831,0.59061,-0.28437,0.14786,-0.00137,-0.14437,-0.31048,0.59994,-0.29224,0.14752,0.00632,-0.00001,0.00036,0.00068,-0.00183,2.16963,0.28522,-1.29089,0.14526,0.19270,0.00961,0.18192,-0.24481,-0.22660,-0.12074,0.16627,0.00493,0.00029,0.00084,0.00040,6.000,6.000,12.000,12.000,6.000,6.000,6.000,6.000,12.000,12.000,6.000,6.000,6.000,6.000,6.000,6.000,0.004257,0.035728,0.004200,0.035821,0.004200,0.031446,0.004371,0.031169,0.000000,0.000109,0.000000,0.000000,0.813467,0.114252,0.000000,0.000000,0.000000,0.147249,0.147001
1.2700,-0.00078,0.04275,0.48137,1.00000,-0.00013,0.00114,0.00134,0.00430,0.03147,0.31547,0.31446,0.00228,0.03594,2,0.03496,0.00228,0.034722,-0.00007,-0.4153,-0.0003,-0.0022,0.0055,-0.2985,0.1203,-0.4480,0,0.04900,0.01900,0.0046,0.0257,0.006632,0.046449,0.0011,0.3454,55.9219,-0.0147,0.1566,56.3984,-0.0160,-0.3090,7.1392,0.0127,-0.1327,8.6570,0.002369,-0.003607,55.9212,0.002420,-0.003253,56.3984,-0.019158,-0.019038,7.1401,-0.015334,-0.016944,8.6570,-0.00409,-0.14635,-0.30792,0.58984,-0.28399,0.14847,-0.00134,-0.14491,-0.31010,0.59920,-0.29189,0.14805,0.00636,-0.00001,0.00034,0.00069,-0.00181,2.18531,0.28608,-1.29154,0.14566,0.19644,0.00965,0.17633,-0.24553,-0.22417,-0.12112,0.16452,0.00496,0.00029,0.00083,0.00040,6.000,6.000,12.000,12.000,6.000,6.000,6.000,6.000,12.000,12.000,6.000,6.000,6.000,6.000,6.000,6.000,0.004256,0.035851,0.004200,0.035943,0.004200,0.031570,0.004368,0.031295,0.000000,0.000108,0.000000,0.000000,0.814731,0.112705,0.000000,0.000000,0.000000,0.147858,0.147525
1.2750,-0.00078,0.04292,0.48137,1.00000,-0.00013,0.00114,0.00134,0.00430,0.03159,0.31547,0.31446,0.00228,0.03606,2,0.03496,0.00228,0.034721,-0.00007,-0.4144,-0.0003,-0.0022,0.0054,-0.2985,0.1230,-0.4479,0,0.04900,0.01900,0.0047,0.0263,0.006634,0.046385,0.0013,0.3487,56.0252,-0.0148,0.1581,56.4998,-0.0158,-0.3130,7.0358,0.0127,-0.1342,8.5557,0.002371,-0.003672,56.0244,0.002422,-0.003316,56.4998,-0.019504,-0.019036,7.0367,-0.015567,-0.016932,8.5557,-0.00408,-0.14690,-0.30753,0.58907,-0.28360,0.14907,-0.00132,-0.14545,-0.30972,0.59847,-0.29153,0.14857,0.00639,-0.00001,0.00033,0.00070,-0.00180,2.20101,0.28694,-1.29218,0.14605,0.20018,0.00969,0.17068,-0.24625,-0.22176,-0.12149,0.16271,0.00498,0.00029,0.00082,0.00040,6.000,6.000,12.000,12.000,6.000,6.000,6.000,6.000,12.000,12.000,6.000,6.000,6.000,6.000,6.000,6.000,0.004255,0.035974,0.004200,0.036065,0.004200,0.031694,0.004365,0.031421,0.000000,0.000107,0.000000,0.000000,0.815998,0.111168,0.000000,0.000000,0.000000,0.148466,0.148048
1.2800,-0.00077,0.04308,0.48137,1.00000,-0.00014,0.00114,0.00133,0.00429,0.03172,0.31547,0.31446,0.00228,0.03619,2,0.03496,0.00228,0.034721,-0.00007,-0.4134,-0.0003,-0.0021,0.0053,-0.2986,0.1256,-0.4479,0,0.04900,0.01900,0.0047,0.0269,0.006636,0.046322,0.0015,0.3519,56.1280,-0.0149,0.1596,56.6007,-0.0156,-0.3170,6.9329,0.0128,-0.1357,8.4549,0.002373,-0.003735,56.1273,0.002424,-0.003380,56.6007,-0.019858,-0.019040,6.9337,-0.015805,-0.016912,8.4549,-0.00408,-0.14745,-0.30713,0.58829,-0.28322,0.14968,-0.00130,-0.14598,-0.30934,0.59773,-0.29118,0.14910,0.00643,-0.00001,0.00031,0.00071,-0.00179,2.21662,0.28779,-1.29279,0.14645,0.20382,0.00973,0.16506,-0.24696,-0.21936,-0.12186,0.16096,0.00500,0.00029,0.00081,0.00040,6.000,6.000,12.000,12.000,6.000,6.000,6.000,6.000,12.000,12.000,6.000,6.000,6.000,6.000,6.000,6.000,0.004254,0.036096,0.004200,0.036187,0.004200,0.031819,0.004362,0.031547,0.000000,0.000106,0.000000,0.000000,0.817267,0.109640,0.000000,0.000000,0.000000,0.149074,0.148572
1.2850,-0.00077,0.04325,0.48137,1.00000,-0.00014,0.00114,0.00133,0.00429,0.03184,0.31547,0.31446,0.00228,0.03631,2,0.03496,0.00228,0.034721,-0.00007,-0.4124,-0.0003,-0.0021,0.0051,-0.2986,0.1283,-0.4479,0,0.04900,0.01900,0.0048,0.0275,0.006638,0.046260,0.0018,0.3552,56.2304,-0.0150,0.1611,56.7012,-0.0154,-0.3211,6.8304,0.0129,-0.1372,8.3545,0.002375,-0.003798,56.2296,0.002426,-0.003441,56.7012,-0.020221,-0.019038,6.8313,-0.016047,-0.016897,8.3545,-0.00408,-0.14800,-0.30674,0.58751,-0.28284,0.15029,-0.00128,-0.14652,-0.30895,0.59698,-0.29082,0.14962,0.00647,-0.00001,0.00030,0.00072,-0.00178,2.23221,0.28863,-1.29337,0.14684,0.20744,0.00977,0.15940,-0.24766,-0.21698,-0.12222,0.15918,0.00502,0.00029,0.00079,0.00040,6.000,6.000,12.000,12.000,6.000,6.000,6.000,6.000,12.000,12.000,6.000,6.000,6.000,6.000,6.000,6.000,0.004253,0.036219,0.004200,0.036309,0.004200,0.031943,0.004359,0.031673,0.000000,0.000104,0.000000,0.000000,0.818539,0.108121,0.000000,0.000000,0.000000,0.149680,0.149096
1.2900,-0.00076,0.04341,0.48137,1.00000,-0.00015,0.00114,0.00133,0.00429,0.03196,0.31547,0.31446,0.00228,0.03643,2,0.03496,0.00228,0.034720,-0.00007,-0.4115,-0.0003,-0.0020,0.0050,-0.2986,0.1310,-0.4479,0,0.04900,0.01900,0.0048,0.0281,0.006640,0.046199,0.0020,0.3584,56.3322,-0.0150,0.1626,56.8011,-0.0152,-0.3252,6.7284,0.0129,-0.1387,8.2546,0.002376,-0.003858,56.3314,0.002428,-0.003502,56.8011,-0.020592,-0.019040,6.7293,-0.016294,-0.016877,8.2546,-0.00408,-0.14855,-0.30634,0.58672,-0.28245,0.15089,-0.00126,-0.14706,-0.30857,0.59624,-0.29046,0.15014,0.00650,-0.00001,0.00028,0.00072,-0.00176,2.24773,0.28946,-1.29393,0.14722,0.21096,0.00981,0.15377,-0.24834,-0.21462,-0.12257,0.15743,0.00504,0.00029,0.00078,0.00040,6.000,6.000,12.000,12.000,6.000,6.000,6.000,6.000,12.000,12.000,6.000,6.000,6.000,6.000,6.000,6.000,0.004252,0.036342,0.004200,0.036431,0.004200,0.032067,0.004356,0.031800,0.000000,0.000103,0.000000,0.000000,0.819812,0.106611,0.000000,0.000000,0.000000,0.150285,0.149619
1.2950,-0.00076,0.04358,0.48137,1.00000,-0.00015,0.00114,0.00132,0.00429,0.03208,0.31547,0.31446,0.00228,0.03655,2,0.03496,0.00228,0.034720,-0.00007,-0.4106,-0.0003,-0.0019,0.0049,-0.2986,0.1337,-0.4479,0,0.04900,0.01900,0.0048,0.0288,0.006642,0.046139,0.0022,0.3615,56.4335,-0.0151,0.1641,56.9006,-0.0150,-0.3293,6.6270,0.0130,-0.1402,8.1553,0.002378,-0.003918,56.4327,0.002430,-0.003561,56.9006,-0.020973,-0.019038,6.6279,-0.016545,-0.016860,8.1553,-0.00408,-0.14910,-0.30594,0.58593,-0.28206,0.15149,-0.00123,-0.14760,-0.30818,0.59548,-0.29010,0.15067,0.00654,-0.00001,0.00027,0.00073,-0.00175,2.26323,0.29028,-1.29447,0.14760,0.21445,0.00985,0.14812,-0.24902,-0.21227,-0.12292,0.15567,0.00507,0.00029,0.00077,0.00040,6.000,6.000,12.000,12.000,6.000,6.000,6.000,6.000,12.000,12.000,6.000,6.000,6.000,6.000,6.000,6.000,0.004251,0.036464,0.004200,0.036553,0.004200,0.032191,0.004353,0.031927,0.000000,0.000102,0.000000,0.000000,0.821088,0.105111,0.000000,0.000000,0.000000,0.150889,0.150143
1.3000,-0.00075,0.04375,0.48137,1.00000,-0.00016,0.00114,0.00132,0.00429,0.03220,0.31547,0.31446,0.00227,0.03667,2,0.03496,0.00227,0.034720,-0.00007,-0.4096,-0.0003,-0.0019,0.0047,-0.2986,0.1365,-0.4480,0,0.04900,0.01900,0.0049,0.0294,0.006644,0.046081,0.0024,0.3646,56.5343,-0.0152,0.1656,56.9996,-0.0148,-0.3334,6.5260,0.0131,-0.1417,8.0564,0.002379,-0.003976,56.5334,0.002432,-0.003619,56.9996,-0.021363,-0.019040,6.5269,-0.016800,-0.016840,8.0564,-0.00408,-0.14964,-0.30553,0.58514,-0.28167,0.15210,-0.00121,-0.14814,-0.30779,0.59473,-0.28974,0.15119,0.00658,-0.00001,0.00025,0.00074,-0.00174,2.27865,0.29108,-1.29498,0.14797,0.21786,0.00989,0.14248,-0.24969,-0.20994,-0.12327,0.15393,0.00509,0.00030,0.00076,0.00040,6.000,6.000,12.000,12.000,6.000,6.000,6.000,6.000,12.000,12.000,6.000,6.000,6.000,6.000,6.000,6.000,0.004250,0.036587,0.004200,0.036674,0.004200,0.032316,0.004350,0.032054,0.000000,0.000101,0.000000,0.000000,0.822366,0.103620,0.000000,0.000000,0.000000,0.151493,0.150667
1.3050,-0.00075,0.04391,0.48137,1.00000,-0.00016,0.00114,0.00131,0.00429,0.03233,0.31547,0.31446,0.00227,0.03680,2,0.03496,0.00227,0.034719,-0.00007,-0.4087,-0.0003,-0.0018,0.0046,-0.2987,0.1392,-0.4480,0,0.04900,0.01900,0.0049,0.0301,0.006645,0.046024,0.0026,0.3677,56.6346,-0.0152,0.1670,57.0980,-0.0147,-0.3375,6.4255,0.0131,-0.1432,7.9580,0.002381,-0.004033,56.6337,0.002434,-0.003675,57.0980,-0.021763,-0.019043,6.4264,-0.017060,-0.016822,7.9580,-0.00407,-0.15019,-0.30513,0.58434,-0.28128,0.15270,-0.00118,-0.14867,-0.30740,0.59397,-0.28937,0.15171,0.00661,-0.00001,0.00024,0.00075,-0.00173,2.29401,0.29188,-1.29546,0.14834,0.22119,0.00992,0.13685,-0.25034,-0.20763,-0.12361,0.15222,0.00511,0.00030,0.00075,0.00040,6.000,6.000,12.000,12.000,6.000,6.000,6.000,6.000,12.000,12.000,6.000,6.000,6.000,6.000,6.000,6.000,0.004249,0.036710,0.004200,0.036796,0.004200,0.032440,0.004346,0.032181,0.000000,0.000099,0.000000,0.000000,0.823647,0.102138,0.000000,0.000000,0.000000,0.152095,0.151190
1.3100,-0.00074,0.04408,0.48137,1.00000,-0.00017,0.00114,0.00131,0.00429,0.03245,0.31547,0.31446,0.00227,0.03692,2,0.03496,0.00227,0.034719,-0.00007,-0.4078,-0.0003,-0.0018,0.0044,-0.2987,0.1420,-0.4480,0,0.04900,0.01900,0.0049,0.0308,0.006647,0.045969,0.0029,0.3708,56.7344,-0.0153,0.1685,57.1960,-0.0145,-0.3416,6.3255,0.0132,-0.1447,7.8602,0.002382,-0.004091,56.7334,0.002435,-0.003730,57.1960,-0.022172,-0.019017,6.3265,-0.017325,-0.016804,7.8602,-0.00407,-0.15074,-0.30472,0.58354,-0.28088,0.15330,-0.00116,-0.14921,-0.30700,0.59320,-0.28900,0.15224,0.00665,-0.00001,0.00022,0.00076,-0.00171,2.30948,0.29266,-1.29592,0.14871,0.22464,0.00996,0.13106,-0.25099,-0.20534,-0.12394,0.15033,0.00513,0.00030,0.00074,0.00040,6.000,6.000,12.000,12.000,6.000,6.000,6.000,6.000,12.000,12.000,6.000,6.000,6.000,6.000,6.000,6.000,0.004248,0.036833,0.004200,0.036918,0.004200,0.032564,0.004343,0.032309,0.000000,0.000098,0.000000,0.000000,0.824929,0.100666,0.000000,0.000000,0.000000,0.152697,0.151714
1.3150,-0.00074,0.04424,0.48137,1.00000,-0.00017,0.00114,0.00130,0.00429,0.03257,0.31547,0.31446,0.00227,0.03704,2,0.03497,0.00227,0.034719,-0.00007,-0.4068,-0.0003,-0.0017,0.0042,-0.2987,0.1447,-0.4480,0,0.04900,0.01900,0.0050,0.0315,0.006648,0.045912,0.0031,0.3738,56.8337,-0.0154,0.1699,57.2934,-0.0143,-0.3457,6.2261,0.0133,-0.1461,7.7628,0.002383,-0.004143,56.8327,0.002437,-0.003787,57.2934,-0.022594,-0.019040,6.2270,-0.017595,-0.016765,7.7628,-0.00407,-0.15129,-0.30431,0.58274,-0.28049,0.15390,-0.00113,-0.14975,-0.30661,0.59244,-0.28863,0.15276,0.00669,-0.00001,0.00021,0.00076,-0.00170,2.32465,0.29344,-1.29636,0.14907,0.22773,0.01000,0.12553,-0.25163,-0.20306,-0.12428,0.14876,0.00515,0.00030,0.00073,0.00040,6.000,6.000,12.000,12.000,6.000,6.000,6.000,6.000,12.000,12.000,6.000,6.000,6.000,6.000,6.000,6.000,0.004247,0.036955,0.004200,0.037039,0.004200,0.032689,0.004340,0.032436,0.000000,0.000096,0.000000,0.000000,0.826215,0.099202,0.000000,0.000000,0.000000,0.153297,0.152237
1.3200,-0.00073,0.04441,0.48137,1.00000,-0.00018,0.00114,0.00129,0.00429,0.03269,0.31547,0.31446,0.00227,0.03716,2,0.03497,0.00227,0.034718,-0.00007,-0.4059,-0.0003,-0.0016,0.0041,-0.2988,0.1475,-0.4481,0,0.04900,0.01900,0.0050,0.0322,0.006650,0.045861,0.0033,0.3768,56.9324,-0.0155,0.1714,57.3904,-0.0141,-0.3499,6.1271,0.0133,-0.1477,7.6660,0.002384,-0.004195,56.9314,0.002438,-0.003838,57.3904,-0.023025,-0.019043,6.1280,-0.017869,-0.016762,7.6660,-0.00406,-0.15183,-0.30390,0.58193,-0.28009,0.15450,-0.00111,-0.15028,-0.30621,0.59166,-0.28826,0.15328,0.00673,-0.00001,0.00019,0.00077,-0.00168,2.33984,0.29420,-1.29677,0.14943,0.23087,0.01004,0.11991,-0.25225,-0.20080,-0.12460,0.14707,0.00518,0.00030,0.00072,0.00040,6.000,6.000,12.000,12.000,6.000,6.000,6.000,6.000,12.000,12.000,6.000,6.000,6.000,6.000,6.000,6.000,0.004245,0.037078,0.004200,0.037161,0.004200,0.032813,0.004337,0.032564,0.000000,0.000095,0.000000,0.000000,0.827502,0.097749,0.000000,0.000000,0.000000,0.153897,0.152761
1.3250,-0.00072,0.04458,0.48137,1.00000,-0.00018,0.00113,0.00129,0.00428,0.03282,0.31547,0.31446,0.00227,0.03728,2,0.03497,0.00227,0.034718,-0.00006,-0.4050,-0.0003,-0.0016,0.0039,-0.2988,0.1503,-0.4481,0,0.04900,0.01900,0.0050,0.0330,0.006651,0.045810,0.0035,0.3797,57.0305,-0.0155,0.1728,57.4868,-0.0139,-0.3540,6.0287,0.0134,-0.1492,7.5697,0.002385,-0.004246,57.0295,0.002440,-0.003889,57.4868,-0.023467,-0.019045,6.0296,-0.018149,-0.016743,7.5697,-0.00406,-0.15238,-0.30348,0.58112,-0.27969,0.15509,-0.00108,-0.15082,-0.30581,0.59088,-0.28788,0.15381,0.00676,-0.00001,0.00018,0.00078,-0.00167,2.35498,0.29496,-1.29716,0.14978,0.23394,0.01007,0.11429,-0.25287,-0.19855,-0.12492,0.14539,0.00520,0.00030,0.00071,0.00040,6.000,6.000,12.000,12.000,6.000,6.000,6.000,6.000,12.000,12.000,6.000,6.000,6.000,6.000,6.000,6.000,0.004244,0.037201,0.004200,0.037282,0.004200,0.032937,0.004334,0.032693,0.000000,0.000093,0.000000,0.000000,0.828791,0.096305,0.000000,0.000000,0.000000,0.154495,0.153284
1.3300,-0.00072,0.04474,0.48137,1.00000,-0.00019,0.00113,0.00128,0.00428,0.03294,0.31547,0.31446,0.00227,0.03740,2,0.03497,0.00227,0.034718,-0.00006,-0.4041,-0.0003,-0.0015,0.0037,-0.2989,0.1531,-0.4482,0,0.04900,0.01900,0.0051,0.0338,0.006653,0.045759,0.0037,0.3827,57.1281,-0.0156,0.1742,57.5826,-0.0137,-0.3582,5.9308,0.0134,-0.1508,7.4739,0.002386,-0.004299,57.1271,0.002441,-0.003938,57.5826,-0.023921,-0.019019,5.9317,-0.018433,-0.016723,7.4739,-0.00405,-0.15293,-0.30307,0.58030,-0.27929,0.15569,-0.00105,-0.15136,-0.30540,0.59010,-0.28751,0.15433,0.00680,-0.00001,0.00016,0.00079,-0.00166,2.37021,0.29570,-1.29751,0.15013,0.23710,0.01011,0.10853,-0.25347,-0.19632,-0.12523,0.14355,0.00522,0.00030,0.00070,0.00040,6.000,6.000,12.000,12.000,6.000,6.000,6.000,6.000,12.000,12.000,6.000,6.000,6.000,6.000,6.000,6.000,0.004243,0.037323,0.004200,0.037403,0.004200,0.033061,0.004331,0.032821,0.000000,0.000091,0.000000,0.000000,0.830083,0.094870,0.000000,0.000000,0.000000,0.155093,0.153807
1.3350,-0.00071,0.04491,0.48136,1.00000,-0.00019,0.00113,0.00128,0.00428,0.03306,0.31547,0.31446,0.00227,0.03752,2,0.03497,0.00227,0.034717,-0.00006,-0.4032,-0.0003,-0.0015,0.0035,-0.2989,0.1559,-0.4483,0,0.04900,0.01900,0.0051,0.0345,0.006654,0.045708,0.0039,0.3855,57.2253,-0.0157,0.1756,57.6779,-0.0136,-0.3624,5.8334,0.0135,-0.1522,7.3786,0.002387,-0.004345,57.2242,0.002443,-0.003990,57.6779,-0.024388,-0.019044,5.8343,-0.018724,-0.016683,7.3786,-0.00405,-0.15347,-0.30265,0.57948,-0.27889,0.15629,-0.00103,-0.15189,-0.30500,0.58932,-0.28713,0.15485,0.00684,-0.00001,0.00015,0.00080,-0.00164,2.38514,0.29643,-1.29785,0.15047,0.23992,0.01015,0.10301,-0.25407,-0.19412,-0.12554,0.14202,0.00525,0.00030,0.00069,0.00040,6.000,6.000,12.000,12.000,6.000,6.000,6.000,6.000,12.000,12.000,6.000,6.000,6.000,6.000,6.000,6.000,0.004242,0.037446,0.004200,0.037525,0.004200,0.033186,0.004328,0.032950,0.000000,0.000090,0.000000,0.000000,0.831378,0.093445,0.000000,0.000000,0.000000,0.155690,0.154330
1.3400,-0.00071,0.04508,0.48136,1.00000,-0.00020,0.00113,0.00127,0.00428,0.03318,0.31547,0.31446,0.00227,0.03765,2,0.03497,0.00227,0.034717,-0.00006,-0.4023,-0.0003,-0.0014,0.0033,-0.2989,0.1588,-0.4483,0,0.04900,0.01900,0.0051,0.0353,0.006655,0.045662,0.0041,0.3884,57.3217,-0.0158,0.1771,57.7727,-0.0134,-0.3666,5.7366,0.0135,-0.1538,7.2840,0.002388,-0.004395,57.3206,0.002444,-0.004035,57.7727,-0.024866,-0.019017,5.7375,-0.019019,-0.016679,7.2840,-0.00404,-0.15402,-0.30223,0.57866,-0.27848,0.15688,-0.00100,-0.15243,-0.30459,0.58853,-0.28675,0.15538,0.00688,-0.00001,0.00013,0.00081,-0.00163,2.40024,0.29715,-1.29815,0.15081,0.24295,0.01018,0.09726,-0.25465,-0.19192,-0.12584,0.14021,0.00527,0.00031,0.00068,0.00040,6.000,6.000,12.000,12.000,6.000,6.000,6.000,6.000,12.000,12.000,6.000,6.000,6.000,6.000,6.000,6.000,0.004241,0.037569,0.004200,0.037646,0.004200,0.033310,0.004325,0.033079,0.000000,0.000088,0.000000,0.000000,0.832674,0.092029,0.000000,0.000000,0.000000,0.156285,0.154854
1.3450,-0.00070,0.04524,0.48136,1.00000,-0.00020,0.00113,0.00126,0.00428,0.03331,0.31547,0.31446,0.00227,0.03777,2,0.03497,0.00227,0.034717,-0.00006,-0.4014,-0.0003,-0.0013,0.0031,-0.2990,0.1616,-0.4484,0,0.04900,0.01900,0.0052,0.0361,0.006656,0.045613,0.0043,0.3912,57.4177,-0.0158,0.1784,57.8669,-0.0132,-0.3708,5.6403,0.0136,-0.1553,7.1898,0.002389,-0.004441,57.4166,0.002445,-0.004083,57.8669,-0.025358,-0.019020,5.6412,-0.019321,-0.016638,7.1898,-0.00403,-0.15457,-0.30181,0.57783,-0.27808,0.15747,-0.00097,-0.15296,-0.30418,0.58773,-0.28637,0.15590,0.00692,-0.00001,0.00012,0.00081,-0.00161,2.41516,0.29786,-1.29843,0.15114,0.24576,0.01022,0.09164,-0.25522,-0.18975,-0.12614,0.13856,0.00529,0.00031,0.00067,0.00040,6.000,6.000,12.000,12.000,6.000,6.000,6.000,6.000,12.000,12.000,6.000,6.000,6.000,6.000,6.000,6.000,0.004241,0.037691,0.004200,0.037767,0.004200,0.033434,0.004322,0.033208,0.000000,0.000086,0.000000,0.000000,0.833974,0.090623,0.000000,0.000000,0.000000,0.156880,0.155377
1.3500,-0.00070,0.04541,0.48136,1.00000,-0.00021,0.00113,0.00126,0.00428,0.03343,0.31547,0.31446,0.00227,0.03789,2,0.03497,0.00227,0.034716,-0.00006,-0.4005,-0.0003,-0.0013,0.0029,-0.2990,0.1645,-0.4485,0,0.04900,0.01900,0.0052,0.0370,0.006657,0.045568,0.0045,0.3940,57.5131,-0.0159,0.1798,57.9606,-0.0130,-0.3750,5.5445,0.0137,-0.1568,7.0962,0.002390,-0.004485,57.5120,0.002446,-0.004128,57.9606,-0.025864,-0.019019,5.5455,-0.019628,-0.016616,7.0962,-0.00403,-0.15511,-0.30138,0.57700,-0.27767,0.15807,-0.00094,-0.15350,-0.30377,0.58693,-0.28598,0.15642,0.00696,-0.00001,0.00010,0.00082,-0.00160,2.43003,0.29855,-1.29869,0.15146,0.24851,0.01025,0.08602,-0.25579,-0.18759,-0.12643,0.13692,0.00531,0.00031,0.00066,0.00040,6.000,6.000,12.000,12.000,6.000,6.000,6.000,6.000,12.000,12.000,6.000,6.000,6.000,6.000,6.000,6.000,0.004240,0.037814,0.004200,0.037888,0.004200,0.033559,0.004319,0.033337,0.000000,0.000084,0.000000,0.000000,0.835275,0.089226,0.000000,0.000000,0.000000,0.157474,0.155900
1.3550,-0.00069,0.04557,0.48136,1.00000,-0.00021,0.00113,0.00125,0.00428,0.03355,0.31547,0.31446,0.00227,0.03801,2,0.03497,0.00227,0.034716,-0.00006,-0.3996,-0.0003,-0.0012,0.0026,-0.2991,0.1674,-0.4486,0,0.04900,0.01900,0.0052,0.0378,0.006658,0.045525,0.0048,0.3967,57.6080,-0.0160,0.1812,58.0538,-0.0128,-0.3792,5.4493,0.0138,-0.1584,7.0032,0.002390,-0.004526,57.6068,0.002447,-0.004171,58.0538,-0.026383,-0.019046,5.4502,-0.019941,-0.016593,7.0032,-0.00402,-0.15566,-0.30095,0.57616,-0.27726,0.15866,-0.00091,-0.15403,-0.30336,0.58613,-0.28559,0.15695,0.00699,-0.00001,0.00008,0.00083,-0.00158,2.44469,0.29924,-1.29891,0.15179,0.25104,0.01029,0.08054,-0.25634,-0.18545,-0.12671,0.13543,0.00534,0.00031,0.00065,0.00040,6.000,6.000,12.000,12.000,6.000,6.000,6.000,6.000,12.000,12.000,6.000,6.000,6.000,6.000,6.000,6.000,0.004239,0.037937,0.004200,0.038009,0.004200,0.033683,0.004317,0.033467,0.000000,0.000082,0.000000,0.000000,0.836579,0.087839,0.000000,0.000000,0.000000,0.158066,0.156423
1.3600,-0.00068,0.04574,0.48136,1.00000,-0.00022,0.00113,0.00124,0.00428,0.03367,0.31547,0.31446,0.00227,0.03813,2,0.03497,0.00227,0.034716,-0.00006,-0.3988,-0.0003,-0.0012,0.0024,-0.2992,0.1703,-0.4487,0,0.04900,0.01900,0.0053,0.0387,0.006659,0.045484,0.0050,0.3994,57.7022,-0.0160,0.1826,58.1464,-0.0127,-0.3834,5.3547,0.0138,-0.1600,6.9107,0.002391,-0.004570,57.7010,0.002448,-0.004211,58.1464,-0.026917,-0.019022,5.3556,-0.020259,-0.016588,6.9107,-0.00401,-0.15620,-0.30053,0.57532,-0.27685,0.15925,-0.00088,-0.15457,-0.30294,0.58532,-0.28520,0.15747,0.00703,-0.00001,0.00007,0.00084,-0.00157,2.45951,0.29992,-1.29911,0.15211,0.25376,0.01032,0.07484,-0.25688,-0.18333,-0.12699,0.13368,0.00536,0.00031,0.00064,0.00040,6.000,6.000,12.000,12.000,6.000,6.000,6.000,6.000,12.000,12.000,6.000,6.000,6.000,6.000,6.000,6.000,0.004238,0.038059,0.004200,0.038129,0.004200,0.033807,0.004314,0.033597,0.000000,0.000080,0.000000,0.000000,0.837885,0.086461,0.000000,0.000000,0.000000,0.158658,0.156946
1.3650,-0.00068,0.04591,0.48136,1.00000,-0.00022,0.00113,0.00123,0.00428,0.03380,0.31547,0.31446,0.00227,0.03825,2,0.03497,0.00227,0.034715,-0.00006,-0.3979,-0.0003,-0.0011,0.0022,-0.2992,0.1732,-0.4488,0,0.04900,0.01900,0.0053,0.0396,0.006660,0.045441,0.0052,0.4020,57.7959,-0.0161,0.1839,58.2383,-0.0125,-0.3876,5.2606,0.0139,-0.1614,6.8188,0.002392,-0.004608,57.7946,0.002449,-0.004254,58.2383,-0.027466,-0.019050,5.2615,-0.020584,-0.016547,6.8188,-0.00400,-0.15675,-0.30009,0.57448,-0.27643,0.15984,-0.00085,-0.15510,-0.30253,0.58451,-0.28481,0.15799,0.00707,-0.00001,0.00005,0.00085,-0.00155,2.47405,0.30058,-1.29929,0.15242,0.25615,0.01035,0.06937,-0.25741,-0.18123,-0.12726,0.13222,0.00539,0.00031,0.00063,0.00040,6.000,6.000,12.000,12.000,6.000,6.000,6.000,6.000,12.000,12.000,6.000,6.000,6.000,6.000,6.000,6.000,0.004237,0.038182,0.004200,0.038250,0.004200,0.033931,0.004311,0.033727,0.000000,0.000078,0.000000,0.000000,0.839193,0.085093,0.000000,0.000000,0.000000,0.159249,0.157468
1.3700,-0.00067,0.04607,0.48136,1.00000,-0.00023,0.00113,0.00123,0.00427,0.03392,0.31547,0.31446,0.00227,0.03837,2,0.03497,0.00227,0.034715,-0.00006,-0.3970,-0.0003,-0.0010,0.0019,-0.2993,0.1761,-0.4489,0,0.04900,0.01900,0.0053,0.0406,0.006661,0.045404,0.0054,0.4046,57.8889,-0.0162,0.1853,58.3298,-0.0123,-0.3919,5.1671,0.0139,-0.1631,6.7275,0.002392,-0.004649,57.8876,0.002450,-0.004291,58.3298,-0.028030,-0.019020,5.1680,-0.020914,-0.016542,6.7275,-0.00400,-0.15729,-0.29966,0.57363,-0.27602,0.16043,-0.00082,-0.15564,-0.30211,0.58370,-0.28442,0.15851,0.00711,-0.00001,0.00004,0.00086,-0.00154,2.48876,0.30124,-1.29943,0.15273,0.25874,0.01038,0.06367,-0.25793,-0.17914,-0.12753,0.13047,0.00541,0.00031,0.00062,0.00040,6.000,6.000,12.000,12.000,6.000,6.000,6.000,6.000,12.000,12.000,6.000,6.000,6.000,6.000,6.000,6.000,0.004236,0.038304,0.004200,0.038371,0.004200,0.034056,0.004308,0.033857,0.000000,0.000075,0.000000,0.000000,0.840504,0.083735,0.000000,0.000000,0.000000,0.159838,0.157991
1.3750,-0.00067,0.04624,0.48136,1.00000,-0.00023,0.00113,0.00122,0.00427,0.03404,0.31547,0.31446,0.00226,0.03849,2,0.03497,0.00226,0.034715,-0.00006,-0.3961,-0.0003,-0.0010,0.0017,-0.2994,0.1791,-0.4490,0,0.04900,0.01900,0.0053,0.0415,0.006662,0.045363,0.0056,0.4072,57.9815,-0.0163,0.1866,58.4206,-0.0121,-0.3961,5.0741,0.0140,-0.1645,6.6367,0.002393,-0.004684,57.9802,0.002451,-0.004331,58.4206,-0.028612,-0.019054,5.0751,-0.021252,-0.016497,6.6367,-0.00399,-0.15783,-0.29923,0.57278,-0.27560,0.16101,-0.00079,-0.15617,-0.30168,0.58288,-0.28402,0.15904,0.00715,-0.00001,0.00002,0.00086,-0.00152,2.50314,0.30188,-1.29955,0.15303,0.26097,0.01042,0.05823,-0.25844,-0.17707,-0.12779,0.12904,0.00543,0.00032,0.00061,0.00040,6.000,6.000,12.000,12.000,6.000,6.000,6.000,6.000,12.000,12.000,6.000,6.000,6.000,6.000,6.000,6.000,0.004235,0.038427,0.004200,0.038491,0.004200,0.034180,0.004305,0.033988,0.000000,0.000073,0.000000,0.000000,0.841818,0.082387,0.000000,0.000000,0.000000,0.160426,0.158514
1.3800,-0.00066,0.04640,0.48136,1.00000,-0.00024,0.00113,0.00121,0.00427,0.03416,0.31546,0.31446,0.00226,0.03861,2,0.03497,0.00226,0.034714,-0.00006,-0.3953,-0.0003,-0.0009,0.0014,-0.2994,0.1820,-0.4491,0,0.04900,0.01900,0.0054,0.0425,0.006663,0.045329,0.0058,0.4097,58.0733,-0.0163,0.1880,58.5109,-0.0119,-0.4004,4.9818,0.0140,-0.1662,6.5466,0.002393,-0.004722,58.0720,0.002451,-0.004365,58.5109,-0.029210,-0.019020,4.9827,-0.021595,-0.016494,6.5466,-0.00398,-0.15838,-0.29879,0.57192,-0.27518,0.16160,-0.00075,-0.15671,-0.30126,0.58205,-0.28362,0.15956,0.00719,-0.00001,0.00000,0.00087,-0.00151,2.51772,0.30251,-1.29964,0.15333,0.26343,0.01045,0.05253,-0.25893,-0.17502,-0.12804,0.12730,0.00546,0.00032,0.00060,0.00040,6.000,6.000,12.000,12.000,6.000,6.000,6.000,6.000,12.000,12.000,6.000,6.000,6.000,6.000,6.000,6.000,0.004234,0.038550,0.004200,0.038611,0.004200,0.034304,0.004302,0.034119,0.000000,0.000071,0.000000,0.000000,0.843133,0.081048,0.000000,0.000000,0.000000,0.161014,0.159037
1.3850,-0.00065,0.04657,0.48136,1.00000,-0.00025,0.00113,0.00120,0.00427,0.03429,0.31546,0.31446,0.00226,0.03873,2,0.03497,0.00226,0.034714,-0.00006,-0.3944,-0.0002,-0.0009,0.0011,-0.2995,0.1850,-0.4493,0,0.04900,0.01900,0.0054,0.0434,0.006663,0.045291,0.0060,0.4122,58.1646,-0.0164,0.1893,58.6005,-0.0118,-0.4047,4.8900,0.0141,-0.1676,6.4569,0.002393,-0.004757,58.1632,0.002452,-0.004403,58.6005,-0.029827,-0.019021,4.8910,-0.021947,-0.016446,6.4569,-0.00397,-0.15892,-0.29835,0.57106,-0.27476,0.16218,-0.00072,-0.15724,-0.30083,0.58122,-0.28322,0.16008,0.00723,-0.00001,-0.00001,0.00088,-0.00149,2.53211,0.30313,-1.29970,0.15362,0.26566,0.01048,0.04697,-0.25942,-0.17299,-0.12830,0.12574,0.00548,0.00032,0.00059,0.00039,6.000,6.000,12.000,12.000,6.000,6.000,6.000,6.000,12.000,12.000,6.000,6.000,6.000,6.000,6.000,6.000,0.004233,0.038672,0.004200,0.038732,0.004200,0.034429,0.004299,0.034250,0.000000,0.000068,0.000000,0.000000,0.844451,0.079719,0.000000,0.000000,0.000000,0.161600,0.159560
1.3900,-0.00065,0.04674,0.48136,1.00000,-0.00025,0.00113,0.00119,0.00427,0.03441,0.31546,0.31446,0.00226,0.03885,2,0.03497,0.00226,0.034714,-0.00006,-0.3935,-0.0002,-0.0008,0.0009,-0.2996,0.1880,-0.4494,0,0.04900,0.01900,0.0054,0.0444,0.006664,0.045256,0.0062,0.4147,58.2553,-0.0165,0.1906,58.6896,-0.0116,-0.4089,4.7989,0.0141,-0.1692,6.3679,0.002394,-0.004790,58.2539,0.002453,-0.004437,58.6896,-0.030462,-0.019022,4.7998,-0.022305,-0.016420,6.3679,-0.00396,-0.15946,-0.29791,0.57020,-0.27434,0.16277,-0.00069,-0.15777,-0.30041,0.58039,-0.28282,0.16061,0.00727,-0.00001,-0.00003,0.00089,-0.00148,2.54642,0.30373,-1.29974,0.15391,0.26782,0.01051,0.04143,-0.25990,-0.17098,-0.12854,0.12418,0.00551,0.00032,0.00058,0.00039,6.000,6.000,12.000,12.000,6.000,6.000,6.000,6.000,12.000,12.000,6.000,6.000,6.000,6.000,6.000,6.000,0.004232,0.038794,0.004200,0.038852,0.004200,0.034553,0.004296,0.034381,0.000000,0.000066,0.000000,0.000000,0.845772,0.078399,0.000000,0.000000,0.000000,0.162185,0.160083
1.3950,-0.00064,0.04690,0.48136,1.00000,-0.00026,0.00113,0.00118,0.00427,0.03453,0.31546,0.31446,0.00226,0.03897,2,0.03497,0.00226,0.034713,-0.00006,-0.3927,-0.0002,-0.0008,0.0006,-0.2996,0.1910,-0.4496,0,0.04900,0.01900,0.0055,0.0455,0.006664,0.045223,0.0064,0.4171,58.3454,-0.0165,0.1919,58.7781,-0.0114,-0.4132,4.7083,0.0142,-0.1708,6.2795,0.002394,-0.004822,58.3440,0.002453,-0.004469,58.7781,-0.031117,-0.019023,4.7092,-0.022670,-0.016393,6.2795,-0.00395,-0.16001,-0.29746,0.56933,-0.27391,0.16335,-0.00066,-0.15831,-0.29997,0.57955,-0.28241,0.16113,0.00731,-0.00001,-0.00005,0.00090,-0.00146,2.56066,0.30433,-1.29975,0.15419,0.26990,0.01054,0.03590,-0.26036,-0.16898,-0.12878,0.12264,0.00553,0.00032,0.00057,0.00039,6.000,6.000,12.000,12.000,6.000,6.000,6.000,6.000,12.000,12.000,6.000,6.000,6.000,6.000,6.000,6.000,0.004231,0.038917,0.004200,0.038972,0.004200,0.034677,0.004293,0.034513,0.000000,0.000063,0.000000,0.000000,0.847095,0.077090,0.000000,0.000000,0.000000,0.162769,0.160605
1.4000,-0.00063,0.04707,0.48136,1.00000,-0.00026,0.00113,0.00117,0.00427,0.03465,0.31546,0.31446,0.00226,0.03909,2,0.03498,0.00226,0.034713,-0.00006,-0.3918,-0.0002,-0.0007,0.0003,-0.2997,0.1940,-0.4497,0,0.04900,0.01900,0.0055,0.0466,0.006665,0.045192,0.0066,0.4194,58.4348,-0.0166,0.1931,58.8660,-0.0112,-0.4175,4.6183,0.0142,-0.1723,6.1918,0.002394,-0.004853,58.4334,0.002454,-0.004500,58.8660,-0.031792,-0.019023,4.6192,-0.023042,-0.016366,6.1918,-0.00394,-0.16055,-0.29702,0.56846,-0.27349,0.16393,-0.00062,-0.15884,-0.29954,0.57871,-0.28200,0.16165,0.00735,-0.00001,-0.00006,0.00091,-0.00144,2.57482,0.30491,-1.29973,0.15447,0.27191,0.01058,0.03037,-0.26081,-0.16701,-0.12901,0.12111,0.00555,0.00032,0.00056,0.00039,6.000,6.000,12.000,12.000,6.000,6.000,6.000,6.000,12.000,12.000,6.000,6.000,6.000,6.000,6.000,6.000,0.004230,0.039039,0.004200,0.039092,0.004200,0.034801,0.004290,0.034644,0.000000,0.000060,0.000000,0.000000,0.848421,0.075790,0.000000,0.000000,0.000000,0.163352,0.161128
1.4050,-0.00063,0.04724,0.48136,1.00000,-0.00027,0.00113,0.00116,0.00427,0.03478,0.31546,0.31446,0.00226,0.03921,2,0.03498,0.00226,0.034713,-0.00006,-0.3910,-0.0002,-0.0006,-0.0000,-0.2998,0.1970,-0.4499,0,0.04900,0.01900,0.0055,0.0476,0.006665,0.045162,0.0068,0.4218,58.5237,-0.0167,0.1944,58.9533,-0.0111,-0.4218,4.5289,0.0143,-0.1739,6.1046,0.002394,-0.004881,58.5222,0.002454,-0.004530,58.9533,-0.032488,-0.019024,4.5298,-0.023421,-0.016338,6.1046,-0.00393,-0.16109,-0.29657,0.56758,-0.27306,0.16451,-0.00059,-0.15937,-0.29911,0.57786,-0.28159,0.16217,0.00739,-0.00001,-0.00008,0.00091,-0.00143,2.58890,0.30548,-1.29968,0.15474,0.27384,0.01061,0.02487,-0.26125,-0.16505,-0.12924,0.11959,0.00558,0.00032,0.00055,0.00039,6.000,6.000,12.000,12.000,6.000,6.000,6.000,6.000,12.000,12.000,6.000,6.000,6.000,6.000,6.000,6.000,0.004229,0.039162,0.004200,0.039211,0.004200,0.034926,0.004287,0.034776,0.000000,0.000058,0.000000,0.000000,0.849749,0.074500,0.000000,0.000000,0.000000,0.163934,0.161651
1.4100,-0.00062,0.04740,0.48136,1.00000,-0.00028,0.00113,0.00116,0.00427,0.03490,0.31546,0.31446,0.00226,0.03933,2,0.03498,0.00226,0.034713,-0.00006,-0.3901,-0.0002,-0.0006,-0.0003,-0.2999,0.2001,-0.4500,0,0.04900,0.01900,0.0055,0.0488,0.006665,0.045133,0.0070,0.4240,58.6119,-0.0168,0.1956,59.0399,-0.0109,-0.4261,4.4401,0.0144,-0.1755,6.0180,0.002394,-0.004909,58.6104,0.002454,-0.004558,59.0399,-0.033206,-0.019026,4.4411,-0.023808,-0.016311,6.0180,-0.00392,-0.16163,-0.29612,0.56670,-0.27263,0.16509,-0.00055,-0.15991,-0.29867,0.57701,-0.28118,0.16270,0.00743,-0.00001,-0.00009,0.00092,-0.00141,2.60290,0.30604,-1.29961,0.15501,0.27568,0.01064,0.01938,-0.26168,-0.16311,-0.12946,0.11809,0.00560,0.00033,0.00054,0.00039,6.000,6.000,12.000,12.000,6.000,6.000,6.000,6.000,12.000,12.000,6.000,6.000,6.000,6.000,6.000,6.000,0.004228,0.039284,0.004200,0.039331,0.004200,0.035050,0.004285,0.034909,0.000000,0.000055,0.000000,0.000000,0.851079,0.073219,0.000000,0.000000,0.000000,0.164514,0.162173
1.4150,-0.00061,0.04757,0.48136,1.00000,-0.00028,0.00113,0.00115,0.00426,0.03502,0.31546,0.31446,0.00226,0.03945,2,0.03498,0.00226,0.034712,-0.00006,-0.3893,-0.0002,-0.0005,-0.0006,-0.3000,0.2031,-0.4502,0,0.04900,0.01900,0.0056,0.0499,0.006665,0.045105,0.0072,0.4263,58.6994,-0.0168,0.1969,59.1260,-0.0107,-0.4304,4.3519,0.0144,-0.1770,5.9321,0.002394,-0.004935,58.6980,0.002455,-0.004585,59.1260,-0.033947,-0.019027,4.3529,-0.024202,-0.016283,5.9321,-0.00391,-0.16217,-0.29566,0.56581,-0.27220,0.16567,-0.00052,-0.16044,-0.29823,0.57615,-0.28077,0.16322,0.00747,-0.00001,-0.00011,0.00093,-0.00139,2.61683,0.30659,-1.29950,0.15527,0.27745,0.01066,0.01391,-0.26210,-0.16119,-0.12967,0.11660,0.00563,0.00033,0.00053,0.00039,6.000,6.000,12.000,12.000,6.000,6.000,6.000,6.000,12.000,12.000,6.000,6.000,6.000,6.000,6.000,6.000,0.004227,0.039406,0.004200,0.039450,0.004200,0.035174,0.004282,0.035041,0.000000,0.000052,0.000000,0.000000,0.852412,0.071949,0.000000,0.000000,0.000000,0.165094,0.162695
1.4200,-0.00061,0.04773,0.48136,1.00000,-0.00029,0.00113,0.00114,0.00426,0.03514,0.31546,0.31446,0.00226,0.03957,2,0.03498,0.00226,0.034712,-0.00006,-0.3884,-0.0002,-0.0005,-0.0010,-0.3001,0.2062,-0.4504,0,0.04900,0.01900,0.0056,0.0511,0.006665,0.045079,0.0074,0.4284,58.7864,-0.0169,0.1981,59.2114,-0.0106,-0.4348,4.2644,0.0145,-0.1786,5.8467,0.002393,-0.004960,58.7849,0.002455,-0.004611,59.2114,-0.034712,-0.019025,4.2654,-0.024605,-0.016254,5.8467,-0.00389,-0.16271,-0.29521,0.56492,-0.27176,0.16625,-0.00048,-0.16097,-0.29779,0.57529,-0.28035,0.16374,0.00751,-0.00001,-0.00013,0.00094,-0.00138,2.63069,0.30713,-1.29937,0.15553,0.27915,0.01069,0.00843,-0.26251,-0.15929,-0.12988,0.11510,0.00565,0.00033,0.00053,0.00039,6.000,6.000,12.000,12.000,6.000,6.000,6.000,6.000,12.000,12.000,6.000,6.000,6.000,6.000,6.000,6.000,0.004226,0.039528,0.004200,0.039570,0.004200,0.035299,0.004279,0.035174,0.000000,0.000049,0.000000,0.000000,0.853747,0.070689,0.000000,0.000000,0.000000,0.165672,0.163218
1.4250,-0.00060,0.04790,0.48136,1.00000,-0.00029,0.00113,0.00113,0.00426,0.03527,0.31546,0.31446,0.00226,0.03969,2,0.03498,0.00226,0.034712,-0.00006,-0.3876,-0.0002,-0.0004,-0.0013,-0.3002,0.2093,-0.4505,0,0.04900,0.01900,0.0056,0.0523,0.006666,0.045055,0.0076,0.4306,58.8727,-0.0170,0.1993,59.2961,-0.0104,-0.4391,4.1775,0.0145,-0.1802,5.7621,0.002393,-0.004983,58.8712,0.002455,-0.004635,59.2961,-0.035503,-0.019027,4.1784,-0.025016,-0.016223,5.7621,-0.00388,-0.16325,-0.29475,0.56403,-0.27133,0.16683,-0.00044,-0.16150,-0.29734,0.57442,-0.27993,0.16426,0.00756,-0.00001,-0.00014,0.00095,-0.00136,2.64445,0.30765,-1.29921,0.15578,0.28076,0.01072,0.00299,-0.26290,-0.15741,-0.13008,0.11364,0.00568,0.00033,0.00052,0.00039,6.000,6.000,12.000,12.000,6.000,6.000,6.000,6.000,12.000,12.000,6.000,6.000,6.000,6.000,6.000,6.000,0.004225,0.039650,0.004200,0.039689,0.004200,0.035423,0.004276,0.035307,0.000000,0.000046,0.000000,0.000000,0.855085,0.069438,0.000000,0.000000,0.000000,0.166249,0.163740
1.4300,-0.00059,0.04807,0.48136,1.00000,-0.00030,0.00113,0.00112,0.00426,0.03539,0.31546,0.31446,0.00226,0.03981,2,0.03498,0.00226,0.034711,-0.00006,-0.3868,-0.0002,-0.0004,-0.0016,-0.3003,0.2124,-0.4507,0,0.04900,0.01900,0.0056,0.0535,0.006666,0.045032,0.0077,0.4327,58.9583,-0.0170,0.2005,59.3803,-0.0102,-0.4434,4.0912,0.0146,-0.1817,5.6780,0.002393,-0.005005,58.9568,0.002455,-0.004658,59.3803,-0.036320,-0.019031,4.0921,-0.025435,-0.016193,5.6780,-0.00387,-0.16379,-0.29429,0.56313,-0.27089,0.16740,-0.00041,-0.16203,-0.29690,0.57355,-0.27951,0.16478,0.00760,-0.00001,-0.00016,0.00095,-0.00134,2.65813,0.30816,-1.29902,0.15602,0.28228,0.01075,-0.00243,-0.26329,-0.15554,-0.13028,0.11219,0.00571,0.00033,0.00051,0.00039,6.000,6.000,12.000,12.000,6.000,6.000,6.000,6.000,12.000,12.000,6.000,6.000,6.000,6.000,6.000,6.000,0.004224,0.039772,0.004200,0.039808,0.004200,0.035547,0.004273,0.035440,0.000000,0.000043,0.000000,0.000000,0.856426,0.068198,0.000000,0.000000,0.000000,0.166825,0.164262
1.4350,-0.00059,0.04823,0.48136,1.00000,-0.00031,0.00113,0.00111,0.00426,0.03551,0.31546,0.31446,0.00226,0.03993,2,0.03498,0.00226,0.034711,-0.00006,-0.3859,-0.0002,-0.0003,-0.0020,-0.3004,0.2155,-0.4509,0,0.04900,0.01900,0.0057,0.0548,0.006666,0.045010,0.0079,0.4347,59.0433,-0.0171,0.2017,59.4638,-0.0100,-0.4478,4.0055,0.0146,-0.1833,5.5946,0.002393,-0.005025,59.0418,0.002455,-0.004679,59.4638,-0.037165,-0.019030,4.0065,-0.025863,-0.016164,5.5946,-0.00386,-0.16433,-0.29383,0.56223,-0.27045,0.16797,-0.00037,-0.16256,-0.29645,0.57268,-0.27909,0.16531,0.00764,-0.00001,-0.00018,0.00096,-0.00132,2.67174,0.30866,-1.29880,0.15626,0.28374,0.01078,-0.00785,-0.26366,-0.15370,-0.13047,0.11073,0.00573,0.00033,0.00050,0.00039,6.000,6.000,12.000,12.000,6.000,6.000,6.000,6.000,12.000,12.000,6.000,6.000,6.000,6.000,6.000,6.000,0.004223,0.039894,0.004200,0.039927,0.004200,0.035672,0.004271,0.035574,0.000000,0.000040,0.000000,0.000000,0.857769,0.066967,0.000000,0.000000,0.000000,0.167400,0.164784
1.4400,-0.00058,0.04840,0.48136,1.00000,-0.00031,0.00113,0.00109,0.00426,0.03563,0.31546,0.31446,0.00226,0.04005,2,0.03498,0.00226,0.034711,-0.00005,-0.3851,-0.0002,-0.0003,-0.0023,-0.3005,0.2187,-0.4511,0,0.04900,0.01900,0.0057,0.0561,0.006665,0.044989,0.0081,0.4367,59.1277,-0.0172,0.2028,59.5467,-0.0099,-0.4521,3.9205,0.0147,-0.1849,5.5118,0.002392,-0.005044,59.1261,0.002455,-0.004700,59.5467,-0.038039,-0.019033,3.9215,-0.026299,-0.016131,5.5118,-0.00384,-0.16487,-0.29337,0.56133,-0.27001,0.16855,-0.00033,-0.16310,-0.29600,0.57180,-0.27866,0.16583,0.00768,-0.00001,-0.00019,0.00097,-0.00131,2.68525,0.30915,-1.29856,0.15649,0.28510,0.01080,-0.01324,-0.26402,-0.15187,-0.13065,0.10930,0.00576,0.00034,0.00049,0.00039,6.000,6.000,12.000,12.000,6.000,6.000,6.000,6.000,12.000,12.000,6.000,6.000,6.000,6.000,6.000,6.000,0.004222,0.040016,0.004200,0.040046,0.004200,0.035796,0.004268,0.035708,0.000000,0.000037,0.000000,0.000000,0.859114,0.065747,0.000000,0.000000,0.000000,0.167973,0.165307
1.4450,-0.00057,0.04856,0.48136,1.00000,-0.00032,0.00113,0.00108,0.00426,0.03576,0.31546,0.31446,0.00226,0.04016,2,0.03498,0.00226,0.034710,-0.00005,-0.3843,-0.0002,-0.0002,-0.0027,-0.3006,0.2218,-0.4513,0,0.04900,0.01900,0.0057,0.0574,0.006665,0.044970,0.0083,0.4387,59.2114,-0.0173,0.2040,59.6289,-0.0097,-0.4565,3.8361,0.0147,-0.1865,5.4297,0.002392,-0.005062,59.2097,0.002454,-0.004718,59.6289,-0.038944,-0.019029,3.8371,-0.026744,-0.016101,5.4297,-0.00383,-0.16541,-0.29290,0.56042,-0.26956,0.16912,-0.00029,-0.16363,-0.29554,0.57092,-0.27823,0.16635,0.00772,-0.00001,-0.00021,0.00098,-0.00129,2.69870,0.30962,-1.29828,0.15672,0.28641,0.01083,-0.01864,-0.26437,-0.15007,-0.13083,0.10786,0.00578,0.00034,0.00048,0.00039,6.000,6.000,12.000,12.000,6.000,6.000,6.000,6.000,12.000,12.000,6.000,6.000,6.000,6.000,6.000,6.000,0.004221,0.040138,0.004200,0.040164,0.004200,0.035920,0.004265,0.035842,0.000000,0.000034,0.000000,0.000000,0.860462,0.064536,0.000000,0.000000,0.000000,0.168546,0.165829
1.4500,-0.00057,0.04873,0.48136,1.00000,-0.00032,0.00113,0.00107,0.00426,0.03588,0.31546,0.31446,0.00226,0.04028,2,0.03498,0.00226,0.034710,-0.00005,-0.3834,-0.0002,-0.0002,-0.0031,-0.3007,0.2250,-0.4515,0,0.04900,0.01900,0.0057,0.0588,0.006665,0.044952,0.0085,0.4406,59.2944,-0.0173,0.2051,59.7104,-0.0095,-0.4609,3.7524,0.0148,-0.1880,5.3482,0.002391,-0.005078,59.2927,0.002454,-0.004736,59.7104,-0.039881,-0.019031,3.7533,-0.027200,-0.016065,5.3482,-0.00381,-0.16595,-0.29243,0.55950,-0.26912,0.16969,-0.00025,-0.16416,-0.29509,0.57003,-0.27780,0.16687,0.00777,-0.00001,-0.00023,0.00099,-0.00127,2.71205,0.31009,-1.29798,0.15695,0.28761,0.01086,-0.02400,-0.26471,-0.14828,-0.13100,0.10645,0.00581,0.00034,0.00047,0.00039,6.000,6.000,12.000,12.000,6.000,6.000,6.000,6.000,12.000,12.000,6.000,6.000,6.000,6.000,6.000,6.000,0.004220,0.040260,0.004200,0.040283,0.004200,0.036044,0.004262,0.035976,0.000000,0.000031,0.000000,0.000000,0.861813,0.063336,0.000000,0.000000,0.000000,0.169117,0.166351
1.4550,-0.00056,0.04890,0.48136,1.00000,-0.00033,0.00113,0.00106,0.00426,0.03600,0.31546,0.31446,0.00226,0.04040,2,0.03498,0.00226,0.034710,-0.00005,-0.3826,-0.0002,-0.0001,-0.0034,-0.3008,0.2282,-0.4518,0,0.04900,0.01900,0.0058,0.0602,0.006665,0.044936,0.0087,0.4424,59.3767,-0.0174,0.2062,59.7913,-0.0094,-0.4653,3.6693,0.0148,-0.1896,5.2674,0.002390,-0.005092,59.3751,0.002454,-0.004751,59.7913,-0.040852,-0.019031,3.6703,-0.027664,-0.016032,5.2674,-0.00380,-0.16649,-0.29196,0.55858,-0.26867,0.17025,-0.00022,-0.16469,-0.29463,0.56913,-0.27737,0.16739,0.00781,-0.00001,-0.00025,0.00100,-0.00125,2.72532,0.31054,-1.29765,0.15716,0.28874,0.01088,-0.02935,-0.26504,-0.14652,-0.13116,0.10504,0.00584,0.00034,0.00046,0.00039,6.000,6.000,12.000,12.000,6.000,6.000,6.000,6.000,12.000,12.000,6.000,6.000,6.000,6.000,6.000,6.000,0.004220,0.040382,0.004200,0.040401,0.004200,0.036169,0.004259,0.036111,0.000000,0.000028,0.000000,0.000000,0.863166,0.062146,0.000000,0.000000,0.000000,0.169686,0.166872
1.4600,-0.00055,0.04906,0.48136,1.00000,-0.00034,0.00113,0.00105,0.00426,0.03612,0.31546,0.31446,0.00226,0.04052,2,0.03498,0.00226,0.034710,-0.00005,-0.3818,-0.0002,-0.0000,-0.0038,-0.3009,0.2314,-0.4520,0,0.04900,0.01900,0.0058,0.0616,0.006664,0.044921,0.0089,0.4443,59.4584,-0.0175,0.2073,59.8716,-0.0092,-0.4696,3.5869,0.0149,-0.1912,5.1873,0.002390,-0.005105,59.4567,0.002453,-0.004766,59.8716,-0.041859,-0.019033,3.5878,-0.028138,-0.015997,5.1873,-0.00379,-0.16703,-0.29149,0.55766,-0.26822,0.17082,-0.00018,-0.16522,-0.29417,0.56824,-0.27693,0.16792,0.00785,-0.00001,-0.00026,0.00100,-0.00123,2.73850,0.31097,-1.29728,0.15738,0.28978,0.01091,-0.03467,-0.26535,-0.14477,-0.13132,0.10366,0.00586,0.00034,0.00045,0.00038,6.000,6.000,12.000,12.000,6.000,6.000,6.000,6.000,12.000,12.000,6.000,6.000,6.000,6.000,6.000,6.000,0.004219,0.040503,0.004200,0.040519,0.004200,0.036293,0.004257,0.036245,0.000000,0.000025,0.000000,0.000000,0.864521,0.060965,0.000000,0.000000,0.000000,0.170255,0.167394
1.4650,-0.00055,0.04923,0.48136,1.00000,-0.00034,0.00113,0.00104,0.00425,0.03624,0.31546,0.31446,0.00226,0.04064,2,0.03498,0.00226,0.034709,-0.00005,-0.3810,-0.0002,0.0000,-0.0042,-0.3010,0.2346,-0.4522,0,0.04900,0.01900,0.0058,0.0631,0.006664,0.044908,0.0091,0.4460,59.5394,-0.0175,0.2084,59.9511,-0.0090,-0.4740,3.5051,0.0149,-0.1928,5.1078,0.002389,-0.005115,59.5377,0.002453,-0.004779,59.9511,-0.042903,-0.019074,3.5061,-0.028622,-0.015963,5.1078,-0.00377,-0.16756,-0.29101,0.55673,-0.26777,0.17139,-0.00014,-0.16574,-0.29371,0.56733,-0.27650,0.16844,0.00789,-0.00001,-0.00028,0.00101,-0.00121,2.75147,0.31140,-1.29689,0.15758,0.29060,0.01093,-0.03985,-0.26566,-0.14304,-0.13148,0.10242,0.00589,0.00034,0.00044,0.00038,6.000,6.000,12.000,12.000,6.000,6.000,6.000,6.000,12.000,12.000,6.000,6.000,6.000,6.000,6.000,6.000,0.004218,0.040625,0.004200,0.040637,0.004200,0.036417,0.004254,0.036380,0.000000,0.000022,0.000000,0.000000,0.865880,0.059795,0.000000,0.000000,0.000000,0.170822,0.167916
1.4700,-0.00054,0.04939,0.48136,1.00000,-0.00035,0.00113,0.00103,0.00425,0.03637,0.31546,0.31446,0.00226,0.04075,2,0.03498,0.00226,0.034709,-0.00005,-0.3801,-0.0002,0.0001,-0.0046,-0.3011,0.2378,-0.4525,0,0.04900,0.01900,0.0058,0.0646,0.006663,0.044898,0.0093,0.4477,59.6197,-0.0176,0.2095,60.0301,-0.0088,-0.4784,3.4240,0.0149,-0.1945,5.0290,0.002388,-0.005127,59.6180,0.002452,-0.004788,60.0301,-0.043985,-0.019041,3.4250,-0.029114,-0.015952,5.0290,-0.00376,-0.16810,-0.29054,0.55580,-0.26731,0.17195,-0.00010,-0.16627,-0.29324,0.56643,-0.27606,0.16896,0.00794,-0.00001,-0.00030,0.00102,-0.00120,2.76455,0.31181,-1.29647,0.15778,0.29158,0.01095,-0.04522,-0.26595,-0.14133,-0.13162,0.10094,0.00592,0.00035,0.00043,0.00038,6.000,6.000,12.000,12.000,6.000,6.000,6.000,6.000,12.000,12.000,6.000,6.000,6.000,6.000,6.000,6.000,0.004217,0.040746,0.004200,0.040755,0.004200,0.036542,0.004251,0.036516,0.000000,0.000019,0.000000,0.000000,0.867240,0.058636,0.000000,0.000000,0.000000,0.171388,0.168437
1.4750,-0.00053,0.04956,0.48136,1.00000,-0.00036,0.00113,0.00102,0.00425,0.03649,0.31546,0.31446,0.00226,0.04087,2,0.03498,0.00226,0.034709,-0.00005,-0.3793,-0.0002,0.0001,-0.0050,-0.3013,0.2410,-0.4527,0,0.04900,0.01900,0.0059,0.0662,0.006663,0.044885,0.0094,0.4494,59.6993,-0.0177,0.2105,60.1082,-0.0087,-0.4828,3.3436,0.0150,-0.1960,4.9508,0.002387,-0.005136,59.6976,0.002452,-0.004800,60.1082,-0.045109,-0.019040,3.3446,-0.029619,-0.015895,4.9508,-0.00374,-0.16864,-0.29006,0.55487,-0.26686,0.17252,-0.00006,-0.16680,-0.29277,0.56552,-0.27562,0.16948,0.00798,-0.00001,-0.00031,0.00103,-0.00118,2.77747,0.31221,-1.29602,0.15797,0.29238,0.01098,-0.05050,-0.26622,-0.13963,-0.13176,0.09958,0.00594,0.00035,0.00042,0.00038,6.000,6.000,12.000,12.000,6.000,6.000,6.000,6.000,12.000,12.000,6.000,6.000,6.000,6.000,6.000,6.000,0.004216,0.040868,0.004200,0.040872,0.004200,0.036666,0.004249,0.036651,0.000000,0.000017,0.000000,0.000000,0.868604,0.057486,0.000000,0.000000,0.000000,0.171952,0.168959
1.4800,-0.00053,0.04973,0.48136,1.00000,-0.00036,0.00113,0.00100,0.00425,0.03661,0.31546,0.31446,0.00226,0.04099,2,0.03498,0.00226,0.034708,-0.00005,-0.3785,-0.0002,0.0002,-0.0055,-0.3014,0.2443,-0.4529,0,0.04900,0.01900,0.0059,0.0678,0.006662,0.044876,0.0096,0.4510,59.7782,-0.0177,0.2115,60.1858,-0.0085,-0.4873,3.2639,0.0151,-0.1975,4.8734,0.002386,-0.005143,59.7765,0.002451,-0.004809,60.1858,-0.046279,-0.019037,3.2648,-0.030134,-0.015856,4.8734,-0.00372,-0.16917,-0.28957,0.55393,-0.26640,0.17308,-0.00001,-0.16733,-0.29230,0.56460,-0.27517,0.17000,0.00802,-0.00001,-0.00033,0.00104,-0.00116,2.79029,0.31260,-1.29554,0.15817,0.29309,0.01100,-0.05575,-0.26650,-0.13797,-0.13190,0.09823,0.00597,0.00035,0.00042,0.00038,6.000,6.000,12.000,12.000,6.000,6.000,6.000,6.000,12.000,12.000,6.000,6.000,6.000,6.000,6.000,6.000,0.004215,0.040989,0.004200,0.040990,0.004200,0.036790,0.004246,0.036787,0.000000,0.000015,0.000000,0.000000,0.869970,0.056346,0.000000,0.000000,0.000000,0.172516,0.169480
1.4850,-0.00052,0.04989,0.48136,1.00000,-0.00037,0.00113,0.00099,0.00425,0.03673,0.31546,0.31446,0.00226,0.04111,2,0.03498,0.00226,0.034708,-0.00005,-0.3777,-0.0002,0.0002,-0.0059,-0.3015,0.2476,-0.4532,0,0.04900,0.01900,0.0059,0.0694,0.006661,0.044868,0.0098,0.4525,59.8565,-0.0178,0.2125,60.2626,-0.0083,-0.4917,3.1848,0.0151,-0.1991,4.7966,0.002385,-0.005149,59.8547,0.002451,-0.004817,60.2626,-0.047494,-0.019036,3.1858,-0.030661,-0.015816,4.7966,-0.00371,-0.16971,-0.28909,0.55298,-0.26594,0.17364,0.00003,-0.16786,-0.29183,0.56368,-0.27472,0.17052,0.00807,-0.00001,-0.00035,0.00104,-0.00114,2.80303,0.31297,-1.29503,0.15835,0.29372,0.01102,-0.06097,-0.26675,-0.13632,-0.13202,0.09689,0.00600,0.00035,0.00041,0.00038,6.000,6.000,12.000,12.000,6.000,6.000,6.000,6.000,12.000,12.000,6.000,6.000,6.000,6.000,6.000,6.000,0.004214,0.041110,0.004200,0.041107,0.004200,0.036914,0.004243,0.036923,0.000000,0.000015,0.000000,0.000000,0.871339,0.055217,0.000000,0.000000,0.000000,0.173078,0.170001
1.4900,-0.00051,0.05006,0.48136,1.00000,-0.00038,0.00113,0.00098,0.00425,0.03686,0.31547,0.31446,0.00226,0.04122,2,0.03498,0.00226,0.034708,-0.00005,-0.3769,-0.0002,0.0003,-0.0063,-0.3016,0.2509,-0.4535,0,0.04900,0.01900,0.0059,0.0711,0.006660,0.044861,0.0100,0.4540,59.9340,-0.0179,0.2135,60.3388,-0.0082,-0.4961,3.1064,0.0152,-0.2007,4.7206,0.002383,-0.005153,59.9322,0.002450,-0.004823,60.3388,-0.048740,-0.019035,3.1074,-0.031198,-0.015776,4.7206,-0.00369,-0.17024,-0.28860,0.55204,-0.26548,0.17420,0.00007,-0.16838,-0.29136,0.56275,-0.27427,0.17104,0.00811,-0.00001,-0.00037,0.00105,-0.00113,2.81566,0.31329,-1.29455,0.15847,0.29426,0.01106,-0.06617,-0.26695,-0.13464,-0.13209,0.09557,0.00603,0.00035,0.00040,0.00038,6.000,6.000,12.000,12.000,6.000,6.000,6.000,6.000,12.000,12.000,6.000,6.000,6.000,6.000,6.000,6.000,0.004213,0.041231,0.004200,0.041224,0.004200,0.037039,0.004240,0.037060,0.000000,0.000015,0.000000,0.000000,0.872710,0.054098,0.000000,0.000000,0.000000,0.173638,0.170522
1.4950,-0.00050,0.05022,0.48136,1.00000,-0.00038,0.00113,0.00097,0.00425,0.03698,0.31547,0.31446,0.00226,0.04134,2,0.03499,0.00226,0.034708,-0.00005,-0.3761,-0.0002,0.0003,-0.0068,-0.3018,0.2542,-0.4537,0,0.04900,0.01900,0.0059,0.0728,0.006659,0.044856,0.0117,0.4554,60.0103,-0.0179,0.2145,60.4143,-0.0095,-0.5005,3.0293,0.0152,-0.2023,4.6452,0.002331,-0.005155,60.0085,0.002448,-0.004827,60.4143,-0.049036,-0.019048,3.0303,-0.031735,-0.015736,4.6452,-0.00367,-0.17078,-0.28812,0.55108,-0.26502,0.17476,0.00011,-0.16891,-0.29088,0.56182,-0.27382,0.17156,0.00815,-0.00001,-0.00038,0.00106,-0.00190,2.82809,0.31115,-1.29660,0.15586,0.29462,0.01173,-0.07129,-0.26467,-0.13038,-0.12940,0.09431,0.00605,0.00036,0.00039,0.00038,6.000,6.000,12.000,12.000,6.000,6.000,6.000,6.000,12.000,12.000,6.000,6.000,6.000,6.000,6.000,6.000,0.004212,0.041352,0.004200,0.041341,0.004200,0.037163,0.004238,0.037196,0.000000,0.000017,0.000000,0.000000,0.874085,0.052989,0.000000,0.000000,0.000000,0.174197,0.171043
1.5000,-0.00050,0.05039,0.48136,1.00000,-0.00039,0.00113,0.00095,0.00425,0.03710,0.31547,0.31446,0.00226,0.04146,2,0.03499,0.00226,0.034707,-0.00005,-0.3752,-0.0002,0.0004,-0.0073,-0.3019,0.2574,-0.4540,0,0.04900,0.01900,0.0060,0.0743,0.006608,0.044854,0.0137,0.4568,60.0859,-0.0169,0.2154,60.4888,-0.0113,-0.5050,2.9531,0.0146,-0.2033,4.5700,0.002264,-0.005157,60.0841,0.002397,-0.004829,60.4888,-0.049040,-0.019040,2.9541,-0.031653,-0.015719,4.5700,-0.00366,-0.17131,-0.28762,0.55013,-0.26455,0.17531,0.00016,-0.16944,-0.29040,0.56089,-0.27337,0.17208,0.00820,-0.00001,-0.00040,0.00107,-0.00285,2.84058,0.30822,-1.29942,0.15242,0.29503,0.01264,-0.07650,-0.26163,-0.12539,-0.12592,0.09300,0.00606,0.00035,0.00039,0.00038,6.000,6.000,12.000,12.000,6.000,6.000,6.000,6.000,12.000,12.000,6.000,6.000,6.000,6.000,6.000,6.000,0.004211,0.041473,0.004200,0.041457,0.004200,0.037287,0.004235,0.037334,0.000000,0.000019,0.000000,0.000000,0.875465,0.051890,0.000000,0.000000,0.000000,0.174755,0.171563
1.5050,-0.00049,0.05055,0.48136,1.00000,-0.00040,0.00113,0.00094,0.00425,0.03722,0.31547,0.31446,0.00226,0.04157,2,0.03499,0.00226,0.034707,-0.00005,-0.3744,-0.0002,0.0004,-0.0078,-0.3019,0.2607,-0.4542,0,0.04900,0.01900,0.0060,0.0758,0.006543,0.044851,0.0158,0.4581,60.1610,-0.0157,0.2162,60.5625,-0.0131,-0.5096,2.8777,0.0138,-0.2040,4.4957,0.002196,-0.005160,60.1593,0.002332,-0.004832,60.5625,-0.049034,-0.019038,2.8787,-0.031376,-0.015693,4.4957,-0.00364,-0.17184,-0.28713,0.54917,-0.26409,0.17587,0.00020,-0.16996,-0.28992,0.55995,-0.27291,0.17260,0.00824,-0.00001,-0.00042,0.00108,-0.00375,2.85309,0.30522,-1.30226,0.14894,0.29545,0.01361,-0.08174,-0.25855,-0.12044,-0.12245,0.09170,0.00605,0.00035,0.00041,0.00038,6.000,6.000,12.000,12.000,6.000,6.000,6.000,6.000,12.000,12.000,6.000,6.000,6.000,6.000,6.000,6.000,0.004211,0.041594,0.004200,0.041574,0.004200,0.037412,0.004233,0.037471,0.000000,0.000023,0.000000,0.000000,0.876852,0.050799,0.000000,0.000000,0.000000,0.175312,0.172081
1.5100,-0.00048,0.05072,0.48136,1.00000,-0.00040,0.00113,0.00093,0.00425,0.03734,0.31547,0.31446,0.00226,0.04169,2,0.03499,0.00226,0.034707,-0.00005,-0.3736,-0.0002,0.0004,-0.0083,-0.3019,0.2641,-0.4545,0,0.04900,0.01900,0.0060,0.0773,0.006477,0.044849,0.0178,0.4593,60.2357,-0.0144,0.2169,60.6356,-0.0149,-0.5142,2.8030,0.0130,-0.2048,4.4224,0.002130,-0.005161,60.2339,0.002266,-0.004834,60.6356,-0.049043,-0.019044,2.8039,-0.031082,-0.015667,4.4224,-0.00362,-0.17238,-0.28664,0.54820,-0.26362,0.17642,0.00025,-0.17049,-0.28944,0.55900,-0.27244,0.17311,0.00829,-0.00001,-0.00043,0.00108,-0.00460,2.86556,0.30223,-1.30502,0.14552,0.29580,0.01460,-0.08699,-0.25549,-0.11557,-0.11905,0.09044,0.00604,0.00035,0.00043,0.00038,6.000,6.000,12.000,12.000,6.000,6.000,6.000,6.000,12.000,12.000,6.000,6.000,6.000,6.000,6.000,6.000,0.004210,0.041714,0.004200,0.041690,0.004200,0.037536,0.004231,0.037610,0.000000,0.000027,0.000000,0.000000,0.878244,0.049717,0.000000,0.000000,0.000000,0.175867,0.172598
1.5150,-0.00047,0.05089,0.48136,1.00000,-0.00041,0.00113,0.00091,0.00424,0.03747,0.31547,0.31446,0.00226,0.04181,2,0.03499,0.00226,0.034707,-0.00005,-0.3728,-0.0002,0.0005,-0.0088,-0.3019,0.2676,-0.4548,0,0.04900,0.01900,0.0060,0.0789,0.006413,0.044847,0.0198,0.4605,60.3097,-0.0132,0.2176,60.7082,-0.0167,-0.5189,2.7289,0.0121,-0.2055,4.3499,0.002065,-0.005161,60.3079,0.002202,-0.004836,60.7082,-0.049052,-0.019052,2.7298,-0.030785,-0.015645,4.3499,-0.00361,-0.17291,-0.28614,0.54723,-0.26315,0.17697,0.00030,-0.17101,-0.28895,0.55805,-0.27197,0.17363,0.00833,-0.00001,-0.00045,0.00109,-0.00542,2.87797,0.29925,-1.30772,0.14212,0.29609,0.01561,-0.09223,-0.25245,-0.11076,-0.11568,0.08919,0.00601,0.00035,0.00045,0.00038,6.000,6.000,12.000,12.000,6.000,6.000,6.000,6.000,12.000,12.000,6.000,6.000,6.000,6.000,6.000,6.000,0.004209,0.041835,0.004200,0.041806,0.004200,0.037660,0.004229,0.037749,0.000000,0.000031,0.000000,0.000000,0.879643,0.048644,0.000000,0.000000,0.000000,0.176420,0.173113
1.5200,-0.00047,0.05105,0.48136,1.00000,-0.00042,0.00113,0.00090,0.00424,0.03759,0.31547,0.31446,0.00226,0.04192,2,0.03499,0.00226,0.034706,-0.00005,-0.3720,-0.0002,0.0005,-0.0094,-0.3019,0.2711,-0.4552,0,0.04900,0.01900,0.0060,0.0805,0.006349,0.044846,0.0217,0.4615,60.3830,-0.0120,0.2181,60.7800,-0.0185,-0.5236,2.6554,0.0111,-0.2063,4.2782,0.002000,-0.005160,60.3812,0.002138,-0.004836,60.7800,-0.049055,-0.019055,2.6564,-0.030480,-0.015623,4.2782,-0.00359,-0.17344,-0.28564,0.54626,-0.26268,0.17752,0.00035,-0.17154,-0.28846,0.55709,-0.27150,0.17414,0.00838,-0.00001,-0.00047,0.00110,-0.00623,2.89031,0.29627,-1.31037,0.13875,0.29631,0.01663,-0.09749,-0.24941,-0.10598,-0.11233,0.08795,0.00599,0.00034,0.00047,0.00039,6.000,6.000,12.000,12.000,6.000,6.000,6.000,6.000,12.000,12.000,6.000,6.000,6.000,6.000,6.000,6.000,0.004209,0.041956,0.004200,0.041921,0.004200,0.037784,0.004228,0.037889,0.000000,0.000036,0.000000,0.000000,0.881047,0.047581,0.000000,0.000000,0.000000,0.176973,0.173626
1.5250,-0.00046,0.05122,0.48136,1.00000,-0.00042,0.00113,0.00089,0.00424,0.03771,0.31547,0.31446,0.00226,0.04204,2,0.03499,0.00226,0.034706,-0.00005,-0.3712,-0.0002,0.0005,-0.0099,-0.3020,0.2747,-0.4555,0,0.04900,0.01900,0.0060,0.0821,0.006285,0.044847,0.0237,0.4626,60.4557,-0.0108,0.2186,60.8512,-0.0203,-0.5284,2.5826,0.0102,-0.2070,4.2072,0.001936,-0.005158,60.4539,0.002075,-0.004835,60.8512,-0.049048,-0.019048,2.5836,-0.030161,-0.015596,4.2072,-0.00358,-0.17397,-0.28514,0.54529,-0.26221,0.17807,0.00041,-0.17206,-0.28797,0.55613,-0.27102,0.17464,0.00842,-0.00001,-0.00049,0.00111,-0.00703,2.90260,0.29330,-1.31297,0.13540,0.29647,0.01765,-0.10274,-0.24637,-0.10123,-0.10900,0.08669,0.00597,0.00034,0.00050,0.00039,6.000,6.000,12.000,12.000,6.000,6.000,6.000,6.000,12.000,12.000,6.000,6.000,6.000,6.000,6.000,6.000,0.004208,0.042077,0.004200,0.042037,0.004200,0.037909,0.004226,0.038029,0.000000,0.000041,0.000000,0.000000,0.882457,0.046528,0.000000,0.000000,0.000000,0.177524,0.174136
1.5300,-0.00045,0.05138,0.48136,1.00000,-0.00043,0.00113,0.00087,0.00424,0.03783,0.31547,0.31446,0.00226,0.04215,2,0.03499,0.00226,0.034706,-0.00005,-0.3704,-0.0002,0.0005,-0.0105,-0.3020,0.2785,-0.4559,0,0.04900,0.01900,0.0060,0.0838,0.006222,0.044848,0.0255,0.4635,60.5277,-0.0095,0.2191,60.9217,-0.0221,-0.5332,2.5104,0.0092,-0.2078,4.1369,0.001873,-0.005154,60.5259,0.002012,-0.004833,60.9217,-0.049050,-0.019050,2.5114,-0.029827,-0.015563,4.1369,-0.00356,-0.17450,-0.28463,0.54430,-0.26174,0.17862,0.00046,-0.17258,-0.28748,0.55516,-0.27054,0.17515,0.00847,-0.00001,-0.00050,0.00112,-0.00782,2.91477,0.29038,-1.31548,0.13211,0.29651,0.01866,-0.10797,-0.24338,-0.09656,-0.10571,0.08548,0.00595,0.00034,0.00052,0.00039,6.000,6.000,12.000,12.000,6.000,6.000,6.000,6.000,12.000,12.000,6.000,6.000,6.000,6.000,6.000,6.000,0.004208,0.042197,0.004200,0.042152,0.004200,0.038033,0.004225,0.038169,0.000000,0.000046,0.000000,0.000000,0.883871,0.045484,0.000000,0.000000,0.000000,0.178074,0.174645
1.5350,-0.00044,0.05155,0.48136,1.00000,-0.00044,0.00113,0.00085,0.00424,0.03795,0.31547,0.31446,0.00226,0.04227,2,0.03499,0.00226,0.034705,-0.00005,-0.3696,-0.0002,0.0005,-0.0111,-0.3020,0.2823,-0.4563,0,0.04900,0.01900,0.0060,0.0855,0.006161,0.044851,0.0274,0.4643,60.5990,-0.0084,0.2195,60.9916,-0.0239,-0.5380,2.4389,0.0082,-0.2085,4.0673,0.001810,-0.005148,60.5972,0.001950,-0.004829,60.9916,-0.049049,-0.019050,2.4398,-0.029488,-0.015534,4.0673,-0.00354,-0.17503,-0.28412,0.54332,-0.26127,0.17917,0.00052,-0.17310,-0.28699,0.55419,-0.27006,0.17566,0.00851,-0.00001,-0.00052,0.00112,-0.00861,2.92684,0.28748,-1.31792,0.12887,0.29645,0.01967,-0.11316,-0.24041,-0.09193,-0.10246,0.08428,0.00593,0.00033,0.00054,0.00039,6.000,6.000,12.000,12.000,6.000,6.000,6.000,6.000,12.000,12.000,6.000,6.000,6.000,6.000,6.000,6.000,0.004208,0.042318,0.004200,0.042267,0.004200,0.038157,0.004224,0.038311,0.000000,0.000052,0.000000,0.000000,0.885292,0.044449,0.000000,0.000000,0.000000,0.178623,0.175151
1.5400,-0.00044,0.05171,0.48136,1.00000,-0.00044,0.00113,0.00084,0.00424,0.03808,0.31547,0.31446,0.00227,0.04238,2,0.03499,0.00227,0.034705,-0.00005,-0.3688,-0.0002,0.0005,-0.0117,-0.3021,0.2862,-0.4567,0,0.04900,0.01900,0.0060,0.0873,0.006100,0.044856,0.0292,0.4651,60.6697,-0.0072,0.2198,61.0608,-0.0257,-0.5429,2.3679,0.0072,-0.2093,3.9984,0.001749,-0.005141,60.6678,0.001889,-0.004824,61.0608,-0.049054,-0.019054,2.3689,-0.029139,-0.015504,3.9984,-0.00352,-0.17556,-0.28361,0.54233,-0.26080,0.17972,0.00059,-0.17362,-0.28649,0.55321,-0.26957,0.17616,0.00856,-0.00001,-0.00054,0.00113,-0.00940,2.93880,0.28463,-1.32028,0.12567,0.29629,0.02065,-0.11832,-0.23748,-0.08737,-0.09925,0.08310,0.00592,0.00033,0.00055,0.00039,6.000,6.000,12.000,12.000,6.000,6.000,6.000,6.000,12.000,12.000,6.000,6.000,6.000,6.000,6.000,6.000,0.004207,0.042438,0.004200,0.042381,0.004200,0.038282,0.004222,0.038452,0.000000,0.000057,0.000000,0.000000,0.886717,0.043425,0.000000,0.000000,0.000000,0.179170,0.175656
1.5450,-0.00043,0.05188,0.48136,1.00000,-0.00045,0.00113,0.00082,0.00424,0.03820,0.31547,0.31446,0.00227,0.04250,2,0.03499,0.00227,0.034705,-0.00005,-0.3680,-0.0002,0.0005,-0.0124,-0.3021,0.2901,-0.4572,0,0.04900,0.01900,0.0060,0.0892,0.006040,0.044863,0.0310,0.4657,60.7396,-0.0060,0.2202,61.1293,-0.0274,-0.5478,2.2977,0.0062,-0.2101,3.9301,0.001689,-0.005131,60.7378,0.001829,-0.004817,61.1293,-0.049056,-0.019056,2.2986,-0.028783,-0.015475,3.9301,-0.00350,-0.17609,-0.28310,0.54134,-0.26032,0.18026,0.00065,-0.17414,-0.28599,0.55223,-0.26907,0.17666,0.00860,-0.00001,-0.00056,0.00114,-0.01019,2.95066,0.28180,-1.32256,0.12252,0.29602,0.02163,-0.12346,-0.23457,-0.08285,-0.09607,0.08194,0.00591,0.00033,0.00056,0.00039,6.000,6.000,12.000,12.000,6.000,6.000,6.000,6.000,12.000,12.000,6.000,6.000,6.000,6.000,6.000,6.000,0.004207,0.042559,0.004200,0.042496,0.004200,0.038406,0.004221,0.038595,0.000000,0.000063,0.000000,0.000000,0.888148,0.042411,0.000000,0.000000,0.000000,0.179717,0.176160
1.5500,-0.00042,0.05204,0.48136,1.00000,-0.00046,0.00113,0.00080,0.00424,0.03832,0.31547,0.31446,0.00227,0.04261,2,0.03499,0.00227,0.034705,-0.00005,-0.3672,-0.0002,0.0005,-0.0130,-0.3022,0.2941,-0.4576,0,0.04900,0.01900,0.0060,0.0911,0.005980,0.044871,0.0327,0.4663,60.8088,-0.0049,0.2204,61.1971,-0.0292,-0.5527,2.2281,0.0051,-0.2109,3.8625,0.001629,-0.005121,60.8070,0.001770,-0.004808,61.1971,-0.049056,-0.019056,2.2290,-0.028415,-0.015445,3.8625,-0.00348,-0.17662,-0.28259,0.54034,-0.25985,0.18081,0.00072,-0.17466,-0.28549,0.55124,-0.26858,0.17716,0.00865,-0.00001,-0.00058,0.00115,-0.01098,2.96240,0.27901,-1.32477,0.11942,0.29565,0.02259,-0.12856,-0.23169,-0.07839,-0.09292,0.08079,0.00591,0.00033,0.00056,0.00039,6.000,6.000,12.000,12.000,6.000,6.000,6.000,6.000,12.000,12.000,6.000,6.000,6.000,6.000,6.000,6.000,0.004207,0.042679,0.004200,0.042610,0.004200,0.038530,0.004221,0.038737,0.000000,0.000069,0.000000,0.000000,0.889583,0.041406,0.000000,0.000000,0.000000,0.180262,0.176662
1.5550,-0.00041,0.05221,0.48136,1.00000,-0.00047,0.00113,0.00078,0.00424,0.03844,0.31547,0.31446,0.00227,0.04272,2,0.03499,0.00227,0.034704,-0.00005,-0.3664,-0.0002,0.0005,-0.0137,-0.3022,0.2982,-0.4581,0,0.04900,0.01900,0.0060,0.0930,0.005922,0.044881,0.0344,0.4668,60.8773,-0.0037,0.2206,61.2642,-0.0309,-0.5577,2.1592,0.0041,-0.2117,3.7956,0.001570,-0.005108,60.8755,0.001711,-0.004798,61.2642,-0.049051,-0.019051,2.1601,-0.028037,-0.015413,3.7956,-0.00346,-0.17715,-0.28207,0.53934,-0.25937,0.18135,0.00080,-0.17518,-0.28498,0.55025,-0.26808,0.17766,0.00869,-0.00001,-0.00060,0.00115,-0.01177,2.97404,0.27625,-1.32691,0.11634,0.29519,0.02353,-0.13364,-0.22884,-0.07397,-0.08979,0.07965,0.00592,0.00033,0.00056,0.00039,6.000,6.000,12.000,12.000,6.000,6.000,6.000,6.000,12.000,12.000,6.000,6.000,6.000,6.000,6.000,6.000,0.004206,0.042799,0.004200,0.042724,0.004200,0.038655,0.004220,0.038881,0.000000,0.000076,0.000000,0.000000,0.891024,0.040412,0.000000,0.000000,0.000000,0.180805,0.177163
1.5600,-0.00040,0.05237,0.48136,1.00000,-0.00047,0.00113,0.00076,0.00424,0.03856,0.31547,0.31446,0.00227,0.04284,2,0.03499,0.00227,0.034704,-0.00005,-0.3656,-0.0002,0.0005,-0.0144,-0.3023,0.3023,-0.4586,0,0.04900,0.01900,0.0060,0.0949,0.005864,0.044893,0.0361,0.4672,60.9451,-0.0026,0.2208,61.3306,-0.0326,-0.5627,2.0909,0.0029,-0.2122,3.7298,0.001513,-0.005094,60.9432,0.001654,-0.004786,61.3306,-0.049059,-0.019060,2.0918,-0.027638,-0.015379,3.7298,-0.00343,-0.17767,-0.28155,0.53834,-0.25889,0.18189,0.00087,-0.17570,-0.28448,0.54925,-0.26758,0.17816,0.00874,-0.00001,-0.00061,0.00116,-0.01256,2.98555,0.27354,-1.32895,0.11334,0.29460,0.02446,-0.13866,-0.22603,-0.06963,-0.08672,0.07855,0.00592,0.00033,0.00056,0.00039,6.000,6.000,12.000,12.000,6.000,6.000,6.000,6.000,12.000,12.000,6.000,6.000,6.000,6.000,6.000,6.000,0.004206,0.042919,0.004200,0.042837,0.004200,0.038779,0.004219,0.039024,0.000000,0.000082,0.000000,0.000000,0.892470,0.039428,0.000000,0.000000,0.000000,0.181347,0.177663
1.5650,-0.00040,0.05254,0.48136,1.00000,-0.00048,0.00113,0.00074,0.00424,0.03868,0.31547,0.31446,0.00227,0.04295,2,0.03499,0.00227,0.034704,-0.00005,-0.3648,-0.0002,0.0005,-0.0151,-0.3024,0.3067,-0.4592,0,0.04900,0.01900,0.0060,0.0966,0.005808,0.044906,0.0378,0.4676,61.0120,-0.0015,0.2209,61.3961,-0.0343,-0.5677,2.0231,0.0016,-0.2125,3.6652,0.001456,-0.005080,61.0102,0.001597,-0.004772,61.3961,-0.049049,-0.019049,2.0240,-0.027226,-0.015353,3.6652,-0.00341,-0.17820,-0.28103,0.53733,-0.25841,0.18243,0.00095,-0.17621,-0.28397,0.54825,-0.26707,0.17866,0.00879,-0.00001,-0.00063,0.00117,-0.01333,2.99706,0.27084,-1.33093,0.11036,0.29402,0.02539,-0.14374,-0.22323,-0.06531,-0.08365,0.07742,0.00593,0.00033,0.00057,0.00039,6.000,6.000,12.000,12.000,6.000,6.000,6.000,6.000,12.000,12.000,6.000,6.000,6.000,6.000,6.000,6.000,0.004206,0.043039,0.004200,0.042950,0.004200,0.038903,0.004218,0.039169,0.000000,0.000089,0.000000,0.000000,0.893923,0.038453,0.000000,0.000000,0.000000,0.181888,0.178162
1.5700,-0.00039,0.05270,0.48136,1.00000,-0.00049,0.00113,0.00071,0.00423,0.03881,0.31547,0.31446,0.00227,0.04306,2,0.03499,0.00227,0.034704,-0.00005,-0.3640,-0.0002,0.0005,-0.0158,-0.3026,0.3112,-0.4599,0,0.04900,0.01900,0.0060,0.0985,0.005752,0.044919,0.0394,0.4678,61.0782,-0.0005,0.2209,61.4608,-0.0359,-0.5729,1.9559,0.0003,-0.2127,3.6009,0.001401,-0.005063,61.0764,0.001541,-0.004759,61.4608,-0.049074,-0.019074,1.9568,-0.026794,-0.015317,3.6009,-0.00338,-0.17872,-0.28050,0.53632,-0.25793,0.18296,0.00104,-0.17673,-0.28346,0.54725,-0.26656,0.17916,0.00883,-0.00001,-0.00065,0.00118,-0.01408,3.00844,0.26823,-1.33278,0.10749,0.29331,0.02631,-0.14876,-0.22052,-0.06110,-0.08068,0.07639,0.00594,0.00033,0.00057,0.00039,6.000,6.000,12.000,12.000,6.000,6.000,6.000,6.000,12.000,12.000,6.000,6.000,6.000,6.000,6.000,6.000,0.004206,0.043159,0.004200,0.043063,0.004200,0.039027,0.004217,0.039314,0.000000,0.000096,0.000000,0.000000,0.895384,0.037487,0.000000,0.000000,0.000000,0.182427,0.178660
1.5750,-0.00038,0.05287,0.48136,1.00000,-0.00050,0.00114,0.00069,0.00423,0.03893,0.31547,0.31446,0.00227,0.04318,2,0.03499,0.00227,0.034703,-0.00005,-0.3632,-0.0002,0.0005,-0.0166,-0.3028,0.3159,-0.4607,0,0.04900,0.01900,0.0060,0.1004,0.005698,0.044935,0.0410,0.4679,61.1436,0.0006,0.2208,61.5248,-0.0375,-0.5781,1.8893,-0.0010,-0.2130,3.5373,0.001345,-0.005046,61.1418,0.001487,-0.004743,61.5248,-0.049067,-0.019067,1.8901,-0.026369,-0.015299,3.5373,-0.00335,-0.17925,-0.27998,0.53530,-0.25745,0.18350,0.00113,-0.17725,-0.28295,0.54624,-0.26606,0.17965,0.00888,-0.00001,-0.00067,0.00119,-0.01482,3.01979,0.26561,-1.33460,0.10460,0.29258,0.02723,-0.15383,-0.21779,-0.05690,-0.07768,0.07530,0.00596,0.00033,0.00058,0.00039,6.000,6.000,12.000,12.000,6.000,6.000,6.000,6.000,12.000,12.000,6.000,6.000,6.000,6.000,6.000,6.000,0.004205,0.043279,0.004200,0.043176,0.004200,0.039152,0.004217,0.039460,0.000000,0.000103,0.000000,0.000000,0.896852,0.036532,0.000000,0.000000,0.000000,0.182964,0.179157
1.5800,-0.00037,0.05303,0.48136,1.00000,-0.00050,0.00114,0.00066,0.00423,0.03905,0.31547,0.31446,0.00227,0.04329,2,0.03499,0.00227,0.034703,-0.00005,-0.3625,-0.0002,0.0005,-0.0174,-0.3030,0.3208,-0.4615,0,0.04900,0.01900,0.0060,0.1023,0.005644,0.044950,0.0426,0.4680,61.2084,0.0017,0.2207,61.5881,-0.0391,-0.5833,1.8233,-0.0023,-0.2132,3.4741,0.001291,-0.005028,61.2065,0.001433,-0.004727,61.5881,-0.049069,-0.019069,1.8241,-0.025917,-0.015266,3.4741,-0.00332,-0.17977,-0.27945,0.53428,-0.25697,0.18403,0.00122,-0.17776,-0.28243,0.54522,-0.26554,0.18015,0.00892,-0.00001,-0.00069,0.00119,-0.01556,3.03103,0.26303,-1.33633,0.10177,0.29174,0.02814,-0.15886,-0.21510,-0.05276,-0.07473,0.07425,0.00597,0.00033,0.00059,0.00039,6.000,6.000,12.000,12.000,6.000,6.000,6.000,6.000,12.000,12.000,6.000,6.000,6.000,6.000,6.000,6.000,0.004205,0.043398,0.004200,0.043288,0.004200,0.039276,0.004216,0.039607,0.000000,0.000110,0.000000,0.000000,0.898327,0.035585,0.000000,0.000000,0.000000,0.183500,0.179653
1.5850,-0.00036,0.05320,0.48136,1.00000,-0.00051,0.00114,0.00064,0.00423,0.03917,0.31547,0.31446,0.00227,0.04340,2,0.03499,0.00227,0.034703,-0.00005,-0.3617,-0.0002,0.0005,-0.0182,-0.3032,0.3257,-0.4624,0,0.04900,0.01900,0.0060,0.1043,0.005590,0.044968,0.0442,0.4679,61.2724,0.0027,0.2205,61.6507,-0.0406,-0.5886,1.7580,-0.0036,-0.2134,3.4116,0.001238,-0.005008,61.2705,0.001380,-0.004709,61.6507,-0.049066,-0.019067,1.7588,-0.025457,-0.015238,3.4116,-0.00329,-0.18030,-0.27891,0.53326,-0.25648,0.18457,0.00132,-0.17827,-0.28191,0.54420,-0.26503,0.18064,0.00897,-0.00001,-0.00071,0.00120,-0.01628,3.04218,0.26047,-1.33801,0.09897,0.29081,0.02905,-0.16388,-0.21244,-0.04868,-0.07180,0.07320,0.00599,0.00033,0.00059,0.00039,6.000,6.000,12.000,12.000,6.000,6.000,6.000,6.000,12.000,12.000,6.000,6.000,6.000,6.000,6.000,6.000,0.004205,0.043518,0.004200,0.043400,0.004200,0.039400,0.004215,0.039754,0.000000,0.000118,0.000000,0.000000,0.899809,0.034649,0.000000,0.000000,0.000000,0.184034,0.180149
1.5900,-0.00036,0.05336,0.48136,1.00000,-0.00052,0.00114,0.00061,0.00423,0.03929,0.31547,0.31446,0.00227,0.04351,2,0.03499,0.00227,0.034702,-0.00005,-0.3609,-0.0002,0.0006,-0.0190,-0.3034,0.3307,-0.4634,0,0.04900,0.01900,0.0059,0.1064,0.005538,0.044987,0.0458,0.4677,61.3357,0.0038,0.2202,61.7127,-0.0422,-0.5940,1.6934,-0.0048,-0.2137,3.3498,0.001185,-0.004986,61.3338,0.001328,-0.004690,61.7127,-0.049073,-0.019074,1.6942,-0.024983,-0.015207,3.3498,-0.00326,-0.18082,-0.27838,0.53223,-0.25599,0.18510,0.00142,-0.17879,-0.28139,0.54318,-0.26452,0.18114,0.00902,-0.00001,-0.00073,0.00121,-0.01700,3.05321,0.25794,-1.33960,0.09622,0.28977,0.02994,-0.16886,-0.20981,-0.04466,-0.06892,0.07218,0.00601,0.00033,0.00060,0.00039,6.000,6.000,12.000,12.000,6.000,6.000,6.000,6.000,12.000,12.000,6.000,6.000,6.000,6.000,6.000,6.000,0.004204,0.043637,0.004200,0.043511,0.004200,0.039525,0.004214,0.039902,0.000000,0.000126,0.000000,0.000000,0.901299,0.033723,0.000000,0.000000,0.000000,0.184567,0.180645
1.5950,-0.00035,0.05352,0.48136,1.00000,-0.00053,0.00114,0.00058,0.00423,0.03941,0.31547,0.31446,0.00227,0.04362,2,0.03499,0.00227,0.034702,-0.00005,-0.3601,-0.0002,0.0006,-0.0199,-0.3036,0.3358,-0.4644,0,0.04900,0.01900,0.0059,0.1085,0.005486,0.045007,0.0474,0.4675,61.3982,0.0048,0.2199,61.7739,-0.0436,-0.5994,1.6294,-0.0061,-0.2139,3.2887,0.001133,-0.004963,61.3964,0.001276,-0.004669,61.7739,-0.049077,-0.019077,1.6303,-0.024500,-0.015180,3.2887,-0.00322,-0.18134,-0.27784,0.53119,-0.25550,0.18563,0.00153,-0.17930,-0.28087,0.54215,-0.26400,0.18163,0.00906,-0.00001,-0.00075,0.00122,-0.01771,3.06414,0.25544,-1.34113,0.09350,0.28863,0.03083,-0.17382,-0.20721,-0.04070,-0.06606,0.07117,0.00603,0.00033,0.00061,0.00039,6.000,6.000,12.000,12.000,6.000,6.000,6.000,6.000,12.000,12.000,6.000,6.000,6.000,6.000,6.000,6.000,0.004204,0.043757,0.004200,0.043622,0.004200,0.039649,0.004213,0.040051,0.000000,0.000134,0.000000,0.000000,0.902795,0.032807,0.000000,0.000000,0.000000,0.185098,0.181139
1.6000,-0.00034,0.05369,0.48136,1.00000,-0.00054,0.00114,0.00055,0.00423,0.03953,0.31547,0.31446,0.00228,0.04373,2,0.03499,0.00228,0.034702,-0.00005,-0.3594,-0.0002,0.0006,-0.0208,-0.3038,0.3411,-0.4655,0,0.04900,0.01900,0.0059,0.1106,0.005436,0.045030,0.0489,0.4671,61.4600,0.0059,0.2195,61.8343,-0.0451,-0.6049,1.5661,-0.0076,-0.2141,3.2287,0.001083,-0.004937,61.4582,0.001226,-0.004646,61.8343,-0.049079,-0.019079,1.5669,-0.023994,-0.015149,3.2287,-0.00318,-0.18186,-0.27731,0.53016,-0.25501,0.18616,0.00164,-0.17981,-0.28035,0.54112,-0.26348,0.18213,0.00911,-0.00001,-0.00077,0.00122,-0.01840,3.07496,0.25298,-1.34258,0.09083,0.28738,0.03171,-0.17874,-0.20464,-0.03680,-0.06322,0.07018,0.00605,0.00034,0.00062,0.00040,6.000,6.000,12.000,12.000,6.000,6.000,6.000,6.000,12.000,12.000,6.000,6.000,6.000,6.000,6.000,6.000,0.004204,0.043876,0.004200,0.043733,0.004200,0.039773,0.004211,0.040201,0.000000,0.000143,0.000000,0.000000,0.904298,0.031901,0.000000,0.000000,0.000000,0.185628,0.181634
1.6050,-0.00033,0.05385,0.48136,1.00000,-0.00054,0.00114,0.00052,0.00423,0.03966,0.31547,0.31446,0.00228,0.04384,2,0.03499,0.00228,0.034702,-0.00005,-0.3586,-0.0002,0.0006,-0.0217,-0.3040,0.3465,-0.4666,0,0.04900,0.01900,0.0059,0.1128,0.005386,0.045053,0.0505,0.4666,61.5210,0.0069,0.2190,61.8940,-0.0465,-0.6104,1.5035,-0.0090,-0.2143,3.1692,0.001032,-0.004911,61.5192,0.001176,-0.004622,61.8940,-0.049066,-0.019066,1.5043,-0.023473,-0.015117,3.1692,-0.00314,-0.18238,-0.27676,0.52912,-0.25452,0.18668,0.00176,-0.18032,-0.27982,0.54008,-0.26296,0.18262,0.00916,-0.00001,-0.00079,0.00123,-0.01909,3.08568,0.25053,-1.34396,0.08819,0.28606,0.03258,-0.18366,-0.20209,-0.03294,-0.06040,0.06918,0.00607,0.00034,0.00063,0.00040,6.000,6.000,12.000,12.000,6.000,6.000,6.000,6.000,12.000,12.000,6.000,6.000,6.000,6.000,6.000,6.000,0.004203,0.043995,0.004200,0.043844,0.004200,0.039897,0.004210,0.040351,0.000000,0.000151,0.000000,0.000000,0.905808,0.031005,0.000000,0.000000,0.000000,0.186156,0.182128
1.6100,-0.00032,0.05402,0.48136,1.00000,-0.00055,0.00114,0.00048,0.00423,0.03978,0.31547,0.31446,0.00228,0.04395,2,0.03499,0.00228,0.034701,-0.00005,-0.3578,-0.0002,0.0006,-0.0226,-0.3043,0.3519,-0.4679,0,0.04900,0.01900,0.0059,0.1151,0.005336,0.045079,0.0520,0.4660,61.5812,0.0080,0.2185,61.9529,-0.0479,-0.6159,1.4416,-0.0104,-0.2144,3.1104,0.000984,-0.004882,61.5794,0.001126,-0.004596,61.9529,-0.049091,-0.019091,1.4423,-0.022932,-0.015080,3.1104,-0.00310,-0.18290,-0.27622,0.52807,-0.25403,0.18721,0.00188,-0.18083,-0.27929,0.53904,-0.26244,0.18312,0.00920,-0.00001,-0.00081,0.00124,-0.01975,3.09624,0.24816,-1.34523,0.08564,0.28457,0.03344,-0.18849,-0.19961,-0.02919,-0.05765,0.06826,0.00610,0.00034,0.00064,0.00040,6.000,6.000,12.000,12.000,6.000,6.000,6.000,6.000,12.000,12.000,6.000,6.000,6.000,6.000,6.000,6.000,0.004203,0.044114,0.004200,0.043954,0.004200,0.040022,0.004209,0.040502,0.000000,0.000160,0.000000,0.000000,0.907326,0.030119,0.000000,0.000000,0.000000,0.186683,0.182622
1.6150,-0.00031,0.05418,0.48136,1.00000,-0.00056,0.00114,0.00045,0.00423,0.03990,0.31547,0.31446,0.00228,0.04406,2,0.03499,0.00228,0.034701,-0.00005,-0.3570,-0.0002,0.0006,-0.0236,-0.3046,0.3575,-0.4692,0,0.04900,0.01900,0.0059,0.1174,0.005288,0.045106,0.0535,0.4653,61.6407,0.0090,0.2179,62.0111,-0.0492,-0.6215,1.3803,-0.0119,-0.2146,3.0524,0.000936,-0.004852,61.6389,0.001079,-0.004568,62.0111,-0.049102,-0.019102,1.3811,-0.022391,-0.015059,3.0524,-0.00305,-0.18341,-0.27567,0.52703,-0.25353,0.18773,0.00201,-0.18134,-0.27876,0.53800,-0.26192,0.18361,0.00925,-0.00001,-0.00083,0.00124,-0.02040,3.10670,0.24580,-1.34644,0.08310,0.28300,0.03429,-0.19331,-0.19715,-0.02548,-0.05492,0.06732,0.00613,0.00034,0.00065,0.00040,6.000,6.000,12.000,12.000,6.000,6.000,6.000,6.000,12.000,12.000,6.000,6.000,6.000,6.000,6.000,6.000,0.004202,0.044232,0.004200,0.044063,0.004200,0.040146,0.004207,0.040653,0.000000,0.000169,0.000000,0.000000,0.908850,0.029244,0.000000,0.000000,0.000000,0.187207,0.183116
1.6200,-0.00030,0.05434,0.48136,1.00000,-0.00057,0.00114,0.00041,0.00423,0.04002,0.31547,0.31446,0.00228,0.04417,2,0.03499,0.00228,0.034701,-0.00005,-0.3563,-0.0002,0.0007,-0.0245,-0.3048,0.3631,-0.4705,0,0.04900,0.01900,0.0058,0.1198,0.005241,0.045135,0.0550,0.4645,61.6994,0.0100,0.2172,62.0686,-0.0505,-0.6272,1.3198,-0.0133,-0.2148,2.9950,0.000888,-0.004820,61.6977,0.001031,-0.004539,62.0686,-0.049105,-0.019105,1.3205,-0.021828,-0.015032,2.9950,-0.00301,-0.18393,-0.27513,0.52597,-0.25304,0.18825,0.00214,-0.18184,-0.27823,0.53695,-0.26139,0.18410,0.00930,-0.00001,-0.00085,0.00125,-0.02105,3.11705,0.24345,-1.34758,0.08060,0.28133,0.03514,-0.19810,-0.19471,-0.02181,-0.05221,0.06639,0.00616,0.00034,0.00066,0.00040,6.000,6.000,12.000,12.000,6.000,6.000,6.000,6.000,12.000,12.000,6.000,6.000,6.000,6.000,6.000,6.000,0.004201,0.044351,0.004200,0.044172,0.004200,0.040270,0.004205,0.040805,0.000000,0.000178,0.000000,0.000000,0.910382,0.028379,0.000000,0.000000,0.000000,0.187730,0.183610
1.6250,-0.00030,0.05451,0.48136,1.00000,-0.00058,0.00114,0.00037,0.00423,0.04014,0.31547,0.31446,0.00228,0.04428,2,0.03499,0.00228,0.034701,-0.00005,-0.3555,-0.0002,0.0007,-0.0255,-0.3051,0.3689,-0.4719,0,0.04900,0.01900,0.0058,0.1222,0.005194,0.045166,0.0565,0.4636,61.7574,0.0111,0.2164,62.1253,-0.0517,-0.6329,1.2600,-0.0148,-0.2149,2.9384,0.000841,-0.004786,61.7556,0.000985,-0.004508,62.1253,-0.049111,-0.019111,1.2607,-0.021246,-0.015003,2.9384,-0.00296,-0.18445,-0.27458,0.52492,-0.25254,0.18877,0.00228,-0.18235,-0.27770,0.53589,-0.26087,0.18460,0.00935,-0.00001,-0.00087,0.00126,-0.02170,3.12727,0.24113,-1.34866,0.07812,0.27956,0.03597,-0.20285,-0.19229,-0.01822,-0.04952,0.06548,0.00619,0.00034,0.00068,0.00040,6.000,6.000,12.000,12.000,6.000,6.000,6.000,6.000,12.000,12.000,6.000,6.000,6.000,6.000,6.000,6.000,0.004201,0.044469,0.004200,0.044281,0.004200,0.040395,0.004203,0.040958,0.000000,0.000188,0.000000,0.000000,0.911921,0.027525,0.000000,0.000000,0.000000,0.188251,0.184104
1.6300,-0.00029,0.05467,0.48136,1.00000,-0.00059,0.00114,0.00033,0.00423,0.04026,0.31547,0.31446,0.00229,0.04439,2,0.03499,0.00229,0.034700,-0.00005,-0.3547,-0.0002,0.0008,-0.0266,-0.3054,0.3747,-0.4734,0,0.04900,0.01900,0.0058,0.1247,0.005148,0.045198,0.0580,0.4626,61.8146,0.0121,0.2156,62.1813,-0.0530,-0.6387,1.2009,-0.0162,-0.2150,2.8825,0.000794,-0.004751,61.8128,0.000939,-0.004475,62.1813,-0.049103,-0.019103,1.2017,-0.020648,-0.014976,2.8825,-0.00291,-0.18496,-0.27402,0.52386,-0.25204,0.18929,0.00242,-0.18285,-0.27716,0.53483,-0.26034,0.18509,0.00940,-0.00001,-0.00089,0.00127,-0.02233,3.13740,0.23883,-1.34969,0.07567,0.27769,0.03680,-0.20758,-0.18989,-0.01466,-0.04685,0.06456,0.00623,0.00035,0.00069,0.00040,6.000,6.000,12.000,12.000,6.000,6.000,6.000,6.000,12.000,12.000,6.000,6.000,6.000,6.000,6.000,6.000,0.004200,0.044587,0.004200,0.044390,0.004200,0.040519,0.004201,0.041112,0.000000,0.000198,0.000000,0.000000,0.913467,0.026681,0.000000,0.000000,0.000000,0.188771,0.184597
1.6350,-0.00028,0.05484,0.48136,1.00000,-0.00060,0.00114,0.00029,0.00422,0.04038,0.31547,0.31446,0.00229,0.04450,2,0.03499,0.00229,0.034700,-0.00005,-0.3540,-0.0002,0.0008,-0.0276,-0.3057,0.3805,-0.4749,0,0.04900,0.01900,0.0058,0.1273,0.005102,0.045232,0.0595,0.4614,61.8710,0.0132,0.2148,62.2364,-0.0541,-0.6445,1.1426,-0.0176,-0.2151,2.8274,0.000749,-0.004714,61.8692,0.000893,-0.004441,62.2364,-0.049117,-0.019117,1.1433,-0.020028,-0.014943,2.8274,-0.00285,-0.18547,-0.27347,0.52279,-0.25154,0.18980,0.00257,-0.18336,-0.27662,0.53377,-0.25981,0.18558,0.00945,-0.00001,-0.00091,0.00127,-0.02295,3.14739,0.23656,-1.35063,0.07327,0.27569,0.03760,-0.21225,-0.18755,-0.01119,-0.04424,0.06369,0.00626,0.00035,0.00070,0.00041,6.000,6.000,12.000,12.000,6.000,6.000,6.000,6.000,12.000,12.000,6.000,6.000,6.000,6.000,6.000,6.000,0.004199,0.044705,0.004200,0.044497,0.004200,0.040643,0.004199,0.041267,0.000000,0.000208,0.000000,0.000000,0.915020,0.025848,0.000000,0.000000,0.000000,0.189288,0.185091
1.6400,-0.00027,0.05500,0.48136,1.00000,-0.00061,0.00115,0.00025,0.00422,0.04050,0.31547,0.31446,0.00229,0.04460,2,0.03499,0.00229,0.034700,-0.00005,-0.3532,-0.0002,0.0009,-0.0287,-0.3060,0.3865,-0.4764,0,0.04900,0.01900,0.0057,0.1299,0.005058,0.045267,0.0610,0.4601,61.9265,0.0143,0.2138,62.2909,-0.0553,-0.6504,1.0851,-0.0191,-0.2152,2.7731,0.000704,-0.004675,61.9248,0.000848,-0.004405,62.2909,-0.049106,-0.019106,1.0858,-0.019398,-0.014918,2.7731,-0.00279,-0.18599,-0.27291,0.52173,-0.25104,0.19032,0.00272,-0.18386,-0.27608,0.53270,-0.25927,0.18608,0.00950,-0.00001,-0.00093,0.00128,-0.02357,3.15727,0.23430,-1.35152,0.07089,0.27361,0.03842,-0.21691,-0.18520,-0.00776,-0.04163,0.06280,0.00630,0.00035,0.00071,0.00041,6.000,6.000,12.000,12.000,6.000,6.000,6.000,6.000,12.000,12.000,6.000,6.000,6.000,6.000,6.000,6.000,0.004199,0.044823,0.004200,0.044605,0.004200,0.040767,0.004196,0.041422,0.000000,0.000218,0.000000,0.000000,0.916581,0.025026,0.000000,0.000000,0.000000,0.189804,0.185585
1.6450,-0.00026,0.05516,0.48136,1.00000,-0.00062,0.00115,0.00020,0.00422,0.04062,0.31547,0.31446,0.00229,0.04471,2,0.03499,0.00229,0.034700,-0.00005,-0.3525,-0.0002,0.0009,-0.0298,-0.3063,0.3925,-0.4781,0,0.04900,0.01900,0.0057,0.1328,0.005013,0.045304,0.0621,0.4318,61.9633,0.0153,0.2127,62.3444,-0.0560,-0.6293,1.0461,-0.0207,-0.2156,2.7200,0.000674,-0.004600,61.9617,0.000804,-0.004368,62.3444,-0.049109,-0.019109,1.0468,-0.018732,-0.014871,2.7200,-0.00273,-0.18650,-0.27235,0.52066,-0.25054,0.19083,0.00288,-0.18436,-0.27553,0.53163,-0.25874,0.18657,0.00955,-0.00001,-0.00095,0.00129,-0.02380,3.17262,0.23269,-1.35100,0.06936,0.27015,0.03890,-0.22894,-0.18350,-0.00573,-0.03987,0.06134,0.00634,0.00035,0.00073,0.00041,6.000,6.000,12.000,12.000,6.000,6.000,6.000,6.000,12.000,12.000,6.000,6.000,6.000,6.000,6.000,6.000,0.004198,0.044940,0.004200,0.044712,0.004200,0.040892,0.004194,0.041578,0.000000,0.000229,0.000000,0.000000,0.918147,0.024215,0.000000,0.000000,0.000000,0.190317,0.186078
1.6500,-0.00025,0.05533,0.48136,1.00000,-0.00063,0.00115,0.00016,0.00422,0.04074,0.31547,0.31446,0.00230,0.04482,2,0.03499,0.00230,0.034699,-0.00005,-0.3517,-0.0002,0.0010,-0.0309,-0.3066,0.3979,-0.4796,0,0.04900,0.01900,0.0050,0.1200,0.004984,0.045375,0.0632,0.4022,61.9987,0.0163,0.1866,62.3810,-0.0567,-0.6070,1.0090,-0.0215,-0.1919,2.6824,0.000645,-0.004520,61.9972,0.000775,-0.004297,62.3810,-0.049146,-0.019146,1.0096,-0.018300,-0.014829,2.6824,-0.00267,-0.18701,-0.27179,0.51958,-0.25003,0.19133,0.00304,-0.18487,-0.27499,0.53055,-0.25820,0.18707,0.00960,-0.00001,-0.00098,0.00129,-0.02407,3.18770,0.23117,-1.35034,0.06789,0.26634,0.03930,-0.24089,-0.18189,-0.00385,-0.03818,0.05993,0.00639,0.00036,0.00073,0.00041,6.000,6.000,12.000,12.000,6.000,6.000,6.000,6.000,12.000,12.000,6.000,6.000,6.000,6.000,6.000,6.000,0.004197,0.045057,0.004200,0.044818,0.004200,0.041016,0.004191,0.041733,0.000000,0.000239,0.000000,0.000000,0.919714,0.023417,0.000000,0.000000,0.000000,0.190828,0.186573
1.6550,-0.00024,0.05549,0.48136,1.00000,-0.00064,0.00115,0.00011,0.00422,0.04086,0.31547,0.31446,0.00230,0.04492,2,0.03499,0.00230,0.034699,-0.00005,-0.3510,-0.0002,0.0010,-0.0320,-0.3068,0.4026,-0.4810,0,0.04900,0.01900,0.0043,0.1063,0.004956,0.045452,0.0643,0.3729,62.0337,0.0172,0.1594,62.4161,-0.0574,-0.5850,0.9725,-0.0223,-0.1673,2.6467,0.000616,-0.004437,62.0322,0.000746,-0.004220,62.4161,-0.049161,-0.019161,0.9731,-0.017885,-0.014799,2.6467,-0.00260,-0.18752,-0.27122,0.51851,-0.24953,0.19184,0.00321,-0.18537,-0.27444,0.52947,-0.25765,0.18757,0.00965,-0.00001,-0.00100,0.00130,-0.02439,3.20232,0.22963,-1.34968,0.06640,0.26235,0.03966,-0.25244,-0.18028,-0.00199,-0.03648,0.05853,0.00645,0.00036,0.00071,0.00041,6.000,6.000,12.000,12.000,6.000,6.000,6.000,6.000,12.000,12.000,6.000,6.000,6.000,6.000,6.000,6.000,0.004196,0.045174,0.004200,0.044924,0.004200,0.041140,0.004189,0.041889,0.000000,0.000250,0.000000,0.000000,0.921283,0.022631,0.000000,0.000000,0.000000,0.191335,0.187068
1.6600,-0.00023,0.05565,0.48136,1.00000,-0.00065,0.00115,0.00006,0.00422,0.04098,0.31547,0.31446,0.00230,0.04503,2,0.03499,0.00230,0.034699,-0.00005,-0.3504,-0.0002,0.0011,-0.0331,-0.3070,0.4068,-0.4824,0,0.04900,0.01900,0.0036,0.0926,0.004927,0.045531,0.0653,0.3439,62.0681,0.0181,0.1326,62.4505,-0.0581,-0.5635,0.9367,-0.0231,-0.1432,2.6118,0.000587,-0.004353,62.0667,0.000718,-0.004140,62.4505,-0.049137,-0.019137,0.9373,-0.017456,-0.014763,2.6118,-0.00254,-0.18802,-0.27066,0.51743,-0.24902,0.19233,0.00338,-0.18587,-0.27389,0.52838,-0.25711,0.18807,0.00970,-0.00001,-0.00102,0.00131,-0.02464,3.21657,0.22807,-1.34904,0.06488,0.25825,0.03987,-0.26368,-0.17864,-0.00011,-0.03475,0.05713,0.00652,0.00037,0.00069,0.00040,6.000,6.000,12.000,12.000,6.000,6.000,6.000,6.000,12.000,12.000,6.000,6.000,6.000,6.000,6.000,6.000,0.004195,0.045290,0.004200,0.045029,0.004200,0.041265,0.004186,0.042045,0.000000,0.000260,0.000000,0.000000,0.922853,0.021858,0.000000,0.000000,0.000000,0.191837,0.187566
1.6650,-0.00022,0.05581,0.48136,1.00000,-0.00066,0.00115,0.00001,0.00422,0.04110,0.31547,0.31446,0.00230,0.04513,2,0.03499,0.00230,0.034699,-0.00004,-0.3497,-0.0002,0.0011,-0.0342,-0.3072,0.4106,-0.4836,0,0.04900,0.01900,0.0029,0.0789,0.004898,0.045612,0.0664,0.3154,62.1021,0.0191,0.1063,62.4845,-0.0588,-0.5424,0.9016,-0.0238,-0.1197,2.5773,0.000558,-0.004266,62.1008,0.000689,-0.004059,62.4845,-0.049143,-0.019143,0.9022,-0.017015,-0.014718,2.5773,-0.00246,-0.18853,-0.27009,0.51634,-0.24851,0.19283,0.00355,-0.18637,-0.27334,0.52728,-0.25655,0.18857,0.00976,-0.00001,-0.00104,0.00132,-0.02482,3.23044,0.22653,-1.34837,0.06336,0.25400,0.03993,-0.27460,-0.17703,0.00172,-0.03305,0.05578,0.00659,0.00037,0.00065,0.00040,6.000,6.000,12.000,12.000,6.000,6.000,6.000,6.000,12.000,12.000,6.000,6.000,6.000,6.000,6.000,6.000,0.004194,0.045405,0.004200,0.045134,0.004200,0.041389,0.004184,0.042202,0.000000,0.000271,0.000000,0.000000,0.924424,0.021098,0.000000,0.000000,0.000000,0.192334,0.188065
1.6700,-0.00021,0.05598,0.48136,1.00000,-0.00066,0.00115,-0.00005,0.00422,0.04122,0.31547,0.31446,0.00231,0.04524,2,0.03499,0.00231,0.034698,-0.00004,-0.3490,-0.0002,0.0012,-0.0354,-0.3073,0.4140,-0.4847,0,0.04900,0.01900,0.0022,0.0655,0.004870,0.045695,0.0678,0.2873,62.1354,0.0201,0.0804,62.5180,-0.0600,-0.5218,0.8674,-0.0245,-0.0969,2.5434,0.000530,-0.004178,62.1343,0.000660,-0.003976,62.5180,-0.049146,-0.019146,0.8679,-0.016582,-0.014682,2.5434,-0.00239,-0.18903,-0.26952,0.51526,-0.24800,0.19331,0.00372,-0.18687,-0.27278,0.52617,-0.25600,0.18907,0.00981,-0.00001,-0.00106,0.00132,-0.02342,3.24392,0.22479,-1.34790,0.06159,0.24962,0.03830,-0.28519,-0.17523,0.00376,-0.03109,0.05445,0.00668,0.00038,0.00059,0.00039,6.000,6.000,12.000,12.000,6.000,6.000,6.000,6.000,12.000,12.000,6.000,6.000,6.000,6.000,6.000,6.000,0.004194,0.045520,0.004200,0.045239,0.004200,0.041513,0.004182,0.042358,0.000000,0.000282,0.000000,0.000000,0.925995,0.020351,0.000000,0.000000,0.000000,0.192826,0.188566
1.6750,-0.00020,0.05614,0.48136,1.00000,-0.00067,0.00116,-0.00010,0.00422,0.04134,0.31547,0.31446,0.00231,0.04534,2,0.03499,0.00231,0.034698,-0.00004,-0.3483,-0.0002,0.0012,-0.0365,-0.3072,0.4164,-0.4853,0,0.04900,0.01900,0.0016,0.0529,0.004842,0.045780,0.0692,0.2600,62.1690,0.0214,0.0554,62.5517,-0.0612,-0.5019,0.8344,-0.0240,-0.0758,2.5065,0.000500,-0.004087,62.1680,0.000632,-0.003891,62.5517,-0.049143,-0.019143,0.8349,-0.016231,-0.014673,2.5065,-0.00231,-0.18954,-0.26895,0.51417,-0.24749,0.19379,0.00389,-0.18738,-0.27222,0.52506,-0.25543,0.18957,0.00986,-0.00001,-0.00108,0.00133,-0.02201,3.25692,0.22294,-1.34755,0.05970,0.24505,0.03643,-0.29534,-0.17335,0.00581,-0.02910,0.05315,0.00679,0.00039,0.00049,0.00038,6.000,6.000,12.000,12.000,6.000,6.000,6.000,6.000,12.000,12.000,6.000,6.000,6.000,6.000,6.000,6.000,0.004193,0.045634,0.004200,0.045342,0.004200,0.041638,0.004181,0.042514,0.000000,0.000292,0.000000,0.000000,0.927562,0.019619,0.000000,0.000000,0.000000,0.193313,0.189067
1.6800,-0.00019,0.05630,0.48136,1.00000,-0.00068,0.00116,-0.00015,0.00422,0.04146,0.31547,0.31446,0.00231,0.04545,2,0.03499,0.00231,0.034698,-0.00004,-0.3476,-0.0002,0.0012,-0.0376,-0.3070,0.4179,-0.4854,0,0.04900,0.01900,0.0010,0.0408,0.004812,0.045868,0.0704,0.2333,62.2027,0.0227,0.0313,62.5855,-0.0625,-0.4827,0.8023,-0.0233,-0.0558,2.4708,0.000470,-0.003993,62.2017,0.000603,-0.003803,62.5855,-0.049169,-0.019169,0.8028,-0.015884,-0.014659,2.4708,-0.00223,-0.19004,-0.26837,0.51308,-0.24699,0.19427,0.00406,-0.18788,-0.27167,0.52394,-0.25486,0.19007,0.00992,-0.00001,-0.00110,0.00134,-0.02089,3.26949,0.22107,-1.34721,0.05782,0.24030,0.03465,-0.30508,-0.17148,0.00780,-0.02718,0.05188,0.00693,0.00040,0.00035,0.00037,6.000,6.000,12.000,12.000,6.000,6.000,6.000,6.000,12.000,12.000,6.000,6.000,6.000,6.000,6.000,6.000,0.004193,0.045748,0.004200,0.045446,0.004200,0.041762,0.004180,0.042669,0.000000,0.000303,0.000000,0.000000,0.929125,0.018900,0.000000,0.000000,0.000000,0.193795,0.189568
1.6850,-0.00019,0.05646,0.48137,1.00000,-0.00069,0.00116,-0.00021,0.00422,0.04158,0.31547,0.31446,0.00232,0.04555,2,0.03499,0.00232,0.034698,-0.00004,-0.3469,-0.0002,0.0012,-0.0387,-0.3068,0.4194,-0.4853,0,0.04900,0.01900,0.0007,0.0291,0.004782,0.045958,0.0716,0.2069,62.2353,0.0238,0.0077,62.6186,-0.0639,-0.4637,0.7708,-0.0235,-0.0356,2.4390,0.000440,-0.003900,62.2344,0.000573,-0.003713,62.6186,-0.049179,-0.019179,0.7712,-0.015484,-0.014641,2.4390,-0.00215,-0.19054,-0.26780,0.51199,-0.24648,0.19475,0.00422,-0.18838,-0.27110,0.52281,-0.25428,0.19057,0.00997,-0.00001,-0.00112,0.00134,-0.01984,3.28192,0.21923,-1.34680,0.05599,0.23559,0.03292,-0.31473,-0.16963,0.00978,-0.02530,0.05061,0.00707,0.00041,0.00021,0.00035,6.000,6.000,12.000,12.000,6.000,6.000,6.000,6.000,12.000,12.000,6.000,6.000,6.000,6.000,6.000,6.000,0.004193,0.045861,0.004200,0.045548,0.004200,0.041886,0.004180,0.042825,0.000000,0.000313,0.000000,0.000000,0.930689,0.018194,0.000000,0.000000,0.000000,0.194272,0.190068
1.6900,-0.00018,0.05662,0.48137,1.00000,-0.00070,0.00116,-0.00027,0.00422,0.04170,0.31547,0.31446,0.00232,0.04565,2,0.03499,0.00232,0.034697,-0.00004,-0.3462,-0.0002,0.0011,-0.0399,-0.3068,0.4210,-0.4854,0,0.04900,0.01900,0.0008,0.0197,0.004753,0.046048,0.0727,0.1805,62.2666,0.0248,-0.0157,62.6501,-0.0652,-0.4449,0.7395,-0.0245,-0.0146,2.4101,0.000412,-0.003808,62.2658,0.000543,-0.003623,62.6501,-0.049182,-0.019182,0.7399,-0.015024,-0.014613,2.4101,-0.00207,-0.19104,-0.26722,0.51089,-0.24596,0.19521,0.00438,-0.18888,-0.27054,0.52167,-0.25370,0.19106,0.01003,-0.00001,-0.00114,0.00135,-0.01871,3.29432,0.21743,-1.34627,0.05426,0.23095,0.03115,-0.32441,-0.16781,0.01174,-0.02346,0.04935,0.00720,0.00042,0.00009,0.00034,6.000,6.000,12.000,12.000,6.000,6.000,6.000,6.000,12.000,12.000,6.000,6.000,6.000,6.000,6.000,6.000,0.004193,0.045974,0.004200,0.045650,0.004200,0.042010,0.004180,0.042981,0.000000,0.000323,0.000000,0.000000,0.932258,0.017500,0.000000,0.000000,0.000000,0.194745,0.190566
1.6950,-0.00017,0.05679,0.48137,1.00000,-0.00071,0.00116,-0.00032,0.00422,0.04182,0.31547,0.31446,0.00232,0.04575,2,0.03499,0.00232,0.034697,-0.00004,-0.3455,-0.0002,0.0011,-0.0410,-0.3069,0.4228,-0.4854,0,0.04900,0.01900,0.0012,0.0183,0.004725,0.046137,0.0739,0.1543,62.2967,0.0258,-0.0391,62.6805,-0.0664,-0.4263,0.7086,-0.0255,0.0059,2.3815,0.000386,-0.003715,62.2961,0.000515,-0.003534,62.6805,-0.049202,-0.019202,0.7090,-0.014557,-0.014569,2.3815,-0.00198,-0.19154,-0.26664,0.50979,-0.24545,0.19568,0.00453,-0.18939,-0.26998,0.52053,-0.25311,0.19156,0.01008,-0.00001,-0.00116,0.00136,-0.01758,3.30652,0.21570,-1.34562,0.05262,0.22624,0.02943,-0.33398,-0.16605,0.01365,-0.02169,0.04811,0.00733,0.00043,-0.00002,0.00033,6.000,6.000,12.000,12.000,6.000,6.000,6.000,6.000,12.000,12.000,6.000,6.000,6.000,6.000,6.000,6.000,0.004193,0.046085,0.004200,0.045751,0.004200,0.042135,0.004180,0.043137,0.000000,0.000334,0.000000,0.000000,0.933828,0.016819,0.000000,0.000000,0.000000,0.195214,0.191063
1.7000,-0.00016,0.05695,0.48137,1.00000,-0.00072,0.00116,-0.00038,0.00422,0.04194,0.31547,0.31446,0.00232,0.04585,2,0.03499,0.00232,0.034697,-0.00004,-0.3448,-0.0002,0.0011,-0.0422,-0.3071,0.4247,-0.4855,0,0.04900,0.01900,0.0018,0.0262,0.004699,0.046227,0.0749,0.1283,62.3260,0.0268,-0.0623,62.7099,-0.0676,-0.4080,0.6782,-0.0266,0.0258,2.3534,0.000361,-0.003620,62.3254,0.000490,-0.003444,62.7099,-0.049206,-0.019206,0.6785,-0.014090,-0.014520,2.3534,-0.00190,-0.19204,-0.26605,0.50869,-0.24494,0.19614,0.00469,-0.18989,-0.26941,0.51939,-0.25253,0.19205,0.01014,-0.00001,-0.00118,0.00137,-0.01645,3.31847,0.21400,-1.34488,0.05105,0.22143,0.02772,-0.34339,-0.16432,0.01553,-0.01995,0.04689,0.00745,0.00044,-0.00012,0.00032,6.000,6.000,12.000,12.000,6.000,6.000,6.000,6.000,12.000,12.000,6.000,6.000,6.000,6.000,6.000,6.000,0.004193,0.046197,0.004200,0.045852,0.004200,0.042259,0.004180,0.043293,0.000000,0.000345,0.000000,0.000000,0.935399,0.016150,0.000000,0.000000,0.000000,0.195679,0.191560
1.7050,-0.00015,0.05711,0.48137,1.00000,-0.00073,0.00116,-0.00044,0.00422,0.04206,0.31547,0.31446,0.00233,0.04595,2,0.03499,0.00233,0.034697,-0.00004,-0.3441,-0.0002,0.0011,-0.0434,-0.3073,0.4266,-0.4856,0,0.04900,0.01900,0.0024,0.0380,0.004674,0.046318,0.0760,0.1026,62.3544,0.0277,-0.0850,62.7385,-0.0688,-0.3900,0.6483,-0.0276,0.0452,2.3254,0.000337,-0.003523,62.3539,0.000465,-0.003353,62.7385,-0.049218,-0.019218,0.6486,-0.013619,-0.014466,2.3254,-0.00181,-0.19254,-0.26547,0.50759,-0.24443,0.19660,0.00484,-0.19039,-0.26885,0.51824,-0.25193,0.19255,0.01019,-0.00001,-0.00120,0.00137,-0.01533,3.33015,0.21235,-1.34406,0.04955,0.21650,0.02605,-0.35262,-0.16263,0.01736,-0.01826,0.04570,0.00756,0.00045,-0.00020,0.00031,6.000,6.000,12.000,12.000,6.000,6.000,6.000,6.000,12.000,12.000,6.000,6.000,6.000,6.000,6.000,6.000,0.004193,0.046307,0.004200,0.045952,0.004200,0.042383,0.004180,0.043449,0.000000,0.000355,0.000000,0.000000,0.936969,0.015495,0.000000,0.000000,0.000000,0.196141,0.192055
1.7100,-0.00014,0.05727,0.48137,1.00000,-0.00074,0.00117,-0.00049,0.00421,0.04218,0.31547,0.31446,0.00233,0.04605,2,0.03499,0.00233,0.034697,-0.00004,-0.3434,-0.0002,0.0011,-0.0445,-0.3076,0.4283,-0.4857,0,0.04900,0.01900,0.0030,0.0509,0.004651,0.046412,0.0770,0.0772,62.3821,0.0286,-0.1074,62.7665,-0.0700,-0.3724,0.6191,-0.0285,0.0642,2.2978,0.000314,-0.003426,62.3817,0.000441,-0.003260,62.7665,-0.049179,-0.019179,0.6194,-0.013151,-0.014414,2.2978,-0.00172,-0.19303,-0.26488,0.50648,-0.24391,0.19705,0.00498,-0.19089,-0.26828,0.51708,-0.25134,0.19304,0.01025,-0.00001,-0.00122,0.00138,-0.01421,3.34158,0.21069,-1.34321,0.04805,0.21150,0.02439,-0.36169,-0.16095,0.01918,-0.01658,0.04451,0.00767,0.00046,-0.00028,0.00030,6.000,6.000,12.000,12.000,6.000,6.000,6.000,6.000,12.000,12.000,6.000,6.000,6.000,6.000,6.000,6.000,0.004193,0.046417,0.004200,0.046051,0.004200,0.042508,0.004181,0.043605,0.000000,0.000366,0.000000,0.000000,0.938540,0.014853,0.000000,0.000000,0.000000,0.196599,0.192550
1.7150,-0.00013,0.05743,0.48137,1.00000,-0.00074,0.00117,-0.00055,0.00421,0.04230,0.31547,0.31446,0.00233,0.04615,2,0.03499,0.00233,0.034696,-0.00004,-0.3428,-0.0002,0.0010,-0.0457,-0.3078,0.4300,-0.4857,0,0.04900,0.01900,0.0035,0.0644,0.004627,0.046506,0.0780,0.0521,62.4091,0.0295,-0.1294,62.7938,-0.0712,-0.3552,0.5904,-0.0294,0.0826,2.2707,0.000292,-0.003326,62.4088,0.000418,-0.003166,62.7938,-0.049245,-0.019245,0.5907,-0.012673,-0.014350,2.2707,-0.00163,-0.19353,-0.26429,0.50537,-0.24339,0.19751,0.00512,-0.19139,-0.26771,0.51593,-0.25075,0.19354,0.01031,-0.00001,-0.00124,0.00139,-0.01316,3.35269,0.20910,-1.34223,0.04666,0.20633,0.02281,-0.37049,-0.15936,0.02089,-0.01501,0.04340,0.00778,0.00047,-0.00036,0.00030,6.000,6.000,12.000,12.000,6.000,6.000,6.000,6.000,12.000,12.000,6.000,6.000,6.000,6.000,6.000,6.000,0.004193,0.046527,0.004200,0.046150,0.004200,0.042632,0.004181,0.043761,0.000000,0.000377,0.000000,0.000000,0.940110,0.014224,0.000000,0.000000,0.000000,0.197054,0.193045
1.7200,-0.00012,0.05759,0.48137,1.00000,-0.00075,0.00117,-0.00060,0.00421,0.04241,0.31547,0.31446,0.00233,0.04625,2,0.03499,0.00233,0.034696,-0.00004,-0.3421,-0.0002,0.0010,-0.0469,-0.3081,0.4316,-0.4857,0,0.04900,0.01900,0.0041,0.0780,0.004606,0.046602,0.0790,0.0274,62.4355,0.0303,-0.1509,62.8206,-0.0723,-0.3384,0.5624,-0.0302,0.1005,2.2441,0.000270,-0.003225,62.4353,0.000396,-0.003070,62.8206,-0.049263,-0.019263,0.5626,-0.012220,-0.014308,2.2441,-0.00155,-0.19402,-0.26370,0.50425,-0.24287,0.19796,0.00526,-0.19189,-0.26714,0.51477,-0.25015,0.19403,0.01036,-0.00001,-0.00126,0.00139,-0.01213,3.36354,0.20751,-1.34123,0.04528,0.20109,0.02125,-0.37911,-0.15777,0.02259,-0.01346,0.04229,0.00789,0.00048,-0.00043,0.00029,6.000,6.000,12.000,12.000,6.000,6.000,6.000,6.000,12.000,12.000,6.000,6.000,6.000,6.000,6.000,6.000,0.004193,0.046635,0.004200,0.046248,0.004200,0.042756,0.004181,0.043917,0.000000,0.000387,0.000000,0.000000,0.941679,0.013608,0.000000,0.000000,0.000000,0.197507,0.193539
1.7250,-0.00011,0.05775,0.48137,1.00000,-0.00076,0.00117,-0.00066,0.00421,0.04253,0.31547,0.31446,0.00234,0.04635,2,0.03499,0.00234,0.034696,-0.00004,-0.3414,-0.0002,0.0010,-0.0481,-0.3083,0.4331,-0.4858,0,0.04900,0.01900,0.0046,0.0916,0.004584,0.046700,0.0799,0.0030,62.4612,0.0311,-0.1720,62.8467,-0.0734,-0.3219,0.5351,-0.0310,0.1179,2.2180,0.000248,-0.003123,62.4610,0.000374,-0.002973,62.8467,-0.049212,-0.019212,0.5353,-0.011757,-0.014254,2.2180,-0.00146,-0.19451,-0.26311,0.50313,-0.24235,0.19840,0.00540,-0.19239,-0.26656,0.51360,-0.24956,0.19453,0.01042,-0.00001,-0.00127,0.00140,-0.01108,3.37416,0.20591,-1.34020,0.04389,0.19579,0.01968,-0.38757,-0.15617,0.02427,-0.01190,0.04117,0.00799,0.00049,-0.00050,0.00029,6.000,6.000,12.000,12.000,6.000,6.000,6.000,6.000,12.000,12.000,6.000,6.000,6.000,6.000,6.000,6.000,0.004193,0.046743,0.004200,0.046345,0.004200,0.042880,0.004181,0.044073,0.000000,0.000398,0.000000,0.000000,0.943248,0.013006,0.000000,0.000000,0.000000,0.197957,0.194033
1.7300,-0.00010,0.05791,0.48137,1.00000,-0.00077,0.00117,-0.00071,0.00421,0.04265,0.31547,0.31446,0.00234,0.04644,2,0.03499,0.00234,0.034696,-0.00004,-0.3407,-0.0002,0.0010,-0.0493,-0.3085,0.4344,-0.4857,0,0.04900,0.01900,0.0052,0.1054,0.004562,0.046798,0.0808,-0.0210,62.4863,0.0319,-0.1927,62.8722,-0.0744,-0.3059,0.5083,-0.0317,0.1349,2.1925,0.000228,-0.003020,62.4862,0.000352,-0.002875,62.8722,-0.049310,-0.019310,0.5085,-0.011281,-0.014185,2.1925,-0.00137,-0.19500,-0.26252,0.50201,-0.24183,0.19885,0.00553,-0.19288,-0.26599,0.51244,-0.24896,0.19502,0.01048,-0.00001,-0.00129,0.00141,-0.01013,3.38446,0.20439,-1.33905,0.04262,0.19034,0.01822,-0.39575,-0.15467,0.02584,-0.01047,0.04014,0.00808,0.00050,-0.00056,0.00028,6.000,6.000,12.000,12.000,6.000,6.000,6.000,6.000,12.000,12.000,6.000,6.000,6.000,6.000,6.000,6.000,0.004194,0.046850,0.004200,0.046441,0.004200,0.043005,0.004182,0.044229,0.000000,0.000408,0.000000,0.000000,0.944817,0.012416,0.000000,0.000000,0.000000,0.198403,0.194526
1.7350,-0.00009,0.05806,0.48137,1.00000,-0.00078,0.00117,-0.00076,0.00421,0.04277,0.31547,0.31446,0.00234,0.04654,2,0.03499,0.00234,0.034695,-0.00004,-0.3400,-0.0002,0.0009,-0.0505,-0.3088,0.4356,-0.4857,0,0.04900,0.01900,0.0057,0.1189,0.004543,0.046899,0.0817,-0.0447,62.5107,0.0327,-0.2129,62.8973,-0.0755,-0.2902,0.4823,-0.0324,0.1512,2.1677,0.000207,-0.002915,62.5106,0.000333,-0.002776,62.8973,-0.049294,-0.019294,0.4825,-0.010836,-0.014145,2.1677,-0.00129,-0.19549,-0.26192,0.50089,-0.24131,0.19929,0.00565,-0.19338,-0.26541,0.51127,-0.24836,0.19551,0.01054,-0.00001,-0.00131,0.00142,-0.00916,3.39453,0.20284,-1.33790,0.04132,0.18484,0.01674,-0.40379,-0.15314,0.02741,-0.00901,0.03909,0.00817,0.00051,-0.00062,0.00027,6.000,6.000,12.000,12.000,6.000,6.000,6.000,6.000,12.000,12.000,6.000,6.000,6.000,6.000,6.000,6.000,0.004194,0.046956,0.004200,0.046537,0.004200,0.043129,0.004182,0.044385,0.000000,0.000419,0.000000,0.000000,0.946385,0.011840,0.000000,0.000000,0.000000,0.198848,0.195019
1.7400,-0.00008,0.05822,0.48137,1.00000,-0.00079,0.00117,-0.00081,0.00421,0.04288,0.31547,0.31446,0.00234,0.04663,2,0.03499,0.00234,0.034695,-0.00004,-0.3394,-0.0002,0.0009,-0.0517,-0.3091,0.4366,-0.4856,0,0.04900,0.01900,0.0062,0.1325,0.004522,0.047000,0.0825,-0.0680,62.5344,0.0334,-0.2327,62.9216,-0.0766,-0.2749,0.4569,-0.0331,0.1672,2.1434,0.000187,-0.002810,62.5344,0.000312,-0.002675,62.9216,-0.049268,-0.019268,0.4570,-0.010370,-0.014081,2.1434,-0.00120,-0.19598,-0.26133,0.49977,-0.24079,0.19973,0.00577,-0.19388,-0.26483,0.51010,-0.24776,0.19600,0.01059,-0.00001,-0.00133,0.00142,-0.00820,3.40436,0.20131,-1.33669,0.04004,0.17927,0.01528,-0.41164,-0.15164,0.02895,-0.00758,0.03805,0.00826,0.00052,-0.00067,0.00027,6.000,6.000,12.000,12.000,6.000,6.000,6.000,6.000,12.000,12.000,6.000,6.000,6.000,6.000,6.000,6.000,0.004194,0.047061,0.004200,0.046632,0.004200,0.043253,0.004183,0.044541,0.000000,0.000429,0.000000,0.000000,0.947952,0.011277,0.000000,0.000000,0.000000,0.199289,0.195512
1.7450,-0.00007,0.05838,0.48137,1.00000,-0.00079,0.00117,-0.00086,0.00421,0.04300,0.31548,0.31446,0.00234,0.04673,2,0.03499,0.00234,0.034695,-0.00004,-0.3387,-0.0002,0.0009,-0.0530,-0.3093,0.4375,-0.4856,0,0.04900,0.01900,0.0067,0.1461,0.004503,0.047101,0.0833,-0.0910,62.5575,0.0341,-0.2521,62.9454,-0.0776,-0.2600,0.4321,-0.0338,0.1826,2.1197,0.000168,-0.002703,62.5576,0.000293,-0.002574,62.9454,-0.049304,-0.019304,0.4323,-0.009903,-0.014014,2.1197,-0.00112,-0.19646,-0.26073,0.49864,-0.24026,0.20016,0.00589,-0.19437,-0.26425,0.50893,-0.24716,0.19650,0.01065,-0.00001,-0.00135,0.00143,-0.00730,3.41391,0.19982,-1.33541,0.03883,0.17359,0.01388,-0.41926,-0.15018,0.03042,-0.00623,0.03706,0.00834,0.00052,-0.00072,0.00026,6.000,6.000,12.000,12.000,6.000,6.000,6.000,6.000,12.000,12.000,6.000,6.000,6.000,6.000,6.000,6.000,0.004194,0.047165,0.004200,0.046726,0.004200,0.043378,0.004183,0.044697,0.000000,0.000440,0.000000,0.000000,0.949518,0.010727,0.000000,0.000000,0.000000,0.199728,0.196004
1.7500,-0.00006,0.05854,0.48137,1.00000,-0.00080,0.00118,-0.00091,0.00421,0.04312,0.31548,0.31446,0.00235,0.04682,2,0.03499,0.00235,0.034695,-0.00004,-0.3380,-0.0002,0.0008,-0.0542,-0.3096,0.4383,-0.4855,0,0.04900,0.01900,0.0072,0.1594,0.004484,0.047205,0.0841,-0.1137,62.5800,0.0347,-0.2710,62.9686,-0.0786,-0.2455,0.4080,-0.0344,0.1976,2.0966,0.000150,-0.002596,62.5801,0.000274,-0.002471,62.9686,-0.049289,-0.019289,0.4081,-0.009451,-0.013957,2.0966,-0.00104,-0.19695,-0.26013,0.49751,-0.23973,0.20060,0.00600,-0.19487,-0.26367,0.50775,-0.24656,0.19699,0.01071,-0.00001,-0.00137,0.00144,-0.00640,3.42322,0.19834,-1.33409,0.03763,0.16784,0.01250,-0.42671,-0.14873,0.03186,-0.00489,0.03607,0.00842,0.00053,-0.00077,0.00026,6.000,6.000,12.000,12.000,6.000,6.000,6.000,6.000,12.000,12.000,6.000,6.000,6.000,6.000,6.000,6.000,0.004194,0.047269,0.004200,0.046819,0.004200,0.043502,0.004184,0.044853,0.000000,0.000450,0.000000,0.000000,0.951083,0.010191,0.000000,0.000000,0.000000,0.200164,0.196495
1.7550,-0.00005,0.05869,0.48137,1.00000,-0.00081,0.00118,-0.00096,0.00421,0.04323,0.31548,0.31446,0.00235,0.04691,2,0.03499,0.00235,0.034695,-0.00004,-0.3374,-0.0002,0.0008,-0.0554,-0.3098,0.4389,-0.4853,0,0.04900,0.01900,0.0077,0.1727,0.004466,0.047309,0.0848,-0.1360,62.6018,0.0353,-0.2896,62.9912,-0.0796,-0.2314,0.3845,-0.0350,0.2121,2.0742,0.000132,-0.002487,62.6019,0.000255,-0.002368,62.9912,-0.049352,-0.019352,0.3846,-0.008991,-0.013890,2.0742,-0.00097,-0.19743,-0.25954,0.49638,-0.23920,0.20103,0.00610,-0.19536,-0.26309,0.50657,-0.24596,0.19748,0.01077,-0.00001,-0.00139,0.00144,-0.00555,3.43224,0.19690,-1.33268,0.03650,0.16199,0.01118,-0.43393,-0.14734,0.03324,-0.00362,0.03514,0.00850,0.00054,-0.00081,0.00026,6.000,6.000,12.000,12.000,6.000,6.000,6.000,6.000,12.000,12.000,6.000,6.000,6.000,6.000,6.000,6.000,0.004195,0.047372,0.004200,0.046911,0.004200,0.043626,0.004185,0.045008,0.000000,0.000461,0.000000,0.000000,0.952648,0.009668,0.000000,0.000000,0.000000,0.200597,0.196986
1.7600,-0.00004,0.05885,0.48137,1.00000,-0.00081,0.00118,-0.00100,0.00421,0.04335,0.31548,0.31446,0.00235,0.04700,2,0.03499,0.00235,0.034694,-0.00004,-0.3368,-0.0002,0.0008,-0.0567,-0.3101,0.4394,-0.4852,0,0.04900,0.01900,0.0082,0.1858,0.004448,0.047414,0.0855,-0.1581,62.6229,0.0359,-0.3077,63.0132,-0.0805,-0.2177,0.3616,-0.0356,0.2260,2.0524,0.000115,-0.002376,62.6231,0.000238,-0.002263,63.0132,-0.049431,-0.019431,0.3617,-0.008547,-0.013832,2.0524,-0.00089,-0.19791,-0.25894,0.49524,-0.23867,0.20146,0.00620,-0.19585,-0.26250,0.50539,-0.24536,0.19796,0.01083,-0.00001,-0.00141,0.00145,-0.00472,3.44100,0.19550,-1.33121,0.03540,0.15604,0.00990,-0.44094,-0.14597,0.03456,-0.00239,0.03423,0.00857,0.00054,-0.00085,0.00025,6.000,6.000,12.000,12.000,6.000,6.000,6.000,6.000,12.000,12.000,6.000,6.000,6.000,6.000,6.000,6.000,0.004195,0.047473,0.004200,0.047002,0.004200,0.043750,0.004185,0.045164,0.000000,0.000471,0.000000,0.000000,0.954212,0.009158,0.000000,0.000000,0.000000,0.201028,0.197476
1.7650,-0.00003,0.05900,0.48137,1.00000,-0.00082,0.00118,-0.00105,0.00421,0.04346,0.31548,0.31446,0.00235,0.04709,2,0.03499,0.00235,0.034694,-0.00004,-0.3361,-0.0002,0.0007,-0.0579,-0.3103,0.4398,-0.4850,0,0.04900,0.01900,0.0087,0.1987,0.004432,0.047521,0.0862,-0.1798,62.6433,0.0365,-0.3255,63.0346,-0.0815,-0.2044,0.3394,-0.0361,0.2394,2.0312,0.000098,-0.002266,62.6435,0.000221,-0.002157,63.0346,-0.049365,-0.019365,0.3395,-0.008107,-0.013775,2.0312,-0.00082,-0.19839,-0.25834,0.49411,-0.23814,0.20188,0.00630,-0.19634,-0.26192,0.50421,-0.24476,0.19845,0.01089,-0.00001,-0.00143,0.00146,-0.00387,3.44954,0.19407,-1.32973,0.03428,0.15005,0.00860,-0.44781,-0.14458,0.03590,-0.00114,0.03329,0.00863,0.00055,-0.00088,0.00025,6.000,6.000,12.000,12.000,6.000,6.000,6.000,6.000,12.000,12.000,6.000,6.000,6.000,6.000,6.000,6.000,0.004195,0.047574,0.004200,0.047093,0.004200,0.043875,0.004186,0.045319,0.000000,0.000481,0.000000,0.000000,0.955774,0.008661,0.000000,0.000000,0.000000,0.201455,0.197964
1.7700,-0.00002,0.05916,0.48137,1.00000,-0.00083,0.00118,-0.00109,0.00421,0.04358,0.31548,0.31446,0.00235,0.04718,2,0.03499,0.00235,0.034694,-0.00004,-0.3355,-0.0002,0.0007,-0.0592,-0.3106,0.4401,-0.4848,0,0.04900,0.01900,0.0091,0.2115,0.004415,0.047628,0.0868,-0.2011,62.6631,0.0370,-0.3429,63.0554,-0.0824,-0.1914,0.3178,-0.0366,0.2525,2.0106,0.000082,-0.002153,62.6634,0.000204,-0.002051,63.0554,-0.049503,-0.019503,0.3179,-0.007649,-0.013694,2.0106,-0.00075,-0.19887,-0.25774,0.49297,-0.23761,0.20230,0.00639,-0.19683,-0.26133,0.50303,-0.24416,0.19894,0.01095,-0.00001,-0.00145,0.00147,-0.00310,3.45777,0.19272,-1.32814,0.03327,0.14392,0.00740,-0.45442,-0.14328,0.03713,-0.00000,0.03244,0.00870,0.00056,-0.00091,0.00025,6.000,6.000,12.000,12.000,6.000,6.000,6.000,6.000,12.000,12.000,6.000,6.000,6.000,6.000,6.000,6.000,0.004195,0.047674,0.004200,0.047182,0.004200,0.043999,0.004187,0.045474,0.000000,0.000492,0.000000,0.000000,0.957336,0.008177,0.000000,0.000000,0.000000,0.201880,0.198452
1.7750,-0.00001,0.05931,0.48137,1.00000,-0.00084,0.00118,-0.00113,0.00421,0.04369,0.31548,0.31446,0.00236,0.04727,2,0.03499,0.00236,0.034694,-0.00004,-0.3349,-0.0002,0.0006,-0.0605,-0.3109,0.4402,-0.4846,0,0.04900,0.01900,0.0096,0.2241,0.004399,0.047737,0.0874,-0.2222,62.6822,0.0375,-0.3598,63.0756,-0.0833,-0.1788,0.2969,-0.0371,0.2650,1.9906,0.000066,-0.002040,62.6825,0.000188,-0.001943,63.0756,-0.049468,-0.019468,0.2969,-0.007224,-0.013642,1.9906,-0.00068,-0.19935,-0.25713,0.49183,-0.23707,0.20272,0.00647,-0.19732,-0.26074,0.50184,-0.24356,0.19942,0.01101,-0.00001,-0.00147,0.00147,-0.00230,3.46580,0.19135,-1.32654,0.03223,0.13776,0.00618,-0.46089,-0.14196,0.03837,0.00116,0.03156,0.00875,0.00056,-0.00094,0.00024,6.000,6.000,12.000,12.000,6.000,6.000,6.000,6.000,12.000,12.000,6.000,6.000,6.000,6.000,6.000,6.000,0.004196,0.047772,0.004200,0.047270,0.004200,0.044123,0.004188,0.045629,0.000000,0.000502,0.000000,0.000000,0.958897,0.007707,0.000000,0.000000,0.000000,0.202302,0.198939
1.7800,0.00000,0.05947,0.48137,1.00000,-0.00084,0.00118,-0.00117,0.00421,0.04380,0.31548,0.31446,0.00236,0.04736,2,0.03499,0.00236,0.034694,-0.00004,-0.3343,-0.0002,0.0006,-0.0618,-0.3112,0.4402,-0.4843,0,0.04900,0.01900,0.0100,0.2365,0.004384,0.047847,0.0880,-0.2430,62.7006,0.0379,-0.3764,63.0951,-0.0841,-0.1666,0.2766,-0.0376,0.2771,1.9712,0.000051,-0.001926,62.7009,0.000173,-0.001835,63.0951,-0.049439,-0.019439,0.2766,-0.006779,-0.013564,1.9712,-0.00061,-0.19982,-0.25653,0.49069,-0.23654,0.20314,0.00655,-0.19781,-0.26015,0.50065,-0.24296,0.19991,0.01107,-0.00001,-0.00149,0.00148,-0.00152,3.47357,0.19001,-1.32488,0.03122,0.13152,0.00499,-0.46716,-0.14067,0.03957,0.00228,0.03071,0.00881,0.00057,-0.00097,0.00024,6.000,6.000,12.000,12.000,6.000,6.000,6.000,6.000,12.000,12.000,6.000,6.000,6.000,6.000,6.000,6.000,0.004196,0.047870,0.004200,0.047358,0.004200,0.044248,0.004190,0.045785,0.000000,0.000512,0.000000,0.000000,0.960457,0.007250,0.000000,0.000000,0.000000,0.202722,0.199424
1.7850,0.00001,0.05962,0.48137,1.00000,-0.00085,0.00118,-0.00121,0.00421,0.04392,0.31548,0.31446,0.00236,0.04744,2,0.03499,0.00236,0.034693,-0.00003,-0.3337,-0.0002,0.0005,-0.0631,-0.3115,0.4401,-0.4841,0,0.04900,0.01900,0.0104,0.2465,0.004369,0.047957,0.0885,-0.2634,62.7184,0.0382,-0.3929,63.1127,-0.0850,-0.1548,0.2568,-0.0420,0.2869,1.9612,0.000037,-0.001811,62.7187,0.000158,-0.001725,63.1127,-0.049561,-0.019561,0.2569,-0.006120,-0.013309,1.9612,-0.00055,-0.20029,-0.25593,0.48955,-0.23600,0.20355,0.00662,-0.19829,-0.25956,0.49947,-0.24236,0.20039,0.01113,-0.00001,-0.00151,0.00149,-0.00080,3.48106,0.18872,-1.32312,0.03029,0.12516,0.00389,-0.47321,-0.13944,0.04069,0.00331,0.02991,0.00886,0.00057,-0.00099,0.00024,6.000,6.000,12.000,12.000,6.000,6.000,6.000,6.000,12.000,12.000,6.000,6.000,6.000,6.000,6.000,6.000,0.004197,0.047967,0.004200,0.047444,0.004200,0.044372,0.004191,0.045940,0.000000,0.000523,0.000000,0.000000,0.962016,0.006806,0.000000,0.000000,0.000000,0.203138,0.199909
1.7900,0.00003,0.05977,0.48137,1.00000,-0.00086,0.00118,-0.00124,0.00421,0.04403,0.31548,0.31446,0.00236,0.04753,2,0.03499,0.00236,0.034693,-0.00003,-0.3332,-0.0002,0.0005,-0.0644,-0.3122,0.4410,-0.4844,0,0.04900,0.01900,0.0108,0.2590,0.004355,0.048069,0.0891,-0.2842,62.7336,0.0386,-0.4090,63.1303,-0.0855,-0.1426,0.2366,-0.0419,0.2990,1.9432,0.000027,-0.001690,62.7339,0.000144,-0.001614,63.1303,-0.049560,-0.019560,0.2367,-0.005684,-0.013214,1.9432,-0.00049,-0.20076,-0.25533,0.48840,-0.23546,0.20396,0.00669,-0.19877,-0.25897,0.49828,-0.24177,0.20088,0.01119,-0.00001,-0.00153,0.00150,-0.00002,3.48810,0.18771,-1.32101,0.02964,0.11849,0.00279,-0.47913,-0.13833,0.04183,0.00434,0.02916,0.00892,0.00058,-0.00096,0.00024,6.000,6.000,12.000,12.000,6.000,6.000,6.000,6.000,12.000,12.000,6.000,6.000,6.000,6.000,6.000,6.000,0.004196,0.048062,0.004200,0.047529,0.004200,0.044496,0.004190,0.046094,0.000000,0.000533,0.000000,0.000000,0.963566,0.006376,0.000000,0.000000,0.000000,0.203551,0.200395
1.7950,0.00004,0.05992,0.48137,1.00000,-0.00086,0.00118,-0.00127,0.00421,0.04414,0.31548,0.31446,0.00236,0.04761,2,0.03499,0.00236,0.034693,-0.00003,-0.3326,-0.0002,0.0005,-0.0657,-0.3128,0.4415,-0.4846,0,0.04900,0.01900,0.0113,0.2714,0.004346,0.048186,0.0896,-0.3043,62.7489,0.0391,-0.4247,63.1467,-0.0861,-0.1311,0.2174,-0.0422,0.3104,1.9241,0.000017,-0.001570,62.7493,0.000134,-0.001498,63.1467,-0.049779,-0.019779,0.2175,-0.005244,-0.013155,1.9241,-0.00044,-0.20123,-0.25473,0.48726,-0.23492,0.20437,0.00676,-0.19926,-0.25837,0.49710,-0.24117,0.20137,0.01125,-0.00001,-0.00155,0.00150,0.00069,3.49493,0.18667,-1.31893,0.02896,0.11181,0.00177,-0.48478,-0.13725,0.04286,0.00528,0.02846,0.00897,0.00058,-0.00095,0.00024,6.000,6.000,12.000,12.000,6.000,6.000,6.000,6.000,12.000,12.000,6.000,6.000,6.000,6.000,6.000,6.000,0.004196,0.048156,0.004200,0.047613,0.004200,0.044620,0.004190,0.046248,0.000000,0.000543,0.000000,0.000000,0.965118,0.005959,0.000000,0.000000,0.000000,0.203960,0.200883
1.8000,0.00005,0.06007,0.48138,1.00000,-0.00087,0.00118,-0.00130,0.00421,0.04425,0.31548,0.31446,0.00236,0.04770,2,0.03499,0.00236,0.034693,-0.00003,-0.3320,-0.0002,0.0005,-0.0670,-0.3133,0.4417,-0.4846,0,0.04900,0.01900,0.0117,0.2833,0.004336,0.048302,0.0902,-0.3241,62.7639,0.0396,-0.4400,63.1630,-0.0867,-0.1202,0.1992,-0.0426,0.3212,1.9061,0.000005,-0.001451,62.7643,0.000124,-0.001383,63.1630,-0.049744,-0.019744,0.1993,-0.004837,-0.013115,1.9061,-0.00039,-0.20169,-0.25413,0.48611,-0.23438,0.20477,0.00682,-0.19974,-0.25778,0.49591,-0.24058,0.20186,0.01131,-0.00001,-0.00157,0.00151,0.00142,3.50162,0.18554,-1.31692,0.02817,0.10518,0.00074,-0.49031,-0.13613,0.04390,0.00625,0.02770,0.00901,0.00059,-0.00093,0.00024,6.000,6.000,12.000,12.000,6.000,6.000,6.000,6.000,12.000,12.000,6.000,6.000,6.000,6.000,6.000,6.000,0.004196,0.048249,0.004200,0.047696,0.004200,0.044745,0.004190,0.046402,0.000000,0.000553,0.000000,0.000000,0.966670,0.005555,0.000000,0.000000,0.000000,0.204367,0.201373
1.8050,0.00006,0.06022,0.48138,1.00000,-0.00087,0.00118,-0.00133,0.00421,0.04437,0.31548,0.31446,0.00237,0.04778,2,0.03499,0.00237,0.034693,-0.00003,-0.3315,-0.0002,0.0005,-0.0684,-0.3137,0.4416,-0.4847,0,0.04900,0.01900,0.0120,0.2949,0.004325,0.048418,0.0907,-0.3435,62.7786,0.0400,-0.4548,63.1789,-0.0872,-0.1097,0.1817,-0.0431,0.3314,1.8893,-0.000006,-0.001331,62.7790,0.000113,-0.001269,63.1789,-0.049917,-0.019916,0.1818,-0.004410,-0.013044,1.8893,-0.00034,-0.20216,-0.25353,0.48497,-0.23384,0.20517,0.00688,-0.20022,-0.25718,0.49473,-0.24000,0.20235,0.01137,-0.00001,-0.00159,0.00152,0.00211,3.50809,0.18444,-1.31487,0.02740,0.09850,-0.00023,-0.49563,-0.13506,0.04485,0.00715,0.02700,0.00905,0.00059,-0.00092,0.00024,6.000,6.000,12.000,12.000,6.000,6.000,6.000,6.000,12.000,12.000,6.000,6.000,6.000,6.000,6.000,6.000,0.004196,0.048341,0.004200,0.047778,0.004200,0.044869,0.004190,0.046557,0.000000,0.000563,0.000000,0.000000,0.968224,0.005164,0.000000,0.000000,0.000000,0.204770,0.201863
1.8100,0.00007,0.06037,0.48138,1.00000,-0.00088,0.00119,-0.00136,0.00421,0.04448,0.31548,0.31446,0.00237,0.04786,2,0.03499,0.00237,0.034692,-0.00003,-0.3310,-0.0002,0.0005,-0.0697,-0.3141,0.4414,-0.4847,0,0.04900,0.01900,0.0124,0.3061,0.004314,0.048534,0.0912,-0.3626,62.7928,0.0404,-0.4693,63.1945,-0.0878,-0.0997,0.1650,-0.0435,0.3412,1.8734,-0.000016,-0.001211,62.7932,0.000102,-0.001154,63.1945,-0.050276,-0.020276,0.1650,-0.004010,-0.012988,1.8734,-0.00029,-0.20262,-0.25293,0.48382,-0.23330,0.20557,0.00693,-0.20069,-0.25659,0.49354,-0.23941,0.20284,0.01143,-0.00001,-0.00160,0.00152,0.00277,3.51433,0.18336,-1.31276,0.02667,0.09176,-0.00113,-0.50075,-0.13404,0.04574,0.00799,0.02632,0.00908,0.00060,-0.00090,0.00024,6.000,6.000,12.000,12.000,6.000,6.000,6.000,6.000,12.000,12.000,6.000,6.000,6.000,6.000,6.000,6.000,0.004196,0.048432,0.004200,0.047859,0.004200,0.044993,0.004190,0.046711,0.000000,0.000573,0.000000,0.000000,0.969778,0.004785,0.000000,0.000000,0.000000,0.205169,0.202352
1.8150,0.00008,0.06052,0.48138,1.00000,-0.00088,0.00119,-0.00138,0.00421,0.04459,0.31548,0.31446,0.00237,0.04794,2,0.03499,0.00237,0.034692,-0.00003,-0.3304,-0.0002,0.0005,-0.0711,-0.3145,0.4410,-0.4846,0,0.04900,0.01900,0.0128,0.3169,0.004304,0.048651,0.0914,-0.3814,62.8062,0.0408,-0.4835,63.2096,-0.0881,-0.0901,0.1491,-0.0439,0.3505,1.8581,-0.000028,-0.001090,62.8066,0.000091,-0.001038,63.2096,-0.050135,-0.020134,0.1492,-0.003631,-0.012944,1.8581,-0.00025,-0.20308,-0.25233,0.48268,-0.23275,0.20596,0.00697,-0.20117,-0.25599,0.49236,-0.23882,0.20332,0.01149,-0.00001,-0.00162,0.00153,0.00351,3.52039,0.18215,-1.31075,0.02585,0.08502,-0.00209,-0.50575,-0.13288,0.04671,0.00890,0.02559,0.00910,0.00060,-0.00088,0.00024,6.000,6.000,12.000,12.000,6.000,6.000,6.000,6.000,12.000,12.000,6.000,6.000,6.000,6.000,6.000,6.000,0.004196,0.048521,0.004200,0.047938,0.004200,0.045118,0.004190,0.046866,0.000000,0.000583,0.000000,0.000000,0.971333,0.004420,0.000000,0.000000,0.000000,0.205565,0.202839
1.8200,0.00009,0.06067,0.48138,1.00000,-0.00089,0.00119,-0.00141,0.00421,0.04470,0.31548,0.31446,0.00237,0.04802,2,0.03499,0.00237,0.034692,-0.00003,-0.3299,-0.0002,0.0005,-0.0725,-0.3148,0.4405,-0.4846,0,0.04900,0.01900,0.0132,0.3273,0.004292,0.048767,0.0852,-0.3981,62.8159,0.0409,-0.4973,63.2239,-0.0819,-0.0828,0.1369,-0.0441,0.3594,1.8439,-0.000036,-0.000964,62.8163,0.000080,-0.000923,63.2239,-0.050115,-0.020115,0.1370,-0.003220,-0.012855,1.8439,-0.00021,-0.20353,-0.25173,0.48153,-0.23221,0.20635,0.00702,-0.20164,-0.25539,0.49117,-0.23824,0.20381,0.01155,-0.00001,-0.00164,0.00154,0.00508,3.52509,0.17919,-1.30968,0.02461,0.07779,-0.00321,-0.50973,-0.13012,0.04851,0.01009,0.02501,0.00912,0.00060,-0.00086,0.00024,6.000,6.000,12.000,12.000,6.000,6.000,6.000,6.000,12.000,12.000,6.000,6.000,6.000,6.000,6.000,6.000,0.004196,0.048609,0.004200,0.048016,0.004200,0.045242,0.004190,0.047021,0.000000,0.000593,0.000000,0.000000,0.972889,0.004067,0.000000,0.000000,0.000000,0.205958,0.203324
1.8250,0.00010,0.06081,0.48138,1.00000,-0.00089,0.00119,-0.00143,0.00421,0.04480,0.31548,0.31446,0.00237,0.04809,2,0.03499,0.00237,0.034692,-0.00003,-0.3294,-0.0002,0.0005,-0.0740,-0.3152,0.4400,-0.4846,0,0.04900,0.01900,0.0134,0.3347,0.004284,0.048890,0.0785,-0.4144,62.8248,0.0348,-0.5088,63.2348,-0.0752,-0.0760,0.1256,-0.0381,0.3661,1.8332,-0.000043,-0.000835,62.8252,0.000071,-0.000801,63.2348,-0.050427,-0.020427,0.1256,-0.002900,-0.012790,1.8332,-0.00017,-0.20398,-0.25113,0.48039,-0.23167,0.20673,0.00705,-0.20211,-0.25479,0.48999,-0.23765,0.20429,0.01161,-0.00001,-0.00166,0.00154,0.00670,3.52945,0.17616,-1.30861,0.02340,0.07045,-0.00427,-0.51343,-0.12730,0.05030,0.01122,0.02451,0.00913,0.00060,-0.00083,0.00024,6.000,6.000,12.000,12.000,6.000,6.000,6.000,6.000,12.000,12.000,6.000,6.000,6.000,6.000,6.000,6.000,0.004196,0.048696,0.004200,0.048093,0.004200,0.045366,0.004190,0.047176,0.000000,0.000603,0.000000,0.000000,0.974446,0.003727,0.000000,0.000000,0.000000,0.206346,0.203807
1.8300,0.00011,0.06096,0.48138,1.00000,-0.00090,0.00119,-0.00145,0.00421,0.04491,0.31548,0.31446,0.00237,0.04817,2,0.03499,0.00237,0.034692,-0.00003,-0.3289,-0.0002,0.0005,-0.0754,-0.3156,0.4393,-0.4846,0,0.04900,0.01900,0.0137,0.3415,0.004277,0.049015,0.0720,-0.4306,62.8331,0.0281,-0.5198,63.2449,-0.0687,-0.0694,0.1148,-0.0316,0.3721,1.8233,-0.000050,-0.000707,62.8335,0.000064,-0.000678,63.2449,-0.050678,-0.020677,0.1148,-0.002618,-0.012747,1.8233,-0.00014,-0.20443,-0.25054,0.47924,-0.23112,0.20711,0.00709,-0.20257,-0.25419,0.48881,-0.23707,0.20476,0.01168,-0.00001,-0.00167,0.00155,0.00828,3.53365,0.17323,-1.30745,0.02222,0.06309,-0.00529,-0.51702,-0.12459,0.05201,0.01231,0.02400,0.00913,0.00060,-0.00079,0.00024,6.000,6.000,12.000,12.000,6.000,6.000,6.000,6.000,12.000,12.000,6.000,6.000,6.000,6.000,6.000,6.000,0.004196,0.048782,0.004200,0.048169,0.004200,0.045491,0.004190,0.047331,0.000000,0.000613,0.000000,0.000000,0.976006,0.003399,0.000000,0.000000,0.000000,0.206731,0.204286
1.8350,0.00012,0.06110,0.48138,1.00000,-0.00090,0.00119,-0.00147,0.00420,0.04502,0.31548,0.31446,0.00237,0.04824,2,0.03499,0.00237,0.034692,-0.00002,-0.3284,-0.0002,0.0004,-0.0769,-0.3157,0.4377,-0.4842,0,0.04900,0.01900,0.0140,0.3477,0.004271,0.049139,0.0659,-0.4464,62.8422,0.0216,-0.5306,63.2549,-0.0629,-0.0636,0.1051,-0.0259,0.3775,1.8142,-0.000060,-0.000581,62.8426,0.000058,-0.000555,63.2549,-0.050695,-0.020693,0.1051,-0.002339,-0.012712,1.8142,-0.00011,-0.20488,-0.24994,0.47810,-0.23058,0.20749,0.00712,-0.20304,-0.25359,0.48762,-0.23649,0.20523,0.01174,-0.00001,-0.00169,0.00156,0.00976,3.53783,0.17028,-1.30639,0.02090,0.05584,-0.00630,-0.52047,-0.12195,0.05364,0.01338,0.02346,0.00912,0.00060,-0.00077,0.00024,6.000,6.000,12.000,12.000,6.000,6.000,6.000,6.000,12.000,12.000,6.000,6.000,6.000,6.000,6.000,6.000,0.004197,0.048867,0.004200,0.048243,0.004200,0.045615,0.004191,0.047486,0.000000,0.000624,0.000000,0.000000,0.977572,0.003084,0.000000,0.000000,0.000000,0.207113,0.204761
1.8400,0.00013,0.06125,0.48138,1.00000,-0.00091,0.00119,-0.00148,0.00420,0.04513,0.31548,0.31446,0.00237,0.04832,2,0.03499,0.00237,0.034692,-0.00002,-0.3280,-0.0002,0.0004,-0.0784,-0.3162,0.4371,-0.4844,0,0.04900,0.01900,0.0143,0.3540,0.004261,0.049262,0.0598,-0.4625,62.8489,0.0157,-0.5413,63.2644,-0.0569,-0.0574,0.0949,-0.0198,0.3831,1.8062,-0.000065,-0.000450,62.8493,0.000048,-0.000433,63.2644,-0.050805,-0.020803,0.0949,-0.002051,-0.012615,1.8062,-0.00008,-0.20533,-0.24935,0.47696,-0.23003,0.20786,0.00714,-0.20350,-0.25299,0.48644,-0.23591,0.20570,0.01180,-0.00001,-0.00171,0.00156,0.01129,3.54167,0.16762,-1.30497,0.01988,0.04834,-0.00725,-0.52384,-0.11945,0.05524,0.01439,0.02298,0.00912,0.00060,-0.00071,0.00024,6.000,6.000,12.000,12.000,6.000,6.000,6.000,6.000,12.000,12.000,6.000,6.000,6.000,6.000,6.000,6.000,0.004197,0.048950,0.004200,0.048316,0.004200,0.045739,0.004191,0.047642,0.000000,0.000634,0.000000,0.000000,0.979134,0.002782,0.000000,0.000000,0.000000,0.207490,0.205233
1.8450,0.00014,0.06139,0.48138,1.00000,-0.00091,0.00119,-0.00150,0.00420,0.04523,0.31549,0.31446,0.00238,0.04839,2,0.03499,0.00238,0.034691,-0.00002,-0.3275,-0.0002,0.0004,-0.0800,-0.3165,0.4360,-0.4843,0,0.04900,0.01900,0.0145,0.3602,0.004256,0.049389,0.0542,-0.4783,62.8561,0.0097,-0.5519,63.2729,-0.0514,-0.0519,0.0857,-0.0143,0.3881,1.7973,-0.000071,-0.000320,62.8564,0.000043,-0.000308,63.2729,-0.051171,-0.021169,0.0857,-0.001781,-0.012572,1.7973,-0.00005,-0.20577,-0.24875,0.47582,-0.22949,0.20823,0.00716,-0.20396,-0.25239,0.48526,-0.23532,0.20617,0.01186,-0.00001,-0.00172,0.00157,0.01268,3.54539,0.16500,-1.30356,0.01881,0.04086,-0.00813,-0.52703,-0.11707,0.05671,0.01532,0.02251,0.00910,0.00060,-0.00067,0.00024,6.000,6.000,12.000,12.000,6.000,6.000,6.000,6.000,12.000,12.000,6.000,6.000,6.000,6.000,6.000,6.000,0.004197,0.049031,0.004200,0.048387,0.004200,0.045863,0.004191,0.047798,0.000000,0.000645,0.000000,0.000000,0.980701,0.002493,0.000000,0.000000,0.000000,0.207863,0.205702
1.8500,0.00015,0.06153,0.48138,1.00000,-0.00092,0.00119,-0.00151,0.00420,0.04534,0.31549,0.31446,0.00238,0.04846,2,0.03499,0.00238,0.034691,-0.00002,-0.3271,-0.0002,0.0004,-0.0815,-0.3170,0.4352,-0.4844,0,0.04900,0.01900,0.0148,0.3663,0.004250,0.049515,0.0487,-0.4943,62.8618,0.0042,-0.5624,63.2811,-0.0459,-0.0463,0.0765,-0.0087,0.3932,1.7898,-0.000075,-0.000187,62.8621,0.000036,-0.000183,63.2811,-0.051141,-0.021141,0.0765,-0.001523,-0.012504,1.7898,-0.00002,-0.20620,-0.24816,0.47468,-0.22894,0.20860,0.00718,-0.20442,-0.25179,0.48408,-0.23475,0.20663,0.01192,-0.00001,-0.00174,0.00158,0.01409,3.54886,0.16256,-1.30195,0.01787,0.03323,-0.00900,-0.53013,-0.11478,0.05817,0.01624,0.02205,0.00909,0.00060,-0.00061,0.00024,6.000,6.000,12.000,12.000,6.000,6.000,6.000,6.000,12.000,12.000,6.000,6.000,6.000,6.000,6.000,6.000,0.004197,0.049112,0.004200,0.048456,0.004200,0.045988,0.004191,0.047953,0.000000,0.000655,0.000000,0.000000,0.982268,0.002217,0.000000,0.000000,0.000000,0.208232,0.206168
1.8550,0.00016,0.06167,0.48138,1.00000,-0.00092,0.00119,-0.00152,0.00420,0.04544,0.31549,0.31446,0.00238,0.04852,2,0.03499,0.00238,0.034691,-0.00002,-0.3267,-0.0002,0.0004,-0.0831,-0.3175,0.4343,-0.4845,0,0.04900,0.01900,0.0151,0.3723,0.004246,0.049644,0.0435,-0.5100,62.8674,-0.0011,-0.5727,63.2886,-0.0407,-0.0411,0.0679,-0.0034,0.3979,1.7818,-0.000080,-0.000054,62.8676,0.000032,-0.000056,63.2886,-0.051408,-0.021405,0.0679,-0.001261,-0.012445,1.7818,-0.00000,-0.20664,-0.24757,0.47354,-0.22840,0.20896,0.00719,-0.20487,-0.25119,0.48291,-0.23417,0.20709,0.01198,-0.00001,-0.00175,0.00158,0.01540,3.55214,0.16023,-1.30025,0.01698,0.02555,-0.00980,-0.53306,-0.11265,0.05952,0.01707,0.02162,0.00908,0.00060,-0.00055,0.00024,6.000,6.000,12.000,12.000,6.000,6.000,6.000,6.000,12.000,12.000,6.000,6.000,6.000,6.000,6.000,6.000,0.004197,0.049190,0.004200,0.048525,0.004200,0.046112,0.004191,0.048109,0.000000,0.000666,0.000000,0.000000,0.983837,0.001953,0.000000,0.000000,0.000000,0.208596,0.206631
1.8600,0.00017,0.06181,0.48138,1.00000,-0.00093,0.00119,-0.00153,0.00420,0.04555,0.31549,0.31446,0.00238,0.04859,2,0.03499,0.00238,0.034691,-0.00002,-0.3263,-0.0002,0.0004,-0.0848,-0.3178,0.4328,-0.4844,0,0.04900,0.01900,0.0154,0.3777,0.004242,0.049773,0.0388,-0.5255,62.8732,-0.0061,-0.5828,63.2960,-0.0361,-0.0365,0.0602,0.0012,0.4020,1.7744,-0.000086,0.000078,62.8734,0.000027,0.000072,63.2960,-0.051410,-0.021407,0.0602,-0.001024,-0.012407,1.7744,0.00002,-0.20707,-0.24698,0.47241,-0.22786,0.20931,0.00720,-0.20532,-0.25059,0.48173,-0.23360,0.20755,0.01204,-0.00001,-0.00177,0.00159,0.01660,3.55534,0.15793,-1.29859,0.01600,0.01791,-0.01056,-0.53586,-0.11059,0.06078,0.01788,0.02117,0.00907,0.00060,-0.00051,0.00024,6.000,6.000,12.000,12.000,6.000,6.000,6.000,6.000,12.000,12.000,6.000,6.000,6.000,6.000,6.000,6.000,0.004197,0.049268,0.004200,0.048591,0.004200,0.046236,0.004191,0.048266,0.000000,0.000676,0.000000,0.000000,0.985409,0.001702,0.000000,0.000000,0.000000,0.208957,0.207091
1.8650,0.00018,0.06195,0.48138,1.00000,-0.00093,0.00119,-0.00154,0.00420,0.04565,0.31549,0.31446,0.00238,0.04866,2,0.03499,0.00238,0.034691,-0.00002,-0.3259,-0.0002,0.0004,-0.0864,-0.3183,0.4317,-0.4845,0,0.04900,0.01900,0.0156,0.3829,0.004236,0.049901,0.0341,-0.5411,62.8776,-0.0106,-0.5929,63.3030,-0.0315,-0.0318,0.0525,0.0058,0.4062,1.7682,-0.000089,0.000213,62.8778,0.000021,0.000199,63.3030,-0.051706,-0.021703,0.0525,-0.000781,-0.012325,1.7682,0.00004,-0.20750,-0.24640,0.47128,-0.22731,0.20966,0.00721,-0.20577,-0.25000,0.48056,-0.23302,0.20800,0.01210,-0.00001,-0.00178,0.00160,0.01779,3.55825,0.15585,-1.29668,0.01522,0.01009,-0.01127,-0.53853,-0.10867,0.06199,0.01861,0.02078,0.00906,0.00060,-0.00045,0.00024,6.000,6.000,12.000,12.000,6.000,6.000,6.000,6.000,12.000,12.000,6.000,6.000,6.000,6.000,6.000,6.000,0.004197,0.049343,0.004200,0.048656,0.004200,0.046361,0.004191,0.048422,0.000000,0.000687,0.000000,0.000000,0.986982,0.001465,0.000000,0.000000,0.000000,0.209313,0.207547
1.8700,0.00019,0.06209,0.48139,1.00000,-0.00093,0.00119,-0.00155,0.00420,0.04575,0.31549,0.31446,0.00238,0.04872,2,0.03499,0.00238,0.034691,-0.00002,-0.3255,-0.0002,0.0004,-0.0881,-0.3188,0.4305,-0.4846,0,0.04900,0.01900,0.0159,0.3881,0.004233,0.050033,0.0299,-0.5566,62.8817,-0.0150,-0.6028,63.3093,-0.0272,-0.0275,0.0452,0.0102,0.4100,1.7616,-0.000091,0.000350,62.8819,0.000018,0.000328,63.3093,-0.053566,-0.023561,0.0452,-0.000560,-0.012279,1.7616,0.00006,-0.20793,-0.24581,0.47015,-0.22677,0.21001,0.00721,-0.20621,-0.24940,0.47940,-0.23245,0.20845,0.01216,-0.00001,-0.00179,0.00160,0.01882,3.56092,0.15395,-1.29461,0.01455,0.00215,-0.01186,-0.54099,-0.10696,0.06303,0.01921,0.02046,0.00904,0.00060,-0.00039,0.00024,6.000,6.000,12.000,12.000,6.000,6.000,6.000,6.000,12.000,12.000,6.000,6.000,6.000,6.000,6.000,6.000,0.004197,0.049417,0.004200,0.048719,0.004200,0.046485,0.004191,0.048579,0.000000,0.000698,0.000000,0.000000,0.988557,0.001240,0.000000,0.000000,0.000000,0.209665,0.208000
1.8750,0.00020,0.06223,0.48139,1.00000,-0.00094,0.00119,-0.00155,0.00420,0.04586,0.31549,0.31446,0.00238,0.04878,2,0.03499,0.00238,0.034691,-0.00001,-0.3251,-0.0002,0.0004,-0.0898,-0.3192,0.4292,-0.4846,0,0.04900,0.01900,0.0161,0.3928,0.004231,0.050166,0.0259,-0.5720,62.8853,-0.0191,-0.6125,63.3153,-0.0232,-0.0234,0.0386,0.0142,0.4134,1.7553,-0.000096,0.000486,62.8854,0.000015,0.000460,63.3153,-0.051684,-0.021681,0.0386,-0.000385,-0.012268,1.7553,0.00007,-0.20835,-0.24523,0.46903,-0.22623,0.21035,0.00722,-0.20665,-0.24880,0.47823,-0.23189,0.20890,0.01222,-0.00001,-0.00180,0.00161,0.01994,3.56355,0.15196,-1.29265,0.01373,-0.00570,-0.01257,-0.54346,-0.10516,0.06418,0.01995,0.01999,0.00903,0.00060,-0.00034,0.00024,6.000,6.000,12.000,12.000,6.000,6.000,6.000,6.000,12.000,12.000,6.000,6.000,6.000,6.000,6.000,6.000,0.004196,0.049490,0.004200,0.048781,0.004200,0.046609,0.004190,0.048735,0.000000,0.000709,0.000000,0.000000,0.990134,0.001028,0.000000,0.000000,0.000000,0.210012,0.208450
1.8800,0.00021,0.06236,0.48139,1.00000,-0.00094,0.00119,-0.00156,0.00420,0.04596,0.31549,0.31446,0.00238,0.04884,2,0.03499,0.00238,0.034691,-0.00001,-0.3247,-0.0002,0.0004,-0.0916,-0.3195,0.4274,-0.4844,0,0.04900,0.01900,0.0164,0.3969,0.004227,0.050297,0.0223,-0.5872,62.8894,-0.0229,-0.6221,63.3211,-0.0197,-0.0199,0.0327,0.0175,0.4163,1.7500,-0.000099,0.000623,62.8895,0.000011,0.000590,63.3211,-0.054750,-0.024745,0.0328,-0.000140,-0.012184,1.7500,0.00009,-0.20877,-0.24465,0.46791,-0.22570,0.21069,0.00721,-0.20709,-0.24821,0.47707,-0.23132,0.20934,0.01228,-0.00001,-0.00182,0.00161,0.02076,3.56594,0.15023,-1.29050,0.01305,-0.01367,-0.01305,-0.54562,-0.10368,0.06503,0.02043,0.01969,0.00901,0.00060,-0.00030,0.00024,6.000,6.000,12.000,12.000,6.000,6.000,6.000,6.000,12.000,12.000,6.000,6.000,6.000,6.000,6.000,6.000,0.004197,0.049560,0.004200,0.048841,0.004200,0.046733,0.004191,0.048893,0.000000,0.000720,0.000000,0.000000,0.991716,0.000828,0.000000,0.000000,0.000000,0.210355,0.208897
1.8850,0.00023,0.06249,0.48139,1.00000,-0.00094,0.00119,-0.00156,0.00420,0.04606,0.31549,0.31446,0.00238,0.04890,2,0.03499,0.00238,0.034691,-0.00001,-0.3244,-0.0002,0.0004,-0.0934,-0.3200,0.4260,-0.4845,0,0.04900,0.01900,0.0166,0.4008,0.004223,0.050431,0.0188,-0.6025,62.8918,-0.0262,-0.6315,63.3266,-0.0162,-0.0164,0.0269,0.0209,0.4192,1.7456,-0.000101,0.000762,62.8918,0.000007,0.000722,63.3266,-0.053957,-0.023948,0.0270,0.000008,-0.012156,1.7456,0.00010,-0.20918,-0.24407,0.46679,-0.22516,0.21103,0.00721,-0.20752,-0.24762,0.47592,-0.23076,0.20978,0.01234,-0.00001,-0.00183,0.00162,0.02170,3.56814,0.14855,-1.28825,0.01242,-0.02172,-0.01361,-0.54779,-0.10217,0.06599,0.02100,0.01931,0.00900,0.00060,-0.00024,0.00024,6.000,6.000,12.000,12.000,6.000,6.000,6.000,6.000,12.000,12.000,6.000,6.000,6.000,6.000,6.000,6.000,0.004197,0.049629,0.004200,0.048899,0.004200,0.046858,0.004191,0.049050,0.000000,0.000731,0.000000,0.000000,0.993297,0.000642,0.000000,0.000000,0.000000,0.210693,0.209338
1.8900,0.00024,0.06263,0.48139,1.00000,-0.00095,0.00119,-0.00156,0.00420,0.04616,0.31549,0.31446,0.00239,0.04895,2,0.03499,0.00239,0.034691,-0.00001,-0.3240,-0.0002,0.0004,-0.0952,-0.3205,0.4245,-0.4846,0,0.04900,0.01900,0.0169,0.4046,0.004221,0.050565,0.0156,-0.6178,62.8938,-0.0294,-0.6410,63.3310,-0.0131,-0.0132,0.0216,0.0241,0.4219,1.7408,-0.000103,0.000902,62.8938,0.000004,0.000855,63.3310,-0.055317,-0.025300,0.0216,0.000212,-0.012088,1.7408,0.00011,-0.20959,-0.24349,0.46568,-0.22462,0.21135,0.00721,-0.20795,-0.24703,0.47477,-0.23020,0.21021,0.01240,-0.00001,-0.00184,0.00162,0.02251,3.57012,0.14704,-1.28586,0.01189,-0.02988,-0.01407,-0.54976,-0.10085,0.06681,0.02146,0.01899,0.00899,0.00060,-0.00018,0.00024,6.000,6.000,12.000,12.000,6.000,6.000,6.000,6.000,12.000,12.000,6.000,6.000,6.000,6.000,6.000,6.000,0.004196,0.049697,0.004200,0.048955,0.004200,0.046982,0.004190,0.049207,0.000000,0.000742,0.000000,0.000000,0.994881,0.000469,0.000000,0.000000,0.000000,0.211026,0.209776
1.8950,0.00025,0.06276,0.48139,1.00000,-0.00095,0.00120,-0.00157,0.00420,0.04625,0.31549,0.31446,0.00239,0.04901,2,0.03499,0.00239,0.034691,-0.00001,-0.3237,-0.0002,0.0004,-0.0970,-0.3210,0.4228,-0.4846,0,0.04900,0.01900,0.0171,0.4080,0.004220,0.050701,0.0128,-0.6330,62.8956,-0.0323,-0.6503,63.3352,-0.0102,-0.0103,0.0167,0.0270,0.4242,1.7364,-0.000103,0.001044,62.8956,0.000003,0.000989,63.3352,-0.062201,-0.032181,0.0167,0.000372,-0.012051,1.7364,0.00012,-0.21000,-0.24292,0.46457,-0.22409,0.21168,0.00720,-0.20838,-0.24644,0.47362,-0.22964,0.21064,0.01246,-0.00001,-0.00185,0.00163,0.02316,3.57186,0.14572,-1.28330,0.01148,-0.03816,-0.01441,-0.55152,-0.09973,0.06746,0.02177,0.01877,0.00898,0.00060,-0.00013,0.00024,6.000,6.000,12.000,12.000,6.000,6.000,6.000,6.000,12.000,12.000,6.000,6.000,6.000,6.000,6.000,6.000,0.004196,0.049762,0.004200,0.049009,0.004200,0.047106,0.004190,0.049365,0.000000,0.000753,0.000000,0.000000,0.996468,0.000309,0.000000,0.000000,0.000000,0.211354,0.210211
1.9000,0.00026,0.06289,0.48139,1.00000,-0.00095,0.00120,-0.00157,0.00420,0.04635,0.31549,0.31446,0.00239,0.04906,2,0.03499,0.00239,0.034690,-0.00001,-0.3234,-0.0002,0.0004,-0.0989,-0.3214,0.4211,-0.4846,0,0.04900,0.01900,0.0174,0.4110,0.004220,0.050839,0.0102,-0.6482,62.8967,-0.0349,-0.6595,63.3392,-0.0076,-0.0077,0.0125,0.0294,0.4261,1.7324,-0.000106,0.001185,62.8966,0.000002,0.001125,63.3392,-0.058217,-0.028204,0.0125,0.000478,-0.012058,1.7324,0.00013,-0.21040,-0.24235,0.46347,-0.22356,0.21200,0.00719,-0.20880,-0.24585,0.47248,-0.22909,0.21107,0.01252,-0.00001,-0.00186,0.00163,0.02390,3.57355,0.14431,-1.28086,0.01091,-0.04635,-0.01488,-0.55330,-0.09852,0.06824,0.02223,0.01838,0.00897,0.00060,-0.00007,0.00024,6.000,6.000,12.000,12.000,6.000,6.000,6.000,6.000,12.000,12.000,6.000,6.000,6.000,6.000,6.000,6.000,0.004196,0.049825,0.004200,0.049061,0.004200,0.047231,0.004190,0.049523,0.000000,0.000764,0.000000,0.000000,0.998057,0.000162,0.000000,0.000000,0.000000,0.211678,0.210642
1.9050,0.00027,0.06302,0.48139,1.00000,-0.00095,0.00120,-0.00157,0.00420,0.04645,0.31549,0.31446,0.00239,0.04911,2,0.03499,0.00239,0.034690,-0.00001,-0.3231,-0.0002,0.0004,-0.1009,-0.3219,0.4192,-0.4846,0,0.04900,0.01900,0.0176,0.4136,0.004217,0.050976,0.0079,-0.6633,62.8976,-0.0372,-0.6687,63.3425,-0.0053,-0.0054,0.0086,0.0317,0.4279,1.7293,-0.000106,0.001329,62.8974,-0.000001,0.001260,63.3425,-0.067175,-0.037162,0.0087,0.000671,-0.011967,1.7293,0.00014,-0.21080,-0.24179,0.46238,-0.22303,0.21231,0.00718,-0.20922,-0.24527,0.47135,-0.22854,0.21149,0.01257,-0.00001,-0.00187,0.00164,0.02444,3.57496,0.14317,-1.27817,0.01055,-0.05472,-0.01517,-0.55483,-0.09759,0.06879,0.02248,0.01814,0.00895,0.00060,-0.00002,0.00023,6.000,6.000,12.000,12.000,6.000,6.000,6.000,6.000,12.000,12.000,6.000,6.000,6.000,6.000,6.000,6.000,0.004196,0.049887,0.004200,0.049111,0.004200,0.047355,0.004190,0.049682,0.000000,0.000776,0.000000,0.000000,0.999649,0.000028,0.000000,0.000000,0.000000,0.211996,0.211069
1.9100,0.00028,0.06314,0.48139,1.00000,-0.00096,0.00120,-0.00157,0.00420,0.04654,0.31549,0.31446,0.00239,0.04916,2,0.03499,0.00239,0.034690,-0.00001,-0.3228,-0.0002,0.0004,-0.1028,-0.3223,0.4173,-0.4846,0,0.04900,0.01900,0.0179,0.4158,0.004217,0.051115,0.0078,-0.6765,62.8948,-0.0391,-0.6777,63.3457,-0.0052,-0.0052,0.0083,0.0336,0.4293,1.7263,-0.000104,0.001479,62.8946,-0.000001,0.001398,63.3457,-0.069781,-0.039730,0.0083,0.000775,-0.011954,1.7263,0.00015,-0.21119,-0.24122,0.46129,-0.22251,0.21262,0.00717,-0.20963,-0.24469,0.47022,-0.22799,0.21191,0.01263,-0.00001,-0.00188,0.00164,0.02447,3.57504,0.14284,-1.27482,0.01058,-0.06356,-0.01515,-0.55539,-0.09744,0.06874,0.02238,0.01801,0.00894,0.00060,0.00003,0.00023,6.000,6.000,12.000,12.000,6.000,6.000,6.000,6.000,12.000,12.000,6.000,6.000,6.000,6.000,6.000,6.000,0.004196,0.049946,0.004200,0.049159,0.004200,0.047479,0.004190,0.049840,0.000000,0.000787,0.000000,0.000000,1.000000,0.000000,0.000000,0.000000,0.000000,0.212309,0.211491
1.9150,0.00029,0.06327,0.48139,1.00000,-0.00096,0.00120,-0.00157,0.00420,0.04664,0.31550,0.31446,0.00239,0.04920,2,0.03499,0.00239,0.034690,-0.00000,-0.3225,-0.0002,0.0004,-0.1048,-0.3228,0.4152,-0.4845,0,0.04900,0.01900,0.0180,0.4150,0.004219,0.051261,0.0081,-0.6895,62.8910,-0.0390,-0.6846,63.3455,-0.0055,-0.0056,0.0090,0.0334,0.4286,1.7268,-0.000102,0.001630,62.8907,0.000001,0.001542,63.3455,-0.065640,-0.035619,0.0090,0.000791,-0.011942,1.7268,0.00016,-0.21158,-0.24066,0.46021,-0.22199,0.21292,0.00715,-0.21004,-0.24411,0.46910,-0.22745,0.21232,0.01269,-0.00001,-0.00189,0.00165,0.02437,3.57480,0.14269,-1.27132,0.01066,-0.07249,-0.01509,-0.55573,-0.09747,0.06857,0.02221,0.01787,0.00894,0.00060,0.00008,0.00023,6.000,6.000,12.000,12.000,6.000,6.000,6.000,6.000,12.000,12.000,6.000,6.000,6.000,6.000,6.000,6.000,0.004196,0.050003,0.004200,0.049205,0.004200,0.047603,0.004189,0.049999,0.000000,0.000799,0.000000,0.000000,1.000000,0.000000,0.000000,0.000000,0.000000,0.212617,0.211909
1.9200,0.00030,0.06339,0.48140,1.00000,-0.00096,0.00120,-0.00157,0.00420,0.04673,0.31550,0.31446,0.00239,0.04925,2,0.03499,0.00239,0.034690,-0.00000,-0.3222,-0.0002,0.0004,-0.1069,-0.3233,0.4130,-0.4845,0,0.04900,0.01900,0.0182,0.4134,0.004221,0.051407,0.0086,-0.7027,62.8872,-0.0382,-0.6913,63.3443,-0.0060,-0.0060,0.0097,0.0326,0.4274,1.7283,-0.000099,0.001781,62.8868,0.000003,0.001687,63.3443,-0.065292,-0.035282,0.0097,0.000801,-0.011914,1.7283,0.00016,-0.21197,-0.24011,0.45913,-0.22147,0.21321,0.00714,-0.21045,-0.24354,0.46799,-0.22691,0.21273,0.01274,-0.00001,-0.00189,0.00165,0.02422,3.57453,0.14259,-1.26779,0.01078,-0.08143,-0.01498,-0.55603,-0.09755,0.06838,0.02200,0.01777,0.00893,0.00061,0.00012,0.00022,6.000,6.000,12.000,12.000,6.000,6.000,6.000,6.000,12.000,12.000,6.000,6.000,6.000,6.000,6.000,6.000,0.004196,0.050059,0.004200,0.049248,0.004200,0.047728,0.004189,0.050158,0.000000,0.000810,0.000000,0.000000,1.000000,0.000000,0.000000,0.000000,0.000000,0.212918,0.212323
1.9250,0.00031,0.06352,0.48140,1.00000,-0.00096,0.00120,-0.00156,0.00420,0.04682,0.31550,0.31446,0.00239,0.04929,2,0.03499,0.00239,0.034690,-0.00000,-0.3220,-0.0002,0.0004,-0.1090,-0.3238,0.4108,-0.4844,0,0.04900,0.01900,0.0184,0.4118,0.004224,0.051554,0.0090,-0.7162,62.8833,-0.0375,-0.6982,63.3431,-0.0064,-0.0064,0.0104,0.0318,0.4261,1.7298,-0.000096,0.001933,62.8828,0.000005,0.001832,63.3431,-0.065251,-0.035215,0.0104,0.000794,-0.011903,1.7298,0.00017,-0.21235,-0.23956,0.45807,-0.22096,0.21350,0.00712,-0.21085,-0.24297,0.46688,-0.22637,0.21314,0.01280,-0.00001,-0.00190,0.00165,0.02406,3.57424,0.14250,-1.26425,0.01091,-0.09038,-0.01487,-0.55632,-0.09765,0.06819,0.02178,0.01766,0.00892,0.00061,0.00016,0.00022,6.000,6.000,12.000,12.000,6.000,6.000,6.000,6.000,12.000,12.000,6.000,6.000,6.000,6.000,6.000,6.000,0.004196,0.050112,0.004200,0.049290,0.004200,0.047852,0.004189,0.050318,0.000000,0.000822,0.000000,0.000000,1.000000,0.000000,0.000000,0.000000,0.000000,0.213214,0.212732
1.9300,0.00032,0.06364,0.48140,1.00000,-0.00096,0.00120,-0.00156,0.00420,0.04692,0.31550,0.31446,0.00239,0.04933,2,0.03499,0.00239,0.034690,0.00000,-0.3218,-0.0002,0.0004,-0.1111,-0.3243,0.4084,-0.4844,0,0.04900,0.01900,0.0186,0.4101,0.004227,0.051702,0.0094,-0.7300,62.8793,-0.0367,-0.7054,63.3418,-0.0068,-0.0069,0.0112,0.0310,0.4249,1.7313,-0.000093,0.002085,62.8788,0.000008,0.001977,63.3418,-0.063993,-0.033944,0.0112,0.000785,-0.011894,1.7313,0.00017,-0.21272,-0.23901,0.45701,-0.22044,0.21379,0.00711,-0.21124,-0.24240,0.46578,-0.22584,0.21353,0.01286,-0.00001,-0.00191,0.00166,0.02390,3.57393,0.14240,-1.26071,0.01103,-0.09934,-0.01477,-0.55660,-0.09776,0.06804,0.02156,0.01754,0.00892,0.00061,0.00020,0.00022,6.000,6.000,12.000,12.000,6.000,6.000,6.000,6.000,12.000,12.000,6.000,6.000,6.000,6.000,6.000,6.000,0.004196,0.050163,0.004200,0.049329,0.004200,0.047976,0.004189,0.050478,0.000000,0.000834,0.000000,0.000000,1.000000,0.000000,0.000000,0.000000,0.000000,0.213504,0.213135
1.9350,0.00033,0.06376,0.48140,1.00000,-0.00096,0.00120,-0.00156,0.00420,0.04701,0.31550,0.31446,0.00239,0.04937,2,0.03499,0.00239,0.034690,0.00000,-0.3215,-0.0002,0.0004,-0.1133,-0.3247,0.4060,-0.4843,0,0.04900,0.01900,0.0188,0.4085,0.004230,0.051849,0.0099,-0.7441,62.8754,-0.0359,-0.7128,63.3405,-0.0073,-0.0074,0.0119,0.0301,0.4236,1.7329,-0.000090,0.002239,62.8747,0.000010,0.002123,63.3405,-0.066325,-0.036320,0.0119,0.000782,-0.011878,1.7329,0.00017,-0.21309,-0.23847,0.45596,-0.21994,0.21406,0.00709,-0.21163,-0.24184,0.46469,-0.22532,0.21393,0.01291,-0.00001,-0.00191,0.00166,0.02369,3.57356,0.14237,-1.25712,0.01119,-0.10835,-0.01462,-0.55683,-0.09794,0.06785,0.02129,0.01745,0.00892,0.00061,0.00024,0.00021,6.000,6.000,12.000,12.000,6.000,6.000,6.000,6.000,12.000,12.000,6.000,6.000,6.000,6.000,6.000,6.000,0.004196,0.050211,0.004200,0.049365,0.004200,0.048101,0.004189,0.050638,0.000000,0.000846,0.000000,0.000000,1.000000,0.000000,0.000000,0.000000,0.000000,0.213787,0.213534
1.9400,0.00034,0.06388,0.48140,1.00000,-0.00097,0.00120,-0.00156,0.00420,0.04709,0.31550,0.31446,0.00239,0.04940,2,0.03499,0.00239,0.034690,0.00000,-0.3213,-0.0002,0.0004,-0.1156,-0.3252,0.4036,-0.4842,0,0.04900,0.01900,0.0190,0.4068,0.004234,0.051998,0.0104,-0.7585,62.8712,-0.0351,-0.7205,63.3393,-0.0078,-0.0079,0.0128,0.0293,0.4223,1.7344,-0.000087,0.002391,62.8704,0.000013,0.002270,63.3393,-0.061491,-0.031451,0.0128,0.000758,-0.011884,1.7344,0.00017,-0.21346,-0.23793,0.45492,-0.21943,0.21434,0.00707,-0.21202,-0.24128,0.46361,-0.22480,0.21432,0.01296,-0.00001,-0.00192,0.00166,0.02355,3.57323,0.14224,-1.25362,0.01126,-0.11731,-0.01454,-0.55712,-0.09803,0.06777,0.02109,0.01728,0.00892,0.00062,0.00028,0.00021,6.000,6.000,12.000,12.000,6.000,6.000,6.000,6.000,12.000,12.000,6.000,6.000,6.000,6.000,6.000,6.000,0.004196,0.050257,0.004200,0.049399,0.004200,0.048225,0.004189,0.050799,0.000000,0.000858,0.000000,0.000000,1.000000,0.000000,0.000000,0.000000,0.000000,0.214065,0.213927
1.9450,0.00035,0.06399,0.48140,1.00000,-0.00097,0.00120,-0.00155,0.00420,0.04718,0.31550,0.31446,0.00239,0.04943,2,0.03499,0.00239,0.034690,0.00001,-0.3211,-0.0002,0.0004,-0.1179,-0.3257,0.4010,-0.4841,0,0.04900,0.01900,0.0192,0.4052,0.004236,0.052146,0.0109,-0.7731,62.8670,-0.0343,-0.7285,63.3379,-0.0083,-0.0084,0.0136,0.0284,0.4210,1.7360,-0.000084,0.002545,62.8662,0.000015,0.002416,63.3379,-0.061228,-0.031196,0.0136,0.000778,-0.011845,1.7360,0.00018,-0.21382,-0.23740,0.45389,-0.21894,0.21460,0.00705,-0.21240,-0.24073,0.46255,-0.22428,0.21470,0.01302,-0.00001,-0.00192,0.00167,0.02335,3.57282,0.14219,-1.25005,0.01140,-0.12634,-0.01442,-0.55734,-0.09821,0.06765,0.02083,0.01716,0.00892,0.00062,0.00032,0.00020,6.000,6.000,12.000,12.000,6.000,6.000,6.000,6.000,12.000,12.000,6.000,6.000,6.000,6.000,6.000,6.000,0.004196,0.050301,0.004200,0.049431,0.004200,0.048349,0.004189,0.050960,0.000000,0.000870,0.000000,0.000000,1.000000,0.000000,0.000000,0.000000,0.000000,0.214335,0.214316
1.9500,0.00036,0.06411,0.48140,1.00000,-0.00097,0.00120,-0.00155,0.00420,0.04727,0.31550,0.31446,0.00240,0.04946,2,0.03499,0.00240,0.034690,0.00001,-0.3210,-0.0002,0.0004,-0.1202,-0.3262,0.3984,-0.4840,0,0.04900,0.01900,0.0194,0.4035,0.004240,0.052295,0.0114,-0.7881,62.8628,-0.0334,-0.7368,63.3366,-0.0088,-0.0089,0.0145,0.0275,0.4197,1.7376,-0.000080,0.002699,62.8619,0.000018,0.002564,63.3366,-0.061685,-0.031674,0.0145,0.000768,-0.011836,1.7376,0.00018,-0.21417,-0.23688,0.45287,-0.21844,0.21486,0.00703,-0.21278,-0.24019,0.46149,-0.22377,0.21508,0.01307,-0.00001,-0.00192,0.00167,0.02313,3.57237,0.14217,-1.24647,0.01155,-0.13539,-0.01427,-0.55753,-0.09842,0.06753,0.02055,0.01704,0.00891,0.00062,0.00036,0.00020,6.000,6.000,12.000,12.000,6.000,6.000,6.000,6.000,12.000,12.000,6.000,6.000,6.000,6.000,6.000,6.000,0.004196,0.050342,0.004200,0.049460,0.004200,0.048474,0.004189,0.051121,0.000000,0.000883,0.000000,0.000000,1.000000,0.000000,0.000000,0.000000,0.000000,0.214600,0.214698
1.9550,0.00037,0.06422,0.48140,1.00000,-0.00097,0.00120,-0.00154,0.00420,0.04735,0.31550,0.31446,0.00240,0.04949,2,0.03499,0.00240,0.034690,0.00001,-0.3208,-0.0002,0.0004,-0.1226,-0.3268,0.3958,-0.4839,0,0.04900,0.01900,0.0196,0.4018,0.004243,0.052445,0.0119,-0.8034,62.8585,-0.0325,-0.7453,63.3354,-0.0094,-0.0095,0.0154,0.0265,0.4184,1.7392,-0.000077,0.002854,62.8575,0.000022,0.002712,63.3354,-0.060684,-0.030669,0.0154,0.000753,-0.011832,1.7392,0.00017,-0.21452,-0.23636,0.45186,-0.21796,0.21511,0.00701,-0.21315,-0.23964,0.46044,-0.22326,0.21545,0.01312,-0.00001,-0.00193,0.00167,0.02293,3.57190,0.14213,-1.24290,0.01169,-0.14446,-0.01414,-0.55772,-0.09864,0.06745,0.02027,0.01690,0.00891,0.00062,0.00040,0.00019,6.000,6.000,12.000,12.000,6.000,6.000,6.000,6.000,12.000,12.000,6.000,6.000,6.000,6.000,6.000,6.000,0.004196,0.050381,0.004200,0.049486,0.004200,0.048598,0.004189,0.051283,0.000000,0.000895,0.000000,0.000000,1.000000,0.000000,0.000000,0.000000,0.000000,0.214858,0.215075
1.9600,0.00037,0.06433,0.48140,1.00000,-0.00097,0.00120,-0.00154,0.00420,0.04744,0.31550,0.31446,0.00240,0.04951,2,0.03499,0.00240,0.034690,0.00001,-0.3206,-0.0002,0.0004,-0.1250,-0.3273,0.3930,-0.4838,0,0.04900,0.01900,0.0199,0.4001,0.004247,0.052595,0.0124,-0.8190,62.8541,-0.0316,-0.7540,63.3340,-0.0100,-0.0101,0.0164,0.0256,0.4170,1.7408,-0.000074,0.003009,62.8529,0.000025,0.002860,63.3340,-0.057315,-0.027296,0.0164,0.000748,-0.011817,1.7408,0.00017,-0.21486,-0.23584,0.45087,-0.21747,0.21535,0.00699,-0.21351,-0.23911,0.45940,-0.22276,0.21581,0.01317,-0.00001,-0.00193,0.00167,0.02275,3.57143,0.14206,-1.23938,0.01178,-0.15352,-0.01404,-0.55793,-0.09883,0.06743,0.02003,0.01672,0.00891,0.00063,0.00043,0.00019,6.000,6.000,12.000,12.000,6.000,6.000,6.000,6.000,12.000,12.000,6.000,6.000,6.000,6.000,6.000,6.000,0.004196,0.050417,0.004200,0.049509,0.004200,0.048722,0.004189,0.051445,0.000000,0.000908,0.000000,0.000000,1.000000,0.000000,0.000000,0.000000,0.000000,0.215109,0.215446
1.9650,0.00038,0.06444,0.48141,1.00000,-0.00097,0.00120,-0.00153,0.00420,0.04752,0.31550,0.31446,0.00240,0.04953,2,0.03499,0.00240,0.034690,0.00001,-0.3205,-0.0002,0.0004,-0.1275,-0.3278,0.3903,-0.4837,0,0.04900,0.01900,0.0201,0.3983,0.004250,0.052745,0.0130,-0.8349,62.8497,-0.0307,-0.7631,63.3326,-0.0106,-0.0107,0.0174,0.0246,0.4157,1.7425,-0.000070,0.003165,62.8484,0.000028,0.003008,63.3326,-0.057790,-0.027779,0.0174,0.000764,-0.011782,1.7425,0.00017,-0.21520,-0.23533,0.44988,-0.21700,0.21559,0.00697,-0.21387,-0.23858,0.45838,-0.22227,0.21617,0.01323,-0.00001,-0.00193,0.00168,0.02251,3.57087,0.14207,-1.23578,0.01194,-0.16265,-0.01389,-0.55806,-0.09911,0.06736,0.01971,0.01659,0.00891,0.00063,0.00047,0.00018,6.000,6.000,12.000,12.000,6.000,6.000,6.000,6.000,12.000,12.000,6.000,6.000,6.000,6.000,6.000,6.000,0.004196,0.050450,0.004200,0.049530,0.004200,0.048846,0.004189,0.051607,0.000000,0.000920,0.000000,0.000000,1.000000,0.000000,0.000000,0.000000,0.000000,0.215354,0.215812
1.9700,0.00039,0.06455,0.48141,1.00000,-0.00097,0.00120,-0.00153,0.00420,0.04760,0.31551,0.31446,0.00240,0.04955,2,0.03499,0.00240,0.034690,0.00001,-0.3203,-0.0002,0.0004,-0.1301,-0.3283,0.3874,-0.4835,0,0.04900,0.01900,0.0203,0.3966,0.004254,0.052897,0.0136,-0.8511,62.8452,-0.0297,-0.7725,63.3313,-0.0112,-0.0113,0.0185,0.0236,0.4143,1.7441,-0.000066,0.003321,62.8438,0.000031,0.003158,63.3313,-0.056679,-0.026659,0.0185,0.000747,-0.011779,1.7441,0.00017,-0.21553,-0.23483,0.44891,-0.21653,0.21582,0.00695,-0.21422,-0.23806,0.45737,-0.22178,0.21652,0.01328,-0.00001,-0.00193,0.00168,0.02228,3.57029,0.14206,-1.23221,0.01208,-0.17178,-0.01375,-0.55819,-0.09939,0.06733,0.01940,0.01643,0.00891,0.00063,0.00051,0.00018,6.000,6.000,12.000,12.000,6.000,6.000,6.000,6.000,12.000,12.000,6.000,6.000,6.000,6.000,6.000,6.000,0.004196,0.050480,0.004200,0.049547,0.004200,0.048971,0.004189,0.051770,0.000000,0.000933,0.000000,0.000000,1.000000,0.000000,0.000000,0.000000,0.000000,0.215592,0.216170
1.9750,0.00040,0.06465,0.48141,1.00000,-0.00097,0.00120,-0.00152,0.00420,0.04768,0.31551,0.31446,0.00240,0.04956,2,0.03499,0.00240,0.034691,0.00001,-0.3202,-0.0002,0.0004,-0.1327,-0.3288,0.3845,-0.4833,0,0.04900,0.01900,0.0206,0.3948,0.004258,0.053048,0.0142,-0.8677,62.8406,-0.0287,-0.7822,63.3300,-0.0118,-0.0119,0.0195,0.0226,0.4129,1.7458,-0.000061,0.003479,62.8391,0.000035,0.003307,63.3300,-0.057725,-0.027696,0.0195,0.000743,-0.011762,1.7458,0.00016,-0.21585,-0.23434,0.44795,-0.21606,0.21605,0.00693,-0.21457,-0.23754,0.45637,-0.22130,0.21687,0.01333,-0.00001,-0.00193,0.00168,0.02201,3.56964,0.14211,-1.22860,0.01226,-0.18097,-0.01357,-0.55826,-0.09973,0.06728,0.01904,0.01631,0.00891,0.00063,0.00054,0.00017,6.000,6.000,12.000,12.000,6.000,6.000,6.000,6.000,12.000,12.000,6.000,6.000,6.000,6.000,6.000,6.000,0.004196,0.050508,0.004200,0.049562,0.004200,0.049095,0.004189,0.051933,0.000000,0.000946,0.000000,0.000000,1.000000,0.000000,0.000000,0.000000,0.000000,0.215823,0.216523
1.9800,0.00041,0.06475,0.48141,1.00000,-0.00097,0.00120,-0.00152,0.00420,0.04776,0.31551,0.31446,0.00240,0.04957,2,0.03499,0.00240,0.034691,0.00002,-0.3201,-0.0002,0.0004,-0.1353,-0.3294,0.3815,-0.4832,0,0.04900,0.01900,0.0209,0.3930,0.004263,0.053201,0.0149,-0.8847,62.8360,-0.0277,-0.7921,63.3287,-0.0125,-0.0126,0.0206,0.0215,0.4114,1.7474,-0.000057,0.003636,62.8343,0.000039,0.003458,63.3287,-0.056885,-0.026858,0.0206,0.000718,-0.011766,1.7474,0.00016,-0.21617,-0.23385,0.44701,-0.21560,0.21626,0.00690,-0.21491,-0.23703,0.45539,-0.22082,0.21721,0.01337,-0.00001,-0.00193,0.00168,0.02176,3.56898,0.14213,-1.22502,0.01241,-0.19016,-0.01342,-0.55833,-0.10007,0.06729,0.01870,0.01614,0.00891,0.00064,0.00058,0.00017,6.000,6.000,12.000,12.000,6.000,6.000,6.000,6.000,12.000,12.000,6.000,6.000,6.000,6.000,6.000,6.000,0.004196,0.050532,0.004200,0.049573,0.004200,0.049219,0.004189,0.052096,0.000000,0.000959,0.000000,0.000000,1.000000,0.000000,0.000000,0.000000,0.000000,0.216047,0.216869
1.9850,0.00042,0.06485,0.48141,1.00000,-0.00097,0.00120,-0.00151,0.00420,0.04783,0.31551,0.31446,0.00240,0.04958,2,0.03499,0.00240,0.034691,0.00002,-0.3200,-0.0002,0.0004,-0.1380,-0.3299,0.3784,-0.4830,0,0.04900,0.01900,0.0211,0.3912,0.004267,0.053354,0.0155,-0.9019,62.8312,-0.0266,-0.8024,63.3274,-0.0132,-0.0133,0.0219,0.0204,0.4099,1.7491,-0.000053,0.003794,62.8294,0.000043,0.003609,63.3274,-0.054627,-0.024604,0.0219,0.000711,-0.011752,1.7491,0.00016,-0.21648,-0.23337,0.44608,-0.21515,0.21647,0.00688,-0.21524,-0.23653,0.45442,-0.22036,0.21754,0.01342,-0.00001,-0.00193,0.00168,0.02154,3.56830,0.14213,-1.22148,0.01252,-0.19934,-0.01329,-0.55841,-0.10040,0.06735,0.01838,0.01594,0.00891,0.00064,0.00061,0.00016,6.000,6.000,12.000,12.000,6.000,6.000,6.000,6.000,12.000,12.000,6.000,6.000,6.000,6.000,6.000,6.000,0.004196,0.050554,0.004200,0.049582,0.004200,0.049344,0.004189,0.052259,0.000000,0.000972,0.000000,0.000000,1.000000,0.000000,0.000000,0.000000,0.000000,0.216263,0.217208
1.9900,0.00043,0.06495,0.48141,1.00000,-0.00097,0.00120,-0.00151,0.00420,0.04791,0.31551,0.31446,0.00240,0.04959,2,0.03499,0.00240,0.034691,0.00002,-0.3199,-0.0002,0.0003,-0.1408,-0.3304,0.3752,-0.4828,0,0.04900,0.01900,0.0214,0.3894,0.004271,0.053507,0.0162,-0.9196,62.8263,-0.0256,-0.8130,63.3259,-0.0139,-0.0140,0.0232,0.0193,0.4085,1.7508,-0.000049,0.003952,62.8244,0.000047,0.003760,63.3259,-0.051833,-0.021825,0.0232,0.000720,-0.011721,1.7508,0.00015,-0.21679,-0.23290,0.44517,-0.21471,0.21667,0.00686,-0.21557,-0.23604,0.45347,-0.21990,0.21787,0.01347,-0.00001,-0.00193,0.00168,0.02132,3.56759,0.14211,-1.21795,0.01262,-0.20854,-0.01317,-0.55848,-0.10073,0.06745,0.01806,0.01572,0.00891,0.00064,0.00065,0.00016,6.000,6.000,12.000,12.000,6.000,6.000,6.000,6.000,12.000,12.000,6.000,6.000,6.000,6.000,6.000,6.000,0.004196,0.050572,0.004200,0.049587,0.004200,0.049468,0.004189,0.052423,0.000000,0.000985,0.000000,0.000000,1.000000,0.000000,0.000000,0.000000,0.000000,0.216472,0.217541
1.9950,0.00044,0.06505,0.48141,1.00000,-0.00097,0.00120,-0.00150,0.00420,0.04798,0.31551,0.31446,0.00240,0.04959,2,0.03499,0.00240,0.034691,0.00002,-0.3198,-0.0002,0.0003,-0.1437,-0.3310,0.3720,-0.4826,0,0.04900,0.01900,0.0217,0.3875,0.004275,0.053660,0.0169,-0.9376,62.8216,-0.0245,-0.8239,63.3245,-0.0147,-0.0148,0.0243,0.0182,0.4070,1.7526,-0.000043,0.004112,62.8196,0.000050,0.003911,63.3245,-0.055740,-0.025722,0.0243,0.000737,-0.011682,1.7526,0.00014,-0.21709,-0.23244,0.44427,-0.21428,0.21687,0.00684,-0.21589,-0.23555,0.45253,-0.21945,0.21818,0.01352,-0.00001,-0.00193,0.00168,0.02094,3.56672,0.14230,-1.21426,0.01290,-0.21788,-0.01291,-0.55839,-0.10127,0.06740,0.01756,0.01565,0.00891,0.00065,0.00069,0.00015,6.000,6.000,12.000,12.000,6.000,6.000,6.000,6.000,12.000,12.000,6.000,6.000,6.000,6.000,6.000,6.000,0.004196,0.050587,0.004200,0.049588,0.004200,0.049592,0.004189,0.052588,0.000000,0.000998,0.000000,0.000000,1.000000,0.000000,0.000000,0.000000,0.000000,0.216674,0.217866
2.0000,0.00044,0.06514,0.48141,1.00000,-0.00096,0.00120,-0.00150,0.00420,0.04805,0.31551,0.31446,0.00240,0.04959,1,0.03499,0.00240,0.034691,-0.00005,-0.3197,-0.0002,0.0003,-0.1465,-0.3315,0.3687,-0.4823,0,0.04900,0.01900,0.0220,0.3856,0.004281,0.053815,0.0022,-0.9716,62.8423,-0.0233,-0.8351,63.3233,0.0000,0.0000,0.0000,0.0169,0.4054,1.7541,0.001947,0.003737,62.8400,0.000056,0.004064,63.3233,0.000000,0.000000,0.0000,0.000673,-0.011724,1.7541,0.00015,-0.21739,-0.23204,0.44350,-0.21389,0.21707,0.00681,-0.21621,-0.23519,0.45185,-0.21913,0.21844,0.01354,-0.00001,-0.00193,0.00168,0.02802,3.60618,0.25006,-1.09036,0.13182,-0.19310,0.00112,-0.57859,-0.14196,0.11081,0.00521,-0.00508,0.00089,-0.00056,0.01178,0.00103,6.000,6.000,12.000,12.000,6.000,6.000,6.000,6.000,12.000,12.000,6.000,6.000,6.000,6.000,6.000,6.000,0.004196,0.050598,0.004200,0.049587,0.004200,0.049716,0.004189,0.052752,0.000000,0.001012,1.000000,0.000000,1.000000,0.000000,0.004182,-0.049751,0.034992,0.216868,0.218184
2.0050,0.00044,0.06523,0.48140,1.00000,-0.00094,0.00119,-0.00149,0.00420,0.04812,0.31551,0.31446,0.00239,0.04958,1,0.03500,0.00239,0.034690,-0.00011,-0.3134,-0.0002,0.0000,-0.1427,-0.2665,0.2089,-0.3689,0,0.04900,0.01900,0.0203,0.7252,0.006245,0.053386,0.0002,-0.9459,63.2733,-0.0130,-0.7778,63.7752,0.0000,0.0000,0.0000,0.0083,0.1422,0.3274,0.003431,0.003112,63.2711,0.002022,0.003637,63.7752,0.000000,0.000000,0.0000,-0.002487,0.019000,0.3274,0.00013,-0.21772,-0.23172,0.44291,-0.21356,0.21731,0.00680,-0.21656,-0.23506,0.45168,-0.21902,0.21853,0.01355,-0.00000,-0.00191,0.00168,-0.07402,3.66800,0.36945,-0.97755,0.24339,-0.15541,0.02092,-0.59480,-0.20376,0.12921,0.00154,-0.00748,0.01881,0.00155,0.00635,0.00059,6.000,6.000,12.000,12.000,6.000,6.000,6.000,6.000,12.000,12.000,6.000,6.000,6.000,6.000,6.000,6.000,0.004199,0.050576,0.004200,0.049583,0.004200,0.049716,0.004199,0.052697,0.000000,0.000994,1.000000,1.000000,1.000000,0.000000,0.004182,-0.049751,0.035016,0.217071,0.218442
2.0100,0.00044,0.06531,0.48139,1.00000,-0.00092,0.00117,-0.00144,0.00420,0.04819,0.31551,0.31446,0.00237,0.04958,1,0.03502,0.00237,0.034690,-0.00015,-0.3078,-0.0002,-0.0004,-0.1378,-0.2131,0.0539,-0.2320,0,0.04900,0.01900,0.0201,1.1669,0.007665,0.052797,-0.0027,-0.9133,63.6276,0.0118,-0.7731,64.1946,0.0000,0.0000,0.0000,0.0000,0.0910,0.1300,0.004731,0.002630,63.6253,0.003443,0.003051,64.1946,0.000000,0.000000,0.0000,0.049000,0.019000,0.1300,0.00001,-0.21806,-0.23153,0.44250,-0.21326,0.21758,0.00686,-0.21693,-0.23529,0.45228,-0.21915,0.21838,0.01353,0.00000,-0.00187,0.00168,-0.17749,3.71700,0.47672,-0.87393,0.34492,-0.12598,0.04005,-0.60607,-0.26206,0.15593,-0.00236,-0.01439,0.03699,0.00371,-0.00007,0.00004,6.000,6.000,12.000,12.000,6.000,6.000,6.000,6.000,12.000,12.000,6.000,6.000,6.000,6.000,6.000,6.000,0.004204,0.050542,0.004200,0.049579,0.004200,0.049716,0.004213,0.052606,0.000000,0.000963,1.000000,1.000000,1.000000,0.000000,0.004182,-0.049751,0.035089,0.217305,0.218531
2.0150,0.00043,0.06539,0.48137,1.00000,-0.00089,0.00114,-0.00133,0.00420,0.04825,0.31550,0.31446,0.00233,0.04958,1,0.03506,0.00233,0.034689,-0.00017,-0.3035,-0.0002,-0.0011,-0.1327,-0.1791,-0.0634,-0.0846,0,0.04900,0.01900,0.0199,0.9139,0.008916,0.052344,-0.0073,-0.8800,63.8531,0.0282,-0.7682,64.5009,0.0000,0.0000,0.0000,0.0282,0.0794,0.1536,0.005889,0.002265,63.8509,0.004695,0.002599,64.5009,0.000000,0.000000,0.0000,0.049000,0.019000,0.1536,-0.00030,-0.21842,-0.23149,0.44228,-0.21297,0.21790,0.00699,-0.21732,-0.23599,0.45388,-0.21950,0.21800,0.01351,0.00001,-0.00180,0.00168,-0.27792,3.75224,0.57187,-0.77755,0.43722,-0.10351,0.05865,-0.61472,-0.31731,0.19088,-0.00645,-0.02046,0.05475,0.00583,-0.00683,-0.00052,6.000,6.000,12.000,12.000,6.000,6.000,6.000,6.000,12.000,12.000,6.000,6.000,6.000,6.000,6.000,6.000,0.004211,0.050506,0.004200,0.049575,0.004200,0.049716,0.004235,0.052509,0.000000,0.000931,1.000000,1.000000,1.000000,0.000000,0.004182,-0.049751,0.035211,0.217582,0.218380
2.0200,0.00040,0.06546,0.48135,1.00000,-0.00085,0.00110,-0.00112,0.00420,0.04832,0.31549,0.31446,0.00228,0.04957,1,0.03512,0.00228,0.034688,-0.00018,-0.3002,-0.0002,-0.0025,-0.1273,-0.1582,-0.1589,0.0764,0,0.04900,0.01900,0.0195,0.8710,0.010039,0.051996,-0.0165,-0.8440,63.9915,0.0381,-0.7547,64.6985,0.0000,0.0000,0.0000,0.0828,0.0409,0.1767,0.006828,0.002003,63.9894,0.005818,0.002253,64.6985,0.000000,0.000000,0.0000,0.049000,0.019000,0.1767,-0.00084,-0.21878,-0.23162,0.44227,-0.21268,0.21825,0.00721,-0.21776,-0.23726,0.45671,-0.22005,0.21738,0.01348,0.00003,-0.00169,0.00169,-0.36986,3.77512,0.64850,-0.69574,0.51355,-0.08759,0.07469,-0.61944,-0.36663,0.23395,-0.01078,-0.02633,0.07109,0.00781,-0.01348,-0.00105,6.000,6.000,12.000,12.000,6.000,6.000,6.000,6.000,12.000,12.000,6.000,6.000,6.000,6.000,6.000,6.000,0.004227,0.050465,0.004200,0.049571,0.004200,0.049716,0.004280,0.052397,0.000000,0.000894,1.000000,1.000000,1.000000,0.000000,0.004182,-0.049751,0.035379,0.217901,0.217997
2.0250,0.00037,0.06553,0.48132,1.00000,-0.00082,0.00105,-0.00079,0.00420,0.04837,0.31548,0.31446,0.00220,0.04957,1,0.03521,0.00220,0.034687,-0.00018,-0.2975,-0.0002,-0.0039,-0.1217,-0.1431,-0.2454,0.2441,0,0.04900,0.01900,0.0188,1.1669,0.010954,0.051740,-0.0258,-0.8068,64.0918,0.0386,-0.7303,64.8305,0.0000,0.0000,0.0000,0.1402,0.0000,0.2003,0.007564,0.001801,64.0899,0.006734,0.001999,64.8305,0.000000,0.000000,0.0000,0.049000,0.019000,0.2003,-0.00167,-0.21914,-0.23195,0.44248,-0.21238,0.21863,0.00754,-0.21823,-0.23919,0.46093,-0.22083,0.21655,0.01346,0.00005,-0.00154,0.00170,-0.45131,3.79100,0.70924,-0.62791,0.57470,-0.07574,0.08918,-0.62162,-0.41247,0.28171,-0.01392,-0.03296,0.08532,0.00959,-0.01946,-0.00152,6.000,6.000,12.000,12.000,6.000,6.000,6.000,6.000,12.000,12.000,6.000,6.000,6.000,6.000,6.000,6.000,0.004242,0.050420,0.004200,0.049567,0.004200,0.049716,0.004326,0.052275,0.000000,0.000854,1.000000,1.000000,1.000000,0.000000,0.004182,-0.049751,0.035595,0.218255,0.217381
2.0300,0.00032,0.06560,0.48128,1.00000,-0.00077,0.00100,-0.00032,0.00420,0.04843,0.31547,0.31446,0.00211,0.04956,1,0.03533,0.00211,0.034686,-0.00017,-0.2955,-0.0002,-0.0054,-0.1163,-0.1345,-0.3115,0.4052,0,0.04900,0.01900,0.0181,1.1669,0.011677,0.051543,-0.0359,-0.7709,64.1487,0.0348,-0.7058,64.9169,0.0000,0.0000,0.0000,0.1850,0.0000,0.2642,0.008059,0.001650,64.1469,0.007457,0.001804,64.9169,0.000000,0.000000,0.0000,0.049000,0.019000,0.2642,-0.00282,-0.21951,-0.23250,0.44294,-0.21209,0.21903,0.00800,-0.21873,-0.24184,0.46667,-0.22179,0.21550,0.01344,0.00009,-0.00135,0.00172,-0.51903,3.80081,0.75062,-0.57737,0.61734,-0.06732,0.10144,-0.62251,-0.45169,0.33395,-0.01656,-0.03940,0.09705,0.01110,-0.02463,-0.00191,6.000,6.000,12.000,12.000,6.000,6.000,6.000,6.000,12.000,12.000,6.000,6.000,6.000,6.000,6.000,6.000,0.004259,0.050376,0.004200,0.049563,0.004200,0.049716,0.004377,0.052157,0.000000,0.000816,1.000000,1.000000,1.000000,0.000000,0.004182,-0.049751,0.035857,0.218633,0.216547
2.0350,0.00026,0.06566,0.48124,1.00000,-0.00073,0.00094,0.00031,0.00420,0.04848,0.31546,0.31446,0.00200,0.04956,1,0.03549,0.00200,0.034685,-0.00016,-0.2944,-0.0002,-0.0071,-0.1111,-0.1308,-0.3616,0.5547,0,0.04900,0.01900,0.0175,1.1669,0.012168,0.051394,-0.0472,-0.7364,64.1734,0.0259,-0.6809,64.9604,0.0000,0.0000,0.0000,0.2338,0.0000,0.3340,0.008290,0.001546,64.1717,0.007949,0.001657,64.9604,0.000000,0.000000,0.0000,0.049000,0.019000,0.3340,-0.00434,-0.21986,-0.23331,0.44366,-0.21180,0.21942,0.00860,-0.21927,-0.24524,0.47404,-0.22294,0.21425,0.01344,0.00013,-0.00112,0.00174,-0.57088,3.80525,0.77102,-0.54635,0.63951,-0.06211,0.11074,-0.62205,-0.48276,0.38975,-0.01937,-0.04526,0.10591,0.01230,-0.02884,-0.00221,6.000,6.000,12.000,12.000,6.000,6.000,6.000,6.000,12.000,12.000,6.000,6.000,6.000,6.000,6.000,6.000,0.004277,0.050334,0.004200,0.049558,0.004200,0.049716,0.004433,0.052043,0.000000,0.000779,1.000000,1.000000,1.000000,0.000000,0.004182,-0.049751,0.036163,0.219026,0.215498
2.0400,0.00019,0.06572,0.48119,1.00000,-0.00069,0.00087,0.00111,0.00421,0.04853,0.31545,0.31446,0.00187,0.04955,1,0.03569,0.00187,0.034684,-0.00014,-0.2940,-0.0002,-0.0089,-0.1061,-0.1300,-0.3996,0.6878,0,0.04900,0.01900,0.0163,0.0000,0.012390,0.051279,-0.0591,-0.7036,64.1781,0.0204,-0.6366,65.0574,0.0000,0.0000,0.0000,0.0000,0.0000,0.0000,0.008264,0.001484,64.1766,0.008171,0.001545,65.0574,0.000000,0.000000,0.0000,0.000000,0.000000,0.0000,-0.00623,-0.22022,-0.23437,0.44468,-0.21153,0.21982,0.00938,-0.21984,-0.24939,0.48306,-0.22420,0.21280,0.01345,0.00018,-0.00084,0.00178,-0.60605,3.80537,0.77125,-0.53475,0.64156,-0.05975,0.11700,-0.62033,-0.50545,0.44753,-0.02235,-0.05056,0.11178,0.01316,-0.03195,-0.00242,6.000,6.000,12.000,12.000,6.000,6.000,6.000,6.000,12.000,12.000,6.000,6.000,6.000,6.000,6.000,6.000,0.004297,0.050293,0.004200,0.049554,0.004200,0.049716,0.004493,0.051934,0.000000,0.000746,1.000000,1.000000,1.000000,0.000000,0.004182,-0.049751,0.036512,0.219423,0.214254
2.0450,0.00010,0.06577,0.48113,1.00000,-0.00065,0.00079,0.00209,0.00421,0.04858,0.31544,0.31446,0.00174,0.04955,1,0.03594,0.00174,0.034684,-0.00011,-0.2941,-0.0002,-0.0101,-0.1015,-0.1280,-0.4386,0.8022,0,0.04900,0.01900,0.0161,1.1669,0.012395,0.051228,-0.0670,-0.6728,64.1919,-0.0066,-0.6275,64.9754,0.0000,0.0000,0.0000,0.3207,0.0000,0.4581,0.008043,0.001443,64.1906,0.008176,0.001494,64.9754,0.000000,0.000000,0.0000,0.049000,0.019000,0.4581,-0.00850,-0.22056,-0.23572,0.44600,-0.21128,0.22020,0.01031,-0.22045,-0.25430,0.49373,-0.22561,0.21117,0.01348,0.00023,-0.00051,0.00182,-0.62611,3.80433,0.75766,-0.53800,0.62817,-0.05891,0.12160,-0.61805,-0.52342,0.50367,-0.02450,-0.05587,0.11462,0.01369,-0.03372,-0.00252,6.000,6.000,12.000,12.000,6.000,6.000,6.000,6.000,12.000,12.000,6.000,6.000,6.000,6.000,6.000,6.000,0.004311,0.050255,0.004200,0.049549,0.004200,0.049716,0.004534,0.051833,0.000000,0.000714,1.000000,1.000000,1.000000,0.000000,0.004182,-0.049751,0.036902,0.219816,0.212802
2.0500,0.00001,0.06582,0.48107,0.99999,-0.00060,0.00072,0.00326,0.00421,0.04863,0.31543,0.31446,0.00159,0.04954,1,0.03622,0.00159,0.034683,-0.00008,-0.2950,-0.0002,-0.0112,-0.0971,-0.1272,-0.4696,0.8919,0,0.04900,0.01900,0.0149,0.0000,0.012174,0.051173,-0.0743,-0.6436,64.1970,-0.0122,-0.5801,65.0813,0.0000,0.0000,0.0000,0.0000,0.0000,0.0000,0.007621,0.001436,64.1958,0.007955,0.001441,65.0813,0.000000,0.000000,0.0000,0.000000,0.000000,0.0000,-0.01116,-0.22089,-0.23734,0.44763,-0.21106,0.22056,0.01144,-0.22108,-0.25992,0.50601,-0.22703,0.20933,0.01353,0.00030,-0.00014,0.00186,-0.63089,3.80028,0.72888,-0.55698,0.59877,-0.06029,0.12359,-0.61469,-0.53388,0.55861,-0.02625,-0.06091,0.11472,0.01391,-0.03436,-0.00253,6.000,6.000,12.000,12.000,6.000,6.000,6.000,6.000,12.000,12.000,6.000,6.000,6.000,6.000,6.000,6.000,0.004324,0.050218,0.004200,0.049545,0.004200,0.049716,0.004573,0.051737,0.000000,0.000685,1.000000,1.000000,1.000000,0.000000,0.004182,-0.049751,0.037332,0.220196,0.211172
2.0550,-0.00010,0.06586,0.48100,0.99999,-0.00055,0.00064,0.00460,0.00422,0.04867,0.31542,0.31446,0.00144,0.04954,1,0.03655,0.00144,0.034683,-0.00004,-0.2964,-0.0002,-0.0114,-0.0930,-0.1232,-0.5075,0.9585,0,0.04900,0.01900,0.0142,0.0000,0.011778,0.051165,-0.0755,-0.6166,64.2233,-0.0300,-0.5530,65.0876,0.0000,0.0000,0.0000,0.0000,0.0000,0.0000,0.007084,0.001437,64.2222,0.007559,0.001433,65.0876,0.000000,0.000000,0.0000,0.000000,0.000000,0.0000,-0.01418,-0.22121,-0.23925,0.44958,-0.21090,0.22090,0.01274,-0.22175,-0.26622,0.51981,-0.22847,0.20730,0.01359,0.00037,0.00028,0.00191,-0.62349,3.79681,0.69324,-0.58529,0.55983,-0.06227,0.12482,-0.61116,-0.54178,0.60868,-0.02667,-0.06621,0.11223,0.01384,-0.03366,-0.00245,6.000,6.000,12.000,12.000,6.000,6.000,6.000,6.000,12.000,12.000,6.000,6.000,6.000,6.000,6.000,6.000,0.004327,0.050184,0.004200,0.049540,0.004200,0.049716,0.004581,0.051650,0.000000,0.000657,1.000000,1.000000,1.000000,0.000000,0.004182,-0.049751,0.037799,0.220558,0.209331
2.0600,-0.00021,0.06590,0.48092,0.99998,-0.00051,0.00056,0.00613,0.00422,0.04871,0.31541,0.31446,0.00128,0.04953,1,0.03692,0.00128,0.034683,0.00000,-0.2986,-0.0002,-0.0114,-0.0891,-0.1206,-0.5388,0.9980,0,0.04900,0.01900,0.0137,0.0000,0.011267,0.051169,-0.0757,-0.5910,64.2406,-0.0422,-0.5318,65.0978,0.0000,0.0000,0.0000,0.0000,0.0000,0.0000,0.006420,0.001461,64.2396,0.007049,0.001435,65.0978,0.000000,0.000000,0.0000,0.000000,0.000000,0.0000,-0.01755,-0.22152,-0.24143,0.45184,-0.21078,0.22121,0.01420,-0.22245,-0.27313,0.53502,-0.22993,0.20511,0.01368,0.00045,0.00073,0.00197,-0.60434,3.79115,0.64833,-0.62423,0.51038,-0.06570,0.12387,-0.60682,-0.54339,0.65574,-0.02681,-0.07115,0.10768,0.01351,-0.03201,-0.00229,6.000,6.000,12.000,12.000,6.000,6.000,6.000,6.000,12.000,12.000,6.000,6.000,6.000,6.000,6.000,6.000,0.004328,0.050152,0.004200,0.049535,0.004200,0.049716,0.004585,0.051567,0.000000,0.000630,1.000000,1.000000,1.000000,0.000000,0.004182,-0.049751,0.038301,0.220897,0.207304
2.0650,-0.00034,0.06594,0.48084,0.99997,-0.00046,0.00049,0.00781,0.00422,0.04875,0.31540,0.31446,0.00113,0.04953,1,0.03734,0.00113,0.034683,0.00005,-0.3014,-0.0002,-0.0113,-0.0855,-0.1187,-0.5646,1.0114,0,0.04900,0.01900,0.0132,0.0000,0.010632,0.051196,-0.0749,-0.5667,64.2533,-0.0548,-0.5122,65.0953,0.0000,0.0000,0.0000,0.0000,0.0000,0.0000,0.005670,0.001499,64.2524,0.006414,0.001460,65.0953,0.000000,0.000000,0.0000,0.000000,0.000000,0.0000,-0.02124,-0.22182,-0.24388,0.45441,-0.21072,0.22149,0.01581,-0.22317,-0.28059,0.55148,-0.23140,0.20275,0.01378,0.00053,0.00121,0.00203,-0.57547,3.78420,0.59746,-0.67095,0.45349,-0.07000,0.12111,-0.60195,-0.53984,0.69902,-0.02670,-0.07573,0.10142,0.01296,-0.02951,-0.00207,6.000,6.000,12.000,12.000,6.000,6.000,6.000,6.000,12.000,12.000,6.000,6.000,6.000,6.000,6.000,6.000,0.004328,0.050120,0.004200,0.049530,0.004200,0.049716,0.004585,0.051489,0.000000,0.000605,1.000000,1.000000,1.000000,0.000000,0.004182,-0.049751,0.038835,0.221210,0.205106
2.0700,-0.00047,0.06596,0.48074,0.99995,-0.00041,0.00041,0.00965,0.00423,0.04879,0.31539,0.31446,0.00098,0.04952,1,0.03780,0.00098,0.034683,0.00009,-0.3047,-0.0002,-0.0110,-0.0820,-0.1170,-0.5857,1.0006,0,0.04900,0.01900,0.0128,0.0000,0.009912,0.051238,-0.0732,-0.5436,64.2643,-0.0671,-0.4943,65.0842,0.0000,0.0000,0.0000,0.0000,0.0000,0.0000,0.004872,0.001543,64.2635,0.005693,0.001500,65.0842,0.000000,0.000000,0.0000,0.000000,0.000000,0.0000,-0.02522,-0.22210,-0.24658,0.45728,-0.21073,0.22175,0.01755,-0.22390,-0.28854,0.56906,-0.23288,0.20024,0.01390,0.00061,0.00172,0.00209,-0.53899,3.77668,0.54365,-0.72275,0.39206,-0.07466,0.11693,-0.59680,-0.53230,0.73803,-0.02638,-0.07996,0.09381,0.01223,-0.02626,-0.00179,6.000,6.000,12.000,12.000,6.000,6.000,6.000,6.000,12.000,12.000,6.000,6.000,6.000,6.000,6.000,6.000,0.004326,0.050090,0.004200,0.049524,0.004200,0.049716,0.004579,0.051414,0.000000,0.000580,1.000000,1.000000,1.000000,0.000000,0.004182,-0.049751,0.039400,0.221493,0.202747
2.0750,-0.00061,0.06599,0.48065,0.99993,-0.00037,0.00034,0.01163,0.00423,0.04882,0.31538,0.31446,0.00083,0.04952,1,0.03831,0.00083,0.034684,0.00013,-0.3085,-0.0002,-0.0106,-0.0787,-0.1154,-0.6026,0.9683,0,0.04900,0.01900,0.0124,0.0000,0.009142,0.051288,-0.0706,-0.5216,64.2754,-0.0786,-0.4783,65.0674,0.0000,0.0000,0.0000,0.0000,0.0000,0.0000,0.004057,0.001587,64.2747,0.004924,0.001547,65.0674,0.000000,0.000000,0.0000,0.000000,0.000000,0.0000,-0.02945,-0.22237,-0.24951,0.46042,-0.21081,0.22197,0.01939,-0.22466,-0.29691,0.58760,-0.23435,0.19760,0.01404,0.00070,0.00225,0.00215,-0.49692,3.76915,0.48951,-0.77727,0.32861,-0.07927,0.11169,-0.59157,-0.52180,0.77246,-0.02587,-0.08385,0.08523,0.01135,-0.02240,-0.00147,6.000,6.000,12.000,12.000,6.000,6.000,6.000,6.000,12.000,12.000,6.000,6.000,6.000,6.000,6.000,6.000,0.004323,0.050061,0.004200,0.049519,0.004200,0.049716,0.004569,0.051343,0.000000,0.000556,1.000000,1.000000,1.000000,0.000000,0.004182,-0.049751,0.039992,0.221747,0.200241
2.0800,-0.00075,0.06601,0.48054,0.99991,-0.00032,0.00028,0.01372,0.00423,0.04885,0.31537,0.31446,0.00073,0.04951,1,0.03885,0.00073,0.034684,0.00017,-0.3124,-0.0002,-0.0101,-0.0755,-0.1135,-0.6154,0.9174,0,0.04900,0.01900,0.0121,0.0000,0.008354,0.051340,-0.0671,-0.5004,64.2878,-0.0888,-0.4641,65.0471,0.0000,0.0000,0.0000,0.0000,0.0000,0.0000,0.003250,0.001626,64.2872,0.004136,0.001594,65.0471,0.000000,0.000000,0.0000,0.000000,0.000000,0.0000,-0.03390,-0.22262,-0.25266,0.46381,-0.21095,0.22216,0.02132,-0.22543,-0.30561,0.60693,-0.23583,0.19483,0.01420,0.00079,0.00281,0.00222,-0.45109,3.76201,0.43710,-0.83264,0.26516,-0.08352,0.10570,-0.58645,-0.50922,0.80218,-0.02522,-0.08742,0.07601,0.01038,-0.01808,-0.00112,6.000,6.000,12.000,12.000,6.000,6.000,6.000,6.000,12.000,12.000,6.000,6.000,6.000,6.000,6.000,6.000,0.004318,0.050032,0.004200,0.049513,0.004200,0.049716,0.004555,0.051274,0.000000,0.000532,1.000000,1.000000,1.000000,0.000000,0.004182,-0.049751,0.040608,0.221969,0.197598
2.0850,-0.00090,0.06602,0.48043,0.99987,-0.00028,0.00022,0.01593,0.00423,0.04889,0.31536,0.31446,0.00064,0.04951,1,0.03943,0.00064,0.034685,0.00021,-0.3165,-0.0002,-0.0095,-0.0724,-0.1114,-0.6244,0.8513,0,0.04900,0.01900,0.0118,0.0000,0.007572,0.051389,-0.0630,-0.4801,64.3020,-0.0975,-0.4517,65.0250,0.0000,0.0000,0.0000,0.0000,0.0000,0.0000,0.002472,0.001659,64.3013,0.003355,0.001639,65.0250,0.000000,0.000000,0.0000,0.000000,0.000000,0.0000,-0.03854,-0.22285,-0.25600,0.46745,-0.21116,0.22233,0.02331,-0.22620,-0.31459,0.62691,-0.23729,0.19195,0.01437,0.00088,0.00337,0.00228,-0.40307,3.75553,0.38791,-0.88743,0.20327,-0.08719,0.09919,-0.58157,-0.49527,0.82719,-0.02447,-0.09068,0.06645,0.00933,-0.01344,-0.00075,6.000,6.000,12.000,12.000,6.000,6.000,6.000,6.000,12.000,12.000,6.000,6.000,6.000,6.000,6.000,6.000,0.004312,0.050005,0.004200,0.049508,0.004200,0.049716,0.004537,0.051207,0.000000,0.000510,1.000000,1.000000,1.000000,0.000000,0.004182,-0.049751,0.041246,0.222162,0.194830
2.0900,-0.00105,0.06603,0.48031,0.99983,-0.00023,0.00017,0.01822,0.00424,0.04892,0.31535,0.31446,0.00055,0.04950,1,0.04005,0.00055,0.034686,0.00024,-0.3205,-0.0002,-0.0088,-0.0694,-0.1089,-0.6297,0.7731,0,0.04900,0.01900,0.0116,0.0000,0.006814,0.051432,-0.0582,-0.4604,64.3180,-0.1045,-0.4408,65.0023,0.0000,0.0000,0.0000,0.0000,0.0000,0.0000,0.001734,0.001681,64.3174,0.002597,0.001676,65.0023,0.000000,0.000000,0.0000,0.000000,0.000000,0.0000,-0.04332,-0.22306,-0.25951,0.47130,-0.21144,0.22246,0.02536,-0.22698,-0.32377,0.64739,-0.23875,0.18896,0.01455,0.00097,0.00394,0.00235,-0.35411,3.74986,0.34297,-0.94062,0.14403,-0.09014,0.09236,-0.57703,-0.48050,0.84760,-0.02363,-0.09364,0.05679,0.00825,-0.00860,-0.00037,6.000,6.000,12.000,12.000,6.000,6.000,6.000,6.000,12.000,12.000,6.000,6.000,6.000,6.000,6.000,6.000,0.004305,0.049977,0.004200,0.049502,0.004200,0.049716,0.004516,0.051142,0.000000,0.000487,1.000000,1.000000,1.000000,0.000000,0.004182,-0.049751,0.041902,0.222326,0.191948
2.0950,-0.00120,0.06604,0.48019,0.99979,-0.00019,0.00013,0.02058,0.00424,0.04894,0.31534,0.31446,0.00046,0.04950,1,0.04070,0.00046,0.034687,0.00027,-0.3243,-0.0002,-0.0080,-0.0666,-0.1063,-0.6315,0.6861,0,0.04900,0.01900,0.0114,0.0000,0.006094,0.051465,-0.0529,-0.4413,64.3359,-0.1098,-0.4310,64.9800,0.0000,0.0000,0.0000,0.0000,0.0000,0.0000,0.001043,0.001693,64.3353,0.001877,0.001705,64.9800,0.000000,0.000000,0.0000,0.000000,0.000000,0.0000,-0.04822,-0.22326,-0.26316,0.47533,-0.21179,0.22258,0.02745,-0.22776,-0.33309,0.66822,-0.24020,0.18588,0.01475,0.00106,0.00452,0.00241,-0.30516,3.74504,0.30285,-0.99159,0.08814,-0.09232,0.08535,-0.57286,-0.46530,0.86358,-0.02275,-0.09631,0.04720,0.00715,-0.00369,0.00000,6.000,6.000,12.000,12.000,6.000,6.000,6.000,6.000,12.000,12.000,6.000,6.000,6.000,6.000,6.000,6.000,0.004297,0.049950,0.004200,0.049496,0.004200,0.049716,0.004493,0.051079,0.000000,0.000464,1.000000,1.000000,1.000000,0.000000,0.004182,-0.049751,0.042573,0.222463,0.188961
2.1000,-0.00135,0.06604,0.48006,0.99974,-0.00015,0.00009,0.02299,0.00424,0.04897,0.31533,0.31446,0.00037,0.04949,1,0.04138,0.00037,0.034689,0.00029,-0.3279,-0.0002,-0.0071,-0.0638,-0.1033,-0.6299,0.5931,0,0.04900,0.01900,0.0112,0.0000,0.005417,0.051489,-0.0472,-0.4228,64.3553,-0.1135,-0.4221,64.9587,0.0000,0.0000,0.0000,0.0000,0.0000,0.0000,0.000404,0.001694,64.3548,0.001201,0.001724,64.9587,0.000000,0.000000,0.0000,0.000000,0.000000,0.0000,-0.05319,-0.22344,-0.26693,0.47953,-0.21219,0.22267,0.02955,-0.22854,-0.34250,0.68928,-0.24164,0.18271,0.01495,0.00114,0.00510,0.00247,-0.25692,3.74107,0.26780,-1.03998,0.03599,-0.09369,0.07827,-0.56909,-0.44993,0.87535,-0.02185,-0.09870,0.03783,0.00605,0.00121,0.00037,6.000,6.000,12.000,12.000,6.000,6.000,6.000,6.000,12.000,12.000,6.000,6.000,6.000,6.000,6.000,6.000,0.004289,0.049923,0.004200,0.049489,0.004200,0.049716,0.004467,0.051016,0.000000,0.000442,1.000000,1.000000,1.000000,0.000000,0.004182,-0.049751,0.043256,0.222576,0.185879
2.1050,-0.00150,0.06604,0.47993,0.99968,-0.00011,0.00006,0.02544,0.00424,0.04900,0.31532,0.31446,0.00029,0.04948,1,0.04209,0.00029,0.034690,0.00030,-0.3310,-0.0002,-0.0062,-0.0610,-0.1002,-0.6253,0.4965,0,0.04900,0.01900,0.0110,0.0000,0.004789,0.051501,-0.0412,-0.4047,64.3761,-0.1157,-0.4139,64.9389,0.0000,0.0000,0.0000,0.0000,0.0000,0.0000,-0.000183,0.001684,64.3756,0.000574,0.001732,64.9389,0.000000,0.000000,0.0000,0.000000,0.000000,0.0000,-0.05820,-0.22360,-0.27081,0.48386,-0.21266,0.22274,0.03166,-0.22932,-0.35194,0.71045,-0.24307,0.17947,0.01517,0.00122,0.00567,0.00252,-0.20986,3.73790,0.23784,-1.08565,-0.01226,-0.09427,0.07118,-0.56573,-0.43458,0.88314,-0.02096,-0.10082,0.02877,0.00497,0.00604,0.00072,6.000,6.000,12.000,12.000,6.000,6.000,6.000,6.000,12.000,12.000,6.000,6.000,6.000,6.000,6.000,6.000,0.004279,0.049895,0.004200,0.049483,0.004200,0.049716,0.004439,0.050954,0.000000,0.000420,1.000000,1.000000,1.000000,0.000000,0.004182,-0.049751,0.043947,0.222667,0.182712
2.1100,-0.00165,0.06603,0.47980,0.99961,-0.00007,0.00003,0.02791,0.00424,0.04902,0.31531,0.31446,0.00021,0.04948,1,0.04282,0.00021,0.034691,0.00030,-0.3338,-0.0002,-0.0053,-0.0584,-0.0969,-0.6177,0.3985,0,0.04900,0.01900,0.0108,0.0000,0.004210,0.051503,-0.0350,-0.3871,64.3979,-0.1166,-0.4061,64.9207,0.0000,0.0000,0.0000,0.0000,0.0000,0.0000,-0.000718,0.001664,64.3974,-0.000004,0.001730,64.9207,0.000000,0.000000,0.0000,0.000000,0.000000,0.0000,-0.06323,-0.22374,-0.27475,0.48829,-0.21317,0.22279,0.03377,-0.23008,-0.36137,0.73161,-0.24448,0.17616,0.01539,0.00130,0.00624,0.00258,-0.16426,3.73544,0.21277,-1.12860,-0.05662,-0.09412,0.06412,-0.56275,-0.41936,0.88720,-0.02011,-0.10269,0.02008,0.00392,0.01074,0.00106,6.000,6.000,12.000,12.000,6.000,6.000,6.000,6.000,12.000,12.000,6.000,6.000,6.000,6.000,6.000,6.000,0.004270,0.049868,0.004200,0.049476,0.004200,0.049716,0.004410,0.050893,0.000000,0.000398,1.000000,1.000000,1.000000,0.000000,0.004182,-0.049751,0.044643,0.222739,0.179469
2.1150,-0.00180,0.06602,0.47966,0.99954,-0.00003,0.00002,0.03040,0.00424,0.04904,0.31530,0.31446,0.00013,0.04947,1,0.04357,0.00013,0.034693,0.00030,-0.3359,-0.0002,-0.0043,-0.0558,-0.0935,-0.6075,0.3009,1,0.04900,0.01900,0.0107,0.0000,0.003680,0.051494,-0.0287,-0.3699,64.4204,-0.1164,-0.3985,64.9045,0.0000,0.0000,0.0000,0.0000,0.0000,0.0000,-0.002931,0.016989,64.4199,-0.000532,0.001717,64.9045,0.000000,0.000000,0.0000,0.000000,0.000000,0.0000,-0.06827,-0.22386,-0.27878,0.49285,-0.21373,0.22283,0.03587,-0.23084,-0.37075,0.75270,-0.24590,0.17281,0.01561,0.00138,0.00681,0.00263,-0.16426,3.73544,0.21277,-1.12860,-0.05662,-0.09412,0.06412,-0.56275,-0.41936,0.88720,-0.02011,-0.10269,0.02008,0.00392,0.01074,0.00106,6.000,6.000,12.000,12.000,6.000,6.000,6.000,6.000,12.000,12.000,6.000,6.000,6.000,6.000,6.000,6.000,0.004260,0.049842,0.004200,0.049470,0.004200,0.049716,0.004380,0.050833,0.000000,0.000377,1.000000,1.000000,1.000000,0.000000,0.004182,-0.049751,0.045341,0.222794,0.176157
2.1200,-0.00195,0.06601,0.47953,0.99946,0.00000,0.00001,0.03289,0.00424,0.04907,0.31529,0.31446,0.00006,0.04946,1,0.04434,0.00006,0.034694,0.00030,-0.3372,-0.0002,-0.0025,-0.0525,-0.0775,-0.5393,0.1008,0,0.04900,0.01900,0.0124,0.0000,0.003764,0.051515,-0.0168,-0.3480,64.5268,-0.1828,-0.4448,64.7180,0.0000,0.0000,0.0000,0.0000,0.0000,0.0000,-0.001789,0.001655,64.5264,-0.000447,0.001739,64.7180,0.000000,0.000000,0.0000,0.000000,0.000000,0.0000,-0.07327,-0.22396,-0.28286,0.49746,-0.21433,0.22286,0.03794,-0.23157,-0.38004,0.77359,-0.24731,0.16943,0.01583,0.00145,0.00738,0.00267,-0.07307,3.73263,0.16796,-1.21649,-0.14440,-0.09602,0.04929,-0.55647,-0.38677,0.88719,-0.01871,-0.10464,0.00224,0.00174,0.02000,0.00156,6.000,6.000,12.000,12.000,6.000,6.000,6.000,6.000,12.000,12.000,6.000,6.000,6.000,6.000,6.000,6.000,0.004241,0.049806,0.004200,0.049463,0.004200,0.049716,0.004323,0.050748,0.000000,0.000346,1.000000,1.000000,1.000000,0.000000,0.004182,-0.049751,0.046037,0.222832,0.172813
2.1250,-0.00209,0.06599,0.47939,0.99938,0.00004,0.00001,0.03535,0.00424,0.04908,0.31527,0.31446,0.00003,0.04946,1,0.04511,0.00003,0.034695,0.00029,-0.3392,-0.0002,-0.0016,-0.0501,-0.0784,-0.5328,0.0207,0,0.04900,0.01900,0.0102,0.0000,0.002618,0.051508,-0.0106,-0.3320,64.5203,-0.1093,-0.3819,64.9423,0.0000,0.0000,0.0000,0.0000,0.0000,0.0000,-0.002139,0.001588,64.5198,-0.001593,0.001724,64.9423,0.000000,0.000000,0.0000,0.000000,0.000000,0.0000,-0.07819,-0.22405,-0.28692,0.50209,-0.21496,0.22287,0.03998,-0.23230,-0.38918,0.79418,-0.24872,0.16599,0.01604,0.00151,0.00793,0.00271,-0.03241,3.73112,0.15831,-1.24898,-0.17497,-0.09259,0.04259,-0.55472,-0.37271,0.88100,-0.01811,-0.10587,-0.00504,0.00082,0.02434,0.00186,6.000,6.000,12.000,12.000,6.000,6.000,6.000,6.000,12.000,12.000,6.000,6.000,6.000,6.000,6.000,6.000,0.004231,0.049780,0.004200,0.049455,0.004200,0.049716,0.004293,0.050690,0.000000,0.000326,1.000000,1.000000,1.000000,0.000000,0.004182,-0.049751,0.046729,0.222855,0.169426
2.1300,-0.00223,0.06597,0.47925,0.99929,0.00007,0.00002,0.03777,0.00424,0.04910,0.31526,0.31446,0.00008,0.04945,1,0.04589,0.00008,0.034696,0.00027,-0.3401,-0.0002,-0.0007,-0.0477,-0.0778,-0.5235,-0.0563,0,0.04900,0.01900,0.0100,0.0000,0.002267,0.051451,-0.0044,-0.3164,64.5244,-0.1062,-0.3738,64.9072,0.0000,0.0000,0.0000,0.0000,0.0000,0.0000,-0.002466,0.001521,64.5240,-0.001942,0.001665,64.9072,0.000000,0.000000,0.0000,0.000000,0.000000,0.0000,-0.08301,-0.22412,-0.29096,0.50671,-0.21562,0.22287,0.04197,-0.23301,-0.39814,0.81439,-0.25012,0.16252,0.01626,0.00157,0.00846,0.00274,0.00635,3.73032,0.15130,-1.28047,-0.20346,-0.08909,0.03591,-0.55318,-0.35867,0.87216,-0.01760,-0.10689,-0.01192,-0.00006,0.02836,0.00213,6.000,6.000,12.000,12.000,6.000,6.000,6.000,6.000,12.000,12.000,6.000,6.000,6.000,6.000,6.000,6.000,0.004221,0.049753,0.004200,0.049448,0.004200,0.049716,0.004263,0.050633,0.000000,0.000306,1.000000,1.000000,1.000000,0.000000,0.004182,-0.049751,0.047411,0.222868,0.165994
2.1350,-0.00236,0.06595,0.47911,0.99919,0.00010,0.00003,0.04014,0.00424,0.04912,0.31525,0.31446,0.00014,0.04944,1,0.04668,0.00014,0.034697,0.00024,-0.3402,-0.0002,0.0002,-0.0454,-0.0762,-0.5118,-0.1298,0,0.04900,0.01900,0.0098,0.0000,0.001937,0.051393,0.0016,-0.3012,64.5349,-0.1027,-0.3655,64.8834,0.0000,0.0000,0.0000,0.0000,0.0000,0.0000,-0.002769,0.001454,64.5345,-0.002270,0.001605,64.8834,0.000000,0.000000,0.0000,0.000000,0.000000,0.0000,-0.08770,-0.22418,-0.29495,0.51130,-0.21631,0.22287,0.04391,-0.23369,-0.40690,0.83415,-0.25153,0.15902,0.01648,0.00163,0.00898,0.00277,0.04343,3.73000,0.14683,-1.31075,-0.22974,-0.08545,0.02927,-0.55184,-0.34470,0.86086,-0.01720,-0.10770,-0.01843,-0.00091,0.03210,0.00236,6.000,6.000,12.000,12.000,6.000,6.000,6.000,6.000,12.000,12.000,6.000,6.000,6.000,6.000,6.000,6.000,0.004211,0.049727,0.004200,0.049440,0.004200,0.049716,0.004233,0.050577,0.000000,0.000287,1.000000,1.000000,1.000000,0.000000,0.004182,-0.049751,0.048082,0.222873,0.162522
2.1400,-0.00249,0.06593,0.47897,0.99910,0.00013,0.00004,0.04245,0.00424,0.04914,0.31524,0.31446,0.00020,0.04943,1,0.04746,0.00020,0.034698,0.00021,-0.3395,-0.0002,0.0011,-0.0432,-0.0741,-0.4982,-0.1997,0,0.04900,0.01900,0.0095,0.0000,0.001632,0.051333,0.0075,-0.2865,64.5492,-0.0988,-0.3569,64.8673,0.0000,0.0000,0.0000,0.0000,0.0000,0.0000,-0.003046,0.001384,64.5488,-0.002574,0.001544,64.8673,0.000000,0.000000,0.0000,0.000000,0.000000,0.0000,-0.09225,-0.22423,-0.29887,0.51584,-0.21702,0.22287,0.04578,-0.23436,-0.41541,0.85339,-0.25294,0.15549,0.01669,0.00168,0.00949,0.00279,0.07900,3.73001,0.14469,-1.33973,-0.25382,-0.08162,0.02268,-0.55064,-0.33081,0.84724,-0.01692,-0.10831,-0.02460,-0.00171,0.03559,0.00257,6.000,6.000,12.000,12.000,6.000,6.000,6.000,6.000,12.000,12.000,6.000,6.000,6.000,6.000,6.000,6.000,0.004201,0.049701,0.004200,0.049433,0.004200,0.049716,0.004203,0.050522,0.000000,0.000269,1.000000,1.000000,1.000000,0.000000,0.004182,-0.049751,0.048738,0.222874,0.159017
2.1450,-0.00262,0.06591,0.47883,0.99900,0.00015,0.00005,0.04468,0.00424,0.04915,0.31523,0.31446,0.00026,0.04942,1,0.04823,0.00026,0.034699,0.00018,-0.3382,-0.0002,0.0020,-0.0411,-0.0716,-0.4829,-0.2655,0,0.04900,0.01900,0.0093,0.0000,0.001352,0.051270,0.0133,-0.2724,64.5653,-0.0947,-0.3480,64.8565,0.0000,0.0000,0.0000,0.0000,0.0000,0.0000,-0.003298,0.001312,64.5650,-0.002852,0.001479,64.8565,0.000000,0.000000,0.0000,0.000000,0.000000,0.0000,-0.09662,-0.22427,-0.30270,0.52030,-0.21775,0.22287,0.04759,-0.23501,-0.42367,0.87206,-0.25435,0.15194,0.01689,0.00173,0.00998,0.00280,0.11320,3.73023,0.14463,-1.36744,-0.27578,-0.07761,0.01613,-0.54958,-0.31700,0.83149,-0.01678,-0.10874,-0.03044,-0.00248,0.03886,0.00276,6.000,6.000,12.000,12.000,6.000,6.000,6.000,6.000,12.000,12.000,6.000,6.000,6.000,6.000,6.000,6.000,0.004191,0.049675,0.004200,0.049424,0.004200,0.049716,0.004174,0.050469,0.000000,0.000251,1.000000,1.000000,1.000000,0.000000,0.004182,-0.049751,0.049376,0.222870,0.155487
2.1500,-0.00274,0.06588,0.47869,0.99890,0.00018,0.00007,0.04684,0.00424,0.04917,0.31522,0.31446,0.00031,0.04942,1,0.04900,0.00031,0.034700,0.00014,-0.3365,-0.0002,0.0029,-0.0390,-0.0691,-0.4665,-0.3272,0,0.04900,0.01900,0.0090,0.0000,0.001097,0.051205,0.0190,-0.2588,64.5823,-0.0904,-0.3387,64.8496,0.0000,0.0000,0.0000,0.0000,0.0000,0.0000,-0.003525,0.001238,64.5820,-0.003105,0.001412,64.8496,0.000000,0.000000,0.0000,0.000000,0.000000,0.0000,-0.10081,-0.22429,-0.30644,0.52467,-0.21848,0.22286,0.04933,-0.23563,-0.43164,0.89010,-0.25577,0.14837,0.01708,0.00176,0.01045,0.00282,0.14616,3.73059,0.14638,-1.39392,-0.29574,-0.07344,0.00964,-0.54862,-0.30327,0.81376,-0.01677,-0.10900,-0.03597,-0.00321,0.04192,0.00293,6.000,6.000,12.000,12.000,6.000,6.000,6.000,6.000,12.000,12.000,6.000,6.000,6.000,6.000,6.000,6.000,0.004181,0.049650,0.004200,0.049416,0.004200,0.049716,0.004145,0.050417,0.000000,0.000234,1.000000,1.000000,1.000000,0.000000,0.004182,-0.049751,0.049992,0.222866,0.151937
2.1550,-0.00285,0.06586,0.47856,0.99880,0.00020,0.00010,0.04891,0.00424,0.04918,0.31521,0.31446,0.00037,0.04941,1,0.04975,0.00037,0.034700,0.00009,-0.3343,-0.0002,0.0037,-0.0371,-0.0665,-0.4492,-0.3846,1,0.04900,0.01900,0.0087,0.0000,0.000866,0.051136,0.0246,-0.2458,64.5993,-0.0858,-0.3291,64.8456,0.0000,0.0000,0.0000,0.0000,0.0000,0.0000,-0.001781,0.016616,64.5990,-0.003335,0.001343,64.8456,0.000000,0.000000,0.0000,0.000000,0.000000,0.0000,-0.10482,-0.22430,-0.31013,0.52900,-0.21924,0.22285,0.05100,-0.23623,-0.43939,0.90759,-0.25724,0.14480,0.01726,0.00180,0.01090,0.00282,0.14616,3.73059,0.14638,-1.39392,-0.29574,-0.07344,0.00964,-0.54862,-0.30327,0.81376,-0.01677,-0.10900,-0.03597,-0.00321,0.04192,0.00293,6.000,6.000,12.000,12.000,6.000,6.000,6.000,6.000,12.000,12.000,6.000,6.000,6.000,6.000,6.000,6.000,0.004172,0.049625,0.004200,0.049408,0.004200,0.049716,0.004117,0.050367,0.000000,0.000219,1.000000,1.000000,1.000000,0.000000,0.004182,-0.049751,0.050584,0.222860,0.148373
2.1600,-0.00296,0.06583,0.47843,0.99870,0.00022,0.00014,0.05088,0.00423,0.04919,0.31520,0.31446,0.00041,0.04940,1,0.05049,0.00041,0.034701,0.00007,-0.3306,-0.0002,0.0051,-0.0340,-0.0444,-0.3562,-0.6285,0,0.04900,0.01900,0.0108,0.0000,0.000899,0.051171,0.0341,-0.2257,64.7462,-0.1351,-0.3977,64.5790,0.0000,0.0000,0.0000,0.0000,0.0000,0.0000,-0.004049,0.001111,64.7460,-0.003301,0.001379,64.5790,0.000000,0.000000,0.0000,0.000000,0.000000,0.0000,-0.10861,-0.22430,-0.31371,0.53323,-0.22001,0.22284,0.05260,-0.23680,-0.44686,0.92441,-0.25874,0.14123,0.01743,0.00182,0.01134,0.00281,0.22149,3.73631,0.14420,-1.45481,-0.34260,-0.06690,-0.00502,-0.54717,-0.27493,0.77610,-0.01955,-0.10891,-0.04945,-0.00501,0.04865,0.00311,6.000,6.000,12.000,12.000,6.000,6.000,6.000,6.000,12.000,12.000,6.000,6.000,6.000,6.000,6.000,6.000,0.004156,0.049587,0.004200,0.049399,0.004200,0.049716,0.004068,0.050281,0.000000,0.000193,1.000000,1.000000,1.000000,0.000000,0.004182,-0.049751,0.051149,0.222850,0.144803
2.1650,-0.00306,0.06581,0.47830,0.99861,0.00024,0.00018,0.05273,0.00423,0.04920,0.31519,0.31446,0.00045,0.04939,1,0.05120,0.00045,0.034701,0.00005,-0.3295,-0.0002,0.0059,-0.0323,-0.0488,-0.3482,-0.6534,0,0.04900,0.01900,0.0081,0.0000,0.000333,0.051023,0.0393,-0.2142,64.7169,-0.0734,-0.3088,64.9416,0.0000,0.0000,0.0000,0.0000,0.0000,0.0000,-0.004158,0.001019,64.7166,-0.003866,0.001227,64.9416,0.000000,0.000000,0.0000,0.000000,0.000000,0.0000,-0.11215,-0.22430,-0.31712,0.53729,-0.22078,0.22283,0.05411,-0.23734,-0.45397,0.94042,-0.26026,0.13766,0.01758,0.00185,0.01175,0.00280,0.24966,3.73479,0.15353,-1.47399,-0.35328,-0.06136,-0.01104,-0.54636,-0.26188,0.75245,-0.01990,-0.10870,-0.05364,-0.00557,0.05115,0.00325,6.000,6.000,12.000,12.000,6.000,6.000,6.000,6.000,12.000,12.000,6.000,6.000,6.000,6.000,6.000,6.000,0.004147,0.049563,0.004200,0.049390,0.004200,0.049716,0.004041,0.050236,0.000000,0.000181,1.000000,1.000000,1.000000,0.000000,0.004182,-0.049751,0.051683,0.222838,0.141232
2.1700,-0.00316,0.06578,0.47817,0.99852,0.00025,0.00021,0.05447,0.00423,0.04921,0.31518,0.31446,0.00049,0.04938,1,0.05189,0.00049,0.034701,0.00002,-0.3274,-0.0002,0.0067,-0.0307,-0.0509,-0.3392,-0.6759,0,0.04900,0.01900,0.0078,0.0000,0.000218,0.050934,0.0442,-0.2035,64.7028,-0.0679,-0.2970,64.9057,0.0000,0.0000,0.0000,0.0000,0.0000,0.0000,-0.004272,0.000933,64.7025,-0.003979,0.001138,64.9057,0.000000,0.000000,0.0000,0.000000,0.000000,0.0000,-0.11543,-0.22429,-0.32036,0.54117,-0.22154,0.22283,0.05552,-0.23786,-0.46071,0.95559,-0.26180,0.13410,0.01772,0.00186,0.01214,0.00278,0.27680,3.73402,0.16260,-1.49374,-0.36391,-0.05614,-0.01706,-0.54562,-0.24872,0.72762,-0.02039,-0.10835,-0.05766,-0.00610,0.05337,0.00336,6.000,6.000,12.000,12.000,6.000,6.000,6.000,6.000,12.000,12.000,6.000,6.000,6.000,6.000,6.000,6.000,0.004138,0.049540,0.004200,0.049381,0.004200,0.049716,0.004015,0.050194,0.000000,0.000171,1.000000,1.000000,1.000000,0.000000,0.004182,-0.049751,0.052185,0.222831,0.137663
2.1750,-0.00325,0.06576,0.47806,0.99843,0.00027,0.00025,0.05608,0.00423,0.04922,0.31517,0.31446,0.00053,0.04937,1,0.05255,0.00053,0.034701,-0.00002,-0.3247,-0.0002,0.0074,-0.0292,-0.0516,-0.3293,-0.6964,0,0.04900,0.01900,0.0075,0.0000,0.000100,0.050849,0.0490,-0.1934,64.6979,-0.0627,-0.2854,64.8852,0.0000,0.0000,0.0000,0.0000,0.0000,0.0000,-0.004383,0.000851,64.6977,-0.004096,0.001053,64.8852,0.000000,0.000000,0.0000,0.000000,0.000000,0.0000,-0.11844,-0.22429,-0.32342,0.54486,-0.22230,0.22283,0.05683,-0.23836,-0.46708,0.96989,-0.26336,0.13055,0.01784,0.00187,0.01251,0.00276,0.30308,3.73371,0.17153,-1.51359,-0.37412,-0.05113,-0.02306,-0.54492,-0.23551,0.70169,-0.02103,-0.10787,-0.06153,-0.00662,0.05537,0.00345,6.000,6.000,12.000,12.000,6.000,6.000,6.000,6.000,12.000,12.000,6.000,6.000,6.000,6.000,6.000,6.000,0.004129,0.049517,0.004200,0.049371,0.004200,0.049716,0.003989,0.050154,0.000000,0.000162,1.000000,1.000000,1.000000,0.000000,0.004182,-0.049751,0.052652,0.222828,0.134101
2.1800,-0.00333,0.06573,0.47794,0.99834,0.00028,0.00029,0.05755,0.00422,0.04923,0.31516,0.31446,0.00057,0.04936,1,0.05317,0.00057,0.034700,-0.00005,-0.3216,-0.0002,0.0081,-0.0278,-0.0516,-0.3188,-0.7151,0,0.04900,0.01900,0.0072,0.0000,-0.000016,0.050768,0.0535,-0.1840,64.6982,-0.0575,-0.2737,64.8747,0.0000,0.0000,0.0000,0.0000,0.0000,0.0000,-0.004489,0.000772,64.6980,-0.004210,0.000972,64.8747,0.000000,0.000000,0.0000,0.000000,0.000000,0.0000,-0.12116,-0.22428,-0.32628,0.54836,-0.22306,0.22284,0.05804,-0.23882,-0.47307,0.98331,-0.26495,0.12702,0.01794,0.00188,0.01285,0.00273,0.32859,3.73368,0.18037,-1.53327,-0.38374,-0.04630,-0.02900,-0.54424,-0.22226,0.67475,-0.02181,-0.10727,-0.06525,-0.00710,0.05719,0.00353,6.000,6.000,12.000,12.000,6.000,6.000,6.000,6.000,12.000,12.000,6.000,6.000,6.000,6.000,6.000,6.000,0.004121,0.049495,0.004200,0.049361,0.004200,0.049716,0.003965,0.050116,0.000000,0.000155,1.000000,1.000000,1.000000,0.000000,0.004182,-0.049751,0.053082,0.222832,0.130551
2.1850,-0.00341,0.06571,0.47784,0.99826,0.00030,0.00032,0.05888,0.00422,0.04923,0.31515,0.31446,0.00060,0.04935,1,0.05376,0.00060,0.034700,-0.00008,-0.3183,-0.0002,0.0087,-0.0265,-0.0511,-0.3080,-0.7322,0,0.04900,0.01900,0.0069,0.0000,-0.000125,0.050690,0.0578,-0.1754,64.7013,-0.0524,-0.2621,64.8707,0.0000,0.0000,0.0000,0.0000,0.0000,0.0000,-0.004587,0.000695,64.7011,-0.004318,0.000893,64.8707,0.000000,0.000000,0.0000,0.000000,0.000000,0.0000,-0.12358,-0.22427,-0.32894,0.55165,-0.22380,0.22286,0.05915,-0.23926,-0.47866,0.99580,-0.26657,0.12350,0.01803,0.00188,0.01317,0.00269,0.35337,3.73381,0.18909,-1.55262,-0.39267,-0.04162,-0.03489,-0.54358,-0.20900,0.64688,-0.02274,-0.10655,-0.06883,-0.00757,0.05883,0.00359,6.000,6.000,12.000,12.000,6.000,6.000,6.000,6.000,12.000,12.000,6.000,6.000,6.000,6.000,6.000,6.000,0.004113,0.049473,0.004200,0.049351,0.004200,0.049716,0.003941,0.050082,0.000000,0.000149,1.000000,1.000000,1.000000,0.000000,0.004182,-0.049751,0.053473,0.222841,0.127016
2.1900,-0.00348,0.06569,0.47774,0.99819,0.00031,0.00036,0.06007,0.00422,0.04924,0.31514,0.31446,0.00063,0.04934,1,0.05430,0.00063,0.034700,-0.00010,-0.3150,-0.0002,0.0094,-0.0253,-0.0505,-0.2972,-0.7477,0,0.04900,0.01900,0.0066,0.0000,-0.000227,0.050614,0.0620,-0.1676,64.7057,-0.0474,-0.2505,64.8710,0.0000,0.0000,0.0000,0.0000,0.0000,0.0000,-0.004678,0.000622,64.7055,-0.004420,0.000817,64.8710,0.000000,0.000000,0.0000,0.000000,0.000000,0.0000,-0.12571,-0.22427,-0.33139,0.55472,-0.22453,0.22288,0.06015,-0.23967,-0.48385,1.00735,-0.26822,0.12001,0.01810,0.00187,0.01347,0.00265,0.37744,3.73403,0.19762,-1.57156,-0.40090,-0.03709,-0.04071,-0.54293,-0.19575,0.61818,-0.02381,-0.10573,-0.07226,-0.00801,0.06032,0.00364,6.000,6.000,12.000,12.000,6.000,6.000,6.000,6.000,12.000,12.000,6.000,6.000,6.000,6.000,6.000,6.000,0.004105,0.049452,0.004200,0.049341,0.004200,0.049716,0.003917,0.050050,0.000000,0.000146,1.000000,1.000000,1.000000,0.000000,0.004182,-0.049751,0.053822,0.222858,0.123501
2.1950,-0.00354,0.06567,0.47765,0.99813,0.00032,0.00040,0.06111,0.00421,0.04925,0.31513,0.31446,0.00069,0.04933,1,0.05481,0.00069,0.034699,-0.00012,-0.3119,-0.0002,0.0100,-0.0242,-0.0498,-0.2867,-0.7617,0,0.04900,0.01900,0.0062,0.0000,-0.000322,0.050540,0.0661,-0.1605,64.7102,-0.0425,-0.2390,64.8742,0.0000,0.0000,0.0000,0.0000,0.0000,0.0000,-0.004761,0.000552,64.7101,-0.004513,0.000743,64.8742,0.000000,0.000000,0.0000,0.000000,0.000000,0.0000,-0.12751,-0.22427,-0.33363,0.55757,-0.22525,0.22291,0.06104,-0.24005,-0.48864,1.01794,-0.26990,0.11655,0.01814,0.00187,0.01375,0.00260,0.40079,3.73431,0.20588,-1.59006,-0.40843,-0.03272,-0.04645,-0.54227,-0.18249,0.58874,-0.02500,-0.10480,-0.07555,-0.00843,0.06165,0.00368,6.000,6.000,12.000,12.000,6.000,6.000,6.000,6.000,12.000,12.000,6.000,6.000,6.000,6.000,6.000,6.000,0.004098,0.049432,0.004200,0.049330,0.004200,0.049716,0.003895,0.050021,0.000000,0.000144,1.000000,1.000000,1.000000,0.000000,0.004182,-0.049751,0.054127,0.222881,0.120011
2.2000,-0.00360,0.06565,0.47756,0.99808,0.00033,0.00044,0.06199,0.00421,0.04925,0.31512,0.31446,0.00076,0.04932,1,0.05526,0.00076,0.034698,-0.00014,-0.3088,-0.0002,0.0106,-0.0233,-0.0492,-0.2765,-0.7740,0,0.04900,0.01900,0.0059,0.0000,-0.000408,0.050469,0.0700,-0.1542,64.7144,-0.0376,-0.2275,64.8793,0.0000,0.0000,0.0000,0.0000,0.0000,0.0000,-0.004837,0.000485,64.7143,-0.004599,0.000672,64.8793,0.000000,0.000000,0.0000,0.000000,0.000000,0.0000,-0.12900,-0.22428,-0.33564,0.56019,-0.22596,0.22295,0.06182,-0.24040,-0.49301,1.02755,-0.27163,0.11311,0.01817,0.00185,0.01399,0.00255,0.42339,3.73461,0.21378,-1.60809,-0.41530,-0.02854,-0.05208,-0.54160,-0.16925,0.55866,-0.02633,-0.10379,-0.07869,-0.00883,0.06282,0.00370,6.000,6.000,12.000,12.000,6.000,6.000,6.000,6.000,12.000,12.000,6.000,6.000,6.000,6.000,6.000,6.000,0.004091,0.049412,0.004200,0.049319,0.004200,0.049716,0.003873,0.049995,0.000000,0.000143,1.000000,1.000000,1.000000,0.000000,0.004182,-0.049751,0.054389,0.222913,0.116547
2.2050,-0.00365,0.06564,0.47748,0.99803,0.00034,0.00047,0.06271,0.00421,0.04925,0.31511,0.31446,0.00083,0.04931,1,0.05567,0.00083,0.034698,-0.00015,-0.3061,-0.0002,0.0111,-0.0224,-0.0486,-0.2669,-0.7849,0,0.04900,0.01900,0.0056,0.0000,-0.000488,0.050401,0.0737,-0.1486,64.7179,-0.0327,-0.2162,64.8858,0.0000,0.0000,0.0000,0.0000,0.0000,0.0000,-0.004907,0.000422,64.7177,-0.004677,0.000604,64.8858,0.000000,0.000000,0.0000,0.000000,0.000000,0.0000,-0.13015,-0.22429,-0.33742,0.56257,-0.22666,0.22300,0.06249,-0.24072,-0.49697,1.03616,-0.27339,0.10972,0.01818,0.00184,0.01422,0.00249,0.44521,3.73491,0.22125,-1.62565,-0.42153,-0.02456,-0.05761,-0.54090,-0.15603,0.52803,-0.02777,-0.10269,-0.08167,-0.00920,0.06382,0.00372,6.000,6.000,12.000,12.000,6.000,6.000,6.000,6.000,12.000,12.000,6.000,6.000,6.000,6.000,6.000,6.000,0.004083,0.049394,0.004200,0.049308,0.004200,0.049716,0.003851,0.049973,0.000000,0.000144,1.000000,1.000000,1.000000,0.000000,0.004182,-0.049751,0.054605,0.222952,0.113115
2.2100,-0.00369,0.06562,0.47741,0.99800,0.00035,0.00051,0.06327,0.00420,0.04926,0.31511,0.31446,0.00090,0.04930,1,0.05603,0.00090,0.034697,-0.00016,-0.3035,-0.0002,0.0117,-0.0217,-0.0483,-0.2581,-0.7942,0,0.04900,0.01900,0.0053,0.0000,-0.000560,0.050336,0.0773,-0.1438,64.7203,-0.0279,-0.2050,64.8934,0.0000,0.0000,0.0000,0.0000,0.0000,0.0000,-0.004970,0.000363,64.7201,-0.004749,0.000539,64.8934,0.000000,0.000000,0.0000,0.000000,0.000000,0.0000,-0.13096,-0.22431,-0.33897,0.56470,-0.22734,0.22306,0.06304,-0.24102,-0.50050,1.04375,-0.27520,0.10635,0.01816,0.00182,0.01442,0.00243,0.46621,3.73520,0.22819,-1.64274,-0.42716,-0.02082,-0.06302,-0.54018,-0.14283,0.49693,-0.02931,-0.10152,-0.08450,-0.00955,0.06466,0.00372,6.000,6.000,12.000,12.000,6.000,6.000,6.000,6.000,12.000,12.000,6.000,6.000,6.000,6.000,6.000,6.000,0.004076,0.049376,0.004200,0.049297,0.004200,0.049716,0.003830,0.049953,0.000000,0.000146,1.000000,1.000000,1.000000,0.000000,0.004182,-0.049751,0.054774,0.223000,0.109716
2.2150,-0.00373,0.06561,0.47735,0.99797,0.00036,0.00055,0.06365,0.00420,0.04926,0.31510,0.31446,0.00098,0.04928,1,0.05634,0.00098,0.034696,-0.00016,-0.3013,-0.0002,0.0122,-0.0211,-0.0481,-0.2502,-0.8021,0,0.04900,0.01900,0.0050,0.0000,-0.000626,0.050276,0.0807,-0.1398,64.7216,-0.0231,-0.1940,64.9018,0.0000,0.0000,0.0000,0.0000,0.0000,0.0000,-0.005028,0.000309,64.7214,-0.004814,0.000478,64.9018,0.000000,0.000000,0.0000,0.000000,0.000000,0.0000,-0.13143,-0.22434,-0.34028,0.56658,-0.22801,0.22312,0.06347,-0.24128,-0.50361,1.05031,-0.27706,0.10303,0.01811,0.00179,0.01459,0.00236,0.48633,3.73546,0.23453,-1.65937,-0.43223,-0.01734,-0.06829,-0.53942,-0.12966,0.46545,-0.03096,-0.10027,-0.08717,-0.00987,0.06533,0.00371,6.000,6.000,12.000,12.000,6.000,6.000,6.000,6.000,12.000,12.000,6.000,6.000,6.000,6.000,6.000,6.000,0.004070,0.049358,0.004200,0.049285,0.004200,0.049716,0.003810,0.049936,0.000000,0.000149,1.000000,1.000000,1.000000,0.000000,0.004182,-0.049751,0.054895,0.223057,0.106354
2.2200,-0.00376,0.06561,0.47730,0.99796,0.00036,0.00058,0.06387,0.00420,0.04926,0.31509,0.31446,0.00105,0.04927,1,0.05660,0.00105,0.034695,-0.00016,-0.2994,-0.0002,0.0127,-0.0206,-0.0481,-0.2433,-0.8085,0,0.04900,0.01900,0.0047,0.0000,-0.000686,0.050219,0.0840,-0.1365,64.7217,-0.0184,-0.1832,64.9108,0.0000,0.0000,0.0000,0.0000,0.0000,0.0000,-0.005081,0.000260,64.7215,-0.004874,0.000421,64.9108,0.000000,0.000000,0.0000,0.000000,0.000000,0.0000,-0.13155,-0.22438,-0.34134,0.56821,-0.22866,0.22320,0.06378,-0.24152,-0.50630,1.05584,-0.27897,0.09975,0.01804,0.00176,0.01473,0.00229,0.50554,3.73569,0.24020,-1.67553,-0.43678,-0.01416,-0.07342,-0.53860,-0.11652,0.43366,-0.03269,-0.09896,-0.08966,-0.01017,0.06582,0.00369,6.000,6.000,12.000,12.000,6.000,6.000,6.000,6.000,12.000,12.000,6.000,6.000,6.000,6.000,6.000,6.000,0.004063,0.049341,0.004200,0.049273,0.004200,0.049716,0.003790,0.049923,0.000000,0.000153,1.000000,1.000000,1.000000,0.000000,0.004182,-0.049751,0.054968,0.223122,0.103032
2.2250,-0.00378,0.06560,0.47725,0.99796,0.00037,0.00062,0.06391,0.00419,0.04926,0.31508,0.31446,0.00112,0.04926,1,0.05680,0.00112,0.034694,-0.00016,-0.2979,-0.0002,0.0132,-0.0202,-0.0482,-0.2374,-0.8135,0,0.04900,0.01900,0.0044,0.0000,-0.000742,0.050167,0.0872,-0.1339,64.7205,-0.0137,-0.1726,64.9203,0.0000,0.0000,0.0000,0.0000,0.0000,0.0000,-0.005130,0.000216,64.7204,-0.004930,0.000369,64.9203,0.000000,0.000000,0.0000,0.000000,0.000000,0.0000,-0.13131,-0.22443,-0.34215,0.56957,-0.22930,0.22328,0.06397,-0.24172,-0.50855,1.06032,-0.28092,0.09652,0.01795,0.00173,0.01485,0.00221,0.52375,3.73586,0.24513,-1.69122,-0.44082,-0.01132,-0.07839,-0.53772,-0.10343,0.40164,-0.03450,-0.09760,-0.09197,-0.01044,0.06613,0.00365,6.000,6.000,12.000,12.000,6.000,6.000,6.000,6.000,12.000,12.000,6.000,6.000,6.000,6.000,6.000,6.000,0.004057,0.049325,0.004200,0.049260,0.004200,0.049716,0.003771,0.049912,0.000000,0.000157,1.000000,1.000000,1.000000,0.000000,0.004182,-0.049751,0.054992,0.223197,0.099752
2.2300,-0.00380,0.06560,0.47722,0.99796,0.00038,0.00065,0.06378,0.00419,0.04927,0.31507,0.31446,0.00119,0.04925,1,0.05695,0.00119,0.034694,-0.00015,-0.2966,-0.0002,0.0136,-0.0199,-0.0486,-0.2328,-0.8171,0,0.04900,0.01900,0.0042,0.0000,-0.000793,0.050121,0.0902,-0.1320,64.7181,-0.0090,-0.1624,64.9302,0.0000,0.0000,0.0000,0.0000,0.0000,0.0000,-0.005175,0.000179,64.7180,-0.004980,0.000323,64.9302,0.000000,0.000000,0.0000,0.000000,0.000000,0.0000,-0.13070,-0.22449,-0.34272,0.57068,-0.22993,0.22337,0.06403,-0.24189,-0.51037,1.06374,-0.28293,0.09333,0.01783,0.00170,0.01495,0.00213,0.54092,3.73596,0.24928,-1.70644,-0.44438,-0.00884,-0.08319,-0.53676,-0.09039,0.36945,-0.03637,-0.09618,-0.09410,-0.01068,0.06625,0.00360,6.000,6.000,12.000,12.000,6.000,6.000,6.000,6.000,12.000,12.000,6.000,6.000,6.000,6.000,6.000,6.000,0.004051,0.049310,0.004200,0.049247,0.004200,0.049716,0.003753,0.049905,0.000000,0.000162,1.000000,1.000000,1.000000,0.000000,0.004182,-0.049751,0.054968,0.223281,0.096516
2.2350,-0.00380,0.06560,0.47719,0.99798,0.00038,0.00069,0.06346,0.00419,0.04927,0.31506,0.31446,0.00126,0.04923,1,0.05704,0.00126,0.034693,-0.00014,-0.2958,-0.0002,0.0140,-0.0197,-0.0492,-0.2294,-0.8194,0,0.04900,0.01900,0.0039,0.0000,-0.000840,0.050080,0.0931,-0.1309,64.7144,-0.0045,-0.1524,64.9406,0.0000,0.0000,0.0000,0.0000,0.0000,0.0000,-0.005216,0.000148,64.7143,-0.005027,0.000282,64.9406,0.000000,0.000000,0.0000,0.000000,0.000000,0.0000,-0.12974,-0.22456,-0.34302,0.57152,-0.23054,0.22348,0.06397,-0.24203,-0.51176,1.06609,-0.28500,0.09019,0.01768,0.00166,0.01501,0.00205,0.55697,3.73598,0.25260,-1.72117,-0.44747,-0.00676,-0.08781,-0.53572,-0.07742,0.33715,-0.03829,-0.09472,-0.09602,-0.01089,0.06617,0.00354,6.000,6.000,12.000,12.000,6.000,6.000,6.000,6.000,12.000,12.000,6.000,6.000,6.000,6.000,6.000,6.000,0.004045,0.049295,0.004200,0.049234,0.004200,0.049716,0.003735,0.049900,0.000000,0.000167,1.000000,1.000000,1.000000,0.000000,0.004182,-0.049751,0.054895,0.223374,0.093327
2.2400,-0.00381,0.06561,0.47717,0.99802,0.00039,0.00072,0.06297,0.00418,0.04927,0.31505,0.31446,0.00132,0.04922,1,0.05707,0.00132,0.034692,-0.00012,-0.2953,-0.0002,0.0145,-0.0197,-0.0499,-0.2274,-0.8204,0,0.04900,0.01900,0.0037,0.0000,-0.000882,0.050046,0.0959,-0.1304,64.7095,0.0001,-0.1428,64.9512,0.0000,0.0000,0.0000,0.0000,0.0000,0.0000,-0.005254,0.000125,64.7094,-0.005070,0.000248,64.9512,0.000000,0.000000,0.0000,0.000000,0.000000,0.0000,-0.12841,-0.22464,-0.34308,0.57209,-0.23114,0.22359,0.06378,-0.24215,-0.51272,1.06738,-0.28713,0.08710,0.01751,0.00162,0.01505,0.00196,0.57184,3.73589,0.25507,-1.73539,-0.45010,-0.00511,-0.09223,-0.53457,-0.06452,0.30481,-0.04025,-0.09322,-0.09773,-0.01108,0.06588,0.00346,6.000,6.000,12.000,12.000,6.000,6.000,6.000,6.000,12.000,12.000,6.000,6.000,6.000,6.000,6.000,6.000,0.004039,0.049281,0.004200,0.049220,0.004200,0.049716,0.003717,0.049898,0.000000,0.000172,1.000000,1.000000,1.000000,0.000000,0.004182,-0.049751,0.054774,0.223476,0.090187
2.2450,-0.00380,0.06562,0.47716,0.99806,0.00040,0.00075,0.06229,0.00418,0.04927,0.31505,0.31446,0.00139,0.04921,1,0.05705,0.00139,0.034692,-0.00011,-0.2951,-0.0002,0.0149,-0.0197,-0.0508,-0.2267,-0.8202,0,0.04900,0.01900,0.0034,0.0000,-0.000922,0.050018,0.0985,-0.1306,64.7033,0.0045,-0.1336,64.9622,0.0000,0.0000,0.0000,0.0000,0.0000,0.0000,-0.005289,0.000109,64.7032,-0.005109,0.000220,64.9622,0.000000,0.000000,0.0000,0.000000,0.000000,0.0000,-0.12671,-0.22473,-0.34287,0.57240,-0.23172,0.22371,0.06346,-0.24223,-0.51324,1.06761,-0.28931,0.08406,0.01730,0.00157,0.01506,0.00186,0.58545,3.73568,0.25667,-1.74906,-0.45225,-0.00394,-0.09644,-0.53331,-0.05171,0.27248,-0.04224,-0.09168,-0.09922,-0.01123,0.06539,0.00336,6.000,6.000,12.000,12.000,6.000,6.000,6.000,6.000,12.000,12.000,6.000,6.000,6.000,6.000,6.000,6.000,0.004033,0.049267,0.004200,0.049206,0.004200,0.049716,0.003701,0.049899,0.000000,0.000177,1.000000,1.000000,1.000000,0.000000,0.004182,-0.049751,0.054605,0.223586,0.087097
2.2500,-0.00379,0.06563,0.47716,0.99811,0.00040,0.00078,0.06144,0.00417,0.04927,0.31504,0.31446,0.00145,0.04919,1,0.05697,0.00145,0.034691,-0.00009,-0.2953,-0.0002,0.0152,-0.0198,-0.0519,-0.2274,-0.8188,0,0.04900,0.01900,0.0032,0.0000,-0.000957,0.049997,0.1011,-0.1313,64.6960,0.0090,-0.1248,64.9734,0.0000,0.0000,0.0000,0.0000,0.0000,0.0000,-0.005320,0.000101,64.6959,-0.005145,0.000200,64.9734,0.000000,0.000000,0.0000,0.000000,0.000000,0.0000,-0.12464,-0.22483,-0.34241,0.57244,-0.23229,0.22383,0.06301,-0.24228,-0.51332,1.06676,-0.29155,0.08107,0.01707,0.00153,0.01505,0.00176,0.59771,3.73532,0.25738,-1.76216,-0.45392,-0.00327,-0.10044,-0.53192,-0.03902,0.24019,-0.04424,-0.09011,-0.10048,-0.01135,0.06469,0.00325,6.000,6.000,12.000,12.000,6.000,6.000,6.000,6.000,12.000,12.000,6.000,6.000,6.000,6.000,6.000,6.000,0.004028,0.049254,0.004200,0.049192,0.004200,0.049716,0.003685,0.049903,0.000000,0.000183,1.000000,1.000000,1.000000,0.000000,0.004182,-0.049751,0.054389,0.223705,0.084059
2.2550,-0.00377,0.06564,0.47717,0.99817,0.00041,0.00081,0.06040,0.00417,0.04927,0.31503,0.31446,0.00151,0.04918,1,0.05683,0.00151,0.034691,-0.00006,-0.2958,-0.0002,0.0156,-0.0200,-0.0532,-0.2295,-0.8162,0,0.04900,0.01900,0.0030,0.0000,-0.000990,0.049984,0.1034,-0.1327,64.6875,0.0134,-0.1164,64.9849,0.0000,0.0000,0.0000,0.0000,0.0000,0.0000,-0.005348,0.000102,64.6874,-0.005177,0.000187,64.9849,0.000000,0.000000,0.0000,0.000000,0.000000,0.0000,-0.12220,-0.22494,-0.34169,0.57221,-0.23285,0.22397,0.06243,-0.24229,-0.51297,1.06485,-0.29384,0.07814,0.01681,0.00148,0.01500,0.00166,0.60856,3.73478,0.25722,-1.77464,-0.45508,-0.00313,-0.10419,-0.53039,-0.02646,0.20800,-0.04624,-0.08852,-0.10149,-0.01144,0.06377,0.00313,6.000,6.000,12.000,12.000,6.000,6.000,6.000,6.000,12.000,12.000,6.000,6.000,6.000,6.000,6.000,6.000,0.004023,0.049241,0.004200,0.049177,0.004200,0.049716,0.003669,0.049909,0.000000,0.000188,1.000000,1.000000,1.000000,0.000000,0.004182,-0.049751,0.054127,0.223832,0.081074
2.2600,-0.00374,0.06566,0.47718,0.99825,0.00041,0.00084,0.05917,0.00416,0.04927,0.31503,0.31446,0.00157,0.04916,1,0.05664,0.00157,0.034691,-0.00004,-0.2967,-0.0002,0.0159,-0.0203,-0.0547,-0.2330,-0.8124,0,0.04900,0.01900,0.0028,0.0000,-0.001018,0.049979,0.1057,-0.1347,64.6778,0.0177,-0.1084,64.9966,0.0000,0.0000,0.0000,0.0000,0.0000,0.0000,-0.005371,0.000112,64.6777,-0.005205,0.000183,64.9966,0.000000,0.000000,0.0000,0.000000,0.000000,0.0000,-0.11940,-0.22507,-0.34072,0.57171,-0.23340,0.22411,0.06172,-0.24228,-0.51219,1.06186,-0.29620,0.07527,0.01652,0.00142,0.01493,0.00155,0.61790,3.73405,0.25620,-1.78644,-0.45569,-0.00356,-0.10771,-0.52870,-0.01406,0.17594,-0.04822,-0.08691,-0.10224,-0.01150,0.06263,0.00299,6.000,6.000,12.000,12.000,6.000,6.000,6.000,6.000,12.000,12.000,6.000,6.000,6.000,6.000,6.000,6.000,0.004018,0.049228,0.004200,0.049161,0.004200,0.049716,0.003654,0.049917,0.000000,0.000194,1.000000,1.000000,1.000000,0.000000,0.004182,-0.049751,0.053822,0.223965,0.078144
2.2650,-0.00370,0.06568,0.47721,0.99833,0.00042,0.00087,0.05777,0.00416,0.04927,0.31502,0.31446,0.00163,0.04915,1,0.05640,0.00163,0.034690,-0.00002,-0.2979,-0.0002,0.0163,-0.0207,-0.0563,-0.2379,-0.8076,0,0.04900,0.01900,0.0026,0.0000,-0.001042,0.049983,0.1078,-0.1372,64.6671,0.0220,-0.1009,65.0085,0.0000,0.0000,0.0000,0.0000,0.0000,0.0000,-0.005390,0.000130,64.6670,-0.005229,0.000187,65.0085,0.000000,0.000000,0.0000,0.000000,0.000000,0.0000,-0.11624,-0.22521,-0.33949,0.57096,-0.23393,0.22425,0.06087,-0.24223,-0.51098,1.05782,-0.29861,0.07245,0.01620,0.00137,0.01483,0.00144,0.62564,3.73309,0.25435,-1.79750,-0.45572,-0.00458,-0.11096,-0.52686,-0.00185,0.14404,-0.05017,-0.08528,-0.10271,-0.01153,0.06125,0.00283,6.000,6.000,12.000,12.000,6.000,6.000,6.000,6.000,12.000,12.000,6.000,6.000,6.000,6.000,6.000,6.000,0.004013,0.049216,0.004200,0.049146,0.004200,0.049716,0.003640,0.049928,0.000000,0.000200,1.000000,1.000000,1.000000,0.000000,0.004182,-0.049751,0.053473,0.224105,0.075271
2.2700,-0.00366,0.06570,0.47724,0.99842,0.00043,0.00090,0.05619,0.00416,0.04926,0.31501,0.31446,0.00169,0.04913,1,0.05610,0.00169,0.034690,0.00001,-0.2994,-0.0002,0.0166,-0.0211,-0.0581,-0.2443,-0.8016,0,0.04900,0.01900,0.0025,0.0000,-0.001061,0.049995,0.1098,-0.1402,64.6553,0.0263,-0.0938,65.0206,0.0000,0.0000,0.0000,0.0000,0.0000,0.0000,-0.005404,0.000159,64.6552,-0.005249,0.000200,65.0206,0.000000,0.000000,0.0000,0.000000,0.000000,0.0000,-0.11271,-0.22535,-0.33800,0.56994,-0.23446,0.22440,0.05989,-0.24215,-0.50933,1.05272,-0.30107,0.06970,0.01586,0.00131,0.01470,0.00133,0.63170,3.73190,0.25173,-1.80774,-0.45510,-0.00622,-0.11394,-0.52484,0.01015,0.11232,-0.05207,-0.08364,-0.10289,-0.01151,0.05965,0.00265,6.000,6.000,12.000,12.000,6.000,6.000,6.000,6.000,12.000,12.000,6.000,6.000,6.000,6.000,6.000,6.000,0.004008,0.049205,0.004200,0.049130,0.004200,0.049716,0.003626,0.049941,0.000000,0.000205,1.000000,1.000000,1.000000,0.000000,0.004182,-0.049751,0.053082,0.224250,0.072454
2.2750,-0.00361,0.06573,0.47729,0.99852,0.00043,0.00092,0.05442,0.00415,0.04926,0.31501,0.31446,0.00174,0.04911,1,0.05575,0.00174,0.034691,0.00004,-0.3012,-0.0002,0.0168,-0.0217,-0.0600,-0.2522,-0.7945,0,0.04900,0.01900,0.0024,0.0000,-0.001076,0.050017,0.1117,-0.1437,64.6425,0.0306,-0.0873,65.0328,0.0000,0.0000,0.0000,0.0000,0.0000,0.0000,-0.005412,0.000197,64.6424,-0.005263,0.000222,65.0328,0.000000,0.000000,0.0000,0.000000,0.000000,0.0000,-0.10884,-0.22551,-0.33627,0.56866,-0.23497,0.22455,0.05878,-0.24203,-0.50725,1.04658,-0.30358,0.06700,0.01548,0.00126,0.01455,0.00121,0.63598,3.73044,0.24838,-1.81709,-0.45378,-0.00848,-0.11664,-0.52265,0.02190,0.08082,-0.05391,-0.08199,-0.10276,-0.01146,0.05780,0.00246,6.000,6.000,12.000,12.000,6.000,6.000,6.000,6.000,12.000,12.000,6.000,6.000,6.000,6.000,6.000,6.000,0.004004,0.049193,0.004200,0.049113,0.004200,0.049716,0.003613,0.049956,0.000000,0.000211,1.000000,1.000000,1.000000,0.000000,0.004182,-0.049751,0.052652,0.224400,0.069695
2.2800,-0.00355,0.06576,0.47734,0.99862,0.00044,0.00095,0.05249,0.00415,0.04926,0.31500,0.31446,0.00180,0.04910,1,0.05535,0.00180,0.034691,0.00007,-0.3033,-0.0002,0.0171,-0.0223,-0.0621,-0.2615,-0.7863,0,0.04900,0.01900,0.0023,0.0000,-0.001084,0.050047,0.1134,-0.1476,64.6288,0.0349,-0.0812,65.0452,0.0000,0.0000,0.0000,0.0000,0.0000,0.0000,-0.005413,0.000244,64.6287,-0.005271,0.000254,65.0452,0.000000,0.000000,0.0000,0.000000,0.000000,0.0000,-0.10461,-0.22567,-0.33428,0.56713,-0.23548,0.22470,0.05753,-0.24188,-0.50474,1.03939,-0.30614,0.06435,0.01508,0.00120,0.01437,0.00110,0.63838,3.72870,0.24438,-1.82544,-0.45167,-0.01138,-0.11904,-0.52026,0.03336,0.04954,-0.05568,-0.08033,-0.10231,-0.01138,0.05572,0.00226,6.000,6.000,12.000,12.000,6.000,6.000,6.000,6.000,12.000,12.000,6.000,6.000,6.000,6.000,6.000,6.000,0.004000,0.049181,0.004200,0.049096,0.004200,0.049716,0.003600,0.049973,0.000000,0.000217,1.000000,1.000000,1.000000,0.000000,0.004182,-0.049751,0.052185,0.224551,0.066995
2.2850,-0.00349,0.06579,0.47740,0.99873,0.00045,0.00097,0.05038,0.00414,0.04926,0.31499,0.31446,0.00185,0.04908,1,0.05490,0.00185,0.034691,0.00009,-0.3056,-0.0002,0.0173,-0.0229,-0.0643,-0.2721,-0.7770,0,0.04900,0.01900,0.0022,0.0000,-0.001085,0.050087,0.1150,-0.1519,64.6142,0.0391,-0.0757,65.0577,0.0000,0.0000,0.0000,0.0000,0.0000,0.0000,-0.005406,0.000302,64.6141,-0.005272,0.000295,65.0577,0.000000,0.000000,0.0000,0.000000,0.000000,0.0000,-0.10005,-0.22584,-0.33206,0.56535,-0.23597,0.22486,0.05615,-0.24170,-0.50181,1.03118,-0.30875,0.06177,0.01465,0.00114,0.01416,0.00097,0.63881,3.72668,0.23980,-1.83270,-0.44870,-0.01492,-0.12113,-0.51770,0.04449,0.01851,-0.05735,-0.07867,-0.10152,-0.01125,0.05340,0.00203,6.000,6.000,12.000,12.000,6.000,6.000,6.000,6.000,12.000,12.000,6.000,6.000,6.000,6.000,6.000,6.000,0.003996,0.049170,0.004200,0.049078,0.004200,0.049716,0.003588,0.049992,0.000000,0.000224,1.000000,1.000000,1.000000,0.000000,0.004182,-0.049751,0.051683,0.224705,0.064355
2.2900,-0.00342,0.06582,0.47746,0.99884,0.00046,0.00099,0.04811,0.00414,0.04925,0.31499,0.31446,0.00189,0.04906,1,0.05441,0.00189,0.034692,0.00012,-0.3081,-0.0002,0.0176,-0.0236,-0.0666,-0.2842,-0.7666,0,0.04900,0.01900,0.0021,0.0000,-0.001078,0.050137,0.1164,-0.1567,64.5988,0.0434,-0.0706,65.0704,0.0000,0.0000,0.0000,0.0000,0.0000,0.0000,-0.005390,0.000369,64.5986,-0.005265,0.000346,65.0704,0.000000,0.000000,0.0000,0.000000,0.000000,0.0000,-0.09516,-0.22602,-0.32960,0.56333,-0.23645,0.22501,0.05463,-0.24148,-0.49845,1.02195,-0.31139,0.05925,0.01419,0.00108,0.01392,0.00085,0.63716,3.72436,0.23475,-1.83876,-0.44476,-0.01909,-0.12291,-0.51495,0.05525,-0.01227,-0.05891,-0.07702,-0.10036,-0.01108,0.05083,0.00179,6.000,6.000,12.000,12.000,6.000,6.000,6.000,6.000,12.000,12.000,6.000,6.000,6.000,6.000,6.000,6.000,0.003992,0.049159,0.004200,0.049060,0.004200,0.049716,0.003577,0.050012,0.000000,0.000230,1.000000,1.000000,1.000000,0.000000,0.004182,-0.049751,0.051149,0.224858,0.061774
2.2950,-0.00334,0.06586,0.47754,0.99896,0.00047,0.00101,0.04567,0.00414,0.04925,0.31498,0.31446,0.00194,0.04904,1,0.05387,0.00194,0.034692,0.00015,-0.3108,-0.0002,0.0178,-0.0244,-0.0690,-0.2977,-0.7551,0,0.04900,0.01900,0.0021,0.0000,-0.001062,0.050195,0.1177,-0.1617,64.5825,0.0476,-0.0661,65.0831,0.0000,0.0000,0.0000,0.0000,0.0000,0.0000,-0.005362,0.000446,64.5824,-0.005249,0.000406,65.0831,0.000000,0.000000,0.0000,0.000000,0.000000,0.0000,-0.08994,-0.22620,-0.32690,0.56107,-0.23693,0.22516,0.05299,-0.24122,-0.49468,1.01172,-0.31407,0.05679,0.01370,0.00101,0.01366,0.00073,0.63333,3.72174,0.22934,-1.84349,-0.43975,-0.02389,-0.12436,-0.51202,0.06560,-0.04278,-0.06034,-0.07536,-0.09883,-0.01087,0.04800,0.00154,6.000,6.000,12.000,12.000,6.000,6.000,6.000,6.000,12.000,12.000,6.000,6.000,6.000,6.000,6.000,6.000,0.003989,0.049147,0.004200,0.049042,0.004200,0.049716,0.003567,0.050034,0.000000,0.000236,1.000000,1.000000,1.000000,0.000000,0.004182,-0.049751,0.050584,0.225010,0.059253
2.3000,-0.00325,0.06589,0.47762,0.99907,0.00048,0.00103,0.04307,0.00413,0.04925,0.31498,0.31446,0.00198,0.04902,1,0.05329,0.00198,0.034693,0.00017,-0.3136,-0.0002,0.0179,-0.0252,-0.0716,-0.3124,-0.7424,0,0.04900,0.01900,0.0021,0.0000,-0.001036,0.050263,0.1189,-0.1671,64.5656,0.0519,-0.0621,65.0958,0.0000,0.0000,0.0000,0.0000,0.0000,0.0000,-0.005323,0.000531,64.5655,-0.005222,0.000476,65.0958,0.000000,0.000000,0.0000,0.000000,0.000000,0.0000,-0.08442,-0.22638,-0.32398,0.55858,-0.23739,0.22530,0.05121,-0.24093,-0.49048,1.00050,-0.31677,0.05439,0.01319,0.00095,0.01337,0.00060,0.62722,3.71884,0.22367,-1.84677,-0.43356,-0.02928,-0.12546,-0.50892,0.07547,-0.07301,-0.06161,-0.07371,-0.09691,-0.01061,0.04493,0.00126,6.000,6.000,12.000,12.000,6.000,6.000,6.000,6.000,12.000,12.000,6.000,6.000,6.000,6.000,6.000,6.000,0.003985,0.049136,0.004200,0.049023,0.004200,0.049716,0.003557,0.050057,0.000000,0.000242,1.000000,1.000000,1.000000,0.000000,0.004182,-0.049751,0.049992,0.225158,0.056793
2.3050,-0.00316,0.06593,0.47771,0.99919,0.00049,0.00105,0.04033,0.00413,0.04925,0.31497,0.31446,0.00202,0.04900,1,0.05268,0.00202,0.034694,0.00020,-0.3165,-0.0002,0.0181,-0.0261,-0.0743,-0.3285,-0.7285,0,0.04900,0.01900,0.0021,0.0000,-0.000997,0.050339,0.1198,-0.1727,64.5480,0.0562,-0.0586,65.1087,0.0000,0.0000,0.0000,0.0000,0.0000,0.0000,-0.005270,0.000625,64.5479,-0.005183,0.000554,65.1087,0.000000,0.000000,0.0000,0.000000,0.000000,0.0000,-0.07861,-0.22657,-0.32085,0.55587,-0.23785,0.22544,0.04931,-0.24059,-0.48587,0.98830,-0.31949,0.05206,0.01266,0.00088,0.01306,0.00047,0.61871,3.71568,0.21790,-1.84845,-0.42608,-0.03522,-0.12622,-0.50566,0.08482,-0.10295,-0.06272,-0.07207,-0.09456,-0.01031,0.04161,0.00097,6.000,6.000,12.000,12.000,6.000,6.000,6.000,6.000,12.000,12.000,6.000,6.000,6.000,6.000,6.000,6.000,0.003982,0.049124,0.004200,0.049003,0.004200,0.049716,0.003548,0.050081,0.000000,0.000249,1.000000,1.000000,1.000000,0.000000,0.004182,-0.049751,0.049376,0.225300,0.054394
2.3100,-0.00306,0.06597,0.47780,0.99930,0.00050,0.00107,0.03744,0.00412,0.04924,0.31497,0.31446,0.00206,0.04898,1,0.05203,0.00206,0.034695,0.00022,-0.3195,-0.0002,0.0182,-0.0269,-0.0770,-0.3458,-0.7133,0,0.04900,0.01900,0.0021,0.0000,-0.000945,0.050423,0.1206,-0.1786,64.5299,0.0605,-0.0556,65.1215,0.0000,0.0000,0.0000,0.0000,0.0000,0.0000,-0.005201,0.000726,64.5297,-0.005131,0.000640,65.1215,0.000000,0.000000,0.0000,0.000000,0.000000,0.0000,-0.07252,-0.22675,-0.31750,0.55294,-0.23830,0.22556,0.04728,-0.24022,-0.48084,0.97516,-0.32223,0.04978,0.01210,0.00082,0.01273,0.00034,0.60770,3.71229,0.21215,-1.84839,-0.41717,-0.04166,-0.12662,-0.50227,0.09360,-0.13260,-0.06362,-0.07043,-0.09178,-0.00996,0.03804,0.00067,6.000,6.000,12.000,12.000,6.000,6.000,6.000,6.000,12.000,12.000,6.000,6.000,6.000,6.000,6.000,6.000,0.003980,0.049112,0.004200,0.048983,0.004200,0.049716,0.003540,0.050105,0.000000,0.000255,1.000000,1.000000,1.000000,0.000000,0.004182,-0.049751,0.048738,0.225436,0.052056
2.3150,-0.00295,0.06601,0.47790,0.99941,0.00052,0.00108,0.03441,0.00412,0.04924,0.31496,0.31446,0.00209,0.04896,1,0.05135,0.00209,0.034696,0.00024,-0.3225,-0.0002,0.0183,-0.0279,-0.0798,-0.3643,-0.6968,0,0.04900,0.01900,0.0021,0.0000,-0.000878,0.050514,0.1212,-0.1847,64.5112,0.0649,-0.0531,65.1343,0.0000,0.0000,0.0000,0.0000,0.0000,0.0000,-0.005114,0.000833,64.5111,-0.005063,0.000733,65.1343,0.000000,0.000000,0.0000,0.000000,0.000000,0.0000,-0.06616,-0.22694,-0.31395,0.54981,-0.23874,0.22568,0.04513,-0.23981,-0.47541,0.96109,-0.32496,0.04756,0.01152,0.00075,0.01237,0.00021,0.59409,3.70871,0.20659,-1.84643,-0.40669,-0.04853,-0.12664,-0.49877,0.10173,-0.16195,-0.06431,-0.06881,-0.08855,-0.00956,0.03421,0.00034,6.000,6.000,12.000,12.000,6.000,6.000,6.000,6.000,12.000,12.000,6.000,6.000,6.000,6.000,6.000,6.000,0.003978,0.049100,0.004200,0.048962,0.004200,0.049716,0.003534,0.050131,0.000000,0.000261,1.000000,1.000000,1.000000,0.000000,0.004182,-0.049751,0.048082,0.225564,0.049778
2.3200,-0.00284,0.06605,0.47801,0.99951,0.00053,0.00109,0.03126,0.00412,0.04923,0.31496,0.31446,0.00212,0.04894,1,0.05064,0.00212,0.034697,0.00026,-0.3255,-0.0002,0.0183,-0.0288,-0.0827,-0.3840,-0.6789,0,0.04900,0.01900,0.0022,0.0000,-0.000794,0.050611,0.1216,-0.1909,64.4922,0.0693,-0.0512,65.1472,0.0000,0.0000,0.0000,0.0000,0.0000,0.0000,-0.005008,0.000946,64.4920,-0.004977,0.000833,65.1472,0.000000,0.000000,0.0000,0.000000,0.000000,0.0000,-0.05956,-0.22712,-0.31021,0.54648,-0.23917,0.22578,0.04286,-0.23937,-0.46958,0.94610,-0.32769,0.04540,0.01092,0.00068,0.01199,0.00008,0.57775,3.70500,0.20137,-1.84242,-0.39452,-0.05576,-0.12628,-0.49519,0.10916,-0.19097,-0.06474,-0.06720,-0.08484,-0.00911,0.03013,0.00001,6.000,6.000,12.000,12.000,6.000,6.000,6.000,6.000,12.000,12.000,6.000,6.000,6.000,6.000,6.000,6.000,0.003976,0.049087,0.004200,0.048940,0.004200,0.049716,0.003528,0.050157,0.000000,0.000268,1.000000,1.000000,1.000000,0.000000,0.004182,-0.049751,0.047411,0.225680,0.047561
2.3250,-0.00272,0.06609,0.47812,0.99961,0.00055,0.00110,0.02798,0.00411,0.04923,0.31495,0.31446,0.00215,0.04892,1,0.04990,0.00215,0.034698,0.00027,-0.3284,-0.0002,0.0184,-0.0298,-0.0856,-0.4047,-0.6595,0,0.04900,0.01900,0.0023,0.0000,-0.000690,0.050713,0.1218,-0.1973,64.4728,0.0737,-0.0498,65.1600,0.0000,0.0000,0.0000,0.0000,0.0000,0.0000,-0.004881,0.001062,64.4726,-0.004873,0.000938,65.1600,0.000000,0.000000,0.0000,0.000000,0.000000,0.0000,-0.05274,-0.22729,-0.30630,0.54297,-0.23959,0.22588,0.04047,-0.23888,-0.46335,0.93023,-0.33040,0.04331,0.01030,0.00062,0.01159,-0.00005,0.55857,3.70124,0.19668,-1.83620,-0.38051,-0.06324,-0.12554,-0.49157,0.11582,-0.21966,-0.06490,-0.06560,-0.08062,-0.00861,0.02580,-0.00035,6.000,6.000,12.000,12.000,6.000,6.000,6.000,6.000,12.000,12.000,6.000,6.000,6.000,6.000,6.000,6.000,0.003974,0.049074,0.004200,0.048919,0.004200,0.049716,0.003523,0.050183,0.000000,0.000274,1.000000,1.000000,1.000000,0.000000,0.004182,-0.049751,0.046729,0.225785,0.045405
2.3300,-0.00259,0.06613,0.47823,0.99970,0.00056,0.00111,0.02460,0.00411,0.04923,0.31495,0.31446,0.00218,0.04890,1,0.04915,0.00218,0.034699,0.00029,-0.3311,-0.0002,0.0184,-0.0307,-0.0886,-0.4264,-0.6380,0,0.04900,0.01900,0.0024,0.0000,-0.000566,0.050819,0.1217,-0.2037,64.4532,0.0782,-0.0488,65.1732,0.0000,0.0000,0.0000,0.0000,0.0000,0.0000,-0.004730,0.001180,64.4530,-0.004748,0.001046,65.1732,0.000000,0.000000,0.0000,0.000000,0.000000,0.0000,-0.04572,-0.22746,-0.30221,0.53928,-0.23999,0.22595,0.03797,-0.23835,-0.45673,0.91351,-0.33307,0.04127,0.00967,0.00055,0.01116,-0.00014,0.53644,3.69752,0.19268,-1.82759,-0.36452,-0.07086,-0.12439,-0.48795,0.12164,-0.24798,-0.06475,-0.06401,-0.07589,-0.00805,0.02117,-0.00044,6.000,6.000,12.000,12.000,6.000,6.000,6.000,6.000,12.000,12.000,6.000,6.000,6.000,6.000,6.000,6.000,0.003973,0.049060,0.004200,0.048896,0.004200,0.049716,0.003520,0.050210,0.000000,0.000280,1.000000,1.000000,1.000000,0.000000,0.004182,-0.049751,0.046037,0.225876,0.043308
2.3350,-0.00246,0.06617,0.47835,0.99978,0.00058,0.00112,0.02112,0.00410,0.04922,0.31495,0.31446,0.00220,0.04887,1,0.04837,0.00220,0.034701,0.00029,-0.3338,-0.0002,0.0183,-0.0317,-0.0916,-0.4492,-0.6131,0,0.04900,0.01900,0.0024,0.0000,-0.000419,0.050927,0.1214,-0.2102,64.4333,0.0825,-0.0486,65.1854,0.0000,0.0000,0.0000,0.0000,0.0000,0.0000,-0.004554,0.001298,64.4331,-0.004600,0.001157,65.1854,0.000000,0.000000,0.0000,0.000000,0.000000,0.0000,-0.03851,-0.22761,-0.29797,0.53543,-0.24039,0.22601,0.03536,-0.23779,-0.44973,0.89595,-0.33569,0.03929,0.00902,0.00048,0.01071,-0.00020,0.51126,3.69393,0.18953,-1.81647,-0.34644,-0.07849,-0.12282,-0.48439,0.12654,-0.27591,-0.06424,-0.06244,-0.07061,-0.00744,0.01614,0.00028,6.000,6.000,12.000,12.000,6.000,6.000,6.000,6.000,12.000,12.000,6.000,6.000,6.000,6.000,6.000,6.000,0.003972,0.049046,0.004200,0.048873,0.004200,0.049716,0.003518,0.050236,0.000000,0.000286,1.000000,1.000000,1.000000,0.000000,0.004182,-0.049751,0.045341,0.225951,0.041272
2.3400,-0.00232,0.06621,0.47847,0.99985,0.00060,0.00113,0.01755,0.00410,0.04921,0.31494,0.31446,0.00222,0.04885,1,0.04759,0.00222,0.034702,0.00030,-0.3361,-0.0002,0.0182,-0.0327,-0.0945,-0.4727,-0.5871,0,0.04900,0.01900,0.0026,0.0000,-0.000248,0.051034,0.1208,-0.2167,64.4135,0.0870,-0.0488,65.1977,0.0000,0.0000,0.0000,0.0000,0.0000,0.0000,-0.004349,0.001413,64.4134,-0.004427,0.001267,65.1977,0.000000,0.000000,0.0000,0.000000,0.000000,0.0000,-0.03115,-0.22776,-0.29359,0.53144,-0.24077,0.22605,0.03265,-0.23719,-0.44235,0.87759,-0.33826,0.03738,0.00836,0.00041,0.01024,-0.00023,0.48286,3.69061,0.18752,-1.80255,-0.32601,-0.08599,-0.12083,-0.48095,0.13043,-0.30340,-0.06336,-0.06089,-0.06476,-0.00676,0.01092,0.00069,6.000,6.000,12.000,12.000,6.000,6.000,6.000,6.000,12.000,12.000,6.000,6.000,6.000,6.000,6.000,6.000,0.003972,0.049031,0.004200,0.048849,0.004200,0.049716,0.003517,0.050263,0.000000,0.000291,1.000000,1.000000,1.000000,0.000000,0.004182,-0.049751,0.044643,0.226010,0.039295
2.3450,-0.00218,0.06624,0.47860,0.99990,0.00062,0.00113,0.01391,0.00410,0.04921,0.31494,0.31446,0.00223,0.04882,1,0.04679,0.00223,0.034703,0.00030,-0.3382,-0.0002,0.0181,-0.0337,-0.0975,-0.4968,-0.5599,0,0.04900,0.01900,0.0027,0.0000,-0.000049,0.051140,0.1199,-0.2231,64.3939,0.0915,-0.0496,65.2099,0.0000,0.0000,0.0000,0.0000,0.0000,0.0000,-0.004113,0.001524,64.3937,-0.004227,0.001376,65.2099,0.000000,0.000000,0.0000,0.000000,0.000000,0.0000,-0.02367,-0.22789,-0.28908,0.52731,-0.24114,0.22607,0.02984,-0.23655,-0.43460,0.85846,-0.34075,0.03552,0.00769,0.00035,0.00975,-0.00024,0.45114,3.68770,0.18684,-1.78566,-0.30309,-0.09319,-0.11840,-0.47770,0.13321,-0.33041,-0.06205,-0.05935,-0.05832,-0.00602,0.00550,0.00084,6.000,6.000,12.000,12.000,6.000,6.000,6.000,6.000,12.000,12.000,6.000,6.000,6.000,6.000,6.000,6.000,0.003972,0.049015,0.004200,0.048824,0.004200,0.049716,0.003517,0.050288,0.000000,0.000297,1.000000,1.000000,1.000000,0.000000,0.004182,-0.049751,0.043947,0.226051,0.037377
2.3500,-0.00203,0.06628,0.47873,0.99995,0.00064,0.00113,0.01021,0.00409,0.04920,0.31494,0.31446,0.00224,0.04880,1,0.04599,0.00224,0.034704,0.00029,-0.3400,-0.0002,0.0179,-0.0346,-0.1004,-0.5214,-0.5310,0,0.04900,0.01900,0.0028,0.0000,0.000180,0.051241,0.1187,-0.2294,64.3746,0.0960,-0.0510,65.2219,0.0000,0.0000,0.0000,0.0000,0.0000,0.0000,-0.003844,0.001627,64.3744,-0.003996,0.001480,65.2219,0.000000,0.000000,0.0000,0.000000,0.000000,0.0000,-0.01608,-0.22801,-0.28446,0.52306,-0.24149,0.22608,0.02694,-0.23587,-0.42650,0.83861,-0.34314,0.03371,0.00701,0.00028,0.00924,-0.00024,0.41594,3.68536,0.18772,-1.76561,-0.27751,-0.09991,-0.11551,-0.47471,0.13478,-0.35686,-0.06027,-0.05782,-0.05127,-0.00522,-0.00013,0.00079,6.000,6.000,12.000,12.000,6.000,6.000,6.000,6.000,12.000,12.000,6.000,6.000,6.000,6.000,6.000,6.000,0.003973,0.048998,0.004200,0.048799,0.004200,0.049716,0.003520,0.050313,0.000000,0.000302,1.000000,1.000000,1.000000,0.000000,0.004182,-0.049751,0.043256,0.226073,0.035516
2.3550,-0.00187,0.06631,0.47886,0.99998,0.00066,0.00113,0.00646,0.00409,0.04920,0.31493,0.31446,0.00225,0.04877,1,0.04518,0.00225,0.034706,0.00028,-0.3413,-0.0002,0.0177,-0.0355,-0.1033,-0.5463,-0.5002,0,0.04900,0.01900,0.0029,0.0000,0.000441,0.051336,0.1173,-0.2356,64.3557,0.1005,-0.0531,65.2336,0.0000,0.0000,0.0000,0.0000,0.0000,0.0000,-0.003540,0.001719,64.3555,-0.003734,0.001577,65.2336,0.000000,0.000000,0.0000,0.000000,0.000000,0.0000,-0.00843,-0.22812,-0.27976,0.51871,-0.24183,0.22606,0.02396,-0.23516,-0.41805,0.81807,-0.34541,0.03197,0.00633,0.00022,0.00873,-0.00024,0.37714,3.68376,0.19039,-1.74218,-0.24911,-0.10595,-0.11214,-0.47206,0.13503,-0.38267,-0.05799,-0.05631,-0.04357,-0.00436,-0.00596,0.00058,6.000,6.000,12.000,12.000,6.000,6.000,6.000,6.000,12.000,12.000,6.000,6.000,6.000,6.000,6.000,6.000,0.003974,0.048980,0.004200,0.048773,0.004200,0.049716,0.003524,0.050337,0.000000,0.000306,1.000000,1.000000,1.000000,0.000000,0.004182,-0.049751,0.042573,0.226077,0.033714
2.3600,-0.00171,0.06634,0.47899,1.00000,0.00069,0.00113,0.00269,0.00409,0.04919,0.31493,0.31446,0.00225,0.04875,1,0.04438,0.00225,0.034707,0.00027,-0.3422,-0.0002,0.0174,-0.0364,-0.1060,-0.5713,-0.4671,0,0.04900,0.01900,0.0030,0.0000,0.000737,0.051420,0.1154,-0.2416,64.3373,0.1049,-0.0557,65.2450,0.0000,0.0000,0.0000,0.0000,0.0000,0.0000,-0.003197,0.001797,64.3371,-0.003437,0.001664,65.2450,0.000000,0.000000,0.0000,0.000000,0.000000,0.0000,-0.00075,-0.22820,-0.27497,0.51428,-0.24215,0.22603,0.02090,-0.23441,-0.40926,0.79688,-0.34755,0.03028,0.00565,0.00015,0.00820,-0.00022,0.33459,3.68310,0.19511,-1.71517,-0.21769,-0.11109,-0.10826,-0.46986,0.13382,-0.40774,-0.05514,-0.05482,-0.03520,-0.00342,-0.01200,0.00025,6.000,6.000,12.000,12.000,6.000,6.000,6.000,6.000,12.000,12.000,6.000,6.000,6.000,6.000,6.000,6.000,0.003976,0.048961,0.004200,0.048746,0.004200,0.049716,0.003529,0.050359,0.000000,0.000310,1.000000,1.000000,1.000000,0.000000,0.004182,-0.049751,0.041902,0.226061,0.031968
2.3650,-0.00155,0.06636,0.47912,1.00000,0.00071,0.00112,-0.00110,0.00408,0.04918,0.31493,0.31446,0.00225,0.04872,1,0.04358,0.00225,0.034708,0.00025,-0.3425,-0.0002,0.0171,-0.0373,-0.1087,-0.5963,-0.4314,0,0.04900,0.01900,0.0032,0.0000,0.001070,0.051492,0.1132,-0.2473,64.3197,0.1094,-0.0591,65.2560,0.0000,0.0000,0.0000,0.0000,0.0000,0.0000,-0.002813,0.001857,64.3194,-0.003103,0.001737,65.2560,0.000000,0.000000,0.0000,0.000000,0.000000,0.0000,0.00693,-0.22827,-0.27014,0.50978,-0.24244,0.22597,0.01777,-0.23364,-0.40017,0.77509,-0.34954,0.02864,0.00497,0.00009,0.00767,-0.00021,0.28816,3.68360,0.20214,-1.68434,-0.18309,-0.11510,-0.10385,-0.46820,0.13102,-0.43192,-0.05170,-0.05334,-0.02614,-0.00241,-0.01823,-0.00018,6.000,6.000,12.000,12.000,6.000,6.000,6.000,6.000,12.000,12.000,6.000,6.000,6.000,6.000,6.000,6.000,0.003979,0.048940,0.004200,0.048719,0.004200,0.049716,0.003537,0.050380,0.000000,0.000313,1.000000,1.000000,1.000000,0.000000,0.004182,-0.049751,0.041246,0.226025,0.030278
2.3700,-0.00138,0.06638,0.47925,0.99999,0.00074,0.00112,-0.00488,0.00408,0.04918,0.31493,0.31446,0.00225,0.04869,1,0.04279,0.00225,0.034709,0.00023,-0.3423,-0.0002,0.0167,-0.0381,-0.1112,-0.6211,-0.3929,0,0.04900,0.01900,0.0033,0.0000,0.001442,0.051547,0.1106,-0.2527,64.3029,0.1137,-0.0631,65.2664,0.0000,0.0000,0.0000,0.0000,0.0000,0.0000,-0.002385,0.001896,64.3026,-0.002729,0.001795,65.2664,0.000000,0.000000,0.0000,0.000000,0.000000,0.0000,0.01458,-0.22833,-0.26527,0.50523,-0.24272,0.22590,0.01458,-0.23284,-0.39077,0.75275,-0.35134,0.02706,0.00429,0.00003,0.00713,-0.00019,0.23772,3.68548,0.21177,-1.64946,-0.14509,-0.11775,-0.09886,-0.46718,0.12646,-0.45506,-0.04760,-0.05187,-0.01637,-0.00133,-0.02464,-0.00069,6.000,6.000,12.000,12.000,6.000,6.000,6.000,6.000,12.000,12.000,6.000,6.000,6.000,6.000,6.000,6.000,0.003982,0.048918,0.004200,0.048691,0.004200,0.049716,0.003547,0.050399,0.000000,0.000315,1.000000,1.000000,1.000000,0.000000,0.004182,-0.049751,0.040608,0.225971,0.028644
2.3750,-0.00121,0.06640,0.47938,0.99996,0.00076,0.00111,-0.00864,0.00408,0.04917,0.31492,0.31446,0.00224,0.04866,1,0.04202,0.00224,0.034709,0.00020,-0.3415,-0.0002,0.0162,-0.0389,-0.1136,-0.6453,-0.3512,0,0.04900,0.01900,0.0035,0.0000,0.001858,0.051583,0.1076,-0.2577,64.2872,0.1180,-0.0680,65.2763,0.0000,0.0000,0.0000,0.0000,0.0000,0.0000,-0.001910,0.001910,64.2868,-0.002312,0.001832,65.2763,0.000000,0.000000,0.0000,0.000000,0.000000,0.0000,0.02214,-0.22836,-0.26038,0.50065,-0.24296,0.22581,0.01135,-0.23201,-0.38110,0.72994,-0.35295,0.02554,0.00362,-0.00002,0.00659,-0.00017,0.18313,3.68898,0.22430,-1.61029,-0.10348,-0.11879,-0.09326,-0.46691,0.11994,-0.47696,-0.04282,-0.05042,-0.00587,-0.00017,-0.03122,-0.00125,6.000,6.000,12.000,12.000,6.000,6.000,6.000,6.000,12.000,12.000,6.000,6.000,6.000,6.000,6.000,6.000,0.003986,0.048894,0.004200,0.048661,0.004200,0.049716,0.003558,0.050415,0.000000,0.000316,1.000000,1.000000,1.000000,0.000000,0.004182,-0.049751,0.039992,0.225900,0.027063
2.3800,-0.00104,0.06642,0.47951,0.99992,0.00079,0.00109,-0.01236,0.00408,0.04916,0.31492,0.31446,0.00223,0.04863,1,0.04126,0.00223,0.034710,0.00016,-0.3400,-0.0002,0.0157,-0.0396,-0.1158,-0.6687,-0.3053,0,0.04900,0.01900,0.0036,0.0000,0.002319,0.051595,0.1042,-0.2623,64.2727,0.1221,-0.0737,65.2854,0.0000,0.0000,0.0000,0.0000,0.0000,0.0000,-0.001384,0.001895,64.2724,-0.001850,0.001846,65.2854,0.000000,0.000000,0.0000,0.000000,0.000000,0.0000,0.02959,-0.22837,-0.25552,0.49607,-0.24318,0.22571,0.00808,-0.23117,-0.37117,0.70670,-0.35433,0.02406,0.00297,-0.00006,0.00605,-0.00015,0.12432,3.69436,0.24003,-1.56657,-0.05808,-0.11795,-0.08699,-0.46753,0.11126,-0.49736,-0.03731,-0.04898,0.00533,0.00128,-0.03794,-0.00186,6.000,6.000,12.000,12.000,6.000,6.000,6.000,6.000,12.000,12.000,6.000,6.000,6.000,6.000,6.000,6.000,0.003991,0.048869,0.004200,0.048632,0.004200,0.049716,0.003572,0.050429,0.000000,0.000316,1.000000,1.000000,1.000000,0.000000,0.004182,-0.049751,0.039400,0.225811,0.025536
2.3850,-0.00087,0.06643,0.47964,0.99987,0.00082,0.00108,-0.01601,0.00407,0.04915,0.31492,0.31446,0.00221,0.04860,1,0.04052,0.00221,0.034711,0.00012,-0.3379,-0.0002,0.0151,-0.0402,-0.1177,-0.6909,-0.2551,0,0.04900,0.01900,0.0038,0.0000,0.002829,0.051581,0.1004,-0.2663,64.2598,0.1261,-0.0802,65.2939,0.0000,0.0000,0.0000,0.0000,0.0000,0.0000,-0.000805,0.001847,64.2594,-0.001339,0.001833,65.2939,0.000000,0.000000,0.0000,0.000000,0.000000,0.0000,0.03688,-0.22837,-0.25068,0.49151,-0.24338,0.22559,0.00479,-0.23031,-0.36101,0.68312,-0.35545,0.02264,0.00233,-0.00008,0.00552,-0.00013,0.06123,3.70189,0.25930,-1.51804,-0.00865,-0.11496,-0.07999,-0.46914,0.10016,-0.51599,-0.03105,-0.04756,0.01723,0.00300,-0.04475,-0.00249,6.000,6.000,12.000,12.000,6.000,6.000,6.000,6.000,12.000,12.000,6.000,6.000,6.000,6.000,6.000,6.000,0.003996,0.048842,0.004200,0.048601,0.004200,0.049716,0.003589,0.050440,0.000000,0.000316,1.000000,1.000000,1.000000,0.000000,0.004182,-0.049751,0.038835,0.225709,0.024061
2.3900,-0.00069,0.06644,0.47976,0.99981,0.00084,0.00106,-0.01957,0.00407,0.04914,0.31492,0.31446,0.00218,0.04857,1,0.03982,0.00218,0.034711,0.00020,-0.3350,-0.0002,0.0145,-0.0407,-0.1194,-0.7114,-0.2006,0,0.04900,0.01900,0.0040,0.0000,0.003392,0.051535,0.0961,-0.2696,64.2485,0.1300,-0.0878,65.3015,0.0000,0.0000,0.0000,0.0000,0.0000,0.0000,-0.000167,0.001762,64.2481,-0.000775,0.001788,65.3015,0.000000,0.000000,0.0000,0.000000,0.000000,0.0000,0.04396,-0.22834,-0.24591,0.48696,-0.24351,0.22547,0.00164,-0.22948,-0.35080,0.65949,-0.35608,0.02145,0.00171,-0.00010,0.00499,-0.00011,-0.00608,3.71182,0.28245,-1.46442,0.04504,-0.10955,-0.07220,-0.47186,0.08637,-0.53248,-0.02405,-0.04615,0.02985,0.00466,-0.05160,-0.00312,6.000,6.000,12.000,12.000,6.000,6.000,6.000,6.000,12.000,12.000,6.000,6.000,6.000,6.000,6.000,6.000,0.004002,0.048813,0.004200,0.048569,0.004200,0.049716,0.003608,0.050447,0.000000,0.000313,1.000000,1.000000,1.000000,0.000000,0.004182,-0.049751,0.038301,0.225595,0.022637
2.3950,-0.00052,0.06646,0.47991,0.99973,0.00081,0.00109,-0.02307,0.00407,0.04913,0.31492,0.31446,0.00216,0.04854,1,0.03932,0.00216,0.034713,0.00064,-0.3416,-0.0002,-0.0030,-0.0324,-0.3193,-0.4804,-0.3911,0,0.04900,0.01900,0.0217,0.6398,0.004245,0.051899,-0.0199,-0.2146,62.9233,-0.2139,-0.7840,62.3882,0.0000,0.0000,0.0000,6.9615,-2.4199,19.2010,0.001791,0.002935,62.9230,0.000081,0.002151,62.3882,0.000000,0.000000,0.0000,-0.048990,0.018953,19.2010,0.05084,-0.22815,-0.24115,0.48193,-0.24327,0.22528,0.00076,-0.22920,-0.34271,0.63918,-0.35292,0.02335,0.00112,-0.00009,0.00436,-0.00009,-0.08713,3.54002,0.34349,-1.31555,0.17704,-0.18337,-0.04297,-0.40810,0.06244,-0.51997,0.01237,-0.01747,0.05130,0.00710,-0.06184,-0.00395,6.000,6.000,12.000,12.000,6.000,6.000,6.000,6.000,12.000,12.000,6.000,6.000,6.000,6.000,6.000,6.000,0.004189,0.048688,0.004200,0.048537,0.004200,0.049716,0.004167,0.050170,0.000000,0.000152,1.000000,1.000000,1.000000,0.000000,0.004182,-0.049751,0.037799,0.225470,0.021451
2.4000,-0.00040,0.06647,0.48007,0.99966,0.00085,0.00108,-0.02608,0.00409,0.04911,0.31496,0.31446,0.00221,0.04850,2,0.03904,0.00221,0.034803,0.02815,-0.3802,-0.0002,-0.0842,0.0017,-1.1747,0.8897,-1.0142,0,0.04900,0.01900,0.0238,0.5851,0.005988,0.053152,-0.5585,0.0113,57.2526,-0.2250,-0.8359,60.5826,0.0004,0.0002,-0.0007,5.9738,-1.2289,17.3757,0.043300,0.008251,57.2528,0.001830,0.003397,60.5826,0.000000,0.000000,0.0000,-0.048964,0.018863,17.3757,0.05419,-0.22781,-0.23945,0.47996,-0.24145,0.22441,0.00165,-0.22951,-0.33724,0.62423,-0.34794,0.02658,0.00063,-0.00007,0.00369,-0.00003,-2.19544,2.81166,2.85988,1.51874,2.91307,-0.48133,0.45473,-0.01122,-0.92628,-0.18288,0.13591,0.06276,0.46796,0.05128,-0.23079,-0.01965,6.000,6.000,12.000,12.000,6.000,6.000,6.000,6.000,12.000,12.000,6.000,6.000,6.000,6.000,6.000,6.000,0.005062,0.048284,0.004200,0.048503,0.004200,0.049716,0.006787,0.049058,0.000000,0.000890,1.000000,1.000000,0.993376,0.006624,0.000000,0.000000,0.000000,0.225280,0.023351
2.4050,-0.00029,0.06648,0.48023,0.99960,0.00093,0.00104,-0.02837,0.00413,0.04911,0.31506,0.31446,0.00220,0.04847,1,0.03887,0.00220,0.034925,0.02222,-2.7242,-0.0003,-0.1748,-0.0942,-2.1312,-2.1229,0.4262,0,0.04900,0.01900,0.1895,0.6710,0.030770,0.052414,-1.1587,-0.6248,50.9106,4.7261,7.1862,75.6680,0.0000,0.0000,0.0000,1.0473,-0.2223,2.6598,-0.005838,-0.001338,50.9081,0.026623,0.002511,75.6680,0.000000,0.000000,0.0000,-0.048949,0.018820,2.6598,0.05429,-0.22761,-0.23926,0.47910,-0.23907,0.22388,0.00350,-0.23020,-0.33317,0.61260,-0.34157,0.03119,0.00028,-0.00003,0.00289,0.00008,-1.79267,2.76786,0.27223,-1.13348,0.07522,0.05590,0.12597,-0.10757,-0.03682,-0.25084,0.15608,0.08758,0.31712,0.03382,-0.39611,-0.03633,6.000,6.000,12.000,12.000,6.000,6.000,6.000,6.000,12.000,12.000,6.000,6.000,6.000,6.000,6.000,6.000,0.006045,0.049273,0.004200,0.048469,0.004200,0.049716,0.009735,0.052128,0.000000,0.002013,1.000000,1.000000,1.000000,0.000000,0.004182,-0.049751,0.036902,0.224413,0.026583
2.4100,-0.00018,0.06651,0.48035,0.99954,0.00094,0.00093,-0.03018,0.00419,0.04911,0.31518,0.31446,0.00214,0.04843,1,0.03874,0.00214,0.034923,-0.00094,-2.4450,-0.0004,-0.2217,-0.0632,-1.9986,-1.3894,0.1118,0,0.04900,0.01900,0.8621,0.7224,0.053146,0.055586,-1.4696,-0.4192,51.7898,-10.4818,5.6072,22.9842,0.0000,0.0000,0.0000,4.9710,-0.9147,11.6637,-0.001068,0.008071,51.7847,0.049000,0.005756,22.9842,0.000000,0.000000,0.0000,-0.048942,0.018807,11.6637,0.04550,-0.22665,-0.23912,0.47636,-0.23955,0.22385,0.00605,-0.23092,-0.32958,0.60266,-0.33374,0.03750,0.00045,-0.00001,0.00157,0.00032,-1.88721,2.53228,0.32490,-0.99993,0.29579,-0.40171,0.12138,-0.05547,0.02635,-0.16772,0.21388,0.14638,0.36107,0.03788,-0.41690,-0.03687,6.000,6.000,12.000,12.000,6.000,6.000,6.000,6.000,12.000,12.000,6.000,6.000,6.000,6.000,6.000,6.000,0.006566,0.048906,0.004200,0.048434,0.004200,0.049716,0.011300,0.051132,0.000000,0.002413,1.000000,1.000000,1.000000,0.000000,0.004182,-0.049751,0.036512,0.223880,0.031190
2.4150,-0.00010,0.06653,0.48046,0.99951,0.00097,0.00079,-0.03118,0.00425,0.04911,0.31526,0.31446,0.00191,0.04840,2,0.03867,0.00191,0.034932,-0.00191,-0.5868,-0.0004,-0.2010,-0.0883,-1.4692,-0.3971,1.2678,0,0.04900,0.01900,0.0112,0.7497,0.001583,0.056369,-1.3327,-0.5854,55.3002,0.3780,-0.0967,58.2971,-0.0002,0.0001,-0.0004,3.1234,-0.1949,6.9583,0.018433,0.002561,55.3002,-0.002686,0.006091,58.2971,0.000000,0.000000,0.0000,-0.048944,0.018812,6.9583,0.03524,-0.22593,-0.24035,0.47419,-0.23568,0.22272,0.00802,-0.23171,-0.32681,0.59534,-0.32660,0.04382,0.00071,-0.00001,0.00002,0.00057,-2.17749,2.69181,1.01896,-0.05716,1.37476,-0.14130,0.10532,0.02081,-0.06942,0.16456,0.18724,0.14000,0.46030,0.04507,-0.43942,-0.03508,6.000,6.000,12.000,12.000,6.000,6.000,6.000,6.000,12.000,12.000,6.000,6.000,6.000,6.000,6.000,6.000,0.006364,0.049137,0.004200,0.048397,0.004200,0.049716,0.010694,0.051936,0.000000,0.002288,1.000000,1.000000,1.000000,0.000000,0.000000,0.000000,0.000000,0.223846,0.037504
2.4200,-0.00002,0.06656,0.48055,0.99951,0.00105,0.00060,-0.03117,0.00432,0.04911,0.31533,0.31446,0.00188,0.04836,1,0.03862,0.00188,0.034983,0.00465,-0.5236,-0.0004,-0.2788,-0.0852,-1.2305,-0.4367,2.5039,0,0.04900,0.01900,0.0774,1.0267,0.015086,0.050264,-1.8485,-0.5652,56.8824,1.7267,2.3979,63.6212,0.0000,0.0000,0.0000,1.7135,-0.2553,2.8126,0.000837,0.007149,56.8819,0.010980,0.000126,63.6212,0.000000,0.000000,0.0000,-0.048949,0.018827,2.8126,0.02018,-0.22550,-0.24351,0.47290,-0.22907,0.22093,0.00929,-0.23263,-0.32372,0.58908,-0.31989,0.05046,0.00090,-0.00004,-0.00164,0.00095,-2.91808,2.64797,0.41952,-0.93292,0.67170,-0.44524,0.12687,-0.04043,0.05885,-0.01479,0.20384,0.16713,0.42474,0.03072,-0.53683,-0.03397,6.000,6.000,12.000,12.000,6.000,6.000,6.000,6.000,12.000,12.000,6.000,6.000,6.000,6.000,6.000,6.000,0.007219,0.049068,0.004200,0.048360,0.004200,0.049716,0.013258,0.051841,0.000000,0.003101,1.000000,1.000000,1.000000,0.000000,0.004182,-0.049751,0.035857,0.222716,0.043823
2.4250,0.00005,0.06658,0.48063,0.99954,0.00113,0.00027,-0.03030,0.00440,0.04911,0.31541,0.31446,0.00206,0.04832,1,0.03854,0.00206,0.034966,-0.00610,-1.1290,-0.0005,-0.2738,-0.1281,-1.4733,-1.8006,3.8381,0,0.04900,0.01900,0.8283,0.9641,0.053019,0.050783,-1.8152,-0.8493,55.2725,-15.3978,12.8941,40.4170,0.0000,0.0000,0.0000,2.8627,-0.3498,4.9863,0.005213,0.004182,55.2672,0.049000,0.002296,40.4170,0.000000,0.000000,0.0000,-0.048956,0.018847,4.9863,-0.00694,-0.22438,-0.24831,0.47065,-0.22340,0.22252,0.01030,-0.23354,-0.31957,0.58285,-0.31314,0.05778,0.00108,-0.00009,-0.00341,0.00166,-2.89270,2.74680,0.49402,-0.70789,0.80756,-0.23242,0.09844,-0.11393,0.10961,0.00853,0.21217,0.18828,0.32833,0.01471,-0.40734,-0.00697,6.000,6.000,12.000,12.000,6.000,6.000,6.000,6.000,12.000,12.000,6.000,6.000,6.000,6.000,6.000,6.000,0.007193,0.049488,0.004200,0.048322,0.004200,0.049716,0.013180,0.053217,0.000000,0.003213,1.000000,1.000000,1.000000,0.000000,0.004182,-0.049751,0.035595,0.220934,0.050465
2.4300,0.00011,0.06660,0.48072,0.99960,0.00128,-0.00008,-0.02828,0.00448,0.04912,0.31547,0.31446,0.00225,0.04828,1,0.03845,0.00225,0.034998,-0.00862,-0.2394,-0.0005,-0.4309,-0.1213,-1.0020,-1.3292,5.8278,0,0.04900,0.01900,0.0265,1.0598,0.005378,0.053300,-2.8568,-0.8044,58.3970,0.2115,1.0752,68.8998,0.0000,0.0000,0.0000,1.6494,0.1770,2.6092,-0.008105,0.006004,58.3985,0.001307,0.002426,68.8998,0.000000,0.000000,0.0000,-0.048964,0.018869,2.6092,-0.03670,-0.22388,-0.25384,0.46830,-0.21547,0.22086,0.01066,-0.23461,-0.31438,0.57650,-0.30648,0.06549,0.00044,-0.00017,-0.00474,0.00258,-3.18325,2.87842,0.18760,-1.37796,0.22144,-0.33306,0.08796,-0.16285,0.14541,0.04063,0.21497,0.20560,0.20702,-0.00509,-0.41998,0.00275,6.000,6.000,12.000,12.000,6.000,6.000,6.000,6.000,12.000,12.000,6.000,6.000,6.000,6.000,6.000,6.000,0.008898,0.049381,0.004200,0.048282,0.004200,0.049716,0.018294,0.053013,0.000000,0.004825,1.000000,1.000000,1.000000,0.000000,0.004182,-0.049751,0.035379,0.222518,0.057782
2.4350,0.00019,0.06664,0.48076,0.99968,0.00139,-0.00057,-0.02545,0.00457,0.04913,0.31553,0.31446,0.00256,0.04824,1,0.03833,0.00256,0.034966,0.00334,-0.0928,-0.0005,-0.6071,-0.2043,-1.0977,-2.5368,6.6193,0,0.04900,0.01900,0.9675,1.1669,-0.043933,0.067239,-4.0249,-1.3546,57.7623,5.0033,-20.8145,36.8825,0.0000,0.0000,0.0000,2.4990,0.0000,3.5700,-0.022368,-0.000364,57.7653,-0.049000,0.011636,36.8825,0.000000,0.000000,0.0000,-0.048972,0.018892,3.5700,-0.07596,-0.22383,-0.26020,0.46236,-0.20393,0.21469,0.01076,-0.23562,-0.30817,0.57049,-0.30011,0.07355,-0.00044,-0.00026,-0.00606,0.00391,-3.31253,3.08966,0.05738,-1.81989,-0.66181,-0.02449,0.08805,-0.21552,0.13046,0.04491,0.21347,0.21191,0.20540,0.00042,-0.42364,0.00891,6.000,6.000,12.000,12.000,6.000,6.000,6.000,6.000,12.000,12.000,6.000,6.000,6.000,6.000,6.000,6.000,0.010809,0.050228,0.004200,0.048241,0.004200,0.049716,0.024027,0.055677,0.000000,0.006901,1.000000,1.000000,1.000000,0.000000,0.004182,-0.049751,0.035211,0.220858,0.065491
2.4400,0.00030,0.06668,0.48082,0.99976,0.00164,-0.00108,-0.02172,0.00467,0.04910,0.31556,0.31446,0.00281,0.04820,1,0.03821,0.00281,0.035110,0.03981,-1.0157,-0.0005,-0.8647,-0.0242,-0.6914,-2.1914,8.4303,0,0.04900,0.01900,0.0429,1.1669,-0.014585,0.054034,-5.7328,-0.1604,60.4562,0.3043,-1.9556,76.9164,0.0000,0.0000,0.0000,0.6091,0.0000,0.8701,-0.041692,0.019005,60.4639,-0.018551,0.000898,76.9164,0.000000,0.000000,0.0000,-0.048980,0.018915,0.8701,-0.11770,-0.22531,-0.26724,0.45845,-0.19325,0.20624,0.00822,-0.23699,-0.30141,0.56433,-0.29412,0.08057,-0.00146,-0.00034,-0.00801,0.00541,-3.46606,3.44605,-0.57924,-2.90772,-1.75368,-1.21736,-0.27360,-0.70335,0.24747,0.08683,0.18311,0.15893,0.31046,0.02286,-0.84069,-0.04422,6.000,6.000,12.000,12.000,6.000,6.000,6.000,6.000,12.000,12.000,6.000,6.000,6.000,6.000,6.000,6.000,0.013596,0.048252,0.004200,0.048200,0.004200,0.049716,0.032390,0.049875,0.000000,0.009397,1.000000,1.000000,1.000000,0.000000,0.004182,-0.049751,0.035089,0.214691,0.073551
2.4450,0.00044,0.06668,0.48090,0.99984,0.00191,-0.00138,-0.01781,0.00478,0.04903,0.31562,0.31446,0.00333,0.04816,1,0.03815,0.00333,0.035225,0.01015,-4.1867,-0.0006,-0.9300,0.0844,-1.4894,-5.3907,9.0901,0,0.04900,0.01900,0.2747,1.1669,-0.014867,0.072245,-6.1660,0.5593,55.1654,-10.9000,-6.7971,77.9574,0.0000,0.0000,0.0000,0.0769,0.0000,0.1099,-0.047199,0.019017,55.1743,-0.021522,0.018998,77.9574,0.000000,0.000000,0.0000,-0.048986,0.018935,0.1099,-0.14605,-0.22666,-0.27015,0.45437,-0.18905,0.20461,0.00076,-0.23844,-0.29637,0.55870,-0.28843,0.08500,-0.00336,-0.00041,-0.01110,0.00679,1.28032,4.32615,-2.04880,-3.93122,-2.89894,-1.16658,-1.02296,-1.33893,0.68814,0.13425,0.07939,0.05812,-0.60932,-0.07238,-0.31504,0.00705,6.000,6.000,12.000,12.000,6.000,6.000,6.000,6.000,12.000,12.000,6.000,6.000,6.000,6.000,6.000,6.000,0.014330,0.047028,0.004200,0.048157,0.004200,0.049716,0.034590,0.046331,0.000000,0.010193,1.000000,1.000000,1.000000,0.000000,0.004182,-0.049751,0.035016,0.206237,0.080569
2.4500,0.00033,0.06662,0.48098,0.99988,0.00207,-0.00121,-0.01502,0.00488,0.04897,0.31569,0.31446,0.00387,0.04811,2,0.03812,0.00387,0.035162,-0.01857,-1.9517,-0.0007,-0.4321,0.0759,-1.4531,-4.4400,2.9131,0,0.04900,0.01900,0.3090,0.7931,-0.041695,0.077111,-2.8649,0.5029,55.4064,6.8438,9.0627,61.2620,-0.0001,0.0000,-0.0002,0.2373,-1.8019,3.8198,-0.049003,0.019003,55.4158,-0.048998,0.018996,61.2620,0.000000,0.000000,0.0000,-0.048991,0.018951,3.8198,-0.14496,-0.22591,-0.26842,0.45071,-0.19161,0.21368,-0.00597,-0.23927,-0.29536,0.55427,-0.28242,0.08800,-0.01739,0.02065,-0.03391,0.03934,3.37020,3.07902,-4.17500,-5.01158,-3.46265,-0.95503,-0.54940,0.03375,0.77280,0.17305,0.16137,0.07448,-4.26056,1.10266,-6.00015,1.65388,6.000,6.000,12.000,12.000,6.000,6.000,6.000,6.000,12.000,12.000,6.000,6.000,6.000,6.000,6.000,6.000,0.009045,0.047053,0.004200,0.048113,0.004200,0.049716,0.018736,0.046537,0.000000,0.004960,0.000000,1.000000,0.968024,0.000640,0.000000,0.000000,0.000000,0.204610,0.084996
2.4550,0.00017,0.06657,0.48097,0.99992,0.00203,-0.00106,-0.01224,0.00501,0.04896,0.31574,0.31446,0.00419,0.04807,2,0.03807,0.00419,0.034963,-0.04758,0.4463,-0.0006,-0.3573,-0.1970,-1.2133,-3.6112,-5.5175,0,0.04900,0.01900,0.4735,0.6968,-0.043970,0.063423,-4.0412,0.0831,53.7282,6.6751,19.0448,71.0409,1.6724,-1.3894,3.2676,0.7430,-0.6005,2.2855,0.041396,-0.019012,53.7620,-0.048998,0.004855,71.0409,-0.049221,-0.019220,2.9924,-0.048994,0.018963,2.2855,-0.14734,-0.22361,-0.27126,0.44621,-0.16673,0.22531,-0.01245,-0.23936,-0.29535,0.55216,-0.27735,0.09203,-0.03376,0.04839,-0.06076,0.07706,-2.34226,2.23375,2.43303,1.28244,2.48372,1.19825,-0.23630,0.70184,-0.09357,0.27315,0.10279,0.17718,1.47771,0.93193,1.15080,0.96642,6.000,6.000,12.000,12.000,6.000,6.000,6.000,6.000,12.000,12.000,6.000,6.000,6.000,6.000,6.000,6.000,0.008288,0.049937,0.004200,0.048068,0.004200,0.049672,0.016464,0.055280,0.000000,0.004495,0.000000,1.000000,1.000000,0.000000,0.000000,0.000000,0.000000,0.213678,0.088005
2.4600,0.00008,0.06653,0.48091,0.99996,0.00185,-0.00135,-0.00881,0.00518,0.04897,0.31572,0.31446,0.00409,0.04802,2,0.03803,0.00409,0.034613,-0.06011,3.1188,-0.0004,-0.7419,-0.0937,0.4563,1.9302,0.9759,0,0.04900,0.01900,0.3085,0.8628,0.048246,0.026159,-6.7251,-2.7688,65.3212,1.8172,8.8605,48.8720,1.8060,2.1478,2.7442,1.0001,-1.8809,4.1157,0.012560,-0.013486,65.3018,0.048998,-0.016950,48.8720,0.049235,0.019234,2.9925,-0.048996,0.018975,4.1157,-0.17773,-0.21889,-0.27820,0.44072,-0.14573,0.24466,-0.02151,-0.23909,-0.29436,0.55196,-0.27213,0.09471,-0.04575,0.07280,-0.08265,0.10630,-3.17771,3.98508,1.14639,-0.50110,1.42845,1.24162,-0.44210,-0.68461,0.31354,0.55295,0.31320,-0.03524,0.33472,0.74084,-0.99189,0.65544,6.000,6.000,12.000,12.000,6.000,6.000,6.000,6.000,12.000,12.000,6.000,6.000,6.000,6.000,6.000,6.000,0.012453,0.048804,0.004200,0.048023,0.004200,0.049627,0.028959,0.051970,0.000000,0.008290,0.000000,1.000000,1.000000,0.000000,0.000000,0.000000,0.000000,0.225312,0.092030
2.4650,0.00009,0.06650,0.48089,0.99999,0.00182,-0.00164,-0.00426,0.00535,0.04899,0.31565,0.31446,0.00372,0.04798,2,0.03801,0.00372,0.034422,-0.02348,4.6251,-0.0001,-0.8843,-0.2256,0.3887,1.0344,6.0217,0,0.04900,0.01900,0.0394,1.1669,0.009778,0.040077,-7.5550,-0.0759,64.3731,-1.1825,-1.7376,89.0271,1.6923,-1.4201,3.2442,0.0958,0.0000,0.1369,0.024277,-0.019011,64.2778,0.009345,-0.011338,89.0271,-0.049241,-0.019239,2.9925,-0.048999,0.018993,0.1369,-0.20547,-0.21576,-0.28358,0.43696,-0.13317,0.25853,-0.03321,-0.23917,-0.29232,0.55217,-0.26857,0.09737,-0.05687,0.09509,-0.09395,0.13171,0.53775,2.30859,1.10033,-0.45703,1.07583,1.48469,-0.31912,0.78413,-0.13648,0.17793,-0.02475,0.14480,-0.08802,0.63792,3.44533,1.27399,6.000,6.000,12.000,12.000,6.000,6.000,6.000,6.000,12.000,12.000,6.000,6.000,6.000,6.000,6.000,6.000,0.014031,0.050191,0.004200,0.047978,0.004200,0.049582,0.033693,0.056220,0.000000,0.010077,0.000000,1.000000,1.000000,0.000000,0.000000,0.000000,0.000000,0.244662,0.094715
2.4700,0.00020,0.06647,0.48094,0.99999,0.00207,-0.00196,0.00180,0.00551,0.04901,0.31563,0.31446,0.00366,0.04793,1,0.03803,0.00366,0.034523,0.04647,2.0250,0.0001,-0.6050,-0.2060,-0.2827,-1.1106,5.0442,0,0.04900,0.01900,0.1133,0.0000,0.019343,0.031156,-4.0109,-1.3657,63.1663,-3.7512,3.7721,78.2504,0.0000,0.0000,0.0000,0.0000,0.0000,0.0000,-0.043398,-0.019013,63.1280,0.020972,-0.018958,78.2504,0.000000,0.000000,0.0000,0.000000,0.000000,0.0000,-0.23488,-0.21509,-0.28973,0.43754,-0.12939,0.26697,-0.04602,-0.23992,-0.28762,0.55301,-0.26613,0.10049,-0.06768,0.11551,-0.09847,0.15551,-3.30973,3.57675,-2.15718,-3.55429,-2.12501,1.33483,-0.90661,0.07919,2.72609,1.80663,0.51639,0.08592,0.26874,0.61887,-0.89671,0.60024,6.000,6.000,12.000,12.000,6.000,6.000,6.000,6.000,12.000,12.000,6.000,6.000,6.000,6.000,6.000,6.000,0.011100,0.049958,0.004200,0.047933,0.004200,0.049537,0.024901,0.055612,0.000000,0.007192,0.000000,1.000000,1.000000,0.000000,0.000000,0.000000,0.000000,0.258531,0.097370
2.4750,0.00035,0.06644,0.48103,0.99995,0.00260,-0.00233,0.00925,0.00564,0.04902,0.31569,0.31446,0.00413,0.04789,1,0.03814,0.00413,0.034852,0.07689,-3.7635,-0.0000,-0.7016,-0.1893,-1.9983,-6.8683,6.4388,0,0.04900,0.01900,0.1903,0.0000,-0.016205,0.044796,-4.6516,-1.2553,51.7913,-10.3000,-2.2317,92.3097,0.0000,0.0000,0.0000,0.0000,0.0000,0.0000,-0.049007,-0.019007,51.7686,-0.016474,-0.014080,92.3097,0.000000,0.000000,0.0000,0.000000,0.000000,0.0000,-0.27135,-0.21603,-0.29784,0.44184,-0.13343,0.26726,-0.05854,-0.24174,-0.28014,0.55524,-0.26339,0.10338,-0.07815,0.13418,-0.10245,0.17796,-2.86771,4.09149,-1.45073,-2.87875,-2.13626,1.02778,-0.76323,-0.79329,2.05106,1.44159,0.41869,0.06884,0.12080,0.55716,-0.68123,0.58091,6.000,6.000,12.000,12.000,6.000,6.000,6.000,6.000,12.000,12.000,6.000,6.000,6.000,6.000,6.000,6.000,0.012177,0.049755,0.004200,0.047889,0.004200,0.049492,0.028132,0.055092,0.000000,0.008193,0.000000,1.000000,1.000000,0.000000,0.000000,0.000000,0.000000,0.266971,0.100492
2.4800,0.00054,0.06640,0.48113,0.99984,0.00333,-0.00276,0.01763,0.00575,0.04903,0.31582,0.31446,0.00517,0.04784,1,0.03835,0.00517,0.035268,0.08746,-6.7647,-0.0003,-0.8389,-0.2129,-2.7851,-10.9137,7.6660,0,0.04900,0.01900,0.1304,0.0000,-0.022419,0.041502,-5.5617,-1.4116,46.5753,-5.9441,-0.7529,76.6211,0.0000,0.0000,0.0000,0.0000,0.0000,0.0000,-0.049009,-0.019009,46.6202,-0.021549,-0.018971,76.6211,0.000000,0.000000,0.0000,0.000000,0.000000,0.0000,-0.31347,-0.21750,-0.30697,0.44751,-0.14205,0.25806,-0.07043,-0.24448,-0.27091,0.55906,-0.26039,0.10603,-0.08811,0.15117,-0.10603,0.19915,-2.69964,4.31922,-0.66911,-2.30367,-1.99189,0.75365,-0.57871,-1.16007,1.39765,1.13139,0.33099,0.05829,-0.00323,0.49574,-0.51397,0.56217,6.000,6.000,12.000,12.000,6.000,6.000,6.000,6.000,12.000,12.000,6.000,6.000,6.000,6.000,6.000,6.000,0.013678,0.049979,0.004200,0.047844,0.004200,0.049448,0.032636,0.055852,0.000000,0.009716,0.000000,1.000000,1.000000,0.000000,0.000000,0.000000,0.000000,0.267257,0.103379
2.4850,0.00078,0.06637,0.48122,0.99963,0.00411,-0.00324,0.02659,0.00583,0.04903,0.31598,0.31446,0.00656,0.04780,1,0.03865,0.00656,0.035665,0.07212,-8.3140,-0.0008,-0.9579,-0.2246,-3.1129,-13.5883,8.3664,0,0.04900,0.01900,0.0653,0.0000,-0.028633,0.043094,-6.3512,-1.4892,44.4015,-1.4616,-2.2264,67.9650,0.0000,0.0000,0.0000,0.0000,0.0000,0.0000,-0.049007,-0.014144,44.5301,-0.027808,-0.018982,67.9650,0.000000,0.000000,0.0000,0.000000,0.000000,0.0000,-0.36043,-0.21893,-0.31623,0.45165,-0.15117,0.24070,-0.08244,-0.24778,-0.26095,0.56479,-0.26109,0.10971,-0.09747,0.16653,-0.10936,0.21918,-2.58674,4.30419,-0.25904,-2.05909,-1.92572,0.38480,-0.47568,-1.22304,1.12804,1.03308,0.29727,0.05160,-0.08143,0.43913,-0.41599,0.53877,6.000,6.000,12.000,12.000,6.000,6.000,6.000,6.000,12.000,12.000,6.000,6.000,6.000,6.000,6.000,6.000,0.014980,0.050074,0.004200,0.047799,0.004200,0.049403,0.036542,0.056229,0.000000,0.011018,0.000000,1.000000,1.000000,0.000000,0.000000,0.000000,0.000000,0.258055,0.106030
2.4900,0.00080,0.06630,0.48126,0.99940,0.00467,-0.00348,0.03403,0.00593,0.04902,0.31614,0.31446,0.00804,0.04775,2,0.03890,0.00804,0.035794,0.00483,-7.7798,-0.0011,-1.1688,-0.1765,-2.9155,-13.2905,9.8575,0,0.04900,0.01900,0.3349,1.1669,-0.049064,0.049172,-7.7496,-1.1701,45.7110,3.2639,-9.5150,50.0747,0.0002,0.0001,-0.0006,5.6654,0.0000,8.0934,-0.015377,0.019011,45.9213,-0.048992,-0.018987,50.0747,0.000000,0.000000,0.0000,0.048996,0.018985,8.0934,-0.38459,-0.21912,-0.32022,0.45328,-0.15312,0.21504,-0.09303,-0.25021,-0.25484,0.57056,-0.26487,0.11367,-0.11389,0.18165,-0.12971,0.24819,2.16585,3.09156,0.57681,-1.49257,-1.50728,-1.23475,-0.02125,-0.31163,-1.77959,-1.14754,-0.47991,0.10195,-4.32893,-0.06011,-6.00051,0.47828,6.000,6.000,12.000,12.000,6.000,6.000,6.000,6.000,12.000,12.000,6.000,6.000,6.000,6.000,6.000,6.000,0.017913,0.049527,0.004200,0.047754,0.004200,0.049358,0.043400,0.054676,0.001940,0.013827,0.000000,1.000000,1.000000,0.000000,0.000000,0.000000,0.000000,0.240696,0.109709
2.4950,0.00038,0.06619,0.48112,0.99915,0.00476,-0.00374,0.04081,0.00606,0.04904,0.31623,0.31446,0.00909,0.04771,2,0.03901,0.00909,0.035560,-0.07780,-2.4306,-0.0013,-0.4901,-0.2939,-1.5204,-9.1817,2.5970,0,0.04900,0.01900,0.7659,1.1669,-0.042303,0.071444,-5.2396,-4.0361,52.2989,22.2344,12.5049,55.5170,1.9905,2.0877,2.6610,-1.2207,0.0000,1.7439,0.049009,0.002565,52.4081,-0.048997,0.004758,55.5170,0.049151,-0.019150,2.9922,0.048994,0.018982,1.7439,-0.40614,-0.21578,-0.32685,0.45166,-0.12254,0.19224,-0.10347,-0.25112,-0.25264,0.57690,-0.26935,0.11769,-0.15008,0.21169,-0.17240,0.28616,-2.10650,3.50461,2.04970,1.22136,2.73600,-0.45436,-0.05815,-0.72076,-0.99084,-0.28053,-0.07339,0.06980,-6.00044,0.85295,-6.00044,0.66944,6.000,6.000,12.000,12.000,6.000,6.000,6.000,6.000,12.000,12.000,6.000,6.000,6.000,6.000,6.000,6.000,0.010055,0.050759,0.004200,0.047709,0.004200,0.049313,0.021765,0.058463,0.000000,0.006602,0.000000,1.000000,1.000000,0.000000,0.000000,0.000000,0.000000,0.215036,0.113665
2.5000,-0.00014,0.06608,0.48082,0.99884,0.00422,-0.00439,0.04782,0.00621,0.04908,0.31618,0.31446,0.00920,0.04766,2,0.03899,0.00920,0.034889,-0.15389,4.5135,-0.0010,0.1022,-0.1209,2.0846,1.4355,8.3501,0,0.04900,0.01900,0.0000,0.2679,0.000000,0.000000,-1.3181,-2.8847,76.1998,0.0000,0.0000,0.0000,1.9958,2.0830,2.6616,-1.1950,-1.0054,9.7154,0.015447,-0.001061,76.1569,0.000000,0.000000,0.0000,0.049251,-0.019251,2.9925,0.048993,0.018981,9.7154,-0.45596,-0.20675,-0.33618,0.44506,-0.08074,0.18193,-0.11685,-0.25026,-0.25087,0.58402,-0.27535,0.12312,-0.19115,0.24171,-0.21934,0.31825,-4.00244,3.43478,3.22686,0.76975,2.21445,-0.24003,-0.31420,-0.40536,-0.77017,0.05560,-0.01589,0.08258,0.02082,0.74614,-0.81336,0.69605,6.000,6.000,12.000,12.000,6.000,6.000,6.000,6.000,12.000,12.000,6.000,6.000,6.000,6.000,6.000,6.000,0.003778,0.048894,0.004200,0.047665,0.004200,0.049269,0.002933,0.052956,0.000000,0.001300,0.000000,1.000000,1.000000,0.000000,0.000000,0.000000,0.000000,0.192242,0.117692
2.5050,-0.00049,0.06598,0.48055,0.99837,0.00359,-0.00476,0.05679,0.00637,0.04913,0.31599,0.31446,0.00917,0.04762,2,0.03894,0.00917,0.034047,-0.15522,11.5019,-0.0004,-1.0427,-0.4517,3.5463,8.5761,14.8259,0,0.04900,0.01900,0.2188,0.4495,0.045780,0.037475,-5.2227,-1.6229,85.2863,-0.8130,8.0376,61.5564,-1.6906,-1.3718,3.2662,0.1710,1.2751,4.7716,-0.021660,-0.019010,85.1115,0.048986,0.001244,61.5564,-0.049290,-0.019288,2.9926,0.048993,0.018982,4.7716,-0.49272,-0.20023,-0.33234,0.43629,-0.08343,0.18364,-0.13573,-0.24885,-0.24843,0.58924,-0.28369,0.13020,-0.24050,0.26262,-0.24371,0.32791,2.20394,0.74630,1.06109,-2.98535,-2.22835,1.57305,-0.07210,0.84368,-1.91882,-0.76002,-0.60153,0.22900,-6.00089,-0.29648,6.00089,0.46350,6.000,6.000,12.000,12.000,6.000,6.000,6.000,6.000,12.000,12.000,6.000,6.000,6.000,6.000,6.000,6.000,0.016063,0.052414,0.004200,0.047620,0.004200,0.049224,0.039791,0.063605,0.000000,0.012796,0.000000,1.000000,1.000000,0.000000,0.000000,0.000000,0.000000,0.181931,0.123115
2.5100,-0.00093,0.06583,0.48034,0.99757,0.00333,-0.00465,0.06951,0.00643,0.04919,0.31577,0.31446,0.00991,0.04758,2,0.03896,0.00991,0.033629,-0.04136,13.1522,0.0005,0.4465,-0.2863,3.2366,8.0884,4.8135,0,0.04900,0.01900,0.3293,1.1669,-0.023042,0.048420,0.9634,-3.9440,83.8108,25.0335,9.9740,136.4193,1.9970,2.0457,2.6883,-1.2156,0.0000,1.7366,0.049004,0.019004,83.8148,-0.017968,-0.014130,136.4193,0.049125,-0.019125,2.9922,0.048996,0.018990,1.7366,-0.52617,-0.19543,-0.33478,0.43648,-0.09379,0.18823,-0.16020,-0.24862,-0.24667,0.59444,-0.29234,0.13691,-0.32026,0.35572,-0.25643,0.36297,-3.48668,2.34632,1.94080,2.04329,4.08421,-1.29459,-0.49963,-0.72645,-0.38732,0.45418,-0.07381,0.12765,-6.00039,5.91938,0.23492,2.87854,6.000,6.000,12.000,12.000,6.000,6.000,6.000,6.000,12.000,12.000,6.000,6.000,6.000,6.000,6.000,6.000,0.000173,0.050637,0.004200,0.047575,0.004200,0.049179,-0.007881,0.058365,0.000000,0.005059,0.000000,1.000000,1.000000,0.000000,0.000000,0.000000,0.000000,0.183643,0.130205
2.5150,-0.00136,0.06568,0.48021,0.99662,0.00341,-0.00424,0.08202,0.00648,0.04927,0.31573,0.31446,0.00974,0.04753,2,0.03902,0.00974,0.033599,0.01569,4.6172,0.0009,0.4665,-0.3791,1.0162,1.5609,-1.8670,0,0.04900,0.01900,0.0830,0.8545,0.037623,0.050919,1.2076,-0.9735,68.6986,3.4489,-4.6935,116.9515,1.8854,-1.5400,3.0793,0.6831,-0.3933,1.5377,0.034811,-0.014694,68.7029,0.037803,0.010688,116.9515,0.049295,-0.019295,2.9926,0.049000,0.019000,1.5377,-0.55578,-0.19180,-0.34426,0.44262,-0.09693,0.19057,-0.18582,-0.24924,-0.24721,0.59978,-0.29750,0.14351,-0.39752,0.43997,-0.26994,0.40396,-2.64067,2.52058,2.68994,1.82225,2.67310,1.00019,-1.12538,0.59723,0.45230,0.60433,0.07092,0.22646,0.23042,0.78715,-0.69325,0.63258,6.000,6.000,12.000,12.000,6.000,6.000,6.000,6.000,12.000,12.000,6.000,6.000,6.000,6.000,6.000,6.000,-0.000024,0.051625,0.004200,0.047530,0.004200,0.049134,-0.008472,0.061419,0.000000,0.005883,0.000000,1.000000,1.000000,0.000000,0.000000,0.000000,0.000000,0.188231,0.136914
2.5200,-0.00197,0.06551,0.48002,0.99568,0.00379,-0.00376,0.09267,0.00656,0.04936,0.31584,0.31446,0.00900,0.04749,2,0.03908,0.00900,0.033819,0.06128,0.2111,0.0009,0.3839,-0.3463,-0.8596,-3.0028,-4.9067,0,0.04900,0.01900,0.0949,0.0000,0.023161,0.031989,0.4500,-4.4118,56.4858,4.4741,1.5929,83.4580,2.0952,2.1156,2.8554,0.0000,0.0000,0.0000,0.049013,0.019013,56.5111,0.031916,-0.012381,83.4580,0.049243,-0.019242,3.1452,0.000000,0.000000,0.0000,-0.57538,-0.19015,-0.35801,0.45421,-0.09659,0.19118,-0.20846,-0.25058,-0.25140,0.60745,-0.29926,0.14889,-0.47622,0.51623,-0.29641,0.44892,-2.39882,2.37458,2.06573,2.20754,3.06873,-0.93282,-0.65151,-1.10287,-0.13255,0.53660,0.05958,0.09673,-6.00077,2.54978,-4.63273,1.23558,6.000,6.000,12.000,12.000,6.000,6.000,6.000,6.000,12.000,12.000,6.000,6.000,6.000,6.000,6.000,6.000,0.000886,0.051276,0.004200,0.047486,0.004200,0.049089,-0.005742,0.060460,0.000000,0.005035,0.000000,1.000000,1.000000,0.000000,0.000000,0.000000,0.000000,0.190570,0.143511
2.5250,-0.00260,0.06533,0.47982,0.99484,0.00433,-0.00331,0.10133,0.00666,0.04944,0.31601,0.31446,0.00819,0.04744,1,0.03922,0.00819,0.034115,0.05791,-3.7890,0.0007,0.7884,-0.2320,-0.5936,-7.7291,-6.4208,0,0.04900,0.01900,0.0080,0.0000,0.039941,0.049109,5.2272,-1.5383,61.1045,0.1128,-0.3668,79.6722,0.0000,0.0000,0.0000,0.0000,0.0000,0.0000,-0.028290,-0.006802,61.0749,0.041025,0.009890,79.6722,0.000000,0.000000,0.0000,0.000000,0.000000,0.0000,-0.58874,-0.18938,-0.37230,0.46746,-0.09594,0.19053,-0.22543,-0.25225,-0.25688,0.61820,-0.29938,0.15325,-0.54921,0.57194,-0.32981,0.48782,-2.91437,3.55728,0.21828,-1.15592,-0.86417,0.33993,-0.99189,-0.18536,2.04273,1.92904,0.39422,0.12144,0.04672,0.74580,-0.85344,0.67898,6.000,6.000,12.000,12.000,6.000,6.000,6.000,6.000,12.000,12.000,6.000,6.000,6.000,6.000,6.000,6.000,-0.003404,0.050053,0.004200,0.047441,0.004200,0.049045,-0.018611,0.056882,0.000000,0.008040,0.000000,1.000000,1.000000,0.000000,0.000000,0.000000,0.000000,0.191175,0.148889
2.5300,-0.00309,0.06515,0.47964,0.99412,0.00495,-0.00303,0.10810,0.00676,0.04954,0.31622,0.31446,0.00795,0.04740,1,0.03947,0.00795,0.034395,0.05452,-3.9927,0.0004,0.4577,-0.3382,-1.5216,-9.8262,-5.1369,0,0.04900,0.01900,0.1133,0.0000,-0.009447,0.050086,3.0348,-2.2420,54.9524,0.2486,4.5638,67.2346,0.0000,0.0000,0.0000,0.0000,0.0000,0.0000,-0.024418,-0.006468,54.9501,-0.005009,-0.007786,67.2346,0.000000,0.000000,0.0000,0.000000,0.000000,0.0000,-0.59782,-0.18933,-0.38381,0.47926,-0.09651,0.18994,-0.23769,-0.25387,-0.26125,0.63130,-0.30046,0.15779,-0.60776,0.60346,-0.36259,0.51680,-2.31523,3.38664,-0.12147,-1.17761,-0.74120,0.34042,-0.95225,-0.04752,2.37998,2.09052,0.44665,0.10825,0.04852,0.74404,-0.78849,0.68374,6.000,6.000,12.000,12.000,6.000,6.000,6.000,6.000,12.000,12.000,6.000,6.000,6.000,6.000,6.000,6.000,0.000164,0.051189,0.004200,0.047396,0.004200,0.049000,-0.007908,0.060380,0.000000,0.005539,0.000000,1.000000,1.000000,0.000000,0.000000,0.000000,0.000000,0.190530,0.153251
2.5350,-0.00348,0.06498,0.47949,0.99352,0.00558,-0.00298,0.11346,0.00687,0.04965,0.31644,0.31446,0.00919,0.04735,2,0.03980,0.00919,0.034646,0.04739,-4.1693,0.0001,0.2027,-0.4264,-2.1858,-11.2658,-2.1687,1,0.04900,0.01900,0.1066,1.1669,-0.006236,0.048790,3.3044,-5.5150,46.8032,-1.9865,3.2986,60.2162,-1.9608,2.6877,3.7450,4.5011,0.0000,6.4302,0.049019,0.019019,46.8382,-0.001525,-0.007673,60.2162,0.049235,-0.019234,3.8192,0.048999,0.018998,6.4302,-0.60363,-0.18982,-0.39290,0.49003,-0.09834,0.18928,-0.24787,-0.25540,-0.26462,0.64608,-0.30467,0.16321,-0.65595,0.62578,-0.39487,0.54136,-2.31523,3.38664,-0.12147,-1.17761,-0.74120,0.34042,-0.95225,-0.04752,2.37998,2.09052,0.44665,0.10825,0.04852,0.74404,-0.78849,0.68374,6.000,6.000,12.000,12.000,6.000,6.000,6.000,6.000,12.000,12.000,6.000,6.000,6.000,6.000,6.000,6.000,0.002924,0.052139,0.004200,0.047351,0.004200,0.048955,0.000374,0.063320,0.000000,0.004955,0.000000,1.000000,1.000000,0.000000,0.000000,0.000000,0.000000,0.189943,0.157793
2.5400,-0.00378,0.06483,0.47933,0.99302,0.00620,-0.00313,0.11777,0.00698,0.04977,0.31666,0.31446,0.01042,0.04731,2,0.04018,0.01042,0.034855,0.03754,-4.0015,-0.0001,-0.0003,-0.4724,-2.5247,-12.0390,1.2074,1,0.04900,0.01900,0.1090,0.0000,-0.004890,0.048587,2.0415,-5.9601,44.3062,-2.7641,2.6490,58.5491,-2.0435,2.8278,3.9950,0.0000,0.0000,0.0000,0.049021,0.019021,44.3561,-0.000191,-0.007319,58.5491,0.049231,-0.019231,4.0439,0.000000,0.000000,0.0000,-0.60708,-0.19068,-0.40003,0.50022,-0.10153,0.18842,-0.25651,-0.25672,-0.26667,0.66191,-0.30766,0.16810,-0.69616,0.64505,-0.42662,0.56394,-2.31523,3.38664,-0.12147,-1.17761,-0.74120,0.34042,-0.95225,-0.04752,2.37998,2.09052,0.44665,0.10825,0.04852,0.74404,-0.78849,0.68374,6.000,6.000,12.000,12.000,6.000,6.000,6.000,6.000,12.000,12.000,6.000,6.000,6.000,6.000,6.000,6.000,0.005129,0.053061,0.004200,0.047306,0.004200,0.048910,0.006989,0.064916,0.001257,0.005829,0.000000,1.000000,1.000000,0.000000,0.000000,0.000000,0.000000,0.189282,0.163208
2.5450,-0.00401,0.06468,0.47914,0.99256,0.00671,-0.00346,0.12150,0.00708,0.04990,0.31686,0.31446,0.01159,0.04726,1,0.04061,0.01159,0.034919,-0.00111,-3.5457,-0.0003,-0.1646,-0.4683,-2.6904,-12.2636,4.5422,0,0.04900,0.01900,0.2261,0.0000,-0.012210,0.038925,-1.0915,-3.1048,47.2030,-2.6003,4.9540,41.2567,0.0000,0.0000,0.0000,0.0000,0.0000,0.0000,-0.016010,-0.002675,47.2380,-0.003525,-0.018998,41.2567,0.000000,0.000000,0.0000,0.000000,0.000000,0.0000,-0.60816,-0.19124,-0.40469,0.50848,-0.10399,0.18157,-0.26379,-0.25744,-0.26691,0.67909,-0.31210,0.17333,-0.72995,0.66178,-0.45700,0.58455,-1.48633,2.78355,-0.69557,-1.34163,-0.63500,0.19284,-0.89712,0.46080,2.67311,2.21928,0.33913,0.14121,0.10217,0.58623,-0.64243,0.61697,6.000,6.000,12.000,12.000,6.000,6.000,6.000,6.000,12.000,12.000,6.000,6.000,6.000,6.000,6.000,6.000,0.006920,0.053911,0.004200,0.047262,0.004200,0.048865,0.012362,0.064916,0.003896,0.007184,0.000000,1.000000,1.000000,0.000000,0.000000,0.000000,0.000000,0.188423,0.168099
2.5500,-0.00392,0.06463,0.47904,0.99227,0.00743,-0.00312,0.12383,0.00719,0.05005,0.31699,0.31446,0.01249,0.04722,2,0.04096,0.01249,0.035068,0.04839,-0.5569,-0.0004,-0.2891,-0.4636,-1.7063,-10.2192,7.4861,0,0.04900,0.01900,0.2646,1.1669,-0.007166,0.036958,0.2365,-6.1795,49.2074,-4.6014,4.3082,39.7086,-2.1535,3.1056,4.5203,6.2896,0.0000,8.9851,0.049008,0.019008,49.2375,0.001825,-0.019000,39.7086,0.049082,0.019083,4.4926,0.049000,0.019000,8.9851,-0.59050,-0.19481,-0.40546,0.51240,-0.10315,0.16179,-0.26643,-0.25886,-0.26693,0.69096,-0.31606,0.17648,-0.75056,0.73398,-0.47243,0.60289,3.53079,3.09746,2.61002,1.04142,1.86307,-0.91800,1.35729,-2.22614,-4.11308,-2.19081,-0.70748,-0.08426,6.00038,6.00038,6.00038,1.41751,6.000,6.000,12.000,12.000,6.000,6.000,6.000,6.000,12.000,12.000,6.000,6.000,6.000,6.000,6.000,6.000,0.008284,0.055149,0.004200,0.047217,0.004200,0.048821,0.016454,0.064916,0.007702,0.008922,0.000000,1.000000,1.000000,0.000000,0.000000,0.000000,0.000000,0.181574,0.173326
2.5550,-0.00332,0.06468,0.47931,0.99214,0.00852,-0.00184,0.12486,0.00729,0.05019,0.31709,0.31446,0.01397,0.04717,2,0.04122,0.01397,0.035443,0.08638,-4.7302,-0.0006,-0.6127,-0.4594,-2.2282,-15.2931,-12.8616,0,0.04900,0.01900,0.4337,0.0000,0.024568,0.065174,-4.0619,-3.0459,50.2683,3.9321,-17.2092,67.8486,-0.0005,0.0003,-0.0010,0.0000,0.0000,0.0000,0.049019,0.019018,50.1752,0.021811,0.018997,67.8486,0.000000,0.000000,0.0000,0.000000,0.000000,0.0000,-0.55431,-0.20339,-0.39800,0.50331,-0.10122,0.14308,-0.26685,-0.26152,-0.26533,0.69076,-0.31645,0.17841,-0.73090,0.71290,-0.45360,0.53797,3.73064,4.01416,3.02566,-0.09317,1.76581,-1.11211,0.39835,-1.30925,-1.61560,-1.32119,-0.28893,0.03833,6.00091,-6.00091,6.00091,-5.25053,6.000,6.000,12.000,12.000,6.000,6.000,6.000,6.000,12.000,12.000,6.000,6.000,6.000,6.000,6.000,6.000,0.011777,0.054186,0.004200,0.047172,0.004200,0.048776,0.026932,0.064916,0.004903,0.010326,0.000000,1.000000,1.000000,0.000000,0.000000,0.000000,0.000000,0.161787,0.176481
2.5600,-0.00257,0.06475,0.47962,0.99199,0.00967,-0.00056,0.12592,0.00738,0.05026,0.31718,0.31446,0.01645,0.04713,1,0.04151,0.01645,0.035822,0.07054,-8.2921,-0.0009,0.0247,-0.1736,-3.4955,-19.0025,-26.6130,0,0.04900,0.01900,0.6196,0.0000,0.050082,0.056292,0.1638,-1.1508,41.8653,-7.7421,-18.6679,54.3709,0.0000,0.0000,0.0000,0.0000,0.0000,0.0000,0.049015,0.019015,41.7833,0.048997,0.018984,54.3709,0.000000,0.000000,0.0000,0.000000,0.000000,0.0000,-0.51898,-0.21254,-0.38830,0.49107,-0.09996,0.12684,-0.26771,-0.26504,-0.26093,0.68757,-0.31550,0.18002,-0.69759,0.65274,-0.42648,0.46307,1.70135,5.64918,1.11254,0.01871,1.83591,-0.95214,-1.05135,-2.75299,3.75590,2.11618,0.59802,0.00805,0.65430,-0.72158,-0.15855,-0.80417,6.000,6.000,12.000,12.000,6.000,6.000,6.000,6.000,12.000,12.000,6.000,6.000,6.000,6.000,6.000,6.000,0.004997,0.049491,0.004200,0.047127,0.004200,0.048731,0.006591,0.055821,0.000000,0.002494,0.000000,1.000000,1.000000,0.000000,0.000000,0.000000,0.000000,0.143080,0.178410
2.5650,-0.00192,0.06482,0.47984,0.99181,0.01067,0.00025,0.12726,0.00744,0.05028,0.31725,0.31446,0.01905,0.04708,1,0.04188,0.01905,0.036085,0.04230,-7.7106,-0.0013,-0.1278,-0.2350,-2.0616,-19.4416,-18.3318,0,0.04900,0.01900,0.4085,0.0000,0.050159,0.056429,-0.8470,-1.5581,51.3720,-13.3312,-5.2246,58.4316,0.0000,0.0000,0.0000,0.0000,0.0000,0.0000,0.049013,0.019013,51.1332,0.048996,0.018972,58.4316,0.000000,0.000000,0.0000,0.000000,0.000000,0.0000,-0.49796,-0.21919,-0.38121,0.48126,-0.09772,0.11728,-0.26859,-0.26899,-0.25442,0.68628,-0.31431,0.18132,-0.66847,0.61311,-0.40553,0.41730,0.19031,4.40941,3.55957,1.29238,2.48545,-0.94128,-0.18607,-1.83342,0.92648,0.74456,0.20946,0.01492,0.45407,-0.73917,-0.07061,-0.78508,6.000,6.000,12.000,12.000,6.000,6.000,6.000,6.000,12.000,12.000,6.000,6.000,6.000,6.000,6.000,6.000,0.006644,0.050126,0.004200,0.047082,0.004200,0.048686,0.011534,0.057816,0.000000,0.003904,0.000000,1.000000,1.000000,0.000000,0.000000,0.000000,0.000000,0.126837,0.180021
2.5700,-0.00135,0.06487,0.47999,0.99160,0.01144,0.00057,0.12883,0.00746,0.05030,0.31728,0.31446,0.02124,0.04704,1,0.04230,0.02124,0.036153,-0.00383,-5.8878,-0.0016,-0.2378,-0.3108,-1.4181,-17.7984,-11.3800,0,0.04900,0.01900,0.2128,0.0000,0.050286,0.056502,-1.5763,-2.0606,55.6385,-7.7115,-0.3357,60.4730,0.0000,0.0000,0.0000,0.0000,0.0000,0.0000,0.049029,0.019029,55.2414,0.048995,0.018964,60.4730,0.000000,0.000000,0.0000,0.000000,0.000000,0.0000,-0.50208,-0.22081,-0.37873,0.47253,-0.09040,0.11833,-0.26888,-0.27257,-0.24634,0.68634,-0.31303,0.18225,-0.64138,0.58250,-0.38836,0.38430,-2.31507,3.46430,4.37177,1.83938,2.92732,-0.83494,0.17027,-0.94378,0.05986,0.39883,0.11161,0.01655,0.66288,-0.70829,-0.33207,-0.79165,6.000,6.000,12.000,12.000,6.000,6.000,6.000,6.000,12.000,12.000,6.000,6.000,6.000,6.000,6.000,6.000,0.007827,0.050912,0.004200,0.047038,0.004200,0.048641,0.015082,0.060263,0.000000,0.005307,0.000000,1.000000,1.000000,0.000000,0.000000,0.000000,0.000000,0.117285,0.181316
2.5750,-0.00082,0.06490,0.48004,0.99134,0.01178,0.00030,0.13082,0.00746,0.05035,0.31728,0.31446,0.02284,0.04699,1,0.04277,0.02284,0.035837,-0.09502,-2.3027,-0.0016,-0.1818,-0.4545,-0.8062,-15.0929,-2.4037,0,0.04900,0.01900,0.3480,0.0000,0.050373,0.056553,-1.2051,-3.0134,59.6953,-5.5762,11.0036,59.0841,0.0000,0.0000,0.0000,0.0000,0.0000,0.0000,0.004673,-0.002598,59.2243,0.048994,0.018963,59.0841,0.000000,0.000000,0.0000,0.000000,0.000000,0.0000,-0.53519,-0.21688,-0.37836,0.46089,-0.08107,0.13400,-0.26866,-0.27480,-0.23558,0.68830,-0.31179,0.18280,-0.61609,0.55603,-0.37346,0.35717,-2.56628,3.27883,1.08683,-0.93198,0.53791,0.60243,-0.45759,0.08393,2.13034,1.48035,0.38952,0.01922,0.44397,-0.74236,-0.28077,-0.75507,6.000,6.000,12.000,12.000,6.000,6.000,6.000,6.000,12.000,12.000,6.000,6.000,6.000,6.000,6.000,6.000,0.007228,0.052667,0.004200,0.046993,0.004200,0.048597,0.013285,0.064916,0.000701,0.006431,0.000000,1.000000,1.000000,0.000000,0.000000,0.000000,0.000000,0.118331,0.182255
2.5800,-0.00033,0.06494,0.47997,0.99107,0.01153,-0.00028,0.13283,0.00742,0.05041,0.31718,0.31446,0.02344,0.04695,1,0.04329,0.02344,0.035056,-0.16943,5.4823,-0.0013,-0.3943,-0.4524,1.6515,-8.0709,7.6886,0,0.04900,0.01900,0.8269,0.0000,0.050594,0.056428,-2.6140,-2.9993,75.9900,-13.2106,-11.5656,35.3946,0.0000,0.0000,0.0000,0.0000,0.0000,0.0000,-0.017769,-0.019014,75.6019,0.048995,0.018975,35.3946,0.000000,0.000000,0.0000,0.000000,0.000000,0.0000,-0.56501,-0.21255,-0.36899,0.44033,-0.08317,0.17721,-0.26761,-0.27485,-0.22344,0.69383,-0.31547,0.18499,-0.59200,0.53134,-0.36096,0.33290,-3.63272,3.43884,0.36351,-2.26893,-0.91968,2.14080,-0.55070,0.76136,2.59437,1.77683,0.44027,0.01503,0.53093,-0.72264,-0.37354,-0.74580,6.000,6.000,12.000,12.000,6.000,6.000,6.000,6.000,12.000,12.000,6.000,6.000,6.000,6.000,6.000,6.000,0.009485,0.054174,0.004200,0.046948,0.004200,0.048552,0.020057,0.064916,0.005313,0.008953,0.000000,1.000000,1.000000,0.000000,0.000000,0.000000,0.000000,0.133997,0.182803
2.5850,0.00012,0.06496,0.47990,0.99078,0.01108,-0.00098,0.13500,0.00736,0.05046,0.31694,0.31446,0.02278,0.04690,1,0.04392,0.02278,0.034346,-0.11677,12.7027,-0.0005,0.0001,-0.2814,3.5622,1.4392,12.0971,0,0.04900,0.01900,0.9829,0.0000,-0.022107,0.079590,0.0008,-1.8659,88.6578,-5.4165,-25.3028,43.8847,0.0000,0.0000,0.0000,0.0000,0.0000,0.0000,0.013978,0.019013,88.6221,-0.028143,0.018998,43.8847,0.000000,0.000000,0.0000,0.000000,0.000000,0.0000,-0.58426,-0.20907,-0.35924,0.41990,-0.07466,0.20813,-0.26559,-0.27375,-0.21031,0.70151,-0.32286,0.18844,-0.56733,0.50730,-0.35038,0.31037,-3.78843,2.73039,2.47674,0.28858,1.92230,-1.07302,-0.40406,0.30430,2.23353,1.60692,0.10884,0.09943,1.05326,-0.62415,-0.28475,-0.68642,6.000,6.000,12.000,12.000,6.000,6.000,6.000,6.000,12.000,12.000,6.000,6.000,6.000,6.000,6.000,6.000,0.005251,0.050561,0.004200,0.046903,0.004200,0.048507,0.007355,0.059479,0.000000,0.003806,0.000000,1.000000,1.000000,0.000000,0.000000,0.000000,0.000000,0.177211,0.184992
2.5900,0.00053,0.06496,0.47992,0.99051,0.01084,-0.00174,0.13700,0.00734,0.05049,0.31672,0.31446,0.02169,0.04686,1,0.04465,0.02169,0.033938,-0.06108,9.6256,0.0002,-0.2318,-0.4501,1.8566,0.0476,13.7979,0,0.04900,0.01900,0.3481,0.0000,0.004898,0.050633,-1.5370,-2.9842,77.3496,14.4777,16.9099,106.5922,0.0000,0.0000,0.0000,0.0000,0.0000,0.0000,0.005224,0.015118,77.4020,0.005870,-0.002269,106.5922,0.000000,0.000000,0.0000,0.000000,0.000000,0.0000,-0.59620,-0.20619,-0.35343,0.40723,-0.06292,0.21562,-0.26137,-0.27216,-0.19638,0.70939,-0.32911,0.19139,-0.54094,0.48350,-0.34145,0.28948,-3.62739,0.92795,2.48176,0.13505,1.34348,-0.86518,0.02604,1.51322,0.76817,0.76177,-0.08925,0.10102,0.82269,-0.65191,-0.05935,-0.60886,6.000,6.000,12.000,12.000,6.000,6.000,6.000,6.000,12.000,12.000,6.000,6.000,6.000,6.000,6.000,6.000,0.007722,0.052479,0.004200,0.046858,0.004200,0.048462,0.014768,0.064916,0.000406,0.006633,0.000000,1.000000,1.000000,0.000000,0.000000,0.000000,0.000000,0.208133,0.188441
2.5950,0.00091,0.06493,0.47998,0.99032,0.01078,-0.00256,0.13834,0.00735,0.05056,0.31662,0.31446,0.02100,0.04681,1,0.04541,0.02100,0.033745,-0.02558,5.8226,0.0006,-0.2451,-0.4479,0.2569,-3.5272,14.5857,0,0.04900,0.01900,0.1450,0.0000,0.022190,0.056032,-1.6248,-2.9694,66.7439,-5.2901,5.5418,88.0695,0.0000,0.0000,0.0000,0.0000,0.0000,0.0000,-0.003072,0.019012,66.8155,0.020456,0.007354,88.0695,0.000000,0.000000,0.0000,0.000000,0.000000,0.0000,-0.60335,-0.20506,-0.34873,0.40048,-0.05668,0.21844,-0.25472,-0.26979,-0.18226,0.71731,-0.33440,0.19386,-0.51295,0.46004,-0.33432,0.27025,-2.99582,0.47349,1.55431,-0.34537,0.49956,-1.16570,-0.01085,1.76827,0.92152,0.79394,-0.04907,0.09155,0.74501,-0.66011,-0.06465,-0.55921,6.000,6.000,12.000,12.000,6.000,6.000,6.000,6.000,12.000,12.000,6.000,6.000,6.000,6.000,6.000,6.000,0.007867,0.053450,0.004200,0.046814,0.004200,0.048418,0.015202,0.064916,0.003409,0.007582,0.000000,1.000000,1.000000,0.000000,0.000000,0.000000,0.000000,0.215617,0.191389
2.6000,0.00128,0.06490,0.48005,0.99022,0.01084,-0.00342,0.13905,0.00734,0.05065,0.31658,0.31446,0.02064,0.04677,1,0.04617,0.02064,0.033688,-0.00347,3.2893,0.0008,-0.2233,-0.4451,-0.5813,-6.0173,15.1758,0,0.04900,0.01900,0.1562,0.0000,0.017497,0.062055,-1.4806,-2.9512,61.1863,-4.0501,6.0165,77.3779,0.0000,0.0000,0.0000,0.0000,0.0000,0.0000,-0.010503,0.016969,61.2631,0.013963,0.011073,77.3779,0.000000,0.000000,0.0000,0.000000,0.000000,0.0000,-0.60711,-0.20504,-0.34505,0.39838,-0.05483,0.21826,-0.24592,-0.26640,-0.16803,0.72548,-0.33879,0.19589,-0.48388,0.43702,-0.32896,0.25257,-2.60538,0.69065,0.87890,-0.72660,-0.11923,-1.01471,-0.06139,1.66814,1.22709,0.94833,0.01773,0.07732,0.69734,-0.65950,-0.13379,-0.51806,6.000,6.000,12.000,12.000,6.000,6.000,6.000,6.000,12.000,12.000,6.000,6.000,6.000,6.000,6.000,6.000,0.007632,0.054263,0.004200,0.046769,0.004200,0.048373,0.014498,0.064916,0.005938,0.008243,0.000000,1.000000,1.000000,0.000000,0.000000,0.000000,0.000000,0.218445,0.193862
2.6050,0.00163,0.06484,0.48013,0.99020,0.01099,-0.00430,0.13919,0.00732,0.05075,0.31658,0.31446,0.02053,0.04672,1,0.04695,0.02053,0.033712,0.00961,1.6114,0.0008,-0.1972,-0.4418,-0.9878,-7.7430,15.6222,0,0.04900,0.01900,0.1556,0.0000,0.011373,0.063097,-1.3077,-2.9292,58.4909,-3.5730,5.5518,70.7244,0.0000,0.0000,0.0000,0.0000,0.0000,0.0000,-0.018328,0.009316,58.5668,0.007753,0.009766,70.7244,0.000000,0.000000,0.0000,0.000000,0.000000,0.0000,-0.60851,-0.20575,-0.34219,0.39980,-0.05635,0.21641,-0.23525,-0.26194,-0.15365,0.73417,-0.34232,0.19749,-0.45417,0.41450,-0.32535,0.23638,-2.40440,1.19717,0.34459,-1.11366,-0.66901,-0.56476,-0.10021,1.45784,1.55513,1.14176,0.08970,0.06194,0.65689,-0.65486,-0.22969,-0.48148,6.000,6.000,12.000,12.000,6.000,6.000,6.000,6.000,12.000,12.000,6.000,6.000,6.000,6.000,6.000,6.000,0.007347,0.055082,0.004200,0.046724,0.004200,0.048328,0.013641,0.064916,0.008485,0.008931,0.000000,1.000000,1.000000,0.000000,0.000000,0.000000,0.000000,0.218263,0.195887
2.6100,0.00199,0.06477,0.48019,0.99023,0.01119,-0.00519,0.13886,0.00729,0.05088,0.31659,0.31446,0.02057,0.04668,1,0.04778,0.02057,0.033784,0.01699,0.5245,0.0008,-0.1666,-0.4379,-1.1367,-8.8963,15.9808,0,0.04900,0.01900,0.1483,0.0000,0.002676,0.059953,-1.1048,-2.9035,57.5037,-3.1348,5.0693,66.9798,0.0000,0.0000,0.0000,0.0000,0.0000,0.0000,-0.024649,0.001172,57.5755,0.000507,0.003772,66.9798,0.000000,0.000000,0.0000,0.000000,0.000000,0.0000,-0.60830,-0.20693,-0.33994,0.40378,-0.06042,0.21381,-0.22299,-0.25640,-0.13903,0.74362,-0.34504,0.19869,-0.42418,0.39251,-0.32345,0.22159,-2.31386,1.72344,-0.03222,-1.43014,-1.09081,-0.10476,-0.11547,1.24956,1.82910,1.32030,0.15308,0.04714,0.62826,-0.64684,-0.32192,-0.44590,6.000,6.000,12.000,12.000,6.000,6.000,6.000,6.000,12.000,12.000,6.000,6.000,6.000,6.000,6.000,6.000,0.007009,0.055860,0.004200,0.046679,0.004200,0.048283,0.012627,0.064916,0.010909,0.009601,0.000000,1.000000,1.000000,0.000000,0.000000,0.000000,0.000000,0.216412,0.197489
2.6150,0.00235,0.06468,0.48023,0.99032,0.01143,-0.00608,0.13820,0.00724,0.05102,0.31661,0.31446,0.02073,0.04663,1,0.04870,0.02073,0.033881,0.02081,-0.1818,0.0007,-0.1332,-0.4335,-1.1562,-9.6727,16.2297,0,0.04900,0.01900,0.1378,0.0000,-0.005515,0.055909,-0.8830,-2.8743,57.3748,-2.7244,4.6419,65.1158,0.0000,0.0000,0.0000,0.0000,0.0000,0.0000,-0.028871,-0.005551,57.4410,-0.005937,-0.002838,65.1158,0.000000,0.000000,0.0000,0.000000,0.000000,0.0000,-0.60701,-0.20844,-0.33815,0.40961,-0.06635,0.21103,-0.20942,-0.24979,-0.12411,0.75400,-0.34698,0.19953,-0.39418,0.37104,-0.32316,0.20814,-2.27996,2.16961,-0.26570,-1.65084,-1.37714,0.27918,-0.10643,1.08187,2.02061,1.46013,0.20253,0.03355,0.60839,-0.63689,-0.39670,-0.41012,6.000,6.000,12.000,12.000,6.000,6.000,6.000,6.000,12.000,12.000,6.000,6.000,6.000,6.000,6.000,6.000,0.006637,0.056601,0.004200,0.046635,0.004200,0.048238,0.011511,0.064916,0.013222,0.010260,0.000000,1.000000,1.000000,0.000000,0.000000,0.000000,0.000000,0.213810,0.198694
2.6200,0.00272,0.06459,0.48024,0.99044,0.01170,-0.00695,0.13729,0.00719,0.05118,0.31663,0.31446,0.02097,0.04659,1,0.04972,0.02097,0.033989,0.02230,-0.6437,0.0006,-0.0979,-0.4286,-1.1164,-10.2016,16.3625,0,0.04900,0.01900,0.1265,0.0000,-0.011885,0.052269,-0.6492,-2.8417,57.6384,-2.3405,4.2810,64.2826,0.0000,0.0000,0.0000,0.0000,0.0000,0.0000,-0.030843,-0.010222,57.6984,-0.010779,-0.008426,64.2826,0.000000,0.000000,0.0000,0.000000,0.000000,0.0000,-0.60501,-0.21016,-0.33670,0.41677,-0.07362,0.20841,-0.19480,-0.24213,-0.10885,0.76537,-0.34820,0.20001,-0.36440,0.35008,-0.32435,0.19596,-2.27661,2.50391,-0.36482,-1.76159,-1.52576,0.55667,-0.07469,0.96037,2.11957,1.55100,0.23613,0.02124,0.59468,-0.62602,-0.44987,-0.37404,6.000,6.000,12.000,12.000,6.000,6.000,6.000,6.000,12.000,12.000,6.000,6.000,6.000,6.000,6.000,6.000,0.006242,0.057308,0.004200,0.046590,0.004200,0.048194,0.010327,0.064916,0.015431,0.010911,0.000000,1.000000,1.000000,0.000000,0.000000,0.000000,0.000000,0.211031,0.199528
2.6250,0.00310,0.06448,0.48022,0.99057,0.01198,-0.00781,0.13624,0.00713,0.05135,0.31664,0.31446,0.02127,0.04654,1,0.05087,0.02127,0.034101,0.02234,-0.9375,0.0005,-0.0620,-0.4232,-1.0524,-10.5672,16.4035,0,0.04900,0.01900,0.1164,0.0000,-0.015844,0.049495,-0.4111,-2.8061,58.0630,-1.9907,3.9969,63.9702,0.0000,0.0000,0.0000,0.0000,0.0000,0.0000,-0.030900,-0.012947,58.1169,-0.013619,-0.012376,63.9702,0.000000,0.000000,0.0000,0.000000,0.000000,0.0000,-0.60257,-0.21203,-0.33552,0.42489,-0.08184,0.20614,-0.17936,-0.23341,-0.09324,0.77773,-0.34876,0.20017,-0.33498,0.32961,-0.32685,0.18499,-2.28885,2.72761,-0.35538,-1.77438,-1.55618,0.73034,-0.02637,0.88272,2.13644,1.59587,0.25535,0.01017,0.58478,-0.61504,-0.48264,-0.33788,6.000,6.000,12.000,12.000,6.000,6.000,6.000,6.000,12.000,12.000,6.000,6.000,6.000,6.000,6.000,6.000,0.005837,0.057987,0.004200,0.046545,0.004200,0.048149,0.009113,0.064916,0.017560,0.011559,0.000000,1.000000,1.000000,0.000000,0.000000,0.000000,0.000000,0.208411,0.200013
2.6300,0.00350,0.06436,0.48018,0.99072,0.01227,-0.00865,0.13509,0.00706,0.05154,0.31665,0.31446,0.02161,0.04650,1,0.05218,0.02161,0.034209,0.02140,-1.1197,0.0004,-0.0263,-0.4174,-0.9836,-10.8292,16.3720,0,0.04900,0.01900,0.1076,0.0000,-0.017558,0.047642,-0.1741,-2.7675,58.5189,-1.6704,3.7714,63.9210,0.0000,0.0000,0.0000,0.0000,0.0000,0.0000,-0.029507,-0.014123,58.5668,-0.014638,-0.014702,63.9210,0.000000,0.000000,0.0000,0.000000,0.000000,0.0000,-0.59988,-0.21399,-0.33457,0.43370,-0.09071,0.20427,-0.16330,-0.22363,-0.07732,0.79104,-0.34873,0.20003,-0.30603,0.30957,-0.33051,0.17516,-2.30890,2.85869,-0.26430,-1.70859,-1.49368,0.81765,0.03228,0.83960,2.08750,1.60213,0.26270,0.00018,0.57694,-0.60453,-0.49855,-0.30207,6.000,6.000,12.000,12.000,6.000,6.000,6.000,6.000,12.000,12.000,6.000,6.000,6.000,6.000,6.000,6.000,0.005432,0.058647,0.004200,0.046500,0.004200,0.048104,0.007897,0.064916,0.019627,0.012209,0.000000,1.000000,1.000000,0.000000,0.000000,0.000000,0.000000,0.206137,0.200173
2.6350,0.00392,0.06423,0.48011,0.99087,0.01257,-0.00945,0.13391,0.00698,0.05174,0.31666,0.31446,0.02198,0.04646,1,0.05364,0.02198,0.034311,0.01977,-1.2187,0.0003,0.0084,-0.4112,-0.9163,-11.0189,16.2907,0,0.04900,0.01900,0.1001,0.0000,-0.017498,0.046545,0.0554,-2.7260,58.9652,-1.3629,3.5896,63.9601,0.0000,0.0000,0.0000,0.0000,0.0000,0.0000,-0.027101,-0.014107,59.0077,-0.014227,-0.015725,63.9601,0.000000,0.000000,0.0000,0.000000,0.000000,0.0000,-0.59708,-0.21599,-0.33383,0.44303,-0.10001,0.20278,-0.14678,-0.21275,-0.06117,0.80518,-0.34818,0.19960,-0.27761,0.28994,-0.33516,0.16641,-2.33283,2.91286,-0.11576,-1.58577,-1.36383,0.83473,0.09547,0.82558,1.98729,1.57693,0.26049,-0.00883,0.56970,-0.59488,-0.50129,-0.26702,6.000,6.000,12.000,12.000,6.000,6.000,6.000,6.000,12.000,12.000,6.000,6.000,6.000,6.000,6.000,6.000,0.005037,0.059293,0.004200,0.046455,0.004200,0.048059,0.006711,0.064916,0.021656,0.012865,0.000000,1.000000,1.000000,0.000000,0.000000,0.000000,0.000000,0.204268,0.200030
2.6400,0.00435,0.06408,0.48001,0.99102,0.01287,-0.01024,0.13272,0.00690,0.05195,0.31666,0.31446,0.02238,0.04641,1,0.05526,0.02238,0.034402,0.01769,-1.2506,0.0002,0.0412,-0.4045,-0.8514,-11.1522,16.1774,0,0.04900,0.01900,0.0939,0.0000,-0.016115,0.046070,0.2732,-2.6818,59.3958,-1.0790,3.4379,63.9919,0.0000,0.0000,0.0000,0.0000,0.0000,0.0000,-0.023995,-0.013216,59.4333,-0.012770,-0.015722,63.9919,0.000000,0.000000,0.0000,0.000000,0.000000,0.0000,-0.59427,-0.21800,-0.33329,0.45274,-0.10956,0.20160,-0.12996,-0.20076,-0.04487,0.82003,-0.34717,0.19891,-0.24978,0.27066,-0.34065,0.15869,-2.36021,2.90572,0.07323,-1.42222,-1.18555,0.79733,0.15895,0.83447,1.84721,1.52620,0.25060,-0.01698,0.56252,-0.58628,-0.49446,-0.23306,6.000,6.000,12.000,12.000,6.000,6.000,6.000,6.000,12.000,12.000,6.000,6.000,6.000,6.000,6.000,6.000,0.004659,0.059933,0.004200,0.046411,0.004200,0.048014,0.005577,0.064916,0.023666,0.013530,0.000000,1.000000,1.000000,0.000000,0.000000,0.000000,0.000000,0.202777,0.199604
2.6450,0.00479,0.06393,0.47988,0.99116,0.01318,-0.01099,0.13154,0.00681,0.05218,0.31666,0.31446,0.02371,0.04637,1,0.05705,0.02371,0.034483,0.01545,-1.2312,0.0001,0.0722,-0.3974,-0.7891,-11.2390,16.0427,0,0.04900,0.01900,0.0889,0.0000,-0.013753,0.046083,0.4784,-2.6349,59.8085,-0.8146,3.3166,64.0195,0.0000,0.0000,0.0000,0.0000,0.0000,0.0000,-0.020404,-0.011747,59.8414,-0.010547,-0.014936,64.0195,0.000000,0.000000,0.0000,0.000000,0.000000,0.0000,-0.59151,-0.22000,-0.33294,0.46276,-0.11927,0.20067,-0.11296,-0.18764,-0.02855,0.83545,-0.34577,0.19798,-0.22257,0.25169,-0.34681,0.15196,-2.39131,2.85567,0.29074,-1.22960,-0.97235,0.72196,0.22001,0.85671,1.67754,1.45539,0.23470,-0.02443,0.55550,-0.57875,-0.48126,-0.20053,6.000,6.000,12.000,12.000,6.000,6.000,6.000,6.000,12.000,12.000,6.000,6.000,6.000,6.000,6.000,6.000,0.004299,0.060570,0.004200,0.046366,0.004200,0.047970,0.004499,0.064916,0.025666,0.014205,0.000000,1.000000,1.000000,0.000000,0.000000,0.000000,0.000000,0.201598,0.198915
2.6500,0.00524,0.06377,0.47973,0.99130,0.01349,-0.01171,0.13039,0.00672,0.05242,0.31666,0.31446,0.02525,0.04632,1,0.05899,0.02525,0.034553,0.01319,-1.1813,0.0000,0.1013,-0.3900,-0.7325,-11.2935,15.8903,0,0.04900,0.01900,0.0849,0.0000,-0.010667,0.046441,0.6717,-2.5855,60.1840,-0.5730,3.2128,64.0780,0.0000,0.0000,0.0000,0.0000,0.0000,0.0000,-0.016623,-0.009989,60.2127,-0.007750,-0.013589,64.0780,0.000000,0.000000,0.0000,0.000000,0.000000,0.0000,-0.58885,-0.22195,-0.33279,0.47303,-0.12905,0.19994,-0.09590,-0.17336,-0.01232,0.85128,-0.34407,0.19682,-0.19600,0.23298,-0.35350,0.14614,-2.42204,2.78050,0.51848,-1.02524,-0.74303,0.62566,0.27509,0.88557,1.49233,1.37189,0.21499,-0.03130,0.54836,-0.57237,-0.46432,-0.16969,6.000,6.000,12.000,12.000,6.000,6.000,6.000,6.000,12.000,12.000,6.000,6.000,6.000,6.000,6.000,6.000,0.003958,0.061206,0.004200,0.046321,0.004200,0.047925,0.003476,0.064916,0.027664,0.014887,0.000000,1.000000,1.000000,0.000000,0.000000,0.000000,0.000000,0.200669,0.197981
2.6550,0.00570,0.06360,0.47955,0.99143,0.01380,-0.01240,0.12929,0.00663,0.05267,0.31666,0.31446,0.02674,0.04628,1,0.06107,0.02674,0.034611,0.01100,-1.1119,-0.0000,0.1286,-0.3821,-0.6811,-11.3205,15.7248,0,0.04900,0.01900,0.0815,0.0000,-0.007234,0.046996,0.8527,-2.5335,60.5245,-0.3485,3.1173,64.1232,0.0000,0.0000,0.0000,0.0000,0.0000,0.0000,-0.012778,-0.008128,60.5493,-0.004690,-0.011944,64.1232,0.000000,0.000000,0.0000,0.000000,0.000000,0.0000,-0.58631,-0.22386,-0.33284,0.48350,-0.13885,0.19938,-0.07888,-0.15791,0.00366,0.86737,-0.34211,0.19545,-0.17009,0.21450,-0.36058,0.14120,-2.45389,2.69239,0.74992,-0.81644,-0.50561,0.51998,0.32329,0.91496,1.29788,1.27933,0.19258,-0.03768,0.54158,-0.56705,-0.44579,-0.14072,6.000,6.000,12.000,12.000,6.000,6.000,6.000,6.000,12.000,12.000,6.000,6.000,6.000,6.000,6.000,6.000,0.003636,0.061844,0.004200,0.046276,0.004200,0.047880,0.002510,0.064916,0.029667,0.015578,0.000000,1.000000,1.000000,0.000000,0.000000,0.000000,0.000000,0.199942,0.196822
2.6600,0.00616,0.06341,0.47935,0.99156,0.01411,-0.01307,0.12825,0.00654,0.05293,0.31666,0.31446,0.02816,0.04623,1,0.06327,0.02816,0.034659,0.00895,-1.0299,-0.0001,0.1538,-0.3739,-0.6340,-11.3230,15.5525,0,0.04900,0.01900,0.0789,0.0000,-0.003632,0.047613,1.0199,-2.4791,60.8368,-0.1325,3.0322,64.1537,0.0000,0.0000,0.0000,0.0000,0.0000,0.0000,-0.009016,-0.006237,60.8582,-0.001489,-0.010185,64.1537,0.000000,0.000000,0.0000,0.000000,0.000000,0.0000,-0.58392,-0.22571,-0.33309,0.49415,-0.14859,0.19893,-0.06198,-0.14130,0.01926,0.88357,-0.33998,0.19389,-0.14486,0.19620,-0.36794,0.13708,-2.48471,2.59749,0.97630,-0.61285,-0.27005,0.40979,0.36306,0.94334,1.10004,1.18095,0.16841,-0.04362,0.53504,-0.56279,-0.42682,-0.11364,6.000,6.000,12.000,12.000,6.000,6.000,6.000,6.000,12.000,12.000,6.000,6.000,6.000,6.000,6.000,6.000,0.003336,0.062484,0.004200,0.046231,0.004200,0.047835,0.001608,0.064916,0.031675,0.016275,0.000000,1.000000,1.000000,0.000000,0.000000,0.000000,0.000000,0.199375,0.195454
2.6650,0.00662,0.06322,0.47912,0.99167,0.01441,-0.01370,0.12727,0.00645,0.05321,0.31665,0.31446,0.02953,0.04619,1,0.06558,0.02953,0.034697,0.00710,-0.9421,-0.0001,0.1762,-0.3653,-0.5917,-11.3060,15.3770,0,0.04900,0.01900,0.0769,0.0000,-0.000018,0.048269,1.1682,-2.4222,61.1171,0.0714,2.9615,64.1863,0.0000,0.0000,0.0000,0.0000,0.0000,0.0000,-0.005396,-0.004377,61.1354,0.001710,-0.008387,64.1863,0.000000,0.000000,0.0000,0.000000,0.000000,0.0000,-0.58168,-0.22748,-0.33355,0.50494,-0.15825,0.19857,-0.04529,-0.12353,0.03433,0.89972,-0.33771,0.19216,-0.12029,0.17804,-0.37548,0.13374,-2.51563,2.50007,1.19314,-0.41887,-0.04065,0.29900,0.39358,0.96974,0.90286,1.07928,0.14324,-0.04914,0.52921,-0.55938,-0.40871,-0.08851,6.000,6.000,12.000,12.000,6.000,6.000,6.000,6.000,12.000,12.000,6.000,6.000,6.000,6.000,6.000,6.000,0.003066,0.063129,0.004200,0.046187,0.004200,0.047790,0.000798,0.064916,0.033701,0.016980,0.000000,1.000000,1.000000,0.000000,0.000000,0.000000,0.000000,0.198931,0.193894
2.6700,0.00708,0.06302,0.47888,0.99177,0.01471,-0.01430,0.12636,0.00635,0.05349,0.31664,0.31446,0.03084,0.04614,1,0.06798,0.03084,0.034727,0.00549,-0.8550,-0.0002,0.1816,-0.3564,-0.5639,-11.2747,15.2013,0,0.04900,0.01900,0.0758,0.0000,0.003531,0.048928,1.2039,-2.3630,61.3016,0.2587,2.9082,64.2260,0.0000,0.0000,0.0000,0.0000,0.0000,0.0000,-0.001623,-0.002334,61.3175,0.004848,-0.006610,64.2260,0.000000,0.000000,0.0000,0.000000,0.000000,0.0000,-0.57961,-0.22918,-0.33421,0.51583,-0.16777,0.19826,-0.02888,-0.10463,0.04874,0.91570,-0.33538,0.19026,-0.09640,0.16002,-0.38310,0.13113,-2.53409,2.39423,1.38939,-0.23313,0.19133,0.17583,0.40757,1.00731,0.71800,0.98028,0.11871,-0.05399,0.52015,-0.55465,-0.39038,-0.06507,6.000,6.000,12.000,12.000,6.000,6.000,6.000,6.000,12.000,12.000,6.000,6.000,6.000,6.000,6.000,6.000,0.002977,0.063821,0.004200,0.046142,0.004200,0.047746,0.000531,0.064916,0.035866,0.017721,0.000000,1.000000,1.000000,0.000000,0.000000,0.000000,0.000000,0.198574,0.192158
2.6750,0.00753,0.06281,0.47861,0.99187,0.01500,-0.01488,0.12552,0.00626,0.05379,0.31664,0.31446,0.03210,0.04610,1,0.07043,0.03210,0.034749,0.00414,-0.7731,-0.0002,0.1859,-0.3471,-0.5366,-11.2160,15.0433,0,0.04900,0.01900,0.0753,0.0000,0.007351,0.049670,1.2328,-2.3014,61.4829,0.3363,2.8809,64.2485,0.0000,0.0000,0.0000,0.0000,0.0000,0.0000,0.001743,-0.000401,61.4966,0.008214,-0.004665,64.2485,0.000000,0.000000,0.0000,0.000000,0.000000,0.0000,-0.57771,-0.23078,-0.33508,0.52683,-0.17715,0.19795,-0.01282,-0.08464,0.06236,0.93139,-0.33302,0.18821,-0.07321,0.14216,-0.39072,0.12920,-2.55365,2.29045,1.56374,-0.07215,0.40026,0.05740,0.41001,1.04534,0.54064,0.88295,0.09455,-0.05839,0.51215,-0.54913,-0.37498,-0.04364,6.000,6.000,12.000,12.000,6.000,6.000,6.000,6.000,12.000,12.000,6.000,6.000,6.000,6.000,6.000,6.000,0.002899,0.064522,0.004200,0.046097,0.004200,0.047701,0.000298,0.064916,0.038060,0.018471,0.000000,1.000000,1.000000,0.000000,0.000000,0.000000,0.000000,0.198259,0.190259
2.6800,0.00798,0.06259,0.47833,0.99195,0.01529,-0.01544,0.12475,0.00617,0.05410,0.31662,0.31446,0.03330,0.04605,1,0.07290,0.03330,0.034766,0.00304,-0.7004,-0.0002,0.1894,-0.3375,-0.5116,-11.1406,14.9032,0,0.04900,0.01900,0.0751,0.0000,0.010828,0.050427,1.2555,-2.2375,61.6487,0.4035,2.8692,64.2933,0.0000,0.0000,0.0000,0.0000,0.0000,0.0000,0.004709,0.001410,61.6606,0.011253,-0.002819,64.2933,0.000000,0.000000,0.0000,0.000000,0.000000,0.0000,-0.57598,-0.23229,-0.33615,0.53790,-0.18637,0.19760,0.00284,-0.06359,0.07505,0.94667,-0.33069,0.18603,-0.05071,0.12447,-0.39830,0.12792,-2.57329,2.18909,1.71511,0.06369,0.58581,-0.05522,0.40075,1.08446,0.37194,0.78834,0.07104,-0.06233,0.50560,-0.54285,-0.36265,-0.02411,6.000,6.000,12.000,12.000,6.000,6.000,6.000,6.000,12.000,12.000,6.000,6.000,6.000,6.000,6.000,6.000,0.002831,0.065235,0.004200,0.046052,0.004200,0.047656,0.000095,0.064916,0.040288,0.019232,0.000000,1.000000,1.000000,0.000000,0.000000,0.000000,0.000000,0.197945,0.188213
2.6850,0.00841,0.06236,0.47804,0.99202,0.01557,-0.01597,0.12405,0.00607,0.05442,0.31661,0.31446,0.03445,0.04601,1,0.07539,0.03445,0.034777,0.00218,-0.6386,-0.0002,0.1920,-0.3275,-0.4896,-11.0568,14.7813,0,0.04900,0.01900,0.0753,0.0000,0.013957,0.051188,1.2729,-2.1712,61.7942,0.4608,2.8682,64.3403,0.0000,0.0000,0.0000,0.0000,0.0000,0.0000,0.007289,0.003110,61.8045,0.013960,-0.001082,64.3403,0.000000,0.000000,0.0000,0.000000,0.000000,0.0000,-0.57443,-0.23371,-0.33741,0.54900,-0.19541,0.19718,0.01805,-0.04154,0.08670,0.96145,-0.32841,0.18373,-0.02891,0.10697,-0.40579,0.12724,-2.59092,2.08966,1.84297,0.17440,0.74801,-0.16228,0.37961,1.12567,0.21231,0.69709,0.04837,-0.06580,0.50059,-0.53586,-0.35317,-0.00632,6.000,6.000,12.000,12.000,6.000,6.000,6.000,6.000,12.000,12.000,6.000,6.000,6.000,6.000,6.000,6.000,0.002773,0.065961,0.004200,0.046007,0.004200,0.047611,-0.000081,0.064916,0.042557,0.020005,0.000000,1.000000,1.000000,0.000000,0.000000,0.000000,0.000000,0.197595,0.186031
2.6900,0.00883,0.06217,0.47779,0.99211,0.01590,-0.01646,0.12329,0.00598,0.05475,0.31660,0.31446,0.03555,0.04596,1,0.07785,0.03555,0.034784,0.00096,-0.5876,-0.0003,0.1939,-0.3171,-0.4707,-10.9702,14.6776,0,0.04900,0.01900,0.2760,0.0000,0.006585,0.061099,1.2857,-2.1026,61.9198,5.2075,-12.9468,84.2720,0.0000,0.0000,0.0000,0.0000,0.0000,0.0000,0.009541,0.004704,61.9287,0.003774,0.005922,84.2720,0.000000,0.000000,0.0000,0.000000,0.000000,0.0000,-0.57274,-0.23524,-0.33784,0.55786,-0.20326,0.19659,0.02261,-0.02475,0.09701,0.97527,-0.32604,0.18106,-0.00747,0.08958,-0.41319,0.12711,-2.60672,1.99239,1.95033,0.26321,0.89013,-0.26370,0.34739,1.16826,0.06060,0.60908,0.02646,-0.06883,0.49744,-0.52817,-0.34635,0.00986,6.000,6.000,12.000,12.000,6.000,6.000,6.000,6.000,12.000,12.000,6.000,6.000,6.000,6.000,6.000,6.000,0.002722,0.066703,0.004200,0.045963,0.004200,0.047567,-0.000234,0.064916,0.044870,0.020793,0.000000,1.000000,1.000000,0.000000,0.000000,0.000000,0.000000,0.197183,0.183727
2.6950,0.00924,0.06202,0.47759,0.99220,0.01625,-0.01689,0.12243,0.00590,0.05506,0.31662,0.31446,0.03658,0.04592,1,0.08023,0.03658,0.034791,0.00163,-0.5005,-0.0003,0.1380,-0.3075,-1.4064,-12.1685,13.7192,0,0.04900,0.01900,0.2972,0.0000,0.010224,0.062243,0.9148,-2.0390,55.7160,3.3192,-13.3398,77.1142,0.0000,0.0000,0.0000,0.0000,0.0000,0.0000,0.025423,0.019012,55.7235,0.006845,0.008174,77.1142,0.000000,0.000000,0.0000,0.000000,0.000000,0.0000,-0.57073,-0.23669,-0.33757,0.56471,-0.20980,0.19526,0.01502,-0.01479,0.10690,0.98707,-0.32377,0.17813,0.01347,0.07233,-0.42024,0.12743,-2.23627,0.80123,2.37884,0.91987,1.65254,-1.03047,-0.16698,1.22422,-0.47950,0.30214,-0.03103,-0.07664,0.43703,-0.53419,-0.20629,0.03918,6.000,6.000,12.000,12.000,6.000,6.000,6.000,6.000,12.000,12.000,6.000,6.000,6.000,6.000,6.000,6.000,0.003293,0.065354,0.004200,0.045918,0.004200,0.047522,0.001480,0.064916,0.040914,0.019457,0.000000,1.000000,1.000000,0.000000,0.000000,0.000000,0.000000,0.196594,0.181063
2.7000,0.00961,0.06190,0.47741,0.99230,0.01654,-0.01729,0.12155,0.00584,0.05533,0.31669,0.31446,0.03751,0.04587,1,0.08249,0.03751,0.034799,0.00169,-0.5640,-0.0003,0.1104,-0.2992,-1.7935,-11.8683,13.2386,0,0.04900,0.01900,0.2165,0.0000,0.027169,0.066361,0.7320,-1.9836,53.1497,2.1697,-8.7774,69.6296,0.0000,0.0000,0.0000,0.0000,0.0000,0.0000,0.025372,0.019020,53.1545,0.021553,0.017520,69.6296,0.000000,0.000000,0.0000,0.000000,0.000000,0.0000,-0.56858,-0.23792,-0.33721,0.57086,-0.21557,0.19328,-0.00007,-0.00916,0.11671,0.99698,-0.32164,0.17498,0.03356,0.05528,-0.42669,0.12815,-2.09054,0.59552,2.17144,0.78373,1.57139,-0.99798,-0.45742,1.19317,-0.43085,0.27335,-0.02032,-0.08524,0.38279,-0.53393,-0.16996,0.05227,6.000,6.000,12.000,12.000,6.000,6.000,6.000,6.000,12.000,12.000,6.000,6.000,6.000,6.000,6.000,6.000,0.003565,0.064470,0.004200,0.045873,0.004200,0.047477,0.002296,0.064916,0.038352,0.018608,0.000000,1.000000,1.000000,0.000000,0.000000,0.000000,0.000000,0.195262,0.178135
2.7050,0.00995,0.06181,0.47724,0.99239,0.01676,-0.01767,0.12070,0.00577,0.05557,0.31676,0.31446,0.03835,0.04583,1,0.08464,0.03835,0.034806,0.00133,-0.5814,-0.0003,0.0979,-0.2917,-1.8748,-10.8114,13.0638,0,0.04900,0.01900,0.1640,0.0000,0.029213,0.065393,0.6493,-1.9340,52.6103,1.2168,-6.2808,65.0337,0.0000,0.0000,0.0000,0.0000,0.0000,0.0000,0.022034,0.019011,52.6116,0.023806,0.017231,65.0337,0.000000,0.000000,0.0000,0.000000,0.000000,0.0000,-0.56647,-0.23893,-0.33693,0.57686,-0.22096,0.19110,-0.01971,-0.00627,0.12655,1.00527,-0.31963,0.17162,0.05262,0.03848,-0.43247,0.12923,-2.05569,0.53559,1.93551,0.54979,1.38356,-0.99114,-0.63205,1.18347,-0.31744,0.28199,-0.00501,-0.09293,0.35193,-0.52773,-0.16346,0.05990,6.000,6.000,12.000,12.000,6.000,6.000,6.000,6.000,12.000,12.000,6.000,6.000,6.000,6.000,6.000,6.000,0.003678,0.063836,0.004200,0.045828,0.004200,0.047432,0.002634,0.064916,0.036538,0.018015,0.000000,1.000000,1.000000,0.000000,0.000000,0.000000,0.000000,0.193278,0.174979
2.7100,0.01027,0.06172,0.47707,0.99247,0.01691,-0.01803,0.11993,0.00572,0.05578,0.31683,0.31446,0.03913,0.04578,1,0.08669,0.03913,0.034810,0.00083,-0.5633,-0.0003,0.0940,-0.2849,-1.7996,-9.6659,13.0446,0,0.04900,0.01900,0.1177,0.0000,0.028308,0.065520,0.6232,-1.8888,53.1092,0.6627,-4.3854,62.7954,0.0000,0.0000,0.0000,0.0000,0.0000,0.0000,0.018719,0.019005,53.1067,0.022914,0.017029,62.7954,0.000000,0.000000,0.0000,0.000000,0.000000,0.0000,-0.56451,-0.23977,-0.33681,0.58290,-0.22618,0.18901,-0.04207,-0.00511,0.13639,1.01229,-0.31774,0.16808,0.07059,0.02196,-0.43763,0.13064,-2.07852,0.55539,1.75993,0.34457,1.22488,-0.99623,-0.72922,1.16991,-0.19760,0.30574,0.01041,-0.10002,0.33489,-0.51811,-0.16765,0.06535,6.000,6.000,12.000,12.000,6.000,6.000,6.000,6.000,12.000,12.000,6.000,6.000,6.000,6.000,6.000,6.000,0.003701,0.063407,0.004200,0.045784,0.004200,0.047387,0.002703,0.064916,0.035341,0.017630,0.000000,1.000000,1.000000,0.000000,0.000000,0.000000,0.000000,0.191099,0.171622
2.7150,0.01056,0.06163,0.47690,0.99255,0.01701,-0.01838,0.11925,0.00566,0.05599,0.31689,0.31446,0.03985,0.04574,1,0.08864,0.03985,0.034813,0.00041,-0.5309,-0.0003,0.0944,-0.2785,-1.6575,-8.7542,13.0935,0,0.04900,0.01900,0.0805,0.0000,0.026847,0.065895,0.6259,-1.8467,54.0513,0.3640,-2.9664,61.9170,0.0000,0.0000,0.0000,0.0000,0.0000,0.0000,0.016430,0.019008,54.0453,0.021414,0.016891,61.9170,0.000000,0.000000,0.0000,0.000000,0.000000,0.0000,-0.56280,-0.24049,-0.33687,0.58904,-0.23134,0.18716,-0.06593,-0.00502,0.14613,1.01836,-0.31593,0.16437,0.08750,0.00574,-0.44221,0.13235,-2.12764,0.61149,1.65451,0.19721,1.12662,-1.00596,-0.77903,1.15259,-0.09543,0.33238,0.02374,-0.10654,0.32622,-0.50647,-0.17504,0.06999,6.000,6.000,12.000,12.000,6.000,6.000,6.000,6.000,12.000,12.000,6.000,6.000,6.000,6.000,6.000,6.000,0.003677,0.063149,0.004200,0.045739,0.004200,0.047343,0.002633,0.064916,0.034657,0.017418,0.000000,1.000000,1.000000,0.000000,0.000000,0.000000,0.000000,0.189011,0.168081
2.7200,0.01083,0.06154,0.47672,0.99261,0.01710,-0.01872,0.11869,0.00560,0.05618,0.31694,0.31446,0.04055,0.04569,1,0.09052,0.04055,0.034814,0.00012,-0.5005,-0.0003,0.0968,-0.2725,-1.5000,-8.1762,13.1694,0,0.04900,0.01900,0.0518,0.0000,0.025718,0.066170,0.6418,-1.8068,55.0954,0.2263,-1.9066,61.8161,0.0000,0.0000,0.0000,0.0000,0.0000,0.0000,0.015204,0.019018,55.0860,0.020261,0.016773,61.8161,0.000000,0.000000,0.0000,0.000000,0.000000,0.0000,-0.56137,-0.24113,-0.33709,0.59524,-0.23645,0.18561,-0.09056,-0.00560,0.15567,1.02375,-0.31419,0.16049,0.10317,-0.00869,-0.44629,0.13434,-2.18464,0.67681,1.60471,0.10353,1.08424,-1.01666,-0.80253,1.13777,-0.01821,0.35601,0.03419,-0.11244,0.32268,-0.49360,-0.18276,0.07437,6.000,6.000,12.000,12.000,6.000,6.000,6.000,6.000,12.000,12.000,6.000,6.000,6.000,6.000,6.000,6.000,0.003633,0.063031,0.004200,0.045694,0.004200,0.047298,0.002500,0.064916,0.034393,0.017346,0.000000,1.000000,1.000000,0.000000,0.000000,0.000000,0.000000,0.187164,0.164366
2.7250,0.01107,0.06143,0.47654,0.99265,0.01718,-0.01908,0.11824,0.00555,0.05637,0.31698,0.31446,0.04124,0.04565,1,0.09232,0.04124,0.034814,-0.00006,-0.4781,-0.0003,0.1000,-0.2667,-1.3531,-7.9635,13.4832,0,0.04900,0.01900,0.0329,0.0000,0.025216,0.066306,0.6631,-1.7682,56.0691,0.1623,-1.2128,62.0803,0.0000,0.0000,0.0000,0.0000,0.0000,0.0000,0.014575,0.019016,56.0570,0.019745,0.016732,62.0803,0.000000,0.000000,0.0000,0.000000,0.000000,0.0000,-0.56023,-0.24175,-0.33744,0.60145,-0.24150,0.18436,-0.11548,-0.00657,0.16496,1.02867,-0.31248,0.15645,0.11716,-0.01786,-0.44994,0.13661,-2.23881,0.73903,1.58259,0.03874,1.07171,-1.02561,-0.81482,1.13209,0.03963,0.37466,0.04196,-0.11766,0.30542,-0.38387,-0.18970,0.07896,6.000,6.000,12.000,12.000,6.000,6.000,6.000,6.000,12.000,12.000,6.000,6.000,6.000,6.000,6.000,6.000,0.003580,0.063015,0.004200,0.045649,0.004200,0.047253,0.002341,0.064916,0.034434,0.017377,0.000000,1.000000,1.000000,0.000000,0.000000,0.000000,0.000000,0.185614,0.160487
2.7300,0.01128,0.06132,0.47636,0.99268,0.01726,-0.01944,0.11790,0.00549,0.05655,0.31701,0.31446,0.04195,0.04560,1,0.09406,0.04195,0.034813,-0.00014,-0.4633,-0.0003,0.1035,-0.2610,-1.2283,-7.9801,13.8483,0,0.04900,0.01900,0.0203,0.0000,0.024934,0.066375,0.6859,-1.7306,56.8965,0.1471,-0.7465,62.5161,0.0000,0.0000,0.0000,0.0000,0.0000,0.0000,0.014505,0.019018,56.8821,0.019456,0.016701,62.5161,0.000000,0.000000,0.0000,0.000000,0.000000,0.0000,-0.55937,-0.24235,-0.33790,0.60760,-0.24644,0.18339,-0.14041,-0.00777,0.17389,1.03328,-0.31081,0.15227,0.12976,-0.02306,-0.45323,0.13913,-2.28647,0.79279,1.58529,0.00284,1.08782,-1.03320,-0.81905,1.12944,0.07728,0.38698,0.04707,-0.12242,0.28531,-0.25046,-0.19475,0.08363,6.000,6.000,12.000,12.000,6.000,6.000,6.000,6.000,12.000,12.000,6.000,6.000,6.000,6.000,6.000,6.000,0.003525,0.063069,0.004200,0.045604,0.004200,0.047208,0.002175,0.064916,0.034685,0.017477,0.000000,1.000000,1.000000,0.000000,0.000000,0.000000,0.000000,0.184365,0.156452
2.7350,0.01146,0.06120,0.47618,0.99270,0.01735,-0.01982,0.11766,0.00544,0.05673,0.31704,0.31446,0.04269,0.04556,1,0.09573,0.04269,0.034812,-0.00014,-0.4553,-0.0003,0.1068,-0.2554,-1.1298,-8.0985,14.1417,0,0.04900,0.01900,0.0133,0.0000,0.025019,0.066346,0.7078,-1.6935,57.5496,0.1514,-0.4775,62.9984,0.0000,0.0000,0.0000,0.0000,0.0000,0.0000,0.014841,0.019003,57.5335,0.019546,0.016700,62.9984,0.000000,0.000000,0.0000,0.000000,0.000000,0.0000,-0.55875,-0.24294,-0.33844,0.61364,-0.25124,0.18265,-0.16516,-0.00905,0.18237,1.03768,-0.30916,0.14794,0.14119,-0.02547,-0.45620,0.14189,-2.32421,0.83793,1.60470,-0.01098,1.12432,-1.03806,-0.81757,1.12698,0.09837,0.39392,0.05012,-0.12682,0.27107,-0.15443,-0.19728,0.08828,6.000,6.000,12.000,12.000,6.000,6.000,6.000,6.000,12.000,12.000,6.000,6.000,6.000,6.000,6.000,6.000,0.003471,0.063167,0.004200,0.045560,0.004200,0.047163,0.002014,0.064916,0.035070,0.017623,0.000000,1.000000,1.000000,0.000000,0.000000,0.000000,0.000000,0.183391,0.152268
2.7400,0.01162,0.06106,0.47600,0.99271,0.01745,-0.02020,0.11750,0.00538,0.05691,0.31706,0.31446,0.04344,0.04551,1,0.09733,0.04344,0.034811,-0.00010,-0.4527,-0.0003,0.1098,-0.2499,-1.0564,-8.2498,14.3956,0,0.04900,0.01900,0.0102,0.0000,0.025381,0.066225,0.7282,-1.6567,58.0366,0.1580,-0.3543,63.4450,0.0000,0.0000,0.0000,0.0000,0.0000,0.0000,0.015369,0.019005,58.0194,0.019927,0.016701,63.4450,0.000000,0.000000,0.0000,0.000000,0.000000,0.0000,-0.55833,-0.24350,-0.33905,0.61951,-0.25587,0.18208,-0.18964,-0.01035,0.19035,1.04192,-0.30753,0.14348,0.15167,-0.02597,-0.45889,0.14485,-2.35431,0.87167,1.63165,-0.01286,1.17013,-1.04266,-0.81347,1.12655,0.10671,0.39600,0.05149,-0.13089,0.26130,-0.08673,-0.19796,0.09277,6.000,6.000,12.000,12.000,6.000,6.000,6.000,6.000,12.000,12.000,6.000,6.000,6.000,6.000,6.000,6.000,0.003420,0.063290,0.004200,0.045515,0.004200,0.047119,0.001859,0.064916,0.035528,0.017792,0.000000,1.000000,1.000000,0.000000,0.000000,0.000000,0.000000,0.182649,0.147943
2.7450,0.01175,0.06091,0.47582,0.99271,0.01756,-0.02058,0.11741,0.00532,0.05708,0.31707,0.31446,0.04421,0.04547,1,0.09886,0.04421,0.034810,-0.00004,-0.4542,-0.0003,0.1127,-0.2444,-1.0049,-8.3799,14.6334,0,0.04900,0.01900,0.0098,0.0000,0.025884,0.066090,0.7471,-1.6202,58.3776,0.1590,-0.3399,63.8323,0.0000,0.0000,0.0000,0.0000,0.0000,0.0000,0.015906,0.019008,58.3596,0.020445,0.016735,63.8323,0.000000,0.000000,0.0000,0.000000,0.000000,0.0000,-0.55807,-0.24401,-0.33970,0.62521,-0.26029,0.18163,-0.21381,-0.01158,0.19781,1.04603,-0.30592,0.13890,0.16136,-0.02521,-0.46133,0.14800,-2.37640,0.89549,1.65694,-0.01283,1.21463,-1.04641,-0.80849,1.12855,0.10801,0.39503,0.05187,-0.13465,0.25429,-0.04034,-0.19700,0.09703,6.000,6.000,12.000,12.000,6.000,6.000,6.000,6.000,12.000,12.000,6.000,6.000,6.000,6.000,6.000,6.000,0.003371,0.063421,0.004200,0.045470,0.004200,0.047074,0.001712,0.064916,0.036010,0.017970,0.000000,1.000000,1.000000,0.000000,0.000000,0.000000,0.000000,0.182082,0.143485
2.7500,0.01185,0.06075,0.47566,0.99271,0.01767,-0.02096,0.11738,0.00527,0.05726,0.31709,0.31446,0.04499,0.04543,1,0.10032,0.04499,0.034810,0.00002,-0.4579,-0.0003,0.1154,-0.2389,-0.9716,-8.4503,14.8698,0,0.04900,0.01900,0.0112,0.0000,0.026384,0.065974,0.7653,-1.5840,58.5988,0.1491,-0.4036,64.1481,0.0000,0.0000,0.0000,0.0000,0.0000,0.0000,0.016347,0.019007,58.5805,0.020954,0.016787,64.1481,0.000000,0.000000,0.0000,0.000000,0.000000,0.0000,-0.55793,-0.24448,-0.34038,0.63071,-0.26449,0.18125,-0.23765,-0.01271,0.20472,1.05000,-0.30434,0.13420,0.17037,-0.02366,-0.46354,0.15132,-2.39124,0.91105,1.67551,-0.01671,1.25174,-1.04933,-0.80337,1.13261,0.10639,0.39232,0.05175,-0.13812,0.24898,-0.00977,-0.19462,0.10099,6.000,6.000,12.000,12.000,6.000,6.000,6.000,6.000,12.000,12.000,6.000,6.000,6.000,6.000,6.000,6.000,0.003323,0.063547,0.004200,0.045425,0.004200,0.047029,0.001569,0.064916,0.036479,0.018143,0.000000,1.000000,1.000000,0.000000,0.000000,0.000000,0.000000,0.181633,0.138901
2.7550,0.01192,0.06059,0.47550,0.99270,0.01777,-0.02135,0.11740,0.00521,0.05743,0.31710,0.31446,0.04578,0.04538,1,0.10170,0.04578,0.034810,0.00008,-0.4623,-0.0003,0.1182,-0.2335,-0.9521,-8.4402,15.1129,0,0.04900,0.01900,0.0135,0.0000,0.026801,0.065892,0.7838,-1.5480,58.7281,0.1306,-0.5041,64.3834,0.0000,0.0000,0.0000,0.0000,0.0000,0.0000,0.016653,0.019015,58.7096,0.021374,0.016843,64.3834,0.000000,0.000000,0.0000,0.000000,0.000000,0.0000,-0.55789,-0.24487,-0.34108,0.63600,-0.26848,0.18090,-0.26117,-0.01371,0.21109,1.05381,-0.30280,0.12939,0.17883,-0.02167,-0.46553,0.15479,-2.40097,0.91905,1.68593,-0.02666,1.27939,-1.05245,-0.79844,1.13846,0.10401,0.38856,0.05139,-0.14133,0.24497,0.00927,-0.19122,0.10458,6.000,6.000,12.000,12.000,6.000,6.000,6.000,6.000,12.000,12.000,6.000,6.000,6.000,6.000,6.000,6.000,0.003275,0.063661,0.004200,0.045380,0.004200,0.046984,0.001424,0.064916,0.036911,0.018304,0.000000,1.000000,1.000000,0.000000,0.000000,0.000000,0.000000,0.181254,0.134199
2.7600,0.01197,0.06041,0.47534,0.99268,0.01786,-0.02175,0.11745,0.00516,0.05760,0.31711,0.31446,0.04658,0.04534,1,0.10300,0.04658,0.034811,0.00012,-0.4663,-0.0003,0.1211,-0.2281,-0.9420,-8.3556,15.3631,0,0.04900,0.01900,0.0161,0.0000,0.027106,0.065860,0.8030,-1.5125,58.7948,0.1094,-0.6146,64.5437,0.0000,0.0000,0.0000,0.0000,0.0000,0.0000,0.016796,0.019008,58.7764,0.021670,0.016911,64.5437,0.000000,0.000000,0.0000,0.000000,0.000000,0.0000,-0.55790,-0.24519,-0.34176,0.64109,-0.27224,0.18055,-0.28438,-0.01455,0.21694,1.05743,-0.30130,0.12448,0.18680,-0.01948,-0.46730,0.15840,-2.40550,0.92274,1.68689,-0.04463,1.29612,-1.05451,-0.79373,1.14540,0.10342,0.38499,0.05115,-0.14428,0.24156,0.02000,-0.18691,0.10778,6.000,6.000,12.000,12.000,6.000,6.000,6.000,6.000,12.000,12.000,6.000,6.000,6.000,6.000,6.000,6.000,0.003225,0.063760,0.004200,0.045336,0.004200,0.046939,0.001277,0.064916,0.037296,0.018450,0.000000,1.000000,1.000000,0.000000,0.000000,0.000000,0.000000,0.180903,0.129389
2.7650,0.01199,0.06022,0.47520,0.99266,0.01795,-0.02215,0.11753,0.00510,0.05777,0.31711,0.31446,0.04739,0.04529,1,0.10421,0.04739,0.034811,0.00021,-0.4700,-0.0003,0.1248,-0.2228,-0.9329,-8.2263,15.6209,0,0.04900,0.01900,0.0183,0.0000,0.027703,0.065845,0.8271,-1.4773,58.8550,-0.1267,-0.6955,64.2460,0.0000,0.0000,0.0000,0.0000,0.0000,0.0000,0.016762,0.019013,58.8368,0.022238,0.017088,64.2460,0.000000,0.000000,0.0000,0.000000,0.000000,0.0000,-0.55796,-0.24543,-0.34245,0.64599,-0.27580,0.18016,-0.30732,-0.01525,0.22234,1.06077,-0.29987,0.11948,0.19436,-0.01726,-0.46888,0.16212,-2.40997,0.92175,1.68101,-0.07046,1.30283,-1.05797,-0.79043,1.15540,0.10505,0.38191,0.05100,-0.14692,0.23960,0.02505,-0.18287,0.11050,6.000,6.000,12.000,12.000,6.000,6.000,6.000,6.000,12.000,12.000,6.000,6.000,6.000,6.000,6.000,6.000,0.003168,0.063842,0.004200,0.045291,0.004200,0.046895,0.001106,0.064916,0.037632,0.018580,0.000000,1.000000,1.000000,0.000000,0.000000,0.000000,0.000000,0.180548,0.124478
2.7700,0.01199,0.06003,0.47506,0.99264,0.01803,-0.02255,0.11762,0.00505,0.05794,0.31712,0.31446,0.04820,0.04525,1,0.10533,0.04820,0.034813,0.00030,-0.4779,-0.0003,0.1327,-0.2176,-0.8931,-8.1886,15.8852,0,0.04900,0.01900,0.0237,0.0000,0.028373,0.065883,0.8799,-1.4427,59.1189,-0.4772,-0.7709,63.7900,0.0000,0.0000,0.0000,0.0000,0.0000,0.0000,0.016279,0.019004,59.1012,0.022857,0.017338,63.7900,0.000000,0.000000,0.0000,0.000000,0.000000,0.0000,-0.55804,-0.24562,-0.34317,0.65075,-0.27917,0.17973,-0.33003,-0.01587,0.22740,1.06373,-0.29856,0.11442,0.20157,-0.01511,-0.47029,0.16594,-2.42620,0.91930,1.66832,-0.11542,1.29027,-1.06522,-0.79434,1.17756,0.11593,0.38286,0.05134,-0.14890,0.24181,0.02659,-0.18304,0.11250,6.000,6.000,12.000,12.000,6.000,6.000,6.000,6.000,12.000,12.000,6.000,6.000,6.000,6.000,6.000,6.000,0.003065,0.063914,0.004200,0.045246,0.004200,0.046850,0.000795,0.064916,0.037939,0.018703,0.000000,1.000000,1.000000,0.000000,0.000000,0.000000,0.000000,0.180163,0.119483
2.7750,0.01197,0.05983,0.47493,0.99261,0.01812,-0.02296,0.11773,0.00499,0.05811,0.31713,0.31446,0.04903,0.04520,1,0.10635,0.04903,0.034814,0.00036,-0.4860,-0.0003,0.1446,-0.2125,-0.8363,-8.2155,16.1574,0,0.04900,0.01900,0.0299,0.0000,0.028585,0.066061,0.9588,-1.4087,59.4958,-0.7644,-0.8440,63.5795,0.0000,0.0000,0.0000,0.0000,0.0000,0.0000,0.015583,0.019010,59.4789,0.022999,0.017572,63.5795,0.000000,0.000000,0.0000,0.000000,0.000000,0.0000,-0.55813,-0.24577,-0.34391,0.65538,-0.28235,0.17924,-0.35258,-0.01643,0.23220,1.06622,-0.29740,0.10930,0.20849,-0.01310,-0.47154,0.16987,-2.45106,0.91262,1.65603,-0.16760,1.26942,-1.07610,-0.80348,1.20753,0.13056,0.38466,0.05145,-0.15036,0.24716,0.02586,-0.18567,0.11402,6.000,6.000,12.000,12.000,6.000,6.000,6.000,6.000,12.000,12.000,6.000,6.000,6.000,6.000,6.000,6.000,0.002918,0.063975,0.004200,0.045201,0.004200,0.046805,0.000355,0.064916,0.038210,0.018817,0.000000,1.000000,1.000000,0.000000,0.000000,0.000000,0.000000,0.179729,0.114418
2.7800,0.01192,0.05962,0.47480,0.99259,0.01822,-0.02338,0.11785,0.00493,0.05827,0.31713,0.31446,0.04988,0.04516,1,0.10729,0.04988,0.034816,0.00039,-0.4931,-0.0003,0.1599,-0.2074,-0.7696,-8.3160,16.4341,0,0.04900,0.01900,0.0353,0.0000,0.028561,0.066324,1.0604,-1.3752,59.9378,-0.9978,-0.9026,63.5056,0.0000,0.0000,0.0000,0.0000,0.0000,0.0000,0.014791,0.019004,59.9218,0.022889,0.017810,63.5056,0.000000,0.000000,0.0000,0.000000,0.000000,0.0000,-0.55823,-0.24589,-0.34467,0.65987,-0.28537,0.17869,-0.37500,-0.01699,0.23681,1.06822,-0.29642,0.10413,0.21518,-0.01127,-0.47267,0.17387,-2.48002,0.90343,1.64631,-0.22210,1.24504,-1.08771,-0.81686,1.24240,0.14725,0.38667,0.05119,-0.15140,0.25438,0.02370,-0.18951,0.11526,6.000,6.000,12.000,12.000,6.000,6.000,6.000,6.000,12.000,12.000,6.000,6.000,6.000,6.000,6.000,6.000,0.002734,0.064027,0.004200,0.045156,0.004200,0.046760,-0.000196,0.064916,0.038455,0.018927,0.000000,1.000000,1.000000,0.000000,0.000000,0.000000,0.000000,0.179239,0.109298
2.7850,0.01185,0.05940,0.47467,0.99256,0.01832,-0.02381,0.11798,0.00487,0.05843,0.31712,0.31446,0.05074,0.04511,1,0.10814,0.05074,0.034818,0.00040,-0.4981,-0.0003,0.1780,-0.2025,-0.7013,-8.4592,16.7160,0,0.04900,0.01900,0.0398,0.0000,0.028373,0.066612,1.1799,-1.3424,60.3910,-1.1767,-0.9582,63.5478,0.0000,0.0000,0.0000,0.0000,0.0000,0.0000,0.014005,0.019004,60.3759,0.022614,0.018019,63.5478,0.000000,0.000000,0.0000,0.000000,0.000000,0.0000,-0.55835,-0.24598,-0.34545,0.66423,-0.28822,0.17808,-0.39736,-0.01754,0.24125,1.06969,-0.29561,0.09893,0.22168,-0.00963,-0.47369,0.17795,-2.51108,0.89053,1.64141,-0.27378,1.22156,-1.09998,-0.83305,1.27977,0.16325,0.38751,0.05030,-0.15213,0.26279,0.02074,-0.19360,0.11630,6.000,6.000,12.000,12.000,6.000,6.000,6.000,6.000,12.000,12.000,6.000,6.000,6.000,6.000,6.000,6.000,0.002520,0.064070,0.004200,0.045112,0.004200,0.046716,-0.000839,0.064916,0.038673,0.019032,0.000000,1.000000,1.000000,0.000000,0.000000,0.000000,0.000000,0.178690,0.104133
2.7900,0.01175,0.05917,0.47455,0.99253,0.01844,-0.02425,0.11811,0.00480,0.05858,0.31711,0.31446,0.05161,0.04507,1,0.10890,0.05161,0.034820,0.00039,-0.5011,-0.0003,0.1981,-0.1976,-0.6355,-8.6253,17.0027,0,0.04900,0.01900,0.0433,0.0000,0.028131,0.066905,1.3135,-1.3103,60.8272,-1.3122,-1.0060,63.6423,0.0000,0.0000,0.0000,0.0000,0.0000,0.0000,0.013256,0.019008,60.8132,0.022287,0.018213,63.6423,0.000000,0.000000,0.0000,0.000000,0.000000,0.0000,-0.55847,-0.24604,-0.34624,0.66845,-0.29092,0.17742,-0.41969,-0.01812,0.24558,1.07062,-0.29501,0.09370,0.22803,-0.00819,-0.47462,0.18210,-2.54239,0.87419,1.64099,-0.32130,1.19996,-1.11225,-0.85119,1.31832,0.17791,0.38696,0.04883,-0.15259,0.27177,0.01741,-0.19738,0.11722,6.000,6.000,12.000,12.000,6.000,6.000,6.000,6.000,12.000,12.000,6.000,6.000,6.000,6.000,6.000,6.000,0.002282,0.064103,0.004200,0.045067,0.004200,0.046671,-0.001554,0.064916,0.038863,0.019133,0.000000,1.000000,1.000000,0.000000,0.000000,0.000000,0.000000,0.178083,0.098933
2.7950,0.01164,0.05893,0.47443,0.99250,0.01856,-0.02469,0.11826,0.00472,0.05873,0.31710,0.31446,0.05251,0.04502,1,0.10958,0.05251,0.034821,0.00038,-0.5025,-0.0003,0.2199,-0.1929,-0.5739,-8.8035,17.2928,0,0.04900,0.01900,0.0458,0.0000,0.027866,0.067186,1.4582,-1.2789,61.2354,-1.4087,-1.0429,63.7599,0.0000,0.0000,0.0000,0.0000,0.0000,0.0000,0.012553,0.019017,61.2226,0.021942,0.018389,63.7599,0.000000,0.000000,0.0000,0.000000,0.000000,0.0000,-0.55860,-0.24609,-0.34705,0.67254,-0.29347,0.17670,-0.44204,-0.01872,0.24982,1.07101,-0.29460,0.08845,0.23428,-0.00694,-0.47549,0.18630,-2.57325,0.85469,1.64453,-0.36445,1.18035,-1.12431,-0.87090,1.35756,0.19114,0.38522,0.04688,-0.15283,0.28108,0.01401,-0.20065,0.11801,6.000,6.000,12.000,12.000,6.000,6.000,6.000,6.000,12.000,12.000,6.000,6.000,6.000,6.000,6.000,6.000,0.002024,0.064128,0.004200,0.045022,0.004200,0.046626,-0.002327,0.064916,0.039028,0.019230,0.000000,1.000000,1.000000,0.000000,0.000000,0.000000,0.000000,0.177421,0.093704
2.8000,0.01150,0.05869,0.47432,0.99247,0.01869,-0.02514,0.11841,0.00464,0.05888,0.31709,0.31446,0.05342,0.04498,1,0.11018,0.05342,0.034823,0.00038,-0.5040,-0.0003,0.2430,-0.1883,-0.5175,-8.9882,17.5835,0,0.04900,0.01900,0.0471,0.0000,0.027577,0.067439,1.6110,-1.2482,61.6093,-1.4648,-1.0530,63.8989,0.0000,0.0000,0.0000,0.0000,0.0000,0.0000,0.011869,0.019012,61.5977,0.021583,0.018531,63.8989,0.000000,0.000000,0.0000,0.000000,0.000000,0.0000,-0.55874,-0.24611,-0.34787,0.67649,-0.29588,0.17593,-0.46443,-0.01935,0.25397,1.07085,-0.29439,0.08319,0.24046,-0.00586,-0.47629,0.19055,-2.60194,0.83325,1.64976,-0.40500,1.16086,-1.13488,-0.89205,1.39719,0.20411,0.38309,0.04471,-0.15287,0.29018,0.01071,-0.20320,0.11870,6.000,6.000,12.000,12.000,6.000,6.000,6.000,6.000,12.000,12.000,6.000,6.000,6.000,6.000,6.000,6.000,0.001751,0.064146,0.004200,0.044977,0.004200,0.046581,-0.003146,0.064916,0.039172,0.019325,0.000000,1.000000,1.000000,0.000000,0.000000,0.000000,0.000000,0.176704,0.088454
2.8050,0.01134,0.05843,0.47421,0.99244,0.01883,-0.02560,0.11857,0.00456,0.05903,0.31707,0.31446,0.05436,0.04493,1,0.11070,0.05436,0.034825,0.00041,-0.5069,-0.0003,0.2669,-0.1838,-0.4664,-9.1768,17.8718,0,0.04900,0.01900,0.0480,0.0000,0.027279,0.067672,1.7696,-1.2183,61.9482,-1.5051,-1.0617,64.0194,0.0000,0.0000,0.0000,0.0000,0.0000,0.0000,0.011209,0.019009,61.9379,0.021221,0.018651,64.0194,0.000000,0.000000,0.0000,0.000000,0.000000,0.0000,-0.55889,-0.24611,-0.34870,0.68031,-0.29814,0.17510,-0.48691,-0.02002,0.25806,1.07016,-0.29439,0.07792,0.24659,-0.00494,-0.47704,0.19483,-2.62938,0.80864,1.65671,-0.44275,1.14176,-1.14495,-0.91504,1.43824,0.21675,0.38085,0.04244,-0.15271,0.29937,0.00768,-0.20527,0.11924,6.000,6.000,12.000,12.000,6.000,6.000,6.000,6.000,12.000,12.000,6.000,6.000,6.000,6.000,6.000,6.000,0.001467,0.064159,0.004200,0.044933,0.004200,0.046536,-0.003997,0.064916,0.039299,0.019420,0.000000,1.000000,1.000000,0.000000,0.000000,0.000000,0.000000,0.175932,0.083190
2.8100,0.01117,0.05817,0.47411,0.99240,0.01901,-0.02609,0.11872,0.00447,0.05917,0.31705,0.31446,0.05530,0.04489,1,0.11116,0.05530,0.034833,0.00321,-0.5113,-0.0003,0.2915,-0.1794,-0.4199,-9.3668,18.1567,0,0.04900,0.01900,0.0813,0.0000,0.026235,0.068399,1.9327,-1.1892,62.2562,-1.9448,-2.5506,65.7820,0.0000,0.0000,0.0000,0.0000,0.0000,0.0000,0.010571,0.019014,62.2472,0.019994,0.018996,65.7820,0.000000,0.000000,0.0000,0.000000,0.000000,0.0000,-0.55908,-0.24616,-0.34946,0.68393,-0.30025,0.17389,-0.51007,-0.02164,0.26215,1.06902,-0.29482,0.07277,0.25274,-0.00417,-0.47773,0.19915,-2.65624,0.78065,1.66539,-0.47771,1.12320,-1.15505,-0.93999,1.48109,0.22923,0.37877,0.04014,-0.15236,0.30884,0.00504,-0.20701,0.11962,6.000,6.000,12.000,12.000,6.000,6.000,6.000,6.000,12.000,12.000,6.000,6.000,6.000,6.000,6.000,6.000,0.001174,0.064167,0.004200,0.044888,0.004200,0.046492,-0.004876,0.064916,0.039413,0.019515,0.000000,1.000000,1.000000,0.000000,0.000000,0.000000,0.000000,0.175098,0.077916
2.8150,0.01098,0.05793,0.47405,0.99238,0.01925,-0.02666,0.11871,0.00437,0.05930,0.31703,0.31446,0.05632,0.04484,1,0.11160,0.05632,0.034862,0.00867,-0.7479,-0.0003,0.3308,-0.1752,-0.6466,-10.5036,19.1954,0,0.04900,0.01900,0.1806,0.0000,0.023426,0.069367,2.1932,-1.1619,60.7532,-3.6100,-7.0386,72.9998,0.0000,0.0000,0.0000,0.0000,0.0000,0.0000,0.007132,0.019005,60.7459,0.017019,0.018996,72.9998,0.000000,0.000000,0.0000,0.000000,0.000000,0.0000,-0.55928,-0.24632,-0.34992,0.68711,-0.30221,0.17154,-0.53320,-0.02535,0.26629,1.06799,-0.29644,0.06854,0.25916,-0.00352,-0.47842,0.20354,-2.58395,0.57392,1.47850,-0.65979,0.90932,-1.14602,-1.06523,1.59932,0.29817,0.38764,0.02525,-0.14112,0.29700,-0.00004,-0.19931,0.12131,6.000,6.000,12.000,12.000,6.000,6.000,6.000,6.000,12.000,12.000,6.000,6.000,6.000,6.000,6.000,6.000,0.000722,0.063731,0.004200,0.044843,0.004200,0.046447,-0.006234,0.064916,0.038196,0.019206,0.000000,1.000000,1.000000,0.000000,0.000000,0.000000,0.000000,0.173890,0.072771
2.8200,0.01078,0.05769,0.47403,0.99245,0.01960,-0.02729,0.11799,0.00426,0.05940,0.31704,0.31446,0.05751,0.04480,1,0.11202,0.05751,0.034923,0.01405,-1.2305,-0.0003,0.3706,-0.1720,-1.2568,-12.1502,20.3270,0,0.04900,0.01900,0.2702,0.0000,0.013595,0.072746,2.4568,-1.1401,56.7079,-1.2161,-12.6311,78.2722,0.0000,0.0000,0.0000,0.0000,0.0000,0.0000,0.002252,0.019008,56.7014,0.006621,0.018996,78.2722,0.000000,0.000000,0.0000,0.000000,0.000000,0.0000,-0.55902,-0.24664,-0.34983,0.68960,-0.30407,0.16764,-0.54922,-0.02873,0.26935,1.06817,-0.29838,0.06695,0.26651,-0.00296,-0.47971,0.20807,-2.34748,0.18449,1.13205,-0.90243,0.58568,-1.10023,-1.19283,1.83172,0.41139,0.42490,0.01363,-0.08749,0.26390,-0.00975,-0.18145,0.12762,6.000,6.000,12.000,12.000,6.000,6.000,6.000,6.000,12.000,12.000,6.000,6.000,6.000,6.000,6.000,6.000,0.000261,0.062581,0.004200,0.044798,0.004200,0.046402,-0.007617,0.064916,0.034834,0.018214,0.000000,1.000000,1.000000,0.000000,0.000000,0.000000,0.000000,0.171536,0.068544
2.8250,0.01058,0.05746,0.47404,0.99256,0.02002,-0.02795,0.11677,0.00415,0.05946,0.31709,0.31446,0.05882,0.04475,1,0.11240,0.05882,0.034998,0.01576,-1.7575,-0.0004,0.3900,-0.1701,-1.8456,-14.2172,21.0189,0,0.04900,0.01900,0.2545,0.0000,0.010464,0.073881,2.5854,-1.1276,52.8039,-0.9739,-10.9739,72.1512,0.0000,0.0000,0.0000,0.0000,0.0000,0.0000,-0.002167,0.019019,52.7953,0.003298,0.018995,72.1512,0.000000,0.000000,0.0000,0.000000,0.000000,0.0000,-0.55828,-0.24714,-0.34924,0.69139,-0.30582,0.16291,-0.55910,-0.03150,0.27148,1.06940,-0.30055,0.06737,0.27431,-0.00248,-0.48126,0.21266,-2.09109,-0.18962,0.79431,-1.12724,0.30984,-1.05007,-1.26148,2.12994,0.55370,0.50862,0.02631,-0.01370,0.24376,-0.01879,-0.17986,0.13265,6.000,6.000,12.000,12.000,6.000,6.000,6.000,6.000,12.000,12.000,6.000,6.000,6.000,6.000,6.000,6.000,0.000015,0.061000,0.004200,0.044753,0.004200,0.046357,-0.008353,0.064916,0.030180,0.016777,0.000000,1.000000,1.000000,0.000000,0.000000,0.000000,0.000000,0.167637,0.066953
2.8300,0.01038,0.05724,0.47406,0.99270,0.02049,-0.02864,0.11531,0.00403,0.05948,0.31717,0.31446,0.06021,0.04471,1,0.11275,0.06021,0.035076,0.01526,-2.0146,-0.0005,0.4089,-0.1695,-2.1211,-15.5235,21.4858,0,0.04900,0.01900,0.2401,0.0000,0.007407,0.075012,2.7111,-1.1239,50.9776,-0.8402,-9.6979,67.5694,0.0000,0.0000,0.0000,0.0000,0.0000,0.0000,-0.004849,0.019017,50.9651,0.000051,0.018995,67.5694,0.000000,0.000000,0.0000,0.000000,0.000000,0.0000,-0.55720,-0.24778,-0.34825,0.69259,-0.30747,0.15799,-0.56461,-0.03375,0.27293,1.07143,-0.30289,0.06943,0.28213,-0.00210,-0.48278,0.21726,-1.96085,-0.37750,0.61555,-1.26506,0.16228,-1.01823,-1.27862,2.29815,0.63676,0.56684,0.03283,0.04451,0.23711,-0.02352,-0.18537,0.13347,6.000,6.000,12.000,12.000,6.000,6.000,6.000,6.000,12.000,12.000,6.000,6.000,6.000,6.000,6.000,6.000,-0.000227,0.059570,0.004200,0.044709,0.004200,0.046312,-0.009079,0.064916,0.025979,0.015506,0.000000,1.000000,1.000000,0.000000,0.000000,0.000000,0.000000,0.162915,0.067374
2.8350,0.01018,0.05701,0.47409,0.99285,0.02098,-0.02932,0.11379,0.00391,0.05946,0.31725,0.31446,0.06162,0.04466,1,0.11308,0.06162,0.035147,0.01356,-2.0976,-0.0005,0.4274,-0.1701,-2.1897,-16.3483,21.7824,0,0.04900,0.01900,0.2199,0.0000,0.005765,0.075660,2.8336,-1.1278,50.5223,-0.7402,-8.4998,64.6729,0.0000,0.0000,0.0000,0.0000,0.0000,0.0000,-0.006373,0.019009,50.5044,-0.001701,0.018994,64.6729,0.000000,0.000000,0.0000,0.000000,0.000000,0.0000,-0.55593,-0.24855,-0.34700,0.69330,-0.30898,0.15325,-0.56702,-0.03558,0.27389,1.07406,-0.30536,0.07280,0.28971,-0.00179,-0.48411,0.22184,-1.91599,-0.44760,0.52747,-1.35771,0.08647,-0.99949,-1.26858,2.38727,0.68500,0.60883,0.03601,0.09018,0.23958,-0.02525,-0.19621,0.13156,6.000,6.000,12.000,12.000,6.000,6.000,6.000,6.000,12.000,12.000,6.000,6.000,6.000,6.000,6.000,6.000,-0.000464,0.058288,0.004200,0.044664,0.004200,0.046268,-0.009792,0.064916,0.022223,0.014400,0.000000,1.000000,1.000000,0.000000,0.000000,0.000000,0.000000,0.157990,0.069428
2.8400,0.00998,0.05678,0.47412,0.99299,0.02149,-0.03000,0.11233,0.00378,0.05941,0.31734,0.31446,0.06304,0.04462,1,0.11338,0.06304,0.035208,0.01136,-2.0752,-0.0006,0.4455,-0.1717,-2.1317,-16.8767,21.9540,0,0.04900,0.01900,0.1977,0.0000,0.005012,0.075993,2.9535,-1.1385,50.9073,-0.6731,-7.4434,63.0036,0.0000,0.0000,0.0000,0.0000,0.0000,0.0000,-0.007182,0.019008,50.8828,-0.002512,0.018993,63.0036,0.000000,0.000000,0.0000,0.000000,0.000000,0.0000,-0.55463,-0.24941,-0.34562,0.69364,-0.31031,0.14892,-0.56731,-0.03706,0.27448,1.07715,-0.30794,0.07721,0.29692,-0.00155,-0.48518,0.22638,-1.92636,-0.44678,0.49143,-1.42477,0.05097,-0.98994,-1.24577,2.42868,0.71125,0.63922,0.03713,0.12577,0.24768,-0.02501,-0.21026,0.12803,6.000,6.000,12.000,12.000,6.000,6.000,6.000,6.000,12.000,12.000,6.000,6.000,6.000,6.000,6.000,6.000,-0.000699,0.057138,0.004200,0.044619,0.004200,0.046223,-0.010496,0.064916,0.018863,0.013443,0.000000,1.000000,1.000000,0.000000,0.000000,0.000000,0.000000,0.153251,0.072797
2.8450,0.00978,0.05654,0.47413,0.99310,0.02201,-0.03065,0.11099,0.00366,0.05933,0.31741,0.31446,0.06444,0.04457,1,0.11366,0.06444,0.035258,0.00905,-1.9953,-0.0007,0.4632,-0.1742,-2.0043,-17.2291,22.0412,0,0.04900,0.01900,0.1749,0.0000,0.004829,0.076115,3.0711,-1.1550,51.7521,-0.6191,-6.4956,62.1939,0.0000,0.0000,0.0000,0.0000,0.0000,0.0000,-0.007598,0.019006,51.7203,-0.002717,0.018992,62.1939,0.000000,0.000000,0.0000,0.000000,0.000000,0.0000,-0.55342,-0.25034,-0.34422,0.69371,-0.31142,0.14513,-0.56617,-0.03826,0.27480,1.08055,-0.31063,0.08244,0.30372,-0.00137,-0.48600,0.23086,-1.96904,-0.40616,0.48414,-1.47625,0.03724,-0.98558,-1.21871,2.44202,0.72284,0.66064,0.03673,0.15326,0.25838,-0.02364,-0.22545,0.12378,6.000,6.000,12.000,12.000,6.000,6.000,6.000,6.000,12.000,12.000,6.000,6.000,6.000,6.000,6.000,6.000,-0.000931,0.056102,0.004200,0.044574,0.004200,0.046178,-0.011191,0.064916,0.015846,0.012618,0.000000,1.000000,1.000000,0.000000,0.000000,0.000000,0.000000,0.148922,0.077210
2.8500,0.00958,0.05629,0.47414,0.99320,0.02254,-0.03129,0.10983,0.00353,0.05923,0.31747,0.31446,0.06582,0.04453,1,0.11393,0.06582,0.035296,0.00688,-1.8889,-0.0007,0.4806,-0.1775,-1.8456,-17.4818,22.0771,0,0.04900,0.01900,0.1545,0.0000,0.004926,0.076125,3.1865,-1.1766,52.8037,-0.5868,-5.7115,61.9339,0.0000,0.0000,0.0000,0.0000,0.0000,0.0000,-0.007810,0.019021,52.7645,-0.002623,0.018991,61.9339,0.000000,0.000000,0.0000,0.000000,0.000000,0.0000,-0.55240,-0.25130,-0.34288,0.69359,-0.31229,0.14194,-0.56412,-0.03925,0.27491,1.08416,-0.31341,0.08831,0.31010,-0.00123,-0.48658,0.23530,-2.02935,-0.34739,0.49268,-1.51658,0.03518,-0.98483,-1.19254,2.44043,0.72372,0.67455,0.03499,0.17421,0.26998,-0.02171,-0.24045,0.11937,6.000,6.000,12.000,12.000,6.000,6.000,6.000,6.000,12.000,12.000,6.000,6.000,6.000,6.000,6.000,6.000,-0.001160,0.055164,0.004200,0.044529,0.004200,0.046133,-0.011879,0.064916,0.013121,0.011909,0.000000,1.000000,1.000000,0.000000,0.000000,0.000000,0.000000,0.145135,0.082443
2.8550,0.00937,0.05604,0.47414,0.99328,0.02308,-0.03191,0.10886,0.00339,0.05910,0.31752,0.31446,0.06716,0.04448,1,0.11417,0.06716,0.035325,0.00494,-1.7759,-0.0008,0.4978,-0.1814,-1.6807,-17.6809,22.0806,0,0.04900,0.01900,0.1371,0.0000,0.005170,0.076073,3.3004,-1.2027,53.8972,-0.5735,-5.0689,62.0054,0.0000,0.0000,0.0000,0.0000,0.0000,0.0000,-0.007977,0.019016,53.8510,-0.002371,0.018990,62.0054,0.000000,0.000000,0.0000,0.000000,0.000000,0.0000,-0.55161,-0.25228,-0.34165,0.69335,-0.31292,0.13931,-0.56153,-0.04008,0.27488,1.08791,-0.31631,0.09466,0.31611,-0.00112,-0.48697,0.23967,-2.09480,-0.28113,0.50704,-1.55057,0.03596,-0.98481,-1.16924,2.43036,0.71809,0.68279,0.03222,0.18997,0.28079,-0.01965,-0.25415,0.11516,6.000,6.000,12.000,12.000,6.000,6.000,6.000,6.000,12.000,12.000,6.000,6.000,6.000,6.000,6.000,6.000,-0.001388,0.054304,0.004200,0.044485,0.004200,0.046088,-0.012562,0.064916,0.010630,0.011298,0.000000,1.000000,1.000000,0.000000,0.000000,0.000000,0.000000,0.141936,0.088309
2.8600,0.00917,0.05577,0.47413,0.99333,0.02362,-0.03250,0.10810,0.00326,0.05896,0.31757,0.31446,0.06847,0.04444,1,0.11439,0.06847,0.035344,0.00328,-1.6646,-0.0008,0.5149,-0.1859,-1.5208,-17.8555,22.0629,0,0.04900,0.01900,0.1228,0.0000,0.005439,0.076004,3.4138,-1.2327,54.9576,-0.5759,-4.5466,62.1961,0.0000,0.0000,0.0000,0.0000,0.0000,0.0000,-0.008143,0.019017,54.9051,-0.002091,0.018990,62.1961,0.000000,0.000000,0.0000,0.000000,0.000000,0.0000,-0.55109,-0.25327,-0.34056,0.69303,-0.31332,0.13722,-0.55868,-0.04078,0.27473,1.09172,-0.31933,0.10136,0.32178,-0.00104,-0.48722,0.24398,-2.16149,-0.21522,0.52449,-1.57895,0.03726,-0.98644,-1.14967,2.41678,0.70748,0.68630,0.02851,0.20156,0.29099,-0.01758,-0.26660,0.11127,6.000,6.000,12.000,12.000,6.000,6.000,6.000,6.000,12.000,12.000,6.000,6.000,6.000,6.000,6.000,6.000,-0.001616,0.053504,0.004200,0.044440,0.004200,0.046044,-0.013246,0.064916,0.008320,0.010769,0.000000,1.000000,1.000000,0.000000,0.000000,0.000000,0.000000,0.139313,0.094658
2.8650,0.00896,0.05548,0.47411,0.99336,0.02417,-0.03307,0.10753,0.00312,0.05879,0.31760,0.31446,0.06974,0.04440,1,0.11459,0.06974,0.035356,0.00190,-1.5617,-0.0008,0.5320,-0.1910,-1.3727,-18.0236,22.0314,0,0.04900,0.01900,0.1111,0.0000,0.005697,0.075933,3.5269,-1.2662,55.9391,-0.5823,-4.1217,62.4718,0.0000,0.0000,0.0000,0.0000,0.0000,0.0000,-0.008359,0.019015,55.8814,-0.001821,0.018989,62.4718,0.000000,0.000000,0.0000,0.000000,0.000000,0.0000,-0.55084,-0.25425,-0.33964,0.69268,-0.31352,0.13560,-0.55574,-0.04138,0.27450,1.09554,-0.32248,0.10833,0.32719,-0.00098,-0.48739,0.24824,-2.22531,-0.15359,0.54138,-1.60417,0.03583,-0.98905,-1.13430,2.40287,0.69439,0.68657,0.02415,0.20983,0.30031,-0.01564,-0.27770,0.10779,6.000,6.000,12.000,12.000,6.000,6.000,6.000,6.000,12.000,12.000,6.000,6.000,6.000,6.000,6.000,6.000,-0.001844,0.052752,0.004200,0.044395,0.004200,0.045999,-0.013930,0.064916,0.006155,0.010313,0.000000,1.000000,1.000000,0.000000,0.000000,0.000000,0.000000,0.137223,0.101364
2.8700,0.00875,0.05519,0.47409,0.99337,0.02473,-0.03362,0.10714,0.00298,0.05862,0.31762,0.31446,0.07097,0.04435,1,0.11477,0.07097,0.035362,0.00077,-1.4692,-0.0008,0.5490,-0.1965,-1.2401,-18.1946,21.9923,0,0.04900,0.01900,0.1018,0.0000,0.005893,0.075879,3.6396,-1.3030,56.8181,-0.5890,-3.7890,62.7886,0.0000,0.0000,0.0000,0.0000,0.0000,0.0000,-0.008632,0.019010,56.7563,-0.001616,0.018989,62.7886,0.000000,0.000000,0.0000,0.000000,0.000000,0.0000,-0.55084,-0.25520,-0.33889,0.69234,-0.31355,0.13437,-0.55285,-0.04190,0.27421,1.09932,-0.32577,0.11547,0.33239,-0.00094,-0.48752,0.25244,-2.28414,-0.09857,0.55650,-1.62691,0.03087,-0.99240,-1.12298,2.39038,0.67987,0.68433,0.01924,0.21545,0.30872,-0.01391,-0.28745,0.10476,6.000,6.000,12.000,12.000,6.000,6.000,6.000,6.000,12.000,12.000,6.000,6.000,6.000,6.000,6.000,6.000,-0.002072,0.052037,0.004200,0.044350,0.004200,0.045954,-0.014615,0.064916,0.004098,0.009921,0.000000,1.000000,1.000000,0.000000,0.000000,0.000000,0.000000,0.135600,0.108327
2.8750,0.00854,0.05488,0.47406,0.99336,0.02529,-0.03415,0.10692,0.00284,0.05842,0.31763,0.31446,0.07216,0.04431,1,0.11493,0.07216,0.035363,-0.00012,-1.3875,-0.0008,0.5659,-0.2025,-1.1248,-18.3719,21.9504,0,0.04900,0.01900,0.0947,0.0000,0.006013,0.075850,3.7518,-1.3428,57.5826,-0.5925,-3.5374,63.1190,0.0000,0.0000,0.0000,0.0000,0.0000,0.0000,-0.008955,0.019008,57.5179,-0.001490,0.018988,63.1190,0.000000,0.000000,0.0000,0.000000,0.000000,0.0000,-0.55107,-0.25612,-0.33831,0.69202,-0.31344,0.13347,-0.55009,-0.04236,0.27388,1.10303,-0.32923,0.12271,0.33744,-0.00090,-0.48768,0.25659,-2.33703,-0.05163,0.56963,-1.64720,0.02260,-0.99653,-1.11539,2.38035,0.66429,0.67994,0.01383,0.21895,0.31630,-0.01241,-0.29592,0.10215,6.000,6.000,12.000,12.000,6.000,6.000,6.000,6.000,12.000,12.000,6.000,6.000,6.000,6.000,6.000,6.000,-0.002300,0.051347,0.004200,0.044305,0.004200,0.045909,-0.015300,0.064916,0.002118,0.009583,0.000000,1.000000,1.000000,0.000000,0.000000,0.000000,0.000000,0.134372,0.115465
2.8800,0.00833,0.05455,0.47403,0.99333,0.02586,-0.03466,0.10685,0.00269,0.05822,0.31764,0.31446,0.07332,0.04426,1,0.11506,0.07332,0.035361,-0.00080,-1.3168,-0.0008,0.5827,-0.2089,-1.0274,-18.5558,21.9091,0,0.04900,0.01900,0.0894,0.0000,0.006063,0.075844,3.8631,-1.3853,58.2284,-0.5901,-3.3527,63.4458,0.0000,0.0000,0.0000,0.0000,0.0000,0.0000,-0.009326,0.019006,58.1618,-0.001439,0.018988,63.4458,0.000000,0.000000,0.0000,0.000000,0.000000,0.0000,-0.55151,-0.25699,-0.33789,0.69175,-0.31323,0.13281,-0.54751,-0.04277,0.27352,1.10665,-0.33285,0.13001,0.34241,-0.00087,-0.48791,0.26070,-2.38321,-0.01323,0.58033,-1.66550,0.01098,-1.00115,-1.11114,2.37326,0.64812,0.67384,0.00796,0.22078,0.32302,-0.01120,-0.30310,0.09997,6.000,6.000,12.000,12.000,6.000,6.000,6.000,6.000,12.000,12.000,6.000,6.000,6.000,6.000,6.000,6.000,-0.002528,0.050674,0.004200,0.044261,0.004200,0.045865,-0.015984,0.064916,0.000188,0.009295,0.000000,1.000000,1.000000,0.000000,0.000000,0.000000,0.000000,0.133467,0.122711
2.8850,0.00811,0.05421,0.47399,0.99330,0.02643,-0.03515,0.10691,0.00255,0.05800,0.31764,0.31446,0.07445,0.04422,1,0.11518,0.07445,0.035356,-0.00109,-1.2562,-0.0008,0.5993,-0.1622,-0.9472,-18.7452,21.8700,0,0.04900,0.01900,0.0857,0.0000,0.006042,0.075862,3.9731,-1.0756,58.7601,-0.5807,-3.2253,63.7516,0.0000,0.0000,0.0000,0.0000,0.0000,0.0000,-0.008716,0.019005,58.7083,-0.001463,0.018988,63.7516,0.000000,0.000000,0.0000,0.000000,0.000000,0.0000,-0.55211,-0.25782,-0.33763,0.69154,-0.31295,0.13230,-0.54515,-0.04312,0.27314,1.11014,-0.33667,0.13734,0.34735,-0.00085,-0.48823,0.26475,-2.42332,-0.09432,0.61637,-1.64562,0.04619,-1.01810,-1.16147,2.45566,0.61704,0.65887,-0.00037,0.22274,0.34113,-0.00874,-0.31219,0.09780,6.000,6.000,12.000,12.000,6.000,6.000,6.000,6.000,12.000,12.000,6.000,6.000,6.000,6.000,6.000,6.000,-0.002754,0.050010,0.004200,0.044216,0.004200,0.045820,-0.016663,0.063201,0.000000,0.009051,0.000000,1.000000,1.000000,0.000000,0.000000,0.000000,0.000000,0.132811,0.130011
2.8900,0.00789,0.05385,0.47395,0.99324,0.02701,-0.03562,0.10708,0.00240,0.05777,0.31764,0.31446,0.07555,0.04417,1,0.11526,0.07555,0.035351,-0.00105,-1.2238,-0.0008,0.6160,-0.1125,-0.8973,-18.9780,21.8689,0,0.04900,0.01900,0.0791,0.0000,0.006804,0.075598,4.0839,-0.7456,59.0915,-0.6112,-2.9853,64.2484,0.0000,0.0000,0.0000,0.0000,0.0000,0.0000,-0.008276,0.019003,59.0563,-0.000654,0.018988,64.2484,0.000000,0.000000,0.0000,0.000000,0.000000,0.0000,-0.55284,-0.25859,-0.33750,0.69141,-0.31260,0.13181,-0.54303,-0.04344,0.27274,1.11350,-0.34072,0.14469,0.35235,-0.00083,-0.48870,0.26876,-2.45193,-0.19938,0.64292,-1.62929,0.07159,-1.03549,-1.22259,2.55292,0.58625,0.64274,-0.00948,0.22454,0.35842,-0.00665,-0.32004,0.09604,6.000,6.000,12.000,12.000,6.000,6.000,6.000,6.000,12.000,12.000,6.000,6.000,6.000,6.000,6.000,6.000,-0.002983,0.049371,0.004200,0.044171,0.004200,0.045775,-0.017348,0.061375,0.000000,0.008867,0.000000,1.000000,1.000000,0.000000,0.000000,0.000000,0.000000,0.132300,0.137340
2.8950,0.00767,0.05347,0.47391,0.99318,0.02760,-0.03608,0.10733,0.00225,0.05753,0.31763,0.31446,0.07662,0.04413,1,0.11532,0.07662,0.035346,-0.00072,-1.2178,-0.0008,0.6329,-0.0648,-0.8737,-19.2525,21.9033,0,0.04900,0.01900,0.0739,0.0000,0.007398,0.075394,4.1961,-0.4298,59.2477,-0.6412,-2.7957,64.6773,0.0000,0.0000,0.0000,0.0000,0.0000,0.0000,-0.008078,0.019006,59.2288,-0.000023,0.018988,64.6773,0.000000,0.000000,0.0000,0.000000,0.000000,0.0000,-0.55368,-0.25930,-0.33751,0.69136,-0.31223,0.13125,-0.54117,-0.04373,0.27233,1.11670,-0.34502,0.15206,0.35748,-0.00082,-0.48935,0.27273,-2.47032,-0.31675,0.65771,-1.62039,0.08313,-1.05235,-1.28908,2.65673,0.55811,0.62695,-0.01904,0.22642,0.37412,-0.00502,-0.32673,0.09463,6.000,6.000,12.000,12.000,6.000,6.000,6.000,6.000,12.000,12.000,6.000,6.000,6.000,6.000,6.000,6.000,-0.003214,0.048752,0.004200,0.044126,0.004200,0.045730,-0.018042,0.059608,0.000000,0.008739,0.000000,1.000000,1.000000,0.000000,0.000000,0.000000,0.000000,0.131813,0.144690
2.9000,0.00745,0.05308,0.47386,0.99312,0.02820,-0.03654,0.10764,0.00209,0.05728,0.31763,0.31446,0.07768,0.04408,1,0.11535,0.07768,0.035330,-0.00491,-1.2355,-0.0008,0.6500,-0.0186,-0.8722,-19.5649,21.9662,0,0.04900,0.01900,0.0703,0.0000,0.007757,0.075275,4.3094,-0.1234,59.2577,-0.6608,-2.6601,65.0313,0.0000,0.0000,0.0000,0.0000,0.0000,0.0000,-0.008760,0.015718,59.2547,0.000357,0.018988,65.0313,0.000000,0.000000,0.0000,0.000000,0.000000,0.0000,-0.55456,-0.26006,-0.33747,0.69111,-0.31172,0.13140,-0.53957,-0.04411,0.27197,1.11972,-0.34958,0.15949,0.36281,-0.00081,-0.49022,0.27667,-2.47863,-0.23908,0.62038,-1.65895,0.04234,-0.87297,-1.28579,2.64415,0.57099,0.63038,-0.02370,0.22644,0.36793,-0.00629,-0.32941,0.09381,6.000,6.000,12.000,12.000,6.000,6.000,6.000,6.000,12.000,12.000,6.000,6.000,6.000,6.000,6.000,6.000,-0.003448,0.048145,0.004200,0.044082,0.004200,0.045685,-0.018743,0.057875,0.000000,0.008660,0.000000,1.000000,1.000000,0.000000,0.000000,0.000000,0.000000,0.131246,0.152064
2.9050,0.00723,0.05269,0.47379,0.99305,0.02881,-0.03697,0.10796,0.00193,0.05701,0.31762,0.31446,0.07872,0.04404,1,0.11533,0.07872,0.035273,-0.01495,-0.8725,-0.0008,0.6814,0.0462,-0.6280,-19.8402,21.9847,0,0.04900,0.01900,0.1142,0.0000,0.007593,0.075342,4.5178,0.3060,60.8764,-1.5672,-3.9127,61.5332,0.0000,0.0000,0.0000,0.0000,0.0000,0.0000,-0.006865,0.010880,60.8950,0.000181,0.018988,61.5332,0.000000,0.000000,0.0000,0.000000,0.000000,0.0000,-0.55545,-0.26105,-0.33713,0.69012,-0.31082,0.13390,-0.53821,-0.04480,0.27175,1.12248,-0.35440,0.16699,0.36840,-0.00080,-0.49140,0.28062,-2.58405,0.06375,0.75498,-1.58543,0.16301,-0.59497,-1.17966,2.48377,0.51482,0.59928,-0.03899,0.22442,0.37202,-0.00676,-0.33615,0.09390,6.000,6.000,12.000,12.000,6.000,6.000,6.000,6.000,12.000,12.000,6.000,6.000,6.000,6.000,6.000,6.000,-0.003837,0.047335,0.004200,0.044037,0.004200,0.045641,-0.019910,0.055535,0.000000,0.008687,0.000000,1.000000,1.000000,0.000000,0.000000,0.000000,0.000000,0.131402,0.159490
2.9100,0.00701,0.05229,0.47367,0.99298,0.02939,-0.03740,0.10826,0.00176,0.05673,0.31757,0.31446,0.07974,0.04399,1,0.11524,0.07974,0.035143,-0.03254,0.0215,-0.0007,0.7349,0.1357,-0.0657,-19.9835,21.9292,0,0.04900,0.01900,0.1852,0.0000,0.010270,0.074372,4.8721,0.8999,64.6047,-3.0223,-5.5583,56.9376,0.0000,0.0000,0.0000,0.0000,0.0000,0.0000,-0.002098,0.004852,64.6519,0.003027,0.018989,56.9376,0.000000,0.000000,0.0000,0.000000,0.000000,0.0000,-0.55632,-0.26247,-0.33608,0.68758,-0.30907,0.14083,-0.53703,-0.04603,0.27183,1.12477,-0.35958,0.17454,0.37438,-0.00079,-0.49294,0.28460,-2.82140,0.64847,1.12438,-1.35646,0.49910,-0.20934,-0.93852,2.13222,0.35680,0.51508,-0.07047,0.21882,0.39016,-0.00617,-0.34680,0.09553,6.000,6.000,12.000,12.000,6.000,6.000,6.000,6.000,12.000,12.000,6.000,6.000,6.000,6.000,6.000,6.000,-0.004464,0.046253,0.004200,0.043992,0.004200,0.045596,-0.021792,0.052380,0.000000,0.008954,0.000000,1.000000,1.000000,0.000000,0.000000,0.000000,0.000000,0.133896,0.166987
2.9150,0.00679,0.05192,0.47351,0.99293,0.02990,-0.03782,0.10843,0.00158,0.05642,0.31749,0.31446,0.08072,0.04395,1,0.11504,0.08072,0.034895,-0.05968,1.6380,-0.0006,0.8203,0.2607,0.8298,-19.6811,21.8531,0,0.04900,0.01900,0.2991,0.0000,0.017678,0.071671,5.4388,1.7287,70.5417,-5.1760,-7.6869,51.6523,0.0000,0.0000,0.0000,0.0000,0.0000,0.0000,0.005603,-0.001695,70.6206,0.010906,0.018991,51.6523,0.000000,0.000000,0.0000,0.000000,0.000000,0.0000,-0.55741,-0.26453,-0.33376,0.68207,-0.30528,0.15553,-0.53592,-0.04817,0.27227,1.12639,-0.36529,0.18206,0.38103,-0.00079,-0.49495,0.28867,-3.20035,1.54854,1.81456,-0.88898,1.13375,0.28788,-0.52518,1.53710,0.03128,0.33555,-0.13223,0.20788,0.41975,-0.00506,-0.35167,0.10012,6.000,6.000,12.000,12.000,6.000,6.000,6.000,6.000,12.000,12.000,6.000,6.000,6.000,6.000,6.000,6.000,-0.005440,0.044783,0.004200,0.043947,0.004200,0.045551,-0.024719,0.048060,0.000000,0.009676,0.000000,1.000000,1.000000,0.000000,0.000000,0.000000,0.000000,0.140833,0.174544
2.9200,0.00657,0.05157,0.47334,0.99291,0.03031,-0.03825,0.10834,0.00136,0.05606,0.31734,0.31446,0.08168,0.04390,1,0.11467,0.08168,0.034574,-0.05409,4.2065,-0.0004,0.9250,0.4450,1.8387,-18.3852,22.2555,0,0.04900,0.01900,0.4452,0.0000,0.028692,0.067655,6.1326,2.9504,77.2310,-6.7607,-11.5328,50.0545,0.0000,0.0000,0.0000,0.0000,0.0000,0.0000,0.017029,-0.006438,77.3205,0.022607,0.018994,50.0545,0.000000,0.000000,0.0000,0.000000,0.000000,0.0000,-0.55893,-0.26692,-0.33064,0.67418,-0.29903,0.17704,-0.53437,-0.05084,0.27267,1.12710,-0.37163,0.18921,0.38837,-0.00078,-0.49733,0.29280,-3.62970,2.55931,2.96358,-0.00707,2.22039,0.76718,0.04270,0.72015,-0.65721,-0.05734,-0.25803,0.18964,0.43642,-0.00806,-0.30853,0.11370,6.000,6.000,12.000,12.000,6.000,6.000,6.000,6.000,12.000,12.000,6.000,6.000,6.000,6.000,6.000,6.000,-0.006629,0.042666,0.004200,0.043902,0.004200,0.045506,-0.028286,0.041798,0.000000,0.010899,0.000000,1.000000,1.000000,0.000000,0.000000,0.000000,0.000000,0.155531,0.182062
2.9250,0.00632,0.05123,0.47324,0.99288,0.03069,-0.03861,0.10841,0.00113,0.05567,0.31717,0.31446,0.08261,0.04386,1,0.11408,0.08261,0.034382,-0.02915,4.2738,-0.0000,0.9512,0.4935,1.6334,-17.2368,22.1763,0,0.04900,0.01900,0.1767,0.0000,0.021042,0.040981,6.3067,3.2717,75.8698,3.0790,8.1341,82.0501,0.0000,0.0000,0.0000,0.0000,0.0000,0.0000,0.014745,-0.006516,75.8854,0.024575,-0.008695,82.0501,0.000000,0.000000,0.0000,0.000000,0.000000,0.0000,-0.56026,-0.26842,-0.32895,0.66903,-0.29439,0.19164,-0.53154,-0.05236,0.27211,1.12683,-0.37811,0.19575,0.39533,-0.00079,-0.49932,0.29683,-3.52629,2.46497,2.88839,-0.03137,2.09730,0.69680,0.06985,0.69541,-0.71835,-0.11673,-0.27663,0.17508,0.38935,-0.01641,-0.25984,0.11982,6.000,6.000,12.000,12.000,6.000,6.000,6.000,6.000,12.000,12.000,6.000,6.000,6.000,6.000,6.000,6.000,-0.006986,0.041988,0.004200,0.043858,0.004200,0.045461,-0.029358,0.039854,0.000000,0.011341,0.000000,1.000000,1.000000,0.000000,0.000000,0.000000,0.000000,0.177036,0.189212
2.9300,0.00606,0.05088,0.47320,0.99283,0.03108,-0.03894,0.10861,0.00091,0.05531,0.31705,0.31446,0.08343,0.04381,1,0.11333,0.08343,0.034288,-0.01264,2.5861,0.0002,0.9291,0.4182,0.7727,-17.3992,21.6747,0,0.04900,0.01900,0.1513,0.0000,0.021393,0.039508,6.1602,2.7727,70.1631,1.9400,6.8953,78.9237,0.0000,0.0000,0.0000,0.0000,0.0000,0.0000,0.001843,-0.006520,70.1099,0.025438,-0.009987,78.9237,0.000000,0.000000,0.0000,0.000000,0.000000,0.0000,-0.56142,-0.26922,-0.32827,0.66597,-0.29120,0.20018,-0.52774,-0.05288,0.27095,1.12569,-0.38483,0.20174,0.40188,-0.00079,-0.50094,0.30080,-3.17763,1.84339,1.89005,-0.79943,1.07514,0.47771,-0.26059,1.18692,-0.17152,0.16091,-0.19186,0.16928,0.33836,-0.02029,-0.26077,0.11342,6.000,6.000,12.000,12.000,6.000,6.000,6.000,6.000,12.000,12.000,6.000,6.000,6.000,6.000,6.000,6.000,-0.006824,0.042641,0.004200,0.043813,0.004200,0.045417,-0.028870,0.041901,0.000000,0.011085,0.000000,1.000000,1.000000,0.000000,0.000000,0.000000,0.000000,0.191641,0.195751
2.9350,0.00578,0.05052,0.47320,0.99278,0.03147,-0.03921,0.10892,0.00070,0.05497,0.31698,0.31446,0.08417,0.04377,1,0.11248,0.08417,0.034258,-0.00215,1.4141,0.0003,0.9066,0.3519,0.1943,-17.3446,21.2396,0,0.04900,0.01900,0.2076,0.0000,0.008930,0.043658,6.0108,2.3330,66.3282,4.3849,8.1088,74.0347,0.0000,0.0000,0.0000,0.0000,0.0000,0.0000,-0.008884,-0.006267,66.2368,0.012328,-0.010453,74.0347,0.000000,0.000000,0.0000,0.000000,0.000000,0.0000,-0.56249,-0.26946,-0.32841,0.66448,-0.28916,0.20431,-0.52273,-0.05156,0.26910,1.12423,-0.39121,0.20710,0.40802,-0.00080,-0.50234,0.30469,-2.95106,1.41430,1.14949,-1.37700,0.32465,0.31141,-0.49190,1.54509,0.24583,0.37431,-0.12659,0.16092,0.30788,-0.02193,-0.26863,0.10669,6.000,6.000,12.000,12.000,6.000,6.000,6.000,6.000,12.000,12.000,6.000,6.000,6.000,6.000,6.000,6.000,-0.006653,0.043207,0.004200,0.043768,0.004200,0.045372,-0.028358,0.043688,0.000000,0.010867,0.000000,1.000000,1.000000,0.000000,0.000000,0.000000,0.000000,0.200183,0.201743
2.9400,0.00549,0.05015,0.47321,0.99272,0.03185,-0.03946,0.10928,0.00051,0.05466,0.31693,0.31446,0.08481,0.04372,1,0.11161,0.08481,0.034267,0.00398,0.6228,0.0003,0.8601,0.2664,-0.1205,-17.2872,20.5288,0,0.04900,0.01900,0.0864,0.0000,0.004869,0.048737,5.7025,1.7664,64.2411,-0.1360,3.5986,69.4656,0.0000,0.0000,0.0000,0.0000,0.0000,0.0000,-0.017054,-0.005822,64.1399,0.006774,-0.007146,69.4656,0.000000,0.000000,0.0000,0.000000,0.000000,0.0000,-0.56348,-0.26935,-0.32902,0.66416,-0.28807,0.20527,-0.51799,-0.04976,0.26732,1.12227,-0.39770,0.21190,0.41390,-0.00081,-0.50360,0.30849,-2.81760,1.23863,0.59276,-1.82061,-0.21357,0.19656,-0.60433,1.76528,0.58267,0.55812,-0.05966,0.14728,0.29198,-0.02190,-0.28524,0.09973,6.000,6.000,12.000,12.000,6.000,6.000,6.000,6.000,12.000,12.000,6.000,6.000,6.000,6.000,6.000,6.000,-0.006221,0.043987,0.004200,0.043723,0.004200,0.045327,-0.027062,0.046118,0.000000,0.010424,0.000000,1.000000,1.000000,0.000000,0.000000,0.000000,0.000000,0.204308,0.207097
2.9450,0.00522,0.04978,0.47324,0.99265,0.03223,-0.03971,0.10968,0.00032,0.05437,0.31690,0.31446,0.08542,0.04368,1,0.11077,0.08542,0.034298,0.00706,0.1177,0.0003,0.8689,0.2472,-0.3147,-17.2534,20.6735,0,0.04900,0.01900,0.0629,0.0000,-0.002301,0.052619,5.7611,1.6391,62.9539,0.2111,2.5582,68.0792,0.0000,0.0000,0.0000,0.0000,0.0000,0.0000,-0.023108,-0.005955,62.8459,-0.001286,-0.006037,68.0792,0.000000,0.000000,0.0000,0.000000,0.000000,0.0000,-0.56438,-0.26903,-0.32988,0.66464,-0.28772,0.20404,-0.51463,-0.04851,0.26597,1.11988,-0.40448,0.21619,0.41962,-0.00083,-0.50480,0.31222,-2.74861,1.00307,0.25147,-2.11676,-0.58886,0.13788,-0.75935,1.95390,0.78448,0.65026,-0.03802,0.13630,0.28259,-0.02206,-0.29402,0.09485,6.000,6.000,12.000,12.000,6.000,6.000,6.000,6.000,12.000,12.000,6.000,6.000,6.000,6.000,6.000,6.000,-0.006378,0.044065,0.004200,0.043678,0.004200,0.045282,-0.027533,0.046441,0.000000,0.010585,0.000000,1.000000,1.000000,0.000000,0.000000,0.000000,0.000000,0.205271,0.211903
2.9500,0.00495,0.04940,0.47326,0.99258,0.03262,-0.03996,0.11009,0.00014,0.05408,0.31688,0.31446,0.08602,0.04363,1,0.10997,0.08602,0.034334,0.00762,-0.1785,0.0002,0.8719,0.2285,-0.4470,-17.3783,20.7132,0,0.04900,0.01900,0.0804,0.0000,-0.007401,0.054145,5.7807,1.5152,62.0769,0.2813,3.1597,65.7322,0.0000,0.0000,0.0000,0.0000,0.0000,0.0000,-0.026392,-0.006166,61.9720,-0.006590,-0.006414,65.7322,0.000000,0.000000,0.0000,0.000000,0.000000,0.0000,-0.56521,-0.26854,-0.33084,0.66558,-0.28798,0.20107,-0.51255,-0.04760,0.26500,1.11735,-0.41148,0.22000,0.42520,-0.00084,-0.50599,0.31585,-2.69802,0.85074,0.05842,-2.27321,-0.79161,0.10980,-0.86772,2.07519,0.90042,0.70381,-0.02684,0.12406,0.27453,-0.02214,-0.29732,0.09109,6.000,6.000,12.000,12.000,6.000,6.000,6.000,6.000,12.000,12.000,6.000,6.000,6.000,6.000,6.000,6.000,-0.006471,0.044141,0.004200,0.043634,0.004200,0.045237,-0.027813,0.046759,0.000000,0.010683,0.000000,1.000000,1.000000,0.000000,0.000000,0.000000,0.000000,0.204039,0.216193
2.9550,0.00469,0.04901,0.47328,0.99251,0.03300,-0.04019,0.11050,-0.00005,0.05381,0.31686,0.31446,0.08661,0.04359,1,0.10926,0.08661,0.034376,0.00895,-0.2812,0.0002,0.8746,0.2074,-0.5027,-17.5596,20.6709,0,0.04900,0.01900,0.0462,0.0000,-0.010798,0.056622,5.7988,1.3754,61.7075,0.9710,1.6135,67.9173,0.0000,0.0000,0.0000,0.0000,0.0000,0.0000,-0.027484,-0.006571,61.6128,-0.010627,-0.005297,67.9173,0.000000,0.000000,0.0000,0.000000,0.000000,0.0000,-0.56600,-0.26796,-0.33186,0.66680,-0.28855,0.19727,-0.51167,-0.04696,0.26434,1.11491,-0.41873,0.22336,0.43064,-0.00085,-0.50719,0.31938,-2.67476,0.76580,-0.01878,-2.32707,-0.86684,0.11120,-0.94013,2.15306,0.95548,0.72884,-0.02461,0.11183,0.27073,-0.02178,-0.29973,0.08773,6.000,6.000,12.000,12.000,6.000,6.000,6.000,6.000,12.000,12.000,6.000,6.000,6.000,6.000,6.000,6.000,-0.006562,0.044246,0.004200,0.043589,0.004200,0.045193,-0.028084,0.047164,0.000000,0.010781,0.000000,1.000000,1.000000,0.000000,0.000000,0.000000,0.000000,0.201065,0.219998
2.9600,0.00444,0.04862,0.47331,0.99245,0.03338,-0.04042,0.11090,-0.00023,0.05355,0.31685,0.31446,0.08718,0.04354,1,0.10862,0.08718,0.034422,0.00925,-0.4558,0.0002,0.8726,0.2009,-0.6597,-17.6010,20.7048,0,0.04900,0.01900,0.0421,0.0000,-0.011961,0.057116,5.7856,1.3318,60.6665,0.9468,1.4163,67.3968,0.0000,0.0000,0.0000,0.0000,0.0000,0.0000,-0.027820,-0.006184,60.5824,-0.011883,-0.005253,67.3968,0.000000,0.000000,0.0000,0.000000,0.000000,0.0000,-0.56673,-0.26734,-0.33289,0.66816,-0.28927,0.19315,-0.51187,-0.04651,0.26397,1.11267,-0.42623,0.22634,0.43595,-0.00086,-0.50838,0.32281,-2.61178,0.65000,-0.04436,-2.31314,-0.88309,0.08011,-0.99606,2.20236,0.94340,0.71714,-0.03442,0.10077,0.25716,-0.02263,-0.28713,0.08573,6.000,6.000,12.000,12.000,6.000,6.000,6.000,6.000,12.000,12.000,6.000,6.000,6.000,6.000,6.000,6.000,-0.006600,0.044198,0.004200,0.043544,0.004200,0.045148,-0.028199,0.047111,0.000000,0.010819,0.000000,1.000000,1.000000,0.000000,0.000000,0.000000,0.000000,0.197275,0.223365
2.9650,0.00419,0.04821,0.47333,0.99238,0.03376,-0.04064,0.11128,-0.00040,0.05329,0.31685,0.31446,0.08774,0.04350,1,0.10806,0.08774,0.034468,0.00892,-0.5537,0.0001,0.8709,0.1975,-0.7639,-17.6899,20.7175,0,0.04900,0.01900,0.0351,0.0000,-0.012419,0.058048,5.7744,1.3094,59.9759,1.0269,0.9525,66.5060,0.0000,0.0000,0.0000,0.0000,0.0000,0.0000,-0.027343,-0.006109,59.9027,-0.012630,-0.004546,66.5060,0.000000,0.000000,0.0000,0.000000,0.000000,0.0000,-0.56740,-0.26671,-0.33389,0.66958,-0.29007,0.18893,-0.51296,-0.04621,0.26383,1.11065,-0.43390,0.22902,0.44110,-0.00087,-0.50955,0.32612,-2.56933,0.58035,-0.02656,-2.26960,-0.85603,0.07619,-1.03233,2.22797,0.91413,0.69939,-0.04686,0.09087,0.24627,-0.02312,-0.27612,0.08358,6.000,6.000,12.000,12.000,6.000,6.000,6.000,6.000,12.000,12.000,6.000,6.000,6.000,6.000,6.000,6.000,-0.006641,0.044119,0.004200,0.043499,0.004200,0.045103,-0.028321,0.046961,0.000000,0.010858,0.000000,1.000000,1.000000,0.000000,0.000000,0.000000,0.000000,0.193153,0.226344
2.9700,0.00396,0.04780,0.47334,0.99232,0.03413,-0.04087,0.11163,-0.00057,0.05304,0.31686,0.31446,0.08830,0.04345,1,0.10756,0.08830,0.034510,0.00821,-0.6000,0.0001,0.8670,0.2020,-0.8150,-17.8040,20.7981,0,0.04900,0.01900,0.0321,0.0000,-0.012723,0.058663,5.7481,1.3389,59.6370,1.2358,0.2437,65.4471,0.0000,0.0000,0.0000,0.0000,0.0000,0.0000,-0.026483,-0.006357,59.5734,-0.013125,-0.004078,65.4471,0.000000,0.000000,0.0000,0.000000,0.000000,0.0000,-0.56799,-0.26608,-0.33483,0.67101,-0.29093,0.18478,-0.51476,-0.04604,0.26390,1.10879,-0.44160,0.23147,0.44610,-0.00088,-0.51069,0.32931,-2.54440,0.54480,0.00264,-2.22688,-0.81461,0.09637,-1.05606,2.24236,0.88797,0.68375,-0.05515,0.08350,0.23917,-0.02312,-0.26830,0.08109,6.000,6.000,12.000,12.000,6.000,6.000,6.000,6.000,12.000,12.000,6.000,6.000,6.000,6.000,6.000,6.000,-0.006655,0.043956,0.004200,0.043454,0.004200,0.045058,-0.028365,0.046564,0.000000,0.010867,0.000000,1.000000,1.000000,0.000000,0.000000,0.000000,0.000000,0.188932,0.229020
2.9750,0.00373,0.04739,0.47336,0.99226,0.03450,-0.04109,0.11195,-0.00074,0.05278,0.31687,0.31446,0.08885,0.04341,1,0.10711,0.08885,0.034548,0.00730,-0.6115,0.0000,0.8617,0.2126,-0.8243,-17.9026,20.9117,0,0.04900,0.01900,0.0317,0.0000,-0.012367,0.058535,5.7130,1.4096,59.5754,1.2338,-0.0294,64.9138,0.0000,0.0000,0.0000,0.0000,0.0000,0.0000,-0.025434,-0.006833,59.5204,-0.012742,-0.004074,64.9138,0.000000,0.000000,0.0000,0.000000,0.000000,0.0000,-0.56851,-0.26546,-0.33570,0.67243,-0.29181,0.18083,-0.51727,-0.04606,0.26411,1.10707,-0.44926,0.23373,0.45095,-0.00088,-0.51177,0.33240,-2.53350,0.53490,0.03592,-2.18973,-0.76791,0.13330,-1.07110,2.24677,0.86778,0.67122,-0.05930,0.07755,0.23500,-0.02279,-0.26301,0.07831,6.000,6.000,12.000,12.000,6.000,6.000,6.000,6.000,12.000,12.000,6.000,6.000,6.000,6.000,6.000,6.000,-0.006655,0.043728,0.004200,0.043410,0.004200,0.045014,-0.028363,0.045969,0.000000,0.010859,0.000000,1.000000,1.000000,0.000000,0.000000,0.000000,0.000000,0.184783,0.231475
2.9800,0.00351,0.04696,0.47336,0.99221,0.03487,-0.04132,0.11222,-0.00090,0.05253,0.31687,0.31446,0.08940,0.04336,1,0.10671,0.08940,0.034582,0.00629,-0.5994,-0.0000,0.8572,0.2251,-0.8108,-18.0315,20.9883,0,0.04900,0.01900,0.0299,0.0000,-0.011849,0.058050,5.6832,1.4926,59.6650,1.1482,-0.1541,64.6091,0.0000,0.0000,0.0000,0.0000,0.0000,0.0000,-0.024172,-0.007485,59.6175,-0.012084,-0.004347,64.6091,0.000000,0.000000,0.0000,0.000000,0.000000,0.0000,-0.56895,-0.26488,-0.33650,0.67381,-0.29267,0.17718,-0.52049,-0.04631,0.26444,1.10548,-0.45685,0.23581,0.45564,-0.00088,-0.51281,0.33537,-2.53182,0.54727,0.08216,-2.14597,-0.70951,0.18310,-1.07891,2.23771,0.84560,0.65893,-0.06242,0.07185,0.23169,-0.02237,-0.25850,0.07548,6.000,6.000,12.000,12.000,6.000,6.000,6.000,6.000,12.000,12.000,6.000,6.000,6.000,6.000,6.000,6.000,-0.006661,0.043480,0.004200,0.043365,0.004200,0.044969,-0.028381,0.045315,0.000000,0.010861,0.000000,1.000000,1.000000,0.000000,0.000000,0.000000,0.000000,0.180835,0.233731
2.9850,0.00329,0.04654,0.47337,0.99216,0.03524,-0.04154,0.11246,-0.00106,0.05228,0.31688,0.31446,0.08994,0.04332,1,0.10635,0.08994,0.034610,0.00527,-0.5721,-0.0000,0.8538,0.2387,-0.7851,-18.1656,21.0312,0,0.04900,0.01900,0.0276,0.0000,-0.011175,0.057283,5.6606,1.5828,59.8352,1.0441,-0.2177,64.4655,0.0000,0.0000,0.0000,0.0000,0.0000,0.0000,-0.022800,-0.008258,59.7942,-0.011184,-0.004829,64.4655,0.000000,0.000000,0.0000,0.000000,0.000000,0.0000,-0.56930,-0.26432,-0.33723,0.67512,-0.29350,0.17387,-0.52442,-0.04679,0.26486,1.10401,-0.46435,0.23771,0.46017,-0.00088,-0.51379,0.33824,-2.53719,0.57476,0.13779,-2.09670,-0.64337,0.24137,-1.08051,2.21819,0.82143,0.64621,-0.06504,0.06641,0.22886,-0.02191,-0.25433,0.07262,6.000,6.000,12.000,12.000,6.000,6.000,6.000,6.000,12.000,12.000,6.000,6.000,6.000,6.000,6.000,6.000,-0.006677,0.043221,0.004200,0.043320,0.004200,0.044924,-0.028430,0.044626,0.000000,0.010877,0.000000,1.000000,1.000000,0.000000,0.000000,0.000000,0.000000,0.177177,0.235806
2.9900,0.00309,0.04611,0.47337,0.99213,0.03562,-0.04175,0.11257,-0.00122,0.05203,0.31688,0.31446,0.09048,0.04328,1,0.10601,0.09048,0.034634,0.00435,-0.5354,-0.0001,0.8515,0.2528,-0.7540,-18.2884,21.0448,0,0.04900,0.01900,0.0667,0.0000,-0.011774,0.057904,5.6457,1.6764,60.0415,1.2036,-2.2951,64.7996,0.0000,0.0000,0.0000,0.0000,0.0000,0.0000,-0.021404,-0.009070,60.0061,-0.011958,-0.004448,64.7996,0.000000,0.000000,0.0000,0.000000,0.000000,0.0000,-0.56946,-0.26383,-0.33785,0.67624,-0.29424,0.17092,-0.52776,-0.04718,0.26517,1.10282,-0.47160,0.23978,0.46465,-0.00088,-0.51481,0.34100,-2.54474,0.60985,0.19833,-2.04468,-0.57411,0.30237,-1.07828,2.19263,0.79628,0.63312,-0.06734,0.06126,0.22586,-0.02148,-0.24986,0.06979,6.000,6.000,12.000,12.000,6.000,6.000,6.000,6.000,12.000,12.000,6.000,6.000,6.000,6.000,6.000,6.000,-0.006705,0.042956,0.004200,0.043275,0.004200,0.044879,-0.028513,0.043921,0.000000,0.010909,0.000000,1.000000,1.000000,0.000000,0.000000,0.000000,0.000000,0.173867,0.237713
2.9950,0.00288,0.04568,0.47336,0.99211,0.03602,-0.04195,0.11255,-0.00137,0.05177,0.31688,0.31446,0.09099,0.04323,1,0.10568,0.09099,0.034653,0.00348,-0.5000,-0.0001,0.8465,0.2923,-0.7372,-18.8655,20.8568,0,0.04900,0.01900,0.0601,0.0000,-0.011111,0.056726,5.6124,1.9381,60.1530,1.1837,-2.0033,64.5330,0.0000,0.0000,0.0000,0.0000,0.0000,0.0000,-0.019444,-0.010236,60.1208,-0.010926,-0.005319,64.5330,0.000000,0.000000,0.0000,0.000000,0.000000,0.0000,-0.56940,-0.26343,-0.33833,0.67711,-0.29485,0.16836,-0.52995,-0.04732,0.26528,1.10195,-0.47853,0.24209,0.46909,-0.00087,-0.51588,0.34367,-2.54023,0.60345,0.27317,-1.97344,-0.47331,0.37818,-1.07038,2.23156,0.76598,0.62626,-0.06316,0.07049,0.23048,-0.02091,-0.25336,0.06740,6.000,6.000,12.000,12.000,6.000,6.000,6.000,6.000,12.000,12.000,6.000,6.000,6.000,6.000,6.000,6.000,-0.006701,0.042418,0.004200,0.043231,0.004200,0.044834,-0.028503,0.042398,0.000000,0.010931,0.000000,1.000000,1.000000,0.000000,0.000000,0.000000,0.000000,0.170922,0.239778
3.0000,0.00269,0.04525,0.47336,0.99210,0.03643,-0.04215,0.11243,-0.00151,0.05150,0.31688,0.31446,0.09148,0.04319,1,0.10537,0.09148,0.034668,0.00269,-0.4604,-0.0001,0.8432,0.3283,-0.7117,-19.2778,20.7002,0,0.04900,0.01900,0.0508,0.0000,-0.009821,0.055082,5.5906,2.1765,60.3215,1.0177,-1.6793,64.4478,0.0000,0.0000,0.0000,0.0000,0.0000,0.0000,-0.017824,-0.011352,60.2921,-0.009144,-0.006413,64.4478,0.000000,0.000000,0.0000,0.000000,0.000000,0.0000,-0.56920,-0.26309,-0.33873,0.67779,-0.29534,0.16618,-0.53131,-0.04729,0.26524,1.10131,-0.48518,0.24462,0.47344,-0.00086,-0.51696,0.34625,-2.54256,0.61130,0.33641,-1.91631,-0.38971,0.45186,-1.05987,2.25428,0.73781,0.61838,-0.05968,0.07784,0.23347,-0.02033,-0.25568,0.06469,6.000,6.000,12.000,12.000,6.000,6.000,6.000,6.000,12.000,12.000,6.000,6.000,6.000,6.000,6.000,6.000,-0.006715,0.041916,0.004200,0.043186,0.004200,0.044790,-0.028544,0.040980,0.000000,0.010988,0.000000,1.000000,1.000000,0.000000,0.000000,0.000000,0.000000,0.168359,0.242094
3.0050,0.00250,0.04482,0.47335,0.99209,0.03684,-0.04233,0.11226,-0.00166,0.05123,0.31688,0.31446,0.09195,0.04314,1,0.10506,0.09195,0.034679,0.00202,-0.4209,-0.0001,0.8415,0.3606,-0.6833,-19.5610,20.5621,0,0.04900,0.01900,0.0418,0.0000,-0.008774,0.053541,5.5792,2.3909,60.5101,0.8759,-1.3590,64.4657,0.0000,0.0000,0.0000,0.0000,0.0000,0.0000,-0.016513,-0.012401,60.4829,-0.007627,-0.007495,64.4657,0.000000,0.000000,0.0000,0.000000,0.000000,0.0000,-0.56890,-0.26279,-0.33906,0.67831,-0.29570,0.16435,-0.53208,-0.04714,0.26508,1.10085,-0.49159,0.24730,0.47766,-0.00085,-0.51799,0.34872,-2.54907,0.62712,0.38871,-1.87106,-0.32155,0.52147,-1.04840,2.26603,0.71257,0.61015,-0.05675,0.08360,0.23510,-0.01974,-0.25697,0.06178,6.000,6.000,12.000,12.000,6.000,6.000,6.000,6.000,12.000,12.000,6.000,6.000,6.000,6.000,6.000,6.000,-0.006744,0.041450,0.004200,0.043141,0.004200,0.044745,-0.028632,0.039672,0.000000,0.011074,0.000000,1.000000,1.000000,0.000000,0.000000,0.000000,0.000000,0.166176,0.244616
3.0100,0.00231,0.04439,0.47335,0.99209,0.03725,-0.04250,0.11205,-0.00180,0.05096,0.31687,0.31446,0.09239,0.04310,1,0.10476,0.09239,0.034687,0.00146,-0.3849,-0.0001,0.8411,0.3894,-0.6554,-19.7456,20.4336,0,0.04900,0.01900,0.0335,0.0000,-0.007952,0.052126,5.5762,2.5818,60.6948,0.7559,-1.0545,64.5185,0.0000,0.0000,0.0000,0.0000,0.0000,0.0000,-0.015477,-0.013355,60.6689,-0.006365,-0.008536,64.5185,0.000000,0.000000,0.0000,0.000000,0.000000,0.0000,-0.56855,-0.26252,-0.33935,0.67870,-0.29595,0.16283,-0.53242,-0.04690,0.26482,1.10049,-0.49780,0.25012,0.48173,-0.00084,-0.51895,0.35108,-2.55600,0.64526,0.43040,-1.83626,-0.26759,0.58469,-1.03785,2.27178,0.69102,0.60222,-0.05418,0.08810,0.23536,-0.01920,-0.25718,0.05874,6.000,6.000,12.000,12.000,6.000,6.000,6.000,6.000,12.000,12.000,6.000,6.000,6.000,6.000,6.000,6.000,-0.006786,0.041021,0.004200,0.043096,0.004200,0.044700,-0.028758,0.038473,0.000000,0.011180,0.000000,1.000000,1.000000,0.000000,0.000000,0.000000,0.000000,0.164349,0.247303
3.0150,0.00213,0.04397,0.47334,0.99210,0.03765,-0.04265,0.11183,-0.00194,0.05068,0.31687,0.31446,0.09280,0.04305,1,0.10446,0.09280,0.034693,0.00103,-0.3539,-0.0001,0.8416,0.4148,-0.6296,-19.8565,20.3091,0,0.04900,0.01900,0.0262,0.0000,-0.007330,0.050867,5.5801,2.7504,60.8659,0.6583,-0.7746,64.5845,0.0000,0.0000,0.0000,0.0000,0.0000,0.0000,-0.014681,-0.014242,60.8406,-0.005344,-0.009500,64.5845,0.000000,0.000000,0.0000,0.000000,0.000000,0.0000,-0.56818,-0.26226,-0.33963,0.67899,-0.29609,0.16159,-0.53248,-0.04660,0.26449,1.10020,-0.50382,0.25304,0.48563,-0.00084,-0.51982,0.35335,-2.56408,0.66460,0.46268,-1.81032,-0.22598,0.64280,-1.02810,2.27342,0.67350,0.59512,-0.05179,0.09153,0.23477,-0.01866,-0.25681,0.05560,6.000,6.000,12.000,12.000,6.000,6.000,6.000,6.000,12.000,12.000,6.000,6.000,6.000,6.000,6.000,6.000,-0.006839,0.040626,0.004200,0.043051,0.004200,0.044655,-0.028915,0.037379,0.000000,0.011302,0.000000,1.000000,1.000000,0.000000,0.000000,0.000000,0.000000,0.162835,0.250120
3.0200,0.00195,0.04355,0.47333,0.99210,0.03805,-0.04280,0.11161,-0.00207,0.05039,0.31686,0.31446,0.09319,0.04301,1,0.10417,0.09319,0.034697,0.00071,-0.3285,-0.0002,0.8430,0.4372,-0.6065,-19.9139,20.1857,0,0.04900,0.01900,0.0202,0.0000,-0.006889,0.049739,5.5890,2.8985,61.0192,0.5824,-0.5219,64.6533,0.0000,0.0000,0.0000,0.0000,0.0000,0.0000,-0.014087,-0.015063,60.9936,-0.004540,-0.010404,64.6533,0.000000,0.000000,0.0000,0.000000,0.000000,0.0000,-0.56781,-0.26200,-0.33991,0.67922,-0.29614,0.16056,-0.53234,-0.04626,0.26411,1.09993,-0.50969,0.25603,0.48934,-0.00084,-0.52059,0.35550,-2.57219,0.68351,0.48670,-1.79189,-0.19499,0.69574,-1.01956,2.27291,0.65998,0.58909,-0.04947,0.09410,0.23350,-0.01813,-0.25600,0.05239,6.000,6.000,12.000,12.000,6.000,6.000,6.000,6.000,12.000,12.000,6.000,6.000,6.000,6.000,6.000,6.000,-0.006898,0.040263,0.004200,0.043007,0.004200,0.044610,-0.029094,0.036380,0.000000,0.011432,0.000000,1.000000,1.000000,0.000000,0.000000,0.000000,0.000000,0.161587,0.253037
3.0250,0.00178,0.04313,0.47333,0.99210,0.03844,-0.04293,0.11141,-0.00221,0.05011,0.31686,0.31446,0.09355,0.04296,1,0.10387,0.09355,0.034700,0.00047,-0.3088,-0.0002,0.8449,0.4567,-0.5862,-19.9338,20.0614,0,0.04900,0.01900,0.0156,0.0000,-0.006603,0.048736,5.6017,3.0281,61.1535,0.5263,-0.2978,64.7188,0.0000,0.0000,0.0000,0.0000,0.0000,0.0000,-0.013656,-0.015830,61.1269,-0.003924,-0.011245,64.7188,0.000000,0.000000,0.0000,0.000000,0.000000,0.0000,-0.56746,-0.26173,-0.34021,0.67939,-0.29612,0.15970,-0.53208,-0.04587,0.26369,1.09966,-0.51542,0.25908,0.49288,-0.00083,-0.52125,0.35756,-2.58042,0.70152,0.50393,-1.77944,-0.17265,0.74424,-1.01213,2.27124,0.65009,0.58419,-0.04712,0.09594,0.23182,-0.01761,-0.25495,0.04916,6.000,6.000,12.000,12.000,6.000,6.000,6.000,6.000,12.000,12.000,6.000,6.000,6.000,6.000,6.000,6.000,-0.006963,0.039930,0.004200,0.042962,0.004200,0.044566,-0.029289,0.035470,0.000000,0.011567,0.000000,1.000000,1.000000,0.000000,0.000000,0.000000,0.000000,0.160556,0.256030
3.0300,0.00161,0.04271,0.47332,0.99210,0.03882,-0.04304,0.11121,-0.00234,0.04983,0.31685,0.31446,0.09388,0.04292,1,0.10358,0.09388,0.034702,0.00032,-0.2943,-0.0002,0.8472,0.4737,-0.5688,-19.9288,19.9353,0,0.04900,0.01900,0.0128,0.0000,-0.006444,0.047839,5.6166,3.1409,61.2694,0.4873,-0.1016,64.7783,0.0000,0.0000,0.0000,0.0000,0.0000,0.0000,-0.013353,-0.016530,61.2411,-0.003464,-0.012029,64.7783,0.000000,0.000000,0.0000,0.000000,0.000000,0.0000,-0.56715,-0.26145,-0.34052,0.67952,-0.29605,0.15896,-0.53174,-0.04546,0.26324,1.09936,-0.52103,0.26216,0.49623,-0.00083,-0.52180,0.35950,-2.58698,0.71721,0.51547,-1.77187,-0.15742,0.78762,-1.00637,2.26989,0.64339,0.58036,-0.04469,0.09722,0.22969,-0.01711,-0.25359,0.04595,6.000,6.000,12.000,12.000,6.000,6.000,6.000,6.000,12.000,12.000,6.000,6.000,6.000,6.000,6.000,6.000,-0.007031,0.039623,0.004200,0.042917,0.004200,0.044521,-0.029493,0.034640,0.000000,0.011704,0.000000,1.000000,1.000000,0.000000,0.000000,0.000000,0.000000,0.159696,0.259077
3.0350,0.00144,0.04230,0.47331,0.99210,0.03920,-0.04315,0.11104,-0.00247,0.04954,0.31684,0.31446,0.09418,0.04287,1,0.10328,0.09418,0.034703,0.00022,-0.2844,-0.0002,0.8496,0.4885,-0.5538,-19.9085,19.8070,0,0.04900,0.01900,0.0120,0.0000,-0.006382,0.047052,5.6328,3.2391,61.3686,0.4622,0.0670,64.8301,0.0000,0.0000,0.0000,0.0000,0.0000,0.0000,-0.013148,-0.017188,61.3381,-0.003133,-0.012744,64.8301,0.000000,0.000000,0.0000,0.000000,0.000000,0.0000,-0.56687,-0.26114,-0.34087,0.67964,-0.29593,0.15832,-0.53137,-0.04503,0.26277,1.09903,-0.52653,0.26526,0.49940,-0.00083,-0.52224,0.36135,-2.59316,0.73146,0.52282,-1.76780,-0.14752,0.82749,-1.00161,2.26863,0.63927,0.57750,-0.04213,0.09801,0.22740,-0.01662,-0.25219,0.04275,6.000,6.000,12.000,12.000,6.000,6.000,6.000,6.000,12.000,12.000,6.000,6.000,6.000,6.000,6.000,6.000,-0.007101,0.039340,0.004200,0.042872,0.004200,0.044476,-0.029701,0.033880,0.000000,0.011839,0.000000,1.000000,1.000000,0.000000,0.000000,0.000000,0.000000,0.158963,0.262160
3.0400,0.00128,0.04189,0.47331,0.99210,0.03956,-0.04324,0.11089,-0.00260,0.04926,0.31683,0.31446,0.09446,0.04283,1,0.10299,0.09446,0.034704,0.00017,-0.2785,-0.0002,0.8521,0.5014,-0.5411,-19.8798,19.6765,0,0.04900,0.01900,0.0127,0.0000,-0.006396,0.046344,5.6494,3.3244,61.4528,0.4481,0.2109,64.8744,0.0000,0.0000,0.0000,0.0000,0.0000,0.0000,-0.013014,-0.017805,61.4197,-0.002901,-0.013412,64.8744,0.000000,0.000000,0.0000,0.000000,0.000000,0.0000,-0.56663,-0.26082,-0.34124,0.67974,-0.29578,0.15774,-0.53098,-0.04458,0.26229,1.09866,-0.53191,0.26838,0.50239,-0.00083,-0.52258,0.36309,-2.59899,0.74415,0.52715,-1.76616,-0.14148,0.86419,-0.99774,2.26774,0.63713,0.57545,-0.03945,0.09841,0.22510,-0.01613,-0.25083,0.03960,6.000,6.000,12.000,12.000,6.000,6.000,6.000,6.000,12.000,12.000,6.000,6.000,6.000,6.000,6.000,6.000,-0.007170,0.039078,0.004200,0.042827,0.004200,0.044431,-0.029910,0.033183,0.000000,0.011972,0.000000,1.000000,1.000000,0.000000,0.000000,0.000000,0.000000,0.158321,0.265264
3.0450,0.00112,0.04148,0.47331,0.99210,0.03992,-0.04331,0.11076,-0.00272,0.04897,0.31682,0.31446,0.09470,0.04278,1,0.10269,0.09470,0.034705,0.00016,-0.2759,-0.0002,0.8546,0.5126,-0.5304,-19.8479,19.5440,0,0.04900,0.01900,0.0142,0.0000,-0.006464,0.045704,5.6657,3.3985,61.5240,0.4422,0.3325,64.9115,0.0000,0.0000,0.0000,0.0000,0.0000,0.0000,-0.012930,-0.018388,61.4880,-0.002744,-0.014034,64.9115,0.000000,0.000000,0.0000,0.000000,0.000000,0.0000,-0.56644,-0.26046,-0.34165,0.67984,-0.29561,0.15719,-0.53060,-0.04411,0.26180,1.09824,-0.53718,0.27149,0.50520,-0.00083,-0.52281,0.36474,-2.60399,0.75553,0.52925,-1.76624,-0.13831,0.89822,-0.99462,2.26729,0.63654,0.57406,-0.03663,0.09848,0.22273,-0.01567,-0.24947,0.03651,6.000,6.000,12.000,12.000,6.000,6.000,6.000,6.000,12.000,12.000,6.000,6.000,6.000,6.000,6.000,6.000,-0.007239,0.038834,0.004200,0.042783,0.004200,0.044386,-0.030115,0.032541,0.000000,0.012101,0.000000,1.000000,1.000000,0.000000,0.000000,0.000000,0.000000,0.157738,0.268378
3.0500,0.00096,0.04108,0.47330,0.99210,0.04027,-0.04338,0.11064,-0.00285,0.04869,0.31680,0.31446,0.09493,0.04274,1,0.10240,0.09493,0.034706,0.00018,-0.2760,-0.0002,0.8569,0.5223,-0.5213,-19.8158,19.4095,0,0.04900,0.01900,0.0159,0.0000,-0.006572,0.045121,5.6812,3.4630,61.5843,0.4422,0.4345,64.9417,0.0000,0.0000,0.0000,0.0000,0.0000,0.0000,-0.012868,-0.018877,61.5452,-0.002642,-0.014616,64.9417,0.000000,0.000000,0.0000,0.000000,0.000000,0.0000,-0.56629,-0.26009,-0.34209,0.67994,-0.29543,0.15666,-0.53024,-0.04362,0.26130,1.09777,-0.54235,0.27459,0.50785,-0.00083,-0.52295,0.36629,-2.60867,0.76162,0.53073,-1.76658,-0.13627,0.92607,-0.99343,2.26970,0.63621,0.57281,-0.03378,0.09833,0.22082,-0.01516,-0.24824,0.03348,6.000,6.000,12.000,12.000,6.000,6.000,6.000,6.000,12.000,12.000,6.000,6.000,6.000,6.000,6.000,6.000,-0.007306,0.038606,0.004200,0.042738,0.004200,0.044342,-0.030316,0.031947,0.000000,0.012224,0.000000,1.000000,1.000000,0.000000,0.000000,0.000000,0.000000,0.157190,0.271490
3.0550,0.00081,0.04068,0.47330,0.99209,0.04061,-0.04343,0.11055,-0.00297,0.04841,0.31679,0.31446,0.09512,0.04269,1,0.10211,0.09512,0.034707,0.00020,-0.2782,-0.0002,0.8591,0.5308,-0.5135,-19.7870,19.2741,0,0.04900,0.01900,0.0174,0.0000,-0.006670,0.044637,5.6958,3.5195,61.6360,0.4431,0.5147,64.9648,0.0000,0.0000,0.0000,0.0000,0.0000,0.0000,-0.012772,-0.019000,61.5938,-0.002567,-0.015102,64.9648,0.000000,0.000000,0.0000,0.000000,0.000000,0.0000,-0.56617,-0.25968,-0.34257,0.68004,-0.29523,0.15611,-0.52990,-0.04311,0.26080,1.09726,-0.54740,0.27768,0.51035,-0.00083,-0.52301,0.36774,-2.61167,0.74449,0.53466,-1.76427,-0.13223,0.93112,-1.00055,2.28602,0.63279,0.57007,-0.03137,0.09823,0.22072,-0.01447,-0.24719,0.03054,6.000,6.000,12.000,12.000,6.000,6.000,6.000,6.000,12.000,12.000,6.000,6.000,6.000,6.000,6.000,6.000,-0.007370,0.038392,0.004200,0.042693,0.004200,0.044297,-0.030510,0.031394,0.000000,0.012343,0.000000,1.000000,1.000000,0.000000,0.000000,0.000000,0.000000,0.156656,0.274593
3.0600,0.00066,0.04028,0.47330,0.99208,0.04094,-0.04347,0.11047,-0.00309,0.04813,0.31678,0.31446,0.09529,0.04265,1,0.10182,0.09529,0.034708,0.00023,-0.2814,-0.0002,0.8613,0.5386,-0.5063,-19.7694,19.1407,0,0.04900,0.01900,0.0180,0.0000,-0.006616,0.044477,5.7104,3.5707,61.6834,0.4308,0.5538,64.9775,0.0000,0.0000,0.0000,0.0000,0.0000,0.0000,-0.012671,-0.019007,61.6379,-0.002460,-0.015232,64.9775,0.000000,0.000000,0.0000,0.000000,0.000000,0.0000,-0.56609,-0.25925,-0.34308,0.68016,-0.29503,0.15552,-0.52959,-0.04259,0.26029,1.09669,-0.55236,0.28076,0.51271,-0.00082,-0.52299,0.36910,-2.61601,0.71803,0.53967,-1.76099,-0.12770,0.92844,-1.01123,2.30868,0.62822,0.56690,-0.02915,0.09818,0.22181,-0.01367,-0.24666,0.02766,6.000,6.000,12.000,12.000,6.000,6.000,6.000,6.000,12.000,12.000,6.000,6.000,6.000,6.000,6.000,6.000,-0.007434,0.038187,0.004200,0.042648,0.004200,0.044252,-0.030702,0.030867,0.000000,0.012460,0.000000,1.000000,1.000000,0.000000,0.000000,0.000000,0.000000,0.156109,0.277684
3.0650,0.00051,0.03989,0.47329,0.99208,0.04127,-0.04349,0.11041,-0.00321,0.04786,0.31677,0.31446,0.09543,0.04260,1,0.10153,0.09543,0.034709,0.00026,-0.2852,-0.0002,0.8636,0.5459,-0.4997,-19.7657,19.0111,0,0.04900,0.01900,0.0179,0.0000,-0.006515,0.044436,5.7257,3.6193,61.7275,0.4104,0.5635,64.9866,0.0000,0.0000,0.0000,0.0000,0.0000,0.0000,-0.012576,-0.019005,61.6791,-0.002352,-0.015234,64.9866,0.000000,0.000000,0.0000,0.000000,0.000000,0.0000,-0.56604,-0.25879,-0.34362,0.68028,-0.29482,0.15489,-0.52932,-0.04206,0.25977,1.09608,-0.55721,0.28383,0.51495,-0.00082,-0.52291,0.37038,-2.61865,0.68916,0.54444,-1.75804,-0.12380,0.92488,-1.02354,2.33389,0.62378,0.56384,-0.02701,0.09821,0.22293,-0.01294,-0.24617,0.02493,6.000,6.000,12.000,12.000,6.000,6.000,6.000,6.000,12.000,12.000,6.000,6.000,6.000,6.000,6.000,6.000,-0.007499,0.037986,0.004200,0.042603,0.004200,0.044207,-0.030896,0.030356,0.000000,0.012577,0.000000,1.000000,1.000000,0.000000,0.000000,0.000000,0.000000,0.155525,0.280761
3.0700,0.00037,0.03950,0.47329,0.99207,0.04159,-0.04351,0.11035,-0.00333,0.04758,0.31676,0.31446,0.09556,0.04256,1,0.10124,0.09556,0.034710,0.00029,-0.2892,-0.0002,0.8661,0.5531,-0.4934,-19.7749,18.8852,0,0.04900,0.01900,0.0173,0.0000,-0.006419,0.044422,5.7419,3.6670,61.7691,0.3865,0.5538,64.9934,0.0000,0.0000,0.0000,0.0000,0.0000,0.0000,-0.012472,-0.019004,61.7178,-0.002256,-0.015213,64.9934,0.000000,0.000000,0.0000,0.000000,0.000000,0.0000,-0.56601,-0.25831,-0.34419,0.68042,-0.29461,0.15419,-0.52909,-0.04151,0.25925,1.09542,-0.56197,0.28689,0.51708,-0.00082,-0.52278,0.37157,-2.62209,0.65857,0.55019,-1.75429,-0.11932,0.92127,-1.03667,2.36079,0.61874,0.56058,-0.02505,0.09835,0.22451,-0.01221,-0.24601,0.02230,6.000,6.000,12.000,12.000,6.000,6.000,6.000,6.000,12.000,12.000,6.000,6.000,6.000,6.000,6.000,6.000,-0.007565,0.037788,0.004200,0.042559,0.004200,0.044163,-0.031094,0.029851,0.000000,0.012695,0.000000,1.000000,1.000000,0.000000,0.000000,0.000000,0.000000,0.154887,0.283828
3.0750,0.00023,0.03911,0.47329,0.99206,0.04191,-0.04352,0.11031,-0.00345,0.04731,0.31675,0.31446,0.09566,0.04251,1,0.10095,0.09566,0.034712,0.00030,-0.2931,-0.0002,0.8687,0.5604,-0.4875,-19.7957,18.7630,0,0.04900,0.01900,0.0164,0.0000,-0.006315,0.044415,5.7597,3.7152,61.8085,0.3590,0.5299,64.9988,0.0000,0.0000,0.0000,0.0000,0.0000,0.0000,-0.012354,-0.019006,61.7546,-0.002156,-0.015182,64.9988,0.000000,0.000000,0.0000,0.000000,0.000000,0.0000,-0.56600,-0.25780,-0.34478,0.68056,-0.29441,0.15343,-0.52889,-0.04095,0.25872,1.09472,-0.56664,0.28995,0.51912,-0.00082,-0.52260,0.37268,-2.62566,0.62655,0.55708,-1.74959,-0.11401,0.91778,-1.05047,2.38909,0.61296,0.55703,-0.02331,0.09864,0.22641,-0.01151,-0.24603,0.01980,6.000,6.000,12.000,12.000,6.000,6.000,6.000,6.000,12.000,12.000,6.000,6.000,6.000,6.000,6.000,6.000,-0.007633,0.037590,0.004200,0.042514,0.004200,0.044118,-0.031297,0.029346,0.000000,0.012816,0.000000,1.000000,1.000000,0.000000,0.000000,0.000000,0.000000,0.154188,0.286890
3.0800,0.00009,0.03872,0.47329,0.99205,0.04222,-0.04352,0.11028,-0.00357,0.04704,0.31673,0.31446,0.09574,0.04247,1,0.10067,0.09574,0.034713,0.00031,-0.2966,-0.0002,0.8717,0.5679,-0.4818,-19.8264,18.6447,0,0.04900,0.01900,0.0153,0.0000,-0.006199,0.044412,5.7792,3.7649,61.8462,0.3285,0.4959,65.0028,0.0000,0.0000,0.0000,0.0000,0.0000,0.0000,-0.012218,-0.019005,61.7900,-0.002046,-0.015144,65.0028,0.000000,0.000000,0.0000,0.000000,0.000000,0.0000,-0.56601,-0.25727,-0.34540,0.68071,-0.29420,0.15260,-0.52873,-0.04037,0.25819,1.09398,-0.57122,0.29302,0.52108,-0.00081,-0.52238,0.37371,-2.62904,0.59289,0.56526,-1.74379,-0.10771,0.91416,-1.06496,2.41881,0.60627,0.55308,-0.02184,0.09911,0.22858,-0.01084,-0.24616,0.01744,6.000,6.000,12.000,12.000,6.000,6.000,6.000,6.000,12.000,12.000,6.000,6.000,6.000,6.000,6.000,6.000,-0.007703,0.037390,0.004200,0.042469,0.004200,0.044073,-0.031508,0.028835,0.000000,0.012941,0.000000,1.000000,1.000000,0.000000,0.000000,0.000000,0.000000,0.153426,0.289951
3.0850,-0.00005,0.03834,0.47329,0.99204,0.04253,-0.04351,0.11025,-0.00368,0.04677,0.31672,0.31446,0.09580,0.04242,1,0.10038,0.09580,0.034715,0.00032,-0.2995,-0.0002,0.8749,0.5757,-0.4763,-19.8653,18.5298,0,0.04900,0.01900,0.0139,0.0000,-0.006066,0.044414,5.8008,3.8169,61.8826,0.2951,0.4546,65.0058,0.0000,0.0000,0.0000,0.0000,0.0000,0.0000,-0.012064,-0.019006,61.8244,-0.001922,-0.015096,65.0058,0.000000,0.000000,0.0000,0.000000,0.000000,0.0000,-0.56603,-0.25672,-0.34604,0.68086,-0.29399,0.15172,-0.52860,-0.03979,0.25766,1.09319,-0.57572,0.29610,0.52297,-0.00081,-0.52214,0.37467,-2.63266,0.55801,0.57481,-1.73686,-0.10035,0.91082,-1.07986,2.44960,0.59864,0.54869,-0.02066,0.09977,0.23106,-0.01020,-0.24643,0.01521,6.000,6.000,12.000,12.000,6.000,6.000,6.000,6.000,12.000,12.000,6.000,6.000,6.000,6.000,6.000,6.000,-0.007776,0.037187,0.004200,0.042424,0.004200,0.044028,-0.031727,0.028316,0.000000,0.013071,0.000000,1.000000,1.000000,0.000000,0.000000,0.000000,0.000000,0.152602,0.293019
3.0900,-0.00018,0.03795,0.47329,0.99203,0.04283,-0.04349,0.11022,-0.00379,0.04650,0.31671,0.31446,0.09585,0.04238,1,0.10010,0.09585,0.034716,0.00031,-0.3018,-0.0002,0.8786,0.5840,-0.4709,-19.9105,18.4183,0,0.04900,0.01900,0.0124,0.0000,-0.005918,0.044413,5.8248,3.8717,61.9181,0.2595,0.4085,65.0083,0.0000,0.0000,0.0000,0.0000,0.0000,0.0000,-0.011894,-0.019005,61.8580,-0.001782,-0.015044,65.0083,0.000000,0.000000,0.0000,0.000000,0.000000,0.0000,-0.56607,-0.25615,-0.34670,0.68102,-0.29378,0.15079,-0.52851,-0.03919,0.25712,1.09236,-0.58015,0.29920,0.52482,-0.00080,-0.52188,0.37556,-2.63618,0.52163,0.58562,-1.72890,-0.09203,0.90746,-1.09526,2.48159,0.59006,0.54386,-0.01979,0.10064,0.23378,-0.00959,-0.24677,0.01311,6.000,6.000,12.000,12.000,6.000,6.000,6.000,6.000,12.000,12.000,6.000,6.000,6.000,6.000,6.000,6.000,-0.007852,0.036980,0.004200,0.042380,0.004200,0.043983,-0.031957,0.027784,0.000000,0.013206,0.000000,1.000000,1.000000,0.000000,0.000000,0.000000,0.000000,0.151721,0.296099
3.0950,-0.00031,0.03757,0.47329,0.99202,0.04313,-0.04347,0.11019,-0.00391,0.04624,0.31669,0.31446,0.09588,0.04233,1,0.09981,0.09588,0.034718,0.00029,-0.3033,-0.0002,0.8826,0.5927,-0.4657,-19.9606,18.3101,0,0.04900,0.01900,0.0108,0.0000,-0.005754,0.044415,5.8513,3.9298,61.9527,0.2219,0.3591,65.0106,0.0000,0.0000,0.0000,0.0000,0.0000,0.0000,-0.011711,-0.019014,61.8911,-0.001629,-0.014986,65.0106,0.000000,0.000000,0.0000,0.000000,0.000000,0.0000,-0.56610,-0.25556,-0.34737,0.68118,-0.29357,0.14981,-0.52845,-0.03858,0.25658,1.09149,-0.58451,0.30233,0.52664,-0.00080,-0.52161,0.37638,-2.64046,0.48451,0.59762,-1.71998,-0.08285,0.90486,-1.11077,2.51423,0.58061,0.53861,-0.01924,0.10172,0.23682,-0.00899,-0.24728,0.01114,6.000,6.000,12.000,12.000,6.000,6.000,6.000,6.000,12.000,12.000,6.000,6.000,6.000,6.000,6.000,6.000,-0.007933,0.036768,0.004200,0.042335,0.004200,0.043939,-0.032198,0.027238,0.000000,0.013349,0.000000,1.000000,1.000000,0.000000,0.000000,0.000000,0.000000,0.150788,0.299199
3.1000,-0.00044,0.03719,0.47329,0.99201,0.04343,-0.04344,0.11017,-0.00402,0.04597,0.31668,0.31446,0.09590,0.04229,1,0.09952,0.09590,0.034719,0.00027,-0.3042,-0.0002,0.8870,0.6020,-0.4606,-20.0141,18.2048,0,0.04900,0.01900,0.0092,0.0000,-0.005581,0.044406,5.8806,3.9914,61.9864,0.1831,0.3086,65.0133,0.0000,0.0000,0.0000,0.0000,0.0000,0.0000,-0.011517,-0.019004,61.9233,-0.001463,-0.014934,65.0133,0.000000,0.000000,0.0000,0.000000,0.000000,0.0000,-0.56615,-0.25496,-0.34806,0.68133,-0.29336,0.14880,-0.52841,-0.03797,0.25603,1.09058,-0.58882,0.30549,0.52842,-0.00079,-0.52133,0.37715,-2.64359,0.44490,0.61047,-1.71040,-0.07312,0.90119,-1.12722,2.54869,0.57036,0.53293,-0.01902,0.10302,0.23996,-0.00844,-0.24770,0.00931,6.000,6.000,12.000,12.000,6.000,6.000,6.000,6.000,12.000,12.000,6.000,6.000,6.000,6.000,6.000,6.000,-0.008017,0.036551,0.004200,0.042290,0.004200,0.043894,-0.032451,0.026677,0.000000,0.013498,0.000000,1.000000,1.000000,0.000000,0.000000,0.000000,0.000000,0.149811,0.302326
3.1050,-0.00057,0.03681,0.47329,0.99200,0.04372,-0.04340,0.11015,-0.00413,0.04571,0.31667,0.31446,0.09590,0.04225,1,0.09923,0.09590,0.034720,0.00025,-0.3045,-0.0002,0.8918,0.6119,-0.4556,-20.0700,18.1025,0,0.04900,0.01900,0.0075,0.0000,-0.005392,0.044414,5.9129,4.0568,62.0194,0.1429,0.2560,65.0155,0.0000,0.0000,0.0000,0.0000,0.0000,0.0000,-0.011319,-0.019007,61.9550,-0.001289,-0.014861,65.0155,0.000000,0.000000,0.0000,0.000000,0.000000,0.0000,-0.56619,-0.25434,-0.34876,0.68148,-0.29314,0.14775,-0.52839,-0.03734,0.25548,1.08962,-0.59309,0.30869,0.53020,-0.00079,-0.52106,0.37785,-2.64763,0.40455,0.62416,-1.70024,-0.06294,0.89836,-1.14376,2.58382,0.55944,0.52692,-0.01911,0.10454,0.24340,-0.00791,-0.24828,0.00759,6.000,6.000,12.000,12.000,6.000,6.000,6.000,6.000,12.000,12.000,6.000,6.000,6.000,6.000,6.000,6.000,-0.008106,0.036328,0.004200,0.042245,0.004200,0.043849,-0.032718,0.026098,0.000000,0.013655,0.000000,1.000000,1.000000,0.000000,0.000000,0.000000,0.000000,0.148796,0.305487
3.1100,-0.00070,0.03644,0.47330,0.99200,0.04401,-0.04335,0.11012,-0.00424,0.04545,0.31666,0.31446,0.09588,0.04220,1,0.09894,0.09588,0.034721,0.00022,-0.3042,-0.0002,0.8972,0.6223,-0.4508,-20.1272,18.0029,0,0.04900,0.01900,0.0058,0.0000,-0.005201,0.044411,5.9481,4.1260,62.0514,0.1021,0.2037,65.0185,0.0000,0.0000,0.0000,0.0000,0.0000,0.0000,-0.011117,-0.019005,61.9859,-0.001108,-0.014797,65.0185,0.000000,0.000000,0.0000,0.000000,0.000000,0.0000,-0.56623,-0.25370,-0.34947,0.68163,-0.29291,0.14667,-0.52840,-0.03671,0.25492,1.08861,-0.59731,0.31194,0.53197,-0.00078,-0.52078,0.37850,-2.65142,0.36239,0.63838,-1.68973,-0.05256,0.89521,-1.16089,2.62031,0.54794,0.52058,-0.01952,0.10628,0.24702,-0.00740,-0.24888,0.00598,6.000,6.000,12.000,12.000,6.000,6.000,6.000,6.000,12.000,12.000,6.000,6.000,6.000,6.000,6.000,6.000,-0.008200,0.036100,0.004200,0.042200,0.004200,0.043804,-0.033000,0.025502,0.000000,0.013819,0.000000,1.000000,1.000000,0.000000,0.000000,0.000000,0.000000,0.147747,0.308690
3.1150,-0.00083,0.03606,0.47330,0.99199,0.04430,-0.04330,0.11010,-0.00435,0.04519,0.31664,0.31446,0.09586,0.04216,1,0.09865,0.09586,0.034722,0.00019,-0.3035,-0.0002,0.9029,0.6334,-0.4461,-20.1853,17.9060,0,0.04900,0.01900,0.0042,0.0000,-0.005004,0.044414,5.9865,4.1993,62.0825,0.0609,0.1510,65.0214,0.0000,0.0000,0.0000,0.0000,0.0000,0.0000,-0.010917,-0.019007,62.0159,-0.000925,-0.014726,65.0214,0.000000,0.000000,0.0000,0.000000,0.000000,0.0000,-0.56628,-0.25305,-0.35019,0.68178,-0.29268,0.14557,-0.52843,-0.03606,0.25437,1.08755,-0.60150,0.31525,0.53374,-0.00078,-0.52052,0.37909,-2.65559,0.31896,0.65301,-1.67901,-0.04214,0.89235,-1.17836,2.65784,0.53598,0.51400,-0.02023,0.10824,0.25085,-0.00690,-0.24956,0.00449,6.000,6.000,12.000,12.000,6.000,6.000,6.000,6.000,12.000,12.000,6.000,6.000,6.000,6.000,6.000,6.000,-0.008299,0.035865,0.004200,0.042156,0.004200,0.043759,-0.033295,0.024887,0.000000,0.013992,0.000000,1.000000,1.000000,0.000000,0.000000,0.000000,0.000000,0.146670,0.311943
3.1200,-0.00096,0.03568,0.47330,0.99198,0.04459,-0.04325,0.11007,-0.00446,0.04493,0.31663,0.31446,0.09582,0.04211,1,0.09835,0.09582,0.034723,0.00016,-0.3025,-0.0002,0.9092,0.6450,-0.4416,-20.2436,17.8118,0,0.04900,0.01900,0.0026,0.0000,-0.004808,0.044415,6.0280,4.2767,62.1125,0.0199,0.0988,65.0247,0.0000,0.0000,0.0000,0.0000,0.0000,0.0000,-0.010721,-0.019004,62.0449,-0.000742,-0.014656,65.0247,0.000000,0.000000,0.0000,0.000000,0.000000,0.0000,-0.56632,-0.25239,-0.35092,0.68192,-0.29245,0.14445,-0.52847,-0.03541,0.25381,1.08643,-0.60568,0.31863,0.53553,-0.00078,-0.52028,0.37964,-2.65947,0.27355,0.66782,-1.66826,-0.03189,0.88908,-1.19653,2.69690,0.52366,0.50718,-0.02125,0.11042,0.25482,-0.00643,-0.25024,0.00310,6.000,6.000,12.000,12.000,6.000,6.000,6.000,6.000,12.000,12.000,6.000,6.000,6.000,6.000,6.000,6.000,-0.008402,0.035623,0.004200,0.042111,0.004200,0.043715,-0.033607,0.024253,0.000000,0.014174,0.000000,1.000000,1.000000,0.000000,0.000000,0.000000,0.000000,0.145570,0.315252
3.1250,-0.00108,0.03531,0.47330,0.99197,0.04487,-0.04319,0.11004,-0.00457,0.04467,0.31662,0.31446,0.09577,0.04207,1,0.09805,0.09577,0.034724,0.00014,-0.3012,-0.0002,0.9160,0.6573,-0.4372,-20.3019,17.7202,0,0.04900,0.01900,0.0013,0.0000,-0.004613,0.044425,6.0728,4.3582,62.1415,-0.0210,0.0465,65.0278,0.0000,0.0000,0.0000,0.0000,0.0000,0.0000,-0.010531,-0.019007,62.0729,-0.000561,-0.014580,65.0278,0.000000,0.000000,0.0000,0.000000,0.000000,0.0000,-0.56635,-0.25170,-0.35165,0.68205,-0.29221,0.14331,-0.52853,-0.03474,0.25325,1.08526,-0.60985,0.32207,0.53735,-0.00077,-0.52004,0.38014,-2.66381,0.22677,0.68275,-1.65758,-0.02191,0.88608,-1.21508,2.73709,0.51106,0.50019,-0.02255,0.11282,0.25901,-0.00597,-0.25101,0.00181,6.000,6.000,12.000,12.000,6.000,6.000,6.000,6.000,12.000,12.000,6.000,6.000,6.000,6.000,6.000,6.000,-0.008511,0.035376,0.004200,0.042066,0.004200,0.043670,-0.033933,0.023599,0.000000,0.014364,0.000000,1.000000,1.000000,0.000000,0.000000,0.000000,0.000000,0.144449,0.318626
3.1300,-0.00121,0.03493,0.47330,0.99197,0.04515,-0.04312,0.11000,-0.00468,0.04441,0.31660,0.31446,0.09570,0.04202,1,0.09775,0.09570,0.034724,0.00011,-0.2998,-0.0002,0.9232,0.6703,-0.4330,-20.3601,17.6311,0,0.04900,0.01900,0.0016,0.0000,-0.004423,0.044434,6.1209,4.4439,62.1694,-0.0614,-0.0053,65.0310,0.0000,0.0000,0.0000,0.0000,0.0000,0.0000,-0.010349,-0.019013,62.0998,-0.000386,-0.014506,65.0310,0.000000,0.000000,0.0000,0.000000,0.000000,0.0000,-0.56639,-0.25101,-0.35240,0.68218,-0.29196,0.14216,-0.52860,-0.03406,0.25269,1.08404,-0.61401,0.32559,0.53920,-0.00077,-0.51983,0.38060,-2.66843,0.17846,0.69764,-1.64708,-0.01230,0.88317,-1.23413,2.77855,0.49826,0.49307,-0.02412,0.11543,0.26337,-0.00552,-0.25185,0.00062,6.000,6.000,12.000,12.000,6.000,6.000,6.000,6.000,12.000,12.000,6.000,6.000,6.000,6.000,6.000,6.000,-0.008625,0.035121,0.004200,0.042021,0.004200,0.043625,-0.034275,0.022925,0.000000,0.014563,0.000000,1.000000,1.000000,0.000000,0.000000,0.000000,0.000000,0.143311,0.322070
3.1350,-0.00133,0.03455,0.47330,0.99196,0.04542,-0.04305,0.10997,-0.00479,0.04415,0.31659,0.31446,0.09563,0.04198,1,0.09744,0.09563,0.034725,0.00009,-0.2983,-0.0002,0.9309,0.6839,-0.4290,-20.4182,17.5445,0,0.04900,0.01900,0.0030,0.0000,-0.004239,0.044444,6.1722,4.5340,62.1961,-0.1010,-0.0566,65.0342,0.0000,0.0000,0.0000,0.0000,0.0000,0.0000,-0.010175,-0.019006,62.1257,-0.000218,-0.014433,65.0342,0.000000,0.000000,0.0000,0.000000,0.000000,0.0000,-0.56642,-0.25029,-0.35315,0.68231,-0.29170,0.14099,-0.52868,-0.03336,0.25213,1.08275,-0.61819,0.32920,0.54108,-0.00077,-0.51964,0.38103,-2.67227,0.12754,0.71236,-1.63688,-0.00321,0.87929,-1.25419,2.82205,0.48528,0.48579,-0.02597,0.11827,0.26780,-0.00510,-0.25261,-0.00047,6.000,6.000,12.000,12.000,6.000,6.000,6.000,6.000,12.000,12.000,6.000,6.000,6.000,6.000,6.000,6.000,-0.008745,0.034860,0.004200,0.041976,0.004200,0.043580,-0.034634,0.022230,0.000000,0.014772,0.000000,1.000000,1.000000,0.000000,0.000000,0.000000,0.000000,0.142157,0.325594
3.1400,-0.00146,0.03418,0.47331,0.99196,0.04570,-0.04298,0.10993,-0.00490,0.04389,0.31658,0.31446,0.09555,0.04193,1,0.09712,0.09555,0.034725,0.00006,-0.2968,-0.0002,0.9389,0.6981,-0.4251,-20.4763,17.4604,0,0.04900,0.01900,0.0045,0.0000,-0.004058,0.044472,6.2251,4.6284,62.2221,-0.1401,-0.1088,65.0366,0.0000,0.0000,0.0000,0.0000,0.0000,0.0000,-0.010005,-0.019004,62.1507,-0.000058,-0.014344,65.0366,0.000000,0.000000,0.0000,0.000000,0.000000,0.0000,-0.56645,-0.24956,-0.35391,0.68243,-0.29144,0.13981,-0.52877,-0.03266,0.25158,1.08139,-0.62238,0.33290,0.54301,-0.00076,-0.51948,0.38141,-2.67651,0.07523,0.72698,-1.62677,0.00573,0.87562,-1.27469,2.86678,0.47228,0.47846,-0.02806,0.12132,0.27242,-0.00468,-0.25347,-0.00148,6.000,6.000,12.000,12.000,6.000,6.000,6.000,6.000,12.000,12.000,6.000,6.000,6.000,6.000,6.000,6.000,-0.008870,0.034591,0.004200,0.041932,0.004200,0.043535,-0.035000,0.021514,0.000008,0.014990,0.000000,1.000000,1.000000,0.000000,0.000000,0.000000,0.000000,0.140989,0.329203
3.1450,-0.00159,0.03380,0.47331,0.99195,0.04596,-0.04290,0.10989,-0.00501,0.04363,0.31656,0.31446,0.09546,0.04189,1,0.09680,0.09546,0.034725,0.00005,-0.2953,-0.0002,0.9355,0.7130,-0.4213,-20.5347,17.3787,0,0.04900,0.01900,0.0062,0.0000,-0.003880,0.044498,6.2022,4.7273,62.2471,-0.1795,-0.1606,65.0390,0.0000,0.0000,0.0000,0.0000,0.0000,0.0000,-0.009454,-0.019005,62.1752,0.000100,-0.014259,65.0390,0.000000,0.000000,0.0000,0.000000,0.000000,0.0000,-0.56647,-0.24881,-0.35467,0.68254,-0.29117,0.13861,-0.52887,-0.03194,0.25102,1.07997,-0.62660,0.33670,0.54500,-0.00076,-0.51934,0.38176,-2.67802,0.03035,0.74483,-1.60597,0.03222,0.87289,-1.29196,2.90601,0.46290,0.47236,-0.02996,0.12445,0.27720,-0.00428,-0.25391,-0.00236,6.000,6.000,12.000,12.000,6.000,6.000,6.000,6.000,12.000,12.000,6.000,6.000,6.000,6.000,6.000,6.000,-0.009000,0.034315,0.004200,0.041887,0.004200,0.043491,-0.035000,0.020776,0.000399,0.015217,0.000000,1.000000,1.000000,0.000000,0.000000,0.000000,0.000000,0.139808,0.332904
3.1500,-0.00171,0.03342,0.47331,0.99195,0.04623,-0.04282,0.10984,-0.00513,0.04337,0.31655,0.31446,0.09535,0.04184,1,0.09648,0.09535,0.034726,0.00003,-0.2939,-0.0002,0.9320,0.7284,-0.4181,-20.5916,17.2980,0,0.04900,0.01900,0.0086,0.0000,-0.003387,0.044396,6.1790,4.8294,62.2684,-0.2728,-0.1957,65.0468,0.0000,0.0000,0.0000,0.0000,0.0000,0.0000,-0.008906,-0.019006,62.1959,0.000598,-0.014185,65.0468,0.000000,0.000000,0.0000,0.000000,0.000000,0.0000,-0.56650,-0.24805,-0.35545,0.68265,-0.29088,0.13741,-0.52898,-0.03120,0.25047,1.07849,-0.63084,0.34061,0.54704,-0.00076,-0.51923,0.38208,-2.67956,-0.01576,0.76258,-1.58521,0.05863,0.87006,-1.30949,2.94613,0.45320,0.46613,-0.03199,0.12773,0.28202,-0.00389,-0.25435,-0.00316,6.000,6.000,12.000,12.000,6.000,6.000,6.000,6.000,12.000,12.000,6.000,6.000,6.000,6.000,6.000,6.000,-0.009144,0.034034,0.004200,0.041842,0.004200,0.043446,-0.035000,0.020021,0.000829,0.015460,0.000000,1.000000,1.000000,0.000000,0.000000,0.000000,0.000000,0.138614,0.336704
3.1550,-0.00184,0.03304,0.47331,0.99195,0.04649,-0.04273,0.10980,-0.00524,0.04311,0.31654,0.31446,0.09524,0.04180,1,0.09614,0.09524,0.034726,0.00002,-0.2926,-0.0002,0.9285,0.7443,-0.4153,-20.6471,17.2180,0,0.04900,0.01900,0.0111,0.0000,-0.002893,0.044294,6.1557,4.9346,62.2870,-0.3684,-0.2291,65.0523,0.0000,0.0000,0.0000,0.0000,0.0000,0.0000,-0.008361,-0.019008,62.2139,0.001096,-0.014110,65.0523,0.000000,0.000000,0.0000,0.000000,0.000000,0.0000,-0.56652,-0.24727,-0.35624,0.68276,-0.29058,0.13619,-0.52910,-0.03044,0.24991,1.07693,-0.63512,0.34462,0.54914,-0.00076,-0.51915,0.38237,-2.68110,-0.06306,0.78006,-1.56465,0.08486,0.86712,-1.32732,2.98718,0.44341,0.45986,-0.03414,0.13114,0.28686,-0.00352,-0.25478,-0.00389,6.000,6.000,12.000,12.000,6.000,6.000,6.000,6.000,12.000,12.000,6.000,6.000,6.000,6.000,6.000,6.000,-0.009301,0.033747,0.004200,0.041797,0.004200,0.043401,-0.035000,0.019252,0.001301,0.015718,0.000000,1.000000,1.000000,0.000000,0.000000,0.000000,0.000000,0.137407,0.340607
3.1600,-0.00198,0.03266,0.47332,0.99194,0.04675,-0.04264,0.10976,-0.00535,0.04285,0.31653,0.31446,0.09513,0.04175,1,0.09580,0.09513,0.034726,0.00001,-0.2914,-0.0002,0.9249,0.7606,-0.4128,-20.7012,17.1388,0,0.04900,0.01900,0.0137,0.0000,-0.002399,0.044194,6.1320,5.0429,62.3036,-0.4656,-0.2610,65.0563,0.0000,0.0000,0.0000,0.0000,0.0000,0.0000,-0.007819,-0.019006,62.2299,0.001594,-0.014034,65.0563,0.000000,0.000000,0.0000,0.000000,0.000000,0.0000,-0.56654,-0.24646,-0.35704,0.68285,-0.29026,0.13496,-0.52922,-0.02967,0.24934,1.07532,-0.63943,0.34874,0.55130,-0.00075,-0.51910,0.38264,-2.68240,-0.11177,0.79714,-1.54438,0.11083,0.86381,-1.34557,3.02934,0.43367,0.45363,-0.03637,0.13468,0.29174,-0.00316,-0.25518,-0.00454,6.000,6.000,12.000,12.000,6.000,6.000,6.000,6.000,12.000,12.000,6.000,6.000,6.000,6.000,6.000,6.000,-0.009473,0.033456,0.004200,0.041752,0.004200,0.043356,-0.035000,0.018466,0.001816,0.015993,0.000000,1.000000,1.000000,0.000000,0.000000,0.000000,0.000000,0.136189,0.344617
3.1650,-0.00211,0.03228,0.47332,0.99194,0.04701,-0.04255,0.10971,-0.00547,0.04259,0.31651,0.31446,0.09500,0.04171,1,0.09546,0.09500,0.034726,0.00000,-0.2903,-0.0002,0.9213,0.7774,-0.4105,-20.7545,17.0603,0,0.04900,0.01900,0.0163,0.0000,-0.001905,0.044099,6.1080,5.1542,62.3187,-0.5642,-0.2922,65.0592,0.0000,0.0000,0.0000,0.0000,0.0000,0.0000,-0.007281,-0.019007,62.2444,0.002089,-0.013953,65.0592,0.000000,0.000000,0.0000,0.000000,0.000000,0.0000,-0.56656,-0.24564,-0.35786,0.68294,-0.28991,0.13371,-0.52934,-0.02889,0.24877,1.07364,-0.64379,0.35230,0.55354,-0.00075,-0.51908,0.38288,-2.68389,-0.16150,0.81377,-1.52444,0.13650,0.86053,-1.36406,3.07240,0.42409,0.44749,-0.03867,0.13833,0.29669,-0.00280,-0.25562,-0.00514,6.000,6.000,12.000,12.000,6.000,6.000,6.000,6.000,12.000,12.000,6.000,6.000,6.000,6.000,6.000,6.000,-0.009659,0.033159,0.004200,0.041708,0.004200,0.043312,-0.035000,0.017665,0.002376,0.016283,0.000000,1.000000,1.000000,0.000000,0.000000,0.000000,0.000000,0.134957,0.348738
3.1700,-0.00225,0.03190,0.47333,0.99194,0.04727,-0.04245,0.10966,-0.00559,0.04232,0.31650,0.31446,0.09486,0.04166,1,0.09511,0.09486,0.034726,-0.00000,-0.2896,-0.0002,0.9176,0.7957,-0.4067,-20.8078,16.9776,0,0.04900,0.01900,0.0209,0.0000,-0.001402,0.044047,6.0835,5.2756,62.3440,-0.7041,-0.4121,65.0299,0.0000,0.0000,0.0000,0.0000,0.0000,0.0000,-0.006749,-0.019012,62.2691,0.002578,-0.013829,65.0299,0.000000,0.000000,0.0000,0.000000,0.000000,0.0000,-0.56657,-0.24480,-0.35870,0.68303,-0.28954,0.13245,-0.52947,-0.02808,0.24818,1.07192,-0.64820,0.35453,0.55585,-0.00075,-0.51911,0.38310,-2.68605,-0.21417,0.82954,-1.50565,0.16150,0.85731,-1.38459,3.11880,0.41532,0.44237,-0.04127,0.10625,0.30212,-0.00243,-0.25652,-0.00569,6.000,6.000,12.000,12.000,6.000,6.000,6.000,6.000,12.000,12.000,6.000,6.000,6.000,6.000,6.000,6.000,-0.009867,0.032845,0.004200,0.041663,0.004200,0.043267,-0.035000,0.016814,0.002999,0.016601,0.000000,1.000000,1.000000,0.000000,0.000000,0.000000,0.000000,0.133712,0.352299
3.1750,-0.00239,0.03152,0.47333,0.99194,0.04752,-0.04235,0.10960,-0.00571,0.04206,0.31649,0.31446,0.09472,0.04162,1,0.09475,0.09472,0.034726,-0.00001,-0.2888,-0.0002,0.9138,0.8145,-0.4030,-20.8616,16.8953,0,0.04900,0.01900,0.0230,0.0000,-0.000927,0.043945,6.0584,5.4001,62.3684,-0.7942,-0.4190,65.0391,0.0000,0.0000,0.0000,0.0000,0.0000,0.0000,-0.006215,-0.019006,62.2928,0.003058,-0.013763,65.0391,0.000000,0.000000,0.0000,0.000000,0.000000,0.0000,-0.56658,-0.24393,-0.35955,0.68311,-0.28915,0.13117,-0.52961,-0.02725,0.24758,1.07014,-0.65266,0.35580,0.55824,-0.00075,-0.51917,0.38330,-2.68756,-0.26852,0.84498,-1.48701,0.18649,0.85332,-1.40570,3.16659,0.40668,0.43734,-0.04387,0.07494,0.30754,-0.00206,-0.25733,-0.00618,6.000,6.000,12.000,12.000,6.000,6.000,6.000,6.000,12.000,12.000,6.000,6.000,6.000,6.000,6.000,6.000,-0.010090,0.032526,0.004200,0.041618,0.004200,0.043222,-0.035000,0.015947,0.003670,0.016937,0.000000,1.000000,1.000000,0.000000,0.000000,0.000000,0.000000,0.132451,0.354530
3.1800,-0.00253,0.03113,0.47334,0.99193,0.04776,-0.04224,0.10955,-0.00583,0.04179,0.31647,0.31446,0.09457,0.04157,1,0.09438,0.09457,0.034725,-0.00001,-0.2880,-0.0002,0.9099,0.8335,-0.3998,-20.9166,16.8145,0,0.04900,0.01900,0.0253,0.0000,-0.000444,0.043855,6.0327,5.5260,62.3894,-0.8885,-0.4318,65.0464,0.0000,0.0000,0.0000,0.0000,0.0000,0.0000,-0.005682,-0.019004,62.3133,0.003540,-0.013681,65.0464,0.000000,0.000000,0.0000,0.000000,0.000000,0.0000,-0.56659,-0.24305,-0.36043,0.68319,-0.28873,0.12988,-0.52975,-0.02641,0.24697,1.06831,-0.65718,0.35637,0.56070,-0.00075,-0.51926,0.38348,-2.68930,-0.32334,0.86012,-1.46841,0.21143,0.84945,-1.42662,3.21475,0.39814,0.43227,-0.04643,0.05256,0.31298,-0.00170,-0.25811,-0.00662,6.000,6.000,12.000,12.000,6.000,6.000,6.000,6.000,12.000,12.000,6.000,6.000,6.000,6.000,6.000,6.000,-0.010329,0.032205,0.004200,0.041573,0.004200,0.043177,-0.035000,0.015071,0.004387,0.017288,0.000000,1.000000,1.000000,0.000000,0.000000,0.000000,0.000000,0.131175,0.355797
3.1850,-0.00268,0.03075,0.47334,0.99193,0.04801,-0.04214,0.10950,-0.00596,0.04152,0.31646,0.31446,0.09441,0.04153,1,0.09401,0.09441,0.034725,-0.00001,-0.2872,-0.0002,0.9059,0.8527,-0.3971,-20.9728,16.7348,0,0.04900,0.01900,0.0277,0.0000,0.000039,0.043766,6.0063,5.6537,62.4078,-0.9857,-0.4484,65.0523,0.0000,0.0000,0.0000,0.0000,0.0000,0.0000,-0.005151,-0.019007,62.3310,0.004023,-0.013600,65.0523,0.000000,0.000000,0.0000,0.000000,0.000000,0.0000,-0.56660,-0.24214,-0.36133,0.68325,-0.28829,0.12858,-0.52989,-0.02554,0.24634,1.06643,-0.66174,0.35648,0.56325,-0.00074,-0.51940,0.38364,-2.69141,-0.37868,0.87485,-1.45002,0.23618,0.84581,-1.44740,3.26338,0.38977,0.42723,-0.04897,0.03705,0.31847,-0.00133,-0.25889,-0.00701,6.000,6.000,12.000,12.000,6.000,6.000,6.000,6.000,12.000,12.000,6.000,6.000,6.000,6.000,6.000,6.000,-0.010585,0.031879,0.004200,0.041529,0.004200,0.043132,-0.035000,0.014185,0.005154,0.017655,0.000000,1.000000,1.000000,0.000000,0.000000,0.000000,0.000000,0.129884,0.356375
3.1900,-0.00283,0.03036,0.47335,0.99193,0.04825,-0.04203,0.10945,-0.00609,0.04125,0.31645,0.31446,0.09425,0.04148,1,0.09363,0.09425,0.034725,-0.00002,-0.2865,-0.0002,0.9018,0.8723,-0.3946,-21.0307,16.6562,0,0.04900,0.01900,0.0303,0.0000,0.000519,0.043675,5.9791,5.7836,62.4238,-1.0850,-0.4679,65.0573,0.0000,0.0000,0.0000,0.0000,0.0000,0.0000,-0.004624,-0.019005,62.3465,0.004503,-0.013521,65.0573,0.000000,0.000000,0.0000,0.000000,0.000000,0.0000,-0.56661,-0.24120,-0.36226,0.68331,-0.28780,0.12725,-0.53004,-0.02465,0.24570,1.06449,-0.66635,0.35626,0.56588,-0.00074,-0.51957,0.38379,-2.69317,-0.43533,0.88907,-1.43191,0.26066,0.84170,-1.46847,3.31308,0.38160,0.42226,-0.05148,0.02677,0.32393,-0.00098,-0.25960,-0.00734,6.000,6.000,12.000,12.000,6.000,6.000,6.000,6.000,12.000,12.000,6.000,6.000,6.000,6.000,6.000,6.000,-0.010858,0.031550,0.004200,0.041484,0.004200,0.043088,-0.035000,0.013287,0.005971,0.018039,0.000000,1.000000,1.000000,0.000000,0.000000,0.000000,0.000000,0.128577,0.356476
3.1950,-0.00299,0.02997,0.47335,0.99193,0.04849,-0.04191,0.10940,-0.00623,0.04098,0.31644,0.31446,0.09408,0.04144,1,0.09325,0.09408,0.034725,-0.00002,-0.2858,-0.0002,0.8976,0.8923,-0.3925,-21.0903,16.5782,0,0.04900,0.01900,0.0329,0.0000,0.001000,0.043594,5.9510,5.9159,62.4380,-1.1862,-0.4904,65.0611,0.0000,0.0000,0.0000,0.0000,0.0000,0.0000,-0.004100,-0.019009,62.3602,0.004980,-0.013433,65.0611,0.000000,0.000000,0.0000,0.000000,0.000000,0.0000,-0.56663,-0.24025,-0.36322,0.68336,-0.28729,0.12591,-0.53018,-0.02374,0.24503,1.06250,-0.67102,0.35584,0.56860,-0.00074,-0.51978,0.38393,-2.69537,-0.49270,0.90278,-1.41415,0.28481,0.83786,-1.48955,3.36352,0.37371,0.41742,-0.05395,0.02042,0.32946,-0.00062,-0.26035,-0.00763,6.000,6.000,12.000,12.000,6.000,6.000,6.000,6.000,12.000,12.000,6.000,6.000,6.000,6.000,6.000,6.000,-0.011148,0.031216,0.004200,0.041439,0.004200,0.043043,-0.035000,0.012375,0.006842,0.018440,0.000000,1.000000,1.000000,0.000000,0.000000,0.000000,0.000000,0.127253,0.356258
3.2000,-0.00316,0.02958,0.47336,0.99193,0.04873,-0.04180,0.10936,-0.00637,0.04070,0.31642,0.31446,0.09390,0.04139,1,0.09286,0.09390,0.034725,-0.00002,-0.2853,-0.0002,0.8932,0.9127,-0.3906,-21.1521,16.5008,0,0.04900,0.01900,0.0356,0.0000,0.001474,0.043511,5.9220,6.0509,62.4506,-1.2889,-0.5148,65.0645,0.0000,0.0000,0.0000,0.0000,0.0000,0.0000,-0.003580,-0.019004,62.3721,0.005452,-0.013349,65.0645,0.000000,0.000000,0.0000,0.000000,0.000000,0.0000,-0.56665,-0.23927,-0.36421,0.68340,-0.28674,0.12455,-0.53033,-0.02280,0.24434,1.06046,-0.67574,0.35531,0.57141,-0.00074,-0.52004,0.38405,-2.69705,-0.55176,0.91594,-1.39676,0.30863,0.83336,-1.51112,3.41537,0.36606,0.41271,-0.05639,0.01698,0.33496,-0.00028,-0.26103,-0.00786,6.000,6.000,12.000,12.000,6.000,6.000,6.000,6.000,12.000,12.000,6.000,6.000,6.000,6.000,6.000,6.000,-0.011456,0.030878,0.004200,0.041394,0.004200,0.042998,-0.035000,0.011449,0.007767,0.018860,0.000000,1.000000,1.000000,0.000000,0.000000,0.000000,0.000000,0.125911,0.355842
3.2050,-0.00333,0.02919,0.47336,0.99193,0.04897,-0.04168,0.10931,-0.00651,0.04043,0.31641,0.31446,0.09371,0.04135,1,0.09246,0.09371,0.034725,-0.00001,-0.2849,-0.0002,0.8887,0.9334,-0.3889,-21.2162,16.4235,0,0.04900,0.01900,0.0383,0.0000,0.001948,0.043440,5.8920,6.1888,62.4619,-1.3931,-0.5415,65.0666,0.0000,0.0000,0.0000,0.0000,0.0000,0.0000,-0.003066,-0.019017,62.3829,0.005918,-0.013254,65.0666,0.000000,0.000000,0.0000,0.000000,0.000000,0.0000,-0.56668,-0.23826,-0.36523,0.68342,-0.28615,0.12317,-0.53048,-0.02184,0.24363,1.05837,-0.68050,0.35473,0.57431,-0.00074,-0.52034,0.38417,-2.69991,-0.61103,0.92855,-1.37979,0.33207,0.82983,-1.53248,3.46768,0.35877,0.40822,-0.05877,0.01563,0.34063,0.00008,-0.26188,-0.00807,6.000,6.000,12.000,12.000,6.000,6.000,6.000,6.000,12.000,12.000,6.000,6.000,6.000,6.000,6.000,6.000,-0.011783,0.030534,0.004200,0.041349,0.004200,0.042953,-0.035000,0.010507,0.008749,0.019299,0.000000,1.000000,1.000000,0.000000,0.000000,0.000000,0.000000,0.124551,0.355312
3.2100,-0.00351,0.02879,0.47337,0.99192,0.04921,-0.04155,0.10927,-0.00666,0.04015,0.31640,0.31446,0.09352,0.04130,1,0.09205,0.09352,0.034725,-0.00001,-0.2845,-0.0002,0.8840,0.9547,-0.3874,-21.2830,16.3463,0,0.04900,0.01900,0.0411,0.0000,0.002410,0.043357,5.8609,6.3297,62.4720,-1.4982,-0.5687,65.0689,0.0000,0.0000,0.0000,0.0000,0.0000,0.0000,-0.002552,-0.019007,62.3923,0.006378,-0.013174,65.0689,0.000000,0.000000,0.0000,0.000000,0.000000,0.0000,-0.56672,-0.23723,-0.36628,0.68344,-0.28551,0.12177,-0.53064,-0.02086,0.24289,1.05623,-0.68532,0.35414,0.57730,-0.00074,-0.52068,0.38428,-2.70132,-0.67299,0.94063,-1.36315,0.35521,0.82470,-1.55479,3.52216,0.35169,0.40386,-0.06110,0.01579,0.34617,0.00042,-0.26254,-0.00822,6.000,6.000,12.000,12.000,6.000,6.000,6.000,6.000,12.000,12.000,6.000,6.000,6.000,6.000,6.000,6.000,-0.012130,0.030184,0.004200,0.041305,0.004200,0.042908,-0.035000,0.009548,0.009789,0.019757,0.000000,1.000000,1.000000,0.000000,0.000000,0.000000,0.000000,0.123171,0.354732
3.2150,-0.00370,0.02839,0.47338,0.99192,0.04944,-0.04143,0.10924,-0.00682,0.03987,0.31639,0.31446,0.09333,0.04126,1,0.09164,0.09333,0.034724,-0.00001,-0.2843,-0.0002,0.8791,0.9765,-0.3859,-21.3529,16.2687,0,0.04900,0.01900,0.0439,0.0000,0.002879,0.043299,5.8286,6.4739,62.4815,-1.6050,-0.5985,65.0692,0.0000,0.0000,0.0000,0.0000,0.0000,0.0000,-0.002043,-0.019008,62.4012,0.006835,-0.013069,65.0692,0.000000,0.000000,0.0000,0.000000,0.000000,0.0000,-0.56676,-0.23618,-0.36737,0.68345,-0.28484,0.12035,-0.53079,-0.01985,0.24212,1.05405,-0.69018,0.35358,0.58038,-0.00074,-0.52107,0.38438,-2.70352,-0.73571,0.95214,-1.34698,0.37795,0.82011,-1.57716,3.57756,0.34498,0.39976,-0.06334,0.01698,0.35183,0.00077,-0.26331,-0.00834,6.000,6.000,12.000,12.000,6.000,6.000,6.000,6.000,12.000,12.000,6.000,6.000,6.000,6.000,6.000,6.000,-0.012497,0.029829,0.004200,0.041260,0.004200,0.042864,-0.035000,0.008571,0.010890,0.020235,0.000000,1.000000,1.000000,0.000000,0.000000,0.000000,0.000000,0.121769,0.354144
3.2200,-0.00389,0.02799,0.47338,0.99192,0.04967,-0.04130,0.10921,-0.00698,0.03959,0.31638,0.31446,0.09313,0.04121,1,0.09122,0.09313,0.034724,-0.00000,-0.2842,-0.0002,0.8741,0.9987,-0.3846,-21.4261,16.1907,0,0.04900,0.01900,0.0467,0.0000,0.003338,0.043236,5.7950,6.6215,62.4904,-1.7128,-0.6291,65.0695,0.0000,0.0000,0.0000,0.0000,0.0000,0.0000,-0.001537,-0.019007,62.4095,0.007284,-0.012972,65.0695,0.000000,0.000000,0.0000,0.000000,0.000000,0.0000,-0.56680,-0.23509,-0.36849,0.68344,-0.28411,0.11890,-0.53095,-0.01882,0.24132,1.05182,-0.69509,0.35305,0.58357,-0.00074,-0.52150,0.38447,-2.70574,-0.79993,0.96312,-1.33123,0.40035,0.81530,-1.59993,3.63439,0.33859,0.39591,-0.06550,0.01885,0.35754,0.00111,-0.26411,-0.00843,6.000,6.000,12.000,12.000,6.000,6.000,6.000,6.000,12.000,12.000,6.000,6.000,6.000,6.000,6.000,6.000,-0.012884,0.029467,0.004200,0.041215,0.004200,0.042819,-0.035000,0.007576,0.012052,0.020733,0.000000,1.000000,1.000000,0.000000,0.000000,0.000000,0.000000,0.120345,0.353576
3.2250,-0.00410,0.02758,0.47339,0.99191,0.04991,-0.04117,0.10918,-0.00715,0.03931,0.31636,0.31446,0.09292,0.04117,1,0.09079,0.09292,0.034724,0.00000,-0.2841,-0.0002,0.8688,1.0215,-0.3833,-21.5029,16.1118,0,0.04900,0.01900,0.0497,0.0000,0.003794,0.043178,5.7601,6.7727,62.4991,-1.8219,-0.6608,65.0690,0.0000,0.0000,0.0000,0.0000,0.0000,0.0000,-0.001035,-0.019008,62.4175,0.007728,-0.012872,65.0690,0.000000,0.000000,0.0000,0.000000,0.000000,0.0000,-0.56685,-0.23398,-0.36966,0.68342,-0.28334,0.11742,-0.53111,-0.01776,0.24049,1.04956,-0.70005,0.35257,0.58685,-0.00074,-0.52198,0.38456,-2.70823,-0.86545,0.97353,-1.31593,0.42238,0.81051,-1.62299,3.69256,0.33256,0.39232,-0.06755,0.02114,0.36332,0.00146,-0.26496,-0.00849,6.000,6.000,12.000,12.000,6.000,6.000,6.000,6.000,12.000,12.000,6.000,6.000,6.000,6.000,6.000,6.000,-0.013293,0.029099,0.004200,0.041170,0.004200,0.042774,-0.035000,0.006561,0.013278,0.021253,0.000000,1.000000,1.000000,0.000000,0.000000,0.000000,0.000000,0.118897,0.353047
3.2300,-0.00431,0.02718,0.47339,0.99191,0.05014,-0.04104,0.10915,-0.00733,0.03902,0.31635,0.31446,0.09271,0.04113,1,0.09036,0.09271,0.034724,0.00001,-0.2842,-0.0002,0.8633,1.0449,-0.3820,-21.5838,16.0319,0,0.04900,0.01900,0.0526,0.0000,0.004244,0.043123,5.7237,6.9275,62.5077,-1.9323,-0.6934,65.0679,0.0000,0.0000,0.0000,0.0000,0.0000,0.0000,-0.000536,-0.019014,62.4255,0.008166,-0.012772,65.0679,0.000000,0.000000,0.0000,0.000000,0.000000,0.0000,-0.56690,-0.23284,-0.37087,0.68339,-0.28252,0.11593,-0.53128,-0.01668,0.23961,1.04726,-0.70504,0.35214,0.59023,-0.00074,-0.52251,0.38464,-2.71114,-0.93220,0.98339,-1.30109,0.44403,0.80586,-1.64630,3.75204,0.32691,0.38903,-0.06948,0.02366,0.36917,0.00182,-0.26588,-0.00852,6.000,6.000,12.000,12.000,6.000,6.000,6.000,6.000,12.000,12.000,6.000,6.000,6.000,6.000,6.000,6.000,-0.013724,0.028724,0.004200,0.041125,0.004200,0.042729,-0.035000,0.005525,0.014569,0.021795,0.000000,1.000000,1.000000,0.000000,0.000000,0.000000,0.000000,0.117425,0.352567
3.2350,-0.00453,0.02676,0.47340,0.99191,0.05037,-0.04090,0.10913,-0.00751,0.03873,0.31634,0.31446,0.09249,0.04108,1,0.08992,0.09249,0.034724,0.00002,-0.2843,-0.0002,0.8576,1.0688,-0.3807,-21.6691,15.9508,0,0.04900,0.01900,0.0556,0.0000,0.004688,0.043067,5.6858,7.0862,62.5164,-2.0437,-0.7264,65.0665,0.0000,0.0000,0.0000,0.0000,0.0000,0.0000,-0.000039,-0.019008,62.4335,0.008598,-0.012673,65.0665,0.000000,0.000000,0.0000,0.000000,0.000000,0.0000,-0.56696,-0.23168,-0.37212,0.68334,-0.28164,0.11440,-0.53144,-0.01557,0.23870,1.04493,-0.71008,0.35177,0.59371,-0.00073,-0.52309,0.38472,-2.71344,-1.00121,0.99270,-1.28668,0.46535,0.80032,-1.67032,3.81356,0.32160,0.38601,-0.07128,0.02629,0.37500,0.00216,-0.26674,-0.00852,6.000,6.000,12.000,12.000,6.000,6.000,6.000,6.000,12.000,12.000,6.000,6.000,6.000,6.000,6.000,6.000,-0.014176,0.028342,0.004200,0.041081,0.004200,0.042684,-0.035000,0.004469,0.015928,0.022359,0.000000,1.000000,1.000000,0.000000,0.000000,0.000000,0.000000,0.115926,0.352142
3.2400,-0.00476,0.02635,0.47341,0.99190,0.05060,-0.04077,0.10910,-0.00770,0.03844,0.31633,0.31446,0.09227,0.04104,1,0.08948,0.09227,0.034724,0.00002,-0.2846,-0.0002,0.8516,1.0933,-0.3793,-21.7591,15.8682,0,0.04900,0.01900,0.0586,0.0000,0.005133,0.043026,5.6463,7.2488,62.5257,-2.1568,-0.7611,65.0637,0.0000,0.0000,0.0000,0.0000,0.0000,0.0000,0.000454,-0.019007,62.4421,0.009025,-0.012562,65.0637,0.000000,0.000000,0.0000,0.000000,0.000000,0.0000,-0.56702,-0.23048,-0.37342,0.68328,-0.28071,0.11285,-0.53161,-0.01443,0.23774,1.04258,-0.71514,0.35145,0.59730,-0.00073,-0.52372,0.38480,-2.71634,-1.07144,1.00142,-1.27281,0.48623,0.79503,-1.69458,3.87647,0.31672,0.38335,-0.07291,0.02894,0.38093,0.00252,-0.26771,-0.00850,6.000,6.000,12.000,12.000,6.000,6.000,6.000,6.000,12.000,12.000,6.000,6.000,6.000,6.000,6.000,6.000,-0.014652,0.027953,0.004200,0.041036,0.004200,0.042640,-0.035000,0.003391,0.017355,0.022947,0.000000,1.000000,1.000000,0.000000,0.000000,0.000000,0.000000,0.114400,0.351770
3.2450,-0.00501,0.02593,0.47341,0.99190,0.05083,-0.04063,0.10909,-0.00790,0.03814,0.31632,0.31446,0.09204,0.04099,1,0.08903,0.09204,0.034724,0.00003,-0.2849,-0.0002,0.8454,1.1185,-0.3778,-21.8543,15.7838,0,0.04900,0.01900,0.0617,0.0000,0.005570,0.042985,5.6051,7.4155,62.5357,-2.2712,-0.7963,65.0607,0.0000,0.0000,0.0000,0.0000,0.0000,0.0000,0.000944,-0.019004,62.4515,0.009445,-0.012453,65.0607,0.000000,0.000000,0.0000,0.000000,0.000000,0.0000,-0.56708,-0.22926,-0.37477,0.68319,-0.27972,0.11126,-0.53178,-0.01327,0.23674,1.04021,-0.72024,0.35118,0.60099,-0.00073,-0.52440,0.38488,-2.71931,-1.14344,1.00955,-1.25945,0.50672,0.78946,-1.71930,3.94117,0.31227,0.38103,-0.07437,0.03154,0.38691,0.00288,-0.26872,-0.00846,6.000,6.000,12.000,12.000,6.000,6.000,6.000,6.000,12.000,12.000,6.000,6.000,6.000,6.000,6.000,6.000,-0.015152,0.027556,0.004200,0.040991,0.004200,0.042595,-0.035000,0.002291,0.018853,0.023558,0.000000,1.000000,1.000000,0.000000,0.000000,0.000000,0.000000,0.112847,0.351453
3.2500,-0.00526,0.02550,0.47342,0.99190,0.05107,-0.04048,0.10907,-0.00811,0.03785,0.31631,0.31446,0.09250,0.04095,1,0.08858,0.09250,0.034724,0.00004,-0.2852,-0.0002,0.8389,1.1443,-0.3761,-21.9551,15.6973,0,0.04900,0.01900,0.0648,0.0000,0.006003,0.042949,5.5622,7.5864,62.5467,-2.3872,-0.8325,65.0569,0.0000,0.0000,0.0000,0.0000,0.0000,0.0000,0.001428,-0.019012,62.4618,0.009859,-0.012341,65.0569,0.000000,0.000000,0.0000,0.000000,0.000000,0.0000,-0.56715,-0.22801,-0.37616,0.68309,-0.27866,0.10965,-0.53196,-0.01208,0.23568,1.03782,-0.72536,0.35096,0.60478,-0.00073,-0.52514,0.38496,-2.72324,-1.21643,1.01703,-1.24670,0.52672,0.78445,-1.74412,4.00715,0.30834,0.37913,-0.07563,0.03405,0.39302,0.00325,-0.26988,-0.00841,6.000,6.000,12.000,12.000,6.000,6.000,6.000,6.000,12.000,12.000,6.000,6.000,6.000,6.000,6.000,6.000,-0.015675,0.027152,0.004200,0.040946,0.004200,0.042550,-0.035000,0.001167,0.020424,0.024193,0.000000,1.000000,1.000000,0.000000,0.000000,0.000000,0.000000,0.111263,0.351185
3.2550,-0.00553,0.02508,0.47342,0.99189,0.05130,-0.04034,0.10906,-0.00832,0.03755,0.31630,0.31446,0.09300,0.04090,1,0.08812,0.09300,0.034725,0.00005,-0.2857,-0.0002,0.8322,1.1707,-0.3743,-22.0618,15.6086,0,0.04900,0.01900,0.0679,0.0000,0.006425,0.042909,5.5173,7.7617,62.5587,-2.5043,-0.8688,65.0530,0.0000,0.0000,0.0000,0.0000,0.0000,0.0000,0.001912,-0.019002,62.4732,0.010264,-0.012236,65.0530,0.000000,0.000000,0.0000,0.000000,0.000000,0.0000,-0.56723,-0.22672,-0.37762,0.68297,-0.27754,0.10801,-0.53214,-0.01086,0.23457,1.03542,-0.73050,0.35078,0.60869,-0.00073,-0.52593,0.38504,-2.72629,-1.29217,1.02394,-1.23443,0.54635,0.77819,-1.76981,4.07565,0.30482,0.37758,-0.07669,0.03649,0.39907,0.00362,-0.27095,-0.00833,6.000,6.000,12.000,12.000,6.000,6.000,6.000,6.000,12.000,12.000,6.000,6.000,6.000,6.000,6.000,6.000,-0.016224,0.026739,0.004200,0.040901,0.004200,0.042505,-0.035000,0.000019,0.022070,0.024853,0.000000,1.000000,1.000000,0.000000,0.000000,0.000000,0.000000,0.109650,0.350962
3.2600,-0.00581,0.02464,0.47343,0.99189,0.05154,-0.04019,0.10905,-0.00855,0.03724,0.31629,0.31446,0.09350,0.04086,1,0.08766,0.09350,0.034725,0.00006,-0.2863,-0.0002,0.8251,1.1978,-0.3722,-22.1749,15.5173,0,0.04900,0.01900,0.0711,0.0000,0.006851,0.042889,5.4705,7.9414,62.5725,-2.6234,-0.9069,65.0474,0.0000,0.0000,0.0000,0.0000,0.0000,0.0000,0.002388,-0.019006,62.4862,0.010665,-0.012113,65.0474,0.000000,0.000000,0.0000,0.000000,0.000000,0.0000,-0.56731,-0.22541,-0.37912,0.68283,-0.27634,0.10633,-0.53233,-0.00962,0.23340,1.03302,-0.73565,0.35064,0.61270,-0.00073,-0.52678,0.38512,-2.73060,-1.36881,1.03012,-1.22291,0.56540,0.77272,-1.79553,4.14546,0.30190,0.37652,-0.07751,0.03880,0.40530,0.00400,-0.27223,-0.00825,6.000,6.000,12.000,12.000,6.000,6.000,6.000,6.000,12.000,12.000,6.000,6.000,6.000,6.000,6.000,6.000,-0.016798,0.026319,0.004200,0.040857,0.004200,0.042461,-0.035000,-0.001154,0.023793,0.025539,0.000000,1.000000,1.000000,0.000000,0.000000,0.000000,0.000000,0.108005,0.350781
3.2650,-0.00610,0.02421,0.47343,0.99188,0.05177,-0.04004,0.10904,-0.00879,0.03694,0.31627,0.31446,0.09400,0.04081,1,0.08719,0.09400,0.034725,0.00007,-0.2869,-0.0002,0.8177,1.2256,-0.3699,-22.2950,15.4231,0,0.04900,0.01900,0.0744,0.0000,0.007263,0.042861,5.4216,8.1257,62.5879,-2.7438,-0.9450,65.0420,0.0000,0.0000,0.0000,0.0000,0.0000,0.0000,0.002860,-0.019004,62.5009,0.011056,-0.012001,65.0420,0.000000,0.000000,0.0000,0.000000,0.000000,0.0000,-0.56739,-0.22406,-0.38069,0.68267,-0.27508,0.10462,-0.53252,-0.00835,0.23216,1.03062,-0.74080,0.35052,0.61682,-0.00073,-0.52770,0.38520,-2.73488,-1.44755,1.03563,-1.21200,0.58395,0.76676,-1.82179,4.21743,0.29953,0.37592,-0.07808,0.04102,0.41156,0.00439,-0.27353,-0.00815,6.000,6.000,12.000,12.000,6.000,6.000,6.000,6.000,12.000,12.000,6.000,6.000,6.000,6.000,6.000,6.000,-0.017398,0.025889,0.004200,0.040812,0.004200,0.042416,-0.035000,-0.002352,0.025594,0.026252,0.000000,1.000000,1.000000,0.000000,0.000000,0.000000,0.000000,0.106328,0.350635
3.2700,-0.00641,0.02376,0.47343,0.99187,0.05201,-0.03988,0.10904,-0.00903,0.03662,0.31626,0.31446,0.09451,0.04077,1,0.08672,0.09451,0.034725,0.00007,-0.2877,-0.0002,0.8100,1.2541,-0.3673,-22.4224,15.3256,0,0.04900,0.01900,0.0777,0.0000,0.007671,0.042842,5.3705,8.3147,62.6054,-2.8659,-0.9842,65.0355,0.0000,0.0000,0.0000,0.0000,0.0000,0.0000,0.003326,-0.019005,62.5178,0.011439,-0.011882,65.0355,0.000000,0.000000,0.0000,0.000000,0.000000,0.0000,-0.56747,-0.22268,-0.38231,0.68249,-0.27374,0.10287,-0.53271,-0.00704,0.23086,1.02824,-0.74595,0.35043,0.62105,-0.00073,-0.52867,0.38528,-2.73972,-1.52797,1.04039,-1.20185,0.60192,0.76084,-1.84839,4.29131,0.29779,0.37584,-0.07837,0.04314,0.41791,0.00479,-0.27495,-0.00805,6.000,6.000,12.000,12.000,6.000,6.000,6.000,6.000,12.000,12.000,6.000,6.000,6.000,6.000,6.000,6.000,-0.018026,0.025451,0.004200,0.040767,0.004200,0.042371,-0.035000,-0.003576,0.027476,0.026991,0.000000,1.000000,1.000000,0.000000,0.000000,0.000000,0.000000,0.104616,0.350522
3.2750,-0.00673,0.02331,0.47344,0.99187,0.05226,-0.03972,0.10904,-0.00929,0.03631,0.31625,0.31446,0.09502,0.04072,1,0.08625,0.09502,0.034725,0.00009,-0.2886,-0.0002,0.8020,1.2833,-0.3643,-22.5577,15.2246,0,0.04900,0.01900,0.0810,0.0000,0.008070,0.042827,5.3172,8.5085,62.6253,-2.9896,-1.0241,65.0282,0.0000,0.0000,0.0000,0.0000,0.0000,0.0000,0.003787,-0.019003,62.5370,0.011813,-0.011764,65.0282,0.000000,0.000000,0.0000,0.000000,0.000000,0.0000,-0.56756,-0.22127,-0.38400,0.68228,-0.27231,0.10109,-0.53291,-0.00571,0.22948,1.02587,-0.75110,0.35037,0.62539,-0.00072,-0.52970,0.38536,-2.74487,-1.61037,1.04439,-1.19246,0.61928,0.75468,-1.87544,4.36736,0.29670,0.37629,-0.07836,0.04518,0.42432,0.00519,-0.27645,-0.00793,6.000,6.000,12.000,12.000,6.000,6.000,6.000,6.000,12.000,12.000,6.000,6.000,6.000,6.000,6.000,6.000,-0.018681,0.025004,0.004200,0.040722,0.004200,0.042326,-0.035000,-0.004828,0.029441,0.027759,0.000000,1.000000,1.000000,0.000000,0.000000,0.000000,0.000000,0.102871,0.350435
3.2800,-0.00707,0.02286,0.47344,0.99186,0.05250,-0.03956,0.10904,-0.00956,0.03599,0.31624,0.31446,0.09553,0.04068,1,0.08578,0.09553,0.034726,0.00010,-0.2896,-0.0002,0.7936,1.3133,-0.3608,-22.7015,15.1197,0,0.04900,0.01900,0.0844,0.0000,0.008462,0.042819,5.2615,8.7073,62.6480,-3.1150,-1.0650,65.0200,0.0000,0.0000,0.0000,0.0000,0.0000,0.0000,0.004240,-0.019004,62.5589,0.012177,-0.011641,65.0200,0.000000,0.000000,0.0000,0.000000,0.000000,0.0000,-0.56766,-0.21983,-0.38576,0.68204,-0.27081,0.09927,-0.53312,-0.00435,0.22803,1.02352,-0.75622,0.35033,0.62985,-0.00072,-0.53080,0.38545,-2.75063,-1.69453,1.04757,-1.18392,0.63596,0.74855,-1.90283,4.44547,0.29634,0.37736,-0.07803,0.04714,0.43084,0.00561,-0.27807,-0.00781,6.000,6.000,12.000,12.000,6.000,6.000,6.000,6.000,12.000,12.000,6.000,6.000,6.000,6.000,6.000,6.000,-0.019364,0.024548,0.004200,0.040678,0.004200,0.042281,-0.035000,-0.006107,0.031490,0.028555,0.000000,1.000000,1.000000,0.000000,0.000000,0.000000,0.000000,0.101089,0.350372
3.2850,-0.00742,0.02240,0.47344,0.99185,0.05275,-0.03940,0.10904,-0.00984,0.03567,0.31623,0.31446,0.09606,0.04063,1,0.08530,0.09606,0.034726,0.00011,-0.2908,-0.0002,0.7848,1.3441,-0.3569,-22.8544,15.0105,0,0.04900,0.01900,0.0878,0.0000,0.008844,0.042814,5.2034,8.9113,62.6739,-3.2419,-1.1065,65.0110,0.0000,0.0000,0.0000,0.0000,0.0000,0.0000,0.004685,-0.019006,62.5841,0.012530,-0.011519,65.0110,0.000000,0.000000,0.0000,0.000000,0.000000,0.0000,-0.56775,-0.21835,-0.38758,0.68177,-0.26921,0.09741,-0.53333,-0.00296,0.22650,1.02121,-0.76131,0.35030,0.63442,-0.00072,-0.53196,0.38554,-2.75706,-1.78050,1.04987,-1.17630,0.65190,0.74244,-1.93056,4.52573,0.29677,0.37906,-0.07736,0.04903,0.43747,0.00604,-0.27984,-0.00769,6.000,6.000,12.000,12.000,6.000,6.000,6.000,6.000,12.000,12.000,6.000,6.000,6.000,6.000,6.000,6.000,-0.020076,0.024082,0.004200,0.040633,0.004200,0.042237,-0.035000,-0.007415,0.033627,0.029381,0.000000,1.000000,1.000000,0.000000,0.000000,0.000000,0.000000,0.099270,0.350328
3.2900,-0.00778,0.02193,0.47344,0.99185,0.05300,-0.03923,0.10905,-0.01014,0.03534,0.31622,0.31446,0.09659,0.04059,1,0.08482,0.09659,0.034727,0.00012,-0.2921,-0.0002,0.7757,1.3756,-0.3525,-23.0169,14.8965,0,0.04900,0.01900,0.0913,0.0000,0.009215,0.042813,5.1428,9.1204,62.7032,-3.3705,-1.1487,65.0011,0.0000,0.0000,0.0000,0.0000,0.0000,0.0000,0.005121,-0.019009,62.6126,0.012872,-0.011397,65.0011,0.000000,0.000000,0.0000,0.000000,0.000000,0.0000,-0.56785,-0.21684,-0.38948,0.68147,-0.26753,0.09552,-0.53354,-0.00154,0.22487,1.01895,-0.76637,0.35029,0.63910,-0.00072,-0.53320,0.38564,-2.76401,-1.86849,1.05127,-1.16965,0.66706,0.73620,-1.95869,4.60831,0.29801,0.38146,-0.07632,0.05088,0.44418,0.00648,-0.28174,-0.00756,6.000,6.000,12.000,12.000,6.000,6.000,6.000,6.000,12.000,12.000,6.000,6.000,6.000,6.000,6.000,6.000,-0.020818,0.023607,0.004200,0.040588,0.004200,0.042192,-0.035000,-0.008752,0.035853,0.030236,0.000000,1.000000,1.000000,0.000000,0.000000,0.000000,0.000000,0.097413,0.350301
3.2950,-0.00817,0.02146,0.47344,0.99184,0.05326,-0.03906,0.10906,-0.01044,0.03501,0.31621,0.31446,0.09713,0.04054,1,0.08435,0.09713,0.034727,0.00014,-0.2935,-0.0002,0.7661,1.4080,-0.3475,-23.1897,14.7774,0,0.04900,0.01900,0.0948,0.0000,0.009576,0.042819,5.0794,9.3349,62.7365,-3.5006,-1.1918,64.9901,0.0000,0.0000,0.0000,0.0000,0.0000,0.0000,0.005549,-0.019004,62.6452,0.013201,-0.011274,64.9901,0.000000,0.000000,0.0000,0.000000,0.000000,0.0000,-0.56796,-0.21530,-0.39145,0.68114,-0.26575,0.09358,-0.53377,-0.00009,0.22316,1.01674,-0.77138,0.35029,0.64390,-0.00072,-0.53451,0.38574,-2.77118,-1.95891,1.05175,-1.16398,0.68144,0.72946,-1.98739,4.69358,0.30010,0.38456,-0.07489,0.05270,0.45096,0.00693,-0.28372,-0.00742,6.000,6.000,12.000,12.000,6.000,6.000,6.000,6.000,12.000,12.000,6.000,6.000,6.000,6.000,6.000,6.000,-0.021590,0.023121,0.004200,0.040543,0.004200,0.042147,-0.035000,-0.010120,0.038170,0.031123,0.000000,1.000000,1.000000,0.000000,0.000000,0.000000,0.000000,0.095518,0.350288
3.3000,-0.00857,0.02098,0.47343,0.99183,0.05353,-0.03888,0.10907,-0.01076,0.03468,0.31620,0.31446,0.09768,0.04050,1,0.08387,0.09768,0.034728,0.00015,-0.2951,-0.0002,0.7562,1.4412,-0.3418,-23.3736,14.6527,0,0.04900,0.01900,0.0984,0.0000,0.009928,0.042836,5.0134,9.5550,62.7744,-3.6326,-1.2361,64.9775,0.0000,0.0000,0.0000,0.0000,0.0000,0.0000,0.005965,-0.019007,62.6823,0.013518,-0.011142,64.9775,0.000000,0.000000,0.0000,0.000000,0.000000,0.0000,-0.56807,-0.21372,-0.39350,0.68078,-0.26386,0.09160,-0.53399,0.00139,0.22134,1.01459,-0.77633,0.35029,0.64882,-0.00072,-0.53589,0.38584,-2.77951,-2.05098,1.05116,-1.15952,0.69481,0.72309,-2.01629,4.78106,0.30320,0.38849,-0.07304,0.05449,0.45790,0.00740,-0.28592,-0.00729,6.000,6.000,12.000,12.000,6.000,6.000,6.000,6.000,12.000,12.000,6.000,6.000,6.000,6.000,6.000,6.000,-0.022394,0.022625,0.004200,0.040498,0.004200,0.042102,-0.035000,-0.011519,0.040580,0.032042,0.000000,1.000000,1.000000,0.000000,0.000000,0.000000,0.000000,0.093581,0.350286
3.3050,-0.00898,0.02049,0.47343,0.99182,0.05380,-0.03870,0.10908,-0.01109,0.03434,0.31619,0.31446,0.09824,0.04045,1,0.08340,0.09824,0.034728,0.00017,-0.2969,-0.0002,0.7458,1.4752,-0.3353,-23.5693,14.5218,0,0.04900,0.01900,0.1021,0.0000,0.010264,0.042854,4.9444,9.7807,62.8173,-3.7659,-1.2811,64.9642,0.0000,0.0000,0.0000,0.0000,0.0000,0.0000,0.006370,-0.019003,62.7244,0.013819,-0.011016,64.9642,0.000000,0.000000,0.0000,0.000000,0.000000,0.0000,-0.56819,-0.21211,-0.39563,0.68037,-0.26188,0.08958,-0.53423,0.00290,0.21942,1.01251,-0.78120,0.35031,0.65385,-0.00071,-0.53735,0.38595,-2.78816,-2.14559,1.04955,-1.15619,0.70727,0.71621,-2.04575,4.87142,0.30728,0.39324,-0.07075,0.05627,0.46491,0.00788,-0.28824,-0.00715,6.000,6.000,12.000,12.000,6.000,6.000,6.000,6.000,12.000,12.000,6.000,6.000,6.000,6.000,6.000,6.000,-0.023229,0.022118,0.004200,0.040454,0.004200,0.042057,-0.035000,-0.012949,0.043086,0.032993,0.000000,1.000000,1.000000,0.000000,0.000000,0.000000,0.000000,0.091603,0.350294
3.3100,-0.00942,0.02000,0.47342,0.99181,0.05408,-0.03852,0.10910,-0.01144,0.03400,0.31618,0.31446,0.09882,0.04041,1,0.08292,0.09882,0.034729,0.00018,-0.2989,-0.0002,0.7349,1.5102,-0.3280,-23.7777,14.3844,0,0.04900,0.01900,0.1058,0.0000,0.010589,0.042884,4.8725,10.0123,62.8658,-3.9010,-1.3273,64.9491,0.0000,0.0000,0.0000,0.0000,0.0000,0.0000,0.006761,-0.019007,62.7721,0.014105,-0.010882,64.9491,0.000000,0.000000,0.0000,0.000000,0.000000,0.0000,-0.56831,-0.21046,-0.39785,0.67993,-0.25978,0.08752,-0.53447,0.00444,0.21739,1.01053,-0.78599,0.35033,0.65901,-0.00071,-0.53889,0.38607,-2.79812,-2.24191,1.04671,-1.15427,0.71857,0.70976,-2.07540,4.96416,0.31252,0.39896,-0.06797,0.05805,0.47211,0.00838,-0.29081,-0.00702,6.000,6.000,12.000,12.000,6.000,6.000,6.000,6.000,12.000,12.000,6.000,6.000,6.000,6.000,6.000,6.000,-0.024097,0.021600,0.004200,0.040409,0.004200,0.042013,-0.035000,-0.014413,0.045691,0.033978,0.000000,1.000000,1.000000,0.000000,0.000000,0.000000,0.000000,0.089582,0.350310
3.3150,-0.00987,0.01949,0.47341,0.99180,0.05435,-0.03833,0.10912,-0.01180,0.03365,0.31616,0.31446,0.09941,0.04036,1,0.08245,0.09941,0.034730,0.00018,-0.3011,-0.0002,0.7236,1.5460,-0.3198,-23.9995,14.2398,0,0.04900,0.01900,0.1263,0.0000,0.011680,0.042803,4.7976,10.2499,62.9203,-4.7153,-1.4340,65.0508,0.0000,0.0000,0.0000,0.0000,0.0000,0.0000,0.007137,-0.019008,62.8259,0.015149,-0.010587,65.0508,0.000000,0.000000,0.0000,0.000000,0.000000,0.0000,-0.56843,-0.20875,-0.40014,0.67946,-0.25759,0.08540,-0.53472,0.00604,0.21531,1.00837,-0.78962,0.35036,0.66429,-0.00071,-0.54050,0.38618,-2.80878,-2.34064,1.04270,-1.15372,0.72873,0.70306,-2.10550,5.05982,0.31891,0.40565,-0.06468,0.05982,0.47942,0.00890,-0.29356,-0.00689,6.000,6.000,12.000,12.000,6.000,6.000,6.000,6.000,12.000,12.000,6.000,6.000,6.000,6.000,6.000,6.000,-0.024999,0.021071,0.004200,0.040364,0.004200,0.041968,-0.035000,-0.015911,0.048395,0.034996,0.000000,1.000000,1.000000,0.000000,0.000000,0.000000,0.000000,0.087517,0.350332
3.3200,-0.01035,0.01898,0.47341,0.99179,0.05462,-0.03814,0.10915,-0.01218,0.03329,0.31615,0.31446,0.10000,0.04032,1,0.08198,0.10000,0.034730,0.00020,-0.3019,-0.0002,0.7118,1.5833,-0.3174,-23.9806,14.1467,0,0.04900,0.01900,0.1277,0.0000,0.011880,0.042833,4.7191,10.4971,62.9358,-4.7698,-1.4417,65.0277,0.0000,0.0000,0.0000,0.0000,0.0000,0.0000,0.007535,-0.019004,62.8405,0.015317,-0.010498,65.0277,0.000000,0.000000,0.0000,0.000000,0.000000,0.0000,-0.56856,-0.20697,-0.40250,0.67895,-0.25528,0.08322,-0.53496,0.00770,0.21320,1.00599,-0.79177,0.35039,0.66970,-0.00071,-0.54218,0.38629,-2.81840,-2.44323,1.04127,-1.15059,0.73896,0.69461,-2.13279,5.15205,0.31997,0.39688,-0.01804,0.06141,0.48591,0.00926,-0.29462,-0.00698,6.000,6.000,12.000,12.000,6.000,6.000,6.000,6.000,12.000,12.000,6.000,6.000,6.000,6.000,6.000,6.000,-0.026023,0.020525,0.004200,0.040319,0.004200,0.041923,-0.035000,-0.017461,0.051467,0.036128,0.000000,1.000000,1.000000,0.000000,0.000000,0.000000,0.000000,0.085397,0.350358
3.3250,-0.01084,0.01846,0.47340,0.99178,0.05489,-0.03794,0.10919,-0.01258,0.03293,0.31614,0.31446,0.10057,0.04027,1,0.08152,0.10057,0.034731,0.00023,-0.3042,-0.0002,0.6994,1.6211,-0.3133,-24.0604,14.0241,0,0.04900,0.01900,0.1278,0.0000,0.012018,0.042909,4.6370,10.7476,62.9633,-4.7624,-1.4613,64.9888,0.0000,0.0000,0.0000,0.0000,0.0000,0.0000,0.007955,-0.019006,62.8673,0.015410,-0.010387,64.9888,0.000000,0.000000,0.0000,0.000000,0.000000,0.0000,-0.56869,-0.20515,-0.40494,0.67840,-0.25286,0.08098,-0.53520,0.00942,0.21102,1.00351,-0.79288,0.35042,0.67523,-0.00071,-0.54393,0.38641,-2.82950,-2.54696,1.03940,-1.14758,0.75045,0.68685,-2.16181,5.24814,0.32382,0.39406,0.01585,0.06305,0.49291,0.00972,-0.29645,-0.00706,6.000,6.000,12.000,12.000,6.000,6.000,6.000,6.000,12.000,12.000,6.000,6.000,6.000,6.000,6.000,6.000,-0.027064,0.019971,0.004200,0.040274,0.004200,0.041878,-0.035000,-0.019032,0.054590,0.037278,0.000000,1.000000,1.000000,0.000000,0.000000,0.000000,0.000000,0.083218,0.350388
3.3300,-0.01135,0.01793,0.47338,0.99177,0.05517,-0.03774,0.10922,-0.01300,0.03257,0.31613,0.31446,0.10116,0.04023,1,0.08106,0.10116,0.034732,0.00026,-0.3073,-0.0002,0.6864,1.6595,-0.3067,-24.2207,13.8773,0,0.04900,0.01900,0.1287,0.0000,0.012204,0.042967,4.5511,11.0023,63.0069,-4.7864,-1.4901,64.9438,0.0000,0.0000,0.0000,0.0000,0.0000,0.0000,0.008368,-0.019007,62.9101,0.015554,-0.010276,64.9438,0.000000,0.000000,0.0000,0.000000,0.000000,0.0000,-0.56883,-0.20327,-0.40747,0.67779,-0.25032,0.07870,-0.53546,0.01117,0.20875,1.00102,-0.79326,0.35046,0.68089,-0.00071,-0.54577,0.38652,-2.84185,-2.65253,1.03604,-1.14624,0.76140,0.67929,-2.19245,5.34851,0.33044,0.39628,0.04011,0.06473,0.50032,0.01026,-0.29899,-0.00712,6.000,6.000,12.000,12.000,6.000,6.000,6.000,6.000,12.000,12.000,6.000,6.000,6.000,6.000,6.000,6.000,-0.028125,0.019409,0.004200,0.040230,0.004200,0.041833,-0.035000,-0.020628,0.057773,0.038450,0.000000,1.000000,1.000000,0.000000,0.000000,0.000000,0.000000,0.080985,0.350422
3.3350,-0.01189,0.01739,0.47337,0.99175,0.05546,-0.03753,0.10926,-0.01343,0.03220,0.31612,0.31446,0.10175,0.04018,1,0.08060,0.10175,0.034733,0.00029,-0.3110,-0.0002,0.6729,1.6986,-0.2974,-24.4462,13.7101,0,0.04900,0.01900,0.1303,0.0000,0.012408,0.043026,4.4614,11.2620,63.0683,-4.8370,-1.5268,64.8971,0.0000,0.0000,0.0000,0.0000,0.0000,0.0000,0.008756,-0.019001,62.9707,0.015714,-0.010159,64.8971,0.000000,0.000000,0.0000,0.000000,0.000000,0.0000,-0.56898,-0.20136,-0.41009,0.67712,-0.24765,0.07636,-0.53573,0.01296,0.20636,0.99861,-0.79317,0.35050,0.68666,-0.00071,-0.54771,0.38664,-2.85533,-2.76047,1.03063,-1.14739,0.77076,0.67163,-2.22458,5.45341,0.33971,0.40276,0.05732,0.06646,0.50811,0.01085,-0.30217,-0.00717,6.000,6.000,12.000,12.000,6.000,6.000,6.000,6.000,12.000,12.000,6.000,6.000,6.000,6.000,6.000,6.000,-0.029210,0.018837,0.004200,0.040185,0.004200,0.041789,-0.035000,-0.022255,0.061029,0.039648,0.000000,1.000000,1.000000,0.000000,0.000000,0.000000,0.000000,0.078699,0.350459
3.3400,-0.01245,0.01685,0.47335,0.99174,0.05576,-0.03732,0.10931,-0.01388,0.03182,0.31610,0.31446,0.10236,0.04014,1,0.08015,0.10236,0.034735,0.00032,-0.3150,-0.0002,0.6588,1.7387,-0.2854,-24.7254,13.5253,0,0.04900,0.01900,0.1325,0.0000,0.012609,0.043096,4.3680,11.5274,63.1478,-4.9092,-1.5705,64.8510,0.0000,0.0000,0.0000,0.0000,0.0000,0.0000,0.009105,-0.019005,63.0495,0.015868,-0.010033,64.8510,0.000000,0.000000,0.0000,0.000000,0.000000,0.0000,-0.56913,-0.19941,-0.41281,0.67638,-0.24483,0.07398,-0.53601,0.01478,0.20382,0.99634,-0.79278,0.35054,0.69257,-0.00070,-0.54974,0.38676,-2.87096,-2.87010,1.02265,-1.15173,0.77769,0.66472,-2.25758,5.56225,0.35174,0.41301,0.06949,0.06823,0.51635,0.01151,-0.30607,-0.00721,6.000,6.000,12.000,12.000,6.000,6.000,6.000,6.000,12.000,12.000,6.000,6.000,6.000,6.000,6.000,6.000,-0.030323,0.018254,0.004200,0.040140,0.004200,0.041744,-0.035000,-0.023915,0.064366,0.040875,0.000000,1.000000,1.000000,0.000000,0.000000,0.000000,0.000000,0.076364,0.350498
3.3450,-0.01302,0.01629,0.47333,0.99173,0.05607,-0.03709,0.10935,-0.01435,0.03144,0.31609,0.31446,0.10300,0.04010,1,0.07971,0.10300,0.034736,0.00035,-0.3193,-0.0002,0.6441,1.7797,-0.2708,-25.0501,13.3242,0,0.04900,0.01900,0.1351,0.0000,0.012786,0.043169,4.2707,11.7992,63.2450,-4.9979,-1.6192,64.8075,0.0000,0.0000,0.0000,0.0000,0.0000,0.0000,0.009414,-0.019005,63.1459,0.015997,-0.009912,64.8075,0.000000,0.000000,0.0000,0.000000,0.000000,0.0000,-0.56929,-0.19743,-0.41563,0.67557,-0.24187,0.07154,-0.53631,0.01662,0.20112,0.99426,-0.79220,0.35058,0.69861,-0.00070,-0.55189,0.38688,-2.88805,-2.98230,1.01207,-1.15930,0.78199,0.65780,-2.29153,5.67550,0.36637,0.42655,0.07812,0.07005,0.52492,0.01221,-0.31054,-0.00724,6.000,6.000,12.000,12.000,6.000,6.000,6.000,6.000,12.000,12.000,6.000,6.000,6.000,6.000,6.000,6.000,-0.031465,0.017659,0.004200,0.040095,0.004200,0.041699,-0.035000,-0.025611,0.067794,0.042135,0.000000,1.000000,1.000000,0.000000,0.000000,0.000000,0.000000,0.073977,0.350540
3.3500,-0.01363,0.01572,0.47330,0.99171,0.05640,-0.03686,0.10940,-0.01484,0.03105,0.31608,0.31446,0.10367,0.04005,1,0.07928,0.10367,0.034737,0.00039,-0.3239,-0.0002,0.6289,1.8217,-0.2535,-25.4143,13.1077,0,0.04900,0.01900,0.1381,0.0000,0.012934,0.043258,4.1694,12.0777,63.3595,-5.0997,-1.6723,64.7657,0.0000,0.0000,0.0000,0.0000,0.0000,0.0000,0.009677,-0.019007,63.2595,0.016095,-0.009786,64.7657,0.000000,0.000000,0.0000,0.000000,0.000000,0.0000,-0.56945,-0.19542,-0.41857,0.67468,-0.23875,0.06905,-0.53663,0.01848,0.19824,0.99244,-0.79154,0.35063,0.70478,-0.00070,-0.55416,0.38702,-2.90699,-3.09691,0.99873,-1.17031,0.78335,0.65118,-2.32613,5.79298,0.38364,0.44311,0.08434,0.07192,0.53384,0.01295,-0.31560,-0.00725,6.000,6.000,12.000,12.000,6.000,6.000,6.000,6.000,12.000,12.000,6.000,6.000,6.000,6.000,6.000,6.000,-0.032640,0.017050,0.004200,0.040050,0.004200,0.041654,-0.035000,-0.027346,0.071318,0.043430,0.000000,1.000000,1.000000,0.000000,0.000000,0.000000,0.000000,0.071541,0.350585
3.3550,-0.01425,0.01514,0.47327,0.99169,0.05675,-0.03663,0.10945,-0.01535,0.03065,0.31606,0.31446,0.10438,0.04001,1,0.07885,0.10438,0.034739,0.00042,-0.3286,-0.0002,0.6130,1.8648,-0.2337,-25.8142,12.8761,0,0.04900,0.01900,0.1414,0.0000,0.013046,0.043360,4.0642,12.3635,63.4907,-5.2110,-1.7290,64.7256,0.0000,0.0000,0.0000,0.0000,0.0000,0.0000,0.009892,-0.019016,63.3899,0.016152,-0.009661,64.7256,0.000000,0.000000,0.0000,0.000000,0.000000,0.0000,-0.56963,-0.19338,-0.42162,0.67371,-0.23546,0.06652,-0.53697,0.02037,0.19516,0.99091,-0.79084,0.35068,0.71109,-0.00069,-0.55656,0.38716,-2.92809,-3.21383,0.98247,-1.18491,0.78155,0.64505,-2.36117,5.91457,0.40360,0.46250,0.08902,0.07385,0.54313,0.01372,-0.32124,-0.00725,6.000,6.000,12.000,12.000,6.000,6.000,6.000,6.000,12.000,12.000,6.000,6.000,6.000,6.000,6.000,6.000,-0.033848,0.016428,0.004200,0.040006,0.004200,0.041610,-0.035000,-0.029123,0.074944,0.044761,0.000000,1.000000,1.000000,0.000000,0.000000,0.000000,0.000000,0.069054,0.350631
3.3600,-0.01490,0.01454,0.47324,0.99168,0.05712,-0.03638,0.10951,-0.01588,0.03025,0.31604,0.31446,0.10512,0.03996,1,0.07843,0.10512,0.034741,0.00050,-0.3336,-0.0002,0.5965,1.9090,-0.2114,-26.2476,12.6291,0,0.04900,0.01900,0.1448,0.0000,0.013112,0.043473,3.9549,12.6570,63.6384,-5.3288,-1.7883,64.6867,0.0000,0.0000,0.0000,0.0000,0.0000,0.0000,0.014667,-0.019004,63.5367,0.016163,-0.009542,64.6867,0.000000,0.000000,0.0000,0.000000,0.000000,0.0000,-0.56980,-0.19131,-0.42480,0.67264,-0.23197,0.06392,-0.53732,0.02228,0.19189,0.98956,-0.79016,0.35073,0.71763,-0.00069,-0.55905,0.38731,-2.98820,-3.33042,1.26372,-0.91277,1.06973,0.63784,-2.38233,6.00030,0.20342,0.37087,0.06188,0.07456,0.59567,0.02079,-0.29999,-0.00329,6.000,6.000,12.000,12.000,6.000,6.000,6.000,6.000,12.000,12.000,6.000,6.000,6.000,6.000,6.000,6.000,-0.035093,0.015792,0.004200,0.039961,0.004200,0.041565,-0.035000,-0.030942,0.078676,0.046130,0.000000,1.000000,1.000000,0.000000,0.000000,0.000000,0.000000,0.066516,0.350680
3.3650,-0.01558,0.01395,0.47321,0.99166,0.05748,-0.03613,0.10957,-0.01643,0.02985,0.31603,0.31446,0.10589,0.03992,1,0.07795,0.10589,0.034745,0.00101,-0.3432,-0.0002,0.5794,1.9531,-0.1857,-26.5747,12.4005,0,0.04900,0.01900,0.1587,0.0000,0.017944,0.041874,3.8412,12.9493,63.8088,-5.9029,-1.7316,64.6096,0.0000,0.0000,0.0000,0.0000,0.0000,0.0000,0.028469,-0.019007,63.7061,0.021238,-0.009388,64.6096,0.000000,0.000000,0.0000,0.000000,0.000000,0.0000,-0.56998,-0.18917,-0.42808,0.67137,-0.22810,0.06131,-0.53763,0.02426,0.18846,0.98790,-0.78956,0.35078,0.72469,-0.00067,-0.56141,0.38747,-3.13000,-3.43633,2.14605,-0.06709,1.93789,0.63222,-2.37227,6.00048,-0.44719,0.04514,-0.02876,0.07256,0.74002,0.04075,-0.22190,0.00849,6.000,6.000,12.000,12.000,6.000,6.000,6.000,6.000,12.000,12.000,6.000,6.000,6.000,6.000,6.000,6.000,-0.036426,0.015155,0.004200,0.039916,0.004200,0.041520,-0.035000,-0.032764,0.082676,0.047576,0.000000,1.000000,1.000000,0.000000,0.000000,0.000000,0.000000,0.063925,0.350729
3.3700,-0.01630,0.01335,0.47318,0.99164,0.05781,-0.03587,0.10964,-0.01700,0.02943,0.31601,0.31446,0.10666,0.03987,1,0.07738,0.10666,0.034754,0.00258,-0.3890,-0.0002,0.5614,1.9957,-0.1749,-26.5141,12.2600,0,0.04900,0.01900,0.1940,0.0000,0.032159,0.036983,3.7224,13.2313,63.8805,-7.3758,-1.5283,64.7341,0.0000,0.0000,0.0000,0.0000,0.0000,0.0000,0.039750,-0.019008,63.7764,0.036252,-0.009094,64.7341,0.000000,0.000000,0.0000,0.000000,0.000000,0.0000,-0.57017,-0.18692,-0.43149,0.66983,-0.22362,0.05876,-0.53786,0.02633,0.18494,0.98531,-0.78907,0.35082,0.73265,-0.00065,-0.56339,0.38764,-3.25218,-3.53710,2.89057,0.62849,2.65187,0.62607,-2.36046,6.00056,-1.01233,-0.25265,-0.10852,0.07072,0.87314,0.05758,-0.14645,0.01845,6.000,6.000,12.000,12.000,6.000,6.000,6.000,6.000,12.000,12.000,6.000,6.000,6.000,6.000,6.000,6.000,-0.037953,0.014533,0.004200,0.039871,0.004200,0.041475,-0.035000,-0.034541,0.087258,0.049182,0.000000,1.000000,1.000000,0.000000,0.000000,0.000000,0.000000,0.061313,0.350777
3.3750,-0.01706,0.01276,0.47319,0.99162,0.05811,-0.03561,0.10973,-0.01761,0.02901,0.31599,0.31446,0.10738,0.03983,1,0.07668,0.10738,0.034792,0.01091,-0.5296,-0.0002,0.5426,2.0388,-0.2246,-26.1174,12.1891,0,0.04900,0.01900,0.2201,0.0000,0.043097,0.033501,3.5976,13.5172,63.5512,-8.5307,-1.5231,65.6202,0.0000,0.0000,0.0000,0.0000,0.0000,0.0000,0.048855,-0.019006,63.4437,0.047697,-0.008610,65.6202,0.000000,0.000000,0.0000,0.000000,0.000000,0.0000,-0.57036,-0.18451,-0.43519,0.66798,-0.21790,0.05622,-0.53801,0.02854,0.18124,0.98140,-0.78870,0.35086,0.74168,-0.00061,-0.56470,0.38777,-3.33881,-3.64411,3.49687,1.18431,3.21368,0.61364,-2.34812,6.00043,-1.49677,-0.52313,-0.17720,0.06912,0.98818,0.07066,-0.07123,0.02671,6.000,6.000,12.000,12.000,6.000,6.000,6.000,6.000,12.000,12.000,6.000,6.000,6.000,6.000,6.000,6.000,-0.039649,0.013902,0.004200,0.039827,0.004200,0.041430,-0.035000,-0.036343,0.092345,0.050939,0.000000,1.000000,1.000000,0.000000,0.000000,0.000000,0.000000,0.058759,0.350820
3.3800,-0.01786,0.01217,0.47323,0.99160,0.05835,-0.03534,0.10985,-0.01824,0.02858,0.31599,0.31446,0.10801,0.03978,1,0.07583,0.10801,0.034865,0.01719,-1.2560,-0.0002,0.5229,2.0931,-0.6639,-25.4134,12.1485,0,0.04900,0.01900,0.1864,0.0000,0.044762,0.034170,3.4669,13.8773,60.6385,-7.6816,-2.5090,72.2711,0.0000,0.0000,0.0000,0.0000,0.0000,0.0000,0.049004,-0.019004,60.5246,0.048999,-0.007426,72.2711,0.000000,0.000000,0.0000,0.000000,0.000000,0.0000,-0.57048,-0.18193,-0.43916,0.66579,-0.21082,0.05360,-0.53807,0.03092,0.17741,0.97586,-0.78845,0.35088,0.75207,-0.00056,-0.56485,0.38785,-3.21112,-3.84709,3.41159,1.11918,3.08571,0.54784,-2.32460,6.00026,-1.64023,-0.64462,-0.19641,0.06745,1.11638,0.08743,0.12680,0.04856,6.000,6.000,12.000,12.000,6.000,6.000,6.000,6.000,12.000,12.000,6.000,6.000,6.000,6.000,6.000,6.000,-0.041269,0.013149,0.004200,0.039782,0.004200,0.041386,-0.035000,-0.038511,0.097206,0.052694,0.000000,1.000000,1.000000,0.000000,0.000000,0.000000,0.000000,0.056220,0.350856
3.3850,-0.01870,0.01159,0.47330,0.99159,0.05853,-0.03506,0.11000,-0.01890,0.02815,0.31602,0.31446,0.10853,0.03974,1,0.07483,0.10853,0.034963,0.02182,-1.8743,-0.0003,0.5023,2.1460,-0.9885,-24.5938,12.0534,0,0.04900,0.01900,0.2061,0.0000,0.045041,0.034828,3.3301,14.2279,58.4865,-8.3823,-2.3302,70.3717,0.0000,0.0000,0.0000,0.0000,0.0000,0.0000,0.049003,-0.019003,58.3644,0.048999,-0.006733,70.3717,0.000000,0.000000,0.0000,0.000000,0.000000,0.0000,-0.57046,-0.17919,-0.44324,0.66323,-0.20266,0.05086,-0.53805,0.03343,0.17367,0.96839,-0.78830,0.35090,0.76417,-0.00049,-0.56330,0.38789,-3.12198,-4.01372,3.34946,1.05332,2.97499,0.49575,-2.29493,6.00020,-1.75664,-0.75960,-0.21239,0.06583,1.25914,0.10453,0.31257,0.06656,6.000,6.000,12.000,12.000,6.000,6.000,6.000,6.000,12.000,12.000,6.000,6.000,6.000,6.000,6.000,6.000,-0.043017,0.012409,0.004200,0.039737,0.004200,0.041341,-0.035000,-0.040642,0.102451,0.054555,0.000000,1.000000,1.000000,0.000000,0.000000,0.000000,0.000000,0.053599,0.350884
3.3900,-0.01956,0.01102,0.47340,0.99157,0.05866,-0.03478,0.11021,-0.01959,0.02770,0.31606,0.31446,0.10894,0.03969,1,0.07367,0.10894,0.035082,0.02521,-2.4023,-0.0004,0.4807,2.1962,-1.2240,-23.7450,11.9192,0,0.04900,0.01900,0.2230,0.0000,0.045268,0.035332,3.1868,14.5610,56.9249,-8.9789,-2.0769,68.8968,0.0000,0.0000,0.0000,0.0000,0.0000,0.0000,0.049006,-0.019006,56.7938,0.048999,-0.006203,68.8968,0.000000,0.000000,0.0000,0.000000,0.000000,0.0000,-0.57029,-0.17633,-0.44733,0.66022,-0.19364,0.04799,-0.53795,0.03605,0.17017,0.95875,-0.78824,0.35091,0.77832,-0.00041,-0.55960,0.38790,-3.06496,-4.15080,3.31438,0.99625,2.88618,0.45571,-2.26088,6.00034,-1.85731,-0.87228,-0.22636,0.06429,1.41451,0.12172,0.48929,0.08167,6.000,6.000,12.000,12.000,6.000,6.000,6.000,6.000,12.000,12.000,6.000,6.000,6.000,6.000,6.000,6.000,-0.044880,0.011694,0.004200,0.039692,0.004200,0.041296,-0.035000,-0.042697,0.108039,0.056504,0.000000,1.000000,1.000000,0.000000,0.000000,0.000000,0.000000,0.050856,0.350903
3.3950,-0.02044,0.01047,0.47352,0.99154,0.05873,-0.03448,0.11047,-0.02032,0.02725,0.31611,0.31446,0.10924,0.03965,1,0.07235,0.10924,0.035214,0.02763,-2.8619,-0.0005,0.4580,2.2435,-1.3967,-22.9243,11.7624,0,0.04900,0.01900,0.2370,0.0000,0.045454,0.035720,3.0364,14.8743,55.7800,-9.4773,-1.8065,67.8529,0.0000,0.0000,0.0000,0.0000,0.0000,0.0000,0.049004,-0.019003,55.6393,0.048998,-0.005799,67.8529,0.000000,0.000000,0.0000,0.000000,0.000000,0.0000,-0.56998,-0.17338,-0.45135,0.65674,-0.18390,0.04503,-0.53779,0.03876,0.16704,0.94676,-0.78824,0.35092,0.79487,-0.00031,-0.55337,0.38790,-3.03083,-4.26554,3.29851,0.94622,2.81273,0.42476,-2.22341,6.00020,-1.94672,-0.98415,-0.23870,0.06280,1.58219,0.13906,0.66222,0.09502,6.000,6.000,12.000,12.000,6.000,6.000,6.000,6.000,12.000,12.000,6.000,6.000,6.000,6.000,6.000,6.000,-0.046844,0.011009,0.004200,0.039647,0.004200,0.041251,-0.035000,-0.044663,0.113932,0.058529,0.000000,1.000000,1.000000,0.000000,0.000000,0.000000,0.000000,0.047992,0.350914
3.4000,-0.02134,0.00992,0.47366,0.99152,0.05877,-0.03416,0.11079,-0.02108,0.02680,0.31617,0.31446,0.10944,0.03960,1,0.07088,0.10944,0.035355,0.02927,-3.2659,-0.0007,0.4342,2.2877,-1.5247,-22.1666,11.5970,0,0.04900,0.01900,0.2491,0.0000,0.045612,0.036027,2.8787,15.1673,54.9315,-9.9107,-1.5424,67.1111,0.0000,0.0000,0.0000,0.0000,0.0000,0.0000,0.049006,-0.019006,54.7807,0.048998,-0.005481,67.1111,0.000000,0.000000,0.0000,0.000000,0.000000,0.0000,-0.56957,-0.17035,-0.45526,0.65276,-0.17355,0.04202,-0.53755,0.04152,0.16437,0.93226,-0.78829,0.35091,0.81414,-0.00020,-0.54430,0.38789,-3.01401,-4.36253,3.29662,0.90274,2.75076,0.40143,-2.18379,6.00033,-2.02727,-1.09553,-0.24958,0.06140,1.75933,0.15622,0.83192,0.10698,6.000,6.000,12.000,12.000,6.000,6.000,6.000,6.000,12.000,12.000,6.000,6.000,6.000,6.000,6.000,6.000,-0.048902,0.010355,0.004200,0.039603,0.004200,0.041206,-0.035000,-0.046536,0.120104,0.060623,0.000000,1.000000,1.000000,0.000000,0.000000,0.000000,0.000000,0.045034,0.350917
3.4050,-0.02225,0.00939,0.47381,0.99148,0.05877,-0.03384,0.11120,-0.02188,0.02633,0.31624,0.31446,0.10955,0.03956,1,0.06924,0.10955,0.035503,0.03024,-3.6224,-0.0008,0.4092,2.3290,-1.6214,-21.4962,11.4374,0,0.04900,0.01900,0.2599,0.0000,0.045747,0.036271,2.7133,15.4414,54.2903,-10.3022,-1.3020,66.5949,0.0000,0.0000,0.0000,0.0000,0.0000,0.0000,0.049005,-0.019005,54.1286,0.048997,-0.005231,66.5949,0.000000,0.000000,0.0000,0.000000,0.000000,0.0000,-0.56908,-0.16730,-0.45903,0.64824,-0.16266,0.03899,-0.53726,0.04431,0.16225,0.91513,-0.78838,0.35090,0.83647,-0.00006,-0.53210,0.38788,-3.00917,-4.44572,3.30308,0.86445,2.69639,0.38367,-2.14246,6.00029,-2.10153,-1.20739,-0.25924,0.06009,1.94618,0.17338,1.00127,0.11819,6.000,6.000,12.000,12.000,6.000,6.000,6.000,6.000,12.000,12.000,6.000,6.000,6.000,6.000,6.000,6.000,-0.051047,0.009729,0.004200,0.039558,0.004200,0.041162,-0.035000,-0.048323,0.126540,0.062785,0.000000,1.000000,1.000000,0.000000,0.000000,0.000000,0.000000,0.042018,0.350912
3.4100,-0.02317,0.00887,0.47398,0.99144,0.05874,-0.03351,0.11170,-0.02272,0.02587,0.31631,0.31446,0.10958,0.03951,1,0.06746,0.10958,0.035654,0.03063,-3.9349,-0.0009,0.3831,2.3679,-1.6964,-20.9262,11.2964,0,0.04900,0.01900,0.2700,0.0000,0.045870,0.036479,2.5399,15.6990,53.7931,-10.6749,-1.0958,66.2432,0.0000,0.0000,0.0000,0.0000,0.0000,0.0000,0.049017,-0.019016,53.6193,0.048996,-0.005019,66.2432,0.000000,0.000000,0.0000,0.000000,0.000000,0.0000,-0.56856,-0.16423,-0.46265,0.64318,-0.15131,0.03597,-0.53692,0.04708,0.16075,0.89526,-0.78848,0.35088,0.86214,0.00013,-0.51654,0.38789,-3.01392,-4.51737,3.31440,0.83145,2.64788,0.37094,-2.10039,6.00093,-2.17080,-1.31980,-0.26778,0.05890,2.13970,0.19073,1.16893,0.12865,6.000,6.000,12.000,12.000,6.000,6.000,6.000,6.000,12.000,12.000,6.000,6.000,6.000,6.000,6.000,6.000,-0.053278,0.009129,0.004200,0.039513,0.004200,0.041117,-0.035000,-0.050035,0.133233,0.065014,0.000000,1.000000,1.000000,0.000000,0.000000,0.000000,0.000000,0.038985,0.350901
3.4150,-0.02410,0.00837,0.47415,0.99138,0.05869,-0.03317,0.11231,-0.02360,0.02540,0.31638,0.31446,0.10955,0.03947,1,0.06552,0.10955,0.035807,0.03117,-4.2052,-0.0011,0.3557,2.3933,-1.5958,-20.4666,11.1873,0,0.04900,0.01900,0.2798,0.0000,0.045983,0.036658,2.3583,15.8679,54.4600,-11.0435,-0.9335,66.0291,0.0000,0.0000,0.0000,0.0000,0.0000,0.0000,0.049007,-0.019007,54.2736,0.048996,-0.004837,66.0291,0.000000,0.000000,0.0000,0.000000,0.000000,0.0000,-0.56805,-0.16120,-0.46612,0.63756,-0.13947,0.03303,-0.53653,0.04980,0.15989,0.87257,-0.78861,0.35086,0.89140,0.00053,-0.49747,0.38792,-3.08900,-4.52916,3.42852,0.83768,2.65706,0.38291,-2.06030,6.00039,-2.27328,-1.44235,-0.28071,0.05795,2.33375,0.21647,1.30880,0.13521,6.000,6.000,12.000,12.000,6.000,6.000,6.000,6.000,12.000,12.000,6.000,6.000,6.000,6.000,6.000,6.000,-0.055246,0.008671,0.004200,0.039468,0.004200,0.041072,-0.035000,-0.051321,0.139138,0.066950,0.000000,1.000000,1.000000,0.000000,0.000000,0.000000,0.000000,0.035975,0.350884
3.4200,-0.02505,0.00789,0.47433,0.99131,0.05864,-0.03284,0.11306,-0.02452,0.02493,0.31645,0.31446,0.10948,0.03942,1,0.06345,0.10948,0.035965,0.03232,-4.4915,-0.0012,0.3270,2.4086,-1.3963,-20.1866,11.1817,0,0.04900,0.01900,0.2836,0.0000,0.046010,0.036594,2.1683,15.9688,55.7829,-11.3260,-0.8465,66.7644,0.0000,0.0000,0.0000,0.0000,0.0000,0.0000,0.049010,-0.019010,55.5826,0.048995,-0.004916,66.7644,0.000000,0.000000,0.0000,0.000000,0.000000,0.0000,-0.56762,-0.15825,-0.46947,0.63132,-0.12704,0.03021,-0.53610,0.05243,0.15970,0.84699,-0.78874,0.35084,0.92443,0.00144,-0.47483,0.38799,-3.20805,-4.50256,3.61588,0.87178,2.70241,0.41124,-2.02449,6.00055,-2.40786,-1.57665,-0.29767,0.05729,2.52149,0.25325,1.42859,0.13925,6.000,6.000,12.000,12.000,6.000,6.000,6.000,6.000,12.000,12.000,6.000,6.000,6.000,6.000,6.000,6.000,-0.057036,0.008321,0.004200,0.039423,0.004200,0.041027,-0.035000,-0.052281,0.144506,0.068681,0.000000,1.000000,1.000000,0.000000,0.000000,0.000000,0.000000,0.033032,0.350862
3.4250,-0.02602,0.00742,0.47451,0.99122,0.05860,-0.03252,0.11396,-0.02548,0.02445,0.31654,0.31446,0.10939,0.03938,1,0.06125,0.10939,0.036128,0.03326,-4.8336,-0.0014,0.2971,2.4187,-1.4679,-20.1395,11.3372,0,0.04900,0.01900,0.2838,0.0000,0.045986,0.036379,1.9696,16.0358,55.3082,-11.5487,-0.8357,68.0199,0.0000,0.0000,0.0000,0.0000,0.0000,0.0000,0.049017,-0.019017,55.0920,0.048995,-0.005153,68.0199,0.000000,0.000000,0.0000,0.000000,0.000000,0.0000,-0.56729,-0.15541,-0.47274,0.62444,-0.11393,0.02751,-0.53564,0.05491,0.16011,0.81864,-0.78887,0.35081,0.96111,0.00321,-0.44871,0.38810,-3.21818,-4.51337,3.65611,0.85810,2.66251,0.40801,-1.99351,6.00096,-2.45716,-1.64458,-0.30227,0.05696,2.59334,0.28271,1.50912,0.13746,6.000,6.000,12.000,12.000,6.000,6.000,6.000,6.000,12.000,12.000,6.000,6.000,6.000,6.000,6.000,6.000,-0.059384,0.008025,0.004200,0.039379,0.004200,0.040982,-0.035000,-0.053079,0.151551,0.070894,0.000000,1.000000,1.000000,0.000000,0.000000,0.000000,0.000000,0.030206,0.350836
3.4300,-0.02702,0.00697,0.47469,0.99111,0.05858,-0.03220,0.11504,-0.02648,0.02398,0.31663,0.31446,0.10931,0.03933,1,0.05896,0.10931,0.036293,0.03340,-5.1668,-0.0016,0.2658,2.4200,-1.7691,-20.2959,11.5034,0,0.04900,0.01900,0.2951,0.0000,0.046108,0.036567,1.7621,16.0446,53.3110,-11.9551,-0.9695,67.7601,0.0000,0.0000,0.0000,0.0000,0.0000,0.0000,0.049005,-0.019005,53.0776,0.048994,-0.004963,67.7601,0.000000,0.000000,0.0000,0.000000,0.000000,0.0000,-0.56701,-0.15270,-0.47604,0.61701,-0.10022,0.02492,-0.53518,0.05722,0.16094,0.78797,-0.78900,0.35078,1.00093,0.00610,-0.41953,0.38836,-3.13315,-4.54498,3.55962,0.80123,2.54900,0.37678,-1.96393,6.00031,-2.40664,-1.63332,-0.29271,0.05738,2.50491,0.29671,1.48742,0.13084,6.000,6.000,12.000,12.000,6.000,6.000,6.000,6.000,12.000,12.000,6.000,6.000,6.000,6.000,6.000,6.000,-0.061691,0.007822,0.004200,0.039334,0.004200,0.040938,-0.035000,-0.053599,0.158472,0.073038,0.000000,1.000000,1.000000,0.000000,0.000000,0.000000,0.000000,0.027511,0.350808
3.4350,-0.02806,0.00652,0.47485,0.99097,0.05860,-0.03187,0.11628,-0.02753,0.02349,0.31673,0.31446,0.10925,0.03929,1,0.05662,0.10925,0.036457,0.03332,-5.4394,-0.0017,0.2331,2.4274,-1.9352,-20.7089,11.5289,0,0.04900,0.01900,0.3160,0.0000,0.046351,0.037095,1.5452,16.0938,52.2099,-12.4875,-1.1936,66.1764,0.0000,0.0000,0.0000,0.0000,0.0000,0.0000,0.049018,-0.019018,51.9565,0.048994,-0.004414,66.1764,0.000000,0.000000,0.0000,0.000000,0.000000,0.0000,-0.56674,-0.15017,-0.47946,0.60908,-0.08592,0.02240,-0.53470,0.05936,0.16202,0.75543,-0.78913,0.35075,1.04334,0.01028,-0.38780,0.38896,-3.10545,-4.56036,3.52771,0.77135,2.47831,0.36138,-1.92953,6.00100,-2.41756,-1.64680,-0.29074,0.05749,2.47653,0.32547,1.47811,0.13460,6.000,6.000,12.000,12.000,6.000,6.000,6.000,6.000,12.000,12.000,6.000,6.000,6.000,6.000,6.000,6.000,-0.064069,0.007552,0.004200,0.039289,0.004200,0.040893,-0.035000,-0.054318,0.165605,0.075285,0.000000,1.000000,1.000000,0.000000,0.000000,0.000000,0.000000,0.024918,0.350779
3.4400,-0.02916,0.00605,0.47502,0.99078,0.05882,-0.03141,0.11795,-0.02863,0.02301,0.31683,0.31446,0.10927,0.03924,1,0.05422,0.10927,0.036659,0.04750,-5.6936,-0.0019,0.1989,2.4412,-1.9736,-21.3871,11.4508,0,0.04900,0.01900,0.3319,0.0000,0.046523,0.037419,1.3186,16.1852,51.9554,-12.9527,-1.3348,65.4023,0.0000,0.0000,0.0000,0.0000,0.0000,0.0000,0.049008,-0.019008,51.6791,0.048993,-0.004083,65.4023,0.000000,0.000000,0.0000,0.000000,0.000000,0.0000,-0.56657,-0.14797,-0.48336,0.59920,-0.06910,0.01986,-0.53429,0.06107,0.16235,0.72154,-0.78924,0.35073,1.07948,0.02244,-0.35363,0.38996,-3.13137,-4.56515,3.56513,0.76715,2.44707,0.35912,-1.89080,6.00042,-2.51099,-1.70004,-0.29870,0.05697,2.54093,0.37241,1.51570,0.15045,6.000,6.000,12.000,12.000,6.000,6.000,6.000,6.000,12.000,12.000,6.000,6.000,6.000,6.000,6.000,6.000,-0.066686,0.007213,0.004200,0.039244,0.004200,0.040848,-0.035000,-0.055246,0.173457,0.077787,0.000000,1.000000,1.000000,0.000000,0.000000,0.000000,0.000000,0.022404,0.350750
3.4450,-0.03029,0.00553,0.47521,0.99049,0.05937,-0.03065,0.12030,-0.02977,0.02251,0.31692,0.31446,0.10968,0.03920,1,0.05191,0.10968,0.036866,0.02908,-7.1467,-0.0021,0.1633,2.5893,-3.0081,-25.9150,7.0814,0,0.04900,0.01900,0.3552,0.0000,0.046819,0.038072,1.0826,17.1668,45.0966,-10.0460,-5.3040,53.3112,0.0000,0.0000,0.0000,0.0000,0.0000,0.0000,0.049008,-0.019008,44.7844,0.048993,-0.003410,53.3112,0.000000,0.000000,0.0000,0.000000,0.000000,0.0000,-0.56648,-0.14625,-0.48721,0.58535,-0.05009,0.01759,-0.53398,0.06205,0.16109,0.68865,-0.78945,0.34990,1.10029,0.04868,-0.31598,0.39143,-2.79676,-4.90475,3.07732,0.47796,2.17951,0.20094,-1.82345,6.00039,-2.47602,-1.70107,-0.27010,0.05420,2.99021,0.79835,2.04446,0.23150,6.000,6.000,12.000,12.000,6.000,6.000,6.000,6.000,12.000,12.000,6.000,6.000,6.000,6.000,6.000,6.000,-0.071107,0.005435,0.004200,0.039199,0.004200,0.040803,-0.035000,-0.060490,0.186719,0.082529,0.000000,1.000000,1.000000,0.000000,0.000000,0.000000,0.000000,0.019861,0.350727
3.4500,-0.03142,0.00498,0.47536,0.99013,0.06015,-0.02971,0.12308,-0.03097,0.02200,0.31694,0.31446,0.11077,0.03915,1,0.05004,0.11077,0.036902,-0.00499,-6.0010,-0.0023,0.1259,2.6532,-1.8241,-29.8465,2.8102,0,0.04900,0.01900,1.2003,0.0000,0.009663,0.036176,0.8346,17.5909,52.9466,-48.0640,-7.2595,67.5068,0.0000,0.0000,0.0000,0.0000,0.0000,0.0000,0.049011,-0.019011,52.5981,0.014036,-0.017151,67.5068,0.000000,0.000000,0.0000,0.000000,0.000000,0.0000,-0.56682,-0.14502,-0.48840,0.56659,-0.03406,0.01700,-0.53376,0.06195,0.15885,0.66206,-0.78991,0.34706,1.11101,0.08521,-0.27378,0.39374,-3.33346,-4.86412,3.62322,0.63935,2.51612,0.35807,-1.74517,6.00064,-2.93886,-1.91922,-0.31897,-0.00265,3.91461,1.16534,2.45687,0.30719,6.000,6.000,12.000,12.000,6.000,6.000,6.000,6.000,12.000,12.000,6.000,6.000,6.000,6.000,6.000,6.000,-0.073700,0.004551,0.004200,0.039155,0.004200,0.040759,-0.035000,-0.063053,0.194498,0.085239,0.000000,1.000000,1.000000,0.000000,0.000000,0.000000,0.000000,0.017590,0.349904
3.4550,-0.03253,0.00443,0.47548,0.98970,0.06115,-0.02861,0.12627,-0.03228,0.02148,0.31690,0.31446,0.11235,0.03911,1,0.04845,0.11235,0.036801,-0.02830,-3.3285,-0.0023,0.0850,2.6853,-0.1307,-33.2688,0.0461,0,0.04900,0.01900,1.0227,0.0000,0.011125,0.035389,0.5634,17.8035,64.1738,-42.5251,-6.3748,70.0900,0.0000,0.0000,0.0000,0.0000,0.0000,0.0000,0.049016,-0.019016,63.7964,0.015382,-0.017377,70.0900,0.000000,0.000000,0.0000,0.000000,0.000000,0.0000,-0.56778,-0.14428,-0.48722,0.54314,-0.01890,0.01746,-0.53351,0.06090,0.15588,0.64010,-0.79050,0.34457,1.11527,0.12807,-0.22665,0.39715,-4.02432,-4.64248,4.24312,0.86883,3.00458,0.59541,-1.66370,6.00108,-3.23490,-2.04460,-0.35233,-0.03826,4.69703,1.31227,2.58968,0.35213,6.000,6.000,12.000,12.000,6.000,6.000,6.000,6.000,12.000,12.000,6.000,6.000,6.000,6.000,6.000,6.000,-0.076080,0.004006,0.004200,0.039110,0.004200,0.040714,-0.035000,-0.064597,0.201638,0.087619,0.000000,1.000000,1.000000,0.000000,0.000000,0.000000,0.000000,0.017001,0.347062
3.4600,-0.03362,0.00389,0.47557,0.98919,0.06232,-0.02738,0.12986,-0.03369,0.02096,0.31680,0.31446,0.11435,0.03907,1,0.04705,0.11435,0.036617,-0.03967,-1.3212,-0.0022,0.0409,2.6791,0.6122,-36.2779,-2.4149,0,0.04900,0.01900,0.7773,0.0000,0.012678,0.033219,0.2711,17.7624,69.0994,-35.5680,-4.0362,76.7689,0.0000,0.0000,0.0000,0.0000,0.0000,0.0000,0.049006,-0.019006,68.7119,0.017229,-0.018905,76.7689,0.000000,0.000000,0.0000,0.000000,0.000000,0.0000,-0.56928,-0.14401,-0.48445,0.51575,-0.00313,0.01842,-0.53319,0.05917,0.15215,0.62157,-0.79116,0.34413,1.11550,0.17403,-0.17515,0.40184,-4.32359,-4.49491,4.33604,0.92475,3.24973,0.69936,-1.57848,6.00041,-3.13493,-1.92201,-0.33343,-0.00565,5.10688,1.38990,2.53179,0.37207,6.000,6.000,12.000,12.000,6.000,6.000,6.000,6.000,12.000,12.000,6.000,6.000,6.000,6.000,6.000,6.000,-0.079767,0.003835,0.004200,0.039065,0.004200,0.040669,-0.035000,-0.064916,0.212699,0.091058,0.000000,1.000000,1.000000,0.000000,0.000000,0.000000,0.000000,0.017457,0.344574
3.4650,-0.03473,0.00335,0.47562,0.98861,0.06365,-0.02598,0.13391,-0.03519,0.02045,0.31667,0.31446,0.11673,0.03902,1,0.04583,0.11673,0.036404,-0.04278,-0.3842,-0.0020,-0.0060,2.6338,1.2132,-39.2735,-4.9677,0,0.04900,0.01900,0.6958,0.0000,0.015397,0.032287,-0.0398,17.4622,73.0840,-32.8218,-2.5655,78.8670,0.0000,0.0000,0.0000,0.0000,0.0000,0.0000,0.049006,-0.019006,72.6989,0.019812,-0.018910,78.8670,0.000000,0.000000,0.0000,0.000000,0.000000,0.0000,-0.57129,-0.14432,-0.48076,0.48500,0.01410,0.02074,-0.53271,0.05763,0.14692,0.60691,-0.79162,0.34170,1.11335,0.22148,-0.12018,0.40782,-4.39339,-4.23054,3.45449,0.56517,3.33202,0.79095,-1.41960,6.00041,-2.08555,-1.35119,-0.19639,0.05464,5.51641,1.45708,2.36273,0.37796,6.000,6.000,12.000,12.000,6.000,6.000,6.000,6.000,12.000,12.000,6.000,6.000,6.000,6.000,6.000,6.000,-0.084768,0.004151,0.004200,0.039020,0.004200,0.040624,-0.035000,-0.063983,0.227703,0.095557,0.000000,1.000000,1.000000,0.000000,0.000000,0.000000,0.000000,0.018423,0.344129
3.4700,-0.03587,0.00281,0.47563,0.98796,0.06507,-0.02446,0.13823,-0.03678,0.01994,0.31652,0.31446,0.11946,0.03898,1,0.04475,0.11946,0.036200,-0.03685,0.2359,-0.0018,-0.0555,2.5355,1.3095,-41.5785,-7.9683,0,0.04900,0.01900,0.7212,0.0000,0.026751,0.028641,-0.3681,16.8103,73.7224,-33.9641,-9.1647,81.3065,0.0000,0.0000,0.0000,0.0000,0.0000,0.0000,0.049013,-0.019013,73.3370,0.031505,-0.018946,81.3065,0.000000,0.000000,0.0000,0.000000,0.000000,0.0000,-0.57375,-0.14492,-0.47672,0.45203,0.03291,0.02446,-0.53214,0.05656,0.14046,0.59544,-0.79213,0.33660,1.10984,0.26870,-0.06421,0.41512,-4.20479,-3.70866,2.31364,0.06971,3.28718,0.85910,-1.25481,6.00102,-0.46132,-0.41842,0.00733,-0.09659,5.03327,1.38381,1.65908,0.30656,6.000,6.000,12.000,12.000,6.000,6.000,6.000,6.000,12.000,12.000,6.000,6.000,6.000,6.000,6.000,6.000,-0.090007,0.005003,0.004200,0.038976,0.004200,0.040579,-0.035000,-0.061339,0.243419,0.100145,0.000000,1.000000,1.000000,0.000000,0.000000,0.000000,0.000000,0.020737,0.341702
3.4750,-0.03708,0.00227,0.47557,0.98730,0.06651,-0.02289,0.14246,-0.03844,0.01944,0.31637,0.31446,0.12239,0.03893,1,0.04369,0.12239,0.036030,-0.02987,0.4291,-0.0016,-0.1074,2.5665,1.8819,-42.8085,-9.4095,0,0.04900,0.01900,0.4037,0.0000,0.014908,0.032219,-0.7119,17.0157,77.5172,-18.2265,-8.2186,82.5602,0.0000,0.0000,0.0000,0.0000,0.0000,0.0000,0.049005,-0.019005,77.0918,0.018863,-0.018909,82.5602,0.000000,0.000000,0.0000,0.000000,0.000000,0.0000,-0.57639,-0.14551,-0.47314,0.41867,0.05300,0.02894,-0.53169,0.05510,0.13381,0.58534,-0.79315,0.33574,1.10575,0.31615,-0.00920,0.42363,-4.42816,-3.57300,2.47044,0.25742,3.49950,0.92319,-1.20685,6.00037,-0.66428,-0.49082,-0.02609,-0.03957,5.71491,1.47952,1.51141,0.31090,6.000,6.000,12.000,12.000,6.000,6.000,6.000,6.000,12.000,12.000,6.000,6.000,6.000,6.000,6.000,6.000,-0.094561,0.004474,0.004200,0.038931,0.004200,0.040535,-0.035000,-0.062834,0.257080,0.104598,0.000000,1.000000,1.000000,0.000000,0.000000,0.000000,0.000000,0.024464,0.336604
3.4800,-0.03835,0.00174,0.47549,0.98665,0.06789,-0.02130,0.14651,-0.04017,0.01892,0.31620,0.31446,0.12540,0.03889,1,0.04270,0.12540,0.035908,-0.01279,0.5428,-0.0014,-0.1613,2.6154,2.4856,-43.4279,-10.8575,0,0.04900,0.01900,0.3691,0.0000,0.014693,0.032175,-1.0692,17.3401,81.5197,-16.8689,-8.8900,86.1145,0.0000,0.0000,0.0000,0.0000,0.0000,0.0000,0.049006,-0.019006,81.0308,0.018477,-0.018909,86.1145,0.000000,0.000000,0.0000,0.000000,0.000000,0.0000,-0.57927,-0.14575,-0.46959,0.38426,0.07491,0.03382,-0.53141,0.05358,0.12664,0.57700,-0.79453,0.33877,1.10161,0.36371,0.04562,0.43264,-4.71351,-3.48550,2.87847,0.51805,3.74402,0.98517,-1.05411,6.00047,-1.03655,-0.76345,-0.06962,0.04854,6.00047,1.46169,1.95618,0.36605,6.000,6.000,12.000,12.000,6.000,6.000,6.000,6.000,12.000,12.000,6.000,6.000,6.000,6.000,6.000,6.000,-0.099133,0.003567,0.004200,0.038886,0.004200,0.040490,-0.035000,-0.064916,0.270797,0.109201,0.000000,1.000000,1.000000,0.000000,0.000000,0.000000,0.000000,0.028936,0.335741
3.4850,-0.03957,0.00126,0.47548,0.98598,0.06882,-0.01992,0.15071,-0.04195,0.01839,0.31604,0.31446,0.12833,0.03884,2,0.04214,0.12833,0.035834,-0.01753,-0.0814,-0.0013,-0.2167,2.5988,1.6240,-40.8817,-10.4308,0,0.04900,0.01900,0.6109,0.6512,0.016889,0.031459,2.8432,21.2876,73.3404,4.1015,-29.8494,82.2194,-4.2802,-4.0575,2.4672,22.5783,3.3399,58.4266,0.049006,-0.019006,72.6587,0.020622,-0.018916,82.2194,0.049095,-0.019096,4.8746,-0.048969,-0.018800,58.4266,-0.58260,-0.14439,-0.46388,0.34607,0.10301,0.03462,-0.53231,0.05238,0.11638,0.57858,-0.79667,0.35088,1.09825,0.45039,0.12174,0.35484,-4.98294,-5.25272,3.66420,0.47479,3.72017,0.62135,-2.02317,6.00046,-2.01806,0.12449,-0.02284,0.37919,6.00047,4.96139,6.00047,-6.00047,6.000,6.000,12.000,12.000,6.000,6.000,6.000,6.000,12.000,12.000,6.000,6.000,6.000,6.000,6.000,6.000,-0.102097,0.002361,0.004200,0.038841,0.004200,0.040445,-0.035000,-0.064916,0.279719,0.112382,0.000000,1.000000,0.000000,0.310811,0.000000,0.000000,0.000000,0.033823,0.338769
3.4900,-0.04075,0.00084,0.47546,0.98521,0.06971,-0.01887,0.15541,-0.04370,0.01783,0.31602,0.31446,0.13031,0.03880,2,0.04193,0.13031,0.035713,-0.01930,1.8221,-0.0013,-0.2714,2.5813,0.9608,-34.4711,-4.3242,1,0.04900,0.01900,0.7057,0.8283,0.025182,0.029194,0.7496,19.5620,69.9912,-12.7003,-33.3257,84.2451,-2.5489,-2.4477,1.4193,7.8671,9.3770,24.6345,0.049014,-0.019014,69.3139,0.029128,-0.018944,84.2451,0.049332,-0.019337,2.9032,-0.048928,-0.018563,24.6345,-0.58607,-0.14343,-0.45411,0.30163,0.13634,0.03764,-0.53408,0.05132,0.10115,0.59258,-0.79858,0.36208,1.09548,0.57694,0.22158,0.19749,-4.98294,-5.25272,3.66420,0.47479,3.72017,0.62135,-2.02317,6.00046,-2.01806,0.12449,-0.02284,0.37919,6.00047,4.96139,6.00047,-6.00047,6.000,6.000,12.000,12.000,6.000,6.000,6.000,6.000,12.000,12.000,6.000,6.000,6.000,6.000,6.000,6.000,-0.098176,0.003596,0.004200,0.038796,0.004200,0.040400,-0.035000,-0.064916,0.267928,0.108259,0.000000,1.000000,0.000000,0.312312,0.000000,0.000000,0.000000,0.034622,0.350876
3.4950,-0.04194,0.00038,0.47544,0.98447,0.07064,-0.01805,0.15968,-0.04544,0.01727,0.31607,0.31446,0.13210,0.03875,2,0.04199,0.13210,0.035692,0.01070,3.9539,-0.0011,-0.3256,2.4400,0.4751,-38.4363,1.3631,0,0.04900,0.01900,0.7143,0.8480,0.006512,0.034653,1.8716,20.1290,65.9862,7.4013,-38.1180,90.6139,-4.0302,-3.9515,2.2038,21.1171,13.0179,48.7643,0.049007,-0.019007,65.1802,0.009701,-0.018903,90.6139,0.049095,-0.019097,4.6201,-0.048918,-0.018497,48.7643,-0.58939,-0.14203,-0.44298,0.25502,0.17088,0.03480,-0.53650,0.05013,0.08339,0.61366,-0.80174,0.36919,1.09298,0.72447,0.33465,0.00774,-4.41190,-5.75354,0.80981,-1.25670,3.03636,0.45375,-1.96020,6.00044,-2.19693,0.27806,-0.19007,0.40833,6.00045,5.10808,6.00045,-6.00045,6.000,6.000,12.000,12.000,6.000,6.000,6.000,6.000,12.000,12.000,6.000,6.000,6.000,6.000,6.000,6.000,-0.099500,0.004983,0.004200,0.038752,0.004200,0.040355,-0.035000,-0.060950,0.271898,0.109059,0.000000,1.000000,0.000000,0.313814,0.000000,0.000000,0.000000,0.037642,0.362076
3.5000,-0.04318,-0.00015,0.47537,0.98380,0.07203,-0.01723,0.16324,-0.04716,0.01668,0.31626,0.31446,0.13395,0.03871,2,0.04216,0.13395,0.035790,0.03628,3.0600,-0.0011,-0.3793,2.4817,-0.2123,-39.8564,1.6077,0,0.04900,0.01900,0.8049,0.8517,0.018462,0.031632,0.1447,19.1093,62.1863,-14.1212,-36.2672,80.5973,-2.6596,-2.6557,1.4462,3.8067,6.4286,14.6219,0.049008,-0.019008,61.4270,0.022007,-0.018944,80.5973,0.049152,-0.019156,3.0705,-0.048927,-0.018538,14.6219,-0.59232,-0.14145,-0.43045,0.20394,0.20686,0.03177,-0.53882,0.04809,0.06120,0.64183,-0.80542,0.37339,1.09043,0.86656,0.45168,-0.15961,-4.28459,-6.00048,0.54334,-1.52653,2.76499,0.31899,-1.74263,5.64684,-2.39403,0.36176,-0.31608,0.28820,6.00049,3.66361,6.00049,-6.00049,6.000,6.000,12.000,12.000,6.000,6.000,6.000,6.000,12.000,12.000,6.000,6.000,6.000,6.000,6.000,6.000,-0.100221,0.004314,0.004200,0.038707,0.004200,0.040311,-0.035000,-0.062867,0.274061,0.109939,0.000000,1.000000,0.000000,0.315315,0.000000,0.000000,0.000000,0.034805,0.369194
3.5050,-0.04465,-0.00089,0.47534,0.98354,0.07392,-0.01624,0.16408,-0.04889,0.01608,0.31651,0.31446,0.13676,0.03866,2,0.04242,0.13676,0.036175,0.10765,3.7076,-0.0012,-0.4334,2.5015,0.6296,-49.2335,-0.4911,0,0.04900,0.01900,0.8148,1.0560,0.015513,0.032700,-0.4470,19.0481,67.8887,-9.3761,-31.1818,66.6178,-2.4266,-2.4633,1.3257,0.6066,5.4239,8.6150,0.049013,-0.019013,67.1400,0.018757,-0.018955,66.6178,0.049306,-0.019309,2.8233,-0.048946,-0.018638,8.6150,-0.59397,-0.14129,-0.41669,0.14636,0.24738,0.03528,-0.53921,0.04612,0.03529,0.67318,-0.80863,0.37559,1.08685,0.90294,0.52353,-0.15173,-3.99484,-6.00086,-0.36531,-1.81380,2.81834,0.45454,-0.95255,3.67409,0.00194,1.08619,-0.05236,0.16698,6.00087,-4.69271,-6.00087,6.00087,6.000,6.000,12.000,12.000,6.000,6.000,6.000,6.000,12.000,12.000,6.000,6.000,6.000,6.000,6.000,6.000,-0.102982,0.003872,0.004200,0.038662,0.004200,0.040266,-0.035000,-0.064103,0.282346,0.112687,0.000000,1.000000,0.000000,0.316817,0.000000,0.000000,0.000000,0.031773,0.373390
3.5100,-0.04635,-0.00185,0.47530,0.98377,0.07595,-0.01514,0.16185,-0.05065,0.01548,0.31674,0.31446,0.14077,0.03862,2,0.04275,0.14077,0.036798,0.14877,1.8445,-0.0016,-0.4882,2.5080,-0.8562,-56.5314,-11.7854,0,0.04900,0.01900,0.3565,1.1669,-0.006619,0.038763,0.6627,20.6224,57.2211,-10.3934,-5.6806,55.3786,-3.8993,-3.9946,2.1423,9.6436,0.0000,13.7765,0.049018,-0.019018,56.2799,-0.004378,-0.018952,55.3786,0.049228,-0.019231,4.5586,-0.048969,-0.018776,13.7765,-0.59404,-0.14082,-0.39807,0.07508,0.29826,0.04862,-0.53825,0.04469,0.00792,0.70534,-0.81092,0.37648,1.08307,0.84730,0.54490,-0.01273,-3.32446,-6.00106,-0.36294,-3.35836,2.40086,0.39420,-0.79241,3.49632,-1.01229,0.63991,-0.03053,0.17089,6.00107,-3.94545,-6.00106,6.00106,6.000,6.000,12.000,12.000,6.000,6.000,6.000,6.000,12.000,12.000,6.000,6.000,6.000,6.000,6.000,6.000,-0.119225,-0.000345,0.004200,0.038617,0.004200,0.040221,-0.035000,-0.064916,0.331282,0.129428,0.000000,1.000000,0.000000,0.318318,0.000000,0.000000,0.000000,0.035283,0.375594
3.5150,-0.04816,-0.00296,0.47515,0.98434,0.07781,-0.01418,0.15754,-0.05241,0.01487,0.31683,0.31446,0.14525,0.03857,2,0.04302,0.14525,0.037666,0.21366,8.1313,-0.0022,-0.5432,2.4889,1.7979,-58.4795,-15.3711,0,0.04900,0.01900,0.8585,1.1669,-0.049416,0.050377,2.2005,22.4429,73.7607,4.8099,-7.0413,16.5571,-5.8018,-5.9414,3.1996,0.0000,-4.9978,7.1397,0.049013,-0.019013,72.2839,-0.048997,-0.018970,16.5571,0.049142,-0.019144,6.7854,-0.048993,-0.018944,7.1397,-0.59319,-0.13984,-0.36507,-0.02834,0.37122,0.07482,-0.53601,0.04448,-0.01887,0.73597,-0.81170,0.37641,1.07969,0.72878,0.54441,0.10182,-4.58018,-6.00100,3.22618,-4.60775,3.38365,0.77444,-0.87728,4.31254,-1.83049,0.11807,-0.00655,0.22548,6.00100,-6.00100,-6.00100,-0.61494,6.000,6.000,12.000,12.000,6.000,6.000,6.000,6.000,12.000,12.000,6.000,6.000,6.000,6.000,6.000,6.000,-0.129774,-0.000618,0.004200,0.038572,0.004200,0.040176,-0.035000,-0.064916,0.362936,0.139588,0.000000,1.000000,0.000000,0.319820,0.000000,0.000000,0.000000,0.048621,0.376477
3.5200,-0.04993,-0.00405,0.47483,0.98487,0.07936,-0.01484,0.15332,-0.05416,0.01425,0.31671,0.31446,0.14948,0.03853,2,0.04285,0.14948,0.038064,0.00721,12.3310,-0.0031,-0.5976,2.4697,4.7750,-54.7036,-15.3252,0,0.04900,0.01900,0.0428,0.0000,-0.049032,0.050949,-13.9065,19.6120,72.9470,-0.0074,0.4964,19.3295,9.9444,-3.2380,23.7516,0.0000,0.0000,0.0000,0.049014,-0.019014,70.9913,-0.048999,-0.018985,19.3295,0.049052,-0.019052,19.7889,0.000000,0.000000,0.0000,-0.56429,-0.14664,-0.32415,-0.11294,0.42836,0.11337,-0.52837,0.04259,-0.03339,0.75357,-0.80390,0.37039,1.07724,0.57017,0.56994,0.06668,2.52466,-1.53845,12.00105,-11.50113,3.04635,1.10140,1.68411,1.43627,1.57231,0.80769,1.46372,-0.09625,6.00099,-6.00108,6.00108,-6.00109,6.000,6.000,12.000,12.000,6.000,6.000,6.000,6.000,12.000,12.000,6.000,6.000,6.000,6.000,6.000,6.000,-0.132371,-0.002399,0.004200,0.038528,0.004200,0.040131,-0.035000,-0.064916,0.370937,0.142571,0.000000,1.000000,0.000000,0.321321,0.000000,0.000000,0.000000,0.074825,0.376405
3.5250,-0.05188,-0.00512,0.47449,0.98544,0.08067,-0.01658,0.14876,-0.05590,0.01363,0.31636,0.31446,0.15258,0.03848,1,0.04266,0.15258,0.037639,-0.12419,3.4024,-0.0035,-0.6520,2.4503,5.4148,-58.7432,30.1847,0,0.04900,0.01900,1.5200,0.0000,0.022693,0.033395,-4.3226,16.2457,100.9407,-2.5200,-52.8227,57.9945,0.0000,0.0000,0.0000,0.0000,0.0000,0.0000,-0.013375,-0.019003,98.0844,0.025896,-0.018958,57.9945,0.000000,0.000000,0.0000,0.000000,0.000000,0.0000,-0.50466,-0.16040,-0.28174,-0.16215,0.42406,0.13744,-0.51891,0.03932,-0.03802,0.76393,-0.79598,0.36121,1.07633,0.45928,0.59943,-0.00036,6.00036,-1.75391,-5.55026,-3.83193,-3.22225,1.36382,-0.29183,6.00036,6.62379,3.45963,0.99150,-0.17630,6.00036,0.14021,-2.01238,-1.23589,6.000,6.000,12.000,12.000,6.000,6.000,6.000,6.000,12.000,12.000,6.000,6.000,6.000,6.000,6.000,6.000,-0.117808,-0.014508,0.004200,0.038483,0.004200,0.040087,-0.035000,-0.064916,0.331249,0.133018,0.000000,1.000000,1.000000,0.000000,0.000000,0.000000,0.000000,0.113373,0.370390
3.5300,-0.05397,-0.00625,0.47406,0.98606,0.08147,-0.01797,0.14400,-0.05776,0.01299,0.31595,0.31446,0.15493,0.03844,1,0.04291,0.15493,0.036836,-0.15381,3.1499,-0.0030,-0.7101,2.4303,4.4675,-54.3166,27.2210,0,0.04900,0.01900,0.0000,0.0000,0.000000,0.000000,-4.7080,16.1127,94.6596,0.0000,0.0000,0.0000,0.0000,0.0000,0.0000,0.0000,0.0000,0.0000,-0.044472,0.019009,91.6213,0.000000,0.000000,0.0000,0.000000,0.000000,0.0000,0.000000,0.000000,0.0000,-0.43030,-0.17059,-0.24710,-0.18456,0.38073,0.11528,-0.51153,0.03905,-0.04027,0.77742,-0.79000,0.35248,1.07596,0.40395,0.62214,-0.04152,6.00088,-0.38850,-6.26676,-4.45291,-6.00090,-2.38611,-0.14652,4.60391,7.94322,4.76332,1.12546,-0.15821,3.78896,-0.11823,2.21413,-0.45084,6.000,6.000,12.000,12.000,6.000,6.000,6.000,6.000,12.000,12.000,6.000,6.000,6.000,6.000,6.000,6.000,-0.129521,-0.024980,0.004200,0.038438,0.004200,0.040042,-0.035000,-0.064916,0.371876,0.147997,0.000000,1.000000,1.000000,0.000000,0.000000,0.000000,0.000000,0.137441,0.361213
3.5350,-0.05615,-0.00744,0.47357,0.98668,0.08172,-0.01895,0.13938,-0.05972,0.01242,0.31554,0.31446,0.15640,0.03839,1,0.04383,0.15640,0.036145,-0.13211,13.6598,-0.0022,-0.7711,2.4126,6.2080,-43.5085,23.6124,0,0.04900,0.01900,0.9384,0.0000,-0.048135,0.047845,-5.1122,15.9954,106.1993,-13.0970,44.0709,81.6685,0.0000,0.0000,0.0000,0.0000,0.0000,0.0000,-0.039208,-0.019018,104.0640,-0.048961,-0.018891,81.6685,0.000000,0.000000,0.0000,0.000000,0.000000,0.0000,-0.34789,-0.17566,-0.22536,-0.18840,0.35470,0.08923,-0.50367,0.04387,-0.03831,0.79347,-0.78359,0.34370,1.07536,0.37416,0.64039,-0.06594,6.00186,-2.29235,-9.46063,-5.53061,-6.00188,0.44852,-0.25285,6.00185,10.91855,5.73970,1.43847,-0.14602,3.74187,-0.12770,-0.50805,-0.90336,6.000,6.000,12.000,12.000,6.000,6.000,6.000,6.000,12.000,12.000,6.000,6.000,6.000,6.000,6.000,6.000,-0.140996,-0.018149,0.004200,0.038393,0.004200,0.039997,-0.035000,-0.064916,0.401634,0.155816,0.000000,1.000000,1.000000,0.000000,0.000000,0.000000,0.000000,0.115278,0.352484
3.5400,-0.05839,-0.00867,0.47300,0.98727,0.08131,-0.01962,0.13526,-0.06174,0.01198,0.31519,0.31446,0.15691,0.03835,1,0.04553,0.15691,0.035542,-0.11229,19.6042,-0.0015,-0.8341,2.3988,6.2059,-34.1190,18.7701,0,0.04900,0.01900,0.3702,0.0000,-0.046052,0.057377,-5.5304,15.9041,106.1852,-20.6599,6.1160,97.0078,0.0000,0.0000,0.0000,0.0000,0.0000,0.0000,-0.022727,-0.019007,104.7743,-0.048927,-0.007397,97.0078,0.000000,0.000000,0.0000,0.000000,0.000000,0.0000,-0.25378,-0.18000,-0.21576,-0.17692,0.34921,0.08476,-0.49617,0.05386,-0.03010,0.81148,-0.77673,0.33495,1.07419,0.35417,0.65487,-0.07882,6.00073,-2.05212,-9.34837,-4.30212,-4.14157,0.69011,-0.04177,5.54074,12.00071,6.46666,1.60118,-0.14639,1.65559,-0.39830,0.72056,-0.48873,6.000,6.000,12.000,12.000,6.000,6.000,6.000,6.000,12.000,12.000,6.000,6.000,6.000,6.000,6.000,6.000,-0.151784,-0.018862,0.004200,0.038348,0.004200,0.039952,-0.035000,-0.064916,0.433917,0.166144,0.000000,1.000000,1.000000,0.000000,0.000000,0.000000,0.000000,0.089235,0.343698
3.5450,-0.06070,-0.00990,0.47226,0.98786,0.07997,-0.02011,0.13165,-0.06384,0.01159,0.31488,0.31446,0.15617,0.03830,1,0.04801,0.15617,0.034923,-0.12865,21.0678,-0.0009,-0.8997,2.3865,6.2130,-21.5479,17.5338,0,0.04900,0.01900,0.4810,0.0000,-0.045712,0.053201,-5.9648,15.8228,106.2326,-18.8186,7.6929,70.4551,0.0000,0.0000,0.0000,0.0000,0.0000,0.0000,-0.000300,-0.019008,104.9803,-0.048901,-0.010103,70.4551,0.000000,0.000000,0.0000,0.000000,0.000000,0.0000,-0.14462,-0.18390,-0.21659,-0.15179,0.36334,0.10243,-0.48943,0.06936,-0.01563,0.83121,-0.76985,0.32623,1.07247,0.33812,0.66782,-0.08374,6.00088,-1.24678,-5.64679,-1.39677,-1.43631,1.16689,-0.08576,4.61205,8.83194,4.92184,1.16977,-0.16236,0.82059,-0.38360,0.53336,-0.26026,6.000,6.000,12.000,12.000,6.000,6.000,6.000,6.000,12.000,12.000,6.000,6.000,6.000,6.000,6.000,6.000,-0.157677,-0.021530,0.004200,0.038304,0.004200,0.039908,-0.035000,-0.064916,0.452631,0.172580,0.000000,1.000000,1.000000,0.000000,0.000000,0.000000,0.000000,0.084765,0.334952
3.5500,-0.06308,-0.01120,0.47143,0.98847,0.07797,-0.02053,0.12814,-0.06599,0.01123,0.31453,0.31446,0.15360,0.03826,1,0.05121,0.15360,0.034409,-0.04958,23.2080,-0.0003,-0.9667,2.3754,7.9262,-3.8466,18.4603,0,0.04900,0.01900,0.8227,0.0000,-0.044327,0.043065,-6.4093,15.7488,117.5907,-13.4785,12.5721,37.3447,0.0000,0.0000,0.0000,0.0000,0.0000,0.0000,-0.001410,-0.019008,116.0103,-0.048923,-0.018794,37.3447,0.000000,0.000000,0.0000,0.000000,0.000000,0.0000,-0.03020,-0.18633,-0.22494,-0.11848,0.38773,0.12687,-0.48377,0.08892,0.00350,0.85149,-0.76281,0.31759,1.07011,0.32468,0.67910,-0.08330,6.00103,0.35613,-3.65247,-0.73648,-1.42574,1.75026,-0.04319,3.56588,6.32805,3.77899,0.80951,-0.18136,0.71319,-0.30582,0.61912,-0.06827,6.000,6.000,12.000,12.000,6.000,6.000,6.000,6.000,12.000,12.000,6.000,6.000,6.000,6.000,6.000,6.000,-0.161628,-0.026006,0.004200,0.038259,0.004200,0.039863,-0.035000,-0.064916,0.466657,0.177844,0.000000,1.000000,1.000000,0.000000,0.000000,0.000000,0.000000,0.102426,0.326231
3.5550,-0.06556,-0.01262,0.47078,0.98907,0.07632,-0.02076,0.12445,-0.06823,0.01089,0.31419,0.31446,0.14971,0.03821,1,0.05511,0.14971,0.034442,0.04569,14.3935,0.0002,-1.0365,2.3648,4.8347,-1.4887,17.0125,0,0.04900,0.01900,0.5384,0.0000,0.019341,0.055484,-6.8719,15.6783,97.0947,-48.8038,-13.1353,156.4770,0.0000,0.0000,0.0000,0.0000,0.0000,0.0000,-0.013824,-0.019003,95.1702,0.015029,-0.018908,156.4770,0.000000,0.000000,0.0000,0.000000,0.000000,0.0000,0.06373,-0.18751,-0.23893,-0.08789,0.40857,0.12152,-0.47974,0.10951,0.02411,0.87159,-0.75464,0.30924,1.06615,0.31213,0.68753,-0.07945,4.39536,-1.93272,-2.40759,-1.22862,-2.42150,1.02869,-0.63115,5.45459,4.68535,2.93742,0.62595,-0.15254,0.34532,-0.30742,0.04665,-0.01913,6.000,6.000,12.000,12.000,6.000,6.000,6.000,6.000,12.000,12.000,6.000,6.000,6.000,6.000,6.000,6.000,-0.163671,-0.025151,0.004200,0.038214,0.004200,0.039818,-0.035000,-0.064916,0.472190,0.179431,0.000000,1.000000,1.000000,0.000000,0.000000,0.000000,0.000000,0.126874,0.317588
3.5600,-0.06812,-0.01413,0.47021,0.98964,0.07496,-0.02078,0.12065,-0.07062,0.01052,0.31412,0.31446,0.14659,0.03817,1,0.05970,0.14659,0.034726,0.06828,5.4531,0.0002,-1.1113,2.3533,0.8723,-6.4303,12.3643,0,0.04900,0.01900,0.5127,0.0000,0.009579,0.055297,-7.3677,15.6021,70.8238,-37.5705,-7.2977,124.4451,0.0000,0.0000,0.0000,0.0000,0.0000,0.0000,-0.049013,-0.019013,69.2733,0.004279,-0.018925,124.4451,0.000000,0.000000,0.0000,0.000000,0.000000,0.0000,0.13603,-0.18778,-0.25711,-0.05865,0.42306,0.10524,-0.47641,0.13207,0.04626,0.89106,-0.74547,0.30107,1.06214,0.30058,0.69085,-0.07364,2.33773,-4.56181,-3.46117,-2.83182,-4.18403,0.15802,-0.64427,6.00099,5.12283,3.00147,0.73018,-0.14511,0.95174,-0.17995,-1.22244,-0.11567,6.000,6.000,12.000,12.000,6.000,6.000,6.000,6.000,12.000,12.000,6.000,6.000,6.000,6.000,6.000,6.000,-0.167482,-0.021746,0.004200,0.038169,0.004200,0.039773,-0.035000,-0.064916,0.481729,0.181837,0.000000,1.000000,1.000000,0.000000,0.000000,0.000000,0.000000,0.121520,0.309241
3.5650,-0.07081,-0.01552,0.46960,0.98970,0.07390,-0.02014,0.12092,-0.07317,0.01014,0.31421,0.31446,0.14410,0.03812,1,0.06447,0.14410,0.035540,0.29629,-0.8317,-0.0001,-1.1908,2.3414,-1.3823,-9.4652,7.9824,0,0.04900,0.01900,1.1669,0.0000,0.052075,0.072576,-7.8947,15.5234,55.8760,-42.1718,0.0000,60.2454,0.0000,0.0000,0.0000,0.0000,0.0000,0.0000,0.049026,-0.019025,54.8166,0.048962,-0.018931,60.2454,0.000000,0.000000,0.0000,0.000000,0.000000,0.0000,0.19232,-0.19300,-0.32095,0.05129,0.39779,0.09369,-0.52711,0.13861,0.08167,0.89165,-0.68448,0.38041,1.04158,0.37129,0.69851,-0.00545,3.75605,-6.00145,-12.00147,7.68436,0.34578,-0.07208,-6.00148,-0.49130,12.00146,3.72169,6.00148,6.00148,-0.63384,6.00148,6.00147,6.00098,6.000,6.000,12.000,12.000,6.000,6.000,6.000,6.000,12.000,12.000,6.000,6.000,6.000,6.000,6.000,6.000,-0.170841,-0.015657,0.004200,0.038125,0.004200,0.039728,-0.035000,-0.064916,0.489218,0.183116,0.000000,1.000000,1.000000,0.000000,0.000000,0.000000,0.000000,0.105242,0.301068
3.5700,-0.07362,-0.01693,0.46867,0.98969,0.07299,-0.01947,0.12168,-0.07583,0.00976,0.31441,0.31446,0.14212,0.03808,1,0.07144,0.14212,0.036591,0.20087,-9.4217,-0.0009,-1.2738,2.3296,6.4834,-8.8229,1.9547,0,0.04900,0.01900,0.4269,0.0000,0.047149,0.086349,-8.4455,15.4451,108.0254,-22.7608,0.4046,88.8975,0.0000,0.0000,0.0000,0.0000,0.0000,0.0000,-0.041427,-0.019023,107.2969,0.048961,-0.006800,88.8975,0.000000,0.000000,0.0000,0.000000,0.000000,0.0000,0.26795,-0.20675,-0.39157,0.19666,0.30730,0.08956,-0.56432,0.14884,0.11189,0.91475,-0.61956,0.44456,1.03464,0.43801,0.71545,0.06395,2.93635,-4.95375,-0.73926,1.60820,-6.00260,1.06806,4.29453,6.00260,10.65760,10.82578,2.48836,0.67672,6.00258,0.76015,0.99706,0.37346,6.000,6.000,12.000,12.000,6.000,6.000,6.000,6.000,12.000,12.000,6.000,6.000,6.000,6.000,6.000,6.000,-0.178844,-0.038233,0.004200,0.038080,0.004200,0.039684,-0.035000,-0.064916,0.524871,0.198314,0.000000,1.000000,1.000000,0.000000,0.000000,0.000000,0.000000,0.093687,0.380415
3.5750,-0.07651,-0.01843,0.46737,0.99006,0.07188,-0.01962,0.11927,-0.07869,0.00936,0.31476,0.31446,0.14043,0.03803,1,0.08024,0.14043,0.037056,0.04582,-13.7066,-0.0020,-1.3630,2.3173,-0.3305,-12.6823,5.7628,0,0.04900,0.01900,0.0000,0.0000,0.000000,0.000000,-9.0366,15.3635,62.8492,0.0000,0.0000,0.0000,0.0000,0.0000,0.0000,0.0000,0.0000,0.0000,-0.049016,-0.019016,62.7553,0.000000,0.000000,0.0000,0.000000,0.000000,0.0000,0.000000,0.000000,0.0000,0.35278,-0.22099,-0.42820,0.29245,0.20414,0.09759,-0.55738,0.17627,0.13148,0.96337,-0.57706,0.47759,1.05587,0.46958,0.72519,0.10015,0.68405,0.84892,5.71811,1.22120,-3.19200,0.59490,0.33449,6.00108,-2.09374,2.37129,0.48721,0.67750,6.00108,0.99839,-4.25928,-0.42168,6.000,6.000,12.000,12.000,6.000,6.000,6.000,6.000,12.000,12.000,6.000,6.000,6.000,6.000,6.000,6.000,-0.179117,-0.027496,0.004200,0.038035,0.004200,0.039639,-0.035000,-0.064916,0.518975,0.194677,0.000000,1.000000,1.000000,0.000000,0.000000,0.000000,0.000000,0.089560,0.444565
3.5800,-0.07954,-0.02023,0.46613,0.99076,0.07112,-0.02005,0.11371,-0.08163,0.00895,0.31499,0.31446,0.13831,0.03799,1,0.08865,0.13831,0.037124,0.03463,-12.7405,-0.0024,-1.4547,2.3043,3.4739,-11.4478,15.7433,0,0.04900,0.01900,0.0000,0.0000,0.000000,0.000000,-9.6444,15.2772,88.0726,0.0000,0.0000,0.0000,0.0000,0.0000,0.0000,0.0000,0.0000,0.0000,-0.049023,-0.019025,88.2326,0.000000,0.000000,0.0000,0.000000,0.000000,0.0000,0.000000,0.000000,0.0000,0.43828,-0.23314,-0.43844,0.34054,0.12027,0.12523,-0.49968,0.22703,0.13833,1.01016,-0.54733,0.49311,1.07486,0.47813,0.71497,0.11279,1.18740,1.02134,7.50769,1.11253,-3.99394,1.30919,6.00226,6.00226,-4.74271,-2.07056,-0.62463,0.14893,6.00226,-1.27427,-6.00227,-1.30681,6.000,6.000,12.000,12.000,6.000,6.000,6.000,6.000,12.000,12.000,6.000,6.000,6.000,6.000,6.000,6.000,-0.175830,-0.030206,0.004200,0.037990,0.004200,0.039594,-0.035000,-0.064916,0.510788,0.192513,0.000000,1.000000,1.000000,0.000000,0.000000,0.000000,0.000000,0.097586,0.477593
3.5850,-0.08266,-0.02225,0.46508,0.99148,0.07086,-0.02039,0.10735,-0.08459,0.00855,0.31508,0.31446,0.13702,0.03795,1,0.09684,0.13702,0.037273,0.03428,3.0703,-0.0025,-1.5471,2.2918,7.3501,-22.7657,11.3308,0,0.04900,0.01900,0.4169,0.0000,-0.024602,0.037755,-10.2574,15.1945,113.7716,-9.5891,23.2276,100.4769,0.0000,0.0000,0.0000,0.0000,0.0000,0.0000,-0.049007,-0.019007,113.3706,-0.048917,-0.009742,100.4769,0.000000,0.000000,0.0000,0.000000,0.000000,0.0000,0.52229,-0.24301,-0.44049,0.36626,0.07774,0.16136,-0.43292,0.28649,0.13660,1.05183,-0.52034,0.49703,1.08599,0.48512,0.69831,0.11638,4.33051,2.81524,-0.13510,-4.57136,-5.84009,2.02222,-1.82128,6.00081,-1.42973,0.93969,0.50966,0.34045,5.45875,0.62591,0.86521,0.26444,6.000,6.000,12.000,12.000,6.000,6.000,6.000,6.000,12.000,12.000,6.000,6.000,6.000,6.000,6.000,6.000,-0.180342,-0.047724,0.004200,0.037945,0.004200,0.039549,-0.035000,-0.064916,0.536565,0.203457,0.000000,1.000000,1.000000,0.000000,0.000000,0.000000,0.000000,0.125229,0.493110
3.5900,-0.08582,-0.02426,0.46407,0.99203,0.07087,-0.02049,0.10217,-0.08766,0.00821,0.31530,0.31446,0.13677,0.03790,1,0.10567,0.13677,0.037530,0.06728,6.0230,-0.0027,-1.6427,2.2812,6.0204,-26.2244,7.8461,0,0.04900,0.01900,0.5401,0.0000,-0.018701,0.034920,-10.8914,15.1245,104.9553,-33.6500,7.6152,106.4753,0.0000,0.0000,0.0000,0.0000,0.0000,0.0000,-0.049012,-0.005282,103.8820,-0.048823,-0.013476,106.4753,0.000000,0.000000,0.0000,0.000000,0.000000,0.0000,0.59079,-0.25146,-0.44343,0.38074,0.05903,0.19212,-0.38477,0.34359,0.13517,1.09132,-0.49239,0.49343,1.09182,0.50437,0.68562,0.11846,3.74097,-1.31285,-2.15147,-5.36355,-5.39813,0.29924,-0.53480,6.00132,2.48219,2.80447,1.07027,0.07166,4.54242,0.90670,0.44476,0.15708,6.000,6.000,12.000,12.000,6.000,6.000,6.000,6.000,12.000,12.000,6.000,6.000,6.000,6.000,6.000,6.000,-0.192331,-0.051332,0.004200,0.037901,0.004200,0.039504,-0.035000,-0.064916,0.574100,0.215840,0.000000,1.000000,1.000000,0.000000,0.000000,0.000000,0.000000,0.161358,0.497033
3.5950,-0.08898,-0.02634,0.46338,0.99236,0.07261,-0.02028,0.09762,-0.09082,0.00788,0.31563,0.31446,0.13707,0.03786,1,0.11214,0.13707,0.038192,0.19356,-3.3559,-0.0029,-1.7414,2.2709,3.9207,-30.6383,5.7531,0,0.04900,0.01900,0.4277,0.0000,-0.024232,0.042915,-11.5456,15.0558,91.0345,-21.9099,-10.1091,94.0381,0.0000,0.0000,0.0000,0.0000,0.0000,0.0000,-0.049015,-0.019015,89.5159,-0.048788,-0.002572,94.0381,0.000000,0.000000,0.0000,0.000000,0.000000,0.0000,0.63026,-0.26142,-0.44398,0.38088,0.05132,0.21401,-0.34060,0.39313,0.13724,1.10192,-0.46745,0.48265,1.09391,0.52115,0.66393,0.11279,-3.81621,-6.00145,5.26184,-2.08445,-2.91891,1.30711,5.58481,6.00148,-8.07054,-11.59324,-2.27356,-0.78468,6.00148,0.29756,-6.00148,-1.30654,6.000,6.000,12.000,12.000,6.000,6.000,6.000,6.000,12.000,12.000,6.000,6.000,6.000,6.000,6.000,6.000,-0.201173,-0.042458,0.004200,0.037856,0.004200,0.039460,-0.035000,-0.064916,0.592861,0.220518,0.000000,1.000000,1.000000,0.000000,0.000000,0.000000,0.000000,0.192117,0.493431
3.6000,-0.09204,-0.02815,0.46244,0.99218,0.07767,-0.01905,0.09587,-0.09401,0.00751,0.31601,0.31446,0.14082,0.03781,1,0.11924,0.14082,0.039239,0.21973,-19.9560,-0.0036,-1.8409,2.2595,-3.2405,-72.2525,-8.5612,0,0.04900,0.01900,0.9532,0.0000,-0.020941,0.041073,-12.2051,14.9806,43.5558,6.4745,-24.2514,43.8942,0.0000,0.0000,0.0000,0.0000,0.0000,0.0000,-0.049055,-0.019054,42.0880,-0.048765,-0.005547,43.8942,0.000000,0.000000,0.0000,0.000000,0.000000,0.0000,0.64250,-0.28003,-0.44540,0.38210,0.04303,0.22977,-0.34735,0.40795,0.14900,1.15152,-0.54611,0.47356,1.09350,0.49425,0.66720,0.01717,-6.00249,-6.00244,6.98115,1.38646,-0.13857,0.43364,-6.00254,6.00255,5.01047,12.00254,-6.00254,6.00254,6.00254,-3.09124,6.00254,-6.00254,6.000,6.000,12.000,12.000,6.000,6.000,6.000,6.000,12.000,12.000,6.000,6.000,6.000,6.000,6.000,6.000,-0.206171,-0.018830,0.004200,0.037811,0.004200,0.039415,-0.035000,-0.064916,0.595533,0.217862,0.000000,1.000000,1.000000,0.000000,0.000000,0.000000,0.000000,0.214010,0.482645
3.6050,-0.09520,-0.02985,0.46136,0.99154,0.08523,-0.01786,0.09621,-0.09717,0.00713,0.31628,0.31446,0.15126,0.03777,1,0.12789,0.15126,0.040382,0.23787,-24.9570,-0.0046,-1.9394,2.2476,0.5415,-130.5880,-23.5439,0,0.04900,0.01900,0.6631,0.0000,-0.014541,0.036125,-12.8581,14.9018,68.6303,2.5858,9.1069,23.7977,0.0000,0.0000,0.0000,0.0000,0.0000,0.0000,-0.049018,-0.019018,66.6576,-0.048750,-0.013273,23.7977,0.000000,0.000000,0.0000,0.000000,0.000000,0.0000,0.64045,-0.30430,-0.43865,0.37259,0.03949,0.24374,-0.39899,0.39666,0.18287,1.21811,-0.69163,0.37868,1.09128,0.39446,0.67308,-0.10323,-6.00129,-6.00129,10.64544,0.41849,-1.05980,0.71059,-6.00133,6.00133,-0.75582,-0.77008,-6.00132,-6.00133,6.00133,-6.00133,-6.00133,-6.00133,6.000,6.000,12.000,12.000,6.000,6.000,6.000,6.000,12.000,12.000,6.000,6.000,6.000,6.000,6.000,6.000,-0.212124,-0.001913,0.004200,0.037766,0.004200,0.039370,-0.035000,-0.064916,0.609949,0.219933,0.000000,1.000000,1.000000,0.000000,0.000000,0.000000,0.000000,0.229768,0.473562
3.6100,-0.09848,-0.03169,0.46062,0.99068,0.09402,-0.01751,0.09698,-0.10033,0.00680,0.31644,0.31446,0.16657,0.03772,1,0.13469,0.16657,0.041608,0.25660,-28.0202,-0.0057,-2.0380,2.2372,1.7553,-163.5885,-15.8141,0,0.04900,0.01900,0.5841,0.0000,-0.009911,0.032427,-13.5117,14.8325,76.6778,-7.0758,16.1641,50.3563,0.0000,0.0000,0.0000,0.0000,0.0000,0.0000,-0.049008,-0.019008,74.4046,-0.048749,-0.018938,50.3563,0.000000,0.000000,0.0000,0.000000,0.000000,0.0000,0.63490,-0.32894,-0.41875,0.34629,0.04023,0.25627,-0.46597,0.37079,0.24003,1.23922,-0.83271,0.21647,1.08822,0.24194,0.65216,-0.17912,-6.00062,-6.00061,12.00062,-0.97932,-1.20851,0.78452,-4.15426,6.00063,-6.48997,-10.00306,-6.00063,-6.00063,6.00063,-6.00063,-6.00063,-6.00063,6.000,6.000,12.000,12.000,6.000,6.000,6.000,6.000,12.000,12.000,6.000,6.000,6.000,6.000,6.000,6.000,-0.225003,-0.013283,0.004200,0.037721,0.004200,0.039325,-0.035000,-0.064916,0.650240,0.234809,0.000000,1.000000,1.000000,0.000000,0.000000,0.000000,0.000000,0.243737,0.378676
3.6150,-0.10192,-0.03374,0.46009,0.98973,0.10379,-0.01836,0.09653,-0.10351,0.00650,0.31654,0.31446,0.18418,0.03768,1,0.13923,0.18418,0.042940,0.27746,-28.1348,-0.0070,-2.1374,2.2279,2.0009,-182.7181,-2.4181,0,0.04900,0.01900,0.3292,0.0000,-0.009698,0.032393,-14.1707,14.7711,78.3061,-6.0598,5.3858,41.0489,0.0000,0.0000,0.0000,0.0000,0.0000,0.0000,-0.049031,-0.019030,75.7956,-0.048771,-0.018946,41.0489,0.000000,0.000000,0.0000,0.000000,0.000000,0.0000,0.62449,-0.35217,-0.38913,0.30574,0.04566,0.26814,-0.51503,0.34386,0.29873,1.22219,-0.93053,0.03435,1.08521,0.06462,0.60732,-0.22428,-6.00242,-6.00242,8.00595,-1.94979,-1.23537,0.72247,6.00247,6.00247,3.26254,-2.28637,-6.00246,-6.00247,6.00246,-6.00247,-6.00247,-6.00247,6.000,6.000,12.000,12.000,6.000,6.000,6.000,6.000,12.000,12.000,6.000,6.000,6.000,6.000,6.000,6.000,-0.222814,-0.016550,0.004200,0.037677,0.004200,0.039280,-0.035000,-0.064916,0.644501,0.233401,0.000000,1.000000,1.000000,0.000000,0.000000,0.000000,0.000000,0.256270,0.216468
3.6200,-0.10559,-0.03613,0.45980,0.98884,0.11379,-0.02126,0.09378,-0.10670,0.00620,0.31657,0.31446,0.20362,0.03763,1,0.14085,0.20362,0.044222,0.25070,-35.0695,-0.0083,-2.2368,2.2186,-0.5713,-208.1599,16.6877,0,0.04900,0.01900,0.4722,0.0000,-0.022730,0.044326,-14.8303,14.7090,61.2523,21.6051,-17.3181,97.7400,0.0000,0.0000,0.0000,0.0000,0.0000,0.0000,-0.049029,-0.019029,58.8451,-0.048883,-0.001163,97.7400,0.000000,0.000000,0.0000,0.000000,0.000000,0.0000,0.61079,-0.36911,-0.34948,0.24827,0.06068,0.27144,-0.53049,0.32760,0.36017,1.15823,-0.98890,-0.15531,1.08287,-0.10385,0.54062,-0.24856,-2.52378,-6.00183,6.45699,-3.16763,-1.30011,0.38411,6.00183,6.00184,-1.51988,-11.38707,-6.00183,-6.00184,6.00183,-6.00184,-6.00184,-6.00184,6.000,6.000,12.000,12.000,6.000,6.000,6.000,6.000,12.000,12.000,6.000,6.000,6.000,6.000,6.000,6.000,-0.216375,-0.006927,0.004200,0.037632,0.004200,0.039236,-0.035000,-0.064916,0.623225,0.225031,0.000000,1.000000,1.000000,0.000000,0.000000,0.000000,0.000000,0.268138,0.034354
3.6250,-0.10970,-0.03863,0.45930,0.98809,0.12429,-0.02644,0.08673,-0.10988,0.00587,0.31657,0.31446,0.22336,0.03759,1,0.14244,0.22336,0.045295,0.19538,-41.7997,-0.0096,-2.3359,2.2083,-4.4177,-213.9432,49.9683,0,0.04900,0.01900,0.9447,0.0000,-0.009916,0.032145,-14.2332,13.0891,36.7880,4.8152,-16.9488,31.0915,0.0000,0.0000,0.0000,0.0000,0.0000,0.0000,-0.049070,-0.019070,35.0680,-0.048842,-0.018966,31.0915,0.000000,0.000000,0.0000,0.000000,0.000000,0.0000,0.59742,-0.37829,-0.31040,0.19882,0.07159,0.25282,-0.53823,0.30241,0.42197,1.09683,-1.02154,-0.34825,1.08189,-0.21221,0.45362,-0.25888,-6.00255,-6.00257,7.25981,-0.28716,0.62274,-0.32907,6.00259,6.00259,12.00253,8.57890,-6.00258,-6.00259,6.00256,-6.00259,-6.00260,-6.00259,6.000,6.000,12.000,12.000,6.000,6.000,6.000,6.000,12.000,12.000,6.000,6.000,6.000,6.000,6.000,6.000,-0.212574,-0.012837,0.004200,0.037587,0.004200,0.039191,-0.035000,-0.064916,0.612939,0.222561,0.000000,1.000000,1.000000,0.000000,0.000000,0.000000,0.000000,0.271444,-0.155311
3.6300,-0.11430,-0.04124,0.45853,0.98718,0.13575,-0.03478,0.07635,-0.11302,0.00552,0.31642,0.31446,0.24411,0.03754,1,0.14476,0.24411,0.046178,0.16870,-38.5358,-0.0106,-2.4338,2.1973,2.8540,-232.4923,79.1246,0,0.04900,0.01900,1.0597,0.0000,-0.010599,0.032251,-16.1363,14.5680,83.9624,15.5586,-1.6721,24.6153,0.0000,0.0000,0.0000,0.0000,0.0000,0.0000,-0.049023,-0.019023,81.1891,-0.048901,-0.018986,24.6153,0.000000,0.000000,0.0000,0.000000,0.000000,0.0000,0.58674,-0.38235,-0.26792,0.16104,0.07265,0.22342,-0.53841,0.26890,0.49448,1.03309,-1.03757,-0.51276,1.08154,-0.27635,0.35109,-0.26011,-1.25756,-6.00205,7.56673,-0.22186,-2.19774,-0.02266,6.00208,6.00208,12.00204,-0.67877,-6.00210,-6.00210,6.00205,-6.00209,-6.00210,-6.00210,6.000,6.000,12.000,12.000,6.000,6.000,6.000,6.000,12.000,12.000,6.000,6.000,6.000,6.000,6.000,6.000,-0.217470,-0.005938,0.004200,0.037542,0.004200,0.039146,-0.035000,-0.064916,0.626364,0.225893,0.000000,1.000000,1.000000,0.000000,0.000000,0.000000,0.000000,0.252821,-0.348247
3.6350,-0.11909,-0.04403,0.45755,0.98568,0.14827,-0.04634,0.06559,-0.11614,0.00518,0.31623,0.31446,0.26692,0.03750,1,0.14615,0.26692,0.046941,0.15605,-57.7694,-0.0115,-2.5314,1.5979,1.3103,-263.0080,133.2858,0,0.04900,0.01900,0.3588,0.0000,-0.011396,0.032384,-16.7825,10.5929,73.7278,-9.0049,18.0795,93.8317,0.0000,0.0000,0.0000,0.0000,0.0000,0.0000,-0.049030,-0.019031,72.4497,-0.048961,-0.018998,93.8317,0.000000,0.000000,0.0000,0.000000,0.000000,0.0000,0.57908,-0.38357,-0.21890,0.13625,0.06004,0.19165,-0.50333,0.25400,0.57921,0.93871,-1.04197,-0.61621,1.08118,-0.31040,0.26107,-0.25625,-2.88056,-6.00243,12.00227,4.19556,-1.55029,-0.03466,6.00248,6.00247,12.00233,-4.91864,-6.00248,-6.00250,6.00238,-6.00248,4.32327,-6.00250,6.000,6.000,12.000,12.000,6.000,6.000,6.000,6.000,12.000,12.000,6.000,6.000,6.000,6.000,6.000,6.000,-0.199709,0.009115,0.004200,0.037497,0.004200,0.039101,-0.035000,-0.046045,0.572526,0.205875,0.000000,1.000000,1.000000,0.000000,0.000000,0.000000,0.000000,0.223422,-0.512761
3.6400,-0.12397,-0.04690,0.45654,0.98364,0.16159,-0.05850,0.05407,-0.11926,0.00487,0.31614,0.31446,0.29213,0.03745,1,0.14640,0.29213,0.047924,0.20736,-67.2208,-0.0122,-2.6285,0.2945,-4.5203,-281.1012,172.1928,0,0.04900,0.01900,0.8380,0.0000,-0.036503,0.061723,-17.1727,1.3428,35.1323,41.9909,-29.3200,101.8727,0.0000,0.0000,0.0000,0.0000,0.0000,0.0000,-0.049063,-0.019065,37.2515,-0.048980,0.018999,101.8727,0.000000,0.000000,0.0000,0.000000,0.000000,0.0000,0.57351,-0.38335,-0.17788,0.13631,0.03891,0.16865,-0.44074,0.25522,0.63425,0.87609,-1.03738,-0.67732,1.08077,-0.32445,0.19691,-0.24979,-4.02073,-6.00262,12.00243,4.92332,-0.48372,-0.37433,6.00266,6.00263,12.00243,-2.57733,-6.00269,-6.00272,6.00250,-6.00266,6.00251,-6.00274,6.000,6.000,12.000,12.000,6.000,6.000,6.000,6.000,12.000,12.000,6.000,6.000,6.000,6.000,6.000,6.000,-0.184226,0.022912,0.004200,0.037453,0.004200,0.039057,-0.035000,-0.004565,0.526078,0.188986,0.000000,1.000000,1.000000,0.000000,0.000000,0.000000,0.000000,0.191649,-0.616212
3.6450,-0.12874,-0.04974,0.45541,0.98091,0.17626,-0.07064,0.04205,-0.12224,0.00451,0.31614,0.31446,0.31976,0.03741,1,0.14548,0.31976,0.048743,0.15070,-57.8393,-0.0132,-2.7215,0.5522,-4.4531,-309.6168,179.3556,1,0.04900,0.01900,0.0000,0.0000,0.000000,0.000000,-12.7576,-9.9147,36.7854,0.0000,0.0000,0.0000,0.0000,0.0000,0.0000,0.0000,0.0000,0.0000,-0.049097,-0.019094,39.8473,0.000000,0.000000,0.0000,0.000000,0.000000,0.0000,0.000000,0.000000,0.0000,0.56954,-0.38173,-0.13976,0.15993,0.00212,0.14855,-0.37728,0.24720,0.66668,0.84768,-1.02769,-0.70949,1.08030,-0.32556,0.15975,-0.24202,-4.02073,-6.00262,12.00243,4.92332,-0.48372,-0.37433,6.00266,6.00263,12.00243,-2.57733,-6.00269,-6.00272,6.00250,-6.00266,6.00251,-6.00274,6.000,6.000,12.000,12.000,6.000,6.000,6.000,6.000,12.000,12.000,6.000,6.000,6.000,6.000,6.000,6.000,-0.197055,0.020006,0.004200,0.037408,0.004200,0.039012,-0.035000,-0.013194,0.564562,0.202005,0.000000,1.000000,1.000000,0.000000,0.000000,0.000000,0.000000,0.168651,-0.677318
3.6500,-0.13332,-0.05255,0.45410,0.97749,0.19193,-0.08240,0.02979,-0.12518,0.00413,0.31597,0.31446,0.35108,0.03736,1,0.14316,0.35108,0.049384,0.13441,-54.1992,-0.0140,-2.8133,0.2829,-3.7013,-338.1062,178.3596,1,0.04900,0.01900,0.0000,0.0000,0.000000,0.000000,-9.8408,-27.3925,42.4278,0.0000,0.0000,0.0000,0.0000,0.0000,0.0000,0.0000,0.0000,0.0000,-0.049058,-0.019056,47.2680,0.000000,0.000000,0.0000,0.000000,0.000000,0.0000,0.000000,0.000000,0.0000,0.56702,-0.37919,-0.10165,0.19918,-0.04244,0.12983,-0.31020,0.23378,0.68386,0.84044,-1.01555,-0.72229,1.07975,-0.31862,0.14757,-0.23375,-4.02073,-6.00262,12.00243,4.92332,-0.48372,-0.37433,6.00266,6.00263,12.00243,-2.57733,-6.00269,-6.00272,6.00250,-6.00266,6.00251,-6.00274,6.000,6.000,12.000,12.000,6.000,6.000,6.000,6.000,12.000,12.000,6.000,6.000,6.000,6.000,6.000,6.000,-0.202837,0.022729,0.004200,0.037363,0.004200,0.038967,-0.035000,-0.004937,0.581910,0.207553,0.000000,1.000000,1.000000,0.000000,0.000000,0.000000,0.000000,0.148555,-0.709487
3.6550,-0.13766,-0.05522,0.45267,0.97375,0.20712,-0.09277,0.01771,-0.12812,0.00376,0.31555,0.31446,0.38541,0.03732,1,0.14029,0.38541,0.050119,0.17055,-60.0729,-0.0147,-2.9051,-0.2656,-1.5373,-359.9978,175.1915,0,0.04900,0.01900,0.0000,0.0000,0.000000,0.000000,-12.0091,-43.7964,55.9983,0.0000,0.0000,0.0000,0.0000,0.0000,0.0000,0.0000,0.0000,0.0000,-0.049031,-0.019029,63.1692,0.000000,0.000000,0.0000,0.000000,0.000000,0.0000,0.000000,0.000000,0.0000,0.56896,-0.37445,-0.05324,0.21010,-0.08128,0.14144,-0.25783,0.20508,0.69111,0.85227,-1.00279,-0.72256,1.07922,-0.30707,0.15769,-0.22551,-3.05569,-6.00164,12.00189,-7.11195,-2.94583,1.63231,-6.00212,6.00202,12.00201,0.48251,-6.00213,-6.00214,6.00198,-6.00216,6.00215,-6.00215,6.000,6.000,12.000,12.000,6.000,6.000,6.000,6.000,12.000,12.000,6.000,6.000,6.000,6.000,6.000,6.000,-0.200872,0.028436,0.004200,0.037318,0.004200,0.038922,-0.035000,0.012275,0.576013,0.205263,0.000000,1.000000,1.000000,0.000000,0.000000,0.000000,0.000000,0.129828,-0.722285
3.6600,-0.14167,-0.05786,0.45118,0.96972,0.22187,-0.10195,0.00493,-0.13106,0.00339,0.31489,0.31446,0.41954,0.03727,1,0.13588,0.41954,0.050992,0.23487,-75.1776,-0.0154,-2.9968,0.0294,1.2881,-346.4305,149.4086,0,0.04900,0.01900,0.0000,0.0000,0.000000,0.000000,-13.9927,-70.7914,72.4044,0.0000,0.0000,0.0000,0.0000,0.0000,0.0000,0.0000,0.0000,0.0000,-0.049039,-0.019039,85.1835,0.000000,0.000000,0.0000,0.000000,0.000000,0.0000,0.000000,0.000000,0.0000,0.57323,-0.36731,0.02380,0.15791,-0.12823,0.20166,-0.19168,0.18585,0.69208,0.86219,-0.99020,-0.71502,1.07863,-0.29313,0.18741,-0.21766,-1.56714,-6.00308,12.00269,-6.82196,-3.88326,3.45834,6.00374,6.00340,12.00354,-5.10547,-6.00373,-6.00377,6.00334,-6.00367,6.00379,-6.00379,6.000,6.000,12.000,12.000,6.000,6.000,6.000,6.000,12.000,12.000,6.000,6.000,6.000,6.000,6.000,6.000,-0.204831,0.025131,0.004200,0.037274,0.004200,0.038877,-0.035000,0.002451,0.587890,0.209383,0.000000,1.000000,1.000000,0.000000,0.000000,0.000000,0.000000,0.141438,-0.722558
3.6650,-0.14542,-0.06055,0.45015,0.96587,0.23483,-0.10895,-0.00861,-0.13400,0.00302,0.31400,0.31446,0.45354,0.03723,1,0.12803,0.45354,0.052603,0.41432,-88.6000,-0.0162,-3.0884,-1.3827,-0.4377,-353.0973,133.5782,0,0.04900,0.01900,0.9941,0.0000,-0.035868,0.051568,-45.8805,-116.4684,72.1037,11.7059,-59.6882,101.9917,0.0000,0.0000,0.0000,0.0000,0.0000,0.0000,-0.007873,-0.019073,110.1516,-0.048855,-0.018956,101.9917,0.000000,0.000000,0.0000,0.000000,0.000000,0.0000,0.58380,-0.35620,0.10541,0.06572,-0.12700,0.23541,-0.11252,0.17405,0.69033,0.84261,-0.97744,-0.70281,1.07787,-0.27836,0.23337,-0.21032,0.26067,-2.57439,12.00743,-12.00937,-2.90120,4.31642,6.00968,6.00684,12.00900,-12.00971,-6.00967,-6.01009,6.00721,-6.00910,6.00969,-6.00985,6.000,6.000,12.000,12.000,6.000,6.000,6.000,6.000,12.000,12.000,6.000,6.000,6.000,6.000,6.000,6.000,-0.188320,0.040065,0.004200,0.037229,0.004200,0.038833,-0.035000,0.047341,0.538360,0.192541,0.000000,1.000000,1.000000,0.000000,0.000000,0.000000,0.000000,0.201662,-0.715016
3.6700,-0.14893,-0.06329,0.44977,0.96247,0.24549,-0.11355,-0.02219,-0.13690,0.00245,0.31320,0.31446,0.48423,0.03718,1,0.11663,0.48423,0.055193,0.61411,-76.6411,-0.0178,-3.1789,0.1198,-3.5664,-317.7720,90.1436,1,0.04900,0.01900,1.1062,0.0000,-0.039189,0.060685,-59.6571,-158.5473,83.0683,4.7734,-84.4042,127.3966,0.0000,0.0000,0.0000,0.0000,0.0000,0.0000,0.003296,-0.025862,143.4691,-0.048789,-0.018910,127.3966,0.000000,0.000000,0.0000,0.000000,0.000000,0.0000,0.59840,-0.34155,0.18132,-0.04661,-0.08381,0.24955,-0.02629,0.16447,0.68736,0.78552,-0.96483,-0.68819,1.07696,-0.26375,0.29393,-0.20355,0.26067,-2.57439,12.00743,-12.00937,-2.90120,4.31642,6.00968,6.00684,12.00900,-12.00971,-6.00967,-6.01009,6.00721,-6.00910,6.00969,-6.00985,6.000,6.000,12.000,12.000,6.000,6.000,6.000,6.000,12.000,12.000,6.000,6.000,6.000,6.000,6.000,6.000,-0.202514,0.023790,0.004200,0.037184,0.004200,0.038788,-0.035000,-0.001394,0.580940,0.207147,0.000000,1.000000,1.000000,0.000000,0.000000,0.000000,0.000000,0.235414,-0.702808
3.6750,-0.15259,-0.06606,0.44919,0.95954,0.25423,-0.11576,-0.03526,-0.13978,0.00158,0.31261,0.31446,0.51006,0.03714,1,0.10581,0.51006,0.056952,0.26775,-79.1758,-0.0204,-3.2686,1.5902,-8.8476,-294.7572,58.7012,0,0.04900,0.01900,0.0000,0.0000,0.000000,0.000000,66.5775,-91.9826,134.5179,0.0000,0.0000,0.0000,0.0000,0.0000,0.0000,0.0000,0.0000,0.0000,-0.050182,-0.022710,138.8896,0.000000,0.000000,0.0000,0.000000,0.000000,0.0000,0.000000,0.000000,0.0000,0.56433,-0.33062,0.14860,0.01659,-0.12045,0.35525,0.07108,0.16716,0.66451,0.76128,-0.95477,-0.67275,1.07660,-0.24982,0.36560,-0.19728,-2.80790,5.75680,-13.82331,13.28372,-0.96294,5.93885,6.40082,8.64878,12.25753,12.17210,-6.53354,-6.41166,7.87618,-6.90166,6.11884,-6.00111,6.000,6.000,12.000,12.000,6.000,6.000,6.000,6.000,12.000,12.000,6.000,6.000,6.000,6.000,6.000,6.000,-0.215723,0.007759,0.004200,0.037139,0.004200,0.038743,-0.035000,-0.049397,0.620568,0.221876,0.000000,1.000000,1.000000,0.000000,0.000000,0.000000,0.000000,0.249545,-0.688194
3.6800,-0.15648,-0.06875,0.44793,0.95709,0.26043,-0.11740,-0.04871,-0.14264,0.00064,0.31189,0.31446,0.53138,0.03709,1,0.09759,0.53138,0.057919,0.27062,-76.8671,-0.0221,-3.3580,1.4247,-1.7977,-261.1264,20.6773,0,0.04900,0.01900,0.0000,0.0000,0.000000,0.000000,-30.8505,-154.4361,68.6185,0.0000,0.0000,0.0000,0.0000,0.0000,0.0000,0.0000,0.0000,0.0000,0.052409,-0.023354,139.2755,0.000000,0.000000,0.0000,0.000000,0.000000,0.0000,0.000000,0.000000,0.0000,0.48699,-0.31459,0.04382,0.15893,-0.09184,0.46486,0.19401,0.20096,0.62013,0.79635,-0.94806,-0.65751,1.07670,-0.23671,0.44748,-0.19161,-0.93943,7.12384,-13.73487,1.92694,5.23206,5.90284,6.88355,10.90364,12.06667,12.66065,-7.03652,-6.60159,9.53371,-7.56792,6.28265,-6.00008,6.000,6.000,12.000,12.000,6.000,6.000,6.000,6.000,12.000,12.000,6.000,6.000,6.000,6.000,6.000,6.000,-0.227701,0.009185,0.004200,0.037094,0.004200,0.038698,-0.035000,-0.045029,0.656502,0.233574,0.000000,1.000000,1.000000,0.000000,0.000000,0.000000,0.000000,0.355249,-0.672748
