t,x,y,z,qw,qx,qy,qz,com_x,com_y,com_z,com_ref_z,tilt,com_ref_y,n_stance,swing_z,trunk_tilt,foot_z,foot_vz,acc_ref_z,e_lin_z,acom_x,acom_y,acom_z,arp_r,arp_p,degraded,cop_lx,cop_ly,slip_l,slip_r,patch_lx,patch_ly,fqp_l_x,fqp_l_y,fqp_l_z,fmj_l_x,fmj_l_y,fmj_l_z,fqp_r_x,fqp_r_y,fqp_r_z,fmj_r_x,fmj_r_y,fmj_r_z,cop_qp_l_x,cop_qp_l_y,fz_qp_l,cop_mj_l_x,cop_mj_l_y,fz_mj_l,cop_qp_r_x,cop_qp_r_y,fz_qp_r,cop_mj_r_x,cop_mj_r_y,fz_mj_r,left_hip_yaw_joint,left_hip_roll_joint,left_hip_pitch_joint,left_knee_joint,left_ankle_pitch_joint,left_ankle_roll_joint,right_hip_yaw_joint,right_hip_roll_joint,right_hip_pitch_joint,right_knee_joint,right_ankle_pitch_joint,right_ankle_roll_joint,left_shoulder_pitch_joint,left_elbow_joint,right_shoulder_pitch_joint,right_elbow_joint,tau_left_hip_yaw_joint,tau_left_hip_roll_joint,tau_left_hip_pitch_joint,tau_left_knee_joint,tau_left_ankle_pitch_joint,tau_left_ankle_roll_joint,tau_right_hip_yaw_joint,tau_right_hip_roll_joint,tau_right_hip_pitch_joint,tau_right_knee_joint,tau_right_ankle_pitch_joint,tau_right_ankle_roll_joint,tau_left_shoulder_pitch_joint,tau_left_elbow_joint,tau_right_shoulder_pitch_joint,tau_right_elbow_joint,lim_left_hip_yaw_joint,lim_left_hip_roll_joint,lim_left_hip_pitch_joint,lim_left_knee_joint,lim_left_ankle_pitch_joint,lim_left_ankle_roll_joint,lim_right_hip_yaw_joint,lim_right_hip_roll_joint,lim_right_hip_pitch_joint,lim_right_knee_joint,lim_right_ankle_pitch_joint,lim_right_ankle_roll_joint,lim_left_shoulder_pitch_joint,lim_left_elbow_joint,lim_right_shoulder_pitch_joint,lim_right_elbow_joint,xi_x,xi_y,xi_ref_x,xi_ref_y,zmp_ref_x,zmp_ref_y,zmp_cmd_x,zmp_cmd_y,zmp_clamp,dcm_err,support,step,share_l,share_r,swing_tgt_x,swing_tgt_y,swing_tgt_z,ankle_roll_l,ankle_roll_r
0.0000,0.00020,0.00001,0.48033,1.00000,0.00000,-0.00125,0.00000,0.00608,-0.00000,0.31445,0.31445,0.00282,0.00625,2,0.03442,0.00282,0.034422,0.01259,-1.0021,0.0000,-0.1977,0.5849,-1.1491,-0.0000,-2.3167,0,0.04900,0.01900,0.0753,0.0753,0.002218,0.083855,-0.6607,1.9385,20.0058,0.0868,-1.4880,33.0016,-0.6503,1.9394,37.4158,0.0868,1.4880,33.0016,0.018769,-0.007180,20.0113,-0.001987,0.014036,33.0016,0.013678,-0.004024,37.4080,-0.001987,-0.014036,33.0016,-0.00071,-0.00028,-0.34814,0.70668,-0.35465,-0.00296,0.00071,0.00018,-0.34812,0.70665,-0.35463,0.00310,0.00033,-0.00039,0.00034,-0.00039,0.00217,-0.44083,0.06080,-0.26725,0.31914,0.08069,0.00207,-0.43654,0.26129,-0.73786,0.45408,0.07845,0.02106,0.00131,0.02107,0.00131,6.000,6.000,12.000,12.000,6.000,6.000,6.000,6.000,12.000,12.000,6.000,6.000,6.000,6.000,6.000,6.000,0.006935,-0.000000,0.004194,0.006250,0.004194,0.000000,0.012416,-0.018749,0.000000,0.006824,0.000000,0.000000,0.365726,0.634274,0.000000,0.000000,0.000000,-0.003195,0.003195
0.0050,0.00024,0.00004,0.48038,1.00000,0.00000,-0.00110,0.00000,0.00610,0.00001,0.31452,0.31445,0.00249,0.00642,2,0.03448,0.00249,0.034483,0.01196,-1.1083,-0.0001,-0.1851,0.5487,-0.9209,-0.0241,-1.9877,0,0.04900,0.01900,0.1375,0.0883,0.021576,0.064284,-0.6186,1.8219,21.3065,-0.5932,1.7136,21.9848,-0.6086,1.8161,37.6280,-0.5942,1.9883,39.1704,0.014150,-0.005470,21.3114,0.017385,-0.005521,21.9848,0.011406,-0.003664,37.6209,0.013207,-0.003970,39.1704,-0.00069,-0.00043,-0.34863,0.70709,-0.35497,-0.00250,0.00069,0.00008,-0.34857,0.70697,-0.35491,0.00300,0.00032,-0.00037,0.00033,-0.00037,0.00256,-0.40608,0.01913,-0.36992,0.24431,0.06417,0.00160,-0.42493,0.20597,-0.81097,0.37174,0.06991,0.01391,0.00116,0.01463,0.00123,6.000,6.000,12.000,12.000,6.000,6.000,6.000,6.000,12.000,12.000,6.000,6.000,6.000,6.000,6.000,6.000,0.006807,0.000506,0.004194,0.006424,0.004194,0.000175,0.012032,-0.017580,0.000000,0.006469,0.000000,0.000000,0.374097,0.625903,0.000000,0.000000,0.000000,-0.002957,0.003105
0.0100,0.00028,0.00009,0.48042,1.00000,0.00001,-0.00097,0.00000,0.00612,0.00003,0.31457,0.31445,0.00220,0.00660,2,0.03453,0.00220,0.034540,0.01093,-1.1560,-0.0001,-0.1730,0.5145,-0.7565,-0.0423,-1.7447,0,0.04900,0.01900,0.1222,0.0828,0.017387,0.065558,-0.5783,1.7105,22.3720,-0.5353,1.5992,23.0105,-0.5689,1.7005,37.6526,-0.5388,1.8663,39.1270,0.011232,-0.004356,22.3761,0.013196,-0.004249,23.0105,0.009848,-0.003372,37.6465,0.011012,-0.003620,39.1270,-0.00068,-0.00066,-0.34918,0.70766,-0.35537,-0.00190,0.00069,-0.00008,-0.34908,0.70744,-0.35525,0.00290,0.00031,-0.00034,0.00032,-0.00034,0.00278,-0.37564,-0.00585,-0.44649,0.19578,0.05297,0.00129,-0.40860,0.16827,-0.85924,0.31567,0.06393,0.00936,0.00110,0.01054,0.00120,6.000,6.000,12.000,12.000,6.000,6.000,6.000,6.000,12.000,12.000,6.000,6.000,6.000,6.000,6.000,6.000,0.006684,0.000995,0.004194,0.006599,0.004194,0.000349,0.011663,-0.016461,0.000000,0.006132,0.000000,0.000000,0.382111,0.617889,0.000000,0.000000,0.000000,-0.002496,0.002996
0.0150,0.00031,0.00015,0.48044,1.00000,0.00001,-0.00086,0.00000,0.00613,0.00006,0.31461,0.31445,0.00195,0.00677,2,0.03458,0.00195,0.034591,0.00971,-1.1642,-0.0002,-0.1616,0.4822,-0.6374,-0.0564,-1.5598,0,0.04900,0.01900,0.1095,0.0777,0.014669,0.066401,-0.5402,1.6047,23.2632,-0.4845,1.4922,23.8805,-0.5313,1.5924,37.5508,-0.4895,1.7491,38.9733,0.009323,-0.003587,23.2666,0.010477,-0.003404,23.8805,0.008750,-0.003115,37.5455,0.009485,-0.003329,38.9733,-0.00067,-0.00096,-0.34974,0.70827,-0.35577,-0.00122,0.00069,-0.00029,-0.34959,0.70795,-0.35558,0.00285,0.00028,-0.00031,0.00030,-0.00031,0.00287,-0.34856,-0.01990,-0.50486,0.16474,0.04489,0.00109,-0.38967,0.14233,-0.89054,0.27716,0.05932,0.00649,0.00106,0.00797,0.00118,6.000,6.000,12.000,12.000,6.000,6.000,6.000,6.000,12.000,12.000,6.000,6.000,6.000,6.000,6.000,6.000,0.006566,0.001468,0.004194,0.006773,0.004194,0.000524,0.011310,-0.015393,0.000000,0.005812,0.000000,0.000000,0.389762,0.610238,0.000000,0.000000,0.000000,-0.001896,0.002903
0.0200,0.00033,0.00023,0.48047,1.00000,0.00001,-0.00075,0.00000,0.00614,0.00011,0.31464,0.31445,0.00172,0.00695,2,0.03462,0.00172,0.034636,0.00842,-1.1472,-0.0002,-0.1509,0.4519,-0.5512,-0.0671,-1.4150,0,0.04900,0.01900,0.0988,0.0730,0.012862,0.066990,-0.5043,1.5047,24.0226,-0.4398,1.3928,24.6360,-0.4960,1.4911,37.3635,-0.4453,1.6376,38.7521,0.008026,-0.003028,24.0253,0.008670,-0.002813,24.6360,0.007949,-0.002877,37.3589,0.008399,-0.003069,38.7521,-0.00066,-0.00130,-0.35026,0.70883,-0.35613,-0.00049,0.00069,-0.00056,-0.35007,0.70841,-0.35587,0.00286,0.00025,-0.00028,0.00028,-0.00028,0.00286,-0.32412,-0.02697,-0.55052,0.14506,0.03876,0.00094,-0.36938,0.12409,-0.91030,0.25013,0.05547,0.00471,0.00103,0.00633,0.00115,6.000,6.000,12.000,12.000,6.000,6.000,6.000,6.000,12.000,12.000,6.000,6.000,6.000,6.000,6.000,6.000,0.006455,0.001924,0.004194,0.006948,0.004194,0.000698,0.010976,-0.014374,0.000000,0.005509,0.000000,0.000000,0.397060,0.602940,0.000000,0.000000,0.000000,-0.001216,0.002853
0.0250,0.00035,0.00033,0.48049,1.00000,0.00002,-0.00066,-0.00000,0.00615,0.00017,0.31467,0.31445,0.00151,0.00712,2,0.03465,0.00151,0.034674,0.00718,-1.1157,-0.0003,-0.1408,0.4233,-0.4889,-0.0752,-1.2980,0,0.04900,0.01900,0.0896,0.0687,0.011630,0.067424,-0.4707,1.4103,24.6803,-0.4007,1.2993,25.3037,-0.4630,1.3963,37.1184,-0.4059,1.5329,38.4879,0.007107,-0.002606,24.6823,0.007436,-0.002376,25.3037,0.007339,-0.002654,37.1146,0.007604,-0.002831,38.4879,-0.00065,-0.00168,-0.35073,0.70929,-0.35642,0.00024,0.00069,-0.00087,-0.35050,0.70878,-0.35610,0.00294,0.00021,-0.00024,0.00025,-0.00024,0.00277,-0.30176,-0.02973,-0.58720,0.13259,0.03393,0.00083,-0.34850,0.11083,-0.92222,0.23050,0.05212,0.00360,0.00099,0.00526,0.00111,6.000,6.000,12.000,12.000,6.000,6.000,6.000,6.000,12.000,12.000,6.000,6.000,6.000,6.000,6.000,6.000,0.006350,0.002364,0.004194,0.007122,0.004194,0.000873,0.010661,-0.013402,0.000000,0.005224,0.000000,0.000000,0.404021,0.595979,0.000000,0.000000,0.000000,-0.000494,0.002861
0.0300,0.00036,0.00043,0.48051,1.00000,0.00002,-0.00057,-0.00000,0.00615,0.00023,0.31469,0.31445,0.00132,0.00730,2,0.03468,0.00132,0.034706,0.00604,-1.0773,-0.0003,-0.1315,0.3965,-0.4445,-0.0813,-1.2011,0,0.04900,0.01900,0.0814,0.0647,0.010762,0.067762,-0.4393,1.3214,25.2581,-0.3666,1.2108,25.9019,-0.4322,1.3074,36.8352,-0.3715,1.4362,38.1975,0.006427,-0.002274,25.2596,0.006567,-0.002035,25.9019,0.006853,-0.002444,36.8320,0.007003,-0.002612,38.1975,-0.00064,-0.00211,-0.35114,0.70963,-0.35663,0.00098,0.00070,-0.00124,-0.35089,0.70906,-0.35626,0.00308,0.00017,-0.00021,0.00022,-0.00021,0.00266,-0.28098,-0.02990,-0.61742,0.12461,0.03001,0.00075,-0.32759,0.10076,-0.92878,0.21557,0.04913,0.00291,0.00095,0.00454,0.00106,6.000,6.000,12.000,12.000,6.000,6.000,6.000,6.000,12.000,12.000,6.000,6.000,6.000,6.000,6.000,6.000,0.006251,0.002790,0.004194,0.007297,0.004194,0.001047,0.010365,-0.012475,0.000000,0.004954,0.000000,0.000000,0.410661,0.589339,0.000000,0.000000,0.000000,0.000242,0.002937
0.0350,0.00037,0.00055,0.48052,1.00000,0.00003,-0.00049,-0.00001,0.00615,0.00031,0.31472,0.31445,0.00115,0.00747,2,0.03470,0.00115,0.034734,0.00501,-1.0370,-0.0003,-0.1227,0.3713,-0.4132,-0.0856,-1.1193,0,0.04900,0.01900,0.0742,0.0611,0.010127,0.068036,-0.4100,1.2377,25.7728,-0.3362,1.1272,26.4426,-0.4034,1.2239,36.5280,-0.3409,1.3464,37.8905,0.005902,-0.002003,25.7738,0.005931,-0.001759,26.4426,0.006451,-0.002249,36.5253,0.006529,-0.002410,37.8905,-0.00063,-0.00257,-0.35148,0.70986,-0.35675,0.00170,0.00071,-0.00165,-0.35122,0.70923,-0.35634,0.00330,0.00012,-0.00019,0.00019,-0.00019,0.00251,-0.26138,-0.02856,-0.64290,0.11939,0.02676,0.00069,-0.30701,0.09271,-0.93164,0.20363,0.04647,0.00249,0.00090,0.00403,0.00100,6.000,6.000,12.000,12.000,6.000,6.000,6.000,6.000,12.000,12.000,6.000,6.000,6.000,6.000,6.000,6.000,0.006158,0.003201,0.004194,0.007471,0.004194,0.001222,0.010085,-0.011589,0.000000,0.004700,0.000000,0.000000,0.417001,0.582999,0.000000,0.000000,0.000000,0.000977,0.003083
0.0400,0.00038,0.00068,0.48054,1.00000,0.00003,-0.00042,-0.00001,0.00615,0.00040,0.31474,0.31445,0.00098,0.00765,2,0.03472,0.00098,0.034756,0.00412,-0.9978,-0.0004,-0.1145,0.3476,-0.3915,-0.0886,-1.0491,0,0.04900,0.01900,0.0676,0.0577,0.009644,0.068265,-0.3825,1.1589,26.2372,-0.3089,1.0483,26.9351,-0.3765,1.1455,36.2073,-0.3133,1.2628,37.5736,0.005478,-0.001774,26.2379,0.005446,-0.001528,26.9351,0.006103,-0.002068,36.2050,0.006140,-0.002225,37.5736,-0.00061,-0.00306,-0.35177,0.70996,-0.35680,0.00242,0.00072,-0.00210,-0.35150,0.70930,-0.35634,0.00358,0.00008,-0.00016,0.00016,-0.00016,0.00235,-0.24272,-0.02641,-0.66485,0.11578,0.02401,0.00061,-0.28696,0.08593,-0.93199,0.19355,0.04411,0.00222,0.00084,0.00364,0.00093,6.000,6.000,12.000,12.000,6.000,6.000,6.000,6.000,12.000,12.000,6.000,6.000,6.000,6.000,6.000,6.000,0.006070,0.003599,0.004194,0.007646,0.004194,0.001396,0.009820,-0.010744,0.000000,0.004460,0.000000,0.000000,0.423059,0.576941,0.000000,0.000000,0.000000,0.001704,0.003298
0.0450,0.00038,0.00081,0.48056,1.00000,0.00004,-0.00035,-0.00002,0.00615,0.00049,0.31475,0.31445,0.00084,0.00782,2,0.03474,0.00084,0.034774,0.00335,-0.9613,-0.0004,-0.1068,0.3253,-0.3768,-0.0904,-0.9883,0,0.04900,0.01900,0.0617,0.0546,0.009260,0.068462,-0.3567,1.0848,26.6613,-0.2840,0.9739,27.3873,-0.3513,1.0718,35.8809,-0.2881,1.1847,37.2521,0.005123,-0.001575,26.6617,0.005061,-0.001328,27.3873,0.005792,-0.001902,35.8790,0.005808,-0.002057,37.2521,-0.00060,-0.00358,-0.35201,0.70996,-0.35676,0.00313,0.00073,-0.00259,-0.35174,0.70928,-0.35628,0.00391,0.00003,-0.00014,0.00012,-0.00014,0.00217,-0.22482,-0.02389,-0.68414,0.11306,0.02166,0.00052,-0.26754,0.07995,-0.93064,0.18463,0.04199,0.00205,0.00079,0.00332,0.00085,6.000,6.000,12.000,12.000,6.000,6.000,6.000,6.000,12.000,12.000,6.000,6.000,6.000,6.000,6.000,6.000,0.005986,0.003985,0.004194,0.007821,0.004194,0.001571,0.009570,-0.009935,0.000000,0.004233,0.000000,0.000000,0.428849,0.571151,0.000000,0.000000,0.000000,0.002420,0.003577
0.0500,0.00038,0.00096,0.48058,1.00000,0.00004,-0.00028,-0.00002,0.00614,0.00059,0.31477,0.31445,0.00070,0.00800,2,0.03475,0.00070,0.034789,0.00270,-0.9284,-0.0004,-0.0996,0.3043,-0.3670,-0.0915,-0.9353,0,0.04900,0.01900,0.0564,0.0516,0.008942,0.068636,-0.3326,1.0152,27.0528,-0.2612,0.9039,27.8055,-0.3277,1.0026,35.5546,-0.2649,1.1118,36.9303,0.004814,-0.001399,27.0530,0.004741,-0.001152,27.8055,0.005507,-0.001747,35.5530,0.005513,-0.001902,36.9303,-0.00058,-0.00413,-0.35219,0.70986,-0.35666,0.00382,0.00075,-0.00311,-0.35194,0.70918,-0.35616,0.00430,-0.00002,-0.00012,0.00009,-0.00012,0.00197,-0.20758,-0.02126,-0.70137,0.11080,0.01961,0.00041,-0.24882,0.07447,-0.92815,0.17643,0.04009,0.00194,0.00073,0.00304,0.00078,6.000,6.000,12.000,12.000,6.000,6.000,6.000,6.000,12.000,12.000,6.000,6.000,6.000,6.000,6.000,6.000,0.005907,0.004359,0.004194,0.007995,0.004194,0.001745,0.009334,-0.009162,0.000000,0.004019,0.000000,0.000000,0.434388,0.565612,0.000000,0.000000,0.000000,0.003125,0.003914
0.0550,0.00038,0.00112,0.48059,1.00000,0.00005,-0.00022,-0.00003,0.00613,0.00070,0.31479,0.31445,0.00057,0.00817,2,0.03476,0.00057,0.034801,0.00216,-0.8993,-0.0004,-0.0928,0.2847,-0.3606,-0.0920,-0.8887,0,0.04900,0.01900,0.0515,0.0488,0.008669,0.068793,-0.3100,0.9498,27.4174,-0.2400,0.8380,28.1949,-0.3056,0.9376,35.2323,-0.2434,1.0435,36.6115,0.004541,-0.001240,27.4175,0.004467,-0.000993,28.1949,0.005240,-0.001605,35.2309,0.005244,-0.001760,36.6115,-0.00057,-0.00471,-0.35234,0.70968,-0.35650,0.00451,0.00076,-0.00366,-0.35210,0.70902,-0.35599,0.00474,-0.00007,-0.00010,0.00005,-0.00010,0.00178,-0.19092,-0.01866,-0.71698,0.10874,0.01781,0.00029,-0.23079,0.06931,-0.92493,0.16869,0.03838,0.00186,0.00068,0.00278,0.00070,6.000,6.000,12.000,12.000,6.000,6.000,6.000,6.000,12.000,12.000,6.000,6.000,6.000,6.000,6.000,6.000,0.005833,0.004723,0.004194,0.008170,0.004194,0.001920,0.009110,-0.008421,0.000000,0.003817,0.000000,0.000000,0.439691,0.560309,0.000000,0.000000,0.000000,0.003821,0.004304
0.0600,0.00037,0.00129,0.48061,1.00000,0.00005,-0.00017,-0.00004,0.00612,0.00082,0.31480,0.31445,0.00045,0.00834,2,0.03477,0.00045,0.034810,0.00170,-0.8738,-0.0004,-0.0865,0.2662,-0.3566,-0.0921,-0.8478,0,0.04900,0.01900,0.0471,0.0461,0.008428,0.068935,-0.2888,0.8883,27.7597,-0.2203,0.7760,28.5596,-0.2849,0.8764,34.9166,-0.2233,0.9796,36.2980,0.004293,-0.001094,27.7597,0.004225,-0.000849,28.5596,0.004986,-0.001472,34.9154,0.004993,-0.001628,36.2980,-0.00055,-0.00531,-0.35245,0.70942,-0.35629,0.00520,0.00078,-0.00425,-0.35224,0.70879,-0.35578,0.00522,-0.00012,-0.00008,0.00002,-0.00008,0.00158,-0.17479,-0.01617,-0.73128,0.10673,0.01620,0.00016,-0.21344,0.06438,-0.92123,0.16126,0.03682,0.00180,0.00063,0.00254,0.00063,6.000,6.000,12.000,12.000,6.000,6.000,6.000,6.000,12.000,12.000,6.000,6.000,6.000,6.000,6.000,6.000,0.005762,0.005075,0.004194,0.008344,0.004194,0.002094,0.008898,-0.007712,0.000000,0.003625,0.000000,0.000000,0.444769,0.555231,0.000000,0.000000,0.000000,0.004510,0.004741
0.0650,0.00037,0.00146,0.48063,1.00000,0.00006,-0.00012,-0.00005,0.00611,0.00094,0.31482,0.31445,0.00034,0.00852,2,0.03478,0.00034,0.034817,0.00133,-0.8519,-0.0004,-0.0806,0.2488,-0.3541,-0.0918,-0.8119,0,0.04900,0.01900,0.0430,0.0436,0.008210,0.069066,-0.2690,0.8305,28.0830,-0.2020,0.7178,28.9030,-0.2655,0.8189,34.6094,-0.2046,0.9196,35.9917,0.004066,-0.000958,28.0830,0.004006,-0.000716,28.9030,0.004743,-0.001349,34.6084,0.004754,-0.001507,35.9917,-0.00053,-0.00594,-0.35254,0.70911,-0.35603,0.00588,0.00080,-0.00486,-0.35236,0.70852,-0.35553,0.00574,-0.00016,-0.00007,-0.00001,-0.00007,0.00138,-0.15915,-0.01383,-0.74449,0.10472,0.01475,0.00002,-0.19676,0.05963,-0.91725,0.15408,0.03541,0.00174,0.00058,0.00230,0.00056,6.000,6.000,12.000,12.000,6.000,6.000,6.000,6.000,12.000,12.000,6.000,6.000,6.000,6.000,6.000,6.000,0.005695,0.005418,0.004194,0.008519,0.004194,0.002269,0.008697,-0.007032,0.000000,0.003445,0.000000,0.000000,0.449636,0.550364,0.000000,0.000000,0.000000,0.005195,0.005222
0.0700,0.00036,0.00164,0.48064,1.00000,0.00006,-0.00007,-0.00006,0.00610,0.00107,0.31483,0.31445,0.00023,0.00869,2,0.03479,0.00023,0.034823,0.00102,-0.8330,-0.0005,-0.0751,0.2325,-0.3527,-0.0914,-0.7803,0,0.04900,0.01900,0.0393,0.0413,0.008010,0.069187,-0.2504,0.7763,28.3900,-0.1848,0.6631,29.2277,-0.2473,0.7649,34.3117,-0.1871,0.8634,35.6935,0.003857,-0.000833,28.3899,0.003805,-0.000593,29.2277,0.004509,-0.001235,34.3108,0.004526,-0.001394,35.6935,-0.00052,-0.00658,-0.35260,0.70875,-0.35573,0.00657,0.00082,-0.00549,-0.35245,0.70821,-0.35525,0.00629,-0.00021,-0.00006,-0.00005,-0.00006,0.00119,-0.14397,-0.01163,-0.75678,0.10267,0.01343,-0.00011,-0.18072,0.05502,-0.91310,0.14711,0.03411,0.00169,0.00053,0.00208,0.00050,6.000,6.000,12.000,12.000,6.000,6.000,6.000,6.000,12.000,12.000,6.000,6.000,6.000,6.000,6.000,6.000,0.005632,0.005752,0.004194,0.008693,0.004194,0.002444,0.008507,-0.006381,0.000000,0.003274,0.000000,0.000000,0.454304,0.545696,0.000000,0.000000,0.000000,0.005880,0.005740
0.0750,0.00035,0.00183,0.48066,1.00000,0.00006,-0.00002,-0.00007,0.00609,0.00120,0.31485,0.31445,0.00013,0.00887,2,0.03479,0.00013,0.034827,0.00077,-0.8169,-0.0005,-0.0699,0.2171,-0.3520,-0.0909,-0.7526,0,0.04900,0.01900,0.0358,0.0390,0.007826,0.069300,-0.2329,0.7253,28.6825,-0.1687,0.6118,29.5359,-0.2303,0.7142,34.0240,-0.1707,0.8107,35.4044,0.003662,-0.000715,28.6824,0.003619,-0.000479,29.5359,0.004283,-0.001128,34.0233,0.004306,-0.001289,35.4044,-0.00050,-0.00725,-0.35263,0.70834,-0.35541,0.00725,0.00083,-0.00615,-0.35253,0.70787,-0.35494,0.00688,-0.00025,-0.00005,-0.00008,-0.00005,0.00101,-0.12922,-0.00956,-0.76827,0.10059,0.01222,-0.00025,-0.16528,0.05055,-0.90887,0.14033,0.03293,0.00164,0.00048,0.00186,0.00044,6.000,6.000,12.000,12.000,6.000,6.000,6.000,6.000,12.000,12.000,6.000,6.000,6.000,6.000,6.000,6.000,0.005572,0.006077,0.004194,0.008868,0.004194,0.002618,0.008327,-0.005755,0.000000,0.003112,0.000000,0.000000,0.458784,0.541216,0.000000,0.000000,0.000000,0.006565,0.006292
0.0800,0.00034,0.00202,0.48068,1.00000,0.00007,0.00003,-0.00008,0.00607,0.00134,0.31486,0.31445,0.00013,0.00904,2,0.03479,0.00013,0.034831,0.00057,-0.8031,-0.0005,-0.0650,0.2027,-0.3517,-0.0902,-0.7283,0,0.04900,0.01900,0.0326,0.0369,0.007654,0.069406,-0.2166,0.6775,28.9622,-0.1536,0.5637,29.8293,-0.2144,0.6665,33.7465,-0.1552,0.7612,35.1245,0.003482,-0.000604,28.9621,0.003447,-0.000372,29.8293,0.004066,-0.001028,33.7459,0.004094,-0.001192,35.1245,-0.00048,-0.00794,-0.35266,0.70791,-0.35505,0.00795,0.00085,-0.00683,-0.35260,0.70750,-0.35462,0.00749,-0.00029,-0.00004,-0.00011,-0.00004,0.00084,-0.11487,-0.00763,-0.77906,0.09848,0.01109,-0.00037,-0.15041,0.04621,-0.90461,0.13374,0.03186,0.00159,0.00044,0.00166,0.00038,6.000,6.000,12.000,12.000,6.000,6.000,6.000,6.000,12.000,12.000,6.000,6.000,6.000,6.000,6.000,6.000,0.005515,0.006393,0.004194,0.009042,0.004194,0.002793,0.008156,-0.005154,0.000000,0.002960,0.000000,0.000000,0.463086,0.536914,0.000000,0.000000,0.000000,0.007255,0.006876
0.0850,0.00033,0.00222,0.48069,1.00000,0.00007,0.00007,-0.00008,0.00606,0.00149,0.31488,0.31445,0.00014,0.00922,2,0.03480,0.00014,0.034833,0.00041,-0.7914,-0.0005,-0.0604,0.1892,-0.3516,-0.0895,-0.7071,0,0.04900,0.01900,0.0297,0.0348,0.007494,0.069504,-0.2013,0.6326,29.2303,-0.1395,0.5185,30.1094,-0.1995,0.6217,33.4791,-0.1408,0.7147,34.8541,0.003313,-0.000501,29.2302,0.003286,-0.000271,30.1094,0.003855,-0.000934,33.4786,0.003888,-0.001100,34.8541,-0.00046,-0.00864,-0.35267,0.70745,-0.35468,0.00865,0.00087,-0.00753,-0.35265,0.70711,-0.35427,0.00812,-0.00033,-0.00003,-0.00014,-0.00003,0.00068,-0.10091,-0.00580,-0.78923,0.09636,0.01004,-0.00050,-0.13608,0.04202,-0.90036,0.12736,0.03087,0.00154,0.00040,0.00147,0.00033,6.000,6.000,12.000,12.000,6.000,6.000,6.000,6.000,12.000,12.000,6.000,6.000,6.000,6.000,6.000,6.000,0.005461,0.006702,0.004194,0.009217,0.004194,0.002967,0.007993,-0.004577,0.000000,0.002816,0.000000,0.000000,0.467221,0.532779,0.000000,0.000000,0.000000,0.007950,0.007487
0.0900,0.00031,0.00243,0.48071,1.00000,0.00008,0.00011,-0.00009,0.00604,0.00164,0.31489,0.31445,0.00014,0.00939,2,0.03480,0.00014,0.034835,0.00028,-0.7814,-0.0005,-0.0562,0.1765,-0.3516,-0.0888,-0.6885,0,0.04900,0.01900,0.0270,0.0329,0.007344,0.069597,-0.1869,0.5905,29.4878,-0.1263,0.4762,30.3773,-0.1855,0.5797,33.2216,-0.1272,0.6711,34.5931,0.003157,-0.000403,29.4876,0.003135,-0.000177,30.3773,0.003652,-0.000847,33.2211,0.003689,-0.001015,34.5931,-0.00045,-0.00937,-0.35267,0.70696,-0.35429,0.00936,0.00088,-0.00825,-0.35270,0.70671,-0.35392,0.00878,-0.00037,-0.00002,-0.00018,-0.00003,0.00054,-0.08731,-0.00406,-0.79883,0.09426,0.00905,-0.00061,-0.12226,0.03797,-0.89615,0.12118,0.02998,0.00149,0.00036,0.00129,0.00029,6.000,6.000,12.000,12.000,6.000,6.000,6.000,6.000,12.000,12.000,6.000,6.000,6.000,6.000,6.000,6.000,0.005409,0.007004,0.004194,0.009391,0.004194,0.003142,0.007839,-0.004022,0.000000,0.002679,0.000000,0.000000,0.471198,0.528802,0.000000,0.000000,0.000000,0.008652,0.008123
0.0950,0.00029,0.00264,0.48072,1.00000,0.00008,0.00015,-0.00010,0.00602,0.00179,0.31491,0.31445,0.00022,0.00957,2,0.03480,0.00022,0.034836,0.00018,-0.7728,-0.0005,-0.0522,0.1646,-0.3516,-0.0880,-0.6723,0,0.04900,0.01900,0.0246,0.0311,0.007203,0.069684,-0.1735,0.5510,29.7354,-0.1139,0.4366,30.6342,-0.1725,0.5401,32.9737,-0.1145,0.6302,34.3413,0.003011,-0.000311,29.7353,0.002994,-0.000089,30.6342,0.003456,-0.000765,32.9732,0.003497,-0.000935,34.3413,-0.00043,-0.01010,-0.35266,0.70646,-0.35388,0.01008,0.00090,-0.00899,-0.35273,0.70629,-0.35355,0.00946,-0.00041,-0.00002,-0.00021,-0.00002,0.00040,-0.07406,-0.00239,-0.80791,0.09218,0.00811,-0.00071,-0.10893,0.03406,-0.89198,0.11521,0.02916,0.00144,0.00032,0.00112,0.00025,6.000,6.000,12.000,12.000,6.000,6.000,6.000,6.000,12.000,12.000,6.000,6.000,6.000,6.000,6.000,6.000,0.005361,0.007298,0.004194,0.009566,0.004194,0.003316,0.007693,-0.003487,0.000000,0.002550,0.000000,0.000000,0.475025,0.524975,0.000000,0.000000,0.000000,0.009362,0.008782
0.1000,0.00028,0.00286,0.48074,1.00000,0.00008,0.00018,-0.00011,0.00600,0.00194,0.31492,0.31445,0.00029,0.00974,2,0.03481,0.00029,0.034836,0.00009,-0.7654,-0.0005,-0.0485,0.1534,-0.3517,-0.0872,-0.6581,0,0.04900,0.01900,0.0223,0.0294,0.007072,0.069766,-0.1610,0.5139,29.9740,-0.1023,0.3994,30.8807,-0.1603,0.5030,32.7348,-0.1026,0.5918,34.0984,0.002874,-0.000224,29.9738,0.002862,-0.000006,30.8807,0.003266,-0.000688,32.7345,0.003311,-0.000860,34.0984,-0.00042,-0.01086,-0.35264,0.70595,-0.35347,0.01081,0.00091,-0.00974,-0.35277,0.70587,-0.35318,0.01016,-0.00044,-0.00002,-0.00023,-0.00002,0.00028,-0.06113,-0.00078,-0.81653,0.09015,0.00722,-0.00080,-0.09605,0.03029,-0.88787,0.10947,0.02842,0.00140,0.00029,0.00097,0.00022,6.000,6.000,12.000,12.000,6.000,6.000,6.000,6.000,12.000,12.000,6.000,6.000,6.000,6.000,6.000,6.000,0.005314,0.007586,0.004194,0.009740,0.004194,0.003491,0.007555,-0.002972,0.000000,0.002428,0.000000,0.000000,0.478712,0.521288,0.000000,0.000000,0.000000,0.010082,0.009462
0.1050,0.00026,0.00308,0.48076,1.00000,0.00009,0.00022,-0.00012,0.00598,0.00210,0.31493,0.31445,0.00037,0.00991,2,0.03481,0.00037,0.034836,0.00003,-0.7590,-0.0005,-0.0450,0.1429,-0.3517,-0.0865,-0.6458,0,0.04900,0.01900,0.0201,0.0277,0.006949,0.069843,-0.1492,0.4791,30.2040,-0.0914,0.3646,31.1178,-0.1489,0.4682,32.5047,-0.0914,0.5558,33.8641,0.002747,-0.000142,30.2039,0.002739,0.000072,31.1178,0.003084,-0.000616,32.5044,0.003131,-0.000790,33.8641,-0.00040,-0.01162,-0.35262,0.70543,-0.35305,0.01155,0.00093,-0.01051,-0.35279,0.70543,-0.35280,0.01088,-0.00048,-0.00001,-0.00026,-0.00002,0.00017,-0.04850,0.00078,-0.82471,0.08818,0.00637,-0.00089,-0.08360,0.02667,-0.88382,0.10394,0.02775,0.00135,0.00026,0.00083,0.00018,6.000,6.000,12.000,12.000,6.000,6.000,6.000,6.000,12.000,12.000,6.000,6.000,6.000,6.000,6.000,6.000,0.005271,0.007868,0.004194,0.009915,0.004194,0.003665,0.007423,-0.002476,0.000000,0.002313,0.000000,0.000000,0.482266,0.517734,0.000000,0.000000,0.000000,0.010811,0.010161
0.1100,0.00024,0.00330,0.48077,1.00000,0.00009,0.00025,-0.00012,0.00596,0.00227,0.31494,0.31445,0.00044,0.01009,2,0.03481,0.00044,0.034836,-0.00002,-0.7535,-0.0005,-0.0417,0.1330,-0.3516,-0.0857,-0.6350,0,0.04900,0.01900,0.0182,0.0262,0.006834,0.069915,-0.1382,0.4464,30.4260,-0.0813,0.3321,31.3459,-0.1383,0.4355,32.2829,-0.0809,0.5220,33.6381,0.002629,-0.000065,30.4259,0.002623,0.000145,31.3459,0.002908,-0.000549,32.2826,0.002958,-0.000725,33.6381,-0.00039,-0.01240,-0.35260,0.70490,-0.35262,0.01230,0.00094,-0.01129,-0.35282,0.70499,-0.35242,0.01161,-0.00051,-0.00001,-0.00029,-0.00001,0.00007,-0.03617,0.00230,-0.83248,0.08627,0.00555,-0.00096,-0.07156,0.02320,-0.87984,0.09862,0.02716,0.00131,0.00023,0.00070,0.00016,6.000,6.000,12.000,12.000,6.000,6.000,6.000,6.000,12.000,12.000,6.000,6.000,6.000,6.000,6.000,6.000,0.005229,0.008144,0.004194,0.010089,0.004194,0.003840,0.007298,-0.001998,0.000000,0.002204,0.000000,0.000000,0.485695,0.514305,0.000000,0.000000,0.000000,0.011550,0.010878
0.1150,0.00022,0.00353,0.48079,1.00000,0.00009,0.00028,-0.00013,0.00594,0.00243,0.31496,0.31445,0.00050,0.01026,2,0.03481,0.00050,0.034836,-0.00006,-0.7486,-0.0005,-0.0386,0.1238,-0.3516,-0.0849,-0.6257,0,0.04900,0.01900,0.0164,0.0247,0.006727,0.069983,-0.1279,0.4159,30.6405,-0.0718,0.3016,31.5658,-0.1283,0.4048,32.0689,-0.0712,0.4902,33.4198,0.002519,0.000008,30.6404,0.002516,0.000214,31.5658,0.002739,-0.000487,32.0686,0.002791,-0.000664,33.4198,-0.00038,-0.01319,-0.35257,0.70437,-0.35218,0.01306,0.00095,-0.01208,-0.35283,0.70454,-0.35203,0.01236,-0.00053,-0.00001,-0.00031,-0.00001,-0.00002,-0.02411,0.00381,-0.83988,0.08444,0.00476,-0.00102,-0.05990,0.01986,-0.87592,0.09352,0.02662,0.00127,0.00021,0.00058,0.00013,6.000,6.000,12.000,12.000,6.000,6.000,6.000,6.000,12.000,12.000,6.000,6.000,6.000,6.000,6.000,6.000,0.005190,0.008414,0.004194,0.010264,0.004194,0.004014,0.007180,-0.001535,0.000000,0.002101,0.000000,0.000000,0.489005,0.510995,0.000000,0.000000,0.000000,0.012300,0.011612
0.1200,0.00020,0.00376,0.48080,1.00000,0.00009,0.00031,-0.00014,0.00592,0.00260,0.31497,0.31445,0.00057,0.01044,2,0.03482,0.00057,0.034836,-0.00009,-0.7444,-0.0005,-0.0358,0.1151,-0.3515,-0.0841,-0.6175,0,0.04900,0.01900,0.0147,0.0233,0.006627,0.070047,-0.1183,0.3872,30.8479,-0.0629,0.2732,31.7779,-0.1190,0.3760,31.8623,-0.0621,0.4604,33.2091,0.002417,0.000077,30.8478,0.002415,0.000279,31.7779,0.002576,-0.000428,31.8621,0.002630,-0.000608,33.2091,-0.00037,-0.01399,-0.35254,0.70384,-0.35174,0.01383,0.00096,-0.01288,-0.35285,0.70410,-0.35164,0.01312,-0.00056,-0.00001,-0.00034,-0.00001,-0.00010,-0.01232,0.00529,-0.84693,0.08268,0.00399,-0.00107,-0.04860,0.01666,-0.87206,0.08864,0.02615,0.00123,0.00019,0.00048,0.00011,6.000,6.000,12.000,12.000,6.000,6.000,6.000,6.000,12.000,12.000,6.000,6.000,6.000,6.000,6.000,6.000,0.005152,0.008679,0.004194,0.010439,0.004194,0.004189,0.007067,-0.001089,0.000000,0.002003,0.000000,0.000000,0.492204,0.507796,0.000000,0.000000,0.000000,0.013059,0.012360
0.1250,0.00018,0.00399,0.48082,1.00000,0.00010,0.00034,-0.00014,0.00590,0.00277,0.31498,0.31445,0.00063,0.01061,2,0.03482,0.00063,0.034835,-0.00011,-0.7406,-0.0005,-0.0331,0.1070,-0.3513,-0.0834,-0.6104,0,0.04900,0.01900,0.0132,0.0220,0.006533,0.070108,-0.1094,0.3603,31.0485,-0.0547,0.2465,31.9828,-0.1104,0.3489,31.6626,-0.0536,0.4325,33.0054,0.002321,0.000142,31.0485,0.002321,0.000340,31.9828,0.002419,-0.000374,31.6624,0.002475,-0.000555,33.0054,-0.00036,-0.01481,-0.35250,0.70330,-0.35130,0.01461,0.00097,-0.01370,-0.35286,0.70364,-0.35124,0.01390,-0.00058,-0.00001,-0.00036,-0.00001,-0.00017,-0.00076,0.00675,-0.85366,0.08100,0.00324,-0.00111,-0.03765,0.01360,-0.86827,0.08396,0.02574,0.00119,0.00017,0.00039,0.00009,6.000,6.000,12.000,12.000,6.000,6.000,6.000,6.000,12.000,12.000,6.000,6.000,6.000,6.000,6.000,6.000,0.005116,0.008940,0.004194,0.010613,0.004194,0.004364,0.006960,-0.000657,0.000000,0.001911,0.000000,0.000000,0.495297,0.504703,0.000000,0.000000,0.000000,0.013828,0.013122
0.1300,0.00016,0.00423,0.48083,1.00000,0.00010,0.00037,-0.00015,0.00588,0.00295,0.31499,0.31445,0.00069,0.01079,2,0.03482,0.00069,0.034835,-0.00013,-0.7371,-0.0005,-0.0307,0.0993,-0.3511,-0.0826,-0.6042,0,0.04900,0.01900,0.0117,0.0208,0.006446,0.070164,-0.1010,0.3351,31.2429,-0.0470,0.2217,32.1808,-0.1023,0.3236,31.4695,-0.0456,0.4063,32.8085,0.002233,0.000203,31.2429,0.002234,0.000398,32.1808,0.002269,-0.000324,31.4694,0.002326,-0.000506,32.8085,-0.00035,-0.01563,-0.35247,0.70276,-0.35086,0.01540,0.00098,-0.01452,-0.35286,0.70319,-0.35085,0.01468,-0.00060,-0.00000,-0.00038,-0.00001,-0.00023,0.01056,0.00821,-0.86008,0.07941,0.00252,-0.00114,-0.02702,0.01066,-0.86454,0.07948,0.02539,0.00116,0.00015,0.00031,0.00007,6.000,6.000,12.000,12.000,6.000,6.000,6.000,6.000,12.000,12.000,6.000,6.000,6.000,6.000,6.000,6.000,0.005083,0.009195,0.004194,0.010788,0.004194,0.004538,0.006859,-0.000239,0.000000,0.001823,0.000000,0.000000,0.498291,0.501709,0.000000,0.000000,0.000000,0.014607,0.013897
0.1350,0.00014,0.00447,0.48085,1.00000,0.00010,0.00040,-0.00015,0.00585,0.00312,0.31501,0.31445,0.00074,0.01096,2,0.03482,0.00074,0.034834,-0.00014,-0.7340,-0.0005,-0.0284,0.0922,-0.3509,-0.0818,-0.5988,0,0.04900,0.01900,0.0104,0.0196,0.006365,0.070218,-0.0932,0.3115,31.4313,-0.0398,0.1984,32.3724,-0.0948,0.2997,31.2827,-0.0383,0.3817,32.6179,0.002150,0.000261,31.4313,0.002153,0.000452,32.3724,0.002124,-0.000278,31.2825,0.002183,-0.000461,32.6179,-0.00035,-0.01646,-0.35243,0.70222,-0.35042,0.01619,0.00098,-0.01535,-0.35287,0.70273,-0.35046,0.01548,-0.00062,-0.00000,-0.00040,-0.00001,-0.00028,0.02166,0.00966,-0.86621,0.07789,0.00180,-0.00117,-0.01670,0.00784,-0.86086,0.07519,0.02509,0.00113,0.00014,0.00023,0.00006,6.000,6.000,12.000,12.000,6.000,6.000,6.000,6.000,12.000,12.000,6.000,6.000,6.000,6.000,6.000,6.000,0.005050,0.009447,0.004194,0.010962,0.004194,0.004713,0.006763,0.000166,0.000000,0.001741,0.000000,0.000000,0.501191,0.498809,0.000000,0.000000,0.000000,0.015396,0.014684
0.1400,0.00011,0.00471,0.48086,1.00000,0.00011,0.00043,-0.00015,0.00583,0.00330,0.31502,0.31445,0.00080,0.01114,2,0.03482,0.00080,0.034833,-0.00015,-0.7312,-0.0005,-0.0262,0.0855,-0.3506,-0.0810,-0.5941,0,0.04900,0.01900,0.0092,0.0185,0.006289,0.070269,-0.0859,0.2894,31.6140,-0.0332,0.1767,32.5579,-0.0878,0.2774,31.1016,-0.0314,0.3587,32.4333,0.002073,0.000315,31.6140,0.002077,0.000504,32.5579,0.001985,-0.000235,31.1015,0.002045,-0.000419,32.4333,-0.00034,-0.01730,-0.35239,0.70168,-0.34997,0.01700,0.00099,-0.01619,-0.35287,0.70228,-0.35006,0.01629,-0.00063,-0.00000,-0.00042,-0.00001,-0.00033,0.03256,0.01110,-0.87208,0.07646,0.00111,-0.00119,-0.00667,0.00515,-0.85724,0.07109,0.02484,0.00110,0.00013,0.00017,0.00005,6.000,6.000,12.000,12.000,6.000,6.000,6.000,6.000,12.000,12.000,6.000,6.000,6.000,6.000,6.000,6.000,0.005020,0.009694,0.004194,0.011137,0.004194,0.004887,0.006671,0.000559,0.000000,0.001662,0.000000,0.000000,0.504002,0.495998,0.000000,0.000000,0.000000,0.016193,0.015482
0.1450,0.00009,0.00496,0.48087,1.00000,0.00011,0.00045,-0.00015,0.00581,0.00348,0.31503,0.31445,0.00085,0.01131,2,0.03482,0.00085,0.034832,-0.00016,-0.7286,-0.0005,-0.0242,0.0792,-0.3503,-0.0802,-0.5899,0,0.04900,0.01900,0.0081,0.0175,0.006219,0.070316,-0.0791,0.2688,31.7914,-0.0270,0.1565,32.7377,-0.0813,0.2565,30.9261,-0.0250,0.3370,32.2544,0.002002,0.000367,31.7914,0.002006,0.000552,32.7377,0.001851,-0.000196,30.9260,0.001912,-0.000381,32.2544,-0.00034,-0.01814,-0.35235,0.70114,-0.34953,0.01781,0.00099,-0.01704,-0.35286,0.70182,-0.34967,0.01711,-0.00064,-0.00000,-0.00044,-0.00000,-0.00037,0.04327,0.01255,-0.87769,0.07511,0.00042,-0.00120,0.00308,0.00256,-0.85367,0.06716,0.02464,0.00107,0.00011,0.00012,0.00003,6.000,6.000,12.000,12.000,6.000,6.000,6.000,6.000,12.000,12.000,6.000,6.000,6.000,6.000,6.000,6.000,0.004991,0.009937,0.004194,0.011311,0.004194,0.005062,0.006584,0.000940,0.000000,0.001588,0.000000,0.000000,0.506730,0.493270,0.000000,0.000000,0.000000,0.016999,0.016290
0.1500,0.00007,0.00520,0.48089,1.00000,0.00011,0.00048,-0.00016,0.00579,0.00366,0.31504,0.31445,0.00090,0.01149,2,0.03482,0.00090,0.034831,-0.00016,-0.7261,-0.0005,-0.0223,0.0733,-0.3501,-0.0795,-0.5862,0,0.04900,0.01900,0.0071,0.0165,0.006153,0.070361,-0.0728,0.2494,31.9638,-0.0213,0.1377,32.9121,-0.0753,0.2368,30.7557,-0.0191,0.3168,32.0809,0.001936,0.000416,31.9638,0.001941,0.000598,32.9121,0.001722,-0.000160,30.7556,0.001785,-0.000346,32.0809,-0.00034,-0.01899,-0.35231,0.70060,-0.34909,0.01863,0.00099,-0.01789,-0.35286,0.70136,-0.34927,0.01793,-0.00065,-0.00000,-0.00045,-0.00000,-0.00041,0.05379,0.01399,-0.88307,0.07384,-0.00025,-0.00120,0.01257,0.00008,-0.85016,0.06341,0.02449,0.00105,0.00010,0.00007,0.00002,6.000,6.000,12.000,12.000,6.000,6.000,6.000,6.000,12.000,12.000,6.000,6.000,6.000,6.000,6.000,6.000,0.004963,0.010177,0.004194,0.011486,0.004194,0.005236,0.006502,0.001310,0.000000,0.001518,0.000000,0.000000,0.509379,0.490621,0.000000,0.000000,0.000000,0.017813,0.017107
0.1550,0.00005,0.00545,0.48090,1.00000,0.00011,0.00050,-0.00016,0.00576,0.00384,0.31505,0.31445,0.00095,0.01166,2,0.03482,0.00095,0.034831,-0.00016,-0.7239,-0.0005,-0.0206,0.0678,-0.3497,-0.0787,-0.5830,0,0.04900,0.01900,0.0061,0.0156,0.006092,0.070404,-0.0669,0.2313,32.1313,-0.0160,0.1201,33.0815,-0.0697,0.2184,30.5902,-0.0136,0.2978,31.9124,0.001875,0.000462,32.1313,0.001880,0.000641,33.0815,0.001599,-0.000127,30.5901,0.001663,-0.000314,31.9124,-0.00034,-0.01985,-0.35226,0.70006,-0.34864,0.01946,0.00099,-0.01876,-0.35285,0.70090,-0.34888,0.01877,-0.00066,-0.00000,-0.00047,-0.00000,-0.00044,0.06415,0.01544,-0.88823,0.07265,-0.00092,-0.00120,0.02181,-0.00229,-0.84668,0.05982,0.02438,0.00104,0.00009,0.00003,0.00001,6.000,6.000,12.000,12.000,6.000,6.000,6.000,6.000,12.000,12.000,6.000,6.000,6.000,6.000,6.000,6.000,0.004937,0.010413,0.004194,0.011660,0.004194,0.005411,0.006423,0.001669,0.000000,0.001452,0.000000,0.000000,0.511954,0.488046,0.000000,0.000000,0.000000,0.018634,0.017933
0.1600,0.00002,0.00570,0.48091,1.00000,0.00011,0.00052,-0.00016,0.00574,0.00403,0.31506,0.31445,0.00100,0.01183,2,0.03483,0.00100,0.034830,-0.00016,-0.7217,-0.0005,-0.0190,0.0627,-0.3494,-0.0779,-0.5801,0,0.04900,0.01900,0.0052,0.0147,0.006036,0.070444,-0.0615,0.2144,32.2944,-0.0111,0.1037,33.2461,-0.0645,0.2011,30.4293,-0.0085,0.2800,31.7487,0.001818,0.000506,32.2944,0.001823,0.000681,33.2461,0.001480,-0.000098,30.4292,0.001545,-0.000285,31.7487,-0.00034,-0.02072,-0.35222,0.69952,-0.34820,0.02030,0.00099,-0.01962,-0.35284,0.70043,-0.34849,0.01961,-0.00067,-0.00000,-0.00048,-0.00000,-0.00047,0.07434,0.01688,-0.89317,0.07153,-0.00158,-0.00120,0.03082,-0.00457,-0.84326,0.05638,0.02432,0.00102,0.00008,-0.00000,0.00001,6.000,6.000,12.000,12.000,6.000,6.000,6.000,6.000,12.000,12.000,6.000,6.000,6.000,6.000,6.000,6.000,0.004912,0.010646,0.004194,0.011835,0.004194,0.005585,0.006348,0.002019,0.000000,0.001389,0.000000,0.000000,0.514458,0.485542,0.000000,0.000000,0.000000,0.019462,0.018767
0.1650,0.00000,0.00596,0.48092,1.00000,0.00012,0.00055,-0.00016,0.00572,0.00421,0.31507,0.31445,0.00105,0.01201,2,0.03483,0.00105,0.034829,-0.00016,-0.7196,-0.0005,-0.0175,0.0578,-0.3491,-0.0772,-0.5776,0,0.04900,0.01900,0.0044,0.0139,0.005983,0.070482,-0.0564,0.1985,32.4531,-0.0066,0.0885,33.4062,-0.0597,0.1849,30.2727,-0.0038,0.2633,31.5895,0.001765,0.000548,32.4532,0.001771,0.000720,33.4062,0.001366,-0.000071,30.2726,0.001432,-0.000259,31.5895,-0.00034,-0.02159,-0.35217,0.69898,-0.34776,0.02114,0.00099,-0.02049,-0.35282,0.69997,-0.34809,0.02046,-0.00067,-0.00000,-0.00049,-0.00000,-0.00049,0.08438,0.01833,-0.89792,0.07048,-0.00223,-0.00119,0.03960,-0.00677,-0.83987,0.05310,0.02430,0.00101,0.00007,-0.00003,-0.00000,6.000,6.000,12.000,12.000,6.000,6.000,6.000,6.000,12.000,12.000,6.000,6.000,6.000,6.000,6.000,6.000,0.004889,0.010876,0.004194,0.012009,0.004194,0.005760,0.006277,0.002359,0.000000,0.001329,0.000000,0.000000,0.516896,0.483104,0.000000,0.000000,0.000000,0.020297,0.019609
0.1700,-0.00002,0.00621,0.48094,1.00000,0.00012,0.00057,-0.00016,0.00569,0.00440,0.31508,0.31445,0.00109,0.01218,2,0.03483,0.00109,0.034828,-0.00016,-0.7176,-0.0005,-0.0161,0.0533,-0.3488,-0.0764,-0.5753,0,0.04900,0.01900,0.0037,0.0131,0.005935,0.070519,-0.0517,0.1837,32.6079,-0.0025,0.0744,33.5621,-0.0552,0.1697,30.1202,0.0005,0.2476,31.4346,0.001716,0.000587,32.6079,0.001722,0.000756,33.5621,0.001256,-0.000048,30.1201,0.001324,-0.000236,31.4346,-0.00035,-0.02246,-0.35212,0.69844,-0.34732,0.02199,0.00098,-0.02137,-0.35280,0.69950,-0.34770,0.02131,-0.00067,-0.00000,-0.00050,-0.00000,-0.00051,0.09428,0.01978,-0.90248,0.06950,-0.00288,-0.00117,0.04816,-0.00887,-0.83653,0.04995,0.02432,0.00100,0.00006,-0.00005,-0.00001,6.000,6.000,12.000,12.000,6.000,6.000,6.000,6.000,12.000,12.000,6.000,6.000,6.000,6.000,6.000,6.000,0.004866,0.011103,0.004194,0.012184,0.004194,0.005934,0.006210,0.002691,0.000000,0.001273,0.000000,0.000000,0.519272,0.480728,0.000000,0.000000,0.000000,0.021138,0.020457
0.1750,-0.00005,0.00646,0.48095,1.00000,0.00012,0.00059,-0.00016,0.00567,0.00459,0.31509,0.31445,0.00114,0.01236,2,0.03483,0.00114,0.034827,-0.00016,-0.7157,-0.0005,-0.0148,0.0491,-0.3484,-0.0757,-0.5732,0,0.04900,0.01900,0.0030,0.0124,0.005890,0.070553,-0.0473,0.1699,32.7588,0.0014,0.0612,33.7139,-0.0511,0.1555,29.9715,0.0045,0.2330,31.2836,0.001670,0.000625,32.7588,0.001677,0.000791,33.7139,0.001151,-0.000027,29.9715,0.001220,-0.000215,31.2836,-0.00035,-0.02334,-0.35207,0.69791,-0.34688,0.02284,0.00098,-0.02225,-0.35277,0.69904,-0.34731,0.02217,-0.00067,-0.00000,-0.00051,-0.00000,-0.00053,0.10404,0.02123,-0.90687,0.06858,-0.00352,-0.00115,0.05653,-0.01090,-0.83322,0.04693,0.02437,0.00100,0.00005,-0.00007,-0.00001,6.000,6.000,12.000,12.000,6.000,6.000,6.000,6.000,12.000,12.000,6.000,6.000,6.000,6.000,6.000,6.000,0.004845,0.011327,0.004194,0.012358,0.004194,0.006109,0.006146,0.003014,0.000000,0.001219,0.000000,0.000000,0.521588,0.478412,0.000000,0.000000,0.000000,0.021985,0.021312
0.1800,-0.00007,0.00672,0.48096,1.00000,0.00012,0.00061,-0.00015,0.00565,0.00478,0.31510,0.31445,0.00118,0.01253,2,0.03483,0.00118,0.034827,-0.00015,-0.7139,-0.0005,-0.0137,0.0451,-0.3481,-0.0749,-0.5713,0,0.04900,0.01900,0.0024,0.0117,0.005848,0.070586,-0.0433,0.1570,32.9061,0.0049,0.0490,33.8619,-0.0473,0.1422,29.8265,0.0082,0.2192,31.1365,0.001628,0.000660,32.9061,0.001635,0.000824,33.8619,0.001050,-0.000008,29.8264,0.001119,-0.000197,31.1365,-0.00036,-0.02422,-0.35201,0.69737,-0.34644,0.02369,0.00097,-0.02313,-0.35275,0.69857,-0.34692,0.02304,-0.00066,-0.00000,-0.00052,-0.00000,-0.00054,0.11368,0.02268,-0.91109,0.06773,-0.00415,-0.00113,0.06469,-0.01285,-0.82995,0.04405,0.02447,0.00100,0.00004,-0.00008,-0.00002,6.000,6.000,12.000,12.000,6.000,6.000,6.000,6.000,12.000,12.000,6.000,6.000,6.000,6.000,6.000,6.000,0.004825,0.011548,0.004194,0.012533,0.004194,0.006283,0.006085,0.003330,0.000000,0.001169,0.000000,0.000000,0.523849,0.476151,0.000000,0.000000,0.000000,0.022837,0.022172
0.1850,-0.00009,0.00698,0.48097,1.00000,0.00012,0.00063,-0.00015,0.00562,0.00497,0.31511,0.31445,0.00122,0.01271,2,0.03483,0.00122,0.034826,-0.00015,-0.7121,-0.0005,-0.0126,0.0414,-0.3477,-0.0742,-0.5695,0,0.04900,0.01900,0.0019,0.0111,0.005809,0.070617,-0.0395,0.1449,33.0500,0.0081,0.0377,34.0064,-0.0437,0.1297,29.6848,0.0116,0.2064,30.9929,0.001589,0.000694,33.0500,0.001596,0.000855,34.0064,0.000952,0.000007,29.6848,0.001023,-0.000182,30.9929,-0.00037,-0.02510,-0.35196,0.69683,-0.34600,0.02455,0.00096,-0.02402,-0.35271,0.69810,-0.34653,0.02391,-0.00066,-0.00000,-0.00053,-0.00000,-0.00055,0.12320,0.02413,-0.91516,0.06694,-0.00479,-0.00111,0.07268,-0.01473,-0.82671,0.04128,0.02460,0.00100,0.00004,-0.00008,-0.00002,6.000,6.000,12.000,12.000,6.000,6.000,6.000,6.000,12.000,12.000,6.000,6.000,6.000,6.000,6.000,6.000,0.004805,0.011768,0.004194,0.012707,0.004194,0.006458,0.006027,0.003638,0.000000,0.001121,0.000000,0.000000,0.526057,0.473943,0.000000,0.000000,0.000000,0.023694,0.023038
0.1900,-0.00011,0.00723,0.48098,1.00000,0.00012,0.00065,-0.00015,0.00560,0.00516,0.31512,0.31445,0.00126,0.01288,2,0.03483,0.00126,0.034825,-0.00015,-0.7103,-0.0005,-0.0115,0.0380,-0.3474,-0.0735,-0.5679,0,0.04900,0.01900,0.0014,0.0105,0.005774,0.070646,-0.0360,0.1337,33.1907,0.0111,0.0272,34.1475,-0.0405,0.1180,29.5464,0.0147,0.1943,30.8527,0.001553,0.000727,33.1907,0.001561,0.000885,34.1475,0.000859,0.000021,29.5464,0.000931,-0.000168,30.8527,-0.00037,-0.02599,-0.35190,0.69630,-0.34557,0.02542,0.00096,-0.02491,-0.35268,0.69763,-0.34615,0.02478,-0.00065,-0.00000,-0.00053,-0.00000,-0.00056,0.13260,0.02558,-0.91908,0.06620,-0.00542,-0.00108,0.08049,-0.01654,-0.82350,0.03863,0.02476,0.00100,0.00003,-0.00009,-0.00003,6.000,6.000,12.000,12.000,6.000,6.000,6.000,6.000,12.000,12.000,6.000,6.000,6.000,6.000,6.000,6.000,0.004787,0.011984,0.004194,0.012882,0.004194,0.006633,0.005971,0.003940,0.000000,0.001075,0.000000,0.000000,0.528216,0.471784,0.000000,0.000000,0.000000,0.024555,0.023908
0.1950,-0.00014,0.00749,0.48099,1.00000,0.00012,0.00067,-0.00014,0.00558,0.00535,0.31513,0.31445,0.00130,0.01306,2,0.03483,0.00130,0.034824,-0.00014,-0.7086,-0.0005,-0.0106,0.0347,-0.3470,-0.0727,-0.5665,0,0.04900,0.01900,0.0011,0.0100,0.005741,0.070675,-0.0328,0.1232,33.3283,0.0138,0.0175,34.2855,-0.0375,0.1070,29.4111,0.0175,0.1830,30.7156,0.001520,0.000758,33.3284,0.001528,0.000913,34.2855,0.000768,0.000031,29.4110,0.000842,-0.000158,30.7156,-0.00038,-0.02688,-0.35184,0.69576,-0.34513,0.02629,0.00095,-0.02580,-0.35264,0.69716,-0.34576,0.02566,-0.00064,-0.00000,-0.00054,-0.00000,-0.00057,0.14191,0.02704,-0.92286,0.06552,-0.00605,-0.00105,0.08813,-0.01830,-0.82032,0.03609,0.02496,0.00101,0.00002,-0.00008,-0.00003,6.000,6.000,12.000,12.000,6.000,6.000,6.000,6.000,12.000,12.000,6.000,6.000,6.000,6.000,6.000,6.000,0.004769,0.012199,0.004194,0.013056,0.004194,0.006807,0.005919,0.004235,0.000000,0.001032,0.000000,0.000000,0.530328,0.469672,0.000000,0.000000,0.000000,0.025419,0.024783
0.2000,-0.00016,0.00775,0.48100,1.00000,0.00013,0.00069,-0.00014,0.00556,0.00554,0.31514,0.31445,0.00134,0.01323,2,0.03483,0.00134,0.034823,-0.00014,-0.7069,-0.0004,-0.0098,0.0317,-0.3467,-0.0720,-0.5651,0,0.04900,0.01900,0.0009,0.0095,0.005710,0.070702,-0.0299,0.1134,33.4631,0.0162,0.0085,34.4204,-0.0348,0.0967,29.2786,0.0201,0.1725,30.5816,0.001490,0.000788,33.4631,0.001497,0.000941,34.4204,0.000681,0.000040,29.2785,0.000756,-0.000149,30.5816,-0.00040,-0.02777,-0.35177,0.69522,-0.34470,0.02716,0.00094,-0.02670,-0.35259,0.69669,-0.34537,0.02654,-0.00063,-0.00000,-0.00054,-0.00000,-0.00057,0.15112,0.02849,-0.92651,0.06489,-0.00668,-0.00102,0.09561,-0.01999,-0.81717,0.03365,0.02519,0.00102,0.00002,-0.00008,-0.00003,6.000,6.000,12.000,12.000,6.000,6.000,6.000,6.000,12.000,12.000,6.000,6.000,6.000,6.000,6.000,6.000,0.004753,0.012412,0.004194,0.013231,0.004194,0.006982,0.005869,0.004523,0.000000,0.000991,0.000000,0.000000,0.532395,0.467605,0.000000,0.000000,0.000000,0.026288,0.025662
0.2050,-0.00018,0.00801,0.48101,1.00000,0.00013,0.00070,-0.00014,0.00553,0.00573,0.31515,0.31445,0.00137,0.01341,2,0.03483,0.00137,0.034823,-0.00014,-0.7052,-0.0004,-0.0090,0.0289,-0.3464,-0.0713,-0.5638,0,0.04900,0.01900,0.0009,0.0090,0.005682,0.070728,-0.0272,0.1043,33.5952,0.0184,0.0003,34.5525,-0.0323,0.0871,29.1488,0.0225,0.1626,30.4504,0.001461,0.000816,33.5952,0.001469,0.000967,34.5525,0.000598,0.000047,29.1487,0.000674,-0.000142,30.4504,-0.00041,-0.02866,-0.35171,0.69469,-0.34427,0.02803,0.00092,-0.02759,-0.35255,0.69622,-0.34499,0.02743,-0.00061,-0.00000,-0.00054,-0.00000,-0.00058,0.16023,0.02995,-0.93003,0.06431,-0.00731,-0.00098,0.10294,-0.02163,-0.81404,0.03130,0.02545,0.00103,0.00001,-0.00007,-0.00003,6.000,6.000,12.000,12.000,6.000,6.000,6.000,6.000,12.000,12.000,6.000,6.000,6.000,6.000,6.000,6.000,0.004737,0.012622,0.004194,0.013406,0.004194,0.007156,0.005821,0.004806,0.000000,0.000953,0.000000,0.000000,0.534421,0.465579,0.000000,0.000000,0.000000,0.027159,0.026544
0.2100,-0.00020,0.00827,0.48102,1.00000,0.00013,0.00072,-0.00013,0.00551,0.00592,0.31515,0.31445,0.00141,0.01358,2,0.03483,0.00141,0.034822,-0.00014,-0.7036,-0.0004,-0.0082,0.0262,-0.3460,-0.0706,-0.5625,0,0.04900,0.01900,0.0010,0.0085,0.005657,0.070752,-0.0246,0.0958,33.7247,0.0205,-0.0074,34.6819,-0.0299,0.0781,29.0215,0.0246,0.1533,30.3218,0.001436,0.000844,33.7247,0.001444,0.000992,34.6819,0.000517,0.000051,29.0215,0.000595,-0.000138,30.3218,-0.00042,-0.02956,-0.35164,0.69415,-0.34384,0.02891,0.00091,-0.02849,-0.35249,0.69574,-0.34461,0.02832,-0.00060,-0.00000,-0.00054,-0.00000,-0.00058,0.16927,0.03140,-0.93344,0.06378,-0.00794,-0.00094,0.11013,-0.02321,-0.81094,0.02905,0.02574,0.00104,0.00001,-0.00006,-0.00004,6.000,6.000,12.000,12.000,6.000,6.000,6.000,6.000,12.000,12.000,6.000,6.000,6.000,6.000,6.000,6.000,0.004721,0.012831,0.004194,0.013580,0.004194,0.007331,0.005776,0.005084,0.000000,0.000916,0.000000,0.000000,0.536407,0.463593,0.000000,0.000000,0.000000,0.028033,0.027430
0.2150,-0.00023,0.00854,0.48103,1.00000,0.00013,0.00074,-0.00012,0.00549,0.00612,0.31516,0.31445,0.00144,0.01375,2,0.03484,0.00144,0.034821,-0.00013,-0.7020,-0.0004,-0.0076,0.0238,-0.3457,-0.0700,-0.5613,0,0.04900,0.01900,0.0013,0.0081,0.005633,0.070776,-0.0223,0.0879,33.8517,0.0223,-0.0144,34.8088,-0.0278,0.0696,28.8967,0.0266,0.1446,30.1958,0.001412,0.000870,33.8518,0.001420,0.001015,34.8088,0.000440,0.000053,28.8966,0.000518,-0.000135,30.1958,-0.00044,-0.03045,-0.35156,0.69362,-0.34341,0.02979,0.00090,-0.02939,-0.35244,0.69526,-0.34423,0.02921,-0.00058,-0.00000,-0.00054,-0.00000,-0.00058,0.17822,0.03285,-0.93673,0.06329,-0.00857,-0.00090,0.11717,-0.02475,-0.80787,0.02689,0.02605,0.00105,0.00000,-0.00005,-0.00004,6.000,6.000,12.000,12.000,6.000,6.000,6.000,6.000,12.000,12.000,6.000,6.000,6.000,6.000,6.000,6.000,0.004707,0.013038,0.004194,0.013755,0.004194,0.007505,0.005732,0.005356,0.000000,0.000881,0.000000,0.000000,0.538356,0.461644,0.000000,0.000000,0.000000,0.028910,0.028318
0.2200,-0.00025,0.00880,0.48104,1.00000,0.00013,0.00075,-0.00012,0.00547,0.00631,0.31517,0.31445,0.00148,0.01393,2,0.03484,0.00148,0.034821,-0.00013,-0.7004,-0.0004,-0.0070,0.0214,-0.3454,-0.0693,-0.5602,0,0.04900,0.01900,0.0015,0.0077,0.005611,0.070799,-0.0202,0.0805,33.9765,0.0239,-0.0208,34.9333,-0.0259,0.0617,28.7741,0.0284,0.1365,30.0721,0.001390,0.000896,33.9766,0.001399,0.001038,34.9333,0.000365,0.000054,28.7741,0.000445,-0.000134,30.0721,-0.00045,-0.03135,-0.35149,0.69308,-0.34299,0.03067,0.00088,-0.03029,-0.35237,0.69478,-0.34385,0.03010,-0.00056,-0.00000,-0.00054,-0.00000,-0.00058,0.18709,0.03430,-0.93992,0.06284,-0.00921,-0.00086,0.12409,-0.02625,-0.80482,0.02481,0.02639,0.00107,-0.00000,-0.00003,-0.00004,6.000,6.000,12.000,12.000,6.000,6.000,6.000,6.000,12.000,12.000,6.000,6.000,6.000,6.000,6.000,6.000,0.004693,0.013244,0.004194,0.013929,0.004194,0.007680,0.005691,0.005623,0.000000,0.000848,0.000000,0.000000,0.540271,0.459729,0.000000,0.000000,0.000000,0.029789,0.029209
0.2250,-0.00027,0.00906,0.48105,1.00000,0.00013,0.00077,-0.00011,0.00545,0.00650,0.31518,0.31445,0.00151,0.01410,2,0.03484,0.00151,0.034820,-0.00013,-0.6988,-0.0004,-0.0064,0.0193,-0.3450,-0.0686,-0.5591,0,0.04900,0.01900,0.0018,0.0074,0.005592,0.070822,-0.0183,0.0737,34.0992,0.0254,-0.0267,35.0556,-0.0242,0.0543,28.6537,0.0300,0.1289,29.9507,0.001370,0.000920,34.0992,0.001379,0.001061,35.0556,0.000292,0.000052,28.6536,0.000374,-0.000135,29.9507,-0.00047,-0.03225,-0.35141,0.69254,-0.34256,0.03155,0.00086,-0.03119,-0.35231,0.69430,-0.34347,0.03100,-0.00054,-0.00000,-0.00054,-0.00000,-0.00058,0.19590,0.03575,-0.94302,0.06243,-0.00984,-0.00082,0.13087,-0.02770,-0.80178,0.02280,0.02676,0.00109,-0.00001,-0.00001,-0.00004,6.000,6.000,12.000,12.000,6.000,6.000,6.000,6.000,12.000,12.000,6.000,6.000,6.000,6.000,6.000,6.000,0.004680,0.013447,0.004194,0.014104,0.004194,0.007854,0.005652,0.005886,0.000000,0.000816,0.000000,0.000000,0.542151,0.457849,0.000000,0.000000,0.000000,0.030670,0.030103
0.2300,-0.00029,0.00932,0.48106,1.00000,0.00013,0.00079,-0.00010,0.00543,0.00670,0.31519,0.31445,0.00154,0.01428,2,0.03484,0.00154,0.034819,-0.00012,-0.6972,-0.0004,-0.0059,0.0173,-0.3447,-0.0680,-0.5580,0,0.04900,0.01900,0.0020,0.0070,0.005573,0.070843,-0.0165,0.0673,34.2198,0.0267,-0.0322,35.1757,-0.0226,0.0473,28.5352,0.0314,0.1218,29.8314,0.001352,0.000944,34.2198,0.001361,0.001082,35.1757,0.000222,0.000049,28.5352,0.000305,-0.000138,29.8314,-0.00049,-0.03315,-0.35133,0.69201,-0.34214,0.03244,0.00085,-0.03210,-0.35224,0.69382,-0.34310,0.03190,-0.00052,-0.00000,-0.00054,-0.00000,-0.00058,0.20464,0.03720,-0.94601,0.06206,-0.01048,-0.00077,0.13754,-0.02911,-0.79877,0.02088,0.02716,0.00111,-0.00001,0.00001,-0.00004,6.000,6.000,12.000,12.000,6.000,6.000,6.000,6.000,12.000,12.000,6.000,6.000,6.000,6.000,6.000,6.000,0.004668,0.013650,0.004194,0.014278,0.004194,0.008029,0.005614,0.006144,0.000000,0.000787,0.000000,0.000000,0.544001,0.455999,0.000000,0.000000,0.000000,0.031552,0.030998
0.2350,-0.00031,0.00958,0.48107,1.00000,0.00013,0.00080,-0.00010,0.00540,0.00689,0.31520,0.31445,0.00157,0.01445,2,0.03484,0.00157,0.034819,-0.00012,-0.6956,-0.0004,-0.0054,0.0154,-0.3444,-0.0674,-0.5570,0,0.04900,0.01900,0.0022,0.0067,0.005557,0.070864,-0.0149,0.0614,34.3384,0.0278,-0.0371,35.2938,-0.0211,0.0408,28.4187,0.0327,0.1151,29.7141,0.001335,0.000968,34.3384,0.001344,0.001103,35.2938,0.000155,0.000044,28.4187,0.000239,-0.000142,29.7141,-0.00050,-0.03405,-0.35124,0.69147,-0.34172,0.03332,0.00083,-0.03300,-0.35216,0.69333,-0.34272,0.03279,-0.00050,-0.00000,-0.00053,-0.00000,-0.00058,0.21332,0.03865,-0.94892,0.06173,-0.01113,-0.00072,0.14409,-0.03048,-0.79578,0.01902,0.02758,0.00113,-0.00001,0.00003,-0.00004,6.000,6.000,12.000,12.000,6.000,6.000,6.000,6.000,12.000,12.000,6.000,6.000,6.000,6.000,6.000,6.000,0.004656,0.013851,0.004194,0.014453,0.004194,0.008203,0.005578,0.006398,0.000000,0.000758,0.000000,0.000000,0.545821,0.454179,0.000000,0.000000,0.000000,0.032436,0.031895
0.2400,-0.00033,0.00985,0.48108,1.00000,0.00013,0.00081,-0.00009,0.00538,0.00709,0.31520,0.31445,0.00160,0.01463,2,0.03484,0.00160,0.034818,-0.00012,-0.6941,-0.0004,-0.0050,0.0137,-0.3440,-0.0668,-0.5560,0,0.04900,0.01900,0.0024,0.0064,0.005542,0.070884,-0.0134,0.0560,34.4553,0.0289,-0.0416,35.4100,-0.0198,0.0348,28.3040,0.0338,0.1089,29.5987,0.001320,0.000990,34.4553,0.001330,0.001123,35.4100,0.000090,0.000037,28.3040,0.000176,-0.000148,29.5987,-0.00052,-0.03495,-0.35115,0.69093,-0.34130,0.03421,0.00081,-0.03390,-0.35209,0.69285,-0.34235,0.03369,-0.00047,-0.00000,-0.00053,-0.00000,-0.00057,0.22195,0.04009,-0.95175,0.06143,-0.01177,-0.00068,0.15053,-0.03182,-0.79280,0.01723,0.02802,0.00115,-0.00002,0.00005,-0.00004,6.000,6.000,12.000,12.000,6.000,6.000,6.000,6.000,12.000,12.000,6.000,6.000,6.000,6.000,6.000,6.000,0.004644,0.014051,0.004194,0.014627,0.004194,0.008378,0.005544,0.006648,0.000000,0.000731,0.000000,0.000000,0.547613,0.452387,0.000000,0.000000,0.000000,0.033321,0.032794
0.2450,-0.00035,0.01011,0.48109,1.00000,0.00013,0.00083,-0.00008,0.00536,0.00728,0.31521,0.31445,0.00163,0.01480,2,0.03484,0.00163,0.034817,-0.00012,-0.6926,-0.0004,-0.0046,0.0121,-0.3437,-0.0661,-0.5550,0,0.04900,0.01900,0.0026,0.0062,0.005529,0.070904,-0.0121,0.0509,34.5704,0.0297,-0.0457,35.5245,-0.0187,0.0291,28.1910,0.0349,0.1031,29.4851,0.001307,0.001012,34.5704,0.001316,0.001143,35.5245,0.000027,0.000029,28.1910,0.000114,-0.000156,29.4851,-0.00054,-0.03585,-0.35106,0.69039,-0.34088,0.03509,0.00079,-0.03481,-0.35200,0.69236,-0.34198,0.03460,-0.00044,-0.00000,-0.00052,-0.00000,-0.00057,0.23052,0.04153,-0.95449,0.06116,-0.01242,-0.00063,0.15686,-0.03313,-0.78985,0.01551,0.02848,0.00117,-0.00002,0.00007,-0.00004,6.000,6.000,12.000,12.000,6.000,6.000,6.000,6.000,12.000,12.000,6.000,6.000,6.000,6.000,6.000,6.000,0.004633,0.014249,0.004194,0.014802,0.004194,0.008553,0.005512,0.006895,0.000000,0.000706,0.000000,0.000000,0.549379,0.450621,0.000000,0.000000,0.000000,0.034206,0.033694
0.2500,-0.00037,0.01037,0.48110,1.00000,0.00014,0.00084,-0.00007,0.00534,0.00748,0.31522,0.31445,0.00166,0.01498,2,0.03484,0.00166,0.034817,-0.00012,-0.6910,-0.0004,-0.0043,0.0105,-0.3434,-0.0656,-0.5541,0,0.04900,0.01900,0.0027,0.0059,0.005516,0.070923,-0.0109,0.0462,34.6839,0.0305,-0.0494,35.6372,-0.0176,0.0237,28.0796,0.0357,0.0976,29.3731,0.001294,0.001034,34.6839,0.001304,0.001162,35.6372,-0.000034,0.000019,28.0796,0.000054,-0.000165,29.3731,-0.00056,-0.03675,-0.35096,0.68985,-0.34047,0.03598,0.00077,-0.03571,-0.35191,0.69187,-0.34161,0.03550,-0.00042,-0.00000,-0.00051,-0.00000,-0.00056,0.23905,0.04296,-0.95716,0.06092,-0.01308,-0.00058,0.16309,-0.03441,-0.78691,0.01384,0.02897,0.00120,-0.00002,0.00010,-0.00004,6.000,6.000,12.000,12.000,6.000,6.000,6.000,6.000,12.000,12.000,6.000,6.000,6.000,6.000,6.000,6.000,0.004623,0.014447,0.004194,0.014976,0.004194,0.008727,0.005480,0.007138,0.000000,0.000681,0.000000,0.000000,0.551120,0.448880,0.000000,0.000000,0.000000,0.035093,0.034595
0.2550,-0.00039,0.01064,0.48111,1.00000,0.00014,0.00086,-0.00006,0.00532,0.00767,0.31522,0.31445,0.00169,0.01515,2,0.03484,0.00169,0.034816,-0.00011,-0.6895,-0.0004,-0.0040,0.0091,-0.3431,-0.0650,-0.5531,0,0.04900,0.01900,0.0029,0.0057,0.005505,0.070942,-0.0098,0.0419,34.7959,0.0312,-0.0527,35.7484,-0.0167,0.0187,27.9697,0.0365,0.0925,29.2627,0.001283,0.001055,34.7959,0.001293,0.001181,35.7484,-0.000094,0.000008,27.9697,-0.000003,-0.000175,29.2627,-0.00058,-0.03765,-0.35086,0.68930,-0.34005,0.03687,0.00075,-0.03662,-0.35182,0.69138,-0.34124,0.03640,-0.00039,-0.00000,-0.00051,-0.00000,-0.00056,0.24753,0.04439,-0.95976,0.06071,-0.01374,-0.00053,0.16922,-0.03566,-0.78398,0.01224,0.02948,0.00122,-0.00002,0.00012,-0.00004,6.000,6.000,12.000,12.000,6.000,6.000,6.000,6.000,12.000,12.000,6.000,6.000,6.000,6.000,6.000,6.000,0.004613,0.014643,0.004194,0.015151,0.004194,0.008902,0.005451,0.007378,0.000000,0.000658,0.000000,0.000000,0.552837,0.447163,0.000000,0.000000,0.000000,0.035980,0.035498
0.2600,-0.00041,0.01090,0.48111,1.00000,0.00014,0.00087,-0.00005,0.00530,0.00787,0.31523,0.31445,0.00171,0.01533,2,0.03484,0.00171,0.034816,-0.00011,-0.6880,-0.0004,-0.0037,0.0078,-0.3428,-0.0644,-0.5522,0,0.04900,0.01900,0.0030,0.0054,0.005496,0.070960,-0.0088,0.0379,34.9064,0.0317,-0.0557,35.8580,-0.0158,0.0140,27.8613,0.0372,0.0877,29.1538,0.001273,0.001075,34.9064,0.001284,0.001199,35.8580,-0.000151,-0.000005,27.8613,-0.000059,-0.000187,29.1538,-0.00060,-0.03855,-0.35076,0.68876,-0.33964,0.03775,0.00073,-0.03752,-0.35172,0.69088,-0.34087,0.03730,-0.00036,-0.00000,-0.00050,-0.00000,-0.00055,0.25596,0.04582,-0.96229,0.06054,-0.01440,-0.00047,0.17525,-0.03688,-0.78107,0.01068,0.03001,0.00125,-0.00002,0.00015,-0.00004,6.000,6.000,12.000,12.000,6.000,6.000,6.000,6.000,12.000,12.000,6.000,6.000,6.000,6.000,6.000,6.000,0.004604,0.014838,0.004194,0.015325,0.004194,0.009076,0.005422,0.007615,0.000000,0.000636,0.000000,0.000000,0.554532,0.445468,0.000000,0.000000,0.000000,0.036867,0.036401
0.2650,-0.00043,0.01116,0.48112,1.00000,0.00014,0.00088,-0.00004,0.00528,0.00806,0.31524,0.31445,0.00174,0.01550,2,0.03484,0.00174,0.034815,-0.00011,-0.6866,-0.0004,-0.0035,0.0066,-0.3425,-0.0638,-0.5512,0,0.04900,0.01900,0.0031,0.0052,0.005487,0.070978,-0.0079,0.0342,35.0155,0.0322,-0.0584,35.9663,-0.0151,0.0096,27.7542,0.0378,0.0832,29.0464,0.001265,0.001095,35.0155,0.001275,0.001217,35.9663,-0.000207,-0.000019,27.7542,-0.000113,-0.000200,29.0464,-0.00063,-0.03945,-0.35065,0.68822,-0.33923,0.03864,0.00071,-0.03842,-0.35162,0.69039,-0.34050,0.03821,-0.00033,-0.00000,-0.00049,-0.00000,-0.00055,0.26436,0.04724,-0.96475,0.06038,-0.01507,-0.00042,0.18120,-0.03808,-0.77817,0.00918,0.03056,0.00127,-0.00003,0.00018,-0.00004,6.000,6.000,12.000,12.000,6.000,6.000,6.000,6.000,12.000,12.000,6.000,6.000,6.000,6.000,6.000,6.000,0.004595,0.015032,0.004194,0.015500,0.004194,0.009251,0.005395,0.007848,0.000000,0.000615,0.000000,0.000000,0.556207,0.443793,0.000000,0.000000,0.000000,0.037755,0.037304
0.2700,-0.00044,0.01142,0.48113,1.00000,0.00014,0.00089,-0.00003,0.00526,0.00825,0.31524,0.31445,0.00176,0.01567,2,0.03484,0.00176,0.034814,-0.00011,-0.6851,-0.0004,-0.0033,0.0055,-0.3422,-0.0633,-0.5503,0,0.04900,0.01900,0.0032,0.0051,0.005479,0.070996,-0.0071,0.0308,35.1234,0.0325,-0.0607,36.0732,-0.0145,0.0055,27.6484,0.0382,0.0790,28.9402,0.001257,0.001115,35.1234,0.001267,0.001234,36.0732,-0.000261,-0.000034,27.6484,-0.000165,-0.000215,28.9402,-0.00065,-0.04035,-0.35054,0.68767,-0.33882,0.03953,0.00069,-0.03933,-0.35152,0.68989,-0.34014,0.03911,-0.00029,-0.00000,-0.00048,-0.00000,-0.00054,0.27273,0.04866,-0.96716,0.06026,-0.01575,-0.00037,0.18705,-0.03926,-0.77529,0.00773,0.03113,0.00130,-0.00003,0.00021,-0.00004,6.000,6.000,12.000,12.000,6.000,6.000,6.000,6.000,12.000,12.000,6.000,6.000,6.000,6.000,6.000,6.000,0.004586,0.015226,0.004194,0.015674,0.004194,0.009425,0.005369,0.008079,0.000000,0.000596,0.000000,0.000000,0.557861,0.442139,0.000000,0.000000,0.000000,0.038642,0.038208
0.2750,-0.00046,0.01169,0.48114,1.00000,0.00014,0.00091,-0.00002,0.00525,0.00845,0.31525,0.31445,0.00179,0.01585,2,0.03484,0.00179,0.034814,-0.00011,-0.6836,-0.0004,-0.0031,0.0044,-0.3419,-0.0627,-0.5494,0,0.04900,0.01900,0.0033,0.0049,0.005473,0.071014,-0.0064,0.0277,35.2300,0.0328,-0.0628,36.1788,-0.0139,0.0017,27.5437,0.0386,0.0751,28.8354,0.001250,0.001135,35.2300,0.001261,0.001252,36.1788,-0.000313,-0.000051,27.5437,-0.000216,-0.000231,28.8354,-0.00067,-0.04125,-0.35042,0.68712,-0.33841,0.04042,0.00067,-0.04023,-0.35141,0.68939,-0.33978,0.04002,-0.00026,-0.00000,-0.00047,-0.00000,-0.00054,0.28106,0.05008,-0.96950,0.06015,-0.01644,-0.00031,0.19283,-0.04041,-0.77242,0.00632,0.03172,0.00133,-0.00003,0.00023,-0.00004,6.000,6.000,12.000,12.000,6.000,6.000,6.000,6.000,12.000,12.000,6.000,6.000,6.000,6.000,6.000,6.000,0.004578,0.015418,0.004194,0.015849,0.004194,0.009600,0.005344,0.008308,0.000000,0.000577,0.000000,0.000000,0.559497,0.440503,0.000000,0.000000,0.000000,0.039530,0.039112
0.2800,-0.00048,0.01195,0.48115,1.00000,0.00014,0.00092,-0.00001,0.00523,0.00864,0.31526,0.31445,0.00181,0.01602,2,0.03484,0.00181,0.034813,-0.00010,-0.6821,-0.0004,-0.0029,0.0034,-0.3416,-0.0622,-0.5485,0,0.04900,0.01900,0.0033,0.0047,0.005467,0.071031,-0.0058,0.0248,35.3355,0.0330,-0.0646,36.2832,-0.0135,-0.0020,27.4402,0.0390,0.0714,28.7317,0.001244,0.001154,35.3355,0.001255,0.001269,36.2832,-0.000364,-0.000069,27.4402,-0.000266,-0.000247,28.7317,-0.00070,-0.04215,-0.35031,0.68657,-0.33800,0.04130,0.00064,-0.04113,-0.35129,0.68888,-0.33941,0.04092,-0.00023,-0.00000,-0.00046,-0.00000,-0.00053,0.28936,0.05149,-0.97179,0.06007,-0.01713,-0.00026,0.19852,-0.04154,-0.76956,0.00496,0.03232,0.00136,-0.00003,0.00026,-0.00003,6.000,6.000,12.000,12.000,6.000,6.000,6.000,6.000,12.000,12.000,6.000,6.000,6.000,6.000,6.000,6.000,0.004570,0.015610,0.004194,0.016023,0.004194,0.009774,0.005321,0.008534,0.000000,0.000559,0.000000,0.000000,0.561115,0.438885,0.000000,0.000000,0.000000,0.040417,0.040017
0.2850,-0.00050,0.01221,0.48115,1.00000,0.00014,0.00093,0.00000,0.00521,0.00884,0.31526,0.31445,0.00183,0.01620,2,0.03484,0.00183,0.034813,-0.00010,-0.6807,-0.0004,-0.0028,0.0025,-0.3413,-0.0617,-0.5477,0,0.04900,0.01900,0.0034,0.0046,0.005462,0.071048,-0.0052,0.0222,35.4398,0.0332,-0.0662,36.3864,-0.0131,-0.0053,27.3378,0.0392,0.0680,28.6291,0.001239,0.001173,35.4399,0.001250,0.001286,36.3864,-0.000414,-0.000088,27.3378,-0.000314,-0.000266,28.6291,-0.00072,-0.04305,-0.35018,0.68602,-0.33759,0.04219,0.00062,-0.04203,-0.35117,0.68838,-0.33905,0.04183,-0.00019,-0.00000,-0.00044,-0.00000,-0.00052,0.29763,0.05289,-0.97403,0.06001,-0.01783,-0.00020,0.20413,-0.04266,-0.76671,0.00364,0.03295,0.00138,-0.00003,0.00029,-0.00003,6.000,6.000,12.000,12.000,6.000,6.000,6.000,6.000,12.000,12.000,6.000,6.000,6.000,6.000,6.000,6.000,0.004562,0.015801,0.004194,0.016198,0.004194,0.009949,0.005298,0.008757,0.000000,0.000541,0.000000,0.000000,0.562716,0.437284,0.000000,0.000000,0.000000,0.041304,0.040921
0.2900,-0.00051,0.01248,0.48116,1.00000,0.00014,0.00094,0.00001,0.00519,0.00903,0.31527,0.31445,0.00186,0.01637,2,0.03485,0.00186,0.034812,-0.00010,-0.6792,-0.0004,-0.0026,0.0017,-0.3410,-0.0612,-0.5468,0,0.04900,0.01900,0.0034,0.0044,0.005458,0.071065,-0.0048,0.0198,35.5432,0.0332,-0.0676,36.4887,-0.0127,-0.0085,27.2364,0.0394,0.0647,28.5276,0.001235,0.001192,35.5432,0.001246,0.001303,36.4887,-0.000462,-0.000109,27.2364,-0.000361,-0.000285,28.5276,-0.00075,-0.04394,-0.35006,0.68547,-0.33719,0.04308,0.00059,-0.04293,-0.35105,0.68787,-0.33869,0.04273,-0.00016,-0.00000,-0.00043,-0.00000,-0.00052,0.30588,0.05429,-0.97622,0.05998,-0.01853,-0.00014,0.20967,-0.04376,-0.76387,0.00237,0.03359,0.00141,-0.00003,0.00032,-0.00003,6.000,6.000,12.000,12.000,6.000,6.000,6.000,6.000,12.000,12.000,6.000,6.000,6.000,6.000,6.000,6.000,0.004555,0.015991,0.004194,0.016372,0.004194,0.010123,0.005276,0.008979,0.000000,0.000525,0.000000,0.000000,0.564301,0.435699,0.000000,0.000000,0.000000,0.042191,0.041826
0.2950,-0.00053,0.01274,0.48117,1.00000,0.00014,0.00095,0.00002,0.00517,0.00923,0.31528,0.31445,0.00188,0.01655,2,0.03485,0.00188,0.034812,-0.00010,-0.6778,-0.0004,-0.0025,0.0009,-0.3407,-0.0607,-0.5459,0,0.04900,0.01900,0.0035,0.0043,0.005454,0.071082,-0.0043,0.0176,35.6456,0.0332,-0.0687,36.5898,-0.0125,-0.0115,27.1360,0.0395,0.0617,28.4271,0.001231,0.001211,35.6456,0.001243,0.001319,36.5898,-0.000509,-0.000131,27.1360,-0.000406,-0.000305,28.4271,-0.00077,-0.04484,-0.34993,0.68491,-0.33679,0.04396,0.00057,-0.04383,-0.35092,0.68736,-0.33834,0.04363,-0.00012,-0.00000,-0.00042,-0.00000,-0.00051,0.31411,0.05568,-0.97836,0.05996,-0.01924,-0.00009,0.21514,-0.04484,-0.76105,0.00113,0.03425,0.00144,-0.00003,0.00035,-0.00003,6.000,6.000,12.000,12.000,6.000,6.000,6.000,6.000,12.000,12.000,6.000,6.000,6.000,6.000,6.000,6.000,0.004548,0.016180,0.004194,0.016547,0.004194,0.010298,0.005255,0.009198,0.000000,0.000509,0.000000,0.000000,0.565872,0.434128,0.000000,0.000000,0.000000,0.043077,0.042730
0.3000,-0.00055,0.01300,0.48117,1.00000,0.00014,0.00096,0.00003,0.00516,0.00942,0.31528,0.31445,0.00190,0.01672,2,0.03485,0.00190,0.034811,-0.00010,-0.6764,-0.0004,-0.0025,0.0002,-0.3404,-0.0602,-0.5451,0,0.04900,0.01900,0.0035,0.0042,0.005452,0.071098,-0.0040,0.0156,35.7470,0.0332,-0.0696,36.6901,-0.0122,-0.0143,27.0364,0.0396,0.0588,28.3276,0.001228,0.001230,35.7470,0.001240,0.001336,36.6901,-0.000555,-0.000153,27.0364,-0.000450,-0.000326,28.3276,-0.00080,-0.04573,-0.34979,0.68436,-0.33639,0.04485,0.00055,-0.04473,-0.35079,0.68684,-0.33798,0.04454,-0.00008,-0.00000,-0.00041,-0.00000,-0.00051,0.32232,0.05707,-0.98046,0.05996,-0.01997,-0.00003,0.22054,-0.04590,-0.75823,-0.00008,0.03493,0.00147,-0.00003,0.00038,-0.00003,6.000,6.000,12.000,12.000,6.000,6.000,6.000,6.000,12.000,12.000,6.000,6.000,6.000,6.000,6.000,6.000,0.004541,0.016369,0.004194,0.016721,0.004194,0.010472,0.005235,0.009415,0.000000,0.000495,0.000000,0.000000,0.567429,0.432571,0.000000,0.000000,0.000000,0.043962,0.043634
0.3050,-0.00056,0.01326,0.48118,1.00000,0.00014,0.00097,0.00005,0.00514,0.00962,0.31529,0.31445,0.00192,0.01690,2,0.03485,0.00192,0.034811,-0.00010,-0.6749,-0.0004,-0.0024,-0.0005,-0.3401,-0.0597,-0.5442,0,0.04900,0.01900,0.0035,0.0041,0.005449,0.071115,-0.0037,0.0137,35.8476,0.0331,-0.0704,36.7894,-0.0121,-0.0170,26.9377,0.0396,0.0561,28.2289,0.001226,0.001249,35.8476,0.001238,0.001352,36.7894,-0.000600,-0.000177,26.9377,-0.000493,-0.000349,28.2289,-0.00082,-0.04663,-0.34966,0.68380,-0.33599,0.04573,0.00052,-0.04563,-0.35065,0.68633,-0.33762,0.04544,-0.00004,-0.00000,-0.00039,-0.00000,-0.00050,0.33050,0.05846,-0.98251,0.05998,-0.02069,0.00003,0.22586,-0.04695,-0.75543,-0.00125,0.03562,0.00150,-0.00003,0.00041,-0.00003,6.000,6.000,12.000,12.000,6.000,6.000,6.000,6.000,12.000,12.000,6.000,6.000,6.000,6.000,6.000,6.000,0.004535,0.016557,0.004194,0.016896,0.004194,0.010647,0.005216,0.009631,0.000000,0.000480,0.000000,0.000000,0.568972,0.431028,0.000000,0.000000,0.000000,0.044847,0.044538
0.3100,-0.00058,0.01352,0.48119,1.00000,0.00014,0.00098,0.00006,0.00512,0.00981,0.31529,0.31445,0.00194,0.01707,2,0.03485,0.00194,0.034810,-0.00010,-0.6735,-0.0004,-0.0023,-0.0011,-0.3398,-0.0593,-0.5434,0,0.04900,0.01900,0.0035,0.0039,0.005448,0.071132,-0.0035,0.0121,35.9473,0.0330,-0.0710,36.8879,-0.0120,-0.0194,26.8398,0.0395,0.0536,28.1311,0.001225,0.001267,35.9473,0.001237,0.001369,36.8879,-0.000644,-0.000202,26.8398,-0.000536,-0.000372,28.1311,-0.00085,-0.04752,-0.34952,0.68324,-0.33559,0.04661,0.00049,-0.04652,-0.35051,0.68581,-0.33727,0.04634,-0.00000,-0.00000,-0.00038,-0.00000,-0.00049,0.33868,0.05984,-0.98453,0.06001,-0.02143,0.00009,0.23113,-0.04799,-0.75263,-0.00238,0.03633,0.00153,-0.00003,0.00043,-0.00002,6.000,6.000,12.000,12.000,6.000,6.000,6.000,6.000,12.000,12.000,6.000,6.000,6.000,6.000,6.000,6.000,0.004529,0.016745,0.004194,0.017070,0.004194,0.010822,0.005198,0.009844,0.000000,0.000467,0.000000,0.000000,0.570502,0.429498,0.000000,0.000000,0.000000,0.045730,0.045442
0.3150,-0.00059,0.01378,0.48119,1.00000,0.00014,0.00099,0.00007,0.00511,0.01000,0.31530,0.31445,0.00196,0.01724,2,0.03485,0.00196,0.034810,-0.00010,-0.6721,-0.0004,-0.0023,-0.0017,-0.3396,-0.0588,-0.5425,0,0.04900,0.01900,0.0035,0.0038,0.005447,0.071148,-0.0033,0.0106,36.0463,0.0328,-0.0714,36.9855,-0.0119,-0.0218,26.7427,0.0395,0.0513,28.0341,0.001224,0.001286,36.0463,0.001236,0.001385,36.9855,-0.000687,-0.000228,26.7427,-0.000577,-0.000397,28.0341,-0.00088,-0.04841,-0.34937,0.68268,-0.33519,0.04750,0.00047,-0.04742,-0.35036,0.68529,-0.33692,0.04725,0.00004,-0.00000,-0.00036,-0.00000,-0.00049,0.34683,0.06121,-0.98650,0.06007,-0.02218,0.00015,0.23633,-0.04901,-0.74984,-0.00349,0.03706,0.00156,-0.00003,0.00046,-0.00002,6.000,6.000,12.000,12.000,6.000,6.000,6.000,6.000,12.000,12.000,6.000,6.000,6.000,6.000,6.000,6.000,0.004523,0.016932,0.004194,0.017245,0.004194,0.010996,0.005180,0.010057,0.000000,0.000454,0.000000,0.000000,0.572021,0.427979,0.000000,0.000000,0.000000,0.046613,0.046345
0.3200,-0.00061,0.01405,0.48120,1.00000,0.00014,0.00100,0.00008,0.00509,0.01020,0.31530,0.31445,0.00198,0.01742,2,0.03485,0.00198,0.034809,-0.00009,-0.6707,-0.0004,-0.0023,-0.0022,-0.3393,-0.0584,-0.5417,0,0.04900,0.01900,0.0035,0.0038,0.005447,0.071165,-0.0031,0.0093,36.1445,0.0325,-0.0716,37.0824,-0.0119,-0.0240,26.6463,0.0393,0.0490,27.9378,0.001223,0.001304,36.1445,0.001235,0.001401,37.0824,-0.000729,-0.000255,26.6463,-0.000617,-0.000422,27.9378,-0.00090,-0.04930,-0.34922,0.68211,-0.33479,0.04838,0.00044,-0.04831,-0.35021,0.68477,-0.33656,0.04815,0.00007,-0.00000,-0.00035,-0.00000,-0.00048,0.35498,0.06258,-0.98844,0.06013,-0.02293,0.00021,0.24146,-0.05003,-0.74706,-0.00456,0.03780,0.00159,-0.00002,0.00049,-0.00002,6.000,6.000,12.000,12.000,6.000,6.000,6.000,6.000,12.000,12.000,6.000,6.000,6.000,6.000,6.000,6.000,0.004517,0.017118,0.004194,0.017419,0.004194,0.011171,0.005163,0.010267,0.000000,0.000442,0.000000,0.000000,0.573528,0.426472,0.000000,0.000000,0.000000,0.047495,0.047247
0.3250,-0.00062,0.01431,0.48121,1.00000,0.00014,0.00101,0.00009,0.00507,0.01039,0.31531,0.31445,0.00199,0.01759,2,0.03485,0.00199,0.034809,-0.00009,-0.6693,-0.0004,-0.0023,-0.0027,-0.3390,-0.0579,-0.5409,0,0.04900,0.01900,0.0035,0.0037,0.005447,0.071181,-0.0030,0.0081,36.2420,0.0323,-0.0717,37.1786,-0.0119,-0.0261,26.5506,0.0392,0.0469,27.8423,0.001223,0.001323,36.2420,0.001236,0.001418,37.1786,-0.000770,-0.000283,26.5506,-0.000656,-0.000449,27.8423,-0.00093,-0.05019,-0.34907,0.68155,-0.33440,0.04926,0.00042,-0.04921,-0.35006,0.68424,-0.33621,0.04905,0.00012,-0.00000,-0.00033,-0.00000,-0.00048,0.36311,0.06394,-0.99034,0.06022,-0.02370,0.00027,0.24654,-0.05103,-0.74429,-0.00561,0.03855,0.00162,-0.00002,0.00052,-0.00002,6.000,6.000,12.000,12.000,6.000,6.000,6.000,6.000,12.000,12.000,6.000,6.000,6.000,6.000,6.000,6.000,0.004512,0.017304,0.004194,0.017594,0.004194,0.011345,0.005147,0.010476,0.000000,0.000430,0.000000,0.000000,0.575025,0.424975,0.000000,0.000000,0.000000,0.048376,0.048149
0.3300,-0.00063,0.01457,0.48121,1.00000,0.00014,0.00101,0.00011,0.00506,0.01058,0.31531,0.31445,0.00201,0.01777,2,0.03485,0.00201,0.034808,-0.00009,-0.6679,-0.0004,-0.0023,-0.0032,-0.3388,-0.0575,-0.5401,0,0.04900,0.01900,0.0035,0.0036,0.005447,0.071198,-0.0030,0.0070,36.3388,0.0320,-0.0717,37.2741,-0.0120,-0.0280,26.4555,0.0390,0.0450,27.7474,0.001224,0.001341,36.3388,0.001236,0.001434,37.2741,-0.000810,-0.000312,26.4555,-0.000695,-0.000476,27.7474,-0.00096,-0.05108,-0.34891,0.68098,-0.33400,0.05014,0.00039,-0.05010,-0.34990,0.68371,-0.33586,0.04995,0.00016,-0.00000,-0.00032,-0.00000,-0.00047,0.37124,0.06529,-0.99220,0.06031,-0.02447,0.00033,0.25156,-0.05202,-0.74152,-0.00663,0.03932,0.00165,-0.00002,0.00054,-0.00001,6.000,6.000,12.000,12.000,6.000,6.000,6.000,6.000,12.000,12.000,6.000,6.000,6.000,6.000,6.000,6.000,0.004507,0.017490,0.004194,0.017768,0.004194,0.011520,0.005131,0.010684,0.000000,0.000419,0.000000,0.000000,0.576512,0.423488,0.000000,0.000000,0.000000,0.049257,0.049050
0.3350,-0.00065,0.01483,0.48122,1.00000,0.00014,0.00102,0.00012,0.00504,0.01077,0.31532,0.31445,0.00203,0.01794,2,0.03485,0.00203,0.034808,-0.00009,-0.6665,-0.0004,-0.0023,-0.0036,-0.3385,-0.0571,-0.5393,0,0.04900,0.01900,0.0035,0.0035,0.005448,0.071214,-0.0029,0.0061,36.4351,0.0317,-0.0715,37.3689,-0.0121,-0.0299,26.3610,0.0388,0.0431,27.6532,0.001225,0.001360,36.4351,0.001237,0.001450,37.3689,-0.000850,-0.000343,26.3610,-0.000733,-0.000504,27.6532,-0.00099,-0.05197,-0.34875,0.68041,-0.33361,0.05101,0.00036,-0.05099,-0.34974,0.68318,-0.33551,0.05085,0.00020,-0.00000,-0.00030,-0.00000,-0.00047,0.37936,0.06664,-0.99404,0.06042,-0.02525,0.00039,0.25652,-0.05300,-0.73876,-0.00762,0.04011,0.00168,-0.00002,0.00057,-0.00001,6.000,6.000,12.000,12.000,6.000,6.000,6.000,6.000,12.000,12.000,6.000,6.000,6.000,6.000,6.000,6.000,0.004502,0.017675,0.004194,0.017943,0.004194,0.011694,0.005116,0.010890,0.000000,0.000408,0.000000,0.000000,0.577989,0.422011,0.000000,0.000000,0.000000,0.050136,0.049950
0.3400,-0.00066,0.01509,0.48122,1.00000,0.00014,0.00103,0.00013,0.00503,0.01097,0.31532,0.31445,0.00204,0.01812,2,0.03485,0.00204,0.034807,-0.00009,-0.6651,-0.0004,-0.0023,-0.0040,-0.3382,-0.0566,-0.5385,0,0.04900,0.01900,0.0035,0.0034,0.005449,0.071231,-0.0029,0.0052,36.5307,0.0313,-0.0713,37.4632,-0.0122,-0.0316,26.2671,0.0385,0.0413,27.5595,0.001226,0.001378,36.5307,0.001239,0.001467,37.4632,-0.000889,-0.000374,26.2671,-0.000770,-0.000533,27.5595,-0.00101,-0.05285,-0.34859,0.67984,-0.33322,0.05189,0.00034,-0.05188,-0.34957,0.68265,-0.33516,0.05175,0.00024,-0.00000,-0.00028,-0.00000,-0.00046,0.38747,0.06799,-0.99584,0.06055,-0.02604,0.00045,0.26143,-0.05397,-0.73601,-0.00859,0.04091,0.00171,-0.00002,0.00060,-0.00001,6.000,6.000,12.000,12.000,6.000,6.000,6.000,6.000,12.000,12.000,6.000,6.000,6.000,6.000,6.000,6.000,0.004497,0.017860,0.004194,0.018117,0.004194,0.011869,0.005102,0.011095,0.000000,0.000398,0.000000,0.000000,0.579458,0.420542,0.000000,0.000000,0.000000,0.051014,0.050850
0.3450,-0.00067,0.01535,0.48123,1.00000,0.00014,0.00104,0.00014,0.00501,0.01116,0.31533,0.31445,0.00206,0.01829,2,0.03485,0.00206,0.034807,-0.00009,-0.6637,-0.0004,-0.0023,-0.0043,-0.3380,-0.0562,-0.5377,0,0.04900,0.01900,0.0034,0.0033,0.005451,0.071248,-0.0030,0.0045,36.6258,0.0309,-0.0709,37.5568,-0.0123,-0.0333,26.1738,0.0382,0.0397,27.4665,0.001228,0.001397,36.6258,0.001241,0.001483,37.5568,-0.000927,-0.000406,26.1738,-0.000806,-0.000563,27.4665,-0.00104,-0.05374,-0.34842,0.67926,-0.33283,0.05277,0.00031,-0.05277,-0.34940,0.68211,-0.33482,0.05265,0.00028,-0.00000,-0.00027,-0.00000,-0.00046,0.39557,0.06933,-0.99762,0.06068,-0.02685,0.00051,0.26628,-0.05494,-0.73327,-0.00954,0.04173,0.00174,-0.00002,0.00062,-0.00001,6.000,6.000,12.000,12.000,6.000,6.000,6.000,6.000,12.000,12.000,6.000,6.000,6.000,6.000,6.000,6.000,0.004492,0.018044,0.004194,0.018292,0.004194,0.012043,0.005088,0.011299,0.000000,0.000388,0.000000,0.000000,0.580917,0.419083,0.000000,0.000000,0.000000,0.051890,0.051749
0.3500,-0.00069,0.01561,0.48123,1.00000,0.00014,0.00105,0.00016,0.00500,0.01135,0.31533,0.31445,0.00208,0.01847,2,0.03485,0.00208,0.034806,-0.00009,-0.6624,-0.0004,-0.0023,-0.0047,-0.3377,-0.0558,-0.5370,0,0.04900,0.01900,0.0034,0.0033,0.005453,0.071264,-0.0030,0.0039,36.7203,0.0305,-0.0704,37.6499,-0.0125,-0.0348,26.0809,0.0379,0.0381,27.3739,0.001230,0.001416,36.7203,0.001243,0.001500,37.6499,-0.000964,-0.000438,26.0809,-0.000842,-0.000594,27.3739,-0.00107,-0.05462,-0.34824,0.67868,-0.33244,0.05364,0.00028,-0.05366,-0.34923,0.68157,-0.33447,0.05355,0.00032,-0.00000,-0.00025,-0.00000,-0.00046,0.40368,0.07066,-0.99936,0.06083,-0.02766,0.00057,0.27108,-0.05589,-0.73053,-0.01046,0.04256,0.00177,-0.00002,0.00065,-0.00001,6.000,6.000,12.000,12.000,6.000,6.000,6.000,6.000,12.000,12.000,6.000,6.000,6.000,6.000,6.000,6.000,0.004488,0.018228,0.004194,0.018467,0.004194,0.012218,0.005075,0.011501,0.000000,0.000378,0.000000,0.000000,0.582369,0.417631,0.000000,0.000000,0.000000,0.052766,0.052648
0.3550,-0.00070,0.01586,0.48124,1.00000,0.00014,0.00105,0.00017,0.00499,0.01154,0.31534,0.31445,0.00209,0.01864,2,0.03485,0.00209,0.034806,-0.00009,-0.6610,-0.0004,-0.0024,-0.0050,-0.3375,-0.0554,-0.5362,0,0.04900,0.01900,0.0034,0.0032,0.005456,0.071281,-0.0031,0.0033,36.8144,0.0301,-0.0698,37.7425,-0.0127,-0.0363,25.9886,0.0376,0.0366,27.2819,0.001232,0.001435,36.8144,0.001245,0.001517,37.7425,-0.001001,-0.000472,25.9886,-0.000877,-0.000626,27.2819,-0.00110,-0.05551,-0.34807,0.67810,-0.33205,0.05451,0.00026,-0.05454,-0.34905,0.68103,-0.33412,0.05444,0.00037,-0.00000,-0.00023,-0.00000,-0.00045,0.41178,0.07198,-1.00108,0.06099,-0.02848,0.00063,0.27583,-0.05684,-0.72780,-0.01136,0.04340,0.00180,-0.00001,0.00067,-0.00000,6.000,6.000,12.000,12.000,6.000,6.000,6.000,6.000,12.000,12.000,6.000,6.000,6.000,6.000,6.000,6.000,0.004484,0.018411,0.004194,0.018641,0.004194,0.012392,0.005062,0.011703,0.000000,0.000369,0.000000,0.000000,0.583813,0.416187,0.000000,0.000000,0.000000,0.053640,0.053545
0.3600,-0.00071,0.01612,0.48124,1.00000,0.00014,0.00106,0.00018,0.00497,0.01174,0.31534,0.31445,0.00210,0.01882,2,0.03485,0.00210,0.034805,-0.00009,-0.6596,-0.0004,-0.0024,-0.0053,-0.3372,-0.0550,-0.5354,0,0.04900,0.01900,0.0033,0.0031,0.005458,0.071298,-0.0032,0.0029,36.9079,0.0297,-0.0692,37.8346,-0.0129,-0.0377,25.8967,0.0373,0.0352,27.1904,0.001235,0.001453,36.9079,0.001248,0.001533,37.8346,-0.001038,-0.000507,25.8967,-0.000911,-0.000659,27.1904,-0.00113,-0.05639,-0.34789,0.67752,-0.33166,0.05539,0.00023,-0.05543,-0.34886,0.68048,-0.33378,0.05534,0.00041,-0.00000,-0.00022,-0.00000,-0.00045,0.41988,0.07331,-1.00277,0.06116,-0.02931,0.00069,0.28054,-0.05778,-0.72508,-0.01224,0.04426,0.00183,-0.00001,0.00070,-0.00000,6.000,6.000,12.000,12.000,6.000,6.000,6.000,6.000,12.000,12.000,6.000,6.000,6.000,6.000,6.000,6.000,0.004479,0.018594,0.004194,0.018816,0.004194,0.012567,0.005050,0.011904,0.000000,0.000361,0.000000,0.000000,0.585250,0.414750,0.000000,0.000000,0.000000,0.054513,0.054442
0.3650,-0.00072,0.01638,0.48125,1.00000,0.00014,0.00107,0.00020,0.00496,0.01193,0.31535,0.31445,0.00212,0.01899,2,0.03485,0.00212,0.034805,-0.00009,-0.6583,-0.0004,-0.0025,-0.0055,-0.3370,-0.0547,-0.5347,0,0.04900,0.01900,0.0033,0.0031,0.005461,0.071316,-0.0033,0.0025,37.0010,0.0292,-0.0684,37.9263,-0.0132,-0.0391,25.8052,0.0369,0.0338,27.0993,0.001238,0.001473,37.0010,0.001251,0.001550,37.9263,-0.001073,-0.000543,25.8052,-0.000945,-0.000692,27.0993,-0.00116,-0.05727,-0.34770,0.67694,-0.33127,0.05626,0.00020,-0.05631,-0.34868,0.67994,-0.33343,0.05623,0.00045,-0.00000,-0.00020,-0.00000,-0.00045,0.42798,0.07462,-1.00444,0.06134,-0.03015,0.00075,0.28519,-0.05871,-0.72236,-0.01310,0.04513,0.00186,-0.00001,0.00072,0.00000,6.000,6.000,12.000,12.000,6.000,6.000,6.000,6.000,12.000,12.000,6.000,6.000,6.000,6.000,6.000,6.000,0.004476,0.018777,0.004194,0.018990,0.004194,0.012742,0.005038,0.012103,0.000000,0.000353,0.000000,0.000000,0.586680,0.413320,0.000000,0.000000,0.000000,0.055385,0.055337
0.3700,-0.00073,0.01664,0.48125,1.00000,0.00014,0.00107,0.00021,0.00494,0.01212,0.31535,0.31445,0.00213,0.01916,2,0.03485,0.00213,0.034804,-0.00009,-0.6569,-0.0004,-0.0025,-0.0058,-0.3367,-0.0543,-0.5339,0,0.04900,0.01900,0.0032,0.0030,0.005465,0.071333,-0.0035,0.0022,37.0937,0.0287,-0.0676,38.0175,-0.0134,-0.0404,25.7141,0.0365,0.0325,27.0086,0.001241,0.001492,37.0937,0.001255,0.001567,38.0175,-0.001109,-0.000579,25.7141,-0.000979,-0.000726,27.0086,-0.00118,-0.05815,-0.34752,0.67635,-0.33088,0.05713,0.00018,-0.05720,-0.34849,0.67938,-0.33309,0.05713,0.00050,-0.00000,-0.00018,-0.00000,-0.00044,0.43608,0.07593,-1.00608,0.06153,-0.03101,0.00081,0.28979,-0.05964,-0.71965,-0.01394,0.04601,0.00189,-0.00001,0.00075,0.00000,6.000,6.000,12.000,12.000,6.000,6.000,6.000,6.000,12.000,12.000,6.000,6.000,6.000,6.000,6.000,6.000,0.004472,0.018960,0.004194,0.019165,0.004194,0.012916,0.005026,0.012302,0.000000,0.000345,0.000000,0.000000,0.588104,0.411896,0.000000,0.000000,0.000000,0.056256,0.056232
0.3750,-0.00074,0.01690,0.48126,1.00000,0.00014,0.00108,0.00022,0.00493,0.01231,0.31536,0.31445,0.00215,0.01934,2,0.03485,0.00215,0.034804,-0.00009,-0.6556,-0.0004,-0.0026,-0.0060,-0.3365,-0.0539,-0.5332,0,0.04900,0.01900,0.0032,0.0030,0.005468,0.071350,-0.0036,0.0020,37.1860,0.0282,-0.0667,38.1083,-0.0137,-0.0416,25.6234,0.0361,0.0313,26.9184,0.001244,0.001511,37.1860,0.001258,0.001585,38.1083,-0.001144,-0.000616,25.6235,-0.001012,-0.000761,26.9184,-0.00121,-0.05902,-0.34733,0.67576,-0.33050,0.05799,0.00015,-0.05808,-0.34829,0.67883,-0.33274,0.05802,0.00054,-0.00000,-0.00017,-0.00000,-0.00044,0.44418,0.07723,-1.00770,0.06173,-0.03187,0.00087,0.29435,-0.06056,-0.71694,-0.01476,0.04691,0.00191,-0.00001,0.00077,0.00001,6.000,6.000,12.000,12.000,6.000,6.000,6.000,6.000,12.000,12.000,6.000,6.000,6.000,6.000,6.000,6.000,0.004468,0.019142,0.004194,0.019339,0.004194,0.013091,0.005015,0.012500,0.000000,0.000337,0.000000,0.000000,0.589521,0.410479,0.000000,0.000000,0.000000,0.057126,0.057126
0.3800,-0.00075,0.01715,0.48126,1.00000,0.00014,0.00109,0.00023,0.00492,0.01250,0.31536,0.31445,0.00216,0.01951,2,0.03485,0.00216,0.034803,-0.00009,-0.6542,-0.0004,-0.0027,-0.0062,-0.3362,-0.0536,-0.5325,0,0.04900,0.01900,0.0031,0.0029,0.005472,0.071368,-0.0038,0.0019,37.2779,0.0278,-0.0657,38.1987,-0.0140,-0.0428,25.5331,0.0358,0.0301,26.8285,0.001248,0.001530,37.2779,0.001262,0.001602,38.1987,-0.001178,-0.000655,25.5331,-0.001044,-0.000797,26.8285,-0.00124,-0.05990,-0.34713,0.67516,-0.33011,0.05886,0.00012,-0.05896,-0.34809,0.67827,-0.33240,0.05891,0.00058,-0.00000,-0.00015,-0.00000,-0.00044,0.45228,0.07853,-1.00929,0.06194,-0.03274,0.00093,0.29887,-0.06148,-0.71423,-0.01557,0.04782,0.00194,-0.00000,0.00079,0.00001,6.000,6.000,12.000,12.000,6.000,6.000,6.000,6.000,12.000,12.000,6.000,6.000,6.000,6.000,6.000,6.000,0.004464,0.019324,0.004194,0.019514,0.004194,0.013265,0.005005,0.012697,0.000000,0.000330,0.000000,0.000000,0.590933,0.409067,0.000000,0.000000,0.000000,0.057994,0.058019
0.3850,-0.00076,0.01741,0.48127,1.00000,0.00014,0.00109,0.00025,0.00491,0.01269,0.31536,0.31445,0.00217,0.01969,2,0.03485,0.00217,0.034803,-0.00008,-0.6529,-0.0004,-0.0027,-0.0064,-0.3360,-0.0532,-0.5318,0,0.04900,0.01900,0.0031,0.0028,0.005476,0.071385,-0.0040,0.0018,37.3694,0.0273,-0.0647,38.2887,-0.0142,-0.0439,25.4432,0.0353,0.0289,26.7390,0.001252,0.001550,37.3694,0.001266,0.001619,38.2887,-0.001212,-0.000694,25.4432,-0.001076,-0.000834,26.7390,-0.00127,-0.06077,-0.34693,0.67457,-0.32972,0.05973,0.00010,-0.05984,-0.34789,0.67771,-0.33206,0.05980,0.00063,-0.00000,-0.00013,-0.00000,-0.00044,0.46039,0.07982,-1.01087,0.06216,-0.03362,0.00099,0.30334,-0.06239,-0.71154,-0.01636,0.04875,0.00197,-0.00000,0.00081,0.00001,6.000,6.000,12.000,12.000,6.000,6.000,6.000,6.000,12.000,12.000,6.000,6.000,6.000,6.000,6.000,6.000,0.004461,0.019506,0.004194,0.019688,0.004194,0.013440,0.004994,0.012894,0.000000,0.000323,0.000000,0.000000,0.592339,0.407661,0.000000,0.000000,0.000000,0.058861,0.058911
0.3900,-0.00077,0.01767,0.48127,1.00000,0.00014,0.00110,0.00026,0.00489,0.01288,0.31537,0.31445,0.00218,0.01986,2,0.03486,0.00218,0.034803,-0.00008,-0.6515,-0.0004,-0.0028,-0.0065,-0.3358,-0.0529,-0.5311,0,0.04900,0.01900,0.0030,0.0028,0.005480,0.071403,-0.0042,0.0017,37.4606,0.0267,-0.0636,38.3783,-0.0145,-0.0450,25.3535,0.0349,0.0278,26.6498,0.001256,0.001570,37.4606,0.001270,0.001637,38.3783,-0.001246,-0.000734,25.3535,-0.001108,-0.000871,26.6498,-0.00130,-0.06165,-0.34673,0.67397,-0.32934,0.06059,0.00007,-0.06072,-0.34768,0.67715,-0.33171,0.06069,0.00067,-0.00000,-0.00011,-0.00000,-0.00044,0.46851,0.08111,-1.01242,0.06239,-0.03452,0.00105,0.30777,-0.06329,-0.70884,-0.01713,0.04968,0.00200,-0.00000,0.00083,0.00001,6.000,6.000,12.000,12.000,6.000,6.000,6.000,6.000,12.000,12.000,6.000,6.000,6.000,6.000,6.000,6.000,0.004458,0.019688,0.004194,0.019863,0.004194,0.013614,0.004985,0.013089,0.000000,0.000316,0.000000,0.000000,0.593741,0.406259,0.000000,0.000000,0.000000,0.059726,0.059802
0.3950,-0.00078,0.01792,0.48128,1.00000,0.00014,0.00110,0.00027,0.00488,0.01307,0.31537,0.31445,0.00219,0.02004,2,0.03486,0.00219,0.034802,-0.00008,-0.6502,-0.0004,-0.0029,-0.0067,-0.3355,-0.0525,-0.5304,0,0.04900,0.01900,0.0029,0.0027,0.005484,0.071421,-0.0044,0.0018,37.5515,0.0262,-0.0625,38.4677,-0.0149,-0.0461,25.2642,0.0345,0.0268,26.5610,0.001260,0.001590,37.5514,0.001275,0.001655,38.4677,-0.001279,-0.000775,25.2642,-0.001139,-0.000910,26.5610,-0.00133,-0.06252,-0.34652,0.67337,-0.32895,0.06145,0.00004,-0.06159,-0.34747,0.67658,-0.33137,0.06158,0.00071,-0.00000,-0.00010,-0.00000,-0.00044,0.47663,0.08239,-1.01395,0.06262,-0.03543,0.00111,0.31215,-0.06419,-0.70615,-0.01789,0.05063,0.00203,0.00000,0.00085,0.00002,6.000,6.000,12.000,12.000,6.000,6.000,6.000,6.000,12.000,12.000,6.000,6.000,6.000,6.000,6.000,6.000,0.004455,0.019869,0.004194,0.020037,0.004194,0.013789,0.004975,0.013284,0.000000,0.000310,0.000000,0.000000,0.595137,0.404863,0.000000,0.000000,0.000000,0.060590,0.060692
0.4000,-0.00079,0.01818,0.48128,1.00000,0.00014,0.00111,0.00029,0.00487,0.01326,0.31537,0.31445,0.00221,0.02021,2,0.03486,0.00221,0.034802,-0.00008,-0.6489,-0.0004,-0.0030,-0.0068,-0.3353,-0.0522,-0.5297,0,0.04900,0.01900,0.0029,0.0027,0.005489,0.071439,-0.0046,0.0018,37.6420,0.0257,-0.0613,38.5567,-0.0152,-0.0471,25.1751,0.0341,0.0257,26.4725,0.001265,0.001610,37.6420,0.001279,0.001673,38.5567,-0.001312,-0.000816,25.1752,-0.001170,-0.000949,26.4725,-0.00136,-0.06339,-0.34631,0.67276,-0.32857,0.06231,0.00002,-0.06247,-0.34726,0.67601,-0.33103,0.06247,0.00076,-0.00000,-0.00008,-0.00000,-0.00044,0.48476,0.08366,-1.01546,0.06286,-0.03634,0.00117,0.31650,-0.06508,-0.70347,-0.01864,0.05160,0.00205,0.00000,0.00087,0.00002,6.000,6.000,12.000,12.000,6.000,6.000,6.000,6.000,12.000,12.000,6.000,6.000,6.000,6.000,6.000,6.000,0.004452,0.020050,0.004194,0.020212,0.004194,0.013963,0.004966,0.013479,0.000000,0.000304,0.000000,0.000000,0.596528,0.403472,0.000000,0.000000,0.000000,0.061453,0.061582
0.4050,-0.00080,0.01844,0.48129,1.00000,0.00014,0.00111,0.00030,0.00486,0.01345,0.31538,0.31445,0.00222,0.02039,2,0.03486,0.00222,0.034801,-0.00008,-0.6475,-0.0004,-0.0031,-0.0070,-0.3351,-0.0518,-0.5290,0,0.04900,0.01900,0.0028,0.0026,0.005494,0.071458,-0.0048,0.0019,37.7322,0.0252,-0.0601,38.6454,-0.0155,-0.0481,25.0864,0.0336,0.0248,26.3843,0.001269,0.001630,37.7322,0.001284,0.001691,38.6454,-0.001345,-0.000859,25.0864,-0.001201,-0.000989,26.3843,-0.00139,-0.06426,-0.34610,0.67215,-0.32819,0.06318,-0.00001,-0.06334,-0.34704,0.67544,-0.33069,0.06336,0.00080,-0.00000,-0.00006,-0.00000,-0.00044,0.49289,0.08493,-1.01696,0.06311,-0.03727,0.00124,0.32080,-0.06597,-0.70079,-0.01937,0.05257,0.00208,0.00001,0.00089,0.00002,6.000,6.000,12.000,12.000,6.000,6.000,6.000,6.000,12.000,12.000,6.000,6.000,6.000,6.000,6.000,6.000,0.004449,0.020231,0.004194,0.020386,0.004194,0.014138,0.004957,0.013672,0.000000,0.000298,0.000000,0.000000,0.597916,0.402084,0.000000,0.000000,0.000000,0.062315,0.062470
0.4100,-0.00081,0.01869,0.48129,1.00000,0.00014,0.00112,0.00031,0.00485,0.01364,0.31538,0.31445,0.00223,0.02056,2,0.03486,0.00223,0.034801,-0.00008,-0.6462,-0.0004,-0.0031,-0.0071,-0.3349,-0.0515,-0.5284,0,0.04900,0.01900,0.0027,0.0026,0.005498,0.071476,-0.0050,0.0021,37.8222,0.0247,-0.0588,38.7339,-0.0158,-0.0490,24.9979,0.0332,0.0238,26.2963,0.001274,0.001651,37.8222,0.001289,0.001709,38.7339,-0.001377,-0.000902,24.9979,-0.001231,-0.001029,26.2963,-0.00142,-0.06513,-0.34588,0.67154,-0.32780,0.06403,-0.00004,-0.06421,-0.34682,0.67486,-0.33034,0.06424,0.00085,-0.00000,-0.00004,-0.00000,-0.00044,0.50103,0.08620,-1.01843,0.06337,-0.03821,0.00130,0.32506,-0.06686,-0.69811,-0.02008,0.05356,0.00211,0.00001,0.00091,0.00002,6.000,6.000,12.000,12.000,6.000,6.000,6.000,6.000,12.000,12.000,6.000,6.000,6.000,6.000,6.000,6.000,0.004446,0.020411,0.004194,0.020560,0.004194,0.014312,0.004948,0.013865,0.000000,0.000292,0.000000,0.000000,0.599299,0.400701,0.000000,0.000000,0.000000,0.063175,0.063357
0.4150,-0.00081,0.01895,0.48129,1.00000,0.00014,0.00112,0.00032,0.00484,0.01383,0.31539,0.31445,0.00224,0.02073,2,0.03486,0.00224,0.034800,-0.00008,-0.6449,-0.0004,-0.0032,-0.0072,-0.3347,-0.0512,-0.5277,0,0.04900,0.01900,0.0027,0.0025,0.005503,0.071495,-0.0053,0.0023,37.9119,0.0241,-0.0575,38.8220,-0.0162,-0.0500,24.9096,0.0328,0.0229,26.2086,0.001279,0.001671,37.9119,0.001294,0.001728,38.8220,-0.001409,-0.000947,24.9096,-0.001262,-0.001071,26.2086,-0.00144,-0.06600,-0.34566,0.67093,-0.32742,0.06489,-0.00006,-0.06509,-0.34659,0.67428,-0.33000,0.06513,0.00089,-0.00000,-0.00003,-0.00000,-0.00045,0.50918,0.08745,-1.01989,0.06363,-0.03916,0.00136,0.32929,-0.06774,-0.69544,-0.02079,0.05456,0.00213,0.00001,0.00093,0.00003,6.000,6.000,12.000,12.000,6.000,6.000,6.000,6.000,12.000,12.000,6.000,6.000,6.000,6.000,6.000,6.000,0.004443,0.020592,0.004194,0.020735,0.004194,0.014487,0.004940,0.014058,0.000000,0.000287,0.000000,0.000000,0.600678,0.399322,0.000000,0.000000,0.000000,0.064034,0.064244
0.4200,-0.00082,0.01920,0.48130,1.00000,0.00014,0.00113,0.00034,0.00483,0.01402,0.31539,0.31445,0.00225,0.02091,2,0.03486,0.00225,0.034800,-0.00008,-0.6436,-0.0004,-0.0033,-0.0073,-0.3344,-0.0509,-0.5270,0,0.04900,0.01900,0.0026,0.0025,0.005508,0.071514,-0.0055,0.0025,38.0014,0.0236,-0.0562,38.9099,-0.0165,-0.0509,24.8216,0.0323,0.0219,26.1212,0.001284,0.001692,38.0014,0.001299,0.001747,38.9099,-0.001441,-0.000992,24.8216,-0.001292,-0.001113,26.1212,-0.00147,-0.06686,-0.34543,0.67031,-0.32704,0.06575,-0.00009,-0.06596,-0.34636,0.67370,-0.32966,0.06601,0.00093,-0.00000,-0.00001,-0.00000,-0.00045,0.51734,0.08871,-1.02133,0.06390,-0.04012,0.00142,0.33347,-0.06862,-0.69277,-0.02148,0.05558,0.00216,0.00001,0.00095,0.00003,6.000,6.000,12.000,12.000,6.000,6.000,6.000,6.000,12.000,12.000,6.000,6.000,6.000,6.000,6.000,6.000,0.004440,0.020772,0.004194,0.020909,0.004194,0.014661,0.004932,0.014250,0.000000,0.000282,0.000000,0.000000,0.602053,0.397947,0.000000,0.000000,0.000000,0.064892,0.065129
0.4250,-0.00083,0.01946,0.48130,1.00000,0.00014,0.00113,0.00035,0.00481,0.01420,0.31539,0.31445,0.00226,0.02108,2,0.03486,0.00226,0.034799,-0.00008,-0.6423,-0.0004,-0.0034,-0.0074,-0.3342,-0.0506,-0.5264,0,0.04900,0.01900,0.0025,0.0024,0.005514,0.071533,-0.0058,0.0028,38.0906,0.0231,-0.0548,38.9976,-0.0168,-0.0518,24.7338,0.0319,0.0210,26.0340,0.001289,0.001713,38.0906,0.001304,0.001766,38.9976,-0.001473,-0.001038,24.7338,-0.001321,-0.001156,26.0340,-0.00150,-0.06773,-0.34520,0.66969,-0.32665,0.06660,-0.00012,-0.06683,-0.34613,0.67311,-0.32932,0.06690,0.00098,-0.00000,0.00001,-0.00000,-0.00045,0.52551,0.08995,-1.02275,0.06418,-0.04109,0.00148,0.33762,-0.06949,-0.69011,-0.02216,0.05660,0.00219,0.00002,0.00096,0.00003,6.000,6.000,12.000,12.000,6.000,6.000,6.000,6.000,12.000,12.000,6.000,6.000,6.000,6.000,6.000,6.000,0.004438,0.020952,0.004194,0.021084,0.004194,0.014836,0.004924,0.014442,0.000000,0.000277,0.000000,0.000000,0.603425,0.396575,0.000000,0.000000,0.000000,0.065748,0.066014
0.4300,-0.00084,0.01971,0.48131,1.00000,0.00014,0.00114,0.00036,0.00480,0.01439,0.31540,0.31445,0.00227,0.02126,2,0.03486,0.00227,0.034799,-0.00008,-0.6410,-0.0004,-0.0035,-0.0075,-0.3340,-0.0503,-0.5258,0,0.04900,0.01900,0.0025,0.0024,0.005519,0.071552,-0.0060,0.0031,38.1796,0.0225,-0.0534,39.0850,-0.0172,-0.0526,24.6462,0.0314,0.0202,25.9470,0.001294,0.001734,38.1795,0.001310,0.001785,39.0850,-0.001505,-0.001085,24.6462,-0.001351,-0.001200,25.9470,-0.00153,-0.06859,-0.34497,0.66906,-0.32627,0.06746,-0.00014,-0.06769,-0.34589,0.67252,-0.32897,0.06778,0.00102,-0.00000,0.00003,-0.00000,-0.00046,0.53369,0.09119,-1.02415,0.06446,-0.04207,0.00154,0.34173,-0.07036,-0.68744,-0.02283,0.05764,0.00221,0.00002,0.00098,0.00003,6.000,6.000,12.000,12.000,6.000,6.000,6.000,6.000,12.000,12.000,6.000,6.000,6.000,6.000,6.000,6.000,0.004435,0.021132,0.004194,0.021258,0.004194,0.015011,0.004917,0.014633,0.000000,0.000272,0.000000,0.000000,0.604793,0.395207,0.000000,0.000000,0.000000,0.066604,0.066897
0.4350,-0.00084,0.01996,0.48131,1.00000,0.00013,0.00114,0.00038,0.00479,0.01458,0.31540,0.31445,0.00227,0.02143,2,0.03486,0.00227,0.034799,-0.00008,-0.6397,-0.0004,-0.0036,-0.0076,-0.3338,-0.0500,-0.5251,0,0.04900,0.01900,0.0024,0.0024,0.005524,0.071572,-0.0063,0.0034,38.2683,0.0220,-0.0519,39.1723,-0.0175,-0.0535,24.5588,0.0310,0.0193,25.8602,0.001300,0.001756,38.2683,0.001315,0.001804,39.1723,-0.001536,-0.001132,24.5588,-0.001380,-0.001244,25.8602,-0.00156,-0.06946,-0.34474,0.66843,-0.32589,0.06831,-0.00017,-0.06856,-0.34565,0.67193,-0.32863,0.06866,0.00107,-0.00000,0.00004,-0.00000,-0.00046,0.54189,0.09243,-1.02554,0.06475,-0.04307,0.00160,0.34580,-0.07123,-0.68479,-0.02348,0.05869,0.00224,0.00002,0.00100,0.00004,6.000,6.000,12.000,12.000,6.000,6.000,6.000,6.000,12.000,12.000,6.000,6.000,6.000,6.000,6.000,6.000,0.004433,0.021312,0.004194,0.021433,0.004194,0.015185,0.004909,0.014823,0.000000,0.000267,0.000000,0.000000,0.606159,0.393841,0.000000,0.000000,0.000000,0.067457,0.067780
0.4400,-0.00085,0.02022,0.48131,1.00000,0.00013,0.00115,0.00039,0.00478,0.01477,0.31540,0.31445,0.00228,0.02161,2,0.03486,0.00228,0.034798,-0.00008,-0.6384,-0.0004,-0.0037,-0.0076,-0.3336,-0.0497,-0.5245,0,0.04900,0.01900,0.0023,0.0023,0.005530,0.071591,-0.0065,0.0037,38.3569,0.0215,-0.0505,39.2593,-0.0179,-0.0543,24.4716,0.0305,0.0184,25.7736,0.001305,0.001777,38.3569,0.001321,0.001823,39.2593,-0.001567,-0.001181,24.4716,-0.001409,-0.001289,25.7736,-0.00159,-0.07032,-0.34450,0.66780,-0.32550,0.06916,-0.00020,-0.06943,-0.34540,0.67133,-0.32829,0.06954,0.00111,-0.00000,0.00006,-0.00000,-0.00046,0.55009,0.09366,-1.02691,0.06504,-0.04408,0.00166,0.34984,-0.07209,-0.68213,-0.02413,0.05976,0.00226,0.00002,0.00101,0.00004,6.000,6.000,12.000,12.000,6.000,6.000,6.000,6.000,12.000,12.000,6.000,6.000,6.000,6.000,6.000,6.000,0.004430,0.021492,0.004194,0.021607,0.004194,0.015360,0.004902,0.015013,0.000000,0.000263,0.000000,0.000000,0.607521,0.392479,0.000000,0.000000,0.000000,0.068310,0.068662
0.4450,-0.00086,0.02047,0.48132,1.00000,0.00013,0.00115,0.00040,0.00477,0.01496,0.31540,0.31445,0.00229,0.02178,2,0.03486,0.00229,0.034798,-0.00008,-0.6371,-0.0004,-0.0038,-0.0077,-0.3334,-0.0494,-0.5239,0,0.04900,0.01900,0.0023,0.0023,0.005535,0.071611,-0.0068,0.0041,38.4452,0.0209,-0.0490,39.3461,-0.0182,-0.0552,24.3845,0.0301,0.0176,25.6872,0.001310,0.001799,38.4452,0.001326,0.001843,39.3461,-0.001598,-0.001230,24.3845,-0.001438,-0.001336,25.6872,-0.00162,-0.07118,-0.34425,0.66717,-0.32512,0.07001,-0.00022,-0.07029,-0.34516,0.67073,-0.32794,0.07042,0.00115,-0.00000,0.00008,-0.00000,-0.00047,0.55830,0.09488,-1.02827,0.06534,-0.04509,0.00172,0.35384,-0.07295,-0.67948,-0.02477,0.06083,0.00229,0.00003,0.00103,0.00004,6.000,6.000,12.000,12.000,6.000,6.000,6.000,6.000,12.000,12.000,6.000,6.000,6.000,6.000,6.000,6.000,0.004428,0.021672,0.004194,0.021782,0.004194,0.015534,0.004895,0.015203,0.000000,0.000258,0.000000,0.000000,0.608880,0.391120,0.000000,0.000000,0.000000,0.069161,0.069542
0.4500,-0.00086,0.02072,0.48132,1.00000,0.00013,0.00115,0.00041,0.00477,0.01514,0.31541,0.31445,0.00230,0.02196,2,0.03486,0.00230,0.034797,-0.00008,-0.6358,-0.0004,-0.0039,-0.0078,-0.3332,-0.0491,-0.5233,0,0.04900,0.01900,0.0022,0.0022,0.005541,0.071631,-0.0070,0.0045,38.5334,0.0204,-0.0474,39.4328,-0.0186,-0.0560,24.2976,0.0297,0.0168,25.6010,0.001316,0.001821,38.5334,0.001332,0.001863,39.4328,-0.001629,-0.001281,24.2977,-0.001467,-0.001382,25.6010,-0.00164,-0.07204,-0.34401,0.66653,-0.32474,0.07086,-0.00025,-0.07116,-0.34490,0.67012,-0.32760,0.07130,0.00120,-0.00000,0.00009,-0.00000,-0.00047,0.56653,0.09610,-1.02961,0.06564,-0.04612,0.00178,0.35780,-0.07380,-0.67683,-0.02539,0.06192,0.00231,0.00003,0.00104,0.00004,6.000,6.000,12.000,12.000,6.000,6.000,6.000,6.000,12.000,12.000,6.000,6.000,6.000,6.000,6.000,6.000,0.004426,0.021851,0.004194,0.021956,0.004194,0.015709,0.004889,0.015393,0.000000,0.000254,0.000000,0.000000,0.610237,0.389763,0.000000,0.000000,0.000000,0.070011,0.070422
0.4550,-0.00087,0.02098,0.48132,1.00000,0.00013,0.00116,0.00043,0.00476,0.01533,0.31541,0.31445,0.00231,0.02213,2,0.03486,0.00231,0.034797,-0.00008,-0.6345,-0.0004,-0.0040,-0.0078,-0.3330,-0.0488,-0.5227,0,0.04900,0.01900,0.0021,0.0022,0.005547,0.071652,-0.0073,0.0049,38.6214,0.0199,-0.0459,39.5192,-0.0189,-0.0568,24.2109,0.0292,0.0160,25.5150,0.001322,0.001843,38.6214,0.001338,0.001883,39.5192,-0.001660,-0.001332,24.2110,-0.001495,-0.001430,25.5150,-0.00167,-0.07290,-0.34376,0.66589,-0.32435,0.07171,-0.00027,-0.07202,-0.34465,0.66951,-0.32726,0.07218,0.00124,-0.00000,0.00011,-0.00000,-0.00048,0.57477,0.09731,-1.03093,0.06595,-0.04716,0.00184,0.36173,-0.07465,-0.67419,-0.02601,0.06302,0.00233,0.00003,0.00105,0.00005,6.000,6.000,12.000,12.000,6.000,6.000,6.000,6.000,12.000,12.000,6.000,6.000,6.000,6.000,6.000,6.000,0.004424,0.022030,0.004194,0.022131,0.004194,0.015883,0.004882,0.015582,0.000000,0.000250,0.000000,0.000000,0.611591,0.388409,0.000000,0.000000,0.000000,0.070860,0.071301
0.4600,-0.00087,0.02123,0.48133,1.00000,0.00013,0.00116,0.00044,0.00475,0.01552,0.31541,0.31445,0.00231,0.02231,2,0.03486,0.00231,0.034796,-0.00008,-0.6332,-0.0004,-0.0040,-0.0079,-0.3328,-0.0485,-0.5221,0,0.04900,0.01900,0.0020,0.0021,0.005552,0.071672,-0.0075,0.0054,38.7092,0.0193,-0.0443,39.6055,-0.0193,-0.0576,24.1244,0.0288,0.0151,25.4291,0.001327,0.001866,38.7092,0.001343,0.001904,39.6055,-0.001691,-0.001384,24.1244,-0.001524,-0.001479,25.4291,-0.00170,-0.07375,-0.34350,0.66524,-0.32397,0.07255,-0.00030,-0.07288,-0.34439,0.66890,-0.32691,0.07306,0.00128,-0.00000,0.00013,-0.00000,-0.00049,0.58303,0.09852,-1.03224,0.06627,-0.04822,0.00190,0.36563,-0.07550,-0.67155,-0.02662,0.06414,0.00236,0.00004,0.00107,0.00005,6.000,6.000,12.000,12.000,6.000,6.000,6.000,6.000,12.000,12.000,6.000,6.000,6.000,6.000,6.000,6.000,0.004422,0.022210,0.004194,0.022305,0.004194,0.016058,0.004876,0.015771,0.000000,0.000247,0.000000,0.000000,0.612943,0.387057,0.000000,0.000000,0.000000,0.071708,0.072179
0.4650,-0.00088,0.02148,0.48133,1.00000,0.00013,0.00116,0.00045,0.00474,0.01570,0.31542,0.31445,0.00232,0.02248,2,0.03486,0.00232,0.034796,-0.00008,-0.6319,-0.0004,-0.0041,-0.0079,-0.3326,-0.0483,-0.5215,0,0.04900,0.01900,0.0020,0.0021,0.005558,0.071693,-0.0078,0.0058,38.7969,0.0188,-0.0428,39.6916,-0.0196,-0.0584,24.0379,0.0283,0.0143,25.3433,0.001333,0.001888,38.7969,0.001349,0.001924,39.6916,-0.001721,-0.001437,24.0380,-0.001552,-0.001528,25.3433,-0.00173,-0.07461,-0.34324,0.66460,-0.32358,0.07340,-0.00032,-0.07374,-0.34413,0.66828,-0.32657,0.07393,0.00133,-0.00000,0.00014,-0.00000,-0.00049,0.59130,0.09972,-1.03354,0.06658,-0.04928,0.00196,0.36949,-0.07635,-0.66891,-0.02721,0.06526,0.00238,0.00004,0.00108,0.00005,6.000,6.000,12.000,12.000,6.000,6.000,6.000,6.000,12.000,12.000,6.000,6.000,6.000,6.000,6.000,6.000,0.004420,0.022389,0.004194,0.022480,0.004194,0.016232,0.004870,0.015959,0.000000,0.000243,0.000000,0.000000,0.614292,0.385708,0.000000,0.000000,0.000000,0.072554,0.073057
0.4700,-0.00088,0.02173,0.48133,1.00000,0.00013,0.00117,0.00046,0.00473,0.01589,0.31542,0.31445,0.00233,0.02265,2,0.03486,0.00233,0.034796,-0.00008,-0.6306,-0.0004,-0.0042,-0.0080,-0.3325,-0.0480,-0.5210,0,0.04900,0.01900,0.0019,0.0020,0.005564,0.071714,-0.0080,0.0063,38.8844,0.0183,-0.0412,39.7776,-0.0200,-0.0592,23.9517,0.0279,0.0135,25.2578,0.001339,0.001911,38.8844,0.001355,0.001945,39.7776,-0.001752,-0.001490,23.9517,-0.001581,-0.001578,25.2578,-0.00176,-0.07546,-0.34298,0.66394,-0.32320,0.07424,-0.00035,-0.07460,-0.34386,0.66766,-0.32622,0.07481,0.00137,-0.00000,0.00016,-0.00000,-0.00050,0.59958,0.10092,-1.03482,0.06691,-0.05036,0.00202,0.37332,-0.07719,-0.66627,-0.02780,0.06640,0.00240,0.00004,0.00109,0.00005,6.000,6.000,12.000,12.000,6.000,6.000,6.000,6.000,12.000,12.000,6.000,6.000,6.000,6.000,6.000,6.000,0.004418,0.022568,0.004194,0.022654,0.004194,0.016407,0.004864,0.016147,0.000000,0.000239,0.000000,0.000000,0.615639,0.384361,0.000000,0.000000,0.000000,0.073399,0.073933
0.4750,-0.00089,0.02198,0.48134,1.00000,0.00013,0.00117,0.00048,0.00472,0.01608,0.31542,0.31445,0.00234,0.02283,2,0.03486,0.00234,0.034795,-0.00008,-0.6293,-0.0004,-0.0043,-0.0080,-0.3323,-0.0477,-0.5204,0,0.04900,0.01900,0.0018,0.0020,0.005570,0.071735,-0.0083,0.0068,38.9718,0.0178,-0.0396,39.8635,-0.0203,-0.0600,23.8655,0.0275,0.0127,25.1723,0.001345,0.001934,38.9718,0.001361,0.001966,39.8635,-0.001782,-0.001545,23.8655,-0.001609,-0.001629,25.1723,-0.00178,-0.07632,-0.34272,0.66329,-0.32281,0.07509,-0.00037,-0.07546,-0.34359,0.66704,-0.32588,0.07568,0.00141,-0.00000,0.00017,-0.00000,-0.00051,0.60788,0.10211,-1.03609,0.06723,-0.05144,0.00208,0.37711,-0.07803,-0.66364,-0.02838,0.06755,0.00243,0.00004,0.00110,0.00005,6.000,6.000,12.000,12.000,6.000,6.000,6.000,6.000,12.000,12.000,6.000,6.000,6.000,6.000,6.000,6.000,0.004416,0.022747,0.004194,0.022829,0.004194,0.016581,0.004858,0.016335,0.000000,0.000236,0.000000,0.000000,0.616984,0.383016,0.000000,0.000000,0.000000,0.074243,0.074809
0.4800,-0.00089,0.02224,0.48134,1.00000,0.00013,0.00117,0.00049,0.00471,0.01626,0.31542,0.31445,0.00234,0.02300,2,0.03486,0.00234,0.034795,-0.00008,-0.6281,-0.0004,-0.0044,-0.0081,-0.3321,-0.0475,-0.5199,0,0.04900,0.01900,0.0017,0.0020,0.005576,0.071756,-0.0085,0.0073,39.0590,0.0173,-0.0380,39.9492,-0.0206,-0.0608,23.7794,0.0271,0.0119,25.0870,0.001351,0.001958,39.0590,0.001367,0.001987,39.9492,-0.001813,-0.001601,23.7795,-0.001637,-0.001681,25.0870,-0.00181,-0.07717,-0.34245,0.66263,-0.32243,0.07593,-0.00040,-0.07632,-0.34332,0.66641,-0.32553,0.07656,0.00145,-0.00000,0.00019,-0.00000,-0.00052,0.61619,0.10330,-1.03734,0.06756,-0.05254,0.00214,0.38088,-0.07886,-0.66101,-0.02896,0.06871,0.00245,0.00005,0.00111,0.00006,6.000,6.000,12.000,12.000,6.000,6.000,6.000,6.000,12.000,12.000,6.000,6.000,6.000,6.000,6.000,6.000,0.004414,0.022925,0.004194,0.023003,0.004194,0.016756,0.004853,0.016522,0.000000,0.000233,0.000000,0.000000,0.618328,0.381672,0.000000,0.000000,0.000000,0.075086,0.075683
0.4850,-0.00090,0.02249,0.48134,1.00000,0.00013,0.00118,0.00050,0.00470,0.01645,0.31543,0.31445,0.00235,0.02318,2,0.03486,0.00235,0.034794,-0.00008,-0.6268,-0.0004,-0.0045,-0.0081,-0.3319,-0.0472,-0.5193,0,0.04900,0.01900,0.0017,0.0019,0.005582,0.071778,-0.0088,0.0078,39.1461,0.0168,-0.0363,40.0348,-0.0210,-0.0616,23.6935,0.0266,0.0111,25.0018,0.001356,0.001981,39.1461,0.001373,0.002008,40.0348,-0.001843,-0.001657,23.6935,-0.001665,-0.001733,25.0018,-0.00184,-0.07802,-0.34218,0.66196,-0.32204,0.07677,-0.00042,-0.07717,-0.34304,0.66578,-0.32518,0.07743,0.00150,-0.00000,0.00021,-0.00000,-0.00053,0.62452,0.10448,-1.03858,0.06790,-0.05366,0.00220,0.38461,-0.07970,-0.65838,-0.02952,0.06988,0.00247,0.00005,0.00113,0.00006,6.000,6.000,12.000,12.000,6.000,6.000,6.000,6.000,12.000,12.000,6.000,6.000,6.000,6.000,6.000,6.000,0.004412,0.023104,0.004194,0.023178,0.004194,0.016931,0.004847,0.016710,0.000000,0.000230,0.000000,0.000000,0.619669,0.380331,0.000000,0.000000,0.000000,0.075927,0.076557
0.4900,-0.00090,0.02274,0.48135,1.00000,0.00013,0.00118,0.00051,0.00470,0.01664,0.31543,0.31445,0.00235,0.02335,2,0.03486,0.00235,0.034794,-0.00008,-0.6255,-0.0004,-0.0046,-0.0082,-0.3317,-0.0469,-0.5188,0,0.04900,0.01900,0.0016,0.0019,0.005588,0.071799,-0.0090,0.0084,39.2331,0.0163,-0.0347,40.1202,-0.0213,-0.0624,23.6077,0.0262,0.0102,24.9167,0.001362,0.002005,39.2331,0.001379,0.002030,40.1202,-0.001873,-0.001714,23.6077,-0.001693,-0.001786,24.9167,-0.00187,-0.07887,-0.34190,0.66129,-0.32165,0.07761,-0.00045,-0.07803,-0.34276,0.66514,-0.32483,0.07830,0.00154,-0.00000,0.00022,-0.00000,-0.00054,0.63287,0.10566,-1.03980,0.06823,-0.05478,0.00226,0.38830,-0.08053,-0.65575,-0.03008,0.07107,0.00249,0.00005,0.00114,0.00006,6.000,6.000,12.000,12.000,6.000,6.000,6.000,6.000,12.000,12.000,6.000,6.000,6.000,6.000,6.000,6.000,0.004410,0.023283,0.004194,0.023352,0.004194,0.017105,0.004842,0.016897,0.000000,0.000227,0.000000,0.000000,0.621008,0.378992,0.000000,0.000000,0.000000,0.076767,0.077430
0.4950,-0.00090,0.02299,0.48135,1.00000,0.00013,0.00118,0.00052,0.00469,0.01682,0.31543,0.31445,0.00236,0.02353,2,0.03487,0.00236,0.034794,-0.00008,-0.6243,-0.0004,-0.0047,-0.0082,-0.3316,-0.0467,-0.5182,0,0.04900,0.01900,0.0015,0.0018,0.005594,0.071821,-0.0093,0.0089,39.3200,0.0158,-0.0330,40.2056,-0.0216,-0.0632,23.5220,0.0258,0.0094,24.8317,0.001368,0.002029,39.3200,0.001385,0.002052,40.2056,-0.001904,-0.001773,23.5220,-0.001721,-0.001840,24.8317,-0.00189,-0.07972,-0.34162,0.66062,-0.32127,0.07844,-0.00047,-0.07888,-0.34248,0.66450,-0.32448,0.07917,0.00158,-0.00000,0.00024,-0.00000,-0.00055,0.64123,0.10683,-1.04101,0.06857,-0.05591,0.00232,0.39197,-0.08135,-0.65313,-0.03063,0.07226,0.00251,0.00005,0.00114,0.00006,6.000,6.000,12.000,12.000,6.000,6.000,6.000,6.000,12.000,12.000,6.000,6.000,6.000,6.000,6.000,6.000,0.004409,0.023461,0.004194,0.023527,0.004194,0.017280,0.004837,0.017084,0.000000,0.000224,0.000000,0.000000,0.622346,0.377654,0.000000,0.000000,0.000000,0.077607,0.078302
0.5000,-0.00091,0.02324,0.48135,1.00000,0.00013,0.00119,0.00054,0.00468,0.01701,0.31543,0.31445,0.00237,0.02370,2,0.03487,0.00237,0.034793,-0.00008,-0.6230,-0.0004,-0.0047,-0.0082,-0.3314,-0.0464,-0.5177,0,0.04900,0.01900,0.0014,0.0018,0.005600,0.071843,-0.0095,0.0094,39.4067,0.0153,-0.0314,40.2908,-0.0220,-0.0640,23.4363,0.0254,0.0086,24.7469,0.001374,0.002053,39.4067,0.001391,0.002074,40.2908,-0.001934,-0.001832,23.4364,-0.001749,-0.001895,24.7469,-0.00192,-0.08057,-0.34134,0.65995,-0.32088,0.07928,-0.00050,-0.07973,-0.34219,0.66386,-0.32414,0.08004,0.00162,-0.00000,0.00025,-0.00000,-0.00056,0.64961,0.10799,-1.04221,0.06892,-0.05706,0.00238,0.39560,-0.08218,-0.65051,-0.03117,0.07347,0.00253,0.00006,0.00115,0.00006,6.000,6.000,12.000,12.000,6.000,6.000,6.000,6.000,12.000,12.000,6.000,6.000,6.000,6.000,6.000,6.000,0.004407,0.023640,0.004194,0.023701,0.004194,0.017454,0.004832,0.017270,0.000000,0.000221,0.000000,0.000000,0.623682,0.376318,0.000000,0.000000,0.000000,0.078445,0.079174
0.5050,-0.00091,0.02349,0.48135,1.00000,0.00013,0.00119,0.00055,0.00467,0.01719,0.31544,0.31445,0.00237,0.02388,2,0.03487,0.00237,0.034793,-0.00008,-0.6217,-0.0004,-0.0048,-0.0083,-0.3312,-0.0462,-0.5172,0,0.04900,0.01900,0.0014,0.0018,0.005606,0.071866,-0.0097,0.0100,39.4933,0.0148,-0.0297,40.3759,-0.0223,-0.0649,23.3508,0.0250,0.0078,24.6621,0.001380,0.002077,39.4933,0.001397,0.002096,40.3759,-0.001964,-0.001892,23.3508,-0.001777,-0.001951,24.6621,-0.00195,-0.08142,-0.34105,0.65927,-0.32049,0.08012,-0.00052,-0.08059,-0.34190,0.66321,-0.32378,0.08091,0.00166,-0.00000,0.00027,-0.00000,-0.00057,0.65800,0.10915,-1.04339,0.06927,-0.05822,0.00244,0.39920,-0.08300,-0.64789,-0.03171,0.07470,0.00256,0.00006,0.00116,0.00007,6.000,6.000,12.000,12.000,6.000,6.000,6.000,6.000,12.000,12.000,6.000,6.000,6.000,6.000,6.000,6.000,0.004405,0.023818,0.004194,0.023876,0.004194,0.017629,0.004827,0.017456,0.000000,0.000219,0.000000,0.000000,0.625017,0.374983,0.000000,0.000000,0.000000,0.079281,0.080044
0.5100,-0.00091,0.02374,0.48136,1.00000,0.00013,0.00119,0.00056,0.00467,0.01738,0.31544,0.31445,0.00238,0.02405,2,0.03487,0.00238,0.034792,-0.00008,-0.6205,-0.0004,-0.0049,-0.0083,-0.3311,-0.0460,-0.5167,0,0.04900,0.01900,0.0013,0.0017,0.005612,0.071888,-0.0100,0.0106,39.5799,0.0144,-0.0280,40.4610,-0.0226,-0.0657,23.2654,0.0246,0.0069,24.5775,0.001386,0.002102,39.5798,0.001403,0.002119,40.4610,-0.001995,-0.001953,23.2654,-0.001805,-0.002008,24.5775,-0.00198,-0.08226,-0.34076,0.65858,-0.32010,0.08095,-0.00054,-0.08144,-0.34160,0.66256,-0.32343,0.08178,0.00170,-0.00000,0.00028,-0.00000,-0.00058,0.66641,0.11031,-1.04456,0.06962,-0.05939,0.00250,0.40277,-0.08382,-0.64527,-0.03224,0.07593,0.00258,0.00006,0.00117,0.00007,6.000,6.000,12.000,12.000,6.000,6.000,6.000,6.000,12.000,12.000,6.000,6.000,6.000,6.000,6.000,6.000,0.004404,0.023996,0.004194,0.024050,0.004194,0.017803,0.004823,0.017643,0.000000,0.000216,0.000000,0.000000,0.626350,0.373650,0.000000,0.000000,0.000000,0.080117,0.080914
0.5150,-0.00092,0.02399,0.48136,1.00000,0.00013,0.00119,0.00057,0.00466,0.01756,0.31544,0.31445,0.00238,0.02422,2,0.03487,0.00238,0.034792,-0.00008,-0.6192,-0.0004,-0.0050,-0.0083,-0.3309,-0.0457,-0.5162,0,0.04900,0.01900,0.0012,0.0017,0.005618,0.071911,-0.0102,0.0112,39.6663,0.0139,-0.0263,40.5459,-0.0229,-0.0665,23.1800,0.0242,0.0061,24.4929,0.001392,0.002127,39.6663,0.001410,0.002142,40.5459,-0.002025,-0.002015,23.1800,-0.001832,-0.002065,24.4929,-0.00200,-0.08311,-0.34047,0.65789,-0.31971,0.08179,-0.00057,-0.08229,-0.34131,0.66190,-0.32308,0.08265,0.00175,-0.00000,0.00029,-0.00000,-0.00059,0.67484,0.11146,-1.04572,0.06997,-0.06057,0.00256,0.40631,-0.08463,-0.64266,-0.03276,0.07717,0.00260,0.00006,0.00118,0.00007,6.000,6.000,12.000,12.000,6.000,6.000,6.000,6.000,12.000,12.000,6.000,6.000,6.000,6.000,6.000,6.000,0.004402,0.024175,0.004194,0.024224,0.004194,0.017978,0.004818,0.017829,0.000000,0.000214,0.000000,0.000000,0.627681,0.372319,0.000000,0.000000,0.000000,0.080952,0.081783
0.5200,-0.00092,0.02424,0.48136,1.00000,0.00013,0.00120,0.00058,0.00465,0.01775,0.31544,0.31445,0.00239,0.02440,2,0.03487,0.00239,0.034792,-0.00008,-0.6180,-0.0004,-0.0051,-0.0084,-0.3308,-0.0455,-0.5157,0,0.04900,0.01900,0.0012,0.0017,0.005624,0.071934,-0.0104,0.0117,39.7526,0.0134,-0.0246,40.6307,-0.0232,-0.0673,23.0947,0.0239,0.0052,24.4084,0.001398,0.002151,39.7526,0.001416,0.002164,40.6307,-0.002055,-0.002078,23.0947,-0.001860,-0.002124,24.4084,-0.00203,-0.08395,-0.34017,0.65720,-0.31932,0.08262,-0.00059,-0.08314,-0.34100,0.66124,-0.32273,0.08352,0.00179,-0.00000,0.00031,-0.00000,-0.00060,0.68329,0.11261,-1.04687,0.07033,-0.06177,0.00262,0.40982,-0.08544,-0.64005,-0.03328,0.07843,0.00262,0.00007,0.00119,0.00007,6.000,6.000,12.000,12.000,6.000,6.000,6.000,6.000,12.000,12.000,6.000,6.000,6.000,6.000,6.000,6.000,0.004401,0.024353,0.004194,0.024399,0.004194,0.018152,0.004813,0.018014,0.000000,0.000211,0.000000,0.000000,0.629012,0.370988,0.000000,0.000000,0.000000,0.081786,0.082652
0.5250,-0.00092,0.02449,0.48136,1.00000,0.00013,0.00120,0.00060,0.00464,0.01793,0.31544,0.31445,0.00239,0.02457,2,0.03487,0.00239,0.034791,-0.00007,-0.6167,-0.0004,-0.0051,-0.0084,-0.3306,-0.0453,-0.5152,0,0.04900,0.01900,0.0011,0.0016,0.005630,0.071957,-0.0106,0.0123,39.8388,0.0130,-0.0229,40.7155,-0.0235,-0.0682,23.0095,0.0235,0.0044,24.3240,0.001404,0.002177,39.8388,0.001422,0.002188,40.7155,-0.002085,-0.002142,23.0095,-0.001888,-0.002183,24.3240,-0.00206,-0.08480,-0.33987,0.65650,-0.31893,0.08345,-0.00061,-0.08399,-0.34070,0.66057,-0.32237,0.08439,0.00183,-0.00000,0.00032,-0.00000,-0.00061,0.69176,0.11375,-1.04800,0.07069,-0.06298,0.00268,0.41330,-0.08625,-0.63744,-0.03379,0.07970,0.00264,0.00007,0.00119,0.00008,6.000,6.000,12.000,12.000,6.000,6.000,6.000,6.000,12.000,12.000,6.000,6.000,6.000,6.000,6.000,6.000,0.004399,0.024531,0.004194,0.024573,0.004194,0.018327,0.004809,0.018200,0.000000,0.000209,0.000000,0.000000,0.630341,0.369659,0.000000,0.000000,0.000000,0.082618,0.083519
0.5300,-0.00092,0.02473,0.48137,1.00000,0.00013,0.00120,0.00061,0.00464,0.01811,0.31545,0.31445,0.00240,0.02475,2,0.03487,0.00240,0.034791,-0.00007,-0.6155,-0.0004,-0.0052,-0.0085,-0.3305,-0.0450,-0.5147,0,0.04900,0.01900,0.0010,0.0016,0.005636,0.071981,-0.0108,0.0129,39.9250,0.0125,-0.0212,40.8002,-0.0238,-0.0690,22.9243,0.0231,0.0035,24.2397,0.001410,0.002202,39.9250,0.001428,0.002211,40.8002,-0.002116,-0.002207,22.9244,-0.001916,-0.002243,24.2397,-0.00208,-0.08564,-0.33957,0.65580,-0.31853,0.08428,-0.00064,-0.08483,-0.34039,0.65990,-0.32202,0.08525,0.00187,-0.00000,0.00034,-0.00000,-0.00063,0.70024,0.11488,-1.04911,0.07105,-0.06420,0.00274,0.41675,-0.08705,-0.63483,-0.03429,0.08098,0.00265,0.00007,0.00120,0.00008,6.000,6.000,12.000,12.000,6.000,6.000,6.000,6.000,12.000,12.000,6.000,6.000,6.000,6.000,6.000,6.000,0.004398,0.024709,0.004194,0.024748,0.004194,0.018501,0.004805,0.018385,0.000000,0.000207,0.000000,0.000000,0.631669,0.368331,0.000000,0.000000,0.000000,0.083449,0.084386
0.5350,-0.00092,0.02498,0.48137,1.00000,0.00013,0.00120,0.00062,0.00463,0.01830,0.31545,0.31445,0.00240,0.02492,2,0.03487,0.00240,0.034790,-0.00007,-0.6142,-0.0004,-0.0053,-0.0085,-0.3303,-0.0448,-0.5142,0,0.04900,0.01900,0.0009,0.0016,0.005642,0.072005,-0.0110,0.0135,40.0111,0.0121,-0.0195,40.8848,-0.0241,-0.0699,22.8392,0.0228,0.0027,24.1554,0.001416,0.002228,40.0110,0.001434,0.002234,40.8848,-0.002146,-0.002272,22.8393,-0.001944,-0.002304,24.1554,-0.00211,-0.08648,-0.33926,0.65510,-0.31814,0.08511,-0.00066,-0.08568,-0.34008,0.65923,-0.32166,0.08612,0.00191,-0.00000,0.00035,-0.00000,-0.00064,0.70874,0.11601,-1.05022,0.07141,-0.06543,0.00280,0.42017,-0.08786,-0.63222,-0.03479,0.08228,0.00267,0.00008,0.00121,0.00008,6.000,6.000,12.000,12.000,6.000,6.000,6.000,6.000,12.000,12.000,6.000,6.000,6.000,6.000,6.000,6.000,0.004396,0.024887,0.004194,0.024922,0.004194,0.018676,0.004801,0.018571,0.000000,0.000205,0.000000,0.000000,0.632996,0.367004,0.000000,0.000000,0.000000,0.084280,0.085252
0.5400,-0.00093,0.02523,0.48137,1.00000,0.00013,0.00120,0.00063,0.00462,0.01848,0.31545,0.31445,0.00240,0.02510,2,0.03487,0.00240,0.034790,-0.00007,-0.6130,-0.0004,-0.0054,-0.0085,-0.3302,-0.0446,-0.5137,0,0.04900,0.01900,0.0009,0.0016,0.005648,0.072028,-0.0113,0.0141,40.0970,0.0117,-0.0178,40.9693,-0.0244,-0.0707,22.7542,0.0224,0.0018,24.0712,0.001422,0.002254,40.0970,0.001440,0.002258,40.9693,-0.002177,-0.002339,22.7543,-0.001972,-0.002366,24.0712,-0.00214,-0.08732,-0.33895,0.65439,-0.31774,0.08594,-0.00068,-0.08653,-0.33976,0.65855,-0.32130,0.08698,0.00195,-0.00000,0.00036,-0.00000,-0.00065,0.71726,0.11714,-1.05131,0.07178,-0.06667,0.00286,0.42356,-0.08866,-0.62962,-0.03528,0.08358,0.00269,0.00008,0.00121,0.00008,6.000,6.000,12.000,12.000,6.000,6.000,6.000,6.000,12.000,12.000,6.000,6.000,6.000,6.000,6.000,6.000,0.004395,0.025065,0.004194,0.025097,0.004194,0.018850,0.004797,0.018756,0.000000,0.000203,0.000000,0.000000,0.634322,0.365678,0.000000,0.000000,0.000000,0.085109,0.086118
0.5450,-0.00093,0.02548,0.48137,1.00000,0.00013,0.00121,0.00064,0.00462,0.01867,0.31545,0.31445,0.00241,0.02527,2,0.03487,0.00241,0.034790,-0.00007,-0.6118,-0.0004,-0.0055,-0.0086,-0.3300,-0.0444,-0.5132,0,0.04900,0.01900,0.0008,0.0015,0.005654,0.072052,-0.0115,0.0148,40.1829,0.0112,-0.0160,41.0537,-0.0247,-0.0716,22.6692,0.0221,0.0009,23.9871,0.001428,0.002280,40.1829,0.001446,0.002282,41.0537,-0.002207,-0.002407,22.6693,-0.002000,-0.002429,23.9871,-0.00216,-0.08816,-0.33864,0.65367,-0.31735,0.08676,-0.00071,-0.08737,-0.33945,0.65787,-0.32094,0.08785,0.00199,-0.00000,0.00037,-0.00000,-0.00067,0.72580,0.11826,-1.05239,0.07215,-0.06792,0.00292,0.42692,-0.08945,-0.62702,-0.03577,0.08490,0.00271,0.00008,0.00122,0.00008,6.000,6.000,12.000,12.000,6.000,6.000,6.000,6.000,12.000,12.000,6.000,6.000,6.000,6.000,6.000,6.000,0.004394,0.025243,0.004194,0.025271,0.004194,0.019025,0.004793,0.018941,0.000000,0.000201,0.000000,0.000000,0.635646,0.364354,0.000000,0.000000,0.000000,0.085938,0.086983
0.5500,-0.00093,0.02573,0.48138,1.00000,0.00012,0.00121,0.00065,0.00461,0.01885,0.31545,0.31445,0.00241,0.02545,2,0.03487,0.00241,0.034789,-0.00007,-0.6105,-0.0004,-0.0055,-0.0086,-0.3299,-0.0442,-0.5128,0,0.04900,0.01900,0.0007,0.0015,0.005661,0.072077,-0.0116,0.0154,40.2688,0.0108,-0.0143,41.1381,-0.0250,-0.0725,22.5843,0.0217,-0.0000,23.9030,0.001434,0.002306,40.2688,0.001452,0.002306,41.1381,-0.002238,-0.002476,22.5844,-0.002028,-0.002492,23.9030,-0.00219,-0.08900,-0.33832,0.65295,-0.31695,0.08759,-0.00073,-0.08822,-0.33912,0.65718,-0.32058,0.08871,0.00203,-0.00000,0.00039,-0.00000,-0.00068,0.73436,0.11937,-1.05345,0.07252,-0.06919,0.00298,0.43025,-0.09025,-0.62442,-0.03625,0.08623,0.00273,0.00008,0.00122,0.00009,6.000,6.000,12.000,12.000,6.000,6.000,6.000,6.000,12.000,12.000,6.000,6.000,6.000,6.000,6.000,6.000,0.004393,0.025421,0.004194,0.025446,0.004194,0.019200,0.004789,0.019126,0.000000,0.000200,0.000000,0.000000,0.636970,0.363030,0.000000,0.000000,0.000000,0.086765,0.087847
0.5550,-0.00093,0.02598,0.48138,1.00000,0.00012,0.00121,0.00066,0.00461,0.01903,0.31546,0.31445,0.00242,0.02562,2,0.03487,0.00242,0.034789,-0.00007,-0.6093,-0.0004,-0.0056,-0.0087,-0.3298,-0.0439,-0.5123,0,0.04900,0.01900,0.0007,0.0015,0.005667,0.072101,-0.0118,0.0160,40.3545,0.0104,-0.0126,41.2224,-0.0252,-0.0734,22.4995,0.0214,-0.0009,23.8191,0.001440,0.002332,40.3545,0.001458,0.002331,41.2224,-0.002268,-0.002546,22.4995,-0.002056,-0.002557,23.8191,-0.00222,-0.08984,-0.33800,0.65223,-0.31655,0.08842,-0.00075,-0.08906,-0.33880,0.65649,-0.32022,0.08957,0.00206,-0.00000,0.00040,-0.00000,-0.00069,0.74294,0.12049,-1.05451,0.07289,-0.07047,0.00304,0.43355,-0.09104,-0.62182,-0.03673,0.08757,0.00275,0.00009,0.00123,0.00009,6.000,6.000,12.000,12.000,6.000,6.000,6.000,6.000,12.000,12.000,6.000,6.000,6.000,6.000,6.000,6.000,0.004391,0.025599,0.004194,0.025620,0.004194,0.019374,0.004785,0.019310,0.000000,0.000198,0.000000,0.000000,0.638293,0.361707,0.000000,0.000000,0.000000,0.087591,0.088710
0.5600,-0.00093,0.02622,0.48138,1.00000,0.00012,0.00121,0.00068,0.00460,0.01922,0.31546,0.31445,0.00242,0.02579,2,0.03487,0.00242,0.034788,-0.00007,-0.6081,-0.0004,-0.0057,-0.0087,-0.3296,-0.0437,-0.5119,0,0.04900,0.01900,0.0006,0.0015,0.005673,0.072126,-0.0120,0.0166,40.4402,0.0100,-0.0109,41.3067,-0.0255,-0.0743,22.4147,0.0210,-0.0019,23.7351,0.001446,0.002359,40.4402,0.001464,0.002356,41.3067,-0.002299,-0.002617,22.4147,-0.002084,-0.002623,23.7351,-0.00224,-0.09068,-0.33767,0.65150,-0.31615,0.08924,-0.00077,-0.08990,-0.33847,0.65579,-0.31985,0.09044,0.00210,-0.00000,0.00041,0.00000,-0.00071,0.75153,0.12159,-1.05555,0.07327,-0.07176,0.00310,0.43682,-0.09182,-0.61923,-0.03720,0.08892,0.00277,0.00009,0.00123,0.00009,6.000,6.000,12.000,12.000,6.000,6.000,6.000,6.000,12.000,12.000,6.000,6.000,6.000,6.000,6.000,6.000,0.004390,0.025776,0.004194,0.025794,0.004194,0.019549,0.004781,0.019495,0.000000,0.000196,0.000000,0.000000,0.639615,0.360385,0.000000,0.000000,0.000000,0.088417,0.089573
0.5650,-0.00093,0.02647,0.48138,1.00000,0.00012,0.00121,0.00069,0.00459,0.01940,0.31546,0.31445,0.00242,0.02597,2,0.03487,0.00242,0.034788,-0.00007,-0.6068,-0.0004,-0.0057,-0.0087,-0.3295,-0.0435,-0.5114,0,0.04900,0.01900,0.0005,0.0015,0.005679,0.072151,-0.0122,0.0173,40.5259,0.0096,-0.0091,41.3909,-0.0258,-0.0752,22.3299,0.0207,-0.0028,23.6512,0.001452,0.002386,40.5258,0.001470,0.002380,41.3909,-0.002330,-0.002689,22.3299,-0.002112,-0.002689,23.6512,-0.00227,-0.09152,-0.33734,0.65077,-0.31575,0.09006,-0.00079,-0.09074,-0.33814,0.65509,-0.31949,0.09130,0.00214,-0.00000,0.00042,0.00000,-0.00072,0.76015,0.12269,-1.05657,0.07364,-0.07307,0.00316,0.44006,-0.09261,-0.61663,-0.03766,0.09029,0.00278,0.00009,0.00123,0.00009,6.000,6.000,12.000,12.000,6.000,6.000,6.000,6.000,12.000,12.000,6.000,6.000,6.000,6.000,6.000,6.000,0.004389,0.025954,0.004194,0.025969,0.004194,0.019723,0.004778,0.019679,0.000000,0.000195,0.000000,0.000000,0.640936,0.359064,0.000000,0.000000,0.000000,0.089241,0.090435
0.5700,-0.00093,0.02672,0.48138,1.00000,0.00012,0.00121,0.00070,0.00459,0.01958,0.31546,0.31445,0.00243,0.02614,2,0.03487,0.00243,0.034788,-0.00007,-0.6056,-0.0004,-0.0058,-0.0088,-0.3294,-0.0433,-0.5110,0,0.04900,0.01900,0.0005,0.0015,0.005684,0.072176,-0.0124,0.0179,40.6114,0.0092,-0.0074,41.4750,-0.0260,-0.0761,22.2452,0.0204,-0.0037,23.5674,0.001458,0.002413,40.6114,0.001476,0.002405,41.4750,-0.002361,-0.002762,22.2452,-0.002140,-0.002756,23.5674,-0.00229,-0.09235,-0.33701,0.65003,-0.31534,0.09089,-0.00082,-0.09158,-0.33780,0.65438,-0.31912,0.09216,0.00218,-0.00000,0.00043,0.00000,-0.00074,0.76879,0.12379,-1.05758,0.07402,-0.07438,0.00322,0.44328,-0.09339,-0.61404,-0.03813,0.09166,0.00280,0.00009,0.00124,0.00010,6.000,6.000,12.000,12.000,6.000,6.000,6.000,6.000,12.000,12.000,6.000,6.000,6.000,6.000,6.000,6.000,0.004388,0.026132,0.004194,0.026143,0.004194,0.019898,0.004774,0.019864,0.000000,0.000194,0.000000,0.000000,0.642257,0.357743,0.000000,0.000000,0.000000,0.090064,0.091297
0.5750,-0.00093,0.02696,0.48139,1.00000,0.00012,0.00122,0.00071,0.00458,0.01977,0.31546,0.31445,0.00243,0.02632,2,0.03487,0.00243,0.034787,-0.00007,-0.6044,-0.0004,-0.0059,-0.0088,-0.3292,-0.0431,-0.5105,0,0.04900,0.01900,0.0004,0.0015,0.005690,0.072201,-0.0126,0.0185,40.6969,0.0088,-0.0056,41.5591,-0.0263,-0.0770,22.1605,0.0201,-0.0047,23.4836,0.001463,0.002440,40.6969,0.001482,0.002431,41.5591,-0.002391,-0.002836,22.1605,-0.002168,-0.002825,23.4836,-0.00232,-0.09319,-0.33668,0.64929,-0.31494,0.09171,-0.00084,-0.09243,-0.33746,0.65367,-0.31875,0.09302,0.00222,-0.00000,0.00044,0.00000,-0.00076,0.77744,0.12488,-1.05858,0.07440,-0.07571,0.00328,0.44646,-0.09416,-0.61145,-0.03858,0.09305,0.00282,0.00010,0.00124,0.00010,6.000,6.000,12.000,12.000,6.000,6.000,6.000,6.000,12.000,12.000,6.000,6.000,6.000,6.000,6.000,6.000,0.004386,0.026310,0.004194,0.026318,0.004194,0.020072,0.004771,0.020048,0.000000,0.000192,0.000000,0.000000,0.643576,0.356424,0.000000,0.000000,0.000000,0.090887,0.092158
0.5800,-0.00093,0.02721,0.48139,1.00000,0.00012,0.00122,0.00072,0.00458,0.01995,0.31547,0.31445,0.00243,0.02649,2,0.03487,0.00243,0.034787,-0.00007,-0.6032,-0.0004,-0.0059,-0.0089,-0.3291,-0.0429,-0.5101,0,0.04900,0.01900,0.0004,0.0015,0.005696,0.072227,-0.0127,0.0192,40.7824,0.0084,-0.0039,41.6432,-0.0265,-0.0780,22.0758,0.0198,-0.0057,23.3999,0.001469,0.002468,40.7824,0.001488,0.002456,41.6432,-0.002422,-0.002911,22.0759,-0.002196,-0.002894,23.3999,-0.00234,-0.09402,-0.33634,0.64854,-0.31453,0.09253,-0.00086,-0.09326,-0.33712,0.65295,-0.31839,0.09388,0.00225,-0.00000,0.00045,0.00000,-0.00077,0.78612,0.12597,-1.05957,0.07478,-0.07705,0.00334,0.44962,-0.09494,-0.60886,-0.03903,0.09445,0.00283,0.00010,0.00124,0.00010,6.000,6.000,12.000,12.000,6.000,6.000,6.000,6.000,12.000,12.000,6.000,6.000,6.000,6.000,6.000,6.000,0.004385,0.026487,0.004194,0.026492,0.004194,0.020247,0.004767,0.020232,0.000000,0.000191,0.000000,0.000000,0.644895,0.355105,0.000000,0.000000,0.000000,0.091708,0.093019
0.5850,-0.00093,0.02746,0.48139,1.00000,0.00012,0.00122,0.00073,0.00457,0.02013,0.31547,0.31445,0.00243,0.02667,2,0.03487,0.00243,0.034786,-0.00007,-0.6020,-0.0004,-0.0060,-0.0089,-0.3290,-0.0427,-0.5097,0,0.04900,0.01900,0.0003,0.0015,0.005702,0.072252,-0.0129,0.0198,40.8678,0.0080,-0.0022,41.7272,-0.0268,-0.0790,21.9912,0.0195,-0.0066,23.3162,0.001475,0.002496,40.8678,0.001494,0.002482,41.7272,-0.002453,-0.002987,21.9913,-0.002224,-0.002964,23.3162,-0.00237,-0.09486,-0.33600,0.64779,-0.31412,0.09335,-0.00088,-0.09410,-0.33678,0.65223,-0.31801,0.09474,0.00229,-0.00000,0.00046,0.00000,-0.00079,0.79482,0.12705,-1.06054,0.07516,-0.07840,0.00340,0.45275,-0.09571,-0.60628,-0.03948,0.09586,0.00285,0.00010,0.00125,0.00011,6.000,6.000,12.000,12.000,6.000,6.000,6.000,6.000,12.000,12.000,6.000,6.000,6.000,6.000,6.000,6.000,0.004384,0.026665,0.004194,0.026666,0.004194,0.020421,0.004764,0.020416,0.000000,0.000190,0.000000,0.000000,0.646213,0.353787,0.000000,0.000000,0.000000,0.092529,0.093878
0.5900,-0.00093,0.02770,0.48139,1.00000,0.00012,0.00122,0.00074,0.00457,0.02031,0.31547,0.31445,0.00244,0.02684,2,0.03487,0.00244,0.034786,-0.00007,-0.6008,-0.0004,-0.0060,-0.0090,-0.3289,-0.0425,-0.5093,0,0.04900,0.01900,0.0003,0.0015,0.005708,0.072278,-0.0131,0.0204,40.9531,0.0076,-0.0004,41.8111,-0.0270,-0.0799,21.9067,0.0192,-0.0076,23.2325,0.001481,0.002523,40.9531,0.001500,0.002508,41.8111,-0.002485,-0.003064,21.9067,-0.002253,-0.003036,23.2325,-0.00240,-0.09569,-0.33565,0.64703,-0.31372,0.09417,-0.00090,-0.09494,-0.33643,0.65151,-0.31764,0.09560,0.00233,-0.00000,0.00047,0.00000,-0.00081,0.80354,0.12813,-1.06150,0.07555,-0.07977,0.00346,0.45585,-0.09647,-0.60369,-0.03992,0.09729,0.00287,0.00010,0.00125,0.00011,6.000,6.000,12.000,12.000,6.000,6.000,6.000,6.000,12.000,12.000,6.000,6.000,6.000,6.000,6.000,6.000,0.004383,0.026842,0.004194,0.026841,0.004194,0.020596,0.004761,0.020600,0.000000,0.000189,0.000000,0.000000,0.647531,0.352469,0.000000,0.000000,0.000000,0.093349,0.094738
0.5950,-0.00093,0.02795,0.48139,1.00000,0.00012,0.00122,0.00075,0.00456,0.02049,0.31547,0.31445,0.00244,0.02702,2,0.03487,0.00244,0.034786,-0.00007,-0.5995,-0.0004,-0.0061,-0.0090,-0.3288,-0.0423,-0.5088,0,0.04900,0.01900,0.0003,0.0015,0.005714,0.072304,-0.0132,0.0211,41.0384,0.0073,0.0013,41.8950,-0.0273,-0.0809,21.8221,0.0189,-0.0086,23.1489,0.001486,0.002552,41.0384,0.001505,0.002534,41.8950,-0.002516,-0.003143,21.8222,-0.002281,-0.003108,23.1489,-0.00242,-0.09652,-0.33530,0.64627,-0.31331,0.09499,-0.00092,-0.09578,-0.33607,0.65077,-0.31727,0.09645,0.00237,-0.00000,0.00048,0.00000,-0.00082,0.81227,0.12920,-1.06245,0.07593,-0.08114,0.00352,0.45892,-0.09724,-0.60111,-0.04036,0.09873,0.00288,0.00010,0.00125,0.00011,6.000,6.000,12.000,12.000,6.000,6.000,6.000,6.000,12.000,12.000,6.000,6.000,6.000,6.000,6.000,6.000,0.004382,0.027020,0.004194,0.027015,0.004194,0.020770,0.004758,0.020784,0.000000,0.000188,0.000000,0.000000,0.648848,0.351152,0.000000,0.000000,0.000000,0.094168,0.095597
0.6000,-0.00093,0.02820,0.48139,1.00000,0.00012,0.00122,0.00076,0.00456,0.02068,0.31547,0.31445,0.00244,0.02719,2,0.03487,0.00244,0.034785,-0.00007,-0.5983,-0.0004,-0.0062,-0.0091,-0.3287,-0.0421,-0.5084,0,0.04900,0.01900,0.0003,0.0015,0.005720,0.072331,-0.0134,0.0217,41.1236,0.0069,0.0031,41.9789,-0.0275,-0.0819,21.7376,0.0186,-0.0096,23.0654,0.001492,0.002580,41.1236,0.001511,0.002560,41.9789,-0.002547,-0.003222,21.7377,-0.002310,-0.003181,23.0654,-0.00245,-0.09735,-0.33495,0.64551,-0.31289,0.09580,-0.00094,-0.09662,-0.33572,0.65004,-0.31689,0.09731,0.00240,-0.00000,0.00049,0.00000,-0.00084,0.82103,0.13027,-1.06339,0.07632,-0.08253,0.00358,0.46197,-0.09800,-0.59853,-0.04079,0.10017,0.00290,0.00011,0.00125,0.00012,6.000,6.000,12.000,12.000,6.000,6.000,6.000,6.000,12.000,12.000,6.000,6.000,6.000,6.000,6.000,6.000,0.004381,0.027197,0.004194,0.027190,0.004194,0.020945,0.004754,0.020968,0.000000,0.000187,0.000000,0.000000,0.650164,0.349836,0.000000,0.000000,0.000000,0.094986,0.096455
0.6050,-0.00093,0.02844,0.48140,1.00000,0.00012,0.00122,0.00077,0.00455,0.02086,0.31547,0.31445,0.00245,0.02736,2,0.03487,0.00245,0.034785,-0.00007,-0.5971,-0.0004,-0.0062,-0.0091,-0.3286,-0.0420,-0.5080,0,0.04900,0.01900,0.0003,0.0015,0.005725,0.072357,-0.0135,0.0224,41.2088,0.0066,0.0048,42.0627,-0.0277,-0.0829,21.6531,0.0183,-0.0107,22.9818,0.001498,0.002608,41.2088,0.001517,0.002587,42.0627,-0.002579,-0.003303,21.6532,-0.002338,-0.003255,22.9818,-0.00247,-0.09819,-0.33459,0.64473,-0.31248,0.09662,-0.00096,-0.09745,-0.33536,0.64930,-0.31651,0.09817,0.00244,-0.00000,0.00050,0.00000,-0.00086,0.82981,0.13134,-1.06431,0.07671,-0.08393,0.00364,0.46498,-0.09875,-0.59595,-0.04121,0.10163,0.00291,0.00011,0.00125,0.00012,6.000,6.000,12.000,12.000,6.000,6.000,6.000,6.000,12.000,12.000,6.000,6.000,6.000,6.000,6.000,6.000,0.004380,0.027375,0.004194,0.027364,0.004194,0.021119,0.004751,0.021152,0.000000,0.000186,0.000000,0.000000,0.651480,0.348520,0.000000,0.000000,0.000000,0.095803,0.097312
0.6100,-0.00093,0.02869,0.48140,1.00000,0.00012,0.00122,0.00078,0.00455,0.02104,0.31547,0.31445,0.00245,0.02754,2,0.03488,0.00245,0.034784,-0.00007,-0.5959,-0.0004,-0.0063,-0.0092,-0.3285,-0.0418,-0.5076,0,0.04900,0.01900,0.0004,0.0016,0.005731,0.072384,-0.0136,0.0230,41.2940,0.0062,0.0066,42.1465,-0.0279,-0.0839,21.5687,0.0180,-0.0117,22.8984,0.001503,0.002637,41.2939,0.001523,0.002613,42.1465,-0.002610,-0.003385,21.5687,-0.002367,-0.003331,22.8984,-0.00250,-0.09902,-0.33423,0.64396,-0.31206,0.09743,-0.00098,-0.09829,-0.33499,0.64855,-0.31613,0.09903,0.00247,-0.00000,0.00051,0.00001,-0.00088,0.83861,0.13240,-1.06521,0.07709,-0.08535,0.00370,0.46797,-0.09951,-0.59337,-0.04164,0.10311,0.00293,0.00011,0.00125,0.00013,6.000,6.000,12.000,12.000,6.000,6.000,6.000,6.000,12.000,12.000,6.000,6.000,6.000,6.000,6.000,6.000,0.004379,0.027552,0.004194,0.027538,0.004194,0.021294,0.004748,0.021335,0.000000,0.000185,0.000000,0.000000,0.652795,0.347205,0.000000,0.000000,0.000000,0.096619,0.098170
0.6150,-0.00093,0.02893,0.48140,1.00000,0.00012,0.00123,0.00080,0.00454,0.02122,0.31548,0.31445,0.00245,0.02771,2,0.03488,0.00245,0.034784,-0.00007,-0.5947,-0.0004,-0.0063,-0.0092,-0.3284,-0.0416,-0.5072,0,0.04900,0.01900,0.0004,0.0016,0.005737,0.072411,-0.0138,0.0237,41.3791,0.0059,0.0083,42.2302,-0.0281,-0.0849,21.4842,0.0178,-0.0128,22.8149,0.001509,0.002666,41.3790,0.001528,0.002640,42.2302,-0.002642,-0.003468,21.4843,-0.002396,-0.003407,22.8149,-0.00252,-0.09984,-0.33387,0.64317,-0.31165,0.09825,-0.00100,-0.09912,-0.33463,0.64780,-0.31575,0.09988,0.00251,-0.00000,0.00052,0.00001,-0.00089,0.84743,0.13345,-1.06611,0.07748,-0.08677,0.00376,0.47094,-0.10026,-0.59080,-0.04206,0.10459,0.00294,0.00011,0.00126,0.00013,6.000,6.000,12.000,12.000,6.000,6.000,6.000,6.000,12.000,12.000,6.000,6.000,6.000,6.000,6.000,6.000,0.004378,0.027730,0.004194,0.027713,0.004194,0.021469,0.004745,0.021519,0.000000,0.000184,0.000000,0.000000,0.654109,0.345891,0.000000,0.000000,0.000000,0.097434,0.099026
0.6200,-0.00093,0.02918,0.48140,1.00000,0.00012,0.00123,0.00081,0.00454,0.02140,0.31548,0.31445,0.00245,0.02789,2,0.03488,0.00245,0.034784,-0.00007,-0.5935,-0.0004,-0.0064,-0.0093,-0.3283,-0.0414,-0.5068,0,0.04900,0.01900,0.0005,0.0016,0.005742,0.072438,-0.0139,0.0244,41.4641,0.0055,0.0101,42.3139,-0.0284,-0.0860,21.3998,0.0175,-0.0138,22.7315,0.001514,0.002695,41.4641,0.001534,0.002667,42.3139,-0.002674,-0.003552,21.3999,-0.002424,-0.003484,22.7315,-0.00255,-0.10067,-0.33351,0.64239,-0.31123,0.09906,-0.00102,-0.09996,-0.33426,0.64704,-0.31537,0.10074,0.00255,-0.00000,0.00053,0.00001,-0.00091,0.85628,0.13450,-1.06699,0.07787,-0.08821,0.00382,0.47387,-0.10100,-0.58822,-0.04247,0.10609,0.00296,0.00012,0.00126,0.00013,6.000,6.000,12.000,12.000,6.000,6.000,6.000,6.000,12.000,12.000,6.000,6.000,6.000,6.000,6.000,6.000,0.004377,0.027907,0.004194,0.027887,0.004194,0.021643,0.004743,0.021702,0.000000,0.000184,0.000000,0.000000,0.655424,0.344576,0.000000,0.000000,0.000000,0.098249,0.099883
0.6250,-0.00092,0.02942,0.48140,1.00000,0.00012,0.00123,0.00082,0.00453,0.02159,0.31548,0.31445,0.00245,0.02806,2,0.03488,0.00245,0.034783,-0.00007,-0.5923,-0.0004,-0.0064,-0.0094,-0.3282,-0.0412,-0.5064,0,0.04900,0.01900,0.0005,0.0017,0.005748,0.072465,-0.0140,0.0250,41.5491,0.0052,0.0119,42.3976,-0.0286,-0.0870,21.3154,0.0173,-0.0149,22.6481,0.001520,0.002724,41.5491,0.001540,0.002694,42.3976,-0.002706,-0.003638,21.3155,-0.002453,-0.003563,22.6481,-0.00257,-0.10150,-0.33314,0.64160,-0.31081,0.09988,-0.00104,-0.10079,-0.33389,0.64628,-0.31498,0.10159,0.00258,-0.00000,0.00054,0.00001,-0.00093,0.86514,0.13555,-1.06785,0.07826,-0.08966,0.00388,0.47678,-0.10174,-0.58565,-0.04288,0.10760,0.00297,0.00012,0.00126,0.00014,6.000,6.000,12.000,12.000,6.000,6.000,6.000,6.000,12.000,12.000,6.000,6.000,6.000,6.000,6.000,6.000,0.004376,0.028084,0.004194,0.028062,0.004194,0.021818,0.004740,0.021886,0.000000,0.000183,0.000000,0.000000,0.656737,0.343263,0.000000,0.000000,0.000000,0.099063,0.100738
0.6300,-0.00092,0.02967,0.48140,1.00000,0.00012,0.00123,0.00083,0.00453,0.02177,0.31548,0.31445,0.00246,0.02824,2,0.03488,0.00246,0.034783,-0.00007,-0.5911,-0.0004,-0.0065,-0.0094,-0.3281,-0.0410,-0.5061,0,0.04900,0.01900,0.0006,0.0017,0.005754,0.072493,-0.0142,0.0257,41.6341,0.0049,0.0136,42.4813,-0.0288,-0.0881,21.2310,0.0170,-0.0160,22.5647,0.001525,0.002754,41.6341,0.001545,0.002722,42.4813,-0.002738,-0.003724,21.2311,-0.002482,-0.003642,22.5647,-0.00260,-0.10233,-0.33276,0.64080,-0.31038,0.10069,-0.00106,-0.10162,-0.33351,0.64551,-0.31460,0.10245,0.00262,-0.00000,0.00054,0.00001,-0.00095,0.87403,0.13659,-1.06871,0.07866,-0.09112,0.00394,0.47965,-0.10248,-0.58308,-0.04329,0.10912,0.00299,0.00012,0.00126,0.00014,6.000,6.000,12.000,12.000,6.000,6.000,6.000,6.000,12.000,12.000,6.000,6.000,6.000,6.000,6.000,6.000,0.004375,0.028262,0.004194,0.028236,0.004194,0.021992,0.004737,0.022069,0.000000,0.000183,0.000000,0.000000,0.658051,0.341949,0.000000,0.000000,0.000000,0.099876,0.101594
0.6350,-0.00092,0.02991,0.48140,1.00000,0.00012,0.00123,0.00084,0.00453,0.02195,0.31548,0.31445,0.00246,0.02841,2,0.03488,0.00246,0.034783,-0.00007,-0.5900,-0.0004,-0.0065,-0.0095,-0.3280,-0.0409,-0.5057,0,0.04900,0.01900,0.0006,0.0018,0.005759,0.072520,-0.0143,0.0263,41.7190,0.0046,0.0154,42.5649,-0.0290,-0.0892,21.1467,0.0168,-0.0171,22.4814,0.001531,0.002784,41.7190,0.001551,0.002750,42.5649,-0.002770,-0.003812,21.1468,-0.002511,-0.003723,22.4814,-0.00262,-0.10316,-0.33239,0.64000,-0.30996,0.10150,-0.00108,-0.10245,-0.33313,0.64474,-0.31421,0.10330,0.00265,-0.00000,0.00055,0.00001,-0.00097,0.88293,0.13762,-1.06955,0.07905,-0.09260,0.00400,0.48251,-0.10322,-0.58051,-0.04369,0.11065,0.00300,0.00012,0.00126,0.00014,6.000,6.000,12.000,12.000,6.000,6.000,6.000,6.000,12.000,12.000,6.000,6.000,6.000,6.000,6.000,6.000,0.004374,0.028439,0.004194,0.028410,0.004194,0.022167,0.004734,0.022252,0.000000,0.000182,0.000000,0.000000,0.659363,0.340637,0.000000,0.000000,0.000000,0.100688,0.102448
0.6400,-0.00092,0.03016,0.48141,1.00000,0.00012,0.00123,0.00085,0.00452,0.02213,0.31548,0.31445,0.00246,0.02858,2,0.03488,0.00246,0.034782,-0.00007,-0.5888,-0.0004,-0.0066,-0.0095,-0.3279,-0.0407,-0.5053,0,0.04900,0.01900,0.0007,0.0018,0.005765,0.072548,-0.0144,0.0270,41.8039,0.0042,0.0171,42.6485,-0.0291,-0.0903,21.0624,0.0165,-0.0182,22.3980,0.001536,0.002813,41.8039,0.001556,0.002777,42.6485,-0.002802,-0.003902,21.0625,-0.002541,-0.003805,22.3980,-0.00265,-0.10398,-0.33200,0.63919,-0.30953,0.10231,-0.00110,-0.10328,-0.33274,0.64396,-0.31382,0.10416,0.00269,-0.00000,0.00056,0.00001,-0.00099,0.89186,0.13865,-1.07037,0.07944,-0.09408,0.00406,0.48533,-0.10395,-0.57794,-0.04409,0.11219,0.00302,0.00012,0.00125,0.00015,6.000,6.000,12.000,12.000,6.000,6.000,6.000,6.000,12.000,12.000,6.000,6.000,6.000,6.000,6.000,6.000,0.004373,0.028616,0.004194,0.028585,0.004194,0.022341,0.004732,0.022436,0.000000,0.000182,0.000000,0.000000,0.660676,0.339324,0.000000,0.000000,0.000000,0.101499,0.103303
0.6450,-0.00092,0.03040,0.48141,1.00000,0.00012,0.00123,0.00086,0.00452,0.02231,0.31548,0.31445,0.00246,0.02876,2,0.03488,0.00246,0.034782,-0.00007,-0.5876,-0.0004,-0.0066,-0.0096,-0.3278,-0.0405,-0.5049,0,0.04900,0.01900,0.0008,0.0019,0.005770,0.072576,-0.0145,0.0277,41.8888,0.0039,0.0189,42.7320,-0.0293,-0.0914,20.9781,0.0163,-0.0193,22.3148,0.001541,0.002844,41.8888,0.001562,0.002806,42.7320,-0.002835,-0.003992,20.9781,-0.002570,-0.003887,22.3148,-0.00267,-0.10481,-0.33162,0.63837,-0.30910,0.10312,-0.00112,-0.10412,-0.33236,0.64318,-0.31342,0.10501,0.00272,-0.00000,0.00056,0.00001,-0.00101,0.90082,0.13968,-1.07118,0.07983,-0.09558,0.00412,0.48813,-0.10468,-0.57538,-0.04448,0.11375,0.00303,0.00013,0.00125,0.00015,6.000,6.000,12.000,12.000,6.000,6.000,6.000,6.000,12.000,12.000,6.000,6.000,6.000,6.000,6.000,6.000,0.004373,0.028793,0.004194,0.028759,0.004194,0.022516,0.004729,0.022619,0.000000,0.000181,0.000000,0.000000,0.661988,0.338012,0.000000,0.000000,0.000000,0.102310,0.104157
0.6500,-0.00091,0.03065,0.48141,1.00000,0.00012,0.00123,0.00087,0.00451,0.02249,0.31548,0.31445,0.00246,0.02893,2,0.03488,0.00246,0.034781,-0.00007,-0.5864,-0.0004,-0.0067,-0.0097,-0.3277,-0.0403,-0.5046,0,0.04900,0.01900,0.0008,0.0020,0.005775,0.072604,-0.0146,0.0283,41.9736,0.0036,0.0207,42.8155,-0.0295,-0.0925,20.8938,0.0161,-0.0205,22.2315,0.001547,0.002874,41.9736,0.001567,0.002834,42.8155,-0.002868,-0.004084,20.8938,-0.002599,-0.003971,22.2315,-0.00269,-0.10563,-0.33123,0.63755,-0.30867,0.10393,-0.00114,-0.10495,-0.33197,0.64239,-0.31303,0.10586,0.00275,-0.00000,0.00057,0.00002,-0.00103,0.90979,0.14070,-1.07198,0.08023,-0.09709,0.00418,0.49090,-0.10540,-0.57282,-0.04487,0.11532,0.00305,0.00013,0.00125,0.00015,6.000,6.000,12.000,12.000,6.000,6.000,6.000,6.000,12.000,12.000,6.000,6.000,6.000,6.000,6.000,6.000,0.004372,0.028971,0.004194,0.028933,0.004194,0.022690,0.004726,0.022802,0.000000,0.000181,0.000000,0.000000,0.663300,0.336700,0.000000,0.000000,0.000000,0.103120,0.105010
0.6550,-0.00091,0.03089,0.48141,1.00000,0.00011,0.00123,0.00088,0.00451,0.02267,0.31549,0.31445,0.00246,0.02911,2,0.03488,0.00246,0.034781,-0.00007,-0.5852,-0.0004,-0.0067,-0.0098,-0.3277,-0.0402,-0.5042,0,0.04900,0.01900,0.0009,0.0020,0.005781,0.072633,-0.0147,0.0290,42.0584,0.0033,0.0224,42.8991,-0.0297,-0.0936,20.8095,0.0158,-0.0216,22.1483,0.001552,0.002904,42.0584,0.001572,0.002862,42.8991,-0.002900,-0.004177,20.8096,-0.002629,-0.004056,22.1483,-0.00272,-0.10646,-0.33084,0.63673,-0.30824,0.10474,-0.00116,-0.10578,-0.33157,0.64160,-0.31263,0.10672,0.00279,-0.00000,0.00058,0.00002,-0.00105,0.91878,0.14172,-1.07276,0.08062,-0.09861,0.00424,0.49364,-0.10612,-0.57025,-0.04526,0.11690,0.00306,0.00013,0.00125,0.00016,6.000,6.000,12.000,12.000,6.000,6.000,6.000,6.000,12.000,12.000,6.000,6.000,6.000,6.000,6.000,6.000,0.004371,0.029148,0.004194,0.029108,0.004194,0.022865,0.004724,0.022985,0.000000,0.000181,0.000000,0.000000,0.664611,0.335389,0.000000,0.000000,0.000000,0.103929,0.105863
0.6600,-0.00091,0.03114,0.48141,1.00000,0.00011,0.00123,0.00089,0.00451,0.02285,0.31549,0.31445,0.00247,0.02928,2,0.03488,0.00247,0.034781,-0.00007,-0.5840,-0.0004,-0.0067,-0.0098,-0.3276,-0.0400,-0.5038,0,0.04900,0.01900,0.0009,0.0021,0.005786,0.072661,-0.0148,0.0297,42.1431,0.0030,0.0242,42.9825,-0.0299,-0.0948,20.7252,0.0156,-0.0228,22.0650,0.001557,0.002935,42.1431,0.001578,0.002891,42.9825,-0.002933,-0.004271,20.7253,-0.002658,-0.004143,22.0650,-0.00274,-0.10728,-0.33045,0.63590,-0.30781,0.10554,-0.00118,-0.10660,-0.33118,0.64080,-0.31223,0.10757,0.00282,-0.00000,0.00058,0.00002,-0.00107,0.92780,0.14274,-1.07353,0.08102,-0.10015,0.00430,0.49636,-0.10683,-0.56769,-0.04564,0.11849,0.00307,0.00013,0.00125,0.00016,6.000,6.000,12.000,12.000,6.000,6.000,6.000,6.000,12.000,12.000,6.000,6.000,6.000,6.000,6.000,6.000,0.004370,0.029325,0.004194,0.029282,0.004194,0.023039,0.004721,0.023168,0.000000,0.000181,0.000000,0.000000,0.665922,0.334078,0.000000,0.000000,0.000000,0.104737,0.106716
0.6650,-0.00091,0.03138,0.48141,1.00000,0.00011,0.00123,0.00090,0.00450,0.02303,0.31549,0.31445,0.00247,0.02946,2,0.03488,0.00247,0.034780,-0.00007,-0.5829,-0.0004,-0.0068,-0.0099,-0.3275,-0.0398,-0.5035,0,0.04900,0.01900,0.0010,0.0022,0.005791,0.072690,-0.0149,0.0303,42.2279,0.0027,0.0259,43.0660,-0.0300,-0.0959,20.6409,0.0154,-0.0240,21.9818,0.001562,0.002966,42.2279,0.001583,0.002920,43.0660,-0.002966,-0.004366,20.6410,-0.002688,-0.004230,21.9818,-0.00277,-0.10810,-0.33005,0.63506,-0.30737,0.10635,-0.00120,-0.10743,-0.33078,0.63999,-0.31183,0.10842,0.00285,-0.00000,0.00059,0.00002,-0.00109,0.93684,0.14374,-1.07429,0.08141,-0.10170,0.00436,0.49905,-0.10755,-0.56514,-0.04602,0.12010,0.00309,0.00014,0.00125,0.00017,6.000,6.000,12.000,12.000,6.000,6.000,6.000,6.000,12.000,12.000,6.000,6.000,6.000,6.000,6.000,6.000,0.004369,0.029502,0.004194,0.029456,0.004194,0.023214,0.004719,0.023351,0.000000,0.000181,0.000000,0.000000,0.667233,0.332767,0.000000,0.000000,0.000000,0.105544,0.107568
0.6700,-0.00090,0.03162,0.48141,1.00000,0.00011,0.00123,0.00091,0.00450,0.02321,0.31549,0.31445,0.00247,0.02963,2,0.03488,0.00247,0.034780,-0.00007,-0.5817,-0.0004,-0.0068,-0.0100,-0.3275,-0.0397,-0.5031,0,0.04900,0.01900,0.0011,0.0022,0.005797,0.072719,-0.0150,0.0310,42.3126,0.0025,0.0277,43.1494,-0.0302,-0.0971,20.5567,0.0152,-0.0251,21.8987,0.001567,0.002997,42.3126,0.001588,0.002949,43.1494,-0.002999,-0.004463,20.5568,-0.002718,-0.004319,21.8987,-0.00279,-0.10893,-0.32965,0.63422,-0.30693,0.10716,-0.00122,-0.10826,-0.33037,0.63918,-0.31142,0.10927,0.00289,-0.00000,0.00059,0.00002,-0.00111,0.94590,0.14475,-1.07503,0.08180,-0.10326,0.00442,0.50171,-0.10825,-0.56258,-0.04639,0.12172,0.00310,0.00014,0.00125,0.00017,6.000,6.000,12.000,12.000,6.000,6.000,6.000,6.000,12.000,12.000,6.000,6.000,6.000,6.000,6.000,6.000,0.004368,0.029679,0.004194,0.029631,0.004194,0.023389,0.004716,0.023534,0.000000,0.000181,0.000000,0.000000,0.668543,0.331457,0.000000,0.000000,0.000000,0.106351,0.108420
0.6750,-0.00090,0.03187,0.48141,1.00000,0.00011,0.00124,0.00092,0.00449,0.02340,0.31549,0.31445,0.00247,0.02981,2,0.03488,0.00247,0.034780,-0.00007,-0.5805,-0.0004,-0.0069,-0.0100,-0.3274,-0.0395,-0.5028,0,0.04900,0.01900,0.0011,0.0023,0.005802,0.072748,-0.0151,0.0317,42.3972,0.0022,0.0295,43.2328,-0.0304,-0.0983,20.4724,0.0150,-0.0263,21.8155,0.001572,0.003028,42.3972,0.001593,0.002978,43.2328,-0.003033,-0.004562,20.4725,-0.002748,-0.004409,21.8155,-0.00282,-0.10975,-0.32924,0.63338,-0.30649,0.10796,-0.00123,-0.10909,-0.32996,0.63837,-0.31102,0.11012,0.00292,-0.00000,0.00060,0.00003,-0.00113,0.95498,0.14575,-1.07576,0.08220,-0.10483,0.00448,0.50434,-0.10896,-0.56002,-0.04676,0.12334,0.00311,0.00014,0.00124,0.00017,6.000,6.000,12.000,12.000,6.000,6.000,6.000,6.000,12.000,12.000,6.000,6.000,6.000,6.000,6.000,6.000,0.004368,0.029856,0.004194,0.029805,0.004194,0.023563,0.004714,0.023717,0.000000,0.000181,0.000000,0.000000,0.669853,0.330147,0.000000,0.000000,0.000000,0.107157,0.109272
0.6800,-0.00090,0.03211,0.48142,1.00000,0.00011,0.00124,0.00093,0.00449,0.02358,0.31549,0.31445,0.00247,0.02998,2,0.03488,0.00247,0.034779,-0.00007,-0.5794,-0.0004,-0.0069,-0.0101,-0.3273,-0.0393,-0.5024,0,0.04900,0.01900,0.0012,0.0024,0.005807,0.072777,-0.0152,0.0323,42.4819,0.0019,0.0312,43.3162,-0.0305,-0.0995,20.3882,0.0148,-0.0275,21.7324,0.001577,0.003059,42.4819,0.001598,0.003007,43.3162,-0.003066,-0.004661,20.3883,-0.002778,-0.004500,21.7324,-0.00284,-0.11057,-0.32883,0.63252,-0.30605,0.10877,-0.00125,-0.10992,-0.32955,0.63754,-0.31061,0.11097,0.00295,-0.00000,0.00060,0.00003,-0.00115,0.96409,0.14674,-1.07647,0.08259,-0.10641,0.00454,0.50695,-0.10966,-0.55747,-0.04713,0.12499,0.00313,0.00014,0.00124,0.00018,6.000,6.000,12.000,12.000,6.000,6.000,6.000,6.000,12.000,12.000,6.000,6.000,6.000,6.000,6.000,6.000,0.004367,0.030034,0.004194,0.029979,0.004194,0.023738,0.004712,0.023900,0.000000,0.000181,0.000000,0.000000,0.671163,0.328837,0.000000,0.000000,0.000000,0.107963,0.110123
0.6850,-0.00089,0.03236,0.48142,1.00000,0.00011,0.00124,0.00094,0.00449,0.02376,0.31549,0.31445,0.00247,0.03015,2,0.03488,0.00247,0.034779,-0.00007,-0.5782,-0.0004,-0.0069,-0.0102,-0.3273,-0.0392,-0.5021,0,0.04900,0.01900,0.0013,0.0025,0.005812,0.072807,-0.0153,0.0330,42.5665,0.0016,0.0330,43.3996,-0.0307,-0.1007,20.3040,0.0146,-0.0288,21.6492,0.001582,0.003091,42.5665,0.001603,0.003037,43.3996,-0.003100,-0.004762,20.3041,-0.002808,-0.004592,21.6492,-0.00286,-0.11139,-0.32842,0.63167,-0.30560,0.10957,-0.00127,-0.11074,-0.32914,0.63672,-0.31020,0.11182,0.00298,-0.00000,0.00061,0.00003,-0.00117,0.97322,0.14773,-1.07717,0.08299,-0.10801,0.00460,0.50954,-0.11035,-0.55492,-0.04749,0.12664,0.00314,0.00014,0.00124,0.00018,6.000,6.000,12.000,12.000,6.000,6.000,6.000,6.000,12.000,12.000,6.000,6.000,6.000,6.000,6.000,6.000,0.004366,0.030211,0.004194,0.030154,0.004194,0.023912,0.004709,0.024083,0.000000,0.000181,0.000000,0.000000,0.672473,0.327527,0.000000,0.000000,0.000000,0.108767,0.110974
0.6900,-0.00089,0.03260,0.48142,1.00000,0.00011,0.00124,0.00095,0.00448,0.02394,0.31549,0.31445,0.00247,0.03033,2,0.03488,0.00247,0.034778,-0.00007,-0.5770,-0.0004,-0.0070,-0.0103,-0.3272,-0.0390,-0.5018,0,0.04900,0.01900,0.0013,0.0026,0.005817,0.072837,-0.0153,0.0337,42.6510,0.0014,0.0348,43.4830,-0.0308,-0.1019,20.2197,0.0144,-0.0300,21.5661,0.001587,0.003122,42.6510,0.001608,0.003066,43.4830,-0.003134,-0.004865,20.2199,-0.002838,-0.004685,21.5661,-0.00289,-0.11221,-0.32801,0.63080,-0.30515,0.11037,-0.00129,-0.11157,-0.32872,0.63588,-0.30979,0.11267,0.00302,-0.00000,0.00061,0.00003,-0.00120,0.98237,0.14872,-1.07785,0.08338,-0.10962,0.00466,0.51209,-0.11104,-0.55237,-0.04785,0.12830,0.00315,0.00014,0.00124,0.00018,6.000,6.000,12.000,12.000,6.000,6.000,6.000,6.000,12.000,12.000,6.000,6.000,6.000,6.000,6.000,6.000,0.004365,0.030388,0.004194,0.030328,0.004194,0.024087,0.004707,0.024266,0.000000,0.000181,0.000000,0.000000,0.673782,0.326218,0.000000,0.000000,0.000000,0.109571,0.111824
0.6950,-0.00089,0.03284,0.48142,1.00000,0.00011,0.00124,0.00096,0.00448,0.02412,0.31549,0.31445,0.00247,0.03050,2,0.03488,0.00247,0.034778,-0.00007,-0.5759,-0.0004,-0.0070,-0.0104,-0.3272,-0.0389,-0.5014,0,0.04900,0.01900,0.0014,0.0027,0.005822,0.072866,-0.0154,0.0344,42.7356,0.0011,0.0366,43.5663,-0.0309,-0.1031,20.1355,0.0142,-0.0312,21.4830,0.001592,0.003154,42.7356,0.001613,0.003096,43.5663,-0.003168,-0.004969,20.1357,-0.002869,-0.004780,21.4830,-0.00291,-0.11303,-0.32759,0.62993,-0.30470,0.11118,-0.00131,-0.11239,-0.32830,0.63504,-0.30937,0.11352,0.00305,-0.00000,0.00062,0.00003,-0.00122,0.99155,0.14970,-1.07852,0.08378,-0.11124,0.00472,0.51462,-0.11173,-0.54982,-0.04821,0.12998,0.00317,0.00015,0.00123,0.00019,6.000,6.000,12.000,12.000,6.000,6.000,6.000,6.000,12.000,12.000,6.000,6.000,6.000,6.000,6.000,6.000,0.004365,0.030565,0.004194,0.030502,0.004194,0.024261,0.004705,0.024449,0.000000,0.000181,0.000000,0.000000,0.675091,0.324909,0.000000,0.000000,0.000000,0.110375,0.112674
0.7000,-0.00088,0.03309,0.48142,1.00000,0.00011,0.00124,0.00097,0.00448,0.02430,0.31549,0.31445,0.00247,0.03068,2,0.03488,0.00247,0.034778,-0.00007,-0.5747,-0.0004,-0.0070,-0.0105,-0.3271,-0.0387,-0.5011,0,0.04900,0.01900,0.0015,0.0028,0.005827,0.072896,-0.0155,0.0350,42.8201,0.0008,0.0383,43.6496,-0.0311,-0.1044,20.0513,0.0140,-0.0325,21.4000,0.001597,0.003186,42.8201,0.001618,0.003126,43.6496,-0.003202,-0.005074,20.0515,-0.002899,-0.004876,21.4000,-0.00294,-0.11385,-0.32716,0.62905,-0.30425,0.11198,-0.00132,-0.11322,-0.32787,0.63420,-0.30895,0.11437,0.00308,-0.00000,0.00062,0.00004,-0.00124,1.00074,0.15068,-1.07917,0.08417,-0.11287,0.00478,0.51712,-0.11241,-0.54728,-0.04856,0.13167,0.00318,0.00015,0.00123,0.00019,6.000,6.000,12.000,12.000,6.000,6.000,6.000,6.000,12.000,12.000,6.000,6.000,6.000,6.000,6.000,6.000,0.004364,0.030742,0.004194,0.030677,0.004194,0.024436,0.004703,0.024631,0.000000,0.000182,0.000000,0.000000,0.676400,0.323600,0.000000,0.000000,0.000000,0.111177,0.113524
0.7050,-0.00088,0.03333,0.48142,1.00000,0.00011,0.00124,0.00098,0.00447,0.02448,0.31550,0.31445,0.00247,0.03085,2,0.03488,0.00247,0.034777,-0.00007,-0.5736,-0.0004,-0.0071,-0.0105,-0.3271,-0.0385,-0.5008,0,0.04900,0.01900,0.0015,0.0029,0.005832,0.072927,-0.0155,0.0357,42.9046,0.0006,0.0401,43.7330,-0.0312,-0.1056,19.9671,0.0139,-0.0338,21.3169,0.001602,0.003219,42.9046,0.001623,0.003157,43.7330,-0.003236,-0.005181,19.9673,-0.002930,-0.004973,21.3169,-0.00296,-0.11467,-0.32674,0.62817,-0.30380,0.11278,-0.00134,-0.11404,-0.32744,0.63335,-0.30853,0.11522,0.00311,-0.00000,0.00062,0.00004,-0.00126,1.00996,0.15165,-1.07981,0.08457,-0.11452,0.00484,0.51960,-0.11309,-0.54473,-0.04891,0.13337,0.00319,0.00015,0.00123,0.00019,6.000,6.000,12.000,12.000,6.000,6.000,6.000,6.000,12.000,12.000,6.000,6.000,6.000,6.000,6.000,6.000,0.004363,0.030919,0.004194,0.030851,0.004194,0.024610,0.004700,0.024814,0.000000,0.000182,0.000000,0.000000,0.677709,0.322291,0.000000,0.000000,0.000000,0.111979,0.114373
0.7100,-0.00088,0.03357,0.48142,1.00000,0.00011,0.00124,0.00099,0.00447,0.02466,0.31550,0.31445,0.00248,0.03103,2,0.03488,0.00248,0.034777,-0.00007,-0.5724,-0.0004,-0.0071,-0.0106,-0.3270,-0.0384,-0.5005,0,0.04900,0.01900,0.0016,0.0030,0.005837,0.072957,-0.0156,0.0364,42.9891,0.0003,0.0419,43.8162,-0.0314,-0.1069,19.8829,0.0137,-0.0350,21.2339,0.001606,0.003251,42.9891,0.001628,0.003187,43.8162,-0.003271,-0.005289,19.8831,-0.002961,-0.005072,21.2339,-0.00298,-0.11549,-0.32631,0.62728,-0.30334,0.11358,-0.00136,-0.11487,-0.32701,0.63249,-0.30811,0.11607,0.00314,-0.00000,0.00063,0.00004,-0.00128,1.01920,0.15262,-1.08043,0.08496,-0.11618,0.00490,0.52205,-0.11376,-0.54219,-0.04925,0.13509,0.00321,0.00015,0.00123,0.00019,6.000,6.000,12.000,12.000,6.000,6.000,6.000,6.000,12.000,12.000,6.000,6.000,6.000,6.000,6.000,6.000,0.004362,0.031096,0.004194,0.031025,0.004194,0.024785,0.004698,0.024997,0.000000,0.000182,0.000000,0.000000,0.679017,0.320983,0.000000,0.000000,0.000000,0.112781,0.115222
0.7150,-0.00087,0.03381,0.48142,1.00000,0.00011,0.00124,0.00100,0.00447,0.02484,0.31550,0.31445,0.00248,0.03120,2,0.03488,0.00248,0.034777,-0.00007,-0.5713,-0.0004,-0.0071,-0.0107,-0.3270,-0.0382,-0.5002,0,0.04900,0.01900,0.0017,0.0031,0.005841,0.072988,-0.0157,0.0371,43.0735,0.0001,0.0437,43.8995,-0.0315,-0.1082,19.7987,0.0135,-0.0363,21.1508,0.001611,0.003284,43.0735,0.001633,0.003218,43.8995,-0.003305,-0.005399,19.7989,-0.002991,-0.005172,21.1508,-0.00301,-0.11631,-0.32587,0.62639,-0.30288,0.11438,-0.00138,-0.11569,-0.32657,0.63163,-0.30768,0.11692,0.00317,-0.00000,0.00063,0.00004,-0.00130,1.02847,0.15358,-1.08104,0.08536,-0.11785,0.00496,0.52448,-0.11443,-0.53965,-0.04960,0.13681,0.00322,0.00015,0.00122,0.00020,6.000,6.000,12.000,12.000,6.000,6.000,6.000,6.000,12.000,12.000,6.000,6.000,6.000,6.000,6.000,6.000,0.004362,0.031273,0.004194,0.031199,0.004194,0.024959,0.004696,0.025179,0.000000,0.000183,0.000000,0.000000,0.680326,0.319674,0.000000,0.000000,0.000000,0.113581,0.116071
0.7200,-0.00087,0.03406,0.48142,1.00000,0.00011,0.00124,0.00100,0.00447,0.02502,0.31550,0.31445,0.00248,0.03137,2,0.03489,0.00248,0.034776,-0.00007,-0.5701,-0.0004,-0.0071,-0.0108,-0.3270,-0.0381,-0.4998,0,0.04900,0.01900,0.0017,0.0032,0.005846,0.073018,-0.0157,0.0378,43.1580,-0.0001,0.0454,43.9828,-0.0316,-0.1095,19.7145,0.0134,-0.0376,21.0678,0.001615,0.003317,43.1580,0.001637,0.003249,43.9828,-0.003340,-0.005511,19.7147,-0.003023,-0.005273,21.0678,-0.00303,-0.11712,-0.32544,0.62549,-0.30242,0.11518,-0.00139,-0.11651,-0.32613,0.63076,-0.30726,0.11777,0.00320,-0.00000,0.00063,0.00005,-0.00133,1.03776,0.15454,-1.08163,0.08575,-0.11953,0.00502,0.52687,-0.11509,-0.53711,-0.04993,0.13855,0.00323,0.00016,0.00122,0.00020,6.000,6.000,12.000,12.000,6.000,6.000,6.000,6.000,12.000,12.000,6.000,6.000,6.000,6.000,6.000,6.000,0.004361,0.031450,0.004194,0.031374,0.004194,0.025134,0.004694,0.025362,0.000000,0.000183,0.000000,0.000000,0.681634,0.318366,0.000000,0.000000,0.000000,0.114381,0.116920
0.7250,-0.00086,0.03430,0.48142,1.00000,0.00011,0.00124,0.00101,0.00446,0.02519,0.31550,0.31445,0.00248,0.03155,2,0.03489,0.00248,0.034776,-0.00007,-0.5690,-0.0004,-0.0072,-0.0109,-0.3269,-0.0379,-0.4995,0,0.04900,0.01900,0.0018,0.0033,0.005851,0.073049,-0.0158,0.0385,43.2424,-0.0004,0.0472,44.0660,-0.0317,-0.1108,19.6303,0.0132,-0.0390,20.9848,0.001620,0.003350,43.2424,0.001642,0.003280,44.0660,-0.003375,-0.005623,19.6305,-0.003054,-0.005375,20.9848,-0.00305,-0.11794,-0.32500,0.62458,-0.30195,0.11598,-0.00141,-0.11733,-0.32569,0.62988,-0.30683,0.11862,0.00323,-0.00000,0.00063,0.00005,-0.00135,1.04707,0.15550,-1.08221,0.08614,-0.12123,0.00508,0.52925,-0.11575,-0.53458,-0.05027,0.14030,0.00324,0.00016,0.00121,0.00020,6.000,6.000,12.000,12.000,6.000,6.000,6.000,6.000,12.000,12.000,6.000,6.000,6.000,6.000,6.000,6.000,0.004360,0.031627,0.004194,0.031548,0.004194,0.025308,0.004692,0.025545,0.000000,0.000184,0.000000,0.000000,0.682942,0.317058,0.000000,0.000000,0.000000,0.115181,0.117768
0.7300,-0.00086,0.03454,0.48143,1.00000,0.00011,0.00124,0.00102,0.00446,0.02537,0.31550,0.31445,0.00248,0.03172,2,0.03489,0.00248,0.034776,-0.00007,-0.5678,-0.0004,-0.0072,-0.0110,-0.3269,-0.0378,-0.4992,0,0.04900,0.01900,0.0018,0.0034,0.005855,0.073080,-0.0158,0.0392,43.3267,-0.0006,0.0490,44.1493,-0.0318,-0.1121,19.5461,0.0131,-0.0403,20.9018,0.001624,0.003383,43.3267,0.001647,0.003311,44.1493,-0.003410,-0.005738,19.5463,-0.003085,-0.005479,20.9018,-0.00308,-0.11876,-0.32455,0.62367,-0.30148,0.11678,-0.00143,-0.11816,-0.32524,0.62900,-0.30639,0.11946,0.00326,-0.00000,0.00064,0.00005,-0.00137,1.05641,0.15645,-1.08277,0.08654,-0.12293,0.00514,0.53159,-0.11641,-0.53204,-0.05060,0.14207,0.00325,0.00016,0.00121,0.00021,6.000,6.000,12.000,12.000,6.000,6.000,6.000,6.000,12.000,12.000,6.000,6.000,6.000,6.000,6.000,6.000,0.004360,0.031804,0.004194,0.031722,0.004194,0.025483,0.004690,0.025727,0.000000,0.000184,0.000000,0.000000,0.684250,0.315750,0.000000,0.000000,0.000000,0.115979,0.118616
0.7350,-0.00085,0.03479,0.48143,1.00000,0.00011,0.00124,0.00103,0.00446,0.02555,0.31550,0.31445,0.00248,0.03190,2,0.03489,0.00248,0.034775,-0.00007,-0.5667,-0.0004,-0.0072,-0.0111,-0.3269,-0.0376,-0.4989,0,0.04900,0.01900,0.0019,0.0035,0.005860,0.073111,-0.0158,0.0399,43.4111,-0.0008,0.0508,44.2325,-0.0320,-0.1135,19.4619,0.0129,-0.0416,20.8188,0.001629,0.003416,43.4111,0.001651,0.003342,44.2325,-0.003446,-0.005854,19.4621,-0.003116,-0.005585,20.8188,-0.00310,-0.11957,-0.32410,0.62275,-0.30101,0.11757,-0.00144,-0.11898,-0.32479,0.62811,-0.30596,0.12031,0.00329,-0.00000,0.00064,0.00006,-0.00139,1.06576,0.15739,-1.08331,0.08693,-0.12465,0.00520,0.53391,-0.11706,-0.52951,-0.05092,0.14384,0.00327,0.00016,0.00121,0.00021,6.000,6.000,12.000,12.000,6.000,6.000,6.000,6.000,12.000,12.000,6.000,6.000,6.000,6.000,6.000,6.000,0.004359,0.031981,0.004194,0.031896,0.004194,0.025658,0.004688,0.025910,0.000000,0.000185,0.000000,0.000000,0.685557,0.314443,0.000000,0.000000,0.000000,0.116777,0.119463
0.7400,-0.00085,0.03503,0.48143,1.00000,0.00011,0.00124,0.00104,0.00445,0.02573,0.31550,0.31445,0.00248,0.03207,2,0.03489,0.00248,0.034775,-0.00007,-0.5656,-0.0004,-0.0072,-0.0112,-0.3269,-0.0375,-0.4986,0,0.04900,0.01900,0.0020,0.0036,0.005864,0.073143,-0.0159,0.0405,43.4954,-0.0011,0.0526,44.3157,-0.0321,-0.1148,19.3777,0.0128,-0.0430,20.7358,0.001633,0.003449,43.4954,0.001655,0.003374,44.3157,-0.003481,-0.005972,19.3779,-0.003148,-0.005691,20.7358,-0.00312,-0.12039,-0.32365,0.62183,-0.30054,0.11837,-0.00146,-0.11980,-0.32434,0.62722,-0.30552,0.12116,0.00332,-0.00000,0.00064,0.00006,-0.00142,1.07514,0.15833,-1.08384,0.08732,-0.12638,0.00526,0.53620,-0.11771,-0.52698,-0.05125,0.14563,0.00328,0.00016,0.00120,0.00021,6.000,6.000,12.000,12.000,6.000,6.000,6.000,6.000,12.000,12.000,6.000,6.000,6.000,6.000,6.000,6.000,0.004358,0.032158,0.004194,0.032071,0.004194,0.025832,0.004686,0.026093,0.000000,0.000185,0.000000,0.000000,0.686865,0.313135,0.000000,0.000000,0.000000,0.117575,0.120310
0.7450,-0.00084,0.03527,0.48143,1.00000,0.00011,0.00124,0.00105,0.00445,0.02591,0.31550,0.31445,0.00248,0.03224,2,0.03489,0.00248,0.034774,-0.00007,-0.5644,-0.0004,-0.0073,-0.0113,-0.3268,-0.0373,-0.4983,0,0.04900,0.01900,0.0020,0.0037,0.005869,0.073174,-0.0159,0.0412,43.5798,-0.0013,0.0543,44.3989,-0.0322,-0.1162,19.2936,0.0126,-0.0443,20.6529,0.001637,0.003483,43.5798,0.001660,0.003405,44.3989,-0.003517,-0.006091,19.2937,-0.003180,-0.005799,20.6529,-0.00315,-0.12120,-0.32319,0.62090,-0.30007,0.11917,-0.00148,-0.12062,-0.32388,0.62632,-0.30508,0.12200,0.00335,-0.00000,0.00064,0.00006,-0.00144,1.08455,0.15927,-1.08436,0.08771,-0.12813,0.00532,0.53847,-0.11835,-0.52445,-0.05157,0.14743,0.00329,0.00016,0.00120,0.00021,6.000,6.000,12.000,12.000,6.000,6.000,6.000,6.000,12.000,12.000,6.000,6.000,6.000,6.000,6.000,6.000,0.004358,0.032334,0.004194,0.032245,0.004194,0.026007,0.004684,0.026275,0.000000,0.000186,0.000000,0.000000,0.688172,0.311828,0.000000,0.000000,0.000000,0.118372,0.121157
0.7500,-0.00084,0.03551,0.48143,1.00000,0.00011,0.00124,0.00106,0.00445,0.02609,0.31550,0.31445,0.00248,0.03242,2,0.03489,0.00248,0.034774,-0.00007,-0.5633,-0.0004,-0.0073,-0.0114,-0.3268,-0.0371,-0.4980,0,0.04900,0.01900,0.0021,0.0038,0.005873,0.073206,-0.0160,0.0419,43.6641,-0.0015,0.0561,44.4821,-0.0323,-0.1175,19.2094,0.0125,-0.0457,20.5699,0.001642,0.003517,43.6641,0.001664,0.003437,44.4821,-0.003553,-0.006212,19.2095,-0.003212,-0.005909,20.5699,-0.00317,-0.12202,-0.32273,0.61996,-0.29959,0.11996,-0.00149,-0.12144,-0.32342,0.62541,-0.30463,0.12285,0.00338,-0.00000,0.00064,0.00007,-0.00146,1.09398,0.16020,-1.08486,0.08810,-0.12988,0.00538,0.54071,-0.11898,-0.52192,-0.05188,0.14924,0.00330,0.00017,0.00119,0.00022,6.000,6.000,12.000,12.000,6.000,6.000,6.000,6.000,12.000,12.000,6.000,6.000,6.000,6.000,6.000,6.000,0.004357,0.032511,0.004194,0.032419,0.004194,0.026181,0.004682,0.026458,0.000000,0.000187,0.000000,0.000000,0.689480,0.310520,0.000000,0.000000,0.000000,0.119168,0.122004
0.7550,-0.00083,0.03575,0.48143,1.00000,0.00011,0.00124,0.00107,0.00445,0.02627,0.31550,0.31445,0.00248,0.03259,2,0.03489,0.00248,0.034774,-0.00007,-0.5622,-0.0004,-0.0073,-0.0115,-0.3268,-0.0370,-0.4977,0,0.04900,0.01900,0.0022,0.0040,0.005878,0.073238,-0.0160,0.0426,43.7483,-0.0017,0.0579,44.5653,-0.0324,-0.1189,19.1252,0.0123,-0.0471,20.4870,0.001646,0.003551,43.7483,0.001669,0.003469,44.5653,-0.003589,-0.006335,19.1253,-0.003244,-0.006020,20.4870,-0.00319,-0.12283,-0.32227,0.61902,-0.29911,0.12076,-0.00151,-0.12226,-0.32295,0.62450,-0.30419,0.12370,0.00341,-0.00000,0.00064,0.00007,-0.00148,1.10343,0.16113,-1.08534,0.08849,-0.13165,0.00545,0.54293,-0.11961,-0.51940,-0.05219,0.15106,0.00331,0.00017,0.00119,0.00022,6.000,6.000,12.000,12.000,6.000,6.000,6.000,6.000,12.000,12.000,6.000,6.000,6.000,6.000,6.000,6.000,0.004356,0.032688,0.004194,0.032593,0.004194,0.026356,0.004680,0.026640,0.000000,0.000188,0.000000,0.000000,0.690787,0.309213,0.000000,0.000000,0.000000,0.119964,0.122851
0.7600,-0.00083,0.03600,0.48143,1.00000,0.00010,0.00124,0.00108,0.00444,0.02645,0.31550,0.31445,0.00248,0.03277,2,0.03489,0.00248,0.034773,-0.00007,-0.5610,-0.0004,-0.0073,-0.0116,-0.3268,-0.0368,-0.4974,0,0.04900,0.01900,0.0022,0.0041,0.005882,0.073270,-0.0160,0.0433,43.8326,-0.0019,0.0597,44.6485,-0.0325,-0.1203,19.0410,0.0122,-0.0485,20.4040,0.001650,0.003585,43.8326,0.001673,0.003501,44.6485,-0.003625,-0.006459,19.0411,-0.003276,-0.006133,20.4040,-0.00322,-0.12365,-0.32180,0.61807,-0.29862,0.12155,-0.00153,-0.12308,-0.32248,0.62358,-0.30374,0.12454,0.00344,-0.00000,0.00064,0.00007,-0.00151,1.11290,0.16205,-1.08580,0.08888,-0.13343,0.00551,0.54511,-0.12024,-0.51688,-0.05250,0.15290,0.00333,0.00017,0.00118,0.00022,6.000,6.000,12.000,12.000,6.000,6.000,6.000,6.000,12.000,12.000,6.000,6.000,6.000,6.000,6.000,6.000,0.004356,0.032865,0.004194,0.032768,0.004194,0.026530,0.004678,0.026823,0.000000,0.000189,0.000000,0.000000,0.692094,0.307906,0.000000,0.000000,0.000000,0.120759,0.123697
0.7650,-0.00082,0.03624,0.48143,1.00000,0.00010,0.00124,0.00109,0.00444,0.02663,0.31551,0.31445,0.00248,0.03294,2,0.03489,0.00248,0.034773,-0.00007,-0.5599,-0.0004,-0.0073,-0.0117,-0.3268,-0.0367,-0.4972,0,0.04900,0.01900,0.0023,0.0042,0.005886,0.073302,-0.0161,0.0440,43.9168,-0.0021,0.0615,44.7316,-0.0326,-0.1217,18.9567,0.0121,-0.0499,20.3211,0.001654,0.003619,43.9168,0.001677,0.003534,44.7316,-0.003662,-0.006585,18.9569,-0.003308,-0.006247,20.3211,-0.00324,-0.12446,-0.32133,0.61711,-0.29814,0.12235,-0.00154,-0.12390,-0.32201,0.62265,-0.30328,0.12539,0.00347,-0.00000,0.00064,0.00008,-0.00153,1.12240,0.16297,-1.08625,0.08927,-0.13523,0.00557,0.54728,-0.12086,-0.51436,-0.05281,0.15475,0.00334,0.00017,0.00118,0.00022,6.000,6.000,12.000,12.000,6.000,6.000,6.000,6.000,12.000,12.000,6.000,6.000,6.000,6.000,6.000,6.000,0.004355,0.033042,0.004194,0.032942,0.004194,0.026705,0.004677,0.027005,0.000000,0.000189,0.000000,0.000000,0.693401,0.306599,0.000000,0.000000,0.000000,0.121553,0.124543
0.7700,-0.00082,0.03648,0.48143,1.00000,0.00010,0.00124,0.00110,0.00444,0.02681,0.31551,0.31445,0.00248,0.03312,2,0.03489,0.00248,0.034773,-0.00007,-0.5588,-0.0004,-0.0073,-0.0118,-0.3268,-0.0365,-0.4969,0,0.04900,0.01900,0.0024,0.0043,0.005890,0.073335,-0.0161,0.0447,44.0010,-0.0023,0.0633,44.8148,-0.0326,-0.1232,18.8725,0.0120,-0.0513,20.2382,0.001658,0.003654,44.0010,0.001681,0.003566,44.8148,-0.003699,-0.006713,18.8727,-0.003340,-0.006362,20.2382,-0.00326,-0.12527,-0.32086,0.61615,-0.29765,0.12314,-0.00156,-0.12471,-0.32154,0.62172,-0.30283,0.12623,0.00350,-0.00000,0.00064,0.00008,-0.00155,1.13192,0.16388,-1.08669,0.08966,-0.13703,0.00563,0.54941,-0.12148,-0.51184,-0.05311,0.15661,0.00335,0.00017,0.00117,0.00023,6.000,6.000,12.000,12.000,6.000,6.000,6.000,6.000,12.000,12.000,6.000,6.000,6.000,6.000,6.000,6.000,0.004355,0.033219,0.004194,0.033116,0.004194,0.026879,0.004675,0.027188,0.000000,0.000190,0.000000,0.000000,0.694708,0.305292,0.000000,0.000000,0.000000,0.122347,0.125389
0.7750,-0.00081,0.03672,0.48143,1.00000,0.00010,0.00124,0.00111,0.00444,0.02699,0.31551,0.31445,0.00248,0.03329,2,0.03489,0.00248,0.034772,-0.00007,-0.5577,-0.0004,-0.0074,-0.0119,-0.3268,-0.0364,-0.4966,0,0.04900,0.01900,0.0024,0.0045,0.005894,0.073367,-0.0161,0.0454,44.0852,-0.0025,0.0651,44.8979,-0.0327,-0.1246,18.7883,0.0118,-0.0527,20.1552,0.001662,0.003688,44.0852,0.001685,0.003599,44.8979,-0.003735,-0.006843,18.7885,-0.003373,-0.006479,20.1552,-0.00329,-0.12608,-0.32038,0.61518,-0.29716,0.12393,-0.00157,-0.12553,-0.32106,0.62078,-0.30237,0.12708,0.00353,-0.00000,0.00064,0.00008,-0.00158,1.14147,0.16479,-1.08710,0.09004,-0.13885,0.00569,0.55152,-0.12209,-0.50932,-0.05341,0.15848,0.00336,0.00017,0.00117,0.00023,6.000,6.000,12.000,12.000,6.000,6.000,6.000,6.000,12.000,12.000,6.000,6.000,6.000,6.000,6.000,6.000,0.004354,0.033395,0.004194,0.033290,0.004194,0.027054,0.004673,0.027370,0.000000,0.000191,0.000000,0.000000,0.696015,0.303985,0.000000,0.000000,0.000000,0.123140,0.126234
0.7800,-0.00081,0.03696,0.48143,1.00000,0.00010,0.00124,0.00112,0.00443,0.02717,0.31551,0.31445,0.00248,0.03346,2,0.03489,0.00248,0.034772,-0.00007,-0.5566,-0.0004,-0.0074,-0.0120,-0.3268,-0.0362,-0.4963,0,0.04900,0.01900,0.0025,0.0046,0.005898,0.073400,-0.0161,0.0462,44.1694,-0.0027,0.0669,44.9811,-0.0328,-0.1260,18.7041,0.0117,-0.0541,20.0723,0.001666,0.003723,44.1694,0.001689,0.003632,44.9811,-0.003773,-0.006974,18.7043,-0.003406,-0.006598,20.0723,-0.00331,-0.12690,-0.31990,0.61420,-0.29666,0.12473,-0.00159,-0.12635,-0.32057,0.61983,-0.30191,0.12792,0.00356,-0.00000,0.00064,0.00009,-0.00160,1.15104,0.16569,-1.08750,0.09043,-0.14068,0.00575,0.55361,-0.12270,-0.50681,-0.05370,0.16037,0.00337,0.00018,0.00116,0.00023,6.000,6.000,12.000,12.000,6.000,6.000,6.000,6.000,12.000,12.000,6.000,6.000,6.000,6.000,6.000,6.000,0.004353,0.033572,0.004194,0.033464,0.004194,0.027228,0.004671,0.027553,0.000000,0.000192,0.000000,0.000000,0.697322,0.302678,0.000000,0.000000,0.000000,0.123933,0.127079
0.7850,-0.00080,0.03721,0.48143,1.00000,0.00010,0.00124,0.00112,0.00443,0.02735,0.31551,0.31445,0.00248,0.03364,2,0.03489,0.00248,0.034772,-0.00006,-0.5554,-0.0004,-0.0074,-0.0122,-0.3268,-0.0361,-0.4960,0,0.04900,0.01900,0.0025,0.0047,0.005902,0.073433,-0.0161,0.0469,44.2536,-0.0029,0.0687,45.0642,-0.0329,-0.1275,18.6199,0.0116,-0.0556,19.9894,0.001669,0.003758,44.2536,0.001693,0.003665,45.0642,-0.003810,-0.007108,18.6201,-0.003439,-0.006718,19.9894,-0.00333,-0.12771,-0.31941,0.61321,-0.29616,0.12552,-0.00161,-0.12717,-0.32008,0.61888,-0.30145,0.12877,0.00359,-0.00000,0.00064,0.00009,-0.00162,1.16063,0.16659,-1.08789,0.09081,-0.14252,0.00581,0.55567,-0.12330,-0.50430,-0.05399,0.16227,0.00338,0.00018,0.00116,0.00023,6.000,6.000,12.000,12.000,6.000,6.000,6.000,6.000,12.000,12.000,6.000,6.000,6.000,6.000,6.000,6.000,0.004353,0.033749,0.004194,0.033638,0.004194,0.027403,0.004669,0.027735,0.000000,0.000193,0.000000,0.000000,0.698629,0.301371,0.000000,0.000000,0.000000,0.124725,0.127924
0.7900,-0.00080,0.03745,0.48143,1.00000,0.00010,0.00124,0.00113,0.00443,0.02752,0.31551,0.31445,0.00248,0.03381,2,0.03489,0.00248,0.034771,-0.00006,-0.5543,-0.0003,-0.0074,-0.0123,-0.3268,-0.0359,-0.4958,0,0.04900,0.01900,0.0026,0.0049,0.005906,0.073466,-0.0162,0.0476,44.3377,-0.0031,0.0705,45.1473,-0.0330,-0.1290,18.5356,0.0115,-0.0570,19.9065,0.001673,0.003793,44.3377,0.001697,0.003698,45.1473,-0.003847,-0.007243,18.5358,-0.003472,-0.006840,19.9065,-0.00336,-0.12852,-0.31892,0.61222,-0.29566,0.12631,-0.00162,-0.12798,-0.31959,0.61792,-0.30098,0.12961,0.00361,-0.00000,0.00064,0.00009,-0.00165,1.17025,0.16749,-1.08825,0.09120,-0.14438,0.00587,0.55770,-0.12389,-0.50179,-0.05428,0.16418,0.00340,0.00018,0.00115,0.00024,6.000,6.000,12.000,12.000,6.000,6.000,6.000,6.000,12.000,12.000,6.000,6.000,6.000,6.000,6.000,6.000,0.004352,0.033926,0.004194,0.033812,0.004194,0.027578,0.004668,0.027918,0.000000,0.000194,0.000000,0.000000,0.699936,0.300064,0.000000,0.000000,0.000000,0.125517,0.128769
0.7950,-0.00079,0.03769,0.48144,1.00000,0.00010,0.00124,0.00114,0.00443,0.02770,0.31551,0.31445,0.00248,0.03399,2,0.03489,0.00248,0.034771,-0.00006,-0.5532,-0.0003,-0.0074,-0.0124,-0.3269,-0.0358,-0.4955,0,0.04900,0.01900,0.0027,0.0050,0.005910,0.073499,-0.0162,0.0483,44.4219,-0.0033,0.0723,45.2304,-0.0330,-0.1305,18.4514,0.0114,-0.0585,19.8236,0.001677,0.003828,44.4219,0.001701,0.003731,45.2304,-0.003885,-0.007380,18.4516,-0.003505,-0.006963,19.8236,-0.00338,-0.12933,-0.31843,0.61123,-0.29516,0.12710,-0.00164,-0.12880,-0.31910,0.61695,-0.30051,0.13046,0.00364,-0.00000,0.00064,0.00010,-0.00167,1.17989,0.16837,-1.08860,0.09158,-0.14624,0.00593,0.55971,-0.12448,-0.49928,-0.05456,0.16610,0.00341,0.00018,0.00115,0.00024,6.000,6.000,12.000,12.000,6.000,6.000,6.000,6.000,12.000,12.000,6.000,6.000,6.000,6.000,6.000,6.000,0.004352,0.034103,0.004194,0.033987,0.004194,0.027752,0.004666,0.028100,0.000000,0.000195,0.000000,0.000000,0.701242,0.298758,0.000000,0.000000,0.000000,0.126308,0.129614
0.8000,-0.00078,0.03793,0.48144,1.00000,0.00010,0.00124,0.00115,0.00443,0.02788,0.31551,0.31445,0.00248,0.03416,2,0.03489,0.00248,0.034771,-0.00006,-0.5521,-0.0003,-0.0074,-0.0125,-0.3269,-0.0356,-0.4952,0,0.04900,0.01900,0.0027,0.0052,0.005914,0.073532,-0.0162,0.0490,44.5060,-0.0035,0.0741,45.3136,-0.0331,-0.1320,18.3672,0.0113,-0.0600,19.7407,0.001680,0.003864,44.5060,0.001704,0.003764,45.3136,-0.003923,-0.007519,18.3674,-0.003538,-0.007088,19.7407,-0.00340,-0.13014,-0.31793,0.61022,-0.29465,0.12789,-0.00165,-0.12962,-0.31860,0.61598,-0.30004,0.13130,0.00367,-0.00000,0.00063,0.00010,-0.00169,1.18956,0.16926,-1.08893,0.09196,-0.14812,0.00599,0.56169,-0.12507,-0.49678,-0.05484,0.16804,0.00342,0.00018,0.00114,0.00024,6.000,6.000,12.000,12.000,6.000,6.000,6.000,6.000,12.000,12.000,6.000,6.000,6.000,6.000,6.000,6.000,0.004351,0.034279,0.004194,0.034161,0.004194,0.027927,0.004664,0.028283,0.000000,0.000196,0.000000,0.000000,0.702549,0.297451,0.000000,0.000000,0.000000,0.127098,0.130458
0.8050,-0.00078,0.03817,0.48144,1.00000,0.00010,0.00124,0.00116,0.00442,0.02806,0.31551,0.31445,0.00248,0.03433,2,0.03489,0.00248,0.034770,-0.00006,-0.5510,-0.0003,-0.0074,-0.0126,-0.3269,-0.0355,-0.4950,0,0.04900,0.01900,0.0028,0.0053,0.005918,0.073566,-0.0162,0.0497,44.5901,-0.0037,0.0759,45.3967,-0.0332,-0.1335,18.2829,0.0112,-0.0615,19.6578,0.001684,0.003899,44.5901,0.001708,0.003798,45.3967,-0.003961,-0.007660,18.2831,-0.003572,-0.007215,19.6578,-0.00342,-0.13095,-0.31743,0.60921,-0.29414,0.12868,-0.00167,-0.13043,-0.31810,0.61500,-0.29956,0.13215,0.00370,-0.00000,0.00063,0.00011,-0.00171,1.19925,0.17014,-1.08925,0.09234,-0.15001,0.00605,0.56365,-0.12565,-0.49427,-0.05512,0.16998,0.00343,0.00018,0.00114,0.00024,6.000,6.000,12.000,12.000,6.000,6.000,6.000,6.000,12.000,12.000,6.000,6.000,6.000,6.000,6.000,6.000,0.004350,0.034456,0.004194,0.034335,0.004194,0.028101,0.004663,0.028465,0.000000,0.000198,0.000000,0.000000,0.703856,0.296144,0.000000,0.000000,0.000000,0.127888,0.131302
0.8100,-0.00077,0.03841,0.48144,1.00000,0.00010,0.00124,0.00117,0.00442,0.02824,0.31551,0.31445,0.00248,0.03451,2,0.03489,0.00248,0.034770,-0.00006,-0.5499,-0.0003,-0.0075,-0.0128,-0.3269,-0.0353,-0.4947,0,0.04900,0.01900,0.0029,0.0054,0.005921,0.073599,-0.0162,0.0504,44.6742,-0.0039,0.0777,45.4798,-0.0332,-0.1350,18.1986,0.0111,-0.0630,19.5750,0.001688,0.003935,44.6742,0.001712,0.003832,45.4798,-0.004000,-0.007803,18.1989,-0.003605,-0.007343,19.5750,-0.00345,-0.13176,-0.31693,0.60820,-0.29363,0.12947,-0.00168,-0.13125,-0.31759,0.61401,-0.29908,0.13299,0.00372,-0.00000,0.00063,0.00011,-0.00174,1.20896,0.17101,-1.08955,0.09272,-0.15192,0.00611,0.56558,-0.12622,-0.49177,-0.05539,0.17194,0.00344,0.00018,0.00113,0.00024,6.000,6.000,12.000,12.000,6.000,6.000,6.000,6.000,12.000,12.000,6.000,6.000,6.000,6.000,6.000,6.000,0.004350,0.034633,0.004194,0.034509,0.004194,0.028276,0.004661,0.028647,0.000000,0.000199,0.000000,0.000000,0.705162,0.294838,0.000000,0.000000,0.000000,0.128678,0.132146
0.8150,-0.00076,0.03865,0.48144,1.00000,0.00010,0.00124,0.00118,0.00442,0.02842,0.31551,0.31445,0.00248,0.03468,2,0.03489,0.00248,0.034769,-0.00006,-0.5488,-0.0003,-0.0075,-0.0129,-0.3270,-0.0352,-0.4945,0,0.04900,0.01900,0.0029,0.0056,0.005925,0.073633,-0.0162,0.0512,44.7583,-0.0040,0.0795,45.5629,-0.0333,-0.1365,18.1144,0.0110,-0.0645,19.4921,0.001691,0.003971,44.7583,0.001715,0.003866,45.5629,-0.004038,-0.007948,18.1146,-0.003639,-0.007473,19.4921,-0.00347,-0.13257,-0.31642,0.60717,-0.29311,0.13026,-0.00170,-0.13206,-0.31708,0.61302,-0.29860,0.13383,0.00375,-0.00000,0.00063,0.00011,-0.00176,1.21870,0.17188,-1.08982,0.09310,-0.15383,0.00617,0.56748,-0.12679,-0.48928,-0.05566,0.17392,0.00345,0.00019,0.00113,0.00024,6.000,6.000,12.000,12.000,6.000,6.000,6.000,6.000,12.000,12.000,6.000,6.000,6.000,6.000,6.000,6.000,0.004349,0.034809,0.004194,0.034683,0.004194,0.028450,0.004659,0.028830,0.000000,0.000200,0.000000,0.000000,0.706469,0.293531,0.000000,0.000000,0.000000,0.129467,0.132990
0.8200,-0.00076,0.03890,0.48144,1.00000,0.00010,0.00124,0.00119,0.00442,0.02860,0.31551,0.31445,0.00248,0.03486,2,0.03489,0.00248,0.034769,-0.00006,-0.5477,-0.0003,-0.0075,-0.0130,-0.3270,-0.0350,-0.4942,0,0.04900,0.01900,0.0030,0.0057,0.005929,0.073667,-0.0162,0.0519,44.8423,-0.0042,0.0813,45.6460,-0.0334,-0.1381,18.0301,0.0109,-0.0660,19.4092,0.001694,0.004007,44.8423,0.001719,0.003900,45.6460,-0.004077,-0.008094,18.0303,-0.003673,-0.007605,19.4092,-0.00349,-0.13338,-0.31590,0.60614,-0.29259,0.13104,-0.00171,-0.13288,-0.31657,0.61202,-0.29811,0.13468,0.00378,-0.00000,0.00063,0.00012,-0.00178,1.22846,0.17275,-1.09009,0.09348,-0.15576,0.00623,0.56936,-0.12735,-0.48678,-0.05593,0.17590,0.00346,0.00019,0.00112,0.00025,6.000,6.000,12.000,12.000,6.000,6.000,6.000,6.000,12.000,12.000,6.000,6.000,6.000,6.000,6.000,6.000,0.004349,0.034986,0.004194,0.034857,0.004194,0.028625,0.004658,0.029012,0.000000,0.000201,0.000000,0.000000,0.707776,0.292224,0.000000,0.000000,0.000000,0.130255,0.133833
0.8250,-0.00075,0.03914,0.48144,1.00000,0.00010,0.00124,0.00120,0.00442,0.02877,0.31551,0.31445,0.00248,0.03503,2,0.03489,0.00248,0.034769,-0.00006,-0.5466,-0.0003,-0.0075,-0.0131,-0.3270,-0.0348,-0.4940,0,0.04900,0.01900,0.0030,0.0059,0.005932,0.073701,-0.0162,0.0526,44.9264,-0.0044,0.0831,45.7290,-0.0334,-0.1396,17.9458,0.0108,-0.0675,19.3263,0.001698,0.004043,44.9264,0.001722,0.003934,45.7290,-0.004116,-0.008243,17.9460,-0.003707,-0.007738,19.3263,-0.00352,-0.13419,-0.31539,0.60510,-0.29207,0.13183,-0.00173,-0.13369,-0.31605,0.61101,-0.29763,0.13552,0.00381,-0.00000,0.00062,0.00012,-0.00181,1.23824,0.17361,-1.09033,0.09385,-0.15770,0.00629,0.57122,-0.12791,-0.48429,-0.05619,0.17790,0.00348,0.00019,0.00111,0.00025,6.000,6.000,12.000,12.000,6.000,6.000,6.000,6.000,12.000,12.000,6.000,6.000,6.000,6.000,6.000,6.000,0.004348,0.035163,0.004194,0.035031,0.004194,0.028799,0.004656,0.029195,0.000000,0.000203,0.000000,0.000000,0.709082,0.290918,0.000000,0.000000,0.000000,0.131043,0.134677
0.8300,-0.00074,0.03938,0.48144,1.00000,0.00010,0.00124,0.00120,0.00441,0.02895,0.31551,0.31445,0.00248,0.03521,2,0.03490,0.00248,0.034768,-0.00006,-0.5456,-0.0003,-0.0075,-0.0133,-0.3271,-0.0347,-0.4937,0,0.04900,0.01900,0.0031,0.0061,0.005935,0.073735,-0.0162,0.0534,45.0104,-0.0046,0.0850,45.8121,-0.0335,-0.1412,17.8615,0.0107,-0.0690,19.2435,0.001701,0.004079,45.0104,0.001726,0.003968,45.8121,-0.004155,-0.008394,17.8617,-0.003742,-0.007874,19.2435,-0.00354,-0.13499,-0.31487,0.60405,-0.29154,0.13262,-0.00174,-0.13450,-0.31552,0.61000,-0.29713,0.13636,0.00383,-0.00000,0.00062,0.00013,-0.00183,1.24805,0.17447,-1.09056,0.09423,-0.15965,0.00634,0.57304,-0.12846,-0.48180,-0.05645,0.17991,0.00349,0.00019,0.00111,0.00025,6.000,6.000,12.000,12.000,6.000,6.000,6.000,6.000,12.000,12.000,6.000,6.000,6.000,6.000,6.000,6.000,0.004348,0.035340,0.004194,0.035205,0.004194,0.028974,0.004654,0.029377,0.000000,0.000204,0.000000,0.000000,0.710389,0.289611,0.000000,0.000000,0.000000,0.131830,0.135520
0.8350,-0.00074,0.03962,0.48144,1.00000,0.00010,0.00124,0.00121,0.00441,0.02913,0.31551,0.31445,0.00248,0.03538,2,0.03490,0.00248,0.034768,-0.00006,-0.5445,-0.0003,-0.0075,-0.0134,-0.3271,-0.0345,-0.4935,0,0.04900,0.01900,0.0032,0.0062,0.005939,0.073769,-0.0162,0.0541,45.0944,-0.0047,0.0868,45.8952,-0.0335,-0.1428,17.7772,0.0106,-0.0706,19.1606,0.001704,0.004116,45.0944,0.001729,0.004003,45.8952,-0.004195,-0.008548,17.7774,-0.003776,-0.008011,19.1606,-0.00356,-0.13580,-0.31434,0.60300,-0.29102,0.13340,-0.00175,-0.13532,-0.31500,0.60898,-0.29664,0.13721,0.00386,-0.00000,0.00062,0.00013,-0.00185,1.25788,0.17532,-1.09076,0.09460,-0.16162,0.00640,0.57485,-0.12901,-0.47931,-0.05671,0.18193,0.00350,0.00019,0.00110,0.00025,6.000,6.000,12.000,12.000,6.000,6.000,6.000,6.000,12.000,12.000,6.000,6.000,6.000,6.000,6.000,6.000,0.004347,0.035516,0.004194,0.035379,0.004194,0.029148,0.004653,0.029560,0.000000,0.000205,0.000000,0.000000,0.711695,0.288305,0.000000,0.000000,0.000000,0.132617,0.136363
0.8400,-0.00073,0.03986,0.48144,1.00000,0.00010,0.00124,0.00122,0.00441,0.02931,0.31551,0.31445,0.00248,0.03555,2,0.03490,0.00248,0.034768,-0.00006,-0.5434,-0.0003,-0.0075,-0.0135,-0.3272,-0.0344,-0.4932,0,0.04900,0.01900,0.0032,0.0064,0.005942,0.073804,-0.0162,0.0548,45.1784,-0.0049,0.0886,45.9783,-0.0336,-0.1444,17.6929,0.0106,-0.0721,19.0777,0.001707,0.004152,45.1784,0.001732,0.004038,45.9783,-0.004235,-0.008703,17.6931,-0.003811,-0.008150,19.0777,-0.00358,-0.13661,-0.31381,0.60194,-0.29048,0.13419,-0.00177,-0.13613,-0.31447,0.60795,-0.29614,0.13805,0.00389,-0.00000,0.00061,0.00013,-0.00187,1.26774,0.17616,-1.09095,0.09497,-0.16360,0.00646,0.57662,-0.12955,-0.47682,-0.05696,0.18396,0.00351,0.00019,0.00109,0.00025,6.000,6.000,12.000,12.000,6.000,6.000,6.000,6.000,12.000,12.000,6.000,6.000,6.000,6.000,6.000,6.000,0.004347,0.035693,0.004194,0.035553,0.004194,0.029323,0.004651,0.029742,0.000000,0.000207,0.000000,0.000000,0.713002,0.286998,0.000000,0.000000,0.000000,0.133403,0.137206
0.8450,-0.00072,0.04010,0.48144,1.00000,0.00010,0.00124,0.00123,0.00441,0.02949,0.31552,0.31445,0.00248,0.03573,2,0.03490,0.00248,0.034767,-0.00006,-0.5423,-0.0003,-0.0075,-0.0136,-0.3272,-0.0342,-0.4930,0,0.04900,0.01900,0.0033,0.0065,0.005945,0.073838,-0.0162,0.0556,45.2624,-0.0051,0.0904,46.0614,-0.0336,-0.1460,17.6085,0.0105,-0.0737,18.9949,0.001710,0.004189,45.2624,0.001735,0.004073,46.0614,-0.004275,-0.008860,17.6088,-0.003845,-0.008290,18.9949,-0.00361,-0.13741,-0.31328,0.60087,-0.28995,0.13497,-0.00178,-0.13694,-0.31393,0.60691,-0.29564,0.13889,0.00391,-0.00000,0.00061,0.00014,-0.00190,1.27762,0.17700,-1.09113,0.09534,-0.16558,0.00652,0.57837,-0.13008,-0.47434,-0.05720,0.18601,0.00352,0.00019,0.00109,0.00025,6.000,6.000,12.000,12.000,6.000,6.000,6.000,6.000,12.000,12.000,6.000,6.000,6.000,6.000,6.000,6.000,0.004346,0.035869,0.004194,0.035727,0.004194,0.029497,0.004649,0.029925,0.000000,0.000208,0.000000,0.000000,0.714309,0.285691,0.000000,0.000000,0.000000,0.134189,0.138048
0.8500,-0.00072,0.04034,0.48144,1.00000,0.00010,0.00124,0.00124,0.00441,0.02967,0.31552,0.31445,0.00248,0.03590,2,0.03490,0.00248,0.034767,-0.00006,-0.5412,-0.0003,-0.0075,-0.0138,-0.3273,-0.0340,-0.4927,0,0.04900,0.01900,0.0033,0.0067,0.005949,0.073873,-0.0162,0.0563,45.3464,-0.0052,0.0923,46.1444,-0.0337,-0.1476,17.5242,0.0104,-0.0753,18.9120,0.001713,0.004226,45.3464,0.001739,0.004108,46.1444,-0.004315,-0.009020,17.5245,-0.003880,-0.008433,18.9120,-0.00363,-0.13822,-0.31274,0.59980,-0.28941,0.13576,-0.00180,-0.13775,-0.31340,0.60587,-0.29514,0.13973,0.00394,-0.00000,0.00061,0.00014,-0.00192,1.28753,0.17784,-1.09128,0.09571,-0.16759,0.00658,0.58010,-0.13061,-0.47186,-0.05745,0.18807,0.00353,0.00020,0.00108,0.00025,6.000,6.000,12.000,12.000,6.000,6.000,6.000,6.000,12.000,12.000,6.000,6.000,6.000,6.000,6.000,6.000,0.004346,0.036046,0.004194,0.035901,0.004194,0.029672,0.004648,0.030107,0.000000,0.000209,0.000000,0.000000,0.715615,0.284385,0.000000,0.000000,0.000000,0.134974,0.138891
0.8550,-0.00071,0.04058,0.48144,1.00000,0.00010,0.00124,0.00125,0.00441,0.02984,0.31552,0.31445,0.00248,0.03607,2,0.03490,0.00248,0.034767,-0.00006,-0.5401,-0.0003,-0.0075,-0.0139,-0.3273,-0.0339,-0.4925,0,0.04900,0.01900,0.0034,0.0069,0.005952,0.073908,-0.0161,0.0570,45.4303,-0.0054,0.0941,46.2275,-0.0337,-0.1492,17.4398,0.0103,-0.0768,18.8291,0.001716,0.004263,45.4303,0.001742,0.004143,46.2275,-0.004355,-0.009182,17.4401,-0.003916,-0.008577,18.8291,-0.00365,-0.13903,-0.31220,0.59872,-0.28887,0.13654,-0.00181,-0.13857,-0.31286,0.60482,-0.29463,0.14057,0.00397,-0.00000,0.00060,0.00015,-0.00194,1.29746,0.17867,-1.09141,0.09608,-0.16960,0.00664,0.58180,-0.13113,-0.46938,-0.05769,0.19014,0.00354,0.00020,0.00107,0.00026,6.000,6.000,12.000,12.000,6.000,6.000,6.000,6.000,12.000,12.000,6.000,6.000,6.000,6.000,6.000,6.000,0.004345,0.036223,0.004194,0.036075,0.004194,0.029847,0.004646,0.030290,0.000000,0.000211,0.000000,0.000000,0.716922,0.283078,0.000000,0.000000,0.000000,0.135759,0.139733
0.8600,-0.00070,0.04082,0.48144,1.00000,0.00010,0.00124,0.00125,0.00440,0.03002,0.31552,0.31445,0.00248,0.03625,2,0.03490,0.00248,0.034766,-0.00006,-0.5391,-0.0003,-0.0075,-0.0140,-0.3274,-0.0337,-0.4922,0,0.04900,0.01900,0.0035,0.0070,0.005955,0.073943,-0.0161,0.0578,45.5143,-0.0056,0.0959,46.3106,-0.0338,-0.1509,17.3554,0.0103,-0.0784,18.7463,0.001719,0.004300,45.5143,0.001745,0.004178,46.3106,-0.004396,-0.009346,17.3557,-0.003951,-0.008724,18.7463,-0.00367,-0.13983,-0.31166,0.59763,-0.28832,0.13733,-0.00182,-0.13938,-0.31231,0.60376,-0.29412,0.14142,0.00399,-0.00000,0.00060,0.00015,-0.00196,1.30742,0.17950,-1.09153,0.09645,-0.17163,0.00670,0.58347,-0.13165,-0.46691,-0.05793,0.19223,0.00356,0.00020,0.00107,0.00026,6.000,6.000,12.000,12.000,6.000,6.000,6.000,6.000,12.000,12.000,6.000,6.000,6.000,6.000,6.000,6.000,0.004345,0.036399,0.004194,0.036249,0.004194,0.030021,0.004645,0.030472,0.000000,0.000212,0.000000,0.000000,0.718229,0.281771,0.000000,0.000000,0.000000,0.136543,0.140575
0.8650,-0.00069,0.04106,0.48144,1.00000,0.00010,0.00124,0.00126,0.00440,0.03020,0.31552,0.31445,0.00248,0.03642,2,0.03490,0.00248,0.034766,-0.00006,-0.5380,-0.0003,-0.0075,-0.0142,-0.3275,-0.0335,-0.4920,0,0.04900,0.01900,0.0035,0.0072,0.005958,0.073978,-0.0161,0.0585,45.5982,-0.0057,0.0978,46.3937,-0.0338,-0.1526,17.2711,0.0102,-0.0800,18.6634,0.001722,0.004338,45.5982,0.001747,0.004213,46.3937,-0.004437,-0.009513,17.2714,-0.003986,-0.008872,18.6634,-0.00369,-0.14064,-0.31111,0.59653,-0.28777,0.13811,-0.00184,-0.14019,-0.31176,0.60269,-0.29360,0.14226,0.00402,-0.00000,0.00059,0.00016,-0.00199,1.31740,0.18032,-1.09163,0.09681,-0.17367,0.00676,0.58512,-0.13216,-0.46444,-0.05816,0.19432,0.00357,0.00020,0.00106,0.00026,6.000,6.000,12.000,12.000,6.000,6.000,6.000,6.000,12.000,12.000,6.000,6.000,6.000,6.000,6.000,6.000,0.004344,0.036576,0.004194,0.036423,0.004194,0.030196,0.004643,0.030654,0.000000,0.000214,0.000000,0.000000,0.719536,0.280464,0.000000,0.000000,0.000000,0.137327,0.141417
0.8700,-0.00069,0.04130,0.48144,1.00000,0.00010,0.00124,0.00127,0.00440,0.03038,0.31552,0.31445,0.00248,0.03660,2,0.03490,0.00248,0.034766,-0.00006,-0.5369,-0.0003,-0.0075,-0.0143,-0.3275,-0.0334,-0.4918,0,0.04900,0.01900,0.0036,0.0074,0.005961,0.074014,-0.0161,0.0593,45.6821,-0.0059,0.0996,46.4767,-0.0338,-0.1542,17.1866,0.0101,-0.0816,18.5806,0.001724,0.004375,45.6822,0.001750,0.004249,46.4767,-0.004478,-0.009682,17.1870,-0.004022,-0.009023,18.5806,-0.00372,-0.14144,-0.31056,0.59542,-0.28722,0.13889,-0.00185,-0.14100,-0.31121,0.60162,-0.29308,0.14310,0.00405,-0.00000,0.00059,0.00016,-0.00201,1.32740,0.18113,-1.09170,0.09718,-0.17572,0.00682,0.58674,-0.13267,-0.46197,-0.05839,0.19643,0.00358,0.00020,0.00105,0.00026,6.000,6.000,12.000,12.000,6.000,6.000,6.000,6.000,12.000,12.000,6.000,6.000,6.000,6.000,6.000,6.000,0.004344,0.036752,0.004194,0.036597,0.004194,0.030370,0.004642,0.030837,0.000000,0.000216,0.000000,0.000000,0.720843,0.279157,0.000000,0.000000,0.000000,0.138110,0.142258
0.8750,-0.00068,0.04154,0.48144,1.00000,0.00009,0.00124,0.00128,0.00440,0.03056,0.31552,0.31445,0.00248,0.03677,2,0.03490,0.00248,0.034765,-0.00006,-0.5359,-0.0003,-0.0075,-0.0145,-0.3276,-0.0332,-0.4916,0,0.04900,0.01900,0.0036,0.0076,0.005963,0.074049,-0.0161,0.0600,45.7661,-0.0060,0.1014,46.5598,-0.0339,-0.1559,17.1022,0.0101,-0.0833,18.4977,0.001727,0.004413,45.7661,0.001753,0.004285,46.5598,-0.004520,-0.009853,17.1026,-0.004058,-0.009175,18.4977,-0.00374,-0.14225,-0.31000,0.59431,-0.28667,0.13967,-0.00186,-0.14181,-0.31065,0.60054,-0.29256,0.14394,0.00407,-0.00000,0.00058,0.00016,-0.00203,1.33743,0.18195,-1.09176,0.09754,-0.17778,0.00688,0.58834,-0.13317,-0.45950,-0.05861,0.19856,0.00359,0.00020,0.00105,0.00026,6.000,6.000,12.000,12.000,6.000,6.000,6.000,6.000,12.000,12.000,6.000,6.000,6.000,6.000,6.000,6.000,0.004343,0.036929,0.004194,0.036771,0.004194,0.030545,0.004640,0.031019,0.000000,0.000217,0.000000,0.000000,0.722150,0.277850,0.000000,0.000000,0.000000,0.138892,0.143100
0.8800,-0.00067,0.04179,0.48144,1.00000,0.00009,0.00124,0.00129,0.00440,0.03073,0.31552,0.31445,0.00248,0.03694,2,0.03490,0.00248,0.034765,-0.00006,-0.5348,-0.0003,-0.0075,-0.0146,-0.3277,-0.0330,-0.4913,0,0.04900,0.01900,0.0037,0.0077,0.005966,0.074085,-0.0161,0.0608,45.8500,-0.0062,0.1033,46.6429,-0.0339,-0.1576,17.0178,0.0100,-0.0849,18.4148,0.001730,0.004451,45.8500,0.001756,0.004320,46.6429,-0.004562,-0.010027,17.0181,-0.004094,-0.009329,18.4148,-0.00376,-0.14305,-0.30944,0.59319,-0.28611,0.14046,-0.00188,-0.14262,-0.31008,0.59945,-0.29204,0.14478,0.00410,-0.00000,0.00058,0.00017,-0.00205,1.34748,0.18275,-1.09180,0.09790,-0.17985,0.00694,0.58991,-0.13366,-0.45704,-0.05884,0.20069,0.00360,0.00020,0.00104,0.00026,6.000,6.000,12.000,12.000,6.000,6.000,6.000,6.000,12.000,12.000,6.000,6.000,6.000,6.000,6.000,6.000,0.004343,0.037105,0.004194,0.036944,0.004194,0.030719,0.004639,0.031202,0.000000,0.000219,0.000000,0.000000,0.723457,0.276543,0.000000,0.000000,0.000000,0.139675,0.143941
0.8850,-0.00066,0.04203,0.48145,1.00000,0.00009,0.00124,0.00130,0.00440,0.03091,0.31552,0.31445,0.00247,0.03712,2,0.03490,0.00247,0.034765,-0.00006,-0.5338,-0.0003,-0.0075,-0.0147,-0.3278,-0.0329,-0.4911,0,0.04900,0.01900,0.0038,0.0079,0.005969,0.074121,-0.0160,0.0615,45.9339,-0.0063,0.1051,46.7259,-0.0339,-0.1593,16.9334,0.0099,-0.0865,18.3320,0.001732,0.004488,45.9339,0.001759,0.004356,46.7259,-0.004604,-0.010203,16.9337,-0.004130,-0.009486,18.3320,-0.00378,-0.14385,-0.30887,0.59206,-0.28554,0.14124,-0.00189,-0.14343,-0.30952,0.59835,-0.29151,0.14562,0.00413,-0.00000,0.00057,0.00017,-0.00207,1.35756,0.18355,-1.09182,0.09825,-0.18194,0.00700,0.59146,-0.13414,-0.45458,-0.05905,0.20284,0.00361,0.00020,0.00103,0.00026,6.000,6.000,12.000,12.000,6.000,6.000,6.000,6.000,12.000,12.000,6.000,6.000,6.000,6.000,6.000,6.000,0.004342,0.037282,0.004194,0.037118,0.004194,0.030894,0.004637,0.031384,0.000000,0.000220,0.000000,0.000000,0.724764,0.275236,0.000000,0.000000,0.000000,0.140456,0.144782
0.8900,-0.00065,0.04227,0.48145,1.00000,0.00009,0.00124,0.00130,0.00439,0.03109,0.31552,0.31445,0.00247,0.03729,2,0.03490,0.00247,0.034764,-0.00006,-0.5327,-0.0003,-0.0075,-0.0149,-0.3279,-0.0327,-0.4909,0,0.04900,0.01900,0.0038,0.0081,0.005972,0.074157,-0.0160,0.0623,46.0177,-0.0065,0.1070,46.8090,-0.0340,-0.1610,16.8489,0.0099,-0.0882,18.2491,0.001735,0.004527,46.0178,0.001761,0.004393,46.8090,-0.004646,-0.010381,16.8492,-0.004166,-0.009644,18.2491,-0.00381,-0.14466,-0.30830,0.59093,-0.28498,0.14202,-0.00190,-0.14424,-0.30895,0.59725,-0.29097,0.14646,0.00415,-0.00000,0.00057,0.00018,-0.00210,1.36766,0.18435,-1.09182,0.09861,-0.18404,0.00706,0.59298,-0.13462,-0.45212,-0.05927,0.20500,0.00363,0.00021,0.00102,0.00026,6.000,6.000,12.000,12.000,6.000,6.000,6.000,6.000,12.000,12.000,6.000,6.000,6.000,6.000,6.000,6.000,0.004342,0.037458,0.004194,0.037292,0.004194,0.031068,0.004636,0.031567,0.000000,0.000222,0.000000,0.000000,0.726071,0.273929,0.000000,0.000000,0.000000,0.141237,0.145623
0.8950,-0.00065,0.04251,0.48145,1.00000,0.00009,0.00124,0.00131,0.00439,0.03127,0.31552,0.31445,0.00247,0.03747,2,0.03490,0.00247,0.034764,-0.00006,-0.5316,-0.0003,-0.0075,-0.0150,-0.3279,-0.0325,-0.4907,0,0.04900,0.01900,0.0039,0.0083,0.005974,0.074193,-0.0160,0.0630,46.1016,-0.0066,0.1088,46.8921,-0.0340,-0.1628,16.7644,0.0098,-0.0898,18.1663,0.001737,0.004565,46.1016,0.001764,0.004429,46.8921,-0.004688,-0.010563,16.7648,-0.004203,-0.009805,18.1663,-0.00383,-0.14546,-0.30773,0.58978,-0.28441,0.14280,-0.00192,-0.14505,-0.30837,0.59614,-0.29044,0.14730,0.00418,-0.00000,0.00056,0.00018,-0.00212,1.37779,0.18514,-1.09180,0.09897,-0.18615,0.00712,0.59448,-0.13510,-0.44967,-0.05948,0.20717,0.00364,0.00021,0.00102,0.00026,6.000,6.000,12.000,12.000,6.000,6.000,6.000,6.000,12.000,12.000,6.000,6.000,6.000,6.000,6.000,6.000,0.004341,0.037635,0.004194,0.037466,0.004194,0.031243,0.004634,0.031749,0.000000,0.000224,0.000000,0.000000,0.727378,0.272622,0.000000,0.000000,0.000000,0.142018,0.146464
0.9000,-0.00064,0.04275,0.48145,1.00000,0.00009,0.00124,0.00132,0.00439,0.03145,0.31552,0.31445,0.00247,0.03764,2,0.03490,0.00247,0.034764,-0.00006,-0.5306,-0.0003,-0.0075,-0.0152,-0.3280,-0.0323,-0.4904,0,0.04900,0.01900,0.0039,0.0085,0.005977,0.074229,-0.0160,0.0638,46.1855,-0.0068,0.1107,46.9751,-0.0340,-0.1645,16.6799,0.0098,-0.0915,18.0834,0.001739,0.004603,46.1855,0.001766,0.004465,46.9751,-0.004731,-0.010746,16.6803,-0.004240,-0.009968,18.0834,-0.00385,-0.14626,-0.30715,0.58863,-0.28383,0.14358,-0.00193,-0.14585,-0.30779,0.59502,-0.28990,0.14815,0.00420,-0.00000,0.00056,0.00019,-0.00214,1.38794,0.18592,-1.09176,0.09932,-0.18828,0.00717,0.59595,-0.13556,-0.44722,-0.05969,0.20936,0.00365,0.00021,0.00101,0.00026,6.000,6.000,12.000,12.000,6.000,6.000,6.000,6.000,12.000,12.000,6.000,6.000,6.000,6.000,6.000,6.000,0.004341,0.037811,0.004194,0.037640,0.004194,0.031417,0.004633,0.031932,0.000000,0.000225,0.000000,0.000000,0.728685,0.271315,0.000000,0.000000,0.000000,0.142798,0.147305
0.9050,-0.00063,0.04299,0.48145,1.00000,0.00009,0.00124,0.00133,0.00439,0.03162,0.31552,0.31445,0.00247,0.03781,2,0.03490,0.00247,0.034763,-0.00006,-0.5296,-0.0003,-0.0075,-0.0153,-0.3281,-0.0322,-0.4902,0,0.04900,0.01900,0.0040,0.0087,0.005979,0.074265,-0.0159,0.0646,46.2693,-0.0069,0.1125,47.0582,-0.0340,-0.1663,16.5954,0.0097,-0.0931,18.0005,0.001742,0.004642,46.2693,0.001768,0.004502,47.0582,-0.004774,-0.010933,16.5958,-0.004277,-0.010133,18.0005,-0.00387,-0.14706,-0.30657,0.58747,-0.28326,0.14436,-0.00194,-0.14666,-0.30721,0.59389,-0.28935,0.14899,0.00423,-0.00000,0.00055,0.00019,-0.00216,1.39812,0.18670,-1.09170,0.09967,-0.19042,0.00723,0.59739,-0.13602,-0.44477,-0.05989,0.21155,0.00366,0.00021,0.00100,0.00026,6.000,6.000,12.000,12.000,6.000,6.000,6.000,6.000,12.000,12.000,6.000,6.000,6.000,6.000,6.000,6.000,0.004340,0.037988,0.004194,0.037813,0.004194,0.031592,0.004632,0.032115,0.000000,0.000227,0.000000,0.000000,0.729993,0.270007,0.000000,0.000000,0.000000,0.143578,0.148146
0.9100,-0.00062,0.04323,0.48145,1.00000,0.00009,0.00124,0.00134,0.00439,0.03180,0.31552,0.31445,0.00247,0.03799,2,0.03490,0.00247,0.034763,-0.00006,-0.5285,-0.0003,-0.0075,-0.0155,-0.3282,-0.0320,-0.4900,0,0.04900,0.01900,0.0041,0.0089,0.005982,0.074302,-0.0159,0.0653,46.3532,-0.0071,0.1144,47.1413,-0.0340,-0.1680,16.5109,0.0097,-0.0948,17.9177,0.001744,0.004680,46.3532,0.001771,0.004539,47.1413,-0.004818,-0.011122,16.5113,-0.004314,-0.010300,17.9177,-0.00389,-0.14787,-0.30598,0.58631,-0.28268,0.14514,-0.00195,-0.14747,-0.30662,0.59276,-0.28881,0.14983,0.00425,-0.00000,0.00054,0.00020,-0.00218,1.40832,0.18748,-1.09162,0.10002,-0.19256,0.00729,0.59881,-0.13648,-0.44233,-0.06009,0.21376,0.00367,0.00021,0.00099,0.00027,6.000,6.000,12.000,12.000,6.000,6.000,6.000,6.000,12.000,12.000,6.000,6.000,6.000,6.000,6.000,6.000,0.004340,0.038164,0.004194,0.037987,0.004194,0.031767,0.004630,0.032297,0.000000,0.000229,0.000000,0.000000,0.731300,0.268700,0.000000,0.000000,0.000000,0.144357,0.148986
0.9150,-0.00061,0.04347,0.48145,1.00000,0.00009,0.00124,0.00135,0.00439,0.03198,0.31552,0.31445,0.00247,0.03816,2,0.03490,0.00247,0.034763,-0.00006,-0.5275,-0.0003,-0.0075,-0.0156,-0.3283,-0.0318,-0.4898,0,0.04900,0.01900,0.0041,0.0091,0.005984,0.074338,-0.0159,0.0661,46.4370,-0.0072,0.1162,47.2244,-0.0341,-0.1698,16.4263,0.0096,-0.0965,17.8348,0.001746,0.004719,46.4370,0.001773,0.004575,47.2244,-0.004861,-0.011314,16.4267,-0.004351,-0.010469,17.8348,-0.00392,-0.14867,-0.30539,0.58513,-0.28209,0.14591,-0.00197,-0.14828,-0.30603,0.59161,-0.28826,0.15067,0.00428,-0.00000,0.00054,0.00020,-0.00220,1.41855,0.18825,-1.09152,0.10037,-0.19473,0.00735,0.60021,-0.13692,-0.43989,-0.06028,0.21599,0.00369,0.00021,0.00098,0.00027,6.000,6.000,12.000,12.000,6.000,6.000,6.000,6.000,12.000,12.000,6.000,6.000,6.000,6.000,6.000,6.000,0.004339,0.038340,0.004194,0.038161,0.004194,0.031941,0.004629,0.032480,0.000000,0.000231,0.000000,0.000000,0.732608,0.267392,0.000000,0.000000,0.000000,0.145136,0.149826
0.9200,-0.00060,0.04371,0.48145,1.00000,0.00009,0.00124,0.00135,0.00439,0.03216,0.31552,0.31445,0.00247,0.03833,2,0.03490,0.00247,0.034762,-0.00006,-0.5264,-0.0003,-0.0075,-0.0158,-0.3285,-0.0316,-0.4896,0,0.04900,0.01900,0.0042,0.0093,0.005986,0.074375,-0.0158,0.0669,46.5208,-0.0073,0.1181,47.3074,-0.0341,-0.1716,16.3418,0.0096,-0.0982,17.7519,0.001748,0.004758,46.5208,0.001775,0.004612,47.3074,-0.004905,-0.011508,16.3422,-0.004389,-0.010641,17.7519,-0.00394,-0.14947,-0.30479,0.58395,-0.28150,0.14669,-0.00198,-0.14908,-0.30544,0.59046,-0.28770,0.15151,0.00431,-0.00000,0.00053,0.00021,-0.00222,1.42880,0.18901,-1.09140,0.10071,-0.19690,0.00741,0.60158,-0.13736,-0.43745,-0.06047,0.21822,0.00370,0.00021,0.00098,0.00027,6.000,6.000,12.000,12.000,6.000,6.000,6.000,6.000,12.000,12.000,6.000,6.000,6.000,6.000,6.000,6.000,0.004339,0.038517,0.004194,0.038335,0.004194,0.032116,0.004627,0.032662,0.000000,0.000232,0.000000,0.000000,0.733916,0.266084,0.000000,0.000000,0.000000,0.145914,0.150666
0.9250,-0.00060,0.04395,0.48145,1.00000,0.00009,0.00124,0.00136,0.00438,0.03233,0.31552,0.31445,0.00247,0.03851,2,0.03490,0.00247,0.034762,-0.00006,-0.5254,-0.0003,-0.0075,-0.0160,-0.3286,-0.0314,-0.4894,0,0.04900,0.01900,0.0042,0.0095,0.005988,0.074412,-0.0158,0.0676,46.6047,-0.0075,0.1200,47.3905,-0.0341,-0.1734,16.2572,0.0096,-0.0999,17.6691,0.001750,0.004797,46.6047,0.001777,0.004649,47.3905,-0.004949,-0.011706,16.2576,-0.004426,-0.010815,17.6691,-0.00396,-0.15027,-0.30419,0.58276,-0.28091,0.14747,-0.00199,-0.14989,-0.30484,0.58930,-0.28714,0.15235,0.00433,-0.00000,0.00052,0.00021,-0.00224,1.43908,0.18977,-1.09126,0.10106,-0.19909,0.00747,0.60292,-0.13780,-0.43501,-0.06066,0.22047,0.00371,0.00021,0.00097,0.00027,6.000,6.000,12.000,12.000,6.000,6.000,6.000,6.000,12.000,12.000,6.000,6.000,6.000,6.000,6.000,6.000,0.004338,0.038693,0.004194,0.038508,0.004194,0.032290,0.004626,0.032845,0.000000,0.000234,0.000000,0.000000,0.735223,0.264777,0.000000,0.000000,0.000000,0.146692,0.151506
0.9300,-0.00059,0.04419,0.48145,1.00000,0.00009,0.00123,0.00137,0.00438,0.03251,0.31552,0.31445,0.00247,0.03868,2,0.03490,0.00247,0.034762,-0.00006,-0.5244,-0.0003,-0.0075,-0.0161,-0.3287,-0.0312,-0.4891,0,0.04900,0.01900,0.0043,0.0097,0.005990,0.074449,-0.0158,0.0684,46.6885,-0.0076,0.1218,47.4736,-0.0341,-0.1753,16.1726,0.0095,-0.1016,17.5862,0.001752,0.004836,46.6885,0.001779,0.004687,47.4736,-0.004994,-0.011906,16.1730,-0.004464,-0.010991,17.5862,-0.00398,-0.15107,-0.30359,0.58156,-0.28031,0.14825,-0.00200,-0.15070,-0.30423,0.58814,-0.28658,0.15319,0.00436,-0.00000,0.00052,0.00021,-0.00226,1.44938,0.19052,-1.09110,0.10140,-0.20128,0.00752,0.60424,-0.13822,-0.43258,-0.06085,0.22273,0.00372,0.00022,0.00096,0.00027,6.000,6.000,12.000,12.000,6.000,6.000,6.000,6.000,12.000,12.000,6.000,6.000,6.000,6.000,6.000,6.000,0.004338,0.038870,0.004194,0.038682,0.004194,0.032465,0.004624,0.033028,0.000000,0.000236,0.000000,0.000000,0.736531,0.263469,0.000000,0.000000,0.000000,0.147469,0.152346
0.9350,-0.00058,0.04443,0.48145,1.00000,0.00009,0.00123,0.00138,0.00438,0.03269,0.31552,0.31445,0.00247,0.03886,2,0.03491,0.00247,0.034761,-0.00006,-0.5233,-0.0003,-0.0075,-0.0163,-0.3288,-0.0310,-0.4889,0,0.04900,0.01900,0.0043,0.0099,0.005993,0.074486,-0.0157,0.0692,46.7723,-0.0078,0.1237,47.5567,-0.0341,-0.1771,16.0880,0.0095,-0.1033,17.5033,0.001753,0.004875,46.7723,0.001781,0.004724,47.5567,-0.005039,-0.012109,16.0884,-0.004502,-0.011170,17.5033,-0.00400,-0.15187,-0.30298,0.58035,-0.27972,0.14902,-0.00201,-0.15150,-0.30362,0.58696,-0.28602,0.15402,0.00438,-0.00000,0.00051,0.00022,-0.00228,1.45970,0.19127,-1.09092,0.10174,-0.20349,0.00758,0.60553,-0.13864,-0.43016,-0.06102,0.22501,0.00373,0.00022,0.00095,0.00027,6.000,6.000,12.000,12.000,6.000,6.000,6.000,6.000,12.000,12.000,6.000,6.000,6.000,6.000,6.000,6.000,0.004337,0.039046,0.004194,0.038855,0.004194,0.032639,0.004623,0.033210,0.000000,0.000238,0.000000,0.000000,0.737840,0.262160,0.000000,0.000000,0.000000,0.148246,0.153185
0.9400,-0.00057,0.04467,0.48145,1.00000,0.00009,0.00123,0.00138,0.00438,0.03287,0.31553,0.31445,0.00247,0.03903,2,0.03491,0.00247,0.034761,-0.00006,-0.5223,-0.0003,-0.0075,-0.0164,-0.3290,-0.0308,-0.4887,0,0.04900,0.01900,0.0044,0.0101,0.005994,0.074523,-0.0157,0.0700,46.8560,-0.0079,0.1256,47.6398,-0.0341,-0.1789,16.0033,0.0094,-0.1051,17.4204,0.001755,0.004915,46.8561,0.001783,0.004762,47.6398,-0.005084,-0.012315,16.0037,-0.004541,-0.011351,17.4204,-0.00402,-0.15267,-0.30237,0.57913,-0.27911,0.14980,-0.00203,-0.15231,-0.30301,0.58578,-0.28545,0.15486,0.00441,-0.00000,0.00050,0.00022,-0.00230,1.47005,0.19201,-1.09072,0.10208,-0.20572,0.00764,0.60680,-0.13906,-0.42773,-0.06120,0.22729,0.00375,0.00022,0.00094,0.00027,6.000,6.000,12.000,12.000,6.000,6.000,6.000,6.000,12.000,12.000,6.000,6.000,6.000,6.000,6.000,6.000,0.004337,0.039222,0.004194,0.039029,0.004194,0.032814,0.004622,0.033393,0.000000,0.000240,0.000000,0.000000,0.739148,0.260852,0.000000,0.000000,0.000000,0.149023,0.154025
0.9450,-0.00056,0.04491,0.48145,1.00000,0.00009,0.00123,0.00139,0.00438,0.03304,0.31553,0.31445,0.00247,0.03920,2,0.03491,0.00247,0.034761,-0.00006,-0.5213,-0.0003,-0.0075,-0.0166,-0.3291,-0.0306,-0.4885,0,0.04900,0.01900,0.0045,0.0103,0.005996,0.074560,-0.0156,0.0708,46.9398,-0.0080,0.1275,47.7228,-0.0341,-0.1808,15.9186,0.0094,-0.1068,17.3376,0.001757,0.004954,46.9398,0.001785,0.004799,47.7228,-0.005129,-0.012524,15.9191,-0.004579,-0.011535,17.3376,-0.00405,-0.15347,-0.30175,0.57791,-0.27850,0.15057,-0.00204,-0.15311,-0.30239,0.58458,-0.28487,0.15570,0.00443,-0.00001,0.00049,0.00023,-0.00232,1.48043,0.19274,-1.09049,0.10241,-0.20795,0.00770,0.60804,-0.13946,-0.42531,-0.06137,0.22959,0.00376,0.00022,0.00094,0.00027,6.000,6.000,12.000,12.000,6.000,6.000,6.000,6.000,12.000,12.000,6.000,6.000,6.000,6.000,6.000,6.000,0.004336,0.039398,0.004194,0.039203,0.004194,0.032988,0.004620,0.033576,0.000000,0.000242,0.000000,0.000000,0.740456,0.259544,0.000000,0.000000,0.000000,0.149799,0.154864
0.9500,-0.00055,0.04515,0.48145,1.00000,0.00009,0.00123,0.00140,0.00438,0.03322,0.31553,0.31445,0.00247,0.03938,2,0.03491,0.00247,0.034760,-0.00006,-0.5203,-0.0003,-0.0075,-0.0168,-0.3292,-0.0304,-0.4883,0,0.04900,0.01900,0.0045,0.0105,0.005998,0.074598,-0.0156,0.0715,47.0236,-0.0082,0.1293,47.8059,-0.0341,-0.1827,15.8340,0.0094,-0.1085,17.2547,0.001758,0.004994,47.0236,0.001787,0.004837,47.8059,-0.005175,-0.012736,15.8344,-0.004618,-0.011721,17.2547,-0.00407,-0.15427,-0.30113,0.57667,-0.27789,0.15135,-0.00205,-0.15392,-0.30177,0.58338,-0.28429,0.15654,0.00446,-0.00001,0.00049,0.00023,-0.00234,1.49083,0.19348,-1.09024,0.10275,-0.21020,0.00775,0.60926,-0.13986,-0.42290,-0.06154,0.23191,0.00377,0.00022,0.00093,0.00027,6.000,6.000,12.000,12.000,6.000,6.000,6.000,6.000,12.000,12.000,6.000,6.000,6.000,6.000,6.000,6.000,0.004336,0.039575,0.004194,0.039376,0.004194,0.033163,0.004619,0.033758,0.000000,0.000244,0.000000,0.000000,0.741765,0.258235,0.000000,0.000000,0.000000,0.150574,0.155703
0.9550,-0.00054,0.04539,0.48145,1.00000,0.00009,0.00123,0.00141,0.00438,0.03340,0.31553,0.31445,0.00247,0.03955,2,0.03491,0.00247,0.034760,-0.00006,-0.5192,-0.0003,-0.0075,-0.0169,-0.3294,-0.0302,-0.4881,0,0.04900,0.01900,0.0046,0.0107,0.006000,0.074635,-0.0156,0.0723,47.1074,-0.0083,0.1312,47.8890,-0.0341,-0.1846,15.7492,0.0093,-0.1103,17.1718,0.001760,0.005033,47.1074,0.001789,0.004875,47.8890,-0.005221,-0.012951,15.7497,-0.004657,-0.011909,17.1718,-0.00409,-0.15507,-0.30050,0.57543,-0.27728,0.15212,-0.00206,-0.15472,-0.30114,0.58218,-0.28371,0.15738,0.00449,-0.00001,0.00048,0.00024,-0.00236,1.50126,0.19420,-1.08998,0.10308,-0.21246,0.00781,0.61045,-0.14025,-0.42048,-0.06170,0.23423,0.00378,0.00022,0.00092,0.00027,6.000,6.000,12.000,12.000,6.000,6.000,6.000,6.000,12.000,12.000,6.000,6.000,6.000,6.000,6.000,6.000,0.004335,0.039751,0.004194,0.039550,0.004194,0.033337,0.004618,0.033941,0.000000,0.000246,0.000000,0.000000,0.743073,0.256927,0.000000,0.000000,0.000000,0.151349,0.156542
0.9600,-0.00053,0.04563,0.48145,1.00000,0.00009,0.00123,0.00142,0.00438,0.03358,0.31553,0.31445,0.00247,0.03972,2,0.03491,0.00247,0.034760,-0.00006,-0.5182,-0.0003,-0.0075,-0.0171,-0.3295,-0.0300,-0.4879,0,0.04900,0.01900,0.0046,0.0110,0.006002,0.074673,-0.0155,0.0731,47.1911,-0.0084,0.1331,47.9721,-0.0341,-0.1865,15.6645,0.0093,-0.1121,17.0889,0.001761,0.005073,47.1912,0.001790,0.004913,47.9721,-0.005267,-0.013169,15.6650,-0.004696,-0.012101,17.0889,-0.00411,-0.15587,-0.29987,0.57418,-0.27666,0.15290,-0.00207,-0.15553,-0.30051,0.58096,-0.28313,0.15822,0.00451,-0.00001,0.00047,0.00024,-0.00238,1.51171,0.19492,-1.08969,0.10341,-0.21473,0.00787,0.61161,-0.14064,-0.41807,-0.06186,0.23657,0.00380,0.00022,0.00091,0.00027,6.000,6.000,12.000,12.000,6.000,6.000,6.000,6.000,12.000,12.000,6.000,6.000,6.000,6.000,6.000,6.000,0.004335,0.039927,0.004194,0.039723,0.004194,0.033512,0.004616,0.034124,0.000000,0.000248,0.000000,0.000000,0.744382,0.255618,0.000000,0.000000,0.000000,0.152123,0.157381
0.9650,-0.00052,0.04587,0.48145,1.00000,0.00009,0.00123,0.00142,0.00438,0.03375,0.31553,0.31445,0.00247,0.03990,2,0.03491,0.00247,0.034759,-0.00006,-0.5172,-0.0003,-0.0075,-0.0173,-0.3297,-0.0298,-0.4877,0,0.04900,0.01900,0.0047,0.0112,0.006003,0.074711,-0.0155,0.0739,47.2749,-0.0086,0.1350,48.0552,-0.0341,-0.1884,15.5798,0.0093,-0.1138,17.0060,0.001763,0.005113,47.2749,0.001792,0.004951,48.0552,-0.005314,-0.013391,15.5802,-0.004735,-0.012294,17.0060,-0.00413,-0.15666,-0.29923,0.57292,-0.27603,0.15367,-0.00208,-0.15633,-0.29987,0.57973,-0.28254,0.15906,0.00454,-0.00001,0.00046,0.00025,-0.00240,1.52219,0.19563,-1.08938,0.10374,-0.21701,0.00793,0.61275,-0.14102,-0.41567,-0.06202,0.23892,0.00381,0.00022,0.00090,0.00027,6.000,6.000,12.000,12.000,6.000,6.000,6.000,6.000,12.000,12.000,6.000,6.000,6.000,6.000,6.000,6.000,0.004335,0.040103,0.004194,0.039897,0.004194,0.033686,0.004615,0.034307,0.000000,0.000250,0.000000,0.000000,0.745691,0.254309,0.000000,0.000000,0.000000,0.152897,0.158220
0.9700,-0.00051,0.04611,0.48145,1.00000,0.00009,0.00123,0.00143,0.00437,0.03393,0.31553,0.31445,0.00246,0.04007,2,0.03491,0.00246,0.034759,-0.00006,-0.5162,-0.0003,-0.0075,-0.0174,-0.3298,-0.0295,-0.4875,0,0.04900,0.01900,0.0047,0.0114,0.006005,0.074749,-0.0154,0.0747,47.3586,-0.0087,0.1369,48.1384,-0.0341,-0.1903,15.4950,0.0093,-0.1156,16.9231,0.001764,0.005154,47.3587,0.001793,0.004989,48.1384,-0.005361,-0.013615,15.4955,-0.004775,-0.012491,16.9231,-0.00415,-0.15746,-0.29859,0.57166,-0.27541,0.15444,-0.00209,-0.15714,-0.29923,0.57850,-0.28194,0.15990,0.00456,-0.00001,0.00045,0.00025,-0.00242,1.53269,0.19634,-1.08904,0.10406,-0.21931,0.00798,0.61387,-0.14138,-0.41327,-0.06217,0.24128,0.00382,0.00022,0.00089,0.00027,6.000,6.000,12.000,12.000,6.000,6.000,6.000,6.000,12.000,12.000,6.000,6.000,6.000,6.000,6.000,6.000,0.004334,0.040279,0.004194,0.040070,0.004194,0.033861,0.004614,0.034489,0.000000,0.000252,0.000000,0.000000,0.747001,0.252999,0.000000,0.000000,0.000000,0.153671,0.159059
0.9750,-0.00050,0.04635,0.48145,1.00000,0.00009,0.00123,0.00144,0.00437,0.03411,0.31553,0.31445,0.00246,0.04024,2,0.03491,0.00246,0.034759,-0.00006,-0.5152,-0.0003,-0.0075,-0.0176,-0.3300,-0.0293,-0.4873,0,0.04900,0.01900,0.0048,0.0117,0.006006,0.074787,-0.0154,0.0755,47.4424,-0.0088,0.1388,48.2215,-0.0341,-0.1922,15.4102,0.0092,-0.1174,16.8401,0.001765,0.005194,47.4424,0.001795,0.005028,48.2215,-0.005408,-0.013843,15.4107,-0.004815,-0.012690,16.8401,-0.00418,-0.15826,-0.29795,0.57038,-0.27477,0.15522,-0.00210,-0.15794,-0.29859,0.57725,-0.28134,0.16074,0.00459,-0.00001,0.00044,0.00026,-0.00243,1.54322,0.19704,-1.08869,0.10439,-0.22162,0.00804,0.61496,-0.14175,-0.41087,-0.06231,0.24366,0.00384,0.00023,0.00088,0.00027,6.000,6.000,12.000,12.000,6.000,6.000,6.000,6.000,12.000,12.000,6.000,6.000,6.000,6.000,6.000,6.000,0.004334,0.040456,0.004194,0.040243,0.004194,0.034036,0.004612,0.034672,0.000000,0.000254,0.000000,0.000000,0.748310,0.251690,0.000000,0.000000,0.000000,0.154444,0.159897
0.9800,-0.00049,0.04659,0.48145,1.00000,0.00008,0.00123,0.00145,0.00437,0.03429,0.31553,0.31445,0.00246,0.04042,2,0.03491,0.00246,0.034759,-0.00006,-0.5142,-0.0003,-0.0075,-0.0178,-0.3301,-0.0291,-0.4871,0,0.04900,0.01900,0.0049,0.0119,0.006008,0.074825,-0.0153,0.0763,47.5261,-0.0090,0.1407,48.3046,-0.0341,-0.1942,15.3253,0.0092,-0.1192,16.7572,0.001767,0.005234,47.5261,0.001796,0.005066,48.3046,-0.005456,-0.014075,15.3258,-0.004854,-0.012892,16.7572,-0.00420,-0.15906,-0.29730,0.56909,-0.27414,0.15599,-0.00211,-0.15874,-0.29794,0.57600,-0.28074,0.16157,0.00461,-0.00001,0.00043,0.00026,-0.00245,1.55377,0.19774,-1.08831,0.10471,-0.22394,0.00810,0.61602,-0.14210,-0.40848,-0.06246,0.24605,0.00385,0.00023,0.00087,0.00027,6.000,6.000,12.000,12.000,6.000,6.000,6.000,6.000,12.000,12.000,6.000,6.000,6.000,6.000,6.000,6.000,0.004333,0.040632,0.004194,0.040417,0.004194,0.034210,0.004611,0.034855,0.000000,0.000256,0.000000,0.000000,0.749619,0.250381,0.000000,0.000000,0.000000,0.155216,0.160735
0.9850,-0.00048,0.04682,0.48145,1.00000,0.00008,0.00123,0.00145,0.00437,0.03446,0.31553,0.31445,0.00246,0.04059,2,0.03491,0.00246,0.034758,-0.00006,-0.5132,-0.0003,-0.0075,-0.0180,-0.3303,-0.0288,-0.4869,0,0.04900,0.01900,0.0049,0.0121,0.006009,0.074864,-0.0153,0.0771,47.6098,-0.0091,0.1426,48.3877,-0.0341,-0.1962,15.2405,0.0092,-0.1210,16.6743,0.001768,0.005275,47.6099,0.001797,0.005105,48.3877,-0.005504,-0.014310,15.2410,-0.004895,-0.013096,16.6743,-0.00422,-0.15985,-0.29664,0.56780,-0.27350,0.15676,-0.00212,-0.15954,-0.29729,0.57474,-0.28014,0.16241,0.00464,-0.00001,0.00043,0.00027,-0.00247,1.56435,0.19843,-1.08791,0.10502,-0.22627,0.00815,0.61706,-0.14245,-0.40609,-0.06260,0.24845,0.00386,0.00023,0.00086,0.00027,6.000,6.000,12.000,12.000,6.000,6.000,6.000,6.000,12.000,12.000,6.000,6.000,6.000,6.000,6.000,6.000,0.004333,0.040808,0.004194,0.040590,0.004194,0.034385,0.004610,0.035038,0.000000,0.000258,0.000000,0.000000,0.750929,0.249071,0.000000,0.000000,0.000000,0.155988,0.161573
0.9900,-0.00047,0.04706,0.48146,1.00000,0.00008,0.00123,0.00146,0.00437,0.03464,0.31553,0.31445,0.00246,0.04076,2,0.03491,0.00246,0.034758,-0.00006,-0.5122,-0.0003,-0.0074,-0.0181,-0.3305,-0.0286,-0.4868,0,0.04900,0.01900,0.0050,0.0124,0.006010,0.074902,-0.0153,0.0779,47.6936,-0.0092,0.1445,48.4709,-0.0341,-0.1981,15.1556,0.0092,-0.1228,16.5914,0.001769,0.005316,47.6936,0.001798,0.005144,48.4709,-0.005552,-0.014548,15.1561,-0.004935,-0.013303,16.5914,-0.00424,-0.16065,-0.29598,0.56650,-0.27285,0.15753,-0.00214,-0.16035,-0.29663,0.57347,-0.27953,0.16325,0.00466,-0.00001,0.00042,0.00027,-0.00248,1.57495,0.19911,-1.08748,0.10534,-0.22862,0.00821,0.61808,-0.14279,-0.40370,-0.06273,0.25087,0.00388,0.00023,0.00085,0.00027,6.000,6.000,12.000,12.000,6.000,6.000,6.000,6.000,12.000,12.000,6.000,6.000,6.000,6.000,6.000,6.000,0.004332,0.040984,0.004194,0.040763,0.004194,0.034559,0.004608,0.035221,0.000000,0.000260,0.000000,0.000000,0.752239,0.247761,0.000000,0.000000,0.000000,0.156760,0.162411
0.9950,-0.00046,0.04730,0.48146,1.00000,0.00008,0.00123,0.00147,0.00437,0.03482,0.31553,0.31445,0.00246,0.04094,2,0.03491,0.00246,0.034758,-0.00006,-0.5112,-0.0003,-0.0074,-0.0183,-0.3307,-0.0284,-0.4866,0,0.04900,0.01900,0.0050,0.0126,0.006012,0.074941,-0.0152,0.0786,47.7773,-0.0094,0.1464,48.5540,-0.0341,-0.2001,15.0707,0.0092,-0.1246,16.5084,0.001770,0.005356,47.7773,0.001800,0.005183,48.5540,-0.005600,-0.014790,15.0712,-0.004976,-0.013514,16.5084,-0.00426,-0.16144,-0.29532,0.56519,-0.27221,0.15830,-0.00215,-0.16115,-0.29596,0.57219,-0.27891,0.16409,0.00469,-0.00001,0.00041,0.00028,-0.00250,1.58558,0.19979,-1.08704,0.10566,-0.23097,0.00826,0.61907,-0.14312,-0.40132,-0.06286,0.25330,0.00389,0.00023,0.00085,0.00027,6.000,6.000,12.000,12.000,6.000,6.000,6.000,6.000,12.000,12.000,6.000,6.000,6.000,6.000,6.000,6.000,0.004332,0.041160,0.004194,0.040937,0.004194,0.034734,0.004607,0.035404,0.000000,0.000262,0.000000,0.000000,0.753549,0.246451,0.000000,0.000000,0.000000,0.157531,0.163249
1.0000,-0.00045,0.04754,0.48146,1.00000,0.00008,0.00123,0.00147,0.00437,0.03499,0.31553,0.31445,0.00246,0.04111,2,0.03491,0.00246,0.034757,-0.00006,-0.5102,-0.0003,-0.0074,-0.0185,-0.3309,-0.0281,-0.4864,0,0.04900,0.01900,0.0051,0.0129,0.006013,0.074979,-0.0152,0.0794,47.8610,-0.0095,0.1483,48.6371,-0.0341,-0.2021,14.9858,0.0092,-0.1264,16.4255,0.001770,0.005397,47.8610,0.001801,0.005222,48.6371,-0.005649,-0.015035,14.9863,-0.005016,-0.013727,16.4255,-0.00428,-0.16224,-0.29465,0.56386,-0.27155,0.15907,-0.00216,-0.16195,-0.29529,0.57090,-0.27829,0.16492,0.00472,-0.00001,0.00040,0.00028,-0.00252,1.59623,0.20046,-1.08657,0.10597,-0.23334,0.00832,0.62003,-0.14345,-0.39895,-0.06298,0.25574,0.00390,0.00023,0.00084,0.00027,6.000,6.000,12.000,12.000,6.000,6.000,6.000,6.000,12.000,12.000,6.000,6.000,6.000,6.000,6.000,6.000,0.004331,0.041336,0.004194,0.041110,0.004194,0.034908,0.004606,0.035587,0.000000,0.000264,0.000000,0.000000,0.754860,0.245140,0.000000,0.000000,0.000000,0.158302,0.164087
1.0050,-0.00044,0.04778,0.48146,1.00000,0.00008,0.00123,0.00148,0.00437,0.03517,0.31553,0.31445,0.00246,0.04128,2,0.03491,0.00246,0.034757,-0.00006,-0.5092,-0.0003,-0.0074,-0.0187,-0.3310,-0.0279,-0.4862,0,0.04900,0.01900,0.0051,0.0131,0.006014,0.075018,-0.0151,0.0802,47.9447,-0.0096,0.1502,48.7203,-0.0341,-0.2042,14.9008,0.0091,-0.1283,16.3425,0.001771,0.005438,47.9447,0.001802,0.005261,48.7203,-0.005699,-0.015284,14.9014,-0.005058,-0.013943,16.3425,-0.00430,-0.16303,-0.29398,0.56253,-0.27090,0.15984,-0.00217,-0.16275,-0.29462,0.56961,-0.27767,0.16576,0.00474,-0.00001,0.00039,0.00029,-0.00253,1.60691,0.20113,-1.08608,0.10628,-0.23573,0.00838,0.62097,-0.14376,-0.39658,-0.06311,0.25819,0.00392,0.00023,0.00083,0.00027,6.000,6.000,12.000,12.000,6.000,6.000,6.000,6.000,12.000,12.000,6.000,6.000,6.000,6.000,6.000,6.000,0.004331,0.041512,0.004194,0.041283,0.004194,0.035083,0.004604,0.035770,0.000000,0.000267,0.000000,0.000000,0.756170,0.243830,0.000000,0.000000,0.000000,0.159072,0.164924
1.0100,-0.00043,0.04802,0.48146,1.00000,0.00008,0.00123,0.00149,0.00437,0.03535,0.31553,0.31445,0.00246,0.04146,2,0.03491,0.00246,0.034757,-0.00005,-0.5082,-0.0003,-0.0074,-0.0189,-0.3312,-0.0276,-0.4860,0,0.04900,0.01900,0.0052,0.0134,0.006015,0.075057,-0.0151,0.0810,48.0284,-0.0097,0.1521,48.8035,-0.0340,-0.2062,14.8158,0.0091,-0.1301,16.2596,0.001772,0.005479,48.0284,0.001802,0.005300,48.8035,-0.005748,-0.015537,14.8164,-0.005099,-0.014162,16.2596,-0.00432,-0.16383,-0.29330,0.56120,-0.27023,0.16061,-0.00218,-0.16355,-0.29394,0.56830,-0.27704,0.16660,0.00477,-0.00001,0.00038,0.00029,-0.00255,1.61762,0.20179,-1.08556,0.10658,-0.23812,0.00843,0.62188,-0.14407,-0.39421,-0.06322,0.26066,0.00393,0.00023,0.00082,0.00027,6.000,6.000,12.000,12.000,6.000,6.000,6.000,6.000,12.000,12.000,6.000,6.000,6.000,6.000,6.000,6.000,0.004331,0.041688,0.004194,0.041456,0.004194,0.035257,0.004603,0.035953,0.000000,0.000269,0.000000,0.000000,0.757481,0.242519,0.000000,0.000000,0.000000,0.159842,0.165762
1.0150,-0.00042,0.04826,0.48146,1.00000,0.00008,0.00123,0.00150,0.00436,0.03552,0.31553,0.31445,0.00246,0.04163,2,0.03491,0.00246,0.034756,-0.00005,-0.5072,-0.0003,-0.0074,-0.0191,-0.3314,-0.0273,-0.4858,0,0.04900,0.01900,0.0053,0.0136,0.006016,0.075096,-0.0150,0.0818,48.1121,-0.0099,0.1540,48.8866,-0.0340,-0.2082,14.7308,0.0091,-0.1320,16.1766,0.001773,0.005521,48.1121,0.001803,0.005340,48.8866,-0.005799,-0.015793,14.7314,-0.005140,-0.014384,16.1766,-0.00434,-0.16462,-0.29261,0.55985,-0.26957,0.16138,-0.00218,-0.16435,-0.29326,0.56699,-0.27641,0.16744,0.00479,-0.00001,0.00037,0.00030,-0.00256,1.62835,0.20245,-1.08502,0.10689,-0.24053,0.00849,0.62277,-0.14437,-0.39185,-0.06333,0.26314,0.00394,0.00023,0.00081,0.00027,6.000,6.000,12.000,12.000,6.000,6.000,6.000,6.000,12.000,12.000,6.000,6.000,6.000,6.000,6.000,6.000,0.004330,0.041864,0.004194,0.041629,0.004194,0.035432,0.004602,0.036136,0.000000,0.000271,0.000000,0.000000,0.758792,0.241208,0.000000,0.000000,0.000000,0.160611,0.166599
1.0200,-0.00041,0.04850,0.48146,1.00000,0.00008,0.00123,0.00150,0.00436,0.03570,0.31553,0.31445,0.00246,0.04180,2,0.03491,0.00246,0.034756,-0.00005,-0.5063,-0.0003,-0.0074,-0.0193,-0.3316,-0.0271,-0.4856,0,0.04900,0.01900,0.0053,0.0139,0.006017,0.075135,-0.0149,0.0826,48.1958,-0.0100,0.1559,48.9698,-0.0340,-0.2103,14.6457,0.0091,-0.1338,16.0936,0.001773,0.005562,48.1958,0.001804,0.005379,48.9698,-0.005849,-0.016054,14.6463,-0.005182,-0.014609,16.0936,-0.00436,-0.16542,-0.29192,0.55849,-0.26890,0.16215,-0.00219,-0.16515,-0.29257,0.56566,-0.27577,0.16827,0.00482,-0.00001,0.00036,0.00030,-0.00258,1.63910,0.20309,-1.08446,0.10719,-0.24294,0.00854,0.62363,-0.14467,-0.38949,-0.06344,0.26563,0.00396,0.00024,0.00080,0.00027,6.000,6.000,12.000,12.000,6.000,6.000,6.000,6.000,12.000,12.000,6.000,6.000,6.000,6.000,6.000,6.000,0.004330,0.042040,0.004194,0.041802,0.004194,0.035606,0.004600,0.036319,0.000000,0.000273,0.000000,0.000000,0.760104,0.239896,0.000000,0.000000,0.000000,0.161380,0.167436
1.0250,-0.00040,0.04874,0.48146,1.00000,0.00008,0.00123,0.00151,0.00436,0.03588,0.31553,0.31445,0.00246,0.04198,2,0.03491,0.00246,0.034756,-0.00005,-0.5053,-0.0003,-0.0074,-0.0194,-0.3318,-0.0268,-0.4855,0,0.04900,0.01900,0.0054,0.0142,0.006017,0.075175,-0.0149,0.0834,48.2795,-0.0101,0.1578,49.0530,-0.0340,-0.2124,14.5607,0.0091,-0.1357,16.0107,0.001774,0.005604,48.2795,0.001805,0.005419,49.0530,-0.005900,-0.016318,14.5613,-0.005224,-0.014837,16.0107,-0.00439,-0.16621,-0.29123,0.55712,-0.26822,0.16292,-0.00220,-0.16595,-0.29188,0.56433,-0.27513,0.16911,0.00485,-0.00001,0.00035,0.00031,-0.00259,1.64989,0.20374,-1.08387,0.10749,-0.24537,0.00859,0.62447,-0.14495,-0.38713,-0.06355,0.26814,0.00397,0.00024,0.00079,0.00027,6.000,6.000,12.000,12.000,6.000,6.000,6.000,6.000,12.000,12.000,6.000,6.000,6.000,6.000,6.000,6.000,0.004329,0.042216,0.004194,0.041975,0.004194,0.035781,0.004599,0.036502,0.000000,0.000276,0.000000,0.000000,0.761415,0.238585,0.000000,0.000000,0.000000,0.162148,0.168273
1.0300,-0.00039,0.04898,0.48146,1.00000,0.00008,0.00123,0.00152,0.00436,0.03606,0.31553,0.31445,0.00246,0.04215,2,0.03491,0.00246,0.034755,-0.00005,-0.5043,-0.0003,-0.0074,-0.0196,-0.3321,-0.0265,-0.4853,0,0.04900,0.01900,0.0054,0.0144,0.006018,0.075214,-0.0148,0.0842,48.3632,-0.0103,0.1597,49.1362,-0.0340,-0.2145,14.4755,0.0091,-0.1375,15.9277,0.001774,0.005645,48.3632,0.001805,0.005458,49.1362,-0.005951,-0.016587,14.4762,-0.005266,-0.015069,15.9277,-0.00441,-0.16700,-0.29053,0.55574,-0.26754,0.16368,-0.00221,-0.16675,-0.29118,0.56298,-0.27448,0.16995,0.00487,-0.00001,0.00034,0.00031,-0.00261,1.66069,0.20437,-1.08326,0.10779,-0.24782,0.00865,0.62528,-0.14523,-0.38478,-0.06364,0.27066,0.00399,0.00024,0.00078,0.00027,6.000,6.000,12.000,12.000,6.000,6.000,6.000,6.000,12.000,12.000,6.000,6.000,6.000,6.000,6.000,6.000,0.004329,0.042392,0.004194,0.042148,0.004194,0.035956,0.004598,0.036685,0.000000,0.000278,0.000000,0.000000,0.762727,0.237273,0.000000,0.000000,0.000000,0.162916,0.169110
1.0350,-0.00038,0.04922,0.48146,1.00000,0.00008,0.00123,0.00152,0.00436,0.03623,0.31553,0.31445,0.00246,0.04232,2,0.03491,0.00246,0.034755,-0.00005,-0.5033,-0.0003,-0.0073,-0.0198,-0.3323,-0.0262,-0.4851,0,0.04900,0.01900,0.0055,0.0147,0.006019,0.075253,-0.0148,0.0851,48.4469,-0.0104,0.1616,49.2194,-0.0339,-0.2166,14.3904,0.0091,-0.1394,15.8447,0.001774,0.005687,48.4469,0.001806,0.005498,49.2194,-0.006002,-0.016859,14.3911,-0.005309,-0.015304,15.8447,-0.00443,-0.16780,-0.28983,0.55436,-0.26686,0.16445,-0.00222,-0.16755,-0.29048,0.56163,-0.27383,0.17078,0.00490,-0.00001,0.00032,0.00032,-0.00262,1.67153,0.20500,-1.08263,0.10808,-0.25027,0.00870,0.62607,-0.14549,-0.38244,-0.06374,0.27319,0.00400,0.00024,0.00077,0.00027,6.000,6.000,12.000,12.000,6.000,6.000,6.000,6.000,12.000,12.000,6.000,6.000,6.000,6.000,6.000,6.000,0.004328,0.042567,0.004194,0.042321,0.004194,0.036130,0.004596,0.036869,0.000000,0.000280,0.000000,0.000000,0.764039,0.235961,0.000000,0.000000,0.000000,0.163683,0.169946
1.0400,-0.00037,0.04946,0.48146,1.00000,0.00008,0.00123,0.00153,0.00436,0.03641,0.31553,0.31445,0.00245,0.04249,2,0.03492,0.00245,0.034755,-0.00005,-0.5024,-0.0003,-0.0073,-0.0200,-0.3325,-0.0259,-0.4849,0,0.04900,0.01900,0.0055,0.0150,0.006019,0.075293,-0.0147,0.0859,48.5306,-0.0105,0.1636,49.3026,-0.0339,-0.2187,14.3052,0.0091,-0.1413,15.7617,0.001775,0.005729,48.5306,0.001806,0.005538,49.3026,-0.006054,-0.017136,14.3059,-0.005351,-0.015542,15.7617,-0.00445,-0.16859,-0.28912,0.55296,-0.26617,0.16522,-0.00223,-0.16835,-0.28977,0.56027,-0.27318,0.17162,0.00492,-0.00001,0.00031,0.00032,-0.00263,1.68238,0.20562,-1.08197,0.10837,-0.25274,0.00876,0.62683,-0.14575,-0.38010,-0.06383,0.27573,0.00402,0.00024,0.00076,0.00027,6.000,6.000,12.000,12.000,6.000,6.000,6.000,6.000,12.000,12.000,6.000,6.000,6.000,6.000,6.000,6.000,0.004328,0.042743,0.004194,0.042494,0.004194,0.036305,0.004595,0.037052,0.000000,0.000283,0.000000,0.000000,0.765351,0.234649,0.000000,0.000000,0.000000,0.164450,0.170783
1.0450,-0.00036,0.04970,0.48146,1.00000,0.00008,0.00123,0.00154,0.00436,0.03659,0.31554,0.31445,0.00245,0.04267,2,0.03492,0.00245,0.034755,-0.00005,-0.5014,-0.0003,-0.0073,-0.0202,-0.3327,-0.0256,-0.4847,0,0.04900,0.01900,0.0056,0.0153,0.006020,0.075333,-0.0147,0.0867,48.6142,-0.0106,0.1655,49.3858,-0.0339,-0.2208,14.2200,0.0091,-0.1432,15.6786,0.001775,0.005771,48.6143,0.001807,0.005578,49.3858,-0.006107,-0.017417,14.2207,-0.005394,-0.015783,15.6786,-0.00447,-0.16938,-0.28841,0.55156,-0.26548,0.16598,-0.00224,-0.16915,-0.28906,0.55890,-0.27252,0.17245,0.00495,-0.00001,0.00030,0.00033,-0.00265,1.69327,0.20624,-1.08128,0.10866,-0.25522,0.00881,0.62757,-0.14601,-0.37777,-0.06391,0.27829,0.00403,0.00024,0.00075,0.00027,6.000,6.000,12.000,12.000,6.000,6.000,6.000,6.000,12.000,12.000,6.000,6.000,6.000,6.000,6.000,6.000,0.004328,0.042919,0.004194,0.042667,0.004194,0.036479,0.004594,0.037235,0.000000,0.000285,0.000000,0.000000,0.766664,0.233336,0.000000,0.000000,0.000000,0.165217,0.171619
1.0500,-0.00035,0.04993,0.48146,1.00000,0.00008,0.00123,0.00154,0.00436,0.03676,0.31554,0.31445,0.00245,0.04284,2,0.03492,0.00245,0.034754,-0.00005,-0.5005,-0.0003,-0.0073,-0.0204,-0.3330,-0.0253,-0.4845,0,0.04900,0.01900,0.0057,0.0155,0.006020,0.075373,-0.0146,0.0875,48.6979,-0.0108,0.1674,49.4690,-0.0339,-0.2230,14.1348,0.0091,-0.1451,15.5956,0.001775,0.005813,48.6979,0.001807,0.005619,49.4690,-0.006160,-0.017702,14.1355,-0.005438,-0.016028,15.5956,-0.00449,-0.17017,-0.28769,0.55014,-0.26478,0.16675,-0.00225,-0.16995,-0.28834,0.55752,-0.27186,0.17329,0.00498,-0.00001,0.00029,0.00033,-0.00266,1.70418,0.20685,-1.08058,0.10895,-0.25771,0.00886,0.62828,-0.14625,-0.37544,-0.06399,0.28086,0.00405,0.00024,0.00074,0.00027,6.000,6.000,12.000,12.000,6.000,6.000,6.000,6.000,12.000,12.000,6.000,6.000,6.000,6.000,6.000,6.000,0.004327,0.043095,0.004194,0.042840,0.004194,0.036654,0.004593,0.037418,0.000000,0.000287,0.000000,0.000000,0.767977,0.232023,0.000000,0.000000,0.000000,0.165983,0.172455
1.0550,-0.00033,0.05017,0.48146,1.00000,0.00008,0.00123,0.00155,0.00436,0.03694,0.31554,0.31445,0.00245,0.04301,2,0.03492,0.00245,0.034754,-0.00005,-0.4995,-0.0003,-0.0073,-0.0206,-0.3332,-0.0249,-0.4844,0,0.04900,0.01900,0.0057,0.0158,0.006020,0.075413,-0.0145,0.0883,48.7815,-0.0109,0.1693,49.5522,-0.0338,-0.2252,14.0494,0.0089,-0.1468,15.5132,0.001775,0.005855,48.7816,0.001807,0.005659,49.5522,-0.006212,-0.017994,14.0501,-0.005479,-0.016275,15.5132,-0.00451,-0.17097,-0.28696,0.54871,-0.26408,0.16751,-0.00226,-0.17074,-0.28762,0.55612,-0.27119,0.17413,0.00500,-0.00001,0.00028,0.00034,-0.00266,1.71513,0.20746,-1.07984,0.10924,-0.26020,0.00893,0.62896,-0.14648,-0.37311,-0.06407,0.28348,0.00406,0.00024,0.00073,0.00027,6.000,6.000,12.000,12.000,6.000,6.000,6.000,6.000,12.000,12.000,6.000,6.000,6.000,6.000,6.000,6.000,0.004327,0.043270,0.004194,0.043012,0.004194,0.036828,0.004591,0.037602,0.000000,0.000290,0.000000,0.000000,0.769291,0.230709,0.000000,0.000000,0.000000,0.166748,0.173291
1.0600,-0.00032,0.05041,0.48146,1.00000,0.00008,0.00123,0.00156,0.00436,0.03712,0.31554,0.31445,0.00245,0.04319,2,0.03492,0.00245,0.034754,-0.00005,-0.4985,-0.0003,-0.0073,-0.0209,-0.3335,-0.0243,-0.4844,0,0.04900,0.01900,0.0058,0.0161,0.006021,0.075453,-0.0145,0.0890,48.8651,-0.0110,0.1712,49.6353,-0.0338,-0.2274,13.9638,0.0087,-0.1485,15.4305,0.001775,0.005897,48.8651,0.001807,0.005699,49.6353,-0.006264,-0.018291,13.9645,-0.005521,-0.016527,15.4305,-0.00453,-0.17176,-0.28624,0.54728,-0.26337,0.16828,-0.00226,-0.17154,-0.28689,0.55472,-0.27052,0.17496,0.00503,-0.00001,0.00027,0.00034,-0.00264,1.72612,0.20806,-1.07907,0.10953,-0.26270,0.00901,0.62961,-0.14671,-0.37078,-0.06413,0.28612,0.00407,0.00024,0.00073,0.00027,6.000,6.000,12.000,12.000,6.000,6.000,6.000,6.000,12.000,12.000,6.000,6.000,6.000,6.000,6.000,6.000,0.004326,0.043446,0.004194,0.043185,0.004194,0.037003,0.004590,0.037786,0.000000,0.000292,0.000000,0.000000,0.770606,0.229394,0.000000,0.000000,0.000000,0.167513,0.174127
1.0650,-0.00031,0.05065,0.48146,1.00000,0.00008,0.00123,0.00156,0.00436,0.03729,0.31554,0.31445,0.00245,0.04336,2,0.03492,0.00245,0.034753,-0.00005,-0.4976,-0.0003,-0.0072,-0.0211,-0.3339,-0.0236,-0.4844,0,0.04900,0.01900,0.0058,0.0163,0.006021,0.075492,-0.0143,0.0898,48.9486,-0.0112,0.1730,49.7183,-0.0337,-0.2296,13.8780,0.0076,-0.1503,15.3484,0.001776,0.005939,48.9486,0.001808,0.005739,49.7183,-0.006312,-0.018592,13.8787,-0.005556,-0.016781,15.3484,-0.00455,-0.17255,-0.28550,0.54583,-0.26266,0.16904,-0.00227,-0.17234,-0.28616,0.55331,-0.26984,0.17580,0.00506,-0.00001,0.00026,0.00035,-0.00264,1.73712,0.20870,-1.07822,0.10986,-0.26521,0.00908,0.63022,-0.14693,-0.36841,-0.06413,0.28878,0.00409,0.00025,0.00074,0.00027,6.000,6.000,12.000,12.000,6.000,6.000,6.000,6.000,12.000,12.000,6.000,6.000,6.000,6.000,6.000,6.000,0.004325,0.043622,0.004194,0.043358,0.004194,0.037177,0.004588,0.037969,0.000000,0.000295,0.000000,0.000000,0.771921,0.228079,0.000000,0.000000,0.000000,0.168277,0.174964
1.0700,-0.00030,0.05089,0.48146,1.00000,0.00008,0.00123,0.00157,0.00435,0.03747,0.31554,0.31445,0.00245,0.04353,2,0.03492,0.00245,0.034753,-0.00005,-0.4967,-0.0003,-0.0072,-0.0213,-0.3343,-0.0226,-0.4846,0,0.04900,0.01900,0.0059,0.0166,0.006022,0.075533,-0.0142,0.0906,49.0318,-0.0112,0.1749,49.8011,-0.0335,-0.2318,13.7920,0.0067,-0.1522,15.2668,0.001777,0.005982,49.0318,0.001809,0.005780,49.8011,-0.006358,-0.018896,13.7927,-0.005587,-0.017037,15.2668,-0.00457,-0.17334,-0.28476,0.54438,-0.26195,0.16980,-0.00227,-0.17313,-0.28542,0.55190,-0.26916,0.17664,0.00508,-0.00001,0.00024,0.00035,-0.00264,1.74812,0.20936,-1.07732,0.11020,-0.26776,0.00915,0.63079,-0.14714,-0.36602,-0.06411,0.29142,0.00411,0.00025,0.00075,0.00027,6.000,6.000,12.000,12.000,6.000,6.000,6.000,6.000,12.000,12.000,6.000,6.000,6.000,6.000,6.000,6.000,0.004325,0.043797,0.004194,0.043530,0.004194,0.037352,0.004585,0.038153,0.000000,0.000297,0.000000,0.000000,0.773237,0.226763,0.000000,0.000000,0.000000,0.169041,0.175803
1.0750,-0.00029,0.05113,0.48146,1.00000,0.00007,0.00122,0.00158,0.00435,0.03765,0.31554,0.31445,0.00245,0.04370,2,0.03492,0.00245,0.034753,-0.00005,-0.4957,-0.0003,-0.0071,-0.0215,-0.3348,-0.0214,-0.4848,0,0.04900,0.01900,0.0059,0.0169,0.006023,0.075573,-0.0140,0.0924,49.1140,-0.0113,0.1767,49.8837,-0.0333,-0.2350,13.7065,0.0059,-0.1541,15.1851,0.001778,0.005972,49.1140,0.001810,0.005821,49.8837,-0.006404,-0.019005,13.7073,-0.005617,-0.017294,15.1851,-0.00459,-0.17413,-0.28402,0.54291,-0.26122,0.17057,-0.00228,-0.17393,-0.28468,0.55047,-0.26848,0.17748,0.00511,-0.00001,0.00023,0.00035,-0.00265,1.76136,0.21002,-1.07638,0.11054,-0.26778,0.00921,0.62899,-0.14733,-0.36364,-0.06407,0.29141,0.00414,0.00025,0.00076,0.00028,6.000,6.000,12.000,12.000,6.000,6.000,6.000,6.000,12.000,12.000,6.000,6.000,6.000,6.000,6.000,6.000,0.004324,0.043973,0.004194,0.043703,0.004194,0.037526,0.004583,0.038337,0.000000,0.000299,0.000000,0.000000,0.774552,0.225448,0.000000,0.000000,0.000000,0.169805,0.176643
1.0800,-0.00028,0.05137,0.48146,1.00000,0.00007,0.00122,0.00158,0.00435,0.03782,0.31554,0.31445,0.00245,0.04388,2,0.03492,0.00245,0.034753,-0.00005,-0.4948,-0.0003,-0.0071,-0.0217,-0.3352,-0.0199,-0.4850,0,0.04900,0.01900,0.0060,0.0171,0.006024,0.075565,-0.0138,0.0946,49.1960,-0.0113,0.1782,49.9649,-0.0331,-0.2388,13.6216,0.0057,-0.1552,15.1032,0.001778,0.005933,49.1960,0.001811,0.005813,49.9649,-0.006453,-0.019005,13.6224,-0.005651,-0.017389,15.1032,-0.00461,-0.17492,-0.28327,0.54143,-0.26050,0.17134,-0.00228,-0.17472,-0.28393,0.54903,-0.26780,0.17832,0.00514,-0.00001,0.00022,0.00036,-0.00264,1.77607,0.21064,-1.07542,0.11086,-0.26633,0.00926,0.62566,-0.14752,-0.36132,-0.06406,0.28987,0.00417,0.00025,0.00076,0.00028,6.000,6.000,12.000,12.000,6.000,6.000,6.000,6.000,12.000,12.000,6.000,6.000,6.000,6.000,6.000,6.000,0.004323,0.044148,0.004194,0.043875,0.004194,0.037701,0.004580,0.038520,0.000000,0.000302,0.000000,0.000000,0.775869,0.224131,0.000000,0.000000,0.000000,0.170569,0.177485
1.0850,-0.00026,0.05161,0.48147,1.00000,0.00007,0.00122,0.00159,0.00435,0.03800,0.31554,0.31445,0.00245,0.04405,2,0.03492,0.00245,0.034752,-0.00005,-0.4938,-0.0003,-0.0070,-0.0220,-0.3356,-0.0182,-0.4852,0,0.04900,0.01900,0.0060,0.0173,0.006025,0.075529,-0.0136,0.0970,49.2784,-0.0114,0.1794,50.0455,-0.0329,-0.2427,13.5369,0.0060,-0.1560,15.0215,0.001778,0.005893,49.2784,0.001811,0.005778,50.0455,-0.006505,-0.019005,13.5377,-0.005692,-0.017390,15.0215,-0.00463,-0.17570,-0.28251,0.53995,-0.25977,0.17211,-0.00228,-0.17552,-0.28317,0.54758,-0.26711,0.17916,0.00517,-0.00001,0.00021,0.00036,-0.00260,1.79108,0.21122,-1.07448,0.11114,-0.26478,0.00932,0.62207,-0.14770,-0.35903,-0.06408,0.28826,0.00420,0.00025,0.00076,0.00028,6.000,6.000,12.000,12.000,6.000,6.000,6.000,6.000,12.000,12.000,6.000,6.000,6.000,6.000,6.000,6.000,0.004322,0.044324,0.004194,0.044048,0.004194,0.037875,0.004577,0.038705,0.000000,0.000304,0.000000,0.000000,0.777188,0.222812,0.000000,0.000000,0.000000,0.171335,0.178324
1.0900,-0.00025,0.05185,0.48147,1.00000,0.00007,0.00122,0.00160,0.00435,0.03818,0.31554,0.31445,0.00245,0.04422,2,0.03492,0.00245,0.034752,-0.00005,-0.4929,-0.0003,-0.0070,-0.0222,-0.3359,-0.0162,-0.4853,0,0.04900,0.01900,0.0060,0.0175,0.006025,0.075491,-0.0134,0.0994,49.3610,-0.0115,0.1806,50.1266,-0.0327,-0.2467,13.4522,0.0062,-0.1568,14.9400,0.001777,0.005853,49.3610,0.001811,0.005741,50.1266,-0.006560,-0.019005,13.4530,-0.005735,-0.017389,14.9400,-0.00464,-0.17649,-0.28175,0.53845,-0.25903,0.17288,-0.00228,-0.17631,-0.28242,0.54613,-0.26642,0.17999,0.00519,-0.00001,0.00020,0.00037,-0.00254,1.80629,0.21177,-1.07354,0.11141,-0.26320,0.00938,0.61830,-0.14787,-0.35678,-0.06411,0.28663,0.00422,0.00026,0.00076,0.00028,6.000,6.000,12.000,12.000,6.000,6.000,6.000,6.000,12.000,12.000,6.000,6.000,6.000,6.000,6.000,6.000,0.004321,0.044500,0.004194,0.044220,0.004194,0.038050,0.004574,0.038889,0.000000,0.000307,0.000000,0.000000,0.778509,0.221491,0.000000,0.000000,0.000000,0.172105,0.179159
1.0950,-0.00024,0.05208,0.48147,1.00000,0.00007,0.00122,0.00160,0.00435,0.03835,0.31554,0.31445,0.00245,0.04439,2,0.03492,0.00245,0.034752,-0.00005,-0.4919,-0.0003,-0.0069,-0.0225,-0.3362,-0.0141,-0.4854,0,0.04900,0.01900,0.0061,0.0177,0.006025,0.075453,-0.0132,0.1018,49.4437,-0.0117,0.1819,50.2078,-0.0326,-0.2508,13.3675,0.0063,-0.1577,14.8586,0.001776,0.005812,49.4438,0.001811,0.005703,50.2078,-0.006617,-0.019005,13.3683,-0.005780,-0.017387,14.8586,-0.00466,-0.17728,-0.28098,0.53694,-0.25829,0.17366,-0.00228,-0.17710,-0.28165,0.54466,-0.26572,0.18081,0.00522,-0.00001,0.00018,0.00037,-0.00248,1.82163,0.21230,-1.07257,0.11167,-0.26160,0.00944,0.61441,-0.14802,-0.35455,-0.06415,0.28498,0.00424,0.00026,0.00075,0.00028,6.000,6.000,12.000,12.000,6.000,6.000,6.000,6.000,12.000,12.000,6.000,6.000,6.000,6.000,6.000,6.000,0.004320,0.044675,0.004194,0.044392,0.004194,0.038225,0.004572,0.039074,0.000000,0.000310,0.000000,0.000000,0.779832,0.220168,0.000000,0.000000,0.000000,0.172880,0.179987
1.1000,-0.00023,0.05232,0.48147,1.00000,0.00007,0.00122,0.00161,0.00435,0.03853,0.31554,0.31445,0.00245,0.04456,2,0.03492,0.00245,0.034751,-0.00005,-0.4909,-0.0003,-0.0068,-0.0227,-0.3365,-0.0117,-0.4855,0,0.04900,0.01900,0.0061,0.0179,0.006024,0.075414,-0.0130,0.1042,49.5266,-0.0118,0.1831,50.2892,-0.0324,-0.2550,13.2826,0.0065,-0.1586,14.7773,0.001775,0.005771,49.5266,0.001811,0.005664,50.2892,-0.006675,-0.019005,13.2835,-0.005825,-0.017383,14.7773,-0.00468,-0.17807,-0.28021,0.53542,-0.25754,0.17444,-0.00228,-0.17789,-0.28088,0.54319,-0.26501,0.18162,0.00525,-0.00001,0.00017,0.00038,-0.00241,1.83705,0.21281,-1.07158,0.11193,-0.26003,0.00949,0.61044,-0.14817,-0.35233,-0.06418,0.28334,0.00426,0.00026,0.00074,0.00028,6.000,6.000,12.000,12.000,6.000,6.000,6.000,6.000,12.000,12.000,6.000,6.000,6.000,6.000,6.000,6.000,0.004319,0.044851,0.004194,0.044564,0.004194,0.038399,0.004569,0.039259,0.000000,0.000313,0.000000,0.000000,0.781156,0.218844,0.000000,0.000000,0.000000,0.173659,0.180809
1.1050,-0.00022,0.05256,0.48147,1.00000,0.00007,0.00122,0.00161,0.00435,0.03871,0.31554,0.31445,0.00245,0.04474,2,0.03492,0.00245,0.034751,-0.00005,-0.4899,-0.0003,-0.0068,-0.0230,-0.3368,-0.0092,-0.4856,0,0.04900,0.01900,0.0061,0.0181,0.006024,0.075375,-0.0128,0.1066,49.6095,-0.0120,0.1844,50.3708,-0.0322,-0.2591,13.1977,0.0066,-0.1595,14.6959,0.001774,0.005731,49.6096,0.001810,0.005626,50.3708,-0.006733,-0.019005,13.1986,-0.005872,-0.017379,14.6959,-0.00470,-0.17886,-0.27943,0.53388,-0.25678,0.17523,-0.00228,-0.17868,-0.28011,0.54170,-0.26430,0.18243,0.00528,-0.00001,0.00016,0.00038,-0.00234,1.85255,0.21332,-1.07056,0.11218,-0.25845,0.00955,0.60641,-0.14830,-0.35012,-0.06421,0.28171,0.00428,0.00026,0.00074,0.00028,6.000,6.000,12.000,12.000,6.000,6.000,6.000,6.000,12.000,12.000,6.000,6.000,6.000,6.000,6.000,6.000,0.004318,0.045027,0.004194,0.044737,0.004194,0.038574,0.004567,0.039444,0.000000,0.000316,0.000000,0.000000,0.782483,0.217517,0.000000,0.000000,0.000000,0.174443,0.181625
1.1100,-0.00020,0.05280,0.48147,1.00000,0.00007,0.00122,0.00162,0.00435,0.03888,0.31554,0.31445,0.00245,0.04491,2,0.03492,0.00245,0.034751,-0.00005,-0.4888,-0.0003,-0.0067,-0.0233,-0.3371,-0.0065,-0.4857,0,0.04900,0.01900,0.0062,0.0183,0.006023,0.075336,-0.0126,0.1089,49.6926,-0.0122,0.1858,50.4524,-0.0321,-0.2634,13.1126,0.0067,-0.1605,14.6144,0.001773,0.005690,49.6926,0.001809,0.005587,50.4524,-0.006793,-0.019005,13.1135,-0.005919,-0.017374,14.6144,-0.00471,-0.17965,-0.27864,0.53234,-0.25603,0.17602,-0.00227,-0.17946,-0.27933,0.54020,-0.26359,0.18324,0.00531,-0.00001,0.00015,0.00039,-0.00227,1.86811,0.21381,-1.06951,0.11243,-0.25687,0.00961,0.60231,-0.14843,-0.34791,-0.06424,0.28008,0.00430,0.00026,0.00073,0.00028,6.000,6.000,12.000,12.000,6.000,6.000,6.000,6.000,12.000,12.000,6.000,6.000,6.000,6.000,6.000,6.000,0.004318,0.045202,0.004194,0.044909,0.004194,0.038748,0.004564,0.039629,0.000000,0.000319,0.000000,0.000000,0.783811,0.216189,0.000000,0.000000,0.000000,0.175231,0.182434
1.1150,-0.00019,0.05304,0.48147,1.00000,0.00006,0.00122,0.00162,0.00435,0.03906,0.31554,0.31445,0.00245,0.04508,2,0.03492,0.00245,0.034750,-0.00005,-0.4878,-0.0003,-0.0067,-0.0236,-0.3374,-0.0037,-0.4858,0,0.04900,0.01900,0.0062,0.0185,0.006023,0.075297,-0.0124,0.1113,49.7757,-0.0124,0.1871,50.5341,-0.0319,-0.2677,13.0274,0.0069,-0.1614,14.5329,0.001772,0.005649,49.7758,0.001809,0.005548,50.5341,-0.006852,-0.019005,13.0284,-0.005966,-0.017368,14.5329,-0.00473,-0.18044,-0.27785,0.53079,-0.25526,0.17682,-0.00227,-0.18025,-0.27855,0.53869,-0.26287,0.18403,0.00534,-0.00001,0.00013,0.00039,-0.00220,1.88370,0.21430,-1.06843,0.11267,-0.25532,0.00966,0.59819,-0.14854,-0.34572,-0.06426,0.27847,0.00432,0.00026,0.00071,0.00028,6.000,6.000,12.000,12.000,6.000,6.000,6.000,6.000,12.000,12.000,6.000,6.000,6.000,6.000,6.000,6.000,0.004317,0.045378,0.004194,0.045081,0.004194,0.038923,0.004561,0.039815,0.000000,0.000322,0.000000,0.000000,0.785141,0.214859,0.000000,0.000000,0.000000,0.176023,0.183237
1.1200,-0.00018,0.05328,0.48147,1.00000,0.00006,0.00122,0.00162,0.00435,0.03924,0.31554,0.31445,0.00245,0.04525,2,0.03492,0.00245,0.034750,-0.00006,-0.4867,-0.0003,-0.0066,-0.0239,-0.3377,-0.0008,-0.4859,0,0.04900,0.01900,0.0062,0.0188,0.006022,0.075257,-0.0122,0.1136,49.8589,-0.0126,0.1884,50.6159,-0.0318,-0.2720,12.9421,0.0070,-0.1625,14.4513,0.001771,0.005609,49.8590,0.001808,0.005509,50.6159,-0.006913,-0.019006,12.9431,-0.006014,-0.017362,14.4513,-0.00475,-0.18122,-0.27705,0.52922,-0.25449,0.17762,-0.00226,-0.18103,-0.27776,0.53717,-0.26214,0.18483,0.00537,-0.00001,0.00012,0.00040,-0.00212,1.89933,0.21478,-1.06733,0.11291,-0.25380,0.00972,0.59404,-0.14864,-0.34353,-0.06428,0.27689,0.00435,0.00026,0.00070,0.00028,6.000,6.000,12.000,12.000,6.000,6.000,6.000,6.000,12.000,12.000,6.000,6.000,6.000,6.000,6.000,6.000,0.004316,0.045554,0.004194,0.045253,0.004194,0.039097,0.004559,0.040001,0.000000,0.000325,0.000000,0.000000,0.786473,0.213527,0.000000,0.000000,0.000000,0.176819,0.184034
1.1250,-0.00016,0.05352,0.48147,1.00000,0.00006,0.00122,0.00163,0.00435,0.03941,0.31554,0.31445,0.00245,0.04542,2,0.03493,0.00245,0.034750,-0.00006,-0.4857,-0.0003,-0.0066,-0.0242,-0.3381,0.0022,-0.4860,0,0.04900,0.01900,0.0063,0.0190,0.006021,0.075218,-0.0120,0.1160,49.9423,-0.0127,0.1898,50.6978,-0.0316,-0.2763,12.8567,0.0071,-0.1635,14.3696,0.001769,0.005569,49.9424,0.001807,0.005471,50.6978,-0.006974,-0.019007,12.8576,-0.006062,-0.017357,14.3696,-0.00476,-0.18201,-0.27625,0.52764,-0.25372,0.17842,-0.00226,-0.18181,-0.27696,0.53564,-0.26141,0.18561,0.00540,-0.00001,0.00011,0.00041,-0.00205,1.91498,0.21525,-1.06619,0.11314,-0.25229,0.00977,0.58986,-0.14873,-0.34134,-0.06429,0.27533,0.00437,0.00026,0.00069,0.00028,6.000,6.000,12.000,12.000,6.000,6.000,6.000,6.000,12.000,12.000,6.000,6.000,6.000,6.000,6.000,6.000,0.004315,0.045730,0.004194,0.045425,0.004194,0.039272,0.004556,0.040187,0.000000,0.000328,0.000000,0.000000,0.787807,0.212193,0.000000,0.000000,0.000000,0.177618,0.184826
1.1300,-0.00015,0.05375,0.48147,1.00000,0.00006,0.00122,0.00163,0.00434,0.03959,0.31555,0.31445,0.00244,0.04560,2,0.03493,0.00244,0.034749,-0.00006,-0.4846,-0.0003,-0.0065,-0.0245,-0.3384,0.0053,-0.4861,0,0.04900,0.01900,0.0063,0.0192,0.006020,0.075179,-0.0118,0.1183,50.0257,-0.0129,0.1911,50.7797,-0.0314,-0.2807,12.7711,0.0072,-0.1646,14.2879,0.001768,0.005528,50.0258,0.001806,0.005432,50.7797,-0.007036,-0.019005,12.7721,-0.006110,-0.017351,14.2879,-0.00477,-0.18280,-0.27544,0.52605,-0.25294,0.17922,-0.00225,-0.18260,-0.27616,0.53410,-0.26067,0.18640,0.00543,-0.00001,0.00009,0.00041,-0.00198,1.93070,0.21572,-1.06502,0.11337,-0.25077,0.00982,0.58564,-0.14881,-0.33917,-0.06429,0.27374,0.00440,0.00026,0.00068,0.00028,6.000,6.000,12.000,12.000,6.000,6.000,6.000,6.000,12.000,12.000,6.000,6.000,6.000,6.000,6.000,6.000,0.004314,0.045905,0.004194,0.045596,0.004194,0.039446,0.004554,0.040374,0.000000,0.000332,0.000000,0.000000,0.789143,0.210857,0.000000,0.000000,0.000000,0.178419,0.185613
1.1350,-0.00014,0.05399,0.48147,1.00000,0.00006,0.00122,0.00164,0.00434,0.03976,0.31555,0.31445,0.00244,0.04577,2,0.03493,0.00244,0.034749,-0.00006,-0.4835,-0.0003,-0.0065,-0.0248,-0.3387,0.0085,-0.4862,0,0.04900,0.01900,0.0063,0.0195,0.006019,0.075140,-0.0116,0.1206,50.1092,-0.0131,0.1924,50.8617,-0.0313,-0.2852,12.6854,0.0074,-0.1657,14.2061,0.001766,0.005488,50.1093,0.001805,0.005393,50.8617,-0.007098,-0.019006,12.6864,-0.006159,-0.017344,14.2061,-0.00479,-0.18358,-0.27462,0.52445,-0.25215,0.18003,-0.00225,-0.18338,-0.27535,0.53255,-0.25993,0.18718,0.00546,-0.00001,0.00008,0.00042,-0.00192,1.94641,0.21617,-1.06382,0.11360,-0.24930,0.00988,0.58141,-0.14888,-0.33699,-0.06428,0.27221,0.00442,0.00026,0.00066,0.00029,6.000,6.000,12.000,12.000,6.000,6.000,6.000,6.000,12.000,12.000,6.000,6.000,6.000,6.000,6.000,6.000,0.004313,0.046081,0.004194,0.045768,0.004194,0.039621,0.004551,0.040561,0.000000,0.000335,0.000000,0.000000,0.790480,0.209520,0.000000,0.000000,0.000000,0.179222,0.186396
1.1400,-0.00013,0.05423,0.48147,1.00000,0.00005,0.00122,0.00164,0.00434,0.03994,0.31555,0.31445,0.00244,0.04594,2,0.03493,0.00244,0.034749,-0.00006,-0.4824,-0.0003,-0.0064,-0.0252,-0.3391,0.0118,-0.4863,0,0.04900,0.01900,0.0064,0.0197,0.006018,0.075102,-0.0114,0.1229,50.1928,-0.0133,0.1938,50.9438,-0.0311,-0.2896,12.5995,0.0075,-0.1669,14.1242,0.001765,0.005448,50.1929,0.001804,0.005355,50.9438,-0.007161,-0.019006,12.6006,-0.006208,-0.017338,14.1242,-0.00480,-0.18437,-0.27380,0.52284,-0.25136,0.18083,-0.00224,-0.18416,-0.27454,0.53099,-0.25918,0.18795,0.00550,-0.00001,0.00006,0.00042,-0.00185,1.96216,0.21662,-1.06260,0.11383,-0.24783,0.00993,0.57715,-0.14894,-0.33483,-0.06427,0.27068,0.00445,0.00026,0.00065,0.00029,6.000,6.000,12.000,12.000,6.000,6.000,6.000,6.000,12.000,12.000,6.000,6.000,6.000,6.000,6.000,6.000,0.004312,0.046257,0.004194,0.045940,0.004194,0.039795,0.004549,0.040748,0.000000,0.000339,0.000000,0.000000,0.791819,0.208181,0.000000,0.000000,0.000000,0.180027,0.187176
1.1450,-0.00011,0.05447,0.48147,1.00000,0.00005,0.00122,0.00164,0.00434,0.04012,0.31555,0.31445,0.00244,0.04611,2,0.03493,0.00244,0.034748,-0.00006,-0.4813,-0.0003,-0.0064,-0.0255,-0.3394,0.0151,-0.4864,0,0.04900,0.01900,0.0064,0.0200,0.006017,0.075063,-0.0112,0.1251,50.2764,-0.0135,0.1951,51.0260,-0.0309,-0.2941,12.5136,0.0076,-0.1681,14.0423,0.001763,0.005408,50.2766,0.001803,0.005317,51.0260,-0.007224,-0.019005,12.5146,-0.006257,-0.017332,14.0423,-0.00481,-0.18516,-0.27297,0.52122,-0.25057,0.18164,-0.00223,-0.18493,-0.27372,0.52941,-0.25842,0.18873,0.00553,-0.00001,0.00005,0.00043,-0.00179,1.97795,0.21706,-1.06134,0.11405,-0.24637,0.00997,0.57286,-0.14899,-0.33267,-0.06426,0.26915,0.00448,0.00026,0.00063,0.00029,6.000,6.000,12.000,12.000,6.000,6.000,6.000,6.000,12.000,12.000,6.000,6.000,6.000,6.000,6.000,6.000,0.004312,0.046433,0.004194,0.046111,0.004194,0.039970,0.004546,0.040935,0.000000,0.000342,0.000000,0.000000,0.793159,0.206841,0.000000,0.000000,0.000000,0.180833,0.187953
1.1500,-0.00010,0.05471,0.48147,1.00000,0.00005,0.00122,0.00164,0.00434,0.04029,0.31555,0.31445,0.00244,0.04628,2,0.03493,0.00244,0.034748,-0.00006,-0.4802,-0.0003,-0.0063,-0.0258,-0.3398,0.0186,-0.4865,0,0.04900,0.01900,0.0064,0.0202,0.006016,0.075024,-0.0110,0.1274,50.3602,-0.0137,0.1964,51.1082,-0.0308,-0.2987,12.4275,0.0077,-0.1693,13.9603,0.001762,0.005368,50.3603,0.001802,0.005279,51.1082,-0.007289,-0.019005,12.4286,-0.006306,-0.017325,13.9603,-0.00482,-0.18594,-0.27214,0.51958,-0.24977,0.18245,-0.00222,-0.18571,-0.27290,0.52782,-0.25766,0.18950,0.00556,-0.00001,0.00003,0.00043,-0.00172,1.99376,0.21750,-1.06005,0.11427,-0.24492,0.01002,0.56854,-0.14904,-0.33051,-0.06424,0.26764,0.00451,0.00026,0.00062,0.00029,6.000,6.000,12.000,12.000,6.000,6.000,6.000,6.000,12.000,12.000,6.000,6.000,6.000,6.000,6.000,6.000,0.004311,0.046609,0.004194,0.046283,0.004194,0.040144,0.004543,0.041122,0.000000,0.000346,0.000000,0.000000,0.794502,0.205498,0.000000,0.000000,0.000000,0.181640,0.188727
1.1550,-0.00009,0.05495,0.48148,1.00000,0.00005,0.00122,0.00165,0.00434,0.04047,0.31555,0.31445,0.00244,0.04645,2,0.03493,0.00244,0.034748,-0.00006,-0.4791,-0.0003,-0.0062,-0.0262,-0.3401,0.0221,-0.4866,0,0.04900,0.01900,0.0065,0.0205,0.006015,0.074986,-0.0108,0.1296,50.4440,-0.0139,0.1977,51.1904,-0.0306,-0.3032,12.3413,0.0078,-0.1705,13.8782,0.001760,0.005329,50.4442,0.001801,0.005241,51.1904,-0.007353,-0.019004,12.3424,-0.006356,-0.017318,13.8782,-0.00484,-0.18672,-0.27130,0.51794,-0.24896,0.18326,-0.00221,-0.18649,-0.27207,0.52622,-0.25689,0.19027,0.00560,-0.00001,0.00002,0.00044,-0.00166,2.00962,0.21792,-1.05874,0.11448,-0.24348,0.01007,0.56418,-0.14907,-0.32837,-0.06421,0.26612,0.00454,0.00027,0.00060,0.00029,6.000,6.000,12.000,12.000,6.000,6.000,6.000,6.000,12.000,12.000,6.000,6.000,6.000,6.000,6.000,6.000,0.004310,0.046784,0.004194,0.046454,0.004194,0.040319,0.004541,0.041310,0.000000,0.000350,0.000000,0.000000,0.795846,0.204154,0.000000,0.000000,0.000000,0.182447,0.189498
1.1600,-0.00007,0.05519,0.48148,1.00000,0.00004,0.00122,0.00165,0.00434,0.04065,0.31555,0.31445,0.00244,0.04663,2,0.03493,0.00244,0.034747,-0.00006,-0.4780,-0.0003,-0.0062,-0.0266,-0.3405,0.0257,-0.4867,0,0.04900,0.01900,0.0065,0.0208,0.006013,0.074948,-0.0106,0.1318,50.5279,-0.0141,0.1990,51.2728,-0.0304,-0.3078,12.2550,0.0080,-0.1717,13.7961,0.001758,0.005290,50.5281,0.001799,0.005203,51.2728,-0.007419,-0.019005,12.2561,-0.006407,-0.017311,13.7961,-0.00485,-0.18751,-0.27045,0.51628,-0.24815,0.18406,-0.00220,-0.18726,-0.27123,0.52461,-0.25612,0.19103,0.00563,-0.00001,0.00000,0.00044,-0.00160,2.02549,0.21834,-1.05739,0.11469,-0.24206,0.01011,0.55982,-0.14909,-0.32623,-0.06418,0.26464,0.00457,0.00027,0.00058,0.00029,6.000,6.000,12.000,12.000,6.000,6.000,6.000,6.000,12.000,12.000,6.000,6.000,6.000,6.000,6.000,6.000,0.004309,0.046960,0.004194,0.046625,0.004194,0.040494,0.004538,0.041498,0.000000,0.000354,0.000000,0.000000,0.797191,0.202809,0.000000,0.000000,0.000000,0.183255,0.190267
1.1650,-0.00006,0.05542,0.48148,1.00000,0.00004,0.00122,0.00165,0.00434,0.04082,0.31555,0.31445,0.00244,0.04680,2,0.03493,0.00244,0.034747,-0.00006,-0.4769,-0.0003,-0.0061,-0.0269,-0.3409,0.0294,-0.4868,0,0.04900,0.01900,0.0065,0.0210,0.006012,0.074910,-0.0104,0.1340,50.6119,-0.0143,0.2003,51.3552,-0.0303,-0.3125,12.1685,0.0081,-0.1730,13.7139,0.001756,0.005251,50.6120,0.001798,0.005166,51.3552,-0.007485,-0.019006,12.1696,-0.006457,-0.017305,13.7139,-0.00485,-0.18829,-0.26960,0.51461,-0.24733,0.18487,-0.00219,-0.18804,-0.27039,0.52299,-0.25534,0.19180,0.00567,-0.00001,-0.00001,0.00045,-0.00154,2.04139,0.21875,-1.05602,0.11490,-0.24065,0.01015,0.55542,-0.14910,-0.32409,-0.06414,0.26315,0.00460,0.00027,0.00057,0.00029,6.000,6.000,12.000,12.000,6.000,6.000,6.000,6.000,12.000,12.000,6.000,6.000,6.000,6.000,6.000,6.000,0.004308,0.047136,0.004194,0.046797,0.004194,0.040668,0.004535,0.041686,0.000000,0.000358,0.000000,0.000000,0.798538,0.201462,0.000000,0.000000,0.000000,0.184064,0.191035
1.1700,-0.00005,0.05566,0.48148,1.00000,0.00004,0.00122,0.00165,0.00434,0.04100,0.31555,0.31445,0.00244,0.04697,2,0.03493,0.00244,0.034747,-0.00006,-0.4758,-0.0003,-0.0061,-0.0273,-0.3412,0.0331,-0.4869,0,0.04900,0.01900,0.0065,0.0213,0.006011,0.074873,-0.0102,0.1362,50.6959,-0.0145,0.2016,51.4376,-0.0301,-0.3172,12.0820,0.0082,-0.1742,13.6317,0.001754,0.005212,50.6961,0.001796,0.005129,51.4376,-0.007552,-0.019006,12.0831,-0.006508,-0.017299,13.6317,-0.00486,-0.18907,-0.26874,0.51293,-0.24651,0.18568,-0.00218,-0.18881,-0.26954,0.52135,-0.25455,0.19257,0.00570,-0.00001,-0.00003,0.00045,-0.00148,2.05733,0.21915,-1.05462,0.11511,-0.23925,0.01019,0.55099,-0.14911,-0.32197,-0.06410,0.26167,0.00464,0.00027,0.00055,0.00029,6.000,6.000,12.000,12.000,6.000,6.000,6.000,6.000,12.000,12.000,6.000,6.000,6.000,6.000,6.000,6.000,0.004307,0.047311,0.004194,0.046968,0.004194,0.040843,0.004533,0.041874,0.000000,0.000362,0.000000,0.000000,0.799887,0.200113,0.000000,0.000000,0.000000,0.184872,0.191801
1.1750,-0.00003,0.05590,0.48148,1.00000,0.00003,0.00122,0.00165,0.00434,0.04118,0.31555,0.31445,0.00244,0.04714,2,0.03493,0.00244,0.034746,-0.00006,-0.4747,-0.0003,-0.0060,-0.0277,-0.3416,0.0369,-0.4871,0,0.04900,0.01900,0.0066,0.0216,0.006009,0.074835,-0.0100,0.1383,50.7800,-0.0147,0.2029,51.5201,-0.0299,-0.3219,11.9953,0.0083,-0.1755,13.5494,0.001752,0.005173,50.7801,0.001795,0.005092,51.5201,-0.007620,-0.019006,11.9964,-0.006559,-0.017293,13.5494,-0.00487,-0.18985,-0.26788,0.51124,-0.24569,0.18649,-0.00217,-0.18959,-0.26869,0.51970,-0.25376,0.19333,0.00574,-0.00001,-0.00004,0.00046,-0.00142,2.07331,0.21955,-1.05318,0.11531,-0.23784,0.01023,0.54652,-0.14910,-0.31985,-0.06405,0.26019,0.00467,0.00027,0.00053,0.00029,6.000,6.000,12.000,12.000,6.000,6.000,6.000,6.000,12.000,12.000,6.000,6.000,6.000,6.000,6.000,6.000,0.004306,0.047487,0.004194,0.047139,0.004194,0.041017,0.004530,0.042063,0.000000,0.000366,0.000000,0.000000,0.801237,0.198763,0.000000,0.000000,0.000000,0.185680,0.192565
1.1800,-0.00002,0.05614,0.48148,1.00000,0.00003,0.00122,0.00165,0.00434,0.04135,0.31555,0.31445,0.00244,0.04731,2,0.03493,0.00244,0.034746,-0.00006,-0.4736,-0.0003,-0.0060,-0.0281,-0.3420,0.0408,-0.4872,0,0.04900,0.01900,0.0066,0.0219,0.006007,0.074798,-0.0099,0.1405,50.8641,-0.0149,0.2041,51.6027,-0.0297,-0.3266,11.9085,0.0085,-0.1768,13.4671,0.001750,0.005135,50.8643,0.001793,0.005055,51.6027,-0.007689,-0.019006,11.9096,-0.006611,-0.017286,13.4671,-0.00488,-0.19063,-0.26701,0.50954,-0.24485,0.18730,-0.00215,-0.19036,-0.26783,0.51804,-0.25296,0.19409,0.00577,-0.00001,-0.00006,0.00047,-0.00137,2.08932,0.21993,-1.05172,0.11552,-0.23645,0.01026,0.54202,-0.14908,-0.31774,-0.06399,0.25871,0.00471,0.00027,0.00051,0.00029,6.000,6.000,12.000,12.000,6.000,6.000,6.000,6.000,12.000,12.000,6.000,6.000,6.000,6.000,6.000,6.000,0.004305,0.047663,0.004194,0.047310,0.004194,0.041192,0.004527,0.042251,0.000000,0.000370,0.000000,0.000000,0.802589,0.197411,0.000000,0.000000,0.000000,0.186488,0.193329
1.1850,-0.00000,0.05638,0.48148,1.00000,0.00003,0.00122,0.00165,0.00434,0.04153,0.31555,0.31445,0.00244,0.04748,2,0.03493,0.00244,0.034746,-0.00006,-0.4725,-0.0003,-0.0059,-0.0285,-0.3424,0.0448,-0.4873,0,0.04900,0.01900,0.0066,0.0222,0.006006,0.074761,-0.0097,0.1426,50.9483,-0.0151,0.2054,51.6853,-0.0295,-0.3314,11.8216,0.0086,-0.1781,13.3847,0.001748,0.005097,50.9485,0.001792,0.005019,51.6853,-0.007758,-0.019009,11.8227,-0.006663,-0.017279,13.3847,-0.00489,-0.19141,-0.26613,0.50782,-0.24401,0.18810,-0.00214,-0.19113,-0.26696,0.51637,-0.25215,0.19485,0.00581,-0.00001,-0.00008,0.00047,-0.00131,2.10535,0.22031,-1.05023,0.11571,-0.23509,0.01030,0.53751,-0.14905,-0.31563,-0.06394,0.25727,0.00475,0.00027,0.00049,0.00030,6.000,6.000,12.000,12.000,6.000,6.000,6.000,6.000,12.000,12.000,6.000,6.000,6.000,6.000,6.000,6.000,0.004305,0.047838,0.004194,0.047480,0.004194,0.041366,0.004525,0.042440,0.000000,0.000375,0.000000,0.000000,0.803942,0.196058,0.000000,0.000000,0.000000,0.187296,0.194091
1.1900,0.00001,0.05662,0.48148,1.00000,0.00002,0.00122,0.00165,0.00433,0.04170,0.31555,0.31445,0.00244,0.04765,2,0.03493,0.00244,0.034745,-0.00007,-0.4715,-0.0003,-0.0059,-0.0289,-0.3429,0.0488,-0.4875,0,0.04900,0.01900,0.0067,0.0225,0.006004,0.074724,-0.0095,0.1448,51.0326,-0.0153,0.2066,51.7679,-0.0293,-0.3362,11.7345,0.0087,-0.1795,13.3023,0.001745,0.005058,51.0328,0.001790,0.004983,51.7679,-0.007828,-0.019006,11.7357,-0.006716,-0.017274,13.3023,-0.00489,-0.19219,-0.26525,0.50609,-0.24317,0.18891,-0.00212,-0.19190,-0.26609,0.51468,-0.25134,0.19561,0.00585,-0.00001,-0.00009,0.00048,-0.00125,2.12146,0.22068,-1.04871,0.11591,-0.23367,0.01033,0.53291,-0.14901,-0.31353,-0.06387,0.25576,0.00479,0.00028,0.00047,0.00030,6.000,6.000,12.000,12.000,6.000,6.000,6.000,6.000,12.000,12.000,6.000,6.000,6.000,6.000,6.000,6.000,0.004304,0.048014,0.004194,0.047651,0.004194,0.041541,0.004522,0.042629,0.000000,0.000379,0.000000,0.000000,0.805296,0.194704,0.000000,0.000000,0.000000,0.188103,0.194852
1.1950,0.00003,0.05686,0.48148,1.00000,0.00002,0.00122,0.00165,0.00433,0.04188,0.31556,0.31445,0.00244,0.04782,2,0.03493,0.00244,0.034745,-0.00007,-0.4704,-0.0003,-0.0058,-0.0293,-0.3433,0.0529,-0.4876,0,0.04900,0.01900,0.0067,0.0228,0.006002,0.074687,-0.0093,0.1469,51.1169,-0.0155,0.2078,51.8506,-0.0292,-0.3410,11.6474,0.0089,-0.1808,13.2198,0.001743,0.005020,51.1171,0.001788,0.004946,51.8506,-0.007899,-0.019006,11.6486,-0.006769,-0.017265,13.2198,-0.00490,-0.19297,-0.26436,0.50435,-0.24232,0.18972,-0.00211,-0.19267,-0.26521,0.51298,-0.25052,0.19637,0.00589,-0.00001,-0.00011,0.00048,-0.00120,2.13759,0.22103,-1.04716,0.11610,-0.23228,0.01036,0.52829,-0.14896,-0.31145,-0.06380,0.25428,0.00483,0.00028,0.00045,0.00030,6.000,6.000,12.000,12.000,6.000,6.000,6.000,6.000,12.000,12.000,6.000,6.000,6.000,6.000,6.000,6.000,0.004303,0.048189,0.004194,0.047822,0.004194,0.041715,0.004519,0.042819,0.000000,0.000383,0.000000,0.000000,0.806652,0.193348,0.000000,0.000000,0.000000,0.188910,0.195613
1.2000,0.00004,0.05709,0.48148,1.00000,0.00001,0.00122,0.00165,0.00433,0.04206,0.31556,0.31445,0.00244,0.04799,2,0.03493,0.00244,0.034745,-0.00007,-0.4693,-0.0003,-0.0057,-0.0297,-0.3437,0.0570,-0.4877,0,0.04900,0.01900,0.0067,0.0231,0.006000,0.074651,-0.0091,0.1490,51.2012,-0.0157,0.2090,51.9333,-0.0290,-0.3459,11.5602,0.0090,-0.1822,13.1373,0.001740,0.004982,51.2015,0.001786,0.004910,51.9333,-0.007971,-0.019006,11.5614,-0.006822,-0.017258,13.1373,-0.00490,-0.19375,-0.26346,0.50260,-0.24147,0.19052,-0.00209,-0.19344,-0.26432,0.51126,-0.24970,0.19713,0.00593,-0.00001,-0.00013,0.00049,-0.00114,2.15376,0.22138,-1.04558,0.11629,-0.23090,0.01039,0.52365,-0.14890,-0.30937,-0.06373,0.25281,0.00487,0.00028,0.00043,0.00030,6.000,6.000,12.000,12.000,6.000,6.000,6.000,6.000,12.000,12.000,6.000,6.000,6.000,6.000,6.000,6.000,0.004302,0.048365,0.004194,0.047992,0.004194,0.041890,0.004517,0.043008,0.000000,0.000388,0.000000,0.000000,0.808009,0.191991,0.000000,0.000000,0.000000,0.189717,0.196372
1.2050,0.00005,0.05733,0.48148,1.00000,0.00001,0.00122,0.00164,0.00433,0.04223,0.31556,0.31445,0.00244,0.04816,2,0.03493,0.00244,0.034744,-0.00007,-0.4683,-0.0003,-0.0057,-0.0301,-0.3442,0.0613,-0.4879,0,0.04900,0.01900,0.0068,0.0235,0.005998,0.074614,-0.0089,0.1511,51.2857,-0.0159,0.2102,52.0161,-0.0288,-0.3508,11.4728,0.0091,-0.1835,13.0548,0.001738,0.004945,51.2859,0.001784,0.004874,52.0161,-0.008044,-0.019006,11.4740,-0.006876,-0.017251,13.0548,-0.00490,-0.19453,-0.26256,0.50084,-0.24060,0.19133,-0.00207,-0.19421,-0.26343,0.50954,-0.24886,0.19789,0.00597,-0.00001,-0.00014,0.00050,-0.00109,2.16996,0.22172,-1.04396,0.11648,-0.22953,0.01042,0.51896,-0.14883,-0.30729,-0.06365,0.25134,0.00491,0.00028,0.00041,0.00030,6.000,6.000,12.000,12.000,6.000,6.000,6.000,6.000,12.000,12.000,6.000,6.000,6.000,6.000,6.000,6.000,0.004301,0.048540,0.004194,0.048162,0.004194,0.042064,0.004514,0.043198,0.000000,0.000393,0.000000,0.000000,0.809368,0.190632,0.000000,0.000000,0.000000,0.190523,0.197131
1.2100,0.00007,0.05757,0.48148,1.00000,0.00000,0.00122,0.00164,0.00433,0.04241,0.31556,0.31445,0.00244,0.04833,2,0.03493,0.00244,0.034744,-0.00007,-0.4672,-0.0003,-0.0056,-0.0305,-0.3446,0.0656,-0.4881,0,0.04900,0.01900,0.0068,0.0238,0.005996,0.074578,-0.0087,0.1532,51.3701,-0.0161,0.2114,52.0989,-0.0286,-0.3558,11.3853,0.0093,-0.1849,12.9722,0.001735,0.004907,51.3703,0.001782,0.004838,52.0989,-0.008117,-0.019006,11.3866,-0.006930,-0.017244,12.9722,-0.00491,-0.19530,-0.26165,0.49906,-0.23974,0.19213,-0.00205,-0.19498,-0.26253,0.50780,-0.24803,0.19865,0.00601,-0.00001,-0.00016,0.00050,-0.00103,2.18621,0.22205,-1.04232,0.11666,-0.22815,0.01045,0.51424,-0.14875,-0.30523,-0.06356,0.24987,0.00495,0.00028,0.00039,0.00030,6.000,6.000,12.000,12.000,6.000,6.000,6.000,6.000,12.000,12.000,6.000,6.000,6.000,6.000,6.000,6.000,0.004300,0.048716,0.004194,0.048333,0.004194,0.042239,0.004511,0.043388,0.000000,0.000397,0.000000,0.000000,0.810728,0.189272,0.000000,0.000000,0.000000,0.191329,0.197889
1.2150,0.00008,0.05781,0.48149,1.00000,-0.00000,0.00122,0.00164,0.00433,0.04258,0.31556,0.31445,0.00244,0.04850,2,0.03493,0.00244,0.034743,-0.00007,-0.4661,-0.0003,-0.0056,-0.0310,-0.3451,0.0700,-0.4882,0,0.04900,0.01900,0.0068,0.0241,0.005994,0.074542,-0.0085,0.1553,51.4546,-0.0163,0.2125,52.1817,-0.0284,-0.3608,11.2978,0.0094,-0.1862,12.8896,0.001733,0.004870,51.4549,0.001780,0.004802,52.1817,-0.008192,-0.019006,11.2990,-0.006985,-0.017236,12.8896,-0.00491,-0.19608,-0.26073,0.49727,-0.23887,0.19294,-0.00203,-0.19574,-0.26162,0.50604,-0.24718,0.19940,0.00605,-0.00001,-0.00018,0.00051,-0.00097,2.20250,0.22237,-1.04065,0.11684,-0.22678,0.01048,0.50948,-0.14865,-0.30318,-0.06347,0.24840,0.00499,0.00028,0.00036,0.00030,6.000,6.000,12.000,12.000,6.000,6.000,6.000,6.000,12.000,12.000,6.000,6.000,6.000,6.000,6.000,6.000,0.004299,0.048891,0.004194,0.048503,0.004194,0.042414,0.004508,0.043578,0.000000,0.000402,0.000000,0.000000,0.812090,0.187910,0.000000,0.000000,0.000000,0.192134,0.198646
1.2200,0.00010,0.05805,0.48149,1.00000,-0.00001,0.00122,0.00164,0.00433,0.04276,0.31556,0.31445,0.00244,0.04867,2,0.03494,0.00244,0.034743,-0.00007,-0.4651,-0.0003,-0.0055,-0.0314,-0.3456,0.0745,-0.4884,0,0.04900,0.01900,0.0068,0.0245,0.005992,0.074506,-0.0083,0.1574,51.5392,-0.0165,0.2137,52.2646,-0.0282,-0.3658,11.2101,0.0096,-0.1876,12.8069,0.001730,0.004833,51.5394,0.001777,0.004767,52.2646,-0.008267,-0.019007,11.2113,-0.007040,-0.017229,12.8069,-0.00491,-0.19685,-0.25981,0.49547,-0.23799,0.19374,-0.00201,-0.19651,-0.26071,0.50428,-0.24633,0.20016,0.00609,-0.00001,-0.00020,0.00051,-0.00092,2.21882,0.22268,-1.03894,0.11702,-0.22541,0.01050,0.50468,-0.14855,-0.30113,-0.06338,0.24693,0.00504,0.00029,0.00034,0.00030,6.000,6.000,12.000,12.000,6.000,6.000,6.000,6.000,12.000,12.000,6.000,6.000,6.000,6.000,6.000,6.000,0.004298,0.049066,0.004194,0.048673,0.004194,0.042588,0.004506,0.043768,0.000000,0.000407,0.000000,0.000000,0.813453,0.186547,0.000000,0.000000,0.000000,0.192939,0.199403
1.2250,0.00011,0.05829,0.48149,1.00000,-0.00001,0.00122,0.00163,0.00433,0.04294,0.31556,0.31445,0.00244,0.04884,2,0.03494,0.00244,0.034743,-0.00007,-0.4640,-0.0003,-0.0054,-0.0319,-0.3460,0.0790,-0.4886,0,0.04900,0.01900,0.0069,0.0248,0.005990,0.074470,-0.0081,0.1595,51.6238,-0.0167,0.2148,52.3475,-0.0280,-0.3708,11.1223,0.0097,-0.1890,12.7242,0.001727,0.004796,51.6240,0.001775,0.004732,52.3475,-0.008344,-0.019005,11.1235,-0.007096,-0.017222,12.7242,-0.00491,-0.19762,-0.25888,0.49366,-0.23710,0.19455,-0.00199,-0.19727,-0.25979,0.50249,-0.24547,0.20091,0.00613,-0.00001,-0.00022,0.00052,-0.00086,2.23520,0.22299,-1.03721,0.11720,-0.22403,0.01053,0.49983,-0.14843,-0.29909,-0.06327,0.24545,0.00508,0.00029,0.00032,0.00031,6.000,6.000,12.000,12.000,6.000,6.000,6.000,6.000,12.000,12.000,6.000,6.000,6.000,6.000,6.000,6.000,0.004297,0.049241,0.004194,0.048843,0.004194,0.042763,0.004503,0.043959,0.000000,0.000412,0.000000,0.000000,0.814817,0.185183,0.000000,0.000000,0.000000,0.193743,0.200159
1.2300,0.00013,0.05852,0.48149,1.00000,-0.00002,0.00122,0.00163,0.00433,0.04311,0.31556,0.31445,0.00244,0.04901,2,0.03494,0.00244,0.034742,-0.00006,-0.4630,-0.0003,-0.0054,-0.0323,-0.3465,0.0836,-0.4887,0,0.04900,0.01900,0.0069,0.0251,0.005987,0.074435,-0.0078,0.1615,51.7085,-0.0170,0.2160,52.4304,-0.0278,-0.3759,11.0343,0.0099,-0.1904,12.6415,0.001724,0.004759,51.7087,0.001773,0.004696,52.4304,-0.008421,-0.019006,11.0356,-0.007152,-0.017213,12.6415,-0.00491,-0.19840,-0.25794,0.49183,-0.23621,0.19535,-0.00197,-0.19804,-0.25886,0.50070,-0.24460,0.20167,0.00618,-0.00001,-0.00024,0.00053,-0.00080,2.25160,0.22328,-1.03544,0.11737,-0.22267,0.01055,0.49496,-0.14830,-0.29707,-0.06317,0.24398,0.00513,0.00029,0.00030,0.00031,6.000,6.000,12.000,12.000,6.000,6.000,6.000,6.000,12.000,12.000,6.000,6.000,6.000,6.000,6.000,6.000,0.004296,0.049416,0.004194,0.049012,0.004194,0.042937,0.004500,0.044149,0.000000,0.000417,0.000000,0.000000,0.816182,0.183818,0.000000,0.000000,0.000000,0.194547,0.200914
1.2350,0.00014,0.05876,0.48149,1.00000,-0.00002,0.00122,0.00163,0.00433,0.04329,0.31556,0.31445,0.00244,0.04918,2,0.03494,0.00244,0.034742,-0.00006,-0.4619,-0.0003,-0.0053,-0.0328,-0.3470,0.0883,-0.4889,0,0.04900,0.01900,0.0069,0.0255,0.005985,0.074399,-0.0076,0.1636,51.7931,-0.0172,0.2171,52.5134,-0.0276,-0.3811,10.9463,0.0100,-0.1918,12.5587,0.001721,0.004722,51.7934,0.001770,0.004661,52.5134,-0.008500,-0.019006,10.9476,-0.007209,-0.017206,12.5587,-0.00491,-0.19917,-0.25700,0.48999,-0.23532,0.19615,-0.00195,-0.19880,-0.25793,0.49889,-0.24373,0.20242,0.00622,-0.00001,-0.00026,0.00053,-0.00075,2.26805,0.22356,-1.03364,0.11754,-0.22129,0.01057,0.49004,-0.14816,-0.29505,-0.06305,0.24250,0.00517,0.00029,0.00027,0.00031,6.000,6.000,12.000,12.000,6.000,6.000,6.000,6.000,12.000,12.000,6.000,6.000,6.000,6.000,6.000,6.000,0.004295,0.049592,0.004194,0.049182,0.004194,0.043112,0.004497,0.044340,0.000000,0.000422,0.000000,0.000000,0.817549,0.182451,0.000000,0.000000,0.000000,0.195350,0.201669
1.2400,0.00016,0.05900,0.48149,1.00000,-0.00003,0.00122,0.00162,0.00433,0.04346,0.31556,0.31445,0.00244,0.04935,2,0.03494,0.00244,0.034742,-0.00006,-0.4609,-0.0003,-0.0053,-0.0333,-0.3475,0.0931,-0.4891,0,0.04900,0.01900,0.0069,0.0259,0.005982,0.074364,-0.0074,0.1656,51.8779,-0.0174,0.2182,52.5964,-0.0274,-0.3862,10.8582,0.0102,-0.1932,12.4760,0.001718,0.004686,51.8781,0.001768,0.004626,52.5964,-0.008579,-0.019007,10.8595,-0.007266,-0.017198,12.4760,-0.00491,-0.19994,-0.25605,0.48813,-0.23441,0.19695,-0.00192,-0.19956,-0.25699,0.49707,-0.24285,0.20318,0.00627,-0.00001,-0.00028,0.00054,-0.00069,2.28454,0.22383,-1.03181,0.11771,-0.21993,0.01059,0.48508,-0.14800,-0.29304,-0.06293,0.24104,0.00522,0.00030,0.00025,0.00031,6.000,6.000,12.000,12.000,6.000,6.000,6.000,6.000,12.000,12.000,6.000,6.000,6.000,6.000,6.000,6.000,0.004294,0.049766,0.004194,0.049351,0.004194,0.043286,0.004494,0.044531,0.000000,0.000427,0.000000,0.000000,0.818917,0.181083,0.000000,0.000000,0.000000,0.196153,0.202423
1.2450,0.00018,0.05924,0.48149,1.00000,-0.00003,0.00122,0.00162,0.00432,0.04364,0.31556,0.31445,0.00244,0.04952,2,0.03494,0.00244,0.034741,-0.00006,-0.4599,-0.0003,-0.0052,-0.0337,-0.3481,0.0980,-0.4893,0,0.04900,0.01900,0.0070,0.0262,0.005979,0.074329,-0.0072,0.1677,51.9627,-0.0177,0.2193,52.6794,-0.0273,-0.3914,10.7699,0.0103,-0.1946,12.3931,0.001715,0.004649,51.9629,0.001765,0.004592,52.6794,-0.008660,-0.019006,10.7713,-0.007324,-0.017190,12.3931,-0.00491,-0.20071,-0.25509,0.48627,-0.23351,0.19776,-0.00190,-0.20033,-0.25604,0.49523,-0.24196,0.20393,0.00631,-0.00001,-0.00030,0.00055,-0.00063,2.30108,0.22409,-1.02994,0.11788,-0.21856,0.01061,0.48008,-0.14784,-0.29105,-0.06281,0.23955,0.00527,0.00030,0.00022,0.00031,6.000,6.000,12.000,12.000,6.000,6.000,6.000,6.000,12.000,12.000,6.000,6.000,6.000,6.000,6.000,6.000,0.004293,0.049941,0.004194,0.049521,0.004194,0.043461,0.004492,0.044723,0.000000,0.000432,0.000000,0.000000,0.820287,0.179713,0.000000,0.000000,0.000000,0.196955,0.203177
1.2500,0.00019,0.05948,0.48149,1.00000,-0.00004,0.00122,0.00161,0.00432,0.04382,0.31556,0.31445,0.00244,0.04969,2,0.03494,0.00244,0.034741,-0.00006,-0.4588,-0.0003,-0.0051,-0.0342,-0.3486,0.1030,-0.4895,0,0.04900,0.01900,0.0070,0.0266,0.005977,0.074293,-0.0070,0.1697,52.0475,-0.0179,0.2203,52.7624,-0.0271,-0.3967,10.6816,0.0105,-0.1960,12.3103,0.001711,0.004613,52.0478,0.001762,0.004557,52.7624,-0.008741,-0.019007,10.6829,-0.007382,-0.017181,12.3103,-0.00491,-0.20148,-0.25413,0.48439,-0.23259,0.19856,-0.00187,-0.20109,-0.25509,0.49338,-0.24106,0.20468,0.00636,-0.00001,-0.00032,0.00055,-0.00057,2.31764,0.22434,-1.02805,0.11804,-0.21721,0.01063,0.47505,-0.14766,-0.28906,-0.06268,0.23808,0.00532,0.00030,0.00020,0.00031,6.000,6.000,12.000,12.000,6.000,6.000,6.000,6.000,12.000,12.000,6.000,6.000,6.000,6.000,6.000,6.000,0.004293,0.050116,0.004194,0.049690,0.004194,0.043635,0.004489,0.044914,0.000000,0.000437,0.000000,0.000000,0.821658,0.178342,0.000000,0.000000,0.000000,0.197757,0.203930
1.2550,0.00021,0.05972,0.48149,1.00000,-0.00005,0.00122,0.00161,0.00432,0.04399,0.31557,0.31445,0.00244,0.04986,2,0.03494,0.00244,0.034741,-0.00006,-0.4578,-0.0003,-0.0051,-0.0347,-0.3491,0.1080,-0.4897,0,0.04900,0.01900,0.0070,0.0270,0.005974,0.074259,-0.0068,0.1717,52.1324,-0.0181,0.2214,52.8455,-0.0269,-0.4019,10.5931,0.0107,-0.1975,12.2274,0.001708,0.004577,52.1326,0.001759,0.004523,52.8455,-0.008824,-0.019007,10.5945,-0.007441,-0.017174,12.2274,-0.00490,-0.20225,-0.25316,0.48249,-0.23167,0.19936,-0.00185,-0.20185,-0.25412,0.49151,-0.24016,0.20543,0.00640,-0.00001,-0.00034,0.00056,-0.00051,2.33426,0.22458,-1.02612,0.11820,-0.21584,0.01064,0.46997,-0.14747,-0.28708,-0.06254,0.23660,0.00537,0.00030,0.00017,0.00031,6.000,6.000,12.000,12.000,6.000,6.000,6.000,6.000,12.000,12.000,6.000,6.000,6.000,6.000,6.000,6.000,0.004292,0.050291,0.004194,0.049859,0.004194,0.043810,0.004486,0.045106,0.000000,0.000443,0.000000,0.000000,0.823030,0.176970,0.000000,0.000000,0.000000,0.198558,0.204682
1.2600,0.00022,0.05995,0.48150,1.00000,-0.00005,0.00122,0.00160,0.00432,0.04417,0.31557,0.31445,0.00244,0.05003,2,0.03494,0.00244,0.034740,-0.00006,-0.4568,-0.0003,-0.0050,-0.0352,-0.3497,0.1131,-0.4900,0,0.04900,0.01900,0.0070,0.0273,0.005971,0.074224,-0.0066,0.1737,52.2173,-0.0184,0.2224,52.9286,-0.0267,-0.4072,10.5045,0.0108,-0.1989,12.1445,0.001704,0.004541,52.2176,0.001757,0.004488,52.9286,-0.008907,-0.019007,10.5059,-0.007500,-0.017165,12.1445,-0.00490,-0.20302,-0.25218,0.48059,-0.23074,0.20016,-0.00182,-0.20260,-0.25315,0.48963,-0.23925,0.20618,0.00645,-0.00001,-0.00036,0.00057,-0.00045,2.35091,0.22481,-1.02415,0.11835,-0.21448,0.01066,0.46485,-0.14726,-0.28512,-0.06239,0.23512,0.00542,0.00031,0.00015,0.00031,6.000,6.000,12.000,12.000,6.000,6.000,6.000,6.000,12.000,12.000,6.000,6.000,6.000,6.000,6.000,6.000,0.004291,0.050465,0.004194,0.050028,0.004194,0.043984,0.004483,0.045297,0.000000,0.000448,0.000000,0.000000,0.824404,0.175596,0.000000,0.000000,0.000000,0.199358,0.205434
1.2650,0.00024,0.06019,0.48150,1.00000,-0.00006,0.00122,0.00160,0.00432,0.04434,0.31557,0.31445,0.00244,0.05020,2,0.03494,0.00244,0.034740,-0.00006,-0.4558,-0.0003,-0.0050,-0.0357,-0.3503,0.1184,-0.4902,0,0.04900,0.01900,0.0071,0.0277,0.005968,0.074189,-0.0064,0.1757,52.3022,-0.0186,0.2235,53.0118,-0.0265,-0.4126,10.4158,0.0110,-0.2003,12.0616,0.001701,0.004505,52.3025,0.001754,0.004454,53.0118,-0.008992,-0.019007,10.4172,-0.007560,-0.017156,12.0616,-0.00490,-0.20378,-0.25119,0.47867,-0.22981,0.20096,-0.00180,-0.20336,-0.25218,0.48773,-0.23833,0.20693,0.00650,-0.00001,-0.00038,0.00058,-0.00039,2.36760,0.22503,-1.02215,0.11851,-0.21312,0.01067,0.45969,-0.14704,-0.28316,-0.06224,0.23364,0.00548,0.00031,0.00012,0.00032,6.000,6.000,12.000,12.000,6.000,6.000,6.000,6.000,12.000,12.000,6.000,6.000,6.000,6.000,6.000,6.000,0.004290,0.050640,0.004194,0.050196,0.004194,0.044159,0.004480,0.045489,0.000000,0.000454,0.000000,0.000000,0.825779,0.174221,0.000000,0.000000,0.000000,0.200158,0.206185
1.2700,0.00025,0.06043,0.48150,1.00000,-0.00006,0.00122,0.00159,0.00432,0.04452,0.31557,0.31445,0.00244,0.05036,2,0.03494,0.00244,0.034739,-0.00006,-0.4547,-0.0003,-0.0049,-0.0362,-0.3508,0.1237,-0.4904,0,0.04900,0.01900,0.0071,0.0281,0.005965,0.074155,-0.0062,0.1777,52.3872,-0.0189,0.2245,53.0949,-0.0262,-0.4180,10.3270,0.0112,-0.2018,11.9786,0.001697,0.004469,52.3875,0.001751,0.004420,53.0949,-0.009078,-0.019007,10.3284,-0.007620,-0.017147,11.9786,-0.00489,-0.20455,-0.25020,0.47673,-0.22887,0.20176,-0.00177,-0.20412,-0.25119,0.48582,-0.23741,0.20768,0.00655,-0.00001,-0.00040,0.00058,-0.00033,2.38434,0.22524,-1.02012,0.11866,-0.21176,0.01069,0.45450,-0.14681,-0.28122,-0.06209,0.23216,0.00553,0.00031,0.00010,0.00032,6.000,6.000,12.000,12.000,6.000,6.000,6.000,6.000,12.000,12.000,6.000,6.000,6.000,6.000,6.000,6.000,0.004289,0.050814,0.004194,0.050365,0.004194,0.044333,0.004477,0.045682,0.000000,0.000459,0.000000,0.000000,0.827155,0.172845,0.000000,0.000000,0.000000,0.200957,0.206935
1.2750,0.00027,0.06067,0.48150,1.00000,-0.00007,0.00122,0.00158,0.00432,0.04470,0.31557,0.31445,0.00244,0.05053,2,0.03494,0.00244,0.034739,-0.00006,-0.4537,-0.0003,-0.0048,-0.0368,-0.3514,0.1291,-0.4906,0,0.04900,0.01900,0.0071,0.0285,0.005962,0.074120,-0.0060,0.1797,52.4722,-0.0191,0.2255,53.1781,-0.0260,-0.4234,10.2380,0.0114,-0.2032,11.8957,0.001693,0.004433,52.4725,0.001747,0.004386,53.1781,-0.009165,-0.019008,10.2394,-0.007680,-0.017138,11.8957,-0.00489,-0.20532,-0.24920,0.47478,-0.22792,0.20255,-0.00174,-0.20488,-0.25020,0.48389,-0.23647,0.20843,0.00660,-0.00001,-0.00043,0.00059,-0.00026,2.40111,0.22544,-1.01805,0.11880,-0.21041,0.01070,0.44926,-0.14657,-0.27928,-0.06192,0.23069,0.00559,0.00031,0.00007,0.00032,6.000,6.000,12.000,12.000,6.000,6.000,6.000,6.000,12.000,12.000,6.000,6.000,6.000,6.000,6.000,6.000,0.004288,0.050989,0.004194,0.050533,0.004194,0.044508,0.004475,0.045874,0.000000,0.000465,0.000000,0.000000,0.828533,0.171467,0.000000,0.000000,0.000000,0.201756,0.207685
1.2800,0.00029,0.06091,0.48150,1.00000,-0.00008,0.00122,0.00158,0.00432,0.04487,0.31557,0.31445,0.00244,0.05070,2,0.03494,0.00244,0.034739,-0.00006,-0.4527,-0.0003,-0.0048,-0.0373,-0.3520,0.1346,-0.4909,0,0.04900,0.01900,0.0071,0.0289,0.005959,0.074086,-0.0058,0.1817,52.5573,-0.0194,0.2265,53.2613,-0.0258,-0.4288,10.1490,0.0116,-0.2046,11.8127,0.001690,0.004398,52.5576,0.001744,0.004352,53.2613,-0.009254,-0.019007,10.1504,-0.007742,-0.017130,11.8127,-0.00488,-0.20608,-0.24819,0.47282,-0.22697,0.20335,-0.00171,-0.20563,-0.24920,0.48195,-0.23553,0.20918,0.00665,-0.00001,-0.00045,0.00060,-0.00020,2.41793,0.22562,-1.01595,0.11895,-0.20904,0.01071,0.44398,-0.14631,-0.27736,-0.06175,0.22919,0.00564,0.00032,0.00005,0.00032,6.000,6.000,12.000,12.000,6.000,6.000,6.000,6.000,12.000,12.000,6.000,6.000,6.000,6.000,6.000,6.000,0.004287,0.051163,0.004194,0.050701,0.004194,0.044683,0.004472,0.046067,0.000000,0.000471,0.000000,0.000000,0.829912,0.170088,0.000000,0.000000,0.000000,0.202554,0.208434
1.2850,0.00030,0.06115,0.48150,1.00000,-0.00009,0.00122,0.00157,0.00432,0.04505,0.31557,0.31445,0.00245,0.05087,2,0.03494,0.00245,0.034738,-0.00006,-0.4517,-0.0003,-0.0047,-0.0378,-0.3526,0.1403,-0.4911,0,0.04900,0.01900,0.0071,0.0293,0.005955,0.074052,-0.0056,0.1836,52.6424,-0.0196,0.2275,53.3445,-0.0256,-0.4343,10.0598,0.0117,-0.2061,11.7297,0.001686,0.004362,52.6427,0.001741,0.004318,53.3445,-0.009343,-0.019008,10.0612,-0.007804,-0.017120,11.7297,-0.00487,-0.20684,-0.24717,0.47084,-0.22601,0.20415,-0.00168,-0.20638,-0.24819,0.47999,-0.23459,0.20993,0.00671,-0.00001,-0.00047,0.00061,-0.00013,2.43479,0.22580,-1.01381,0.11909,-0.20769,0.01072,0.43866,-0.14603,-0.27545,-0.06158,0.22771,0.00570,0.00032,0.00002,0.00032,6.000,6.000,12.000,12.000,6.000,6.000,6.000,6.000,12.000,12.000,6.000,6.000,6.000,6.000,6.000,6.000,0.004286,0.051337,0.004194,0.050869,0.004194,0.044857,0.004469,0.046259,0.000000,0.000476,0.000000,0.000000,0.831293,0.168707,0.000000,0.000000,0.000000,0.203352,0.209182
1.2900,0.00032,0.06138,0.48150,1.00000,-0.00009,0.00122,0.00156,0.00432,0.04522,0.31557,0.31445,0.00245,0.05104,2,0.03494,0.00245,0.034738,-0.00006,-0.4507,-0.0003,-0.0046,-0.0384,-0.3533,0.1460,-0.4914,0,0.04900,0.01900,0.0072,0.0298,0.005952,0.074018,-0.0054,0.1856,52.7276,-0.0199,0.2284,53.4278,-0.0254,-0.4399,9.9705,0.0119,-0.2075,11.6466,0.001682,0.004327,52.7279,0.001737,0.004285,53.4278,-0.009434,-0.019007,9.9719,-0.007866,-0.017111,11.6466,-0.00487,-0.20761,-0.24615,0.46885,-0.22504,0.20494,-0.00165,-0.20714,-0.24717,0.47801,-0.23363,0.21068,0.00676,-0.00001,-0.00050,0.00061,-0.00007,2.45169,0.22596,-1.01164,0.11922,-0.20633,0.01073,0.43330,-0.14575,-0.27356,-0.06139,0.22623,0.00576,0.00032,-0.00001,0.00032,6.000,6.000,12.000,12.000,6.000,6.000,6.000,6.000,12.000,12.000,6.000,6.000,6.000,6.000,6.000,6.000,0.004285,0.051511,0.004194,0.051037,0.004194,0.045032,0.004466,0.046452,0.000000,0.000482,0.000000,0.000000,0.832675,0.167325,0.000000,0.000000,0.000000,0.204149,0.209930
1.2950,0.00034,0.06162,0.48150,1.00000,-0.00010,0.00122,0.00156,0.00432,0.04540,0.31557,0.31445,0.00245,0.05120,2,0.03494,0.00245,0.034738,-0.00006,-0.4497,-0.0003,-0.0046,-0.0389,-0.3539,0.1518,-0.4916,0,0.04900,0.01900,0.0072,0.0302,0.005949,0.073984,-0.0052,0.1875,52.8128,-0.0202,0.2294,53.5110,-0.0252,-0.4454,9.8811,0.0121,-0.2090,11.5636,0.001678,0.004292,52.8131,0.001734,0.004251,53.5110,-0.009526,-0.019007,9.8825,-0.007929,-0.017101,11.5636,-0.00486,-0.20837,-0.24512,0.46684,-0.22407,0.20574,-0.00162,-0.20789,-0.24614,0.47602,-0.23267,0.21142,0.00681,-0.00001,-0.00052,0.00062,-0.00000,2.46863,0.22611,-1.00942,0.11936,-0.20498,0.01074,0.42790,-0.14545,-0.27167,-0.06120,0.22474,0.00582,0.00032,-0.00003,0.00032,6.000,6.000,12.000,12.000,6.000,6.000,6.000,6.000,12.000,12.000,6.000,6.000,6.000,6.000,6.000,6.000,0.004284,0.051685,0.004194,0.051205,0.004194,0.045206,0.004463,0.046646,0.000000,0.000488,0.000000,0.000000,0.834058,0.165942,0.000000,0.000000,0.000000,0.204945,0.210677
1.3000,0.00036,0.06186,0.48151,1.00000,-0.00011,0.00122,0.00155,0.00432,0.04557,0.31558,0.31445,0.00245,0.05137,2,0.03494,0.00245,0.034737,-0.00006,-0.4487,-0.0003,-0.0045,-0.0395,-0.3546,0.1577,-0.4919,0,0.04900,0.01900,0.0072,0.0306,0.005945,0.073950,-0.0049,0.1894,52.8980,-0.0205,0.2303,53.5943,-0.0250,-0.4511,9.7915,0.0123,-0.2104,11.4805,0.001673,0.004257,52.8984,0.001730,0.004218,53.5943,-0.009620,-0.019008,9.7930,-0.007992,-0.017091,11.4805,-0.00485,-0.20913,-0.24408,0.46482,-0.22308,0.20654,-0.00159,-0.20864,-0.24511,0.47401,-0.23169,0.21217,0.00687,-0.00001,-0.00054,0.00063,0.00007,2.48561,0.22626,-1.00718,0.11949,-0.20363,0.01075,0.42246,-0.14513,-0.26980,-0.06100,0.22325,0.00588,0.00033,-0.00006,0.00032,6.000,6.000,12.000,12.000,6.000,6.000,6.000,6.000,12.000,12.000,6.000,6.000,6.000,6.000,6.000,6.000,0.004283,0.051858,0.004194,0.051372,0.004194,0.045381,0.004460,0.046839,0.000000,0.000494,0.000000,0.000000,0.835443,0.164557,0.000000,0.000000,0.000000,0.205741,0.211423
1.3050,0.00037,0.06210,0.48151,1.00000,-0.00012,0.00122,0.00154,0.00431,0.04575,0.31558,0.31445,0.00245,0.05154,2,0.03494,0.00245,0.034737,-0.00006,-0.4477,-0.0003,-0.0045,-0.0400,-0.3552,0.1638,-0.4921,0,0.04900,0.01900,0.0072,0.0310,0.005941,0.073916,-0.0047,0.1913,52.9833,-0.0207,0.2312,53.6776,-0.0248,-0.4567,9.7019,0.0125,-0.2119,11.3974,0.001669,0.004222,52.9836,0.001727,0.004185,53.6776,-0.009715,-0.019006,9.7033,-0.008056,-0.017081,11.3974,-0.00484,-0.20989,-0.24303,0.46279,-0.22210,0.20733,-0.00156,-0.20939,-0.24407,0.47199,-0.23071,0.21291,0.00693,-0.00001,-0.00057,0.00064,0.00014,2.50264,0.22639,-1.00489,0.11961,-0.20226,0.01075,0.41697,-0.14480,-0.26794,-0.06080,0.22174,0.00594,0.00033,-0.00009,0.00033,6.000,6.000,12.000,12.000,6.000,6.000,6.000,6.000,12.000,12.000,6.000,6.000,6.000,6.000,6.000,6.000,0.004282,0.052032,0.004194,0.051540,0.004194,0.045555,0.004457,0.047032,0.000000,0.000500,0.000000,0.000000,0.836829,0.163171,0.000000,0.000000,0.000000,0.206536,0.212168
1.3100,0.00039,0.06233,0.48151,1.00000,-0.00012,0.00122,0.00153,0.00431,0.04592,0.31558,0.31445,0.00245,0.05171,2,0.03494,0.00245,0.034737,-0.00006,-0.4467,-0.0003,-0.0044,-0.0406,-0.3559,0.1700,-0.4924,0,0.04900,0.01900,0.0072,0.0315,0.005938,0.073882,-0.0045,0.1932,53.0686,-0.0210,0.2321,53.7609,-0.0246,-0.4624,9.6121,0.0127,-0.2133,11.3143,0.001665,0.004188,53.0690,0.001723,0.004151,53.7609,-0.009811,-0.019007,9.6136,-0.008121,-0.017069,11.3143,-0.00483,-0.21065,-0.24198,0.46073,-0.22110,0.20812,-0.00153,-0.21014,-0.24302,0.46995,-0.22972,0.21366,0.00698,-0.00001,-0.00059,0.00064,0.00021,2.51970,0.22650,-1.00257,0.11974,-0.20092,0.01076,0.41145,-0.14445,-0.26609,-0.06059,0.22026,0.00601,0.00033,-0.00012,0.00033,6.000,6.000,12.000,12.000,6.000,6.000,6.000,6.000,12.000,12.000,6.000,6.000,6.000,6.000,6.000,6.000,0.004281,0.052205,0.004194,0.051707,0.004194,0.045730,0.004454,0.047226,0.000000,0.000506,0.000000,0.000000,0.838217,0.161783,0.000000,0.000000,0.000000,0.207330,0.212913
1.3150,0.00041,0.06257,0.48151,1.00000,-0.00013,0.00122,0.00152,0.00431,0.04610,0.31558,0.31445,0.00245,0.05187,2,0.03494,0.00245,0.034736,-0.00006,-0.4457,-0.0003,-0.0043,-0.0412,-0.3566,0.1762,-0.4927,0,0.04900,0.01900,0.0072,0.0319,0.005934,0.073849,-0.0043,0.1951,53.1540,-0.0213,0.2329,53.8443,-0.0244,-0.4681,9.5221,0.0129,-0.2148,11.2311,0.001660,0.004153,53.1543,0.001719,0.004119,53.8443,-0.009909,-0.019008,9.5236,-0.008186,-0.017060,11.2311,-0.00482,-0.21140,-0.24091,0.45867,-0.22010,0.20892,-0.00149,-0.21089,-0.24196,0.46789,-0.22873,0.21440,0.00704,-0.00001,-0.00062,0.00065,0.00028,2.53680,0.22661,-1.00021,0.11986,-0.19957,0.01076,0.40589,-0.14409,-0.26426,-0.06037,0.21877,0.00607,0.00034,-0.00015,0.00033,6.000,6.000,12.000,12.000,6.000,6.000,6.000,6.000,12.000,12.000,6.000,6.000,6.000,6.000,6.000,6.000,0.004280,0.052379,0.004194,0.051873,0.004194,0.045904,0.004451,0.047420,0.000000,0.000512,0.000000,0.000000,0.839606,0.160394,0.000000,0.000000,0.000000,0.208124,0.213657
1.3200,0.00042,0.06281,0.48151,1.00000,-0.00014,0.00122,0.00151,0.00431,0.04628,0.31558,0.31445,0.00245,0.05204,2,0.03495,0.00245,0.034736,-0.00006,-0.4447,-0.0003,-0.0043,-0.0418,-0.3573,0.1826,-0.4929,0,0.04900,0.01900,0.0073,0.0324,0.005930,0.073816,-0.0041,0.1970,53.2394,-0.0216,0.2338,53.9276,-0.0241,-0.4739,9.4321,0.0131,-0.2162,11.1480,0.001656,0.004119,53.2397,0.001715,0.004086,53.9276,-0.010009,-0.019008,9.4336,-0.008252,-0.017049,11.1480,-0.00481,-0.21216,-0.23984,0.45658,-0.21909,0.20971,-0.00146,-0.21163,-0.24089,0.46582,-0.22772,0.21514,0.00710,-0.00001,-0.00064,0.00066,0.00035,2.55394,0.22670,-0.99782,0.11997,-0.19822,0.01076,0.40029,-0.14372,-0.26244,-0.06014,0.21728,0.00614,0.00034,-0.00017,0.00033,6.000,6.000,12.000,12.000,6.000,6.000,6.000,6.000,12.000,12.000,6.000,6.000,6.000,6.000,6.000,6.000,0.004279,0.052552,0.004194,0.052040,0.004194,0.046079,0.004448,0.047614,0.000000,0.000519,0.000000,0.000000,0.840996,0.159004,0.000000,0.000000,0.000000,0.208917,0.214400
1.3250,0.00044,0.06305,0.48151,1.00000,-0.00015,0.00122,0.00151,0.00431,0.04645,0.31558,0.31445,0.00245,0.05221,2,0.03495,0.00245,0.034736,-0.00006,-0.4437,-0.0003,-0.0042,-0.0424,-0.3580,0.1891,-0.4932,0,0.04900,0.01900,0.0073,0.0329,0.005926,0.073783,-0.0039,0.1988,53.3248,-0.0219,0.2346,54.0110,-0.0239,-0.4797,9.3419,0.0134,-0.2177,11.0648,0.001651,0.004084,53.3252,0.001711,0.004053,54.0110,-0.010110,-0.019008,9.3434,-0.008318,-0.017038,11.0648,-0.00480,-0.21292,-0.23876,0.45449,-0.21807,0.21050,-0.00143,-0.21238,-0.23982,0.46372,-0.22671,0.21588,0.00716,-0.00001,-0.00067,0.00067,0.00043,2.57112,0.22679,-0.99538,0.12009,-0.19687,0.01077,0.39465,-0.14332,-0.26063,-0.05990,0.21578,0.00621,0.00034,-0.00020,0.00033,6.000,6.000,12.000,12.000,6.000,6.000,6.000,6.000,12.000,12.000,6.000,6.000,6.000,6.000,6.000,6.000,0.004278,0.052725,0.004194,0.052206,0.004194,0.046253,0.004445,0.047809,0.000000,0.000525,0.000000,0.000000,0.842388,0.157612,0.000000,0.000000,0.000000,0.209709,0.215143
1.3300,0.00046,0.06329,0.48151,1.00000,-0.00016,0.00122,0.00150,0.00431,0.04663,0.31558,0.31445,0.00245,0.05237,2,0.03495,0.00245,0.034735,-0.00006,-0.4427,-0.0003,-0.0041,-0.0430,-0.3587,0.1958,-0.4935,0,0.04900,0.01900,0.0073,0.0333,0.005922,0.073750,-0.0037,0.2007,53.4103,-0.0222,0.2354,54.0944,-0.0237,-0.4856,9.2516,0.0136,-0.2192,10.9816,0.001646,0.004050,53.4107,0.001707,0.004021,54.0944,-0.010212,-0.019005,9.2531,-0.008386,-0.017027,10.9816,-0.00479,-0.21367,-0.23767,0.45237,-0.21705,0.21129,-0.00139,-0.21312,-0.23873,0.46161,-0.22568,0.21662,0.00722,-0.00001,-0.00070,0.00068,0.00051,2.58837,0.22686,-0.99291,0.12019,-0.19550,0.01077,0.38894,-0.14292,-0.25884,-0.05966,0.21425,0.00627,0.00035,-0.00023,0.00033,6.000,6.000,12.000,12.000,6.000,6.000,6.000,6.000,12.000,12.000,6.000,6.000,6.000,6.000,6.000,6.000,0.004277,0.052898,0.004194,0.052372,0.004194,0.046428,0.004442,0.048003,0.000000,0.000532,0.000000,0.000000,0.843782,0.156218,0.000000,0.000000,0.000000,0.210501,0.215884
1.3350,0.00048,0.06352,0.48152,1.00000,-0.00017,0.00122,0.00149,0.00431,0.04680,0.31558,0.31445,0.00245,0.05254,2,0.03495,0.00245,0.034735,-0.00006,-0.4417,-0.0003,-0.0041,-0.0436,-0.3595,0.2026,-0.4938,0,0.04900,0.01900,0.0073,0.0338,0.005918,0.073716,-0.0034,0.2025,53.4959,-0.0225,0.2362,54.1778,-0.0235,-0.4915,9.1611,0.0138,-0.2206,10.8984,0.001641,0.004016,53.4962,0.001703,0.003988,54.1778,-0.010316,-0.019007,9.1626,-0.008453,-0.017013,10.8984,-0.00478,-0.21442,-0.23658,0.45024,-0.21601,0.21208,-0.00136,-0.21387,-0.23764,0.45949,-0.22465,0.21736,0.00729,-0.00001,-0.00072,0.00068,0.00058,2.60562,0.22692,-0.99039,0.12030,-0.19417,0.01077,0.38322,-0.14249,-0.25706,-0.05941,0.21277,0.00635,0.00035,-0.00026,0.00033,6.000,6.000,12.000,12.000,6.000,6.000,6.000,6.000,12.000,12.000,6.000,6.000,6.000,6.000,6.000,6.000,0.004276,0.053070,0.004194,0.052538,0.004194,0.046603,0.004439,0.048198,0.000000,0.000538,0.000000,0.000000,0.845177,0.154823,0.000000,0.000000,0.000000,0.211292,0.216625
1.3400,0.00050,0.06376,0.48152,1.00000,-0.00018,0.00123,0.00148,0.00431,0.04698,0.31558,0.31445,0.00245,0.05270,2,0.03495,0.00245,0.034735,-0.00006,-0.4407,-0.0003,-0.0040,-0.0442,-0.3602,0.2095,-0.4941,0,0.04900,0.01900,0.0073,0.0343,0.005913,0.073684,-0.0032,0.2043,53.5815,-0.0228,0.2369,54.2612,-0.0233,-0.4974,9.0705,0.0140,-0.2221,10.8152,0.001636,0.003982,53.5818,0.001698,0.003956,54.2612,-0.010422,-0.019008,9.0720,-0.008522,-0.017003,10.8152,-0.00477,-0.21518,-0.23547,0.44810,-0.21497,0.21287,-0.00132,-0.21461,-0.23654,0.45734,-0.22361,0.21810,0.00735,-0.00001,-0.00075,0.00069,0.00066,2.62291,0.22696,-0.98784,0.12040,-0.19284,0.01077,0.37747,-0.14205,-0.25530,-0.05915,0.21128,0.00642,0.00035,-0.00029,0.00033,6.000,6.000,12.000,12.000,6.000,6.000,6.000,6.000,12.000,12.000,6.000,6.000,6.000,6.000,6.000,6.000,0.004275,0.053243,0.004194,0.052704,0.004194,0.046777,0.004436,0.048393,0.000000,0.000545,0.000000,0.000000,0.846574,0.153426,0.000000,0.000000,0.000000,0.212082,0.217365
1.3450,0.00052,0.06400,0.48152,1.00000,-0.00019,0.00123,0.00147,0.00431,0.04715,0.31559,0.31445,0.00245,0.05287,2,0.03495,0.00245,0.034734,-0.00006,-0.4398,-0.0003,-0.0039,-0.0448,-0.3610,0.2165,-0.4944,0,0.04900,0.01900,0.0073,0.0348,0.005909,0.073651,-0.0030,0.2061,53.6671,-0.0232,0.2377,54.3446,-0.0230,-0.5034,8.9797,0.0142,-0.2235,10.7320,0.001631,0.003948,53.6674,0.001694,0.003924,54.3446,-0.010530,-0.019009,8.9813,-0.008591,-0.016992,10.7320,-0.00476,-0.21593,-0.23436,0.44593,-0.21393,0.21366,-0.00129,-0.21535,-0.23542,0.45518,-0.22256,0.21884,0.00742,-0.00001,-0.00078,0.00070,0.00074,2.64025,0.22700,-0.98525,0.12050,-0.19150,0.01076,0.37166,-0.14160,-0.25355,-0.05888,0.20977,0.00649,0.00036,-0.00032,0.00034,6.000,6.000,12.000,12.000,6.000,6.000,6.000,6.000,12.000,12.000,6.000,6.000,6.000,6.000,6.000,6.000,0.004274,0.053415,0.004194,0.052869,0.004194,0.046952,0.004433,0.048588,0.000000,0.000551,0.000000,0.000000,0.847973,0.152027,0.000000,0.000000,0.000000,0.212871,0.218104
1.3500,0.00053,0.06424,0.48152,1.00000,-0.00020,0.00123,0.00146,0.00431,0.04733,0.31559,0.31445,0.00245,0.05303,2,0.03495,0.00245,0.034734,-0.00006,-0.4388,-0.0003,-0.0039,-0.0455,-0.3618,0.2237,-0.4947,0,0.04900,0.01900,0.0073,0.0353,0.005904,0.073619,-0.0028,0.2078,53.7527,-0.0235,0.2384,54.4281,-0.0228,-0.5094,8.8889,0.0145,-0.2250,10.6487,0.001626,0.003915,53.7531,0.001689,0.003892,54.4281,-0.010639,-0.019008,8.8904,-0.008660,-0.016980,10.6487,-0.00475,-0.21668,-0.23324,0.44376,-0.21287,0.21445,-0.00125,-0.21609,-0.23430,0.45300,-0.22150,0.21958,0.00748,-0.00001,-0.00080,0.00071,0.00083,2.65764,0.22702,-0.98261,0.12059,-0.19016,0.01076,0.36582,-0.14112,-0.25182,-0.05861,0.20827,0.00657,0.00036,-0.00035,0.00034,6.000,6.000,12.000,12.000,6.000,6.000,6.000,6.000,12.000,12.000,6.000,6.000,6.000,6.000,6.000,6.000,0.004273,0.053587,0.004194,0.053035,0.004194,0.047126,0.004430,0.048784,0.000000,0.000558,0.000000,0.000000,0.849373,0.150627,0.000000,0.000000,0.000000,0.213660,0.218842
1.3550,0.00055,0.06447,0.48152,1.00000,-0.00021,0.00123,0.00145,0.00431,0.04750,0.31559,0.31445,0.00245,0.05320,2,0.03495,0.00245,0.034733,-0.00006,-0.4378,-0.0003,-0.0038,-0.0461,-0.3626,0.2310,-0.4950,0,0.04900,0.01900,0.0073,0.0358,0.005900,0.073586,-0.0026,0.2096,53.8384,-0.0238,0.2391,54.5115,-0.0226,-0.5155,8.7978,0.0147,-0.2264,10.5655,0.001621,0.003881,53.8388,0.001685,0.003860,54.5115,-0.010751,-0.019009,8.7994,-0.008730,-0.016967,10.5655,-0.00473,-0.21743,-0.23211,0.44156,-0.21181,0.21523,-0.00121,-0.21683,-0.23317,0.45080,-0.22044,0.22032,0.00755,-0.00001,-0.00083,0.00072,0.00091,2.67506,0.22702,-0.97994,0.12068,-0.18882,0.01075,0.35993,-0.14063,-0.25010,-0.05832,0.20676,0.00665,0.00037,-0.00038,0.00034,6.000,6.000,12.000,12.000,6.000,6.000,6.000,6.000,12.000,12.000,6.000,6.000,6.000,6.000,6.000,6.000,0.004272,0.053759,0.004194,0.053199,0.004194,0.047301,0.004427,0.048980,0.000000,0.000565,0.000000,0.000000,0.850774,0.149226,0.000000,0.000000,0.000000,0.214448,0.219580
1.3600,0.00057,0.06471,0.48152,1.00000,-0.00022,0.00123,0.00144,0.00430,0.04768,0.31559,0.31445,0.00245,0.05336,2,0.03495,0.00245,0.034733,-0.00006,-0.4369,-0.0003,-0.0037,-0.0468,-0.3634,0.2385,-0.4953,0,0.04900,0.01900,0.0074,0.0363,0.005895,0.073554,-0.0024,0.2113,53.9242,-0.0242,0.2397,54.5950,-0.0224,-0.5216,8.7066,0.0150,-0.2279,10.4822,0.001615,0.003848,53.9246,0.001680,0.003828,54.5950,-0.010864,-0.019006,8.7082,-0.008801,-0.016954,10.4822,-0.00472,-0.21817,-0.23097,0.43935,-0.21073,0.21602,-0.00117,-0.21756,-0.23203,0.44858,-0.21936,0.22105,0.00762,-0.00001,-0.00086,0.00073,0.00099,2.69254,0.22702,-0.97722,0.12076,-0.18746,0.01075,0.35398,-0.14013,-0.24840,-0.05803,0.20523,0.00673,0.00037,-0.00041,0.00034,6.000,6.000,12.000,12.000,6.000,6.000,6.000,6.000,12.000,12.000,6.000,6.000,6.000,6.000,6.000,6.000,0.004271,0.053931,0.004194,0.053364,0.004194,0.047475,0.004424,0.049176,0.000000,0.000572,0.000000,0.000000,0.852177,0.147823,0.000000,0.000000,0.000000,0.215235,0.220316
1.3650,0.00059,0.06495,0.48153,1.00000,-0.00023,0.00123,0.00143,0.00430,0.04785,0.31559,0.31445,0.00245,0.05353,2,0.03495,0.00245,0.034733,-0.00006,-0.4359,-0.0003,-0.0037,-0.0475,-0.3643,0.2461,-0.4956,0,0.04900,0.01900,0.0074,0.0368,0.005890,0.073522,-0.0021,0.2130,54.0100,-0.0245,0.2403,54.6784,-0.0221,-0.5278,8.6153,0.0152,-0.2293,10.3989,0.001610,0.003815,54.0104,0.001675,0.003796,54.6784,-0.010979,-0.019009,8.6169,-0.008873,-0.016939,10.3989,-0.00471,-0.21892,-0.22982,0.43712,-0.20966,0.21681,-0.00114,-0.21830,-0.23088,0.44634,-0.21827,0.22179,0.00769,-0.00001,-0.00089,0.00074,0.00108,2.71003,0.22700,-0.97446,0.12084,-0.18615,0.01074,0.34803,-0.13960,-0.24671,-0.05773,0.20374,0.00681,0.00037,-0.00044,0.00034,6.000,6.000,12.000,12.000,6.000,6.000,6.000,6.000,12.000,12.000,6.000,6.000,6.000,6.000,6.000,6.000,0.004270,0.054102,0.004194,0.053528,0.004194,0.047650,0.004421,0.049372,0.000000,0.000579,0.000000,0.000000,0.853582,0.146418,0.000000,0.000000,0.000000,0.216021,0.221051
1.3700,0.00061,0.06518,0.48153,1.00000,-0.00024,0.00123,0.00142,0.00430,0.04802,0.31559,0.31445,0.00245,0.05369,2,0.03495,0.00245,0.034732,-0.00006,-0.4349,-0.0003,-0.0036,-0.0482,-0.3651,0.2539,-0.4959,0,0.04900,0.01900,0.0074,0.0374,0.005885,0.073490,-0.0019,0.2147,54.0958,-0.0248,0.2409,54.7619,-0.0219,-0.5340,8.5238,0.0155,-0.2308,10.3156,0.001604,0.003782,54.0962,0.001670,0.003765,54.7619,-0.011097,-0.019009,8.5254,-0.008945,-0.016928,10.3156,-0.00469,-0.21966,-0.22866,0.43487,-0.20857,0.21759,-0.00110,-0.21903,-0.22972,0.44408,-0.21718,0.22252,0.00777,-0.00001,-0.00092,0.00075,0.00117,2.72757,0.22697,-0.97166,0.12092,-0.18482,0.01073,0.34202,-0.13906,-0.24505,-0.05741,0.20223,0.00689,0.00038,-0.00048,0.00034,6.000,6.000,12.000,12.000,6.000,6.000,6.000,6.000,12.000,12.000,6.000,6.000,6.000,6.000,6.000,6.000,0.004269,0.054274,0.004194,0.053692,0.004194,0.047824,0.004417,0.049568,0.000000,0.000586,0.000000,0.000000,0.854989,0.145011,0.000000,0.000000,0.000000,0.216806,0.221786
1.3750,0.00063,0.06542,0.48153,1.00000,-0.00025,0.00123,0.00140,0.00430,0.04820,0.31559,0.31445,0.00246,0.05386,2,0.03495,0.00246,0.034732,-0.00006,-0.4340,-0.0003,-0.0035,-0.0489,-0.3660,0.2618,-0.4962,0,0.04900,0.01900,0.0074,0.0379,0.005880,0.073458,-0.0017,0.2164,54.1817,-0.0252,0.2415,54.8454,-0.0217,-0.5403,8.4321,0.0157,-0.2322,10.2323,0.001598,0.003749,54.1821,0.001665,0.003733,54.8454,-0.011216,-0.019009,8.4337,-0.009018,-0.016914,10.2323,-0.00468,-0.22041,-0.22749,0.43261,-0.20747,0.21837,-0.00106,-0.21976,-0.22855,0.44180,-0.21607,0.22325,0.00784,-0.00001,-0.00095,0.00075,0.00126,2.74515,0.22693,-0.96882,0.12099,-0.18349,0.01072,0.33596,-0.13850,-0.24339,-0.05709,0.20071,0.00697,0.00038,-0.00051,0.00034,6.000,6.000,12.000,12.000,6.000,6.000,6.000,6.000,12.000,12.000,6.000,6.000,6.000,6.000,6.000,6.000,0.004268,0.054445,0.004194,0.053856,0.004194,0.047999,0.004414,0.049765,0.000000,0.000593,0.000000,0.000000,0.856397,0.143603,0.000000,0.000000,0.000000,0.217591,0.222519
1.3800,0.00065,0.06566,0.48153,1.00000,-0.00026,0.00123,0.00139,0.00430,0.04837,0.31560,0.31445,0.00246,0.05402,2,0.03495,0.00246,0.034732,-0.00006,-0.4330,-0.0003,-0.0035,-0.0496,-0.3669,0.2699,-0.4965,0,0.04900,0.01900,0.0074,0.0385,0.005875,0.073427,-0.0015,0.2180,54.2677,-0.0256,0.2421,54.9289,-0.0214,-0.5466,8.3403,0.0160,-0.2337,10.1490,0.001592,0.003716,54.2681,0.001660,0.003702,54.9289,-0.011338,-0.019009,8.3419,-0.009092,-0.016900,10.1490,-0.00466,-0.22115,-0.22632,0.43032,-0.20637,0.21916,-0.00102,-0.22050,-0.22737,0.43950,-0.21496,0.22398,0.00791,-0.00001,-0.00098,0.00076,0.00135,2.76276,0.22687,-0.96594,0.12106,-0.18217,0.01071,0.32987,-0.13792,-0.24176,-0.05676,0.19920,0.00706,0.00039,-0.00054,0.00034,6.000,6.000,12.000,12.000,6.000,6.000,6.000,6.000,12.000,12.000,6.000,6.000,6.000,6.000,6.000,6.000,0.004267,0.054616,0.004194,0.054020,0.004194,0.048173,0.004411,0.049962,0.000000,0.000600,0.000000,0.000000,0.857808,0.142192,0.000000,0.000000,0.000000,0.218374,0.223252
1.3850,0.00067,0.06589,0.48153,1.00000,-0.00027,0.00123,0.00138,0.00430,0.04855,0.31560,0.31445,0.00246,0.05418,2,0.03495,0.00246,0.034731,-0.00006,-0.4321,-0.0003,-0.0034,-0.0503,-0.3678,0.2782,-0.4969,0,0.04900,0.01900,0.0074,0.0390,0.005870,0.073395,-0.0012,0.2197,54.3536,-0.0259,0.2426,55.0124,-0.0212,-0.5530,8.2484,0.0162,-0.2351,10.0657,0.001586,0.003682,54.3540,0.001655,0.003671,55.0124,-0.011462,-0.019001,8.2500,-0.009167,-0.016886,10.0657,-0.00465,-0.22189,-0.22513,0.42802,-0.20525,0.21994,-0.00098,-0.22122,-0.22618,0.43718,-0.21383,0.22471,0.00799,-0.00001,-0.00101,0.00077,0.00144,2.78047,0.22680,-0.96301,0.12112,-0.18078,0.01070,0.32368,-0.13732,-0.24015,-0.05643,0.19762,0.00715,0.00039,-0.00057,0.00035,6.000,6.000,12.000,12.000,6.000,6.000,6.000,6.000,12.000,12.000,6.000,6.000,6.000,6.000,6.000,6.000,0.004266,0.054786,0.004194,0.054183,0.004194,0.048348,0.004408,0.050159,0.000000,0.000608,0.000000,0.000000,0.859219,0.140781,0.000000,0.000000,0.000000,0.219157,0.223984
1.3900,0.00069,0.06613,0.48153,1.00000,-0.00028,0.00123,0.00137,0.00430,0.04872,0.31560,0.31445,0.00246,0.05435,2,0.03495,0.00246,0.034731,-0.00006,-0.4311,-0.0003,-0.0033,-0.0510,-0.3687,0.2867,-0.4972,0,0.04900,0.01900,0.0074,0.0396,0.005865,0.073363,-0.0010,0.2213,54.4397,-0.0263,0.2430,55.0959,-0.0209,-0.5594,8.1562,0.0165,-0.2365,9.9823,0.001580,0.003651,54.4401,0.001649,0.003639,55.0959,-0.011588,-0.019009,8.1578,-0.009242,-0.016865,9.9823,-0.00463,-0.22263,-0.22394,0.42570,-0.20413,0.22072,-0.00094,-0.22195,-0.22498,0.43485,-0.21270,0.22544,0.00807,-0.00001,-0.00104,0.00078,0.00154,2.79813,0.22671,-0.96004,0.12118,-0.17951,0.01069,0.31755,-0.13671,-0.23855,-0.05608,0.19615,0.00724,0.00040,-0.00061,0.00035,6.000,6.000,12.000,12.000,6.000,6.000,6.000,6.000,12.000,12.000,6.000,6.000,6.000,6.000,6.000,6.000,0.004265,0.054957,0.004194,0.054345,0.004194,0.048522,0.004405,0.050356,0.000000,0.000615,0.000000,0.000000,0.860633,0.139367,0.000000,0.000000,0.000000,0.219939,0.224714
1.3950,0.00071,0.06637,0.48154,1.00000,-0.00029,0.00123,0.00136,0.00430,0.04890,0.31560,0.31445,0.00246,0.05451,2,0.03495,0.00246,0.034731,-0.00006,-0.4302,-0.0003,-0.0032,-0.0517,-0.3696,0.2953,-0.4975,0,0.04900,0.01900,0.0074,0.0402,0.005859,0.073332,-0.0008,0.2228,54.5258,-0.0267,0.2435,55.1794,-0.0207,-0.5658,8.0639,0.0168,-0.2380,9.8990,0.001574,0.003618,54.5262,0.001644,0.003609,55.1794,-0.011717,-0.019008,8.0655,-0.009318,-0.016856,9.8990,-0.00461,-0.22337,-0.22273,0.42337,-0.20300,0.22150,-0.00090,-0.22268,-0.22376,0.43249,-0.21155,0.22617,0.00815,-0.00001,-0.00107,0.00079,0.00164,2.81587,0.22661,-0.95702,0.12124,-0.17818,0.01068,0.31133,-0.13607,-0.23697,-0.05572,0.19462,0.00734,0.00040,-0.00064,0.00035,6.000,6.000,12.000,12.000,6.000,6.000,6.000,6.000,12.000,12.000,6.000,6.000,6.000,6.000,6.000,6.000,0.004263,0.055127,0.004194,0.054508,0.004194,0.048697,0.004402,0.050554,0.000000,0.000623,0.000000,0.000000,0.862049,0.137951,0.000000,0.000000,0.000000,0.220719,0.225444
1.4000,0.00073,0.06660,0.48154,1.00000,-0.00031,0.00123,0.00135,0.00430,0.04907,0.31560,0.31445,0.00246,0.05467,2,0.03495,0.00246,0.034730,-0.00006,-0.4292,-0.0003,-0.0032,-0.0525,-0.3706,0.3041,-0.4978,0,0.04900,0.01900,0.0074,0.0408,0.005853,0.073301,-0.0005,0.2244,54.6119,-0.0271,0.2439,55.2629,-0.0205,-0.5724,7.9714,0.0171,-0.2394,9.8157,0.001568,0.003586,54.6123,0.001638,0.003579,55.2629,-0.011849,-0.019006,7.9731,-0.009395,-0.016840,9.8157,-0.00460,-0.22410,-0.22152,0.42101,-0.20186,0.22228,-0.00086,-0.22341,-0.22254,0.43010,-0.21039,0.22690,0.00823,-0.00001,-0.00110,0.00080,0.00173,2.83366,0.22650,-0.95396,0.12129,-0.17685,0.01066,0.30506,-0.13541,-0.23541,-0.05535,0.19308,0.00743,0.00041,-0.00068,0.00035,6.000,6.000,12.000,12.000,6.000,6.000,6.000,6.000,12.000,12.000,6.000,6.000,6.000,6.000,6.000,6.000,0.004262,0.055297,0.004194,0.054670,0.004194,0.048872,0.004398,0.050752,0.000000,0.000630,0.000000,0.000000,0.863466,0.136534,0.000000,0.000000,0.000000,0.221499,0.226172
1.4050,0.00075,0.06684,0.48154,1.00000,-0.00032,0.00123,0.00133,0.00430,0.04924,0.31560,0.31445,0.00246,0.05483,2,0.03495,0.00246,0.034730,-0.00006,-0.4283,-0.0003,-0.0031,-0.0532,-0.3716,0.3131,-0.4982,0,0.04900,0.01900,0.0074,0.0414,0.005848,0.073270,-0.0003,0.2259,54.6981,-0.0274,0.2443,55.3465,-0.0202,-0.5789,7.8788,0.0174,-0.2409,9.7323,0.001561,0.003554,54.6985,0.001632,0.003548,55.3465,-0.011983,-0.019008,7.8804,-0.009473,-0.016822,9.7323,-0.00458,-0.22484,-0.22029,0.41864,-0.20071,0.22306,-0.00082,-0.22413,-0.22131,0.42770,-0.20923,0.22763,0.00831,-0.00001,-0.00113,0.00081,0.00183,2.85146,0.22637,-0.95085,0.12133,-0.17555,0.01064,0.29878,-0.13474,-0.23387,-0.05497,0.19157,0.00753,0.00041,-0.00071,0.00035,6.000,6.000,12.000,12.000,6.000,6.000,6.000,6.000,12.000,12.000,6.000,6.000,6.000,6.000,6.000,6.000,0.004261,0.055466,0.004194,0.054832,0.004194,0.049046,0.004395,0.050950,0.000000,0.000638,0.000000,0.000000,0.864886,0.135114,0.000000,0.000000,0.000000,0.222278,0.226899
1.4100,0.00077,0.06708,0.48154,1.00000,-0.00033,0.00123,0.00132,0.00429,0.04942,0.31561,0.31445,0.00246,0.05499,2,0.03495,0.00246,0.034730,-0.00006,-0.4273,-0.0003,-0.0030,-0.0540,-0.3726,0.3222,-0.4985,0,0.04900,0.01900,0.0074,0.0420,0.005842,0.073240,-0.0001,0.2274,54.7844,-0.0278,0.2446,55.4300,-0.0200,-0.5856,7.7859,0.0176,-0.2423,9.6489,0.001554,0.003522,54.7848,0.001626,0.003518,55.4300,-0.012120,-0.019008,7.7876,-0.009552,-0.016808,9.6489,-0.00456,-0.22557,-0.21906,0.41625,-0.19956,0.22383,-0.00077,-0.22485,-0.22006,0.42528,-0.20805,0.22835,0.00840,-0.00001,-0.00117,0.00082,0.00194,2.86932,0.22623,-0.94769,0.12137,-0.17423,0.01062,0.29243,-0.13404,-0.23235,-0.05458,0.19003,0.00763,0.00042,-0.00075,0.00035,6.000,6.000,12.000,12.000,6.000,6.000,6.000,6.000,12.000,12.000,6.000,6.000,6.000,6.000,6.000,6.000,0.004260,0.055636,0.004194,0.054993,0.004194,0.049221,0.004392,0.051149,0.000000,0.000646,0.000000,0.000000,0.866307,0.133693,0.000000,0.000000,0.000000,0.223056,0.227625
1.4150,0.00079,0.06731,0.48154,1.00000,-0.00034,0.00123,0.00131,0.00429,0.04959,0.31561,0.31445,0.00246,0.05515,2,0.03496,0.00246,0.034729,-0.00006,-0.4264,-0.0003,-0.0030,-0.0548,-0.3736,0.3316,-0.4988,0,0.04900,0.01900,0.0074,0.0426,0.005836,0.073209,0.0001,0.2289,54.8707,-0.0282,0.2449,55.5135,-0.0197,-0.5922,7.6929,0.0179,-0.2437,9.5656,0.001548,0.003491,54.8711,0.001620,0.003488,55.5135,-0.012259,-0.019009,7.6945,-0.009631,-0.016791,9.5656,-0.00455,-0.22630,-0.21782,0.41383,-0.19839,0.22461,-0.00073,-0.22557,-0.21881,0.42283,-0.20686,0.22907,0.00848,-0.00001,-0.00120,0.00083,0.00204,2.88720,0.22607,-0.94450,0.12141,-0.17294,0.01060,0.28606,-0.13333,-0.23085,-0.05418,0.18852,0.00774,0.00042,-0.00078,0.00035,6.000,6.000,12.000,12.000,6.000,6.000,6.000,6.000,12.000,12.000,6.000,6.000,6.000,6.000,6.000,6.000,0.004259,0.055805,0.004194,0.055154,0.004194,0.049395,0.004388,0.051347,0.000000,0.000654,0.000000,0.000000,0.867730,0.132270,0.000000,0.000000,0.000000,0.223833,0.228350
1.4200,0.00081,0.06755,0.48155,1.00000,-0.00036,0.00123,0.00130,0.00429,0.04976,0.31561,0.31445,0.00246,0.05531,2,0.03496,0.00246,0.034729,-0.00005,-0.4255,-0.0003,-0.0029,-0.0556,-0.3746,0.3412,-0.4992,0,0.04900,0.01900,0.0074,0.0432,0.005830,0.073179,0.0004,0.2303,54.9570,-0.0287,0.2452,55.5971,-0.0195,-0.5990,7.5997,0.0182,-0.2451,9.4822,0.001541,0.003459,54.9574,0.001614,0.003458,55.5971,-0.012402,-0.019010,7.6013,-0.009711,-0.016775,9.4822,-0.00453,-0.22703,-0.21656,0.41140,-0.19722,0.22538,-0.00069,-0.22629,-0.21754,0.42036,-0.20566,0.22980,0.00857,-0.00001,-0.00123,0.00084,0.00214,2.90512,0.22590,-0.94125,0.12144,-0.17163,0.01058,0.27964,-0.13259,-0.22937,-0.05377,0.18698,0.00785,0.00043,-0.00082,0.00035,6.000,6.000,12.000,12.000,6.000,6.000,6.000,6.000,12.000,12.000,6.000,6.000,6.000,6.000,6.000,6.000,0.004258,0.055974,0.004194,0.055315,0.004194,0.049570,0.004385,0.051546,0.000000,0.000662,0.000000,0.000000,0.869156,0.130844,0.000000,0.000000,0.000000,0.224608,0.229074
1.4250,0.00084,0.06778,0.48155,1.00000,-0.00037,0.00123,0.00128,0.00429,0.04994,0.31561,0.31445,0.00246,0.05548,2,0.03496,0.00246,0.034729,-0.00005,-0.4246,-0.0003,-0.0028,-0.0564,-0.3757,0.3510,-0.4995,0,0.04900,0.01900,0.0074,0.0438,0.005824,0.073148,0.0006,0.2317,55.0434,-0.0291,0.2454,55.6806,-0.0192,-0.6057,7.5063,0.0185,-0.2465,9.3988,0.001534,0.003428,55.0438,0.001608,0.003428,55.6806,-0.012548,-0.019010,7.5079,-0.009792,-0.016758,9.3988,-0.00451,-0.22776,-0.21530,0.40895,-0.19603,0.22616,-0.00065,-0.22701,-0.21626,0.41787,-0.20445,0.23052,0.00866,-0.00001,-0.00127,0.00085,0.00225,2.92309,0.22572,-0.93796,0.12146,-0.17033,0.01056,0.27318,-0.13183,-0.22792,-0.05335,0.18544,0.00796,0.00044,-0.00086,0.00035,6.000,6.000,12.000,12.000,6.000,6.000,6.000,6.000,12.000,12.000,6.000,6.000,6.000,6.000,6.000,6.000,0.004257,0.056142,0.004194,0.055475,0.004194,0.049744,0.004382,0.051746,0.000000,0.000670,0.000000,0.000000,0.870583,0.129417,0.000000,0.000000,0.000000,0.225383,0.229797
1.4300,0.00086,0.06802,0.48155,1.00000,-0.00038,0.00123,0.00127,0.00429,0.05011,0.31561,0.31445,0.00246,0.05563,2,0.03496,0.00246,0.034728,-0.00005,-0.4236,-0.0003,-0.0027,-0.0572,-0.3767,0.3610,-0.4999,0,0.04900,0.01900,0.0074,0.0445,0.005818,0.073118,0.0009,0.2331,55.1299,-0.0295,0.2456,55.7641,-0.0189,-0.6126,7.4127,0.0188,-0.2479,9.3155,0.001527,0.003396,55.1303,0.001602,0.003398,55.7641,-0.012697,-0.019003,7.4143,-0.009874,-0.016740,9.3155,-0.00449,-0.22849,-0.21402,0.40648,-0.19484,0.22693,-0.00060,-0.22772,-0.21497,0.41535,-0.20323,0.23124,0.00876,-0.00001,-0.00130,0.00086,0.00236,2.94113,0.22552,-0.93461,0.12148,-0.16899,0.01053,0.26663,-0.13105,-0.22648,-0.05292,0.18385,0.00807,0.00044,-0.00090,0.00035,6.000,6.000,12.000,12.000,6.000,6.000,6.000,6.000,12.000,12.000,6.000,6.000,6.000,6.000,6.000,6.000,0.004256,0.056310,0.004194,0.055635,0.004194,0.049919,0.004378,0.051945,0.000000,0.000678,0.000000,0.000000,0.872012,0.127988,0.000000,0.000000,0.000000,0.226157,0.230518
1.4350,0.00088,0.06825,0.48155,1.00000,-0.00040,0.00123,0.00126,0.00429,0.05028,0.31561,0.31445,0.00247,0.05579,2,0.03496,0.00247,0.034728,-0.00005,-0.4227,-0.0003,-0.0027,-0.0581,-0.3778,0.3712,-0.5002,0,0.04900,0.01900,0.0074,0.0451,0.005811,0.073087,0.0011,0.2345,55.2164,-0.0299,0.2457,55.8476,-0.0187,-0.6195,7.3189,0.0192,-0.2493,9.2321,0.001519,0.003365,55.2168,0.001595,0.003368,55.8476,-0.012850,-0.019005,7.3205,-0.009957,-0.016716,9.2321,-0.00447,-0.22921,-0.21274,0.40399,-0.19363,0.22770,-0.00056,-0.22844,-0.21366,0.41281,-0.20199,0.23196,0.00885,-0.00001,-0.00134,0.00087,0.00247,2.95917,0.22530,-0.93123,0.12150,-0.16770,0.01051,0.26009,-0.13025,-0.22507,-0.05248,0.18232,0.00819,0.00045,-0.00094,0.00035,6.000,6.000,12.000,12.000,6.000,6.000,6.000,6.000,12.000,12.000,6.000,6.000,6.000,6.000,6.000,6.000,0.004255,0.056478,0.004194,0.055794,0.004194,0.050093,0.004375,0.052145,0.000000,0.000687,0.000000,0.000000,0.873444,0.126556,0.000000,0.000000,0.000000,0.226929,0.231238
1.4400,0.00090,0.06849,0.48156,1.00000,-0.00041,0.00123,0.00125,0.00429,0.05046,0.31562,0.31445,0.00247,0.05595,2,0.03496,0.00247,0.034728,-0.00005,-0.4218,-0.0003,-0.0026,-0.0589,-0.3790,0.3817,-0.5005,0,0.04900,0.01900,0.0074,0.0458,0.005805,0.073058,0.0013,0.2358,55.3030,-0.0304,0.2458,55.9311,-0.0184,-0.6265,7.2248,0.0195,-0.2507,9.1487,0.001512,0.003334,55.3034,0.001589,0.003339,55.9311,-0.013006,-0.019007,7.2265,-0.010041,-0.016699,9.1487,-0.00445,-0.22994,-0.21144,0.40148,-0.19242,0.22847,-0.00051,-0.22915,-0.21235,0.41024,-0.20074,0.23267,0.00895,-0.00001,-0.00137,0.00088,0.00258,2.97724,0.22507,-0.92779,0.12151,-0.16642,0.01048,0.25352,-0.12942,-0.22369,-0.05202,0.18079,0.00831,0.00046,-0.00098,0.00036,6.000,6.000,12.000,12.000,6.000,6.000,6.000,6.000,12.000,12.000,6.000,6.000,6.000,6.000,6.000,6.000,0.004253,0.056646,0.004194,0.055953,0.004194,0.050268,0.004372,0.052345,0.000000,0.000695,0.000000,0.000000,0.874878,0.125122,0.000000,0.000000,0.000000,0.227700,0.231957
1.4450,0.00092,0.06872,0.48156,1.00000,-0.00043,0.00123,0.00123,0.00429,0.05063,0.31562,0.31445,0.00247,0.05611,2,0.03496,0.00247,0.034727,-0.00005,-0.4209,-0.0003,-0.0025,-0.0598,-0.3801,0.3924,-0.5009,0,0.04900,0.01900,0.0074,0.0465,0.005798,0.073028,0.0016,0.2371,55.3896,-0.0308,0.2458,56.0146,-0.0182,-0.6335,7.1306,0.0198,-0.2521,9.0653,0.001504,0.003304,55.3900,0.001582,0.003310,56.0146,-0.013166,-0.019008,7.1323,-0.010126,-0.016681,9.0653,-0.00444,-0.23066,-0.21013,0.39895,-0.19120,0.22924,-0.00047,-0.22986,-0.21102,0.40766,-0.19949,0.23339,0.00904,-0.00001,-0.00141,0.00089,0.00270,2.99535,0.22482,-0.92430,0.12151,-0.16514,0.01045,0.24690,-0.12857,-0.22232,-0.05155,0.17925,0.00843,0.00046,-0.00102,0.00036,6.000,6.000,12.000,12.000,6.000,6.000,6.000,6.000,12.000,12.000,6.000,6.000,6.000,6.000,6.000,6.000,0.004252,0.056813,0.004194,0.056112,0.004194,0.050442,0.004368,0.052546,0.000000,0.000704,0.000000,0.000000,0.876314,0.123686,0.000000,0.000000,0.000000,0.228470,0.232674
1.4500,0.00095,0.06896,0.48156,1.00000,-0.00044,0.00123,0.00122,0.00429,0.05080,0.31562,0.31445,0.00247,0.05627,2,0.03496,0.00247,0.034727,-0.00005,-0.4200,-0.0003,-0.0024,-0.0607,-0.3813,0.4033,-0.5012,0,0.04900,0.01900,0.0074,0.0472,0.005791,0.072999,0.0018,0.2383,55.4763,-0.0313,0.2458,56.0982,-0.0179,-0.6406,7.0362,0.0201,-0.2535,8.9820,0.001497,0.003273,55.4767,0.001575,0.003281,56.0982,-0.013329,-0.019005,7.0379,-0.010212,-0.016662,8.9820,-0.00442,-0.23138,-0.20881,0.39639,-0.18996,0.23001,-0.00042,-0.23056,-0.20968,0.40504,-0.19822,0.23411,0.00915,-0.00001,-0.00144,0.00090,0.00281,3.01352,0.22455,-0.92077,0.12151,-0.16384,0.01042,0.24021,-0.12770,-0.22098,-0.05107,0.17768,0.00856,0.00047,-0.00106,0.00036,6.000,6.000,12.000,12.000,6.000,6.000,6.000,6.000,12.000,12.000,6.000,6.000,6.000,6.000,6.000,6.000,0.004251,0.056980,0.004194,0.056270,0.004194,0.050617,0.004365,0.052747,0.000000,0.000712,0.000000,0.000000,0.877752,0.122248,0.000000,0.000000,0.000000,0.229239,0.233390
1.4550,0.00097,0.06919,0.48156,1.00000,-0.00046,0.00123,0.00121,0.00429,0.05097,0.31562,0.31445,0.00247,0.05643,2,0.03496,0.00247,0.034727,-0.00005,-0.4191,-0.0003,-0.0023,-0.0616,-0.3825,0.4145,-0.5016,0,0.04900,0.01900,0.0074,0.0479,0.005784,0.072970,0.0021,0.2395,55.5631,-0.0317,0.2458,56.1816,-0.0176,-0.6477,6.9415,0.0205,-0.2548,8.8986,0.001489,0.003243,55.5635,0.001568,0.003252,56.1816,-0.013497,-0.019007,6.9433,-0.010299,-0.016639,8.8986,-0.00440,-0.23210,-0.20748,0.39382,-0.18872,0.23077,-0.00038,-0.23127,-0.20832,0.40240,-0.19693,0.23482,0.00925,-0.00001,-0.00148,0.00091,0.00293,3.03170,0.22427,-0.91718,0.12151,-0.16258,0.01039,0.23351,-0.12680,-0.21967,-0.05058,0.17614,0.00869,0.00048,-0.00110,0.00036,6.000,6.000,12.000,12.000,6.000,6.000,6.000,6.000,12.000,12.000,6.000,6.000,6.000,6.000,6.000,6.000,0.004250,0.057146,0.004194,0.056428,0.004194,0.050792,0.004361,0.052948,0.000000,0.000721,0.000000,0.000000,0.879192,0.120808,0.000000,0.000000,0.000000,0.230006,0.234105
1.4600,0.00099,0.06943,0.48157,1.00000,-0.00047,0.00124,0.00119,0.00428,0.05115,0.31562,0.31445,0.00247,0.05658,2,0.03496,0.00247,0.034727,-0.00005,-0.4182,-0.0003,-0.0023,-0.0625,-0.3837,0.4259,-0.5019,0,0.04900,0.01900,0.0073,0.0486,0.005777,0.072941,0.0023,0.2407,55.6499,-0.0322,0.2456,56.2651,-0.0174,-0.6549,6.8467,0.0208,-0.2562,8.8152,0.001481,0.003213,55.6503,0.001561,0.003223,56.2651,-0.013669,-0.019008,6.8484,-0.010387,-0.016620,8.8152,-0.00438,-0.23281,-0.20614,0.39122,-0.18747,0.23154,-0.00033,-0.23197,-0.20695,0.39974,-0.19564,0.23553,0.00935,-0.00001,-0.00152,0.00092,0.00305,3.04991,0.22398,-0.91354,0.12150,-0.16131,0.01035,0.22676,-0.12588,-0.21838,-0.05008,0.17460,0.00882,0.00048,-0.00114,0.00036,6.000,6.000,12.000,12.000,6.000,6.000,6.000,6.000,12.000,12.000,6.000,6.000,6.000,6.000,6.000,6.000,0.004249,0.057312,0.004194,0.056585,0.004194,0.050966,0.004358,0.053149,0.000000,0.000730,0.000000,0.000000,0.880635,0.119365,0.000000,0.000000,0.000000,0.230772,0.234818
1.4650,0.00102,0.06966,0.48157,1.00000,-0.00049,0.00124,0.00118,0.00428,0.05132,0.31563,0.31445,0.00247,0.05674,2,0.03496,0.00247,0.034726,-0.00005,-0.4173,-0.0003,-0.0022,-0.0634,-0.3849,0.4377,-0.5022,0,0.04900,0.01900,0.0073,0.0493,0.005770,0.072912,0.0026,0.2418,55.7368,-0.0327,0.2455,56.3486,-0.0171,-0.6622,6.7516,0.0212,-0.2576,8.7319,0.001473,0.003183,55.7372,0.001554,0.003195,56.3486,-0.013845,-0.019008,6.7533,-0.010476,-0.016599,8.7319,-0.00435,-0.23353,-0.20479,0.38860,-0.18620,0.23230,-0.00029,-0.23267,-0.20557,0.39704,-0.19433,0.23624,0.00946,-0.00001,-0.00155,0.00094,0.00317,3.06818,0.22366,-0.90985,0.12148,-0.16004,0.01031,0.21997,-0.12494,-0.21712,-0.04956,0.17303,0.00896,0.00049,-0.00119,0.00036,6.000,6.000,12.000,12.000,6.000,6.000,6.000,6.000,12.000,12.000,6.000,6.000,6.000,6.000,6.000,6.000,0.004248,0.057478,0.004194,0.056741,0.004194,0.051141,0.004354,0.053351,0.000000,0.000739,0.000000,0.000000,0.882080,0.117920,0.000000,0.000000,0.000000,0.231537,0.235530
1.4700,0.00104,0.06989,0.48157,1.00000,-0.00050,0.00124,0.00116,0.00428,0.05149,0.31563,0.31445,0.00247,0.05690,2,0.03496,0.00247,0.034726,-0.00005,-0.4164,-0.0003,-0.0021,-0.0644,-0.3862,0.4496,-0.5026,0,0.04900,0.01900,0.0073,0.0501,0.005763,0.072883,0.0028,0.2429,55.8237,-0.0331,0.2452,56.4321,-0.0168,-0.6696,6.6562,0.0215,-0.2589,8.6485,0.001464,0.003153,55.8241,0.001546,0.003166,56.4321,-0.014026,-0.019008,6.6580,-0.010566,-0.016576,8.6485,-0.00433,-0.23424,-0.20343,0.38596,-0.18493,0.23306,-0.00024,-0.23337,-0.20418,0.39433,-0.19301,0.23695,0.00957,-0.00001,-0.00159,0.00095,0.00329,3.08647,0.22333,-0.90611,0.12146,-0.15878,0.01027,0.21314,-0.12397,-0.21589,-0.04903,0.17147,0.00911,0.00050,-0.00123,0.00036,6.000,6.000,12.000,12.000,6.000,6.000,6.000,6.000,12.000,12.000,6.000,6.000,6.000,6.000,6.000,6.000,0.004246,0.057644,0.004194,0.056898,0.004194,0.051315,0.004351,0.053553,0.000000,0.000748,0.000000,0.000000,0.883528,0.116472,0.000000,0.000000,0.000000,0.232301,0.236241
1.4750,0.00106,0.07013,0.48157,1.00000,-0.00052,0.00124,0.00115,0.00428,0.05166,0.31563,0.31445,0.00247,0.05705,2,0.03496,0.00247,0.034726,-0.00005,-0.4155,-0.0003,-0.0020,-0.0653,-0.3875,0.4619,-0.5029,0,0.04900,0.01900,0.0073,0.0508,0.005755,0.072855,0.0031,0.2440,55.9107,-0.0336,0.2450,56.5155,-0.0165,-0.6770,6.5607,0.0219,-0.2602,8.5652,0.001456,0.003123,55.9111,0.001539,0.003138,56.5155,-0.014212,-0.019006,6.5624,-0.010657,-0.016554,8.5652,-0.00431,-0.23495,-0.20205,0.38330,-0.18364,0.23382,-0.00019,-0.23407,-0.20277,0.39158,-0.19167,0.23766,0.00969,-0.00001,-0.00163,0.00096,0.00341,3.10481,0.22299,-0.90232,0.12143,-0.15751,0.01023,0.20625,-0.12297,-0.21469,-0.04849,0.16989,0.00926,0.00051,-0.00128,0.00036,6.000,6.000,12.000,12.000,6.000,6.000,6.000,6.000,12.000,12.000,6.000,6.000,6.000,6.000,6.000,6.000,0.004245,0.057809,0.004194,0.057053,0.004194,0.051490,0.004347,0.053756,0.000000,0.000757,0.000000,0.000000,0.884978,0.115022,0.000000,0.000000,0.000000,0.233063,0.236950
1.4800,0.00109,0.07036,0.48158,1.00000,-0.00054,0.00124,0.00114,0.00428,0.05183,0.31563,0.31445,0.00248,0.05721,2,0.03496,0.00248,0.034725,-0.00005,-0.4147,-0.0003,-0.0019,-0.0663,-0.3888,0.4745,-0.5033,0,0.04900,0.01900,0.0073,0.0516,0.005747,0.072826,0.0033,0.2450,55.9978,-0.0341,0.2446,56.5989,-0.0162,-0.6845,6.4648,0.0222,-0.2615,8.4819,0.001447,0.003094,55.9982,0.001531,0.003110,56.5989,-0.014403,-0.019007,6.4666,-0.010749,-0.016529,8.4819,-0.00429,-0.23566,-0.20067,0.38062,-0.18235,0.23458,-0.00015,-0.23477,-0.20135,0.38880,-0.19032,0.23836,0.00980,-0.00001,-0.00167,0.00097,0.00354,3.12318,0.22262,-0.89847,0.12139,-0.15626,0.01019,0.19933,-0.12195,-0.21351,-0.04793,0.16833,0.00941,0.00052,-0.00133,0.00036,6.000,6.000,12.000,12.000,6.000,6.000,6.000,6.000,12.000,12.000,6.000,6.000,6.000,6.000,6.000,6.000,0.004244,0.057973,0.004194,0.057208,0.004194,0.051664,0.004343,0.053959,0.000000,0.000766,0.000000,0.000000,0.886431,0.113569,0.000000,0.000000,0.000000,0.233823,0.237657
1.4850,0.00111,0.07060,0.48158,1.00000,-0.00056,0.00124,0.00112,0.00428,0.05201,0.31563,0.31445,0.00248,0.05736,2,0.03496,0.00248,0.034725,-0.00005,-0.4138,-0.0003,-0.0019,-0.0673,-0.3901,0.4873,-0.5036,0,0.04900,0.01900,0.0073,0.0524,0.005740,0.072798,0.0036,0.2459,56.0849,-0.0346,0.2442,56.6823,-0.0159,-0.6920,6.3688,0.0226,-0.2628,8.3986,0.001439,0.003065,56.0853,0.001523,0.003083,56.6823,-0.014600,-0.019005,6.3705,-0.010843,-0.016505,8.3986,-0.00427,-0.23636,-0.19927,0.37791,-0.18104,0.23534,-0.00010,-0.23546,-0.19991,0.38600,-0.18896,0.23907,0.00992,-0.00001,-0.00171,0.00098,0.00367,3.14159,0.22224,-0.89457,0.12135,-0.15500,0.01014,0.19236,-0.12090,-0.21237,-0.04736,0.16674,0.00957,0.00053,-0.00138,0.00036,6.000,6.000,12.000,12.000,6.000,6.000,6.000,6.000,12.000,12.000,6.000,6.000,6.000,6.000,6.000,6.000,0.004243,0.058137,0.004194,0.057363,0.004194,0.051839,0.004340,0.054162,0.000000,0.000776,0.000000,0.000000,0.887886,0.112114,0.000000,0.000000,0.000000,0.234582,0.238363
1.4900,0.00114,0.07083,0.48158,1.00000,-0.00057,0.00124,0.00111,0.00428,0.05218,0.31564,0.31445,0.00248,0.05752,2,0.03496,0.00248,0.034725,-0.00005,-0.4129,-0.0003,-0.0018,-0.0683,-0.3915,0.5005,-0.5039,0,0.04900,0.01900,0.0072,0.0531,0.005732,0.072770,0.0038,0.2468,56.1722,-0.0351,0.2437,56.7657,-0.0157,-0.6996,6.2724,0.0230,-0.2641,8.3153,0.001430,0.003036,56.1726,0.001515,0.003055,56.7657,-0.014802,-0.019010,6.2742,-0.010938,-0.016479,8.3153,-0.00425,-0.23707,-0.19786,0.37518,-0.17973,0.23610,-0.00005,-0.23615,-0.19845,0.38317,-0.18758,0.23977,0.01004,-0.00001,-0.00175,0.00099,0.00379,3.16000,0.22184,-0.89062,0.12131,-0.15379,0.01009,0.18539,-0.11982,-0.21126,-0.04677,0.16520,0.00973,0.00054,-0.00143,0.00036,6.000,6.000,12.000,12.000,6.000,6.000,6.000,6.000,12.000,12.000,6.000,6.000,6.000,6.000,6.000,6.000,0.004242,0.058301,0.004194,0.057517,0.004194,0.052013,0.004336,0.054365,0.000000,0.000785,0.000000,0.000000,0.889344,0.110656,0.000000,0.000000,0.000000,0.235340,0.239067
1.4950,0.00116,0.07106,0.48158,1.00000,-0.00059,0.00124,0.00109,0.00428,0.05235,0.31564,0.31445,0.00248,0.05767,2,0.03496,0.00248,0.034724,-0.00005,-0.4120,-0.0003,-0.0017,-0.0693,-0.3929,0.5140,-0.5042,0,0.04900,0.01900,0.0072,0.0540,0.005724,0.072743,0.0041,0.2477,56.2594,-0.0357,0.2432,56.8491,-0.0154,-0.7073,6.1759,0.0234,-0.2654,8.2320,0.001421,0.003007,56.2598,0.001507,0.003028,56.8491,-0.015010,-0.019007,6.1776,-0.011034,-0.016457,8.2320,-0.00423,-0.23777,-0.19643,0.37243,-0.17840,0.23685,-0.00000,-0.23684,-0.19699,0.38031,-0.18619,0.24047,0.01016,-0.00001,-0.00179,0.00100,0.00392,3.17849,0.22142,-0.88661,0.12125,-0.15254,0.01004,0.17833,-0.11871,-0.21018,-0.04617,0.16360,0.00990,0.00055,-0.00148,0.00036,6.000,6.000,12.000,12.000,6.000,6.000,6.000,6.000,12.000,12.000,6.000,6.000,6.000,6.000,6.000,6.000,0.004240,0.058464,0.004194,0.057670,0.004194,0.052188,0.004332,0.054569,0.000000,0.000795,0.000000,0.000000,0.890805,0.109195,0.000000,0.000000,0.000000,0.236096,0.239769
1.5000,0.00119,0.07129,0.48159,1.00000,-0.00061,0.00124,0.00108,0.00428,0.05252,0.31564,0.31445,0.00248,0.05782,2,0.03496,0.00248,0.034724,-0.00005,-0.4112,-0.0003,-0.0016,-0.0704,-0.3943,0.5278,-0.5046,0,0.04900,0.01900,0.0072,0.0548,0.005715,0.072715,0.0044,0.2485,56.3468,-0.0362,0.2426,56.9324,-0.0151,-0.7151,6.0790,0.0238,-0.2667,8.1487,0.001411,0.002978,56.3472,0.001499,0.003001,56.9324,-0.015225,-0.019003,6.0807,-0.011131,-0.016428,8.1487,-0.00420,-0.23847,-0.19500,0.36965,-0.17706,0.23760,0.00004,-0.23752,-0.19550,0.37742,-0.18478,0.24117,0.01029,-0.00001,-0.00183,0.00101,0.00406,3.19701,0.22098,-0.88255,0.12120,-0.15129,0.00999,0.17122,-0.11758,-0.20913,-0.04556,0.16199,0.01007,0.00056,-0.00153,0.00036,6.000,6.000,12.000,12.000,6.000,6.000,6.000,6.000,12.000,12.000,6.000,6.000,6.000,6.000,6.000,6.000,0.004239,0.058627,0.004194,0.057823,0.004194,0.052362,0.004329,0.054774,0.000000,0.000805,0.000000,0.000000,0.892268,0.107732,0.000000,0.000000,0.000000,0.236851,0.240470
1.5050,0.00121,0.07153,0.48159,1.00000,-0.00063,0.00124,0.00106,0.00428,0.05269,0.31564,0.31445,0.00248,0.05798,2,0.03496,0.00248,0.034724,-0.00005,-0.4103,-0.0003,-0.0015,-0.0714,-0.3958,0.5420,-0.5049,0,0.04900,0.01900,0.0072,0.0556,0.005707,0.072688,0.0046,0.2493,56.4342,-0.0367,0.2419,57.0157,-0.0148,-0.7230,5.9819,0.0242,-0.2679,8.0655,0.001402,0.002951,56.4346,0.001490,0.002974,57.0157,-0.015446,-0.019009,5.9836,-0.011230,-0.016398,8.0655,-0.00418,-0.23916,-0.19355,0.36684,-0.17571,0.23835,0.00009,-0.23821,-0.19400,0.37449,-0.18336,0.24187,0.01042,-0.00001,-0.00188,0.00103,0.00419,3.21553,0.22053,-0.87843,0.12113,-0.15010,0.00993,0.16412,-0.11641,-0.20812,-0.04493,0.16043,0.01026,0.00057,-0.00158,0.00036,6.000,6.000,12.000,12.000,6.000,6.000,6.000,6.000,12.000,12.000,6.000,6.000,6.000,6.000,6.000,6.000,0.004238,0.058789,0.004194,0.057975,0.004194,0.052537,0.004325,0.054978,0.000000,0.000815,0.000000,0.000000,0.893734,0.106266,0.000000,0.000000,0.000000,0.237603,0.241169
1.5100,0.00124,0.07176,0.48159,1.00000,-0.00065,0.00124,0.00105,0.00427,0.05286,0.31565,0.31445,0.00248,0.05813,2,0.03497,0.00248,0.034723,-0.00005,-0.4095,-0.0003,-0.0014,-0.0725,-0.3973,0.5565,-0.5052,0,0.04900,0.01900,0.0071,0.0564,0.005698,0.072661,0.0049,0.2500,56.5217,-0.0373,0.2411,57.0990,-0.0145,-0.7309,5.8844,0.0246,-0.2691,7.9822,0.001392,0.002923,56.5221,0.001482,0.002947,57.0990,-0.015675,-0.019010,5.8862,-0.011330,-0.016374,7.9822,-0.00416,-0.23986,-0.19209,0.36402,-0.17434,0.23910,0.00014,-0.23889,-0.19249,0.37154,-0.18193,0.24256,0.01056,-0.00001,-0.00192,0.00104,0.00432,3.23409,0.22005,-0.87426,0.12106,-0.14889,0.00987,0.15696,-0.11521,-0.20714,-0.04428,0.15885,0.01044,0.00058,-0.00164,0.00036,6.000,6.000,12.000,12.000,6.000,6.000,6.000,6.000,12.000,12.000,6.000,6.000,6.000,6.000,6.000,6.000,0.004237,0.058951,0.004194,0.058127,0.004194,0.052711,0.004321,0.055183,0.000000,0.000825,0.000000,0.000000,0.895203,0.104797,0.000000,0.000000,0.000000,0.238355,0.241866
1.5150,0.00126,0.07199,0.48160,1.00000,-0.00067,0.00124,0.00103,0.00427,0.05303,0.31565,0.31445,0.00248,0.05828,2,0.03497,0.00248,0.034723,-0.00005,-0.4086,-0.0003,-0.0014,-0.0736,-0.3988,0.5714,-0.5055,0,0.04900,0.01900,0.0071,0.0573,0.005690,0.072635,0.0052,0.2506,56.6093,-0.0378,0.2403,57.1822,-0.0142,-0.7389,5.7867,0.0250,-0.2704,7.8990,0.001383,0.002894,56.6097,0.001473,0.002921,57.1822,-0.015911,-0.019006,5.7885,-0.011432,-0.016346,7.8990,-0.00414,-0.24055,-0.19061,0.36117,-0.17297,0.23985,0.00019,-0.23956,-0.19095,0.36855,-0.18047,0.24325,0.01069,-0.00001,-0.00196,0.00105,0.00446,3.25271,0.21956,-0.87002,0.12098,-0.14767,0.00981,0.14973,-0.11399,-0.20620,-0.04362,0.15723,0.01064,0.00059,-0.00169,0.00036,6.000,6.000,12.000,12.000,6.000,6.000,6.000,6.000,12.000,12.000,6.000,6.000,6.000,6.000,6.000,6.000,0.004235,0.059112,0.004194,0.058278,0.004194,0.052886,0.004317,0.055389,0.000000,0.000835,0.000000,0.000000,0.896675,0.103325,0.000000,0.000000,0.000000,0.239104,0.242561
1.5200,0.00129,0.07222,0.48160,1.00000,-0.00069,0.00124,0.00102,0.00427,0.05320,0.31565,0.31445,0.00249,0.05843,2,0.03497,0.00249,0.034723,-0.00005,-0.4078,-0.0003,-0.0013,-0.0748,-0.4004,0.5866,-0.5058,0,0.04900,0.01900,0.0071,0.0582,0.005681,0.072608,0.0055,0.2512,56.6969,-0.0384,0.2394,57.2654,-0.0138,-0.7470,5.6887,0.0254,-0.2715,7.8159,0.001373,0.002866,56.6973,0.001464,0.002895,57.2654,-0.016155,-0.019001,5.6905,-0.011535,-0.016313,7.8159,-0.00411,-0.24124,-0.18912,0.35829,-0.17158,0.24060,0.00024,-0.24024,-0.18941,0.36553,-0.17900,0.24395,0.01083,-0.00001,-0.00201,0.00106,0.00460,3.27137,0.21904,-0.86573,0.12089,-0.14644,0.00974,0.14246,-0.11273,-0.20530,-0.04294,0.15561,0.01084,0.00061,-0.00175,0.00036,6.000,6.000,12.000,12.000,6.000,6.000,6.000,6.000,12.000,12.000,6.000,6.000,6.000,6.000,6.000,6.000,0.004234,0.059273,0.004194,0.058428,0.004194,0.053061,0.004313,0.055595,0.000000,0.000846,0.000000,0.000000,0.898150,0.101850,0.000000,0.000000,0.000000,0.239852,0.243255
1.5250,0.00131,0.07245,0.48160,1.00000,-0.00071,0.00124,0.00100,0.00427,0.05337,0.31565,0.31445,0.00249,0.05858,2,0.03497,0.00249,0.034723,-0.00004,-0.4070,-0.0003,-0.0012,-0.0759,-0.4020,0.6023,-0.5061,0,0.04900,0.01900,0.0070,0.0590,0.005672,0.072581,0.0057,0.2518,56.7847,-0.0390,0.2384,57.3486,-0.0135,-0.7552,5.5904,0.0259,-0.2727,7.7327,0.001362,0.002839,56.7851,0.001455,0.002868,57.3486,-0.016407,-0.019006,5.5922,-0.011640,-0.016280,7.7327,-0.00409,-0.24192,-0.18762,0.35539,-0.17018,0.24134,0.00029,-0.24091,-0.18784,0.36248,-0.17752,0.24464,0.01098,-0.00001,-0.00205,0.00107,0.00473,3.29002,0.21851,-0.86139,0.12080,-0.14528,0.00967,0.13518,-0.11144,-0.20444,-0.04225,0.15402,0.01105,0.00062,-0.00181,0.00035,6.000,6.000,12.000,12.000,6.000,6.000,6.000,6.000,12.000,12.000,6.000,6.000,6.000,6.000,6.000,6.000,0.004233,0.059433,0.004194,0.058577,0.004194,0.053235,0.004309,0.055801,0.000000,0.000856,0.000000,0.000000,0.899629,0.100371,0.000000,0.000000,0.000000,0.240598,0.243946
1.5300,0.00134,0.07268,0.48161,1.00000,-0.00073,0.00124,0.00099,0.00427,0.05354,0.31566,0.31445,0.00249,0.05873,2,0.03497,0.00249,0.034722,-0.00004,-0.4061,-0.0003,-0.0011,-0.0771,-0.4036,0.6183,-0.5064,0,0.04900,0.01900,0.0070,0.0600,0.005662,0.072556,0.0060,0.2522,56.8725,-0.0396,0.2373,57.4317,-0.0132,-0.7634,5.4918,0.0263,-0.2739,7.6496,0.001352,0.002812,56.8729,0.001445,0.002843,57.4317,-0.016669,-0.019007,5.4936,-0.011746,-0.016250,7.6496,-0.00407,-0.24260,-0.18611,0.35246,-0.16877,0.24208,0.00033,-0.24158,-0.18625,0.35939,-0.17602,0.24532,0.01113,-0.00001,-0.00210,0.00109,0.00487,3.30871,0.21795,-0.85698,0.12070,-0.14410,0.00960,0.12785,-0.11011,-0.20362,-0.04153,0.15242,0.01127,0.00063,-0.00188,0.00035,6.000,6.000,12.000,12.000,6.000,6.000,6.000,6.000,12.000,12.000,6.000,6.000,6.000,6.000,6.000,6.000,0.004231,0.059592,0.004194,0.058726,0.004194,0.053410,0.004305,0.056008,0.000000,0.000867,0.000000,0.000000,0.901110,0.098890,0.000000,0.000000,0.000000,0.241342,0.244636
1.5350,0.00137,0.07291,0.48161,1.00000,-0.00075,0.00124,0.00097,0.00427,0.05371,0.31566,0.31445,0.00249,0.05887,2,0.03497,0.00249,0.034722,-0.00004,-0.4053,-0.0003,-0.0010,-0.0783,-0.4053,0.6348,-0.5067,0,0.04900,0.01900,0.0069,0.0609,0.005653,0.072530,0.0063,0.2527,56.9604,-0.0402,0.2361,57.5148,-0.0129,-0.7718,5.3928,0.0267,-0.2750,7.5665,0.001342,0.002786,56.9608,0.001436,0.002818,57.5148,-0.016940,-0.019008,5.3946,-0.011854,-0.016218,7.5665,-0.00404,-0.24328,-0.18458,0.34950,-0.16735,0.24282,0.00038,-0.24224,-0.18465,0.35626,-0.17450,0.24601,0.01128,-0.00001,-0.00214,0.00110,0.00501,3.32744,0.21738,-0.85252,0.12059,-0.14294,0.00952,0.12048,-0.10875,-0.20284,-0.04080,0.15082,0.01149,0.00065,-0.00194,0.00035,6.000,6.000,12.000,12.000,6.000,6.000,6.000,6.000,12.000,12.000,6.000,6.000,6.000,6.000,6.000,6.000,0.004230,0.059752,0.004194,0.058874,0.004194,0.053584,0.004301,0.056215,0.000000,0.000878,0.000000,0.000000,0.902594,0.097406,0.000000,0.000000,0.000000,0.242084,0.245323
1.5400,0.00140,0.07314,0.48161,1.00000,-0.00078,0.00124,0.00096,0.00427,0.05387,0.31566,0.31445,0.00249,0.05902,2,0.03497,0.00249,0.034722,-0.00004,-0.4045,-0.0003,-0.0009,-0.0795,-0.4070,0.6517,-0.5070,0,0.04900,0.01900,0.0069,0.0618,0.005643,0.072505,0.0066,0.2530,57.0484,-0.0408,0.2349,57.5978,-0.0126,-0.7802,5.2936,0.0272,-0.2761,7.4835,0.001331,0.002759,57.0488,0.001426,0.002793,57.5978,-0.017221,-0.019010,5.2953,-0.011964,-0.016185,7.4835,-0.00402,-0.24396,-0.18303,0.34652,-0.16591,0.24356,0.00043,-0.24291,-0.18303,0.35310,-0.17296,0.24669,0.01143,-0.00001,-0.00219,0.00111,0.00515,3.34618,0.21678,-0.84799,0.12048,-0.14179,0.00944,0.11307,-0.10735,-0.20211,-0.04005,0.14921,0.01173,0.00066,-0.00201,0.00035,6.000,6.000,12.000,12.000,6.000,6.000,6.000,6.000,12.000,12.000,6.000,6.000,6.000,6.000,6.000,6.000,0.004229,0.059910,0.004194,0.059022,0.004194,0.053759,0.004297,0.056423,0.000000,0.000889,0.000000,0.000000,0.904082,0.095918,0.000000,0.000000,0.000000,0.242824,0.246009
1.5450,0.00142,0.07337,0.48162,1.00000,-0.00080,0.00125,0.00094,0.00427,0.05404,0.31567,0.31445,0.00249,0.05917,2,0.03497,0.00249,0.034721,-0.00004,-0.4037,-0.0003,-0.0008,-0.0808,-0.4087,0.6691,-0.5073,0,0.04900,0.01900,0.0069,0.0627,0.005634,0.072480,0.0069,0.2533,57.1364,-0.0414,0.2335,57.6807,-0.0122,-0.7887,5.1939,0.0277,-0.2772,7.4005,0.001320,0.002733,57.1368,0.001416,0.002768,57.6807,-0.017513,-0.019009,5.1957,-0.012076,-0.016151,7.4005,-0.00400,-0.24464,-0.18148,0.34351,-0.16447,0.24430,0.00048,-0.24357,-0.18139,0.34990,-0.17140,0.24737,0.01159,-0.00001,-0.00224,0.00112,0.00529,3.36497,0.21616,-0.84341,0.12036,-0.14064,0.00936,0.10561,-0.10592,-0.20143,-0.03929,0.14758,0.01197,0.00068,-0.00208,0.00035,6.000,6.000,12.000,12.000,6.000,6.000,6.000,6.000,12.000,12.000,6.000,6.000,6.000,6.000,6.000,6.000,0.004227,0.060068,0.004194,0.059168,0.004194,0.053933,0.004293,0.056631,0.000000,0.000900,0.000000,0.000000,0.905573,0.094427,0.000000,0.000000,0.000000,0.243562,0.246692
1.5500,0.00145,0.07360,0.48162,1.00000,-0.00082,0.00125,0.00093,0.00427,0.05421,0.31567,0.31445,0.00249,0.05931,2,0.03497,0.00249,0.034721,-0.00004,-0.4029,-0.0003,-0.0007,-0.0820,-0.4105,0.6869,-0.5076,0,0.04900,0.01900,0.0068,0.0637,0.005624,0.072455,0.0072,0.2535,57.2246,-0.0420,0.2321,57.7636,-0.0119,-0.7974,5.0940,0.0281,-0.2782,7.3175,0.001309,0.002706,57.2249,0.001406,0.002744,57.7636,-0.017817,-0.019003,5.0957,-0.012189,-0.016115,7.3175,-0.00397,-0.24531,-0.17990,0.34048,-0.16300,0.24503,0.00053,-0.24422,-0.17973,0.34667,-0.16983,0.24805,0.01176,-0.00001,-0.00229,0.00114,0.00544,3.38381,0.21552,-0.83876,0.12023,-0.13947,0.00927,0.09808,-0.10445,-0.20079,-0.03850,0.14593,0.01222,0.00069,-0.00215,0.00035,6.000,6.000,12.000,12.000,6.000,6.000,6.000,6.000,12.000,12.000,6.000,6.000,6.000,6.000,6.000,6.000,0.004226,0.060225,0.004194,0.059314,0.004194,0.054108,0.004289,0.056840,0.000000,0.000911,0.000000,0.000000,0.907068,0.092932,0.000000,0.000000,0.000000,0.244299,0.247373
1.5550,0.00148,0.07383,0.48163,1.00000,-0.00085,0.00125,0.00091,0.00426,0.05438,0.31567,0.31445,0.00249,0.05946,2,0.03497,0.00249,0.034721,-0.00004,-0.4021,-0.0003,-0.0006,-0.0833,-0.4123,0.7052,-0.5078,0,0.04900,0.01900,0.0068,0.0647,0.005613,0.072430,0.0075,0.2536,57.3128,-0.0426,0.2305,57.8464,-0.0115,-0.8061,4.9936,0.0286,-0.2792,7.2346,0.001297,0.002681,57.3132,0.001396,0.002719,57.8464,-0.018133,-0.019010,4.9954,-0.012305,-0.016073,7.2346,-0.00395,-0.24598,-0.17832,0.33741,-0.16153,0.24576,0.00058,-0.24488,-0.17805,0.34339,-0.16823,0.24873,0.01193,-0.00001,-0.00234,0.00115,0.00558,3.40263,0.21486,-0.83406,0.12009,-0.13837,0.00917,0.09057,-0.10294,-0.20021,-0.03769,0.14433,0.01249,0.00071,-0.00222,0.00035,6.000,6.000,12.000,12.000,6.000,6.000,6.000,6.000,12.000,12.000,6.000,6.000,6.000,6.000,6.000,6.000,0.004224,0.060381,0.004194,0.059459,0.004194,0.054282,0.004285,0.057049,0.000000,0.000923,0.000000,0.000000,0.908566,0.091434,0.000000,0.000000,0.000000,0.245033,0.248052
1.5600,0.00151,0.07406,0.48163,1.00000,-0.00087,0.00125,0.00090,0.00426,0.05455,0.31567,0.31445,0.00250,0.05960,2,0.03497,0.00250,0.034721,-0.00004,-0.4013,-0.0003,-0.0005,-0.0846,-0.4142,0.7240,-0.5081,0,0.04900,0.01900,0.0067,0.0657,0.005603,0.072406,0.0078,0.2537,57.4011,-0.0432,0.2288,57.9292,-0.0112,-0.8148,4.8929,0.0291,-0.2803,7.1518,0.001286,0.002657,57.4015,0.001385,0.002695,57.9292,-0.018463,-0.019021,4.8947,-0.012422,-0.016039,7.1518,-0.00393,-0.24664,-0.17672,0.33432,-0.16004,0.24649,0.00063,-0.24553,-0.17635,0.34008,-0.16662,0.24940,0.01210,-0.00001,-0.00239,0.00116,0.00572,3.42145,0.21417,-0.82929,0.11994,-0.13731,0.00908,0.08303,-0.10139,-0.19967,-0.03687,0.14274,0.01276,0.00073,-0.00230,0.00034,6.000,6.000,12.000,12.000,6.000,6.000,6.000,6.000,12.000,12.000,6.000,6.000,6.000,6.000,6.000,6.000,0.004223,0.060537,0.004194,0.059603,0.004194,0.054457,0.004280,0.057259,0.000000,0.000935,0.000000,0.000000,0.910068,0.089932,0.000000,0.000000,0.000000,0.245764,0.248729
1.5650,0.00154,0.07429,0.48163,1.00000,-0.00090,0.00125,0.00088,0.00426,0.05471,0.31568,0.31445,0.00250,0.05975,2,0.03497,0.00250,0.034720,-0.00004,-0.4005,-0.0003,-0.0004,-0.0860,-0.4161,0.7433,-0.5083,0,0.04900,0.01900,0.0066,0.0667,0.005592,0.072383,0.0081,0.2537,57.4895,-0.0439,0.2270,58.0119,-0.0109,-0.8238,4.7919,0.0296,-0.2813,7.0689,0.001274,0.002631,57.4899,0.001375,0.002673,58.0119,-0.018807,-0.019016,4.7936,-0.012542,-0.016006,7.0689,-0.00390,-0.24730,-0.17510,0.33120,-0.15854,0.24722,0.00068,-0.24617,-0.17463,0.33672,-0.16499,0.25008,0.01228,-0.00001,-0.00244,0.00117,0.00586,3.44036,0.21346,-0.82445,0.11978,-0.13619,0.00897,0.07539,-0.09980,-0.19919,-0.03602,0.14108,0.01305,0.00075,-0.00238,0.00034,6.000,6.000,12.000,12.000,6.000,6.000,6.000,6.000,12.000,12.000,6.000,6.000,6.000,6.000,6.000,6.000,0.004222,0.060693,0.004194,0.059747,0.004194,0.054631,0.004276,0.057469,0.000000,0.000946,0.000000,0.000000,0.911574,0.088426,0.000000,0.000000,0.000000,0.246494,0.249403
1.5700,0.00157,0.07452,0.48164,1.00000,-0.00092,0.00125,0.00087,0.00426,0.05488,0.31568,0.31445,0.00250,0.05989,2,0.03497,0.00250,0.034720,-0.00004,-0.3997,-0.0003,-0.0003,-0.0874,-0.4181,0.7632,-0.5086,0,0.04900,0.01900,0.0066,0.0677,0.005581,0.072359,0.0084,0.2536,57.5780,-0.0445,0.2251,58.0945,-0.0105,-0.8328,4.6904,0.0301,-0.2822,6.9862,0.001261,0.002607,57.5784,0.001364,0.002649,58.0945,-0.019167,-0.019016,4.6921,-0.012664,-0.015961,6.9862,-0.00388,-0.24796,-0.17347,0.32804,-0.15702,0.24795,0.00073,-0.24682,-0.17288,0.33332,-0.16333,0.25074,0.01247,-0.00001,-0.00249,0.00119,0.00600,3.45929,0.21273,-0.81956,0.11962,-0.13509,0.00886,0.06771,-0.09817,-0.19877,-0.03515,0.13942,0.01335,0.00077,-0.00246,0.00034,6.000,6.000,12.000,12.000,6.000,6.000,6.000,6.000,12.000,12.000,6.000,6.000,6.000,6.000,6.000,6.000,0.004220,0.060847,0.004194,0.059889,0.004194,0.054806,0.004272,0.057680,0.000000,0.000958,0.000000,0.000000,0.913083,0.086917,0.000000,0.000000,0.000000,0.247221,0.250075
1.5750,0.00160,0.07474,0.48164,1.00000,-0.00095,0.00125,0.00085,0.00426,0.05505,0.31568,0.31445,0.00250,0.06003,2,0.03497,0.00250,0.034720,-0.00004,-0.3990,-0.0003,-0.0002,-0.0888,-0.4201,0.7836,-0.5088,0,0.04900,0.01900,0.0065,0.0688,0.005570,0.072336,0.0087,0.2534,57.6666,-0.0452,0.2231,58.1770,-0.0101,-0.8419,4.5885,0.0306,-0.2831,6.9035,0.001249,0.002581,57.6670,0.001352,0.002626,58.1770,-0.019544,-0.019004,4.5903,-0.012788,-0.015918,6.9035,-0.00386,-0.24861,-0.17182,0.32486,-0.15549,0.24867,0.00078,-0.24745,-0.17112,0.32988,-0.16166,0.25141,0.01266,-0.00001,-0.00254,0.00120,0.00615,3.47828,0.21197,-0.81460,0.11944,-0.13396,0.00875,0.05995,-0.09649,-0.19842,-0.03426,0.13772,0.01366,0.00079,-0.00255,0.00033,6.000,6.000,12.000,12.000,6.000,6.000,6.000,6.000,12.000,12.000,6.000,6.000,6.000,6.000,6.000,6.000,0.004219,0.061001,0.004194,0.060030,0.004194,0.054981,0.004267,0.057891,0.000000,0.000971,0.000000,0.000000,0.914596,0.085404,0.000000,0.000000,0.000000,0.247946,0.250745
1.5800,0.00163,0.07497,0.48165,1.00000,-0.00098,0.00125,0.00084,0.00426,0.05521,0.31569,0.31445,0.00250,0.06017,2,0.03497,0.00250,0.034720,-0.00004,-0.3982,-0.0003,-0.0001,-0.0902,-0.4221,0.8046,-0.5090,0,0.04900,0.01900,0.0065,0.0698,0.005559,0.072312,0.0090,0.2532,57.7553,-0.0459,0.2210,58.2594,-0.0098,-0.8511,4.4862,0.0312,-0.2839,6.8209,0.001236,0.002557,57.7557,0.001341,0.002603,58.2594,-0.019939,-0.019005,4.4880,-0.012916,-0.015866,6.8209,-0.00383,-0.24926,-0.17015,0.32165,-0.15395,0.24939,0.00083,-0.24809,-0.16933,0.32639,-0.15996,0.25208,0.01285,-0.00001,-0.00259,0.00121,0.00629,3.49726,0.21118,-0.80958,0.11926,-0.13290,0.00863,0.05219,-0.09477,-0.19812,-0.03335,0.13605,0.01399,0.00081,-0.00264,0.00033,6.000,6.000,12.000,12.000,6.000,6.000,6.000,6.000,12.000,12.000,6.000,6.000,6.000,6.000,6.000,6.000,0.004217,0.061154,0.004194,0.060171,0.004194,0.055155,0.004263,0.058103,0.000000,0.000983,0.000000,0.000000,0.916114,0.083886,0.000000,0.000000,0.000000,0.248669,0.251412
1.5850,0.00166,0.07520,0.48165,1.00000,-0.00101,0.00125,0.00083,0.00426,0.05538,0.31569,0.31445,0.00250,0.06031,2,0.03497,0.00250,0.034719,-0.00004,-0.3974,-0.0003,-0.0000,-0.0916,-0.4242,0.8262,-0.5092,0,0.04900,0.01900,0.0064,0.0709,0.005547,0.072290,0.0094,0.2528,57.8441,-0.0466,0.2187,58.3418,-0.0094,-0.8604,4.3835,0.0317,-0.2847,6.7384,0.001223,0.002534,57.8445,0.001329,0.002580,58.3418,-0.020354,-0.019010,4.3853,-0.013046,-0.015820,6.7384,-0.00381,-0.24991,-0.16847,0.31841,-0.15239,0.25011,0.00087,-0.24872,-0.16751,0.32285,-0.15824,0.25274,0.01306,-0.00001,-0.00265,0.00123,0.00643,3.51625,0.21037,-0.80449,0.11906,-0.13187,0.00850,0.04441,-0.09299,-0.19790,-0.03241,0.13441,0.01433,0.00083,-0.00273,0.00033,6.000,6.000,12.000,12.000,6.000,6.000,6.000,6.000,12.000,12.000,6.000,6.000,6.000,6.000,6.000,6.000,0.004216,0.061306,0.004194,0.060311,0.004194,0.055330,0.004258,0.058316,0.000000,0.000996,0.000000,0.000000,0.917635,0.082365,0.000000,0.000000,0.000000,0.249389,0.252076
1.5900,0.00169,0.07542,0.48165,1.00000,-0.00103,0.00125,0.00081,0.00426,0.05554,0.31569,0.31445,0.00250,0.06045,2,0.03497,0.00250,0.034719,-0.00004,-0.3967,-0.0002,0.0001,-0.0931,-0.4264,0.8484,-0.5094,0,0.04900,0.01900,0.0063,0.0720,0.005535,0.072268,0.0097,0.2524,57.9330,-0.0473,0.2163,58.4240,-0.0090,-0.8699,4.2804,0.0323,-0.2855,6.6559,0.001210,0.002510,57.9334,0.001317,0.002559,58.4240,-0.020790,-0.019009,4.2821,-0.013179,-0.015775,6.6559,-0.00379,-0.25055,-0.16678,0.31514,-0.15082,0.25082,0.00092,-0.24935,-0.16568,0.31927,-0.15650,0.25340,0.01327,-0.00001,-0.00271,0.00124,0.00657,3.53527,0.20953,-0.79934,0.11885,-0.13083,0.00836,0.03657,-0.09117,-0.19774,-0.03145,0.13273,0.01469,0.00086,-0.00283,0.00032,6.000,6.000,12.000,12.000,6.000,6.000,6.000,6.000,12.000,12.000,6.000,6.000,6.000,6.000,6.000,6.000,0.004214,0.061457,0.004194,0.060449,0.004194,0.055504,0.004254,0.058529,0.000000,0.001008,0.000000,0.000000,0.919161,0.080839,0.000000,0.000000,0.000000,0.250106,0.252737
1.5950,0.00172,0.07565,0.48166,1.00000,-0.00106,0.00125,0.00080,0.00426,0.05571,0.31570,0.31445,0.00250,0.06059,2,0.03498,0.00250,0.034719,-0.00003,-0.3960,-0.0002,0.0002,-0.0947,-0.4286,0.8713,-0.5096,0,0.04900,0.01900,0.0062,0.0731,0.005523,0.072246,0.0100,0.2519,58.0220,-0.0480,0.2138,58.5061,-0.0086,-0.8794,4.1767,0.0329,-0.2863,6.5735,0.001197,0.002487,58.0224,0.001305,0.002537,58.5061,-0.021250,-0.019007,4.1785,-0.013315,-0.015725,6.5735,-0.00377,-0.25119,-0.16506,0.31183,-0.14923,0.25153,0.00097,-0.24997,-0.16381,0.31564,-0.15473,0.25405,0.01348,-0.00001,-0.00276,0.00125,0.00671,3.55432,0.20867,-0.79413,0.11863,-0.12981,0.00822,0.02867,-0.08930,-0.19766,-0.03046,0.13104,0.01507,0.00088,-0.00294,0.00032,6.000,6.000,12.000,12.000,6.000,6.000,6.000,6.000,12.000,12.000,6.000,6.000,6.000,6.000,6.000,6.000,0.004213,0.061608,0.004194,0.060587,0.004194,0.055679,0.004249,0.058742,0.000000,0.001021,0.000000,0.000000,0.920691,0.079309,0.000000,0.000000,0.000000,0.250821,0.253396
1.6000,0.00175,0.07588,0.48166,1.00000,-0.00109,0.00125,0.00078,0.00425,0.05587,0.31570,0.31445,0.00251,0.06072,2,0.03498,0.00251,0.034719,-0.00003,-0.3952,-0.0002,0.0003,-0.0962,-0.4309,0.8948,-0.5098,0,0.04900,0.01900,0.0062,0.0742,0.005511,0.072225,0.0104,0.2512,58.1111,-0.0487,0.2111,58.5881,-0.0083,-0.8891,4.0726,0.0334,-0.2869,6.4912,0.001183,0.002465,58.1115,0.001292,0.002516,58.5881,-0.021736,-0.019011,4.0744,-0.013454,-0.015672,6.4912,-0.00375,-0.25183,-0.16333,0.30849,-0.14762,0.25224,0.00102,-0.25059,-0.16192,0.31195,-0.15294,0.25471,0.01370,-0.00000,-0.00282,0.00127,0.00684,3.57337,0.20777,-0.78884,0.11840,-0.12882,0.00807,0.02076,-0.08738,-0.19766,-0.02945,0.12937,0.01547,0.00091,-0.00304,0.00031,6.000,6.000,12.000,12.000,6.000,6.000,6.000,6.000,12.000,12.000,6.000,6.000,6.000,6.000,6.000,6.000,0.004211,0.061758,0.004194,0.060723,0.004194,0.055853,0.004244,0.058957,0.000000,0.001035,0.000000,0.000000,0.922226,0.077774,0.000000,0.000000,0.000000,0.251533,0.254052
1.6050,0.00178,0.07610,0.48167,1.00000,-0.00112,0.00125,0.00077,0.00425,0.05604,0.31570,0.31445,0.00251,0.06086,2,0.03498,0.00251,0.034718,-0.00003,-0.3945,-0.0002,0.0004,-0.0978,-0.4332,0.9191,-0.5100,0,0.04900,0.01900,0.0061,0.0753,0.005498,0.072204,0.0107,0.2505,58.2003,-0.0494,0.2082,58.6700,-0.0079,-0.8989,3.9681,0.0340,-0.2876,6.4090,0.001169,0.002443,58.2007,0.001280,0.002495,58.6700,-0.022249,-0.019011,3.9698,-0.013596,-0.015620,6.4090,-0.00373,-0.25246,-0.16158,0.30512,-0.14600,0.25295,0.00106,-0.25120,-0.16001,0.30821,-0.15112,0.25536,0.01393,-0.00000,-0.00288,0.00128,0.00698,3.59245,0.20685,-0.78350,0.11816,-0.12784,0.00791,0.01279,-0.08540,-0.19774,-0.02841,0.12768,0.01588,0.00094,-0.00316,0.00030,6.000,6.000,12.000,12.000,6.000,6.000,6.000,6.000,12.000,12.000,6.000,6.000,6.000,6.000,6.000,6.000,0.004209,0.061907,0.004194,0.060859,0.004194,0.056028,0.004239,0.059172,0.000000,0.001048,0.000000,0.000000,0.923765,0.076235,0.000000,0.000000,0.000000,0.252243,0.254705
1.6100,0.00182,0.07633,0.48167,1.00000,-0.00116,0.00125,0.00076,0.00425,0.05620,0.31571,0.31445,0.00251,0.06099,2,0.03498,0.00251,0.034718,-0.00003,-0.3938,-0.0002,0.0005,-0.0994,-0.4356,0.9441,-0.5102,0,0.04900,0.01900,0.0060,0.0765,0.005485,0.072184,0.0111,0.2497,58.2896,-0.0501,0.2052,58.7517,-0.0075,-0.9088,3.8630,0.0346,-0.2882,6.3269,0.001154,0.002422,58.2900,0.001266,0.002475,58.7517,-0.022793,-0.019023,3.8647,-0.013743,-0.015565,6.3269,-0.00370,-0.25309,-0.15982,0.30172,-0.14437,0.25365,0.00111,-0.25181,-0.15806,0.30442,-0.14927,0.25600,0.01417,-0.00000,-0.00294,0.00129,0.00711,3.61151,0.20590,-0.77808,0.11791,-0.12693,0.00775,0.00482,-0.08336,-0.19791,-0.02735,0.12602,0.01632,0.00097,-0.00328,0.00030,6.000,6.000,12.000,12.000,6.000,6.000,6.000,6.000,12.000,12.000,6.000,6.000,6.000,6.000,6.000,6.000,0.004208,0.062055,0.004194,0.060993,0.004194,0.056202,0.004235,0.059387,0.000000,0.001062,0.000000,0.000000,0.925309,0.074691,0.000000,0.000000,0.000000,0.252949,0.255355
1.6150,0.00185,0.07655,0.48168,1.00000,-0.00119,0.00125,0.00074,0.00425,0.05636,0.31571,0.31445,0.00251,0.06113,2,0.03498,0.00251,0.034718,-0.00003,-0.3931,-0.0002,0.0007,-0.1011,-0.4380,0.9699,-0.5103,0,0.04900,0.01900,0.0059,0.0776,0.005471,0.072165,0.0114,0.2487,58.3790,-0.0509,0.2021,58.8334,-0.0071,-0.9189,3.7574,0.0353,-0.2888,6.2449,0.001139,0.002399,58.3793,0.001253,0.002456,58.8334,-0.023371,-0.019012,3.7591,-0.013893,-0.015513,6.2449,-0.00368,-0.25371,-0.15803,0.29828,-0.14272,0.25435,0.00116,-0.25242,-0.15609,0.30057,-0.14740,0.25665,0.01441,-0.00000,-0.00300,0.00131,0.00723,3.63066,0.20491,-0.77260,0.11764,-0.12595,0.00757,-0.00327,-0.08126,-0.19817,-0.02625,0.12427,0.01678,0.00100,-0.00341,0.00029,6.000,6.000,12.000,12.000,6.000,6.000,6.000,6.000,12.000,12.000,6.000,6.000,6.000,6.000,6.000,6.000,0.004206,0.062202,0.004194,0.061126,0.004194,0.056377,0.004230,0.059603,0.000000,0.001076,0.000000,0.000000,0.926858,0.073142,0.000000,0.000000,0.000000,0.253653,0.256003
1.6200,0.00188,0.07677,0.48168,1.00000,-0.00122,0.00125,0.00073,0.00425,0.05653,0.31571,0.31445,0.00251,0.06126,2,0.03498,0.00251,0.034718,-0.00003,-0.3924,-0.0002,0.0008,-0.1028,-0.4405,0.9964,-0.5105,0,0.04900,0.01900,0.0058,0.0788,0.005458,0.072145,0.0118,0.2477,58.4685,-0.0516,0.1988,58.9147,-0.0066,-0.9290,3.6512,0.0359,-0.2892,6.1630,0.001124,0.002378,58.4689,0.001239,0.002436,58.9147,-0.023987,-0.019009,3.6529,-0.014047,-0.015447,6.1630,-0.00367,-0.25433,-0.15623,0.29481,-0.14105,0.25505,0.00120,-0.25302,-0.15408,0.29667,-0.14550,0.25729,0.01467,-0.00000,-0.00306,0.00132,0.00736,3.64981,0.20390,-0.76706,0.11735,-0.12501,0.00738,-0.01138,-0.07910,-0.19853,-0.02513,0.12254,0.01726,0.00104,-0.00354,0.00028,6.000,6.000,12.000,12.000,6.000,6.000,6.000,6.000,12.000,12.000,6.000,6.000,6.000,6.000,6.000,6.000,0.004204,0.062348,0.004194,0.061258,0.004194,0.056551,0.004225,0.059820,0.000000,0.001090,0.000000,0.000000,0.928412,0.071588,0.000000,0.000000,0.000000,0.254353,0.256647
1.6250,0.00192,0.07700,0.48169,1.00000,-0.00126,0.00126,0.00072,0.00425,0.05669,0.31572,0.31445,0.00251,0.06139,2,0.03498,0.00251,0.034717,-0.00003,-0.3917,-0.0002,0.0009,-0.1045,-0.4431,1.0238,-0.5106,0,0.04900,0.01900,0.0057,0.0800,0.005443,0.072125,0.0122,0.2465,58.5581,-0.0524,0.1953,58.9960,-0.0062,-0.9393,3.5445,0.0366,-0.2896,6.0812,0.001108,0.002358,58.5585,0.001225,0.002417,58.9960,-0.024644,-0.019012,3.5462,-0.014207,-0.015382,6.0812,-0.00365,-0.25494,-0.15441,0.29130,-0.13937,0.25575,0.00124,-0.25362,-0.15204,0.29270,-0.14357,0.25792,0.01493,-0.00000,-0.00313,0.00133,0.00747,3.66895,0.20285,-0.76144,0.11705,-0.12412,0.00718,-0.01953,-0.07687,-0.19900,-0.02397,0.12082,0.01778,0.00107,-0.00368,0.00027,6.000,6.000,12.000,12.000,6.000,6.000,6.000,6.000,12.000,12.000,6.000,6.000,6.000,6.000,6.000,6.000,0.004203,0.062493,0.004194,0.061389,0.004194,0.056726,0.004220,0.060038,0.000000,0.001104,0.000000,0.000000,0.929971,0.070029,0.000000,0.000000,0.000000,0.255051,0.257287
1.6300,0.00195,0.07722,0.48169,1.00000,-0.00129,0.00126,0.00071,0.00425,0.05685,0.31572,0.31445,0.00251,0.06152,2,0.03498,0.00251,0.034717,-0.00003,-0.3911,-0.0002,0.0010,-0.1063,-0.4457,1.0521,-0.5108,0,0.04900,0.01900,0.0056,0.0812,0.005429,0.072107,0.0125,0.2453,58.6479,-0.0532,0.1916,59.0771,-0.0058,-0.9498,3.4372,0.0373,-0.2900,5.9996,0.001092,0.002338,58.6482,0.001210,0.002399,59.0771,-0.025348,-0.019016,3.4390,-0.014372,-0.015318,5.9996,-0.00363,-0.25555,-0.15257,0.28776,-0.13767,0.25644,0.00129,-0.25421,-0.14997,0.28866,-0.14161,0.25856,0.01520,-0.00000,-0.00319,0.00135,0.00759,3.68811,0.20176,-0.75577,0.11673,-0.12326,0.00696,-0.02771,-0.07457,-0.19959,-0.02278,0.11910,0.01832,0.00111,-0.00383,0.00026,6.000,6.000,12.000,12.000,6.000,6.000,6.000,6.000,12.000,12.000,6.000,6.000,6.000,6.000,6.000,6.000,0.004201,0.062638,0.004194,0.061519,0.004194,0.056900,0.004214,0.060257,0.000000,0.001119,0.000000,0.000000,0.931536,0.068464,0.000000,0.000000,0.000000,0.255745,0.257925
1.6350,0.00199,0.07744,0.48170,1.00000,-0.00133,0.00126,0.00070,0.00425,0.05701,0.31573,0.31445,0.00258,0.06165,2,0.03498,0.00258,0.034717,-0.00003,-0.3904,-0.0002,0.0011,-0.1081,-0.4484,1.0813,-0.5109,0,0.04900,0.01900,0.0055,0.0825,0.005414,0.072089,0.0129,0.2439,58.7377,-0.0540,0.1877,59.1580,-0.0054,-0.9604,3.3294,0.0380,-0.2903,5.9181,0.001075,0.002319,58.7381,0.001195,0.002381,59.1580,-0.026104,-0.019013,3.3311,-0.014542,-0.015252,5.9181,-0.00361,-0.25615,-0.15071,0.28418,-0.13595,0.25712,0.00133,-0.25479,-0.14787,0.28457,-0.13962,0.25919,0.01548,-0.00000,-0.00326,0.00136,0.00769,3.70729,0.20064,-0.75002,0.11640,-0.12240,0.00673,-0.03595,-0.07220,-0.20029,-0.02156,0.11734,0.01889,0.00115,-0.00399,0.00025,6.000,6.000,12.000,12.000,6.000,6.000,6.000,6.000,12.000,12.000,6.000,6.000,6.000,6.000,6.000,6.000,0.004199,0.062781,0.004194,0.061647,0.004194,0.057075,0.004209,0.060476,0.000000,0.001134,0.000000,0.000000,0.933106,0.066894,0.000000,0.000000,0.000000,0.256436,0.258559
1.6400,0.00202,0.07766,0.48170,1.00000,-0.00137,0.00126,0.00069,0.00424,0.05717,0.31573,0.31445,0.00266,0.06177,2,0.03498,0.00266,0.034717,-0.00002,-0.3897,-0.0002,0.0013,-0.1099,-0.4512,1.1114,-0.5111,0,0.04900,0.01900,0.0054,0.0837,0.005399,0.072072,0.0133,0.2423,58.8277,-0.0547,0.1837,59.2387,-0.0049,-0.9711,3.2209,0.0387,-0.2905,5.8367,0.001058,0.002300,58.8280,0.001179,0.002364,59.2387,-0.026918,-0.019018,3.2225,-0.014718,-0.015179,5.8367,-0.00360,-0.25675,-0.14883,0.28056,-0.13422,0.25781,0.00137,-0.25537,-0.14573,0.28040,-0.13759,0.25982,0.01578,-0.00000,-0.00333,0.00137,0.00779,3.72646,0.19948,-0.74421,0.11604,-0.12159,0.00649,-0.04421,-0.06976,-0.20113,-0.02031,0.11561,0.01950,0.00120,-0.00416,0.00024,6.000,6.000,12.000,12.000,6.000,6.000,6.000,6.000,12.000,12.000,6.000,6.000,6.000,6.000,6.000,6.000,0.004198,0.062923,0.004194,0.061774,0.004194,0.057250,0.004204,0.060696,0.000000,0.001149,0.000000,0.000000,0.934682,0.065318,0.000000,0.000000,0.000000,0.257124,0.259190
1.6450,0.00206,0.07788,0.48171,1.00000,-0.00140,0.00126,0.00068,0.00424,0.05733,0.31574,0.31445,0.00273,0.06190,2,0.03498,0.00273,0.034717,-0.00002,-0.3891,-0.0002,0.0014,-0.1118,-0.4541,1.1425,-0.5112,0,0.04900,0.01900,0.0053,0.0849,0.005383,0.072055,0.0137,0.2407,58.9178,-0.0555,0.1794,59.3192,-0.0045,-0.9820,3.1117,0.0395,-0.2906,5.7555,0.001041,0.002281,58.9181,0.001163,0.002347,59.3192,-0.027798,-0.019010,3.1134,-0.014901,-0.015108,5.7555,-0.00358,-0.25734,-0.14692,0.27690,-0.13246,0.25849,0.00141,-0.25594,-0.14356,0.27616,-0.13553,0.26044,0.01608,-0.00000,-0.00340,0.00139,0.00788,3.74568,0.19828,-0.73834,0.11566,-0.12076,0.00623,-0.05256,-0.06723,-0.20211,-0.01902,0.11381,0.02015,0.00125,-0.00435,0.00022,6.000,6.000,12.000,12.000,6.000,6.000,6.000,6.000,12.000,12.000,6.000,6.000,6.000,6.000,6.000,6.000,0.004196,0.063064,0.004194,0.061900,0.004194,0.057424,0.004198,0.060917,0.000000,0.001164,0.000000,0.000000,0.936263,0.063737,0.000000,0.000000,0.000000,0.257808,0.259817
1.6500,0.00210,0.07810,0.48171,1.00000,-0.00144,0.00126,0.00067,0.00424,0.05749,0.31574,0.31445,0.00281,0.06202,2,0.03498,0.00281,0.034716,-0.00002,-0.3885,-0.0002,0.0015,-0.1137,-0.4571,1.1746,-0.5113,0,0.04900,0.01900,0.0052,0.0862,0.005366,0.072039,0.0141,0.2389,59.0079,-0.0563,0.1749,59.3995,-0.0040,-0.9930,3.0019,0.0402,-0.2906,5.6744,0.001022,0.002263,59.0083,0.001147,0.002331,59.3995,-0.028753,-0.019002,3.0036,-0.015092,-0.015026,5.6744,-0.00357,-0.25793,-0.14500,0.27320,-0.13069,0.25917,0.00145,-0.25651,-0.14134,0.27184,-0.13343,0.26106,0.01639,-0.00000,-0.00347,0.00140,0.00796,3.76490,0.19703,-0.73240,0.11526,-0.11997,0.00595,-0.06096,-0.06462,-0.20324,-0.01769,0.11202,0.02083,0.00130,-0.00454,0.00021,6.000,6.000,12.000,12.000,6.000,6.000,6.000,6.000,12.000,12.000,6.000,6.000,6.000,6.000,6.000,6.000,0.004194,0.063204,0.004194,0.062024,0.004194,0.057599,0.004193,0.061138,0.000000,0.001180,0.000000,0.000000,0.937851,0.062149,0.000000,0.000000,0.000000,0.258488,0.260440
1.6550,0.00213,0.07832,0.48172,1.00000,-0.00148,0.00126,0.00066,0.00424,0.05765,0.31574,0.31445,0.00289,0.06215,2,0.03498,0.00289,0.034716,-0.00002,-0.3879,-0.0002,0.0017,-0.1157,-0.4601,1.2079,-0.5115,0,0.04900,0.01900,0.0050,0.0875,0.005349,0.072023,0.0146,0.2369,59.0983,-0.0572,0.1702,59.4795,-0.0036,-1.0042,2.8913,0.0411,-0.2906,5.5935,0.001003,0.002247,59.0986,0.001130,0.002315,59.4795,-0.029794,-0.019014,2.8930,-0.015291,-0.014942,5.5935,-0.00356,-0.25851,-0.14306,0.26947,-0.12890,0.25984,0.00148,-0.25707,-0.13908,0.26744,-0.13129,0.26166,0.01672,-0.00000,-0.00354,0.00142,0.00803,3.78409,0.19574,-0.72640,0.11484,-0.11926,0.00566,-0.06935,-0.06191,-0.20454,-0.01633,0.11027,0.02156,0.00135,-0.00475,0.00019,6.000,6.000,12.000,12.000,6.000,6.000,6.000,6.000,12.000,12.000,6.000,6.000,6.000,6.000,6.000,6.000,0.004192,0.063343,0.004194,0.062147,0.004194,0.057773,0.004187,0.061361,0.000000,0.001196,0.000000,0.000000,0.939445,0.060555,0.000000,0.000000,0.000000,0.259165,0.261060
1.6600,0.00217,0.07854,0.48173,1.00000,-0.00152,0.00126,0.00065,0.00424,0.05781,0.31575,0.31445,0.00297,0.06227,2,0.03498,0.00297,0.034716,-0.00002,-0.3871,-0.0002,0.0019,-0.1182,-0.4585,1.2277,-0.5103,0,0.04900,0.01900,0.0049,0.0921,0.005334,0.072010,0.0151,0.2355,59.2091,-0.0596,0.1642,59.5533,-0.0027,-1.0191,2.7914,0.0475,-0.3030,5.5494,0.000984,0.002122,59.2094,0.001115,0.002301,59.5533,-0.030722,-0.019019,2.7930,-0.015477,-0.014842,5.5494,-0.00355,-0.25908,-0.14110,0.26570,-0.12709,0.26051,0.00151,-0.25763,-0.13678,0.26296,-0.12911,0.26223,0.01706,-0.00000,-0.00362,0.00143,0.00781,3.81119,0.19497,-0.72046,0.11444,-0.11219,0.00512,-0.08125,-0.05928,-0.20608,-0.01451,0.10780,0.02232,0.00142,-0.00490,0.00017,6.000,6.000,12.000,12.000,6.000,6.000,6.000,6.000,12.000,12.000,6.000,6.000,6.000,6.000,6.000,6.000,0.004189,0.063486,0.004194,0.062269,0.004194,0.057948,0.004179,0.061599,0.000000,0.001217,0.000000,0.000000,0.941148,0.058852,0.000000,0.000000,0.000000,0.259839,0.261655
1.6650,0.00221,0.07876,0.48173,1.00000,-0.00157,0.00126,0.00065,0.00424,0.05797,0.31575,0.31445,0.00305,0.06239,2,0.03498,0.00305,0.034716,-0.00002,-0.3866,-0.0002,0.0020,-0.1202,-0.4637,1.2696,-0.5106,0,0.04900,0.01900,0.0046,0.0902,0.005312,0.071893,0.0156,0.2329,59.2924,-0.0580,0.1555,59.6518,-0.0023,-1.0295,2.6738,0.0426,-0.2918,5.4464,0.000967,0.002153,59.2927,0.001092,0.002185,59.6518,-0.032011,-0.019016,2.6754,-0.015623,-0.014693,5.4464,-0.00354,-0.25965,-0.13911,0.26188,-0.12527,0.26118,0.00155,-0.25817,-0.13443,0.25839,-0.12689,0.26282,0.01742,-0.00000,-0.00369,0.00144,0.00799,3.82752,0.19345,-0.71420,0.11413,-0.11420,0.00487,-0.08864,-0.05621,-0.20753,-0.01310,0.10628,0.02317,0.00148,-0.00516,0.00015,6.000,6.000,12.000,12.000,6.000,6.000,6.000,6.000,12.000,12.000,6.000,6.000,6.000,6.000,6.000,6.000,0.004187,0.063621,0.004194,0.062389,0.004194,0.058122,0.004174,0.061820,0.000000,0.001233,0.000000,0.000000,0.942730,0.057270,0.000000,0.000000,0.000000,0.260511,0.262230
1.6700,0.00225,0.07897,0.48174,1.00000,-0.00161,0.00126,0.00064,0.00424,0.05813,0.31576,0.31445,0.00313,0.06251,2,0.03498,0.00313,0.034716,-0.00002,-0.3860,-0.0002,0.0021,-0.1222,-0.4683,1.3102,-0.5108,0,0.04900,0.01900,0.0046,0.0915,0.005297,0.071923,0.0160,0.2302,59.3785,-0.0593,0.1521,59.7273,-0.0019,-1.0405,2.5572,0.0436,-0.2909,5.3599,0.000946,0.002165,59.3788,0.001077,0.002214,59.7273,-0.033446,-0.019007,2.5588,-0.015864,-0.014619,5.3599,-0.00354,-0.26022,-0.13710,0.25802,-0.12342,0.26185,0.00157,-0.25872,-0.13204,0.25373,-0.12463,0.26341,0.01779,0.00000,-0.00377,0.00146,0.00810,3.84494,0.19188,-0.70798,0.11363,-0.11512,0.00456,-0.09646,-0.05315,-0.20934,-0.01170,0.10465,0.02407,0.00155,-0.00544,0.00012,6.000,6.000,12.000,12.000,6.000,6.000,6.000,6.000,12.000,12.000,6.000,6.000,6.000,6.000,6.000,6.000,0.004186,0.063756,0.004194,0.062507,0.004194,0.058297,0.004168,0.062043,0.000000,0.001249,0.000000,0.000000,0.944330,0.055670,0.000000,0.000000,0.000000,0.261181,0.262816
1.6750,0.00229,0.07919,0.48175,1.00000,-0.00166,0.00126,0.00064,0.00423,0.05828,0.31576,0.31445,0.00322,0.06262,2,0.03499,0.00322,0.034715,-0.00001,-0.3855,-0.0002,0.0023,-0.1243,-0.4725,1.3505,-0.5110,0,0.04900,0.01900,0.0044,0.0928,0.005278,0.071935,0.0165,0.2275,59.4664,-0.0604,0.1476,59.8036,-0.0014,-1.0519,2.4412,0.0446,-0.2903,5.2755,0.000923,0.002167,59.4667,0.001058,0.002226,59.8036,-0.035036,-0.019018,2.4427,-0.016128,-0.014534,5.2755,-0.00354,-0.26078,-0.13507,0.25411,-0.12155,0.26251,0.00160,-0.25925,-0.12960,0.24898,-0.12232,0.26401,0.01817,0.00000,-0.00386,0.00147,0.00816,3.86297,0.19027,-0.70175,0.11303,-0.11549,0.00420,-0.10452,-0.05002,-0.21145,-0.01028,0.10299,0.02503,0.00163,-0.00574,0.00010,6.000,6.000,12.000,12.000,6.000,6.000,6.000,6.000,12.000,12.000,6.000,6.000,6.000,6.000,6.000,6.000,0.004184,0.063889,0.004194,0.062624,0.004194,0.058471,0.004162,0.062268,0.000000,0.001266,0.000000,0.000000,0.945944,0.054056,0.000000,0.000000,0.000000,0.261846,0.263409
1.6800,0.00233,0.07941,0.48175,1.00000,-0.00170,0.00126,0.00063,0.00423,0.05844,0.31577,0.31445,0.00331,0.06274,2,0.03499,0.00331,0.034715,-0.00001,-0.3850,-0.0002,0.0024,-0.1265,-0.4765,1.3913,-0.5113,0,0.04900,0.01900,0.0043,0.0941,0.005257,0.071938,0.0170,0.2246,59.5556,-0.0613,0.1423,59.8805,-0.0010,-1.0636,2.3252,0.0457,-0.2897,5.1927,0.000899,0.002162,59.5559,0.001037,0.002229,59.8805,-0.036801,-0.019009,2.3268,-0.016409,-0.014449,5.1927,-0.00354,-0.26132,-0.13301,0.25016,-0.11966,0.26316,0.00162,-0.25978,-0.12710,0.24413,-0.11996,0.26460,0.01858,0.00000,-0.00394,0.00148,0.00816,3.88144,0.18861,-0.69549,0.11236,-0.11549,0.00378,-0.11283,-0.04679,-0.21385,-0.00880,0.10123,0.02606,0.00173,-0.00607,0.00007,6.000,6.000,12.000,12.000,6.000,6.000,6.000,6.000,12.000,12.000,6.000,6.000,6.000,6.000,6.000,6.000,0.004182,0.064022,0.004194,0.062739,0.004194,0.058646,0.004156,0.062495,0.000000,0.001283,0.000000,0.000000,0.947568,0.052432,0.000000,0.000000,0.000000,0.262506,0.264005
1.6850,0.00237,0.07962,0.48176,1.00000,-0.00175,0.00126,0.00063,0.00423,0.05859,0.31577,0.31445,0.00341,0.06285,2,0.03499,0.00341,0.034715,-0.00001,-0.3845,-0.0002,0.0026,-0.1288,-0.4805,1.4330,-0.5116,0,0.04900,0.01900,0.0042,0.0955,0.005234,0.071935,0.0174,0.2217,59.6456,-0.0622,0.1364,59.9576,-0.0005,-1.0757,2.2090,0.0469,-0.2890,5.1111,0.000874,0.002155,59.6459,0.001014,0.002227,59.9576,-0.038773,-0.019014,2.2105,-0.016706,-0.014348,5.1111,-0.00354,-0.26187,-0.13093,0.24617,-0.11775,0.26381,0.00164,-0.26031,-0.12456,0.23917,-0.11756,0.26520,0.01900,0.00001,-0.00403,0.00150,0.00813,3.90015,0.18691,-0.68920,0.11164,-0.11533,0.00332,-0.12127,-0.04342,-0.21656,-0.00726,0.09944,0.02718,0.00184,-0.00642,0.00003,6.000,6.000,12.000,12.000,6.000,6.000,6.000,6.000,12.000,12.000,6.000,6.000,6.000,6.000,6.000,6.000,0.004180,0.064153,0.004194,0.062852,0.004194,0.058820,0.004150,0.062723,0.000000,0.001301,0.000000,0.000000,0.949201,0.050799,0.000000,0.000000,0.000000,0.263161,0.264602
1.6900,0.00242,0.07984,0.48177,1.00000,-0.00180,0.00126,0.00064,0.00423,0.05875,0.31578,0.31445,0.00350,0.06296,2,0.03499,0.00350,0.034715,-0.00001,-0.3840,-0.0002,0.0027,-0.1311,-0.4845,1.4759,-0.5121,0,0.04900,0.01900,0.0040,0.0968,0.005211,0.071931,0.0179,0.2185,59.7362,-0.0631,0.1301,60.0347,0.0000,-1.0880,2.0922,0.0481,-0.2882,5.0305,0.000848,0.002146,59.7364,0.000990,0.002222,60.0347,-0.040997,-0.019032,2.0937,-0.017018,-0.014246,5.0305,-0.00355,-0.26240,-0.12883,0.24213,-0.11582,0.26445,0.00166,-0.26082,-0.12195,0.23409,-0.11509,0.26579,0.01944,0.00001,-0.00412,0.00151,0.00806,3.91899,0.18514,-0.68287,0.11087,-0.11511,0.00280,-0.12981,-0.03990,-0.21958,-0.00565,0.09764,0.02839,0.00196,-0.00681,-0.00001,6.000,6.000,12.000,12.000,6.000,6.000,6.000,6.000,12.000,12.000,6.000,6.000,6.000,6.000,6.000,6.000,0.004178,0.064283,0.004194,0.062964,0.004194,0.058995,0.004144,0.062953,0.000000,0.001319,0.000000,0.000000,0.950844,0.049156,0.000000,0.000000,0.000000,0.263809,0.265197
1.6950,0.00246,0.08005,0.48177,1.00000,-0.00185,0.00126,0.00064,0.00423,0.05890,0.31578,0.31445,0.00360,0.06307,2,0.03499,0.00360,0.034715,-0.00001,-0.3835,-0.0002,0.0029,-0.1335,-0.4885,1.5202,-0.5127,0,0.04900,0.01900,0.0039,0.0982,0.005186,0.071925,0.0184,0.2152,59.8270,-0.0640,0.1234,60.1117,0.0005,-1.1005,1.9746,0.0494,-0.2873,4.9505,0.000820,0.002137,59.8273,0.000965,0.002216,60.1117,-0.043526,-0.019024,1.9761,-0.017350,-0.014141,4.9505,-0.00356,-0.26293,-0.12670,0.23804,-0.11386,0.26509,0.00167,-0.26133,-0.11928,0.22889,-0.11257,0.26637,0.01991,0.00002,-0.00421,0.00152,0.00795,3.93797,0.18330,-0.67650,0.11005,-0.11479,0.00222,-0.13852,-0.03622,-0.22295,-0.00397,0.09575,0.02971,0.00210,-0.00724,-0.00005,6.000,6.000,12.000,12.000,6.000,6.000,6.000,6.000,12.000,12.000,6.000,6.000,6.000,6.000,6.000,6.000,0.004175,0.064412,0.004194,0.063074,0.004194,0.059170,0.004137,0.063183,0.000000,0.001338,0.000000,0.000000,0.952496,0.047504,0.000000,0.000000,0.000000,0.264452,0.265790
1.7000,0.00251,0.08026,0.48178,1.00000,-0.00191,0.00126,0.00064,0.00423,0.05906,0.31579,0.31445,0.00370,0.06318,2,0.03499,0.00370,0.034715,-0.00001,-0.3828,-0.0002,0.0031,-0.1365,-0.4870,1.5488,-0.5117,0,0.04900,0.01900,0.0037,0.1034,0.005163,0.071921,0.0191,0.2125,59.9415,-0.0668,0.1146,60.1802,0.0015,-1.1173,1.8697,0.0571,-0.2996,4.9159,0.000790,0.002006,59.9418,0.000942,0.002211,60.1802,-0.046010,-0.019006,1.8712,-0.017648,-0.014000,4.9159,-0.00358,-0.26345,-0.12454,0.23391,-0.11189,0.26573,0.00168,-0.26182,-0.11653,0.22355,-0.10998,0.26691,0.02039,0.00002,-0.00431,0.00154,0.00747,3.96598,0.18198,-0.67031,0.10913,-0.10726,0.00134,-0.15122,-0.03260,-0.22690,-0.00184,0.09304,0.03111,0.00226,-0.00763,-0.00009,6.000,6.000,12.000,12.000,6.000,6.000,6.000,6.000,12.000,12.000,6.000,6.000,6.000,6.000,6.000,6.000,0.004172,0.064544,0.004194,0.063182,0.004194,0.059344,0.004128,0.063431,0.000000,0.001362,0.000000,0.000000,0.954269,0.045731,0.000000,0.000000,0.000000,0.265090,0.266368
1.7050,0.00255,0.08047,0.48179,1.00000,-0.00196,0.00126,0.00065,0.00423,0.05921,0.31580,0.31445,0.00381,0.06329,2,0.03499,0.00381,0.034714,-0.00000,-0.3824,-0.0002,0.0032,-0.1389,-0.4936,1.6042,-0.5128,0,0.04900,0.01900,0.0034,0.1010,0.005129,0.071800,0.0199,0.1513,59.9865,-0.0646,0.1035,60.2793,0.0016,-1.0719,1.7816,0.0520,-0.2867,4.8087,0.000762,0.002152,59.9867,0.000908,0.002090,60.2793,-0.048334,-0.019014,1.7829,-0.017979,-0.013785,4.8087,-0.00360,-0.26397,-0.12236,0.22972,-0.10989,0.26635,0.00168,-0.26231,-0.11371,0.21807,-0.10732,0.26746,0.02090,0.00003,-0.00441,0.00155,0.00753,3.99134,0.17966,-0.66319,0.10833,-0.11406,0.00064,-0.17377,-0.02807,-0.23125,0.00012,0.09016,0.03271,0.00244,-0.00816,-0.00015,6.000,6.000,12.000,12.000,6.000,6.000,6.000,6.000,12.000,12.000,6.000,6.000,6.000,6.000,6.000,6.000,0.004170,0.064669,0.004194,0.063288,0.004194,0.059519,0.004122,0.063660,0.000000,0.001381,0.000000,0.000000,0.955911,0.044089,0.000000,0.000000,0.000000,0.265725,0.266910
1.7100,0.00260,0.08068,0.48180,1.00000,-0.00202,0.00126,0.00066,0.00422,0.05936,0.31580,0.31445,0.00392,0.06339,2,0.03499,0.00392,0.034714,0.00000,-0.3822,-0.0002,0.0034,-0.1414,-0.4994,1.6548,-0.5138,0,0.04900,0.01900,0.0022,0.0834,0.005103,0.071937,0.0221,0.0842,60.0308,-0.0656,0.0470,60.3208,0.0004,-1.0217,1.6982,0.0535,-0.2316,4.7530,0.000673,0.002278,60.0309,0.000882,0.002226,60.3208,-0.049029,-0.019031,1.6995,-0.018259,-0.013707,4.7530,-0.00362,-0.26447,-0.12015,0.22549,-0.10787,0.26697,0.00167,-0.26280,-0.11082,0.21245,-0.10460,0.26803,0.02144,0.00004,-0.00452,0.00156,0.00622,4.01889,0.17481,-0.65883,0.10442,-0.11956,0.00077,-0.19795,-0.02106,-0.23374,0.00478,0.08708,0.03443,0.00264,-0.00877,-0.00021,6.000,6.000,12.000,12.000,6.000,6.000,6.000,6.000,12.000,12.000,6.000,6.000,6.000,6.000,6.000,6.000,0.004168,0.064793,0.004194,0.063393,0.004194,0.059693,0.004116,0.063894,0.000000,0.001400,0.000000,0.000000,0.957584,0.042416,0.000000,0.000000,0.000000,0.266355,0.267465
1.7150,0.00265,0.08089,0.48180,1.00000,-0.00207,0.00126,0.00068,0.00422,0.05951,0.31581,0.31445,0.00403,0.06349,2,0.03499,0.00403,0.034714,0.00001,-0.3821,-0.0002,0.0035,-0.1441,-0.5049,1.7024,-0.5149,0,0.04900,0.01900,0.0019,0.0637,0.005017,0.072056,0.0249,0.0165,60.0775,-0.0652,-0.0162,60.3596,-0.0015,-0.9718,1.6154,0.0545,-0.1711,4.7020,0.000554,0.002382,60.0774,0.000796,0.002345,60.3596,-0.049012,-0.019012,1.6166,-0.017929,-0.013638,4.7020,-0.00366,-0.26497,-0.11791,0.22120,-0.10583,0.26758,0.00166,-0.26327,-0.10784,0.20666,-0.10179,0.26859,0.02201,0.00006,-0.00463,0.00157,0.00427,4.04748,0.16866,-0.65589,0.09896,-0.12390,0.00131,-0.22247,-0.01279,-0.23573,0.01068,0.08384,0.03631,0.00287,-0.00944,-0.00028,6.000,6.000,12.000,12.000,6.000,6.000,6.000,6.000,12.000,12.000,6.000,6.000,6.000,6.000,6.000,6.000,0.004166,0.064916,0.004194,0.063495,0.004194,0.059868,0.004110,0.064131,0.000000,0.001421,0.000000,0.000000,0.959284,0.040716,0.000000,0.000000,0.000000,0.266973,0.268027
1.7200,0.00270,0.08110,0.48181,1.00000,-0.00213,0.00126,0.00069,0.00422,0.05966,0.31581,0.31445,0.00414,0.06360,2,0.03499,0.00414,0.034714,0.00001,-0.3821,-0.0002,0.0037,-0.1469,-0.5101,1.7487,-0.5164,0,0.04900,0.01900,0.0029,0.0442,0.004901,0.072158,0.0278,-0.0521,60.1259,-0.0640,-0.0811,60.3987,-0.0035,-0.9219,1.5326,0.0553,-0.1102,4.6529,0.000427,0.002476,60.1257,0.000679,0.002446,60.3987,-0.049008,-0.019009,1.5336,-0.017331,-0.013553,4.6529,-0.00370,-0.26545,-0.11564,0.21686,-0.10376,0.26817,0.00164,-0.26374,-0.10477,0.20068,-0.09889,0.26913,0.02261,0.00007,-0.00474,0.00158,0.00217,4.07680,0.16215,-0.65334,0.09308,-0.12757,0.00186,-0.24730,-0.00413,-0.23829,0.01676,0.08054,0.03838,0.00312,-0.01019,-0.00037,6.000,6.000,12.000,12.000,6.000,6.000,6.000,6.000,12.000,12.000,6.000,6.000,6.000,6.000,6.000,6.000,0.004164,0.065038,0.004194,0.063595,0.004194,0.060042,0.004104,0.064372,0.000000,0.001444,0.000000,0.000000,0.961007,0.038993,0.000000,0.000000,0.000000,0.267579,0.268591
1.7250,0.00275,0.08131,0.48182,1.00000,-0.00219,0.00127,0.00072,0.00422,0.05981,0.31582,0.31445,0.00426,0.06369,2,0.03499,0.00426,0.034714,0.00002,-0.3819,-0.0002,0.0039,-0.1503,-0.5095,1.7747,-0.5173,0,0.04900,0.01900,0.0045,0.0309,0.004780,0.072252,0.0307,-0.1174,60.2012,-0.0645,-0.1502,60.4268,-0.0050,-0.8790,1.4613,0.0623,-0.0599,4.6566,0.000303,0.002441,60.2009,0.000558,0.002540,60.4268,-0.049019,-0.019019,1.4623,-0.016641,-0.013438,4.6566,-0.00375,-0.26593,-0.11335,0.21247,-0.10167,0.26875,0.00162,-0.26420,-0.10159,0.19451,-0.09590,0.26965,0.02325,0.00009,-0.00486,0.00159,-0.00012,4.11485,0.15642,-0.65089,0.08736,-0.12363,0.00199,-0.27523,0.00409,-0.24217,0.02273,0.07653,0.04063,0.00341,-0.01093,-0.00046,6.000,6.000,12.000,12.000,6.000,6.000,6.000,6.000,12.000,12.000,6.000,6.000,6.000,6.000,6.000,6.000,0.004161,0.065164,0.004194,0.063693,0.004194,0.060217,0.004095,0.064630,0.000000,0.001471,0.000000,0.000000,0.962856,0.037144,0.000000,0.000000,0.000000,0.268170,0.269133
1.7300,0.00280,0.08152,0.48183,1.00000,-0.00225,0.00127,0.00074,0.00422,0.05996,0.31583,0.31445,0.00438,0.06379,2,0.03500,0.00438,0.034714,0.00003,-0.3820,-0.0002,0.0040,-0.1532,-0.5169,1.8299,-0.5201,0,0.04900,0.01900,0.0062,0.0209,0.004652,0.072222,0.0339,-0.1905,60.2409,-0.0600,-0.2173,60.4941,-0.0075,-0.8252,1.3720,0.0569,0.0078,4.5740,0.000162,0.002583,60.2405,0.000430,0.002508,60.4941,-0.049018,-0.019018,1.3729,-0.016166,-0.013259,4.5740,-0.00381,-0.26641,-0.11101,0.20801,-0.09955,0.26932,0.00158,-0.26465,-0.09831,0.18813,-0.09280,0.27019,0.02392,0.00012,-0.00499,0.00160,-0.00248,4.14217,0.14896,-0.64895,0.08089,-0.12989,0.00262,-0.30005,0.01414,-0.24557,0.02948,0.07335,0.04326,0.00375,-0.01192,-0.00057,6.000,6.000,12.000,12.000,6.000,6.000,6.000,6.000,12.000,12.000,6.000,6.000,6.000,6.000,6.000,6.000,0.004160,0.065283,0.004194,0.063789,0.004194,0.060391,0.004090,0.064872,0.000000,0.001494,0.000000,0.000000,0.964588,0.035412,0.000000,0.000000,0.000000,0.268752,0.269653
1.7350,0.00285,0.08173,0.48184,1.00000,-0.00232,0.00127,0.00077,0.00422,0.06011,0.31583,0.31445,0.00450,0.06388,2,0.03500,0.00450,0.034714,0.00003,-0.3823,-0.0002,0.0041,-0.1563,-0.5237,1.8827,-0.5234,0,0.04900,0.01900,0.0080,0.0343,0.004515,0.072359,0.0374,-0.2640,60.2843,-0.0588,-0.2854,60.5283,-0.0103,-0.7719,1.2836,0.0582,0.0726,4.5215,0.000005,0.002701,60.2838,0.000292,0.002644,60.5283,-0.049035,-0.019035,1.2844,-0.015509,-0.013179,4.5215,-0.00389,-0.26687,-0.10865,0.20349,-0.09740,0.26988,0.00154,-0.26510,-0.09490,0.18151,-0.08959,0.27073,0.02464,0.00015,-0.00513,0.00161,-0.00520,4.17090,0.14088,-0.64776,0.07359,-0.13478,0.00318,-0.32540,0.02472,-0.24990,0.03645,0.07005,0.04624,0.00413,-0.01308,-0.00070,6.000,6.000,12.000,12.000,6.000,6.000,6.000,6.000,12.000,12.000,6.000,6.000,6.000,6.000,6.000,6.000,0.004158,0.065401,0.004194,0.063883,0.004194,0.060566,0.004086,0.065118,0.000000,0.001518,0.000000,0.000000,0.966352,0.033648,0.000000,0.000000,0.000000,0.269322,0.270186
1.7400,0.00291,0.08193,0.48185,1.00000,-0.00238,0.00127,0.00081,0.00421,0.06026,0.31584,0.31445,0.00463,0.06397,2,0.03500,0.00463,0.034714,0.00004,-0.3826,-0.0002,0.0042,-0.1595,-0.5302,1.9347,-0.5274,0,0.04900,0.01900,0.0082,0.1180,0.004352,0.072433,0.0410,-0.3383,60.3298,-0.0464,-0.2963,60.7725,-0.0133,-0.7189,1.1955,0.0093,0.2646,3.7398,-0.000169,0.002806,60.3292,0.000129,0.002716,60.7725,-0.049015,-0.019015,1.1962,-0.016938,-0.019000,3.7398,-0.00397,-0.26732,-0.10625,0.19890,-0.09523,0.27043,0.00149,-0.26554,-0.09136,0.17462,-0.08625,0.27121,0.02541,0.00018,-0.00527,0.00162,-0.00834,4.20060,0.13206,-0.64740,0.06541,-0.13887,0.00367,-0.35126,0.03606,-0.25518,0.04379,0.06658,0.04966,0.00458,-0.01445,-0.00086,6.000,6.000,12.000,12.000,6.000,6.000,6.000,6.000,12.000,12.000,6.000,6.000,6.000,6.000,6.000,6.000,0.004157,0.065517,0.004194,0.063975,0.004194,0.060740,0.004081,0.065368,0.000000,0.001543,0.000000,0.000000,0.968142,0.031858,0.000000,0.000000,0.000000,0.269880,0.270725
1.7450,0.00297,0.08214,0.48185,1.00000,-0.00244,0.00127,0.00085,0.00421,0.06040,0.31585,0.31445,0.00476,0.06406,2,0.03500,0.00476,0.034714,0.00005,-0.3827,-0.0002,0.0043,-0.1632,-0.5313,1.9657,-0.5328,0,0.04900,0.01900,0.0119,0.0767,0.004192,0.072581,0.0447,-0.4099,60.4000,-0.0567,-0.4305,60.5854,-0.0160,-0.6721,1.1178,0.0666,0.1950,4.4772,-0.000349,0.002796,60.3992,-0.000031,0.002863,60.5854,-0.049038,-0.019038,1.1184,-0.014109,-0.012933,4.4772,-0.00407,-0.26777,-0.10381,0.19425,-0.09302,0.27096,0.00142,-0.26597,-0.08767,0.16745,-0.08278,0.27172,0.02623,0.00022,-0.00542,0.00163,-0.01184,4.23818,0.12352,-0.64764,0.05692,-0.13614,0.00374,-0.37983,0.04740,-0.26217,0.05114,0.06257,0.05357,0.00510,-0.01597,-0.00104,6.000,6.000,12.000,12.000,6.000,6.000,6.000,6.000,12.000,12.000,6.000,6.000,6.000,6.000,6.000,6.000,0.004154,0.065637,0.004194,0.064064,0.004194,0.060915,0.004075,0.065634,0.000000,0.001574,0.000000,0.000000,0.970049,0.029951,0.000000,0.000000,0.000000,0.270426,0.271210
1.7500,0.00303,0.08234,0.48186,1.00000,-0.00251,0.00127,0.00090,0.00421,0.06055,0.31585,0.31445,0.00489,0.06415,2,0.03500,0.00489,0.034714,0.00004,-0.3832,-0.0002,0.0044,-0.1665,-0.5399,2.0281,-0.5394,0,0.04900,0.01900,0.0138,0.1027,0.004009,0.072575,0.0490,-0.4888,60.4377,-0.0521,-0.5008,60.6523,-0.0200,-0.6153,1.0234,0.0642,0.2625,4.3874,-0.000563,0.002943,60.4368,-0.000214,0.002854,60.6523,-0.049036,-0.019036,1.0239,-0.013636,-0.012762,4.3874,-0.00419,-0.26821,-0.10134,0.18952,-0.09079,0.27149,0.00138,-0.26639,-0.08380,0.15994,-0.07911,0.27224,0.02712,0.00027,-0.00559,0.00163,-0.01589,4.26638,0.11257,-0.64916,0.04686,-0.14246,0.00409,-0.40606,0.06121,-0.26958,0.05955,0.05916,0.05830,0.00574,-0.01797,-0.00127,6.000,6.000,12.000,12.000,6.000,6.000,6.000,6.000,12.000,12.000,6.000,6.000,6.000,6.000,6.000,6.000,0.004153,0.065750,0.004194,0.064150,0.004194,0.061089,0.004071,0.065887,0.000000,0.001600,0.000000,0.000000,0.971858,0.028142,0.000000,0.000000,0.000000,0.270962,0.271716
1.7550,0.00309,0.08254,0.48187,1.00000,-0.00257,0.00128,0.00096,0.00421,0.06069,0.31586,0.31445,0.00502,0.06423,2,0.03500,0.00502,0.034715,0.00005,-0.3820,-0.0002,0.0038,-0.1705,-0.5201,1.9760,-0.5623,0,0.04900,0.01900,0.0140,0.2082,0.003805,0.072672,0.0536,-0.5299,60.5936,-0.0455,-0.5090,60.9140,-0.0287,-0.6003,0.9985,0.0139,0.4561,3.6538,-0.000870,0.002704,60.5926,-0.000419,0.002949,60.9140,-0.049027,-0.019026,0.9990,-0.014809,-0.019000,3.6538,-0.00432,-0.26865,-0.09883,0.18472,-0.08852,0.27202,0.00137,-0.26680,-0.07970,0.15201,-0.07523,0.27264,0.02807,0.00032,-0.00576,0.00164,-0.00999,4.31423,0.09532,-0.65979,0.02841,-0.12703,0.01573,-0.43101,0.07268,-0.28559,0.06369,0.05781,0.05957,0.00606,-0.01716,-0.00129,6.000,6.000,12.000,12.000,6.000,6.000,6.000,6.000,12.000,12.000,6.000,6.000,6.000,6.000,6.000,6.000,0.004159,0.065866,0.004194,0.064235,0.004194,0.061264,0.004089,0.066158,0.000000,0.001632,0.000000,0.000000,0.973798,0.026202,0.000000,0.000000,0.000000,0.271490,0.272242
1.7600,0.00316,0.08274,0.48188,1.00000,-0.00264,0.00128,0.00101,0.00421,0.06084,0.31587,0.31445,0.00514,0.06432,2,0.03500,0.00514,0.034715,0.00007,-0.3828,-0.0002,0.0042,-0.1749,-0.5279,2.0312,-0.5732,0,0.04900,0.01900,0.0178,0.1383,0.003493,0.072513,0.0578,-0.6182,60.6398,-0.0492,-0.6472,60.7420,-0.0301,-0.5412,0.9004,0.0678,0.3692,4.5237,-0.001052,0.002713,60.6386,-0.000731,0.002788,60.7420,-0.049018,-0.019018,0.9008,-0.012207,-0.012576,4.5237,-0.00446,-0.26908,-0.09625,0.17981,-0.08622,0.27255,0.00132,-0.26720,-0.07542,0.14370,-0.07119,0.27308,0.02911,0.00039,-0.00596,0.00164,-0.01825,4.35553,0.08773,-0.65888,0.02150,-0.12448,0.01097,-0.46600,0.08841,-0.29508,0.07442,0.05202,0.06784,0.00714,-0.02086,-0.00171,6.000,6.000,12.000,12.000,6.000,6.000,6.000,6.000,12.000,12.000,6.000,6.000,6.000,6.000,6.000,6.000,0.004155,0.065984,0.004194,0.064316,0.004194,0.061439,0.004075,0.066443,0.000000,0.001669,0.000000,0.000000,0.975840,0.024160,0.000000,0.000000,0.000000,0.272018,0.272638
1.7650,0.00323,0.08294,0.48189,0.99999,-0.00271,0.00128,0.00108,0.00421,0.06098,0.31587,0.31445,0.00527,0.06440,2,0.03500,0.00527,0.034715,0.00008,-0.3842,-0.0002,0.0043,-0.1784,-0.5486,2.1435,-0.5848,0,0.04900,0.01900,0.0199,0.1764,0.003308,0.072515,0.0645,-0.7179,60.6292,-0.0428,-0.7233,60.8205,-0.0360,-0.4651,0.7740,0.0655,0.4538,4.3321,-0.001365,0.003016,60.6278,-0.000916,0.002787,60.8205,-0.049018,-0.019018,0.7742,-0.011861,-0.012268,4.3321,-0.00462,-0.26949,-0.09362,0.17480,-0.08387,0.27307,0.00124,-0.26760,-0.07090,0.13492,-0.06693,0.27355,0.03025,0.00046,-0.00617,0.00164,-0.02638,4.37785,0.07164,-0.66428,0.00719,-0.13930,0.00670,-0.49495,0.10980,-0.30586,0.08700,0.04806,0.07758,0.00844,-0.02562,-0.00226,6.000,6.000,12.000,12.000,6.000,6.000,6.000,6.000,12.000,12.000,6.000,6.000,6.000,6.000,6.000,6.000,0.004153,0.066091,0.004194,0.064395,0.004194,0.061613,0.004069,0.066700,0.000000,0.001696,0.000000,0.000000,0.977684,0.022316,0.000000,0.000000,0.000000,0.272546,0.273076
1.7700,0.00331,0.08314,0.48190,0.99999,-0.00278,0.00129,0.00116,0.00421,0.06112,0.31588,0.31445,0.00542,0.06447,2,0.03500,0.00542,0.034715,0.00008,-0.3854,-0.0002,0.0044,-0.1823,-0.5649,2.2399,-0.5998,0,0.04900,0.01900,0.0221,0.2131,0.003007,0.072799,0.0750,-0.8138,60.6378,-0.0413,-0.8057,60.8265,-0.0461,-0.3952,0.6575,0.0770,0.5364,4.2379,-0.001807,0.003241,60.6362,-0.001218,0.003068,60.8265,-0.049076,-0.019076,0.6577,-0.011228,-0.012152,4.2379,-0.00481,-0.26989,-0.09094,0.16970,-0.08148,0.27357,0.00115,-0.26799,-0.06607,0.12555,-0.06237,0.27406,0.03152,0.00055,-0.00641,0.00163,-0.03060,4.40380,0.04852,-0.67760,-0.01570,-0.14982,-0.00308,-0.52392,0.13545,-0.32003,0.10161,0.04410,0.08940,0.01007,-0.03151,-0.00294,6.000,6.000,12.000,12.000,6.000,6.000,6.000,6.000,12.000,12.000,6.000,6.000,6.000,6.000,6.000,6.000,0.004152,0.066198,0.004194,0.064472,0.004194,0.061788,0.004066,0.066968,0.000000,0.001727,0.000000,0.000000,0.979600,0.020400,0.000000,0.000000,0.000000,0.273067,0.273550
1.7750,0.00339,0.08334,0.48191,0.99999,-0.00285,0.00130,0.00125,0.00420,0.06126,0.31589,0.31445,0.00556,0.06455,2,0.03500,0.00556,0.034716,0.00009,-0.3852,-0.0002,0.0035,-0.1862,-0.5574,2.2327,-0.6348,0,0.04900,0.01900,0.0222,0.3703,0.002583,0.072959,0.0903,-0.8714,60.7410,-0.0286,-0.8119,61.1129,-0.0670,-0.3628,0.6035,0.0268,0.7445,3.3537,-0.002470,0.003250,60.7393,-0.001642,0.003225,61.1129,-0.049032,-0.019032,0.6037,-0.012524,-0.019000,3.3537,-0.00503,-0.27029,-0.08821,0.16452,-0.07907,0.27407,0.00105,-0.26836,-0.06086,0.11544,-0.05746,0.27444,0.03292,0.00066,-0.00668,0.00162,-0.01972,4.43658,0.01084,-0.70816,-0.05573,-0.14889,-0.01124,-0.54500,0.16507,-0.34310,0.11547,0.04308,0.10064,0.01178,-0.03642,-0.00360,6.000,6.000,12.000,12.000,6.000,6.000,6.000,6.000,12.000,12.000,6.000,6.000,6.000,6.000,6.000,6.000,0.004160,0.066302,0.004194,0.064545,0.004194,0.061962,0.004092,0.067231,0.000000,0.001757,0.000000,0.000000,0.981484,0.018516,0.000000,0.000000,0.000000,0.273573,0.274064
1.7800,0.00347,0.08353,0.48192,0.99999,-0.00292,0.00131,0.00137,0.00420,0.06140,0.31590,0.31445,0.00570,0.06462,2,0.03500,0.00570,0.034716,0.00010,-0.3861,-0.0002,0.0038,-0.1920,-0.5583,2.2625,-0.6658,0,0.04900,0.01900,0.0266,0.2500,0.001927,0.073050,0.1033,-0.9622,60.8221,-0.0312,-0.9708,60.8427,-0.0781,-0.3106,0.5167,0.1100,0.6503,4.3976,-0.003164,0.003060,60.8201,-0.002299,0.003311,60.8427,-0.049020,-0.019020,0.5168,-0.010437,-0.011997,4.3976,-0.00528,-0.27069,-0.08541,0.15923,-0.07662,0.27456,0.00092,-0.26873,-0.05521,0.10445,-0.05209,0.27486,0.03452,0.00078,-0.00699,0.00161,-0.03701,4.49196,-0.02149,-0.73394,-0.09012,-0.13449,-0.02236,-0.58623,0.19934,-0.37070,0.13231,0.03580,0.12258,0.01487,-0.04732,-0.00488,6.000,6.000,12.000,12.000,6.000,6.000,6.000,6.000,12.000,12.000,6.000,6.000,6.000,6.000,6.000,6.000,0.004156,0.066423,0.004194,0.064616,0.004194,0.062137,0.004080,0.067558,0.000000,0.001808,0.000000,0.000000,0.983828,0.016172,0.000000,0.000000,0.000000,0.274070,0.274439
1.7850,0.00357,0.08373,0.48193,0.99999,-0.00299,0.00132,0.00150,0.00420,0.06154,0.31591,0.31445,0.00584,0.06468,2,0.03500,0.00584,0.034716,0.00010,-0.3868,-0.0002,0.0026,-0.1956,-0.5641,2.3025,-0.7182,0,0.04900,0.01900,0.0291,0.2984,0.001236,0.072871,0.1262,-1.0375,60.8691,-0.0193,-1.0621,60.9373,-0.1087,-0.2593,0.4311,0.1118,0.7636,4.3114,-0.004318,0.003303,60.8669,-0.002989,0.003128,60.9373,-0.049092,-0.019092,0.4312,-0.010666,-0.011113,4.3114,-0.00559,-0.27108,-0.08254,0.15381,-0.07413,0.27505,0.00072,-0.26910,-0.04899,0.09234,-0.04619,0.27530,0.03637,0.00093,-0.00736,0.00159,-0.04108,4.51322,-0.08431,-0.78816,-0.15419,-0.14666,-0.03823,-0.60676,0.25084,-0.40710,0.15329,0.03432,0.15099,0.01904,-0.06157,-0.00663,6.000,6.000,12.000,12.000,6.000,6.000,6.000,6.000,12.000,12.000,6.000,6.000,6.000,6.000,6.000,6.000,0.004169,0.066518,0.004194,0.064684,0.004194,0.062311,0.004117,0.067814,0.000000,0.001834,0.000000,0.000000,0.985658,0.014342,0.000000,0.000000,0.000000,0.274564,0.274863
1.7900,0.00367,0.08392,0.48194,0.99999,-0.00306,0.00134,0.00168,0.00420,0.06168,0.31591,0.31445,0.00599,0.06475,2,0.03500,0.00599,0.034717,0.00012,-0.3870,-0.0002,0.0016,-0.2008,-0.5562,2.2838,-0.7886,0,0.04900,0.01900,0.0283,0.4609,0.000125,0.073043,0.1574,-1.1057,60.9780,-0.0009,-1.0402,61.2732,-0.1465,-0.2254,0.3745,0.0996,0.9292,3.3797,-0.006081,0.003183,60.9756,-0.004101,0.003295,61.2732,-0.049037,-0.019037,0.3745,-0.013619,-0.019000,3.3797,-0.00598,-0.27147,-0.07961,0.14828,-0.07162,0.27554,0.00045,-0.26946,-0.04198,0.07867,-0.03952,0.27562,0.03859,0.00113,-0.00781,0.00156,-0.06654,4.55865,-0.17415,-0.87229,-0.24863,-0.13735,-0.05872,-0.63679,0.32109,-0.46193,0.17797,0.02992,0.19990,0.02630,-0.08642,-0.00967,6.000,6.000,12.000,12.000,6.000,6.000,6.000,6.000,12.000,12.000,6.000,6.000,6.000,6.000,6.000,6.000,0.004179,0.066626,0.004194,0.064748,0.004194,0.062486,0.004148,0.068118,0.000000,0.001877,0.000000,0.000000,0.987835,0.012165,0.000000,0.000000,0.000000,0.275053,0.275298
1.7950,0.00380,0.08411,0.48195,0.99999,-0.00312,0.00136,0.00191,0.00420,0.06182,0.31592,0.31445,0.00612,0.06481,2,0.03500,0.00612,0.034717,0.00010,-0.3887,-0.0002,0.0001,-0.2055,-0.5692,2.3403,-0.8963,0,0.04900,0.01900,0.0258,0.5353,-0.001580,0.072829,0.1737,-1.1875,60.9768,0.0399,-0.9551,61.8596,-0.1732,-0.1748,0.2899,0.4930,0.3129,1.8186,-0.009123,0.003434,60.9742,-0.005805,0.003075,61.8596,-0.049096,-0.019096,0.2899,-0.049000,-0.014015,1.8186,-0.00650,-0.27188,-0.07661,0.14264,-0.06909,0.27603,0.00002,-0.26985,-0.03384,0.06277,-0.03181,0.27606,0.04137,0.00138,-0.00841,0.00152,-0.11364,4.57807,-0.34245,-1.02681,-0.41267,-0.14976,-0.09773,-0.66028,0.44919,-0.53639,0.21625,0.02701,0.29403,0.04040,-0.13409,-0.01553,6.000,6.000,12.000,12.000,6.000,6.000,6.000,6.000,12.000,12.000,6.000,6.000,6.000,6.000,6.000,6.000,0.004196,0.066725,0.004194,0.064810,0.004194,0.062660,0.004198,0.068406,0.000000,0.001915,0.000000,0.000000,0.989897,0.010103,0.000000,0.000000,0.000000,0.275542,0.275617
1.8000,0.00395,0.08430,0.48195,0.99999,-0.00317,0.00140,0.00224,0.00420,0.06196,0.31593,0.31445,0.00624,0.06487,2,0.03500,0.00624,0.034717,0.00009,-0.3873,-0.0002,-0.0025,-0.2064,-0.5308,2.1082,-1.0646,0,0.04900,0.01900,0.0279,0.6104,-0.004497,0.073083,0.2060,-1.1439,61.1485,0.0129,-1.0360,61.8433,-0.2226,-0.2246,0.3727,0.6663,0.4389,2.1791,-0.015251,0.003884,61.1459,-0.008722,0.003320,61.8433,-0.049053,-0.019053,0.3727,-0.049000,-0.011352,2.1791,-0.00727,-0.27232,-0.07355,0.13692,-0.06659,0.27651,-0.00062,-0.27029,-0.02386,0.04323,-0.02232,0.27664,0.04523,0.00175,-0.00927,0.00145,-0.27330,4.55476,-0.66086,-1.33353,-0.73046,-0.17925,-0.16300,-0.62681,0.67853,-0.67277,0.26555,0.03373,0.51814,0.07459,-0.24346,-0.02919,6.000,6.000,12.000,12.000,6.000,6.000,6.000,6.000,12.000,12.000,6.000,6.000,6.000,6.000,6.000,6.000,0.004223,0.066781,0.004194,0.064868,0.004194,0.062835,0.004281,0.068572,0.000000,0.001913,0.000000,0.000000,0.991087,0.008913,0.000000,0.000000,0.000000,0.276031,0.276057
1.8050,0.00417,0.08448,0.48195,0.99999,-0.00319,0.00148,0.00278,0.00420,0.06209,0.31593,0.31445,0.00633,0.06492,2,0.03501,0.00633,0.034720,0.00090,-0.3870,-0.0002,-0.0102,-0.2083,-0.5087,1.8789,-1.4052,0,0.04900,0.01900,0.0268,0.6352,-0.010443,0.073533,0.2378,-1.0725,61.1563,-0.0057,-0.9956,61.9681,-0.3054,-0.3082,0.5114,0.6927,0.7274,2.6358,-0.032555,0.004658,61.1537,-0.014669,0.003754,61.9681,-0.049042,-0.019042,0.5114,-0.049000,-0.019000,2.6358,-0.00874,-0.27282,-0.07052,0.13123,-0.06430,0.27694,-0.00174,-0.27079,-0.01007,0.01640,-0.00963,0.27730,0.05202,0.00246,-0.01089,0.00130,-0.86085,4.49314,-1.55652,-2.17430,-1.58943,-0.22925,-0.35959,-0.58365,1.32405,-0.95105,0.37996,0.04147,1.35611,0.20526,-0.62084,-0.07817,6.000,6.000,12.000,12.000,6.000,6.000,6.000,6.000,12.000,12.000,6.000,6.000,6.000,6.000,6.000,6.000,0.004306,0.066842,0.004194,0.064924,0.004194,0.063009,0.004530,0.068764,0.000000,0.001922,0.000000,0.000000,0.992464,0.007536,0.000000,0.000000,0.000000,0.276511,0.276641
1.8100,0.00476,0.08464,0.48200,0.99999,-0.00296,0.00183,0.00299,0.00421,0.06222,0.31594,0.31445,0.00637,0.06498,2,0.03509,0.00637,0.034818,0.03164,-0.4556,-0.0002,0.1811,-0.2105,-0.5437,1.5456,-2.1677,0,0.04900,0.01900,0.0291,0.5895,-0.026906,0.074345,4.0008,1.4299,56.7483,-0.2765,-1.0446,61.9597,-2.8004,-2.8256,4.6872,1.4933,0.7819,4.7663,-0.049002,0.019002,56.7492,-0.031132,0.004528,61.9597,-0.049022,0.019022,4.6883,-0.049000,-0.009640,4.7663,-0.00684,-0.27368,-0.06638,0.12806,-0.06730,0.27647,-0.00192,-0.27183,0.01114,-0.02407,0.00700,0.27747,0.07513,-0.00313,-0.00079,-0.00217,2.98856,2.54722,-3.05552,-3.22015,-3.14562,-1.11115,-0.42723,0.48632,2.01424,-3.37307,0.16213,0.03131,6.00010,0.26035,5.16250,0.44067,6.000,6.000,12.000,12.000,6.000,6.000,6.000,6.000,12.000,12.000,6.000,6.000,6.000,6.000,6.000,6.000,0.002264,0.066903,0.004194,0.064975,0.004194,0.063184,-0.001598,0.068968,0.000000,0.002729,0.000000,0.000000,0.993924,0.006076,0.000000,0.000000,0.000000,0.276944,0.277303
1.8150,0.00582,0.08479,0.48214,0.99999,-0.00244,0.00286,0.00213,0.00421,0.06239,0.31601,0.31445,0.00590,0.06502,2,0.03527,0.00590,0.035013,0.03228,-3.0711,-0.0003,0.2235,-0.4108,-2.4405,-4.6764,-10.8142,1,0.04900,0.01900,0.2574,0.9463,-0.021310,0.077338,4.0726,-0.1127,44.5353,-1.4086,12.6924,82.6862,-2.5911,-2.6106,4.3246,9.9664,0.7349,17.6041,0.049000,0.019000,44.5275,-0.025530,0.007520,82.6862,0.049004,0.019004,4.3292,-0.049000,-0.000960,17.6041,0.00286,-0.27463,-0.06068,0.12725,-0.07620,0.27469,-0.00026,-0.27361,0.02650,-0.05197,0.01408,0.27917,0.11918,-0.00777,0.02599,-0.00479,2.98856,2.54722,-3.05552,-3.22015,-3.14562,-1.11115,-0.42723,0.48632,2.01424,-3.37307,0.16213,0.03131,6.00010,0.26035,5.16250,0.44067,6.000,6.000,12.000,12.000,6.000,6.000,6.000,6.000,12.000,12.000,6.000,6.000,6.000,6.000,6.000,6.000,0.001812,0.069088,0.004194,0.065024,0.004194,0.063358,-0.002953,0.075553,0.000000,0.004711,0.000000,0.000000,1.000000,0.000000,0.000000,0.000000,0.000000,0.276466,0.277468
1.8200,0.00658,0.08492,0.48220,0.99999,-0.00189,0.00440,-0.00109,0.00424,0.06260,0.31619,0.31445,0.00573,0.06507,2,0.03521,0.00573,0.035160,0.02819,-3.4336,-0.0005,-0.9555,-0.6227,-3.3027,-8.0872,-22.0626,0,0.04900,0.01900,0.5362,0.0000,-0.044794,0.075718,9.4839,10.3386,16.9265,7.0069,19.3337,63.9355,-15.8186,-14.4673,26.2167,0.0000,0.0000,0.0000,0.049059,0.019059,16.9417,-0.049000,0.006083,63.9355,0.049038,0.019038,26.3094,0.000000,0.000000,0.0000,0.02763,-0.27622,-0.05226,0.12192,-0.07510,0.26985,0.01966,-0.27392,0.02927,-0.05811,0.01595,0.27936,0.14904,0.03585,0.03157,0.04758,-0.09586,-4.52962,4.84035,1.85054,1.29935,-0.73942,3.79544,5.29403,-7.10219,-2.34844,-0.58426,0.04266,-6.00102,2.59881,-6.00101,3.17568,6.000,6.000,12.000,12.000,6.000,6.000,6.000,6.000,12.000,12.000,6.000,6.000,6.000,6.000,6.000,6.000,0.014418,0.071412,0.004194,0.065068,0.004194,0.063533,0.034864,0.082566,0.000000,0.012032,0.000000,0.000000,1.000000,0.000000,0.000000,0.000000,0.000000,0.274695,0.279173
1.8250,0.00697,0.08507,0.48216,0.99995,-0.00151,0.00623,-0.00718,0.00430,0.06285,0.31629,0.31445,0.00880,0.06511,2,0.03495,0.00880,0.035364,0.04915,-3.3819,-0.0007,-0.1846,-0.6675,-0.9309,-7.5326,-28.9719,0,0.04900,0.01900,0.9289,1.1669,0.052389,0.090397,6.3172,3.4166,46.1462,9.1445,2.9110,17.2223,-7.5408,-7.8419,12.7222,-4.2978,0.0000,6.1397,0.049045,-0.019045,46.1993,0.049000,0.018999,17.2223,0.049162,-0.019159,12.7633,-0.049000,-0.019000,6.1397,0.06456,-0.27999,-0.03970,0.11057,-0.07297,0.27749,0.05366,-0.27330,0.02102,-0.04998,0.01968,0.28323,0.16905,0.08800,0.01561,0.10547,2.60662,3.09240,2.92667,1.49518,2.04044,0.68288,1.87681,0.32243,-2.51813,-0.66019,-0.18043,0.47267,0.13205,0.83190,-3.12017,0.27950,6.000,6.000,12.000,12.000,6.000,6.000,6.000,6.000,12.000,12.000,6.000,6.000,6.000,6.000,6.000,6.000,0.006201,0.071956,0.004194,0.065109,0.004194,0.063708,0.010216,0.084249,0.000000,0.007135,0.000000,0.000000,1.000000,0.000000,0.000000,0.000000,0.000000,0.269854,0.279356
1.8300,0.00715,0.08525,0.48211,0.99983,-0.00124,0.00816,-0.01636,0.00438,0.06305,0.31629,0.31445,0.01244,0.06515,2,0.03480,0.01244,0.035695,0.07607,-5.6298,-0.0009,0.5601,-0.3489,-0.4286,-2.8217,-31.6787,0,0.04900,0.01900,0.2467,0.7419,0.052763,0.069774,5.3401,-0.5108,59.3560,0.8259,-7.7931,52.9543,-1.6269,-1.8022,2.8430,-13.0808,-2.7867,30.0513,0.049029,0.019028,59.4044,0.048999,-0.002346,52.9543,0.049605,0.019603,2.8497,0.031050,-0.012360,30.0513,0.11923,-0.28504,-0.02186,0.09723,-0.07677,0.27964,0.08647,-0.27378,0.00471,-0.03594,0.02298,0.28610,0.19372,0.15357,-0.02201,0.17373,4.58672,6.00175,-0.21102,0.33798,2.01484,-0.76721,0.72869,-2.75551,-0.91854,-0.00369,-0.02096,0.04945,2.78921,3.32294,-6.00178,2.26992,6.000,6.000,12.000,12.000,6.000,6.000,6.000,6.000,12.000,12.000,6.000,6.000,6.000,6.000,6.000,6.000,-0.001728,0.068598,0.004194,0.065147,0.004194,0.063882,-0.013573,0.074236,0.000000,0.006855,0.000000,0.000000,1.000000,0.000000,0.000000,0.000000,0.000000,0.277492,0.283235
1.8350,0.00712,0.08546,0.48202,0.99954,-0.00096,0.01028,-0.02856,0.00443,0.06319,0.31633,0.31445,0.01627,0.06518,2,0.03478,0.01627,0.036109,0.08715,-8.8486,-0.0012,1.2304,-0.1521,-1.5987,-2.9888,-35.0203,1,0.04900,0.01900,0.5528,1.0513,0.051165,0.091634,4.4237,2.3435,48.6924,2.8373,-20.3728,62.0263,3.7339,-3.3517,5.7486,-6.5530,0.7706,10.4623,0.049033,0.019033,48.7678,0.048999,0.019000,62.0263,0.049282,0.019280,5.8174,0.048997,-0.007107,10.4623,0.18921,-0.29120,-0.00105,0.08312,-0.08400,0.27390,0.11888,-0.27616,-0.01741,-0.01998,0.02534,0.28853,0.22523,0.23862,-0.08360,0.25931,4.58672,6.00175,-0.21102,0.33798,2.01484,-0.76721,0.72869,-2.75551,-0.91854,-0.00369,-0.02096,0.04945,2.78921,3.32294,-6.00178,2.26992,6.000,6.000,12.000,12.000,6.000,6.000,6.000,6.000,12.000,12.000,6.000,6.000,6.000,6.000,6.000,6.000,-0.014103,0.066517,0.004194,0.065180,0.004194,0.064057,-0.035006,0.068068,0.015692,0.018346,0.000000,0.000000,0.987474,0.012526,0.000000,0.000000,0.000000,0.279636,0.286105
1.8400,0.00693,0.08570,0.48188,0.99899,-0.00074,0.01257,-0.04313,0.00447,0.06327,0.31642,0.31445,0.02049,0.06521,2,0.03488,0.02049,0.036568,0.09502,-11.0112,-0.0016,1.2316,0.1141,-1.5246,-2.9486,-38.8841,1,0.04900,0.01900,0.4978,0.8897,0.050961,0.091941,11.1963,15.5174,48.6494,2.6924,-17.9756,60.8692,0.0005,-0.0004,-0.0008,-5.1941,12.2136,24.8682,0.049020,0.019020,49.1022,0.048999,0.018999,60.8692,0.000000,0.000000,0.0000,0.006468,-0.017160,24.8682,0.27005,-0.29812,0.02128,0.06864,-0.09157,0.26666,0.15191,-0.27982,-0.04324,-0.00453,0.02946,0.29118,0.26389,0.33255,-0.16403,0.34988,4.58672,6.00175,-0.21102,0.33798,2.01484,-0.76721,0.72869,-2.75551,-0.91854,-0.00369,-0.02096,0.04945,2.78921,3.32294,-6.00178,2.26992,6.000,6.000,12.000,12.000,6.000,6.000,6.000,6.000,12.000,12.000,6.000,6.000,6.000,6.000,6.000,6.000,-0.023229,0.063669,0.004194,0.065209,0.004194,0.064231,-0.035006,0.059611,0.043071,0.027467,0.000000,0.000000,0.926914,0.073086,0.000000,0.000000,0.000000,0.273904,0.288526
1.8450,0.00667,0.08601,0.48186,0.99854,-0.00098,0.01221,-0.05258,0.00450,0.06331,0.31657,0.31445,0.02505,0.06523,2,0.03504,0.02505,0.036925,0.06530,-13.0807,-0.0021,1.2325,0.2351,-1.8825,-1.0315,-42.3668,0,0.04900,0.01900,0.4293,1.1425,0.050987,0.092088,14.9842,9.6796,40.1616,1.9529,-15.8132,61.8731,-6.8128,-8.1211,12.3978,-1.6455,0.0355,2.4014,0.049032,0.019031,40.7038,0.048999,0.018999,61.8731,-0.049105,0.019103,12.4375,0.048998,0.001377,2.4014,0.32193,-0.30122,0.04198,0.05346,-0.08721,0.27149,0.16845,-0.28079,-0.04406,-0.01210,0.03243,0.28893,0.29031,0.47333,-0.22683,0.46577,-0.03203,6.00132,-1.87877,-0.61577,2.62071,-1.02606,-4.06611,0.36504,12.00126,-6.40615,0.89525,0.05253,-0.10569,6.00132,6.00132,6.00131,6.000,6.000,12.000,12.000,6.000,6.000,6.000,6.000,12.000,12.000,6.000,6.000,6.000,6.000,6.000,6.000,-0.032950,0.062356,0.004194,0.065234,0.004194,0.064406,-0.035006,0.055771,0.072232,0.037255,0.000000,0.000000,0.899410,0.100590,0.000000,0.000000,0.000000,0.266663,0.291179
1.8500,0.00641,0.08641,0.48210,0.99851,-0.00191,0.00805,-0.05391,0.00452,0.06338,0.31683,0.31445,0.02428,0.06526,2,0.03532,0.02428,0.037208,0.05057,-9.4213,-0.0024,0.5193,-0.1710,-4.3947,12.4577,28.3000,1,0.04900,0.01900,0.5600,1.0091,0.051114,0.092132,0.8960,1.1078,31.9680,-20.9702,7.9387,66.7506,2.5469,-2.2416,3.9358,32.3588,5.6167,54.2507,0.049042,0.019039,31.9995,0.048999,0.018999,66.7506,0.049335,0.019330,3.9615,-0.046028,-0.019000,54.2507,0.33613,-0.29837,0.06228,0.03868,-0.07242,0.28466,0.16453,-0.27755,-0.01269,-0.03956,0.03027,0.27807,0.30064,0.65331,-0.25231,0.60784,-0.03203,6.00132,-1.87877,-0.61577,2.62071,-1.02606,-4.06611,0.36504,12.00126,-6.40615,0.89525,0.05253,-0.10569,6.00132,6.00132,6.00131,6.000,6.000,12.000,12.000,6.000,6.000,6.000,6.000,12.000,12.000,6.000,6.000,6.000,6.000,6.000,6.000,-0.001246,0.066684,0.004194,0.065255,0.004194,0.064580,-0.012125,0.068866,0.000000,0.005624,0.000000,0.000000,0.993193,0.006807,0.000000,0.000000,0.000000,0.271488,0.288926
1.8550,0.00599,0.08676,0.48234,0.99852,-0.00288,0.00330,-0.05416,0.00453,0.06351,0.31725,0.31445,0.01587,0.06527,2,0.03554,0.01587,0.037304,0.00373,-8.3907,-0.0027,-1.2123,-0.3849,-5.8650,23.1032,84.5231,0,0.04900,0.01900,0.4539,0.0000,0.051213,0.092135,-8.0388,-2.5532,26.1575,-19.4567,3.1906,72.4035,0.0011,0.0012,-0.0023,0.0000,0.0000,0.0000,0.049102,0.019096,25.7525,0.048997,0.018999,72.4035,0.000000,0.000000,0.0000,0.000000,0.000000,0.0000,0.33087,-0.29351,0.08028,0.02039,-0.05427,0.29943,0.15512,-0.27392,0.00227,-0.02349,0.01005,0.27204,0.30823,0.73741,-0.27490,0.73992,-2.66054,5.55707,3.20205,0.26829,1.48409,-0.12057,1.16350,-0.90733,-3.53438,2.54484,-0.45363,-0.14521,-6.00282,-3.45011,-5.06111,2.51224,6.000,6.000,12.000,12.000,6.000,6.000,6.000,6.000,12.000,12.000,6.000,6.000,6.000,6.000,6.000,6.000,0.024325,0.068972,0.004194,0.065272,0.004194,0.064755,0.043394,0.075853,0.021191,0.020468,0.000000,0.000000,1.000000,0.000000,0.000000,0.000000,0.000000,0.284664,0.278069
1.8600,0.00543,0.08706,0.48252,0.99853,-0.00359,-0.00050,-0.05408,0.00450,0.06367,0.31760,0.31445,0.00627,0.06528,2,0.03583,0.00627,0.037246,-0.02267,-4.7927,-0.0028,-0.4687,-0.4384,-5.1152,18.9073,68.1016,0,0.04900,0.01900,0.5000,0.0000,0.054386,0.077720,-3.1083,-2.9064,31.1276,-9.1358,3.9548,33.1916,0.0005,-0.0004,-0.0009,0.0000,0.0000,0.0000,0.049033,0.019033,30.8984,0.048995,0.004237,33.1916,0.000000,0.000000,0.0000,0.000000,0.000000,0.0000,0.31079,-0.28916,0.09765,-0.00944,-0.03514,0.30800,0.14907,-0.27183,-0.00962,0.03857,-0.02199,0.26762,0.29346,0.81169,-0.29068,0.87993,-3.71243,4.25634,5.02284,0.39086,2.28561,-0.25926,2.63203,-1.02119,-8.15827,0.73791,-1.46346,-0.09756,-6.00107,3.64509,6.00109,6.00108,6.000,6.000,12.000,12.000,6.000,6.000,6.000,6.000,12.000,12.000,6.000,6.000,6.000,6.000,6.000,6.000,0.009303,0.069547,0.004194,0.065284,0.004194,0.064929,0.019521,0.077719,0.000000,0.006654,0.000000,0.000000,1.000000,0.000000,0.000000,0.000000,0.000000,0.299427,0.272038
1.8650,0.00486,0.08730,0.48260,0.99863,-0.00419,-0.00317,-0.05203,0.00442,0.06385,0.31785,0.31445,0.00712,0.06529,2,0.03640,0.00712,0.036968,-0.08008,-3.7093,-0.0027,-1.2158,-0.5542,-2.8618,14.4950,53.4907,1,0.04900,0.01900,0.4565,0.0000,0.055227,0.073145,-7.8151,-3.9086,45.6728,1.5230,8.8967,32.9604,-0.2457,0.2341,0.3938,0.0000,0.0000,0.0000,-0.049045,0.019045,45.2023,0.048994,-0.000345,32.9604,-0.053975,0.024097,0.3950,0.000000,0.000000,0.0000,0.27640,-0.28502,0.10634,-0.03395,-0.02225,0.30665,0.14644,-0.27039,-0.03855,0.12661,-0.05758,0.26391,0.25157,0.92362,-0.28275,1.03749,-3.71243,4.25634,5.02284,0.39086,2.28561,-0.25926,2.63203,-1.02119,-8.15827,0.73791,-1.46346,-0.09756,-6.00107,3.64509,6.00109,6.00108,6.000,6.000,12.000,12.000,6.000,6.000,6.000,6.000,12.000,12.000,6.000,6.000,6.000,6.000,6.000,6.000,0.022960,0.070795,0.004194,0.065292,0.004194,0.065104,0.043394,0.081612,0.017098,0.019556,0.000000,0.000000,1.000000,0.000000,0.000000,0.000000,0.000000,0.307997,0.267621
1.8700,0.00443,0.08748,0.48265,0.99903,-0.00498,-0.00527,-0.04334,0.00435,0.06407,0.31798,0.31445,0.00805,0.06529,2,0.03691,0.00805,0.036338,-0.13164,2.3321,-0.0025,-1.2179,-0.6535,-0.2911,13.0901,36.4400,0,0.04900,0.01900,0.8251,0.6906,0.058009,0.054511,8.7352,-15.0463,34.3534,9.1693,9.0721,26.0590,-16.8101,10.7134,28.7568,2.3417,-1.8043,7.1358,-0.049032,0.019032,34.7823,0.048992,-0.018998,26.0590,-0.049038,0.019039,28.5294,0.049000,0.019000,7.1358,0.21625,-0.27978,0.06980,0.01845,-0.04843,0.29732,0.14070,-0.26813,-0.03503,0.16470,-0.09229,0.24796,0.19544,0.93740,-0.24343,1.20347,0.41948,6.00117,-11.63677,3.39112,-1.69845,-0.26749,-3.78647,-3.21175,12.00106,0.80103,-1.42983,-0.99170,-6.00118,-5.83064,5.58539,6.00114,6.000,6.000,12.000,12.000,6.000,6.000,6.000,6.000,12.000,12.000,6.000,6.000,6.000,6.000,6.000,6.000,0.024673,0.072777,0.004194,0.065295,0.004194,0.065278,0.043394,0.085017,0.022400,0.021803,0.000000,0.000000,1.000000,0.000000,0.000000,0.000000,0.000000,0.306651,0.263910
1.8750,0.00414,0.08767,0.48246,0.99932,-0.00649,-0.00668,-0.03578,0.00430,0.06431,0.31791,0.31445,0.01095,0.06529,2,0.03699,0.01095,0.035470,-0.19167,7.6447,-0.0018,-0.6285,-0.5180,0.5296,19.0278,33.3478,0,0.04900,0.01900,0.3507,0.0000,0.057337,0.054121,0.6359,-8.2711,60.5903,2.2028,-1.7940,13.5044,-4.8027,4.8368,7.9611,0.0000,0.0000,0.0000,-0.049031,0.019031,60.6010,0.048997,-0.018999,13.5044,-0.049237,0.019233,7.9906,0.000000,0.000000,0.0000,0.18220,-0.26946,0.03143,0.09557,-0.11662,0.26993,0.13798,-0.26406,-0.01578,0.16383,-0.12337,0.22528,0.15653,0.91367,-0.20953,1.34122,0.75976,2.74840,0.76190,1.33771,-3.58609,-1.16977,1.59516,-0.21938,-6.04506,-4.79102,-1.99363,-0.70871,6.00191,1.33086,-6.00192,1.78024,6.000,6.000,12.000,12.000,6.000,6.000,6.000,6.000,12.000,12.000,6.000,6.000,6.000,6.000,6.000,6.000,0.010945,0.070445,0.004194,0.065293,0.004194,0.065453,0.024447,0.080909,0.000000,0.008492,0.000000,0.000000,1.000000,0.000000,0.000000,0.000000,0.000000,0.297320,0.247960
1.8800,0.00430,0.08785,0.48208,0.99935,-0.00815,-0.00670,-0.03438,0.00425,0.06454,0.31762,0.31445,0.01382,0.06529,2,0.03688,0.01382,0.034549,-0.14459,21.0367,-0.0010,-0.9012,-0.6389,6.8871,33.9354,16.4159,0,0.04900,0.01900,0.0000,0.0000,0.000000,0.000000,18.9323,-28.6298,67.9774,0.0000,0.0000,0.0000,-24.9073,24.3942,42.7247,0.0000,0.0000,0.0000,-0.049017,0.019018,67.5129,0.000000,0.000000,0.0000,-0.049027,0.019027,43.7567,0.000000,0.000000,0.0000,0.19561,-0.25613,0.01931,0.14624,-0.18745,0.25001,0.15552,-0.26073,0.00162,0.14799,-0.17185,0.18540,0.15099,0.90929,-0.17829,1.46840,-0.39365,6.00125,6.96889,3.05782,-2.35108,-0.77640,5.16995,-4.97336,-12.00120,-8.91242,-5.04741,-2.04485,6.00122,1.46571,6.00122,4.63871,6.000,6.000,12.000,12.000,6.000,6.000,6.000,6.000,12.000,12.000,6.000,6.000,6.000,6.000,6.000,6.000,0.013842,0.073570,0.004194,0.065286,0.004194,0.065628,0.033138,0.085017,0.005462,0.012716,0.000000,0.000000,1.000000,0.000000,0.000000,0.000000,0.000000,0.269931,0.225284
1.8850,0.00485,0.08808,0.48192,0.99926,-0.00951,-0.00553,-0.03698,0.00426,0.06478,0.31723,0.31445,0.01582,0.06527,2,0.03696,0.01582,0.033978,-0.08652,16.0648,-0.0000,-0.5997,-0.6314,5.2815,23.7978,-7.2316,0,0.04900,0.01900,0.6878,0.8288,-0.041724,0.075661,28.2003,-25.0476,55.3231,42.7050,0.6188,103.5143,-32.1762,20.8613,44.7332,-20.5099,24.7887,64.7123,-0.045660,0.019026,53.7991,-0.048964,0.011008,103.5143,-0.049029,0.019028,47.7079,-0.048978,0.018938,64.7123,0.23909,-0.24329,0.01980,0.17735,-0.23097,0.24833,0.19510,-0.25852,0.01886,0.12016,-0.20246,0.16521,0.16211,0.91133,-0.13932,1.55964,0.35649,3.72613,5.92643,2.43034,-1.11010,-0.29322,4.87851,-2.94178,-9.94907,-9.08224,-4.83886,-1.95483,1.03794,0.41534,0.71694,0.70312,6.000,6.000,12.000,12.000,6.000,6.000,6.000,6.000,12.000,12.000,6.000,6.000,6.000,6.000,6.000,6.000,0.010623,0.073983,0.004194,0.065274,0.004194,0.065802,0.023480,0.085017,0.006912,0.010825,0.000000,0.000000,1.000000,0.000000,0.000000,0.000000,0.000000,0.250013,0.185401
1.8900,0.00530,0.08836,0.48177,0.99909,-0.01070,-0.00372,-0.04117,0.00434,0.06510,0.31710,0.31445,0.01860,0.06526,2,0.03682,0.01860,0.033458,-0.11198,8.6939,0.0005,1.2275,-0.6214,0.0200,24.6138,-22.3041,0,0.04900,0.01900,0.7519,0.8307,-0.042231,0.077371,10.2226,-7.4960,16.1830,30.4455,0.0000,67.4964,-2.0845,3.3761,48.9901,-23.3037,29.4518,75.3651,0.049144,-0.019139,15.6739,-0.048938,0.012218,67.4964,0.049047,-0.019047,49.0780,-0.048887,0.018814,75.3651,0.28992,-0.23285,0.02075,0.19597,-0.24630,0.25752,0.25717,-0.25581,0.03780,0.08240,-0.19000,0.17248,0.16846,0.91428,-0.11029,1.61268,1.93039,-5.32386,-1.40369,-0.50844,0.31616,0.57717,2.57030,4.65278,1.27224,-0.54413,2.31627,0.94109,-2.69915,-0.24747,-2.97413,0.27099,6.000,6.000,12.000,12.000,6.000,6.000,6.000,6.000,12.000,12.000,6.000,6.000,6.000,6.000,6.000,6.000,-0.009481,0.078195,0.004194,0.065256,0.004194,0.065977,-0.035006,0.085017,0.019860,0.018826,0.000000,0.000000,1.000000,0.000000,0.000000,0.000000,0.000000,0.248325,0.165208
1.8950,0.00531,0.08867,0.48159,0.99886,-0.01107,-0.00166,-0.04630,0.00445,0.06546,0.31694,0.31445,0.02107,0.06523,2,0.03650,0.02107,0.033148,-0.03267,10.8824,0.0010,1.2308,-0.6100,3.0995,19.6241,-29.6152,0,0.04900,0.01900,0.4109,0.0000,0.024573,0.064618,23.3148,-15.8936,34.6289,-8.8205,12.3309,61.5066,-15.1544,11.8496,50.9609,0.0000,0.0000,0.0000,0.049066,-0.019064,34.0609,0.014393,-0.014752,61.5066,0.049042,-0.019043,52.9683,0.000000,0.000000,0.0000,0.32960,-0.22835,0.01595,0.21052,-0.24841,0.26884,0.33679,-0.25607,0.06077,0.02485,-0.13700,0.19817,0.15600,0.91429,-0.10549,1.63675,-2.33811,1.87893,5.17967,3.71182,3.34372,1.54132,4.90739,-0.82321,-6.10567,-6.39636,1.64329,1.12050,-6.00238,-0.80296,-6.00240,-0.89073,6.000,6.000,12.000,12.000,6.000,6.000,6.000,6.000,12.000,12.000,6.000,6.000,6.000,6.000,6.000,6.000,-0.022337,0.077956,0.004194,0.065233,0.004194,0.066151,-0.035006,0.085017,0.044768,0.029424,0.000000,0.000000,1.000000,0.000000,0.000000,0.000000,0.000000,0.257519,0.172476
1.9000,0.00511,0.08900,0.48146,0.99844,-0.01052,0.00068,-0.05487,0.00459,0.06585,0.31674,0.31445,0.02196,0.06520,2,0.03654,0.02196,0.033214,0.04083,4.8250,0.0014,1.2353,-0.5980,1.7449,1.6303,-32.1330,0,0.04900,0.01900,0.3442,1.1669,0.031946,0.064039,30.5536,-16.9116,50.3382,13.9592,7.2752,76.2367,-22.3633,12.9467,26.2707,-0.5807,0.0000,0.8295,0.049101,-0.019099,50.2876,0.021303,-0.018984,76.2367,0.049175,-0.019177,28.4654,-0.048951,0.018914,0.8295,0.35999,-0.22893,0.00602,0.22850,-0.25122,0.27827,0.41995,-0.26305,0.08128,-0.04766,-0.06154,0.23318,0.14970,0.92243,-0.12704,1.66046,-3.54872,6.00536,8.23532,6.88785,5.03225,1.92060,4.56796,-4.32076,-9.45562,-10.95710,-0.13844,0.60052,5.33945,1.64907,-4.15625,0.92747,6.000,6.000,12.000,12.000,6.000,6.000,6.000,6.000,12.000,12.000,6.000,6.000,6.000,6.000,6.000,6.000,-0.027555,0.075515,0.004194,0.065205,0.004194,0.066326,-0.035006,0.085017,0.057369,0.033382,0.000000,0.000000,1.000000,0.000000,0.000000,0.000000,0.000000,0.268837,0.198168
1.9050,0.00473,0.08933,0.48132,0.99766,-0.00948,0.00322,-0.06760,0.00479,0.06626,0.31669,0.31445,0.02109,0.06517,2,0.03690,0.02109,0.033521,0.07486,-1.2144,0.0013,1.2416,-0.5851,-1.5951,-11.1549,-39.2445,0,0.04900,0.01900,0.4941,1.1669,0.031173,0.065177,8.2310,-3.8801,54.4665,28.6916,10.9517,103.6174,0.0006,0.0010,-0.0017,-13.0610,0.0000,18.6586,0.049035,0.008454,54.5533,0.020880,-0.018968,103.6174,0.000000,0.000000,0.0000,-0.048998,0.018994,18.6586,0.38766,-0.23194,-0.01025,0.25649,-0.25910,0.28430,0.48426,-0.27575,0.07784,-0.09407,-0.00167,0.26559,0.16149,0.99127,-0.17878,1.75260,-2.20397,0.02927,2.91790,4.35155,3.67518,-0.19251,1.90057,2.06415,-6.13122,-4.79341,0.10149,0.65778,6.00200,5.74668,-6.00202,6.00137,6.000,6.000,12.000,12.000,6.000,6.000,6.000,6.000,12.000,12.000,6.000,6.000,6.000,6.000,6.000,6.000,-0.021559,0.075538,0.004194,0.065171,0.004194,0.066500,-0.035006,0.085017,0.040087,0.027762,0.000000,0.000000,1.000000,0.000000,0.000000,0.000000,0.000000,0.278273,0.233183
1.9100,0.00461,0.08962,0.48122,0.99674,-0.00802,0.00553,-0.08008,0.00503,0.06674,0.31681,0.31445,0.01936,0.06513,2,0.03720,0.01936,0.034126,0.15025,-1.5505,0.0010,0.8972,-0.5703,-1.0720,-17.0032,-38.3881,0,0.04900,0.01900,0.4033,0.0000,0.031437,0.080091,-2.0377,-0.2806,47.2317,9.3607,20.7902,94.2484,7.9858,-3.5006,10.7014,0.0000,0.0000,0.0000,-0.049035,0.019035,47.1924,0.025110,-0.005406,94.2484,-0.049158,0.019154,10.5250,0.000000,0.000000,0.0000,0.40375,-0.23785,-0.02499,0.28359,-0.27303,0.28667,0.51700,-0.28897,0.05117,-0.09894,0.02701,0.28963,0.19449,1.06214,-0.22100,1.84228,-2.95709,-2.80815,0.48202,-1.05273,-1.51228,-0.93004,-0.65288,4.51713,1.08410,4.27621,1.11205,0.63687,6.00169,1.43048,4.14236,1.25069,6.000,6.000,12.000,12.000,6.000,6.000,6.000,6.000,12.000,12.000,6.000,6.000,6.000,6.000,6.000,6.000,-0.005113,0.082865,0.004194,0.065131,0.004194,0.066675,-0.023729,0.085017,0.034861,0.020028,0.000000,0.000000,1.000000,0.000000,0.000000,0.000000,0.000000,0.284300,0.265587
1.9150,0.00495,0.08984,0.48110,0.99575,-0.00643,0.00748,-0.09160,0.00528,0.06725,0.31703,0.31445,0.01688,0.06508,2,0.03736,0.01688,0.034692,0.08727,-11.4247,0.0004,-0.4456,-0.5543,-3.6102,-23.9642,-31.1904,0,0.04900,0.01900,0.1627,0.0000,-0.015813,0.078962,9.6273,-9.4114,25.0910,1.3243,8.2225,85.3515,-12.5815,5.7364,16.0134,0.0000,0.0000,0.0000,-0.049075,0.019074,25.5113,-0.020734,0.005064,85.3515,-0.049118,0.019116,16.1321,0.000000,0.000000,0.0000,0.41646,-0.24364,-0.03142,0.30125,-0.28912,0.28355,0.53583,-0.30036,0.01612,-0.07673,0.02594,0.29975,0.24998,1.10486,-0.23604,1.89311,0.57540,1.83466,0.43260,-0.58354,-1.28667,-0.12959,0.50175,-1.17049,-0.52210,1.53621,-0.87879,-0.12973,5.88414,1.10510,3.51951,0.57510,6.000,6.000,12.000,12.000,6.000,6.000,6.000,6.000,12.000,12.000,6.000,6.000,6.000,6.000,6.000,6.000,0.009318,0.082383,0.004194,0.065084,0.004194,0.066849,0.019565,0.085017,0.033729,0.018041,0.000000,0.000000,1.000000,0.000000,0.000000,0.000000,0.000000,0.286675,0.289632
1.9200,0.00553,0.09004,0.48087,0.99478,-0.00459,0.00868,-0.10159,0.00555,0.06779,0.31722,0.31445,0.01417,0.06503,2,0.03740,0.01417,0.035078,0.07214,-7.2912,-0.0002,-0.8976,-0.5373,-1.4445,-23.4537,-28.8592,0,0.04900,0.01900,0.6660,0.0000,-0.032992,0.050212,-12.5298,-21.7895,28.2455,6.9654,11.3166,33.2599,6.5788,18.2272,27.2181,0.0000,0.0000,0.0000,-0.049061,0.019062,28.8306,-0.044071,-0.018985,33.2599,-0.049065,0.019064,27.1228,0.000000,0.000000,0.0000,0.41871,-0.24927,-0.03287,0.31113,-0.30685,0.26458,0.53127,-0.31021,-0.02258,-0.04225,0.01058,0.28951,0.32022,1.13629,-0.23809,1.92640,-0.56369,3.77276,-5.69250,-4.53490,-2.60358,-0.10694,-3.89858,-2.12499,6.23053,5.59632,0.51168,-0.87275,5.25510,1.14573,0.15836,0.68383,6.000,6.000,12.000,12.000,6.000,6.000,6.000,6.000,12.000,12.000,6.000,6.000,6.000,6.000,6.000,6.000,0.014238,0.082641,0.004194,0.065032,0.004194,0.067024,0.034324,0.085017,0.034833,0.020271,0.000000,0.000000,1.000000,0.000000,0.000000,0.000000,0.000000,0.283547,0.299746
1.9250,0.00617,0.09029,0.48057,0.99400,-0.00254,0.00897,-0.10895,0.00580,0.06835,0.31733,0.31445,0.01634,0.06497,2,0.03740,0.01634,0.035404,0.06460,-6.6976,-0.0006,-1.0368,-0.5200,-0.0078,-29.5794,-11.8199,0,0.04900,0.01900,0.5644,0.0000,-0.043135,0.072053,-15.3821,-23.7980,38.6573,-2.4064,-15.2511,45.6041,8.5079,20.3502,26.3316,0.0000,0.0000,0.0000,-0.049019,0.019019,39.0604,-0.048999,0.004295,45.6041,-0.049028,0.019028,26.1923,0.000000,0.000000,0.0000,0.41139,-0.25626,-0.03051,0.31348,-0.31947,0.24578,0.50379,-0.31839,-0.06156,-0.00172,-0.00390,0.26314,0.39637,1.16387,-0.23455,1.95236,-0.56841,5.20654,-6.91183,-5.92822,-3.31298,-0.55905,-4.38330,-2.46394,6.38505,5.39730,0.53623,-1.31054,3.88620,0.93446,-0.11011,0.62816,6.000,6.000,12.000,12.000,6.000,6.000,6.000,6.000,12.000,12.000,6.000,6.000,6.000,6.000,6.000,6.000,0.015809,0.082477,0.004194,0.064973,0.004194,0.067198,0.039037,0.085017,0.034694,0.021007,0.000000,0.000000,1.000000,0.000000,0.000000,0.000000,0.000000,0.264580,0.289512
1.9300,0.00689,0.09061,0.48028,0.99338,-0.00070,0.00880,-0.11458,0.00603,0.06885,0.31742,0.31445,0.01728,0.06491,2,0.03754,0.01728,0.035658,0.04408,-6.6156,-0.0009,-1.1657,-0.5043,0.1541,-30.0863,-0.0021,0,0.04900,0.01900,0.7081,0.8090,-0.045261,0.084024,0.9523,-7.9313,56.0029,-12.6075,-16.5486,48.9737,-8.6811,4.5878,10.0590,16.7247,-0.8741,34.5090,-0.049000,0.019000,55.9239,-0.048995,0.016156,48.9737,-0.049002,0.019002,10.7189,-0.048983,0.018980,34.5090,0.40518,-0.26290,-0.02341,0.30912,-0.32633,0.23441,0.47402,-0.32582,-0.09842,0.04312,-0.01473,0.23838,0.47654,1.18862,-0.22405,1.97260,-0.22456,2.87672,-3.18444,-4.33419,-2.70381,-1.03247,-1.77353,0.30395,0.98892,2.51447,-0.65915,-0.81073,3.79587,0.92223,1.50638,0.54860,6.000,6.000,12.000,12.000,6.000,6.000,6.000,6.000,12.000,12.000,6.000,6.000,6.000,6.000,6.000,6.000,0.021151,0.082675,0.004194,0.064908,0.004194,0.067373,0.043394,0.085017,0.037519,0.024560,0.000000,0.000000,1.000000,0.000000,0.000000,0.000000,0.000000,0.245784,0.263142
1.9350,0.00772,0.09101,0.48000,0.99295,0.00082,0.00819,-0.11822,0.00626,0.06932,0.31757,0.31445,0.01733,0.06484,2,0.03775,0.01733,0.035936,0.06435,-5.3778,-0.0012,-1.1585,-0.4898,-0.2023,-25.0281,4.3461,0,0.04900,0.01900,0.0695,0.3870,-0.045469,0.087081,-7.6797,-3.2476,63.7005,-0.3814,-2.3522,57.1723,-0.0009,0.0005,-0.0018,4.6217,-2.8663,23.4239,-0.049030,0.019030,63.8007,-0.048990,0.018989,57.1723,0.000000,0.000000,0.0000,-0.048968,0.018946,23.4239,0.38483,-0.27128,-0.01706,0.29981,-0.32312,0.22195,0.44776,-0.33176,-0.13212,0.09487,-0.02793,0.22339,0.56047,1.20939,-0.20223,1.98842,-2.36486,1.83505,-5.32103,-5.81306,-2.89445,-1.22227,-1.93321,2.07311,3.74096,4.85037,0.23994,-0.32070,3.95303,0.67299,2.29251,0.52554,6.000,6.000,12.000,12.000,6.000,6.000,6.000,6.000,12.000,12.000,6.000,6.000,6.000,6.000,6.000,6.000,0.025182,0.083110,0.004194,0.064835,0.004194,0.067547,0.043394,0.085017,0.044272,0.027829,0.000000,0.000000,1.000000,0.000000,0.000000,0.000000,0.000000,0.234409,0.238385
1.9400,0.00881,0.09148,0.47976,0.99285,0.00194,0.00696,-0.11916,0.00651,0.06974,0.31780,0.31445,0.01645,0.06476,2,0.03805,0.01645,0.036300,0.07898,-7.3434,-0.0014,-1.1505,-0.4767,-1.0461,-19.8148,12.7078,0,0.04900,0.01900,0.4605,1.1669,-0.045296,0.087217,-7.6288,-3.1615,58.1060,-10.3326,-14.2919,63.8351,0.0007,0.0008,-0.0017,15.8121,0.0000,22.5887,-0.049031,0.019031,58.1409,-0.048988,0.018978,63.8351,0.000000,0.000000,0.0000,-0.048971,0.018936,22.5887,0.34295,-0.28195,-0.01371,0.28722,-0.30941,0.20481,0.42364,-0.33597,-0.16188,0.15606,-0.04422,0.22001,0.65485,1.15671,-0.15873,2.03232,-2.82830,4.44439,-5.21896,-5.39634,-2.41933,-1.12254,-2.84730,1.56389,6.20319,6.55962,0.44005,-0.09216,4.06189,-5.23511,6.00191,3.40465,6.000,6.000,12.000,12.000,6.000,6.000,6.000,6.000,12.000,12.000,6.000,6.000,6.000,6.000,6.000,6.000,0.033868,0.081993,0.004194,0.064756,0.004194,0.067722,0.043394,0.085017,0.060552,0.034317,0.000000,0.000000,1.000000,0.000000,0.000000,0.000000,0.000000,0.221945,0.223391
1.9450,0.01016,0.09202,0.47951,0.99313,0.00249,0.00475,-0.11691,0.00681,0.07009,0.31812,0.31445,0.01428,0.06467,2,0.03844,0.01428,0.036713,0.08376,-8.7138,-0.0018,-1.1414,-0.4658,-1.8070,-11.8868,23.4967,1,0.04900,0.01900,0.5095,1.1669,-0.045324,0.087289,-11.0984,-1.0930,47.1823,-9.4101,-15.5408,59.4367,3.5313,-1.9951,5.8779,21.3500,0.0000,30.4999,-0.049017,0.019017,47.3095,-0.048989,0.018965,59.4367,-0.049142,0.019150,5.4451,-0.048991,0.018973,30.4999,0.28390,-0.29347,-0.01161,0.27310,-0.28975,0.18599,0.39929,-0.33757,-0.18528,0.22591,-0.06299,0.22070,0.75778,1.03516,-0.08858,2.10583,-2.82830,4.44439,-5.21896,-5.39634,-2.41933,-1.12254,-2.84730,1.56389,6.20319,6.55962,0.44005,-0.09216,4.06189,-5.23511,6.00191,3.40465,6.000,6.000,12.000,12.000,6.000,6.000,6.000,6.000,12.000,12.000,6.000,6.000,6.000,6.000,6.000,6.000,0.060378,0.078847,0.004194,0.064670,0.004194,0.067897,0.043394,0.085017,0.131824,0.057945,0.000000,0.000000,1.000000,0.000000,0.000000,0.000000,0.000000,0.204812,0.220014
1.9500,0.01175,0.09270,0.47929,0.99394,0.00189,-0.00080,-0.10994,0.00713,0.07038,0.31851,0.31445,0.01001,0.06458,2,0.03859,0.01001,0.037140,0.08185,-9.6594,-0.0022,-1.1313,-0.4566,-1.2363,-1.5054,41.9715,0,0.04900,0.01900,0.3809,0.0000,-0.045536,0.087371,-7.0522,5.7012,38.3298,-9.1285,-10.4779,60.8090,-0.4482,-8.7288,18.5135,0.0000,0.0000,0.0000,-0.049027,0.019027,38.8667,-0.048991,0.018953,60.8090,-0.049057,0.019061,17.4959,0.000000,0.000000,0.0000,0.21402,-0.30235,0.00121,0.25637,-0.27305,0.17015,0.35988,-0.33064,-0.18756,0.29461,-0.09452,0.21914,0.87139,0.87304,0.01191,2.08661,-3.75915,6.00108,1.86838,-1.11447,-0.96147,-0.98732,-5.78592,3.27139,12.00108,8.26803,0.11147,0.05630,6.00114,-6.00116,6.00115,-6.00116,6.000,6.000,12.000,12.000,6.000,6.000,6.000,6.000,12.000,12.000,6.000,6.000,6.000,6.000,6.000,6.000,0.079077,0.075567,0.004194,0.064576,0.004194,0.068071,0.043394,0.085017,0.186140,0.075685,0.000000,0.000000,1.000000,0.000000,0.000000,0.000000,0.000000,0.185994,0.220699
1.9550,0.01346,0.09358,0.47904,0.99509,-0.00001,-0.01116,-0.09835,0.00748,0.07065,0.31889,0.31445,0.00392,0.06447,2,0.03853,0.00392,0.037567,0.07953,-10.8249,-0.0026,-1.1205,-0.4483,0.3567,31.3472,116.5889,0,0.04900,0.01900,0.4792,0.0000,-0.045880,0.087651,-10.8236,10.3652,37.7688,16.3398,-3.3848,58.0480,3.3949,-13.3374,29.6364,0.0000,0.0000,0.0000,-0.049026,0.019025,38.9589,-0.048993,0.018947,58.0480,-0.049035,0.019037,27.9987,0.000000,0.000000,0.0000,0.13609,-0.30900,0.03243,0.23583,-0.26477,0.16001,0.29782,-0.31616,-0.15902,0.35026,-0.14040,0.21692,0.99812,0.68733,0.13695,1.96769,-3.88899,6.00100,2.55283,-1.22813,-1.36979,-0.97862,-6.00106,2.73647,11.05061,6.18374,-0.66986,0.00708,6.00106,-6.00108,6.00108,-6.00108,6.000,6.000,12.000,12.000,6.000,6.000,6.000,6.000,12.000,12.000,6.000,6.000,6.000,6.000,6.000,6.000,0.100346,0.074291,0.004194,0.064474,0.004194,0.068246,0.043394,0.085017,0.249578,0.096652,0.000000,0.000000,1.000000,0.000000,0.000000,0.000000,0.000000,0.170146,0.219136
1.9600,0.01470,0.09457,0.47864,0.99598,-0.00299,-0.02840,-0.08490,0.00789,0.07092,0.31926,0.31445,0.02222,0.06437,2,0.03865,0.02222,0.038175,0.18441,-8.1443,-0.0031,-1.1077,-0.4397,2.3206,58.7262,196.1496,0,0.04900,0.01900,0.4969,0.0000,-0.046183,0.088452,-10.9002,17.4335,36.3922,18.1545,2.3845,61.4311,-1.7711,-20.9023,44.4148,0.0000,0.0000,0.0000,-0.049022,-0.019026,38.6991,-0.048992,0.018940,61.4311,-0.049021,-0.002943,41.9273,0.000000,0.000000,0.0000,0.08616,-0.31207,0.10933,0.19972,-0.27737,0.17578,0.24938,-0.29746,-0.07828,0.38355,-0.21223,0.22803,1.12220,0.50588,0.26936,1.94169,-2.32714,6.00092,12.00082,1.99622,-1.09894,0.44841,-2.60723,6.00102,12.00092,4.52258,-2.43045,0.91794,6.00096,-6.00102,6.00101,6.00101,6.000,6.000,12.000,12.000,6.000,6.000,6.000,6.000,12.000,12.000,6.000,6.000,6.000,6.000,6.000,6.000,0.143594,0.071716,0.004194,0.064365,0.004194,0.068420,0.043394,0.085017,0.379037,0.139593,0.000000,0.000000,1.000000,0.000000,0.000000,0.000000,0.000000,0.160008,0.216921
1.9650,0.01538,0.09538,0.47804,0.99628,-0.00647,-0.05108,-0.06911,0.00839,0.07122,0.31960,0.31445,0.05712,0.06425,2,0.03994,0.05712,0.039510,0.34139,4.1963,-0.0037,-1.0921,-0.4303,5.0897,83.2331,322.4007,1,0.04900,0.01900,1.0838,0.0000,-0.046872,0.089444,-92.3924,25.8416,146.3440,28.3114,2.2668,43.6832,-61.8087,-28.1684,115.9330,0.0000,0.0000,0.0000,-0.038917,0.021466,149.7335,-0.048994,0.018968,43.6832,-0.041377,0.023522,111.2457,0.000000,0.000000,0.0000,0.07201,-0.30917,0.22913,0.15052,-0.31145,0.20316,0.22177,-0.27459,0.04954,0.39648,-0.30421,0.24957,1.19703,0.35501,0.40927,2.03080,-2.32714,6.00092,12.00082,1.99622,-1.09894,0.44841,-2.60723,6.00102,12.00092,4.52258,-2.43045,0.91794,6.00096,-6.00102,6.00101,6.00101,6.000,6.000,12.000,12.000,6.000,6.000,6.000,6.000,12.000,12.000,6.000,6.000,6.000,6.000,6.000,6.000,0.210749,0.071914,0.004194,0.064248,0.004194,0.068595,0.043394,0.085017,0.580501,0.206697,0.000000,0.000000,1.000000,0.000000,0.000000,0.000000,0.000000,0.175782,0.228031
1.9700,0.01577,0.09592,0.47681,0.99564,-0.01133,-0.07715,-0.05121,0.00897,0.07152,0.31987,0.31445,0.10286,0.06412,2,0.04320,0.10286,0.041442,0.47572,18.1811,-0.0050,-1.0738,-0.1427,11.9287,104.1461,401.3987,1,0.04900,0.01900,0.0000,0.0000,0.000000,0.000000,-102.7768,-22.9026,151.8730,0.0000,0.0000,0.0000,-84.0779,-82.7676,158.0266,0.0000,0.0000,0.0000,-0.081096,0.036580,150.7129,0.000000,0.000000,0.0000,-0.068431,0.041338,150.4101,0.000000,0.000000,0.0000,0.07929,-0.29344,0.37716,0.09613,-0.36072,0.22068,0.20482,-0.24221,0.20595,0.39776,-0.40347,0.27385,1.23644,0.21089,0.56202,2.17408,-2.32714,6.00092,12.00082,1.99622,-1.09894,0.44841,-2.60723,6.00102,12.00092,4.52258,-2.43045,0.91794,6.00096,-6.00102,6.00101,6.00101,6.000,6.000,12.000,12.000,6.000,6.000,6.000,6.000,12.000,12.000,6.000,6.000,6.000,6.000,6.000,6.000,0.268661,0.066564,0.004194,0.064122,0.004194,0.068769,0.043394,0.076095,0.754199,0.264477,0.000000,0.000000,1.000000,0.000000,0.000000,0.000000,0.000000,0.203155,0.249567
1.9750,0.01596,0.09611,0.47466,0.99376,-0.01793,-0.10547,-0.03157,0.00957,0.07180,0.31993,0.31445,0.15541,0.06399,2,0.04900,0.15541,0.043990,0.61453,43.3274,-0.0069,-1.0551,1.6383,23.6620,136.3674,456.5875,1,0.04900,0.01900,0.0000,0.0000,0.000000,0.000000,-110.6291,-70.8706,154.4374,0.0000,0.0000,0.0000,-89.6229,-96.9146,159.1255,0.0000,0.0000,0.0000,-0.108980,0.034949,151.0959,0.000000,0.000000,0.0000,-0.111332,0.031158,153.8378,0.000000,0.000000,0.0000,0.09798,-0.25988,0.54159,0.04197,-0.41712,0.23318,0.19194,-0.19645,0.37870,0.39365,-0.50244,0.29845,1.25268,0.06193,0.72915,2.33319,-2.32714,6.00092,12.00082,1.99622,-1.09894,0.44841,-2.60723,6.00102,12.00092,4.52258,-2.43045,0.91794,6.00096,-6.00102,6.00101,6.00101,6.000,6.000,12.000,12.000,6.000,6.000,6.000,6.000,12.000,12.000,6.000,6.000,6.000,6.000,6.000,6.000,0.308421,0.047437,0.004194,0.063988,0.004194,0.068944,0.043394,0.019291,0.873481,0.304677,0.000000,0.000000,0.638157,0.361843,0.000000,0.000000,0.000000,0.220684,0.273848
1.9800,0.01634,0.09624,0.47179,0.99094,-0.02598,-0.13167,-0.00590,0.01017,0.07207,0.31978,0.31445,0.21236,0.06385,2,0.05578,0.21236,0.046819,0.61926,51.6962,-0.0095,-1.0366,4.9006,37.4136,172.3497,497.3191,0,0.04900,0.01900,0.0000,0.0000,0.000000,0.000000,-59.0320,-43.7850,81.2568,0.0000,0.0000,0.0000,-89.2965,-77.5979,157.2130,0.0000,0.0000,0.0000,-0.122856,0.045690,80.7185,0.000000,0.000000,0.0000,-0.119523,0.059235,154.0458,0.000000,0.000000,0.0000,0.04942,-0.24032,0.60667,0.15545,-0.55993,0.21753,0.15182,-0.14712,0.58940,0.29693,-0.59617,0.22102,1.25458,-0.08351,0.91227,2.34912,-14.31092,22.03773,-33.39721,22.87746,-12.75996,-1.47950,-19.76506,23.56359,25.55252,-25.30019,-19.78573,-6.48255,24.48151,-22.82408,12.80555,-18.23896,6.000,6.000,12.000,12.000,6.000,6.000,6.000,6.000,12.000,12.000,6.000,6.000,6.000,6.000,6.000,6.000,0.328637,0.009310,0.004194,0.063845,0.004194,0.069118,0.043394,-0.085017,0.934177,0.328994,0.000000,0.000000,0.000000,1.000000,0.000000,0.000000,0.000000,0.233182,0.298448
1.9850,0.01671,0.09649,0.46863,0.98804,-0.03688,-0.14815,0.02157,0.01078,0.07239,0.31938,0.31445,0.26433,0.06369,2,0.06207,0.26433,0.050349,0.94924,36.8150,-0.0123,-1.0174,4.9106,42.8940,209.1530,417.1537,1,0.04900,0.01900,0.0000,0.0000,0.000000,0.000000,-112.6967,-26.9822,147.1773,0.0000,0.0000,0.0000,-101.1082,-43.0865,160.1685,0.0000,0.0000,0.0000,-0.090621,0.050396,151.8001,0.000000,0.000000,0.0000,-0.130777,0.043358,156.7249,0.000000,0.000000,0.0000,-0.04390,-0.23281,0.54585,0.44580,-0.75534,0.17708,0.06311,-0.11462,0.74573,0.20572,-0.69567,0.06166,1.24809,-0.17903,1.08465,2.24085,-14.31092,22.03773,-33.39721,22.87746,-12.75996,-1.47950,-19.76506,23.56359,25.55252,-25.30019,-19.78573,-6.48255,24.48151,-22.82408,12.80555,-18.23896,6.000,6.000,12.000,12.000,6.000,6.000,6.000,6.000,12.000,12.000,6.000,6.000,6.000,6.000,6.000,6.000,0.274135,0.002521,0.004194,0.063693,0.004194,0.069293,0.043394,-0.085017,0.771176,0.276786,0.000000,0.000000,0.000000,1.000000,0.000000,0.000000,0.000000,0.217533,0.221021
1.9900,0.01682,0.09701,0.46551,0.98543,-0.05371,-0.15379,0.04901,0.01143,0.07275,0.31873,0.31445,0.29545,0.06353,2,0.06657,0.29545,0.055926,1.41515,62.4933,-0.0158,-0.9973,4.9218,43.2786,283.2345,244.8301,1,0.04900,0.01900,0.0000,0.0000,0.000000,0.000000,-97.8600,113.3526,132.6432,0.0000,0.0000,0.0000,-108.3462,104.9532,132.5756,0.0000,0.0000,0.0000,-0.041012,0.023991,151.0177,0.000000,0.000000,0.0000,-0.034701,0.010536,151.2930,0.000000,0.000000,0.0000,-0.15095,-0.20751,0.41036,0.81096,-0.91562,0.12474,-0.04534,-0.07741,0.83538,0.14484,-0.80434,-0.12616,1.23619,-0.23732,1.19758,2.07725,-14.31092,22.03773,-33.39721,22.87746,-12.75996,-1.47950,-19.76506,23.56359,25.55252,-25.30019,-19.78573,-6.48255,24.48151,-22.82408,12.80555,-18.23896,6.000,6.000,12.000,12.000,6.000,6.000,6.000,6.000,12.000,12.000,6.000,6.000,6.000,6.000,6.000,6.000,0.181041,-0.033209,0.004194,0.063532,0.004194,0.069467,0.043394,-0.085017,0.509746,0.201578,0.000000,0.000000,0.000000,1.000000,0.000000,0.000000,0.000000,0.177084,0.061657
1.9950,0.01681,0.09783,0.46231,0.98280,-0.07693,-0.14896,0.07742,0.01210,0.07309,0.31784,0.31445,0.30241,0.06336,2,0.06845,0.30241,0.063921,1.94546,50.5676,-0.0213,-0.9764,4.9324,35.4894,400.8862,80.0668,1,0.04900,0.01900,0.0000,0.0000,0.000000,0.000000,-59.3351,86.3979,99.8982,0.0000,0.0000,0.0000,-87.2604,99.8070,81.8947,0.0000,0.0000,0.0000,0.052041,0.021491,111.9142,0.000000,0.000000,0.0000,0.060510,0.021128,119.3441,0.000000,0.000000,0.0000,-0.26944,-0.15092,0.23444,1.19105,-1.01099,0.06709,-0.16168,-0.01984,0.87979,0.08398,-0.88966,-0.32484,1.22109,-0.27010,1.25814,1.88808,-14.31092,22.03773,-33.39721,22.87746,-12.75996,-1.47950,-19.76506,23.56359,25.55252,-25.30019,-19.78573,-6.48255,24.48151,-22.82408,12.80555,-18.23896,6.000,6.000,12.000,12.000,6.000,6.000,6.000,6.000,12.000,12.000,6.000,6.000,6.000,6.000,6.000,6.000,0.069373,-0.074845,0.004194,0.063362,0.004194,0.069642,0.043394,-0.085017,0.303350,0.152805,0.000000,0.000000,0.000000,1.000000,0.000000,0.000000,0.000000,0.124741,-0.126161
2.0000,0.01680,0.09889,0.45869,0.97955,-0.10545,-0.13400,0.10682,0.01279,0.07340,0.31672,0.31445,0.28471,0.06318,2,0.06782,0.28471,0.074462,2.45729,25.1609,-0.0293,1.4911,4.9422,29.0619,522.2544,-80.7480,1,0.04900,0.01900,0.0000,0.0000,0.000000,0.000000,9.0292,114.5109,133.7756,0.0000,0.0000,0.0000,-37.6579,97.7375,53.3237,0.0000,0.0000,0.0000,0.051816,0.022452,149.6612,0.000000,0.000000,0.0000,0.056397,0.020949,98.6450,0.000000,0.000000,0.0000,-0.40167,-0.05615,0.03718,1.56031,-1.06264,0.00748,-0.28037,0.06206,0.89455,0.00725,-0.94128,-0.49606,1.20450,-0.28568,1.28461,1.68553,-14.31092,22.03773,-33.39721,22.87746,-12.75996,-1.47950,-19.76506,23.56359,25.55252,-25.30019,-19.78573,-6.48255,24.48151,-22.82408,12.80555,-18.23896,6.000,6.000,12.000,12.000,6.000,6.000,6.000,6.000,12.000,12.000,6.000,6.000,6.000,6.000,6.000,6.000,-0.025985,-0.133556,0.004194,0.063182,0.004194,0.069817,-0.035006,-0.085017,0.438395,0.199038,0.000000,0.000000,0.000000,1.000000,0.000000,0.000000,0.000000,0.067095,-0.324839
2.0050,0.01675,0.10010,0.45414,0.97475,-0.13755,-0.11049,0.13689,0.01351,0.07369,0.31538,0.31445,0.24472,0.06299,2,0.06606,0.24472,0.087450,2.95506,7.0276,-0.0398,1.5136,4.9511,34.7407,624.9503,-238.8528,1,0.04900,0.01900,0.0000,0.0000,0.000000,0.000000,52.7038,105.3785,130.1045,0.0000,0.0000,0.0000,-28.2205,113.2328,44.8272,0.0000,0.0000,0.0000,0.051305,0.031496,150.0847,0.000000,0.000000,0.0000,0.042803,0.017124,107.2474,0.000000,0.000000,0.0000,-0.55068,0.08278,-0.16424,1.90261,-1.08558,-0.05246,-0.40050,0.16404,0.88955,-0.06916,-0.97062,-0.60445,1.18778,-0.28986,1.28986,1.47732,-14.31092,22.03773,-33.39721,22.87746,-12.75996,-1.47950,-19.76506,23.56359,25.55252,-25.30019,-19.78573,-6.48255,24.48151,-22.82408,12.80555,-18.23896,6.000,6.000,12.000,12.000,6.000,6.000,6.000,6.000,12.000,12.000,6.000,6.000,6.000,6.000,6.000,6.000,-0.093335,-0.184022,0.004194,0.062994,0.004194,0.069817,-0.035006,-0.085017,0.638633,0.265572,0.000000,1.000000,0.000000,1.000000,0.000000,0.000000,0.000000,0.007478,-0.496058
2.0100,0.01663,0.10124,0.44822,0.96789,-0.17135,-0.08089,0.16521,0.01426,0.07395,0.31383,0.31445,0.30808,0.06280,2,0.06398,0.30808,0.103024,3.47449,-0.0088,-0.0527,1.5370,4.9592,50.9119,701.8004,-355.8903,1,0.04900,0.01900,0.0000,0.0000,0.000000,0.000000,80.0399,91.6391,126.7683,0.0000,0.0000,0.0000,17.3862,127.0356,59.8539,0.0000,0.0000,0.0000,0.051190,0.033714,150.1948,0.000000,0.000000,0.0000,-0.000969,0.003815,119.0434,0.000000,0.000000,0.0000,-0.67178,0.28312,-0.36023,2.20614,-1.09053,-0.10290,-0.52389,0.27865,0.87200,-0.11961,-0.98569,-0.66910,1.17196,-0.28660,1.28276,1.26983,-14.31092,22.03773,-33.39721,22.87746,-12.75996,-1.47950,-19.76506,23.56359,25.55252,-25.30019,-19.78573,-6.48255,24.48151,-22.82408,12.80555,-18.23896,6.000,6.000,12.000,12.000,6.000,6.000,6.000,6.000,12.000,12.000,6.000,6.000,6.000,6.000,6.000,6.000,-0.134204,-0.220476,0.004194,0.062800,0.004194,0.069817,-0.035006,-0.085017,0.790184,0.315277,0.000000,1.000000,0.000000,1.000000,0.000000,0.000000,0.000000,-0.052458,-0.604448
2.0150,0.01667,0.10217,0.44096,0.95954,-0.20350,-0.04887,0.18838,0.01501,0.07421,0.31205,0.31445,0.36851,0.06260,2,0.06169,0.36851,0.118996,2.97124,-7.0959,-0.0682,1.5604,4.9675,71.5533,740.6021,-445.7749,1,0.04900,0.01900,0.0000,0.0000,0.000000,0.000000,139.6253,63.7803,104.2084,0.0000,0.0000,0.0000,55.7020,120.3050,89.8459,0.0000,0.0000,0.0000,0.029822,0.024259,149.8454,0.000000,0.000000,0.0000,-0.037038,0.008245,126.3367,0.000000,0.000000,0.0000,-0.74575,0.52753,-0.56084,2.45034,-1.08495,-0.14482,-0.62087,0.40579,0.84830,-0.15204,-0.99147,-0.70354,1.15764,-0.27862,1.26914,1.06970,-14.31092,22.03773,-33.39721,22.87746,-12.75996,-1.47950,-19.76506,23.56359,25.55252,-25.30019,-19.78573,-6.48255,24.48151,-22.82408,12.80555,-18.23896,6.000,6.000,12.000,12.000,6.000,6.000,6.000,6.000,12.000,12.000,6.000,6.000,6.000,6.000,6.000,6.000,-0.164689,-0.239340,0.004194,0.062602,0.004194,0.069817,-0.035006,-0.085017,0.884590,0.345963,0.000000,1.000000,0.000000,1.000000,0.000000,0.000000,0.000000,-0.102896,-0.669100
2.0200,0.01703,0.10321,0.43411,0.95224,-0.22564,-0.02208,0.20453,0.01571,0.07453,0.31006,0.31445,0.42136,0.06240,2,0.05839,0.42136,0.130676,2.20394,-32.2770,-0.0841,1.5820,4.9772,86.8783,654.4041,-438.5255,1,0.04900,0.01900,0.0000,0.0000,0.000000,0.000000,87.8369,32.6321,130.9162,0.0000,0.0000,0.0000,19.6993,64.8173,162.7374,0.0000,0.0000,0.0000,0.049005,0.019005,149.5935,0.000000,0.000000,0.0000,-0.049006,0.019005,149.5935,0.000000,0.000000,0.0000,-0.78361,0.74707,-0.75997,2.59857,-1.07289,-0.18678,-0.69174,0.48630,0.82374,-0.17013,-0.99239,-0.71696,1.14477,-0.26804,1.25257,0.88507,-14.31092,22.03773,-33.39721,22.87746,-12.75996,-1.47950,-19.76506,23.56359,25.55252,-25.30019,-19.78573,-6.48255,24.48151,-22.82408,12.80555,-18.23896,6.000,6.000,12.000,12.000,6.000,6.000,6.000,6.000,12.000,12.000,6.000,6.000,6.000,6.000,6.000,6.000,-0.133245,-0.181177,0.004194,0.062397,0.004194,0.069817,-0.035006,-0.085017,0.686198,0.279675,0.000000,1.000000,0.000000,1.000000,0.000000,0.000000,0.000000,-0.144825,-0.703535
2.0250,0.01767,0.10454,0.43009,0.94684,-0.23930,-0.00487,0.21494,0.01639,0.07494,0.30805,0.31445,0.45484,0.06219,2,0.05611,0.45484,0.137527,0.94196,-88.9527,-0.0957,1.6035,4.9903,72.7118,480.0417,-360.6646,0,0.04900,0.01900,0.0000,0.4252,0.000000,0.000000,68.2720,52.3864,145.5989,0.0000,0.0000,0.0000,-16.8328,16.3507,194.7692,72.2855,129.5331,581.5993,0.049006,-0.005441,145.0317,0.000000,0.000000,0.0000,-0.049007,0.019007,149.5939,-0.048564,0.018621,581.5993,-0.77301,0.90627,-0.96411,2.64789,-0.98005,-0.24169,-0.73413,0.52818,0.80211,-0.17476,-0.98647,-0.69379,1.13308,-0.25638,1.23381,0.84210,6.00112,-2.44384,-5.42340,-12.00106,6.00104,-2.58590,1.33493,-2.55103,-10.36067,-11.87102,6.00107,1.07552,6.00106,-6.00106,6.00110,6.00108,6.000,6.000,12.000,12.000,6.000,6.000,6.000,6.000,12.000,12.000,6.000,6.000,6.000,6.000,6.000,6.000,-0.073363,-0.061297,0.004194,0.062187,0.004194,0.069817,-0.035006,-0.085017,0.289694,0.145820,0.000000,1.000000,0.000000,1.000000,0.000000,0.000000,0.000000,-0.186784,-0.716960
2.0300,0.01847,0.10600,0.42894,0.94344,-0.24683,0.00368,0.22131,0.01725,0.07565,0.30757,0.31445,0.47491,0.06197,2,0.05468,0.47491,0.139111,0.04983,-141.5271,-0.1025,1.6303,0.9377,33.6005,319.0230,-212.5705,1,0.04900,0.01900,0.0000,0.2251,0.000000,0.000000,23.2580,9.1829,87.2531,0.0000,0.0000,0.0000,-40.0665,15.6395,133.3833,33.6643,41.7586,397.1776,0.050041,-0.021188,84.6468,0.000000,0.000000,0.0000,0.052904,-0.027861,115.1754,-0.047814,0.018050,397.1776,-0.70971,0.99405,-1.18073,2.61799,-0.80198,-0.30751,-0.75025,0.54453,0.77929,-0.17205,-0.96227,-0.63667,1.12264,-0.24461,1.21572,0.93344,6.00112,-2.44384,-5.42340,-12.00106,6.00104,-2.58590,1.33493,-2.55103,-10.36067,-11.87102,6.00107,1.07552,6.00106,-6.00106,6.00110,6.00108,6.000,6.000,12.000,12.000,6.000,6.000,6.000,6.000,12.000,12.000,6.000,6.000,6.000,6.000,6.000,6.000,-0.011193,0.053896,0.004194,0.061971,0.004194,0.069817,-0.035006,0.045590,0.006961,0.017377,0.000000,1.000000,0.826499,0.173501,0.000000,0.000000,0.000000,-0.241689,-0.693787
2.0350,0.01930,0.10749,0.42980,0.94145,-0.25085,0.00693,0.22516,0.01826,0.07654,0.30835,0.31445,0.48620,0.06175,2,0.05370,0.48620,0.137370,-0.46598,-139.9080,-0.1039,-0.7841,-0.2643,3.8946,217.0619,-113.7816,1,0.04900,0.01900,0.0000,0.3376,0.000000,0.000000,12.7859,-33.9828,33.9134,0.0000,0.0000,0.0000,-53.7248,11.9966,133.8669,37.5637,42.4208,279.7773,-0.051638,-0.028795,42.5050,0.000000,0.000000,0.0000,0.052705,-0.025318,121.5396,-0.047451,0.017841,279.7773,-0.60608,1.03302,-1.39823,2.53052,-0.57749,-0.37702,-0.75157,0.54496,0.75409,-0.16723,-0.91673,-0.55373,1.11353,-0.23332,1.19827,1.08572,6.00112,-2.44384,-5.42340,-12.00106,6.00104,-2.58590,1.33493,-2.55103,-10.36067,-11.87102,6.00107,1.07552,6.00106,-6.00106,6.00110,6.00108,6.000,6.000,12.000,12.000,6.000,6.000,6.000,6.000,12.000,12.000,6.000,6.000,6.000,6.000,6.000,6.000,0.035973,0.096371,0.004194,0.061749,0.004194,0.069817,0.043394,0.085017,0.104942,0.046995,0.000000,1.000000,1.000000,0.000000,0.000000,0.000000,0.000000,-0.307515,-0.636672
2.0400,0.02010,0.10934,0.43255,0.93996,-0.25361,0.00933,0.22817,0.01943,0.07761,0.30995,0.31445,0.49266,0.06152,2,0.05281,0.49266,0.133132,-0.95252,-177.8209,-0.1021,-0.7475,-0.2311,-20.7974,155.2346,-52.7480,0,0.04900,0.01900,0.0000,0.4669,0.000000,0.000000,-9.6170,-53.1285,64.0843,0.0000,0.0000,0.0000,-14.1627,-5.4044,108.3653,41.2724,37.4563,198.9986,-0.060973,-0.060347,63.7449,0.000000,0.000000,0.0000,0.052182,-0.028364,84.6453,-0.047406,0.017887,198.9986,-0.48153,1.03025,-1.57713,2.41397,-0.46146,-0.32728,-0.74599,0.53534,0.69575,-0.11413,-0.87085,-0.42587,1.07288,-0.13860,1.18002,1.12447,8.25305,-8.48100,-2.16749,-13.38982,-4.80505,5.32705,-5.81439,-6.93958,-12.47928,5.88997,5.94532,5.42066,-6.23067,6.00021,3.61245,-6.04994,6.000,6.000,12.000,12.000,6.000,6.000,6.000,6.000,12.000,12.000,6.000,6.000,6.000,6.000,6.000,6.000,0.057254,0.110015,0.004194,0.061521,0.004194,0.069817,0.043394,0.085017,0.177112,0.071882,0.000000,1.000000,1.000000,0.000000,0.000000,0.000000,0.000000,-0.377018,-0.553727
2.0450,0.02074,0.11155,0.43676,0.93867,-0.25548,0.01347,0.23119,0.02080,0.07866,0.31208,0.31445,0.49697,0.06129,2,0.05185,0.49697,0.127097,-1.16443,-160.2211,-0.0978,-0.7047,-0.1983,-46.2744,153.5561,-74.6993,1,0.04900,0.01900,0.0000,0.6196,0.000000,0.000000,-11.8857,-45.2585,50.5151,0.0000,0.0000,0.0000,0.1238,-0.0608,-0.0871,50.5340,-22.8181,149.1648,-0.078257,-0.051678,52.3340,0.000000,0.000000,0.0000,0.000000,0.000000,0.0000,-0.047637,0.018176,149.1648,-0.34548,0.98953,-1.71208,2.27015,-0.46405,-0.18842,-0.73717,0.51979,0.58862,0.00209,-0.82581,-0.25538,0.99330,0.03032,1.16204,1.03493,8.25305,-8.48100,-2.16749,-13.38982,-4.80505,5.32705,-5.81439,-6.93958,-12.47928,5.88997,5.94532,5.42066,-6.23067,6.00021,3.61245,-6.04994,6.000,6.000,12.000,12.000,6.000,6.000,6.000,6.000,12.000,12.000,6.000,6.000,6.000,6.000,6.000,6.000,0.034847,0.096169,0.004194,0.061286,0.004194,0.069817,0.043394,0.085017,0.103849,0.046437,0.000000,1.000000,1.000000,0.000000,0.000000,0.000000,0.000000,-0.327282,-0.425870
2.0500,0.02109,0.11384,0.44183,0.93788,-0.25501,0.01905,0.23448,0.02238,0.07962,0.31456,0.31445,0.49877,0.06104,2,0.05091,0.49877,0.120986,-1.10953,-169.2989,-0.0916,-0.2326,-0.1683,-66.0869,142.3486,-111.9685,0,0.04900,0.01900,0.0000,1.0708,0.000000,0.000000,-3.8474,0.6799,4.8259,0.0000,0.0000,0.0000,-23.1398,30.6944,15.2616,49.2524,-4.6607,77.0188,-1.384373,-0.419110,4.0301,0.000000,0.000000,0.0000,0.093029,-0.060092,30.9693,-0.048182,0.018651,77.0188,-0.24228,0.92090,-1.76413,2.11704,-0.55907,-0.06360,-0.72417,0.50160,0.46323,0.11055,-0.74041,-0.08644,0.90792,0.07615,1.14626,0.88589,10.14982,-13.97824,11.04443,-1.89848,-4.87627,2.59603,-1.51444,-10.37640,-19.10146,-3.26168,3.00668,2.27716,-7.52225,-6.00054,14.23110,-8.34603,6.000,6.000,12.000,12.000,6.000,6.000,6.000,6.000,12.000,12.000,6.000,6.000,6.000,6.000,6.000,6.000,0.012744,0.102795,0.004194,0.061044,0.004194,0.069817,0.029842,0.085017,0.110054,0.042618,0.000000,1.000000,1.000000,0.000000,0.000000,0.000000,0.000000,-0.188422,-0.255378
2.0550,0.02117,0.11606,0.44741,0.93787,-0.25125,0.02515,0.23799,0.02408,0.08064,0.31712,0.31445,0.49516,0.06080,2,0.05013,0.49516,0.115149,-1.06455,-181.0037,-0.0854,1.8433,-0.1366,-75.9817,97.8057,-140.2448,1,0.04900,0.01900,0.0000,1.1669,0.000000,0.000000,-31.9969,-56.2825,35.6314,0.0000,0.0000,0.0000,-64.0380,38.8739,53.4247,0.0000,25.8889,36.9841,-0.090315,-0.046600,56.0275,0.000000,0.000000,0.0000,0.072250,-0.031015,76.4038,-0.048950,0.018991,36.9841,-0.17913,0.83406,-1.74049,1.96108,-0.71125,0.03610,-0.70342,0.47831,0.33252,0.18845,-0.61493,0.04227,0.82071,-0.00718,1.13322,0.71066,10.14982,-13.97824,11.04443,-1.89848,-4.87627,2.59603,-1.51444,-10.37640,-19.10146,-3.26168,3.00668,2.27716,-7.52225,-6.00054,14.23110,-8.34603,6.000,6.000,12.000,12.000,6.000,6.000,6.000,6.000,12.000,12.000,6.000,6.000,6.000,6.000,6.000,6.000,-0.017098,0.125455,0.004194,0.060796,0.004194,0.069817,-0.035006,0.085017,0.180473,0.068075,0.000000,1.000000,1.000000,0.000000,0.000000,0.000000,0.000000,-0.063599,-0.086436
2.0600,0.02080,0.11816,0.45330,0.93736,-0.24461,0.02960,0.24626,0.02578,0.08171,0.31953,0.31445,0.48458,0.06054,2,0.04965,0.48458,0.108093,-1.52972,-137.4418,-0.0795,1.8964,-0.1033,-71.9277,37.9268,-158.9234,0,0.04900,0.01900,0.0000,0.0000,0.000000,0.000000,-83.2837,-125.6579,51.3675,0.0000,0.0000,0.0000,4.5285,5.7230,12.9605,0.0000,0.0000,0.0000,0.049000,-0.019172,121.4433,0.000000,0.000000,0.0000,0.054977,0.021443,11.3404,0.000000,0.000000,0.0000,-0.16758,0.74418,-1.65325,1.77105,-0.81016,0.16396,-0.67593,0.44435,0.26290,0.12518,-0.45033,0.10906,0.71567,-0.09582,1.12273,0.52587,-6.00829,-6.05079,8.95957,-10.19423,0.53646,5.12423,5.97131,-4.03573,5.70998,-12.11809,3.04121,0.29075,-6.00002,-6.00002,6.04766,-6.00002,6.000,6.000,12.000,12.000,6.000,6.000,6.000,6.000,12.000,12.000,6.000,6.000,6.000,6.000,6.000,6.000,-0.056300,0.150967,0.004194,0.060540,0.004194,0.069817,-0.035006,0.085017,0.292955,0.108796,0.000000,1.000000,1.000000,0.000000,0.000000,0.000000,0.000000,0.036097,0.042273
2.0650,0.02003,0.12009,0.45910,0.93602,-0.23521,0.02909,0.26019,0.02748,0.08275,0.32167,0.31445,0.46793,0.06028,2,0.05176,0.46793,0.099539,-1.76753,-165.0035,-0.0724,1.9494,-0.0706,-77.6243,-8.7278,-158.7846,0,0.04900,0.01900,0.0000,0.0000,0.000000,0.000000,-48.3135,-73.2082,13.1855,0.0000,0.0000,0.0000,-49.8593,27.9504,56.9186,0.0000,0.0000,0.0000,-0.059010,-0.041011,67.3489,0.000000,0.000000,0.0000,-0.061645,-0.024933,64.6676,0.000000,0.000000,0.0000,-0.20995,0.66712,-1.50822,1.55894,-0.86191,0.30843,-0.64656,0.39299,0.28932,-0.08385,-0.32934,0.15759,0.61675,-0.15324,1.11447,0.34179,-7.03319,-12.54715,12.12271,-5.04336,-6.02902,4.36083,7.11551,-10.59578,14.55187,-17.76095,-1.81015,1.45842,4.77573,-6.00025,14.85983,-8.60847,6.000,6.000,12.000,12.000,6.000,6.000,6.000,6.000,12.000,12.000,6.000,6.000,6.000,6.000,6.000,6.000,-0.009266,0.160387,0.004194,0.060277,0.004194,0.069817,-0.035006,0.085017,0.285130,0.101010,0.000000,1.000000,1.000000,0.000000,0.000000,0.000000,0.000000,0.163958,0.109062
2.0700,0.01896,0.12198,0.46480,0.93557,-0.22242,0.02709,0.27295,0.02918,0.08378,0.32358,0.31445,0.44671,0.06001,2,0.05465,0.44671,0.090493,-1.74743,-176.6880,-0.0638,1.9308,-0.0384,-73.5281,-85.9399,-97.2600,0,0.04900,0.01900,0.0000,0.0000,0.000000,0.000000,-91.5614,-87.7709,18.2512,0.0000,0.0000,0.0000,13.8993,-29.4690,44.0030,0.0000,0.0000,0.0000,-0.049034,-0.027425,108.1775,0.000000,0.000000,0.0000,0.176151,-0.050607,41.2387,0.000000,0.000000,0.0000,-0.28426,0.60183,-1.32526,1.31967,-0.89632,0.43737,-0.62373,0.32464,0.25944,-0.14774,-0.26349,0.23624,0.54223,-0.18920,1.10809,0.15199,-3.46406,-9.96077,10.92633,-6.02670,-6.05355,3.97303,-6.24384,-9.80659,-19.95068,11.04916,6.71014,3.38619,6.11572,-6.00368,10.92293,-6.00368,6.000,6.000,12.000,12.000,6.000,6.000,6.000,6.000,12.000,12.000,6.000,6.000,6.000,6.000,6.000,6.000,-0.008106,0.202684,0.004194,0.060007,0.004194,0.069817,-0.032706,0.085017,0.412831,0.143206,0.000000,1.000000,1.000000,0.000000,0.000000,0.000000,0.000000,0.308435,0.157588
2.0750,0.01792,0.12390,0.47027,0.93695,-0.20685,0.02445,0.28061,0.03087,0.08480,0.32521,0.31445,0.41969,0.05973,2,0.05666,0.41969,0.082461,-1.42273,-170.2997,-0.0547,1.0072,-0.0067,-70.6189,-137.2829,-106.4933,0,0.04900,0.01900,0.0000,0.0000,0.000000,0.000000,-69.9957,-117.8435,-14.3940,0.0000,0.0000,0.0000,18.4206,-52.1150,74.2734,0.0000,0.0000,0.0000,-0.049003,-0.019065,107.8963,0.000000,0.000000,0.0000,-0.049166,-0.019360,72.8685,0.000000,0.000000,0.0000,-0.36351,0.53977,-1.12751,1.05581,-0.91847,0.52072,-0.60978,0.24356,0.13843,-0.00565,-0.26406,0.33822,0.49738,-0.21023,1.10317,-0.03916,-1.47092,-6.02939,9.67341,-3.08769,-6.00745,4.20413,-6.00033,-6.04626,-12.07567,12.07248,-0.88458,3.27303,6.00034,-6.00034,6.03932,-6.00034,6.000,6.000,12.000,12.000,6.000,6.000,6.000,6.000,12.000,12.000,6.000,6.000,6.000,6.000,6.000,6.000,0.002324,0.231834,0.004194,0.059729,0.004194,0.069817,-0.001416,0.085017,0.501115,0.172115,0.000000,1.000000,1.000000,0.000000,0.000000,0.000000,0.000000,0.437373,0.236245
2.0800,0.01723,0.12563,0.47475,0.94038,-0.18753,0.02014,0.28304,0.03254,0.08581,0.32663,0.31445,0.38861,0.05944,2,0.06071,0.38861,0.076244,-1.02914,-157.9594,-0.0466,-0.3386,0.0247,-60.5033,-199.4442,-76.7041,1,0.04900,0.01900,0.0000,0.0000,0.000000,0.000000,-124.5704,-109.1880,-14.8167,0.0000,0.0000,0.0000,-40.3585,-41.6720,39.3583,0.0000,0.0000,0.0000,-0.035318,-0.024725,141.8902,0.000000,0.000000,0.0000,0.066154,-0.071396,53.2084,0.000000,0.000000,0.0000,-0.44063,0.47203,-0.92909,0.78565,-0.93177,0.57093,-0.60175,0.14830,-0.03854,0.26421,-0.30556,0.42880,0.48495,-0.22101,1.10012,-0.17575,-1.47092,-6.02939,9.67341,-3.08769,-6.00745,4.20413,-6.00033,-6.04626,-12.07567,12.07248,-0.88458,3.27303,6.00034,-6.00034,6.03932,-6.00034,6.000,6.000,12.000,12.000,6.000,6.000,6.000,6.000,12.000,12.000,6.000,6.000,6.000,6.000,6.000,6.000,0.017878,0.265481,0.004194,0.059444,0.004194,0.069817,0.043394,0.085017,0.602914,0.206491,0.000000,1.000000,1.000000,0.000000,0.000000,0.000000,0.000000,0.520725,0.338219
2.0850,0.01714,0.12696,0.47760,0.94560,-0.16401,0.01400,0.28062,0.03420,0.08681,0.32784,0.31445,0.35212,0.05915,2,0.06953,0.35212,0.072048,-0.62731,-135.0138,-0.0403,-0.2868,0.0561,-38.6875,-281.4025,-48.6578,1,0.04900,0.01900,0.0000,0.0000,0.000000,0.000000,-65.3187,-125.6032,-43.9420,0.0000,0.0000,0.0000,-60.6134,-72.7402,69.6324,0.0000,0.0000,0.0000,-0.035985,-0.019025,113.0340,0.000000,0.000000,0.0000,-0.049031,-0.019031,91.0461,0.000000,0.000000,0.0000,-0.51683,0.39555,-0.73777,0.52036,-0.93866,0.59847,-0.59764,0.03754,-0.24498,0.58791,-0.34108,0.48611,0.50455,-0.22492,1.09841,-0.25866,-1.47092,-6.02939,9.67341,-3.08769,-6.00745,4.20413,-6.00033,-6.04626,-12.07567,12.07248,-0.88458,3.27303,6.00034,-6.00034,6.03932,-6.00034,6.000,6.000,12.000,12.000,6.000,6.000,6.000,6.000,12.000,12.000,6.000,6.000,6.000,6.000,6.000,6.000,0.029546,0.300458,0.004194,0.059150,0.004194,0.069817,0.043394,0.085017,0.709683,0.242636,0.000000,1.000000,1.000000,0.000000,0.000000,0.000000,0.000000,0.570931,0.428797
2.0900,0.01777,0.12780,0.47853,0.95202,-0.13706,0.00558,0.27359,0.03585,0.08782,0.32883,0.31445,0.30939,0.05885,2,0.08380,0.30939,0.069834,-0.23454,-105.0105,-0.0361,-0.2353,0.0875,-9.0345,-362.9253,-18.7133,1,0.04900,0.01900,0.0000,0.0000,0.000000,0.000000,-66.5115,-142.0614,-29.7902,0.0000,0.0000,0.0000,-28.3858,-86.5276,93.9671,0.0000,0.0000,0.0000,-0.049007,-0.019007,130.9641,0.000000,0.000000,0.0000,-0.049008,-0.019008,111.0530,0.000000,0.000000,0.0000,-0.57970,0.30434,-0.56342,0.26836,-0.94103,0.61091,-0.59620,-0.08898,-0.46135,0.91485,-0.36164,0.52010,0.55486,-0.22436,1.09742,-0.30474,-1.47092,-6.02939,9.67341,-3.08769,-6.00745,4.20413,-6.00033,-6.04626,-12.07567,12.07248,-0.88458,3.27303,6.00034,-6.00034,6.03932,-6.00034,6.000,6.000,12.000,12.000,6.000,6.000,6.000,6.000,12.000,12.000,6.000,6.000,6.000,6.000,6.000,6.000,0.047155,0.328607,0.004194,0.058848,0.004194,0.069817,0.043394,0.085017,0.799127,0.273159,0.000000,1.000000,1.000000,0.000000,0.000000,0.000000,0.000000,0.598470,0.486107
2.0950,0.01911,0.12813,0.47753,0.95894,-0.10793,-0.00529,0.26223,0.03750,0.08882,0.32959,0.31445,0.26185,0.05854,2,0.10278,0.26185,0.069319,0.07005,-76.1389,-0.0339,-0.1839,0.1188,22.1552,-429.8902,23.9241,1,0.04900,0.01900,0.0000,0.0000,0.000000,0.000000,-72.9228,-158.5370,2.3824,0.0000,0.0000,0.0000,-40.4383,-69.5872,140.0568,0.0000,0.0000,0.0000,-0.049011,-0.017283,149.5939,0.000000,0.000000,0.0000,-0.009559,-0.019011,149.5937,0.000000,0.000000,0.0000,-0.61766,0.19583,-0.40799,0.03366,-0.94041,0.61347,-0.59678,-0.23081,-0.68161,1.22333,-0.37426,0.53811,0.63312,-0.22099,1.09668,-0.32608,-1.47092,-6.02939,9.67341,-3.08769,-6.00745,4.20413,-6.00033,-6.04626,-12.07567,12.07248,-0.88458,3.27303,6.00034,-6.00034,6.03932,-6.00034,6.000,6.000,12.000,12.000,6.000,6.000,6.000,6.000,12.000,12.000,6.000,6.000,6.000,6.000,6.000,6.000,0.077840,0.346039,0.004194,0.058537,0.004194,0.069817,0.043394,0.085017,0.866575,0.296784,0.000000,1.000000,1.000000,0.000000,0.000000,0.000000,0.000000,0.610909,0.520105
2.1000,0.02103,0.12794,0.47471,0.96555,-0.07776,-0.01808,0.24767,0.03915,0.08982,0.33011,0.31445,0.21157,0.05822,2,0.12555,0.21157,0.069078,-0.12592,-49.6717,-0.0333,-0.1325,0.1498,50.2571,-476.0728,68.9432,1,0.04900,0.01900,0.0000,0.0000,0.000000,0.000000,-81.2739,-154.8615,15.6943,0.0000,0.0000,0.0000,-84.5942,-37.3095,151.6978,0.0000,0.0000,0.0000,-0.063803,-0.020713,150.4285,0.000000,0.000000,0.0000,-0.014312,-0.020906,149.7629,0.000000,0.000000,0.0000,-0.63818,0.07608,-0.27879,-0.15248,-0.93776,0.60972,-0.59900,-0.38864,-0.90947,1.50716,-0.38614,0.54546,0.73432,-0.21601,1.09589,-0.33121,-1.47092,-6.02939,9.67341,-3.08769,-6.00745,4.20413,-6.00033,-6.04626,-12.07567,12.07248,-0.88458,3.27303,6.00034,-6.00034,6.03932,-6.00034,6.000,6.000,12.000,12.000,6.000,6.000,6.000,6.000,12.000,12.000,6.000,6.000,6.000,6.000,6.000,6.000,0.107912,0.348789,0.004194,0.058218,0.004194,0.069817,0.043394,0.085017,0.898652,0.308527,0.000000,1.000000,1.000000,0.000000,0.000000,0.000000,0.000000,0.613472,0.538110
2.1050,0.02331,0.12721,0.47034,0.97125,-0.04745,-0.03248,0.23099,0.04080,0.09081,0.33039,0.31445,0.15981,0.05789,2,0.15142,0.15981,0.067044,-0.52961,-18.9058,-0.0330,-0.0810,0.1808,75.2889,-502.5961,102.2911,1,0.04900,0.01900,0.0000,0.0000,0.000000,0.000000,-125.1631,-109.0490,-69.3025,0.0000,0.0000,0.0000,-74.9633,11.0938,158.0431,0.0000,0.0000,0.0000,-0.074794,-0.023894,151.5436,0.000000,0.000000,0.0000,-0.016103,-0.025035,150.0562,0.000000,0.000000,0.0000,-0.64652,-0.05006,-0.18179,-0.26317,-0.93441,0.60213,-0.60282,-0.56575,-1.14842,1.76172,-0.40158,0.54595,0.85345,-0.21023,1.09487,-0.32613,-1.47092,-6.02939,9.67341,-3.08769,-6.00745,4.20413,-6.00033,-6.04626,-12.07567,12.07248,-0.88458,3.27303,6.00034,-6.00034,6.03932,-6.00034,6.000,6.000,12.000,12.000,6.000,6.000,6.000,6.000,12.000,12.000,6.000,6.000,6.000,6.000,6.000,6.000,0.125022,0.342778,0.004194,0.057889,0.004194,0.069817,0.043394,0.085017,0.899564,0.309453,0.000000,1.000000,1.000000,0.000000,0.000000,0.000000,0.000000,0.609716,0.545457
2.1100,0.02587,0.12588,0.46474,0.97578,-0.01831,-0.04936,0.21230,0.04245,0.09181,0.33042,0.31445,0.10748,0.05755,2,0.18002,0.10748,0.063017,-0.91089,3.6673,-0.0310,-0.0296,0.2119,93.2183,-515.4713,144.2080,1,0.04900,0.01900,0.0000,0.0000,0.000000,0.000000,-110.4013,-149.8651,-62.3731,0.0000,0.0000,0.0000,-65.5595,-18.3753,120.3501,0.0000,0.0000,0.0000,-0.061350,-0.019995,150.4814,0.000000,0.000000,0.0000,-0.024319,0.022275,112.2212,0.000000,0.000000,0.0000,-0.64632,-0.17755,-0.09671,-0.32271,-0.93156,0.59242,-0.60844,-0.76619,-1.39785,1.98378,-0.42395,0.54227,0.98930,-0.20414,1.09353,-0.31504,-1.47092,-6.02939,9.67341,-3.08769,-6.00745,4.20413,-6.00033,-6.04626,-12.07567,12.07248,-0.88458,3.27303,6.00034,-6.00034,6.03932,-6.00034,6.000,6.000,12.000,12.000,6.000,6.000,6.000,6.000,12.000,12.000,6.000,6.000,6.000,6.000,6.000,6.000,0.147686,0.324247,0.004194,0.057552,0.004194,0.069817,0.043394,0.085017,0.877009,0.302847,0.000000,1.000000,1.000000,0.000000,0.000000,0.000000,0.000000,0.602135,0.545954
2.1150,0.02773,0.12488,0.45986,0.97845,0.00240,-0.07054,0.19404,0.04408,0.09282,0.33021,0.31445,0.08867,0.05720,2,0.20340,0.08867,0.057828,-1.03149,17.5629,-0.0269,0.0214,0.2434,104.5550,-508.2253,207.0627,0,0.04900,0.01900,0.0000,0.0000,0.000000,0.000000,-119.8586,-144.9681,-41.7353,0.0000,0.0000,0.0000,-63.7280,-17.1269,104.8045,0.0000,0.0000,0.0000,-0.060474,-0.021675,150.6893,0.000000,0.000000,0.0000,-0.056642,0.028597,94.3192,0.000000,0.000000,0.0000,-0.64097,-0.28832,0.00135,-0.34936,-0.92911,0.58326,-0.61077,-0.93913,-1.58221,2.11564,-0.48450,0.51805,1.09893,-0.10581,1.08645,-0.30122,-2.07592,-9.41371,10.86266,-6.81149,-5.41435,6.61024,-2.01765,6.55918,19.31877,-12.78170,-12.19377,-0.79755,-6.14730,6.00170,5.47437,-6.00170,6.000,6.000,12.000,12.000,6.000,6.000,6.000,6.000,12.000,12.000,6.000,6.000,6.000,6.000,6.000,6.000,0.180632,0.288604,0.004194,0.057204,0.004194,0.069817,0.043394,0.085017,0.837406,0.290991,0.000000,1.000000,1.000000,0.000000,0.000000,0.000000,0.000000,0.592423,0.542271
2.1200,0.02814,0.12477,0.45724,0.97938,0.01360,-0.09321,0.17874,0.04574,0.09378,0.32978,0.31445,0.13942,0.05685,2,0.21694,0.13942,0.054906,-0.30214,-18.1127,-0.0217,0.0731,0.2734,56.0695,-324.0765,331.7384,0,0.04900,0.01900,0.7817,0.0000,0.130290,0.129499,-149.1709,-86.9149,-43.6574,44.9588,118.8427,270.9506,-64.8451,49.7089,95.2526,0.0000,0.0000,0.0000,-0.055577,-0.024145,150.3363,-0.048980,0.018998,270.9506,-0.090363,0.057245,106.5523,0.000000,0.000000,0.0000,-0.63340,-0.36831,0.09596,-0.35794,-0.93289,0.57653,-0.61049,-1.03270,-1.67771,2.15440,-0.58996,0.39899,1.15708,0.07658,1.05219,-0.28611,-1.55082,-7.41720,6.83093,-4.35434,-6.83664,5.02843,-7.85337,10.04667,29.84276,-16.31830,-17.10455,-6.32283,-7.47271,6.00014,-6.75084,-6.35634,6.000,6.000,12.000,12.000,6.000,6.000,6.000,6.000,12.000,12.000,6.000,6.000,6.000,6.000,6.000,6.000,0.205047,0.214290,0.004194,0.056847,0.004194,0.069817,0.043394,0.085017,0.725493,0.255206,0.000000,1.000000,1.000000,0.000000,0.000000,0.000000,0.000000,0.583264,0.518051
2.1250,0.02740,0.12551,0.45644,0.97949,0.01904,-0.11109,0.16702,0.04751,0.09490,0.32965,0.31445,0.18856,0.05648,2,0.22503,0.18856,0.054314,-0.01036,-46.1634,-0.0188,0.1284,0.3084,11.6310,-218.5836,357.2723,0,0.04900,0.01900,0.1693,0.0000,0.121940,0.113645,-168.2111,-26.7018,-35.8202,-7.2272,-19.2678,202.6393,-89.5183,126.1681,78.7412,0.0000,0.0000,0.0000,-0.053772,-0.025386,150.4271,-0.047427,0.009983,202.6393,-0.079292,0.041109,143.4786,0.000000,0.000000,0.0000,-0.62714,-0.41812,0.15744,-0.35114,-0.93864,0.56973,-0.59501,-1.07423,-1.69975,2.12363,-0.72389,0.21956,1.16903,0.28843,0.98200,-0.27062,3.42028,-7.87399,-11.62139,-4.22226,-7.40058,3.32565,-11.34875,10.33768,33.22706,-20.63649,-19.07151,-7.43937,-7.74577,6.14504,-6.67239,-6.00174,6.000,6.000,12.000,12.000,6.000,6.000,6.000,6.000,12.000,12.000,6.000,6.000,6.000,6.000,6.000,6.000,0.173497,0.185681,0.004194,0.056480,0.004194,0.069817,0.043394,0.085017,0.598641,0.212970,0.000000,1.000000,1.000000,0.000000,0.000000,0.000000,0.000000,0.576527,0.398987
2.1300,0.02587,0.12703,0.45687,0.97949,0.02059,-0.12288,0.15834,0.04924,0.09608,0.32994,0.31445,0.22590,0.05610,2,0.22973,0.22590,0.054682,0.13019,-39.5147,-0.0182,0.1822,0.3452,-10.5413,-115.1654,270.0070,1,0.04900,0.01900,0.8677,0.0000,0.113193,0.118565,-127.5247,57.8993,116.5503,-46.9528,-23.9040,101.2240,-106.9089,151.8513,25.0614,0.0000,0.0000,0.0000,-0.049053,-0.022040,149.9235,-0.046439,0.018713,101.2240,-0.087921,0.028389,150.4690,0.000000,0.000000,0.0000,-0.62163,-0.44489,0.18584,-0.33151,-0.94146,0.56149,-0.56924,-1.08135,-1.66399,2.02719,-0.86720,0.02124,1.14333,0.50780,0.88434,-0.25559,3.42028,-7.87399,-11.62139,-4.22226,-7.40058,3.32565,-11.34875,10.33768,33.22706,-20.63649,-19.07151,-7.43937,-7.74577,6.14504,-6.67239,-6.00174,6.000,6.000,12.000,12.000,6.000,6.000,6.000,6.000,12.000,12.000,6.000,6.000,6.000,6.000,6.000,6.000,0.105440,0.153876,0.004194,0.056102,0.004194,0.069817,0.043394,0.085017,0.383837,0.140749,0.000000,1.000000,1.000000,0.000000,0.000000,0.000000,0.000000,0.569728,0.219561
2.1350,0.02366,0.12915,0.45816,0.97949,0.01985,-0.13036,0.15234,0.05080,0.09719,0.33037,0.31445,0.24984,0.05571,2,0.23153,0.24984,0.055645,0.23418,-40.0338,-0.0185,0.2310,0.3797,-17.1945,-46.7416,199.6510,1,0.04900,0.01900,0.9407,0.0000,0.109388,0.117015,-99.9586,51.2838,103.4513,-41.3103,-12.0778,76.2687,-121.2766,138.2962,-22.5456,0.0000,0.0000,0.0000,-0.017222,0.003707,124.7019,-0.046461,0.018713,76.2687,-0.080570,-0.019442,150.7258,0.000000,0.000000,0.0000,-0.61593,-0.45650,0.19095,-0.30447,-0.94164,0.55275,-0.54535,-1.06548,-1.58867,1.85583,-0.96391,-0.18276,1.08800,0.72700,0.76758,-0.24145,3.42028,-7.87399,-11.62139,-4.22226,-7.40058,3.32565,-11.34875,10.33768,33.22706,-20.63649,-19.07151,-7.43937,-7.74577,6.14504,-6.67239,-6.00174,6.000,6.000,12.000,12.000,6.000,6.000,6.000,6.000,12.000,12.000,6.000,6.000,6.000,6.000,6.000,6.000,0.052433,0.156314,0.004194,0.055714,0.004194,0.069817,0.043394,0.085017,0.305407,0.111568,0.000000,1.000000,1.000000,0.000000,0.000000,0.000000,0.000000,0.561486,0.021245
2.1400,0.02086,0.13174,0.46002,0.97941,0.01774,-0.13514,0.14894,0.05221,0.09826,0.33084,0.31445,0.26449,0.05531,2,0.23136,0.26449,0.057069,0.32339,-54.6009,-0.0195,0.2750,0.4131,-24.4824,-3.4197,151.3754,1,0.04900,0.01900,1.1169,0.0000,0.107747,0.116761,-98.9520,45.7820,87.0748,-37.7797,-1.7300,56.4424,-139.9321,103.3992,-35.5373,0.0000,0.0000,0.0000,-0.024876,-0.019016,120.3963,-0.046826,0.018755,56.4424,-0.082726,-0.020064,151.1033,0.000000,0.000000,0.0000,-0.60989,-0.45840,0.18066,-0.27332,-0.93981,0.54434,-0.52942,-1.03561,-1.47830,1.60937,-1.02115,-0.38708,1.00902,0.94340,0.63793,-0.22845,3.42028,-7.87399,-11.62139,-4.22226,-7.40058,3.32565,-11.34875,10.33768,33.22706,-20.63649,-19.07151,-7.43937,-7.74577,6.14504,-6.67239,-6.00174,6.000,6.000,12.000,12.000,6.000,6.000,6.000,6.000,12.000,12.000,6.000,6.000,6.000,6.000,6.000,6.000,0.033113,0.173731,0.004194,0.055314,0.004194,0.069817,0.043394,0.085017,0.343360,0.121897,0.000000,1.000000,1.000000,0.000000,0.000000,0.000000,0.000000,0.552751,-0.182763
2.1450,0.01798,0.13471,0.46270,0.97914,0.01492,-0.13709,0.14920,0.05348,0.09933,0.33128,0.31445,0.27338,0.05490,2,0.23042,0.27338,0.058505,0.28640,-67.5707,-0.0209,0.6265,0.4465,-31.1797,26.3796,123.2620,0,0.04900,0.01900,1.1669,0.0000,0.107741,0.117365,-84.9084,8.6502,43.2708,-35.6727,0.0000,50.9610,-159.7656,73.8807,-42.4531,0.0000,0.0000,0.0000,-0.049434,0.019256,94.1992,-0.047438,0.018825,50.9610,-0.072361,0.019540,150.9605,0.000000,0.000000,0.0000,-0.60497,-0.45481,0.14054,-0.20796,-0.93602,0.53217,-0.51940,-1.00188,-1.33155,1.29970,-1.05150,-0.52059,0.92329,1.00983,0.52564,-0.21728,1.10590,-6.00174,-9.11095,7.89273,0.42118,-2.54072,-7.56358,7.08918,19.23723,-6.64540,-11.29345,-1.45655,-6.00014,-6.00014,6.00014,-6.00014,6.000,6.000,12.000,12.000,6.000,6.000,6.000,6.000,12.000,12.000,6.000,6.000,6.000,6.000,6.000,6.000,0.013927,0.182834,0.004194,0.054904,0.004194,0.069817,0.033391,0.085017,0.368590,0.128300,0.000000,1.000000,1.000000,0.000000,0.000000,0.000000,0.000000,0.544337,-0.387081
2.1500,0.01529,0.13787,0.46622,0.97824,0.01127,-0.13715,0.15527,0.05453,0.10040,0.33207,0.31445,0.27642,0.05448,2,0.22940,0.27642,0.059992,0.34345,-88.6156,-0.0223,0.8795,0.4800,-46.5046,53.1547,77.5743,1,0.04900,0.01900,0.3943,0.0000,0.108218,0.118055,-79.9281,-55.3549,1.0825,-46.6784,3.2972,197.8171,-172.9128,48.4118,-59.5519,0.0000,0.0000,0.0000,0.049001,0.019678,76.6076,-0.048034,0.018896,197.8171,-0.060428,0.021998,150.7254,0.000000,0.000000,0.0000,-0.60135,-0.44810,0.06737,-0.09281,-0.93028,0.51490,-0.51609,-0.96880,-1.14650,0.93605,-1.06340,-0.59233,0.83038,0.93569,0.45022,-0.20801,1.10590,-6.00174,-9.11095,7.89273,0.42118,-2.54072,-7.56358,7.08918,19.23723,-6.64540,-11.29345,-1.45655,-6.00014,-6.00014,6.00014,-6.00014,6.000,6.000,12.000,12.000,6.000,6.000,6.000,6.000,12.000,12.000,6.000,6.000,6.000,6.000,6.000,6.000,0.011576,0.195455,0.004194,0.054481,0.004194,0.069817,0.026340,0.085017,0.407722,0.141167,0.000000,1.000000,1.000000,0.000000,0.000000,0.000000,0.000000,0.532173,-0.520592
2.1550,0.01276,0.14090,0.47002,0.97628,0.00567,-0.13733,0.16731,0.05540,0.10151,0.33335,0.31445,0.27529,0.05405,2,0.22840,0.27529,0.061522,0.24471,-100.7356,-0.0237,0.3744,0.5147,-57.7238,88.4339,66.3126,0,0.04900,0.01900,0.3044,0.0000,0.108537,0.118678,-92.3435,-60.9684,-3.5398,-21.1033,18.8135,154.8252,-180.8176,18.5341,-78.6426,0.0000,0.0000,0.0000,0.033069,0.020320,84.3246,-0.048607,0.018962,154.8252,-0.060281,-0.019647,150.9926,0.000000,0.000000,0.0000,-0.59602,-0.43794,-0.03791,0.08671,-0.92258,0.49722,-0.51161,-0.93793,-0.93983,0.57720,-1.06250,-0.53281,0.73931,0.92772,0.40975,-0.20028,6.25379,6.01682,-10.54843,12.42625,2.27869,-0.52076,-6.88295,7.83876,17.84775,1.51406,-10.60889,5.69329,6.91796,6.00250,6.31592,-6.00252,6.000,6.000,12.000,12.000,6.000,6.000,6.000,6.000,12.000,12.000,6.000,6.000,6.000,6.000,6.000,6.000,0.023370,0.201659,0.004194,0.054047,0.004194,0.069817,0.043394,0.085017,0.428030,0.148853,0.000000,1.000000,1.000000,0.000000,0.000000,0.000000,0.000000,0.514896,-0.592334
2.1600,0.01062,0.14360,0.47306,0.97367,-0.00434,-0.14210,0.17823,0.05615,0.10270,0.33514,0.31445,0.27344,0.05360,2,0.22496,0.27344,0.064158,0.67636,-104.1377,-0.0252,0.3979,0.5517,-62.1152,149.8513,82.3573,0,0.04900,0.01900,0.0000,0.0000,0.000000,0.000000,-130.2919,-17.9394,-1.8706,0.0000,0.0000,0.0000,-176.1732,-16.3306,-87.9450,0.0000,0.0000,0.0000,-0.049010,-0.019010,112.7061,0.000000,0.000000,0.0000,-0.044820,-0.017306,150.4079,0.000000,0.000000,0.0000,-0.55898,-0.42411,-0.03885,0.12780,-0.91720,0.48148,-0.48013,-0.90188,-0.75475,0.35702,-1.05421,-0.37896,0.68067,1.01669,0.39424,-0.19181,-2.84175,0.12172,12.58120,-11.62927,-6.08293,1.86540,0.78711,6.00109,15.25162,12.90185,-9.91988,6.09360,6.12867,6.00111,6.16064,-2.76010,6.000,6.000,12.000,12.000,6.000,6.000,6.000,6.000,12.000,12.000,6.000,6.000,6.000,6.000,6.000,6.000,0.064808,0.191712,0.004194,0.053600,0.004194,0.069817,0.043394,0.085017,0.423858,0.150827,0.000000,1.000000,1.000000,0.000000,0.000000,0.000000,0.000000,0.497225,-0.532809
2.1650,0.00822,0.14606,0.47557,0.97103,-0.01790,-0.15131,0.18409,0.05692,0.10385,0.33677,0.31445,0.27876,0.05314,2,0.21751,0.27876,0.066816,0.47579,-112.0245,-0.0278,0.4221,0.5877,-64.7094,188.4910,210.0746,0,0.04900,0.01900,0.0000,0.0000,0.000000,0.000000,-121.8852,-31.0042,62.3917,0.0000,0.0000,0.0000,-177.9139,-48.9447,-76.1025,0.0000,0.0000,0.0000,-0.050088,-0.019110,138.4329,0.000000,0.000000,0.0000,-0.074204,0.019088,151.7437,0.000000,0.000000,0.0000,-0.47109,-0.40278,0.06568,0.04183,-0.91581,0.47022,-0.40814,-0.85739,-0.60008,0.29508,-1.04276,-0.26760,0.65225,1.15416,0.35690,-0.09816,2.49309,6.03872,12.41428,-0.55904,-5.50876,2.95238,0.52081,7.40701,15.74592,19.30512,-13.35417,0.54169,4.05613,6.00013,-5.81549,6.00013,6.000,6.000,12.000,12.000,6.000,6.000,6.000,6.000,12.000,12.000,6.000,6.000,6.000,6.000,6.000,6.000,0.133004,0.160501,0.004194,0.053141,0.004194,0.069817,0.043394,0.085017,0.463404,0.167684,0.000000,1.000000,1.000000,0.000000,0.000000,0.000000,0.000000,0.481480,-0.378962
2.1700,0.00532,0.14836,0.47752,0.96812,-0.03495,-0.16356,0.18648,0.05770,0.10497,0.33815,0.31445,0.29136,0.05267,2,0.20672,0.29136,0.068265,0.15439,-112.3083,-0.0305,0.4461,0.6225,-64.1978,232.2498,268.8710,1,0.04900,0.01900,0.0000,0.0000,0.000000,0.000000,-100.6510,-46.2826,35.5987,0.0000,0.0000,0.0000,-138.0258,-13.0913,-109.8048,0.0000,0.0000,0.0000,-0.049001,-0.019001,109.6484,0.000000,0.000000,0.0000,-0.064427,0.020632,151.2159,0.000000,0.000000,0.0000,-0.34507,-0.36224,0.20489,-0.05678,-0.91558,0.46229,-0.30056,-0.80034,-0.46085,0.34029,-1.03020,-0.22095,0.64764,1.31836,0.28638,0.07076,2.49309,6.03872,12.41428,-0.55904,-5.50876,2.95238,0.52081,7.40701,15.74592,19.30512,-13.35417,0.54169,4.05613,6.00013,-5.81549,6.00013,6.000,6.000,12.000,12.000,6.000,6.000,6.000,6.000,12.000,12.000,6.000,6.000,6.000,6.000,6.000,6.000,0.129194,0.128638,0.004194,0.052669,0.004194,0.069817,0.043394,0.085017,0.397499,0.146274,0.000000,1.000000,1.000000,0.000000,0.000000,0.000000,0.000000,0.470223,-0.267598
2.1750,0.00214,0.15034,0.47882,0.96415,-0.05490,-0.17959,0.18750,0.05843,0.10607,0.33930,0.31445,0.30853,0.05218,2,0.19435,0.30853,0.067669,-0.23602,-126.3227,-0.0319,0.4690,0.6567,-64.7955,276.1939,333.2856,1,0.04900,0.01900,0.0000,0.0000,0.000000,0.000000,-165.8957,3.4708,-6.4193,0.0000,0.0000,0.0000,-119.1512,38.8131,-144.0929,0.0000,0.0000,0.0000,-0.020384,0.019001,133.8167,0.000000,0.000000,0.0000,-0.051779,0.020239,150.5725,0.000000,0.000000,0.0000,-0.20273,-0.29563,0.34134,-0.11914,-0.91564,0.45647,-0.16394,-0.72600,-0.32287,0.45095,-1.01729,-0.19575,0.66618,1.49888,0.19642,0.26869,2.49309,6.03872,12.41428,-0.55904,-5.50876,2.95238,0.52081,7.40701,15.74592,19.30512,-13.35417,0.54169,4.05613,6.00013,-5.81549,6.00013,6.000,6.000,12.000,12.000,6.000,6.000,6.000,6.000,12.000,12.000,6.000,6.000,6.000,6.000,6.000,6.000,0.120095,0.083928,0.004194,0.052183,0.004194,0.069817,0.043394,0.085017,0.318715,0.120170,0.000000,1.000000,1.000000,0.000000,0.000000,0.000000,0.000000,0.462289,-0.220954
2.1800,-0.00101,0.15173,0.47929,0.95825,-0.07710,-0.20098,0.18819,0.05910,0.10715,0.34022,0.31445,0.33178,0.05168,2,0.18256,0.33178,0.065388,-0.50202,-139.7341,-0.0313,0.4900,1.8645,-70.2241,312.8939,418.3232,1,0.04900,0.01900,0.0000,0.0000,0.000000,0.000000,-177.4576,-4.5266,-2.1308,0.0000,0.0000,0.0000,-139.3992,55.5932,-135.1423,0.0000,0.0000,0.0000,-0.016322,0.024291,138.5128,0.000000,0.000000,0.0000,-0.072876,0.031340,153.0275,0.000000,0.000000,0.0000,-0.05622,-0.19714,0.47194,-0.15484,-0.91598,0.45216,-0.01054,-0.62355,-0.18387,0.59579,-1.00442,-0.17530,0.71008,1.69060,0.09469,0.47657,2.49309,6.03872,12.41428,-0.55904,-5.50876,2.95238,0.52081,7.40701,15.74592,19.30512,-13.35417,0.54169,4.05613,6.00013,-5.81549,6.00013,6.000,6.000,12.000,12.000,6.000,6.000,6.000,6.000,12.000,12.000,6.000,6.000,6.000,6.000,6.000,6.000,0.144945,0.044207,0.004194,0.051684,0.004194,0.069817,0.043394,0.047388,0.383051,0.140949,0.000000,1.000000,0.839373,0.160627,0.000000,0.000000,0.000000,0.456468,-0.195753
2.1850,-0.00373,0.15231,0.47872,0.94961,-0.10048,-0.22834,0.18974,0.05971,0.10823,0.34091,0.31445,0.36415,0.05117,2,0.17339,0.36415,0.062145,-0.64449,-152.9235,-0.0290,0.5090,5.3659,-75.1678,338.0389,528.9668,1,0.04900,0.01900,0.0000,0.0000,0.000000,0.000000,-195.9885,-20.1020,9.5614,0.0000,0.0000,0.0000,-167.7757,62.3451,-107.4863,0.0000,0.0000,0.0000,0.053894,0.036417,149.9429,0.000000,0.000000,0.0000,-0.104852,0.054286,156.8835,0.000000,0.000000,0.0000,0.07763,-0.06506,0.58810,-0.17011,-0.91609,0.44889,0.13927,-0.48330,-0.05469,0.75297,-0.99206,-0.15342,0.78078,1.88985,-0.01414,0.68615,2.49309,6.03872,12.41428,-0.55904,-5.50876,2.95238,0.52081,7.40701,15.74592,19.30512,-13.35417,0.54169,4.05613,6.00013,-5.81549,6.00013,6.000,6.000,12.000,12.000,6.000,6.000,6.000,6.000,12.000,12.000,6.000,6.000,6.000,6.000,6.000,6.000,0.202996,0.006641,0.004194,0.051170,0.004194,0.069817,0.043394,-0.063771,0.557206,0.203728,0.000000,1.000000,0.043294,0.956706,0.000000,0.000000,0.000000,0.452161,-0.175299
2.1900,-0.00565,0.15208,0.47733,0.93827,-0.12355,-0.25822,0.19421,0.06025,0.10931,0.34137,0.31445,0.40666,0.05064,2,0.16822,0.40666,0.058739,-0.43039,-145.6748,-0.0257,0.5258,6.0624,-76.2618,358.6703,620.2344,1,0.04900,0.01900,0.0000,0.0000,0.000000,0.000000,-191.8945,-43.5846,27.3736,0.0000,0.0000,0.0000,-190.9890,66.3126,-68.5322,0.0000,0.0000,0.0000,0.068008,0.061702,150.3946,0.000000,0.000000,0.0000,-0.117916,0.083660,159.3340,0.000000,0.000000,0.0000,0.18838,0.08866,0.66190,-0.15567,-0.91466,0.44714,0.26387,-0.30698,0.04397,0.91100,-0.98070,-0.12846,0.87236,2.09107,-0.12699,0.89240,2.49309,6.03872,12.41428,-0.55904,-5.50876,2.95238,0.52081,7.40701,15.74592,19.30512,-13.35417,0.54169,4.05613,6.00013,-5.81549,6.00013,6.000,6.000,12.000,12.000,6.000,6.000,6.000,6.000,12.000,12.000,6.000,6.000,6.000,6.000,6.000,6.000,0.259435,-0.029802,0.004194,0.050642,0.004194,0.069817,0.043394,-0.085017,0.731653,0.267617,0.000000,1.000000,0.000000,1.000000,0.000000,0.000000,0.000000,0.448889,-0.153416
2.1950,-0.00688,0.15111,0.47581,0.92471,-0.14142,-0.29083,0.20081,0.06073,0.11039,0.34172,0.31445,0.45177,0.05010,2,0.16748,0.45177,0.058195,0.22511,-136.7177,-0.0223,0.5409,6.0960,-76.7068,351.3687,661.0220,1,0.04900,0.01900,0.5623,0.0000,0.092690,0.122639,-156.2521,-34.0701,85.7368,-7.1344,-95.3057,283.3472,-202.1718,65.8397,-21.1122,0.0000,0.0000,0.0000,0.082059,0.074809,150.8924,-0.048795,0.018995,283.3472,-0.105231,0.103066,159.1344,0.000000,0.000000,0.0000,0.30683,0.24139,0.70479,-0.10397,-0.91255,0.43896,0.34328,-0.11532,0.11977,1.05561,-0.97075,-0.10115,0.97881,2.29151,-0.24690,1.09670,2.49309,6.03872,12.41428,-0.55904,-5.50876,2.95238,0.52081,7.40701,15.74592,19.30512,-13.35417,0.54169,4.05613,6.00013,-5.81549,6.00013,6.000,6.000,12.000,12.000,6.000,6.000,6.000,6.000,12.000,12.000,6.000,6.000,6.000,6.000,6.000,6.000,0.294122,-0.042243,0.004194,0.050099,0.004194,0.069817,0.043394,-0.085017,0.839523,0.304278,0.000000,1.000000,0.000000,1.000000,0.000000,0.000000,0.000000,0.447135,-0.128460
2.2000,-0.00709,0.15028,0.47468,0.90758,-0.15956,-0.32266,0.21618,0.06109,0.11127,0.34291,0.31445,0.50188,0.04954,2,0.16628,0.50188,0.057800,0.00178,-154.2267,-0.0217,0.5520,6.1234,-78.8137,273.7992,697.4198,0,0.04900,0.01900,0.0000,0.0000,0.000000,0.000000,-137.3551,-51.0795,94.2099,0.0000,0.0000,0.0000,-199.1121,63.1112,26.7766,0.0000,0.0000,0.0000,0.130999,0.087321,143.1701,0.000000,0.000000,0.0000,-0.087110,0.097699,156.9478,0.000000,0.000000,0.0000,0.37476,0.38935,0.67490,0.06111,-0.89194,0.34517,0.33596,0.08013,0.23802,1.07316,-0.96206,-0.17667,1.09238,2.35837,-0.31734,1.15939,-18.66703,34.69172,-27.66985,18.06398,4.77205,-16.04781,-17.08343,33.96586,27.00716,-22.79704,-11.36304,-17.76405,11.50131,-6.00124,7.55787,-3.87010,6.000,6.000,12.000,12.000,6.000,6.000,6.000,6.000,12.000,12.000,6.000,6.000,6.000,6.000,6.000,6.000,0.330214,-0.008661,0.004194,0.049541,0.004194,0.069817,0.043394,-0.085017,0.939066,0.331174,0.000000,1.000000,0.000000,1.000000,0.000000,0.000000,0.000000,0.438964,-0.101146
2.2050,-0.00643,0.14970,0.47374,0.88680,-0.18198,-0.34911,0.24204,0.06139,0.11221,0.34427,0.31445,0.54298,0.04897,2,0.16280,0.54298,0.058455,0.60132,-140.5785,-0.0213,0.5615,3.6911,-84.2597,442.0823,659.7742,1,0.04900,0.01900,0.0000,0.0000,0.000000,0.000000,-167.5164,-90.8861,92.4704,0.0000,0.0000,0.0000,-202.6980,53.8748,49.4145,0.0000,0.0000,0.0000,0.127683,0.110575,154.4820,0.000000,0.000000,0.0000,-0.138872,0.039656,157.9032,0.000000,0.000000,0.0000,0.38691,0.52714,0.55798,0.34323,-0.81796,0.18771,0.24551,0.26227,0.42800,0.92767,-0.95409,-0.33587,1.16540,2.29101,-0.32634,1.09686,-18.66703,34.69172,-27.66985,18.06398,4.77205,-16.04781,-17.08343,33.96586,27.00716,-22.79704,-11.36304,-17.76405,11.50131,-6.00124,7.55787,-3.87010,6.000,6.000,12.000,12.000,6.000,6.000,6.000,6.000,12.000,12.000,6.000,6.000,6.000,6.000,6.000,6.000,0.402134,0.023659,0.004194,0.048966,0.004194,0.069817,0.043394,-0.006105,1.154618,0.398743,0.000000,1.000000,0.456276,0.543724,0.000000,0.000000,0.000000,0.345170,-0.176673
